Time,Delta Time,Length,Source IEEE,Destination IEEE,FCF IEEE,Sequence Number,Source Zigbee,Destination Zigbee,FCF Zigbee,Payload Length,Extended Source,File
"Nov 28, 2023 17:31:28.000000",,57,,,,,,,,,,physicalInteraction7.pcapng
"Nov 28, 2023 17:31:28.002206",0.002206,5,,,0x0002,211,,,,,,physicalInteraction7.pcapng
"Nov 28, 2023 17:31:28.388677",0.386471,59,0x4308,0xffff,0x8841,233,0x4308,0xfffc,0x1209,,,physicalInteraction7.pcapng
"Nov 28, 2023 17:31:29.036156",0.647479,59,0x4308,0xffff,0x8841,251,,,,,,physicalInteraction7.pcapng
"Nov 28, 2023 17:31:29.354673",0.318517,59,0x4308,0xffff,0x8841,236,0x4308,0xfffc,0x1209,,,physicalInteraction7.pcapng
"Nov 28, 2023 17:31:30.618116",1.263443,71,0x4e11,0xffff,0x8841,87,0x4e11,0xfffc,0x1209,,,physicalInteraction7.pcapng
"Nov 28, 2023 17:31:31.166370",0.548254,71,0x3d95,0xffff,0x8841,251,0x3d95,0xfffc,0x1209,,,physicalInteraction7.pcapng
"Nov 28, 2023 17:31:31.397691",0.231321,59,0x4308,0xffff,0x8841,237,0x4308,0xfffc,0x1209,,,physicalInteraction7.pcapng
"Nov 28, 2023 17:31:31.724128",0.326437,59,0x4308,0xffff,0x8841,238,0x4308,0xfffc,0x1209,,,physicalInteraction7.pcapng
"Nov 28, 2023 17:31:32.043941",0.319813,59,0x4308,0xffff,0x8841,239,0x4308,0xfffc,0x1209,,,physicalInteraction7.pcapng
"Nov 28, 2023 17:31:32.363154",0.319213,59,0x4308,0xffff,0x8841,240,0x4308,0xfffc,0x1209,,,physicalInteraction7.pcapng
"Nov 28, 2023 17:31:33.504579",1.141425,71,0x0000,0xffff,0x8841,142,0x0000,0xfffc,0x1209,,,physicalInteraction7.pcapng
"Nov 28, 2023 17:31:37.665425",4.160846,68,0xe1a6,0xffff,0x8841,101,0xe1a6,0xfffc,0x1209,,,physicalInteraction7.pcapng
"Nov 28, 2023 17:31:38.970057",1.304632,71,0x0112,0xffff,0x8841,106,0x0112,0xfffc,0x1209,,,physicalInteraction7.pcapng
"Nov 28, 2023 17:31:39.739361",0.769304,65,0x1e15,0xffff,0x8841,24,0x1e15,0xfffc,0x1209,,,physicalInteraction7.pcapng
"Nov 28, 2023 17:31:39.822188",,52,,,,,,,,,,physicalInteraction7.pcapng
"Nov 28, 2023 17:31:39.824204",0.002016,5,,,0x0002,143,,,,,,physicalInteraction7.pcapng
"Nov 28, 2023 17:31:39.831728",,63,,,,,,,,,,physicalInteraction7.pcapng
"Nov 28, 2023 17:31:39.834126",0.002398,5,,,0x0002,102,,,,,,physicalInteraction7.pcapng
"Nov 28, 2023 17:31:39.857834",,52,,,,,,,,,,physicalInteraction7.pcapng
"Nov 28, 2023 17:31:39.859867",0.002033,5,,,0x0002,144,,,,,,physicalInteraction7.pcapng
"Nov 28, 2023 17:31:39.863644",,52,,,,,,,,,,physicalInteraction7.pcapng
"Nov 28, 2023 17:31:39.865660",0.002016,5,,,0x0002,132,,,,,,physicalInteraction7.pcapng
"Nov 28, 2023 17:31:39.869390",,45,,,,,,,,,,physicalInteraction7.pcapng
"Nov 28, 2023 17:31:39.871182",0.001792,5,,,0x0002,145,,,,,,physicalInteraction7.pcapng
"Nov 28, 2023 17:31:39.873420",,63,,,,,,,,,,physicalInteraction7.pcapng
"Nov 28, 2023 17:31:39.875819",0.002399,5,,,0x0002,252,,,,,,physicalInteraction7.pcapng
"Nov 28, 2023 17:31:39.877699",,54,,,,,,,,,,physicalInteraction7.pcapng
"Nov 28, 2023 17:31:39.879771",0.002072,5,,,0x0002,146,,,,,,physicalInteraction7.pcapng
"Nov 28, 2023 17:31:39.887463",,66,,,,,,,,,,physicalInteraction7.pcapng
"Nov 28, 2023 17:31:39.889958",0.002495,5,,,0x0002,103,,,,,,physicalInteraction7.pcapng
"Nov 28, 2023 17:31:39.912520",,45,,,,,,,,,,physicalInteraction7.pcapng
"Nov 28, 2023 17:31:39.914329",0.001809,5,,,0x0002,147,,,,,,physicalInteraction7.pcapng
"Nov 28, 2023 17:31:39.916828",,45,,,,,,,,,,physicalInteraction7.pcapng
"Nov 28, 2023 17:31:39.918622",0.001794,5,,,0x0002,133,,,,,,physicalInteraction7.pcapng
"Nov 28, 2023 17:31:39.924263",,54,,,,,,,,,,physicalInteraction7.pcapng
"Nov 28, 2023 17:31:39.926360",0.002097,5,,,0x0002,148,,,,,,physicalInteraction7.pcapng
"Nov 28, 2023 17:31:39.928625",,54,,,,,,,,,,physicalInteraction7.pcapng
"Nov 28, 2023 17:31:39.930694",0.002069,5,,,0x0002,134,,,,,,physicalInteraction7.pcapng
"Nov 28, 2023 17:31:39.937150",,45,,,,,,,,,,physicalInteraction7.pcapng
"Nov 28, 2023 17:31:39.943692",,66,,,,,,,,,,physicalInteraction7.pcapng
"Nov 28, 2023 17:31:39.946187",0.002495,5,,,0x0002,253,,,,,,physicalInteraction7.pcapng
"Nov 28, 2023 17:31:39.947427",,45,,,,,,,,,,physicalInteraction7.pcapng
"Nov 28, 2023 17:31:39.954309",,66,,,,,,,,,,physicalInteraction7.pcapng
"Nov 28, 2023 17:31:39.956804",0.002495,5,,,0x0002,253,,,,,,physicalInteraction7.pcapng
"Nov 28, 2023 17:31:39.962139",,45,,,,,,,,,,physicalInteraction7.pcapng
"Nov 28, 2023 17:31:39.966801",,45,,,,,,,,,,physicalInteraction7.pcapng
"Nov 28, 2023 17:31:39.972562",0.005761,107,0x3d95,0x0000,0x886b,254,,,,,,physicalInteraction7.pcapng
"Nov 28, 2023 17:31:39.977855",,66,,,,,,,,,,physicalInteraction7.pcapng
"Nov 28, 2023 17:31:39.980350",0.002495,5,,,0x0002,254,,,,,,physicalInteraction7.pcapng
"Nov 28, 2023 17:31:39.984527",,54,,,,,,,,,,physicalInteraction7.pcapng
"Nov 28, 2023 17:31:39.990226",0.005699,54,0x711c,0xb1bf,0x8861,205,,,,,,physicalInteraction7.pcapng
"Nov 28, 2023 17:31:39.993910",,54,,,,,,,,,,physicalInteraction7.pcapng
"Nov 28, 2023 17:31:39.996052",,66,,,,,,,,,,physicalInteraction7.pcapng
"Nov 28, 2023 17:31:39.999194",,54,,,,,,,,,,physicalInteraction7.pcapng
"Nov 28, 2023 17:31:40.001369",,66,,,,,,,,,,physicalInteraction7.pcapng
"Nov 28, 2023 17:31:40.004406",,54,,,,,,,,,,physicalInteraction7.pcapng
"Nov 28, 2023 17:31:40.009105",,66,,,,,,,,,,physicalInteraction7.pcapng
"Nov 28, 2023 17:31:40.011600",0.002495,5,,,0x0002,0,,,,,,physicalInteraction7.pcapng
"Nov 28, 2023 17:31:40.013337",,52,,,,,,,,,,physicalInteraction7.pcapng
"Nov 28, 2023 17:31:40.021940",0.008603,106,0xb1bf,0x0000,0x886a,26,,,,,,physicalInteraction7.pcapng
"Nov 28, 2023 17:31:40.026771",,52,,,,,,,,,,physicalInteraction7.pcapng
"Nov 28, 2023 17:31:40.029958",,52,,,,,,,,,,physicalInteraction7.pcapng
"Nov 28, 2023 17:31:40.035367",0.005409,52,0x711c,0xb1bf,0x8861,206,,,,,,physicalInteraction7.pcapng
"Nov 28, 2023 17:31:40.037147",,66,,,,,,,,,,physicalInteraction7.pcapng
"Nov 28, 2023 17:31:40.039674",0.002527,52,0x711c,0xb1bf,0x8861,206,,,,,,physicalInteraction7.pcapng
"Nov 28, 2023 17:31:40.044647",,52,,,,,,,,,,physicalInteraction7.pcapng
"Nov 28, 2023 17:31:40.049580",,66,,,,,,,,,,physicalInteraction7.pcapng
"Nov 28, 2023 17:31:40.052075",0.002495,5,,,0x0002,27,,,,,,physicalInteraction7.pcapng
"Nov 28, 2023 17:31:40.054629",,66,,,,,,,,,,physicalInteraction7.pcapng
"Nov 28, 2023 17:31:40.058104",,45,,,,,,,,,,physicalInteraction7.pcapng
"Nov 28, 2023 17:31:40.059913",0.001809,5,,,0x0002,152,,,,,,physicalInteraction7.pcapng
"Nov 28, 2023 17:31:40.063282",,52,,,,,,,,,,physicalInteraction7.pcapng
"Nov 28, 2023 17:31:40.066641",0.003359,52,0x700c,0xb1bf,0x8861,206,,,,,,physicalInteraction7.pcapng
"Nov 28, 2023 17:31:40.069597",,45,,,,,,,,,,physicalInteraction7.pcapng
"Nov 28, 2023 17:31:40.071407",0.001810,5,,,0x0002,153,,,,,,physicalInteraction7.pcapng
"Nov 28, 2023 17:31:40.072125",,66,,,,,,,,,,physicalInteraction7.pcapng
"Nov 28, 2023 17:31:40.074620",0.002495,5,,,0x0002,28,,,,,,physicalInteraction7.pcapng
"Nov 28, 2023 17:31:40.079423",,45,,,,,,,,,,physicalInteraction7.pcapng
"Nov 28, 2023 17:31:40.081215",0.001792,5,,,0x0002,135,,,,,,physicalInteraction7.pcapng
"Nov 28, 2023 17:31:40.082439",,45,,,,,,,,,,physicalInteraction7.pcapng
"Nov 28, 2023 17:31:40.084231",0.001792,5,,,0x0002,136,,,,,,physicalInteraction7.pcapng
"Nov 28, 2023 17:31:40.093527",,45,,,,,,,,,,physicalInteraction7.pcapng
"Nov 28, 2023 17:31:40.095320",0.001793,5,,,0x0002,154,,,,,,physicalInteraction7.pcapng
"Nov 28, 2023 17:31:40.101633",,45,,,,,,,,,,physicalInteraction7.pcapng
"Nov 28, 2023 17:31:40.103443",0.001810,5,,,0x0002,155,,,,,,physicalInteraction7.pcapng
"Nov 28, 2023 17:31:40.105636",,45,,,,,,,,,,physicalInteraction7.pcapng
"Nov 28, 2023 17:31:40.107428",0.001792,5,,,0x0002,137,,,,,,physicalInteraction7.pcapng
"Nov 28, 2023 17:31:40.109083",,54,,,,,,,,,,physicalInteraction7.pcapng
"Nov 28, 2023 17:31:40.111195",0.002112,5,,,0x0002,156,,,,,,physicalInteraction7.pcapng
"Nov 28, 2023 17:31:40.112629",,52,,,,,,,,,,physicalInteraction7.pcapng
"Nov 28, 2023 17:31:40.114637",0.002008,5,,,0x0002,207,,,,,,physicalInteraction7.pcapng
"Nov 28, 2023 17:31:40.119945",,45,,,,,,,,,,physicalInteraction7.pcapng
"Nov 28, 2023 17:31:40.124564",,45,,,,,,,,,,physicalInteraction7.pcapng
"Nov 28, 2023 17:31:40.126357",0.001793,5,,,0x0002,208,,,,,,physicalInteraction7.pcapng
"Nov 28, 2023 17:31:40.127287",,63,,,,,,,,,,physicalInteraction7.pcapng
"Nov 28, 2023 17:31:40.129686",0.002399,5,,,0x0002,29,,,,,,physicalInteraction7.pcapng
"Nov 28, 2023 17:31:40.139427",,45,,,,,,,,,,physicalInteraction7.pcapng
"Nov 28, 2023 17:31:40.141250",0.001823,5,,,0x0002,157,,,,,,physicalInteraction7.pcapng
"Nov 28, 2023 17:31:40.146629",,45,,,,,,,,,,physicalInteraction7.pcapng
"Nov 28, 2023 17:31:40.148452",0.001823,5,,,0x0002,158,,,,,,physicalInteraction7.pcapng
"Nov 28, 2023 17:31:40.151224",,45,,,,,,,,,,physicalInteraction7.pcapng
"Nov 28, 2023 17:31:40.153017",0.001793,5,,,0x0002,209,,,,,,physicalInteraction7.pcapng
"Nov 28, 2023 17:31:40.154382",,52,,,,,,,,,,physicalInteraction7.pcapng
"Nov 28, 2023 17:31:40.156429",0.002047,5,,,0x0002,159,,,,,,physicalInteraction7.pcapng
"Nov 28, 2023 17:31:40.165451",,45,,,,,,,,,,physicalInteraction7.pcapng
"Nov 28, 2023 17:31:40.167274",0.001823,5,,,0x0002,160,,,,,,physicalInteraction7.pcapng
"Nov 28, 2023 17:31:40.170225",,45,,,,,,,,,,physicalInteraction7.pcapng
"Nov 28, 2023 17:31:40.172017",0.001792,5,,,0x0002,210,,,,,,physicalInteraction7.pcapng
"Nov 28, 2023 17:31:40.388923",0.216906,59,0x4308,0xffff,0x8841,241,0x4308,0xfffc,0x1209,,,physicalInteraction7.pcapng
"Nov 28, 2023 17:31:40.709514",0.320591,59,0x4308,0xffff,0x8841,242,,,,,,physicalInteraction7.pcapng
"Nov 28, 2023 17:31:40.913461",0.203947,71,0xb1bf,0xffff,0x8841,30,0xb1bf,0xfffc,0x1209,,,physicalInteraction7.pcapng
"Nov 28, 2023 17:31:41.348814",0.435353,59,0x4308,0xffff,0x8841,244,0x4308,0xfffc,0x1209,,,physicalInteraction7.pcapng
"Nov 28, 2023 17:31:42.435646",1.086832,71,0xec7f,0xffff,0x8841,138,0xec7f,0xfffc,0x1209,,,physicalInteraction7.pcapng
"Nov 28, 2023 17:31:42.625596",0.189950,47,0x4308,0xffff,0x8841,245,0x4308,0xfffc,0x1209,,,physicalInteraction7.pcapng
"Nov 28, 2023 17:31:43.651410",1.025814,71,0x711c,0xffff,0x8841,211,0x711c,0xfffc,0x1209,,,physicalInteraction7.pcapng
"Nov 28, 2023 17:31:43.706976",0.055566,59,0x4308,0xffff,0x8841,247,0x4308,0xfffc,0x1209,,,physicalInteraction7.pcapng
"Nov 28, 2023 17:31:44.026871",0.319895,59,0x4308,0xffff,0x8841,248,,,,,,physicalInteraction7.pcapng
"Nov 28, 2023 17:31:44.346099",0.319228,59,0x4308,0xffff,0x8841,249,,,,,,physicalInteraction7.pcapng
"Nov 28, 2023 17:31:46.125220",1.779121,71,0x3d95,0xffff,0x8841,1,0x3d95,0xfffc,0x1209,,,physicalInteraction7.pcapng
"Nov 28, 2023 17:31:48.215296",2.090076,71,0x4e11,0xffff,0x8841,88,0x4e11,0xfffc,0x1209,,,physicalInteraction7.pcapng
"Nov 28, 2023 17:31:48.734698",0.519402,71,0x0000,0xffff,0x8841,161,0x0000,0xfffc,0x1209,,,physicalInteraction7.pcapng
"Nov 28, 2023 17:31:52.392342",3.657644,59,0x4308,0xffff,0x8841,250,0x4308,0xfffc,0x1209,,,physicalInteraction7.pcapng
"Nov 28, 2023 17:31:52.711606",0.319264,59,0x4308,0xffff,0x8841,251,0x4308,0xfffc,0x1209,,,physicalInteraction7.pcapng
"Nov 28, 2023 17:31:52.749355",0.037749,71,0xe1a6,0xffff,0x8841,104,0xe1a6,0xfffc,0x1209,,,physicalInteraction7.pcapng
"Nov 28, 2023 17:31:53.031736",0.282381,59,0x4308,0xffff,0x8841,252,0x4308,0xfffc,0x1209,,,physicalInteraction7.pcapng
"Nov 28, 2023 17:31:53.974829",0.943093,71,0x0112,0xffff,0x8841,107,0x0112,0xfffc,0x1209,,,physicalInteraction7.pcapng
"Nov 28, 2023 17:31:54.811339",0.836510,65,0x1e15,0xffff,0x8841,25,0x1e15,0xfffc,0x1209,,,physicalInteraction7.pcapng
"Nov 28, 2023 17:31:55.396203",0.584864,59,0x4308,0xffff,0x8841,254,,,,,,physicalInteraction7.pcapng
"Nov 28, 2023 17:31:55.719467",0.323264,59,0x4308,0xffff,0x8841,255,,,,,,physicalInteraction7.pcapng
"Nov 28, 2023 17:31:55.738934",,50,,,,,,,,,,physicalInteraction7.pcapng
"Nov 28, 2023 17:31:55.740917",0.001983,5,,,0x0002,162,,,,,,physicalInteraction7.pcapng
"Nov 28, 2023 17:31:55.745857",0.004940,55,0x711c,0x0000,0x8861,212,0x711c,0x0000,0x1a09,,,physicalInteraction7.pcapng
"Nov 28, 2023 17:31:55.748000",0.002143,5,,,0x0002,212,,,,,,physicalInteraction7.pcapng
"Nov 28, 2023 17:31:55.792762",,53,,,,,,,,,,physicalInteraction7.pcapng
"Nov 28, 2023 17:31:55.794841",0.002079,5,,,0x0002,213,,,,,,physicalInteraction7.pcapng
"Nov 28, 2023 17:31:55.836124",,50,,,,,,,,,,physicalInteraction7.pcapng
"Nov 28, 2023 17:31:55.838107",0.001983,5,,,0x0002,163,,,,,,physicalInteraction7.pcapng
"Nov 28, 2023 17:31:55.843509",0.005402,55,0x711c,0x0000,0x8861,214,0x711c,0x0000,0x1a09,,,physicalInteraction7.pcapng
"Nov 28, 2023 17:31:55.845651",0.002142,5,,,0x0002,214,,,,,,physicalInteraction7.pcapng
"Nov 28, 2023 17:31:55.890958",,53,,,,,,,,,,physicalInteraction7.pcapng
"Nov 28, 2023 17:31:55.893036",0.002078,5,,,0x0002,215,,,,,,physicalInteraction7.pcapng
"Nov 28, 2023 17:31:55.940302",0.047266,71,0xb1bf,0xffff,0x8841,31,0xb1bf,0xfffc,0x1209,,,physicalInteraction7.pcapng
"Nov 28, 2023 17:31:56.359825",0.419523,59,0x4308,0xffff,0x8841,1,,,,,,physicalInteraction7.pcapng
"Nov 28, 2023 17:31:57.657579",1.297754,47,0x4308,0xffff,0x8842,2,,,,,,physicalInteraction7.pcapng
"Nov 28, 2023 17:31:57.997864",0.340285,71,0x711c,0xffff,0x8841,216,0x711c,0xfffc,0x1209,,,physicalInteraction7.pcapng
"Nov 28, 2023 17:31:58.736756",0.738892,71,0xec7f,0xffff,0x8841,139,0xec7f,0xfffc,0x1209,,,physicalInteraction7.pcapng
"Nov 28, 2023 17:32:01.156122",2.419366,71,0x3d95,0xffff,0x8841,2,0x3d95,0xfffc,0x1209,,,physicalInteraction7.pcapng
"Nov 28, 2023 17:32:01.785051",,54,,,,,,,,,,physicalInteraction7.pcapng
"Nov 28, 2023 17:32:01.787161",0.002110,5,,,0x0002,95,,,,,,physicalInteraction7.pcapng
"Nov 28, 2023 17:32:02.082344",,54,,,,,,,,,,physicalInteraction7.pcapng
"Nov 28, 2023 17:32:02.084455",0.002111,5,,,0x0002,180,,,,,,physicalInteraction7.pcapng
"Nov 28, 2023 17:32:02.087861",0.003406,57,0x711c,0x0000,0x8861,217,0xd0bb,0x0000,0x1a09,,,physicalInteraction7.pcapng
"Nov 28, 2023 17:32:02.090068",0.002207,5,,,0x0002,217,,,,,,physicalInteraction7.pcapng
"Nov 28, 2023 17:32:02.137898",,54,,,,,,,,,,physicalInteraction7.pcapng
"Nov 28, 2023 17:32:02.140009",0.002111,5,,,0x0002,218,,,,,,physicalInteraction7.pcapng
"Nov 28, 2023 17:32:04.396652",2.256643,59,,,0x8441,3,,,,,,physicalInteraction7.pcapng
"Nov 28, 2023 17:32:04.715399",0.318747,59,0x4308,0xffff,0x8841,4,0x4308,0xfffc,0x1209,,,physicalInteraction7.pcapng
"Nov 28, 2023 17:32:04.839785",0.124386,71,0x4e11,0xffff,0x8841,89,0x4e11,0xfffc,0x1209,,,physicalInteraction7.pcapng
"Nov 28, 2023 17:32:05.159582",0.319797,71,0x0000,0xffff,0x8841,164,0x0000,0xfffc,0x1209,,,physicalInteraction7.pcapng
"Nov 28, 2023 17:32:05.356626",0.197044,59,0x4308,0xffff,0x8841,6,0x4308,0xfffc,0x1209,,,physicalInteraction7.pcapng
"Nov 28, 2023 17:32:06.492289",,60,,,,,,,,,,physicalInteraction7.pcapng
"Nov 28, 2023 17:32:06.494592",0.002303,5,,,0x0002,3,,,,,,physicalInteraction7.pcapng
"Nov 28, 2023 17:32:06.537609",,50,,,,,,,,,,physicalInteraction7.pcapng
"Nov 28, 2023 17:32:06.539579",0.001970,5,,,0x0002,165,,,,,,physicalInteraction7.pcapng
"Nov 28, 2023 17:32:06.543347",,50,,,,,,,,,,physicalInteraction7.pcapng
"Nov 28, 2023 17:32:06.545300",0.001953,5,,,0x0002,140,,,,,,physicalInteraction7.pcapng
"Nov 28, 2023 17:32:06.550609",,45,,,,,,,,,,physicalInteraction7.pcapng
"Nov 28, 2023 17:32:06.552431",0.001822,5,,,0x0002,4,,,,,,physicalInteraction7.pcapng
"Nov 28, 2023 17:32:07.722551",1.170120,71,0xe1a6,0xffff,0x8841,105,0xe1a6,0xfffc,0x1209,,,physicalInteraction7.pcapng
"Nov 28, 2023 17:32:08.404617",0.682066,59,0x4308,0xffff,0x8841,10,0x4308,0xfffc,0x1209,,,physicalInteraction7.pcapng
"Nov 28, 2023 17:32:08.980881",0.576264,71,0x0112,0xffff,0x8841,108,0x0112,0xfffc,0x1209,,,physicalInteraction7.pcapng
"Nov 28, 2023 17:32:09.730386",0.749505,65,0x1e15,0xffff,0x8841,26,0x1e15,0xfffc,0x1209,,,physicalInteraction7.pcapng
"Nov 28, 2023 17:32:09.827158",,52,,,,,,,,,,physicalInteraction7.pcapng
"Nov 28, 2023 17:32:09.829172",0.002014,5,,,0x0002,166,,,,,,physicalInteraction7.pcapng
"Nov 28, 2023 17:32:09.837321",,63,,,,,,,,,,physicalInteraction7.pcapng
"Nov 28, 2023 17:32:09.839720",0.002399,5,,,0x0002,106,,,,,,physicalInteraction7.pcapng
"Nov 28, 2023 17:32:09.861932",,52,,,,,,,,,,physicalInteraction7.pcapng
"Nov 28, 2023 17:32:09.863965",0.002033,5,,,0x0002,167,,,,,,physicalInteraction7.pcapng
"Nov 28, 2023 17:32:09.867101",,52,,,,,,,,,,physicalInteraction7.pcapng
"Nov 28, 2023 17:32:09.869106",0.002005,5,,,0x0002,141,,,,,,physicalInteraction7.pcapng
"Nov 28, 2023 17:32:09.873333",,45,,,,,,,,,,physicalInteraction7.pcapng
"Nov 28, 2023 17:32:09.875125",0.001792,5,,,0x0002,168,,,,,,physicalInteraction7.pcapng
"Nov 28, 2023 17:32:09.876949",,63,,,,,,,,,,physicalInteraction7.pcapng
"Nov 28, 2023 17:32:09.879348",0.002399,5,,,0x0002,5,,,,,,physicalInteraction7.pcapng
"Nov 28, 2023 17:32:09.889361",,54,,,,,,,,,,physicalInteraction7.pcapng
"Nov 28, 2023 17:32:09.891441",0.002080,5,,,0x0002,169,,,,,,physicalInteraction7.pcapng
"Nov 28, 2023 17:32:09.899585",,66,,,,,,,,,,physicalInteraction7.pcapng
"Nov 28, 2023 17:32:09.902080",0.002495,5,,,0x0002,107,,,,,,physicalInteraction7.pcapng
"Nov 28, 2023 17:32:09.922448",,54,,,,,,,,,,physicalInteraction7.pcapng
"Nov 28, 2023 17:32:09.924545",0.002097,5,,,0x0002,170,,,,,,physicalInteraction7.pcapng
"Nov 28, 2023 17:32:09.928409",,54,,,,,,,,,,physicalInteraction7.pcapng
"Nov 28, 2023 17:32:09.930491",0.002082,5,,,0x0002,142,,,,,,physicalInteraction7.pcapng
"Nov 28, 2023 17:32:09.938145",,66,,,,,,,,,,physicalInteraction7.pcapng
"Nov 28, 2023 17:32:09.940640",0.002495,5,,,0x0002,6,,,,,,physicalInteraction7.pcapng
"Nov 28, 2023 17:32:09.942005",,45,,,,,,,,,,physicalInteraction7.pcapng
"Nov 28, 2023 17:32:09.955865",,45,,,,,,,,,,physicalInteraction7.pcapng
"Nov 28, 2023 17:32:09.957674",0.001809,5,,,0x0002,171,,,,,,physicalInteraction7.pcapng
"Nov 28, 2023 17:32:09.964006",,54,,,,,,,,,,physicalInteraction7.pcapng
"Nov 28, 2023 17:32:09.966117",0.002111,5,,,0x0002,172,,,,,,physicalInteraction7.pcapng
"Nov 28, 2023 17:32:09.967579",,45,,,,,,,,,,physicalInteraction7.pcapng
"Nov 28, 2023 17:32:09.969372",0.001793,5,,,0x0002,143,,,,,,physicalInteraction7.pcapng
"Nov 28, 2023 17:32:09.970849",,54,,,,,,,,,,physicalInteraction7.pcapng
"Nov 28, 2023 17:32:09.972918",0.002069,5,,,0x0002,219,,,,,,physicalInteraction7.pcapng
"Nov 28, 2023 17:32:09.975609",,45,,,,,,,,,,physicalInteraction7.pcapng
"Nov 28, 2023 17:32:09.977400",0.001791,5,,,0x0002,173,,,,,,physicalInteraction7.pcapng
"Nov 28, 2023 17:32:09.980170",0.002770,106,0xb1bf,0x0000,0x886a,32,,,,,,physicalInteraction7.pcapng
"Nov 28, 2023 17:32:09.982664",0.002494,5,,,0x0002,32,,,,,,physicalInteraction7.pcapng
"Nov 28, 2023 17:32:09.983584",,52,,,,,,,,,,physicalInteraction7.pcapng
"Nov 28, 2023 17:32:09.985631",0.002047,5,,,0x0002,174,,,,,,physicalInteraction7.pcapng
"Nov 28, 2023 17:32:09.990085",,52,,,,,,,,,,physicalInteraction7.pcapng
"Nov 28, 2023 17:32:09.992092",0.002007,5,,,0x0002,220,,,,,,physicalInteraction7.pcapng
"Nov 28, 2023 17:32:09.999207",,63,,,,,,,,,,physicalInteraction7.pcapng
"Nov 28, 2023 17:32:10.001606",0.002399,5,,,0x0002,33,,,,,,physicalInteraction7.pcapng
"Nov 28, 2023 17:32:10.006024",,45,,,,,,,,,,physicalInteraction7.pcapng
"Nov 28, 2023 17:32:10.007834",0.001810,5,,,0x0002,175,,,,,,physicalInteraction7.pcapng
"Nov 28, 2023 17:32:10.011622",,45,,,,,,,,,,physicalInteraction7.pcapng
"Nov 28, 2023 17:32:10.013414",0.001792,5,,,0x0002,144,,,,,,physicalInteraction7.pcapng
"Nov 28, 2023 17:32:10.018216",,45,,,,,,,,,,physicalInteraction7.pcapng
"Nov 28, 2023 17:32:10.020039",0.001823,5,,,0x0002,176,,,,,,physicalInteraction7.pcapng
"Nov 28, 2023 17:32:10.023771",,45,,,,,,,,,,physicalInteraction7.pcapng
"Nov 28, 2023 17:32:10.026609",,45,,,,,,,,,,physicalInteraction7.pcapng
"Nov 28, 2023 17:32:10.028432",0.001823,5,,,0x0002,177,,,,,,physicalInteraction7.pcapng
"Nov 28, 2023 17:32:10.030880",,45,,,,,,,,,,physicalInteraction7.pcapng
"Nov 28, 2023 17:32:10.032672",0.001792,5,,,0x00c2,222,,,,,,physicalInteraction7.pcapng
"Nov 28, 2023 17:32:10.992419",0.959747,106,0xb1bf,0xffff,0x886a,34,,,,,,physicalInteraction7.pcapng
"Nov 28, 2023 17:32:13.907342",2.914923,71,0x711c,0xffff,0x8841,223,0x711c,0xfffc,0x1209,,,physicalInteraction7.pcapng
"Nov 28, 2023 17:32:13.979537",0.072195,71,0xec7f,0xffff,0x8841,145,0xec7f,0xfffc,0x1209,,,physicalInteraction7.pcapng
"Nov 28, 2023 17:32:16.071993",2.092456,71,0x3d95,0xffff,0x8841,7,0x3d95,0xfffc,0x1209,,,physicalInteraction7.pcapng
"Nov 28, 2023 17:32:16.396524",0.324531,59,0x4308,0xffff,0x8841,12,0x4308,0xfffc,0x1209,,,physicalInteraction7.pcapng
"Nov 28, 2023 17:32:16.724801",0.328277,59,0x4308,0xffff,0x8841,13,,,,,,physicalInteraction7.pcapng
"Nov 28, 2023 17:32:17.049116",0.324315,59,0x4308,0xffff,0x8841,14,,,,,,physicalInteraction7.pcapng
"Nov 28, 2023 17:32:17.371149",0.322033,59,0x4308,0xffff,0x8841,15,0x4308,0xfffc,0x1209,,,physicalInteraction7.pcapng
"Nov 28, 2023 17:32:19.718851",2.347702,59,0x4308,0xffff,0x8841,17,,,,,,physicalInteraction7.pcapng
"Nov 28, 2023 17:32:20.039319",0.320468,59,0x4308,0xffff,0x8841,18,0x4308,0xfffc,0x1209,,,physicalInteraction7.pcapng
"Nov 28, 2023 17:32:20.357575",0.318256,59,0x4308,0xffff,0x8841,19,0x4308,0xfffc,0x1209,,,physicalInteraction7.pcapng
"Nov 28, 2023 17:32:21.714828",1.357253,71,0x4e11,0xffff,0x8841,90,0x4e11,0xfffc,0x1209,,,physicalInteraction7.pcapng
"Nov 28, 2023 17:32:22.523586",0.808758,71,0x0000,0xffff,0x8841,178,0x0000,0xfffc,0x1209,,,physicalInteraction7.pcapng
"Nov 28, 2023 17:32:22.749273",0.225687,71,0xe1a6,0xffff,0x8841,108,0xe1a6,0xfffc,0x1209,,,physicalInteraction7.pcapng
"Nov 28, 2023 17:32:23.973814",1.224541,71,0x0112,0xffff,0x8841,109,0x0112,0xfffc,0x1209,,,physicalInteraction7.pcapng
"Nov 28, 2023 17:32:24.804588",0.830774,65,0x1e15,0xffff,0x8841,27,0x1e15,0xfffc,0x1209,,,physicalInteraction7.pcapng
"Nov 28, 2023 17:32:25.969247",1.164659,71,0xb1bf,0xffff,0x8841,35,0xb1bf,0xfffc,0x1209,,,physicalInteraction7.pcapng
"Nov 28, 2023 17:32:27.762306",1.793059,47,0x4308,0xffff,0x8841,20,0x4308,0xfffc,0x1209,,,physicalInteraction7.pcapng
"Nov 28, 2023 17:32:28.074329",0.312023,71,0xec7f,0xffff,0x8841,146,0xec7f,0xfffc,0x1209,,,physicalInteraction7.pcapng
"Nov 28, 2023 17:32:28.400748",0.326419,59,0x4308,0xffff,0x8841,21,0x4308,0xfffc,0x1209,,,physicalInteraction7.pcapng
"Nov 28, 2023 17:32:28.724724",0.323976,59,0x4308,0xffff,0x8841,22,,,,,,physicalInteraction7.pcapng
"Nov 28, 2023 17:32:29.045182",0.320458,59,0x4308,0xffff,0x8841,23,,,,,,physicalInteraction7.pcapng
"Nov 28, 2023 17:32:29.362774",0.317592,59,0x4308,0xffff,0x8841,24,0x4308,0xfffc,0x1209,,,physicalInteraction7.pcapng
"Nov 28, 2023 17:32:31.163324",1.800550,71,0x3d95,0xffff,0x8841,8,0x3d95,0xfffc,0x1209,,,physicalInteraction7.pcapng
"Nov 28, 2023 17:32:31.402228",0.238904,59,0x4308,0xffff,0x8841,25,0x4308,0xfffc,0x1209,,,physicalInteraction7.pcapng
"Nov 28, 2023 17:32:31.551920",0.149692,71,0x711c,0xffff,0x8841,224,0x711c,0xfffc,0x1209,,,physicalInteraction7.pcapng
"Nov 28, 2023 17:32:31.721755",0.169835,59,0x4308,0xffff,0x8841,26,,,,,,physicalInteraction7.pcapng
"Nov 28, 2023 17:32:32.361701",0.639946,59,0x4308,0xffff,0x8841,28,,,,,,physicalInteraction7.pcapng
"Nov 28, 2023 17:32:37.055200",4.693499,71,0x4e11,0xffff,0x8841,91,0x4e11,0xfffc,0x1209,,,physicalInteraction7.pcapng
"Nov 28, 2023 17:32:37.774300",0.719100,71,0xe1a6,0xffff,0x8841,109,0xe1a6,0xfffc,0x1209,,,physicalInteraction7.pcapng
"Nov 28, 2023 17:32:37.830824",0.056524,71,0x0000,0xffff,0x8841,179,0x0000,0xfffc,0x1209,,,physicalInteraction7.pcapng
"Nov 28, 2023 17:32:38.981467",1.150643,71,0x0112,0xffff,0x8841,110,0x0112,0xfffc,0x1209,,,physicalInteraction7.pcapng
"Nov 28, 2023 17:32:39.806585",0.825118,65,0x1e15,0xffff,0x8841,28,0x1e15,0xfffc,0x1209,,,physicalInteraction7.pcapng
"Nov 28, 2023 17:32:39.837127",,52,,,,,,,,,,physicalInteraction7.pcapng
"Nov 28, 2023 17:32:39.839143",0.002016,5,,,0x0002,180,,,,,,physicalInteraction7.pcapng
"Nov 28, 2023 17:32:39.846797",,63,,,,,,,,,,physicalInteraction7.pcapng
"Nov 28, 2023 17:32:39.849195",0.002398,5,,,0x0002,110,,,,,,physicalInteraction7.pcapng
"Nov 28, 2023 17:32:39.871509",,52,,,,,,,,,,physicalInteraction7.pcapng
"Nov 28, 2023 17:32:39.873543",0.002034,5,,,0x0002,181,,,,,,physicalInteraction7.pcapng
"Nov 28, 2023 17:32:39.875718",,52,,,,,,,,,,physicalInteraction7.pcapng
"Nov 28, 2023 17:32:39.877733",0.002015,5,,,0x0002,147,,,,,,physicalInteraction7.pcapng
"Nov 28, 2023 17:32:39.884418",,45,,,,,,,,,,physicalInteraction7.pcapng
"Nov 28, 2023 17:32:39.886199",0.001781,5,,,0x0002,182,,,,,,physicalInteraction7.pcapng
"Nov 28, 2023 17:32:39.893340",,54,,,,,,,,,,physicalInteraction7.pcapng
"Nov 28, 2023 17:32:39.898214",,54,,,,,,,,,,physicalInteraction7.pcapng
"Nov 28, 2023 17:32:39.900285",0.002071,5,,,0x0002,183,,,,,,physicalInteraction7.pcapng
"Nov 28, 2023 17:32:39.906275",,63,,,,,,,,,,physicalInteraction7.pcapng
"Nov 28, 2023 17:32:39.908674",0.002399,5,,,0x0002,9,,,,,,physicalInteraction7.pcapng
"Nov 28, 2023 17:32:39.909636",,66,,,,,,,,,,physicalInteraction7.pcapng
"Nov 28, 2023 17:32:39.912131",0.002495,5,,,0x0002,111,,,,,,physicalInteraction7.pcapng
"Nov 28, 2023 17:32:39.918477",,54,,,,,,,,,,physicalInteraction7.pcapng
"Nov 28, 2023 17:32:39.920575",0.002098,5,,,0x0002,184,,,,,,physicalInteraction7.pcapng
"Nov 28, 2023 17:32:39.923149",,54,,,,,,,,,,physicalInteraction7.pcapng
"Nov 28, 2023 17:32:39.925229",0.002080,5,,,0x0002,148,,,,,,physicalInteraction7.pcapng
"Nov 28, 2023 17:32:39.933087",,66,,,,,,,,,,physicalInteraction7.pcapng
"Nov 28, 2023 17:32:39.935582",0.002495,5,,,0x0002,10,,,,,,physicalInteraction7.pcapng
"Nov 28, 2023 17:32:39.956935",,54,,,,,,,,,,physicalInteraction7.pcapng
"Nov 28, 2023 17:32:39.959046",0.002111,5,,,0x0002,185,,,,,,physicalInteraction7.pcapng
"Nov 28, 2023 17:32:39.965068",,54,,,,,,,,,,physicalInteraction7.pcapng
"Nov 28, 2023 17:32:39.967149",0.002081,5,,,0x0002,225,,,,,,physicalInteraction7.pcapng
"Nov 28, 2023 17:32:39.973927",,45,,,,,,,,,,physicalInteraction7.pcapng
"Nov 28, 2023 17:32:39.979009",,45,,,,,,,,,,physicalInteraction7.pcapng
"Nov 28, 2023 17:32:39.980818",0.001809,5,,,0x0002,186,,,,,,physicalInteraction7.pcapng
"Nov 28, 2023 17:32:39.983620",,45,,,,,,,,,,physicalInteraction7.pcapng
"Nov 28, 2023 17:32:39.985402",0.001782,5,,,0x0002,149,,,,,,physicalInteraction7.pcapng
"Nov 28, 2023 17:32:39.990326",,66,,,,,,,,,,physicalInteraction7.pcapng
"Nov 28, 2023 17:32:39.992821",0.002495,5,,,0x0002,36,,,,,,physicalInteraction7.pcapng
"Nov 28, 2023 17:32:39.997713",,66,,,,,,,,,,physicalInteraction7.pcapng
"Nov 28, 2023 17:32:40.002775",,66,,,,,,,,,,physicalInteraction7.pcapng
"Nov 28, 2023 17:32:40.005270",0.002495,5,,,0x0002,37,,,,,,physicalInteraction7.pcapng
"Nov 28, 2023 17:32:40.008659",,45,,,,,,,,,,physicalInteraction7.pcapng
"Nov 28, 2023 17:32:40.010452",0.001793,5,,,0x0002,187,,,,,,physicalInteraction7.pcapng
"Nov 28, 2023 17:32:40.020543",,52,,,,,,,,,,physicalInteraction7.pcapng
"Nov 28, 2023 17:32:40.022591",0.002048,5,,,0x0002,188,,,,,,physicalInteraction7.pcapng
"Nov 28, 2023 17:32:40.027230",,52,,,,,,,,,,physicalInteraction7.pcapng
"Nov 28, 2023 17:32:40.029245",0.002015,5,,,0x0002,226,,,,,,physicalInteraction7.pcapng
"Nov 28, 2023 17:32:40.031644",,45,,,,,,,,,,physicalInteraction7.pcapng
"Nov 28, 2023 17:32:40.033453",0.001809,5,,,0x0002,189,,,,,,physicalInteraction7.pcapng
"Nov 28, 2023 17:32:40.034994",,45,,,,,,,,,,physicalInteraction7.pcapng
"Nov 28, 2023 17:32:40.036787",0.001793,5,,,0x0002,150,,,,,,physicalInteraction7.pcapng
"Nov 28, 2023 17:32:40.039204",,45,,,,,,,,,,physicalInteraction7.pcapng
"Nov 28, 2023 17:32:40.041028",0.001824,5,,,0x0002,190,,,,,,physicalInteraction7.pcapng
"Nov 28, 2023 17:32:40.041491",,63,,,,,,,,,,physicalInteraction7.pcapng
"Nov 28, 2023 17:32:40.043890",0.002399,5,,,0x0002,38,,,,,,physicalInteraction7.pcapng
"Nov 28, 2023 17:32:40.044822",,45,,,,,,,,,,physicalInteraction7.pcapng
"Nov 28, 2023 17:32:40.048879",,45,,,,,,,,,,physicalInteraction7.pcapng
"Nov 28, 2023 17:32:40.051111",,45,,,,,,,,,,physicalInteraction7.pcapng
"Nov 28, 2023 17:32:40.054691",,45,,,,,,,,,,physicalInteraction7.pcapng
"Nov 28, 2023 17:32:40.056483",0.001792,5,,,0x0002,227,,,,,,physicalInteraction7.pcapng
"Nov 28, 2023 17:32:40.060939",,63,,,,,,,,,,physicalInteraction7.pcapng
"Nov 28, 2023 17:32:40.068269",0.007330,5,,,0x0002,39,,,,,,physicalInteraction7.pcapng
"Nov 28, 2023 17:32:40.069479",,45,,,,,,,,,,physicalInteraction7.pcapng
"Nov 28, 2023 17:32:40.071302",0.001823,5,,,0x0002,191,,,,,,physicalInteraction7.pcapng
"Nov 28, 2023 17:32:40.074747",,45,,,,,,,,,,physicalInteraction7.pcapng
"Nov 28, 2023 17:32:40.076539",0.001792,5,,,0x0002,228,,,,,,physicalInteraction7.pcapng
"Nov 28, 2023 17:32:40.084802",,45,,,,,,,,,,physicalInteraction7.pcapng
"Nov 28, 2023 17:32:40.086626",0.001824,5,,,0x0002,192,,,,,,physicalInteraction7.pcapng
"Nov 28, 2023 17:32:40.090633",,45,,,,,,,,,,physicalInteraction7.pcapng
"Nov 28, 2023 17:32:40.092414",0.001781,5,,,0x0002,229,,,,,,physicalInteraction7.pcapng
"Nov 28, 2023 17:32:40.094795",,45,,,,,,,,,,physicalInteraction7.pcapng
"Nov 28, 2023 17:32:40.096618",0.001823,5,,,0x0002,193,,,,,,physicalInteraction7.pcapng
"Nov 28, 2023 17:32:40.099377",,45,,,,,,,,,,physicalInteraction7.pcapng
"Nov 28, 2023 17:32:40.101170",0.001793,5,,,0x0002,230,,,,,,physicalInteraction7.pcapng
"Nov 28, 2023 17:32:40.401597",0.300427,59,0x4308,0xffff,0x8841,29,,,,,,physicalInteraction7.pcapng
"Nov 28, 2023 17:32:40.727165",0.325568,59,0x4308,0xffff,0x8841,30,0x4308,0xfffc,0x1209,,,physicalInteraction7.pcapng
"Nov 28, 2023 17:32:40.950203",0.223038,71,0xb1bf,0xffff,0x8841,40,0xb1bf,0xfffc,0x1209,,,physicalInteraction7.pcapng
"Nov 28, 2023 17:32:41.368164",0.417961,59,0x4308,0xffff,0x8841,32,,,,,,physicalInteraction7.pcapng
"Nov 28, 2023 17:32:42.525639",1.157475,71,0xec7f,0xffff,0x8841,151,0xec7f,0xfffc,0x1209,,,physicalInteraction7.pcapng
"Nov 28, 2023 17:32:43.401977",0.876338,59,0x4308,0xffff,0x8841,34,,,,,,physicalInteraction7.pcapng
"Nov 28, 2023 17:32:43.726541",0.324564,59,0x4308,0xffff,0x8841,35,,,,,,physicalInteraction7.pcapng
"Nov 28, 2023 17:32:44.045575",0.319034,59,0x4308,0xffff,0x8841,36,,,,,,physicalInteraction7.pcapng
"Nov 28, 2023 17:32:44.367158",0.321583,59,0x4308,0xffff,0x8841,37,,,,,,physicalInteraction7.pcapng
"Nov 28, 2023 17:32:46.176456",1.809298,71,0x3d95,0xffff,0x8841,11,0x3d95,0xfffc,0x1209,,,physicalInteraction7.pcapng
"Nov 28, 2023 17:32:47.672864",1.496408,71,0x711c,0xffff,0x8841,231,0x711c,0xfffc,0x1209,,,physicalInteraction7.pcapng
"Nov 28, 2023 17:32:51.401946",3.729082,71,0x4e11,0xffff,0x8841,92,0x4e11,0xfffc,0x1209,,,physicalInteraction7.pcapng
"Nov 28, 2023 17:32:52.403414",1.001468,59,0x4308,0xffff,0x8841,38,0x4308,0xfffc,0x1209,,,physicalInteraction7.pcapng
"Nov 28, 2023 17:32:52.724887",0.321473,59,0x4308,0xffff,0x8841,39,0x4308,0xfffc,0x1209,,,physicalInteraction7.pcapng
"Nov 28, 2023 17:32:52.753252",0.028365,68,0xe1a6,0xffff,0x8841,112,0xe1a6,0xfffc,0x1209,,,physicalInteraction7.pcapng
"Nov 28, 2023 17:32:52.923952",,57,,,,,,,,,,physicalInteraction7.pcapng
"Nov 28, 2023 17:32:52.926158",0.002206,5,,,0x0002,212,,,,,,physicalInteraction7.pcapng
"Nov 28, 2023 17:32:53.110247",0.184089,71,0x0000,0xffff,0x8841,194,0x0000,0xfffc,0x1209,,,physicalInteraction7.pcapng
"Nov 28, 2023 17:32:53.363639",0.253392,59,0x4308,0xffff,0x8841,41,,,,,,physicalInteraction7.pcapng
"Nov 28, 2023 17:32:53.986560",0.622921,71,0x0112,0xffff,0x8841,111,0x0112,0xfffc,0x1209,,,physicalInteraction7.pcapng
"Nov 28, 2023 17:32:54.762693",0.776133,65,0x1e15,0xffff,0x8841,29,0x1e15,0xfffc,0x1209,,,physicalInteraction7.pcapng
"Nov 28, 2023 17:32:55.047832",,50,,,,,,,,,,physicalInteraction7.pcapng
"Nov 28, 2023 17:32:55.049802",0.001970,5,,,0x0002,195,,,,,,physicalInteraction7.pcapng
"Nov 28, 2023 17:32:55.051359",,50,,,,,,,,,,physicalInteraction7.pcapng
"Nov 28, 2023 17:32:55.053310",0.001951,5,,,0x0002,152,,,,,,physicalInteraction7.pcapng
"Nov 28, 2023 17:32:55.060117",,53,,,,,,,,,,physicalInteraction7.pcapng
"Nov 28, 2023 17:32:55.062195",0.002078,5,,,0x0002,30,,,,,,physicalInteraction7.pcapng
"Nov 28, 2023 17:32:55.075117",,45,,,,,,,,,,physicalInteraction7.pcapng
"Nov 28, 2023 17:32:55.076926",0.001809,5,,,0x0002,196,,,,,,physicalInteraction7.pcapng
"Nov 28, 2023 17:32:55.080070",,45,,,,,,,,,,physicalInteraction7.pcapng
"Nov 28, 2023 17:32:55.081860",0.001790,5,,,0x0002,153,,,,,,physicalInteraction7.pcapng
"Nov 28, 2023 17:32:55.102404",,50,,,,,,,,,,physicalInteraction7.pcapng
"Nov 28, 2023 17:32:55.107810",,50,,,,,,,,,,physicalInteraction7.pcapng
"Nov 28, 2023 17:32:55.109779",0.001969,5,,,0x0002,197,,,,,,physicalInteraction7.pcapng
"Nov 28, 2023 17:32:55.113577",,50,,,,,,,,,,physicalInteraction7.pcapng
"Nov 28, 2023 17:32:55.115528",0.001951,5,,,0x0002,154,,,,,,physicalInteraction7.pcapng
"Nov 28, 2023 17:32:55.122316",,53,,,,,,,,,,physicalInteraction7.pcapng
"Nov 28, 2023 17:32:55.124395",0.002079,5,,,0x0002,31,,,,,,physicalInteraction7.pcapng
"Nov 28, 2023 17:32:55.139281",,45,,,,,,,,,,physicalInteraction7.pcapng
"Nov 28, 2023 17:32:55.141091",0.001810,5,,,0x0002,198,,,,,,physicalInteraction7.pcapng
"Nov 28, 2023 17:32:55.142954",,45,,,,,,,,,,physicalInteraction7.pcapng
"Nov 28, 2023 17:32:55.144744",0.001790,5,,,0x0002,155,,,,,,physicalInteraction7.pcapng
"Nov 28, 2023 17:32:55.165925",,56,,,,,,,,,,physicalInteraction7.pcapng
"Nov 28, 2023 17:32:55.168086",0.002161,5,,,0x0002,199,,,,,,physicalInteraction7.pcapng
"Nov 28, 2023 17:32:55.171637",,56,,,,,,,,,,physicalInteraction7.pcapng
"Nov 28, 2023 17:32:55.173779",0.002142,5,,,0x0002,156,,,,,,physicalInteraction7.pcapng
"Nov 28, 2023 17:32:55.180953",,71,,,,,,,,,,physicalInteraction7.pcapng
"Nov 28, 2023 17:32:55.183608",0.002655,5,,,0x0002,32,,,,,,physicalInteraction7.pcapng
"Nov 28, 2023 17:32:55.201000",,45,,,,,,,,,,physicalInteraction7.pcapng
"Nov 28, 2023 17:32:55.202810",0.001810,5,,,0x0002,200,,,,,,physicalInteraction7.pcapng
"Nov 28, 2023 17:32:55.205633",,45,,,,,,,,,,physicalInteraction7.pcapng
"Nov 28, 2023 17:32:55.207423",0.001790,5,,,0x0002,157,,,,,,physicalInteraction7.pcapng
"Nov 28, 2023 17:32:55.404008",0.196585,59,0x4308,0xffff,0x8841,42,0x4308,0xfffc,0x1209,,,physicalInteraction7.pcapng
"Nov 28, 2023 17:32:55.722622",0.318614,59,0x4308,0xffff,0x8841,43,0x4308,0xfffc,0x1209,,,physicalInteraction7.pcapng
"Nov 28, 2023 17:32:56.363684",0.641062,59,0x4308,0xffff,0x8841,45,0x4308,0xfffc,0x1209,,,physicalInteraction7.pcapng
"Nov 28, 2023 17:32:57.862101",,53,,,,,,,,,,physicalInteraction7.pcapng
"Nov 28, 2023 17:32:57.864180",0.002079,5,,,0x0002,183,,,,,,physicalInteraction7.pcapng
"Nov 28, 2023 17:32:57.948510",0.084330,47,0x4308,0xffff,0x8841,46,0x4308,0xfffc,0x1209,,,physicalInteraction7.pcapng
"Nov 28, 2023 17:32:59.675025",,60,,,,,,,,,,physicalInteraction7.pcapng
"Nov 28, 2023 17:32:59.677328",0.002303,5,,,0x0002,113,,,,,,physicalInteraction7.pcapng
"Nov 28, 2023 17:32:59.719531",,50,,,,,,,,,,physicalInteraction7.pcapng
"Nov 28, 2023 17:32:59.721485",0.001954,5,,,0x0002,201,,,,,,physicalInteraction7.pcapng
"Nov 28, 2023 17:32:59.726806",,45,,,,,,,,,,physicalInteraction7.pcapng
"Nov 28, 2023 17:32:59.728629",0.001823,5,,,0x0002,114,,,,,,physicalInteraction7.pcapng
"Nov 28, 2023 17:33:00.361245",0.632616,71,0xec7f,0xffff,0x8841,158,0xec7f,0xfffc,0x1209,,,physicalInteraction7.pcapng
"Nov 28, 2023 17:33:01.162121",0.800876,71,0x3d95,0xffff,0x8841,12,0x3d95,0xfffc,0x1209,,,physicalInteraction7.pcapng
"Nov 28, 2023 17:33:04.053982",2.891861,71,0x711c,0xffff,0x8841,232,0x711c,0xfffc,0x1209,,,physicalInteraction7.pcapng
"Nov 28, 2023 17:33:04.408460",0.354478,59,0x4308,0xffff,0x8841,47,0x4308,0xfffc,0x1209,,,physicalInteraction7.pcapng
"Nov 28, 2023 17:33:04.728179",0.319719,59,0x4308,0xffff,0x8841,48,,,,,,physicalInteraction7.pcapng
"Nov 28, 2023 17:33:05.368892",0.640713,59,0x4308,0xffff,0x8841,50,0x4308,0xfffc,0x1209,,,physicalInteraction7.pcapng
"Nov 28, 2023 17:33:06.189401",0.820509,71,0x4e11,0xffff,0x8841,93,0x4e11,0xfffc,0x1209,,,physicalInteraction7.pcapng
"Nov 28, 2023 17:33:07.726918",1.537517,59,0x4308,0xffff,0x8841,52,,,,,,physicalInteraction7.pcapng
"Nov 28, 2023 17:33:07.748203",0.021285,68,0xe1a6,0xffff,0x8841,115,0xe1a6,0xfffc,0x1209,,,physicalInteraction7.pcapng
"Nov 28, 2023 17:33:08.368862",0.620659,59,0x4308,0xffff,0x8841,54,0x4308,0xfffc,0x1209,,,physicalInteraction7.pcapng
"Nov 28, 2023 17:33:08.971812",0.602950,95,0x0112,0xffff,0x885f,112,,,,,,physicalInteraction7.pcapng
"Nov 28, 2023 17:33:09.359790",0.387978,71,0x0000,0xffff,0x8841,202,0x0000,0xfffc,0x1209,,,physicalInteraction7.pcapng
"Nov 28, 2023 17:33:09.737788",0.377998,65,0x1e15,0xffff,0x8841,33,0x1e15,0xfffc,0x1209,,,physicalInteraction7.pcapng
"Nov 28, 2023 17:33:09.836244",,52,,,,,,,,,,physicalInteraction7.pcapng
"Nov 28, 2023 17:33:09.838262",0.002018,5,,,0x0002,203,,,,,,physicalInteraction7.pcapng
"Nov 28, 2023 17:33:09.846109",,63,,,,,,,,,,physicalInteraction7.pcapng
"Nov 28, 2023 17:33:09.848508",0.002399,5,,,0x0002,116,,,,,,physicalInteraction7.pcapng
"Nov 28, 2023 17:33:09.867137",,52,,,,,,,,,,physicalInteraction7.pcapng
"Nov 28, 2023 17:33:09.869170",0.002033,5,,,0x0002,204,,,,,,physicalInteraction7.pcapng
"Nov 28, 2023 17:33:09.872314",,52,,,,,,,,,,physicalInteraction7.pcapng
"Nov 28, 2023 17:33:09.874332",0.002018,5,,,0x0002,159,,,,,,physicalInteraction7.pcapng
"Nov 28, 2023 17:33:09.881985",,63,,,,,,,,,,physicalInteraction7.pcapng
"Nov 28, 2023 17:33:09.884384",0.002399,5,,,0x0002,13,,,,,,physicalInteraction7.pcapng
"Nov 28, 2023 17:33:09.885194",,45,,,,,,,,,,physicalInteraction7.pcapng
"Nov 28, 2023 17:33:09.886986",0.001792,5,,,0x0002,205,,,,,,physicalInteraction7.pcapng
"Nov 28, 2023 17:33:09.906646",,54,,,,,,,,,,physicalInteraction7.pcapng
"Nov 28, 2023 17:33:09.908715",0.002069,5,,,0x0002,206,,,,,,physicalInteraction7.pcapng
"Nov 28, 2023 17:33:09.916469",,66,,,,,,,,,,physicalInteraction7.pcapng
"Nov 28, 2023 17:33:09.918964",0.002495,5,,,0x0002,117,,,,,,physicalInteraction7.pcapng
"Nov 28, 2023 17:33:09.920191",,54,,,,,,,,,,physicalInteraction7.pcapng
"Nov 28, 2023 17:33:09.922288",0.002097,5,,,0x0002,207,,,,,,physicalInteraction7.pcapng
"Nov 28, 2023 17:33:09.924546",,54,,,,,,,,,,physicalInteraction7.pcapng
"Nov 28, 2023 17:33:09.926625",0.002079,5,,,0x0002,160,,,,,,physicalInteraction7.pcapng
"Nov 28, 2023 17:33:09.934519",,66,,,,,,,,,,physicalInteraction7.pcapng
"Nov 28, 2023 17:33:09.937014",0.002495,5,,,0x0002,14,,,,,,physicalInteraction7.pcapng
"Nov 28, 2023 17:33:09.946496",,45,,,,,,,,,,physicalInteraction7.pcapng
"Nov 28, 2023 17:33:09.948306",0.001810,5,,,0x0002,208,,,,,,physicalInteraction7.pcapng
"Nov 28, 2023 17:33:09.950139",,45,,,,,,,,,,physicalInteraction7.pcapng
"Nov 28, 2023 17:33:09.951932",0.001793,5,,,0x0002,161,,,,,,physicalInteraction7.pcapng
"Nov 28, 2023 17:33:09.960228",,54,,,,,,,,,,physicalInteraction7.pcapng
"Nov 28, 2023 17:33:09.962339",0.002111,5,,,0x0002,209,,,,,,physicalInteraction7.pcapng
"Nov 28, 2023 17:33:09.973108",,52,,,,,,,,,,physicalInteraction7.pcapng
"Nov 28, 2023 17:33:09.975155",0.002047,5,,,0x0002,210,,,,,,physicalInteraction7.pcapng
"Nov 28, 2023 17:33:09.976972",,54,,,,,,,,,,physicalInteraction7.pcapng
"Nov 28, 2023 17:33:09.979041",0.002069,5,,,0x0002,233,,,,,,physicalInteraction7.pcapng
"Nov 28, 2023 17:33:09.982875",,52,,,,,,,,,,physicalInteraction7.pcapng
"Nov 28, 2023 17:33:09.984892",0.002017,5,,,0x0002,234,,,,,,physicalInteraction7.pcapng
"Nov 28, 2023 17:33:09.986742",,66,,,,,,,,,,physicalInteraction7.pcapng
"Nov 28, 2023 17:33:09.989236",0.002494,5,,,0x0002,42,,,,,,physicalInteraction7.pcapng
"Nov 28, 2023 17:33:09.994769",,66,,,,,,,,,,physicalInteraction7.pcapng
"Nov 28, 2023 17:33:09.997264",0.002495,5,,,0x0002,42,,,,,,physicalInteraction7.pcapng
"Nov 28, 2023 17:33:09.999832",0.002568,107,0xb1bf,0x0000,0x886b,42,,,,,,physicalInteraction7.pcapng
"Nov 28, 2023 17:33:10.003200",,45,,,,,,,,,,physicalInteraction7.pcapng
"Nov 28, 2023 17:33:10.004993",0.001793,5,,,0x0002,211,,,,,,physicalInteraction7.pcapng
"Nov 28, 2023 17:33:10.009842",,63,,,,,,,,,,physicalInteraction7.pcapng
"Nov 28, 2023 17:33:10.014803",0.004961,63,,,,,,,,,,physicalInteraction7.pcapng
"Nov 28, 2023 17:33:10.019856",,63,,,,,,,,,,physicalInteraction7.pcapng
"Nov 28, 2023 17:33:10.022255",0.002399,5,,,0x0002,43,,,,,,physicalInteraction7.pcapng
"Nov 28, 2023 17:33:10.024906",,63,,,,,,,,,,physicalInteraction7.pcapng
"Nov 28, 2023 17:33:10.027304",0.002398,5,,,0x0002,43,,,,,,physicalInteraction7.pcapng
"Nov 28, 2023 17:33:10.029116",,45,,,,,,,,,,physicalInteraction7.pcapng
"Nov 28, 2023 17:33:10.030925",0.001809,5,,,0x0002,212,,,,,,physicalInteraction7.pcapng
"Nov 28, 2023 17:33:10.033111",,45,,,,,,,,,,physicalInteraction7.pcapng
"Nov 28, 2023 17:33:10.034893",0.001782,5,,,0x0002,162,,,,,,physicalInteraction7.pcapng
"Nov 28, 2023 17:33:10.038483",,45,,,,,,,,,,physicalInteraction7.pcapng
"Nov 28, 2023 17:33:10.042692",,45,,,,,,,,,,physicalInteraction7.pcapng
"Nov 28, 2023 17:33:10.044515",0.001823,5,,,0x0002,213,,,,,,physicalInteraction7.pcapng
"Nov 28, 2023 17:33:10.045118",,66,,,,,,,,,,physicalInteraction7.pcapng
"Nov 28, 2023 17:33:10.047613",0.002495,5,,,0x0002,44,,,,,,physicalInteraction7.pcapng
"Nov 28, 2023 17:33:10.049059",0.001446,45,0x711c,0xb1bf,0x8861,235,,,,,,physicalInteraction7.pcapng
"Nov 28, 2023 17:33:10.052174",,45,,,,,,,,,,physicalInteraction7.pcapng
"Nov 28, 2023 17:33:10.055025",,63,,,,,,,,,,physicalInteraction7.pcapng
"Nov 28, 2023 17:33:10.060083",,63,,,,,,,,,,physicalInteraction7.pcapng
"Nov 28, 2023 17:33:10.062482",0.002399,5,,,0x0002,45,,,,,,physicalInteraction7.pcapng
"Nov 28, 2023 17:33:10.070094",,66,,,,,,,,,,physicalInteraction7.pcapng
"Nov 28, 2023 17:33:10.075170",,66,,,,,,,,,,physicalInteraction7.pcapng
"Nov 28, 2023 17:33:10.077665",0.002495,5,,,0x0002,46,,,,,,physicalInteraction7.pcapng
"Nov 28, 2023 17:33:10.078784",,45,,,,,,,,,,physicalInteraction7.pcapng
"Nov 28, 2023 17:33:10.085314",,66,,,,,,,,,,physicalInteraction7.pcapng
"Nov 28, 2023 17:33:10.087809",0.002495,5,,,0x0002,46,,,,,,physicalInteraction7.pcapng
"Nov 28, 2023 17:33:10.090263",0.002454,63,0xb1bf,0x0000,0x8861,47,,,,,,physicalInteraction7.pcapng
"Nov 28, 2023 17:33:10.095223",,63,,,,,,,,,,physicalInteraction7.pcapng
"Nov 28, 2023 17:33:10.098624",,45,,,,,,,,,,physicalInteraction7.pcapng
"Nov 28, 2023 17:33:10.100287",,63,,,,,,,,,,physicalInteraction7.pcapng
"Nov 28, 2023 17:33:10.102686",0.002399,5,,,0x0002,47,,,,,,physicalInteraction7.pcapng
"Nov 28, 2023 17:33:10.105342",,63,,,,,,,,,,physicalInteraction7.pcapng
"Nov 28, 2023 17:33:10.107741",0.002399,5,,,0x0002,47,,,,,,physicalInteraction7.pcapng
"Nov 28, 2023 17:33:10.110286",0.002545,107,0xb1bf,0x0000,0x886b,48,,,,,,physicalInteraction7.pcapng
"Nov 28, 2023 17:33:10.115431",,66,,,,,,,,,,physicalInteraction7.pcapng
"Nov 28, 2023 17:33:10.117925",0.002494,5,,,0x0002,48,,,,,,physicalInteraction7.pcapng
"Nov 28, 2023 17:33:10.120514",,66,,,,,,,,,,physicalInteraction7.pcapng
"Nov 28, 2023 17:33:10.123009",0.002495,5,,,0x0002,48,,,,,,physicalInteraction7.pcapng
"Nov 28, 2023 17:33:10.125032",,45,,,,,,,,,,physicalInteraction7.pcapng
"Nov 28, 2023 17:33:10.130561",0.005529,63,0xb1bf,0x0000,0x8861,49,,,,,,physicalInteraction7.pcapng
"Nov 28, 2023 17:33:10.133773",,45,,,,,,,,,,physicalInteraction7.pcapng
"Nov 28, 2023 17:33:10.138258",,45,,,,,,,,,,physicalInteraction7.pcapng
"Nov 28, 2023 17:33:10.140041",0.001783,5,,,0x0002,237,,,,,,physicalInteraction7.pcapng
"Nov 28, 2023 17:33:10.142321",,45,,,,,,,,,,physicalInteraction7.pcapng
"Nov 28, 2023 17:33:10.145913",,45,,,,,,,,,,physicalInteraction7.pcapng
"Nov 28, 2023 17:33:10.147736",0.001823,5,,,0x0002,216,,,,,,physicalInteraction7.pcapng
"Nov 28, 2023 17:33:10.148595",,63,,,,,,,,,,physicalInteraction7.pcapng
"Nov 28, 2023 17:33:10.152120",,45,,,,,,,,,,physicalInteraction7.pcapng
"Nov 28, 2023 17:33:10.156138",,45,,,,,,,,,,physicalInteraction7.pcapng
"Nov 28, 2023 17:33:10.157961",0.001823,5,,,0x0002,169,,,,,,physicalInteraction7.pcapng
"Nov 28, 2023 17:33:10.161024",,45,,,,,,,,,,physicalInteraction7.pcapng
"Nov 28, 2023 17:33:10.162816",0.001792,5,,,0x0002,238,,,,,,physicalInteraction7.pcapng
"Nov 28, 2023 17:33:10.166998",,45,,,,,,,,,,physicalInteraction7.pcapng
"Nov 28, 2023 17:33:10.168791",0.001793,5,,,0x0002,239,,,,,,physicalInteraction7.pcapng
"Nov 28, 2023 17:33:10.172876",0.004085,45,0x711c,0xb1bf,0x8861,240,,,,,,physicalInteraction7.pcapng
"Nov 28, 2023 17:33:10.181302",,45,,,,,,,,,,physicalInteraction7.pcapng
"Nov 28, 2023 17:33:10.183125",0.001823,5,,,0x0002,218,,,,,,physicalInteraction7.pcapng
"Nov 28, 2023 17:33:10.185918",,45,,,,,,,,,,physicalInteraction7.pcapng
"Nov 28, 2023 17:33:10.187710",0.001792,5,,,0x0002,241,,,,,,physicalInteraction7.pcapng
"Nov 28, 2023 17:33:10.188839",,45,,,,,,,,,,physicalInteraction7.pcapng
"Nov 28, 2023 17:33:10.190662",0.001823,5,,,0x0002,218,,,,,,physicalInteraction7.pcapng
"Nov 28, 2023 17:33:10.195600",,45,,,,,,,,,,physicalInteraction7.pcapng
"Nov 28, 2023 17:33:10.197423",0.001823,5,,,0x0002,219,,,,,,physicalInteraction7.pcapng
"Nov 28, 2023 17:33:10.200488",,45,,,,,,,,,,physicalInteraction7.pcapng
"Nov 28, 2023 17:33:10.202440",,45,,,,,,,,,,physicalInteraction7.pcapng
"Nov 28, 2023 17:33:10.207457",,45,,,,,,,,,,physicalInteraction7.pcapng
"Nov 28, 2023 17:33:10.209280",0.001823,5,,,0x0002,220,,,,,,physicalInteraction7.pcapng
"Nov 28, 2023 17:33:10.212062",,45,,,,,,,,,,physicalInteraction7.pcapng
"Nov 28, 2023 17:33:10.213856",0.001794,5,,,0x0002,243,,,,,,physicalInteraction7.pcapng
"Nov 28, 2023 17:33:10.215231",,45,,,,,,,,,,physicalInteraction7.pcapng
"Nov 28, 2023 17:33:10.217054",0.001823,5,,,0x0002,221,,,,,,physicalInteraction7.pcapng
"Nov 28, 2023 17:33:10.971383",0.754329,68,0xb1bf,0xffff,0x8841,50,0xb1bf,0xfffc,0x1209,,,physicalInteraction7.pcapng
"Nov 28, 2023 17:33:15.199721",4.228338,71,0xec7f,0xffff,0x8841,163,0xec7f,0xfffc,0x1209,,,physicalInteraction7.pcapng
"Nov 28, 2023 17:33:16.168079",0.968358,71,0x3d95,0xffff,0x8841,15,0x3d95,0xfffc,0x1209,,,physicalInteraction7.pcapng
"Nov 28, 2023 17:33:16.732876",0.564797,59,0x4308,0xffaf,0x8841,57,,,,,,physicalInteraction7.pcapng
"Nov 28, 2023 17:33:17.053653",0.320777,59,0x4308,0xffff,0x8841,58,,,,,,physicalInteraction7.pcapng
"Nov 28, 2023 17:33:19.145851",2.092198,71,0x711c,0xffff,0x8841,244,0x711c,0xfffc,0x1209,,,physicalInteraction7.pcapng
"Nov 28, 2023 17:33:19.410482",0.264631,59,,,,,,,,,,physicalInteraction7.pcapng
"Nov 28, 2023 17:33:20.062132",0.651650,59,0x4308,0xffff,0x8841,62,0x4308,0xfffc,0x1209,,,physicalInteraction7.pcapng
"Nov 28, 2023 17:33:20.381302",0.319170,59,0x4308,0xffff,0x8841,63,,,,,,physicalInteraction7.pcapng
"Nov 28, 2023 17:33:20.736129",0.354827,71,0x4e11,0xffff,0x8841,94,0x4e11,0xfffc,0x1209,,,physicalInteraction7.pcapng
"Nov 28, 2023 17:33:22.666285",1.930156,71,0xe1a6,0xffff,0x8841,118,0xe1a6,0xfffc,0x1209,,,physicalInteraction7.pcapng
"Nov 28, 2023 17:33:23.187766",,57,,,,,,,,,,physicalInteraction7.pcapng
"Nov 28, 2023 17:33:23.189972",0.002206,5,,,0x0002,213,,,,,,physicalInteraction7.pcapng
"Nov 28, 2023 17:33:23.977225",0.787253,71,0x0112,0xffff,0x8841,113,0x0112,0xfffc,0x1209,,,physicalInteraction7.pcapng
"Nov 28, 2023 17:33:24.757006",0.779781,65,0x1e15,0xffff,0x8841,34,0x1e15,0xfffc,0x1209,,,physicalInteraction7.pcapng
"Nov 28, 2023 17:33:25.964538",1.207532,68,0xb1bf,0xffff,0x8841,51,0xb1bf,0xfffc,0x1209,,,physicalInteraction7.pcapng
"Nov 28, 2023 17:33:26.150342",0.185804,5,,,0x0002,52,,,,,,physicalInteraction7.pcapng
"Nov 28, 2023 17:33:26.190711",,50,,,,,,,,,,physicalInteraction7.pcapng
"Nov 28, 2023 17:33:26.192694",0.001983,5,,,0x0002,222,,,,,,physicalInteraction7.pcapng
"Nov 28, 2023 17:33:26.200912",,50,,,,,,,,,,physicalInteraction7.pcapng
"Nov 28, 2023 17:33:26.202858",0.001946,5,,,0x0002,245,,,,,,physicalInteraction7.pcapng
"Nov 28, 2023 17:33:26.207616",0.004758,45,0xb1bf,0x0000,0x8861,53,,,,,,physicalInteraction7.pcapng
"Nov 28, 2023 17:33:26.212018",,45,,,,,,,,,,physicalInteraction7.pcapng
"Nov 28, 2023 17:33:26.213841",0.001823,5,,,0x0002,53,,,,,,physicalInteraction7.pcapng
"Nov 28, 2023 17:33:26.236860",0.023019,71,0x0000,0xffff,0x8841,223,0x0000,0xfffc,0x1209,,,physicalInteraction7.pcapng
"Nov 28, 2023 17:33:27.056770",,50,,,,,,,,,,physicalInteraction7.pcapng
"Nov 28, 2023 17:33:27.061901",,50,,,,,,,,,,physicalInteraction7.pcapng
"Nov 28, 2023 17:33:27.078317",,50,,,,,,,,,,physicalInteraction7.pcapng
"Nov 28, 2023 17:33:27.154708",,50,,,,,,,,,,physicalInteraction7.pcapng
"Nov 28, 2023 17:33:27.157596",,50,,,,,,,,,,physicalInteraction7.pcapng
"Nov 28, 2023 17:33:27.161471",,50,,,,,,,,,,physicalInteraction7.pcapng
"Nov 28, 2023 17:33:27.164805",,50,,,,,,,,,,physicalInteraction7.pcapng
"Nov 28, 2023 17:33:27.219103",,50,,,,,,,,,,physicalInteraction7.pcapng
"Nov 28, 2023 17:33:27.222410",,50,,,,,,,,,,physicalInteraction7.pcapng
"Nov 28, 2023 17:33:27.226782",,50,,,,,,,,,,physicalInteraction7.pcapng
"Nov 28, 2023 17:33:27.231962",,50,,,,,,,,,,physicalInteraction7.pcapng
"Nov 28, 2023 17:33:27.275412",,50,,,,,,,,,,physicalInteraction7.pcapng
"Nov 28, 2023 17:33:27.279438",,50,,,,,,,,,,physicalInteraction7.pcapng
"Nov 28, 2023 17:33:27.284693",,50,,,,,,,,,,physicalInteraction7.pcapng
"Nov 28, 2023 17:33:27.289330",,50,,,,,,,,,,physicalInteraction7.pcapng
"Nov 28, 2023 17:33:27.349556",,50,,,,,,,,,,physicalInteraction7.pcapng
"Nov 28, 2023 17:33:27.354810",,50,,,,,,,,,,physicalInteraction7.pcapng
"Nov 28, 2023 17:33:27.360166",,50,,,,,,,,,,physicalInteraction7.pcapng
"Nov 28, 2023 17:33:27.363456",,50,,,,,,,,,,physicalInteraction7.pcapng
"Nov 28, 2023 17:33:27.413575",,50,,,,,,,,,,physicalInteraction7.pcapng
"Nov 28, 2023 17:33:27.419047",,50,,,,,,,,,,physicalInteraction7.pcapng
"Nov 28, 2023 17:33:27.423938",,50,,,,,,,,,,physicalInteraction7.pcapng
"Nov 28, 2023 17:33:27.429116",,50,,,,,,,,,,physicalInteraction7.pcapng
"Nov 28, 2023 17:33:27.482937",,50,,,,,,,,,,physicalInteraction7.pcapng
"Nov 28, 2023 17:33:27.486026",,50,,,,,,,,,,physicalInteraction7.pcapng
"Nov 28, 2023 17:33:27.490541",,50,,,,,,,,,,physicalInteraction7.pcapng
"Nov 28, 2023 17:33:27.494438",,50,,,,,,,,,,physicalInteraction7.pcapng
"Nov 28, 2023 17:33:27.544714",,50,,,,,,,,,,physicalInteraction7.pcapng
"Nov 28, 2023 17:33:27.549723",,50,,,,,,,,,,physicalInteraction7.pcapng
"Nov 28, 2023 17:33:27.554758",,50,,,,,,,,,,physicalInteraction7.pcapng
"Nov 28, 2023 17:33:27.559155",,50,,,,,,,,,,physicalInteraction7.pcapng
"Nov 28, 2023 17:33:28.096251",0.537096,47,,,0x4841,64,,,,,,physicalInteraction7.pcapng
"Nov 28, 2023 17:33:28.413453",0.317202,59,0x4308,0xffff,0x8841,65,0x4308,0xfffc,0x1209,,,physicalInteraction7.pcapng
"Nov 28, 2023 17:33:29.057133",0.643680,59,0x4308,0xffff,0x8841,67,0x4308,0xfffc,0x1209,,,physicalInteraction7.pcapng
"Nov 28, 2023 17:33:29.377636",0.320503,59,0x4308,0xffff,0x8841,68,,,,,,physicalInteraction7.pcapng
"Nov 28, 2023 17:33:29.905818",0.528182,71,0xec7f,0xffff,0x8841,164,0xec7f,0xfffc,0x1209,,,physicalInteraction7.pcapng
"Nov 28, 2023 17:33:30.902622",,63,,,,,,,,,,physicalInteraction7.pcapng
"Nov 28, 2023 17:33:30.905021",0.002399,5,,,0x0002,54,,,,,,physicalInteraction7.pcapng
"Nov 28, 2023 17:33:30.949582",,50,,,,,,,,,,physicalInteraction7.pcapng
"Nov 28, 2023 17:33:30.951565",0.001983,5,,,0x0002,232,,,,,,physicalInteraction7.pcapng
"Nov 28, 2023 17:33:30.953923",,50,,,,,,,,,,physicalInteraction7.pcapng
"Nov 28, 2023 17:33:30.955876",0.001953,5,,,0x0002,246,,,,,,physicalInteraction7.pcapng
"Nov 28, 2023 17:33:30.965178",,45,,,,,,,,,,physicalInteraction7.pcapng
"Nov 28, 2023 17:33:30.967001",0.001823,5,,,0x0002,55,,,,,,physicalInteraction7.pcapng
"Nov 28, 2023 17:33:30.974665",,57,,,,,,,,,,physicalInteraction7.pcapng
"Nov 28, 2023 17:33:30.976871",0.002206,5,,,0x0002,56,,,,,,physicalInteraction7.pcapng
"Nov 28, 2023 17:33:31.016382",,50,,,,,,,,,,physicalInteraction7.pcapng
"Nov 28, 2023 17:33:31.018365",0.001983,5,,,0x0002,233,,,,,,physicalInteraction7.pcapng
"Nov 28, 2023 17:33:31.022166",,50,,,,,,,,,,physicalInteraction7.pcapng
"Nov 28, 2023 17:33:31.024108",0.001942,5,,,0x0002,247,,,,,,physicalInteraction7.pcapng
"Nov 28, 2023 17:33:31.028941",,45,,,,,,,,,,physicalInteraction7.pcapng
"Nov 28, 2023 17:33:31.030764",0.001823,5,,,0x0002,57,,,,,,physicalInteraction7.pcapng
"Nov 28, 2023 17:33:31.079450",0.048686,71,0x3d95,0xffff,0x8841,16,0x3d95,0xfffc,0x1209,,,physicalInteraction7.pcapng
"Nov 28, 2023 17:33:31.413456",0.334006,59,0x4308,0xffff,0x8841,69,0x4308,0xfffc,0x1209,,,physicalInteraction7.pcapng
"Nov 28, 2023 17:33:31.735286",0.321830,59,0x4308,0xffff,0x8841,70,0x4308,0xfffc,0x1209,,,physicalInteraction7.pcapng
"Nov 28, 2023 17:33:32.054849",0.319563,59,0x4308,0xffff,0x8841,71,0x4308,0xfffc,0x1209,,,physicalInteraction7.pcapng
"Nov 28, 2023 17:33:32.376356",0.321507,59,0x4308,0xffff,0x8841,72,0x4308,0xfffc,0x1209,,,physicalInteraction7.pcapng
"Nov 28, 2023 17:33:36.831423",4.455067,71,0x711c,0xffff,0x8841,248,0x711c,0xfffc,0x1209,,,physicalInteraction7.pcapng
"Nov 28, 2023 17:33:37.097104",0.265681,71,0x4e11,0xffff,0x8841,95,0x4e11,0xfffc,0x1209,,,physicalInteraction7.pcapng
"Nov 28, 2023 17:33:37.750958",0.653854,71,0xe1a6,0xffff,0x8841,119,0xe1a6,0xfffc,0x1209,,,physicalInteraction7.pcapng
"Nov 28, 2023 17:33:38.978478",1.227520,101,,,0x0065,136,,,,,,physicalInteraction7.pcapng
"Nov 28, 2023 17:33:39.797026",0.818548,65,0x1e15,0xffff,0x8841,35,0x1e15,0xfffc,0x1209,,,physicalInteraction7.pcapng
"Nov 28, 2023 17:33:39.840120",,52,,,,,,,,,,physicalInteraction7.pcapng
"Nov 28, 2023 17:33:39.842131",0.002011,5,,,0x0002,234,,,,,,physicalInteraction7.pcapng
"Nov 28, 2023 17:33:39.849993",,63,,,,,,,,,,physicalInteraction7.pcapng
"Nov 28, 2023 17:33:39.852392",0.002399,5,,,0x0002,120,,,,,,physicalInteraction7.pcapng
"Nov 28, 2023 17:33:39.874334",,52,,,,,,,,,,physicalInteraction7.pcapng
"Nov 28, 2023 17:33:39.876367",0.002033,5,,,0x0002,235,,,,,,physicalInteraction7.pcapng
"Nov 28, 2023 17:33:39.877911",,52,,,,,,,,,,physicalInteraction7.pcapng
"Nov 28, 2023 17:33:39.879916",0.002005,5,,,0x0002,165,,,,,,physicalInteraction7.pcapng
"Nov 28, 2023 17:33:39.885421",,45,,,,,,,,,,physicalInteraction7.pcapng
"Nov 28, 2023 17:33:39.887214",0.001793,5,,,0x0002,236,,,,,,physicalInteraction7.pcapng
"Nov 28, 2023 17:33:39.889666",,63,,,,,,,,,,physicalInteraction7.pcapng
"Nov 28, 2023 17:33:39.892065",0.002399,5,,,0x0002,17,,,,,,physicalInteraction7.pcapng
"Nov 28, 2023 17:33:39.900876",,54,,,,,,,,,,physicalInteraction7.pcapng
"Nov 28, 2023 17:33:39.902946",0.002070,5,,,0x0002,237,,,,,,physicalInteraction7.pcapng
"Nov 28, 2023 17:33:39.910706",,66,,,,,,,,,,physicalInteraction7.pcapng
"Nov 28, 2023 17:33:39.913201",0.002495,5,,,0x0002,121,,,,,,physicalInteraction7.pcapng
"Nov 28, 2023 17:33:39.934338",,54,,,,,,,,,,physicalInteraction7.pcapng
"Nov 28, 2023 17:33:39.936435",0.002097,5,,,0x0002,238,,,,,,physicalInteraction7.pcapng
"Nov 28, 2023 17:33:39.938397",,54,,,,,,,,,,physicalInteraction7.pcapng
"Nov 28, 2023 17:33:39.940477",0.002080,5,,,0x0002,166,,,,,,physicalInteraction7.pcapng
"Nov 28, 2023 17:33:39.948307",,66,,,,,,,,,,physicalInteraction7.pcapng
"Nov 28, 2023 17:33:39.950801",0.002494,5,,,0x0002,18,,,,,,physicalInteraction7.pcapng
"Nov 28, 2023 17:33:39.951643",,45,,,,,,,,,,physicalInteraction7.pcapng
"Nov 28, 2023 17:33:39.953452",0.001809,5,,,0x0002,239,,,,,,physicalInteraction7.pcapng
"Nov 28, 2023 17:33:39.956594",,45,,,,,,,,,,physicalInteraction7.pcapng
"Nov 28, 2023 17:33:39.958387",0.001793,5,,,0x0002,167,,,,,,physicalInteraction7.pcapng
"Nov 28, 2023 17:33:39.959666",,45,,,,,,,,,,physicalInteraction7.pcapng
"Nov 28, 2023 17:33:39.961448",0.001782,5,,,0x0002,167,,,,,,physicalInteraction7.pcapng
"Nov 28, 2023 17:33:39.979113",,54,,,,,,,,,,physicalInteraction7.pcapng
"Nov 28, 2023 17:33:39.981225",0.002112,5,,,0xd002,99,,,,,,physicalInteraction7.pcapng
"Nov 28, 2023 17:33:39.984041",,54,,,,,,,,,,physicalInteraction7.pcapng
"Nov 28, 2023 17:33:39.986152",0.002111,5,,,0x0002,240,,,,,,physicalInteraction7.pcapng
"Nov 28, 2023 17:33:39.987890",,54,,,,,,,,,,physicalInteraction7.pcapng
"Nov 28, 2023 17:33:39.989971",0.002081,5,,,0x0002,249,,,,,,physicalInteraction7.pcapng
"Nov 28, 2023 17:33:39.995905",,45,,,,,,,,,,physicalInteraction7.pcapng
"Nov 28, 2023 17:33:39.997697",0.001792,5,,,0x0002,241,,,,,,physicalInteraction7.pcapng
"Nov 28, 2023 17:33:40.002198",,66,,,,,,,,,,physicalInteraction7.pcapng
"Nov 28, 2023 17:33:40.004693",0.002495,5,,,0x0002,58,,,,,,physicalInteraction7.pcapng
"Nov 28, 2023 17:33:40.007255",,66,,,,,,,,,,physicalInteraction7.pcapng
"Nov 28, 2023 17:33:40.009750",0.002495,5,,,0x0002,58,,,,,,physicalInteraction7.pcapng
"Nov 28, 2023 17:33:40.015404",,52,,,,,,,,,,physicalInteraction7.pcapng
"Nov 28, 2023 17:33:40.017451",0.002047,5,,,0x0002,242,,,,,,physicalInteraction7.pcapng
"Nov 28, 2023 17:33:40.021128",,52,,,,,,,,,,physicalInteraction7.pcapng
"Nov 28, 2023 17:33:40.023145",0.002017,5,,,0x0002,250,,,,,,physicalInteraction7.pcapng
"Nov 28, 2023 17:33:40.028115",,45,,,,,,,,,,physicalInteraction7.pcapng
"Nov 28, 2023 17:33:40.029925",0.001810,5,,,0x0002,243,,,,,,physicalInteraction7.pcapng
"Nov 28, 2023 17:33:40.030264",0.000339,63,0x51bf,0x0306,0x8861,59,,,,,,physicalInteraction7.pcapng
"Nov 28, 2023 17:33:40.032734",,45,,,,,,,,,,physicalInteraction7.pcapng
"Nov 28, 2023 17:33:40.034527",0.001793,5,,,0x0002,168,,,,,,physicalInteraction7.pcapng
"Nov 28, 2023 17:33:40.035315",,63,,,,,,,,,,physicalInteraction7.pcapng
"Nov 28, 2023 17:33:40.037713",0.002398,5,,,0x0002,59,,,,,,physicalInteraction7.pcapng
"Nov 28, 2023 17:33:40.038534",,45,,,,,,,,,,physicalInteraction7.pcapng
"Nov 28, 2023 17:33:40.040357",0.001823,5,,,0x0002,244,,,,,,physicalInteraction7.pcapng
"Nov 28, 2023 17:33:40.043776",,45,,,,,,,,,,physicalInteraction7.pcapng
"Nov 28, 2023 17:33:40.045565",0.001789,5,,,0x0002,251,,,,,,physicalInteraction7.pcapng
"Nov 28, 2023 17:33:40.054296",,45,,,,,,,,,,physicalInteraction7.pcapng
"Nov 28, 2023 17:33:40.056119",0.001823,5,,,0x0002,245,,,,,,physicalInteraction7.pcapng
"Nov 28, 2023 17:33:40.060790",,45,,,,,,,,,,physicalInteraction7.pcapng
"Nov 28, 2023 17:33:40.062572",0.001782,5,,,0x0002,252,,,,,,physicalInteraction7.pcapng
"Nov 28, 2023 17:33:40.413020",0.350448,59,0x4308,0xffff,0x8841,73,0x4308,0xfffc,0x1209,,,physicalInteraction7.pcapng
"Nov 28, 2023 17:33:40.740760",0.327740,59,0x4308,0xffff,0x8841,74,0x4308,0xfffc,0x1209,,,physicalInteraction7.pcapng
"Nov 28, 2023 17:33:40.963535",0.222775,71,0xb1bf,0xffff,0x8841,60,0xb1bf,0xfffc,0x1209,,,physicalInteraction7.pcapng
"Nov 28, 2023 17:33:41.061560",0.098025,59,0x4308,0xffff,0x8841,75,0x4308,0xfffc,0x1209,,,physicalInteraction7.pcapng
"Nov 28, 2023 17:33:41.381716",0.320156,59,0x4308,0xffff,0x8841,76,0x4308,0xfffc,0x1209,,,physicalInteraction7.pcapng
"Nov 28, 2023 17:33:42.223959",0.842243,71,0x0000,0xffff,0x8841,246,0x0000,0xfffc,0x1209,,,physicalInteraction7.pcapng
"Nov 28, 2023 17:33:43.166871",0.942912,47,0x4308,0xffff,0x8841,77,0x4308,0xfffc,0x1209,,,physicalInteraction7.pcapng
"Nov 28, 2023 17:33:43.414809",0.247938,59,0x4308,0xffff,0x8841,78,0x4308,0xfffc,0x1209,,,physicalInteraction7.pcapng
"Nov 28, 2023 17:33:46.108781",2.693972,71,0x3d95,0xffff,0x8841,19,0x3d95,0xfffc,0x1209,,,physicalInteraction7.pcapng
"Nov 28, 2023 17:33:46.957677",0.848896,71,0xec7f,0xffff,0x8841,169,0xec7f,0xfffc,0x1209,,,physicalInteraction7.pcapng
"Nov 28, 2023 17:33:52.061305",5.103628,71,0x4e11,0xffff,0x8841,96,0x4e11,0xfffc,0x1209,,,physicalInteraction7.pcapng
"Nov 28, 2023 17:33:52.414295",0.352990,59,0x4308,0xffff,0x8841,82,0x4308,0xfffc,0x1209,,,physicalInteraction7.pcapng
"Nov 28, 2023 17:33:52.689848",0.275553,71,0xe1a6,0xffff,0x8841,122,0xe1a6,0xfffc,0x1209,,,physicalInteraction7.pcapng
"Nov 28, 2023 17:33:52.734217",0.044369,59,0x4308,0xffff,0x8841,83,0x4308,0xfffc,0x1209,,,physicalInteraction7.pcapng
"Nov 28, 2023 17:33:53.054055",0.319838,59,0x4308,0xffff,0x8841,84,0x4308,0xfffc,0x1209,,,physicalInteraction7.pcapng
"Nov 28, 2023 17:33:53.373286",0.319231,59,0x4308,0xffff,0x8841,85,0x4308,0xfffc,0x1209,,,physicalInteraction7.pcapng
"Nov 28, 2023 17:33:53.982610",0.609324,71,0x0112,0xffff,0x8841,115,0x0112,0xfffc,0x1209,,,physicalInteraction7.pcapng
"Nov 28, 2023 17:33:54.055749",0.073139,71,0x711c,0xffff,0x8841,253,0x711c,0xfffc,0x1209,,,physicalInteraction7.pcapng
"Nov 28, 2023 17:33:54.815874",0.760125,65,0x1e15,0xffff,0x8841,36,0x1e15,0xfffc,0x1209,,,physicalInteraction7.pcapng
"Nov 28, 2023 17:33:55.416646",0.600772,59,0x4308,0xffff,0x8841,86,0x4308,0xfffc,0x1209,,,physicalInteraction7.pcapng
"Nov 28, 2023 17:33:56.063485",0.646839,59,0x4308,0xffff,0x8841,88,0x4308,0xfffc,0x1209,,,physicalInteraction7.pcapng
"Nov 28, 2023 17:33:56.383675",0.320190,59,0x4308,0xffff,0x8841,89,,,,,,physicalInteraction7.pcapng
"Nov 28, 2023 17:33:58.280063",1.896388,47,0x4308,0xffff,0x8841,90,0x4308,0xfffc,0x1209,,,physicalInteraction7.pcapng
"Nov 28, 2023 17:33:58.882792",,52,,,,,,,,,,physicalInteraction7.pcapng
"Nov 28, 2023 17:33:58.884839",0.002047,5,,,0x0002,62,,,,,,physicalInteraction7.pcapng
"Nov 28, 2023 17:33:58.899371",,45,,,,,,,,,,physicalInteraction7.pcapng
"Nov 28, 2023 17:33:58.904919",0.005548,5,,,0x0002,247,,,,,,physicalInteraction7.pcapng
"Nov 28, 2023 17:33:58.918037",,45,,,,,,,,,,physicalInteraction7.pcapng
"Nov 28, 2023 17:33:59.435574",0.517537,71,0x0000,0xffff,0x8841,248,0x0000,0xfffc,0x1209,,,physicalInteraction7.pcapng
"Nov 28, 2023 17:34:01.085390",1.649816,71,0x3d95,0xffff,0x8841,20,0x3d95,0xfffc,0x1209,,,physicalInteraction7.pcapng
"Nov 28, 2023 17:34:01.351317",,63,,,,,,,,,,physicalInteraction7.pcapng
"Nov 28, 2023 17:34:01.353716",0.002399,5,,,0x0002,21,,,,,,physicalInteraction7.pcapng
"Nov 28, 2023 17:34:01.404363",,50,,,,,,,,,,physicalInteraction7.pcapng
"Nov 28, 2023 17:34:01.406332",0.001969,5,,,0x0002,249,,,,,,physicalInteraction7.pcapng
"Nov 28, 2023 17:34:01.408519",,50,,,,,,,,,,physicalInteraction7.pcapng
"Nov 28, 2023 17:34:01.410472",0.001953,5,,,0x0002,170,,,,,,physicalInteraction7.pcapng
"Nov 28, 2023 17:34:01.415770",,45,,,,,,,,,,physicalInteraction7.pcapng
"Nov 28, 2023 17:34:01.417593",0.001823,5,,,0x0002,22,,,,,,physicalInteraction7.pcapng
"Nov 28, 2023 17:34:01.430891",,57,,,,,,,,,,physicalInteraction7.pcapng
"Nov 28, 2023 17:34:01.433098",0.002207,5,,,0x0002,23,,,,,,physicalInteraction7.pcapng
"Nov 28, 2023 17:34:01.470859",,50,,,,,,,,,,physicalInteraction7.pcapng
"Nov 28, 2023 17:34:01.472828",0.001969,5,,,0x0002,250,,,,,,physicalInteraction7.pcapng
"Nov 28, 2023 17:34:01.484016",,50,,,,,,,,,,physicalInteraction7.pcapng
"Nov 28, 2023 17:34:01.485958",0.001942,5,,,0x0002,171,,,,,,physicalInteraction7.pcapng
"Nov 28, 2023 17:34:01.491084",,45,,,,,,,,,,physicalInteraction7.pcapng
"Nov 28, 2023 17:34:01.492907",0.001823,5,,,0x0002,24,,,,,,physicalInteraction7.pcapng
"Nov 28, 2023 17:34:04.013736",2.520829,71,0xec7f,0xffff,0x8841,172,0xec7f,0xfffc,0x1209,,,physicalInteraction7.pcapng
"Nov 28, 2023 17:34:04.415283",0.401547,59,0x4308,0xffff,0x8841,91,0x4308,0xfffc,0x1209,,,physicalInteraction7.pcapng
"Nov 28, 2023 17:34:04.737554",0.322271,59,0x4308,0xffff,0x8841,92,,,,,,physicalInteraction7.pcapng
"Nov 28, 2023 17:34:05.379227",0.641673,59,0x4308,0xffff,0x8841,94,0x4308,0xfffc,0x1209,,,physicalInteraction7.pcapng
"Nov 28, 2023 17:34:07.419402",2.040175,59,0x4308,0xffff,0x8841,95,0x4308,0xfffc,0x1209,,,physicalInteraction7.pcapng
"Nov 28, 2023 17:34:07.747215",0.327813,59,0x4308,0xffff,0x8841,96,0x4308,0xfffc,0x1209,,,physicalInteraction7.pcapng
"Nov 28, 2023 17:34:07.760651",0.013436,71,0xe1a6,0xffff,0x8841,123,0xe1a6,0xfffc,0x1209,,,physicalInteraction7.pcapng
"Nov 28, 2023 17:34:07.780003",0.019352,71,0x4e11,0xffff,0x8841,97,0x4e11,0xfffc,0x1209,,,physicalInteraction7.pcapng
"Nov 28, 2023 17:34:08.075435",0.295432,59,0x4308,0xffff,0x8841,97,0x4308,0xfffc,0x1209,,,physicalInteraction7.pcapng
"Nov 28, 2023 17:34:08.396581",0.321146,59,0x4308,0xffff,0x8841,98,0x4308,0xfffc,0x1209,,,physicalInteraction7.pcapng
"Nov 28, 2023 17:34:08.979383",0.582802,71,0x0112,0xffff,0x8841,116,0x0112,0xfffc,0x1209,,,physicalInteraction7.pcapng
"Nov 28, 2023 17:34:09.795686",0.816303,65,0x1e15,0xffff,0x8841,37,0x1e15,0xfffc,0x1209,,,physicalInteraction7.pcapng
"Nov 28, 2023 17:34:09.840465",,52,,,,,,,,,,physicalInteraction7.pcapng
"Nov 28, 2023 17:34:09.842474",0.002009,5,,,0x0002,251,,,,,,physicalInteraction7.pcapng
"Nov 28, 2023 17:34:09.850039",,63,,,,,,,,,,physicalInteraction7.pcapng
"Nov 28, 2023 17:34:09.852438",0.002399,5,,,0x0002,124,,,,,,physicalInteraction7.pcapng
"Nov 28, 2023 17:34:09.877979",,52,,,,,,,,,,physicalInteraction7.pcapng
"Nov 28, 2023 17:34:09.880012",0.002033,5,,,0x0002,252,,,,,,physicalInteraction7.pcapng
"Nov 28, 2023 17:34:09.882519",,52,,,,,,,,,,physicalInteraction7.pcapng
"Nov 28, 2023 17:34:09.884526",0.002007,5,,,0x0002,173,,,,,,physicalInteraction7.pcapng
"Nov 28, 2023 17:34:09.892107",,63,,,,,,,,,,physicalInteraction7.pcapng
"Nov 28, 2023 17:34:09.894505",0.002398,5,,,0x0002,25,,,,,,physicalInteraction7.pcapng
"Nov 28, 2023 17:34:09.895937",,45,,,,,,,,,,physicalInteraction7.pcapng
"Nov 28, 2023 17:34:09.897728",0.001791,5,,,0x0002,253,,,,,,physicalInteraction7.pcapng
"Nov 28, 2023 17:34:09.916450",,54,,,,,,,,,,physicalInteraction7.pcapng
"Nov 28, 2023 17:34:09.918531",0.002081,5,,,0x0002,254,,,,,,physicalInteraction7.pcapng
"Nov 28, 2023 17:34:09.926384",,66,,,,,,,,,,physicalInteraction7.pcapng
"Nov 28, 2023 17:34:09.928879",0.002495,5,,,0x0002,125,,,,,,physicalInteraction7.pcapng
"Nov 28, 2023 17:34:09.938281",,54,,,,,,,,,,physicalInteraction7.pcapng
"Nov 28, 2023 17:34:09.940379",0.002098,5,,,0x0002,255,,,,,,physicalInteraction7.pcapng
"Nov 28, 2023 17:34:09.943262",,54,,,,,,,,,,physicalInteraction7.pcapng
"Nov 28, 2023 17:34:09.945332",0.002070,5,,,0x0002,174,,,,,,physicalInteraction7.pcapng
"Nov 28, 2023 17:34:09.953187",,66,,,,,,,,,,physicalInteraction7.pcapng
"Nov 28, 2023 17:34:09.955682",0.002495,5,,,0x0002,26,,,,,,physicalInteraction7.pcapng
"Nov 28, 2023 17:34:09.958076",,45,,,,,,,,,,physicalInteraction7.pcapng
"Nov 28, 2023 17:34:09.959885",0.001809,5,,,0x0002,0,,,,,,physicalInteraction7.pcapng
"Nov 28, 2023 17:34:09.963637",,45,,,,,,,,,,physicalInteraction7.pcapng
"Nov 28, 2023 17:34:09.965418",0.001781,5,,,0x0002,175,,,,,,physicalInteraction7.pcapng
"Nov 28, 2023 17:34:09.971855",,54,,,,,,,,,,physicalInteraction7.pcapng
"Nov 28, 2023 17:34:09.973966",0.002111,5,,,0x0002,1,,,,,,physicalInteraction7.pcapng
"Nov 28, 2023 17:34:09.979545",,54,,,,,,,,,,physicalInteraction7.pcapng
"Nov 28, 2023 17:34:09.981656",0.002111,5,,,0x0002,1,,,,,,physicalInteraction7.pcapng
"Nov 28, 2023 17:34:09.987772",,54,,,,,,,,,,physicalInteraction7.pcapng
"Nov 28, 2023 17:34:09.989841",0.002069,5,,,0x0002,255,,,,,,physicalInteraction7.pcapng
"Nov 28, 2023 17:34:09.992428",,52,,,,,,,,,,physicalInteraction7.pcapng
"Nov 28, 2023 17:34:09.996963",,52,,,,,,,,,,physicalInteraction7.pcapng
"Nov 28, 2023 17:34:09.999754",,52,,,,,,,,,,physicalInteraction7.pcapng
"Nov 28, 2023 17:34:10.001769",0.002015,5,,,0x0002,0,,,,,,physicalInteraction7.pcapng
"Nov 28, 2023 17:34:10.002697",,66,,,,,,,,,,physicalInteraction7.pcapng
"Nov 28, 2023 17:34:10.005192",0.002495,5,,,0x0002,63,,,,,,physicalInteraction7.pcapng
"Nov 28, 2023 17:34:10.007896",,52,,,,,,,,,,physicalInteraction7.pcapng
"Nov 28, 2023 17:34:10.009943",0.002047,5,,,0x0002,2,,,,,,physicalInteraction7.pcapng
"Nov 28, 2023 17:34:10.010731",,63,,,,,,,,,,physicalInteraction7.pcapng
"Nov 28, 2023 17:34:10.013130",0.002399,5,,,0x0002,64,,,,,,physicalInteraction7.pcapng
"Nov 28, 2023 17:34:10.036385",,45,,,,,,,,,,physicalInteraction7.pcapng
"Nov 28, 2023 17:34:10.038166",0.001781,5,,,0x0002,3,,,,,,physicalInteraction7.pcapng
"Nov 28, 2023 17:34:10.042647",,45,,,,,,,,,,physicalInteraction7.pcapng
"Nov 28, 2023 17:34:10.044457",0.001810,5,,,0x0002,4,,,,,,physicalInteraction7.pcapng
"Nov 28, 2023 17:34:10.048330",,45,,,,,,,,,,physicalInteraction7.pcapng
"Nov 28, 2023 17:34:10.050019",0.001689,5,,,0x0002,176,,,,,,physicalInteraction7.pcapng
"Nov 28, 2023 17:34:10.052205",,45,,,,,,,,,,physicalInteraction7.pcapng
"Nov 28, 2023 17:34:10.054028",0.001823,5,,,0x0002,5,,,,,,physicalInteraction7.pcapng
"Nov 28, 2023 17:34:10.058325",,45,,,,,,,,,,physicalInteraction7.pcapng
"Nov 28, 2023 17:34:10.060111",0.001786,5,,,0x0002,1,,,,,,physicalInteraction7.pcapng
"Nov 28, 2023 17:34:10.062997",,45,,,,,,,,,,physicalInteraction7.pcapng
"Nov 28, 2023 17:34:10.068159",,45,,,,,,,,,,physicalInteraction7.pcapng
"Nov 28, 2023 17:34:10.069982",0.001823,5,,,0x0002,6,,,,,,physicalInteraction7.pcapng
"Nov 28, 2023 17:34:10.073962",,45,,,,,,,,,,physicalInteraction7.pcapng
"Nov 28, 2023 17:34:10.565481",0.491519,71,0x711c,0xffff,0x8841,3,0x711c,0xfffc,0x1209,,,physicalInteraction7.pcapng
"Nov 28, 2023 17:34:10.979665",0.414184,107,0xb1bf,0xffff,0x886b,65,,,,,,physicalInteraction7.pcapng
"Nov 28, 2023 17:34:13.433702",2.454037,47,0x4308,0xffff,0x8841,99,0x4308,0xfffc,0x1209,,,physicalInteraction7.pcapng
"Nov 28, 2023 17:34:15.115396",1.681694,71,0x0000,0xffff,0x8841,7,0x0000,0xfffc,0x1209,,,physicalInteraction7.pcapng
"Nov 28, 2023 17:34:16.094839",0.979443,71,0x3d95,0xffff,0x8841,27,0x3d95,0xfffc,0x1209,,,physicalInteraction7.pcapng
"Nov 28, 2023 17:34:16.742167",0.647328,59,0x4308,0xffff,0x8841,101,0x4308,0xfffc,0x1209,,,physicalInteraction7.pcapng
"Nov 28, 2023 17:34:17.062721",0.320554,59,0x4308,0xffff,0x8841,102,0x4308,0xfffc,0x1209,,,physicalInteraction7.pcapng
"Nov 28, 2023 17:34:17.384217",0.321496,59,0x4308,0xffff,0x8841,103,0x4308,0xfffc,0x1209,,,physicalInteraction7.pcapng
"Nov 28, 2023 17:34:18.993696",1.609479,71,0xec7f,0xffff,0x8841,177,0xec7f,0xfffc,0x1209,,,physicalInteraction7.pcapng
"Nov 28, 2023 17:34:19.421245",0.427549,59,0x4308,0xffff,0x8841,104,0x4308,0xfffc,0x1209,,,physicalInteraction7.pcapng
"Nov 28, 2023 17:34:19.751076",0.329831,59,0x4308,0xffff,0x8841,105,0x4308,0xfffc,0x1209,,,physicalInteraction7.pcapng
"Nov 28, 2023 17:34:20.392358",0.641282,59,0x4308,0xffff,0x8841,107,0x4308,0xfffc,0x1209,,,physicalInteraction7.pcapng
"Nov 28, 2023 17:34:22.723275",2.330917,68,0xe1a6,0xffff,0x8841,126,0xe1a6,0xfffc,0x1209,,,physicalInteraction7.pcapng
"Nov 28, 2023 17:34:23.979676",1.256401,71,0x0112,0xffff,0x8841,117,0x0112,0xfffc,0x1209,,,physicalInteraction7.pcapng
"Nov 28, 2023 17:34:24.813478",0.833802,65,0x1e15,0xffff,0x8841,38,0x1e15,0xfffc,0x1209,,,physicalInteraction7.pcapng
"Nov 28, 2023 17:34:25.053649",0.240171,71,0x4e11,0xffff,0x8841,98,0x4e11,0xfffc,0x1209,,,physicalInteraction7.pcapng
"Nov 28, 2023 17:34:26.004742",0.951093,71,0xb1bf,0xffff,0x8841,66,0xb1bf,0xfffc,0x1209,,,physicalInteraction7.pcapng
"Nov 28, 2023 17:34:26.828325",0.823583,71,0x711c,0xffff,0x8841,4,0x711c,0xfffc,0x1209,,,physicalInteraction7.pcapng
"Nov 28, 2023 17:34:27.341531",,59,,,,,,,,,,physicalInteraction7.pcapng
"Nov 28, 2023 17:34:27.343802",0.002271,5,,,0x0002,178,,,,,,physicalInteraction7.pcapng
"Nov 28, 2023 17:34:27.358335",,45,,,,,,,,,,physicalInteraction7.pcapng
"Nov 28, 2023 17:34:27.360144",0.001809,5,,,0x0002,8,,,,,,physicalInteraction7.pcapng
"Nov 28, 2023 17:34:27.387785",,49,,,,,,,,,,physicalInteraction7.pcapng
"Nov 28, 2023 17:34:27.389722",0.001937,5,,,0x0002,9,,,,,,physicalInteraction7.pcapng
"Nov 28, 2023 17:34:27.393678",,45,,,,,,,,,,physicalInteraction7.pcapng
"Nov 28, 2023 17:34:27.395501",0.001823,5,,,0x0002,179,,,,,,physicalInteraction7.pcapng
"Nov 28, 2023 17:34:28.427393",1.031892,59,0x4308,0xffff,0x8841,108,0x4308,0xfffc,0x1209,,,physicalInteraction7.pcapng
"Nov 28, 2023 17:34:28.585815",0.158422,47,0x4308,0xffff,0x8841,109,0x4308,0xfffc,0x1209,,,physicalInteraction7.pcapng
"Nov 28, 2023 17:34:29.068881",0.483066,59,0x4308,0xffff,0x8841,111,0x4308,0xfffc,0x1209,,,physicalInteraction7.pcapng
"Nov 28, 2023 17:34:29.388453",0.319572,59,0x4308,0xffff,0x8841,112,0x4308,0xfffc,0x1209,,,physicalInteraction7.pcapng
"Nov 28, 2023 17:34:31.163512",1.775059,71,0x3d95,0xffff,0x8841,28,0x3d95,0xfffc,0x1209,,,physicalInteraction7.pcapng
"Nov 28, 2023 17:34:31.203106",0.039594,71,0x0000,0xffff,0x8841,10,0x0000,0xfffc,0x1209,,,physicalInteraction7.pcapng
"Nov 28, 2023 17:34:31.425115",0.222009,59,0x4308,0xffff,0x8841,113,,,,,,physicalInteraction7.pcapng
"Nov 28, 2023 17:34:32.066206",0.641091,59,0x4308,0xffff,0x8841,115,0x4308,0xfffc,0x1209,,,physicalInteraction7.pcapng
"Nov 28, 2023 17:34:32.385437",0.319231,59,0x4308,0xffff,0x8841,116,0x4308,0xfffc,0x1209,,,physicalInteraction7.pcapng
"Nov 28, 2023 17:34:34.073914",1.688477,51,0x4308,0xffff,0x8841,117,0x4308,0xfffc,0x1209,,,physicalInteraction7.pcapng
"Nov 28, 2023 17:34:35.443678",1.369764,71,0xec7f,0xffff,0x8841,180,0xec7f,0xfffc,0x1209,,,physicalInteraction7.pcapng
"Nov 28, 2023 17:34:37.774374",2.330696,68,0xe1a6,0xffff,0x8841,127,0xe1a6,0xfffc,0x1209,,,physicalInteraction7.pcapng
"Nov 28, 2023 17:34:38.985728",1.211354,71,0x0112,0xffff,0x8841,118,0x0112,0xfffc,0x1209,,,physicalInteraction7.pcapng
"Nov 28, 2023 17:34:38.990511",0.004783,71,0x4e11,0xffff,0x8841,99,0x4e11,0xfffc,0x1209,,,physicalInteraction7.pcapng
"Nov 28, 2023 17:34:39.846950",,52,,,,,,,,,,physicalInteraction7.pcapng
"Nov 28, 2023 17:34:39.848967",0.002017,5,,,0x0002,11,,,,,,physicalInteraction7.pcapng
"Nov 28, 2023 17:34:39.856916",,63,,,,,,,,,,physicalInteraction7.pcapng
"Nov 28, 2023 17:34:39.859315",0.002399,5,,,0x0002,128,,,,,,physicalInteraction7.pcapng
"Nov 28, 2023 17:34:39.869408",0.010093,65,0x1e15,0xffff,0x8841,39,0x1e15,0xfffc,0x1209,,,physicalInteraction7.pcapng
"Nov 28, 2023 17:34:39.886077",,52,,,,,,,,,,physicalInteraction7.pcapng
"Nov 28, 2023 17:34:39.888110",0.002033,5,,,0x0002,12,,,,,,physicalInteraction7.pcapng
"Nov 28, 2023 17:34:39.890605",,52,,,,,,,,,,physicalInteraction7.pcapng
"Nov 28, 2023 17:34:39.892612",0.002007,5,,,0x0002,181,,,,,,physicalInteraction7.pcapng
"Nov 28, 2023 17:34:39.900402",,63,,,,,,,,,,physicalInteraction7.pcapng
"Nov 28, 2023 17:34:39.902801",0.002399,5,,,0x0002,29,,,,,,physicalInteraction7.pcapng
"Nov 28, 2023 17:34:39.904425",,45,,,,,,,,,,physicalInteraction7.pcapng
"Nov 28, 2023 17:34:39.906217",0.001792,5,,,0x0002,13,,,,,,physicalInteraction7.pcapng
"Nov 28, 2023 17:34:39.925631",,54,,,,,,,,,,physicalInteraction7.pcapng
"Nov 28, 2023 17:34:39.927701",0.002070,5,,,0x0002,14,,,,,,physicalInteraction7.pcapng
"Nov 28, 2023 17:34:39.935824",,66,,,,,,,,,,physicalInteraction7.pcapng
"Nov 28, 2023 17:34:39.938319",0.002495,5,,,0x0002,129,,,,,,physicalInteraction7.pcapng
"Nov 28, 2023 17:34:39.947299",,54,,,,,,,,,,physicalInteraction7.pcapng
"Nov 28, 2023 17:34:39.949396",0.002097,5,,,0x0002,15,,,,,,physicalInteraction7.pcapng
"Nov 28, 2023 17:34:39.952623",,54,,,,,,,,,,physicalInteraction7.pcapng
"Nov 28, 2023 17:34:39.954692",0.002069,5,,,0x0002,182,,,,,,physicalInteraction7.pcapng
"Nov 28, 2023 17:34:39.963152",,45,,,,,,,,,,physicalInteraction7.pcapng
"Nov 28, 2023 17:34:39.967949",,45,,,,,,,,,,physicalInteraction7.pcapng
"Nov 28, 2023 17:34:39.971971",,45,,,,,,,,,,physicalInteraction7.pcapng
"Nov 28, 2023 17:34:39.979118",,66,,,,,,,,,,physicalInteraction7.pcapng
"Nov 28, 2023 17:34:39.981613",0.002495,5,,,0x0002,30,,,,,,physicalInteraction7.pcapng
"Nov 28, 2023 17:34:39.985102",,54,,,,,,,,,,physicalInteraction7.pcapng
"Nov 28, 2023 17:34:39.987213",0.002111,5,,,0x0002,17,,,,,,physicalInteraction7.pcapng
"Nov 28, 2023 17:34:39.987835",,45,,,,,,,,,,physicalInteraction7.pcapng
"Nov 28, 2023 17:34:39.989616",0.001781,5,,,0x0002,183,,,,,,physicalInteraction7.pcapng
"Nov 28, 2023 17:34:39.990784",,54,,,,,,,,,,physicalInteraction7.pcapng
"Nov 28, 2023 17:34:39.992865",0.002081,5,,,0x0002,5,,,,,,physicalInteraction7.pcapng
"Nov 28, 2023 17:34:40.000167",,66,,,,,,,,,,physicalInteraction7.pcapng
"Nov 28, 2023 17:34:40.002662",0.002495,5,,,0x0002,67,,,,,,physicalInteraction7.pcapng
"Nov 28, 2023 17:34:40.009691",,52,,,,,,,,,,physicalInteraction7.pcapng
"Nov 28, 2023 17:34:40.011739",0.002048,5,,,0x0002,18,,,,,,physicalInteraction7.pcapng
"Nov 28, 2023 17:34:40.016002",,52,,,,,,,,,,physicalInteraction7.pcapng
"Nov 28, 2023 17:34:40.018017",0.002015,5,,,0x0002,6,,,,,,physicalInteraction7.pcapng
"Nov 28, 2023 17:34:40.024801",,45,,,,,,,,,,physicalInteraction7.pcapng
"Nov 28, 2023 17:34:40.026582",0.001781,5,,,0x0002,19,,,,,,physicalInteraction7.pcapng
"Nov 28, 2023 17:34:40.030120",,63,,,,,,,,,,physicalInteraction7.pcapng
"Nov 28, 2023 17:34:40.032519",0.002399,5,,,0x0002,68,,,,,,physicalInteraction7.pcapng
"Nov 28, 2023 17:34:40.033699",,45,,,,,,,,,,physicalInteraction7.pcapng
"Nov 28, 2023 17:34:40.045499",,45,,,,,,,,,,physicalInteraction7.pcapng
"Nov 28, 2023 17:34:40.047309",0.001810,5,,,0x0002,20,,,,,,physicalInteraction7.pcapng
"Nov 28, 2023 17:34:40.048839",,45,,,,,,,,,,physicalInteraction7.pcapng
"Nov 28, 2023 17:34:40.050621",0.001782,5,,,0x0002,184,,,,,,physicalInteraction7.pcapng
"Nov 28, 2023 17:34:40.052444",,45,,,,,,,,,,physicalInteraction7.pcapng
"Nov 28, 2023 17:34:40.054268",0.001824,5,,,0x0002,21,,,,,,physicalInteraction7.pcapng
"Nov 28, 2023 17:34:40.058626",,45,,,,,,,,,,physicalInteraction7.pcapng
"Nov 28, 2023 17:34:40.060419",0.001793,5,,,0x0002,7,,,,,,physicalInteraction7.pcapng
"Nov 28, 2023 17:34:40.066267",,45,,,,,,,,,,physicalInteraction7.pcapng
"Nov 28, 2023 17:34:40.069278",,45,,,,,,,,,,physicalInteraction7.pcapng
"Nov 28, 2023 17:34:40.071101",0.001823,5,,,0x0002,22,,,,,,physicalInteraction7.pcapng
"Nov 28, 2023 17:34:40.074037",,45,,,,,,,,,,physicalInteraction7.pcapng
"Nov 28, 2023 17:34:40.075829",0.001792,5,,,0x0002,8,,,,,,physicalInteraction7.pcapng
"Nov 28, 2023 17:34:40.431894",0.356065,59,0x4308,0xffff,0x8841,118,0x4308,0xfffc,0x1209,,,physicalInteraction7.pcapng
"Nov 28, 2023 17:34:40.752109",0.320215,59,0x4308,0xffff,0x8841,119,0x4308,0xfffc,0x1209,,,physicalInteraction7.pcapng
"Nov 28, 2023 17:34:40.946714",0.194605,71,0xb1bf,0xffff,0x8841,69,0xb1bf,0xfffc,0x1209,,,physicalInteraction7.pcapng
"Nov 28, 2023 17:34:41.072576",0.125862,59,0x4308,0xffff,0x8841,120,,,,,,physicalInteraction7.pcapng
"Nov 28, 2023 17:34:41.278693",0.206117,71,0x711c,0xffff,0x8841,9,0x711c,0xfffc,0x1209,,,physicalInteraction7.pcapng
"Nov 28, 2023 17:34:43.384317",,57,,,,,,,,,,physicalInteraction7.pcapng
"Nov 28, 2023 17:34:43.386524",0.002207,5,,,0x0002,130,,,,,,physicalInteraction7.pcapng
"Nov 28, 2023 17:34:43.427841",,50,,,,,,,,,,physicalInteraction7.pcapng
"Nov 28, 2023 17:34:43.429784",0.001943,5,,,0x0002,23,,,,,,physicalInteraction7.pcapng
"Nov 28, 2023 17:34:43.431843",0.002059,59,0x4308,0xffff,0x8841,122,0x4308,0xfffc,0x1209,,,physicalInteraction7.pcapng
"Nov 28, 2023 17:34:43.435159",,45,,,,,,,,,,physicalInteraction7.pcapng
"Nov 28, 2023 17:34:43.436982",0.001823,5,,,0x0002,131,,,,,,physicalInteraction7.pcapng
"Nov 28, 2023 17:34:43.449934",,63,,,,,,,,,,physicalInteraction7.pcapng
"Nov 28, 2023 17:34:43.452333",0.002399,5,,,0x0002,132,,,,,,physicalInteraction7.pcapng
"Nov 28, 2023 17:34:43.499677",,50,,,,,,,,,,physicalInteraction7.pcapng
"Nov 28, 2023 17:34:43.501619",0.001942,5,,,0x0002,24,,,,,,physicalInteraction7.pcapng
"Nov 28, 2023 17:34:43.507135",,45,,,,,,,,,,physicalInteraction7.pcapng
"Nov 28, 2023 17:34:43.508958",0.001823,5,,,0x0002,133,,,,,,physicalInteraction7.pcapng
"Nov 28, 2023 17:34:43.588275",0.079317,47,0x4308,0xffff,0x8841,123,0x4308,0xfffc,0x1209,,,physicalInteraction7.pcapng
"Nov 28, 2023 17:34:44.071633",0.483358,59,0x4308,0xffff,0x8841,125,0x4308,0xfffc,0x1209,,,physicalInteraction7.pcapng
"Nov 28, 2023 17:34:44.392487",0.320854,59,0x4308,0xffff,0x8841,126,,,,,,physicalInteraction7.pcapng
"Nov 28, 2023 17:34:46.104732",1.712245,71,0x3d95,0xffff,0x8841,31,0x3d95,0xfffc,0x1209,,,physicalInteraction7.pcapng
"Nov 28, 2023 17:34:46.662787",0.558055,71,0x0000,0xffff,0x8841,25,0x0000,0xfffc,0x1209,,,physicalInteraction7.pcapng
"Nov 28, 2023 17:34:52.431920",5.769133,59,0x4308,0xffff,0x8841,127,0x4308,0xfffc,0x1209,,,physicalInteraction7.pcapng
"Nov 28, 2023 17:34:52.765104",0.333184,68,0xe1a6,0xffff,0x8841,134,0xe1a6,0xfffc,0x1209,,,physicalInteraction7.pcapng
"Nov 28, 2023 17:34:52.942176",0.177072,71,0xec7f,0xffff,0x8841,185,0xec7f,0xfffc,0x1209,,,physicalInteraction7.pcapng
"Nov 28, 2023 17:34:53.397730",0.455554,59,0x3017,0x108f,0x8841,130,,,,,,physicalInteraction7.pcapng
"Nov 28, 2023 17:34:53.986660",0.588930,71,0x0112,0xffff,0x8841,119,0x0112,0xfffc,0x1209,,,physicalInteraction7.pcapng
"Nov 28, 2023 17:34:54.364478",0.377818,71,0x4e11,0xffff,0x8841,100,0x4e11,0xfffc,0x1209,,,physicalInteraction7.pcapng
"Nov 28, 2023 17:34:54.801364",0.436886,65,0x1e15,0xffff,0x8841,40,0x1e15,0xfffc,0x1209,,,physicalInteraction7.pcapng
"Nov 28, 2023 17:34:55.431931",0.630567,59,0x4308,0xffff,0x8841,131,,,,,,physicalInteraction7.pcapng
"Nov 28, 2023 17:34:55.765159",0.333228,59,0x4308,0xffff,0x8841,132,0x4308,0xfffc,0x1209,,,physicalInteraction7.pcapng
"Nov 28, 2023 17:34:56.086286",0.321127,59,0x4308,0xffff,0x8841,133,0x4308,0xfffc,0x1209,,,physicalInteraction7.pcapng
"Nov 28, 2023 17:34:56.404534",0.318248,59,0x4308,0xffff,0x8841,134,0x4308,0xfffc,0x1209,,,physicalInteraction7.pcapng
"Nov 28, 2023 17:34:58.142456",1.737922,71,0x711c,0xffff,0x8841,10,0x711c,0xfffc,0x1209,,,physicalInteraction7.pcapng
"Nov 28, 2023 17:34:58.621816",0.479360,47,0x4308,0xffff,0x8841,135,0x4308,0xfffc,0x1209,,,physicalInteraction7.pcapng
"Nov 28, 2023 17:35:01.112197",2.490381,71,0x3d95,0xffff,0x8841,32,0x3d95,0xfffc,0x1209,,,physicalInteraction7.pcapng
"Nov 28, 2023 17:35:01.747396",,50,,,,,,,,,,physicalInteraction7.pcapng
"Nov 28, 2023 17:35:01.749379",0.001983,5,,,0x0002,26,,,,,,physicalInteraction7.pcapng
"Nov 28, 2023 17:35:01.753488",0.004109,55,0x711c,0x0000,0x8861,11,0x711c,0x0000,0x1a09,,,physicalInteraction7.pcapng
"Nov 28, 2023 17:35:01.755631",0.002143,5,,,0x0002,11,,,,,,physicalInteraction7.pcapng
"Nov 28, 2023 17:35:01.801560",,53,,,,,,,,,,physicalInteraction7.pcapng
"Nov 28, 2023 17:35:01.803639",0.002079,5,,,0x0002,12,,,,,,physicalInteraction7.pcapng
"Nov 28, 2023 17:35:01.843368",,50,,,,,,,,,,physicalInteraction7.pcapng
"Nov 28, 2023 17:35:01.845351",0.001983,5,,,0x0002,27,,,,,,physicalInteraction7.pcapng
"Nov 28, 2023 17:35:01.850398",0.005047,55,0x711c,0x0000,0x8861,13,0x711c,0x0000,0x1a09,,,physicalInteraction7.pcapng
"Nov 28, 2023 17:35:01.852541",0.002143,5,,,0x0002,13,,,,,,physicalInteraction7.pcapng
"Nov 28, 2023 17:35:01.897315",,53,,,,,,,,,,physicalInteraction7.pcapng
"Nov 28, 2023 17:35:01.899394",0.002079,5,,,0x0002,14,,,,,,physicalInteraction7.pcapng
"Nov 28, 2023 17:35:02.659445",,60,,,,,,,,,,physicalInteraction7.pcapng
"Nov 28, 2023 17:35:02.661748",0.002303,5,,,0x0002,33,,,,,,physicalInteraction7.pcapng
"Nov 28, 2023 17:35:02.705481",,50,,,,,,,,,,physicalInteraction7.pcapng
"Nov 28, 2023 17:35:02.707451",0.001970,5,,,0x0002,28,,,,,,physicalInteraction7.pcapng
"Nov 28, 2023 17:35:02.709968",,50,,,,,,,,,,physicalInteraction7.pcapng
"Nov 28, 2023 17:35:02.711921",0.001953,5,,,0x0002,186,,,,,,physicalInteraction7.pcapng
"Nov 28, 2023 17:35:02.717213",,45,,,,,,,,,,physicalInteraction7.pcapng
"Nov 28, 2023 17:35:02.719036",0.001823,5,,,0x0002,34,,,,,,physicalInteraction7.pcapng
"Nov 28, 2023 17:35:03.702443",0.983407,71,0x0000,0xffff,0x8841,29,0x0000,0xfffc,0x1209,,,physicalInteraction7.pcapng
"Nov 28, 2023 17:35:04.434383",0.731940,59,0x4308,0xffff,0x8841,136,0x4308,0xfffc,0x1209,,,physicalInteraction7.pcapng
"Nov 28, 2023 17:35:04.778031",,52,,,,,,,,,,physicalInteraction7.pcapng
"Nov 28, 2023 17:35:04.780078",0.002047,5,,,0x0002,187,,,,,,physicalInteraction7.pcapng
"Nov 28, 2023 17:35:04.794282",,45,,,,,,,,,,physicalInteraction7.pcapng
"Nov 28, 2023 17:35:04.796091",0.001809,5,,,0x0002,30,,,,,,physicalInteraction7.pcapng
"Nov 28, 2023 17:35:04.820998",,50,,,,,,,,,,physicalInteraction7.pcapng
"Nov 28, 2023 17:35:04.822967",0.001969,5,,,0x0002,31,,,,,,physicalInteraction7.pcapng
"Nov 28, 2023 17:35:04.826065",,45,,,,,,,,,,physicalInteraction7.pcapng
"Nov 28, 2023 17:35:04.827888",0.001823,5,,,0x0002,188,,,,,,physicalInteraction7.pcapng
"Nov 28, 2023 17:35:05.402308",0.574420,59,0x4308,0xffff,0x8841,139,0x4308,0xfffc,0x1209,,,physicalInteraction7.pcapng
"Nov 28, 2023 17:35:07.434621",2.032313,59,0x4308,0xffff,0x8841,140,0x4308,0xfffc,0x1209,,,physicalInteraction7.pcapng
"Nov 28, 2023 17:35:07.741229",0.306608,68,0xe1a6,0xffff,0x8841,135,0xe1a6,0xfffc,0x1209,,,physicalInteraction7.pcapng
"Nov 28, 2023 17:35:07.760070",0.018841,59,0x4308,0xffff,0x8841,141,0x4308,0xfffc,0x1209,,,physicalInteraction7.pcapng
"Nov 28, 2023 17:35:07.947842",,57,,,,,,,,,,physicalInteraction7.pcapng
"Nov 28, 2023 17:35:07.950049",0.002207,5,,,0x0002,214,,,,,,physicalInteraction7.pcapng
"Nov 28, 2023 17:35:08.080359",0.130310,59,0x4308,0xffff,0x8841,142,0x4308,0xfffc,0x1209,,,physicalInteraction7.pcapng
"Nov 28, 2023 17:35:08.401296",0.320937,59,0x4308,0xffff,0x8841,143,0x4308,0xfffc,0x1209,,,physicalInteraction7.pcapng
"Nov 28, 2023 17:35:08.979272",0.577976,71,0x0112,0xffff,0x8841,120,0x0112,0xfffc,0x1209,,,physicalInteraction7.pcapng
"Nov 28, 2023 17:35:09.477334",,52,,,,,,,,,,physicalInteraction7.pcapng
"Nov 28, 2023 17:35:09.479381",0.002047,5,,,0x0002,189,,,,,,physicalInteraction7.pcapng
"Nov 28, 2023 17:35:09.492111",,45,,,,,,,,,,physicalInteraction7.pcapng
"Nov 28, 2023 17:35:09.493920",0.001809,5,,,0x0002,32,,,,,,physicalInteraction7.pcapng
"Nov 28, 2023 17:35:09.513761",,50,,,,,,,,,,physicalInteraction7.pcapng
"Nov 28, 2023 17:35:09.515731",0.001970,5,,,0x0002,33,,,,,,physicalInteraction7.pcapng
"Nov 28, 2023 17:35:09.518845",,45,,,,,,,,,,physicalInteraction7.pcapng
"Nov 28, 2023 17:35:09.520668",0.001823,5,,,0x0002,190,,,,,,physicalInteraction7.pcapng
"Nov 28, 2023 17:35:09.808326",0.287658,65,0x1e15,0xffff,0x8841,41,0x1e15,0xfffc,0x1209,,,physicalInteraction7.pcapng
"Nov 28, 2023 17:35:09.846012",,52,,,,,,,,,,physicalInteraction7.pcapng
"Nov 28, 2023 17:35:09.848019",0.002007,5,,,0x0002,34,,,,,,physicalInteraction7.pcapng
"Nov 28, 2023 17:35:09.855709",,63,,,,,,,,,,physicalInteraction7.pcapng
"Nov 28, 2023 17:35:09.858108",0.002399,5,,,0x0002,136,,,,,,physicalInteraction7.pcapng
"Nov 28, 2023 17:35:09.886926",,52,,,,,,,,,,physicalInteraction7.pcapng
"Nov 28, 2023 17:35:09.888959",0.002033,5,,,0x0002,35,,,,,,physicalInteraction7.pcapng
"Nov 28, 2023 17:35:09.892431",,52,,,,,,,,,,physicalInteraction7.pcapng
"Nov 28, 2023 17:35:09.894446",0.002015,5,,,0x0002,191,,,,,,physicalInteraction7.pcapng
"Nov 28, 2023 17:35:09.901998",,63,,,,,,,,,,physicalInteraction7.pcapng
"Nov 28, 2023 17:35:09.904397",0.002399,5,,,0x0002,35,,,,,,physicalInteraction7.pcapng
"Nov 28, 2023 17:35:09.906137",,45,,,,,,,,,,physicalInteraction7.pcapng
"Nov 28, 2023 17:35:09.907918",0.001781,5,,,0x0002,36,,,,,,physicalInteraction7.pcapng
"Nov 28, 2023 17:35:09.927034",,54,,,,,,,,,,physicalInteraction7.pcapng
"Nov 28, 2023 17:35:09.929116",0.002082,5,,,0x0002,37,,,,,,physicalInteraction7.pcapng
"Nov 28, 2023 17:35:09.936983",,66,,,,,,,,,,physicalInteraction7.pcapng
"Nov 28, 2023 17:35:09.939477",0.002494,5,,,0x0002,137,,,,,,physicalInteraction7.pcapng
"Nov 28, 2023 17:35:09.943209",,54,,,,,,,,,,physicalInteraction7.pcapng
"Nov 28, 2023 17:35:09.945307",0.002098,5,,,0x0002,38,,,,,,physicalInteraction7.pcapng
"Nov 28, 2023 17:35:09.947235",,54,,,,,,,,,,physicalInteraction7.pcapng
"Nov 28, 2023 17:35:09.949314",0.002079,5,,,0x0002,192,,,,,,physicalInteraction7.pcapng
"Nov 28, 2023 17:35:09.957008",,66,,,,,,,,,,physicalInteraction7.pcapng
"Nov 28, 2023 17:35:09.959503",0.002495,5,,,0x0002,36,,,,,,physicalInteraction7.pcapng
"Nov 28, 2023 17:35:09.977842",,45,,,,,,,,,,physicalInteraction7.pcapng
"Nov 28, 2023 17:35:09.979652",0.001810,5,,,0x0002,39,,,,,,physicalInteraction7.pcapng
"Nov 28, 2023 17:35:09.989270",,54,,,,,,,,,,physicalInteraction7.pcapng
"Nov 28, 2023 17:35:09.991381",0.002111,5,,,0x0002,40,,,,,,physicalInteraction7.pcapng
"Nov 28, 2023 17:35:09.994736",0.003355,54,0x711c,0xb1bf,0x8861,15,,,,,,physicalInteraction7.pcapng
"Nov 28, 2023 17:35:10.003154",,45,,,,,,,,,,physicalInteraction7.pcapng
"Nov 28, 2023 17:35:10.004935",0.001781,5,,,0x0002,41,,,,,,physicalInteraction7.pcapng
"Nov 28, 2023 17:35:10.008851",,52,,,,,,,,,,physicalInteraction7.pcapng
"Nov 28, 2023 17:35:10.010898",0.002047,5,,,0x0002,42,,,,,,physicalInteraction7.pcapng
"Nov 28, 2023 17:35:10.012996",,54,,,,,,,,,,physicalInteraction7.pcapng
"Nov 28, 2023 17:35:10.015074",0.002078,5,,,0x0002,15,,,,,,physicalInteraction7.pcapng
"Nov 28, 2023 17:35:10.017583",,52,,,,,,,,,,physicalInteraction7.pcapng
"Nov 28, 2023 17:35:10.019601",0.002018,5,,,0x0002,16,,,,,,physicalInteraction7.pcapng
"Nov 28, 2023 17:35:10.021222",,45,,,,,,,,,,physicalInteraction7.pcapng
"Nov 28, 2023 17:35:10.023031",0.001809,5,,,0x0002,43,,,,,,physicalInteraction7.pcapng
"Nov 28, 2023 17:35:10.024587",,45,,,,,,,,,,physicalInteraction7.pcapng
"Nov 28, 2023 17:35:10.026381",0.001794,5,,,0x0002,194,,,,,,physicalInteraction7.pcapng
"Nov 28, 2023 17:35:10.028958",0.002577,71,0xec7f,0xffff,0x8841,195,0xec7f,0xfffc,0x1209,,,physicalInteraction7.pcapng
"Nov 28, 2023 17:35:10.035573",,66,,,,,,,,,,physicalInteraction7.pcapng
"Nov 28, 2023 17:35:10.038068",0.002495,5,,,0x0002,71,,,,,,physicalInteraction7.pcapng
"Nov 28, 2023 17:35:10.040632",,66,,,,,,,,,,physicalInteraction7.pcapng
"Nov 28, 2023 17:35:10.043127",0.002495,5,,,0x0002,71,,,,,,physicalInteraction7.pcapng
"Nov 28, 2023 17:35:10.044068",,63,,,,,,,,,,physicalInteraction7.pcapng
"Nov 28, 2023 17:35:10.046467",0.002399,5,,,0x0002,72,,,,,,physicalInteraction7.pcapng
"Nov 28, 2023 17:35:10.065321",,45,,,,,,,,,,physicalInteraction7.pcapng
"Nov 28, 2023 17:35:10.067144",0.001823,5,,,0x0002,44,,,,,,physicalInteraction7.pcapng
"Nov 28, 2023 17:35:10.071907",0.004763,45,0x711c,0xb1bf,0x8861,17,,,,,,physicalInteraction7.pcapng
"Nov 28, 2023 17:35:10.077072",,45,,,,,,,,,,physicalInteraction7.pcapng
"Nov 28, 2023 17:35:10.078857",0.001785,5,,,0x0002,17,,,,,,physicalInteraction7.pcapng
"Nov 28, 2023 17:35:10.083137",,45,,,,,,,,,,physicalInteraction7.pcapng
"Nov 28, 2023 17:35:10.084961",0.001824,5,,,0x0002,45,,,,,,physicalInteraction7.pcapng
"Nov 28, 2023 17:35:10.089308",,45,,,,,,,,,,physicalInteraction7.pcapng
"Nov 28, 2023 17:35:10.091101",0.001793,5,,,0x0002,18,,,,,,physicalInteraction7.pcapng
"Nov 28, 2023 17:35:10.793968",0.702867,71,0x4e11,0xffff,0x8841,101,0x4e11,0xfffc,0x1209,,,physicalInteraction7.pcapng
"Nov 28, 2023 17:35:11.010924",0.216956,71,0xb1bf,0xffff,0x8841,73,0xb1bf,0xfffc,0x1209,,,physicalInteraction7.pcapng
"Nov 28, 2023 17:35:11.776792",,53,,,,,,,,,,physicalInteraction7.pcapng
"Nov 28, 2023 17:35:11.778870",0.002078,5,,,0x0002,184,,,,,,physicalInteraction7.pcapng
"Nov 28, 2023 17:35:13.695755",1.916885,47,0x4308,0xffff,0x8841,144,,,,,,physicalInteraction7.pcapng
"Nov 28, 2023 17:35:14.315435",0.619680,57,0x4308,0xffff,0x8841,145,0x4308,0xfffd,0x0208,,,physicalInteraction7.pcapng
"Nov 28, 2023 17:35:14.959634",0.644199,57,0x4308,0xffff,0x8841,146,0x4308,0xfffd,0x0208,,,physicalInteraction7.pcapng
"Nov 28, 2023 17:35:15.290871",0.331237,71,0x711c,0xffff,0x8841,19,0x711c,0xfffc,0x1209,,,physicalInteraction7.pcapng
"Nov 28, 2023 17:35:16.155266",0.864395,71,0x3d95,0xffff,0x8841,37,0x3d95,0xfffc,0x1209,,,physicalInteraction7.pcapng
"Nov 28, 2023 17:35:16.757994",0.602728,59,0x4308,0xffff,0x8841,148,0x4308,0xfffc,0x1209,,,physicalInteraction7.pcapng
"Nov 28, 2023 17:35:17.078130",0.320136,59,0x4308,0xffff,0x8841,149,,,,,,physicalInteraction7.pcapng
"Nov 28, 2023 17:35:17.398267",0.320137,59,0x4308,0xffff,0x8841,150,0x4308,0xfffc,0x1209,,,physicalInteraction7.pcapng
"Nov 28, 2023 17:35:17.978809",0.580542,71,0x0000,0xffff,0x8841,46,0x0000,0xfffc,0x1209,,,physicalInteraction7.pcapng
"Nov 28, 2023 17:35:19.436366",1.457557,59,0x4308,0xffff,0x8841,151,0x4308,0xfffc,0x1209,,,physicalInteraction7.pcapng
"Nov 28, 2023 17:35:19.755024",0.318658,59,0x4308,0xffff,0x8841,152,0x4308,0xfffc,0x1209,,,physicalInteraction7.pcapng
"Nov 28, 2023 17:35:20.396046",0.641022,59,0x4308,0xffff,0x8841,154,0x4308,0xfffc,0x1209,,,physicalInteraction7.pcapng
"Nov 28, 2023 17:35:22.689944",2.293898,71,0xe1a6,0xffff,0x8841,138,0xe1a6,0xfffc,0x1209,,,physicalInteraction7.pcapng
"Nov 28, 2023 17:35:22.769780",,58,,,,,,,,,,physicalInteraction7.pcapng
"Nov 28, 2023 17:35:22.772019",0.002239,5,,,0x0002,196,,,,,,physicalInteraction7.pcapng
"Nov 28, 2023 17:35:22.772969",,58,,,,,,,,,,physicalInteraction7.pcapng
"Nov 28, 2023 17:35:22.775208",0.002239,5,,,0x0002,196,,,,,,physicalInteraction7.pcapng
"Nov 28, 2023 17:35:22.789758",,45,,,,,,,,,,physicalInteraction7.pcapng
"Nov 28, 2023 17:35:22.794903",,45,,,,,,,,,,physicalInteraction7.pcapng
"Nov 28, 2023 17:35:22.796713",0.001810,5,,,0x0002,47,,,,,,physicalInteraction7.pcapng
"Nov 28, 2023 17:35:22.812748",,50,,,,,,,,,,physicalInteraction7.pcapng
"Nov 28, 2023 17:35:22.814717",0.001969,5,,,0x0002,48,,,,,,physicalInteraction7.pcapng
"Nov 28, 2023 17:35:22.817838",,45,,,,,,,,,,physicalInteraction7.pcapng
"Nov 28, 2023 17:35:22.819661",0.001823,5,,,0x0002,197,,,,,,physicalInteraction7.pcapng
"Nov 28, 2023 17:35:23.988844",1.169183,71,0x0112,0xffff,0x8841,121,0x0112,0xfffc,0x1209,,,physicalInteraction7.pcapng
"Nov 28, 2023 17:35:24.761997",0.773153,65,0x1e15,0xffff,0x8841,42,0x1e15,0xfffc,0x1209,,,physicalInteraction7.pcapng
"Nov 28, 2023 17:35:25.947131",1.185134,71,0xb1bf,0xffff,0x8841,74,0xb1bf,0xfffc,0x1209,,,physicalInteraction7.pcapng
"Nov 28, 2023 17:35:26.425345",0.478214,71,0x4e11,0xffff,0x8841,102,0x4e11,0xfffc,0x1209,,,physicalInteraction7.pcapng
"Nov 28, 2023 17:35:26.773610",0.348265,71,0xec7f,0xffff,0x8841,198,0xec7f,0xfffc,0x1209,,,physicalInteraction7.pcapng
"Nov 28, 2023 17:35:28.438564",1.664954,59,0x4308,0xffff,0x8841,155,,,,,,physicalInteraction7.pcapng
"Nov 28, 2023 17:35:29.093058",0.654494,59,0x4308,0xffff,0x8841,158,0x4308,0xfffc,0x1209,,,physicalInteraction7.pcapng
"Nov 28, 2023 17:35:29.413226",0.320168,59,0x4308,0xffff,0x8841,159,,,,,,physicalInteraction7.pcapng
"Nov 28, 2023 17:35:30.507891",1.094665,71,0x711c,0xffff,0x8841,20,0x711c,0xfffc,0x1209,,,physicalInteraction7.pcapng
"Nov 28, 2023 17:35:31.131656",0.623765,71,0x3d95,0xffff,0x8841,38,0x3d95,0xfffc,0x1209,,,physicalInteraction7.pcapng
"Nov 28, 2023 17:35:31.761274",0.629618,59,0x4308,0xffff,0x8841,161,0x4308,0xfffc,0x1209,,,physicalInteraction7.pcapng
"Nov 28, 2023 17:35:32.080453",0.319179,59,0x4308,0xffff,0x8841,162,0x4308,0xfffc,0x1209,,,physicalInteraction7.pcapng
"Nov 28, 2023 17:35:32.326161",0.245708,71,0x0000,0xffff,0x8841,49,0x0000,0xfffc,0x1209,,,physicalInteraction7.pcapng
"Nov 28, 2023 17:35:32.399670",0.073509,59,0x4308,0xffff,0x8841,163,0x4308,0xfffc,0x1209,,,physicalInteraction7.pcapng
"Nov 28, 2023 17:35:37.771606",5.371936,106,0xe1a6,0xffff,0x886a,139,,,,,,physicalInteraction7.pcapng
"Nov 28, 2023 17:35:38.985935",1.214329,71,0x0112,0xffff,0x8841,122,0x0112,0xfffc,0x1209,,,physicalInteraction7.pcapng
"Nov 28, 2023 17:35:39.850842",,52,,,,,,,,,,physicalInteraction7.pcapng
"Nov 28, 2023 17:35:39.852858",0.002016,5,,,0x0002,50,,,,,,physicalInteraction7.pcapng
"Nov 28, 2023 17:35:39.861516",,63,,,,,,,,,,physicalInteraction7.pcapng
"Nov 28, 2023 17:35:39.863915",0.002399,5,,,0x0002,140,,,,,,physicalInteraction7.pcapng
"Nov 28, 2023 17:35:39.884740",,52,,,,,,,,,,physicalInteraction7.pcapng
"Nov 28, 2023 17:35:39.886773",0.002033,5,,,0x0002,51,,,,,,physicalInteraction7.pcapng
"Nov 28, 2023 17:35:39.894728",,52,,,,,,,,,,physicalInteraction7.pcapng
"Nov 28, 2023 17:35:39.896744",0.002016,5,,,0x0002,199,,,,,,physicalInteraction7.pcapng
"Nov 28, 2023 17:35:39.900253",,45,,,,,,,,,,physicalInteraction7.pcapng
"Nov 28, 2023 17:35:39.902046",0.001793,5,,,0x0002,52,,,,,,physicalInteraction7.pcapng
"Nov 28, 2023 17:35:39.904420",,63,,,,,,,,,,physicalInteraction7.pcapng
"Nov 28, 2023 17:35:39.906819",0.002399,5,,,0x0002,39,,,,,,physicalInteraction7.pcapng
"Nov 28, 2023 17:35:39.929917",,54,,,,,,,,,,physicalInteraction7.pcapng
"Nov 28, 2023 17:35:39.931998",0.002081,5,,,0x0002,53,,,,,,physicalInteraction7.pcapng
"Nov 28, 2023 17:35:39.940110",,66,,,,,,,,,,physicalInteraction7.pcapng
"Nov 28, 2023 17:35:39.942605",0.002495,5,,,0x0002,141,,,,,,physicalInteraction7.pcapng
"Nov 28, 2023 17:35:39.951108",,54,,,,,,,,,,physicalInteraction7.pcapng
"Nov 28, 2023 17:35:39.953206",0.002098,5,,,0x0002,54,,,,,,physicalInteraction7.pcapng
"Nov 28, 2023 17:35:39.955760",,54,,,,,,,,,,physicalInteraction7.pcapng
"Nov 28, 2023 17:35:39.957840",0.002080,5,,,0x0002,200,,,,,,physicalInteraction7.pcapng
"Nov 28, 2023 17:35:39.965689",,66,,,,,,,,,,physicalInteraction7.pcapng
"Nov 28, 2023 17:35:39.968184",0.002495,5,,,0x0002,40,,,,,,physicalInteraction7.pcapng
"Nov 28, 2023 17:35:39.972459",,45,,,,,,,,,,physicalInteraction7.pcapng
"Nov 28, 2023 17:35:39.974268",0.001809,5,,,0x0002,55,,,,,,physicalInteraction7.pcapng
"Nov 28, 2023 17:35:39.976775",,45,,,,,,,,,,physicalInteraction7.pcapng
"Nov 28, 2023 17:35:39.978568",0.001793,5,,,0x0002,201,,,,,,physicalInteraction7.pcapng
"Nov 28, 2023 17:35:39.986094",,54,,,,,,,,,,physicalInteraction7.pcapng
"Nov 28, 2023 17:35:39.988205",0.002111,5,,,0x0002,56,,,,,,physicalInteraction7.pcapng
"Nov 28, 2023 17:35:39.993174",,54,,,,,,,,,,physicalInteraction7.pcapng
"Nov 28, 2023 17:35:39.995254",0.002080,5,,,0x0002,21,,,,,,physicalInteraction7.pcapng
"Nov 28, 2023 17:35:39.999059",,54,,,,,,,,,,physicalInteraction7.pcapng
"Nov 28, 2023 17:35:40.001170",0.002111,5,,,0x0002,56,,,,,,physicalInteraction7.pcapng
"Nov 28, 2023 17:35:40.002514",0.001344,107,0xb1af,0x0000,0x886b,75,,,,,,physicalInteraction7.pcapng
"Nov 28, 2023 17:35:40.005009",0.002495,5,,,0x0002,75,,,,,,physicalInteraction7.pcapng
"Nov 28, 2023 17:35:40.021521",,52,,,,,,,,,,physicalInteraction7.pcapng
"Nov 28, 2023 17:35:40.025180",,52,,,,,,,,,,physicalInteraction7.pcapng
"Nov 28, 2023 17:35:40.027227",0.002047,5,,,0x0002,57,,,,,,physicalInteraction7.pcapng
"Nov 28, 2023 17:35:40.029716",,52,,,,,,,,,,physicalInteraction7.pcapng
"Nov 28, 2023 17:35:40.031733",0.002017,5,,,0x0002,22,,,,,,physicalInteraction7.pcapng
"Nov 28, 2023 17:35:40.038098",,45,,,,,,,,,,physicalInteraction7.pcapng
"Nov 28, 2023 17:35:40.039893",0.001795,5,,,0x0002,58,,,,,,physicalInteraction7.pcapng
"Nov 28, 2023 17:35:40.046283",0.006390,5,,,0x0002,76,,,,,,physicalInteraction7.pcapng
"Nov 28, 2023 17:35:40.051357",0.005074,5,,,0x0002,76,,,,,,physicalInteraction7.pcapng
"Nov 28, 2023 17:35:40.056073",,45,,,,,,,,,,physicalInteraction7.pcapng
"Nov 28, 2023 17:35:40.057883",0.001810,5,,,0x0002,59,,,,,,physicalInteraction7.pcapng
"Nov 28, 2023 17:35:40.060355",,45,,,,,,,,,,physicalInteraction7.pcapng
"Nov 28, 2023 17:35:40.062146",0.001791,5,,,0x0002,202,,,,,,physicalInteraction7.pcapng
"Nov 28, 2023 17:35:40.063308",,45,,,,,,,,,,physicalInteraction7.pcapng
"Nov 28, 2023 17:35:40.065131",0.001823,5,,,0x0002,60,,,,,,physicalInteraction7.pcapng
"Nov 28, 2023 17:35:40.069277",,45,,,,,,,,,,physicalInteraction7.pcapng
"Nov 28, 2023 17:35:40.071100",0.001823,5,,,0x0002,61,,,,,,physicalInteraction7.pcapng
"Nov 28, 2023 17:35:40.074108",,45,,,,,,,,,,physicalInteraction7.pcapng
"Nov 28, 2023 17:35:40.079073",,45,,,,,,,,,,physicalInteraction7.pcapng
"Nov 28, 2023 17:35:40.730947",0.651874,71,0xec7f,0xffff,0x8841,203,0xec7f,0xfffc,0x1209,,,physicalInteraction7.pcapng
"Nov 28, 2023 17:35:40.892248",,60,,,,,,,,,,physicalInteraction7.pcapng
"Nov 28, 2023 17:35:40.894551",0.002303,5,,,0x0002,142,,,,,,physicalInteraction7.pcapng
"Nov 28, 2023 17:35:40.937268",,50,,,,,,,,,,physicalInteraction7.pcapng
"Nov 28, 2023 17:35:40.939219",0.001951,5,,,0x0002,62,,,,,,physicalInteraction7.pcapng
"Nov 28, 2023 17:35:40.944521",,45,,,,,,,,,,physicalInteraction7.pcapng
"Nov 28, 2023 17:35:40.946343",0.001822,5,,,0x0002,143,,,,,,physicalInteraction7.pcapng
"Nov 28, 2023 17:35:41.085223",0.138880,59,0x4308,0xffff,0x8841,166,0x4308,0xfffc,0x1209,,,physicalInteraction7.pcapng
"Nov 28, 2023 17:35:41.405734",0.320511,59,0x4308,0xffff,0x8841,167,,,,,,physicalInteraction7.pcapng
"Nov 28, 2023 17:35:43.440581",2.034847,59,0x4308,0xffff,0x8841,168,0x4308,0xfffc,0x1209,,,physicalInteraction7.pcapng
"Nov 28, 2023 17:35:43.639414",0.198833,71,0x4e11,0xffff,0x8841,103,0x4e11,0xfffc,0x1209,,,physicalInteraction7.pcapng
"Nov 28, 2023 17:35:43.764922",0.125508,59,0x4308,0xffff,0x8841,170,0x4308,0xfffc,0x1209,,,physicalInteraction7.pcapng
"Nov 28, 2023 17:35:44.404900",0.639978,57,,,,,,,,,,physicalInteraction7.pcapng
"Nov 28, 2023 17:35:45.004637",0.599737,71,0x711c,0xffff,0x8841,25,0x711c,0xfffc,0x1209,,,physicalInteraction7.pcapng
"Nov 28, 2023 17:35:46.212623",1.207986,71,0x3d95,0xffff,0x8841,41,0x3d95,0xfffc,0x1209,,,physicalInteraction7.pcapng
"Nov 28, 2023 17:35:48.990309",2.777686,71,0x0000,0xffff,0x8841,63,0x0000,0xfffc,0x1209,,,physicalInteraction7.pcapng
"Nov 28, 2023 17:35:52.441066",3.450757,59,0x4308,0xffff,0x8841,173,0x4308,0xfffc,0x1209,,,physicalInteraction7.pcapng
"Nov 28, 2023 17:35:52.761621",0.320555,59,0x4308,0xffff,0x8841,174,0x4308,0xfffc,0x1209,,,physicalInteraction7.pcapng
"Nov 28, 2023 17:35:52.769979",0.008358,71,0xe1a6,0xffff,0x8841,144,0xe1a6,0xfffc,0x1209,,,physicalInteraction7.pcapng
"Nov 28, 2023 17:35:53.080526",0.310547,59,0x4308,0xffff,0x8841,175,,,,,,physicalInteraction7.pcapng
"Nov 28, 2023 17:35:53.401397",0.320871,59,0x4308,0xffff,0x8841,176,,,,,,physicalInteraction7.pcapng
"Nov 28, 2023 17:35:53.982069",0.580672,97,0x0112,0xffff,0x8861,123,,,,,,physicalInteraction7.pcapng
"Nov 28, 2023 17:35:54.788886",0.806817,65,0x1e15,0xffff,0x8841,44,0x1e15,0xfffc,0x1209,,,physicalInteraction7.pcapng
"Nov 28, 2023 17:35:54.867657",0.078771,71,0xec7f,0xffff,0x8841,204,0xec7f,0xfffc,0x1209,,,physicalInteraction7.pcapng
"Nov 28, 2023 17:35:55.442149",0.574492,59,0x4308,0xf8ff,0x8841,177,,,,,,physicalInteraction7.pcapng
"Nov 28, 2023 17:35:55.768261",0.326112,59,0x4308,0xffff,0x8841,178,0x4308,0xfffc,0x1209,,,physicalInteraction7.pcapng
"Nov 28, 2023 17:35:56.013510",0.245249,71,0xb1bf,0xffff,0x8841,78,0xb1bf,0xfffc,0x1209,,,physicalInteraction7.pcapng
"Nov 28, 2023 17:35:56.088751",0.075241,59,0x4308,0xffff,0x8841,179,0x4308,0xfffc,0x1209,,,physicalInteraction7.pcapng
"Nov 28, 2023 17:35:56.414662",0.325911,59,0x4308,0xffff,0x8841,180,0x4308,0xfffc,0x1209,,,physicalInteraction7.pcapng
"Nov 28, 2023 17:35:58.794880",2.380218,47,0x4308,0xffff,0x8841,181,0x4308,0xfffc,0x1209,,,physicalInteraction7.pcapng
"Nov 28, 2023 17:35:59.444260",0.649380,71,0x711c,0xffff,0x8841,26,0x711c,0xfffc,0x1209,,,physicalInteraction7.pcapng
"Nov 28, 2023 17:36:00.488239",,50,,,,,,,,,,physicalInteraction7.pcapng
"Nov 28, 2023 17:36:00.490221",0.001982,5,,,0x0002,145,,,,,,physicalInteraction7.pcapng
"Nov 28, 2023 17:36:00.529801",,56,,,,,,,,,,physicalInteraction7.pcapng
"Nov 28, 2023 17:36:00.531945",0.002144,5,,,0x0002,64,,,,,,physicalInteraction7.pcapng
"Nov 28, 2023 17:36:00.537368",,45,,,,,,,,,,physicalInteraction7.pcapng
"Nov 28, 2023 17:36:00.539191",0.001823,5,,,0x0002,146,,,,,,physicalInteraction7.pcapng
"Nov 28, 2023 17:36:01.094122",0.554931,71,0x3d95,0xffff,0x8841,42,0x3d95,0xfffc,0x1209,,,physicalInteraction7.pcapng
"Nov 28, 2023 17:36:01.333928",0.239806,71,0x4e11,0xffff,0x8841,104,0x4e11,0xfffc,0x1209,,,physicalInteraction7.pcapng
"Nov 28, 2023 17:36:04.443369",3.109441,59,0x4308,0xffff,0x8841,182,0x4308,0xfffc,0x1209,,,physicalInteraction7.pcapng
"Nov 28, 2023 17:36:04.702573",0.259204,71,0x0000,0xffff,0x8841,65,0x0000,0xfffc,0x1209,,,physicalInteraction7.pcapng
"Nov 28, 2023 17:36:04.766316",0.063743,59,0x4308,0xffff,0x8841,183,0x4308,0xfffc,0x1209,,,physicalInteraction7.pcapng
"Nov 28, 2023 17:36:05.405163",0.638847,59,0x4308,0xffff,0x8841,185,0x4308,0xfffc,0x1209,,,physicalInteraction7.pcapng
"Nov 28, 2023 17:36:06.525917",,60,,,,,,,,,,physicalInteraction7.pcapng
"Nov 28, 2023 17:36:06.528220",0.002303,5,,,0x0002,79,,,,,,physicalInteraction7.pcapng
"Nov 28, 2023 17:36:06.569294",,50,,,,,,,,,,physicalInteraction7.pcapng
"Nov 28, 2023 17:36:06.571277",0.001983,5,,,0x0002,66,,,,,,physicalInteraction7.pcapng
"Nov 28, 2023 17:36:06.574259",,50,,,,,,,,,,physicalInteraction7.pcapng
"Nov 28, 2023 17:36:06.576212",0.001953,5,,,0x0002,27,,,,,,physicalInteraction7.pcapng
"Nov 28, 2023 17:36:06.581166",,45,,,,,,,,,,physicalInteraction7.pcapng
"Nov 28, 2023 17:36:06.582988",0.001822,5,,,0x0002,80,,,,,,physicalInteraction7.pcapng
"Nov 28, 2023 17:36:07.444306",0.861318,59,0x4308,0xffff,0x8841,186,0x4308,0xfffc,0x1209,,,physicalInteraction7.pcapng
"Nov 28, 2023 17:36:07.705538",0.261232,71,0xe1a6,0xffff,0x8841,147,0xe1a6,0xfffc,0x1209,,,physicalInteraction7.pcapng
"Nov 28, 2023 17:36:07.765187",0.059649,59,,,0x3841,187,,,,,,physicalInteraction7.pcapng
"Nov 28, 2023 17:36:08.093432",0.328245,59,0x4308,0xffff,0x8841,188,,,,,,physicalInteraction7.pcapng
"Nov 28, 2023 17:36:08.413406",0.319974,59,0x4308,0xffff,0x8841,189,,,,,,physicalInteraction7.pcapng
"Nov 28, 2023 17:36:08.990682",0.577276,71,0x0112,0xffff,0x8841,124,0x0112,0xfffc,0x1209,,,physicalInteraction7.pcapng
"Nov 28, 2023 17:36:09.783759",0.793077,71,0xec7f,0xffff,0x8841,205,0xec7f,0xfffc,0x1209,,,physicalInteraction7.pcapng
"Nov 28, 2023 17:36:09.796614",0.012855,65,0x1e15,0xffff,0x8841,45,0x1e15,0xfffc,0x1209,,,physicalInteraction7.pcapng
"Nov 28, 2023 17:36:09.854977",,52,,,,,,,,,,physicalInteraction7.pcapng
"Nov 28, 2023 17:36:09.856993",0.002016,5,,,0x0002,67,,,,,,physicalInteraction7.pcapng
"Nov 28, 2023 17:36:09.864641",,63,,,,,,,,,,physicalInteraction7.pcapng
"Nov 28, 2023 17:36:09.867040",0.002399,5,,,0x0002,148,,,,,,physicalInteraction7.pcapng
"Nov 28, 2023 17:36:09.895891",,52,,,,,,,,,,physicalInteraction7.pcapng
"Nov 28, 2023 17:36:09.897924",0.002033,5,,,0x0002,68,,,,,,physicalInteraction7.pcapng
"Nov 28, 2023 17:36:09.901077",,52,,,,,,,,,,physicalInteraction7.pcapng
"Nov 28, 2023 17:36:09.903093",0.002016,5,,,0x0002,206,,,,,,physicalInteraction7.pcapng
"Nov 28, 2023 17:36:09.910674",,63,,,,,,,,,,physicalInteraction7.pcapng
"Nov 28, 2023 17:36:09.913073",0.002399,5,,,0x0002,43,,,,,,physicalInteraction7.pcapng
"Nov 28, 2023 17:36:09.914331",,45,,,,,,,,,,physicalInteraction7.pcapng
"Nov 28, 2023 17:36:09.916124",0.001793,5,,,0x0002,69,,,,,,physicalInteraction7.pcapng
"Nov 28, 2023 17:36:09.935061",,54,,,,,,,,,,physicalInteraction7.pcapng
"Nov 28, 2023 17:36:09.937142",0.002081,5,,,0x0002,70,,,,,,physicalInteraction7.pcapng
"Nov 28, 2023 17:36:09.944783",,66,,,,,,,,,,physicalInteraction7.pcapng
"Nov 28, 2023 17:36:09.947278",0.002495,5,,,0x0002,149,,,,,,physicalInteraction7.pcapng
"Nov 28, 2023 17:36:09.948143",,54,,,,,,,,,,physicalInteraction7.pcapng
"Nov 28, 2023 17:36:09.950241",0.002098,5,,,0x0002,71,,,,,,physicalInteraction7.pcapng
"Nov 28, 2023 17:36:09.953465",,54,,,,,,,,,,physicalInteraction7.pcapng
"Nov 28, 2023 17:36:09.955535",0.002070,5,,,0x0002,207,,,,,,physicalInteraction7.pcapng
"Nov 28, 2023 17:36:09.963425",,66,,,,,,,,,,physicalInteraction7.pcapng
"Nov 28, 2023 17:36:09.965920",0.002495,5,,,0x0002,44,,,,,,physicalInteraction7.pcapng
"Nov 28, 2023 17:36:09.985108",,45,,,,,,,,,,physicalInteraction7.pcapng
"Nov 28, 2023 17:36:09.986918",0.001810,5,,,0x0002,72,,,,,,physicalInteraction7.pcapng
"Nov 28, 2023 17:36:09.990348",,45,,,,,,,,,,physicalInteraction7.pcapng
"Nov 28, 2023 17:36:09.992140",0.001792,5,,,0x0002,208,,,,,,physicalInteraction7.pcapng
"Nov 28, 2023 17:36:09.998805",,54,,,,,,,,,,physicalInteraction7.pcapng
"Nov 28, 2023 17:36:10.000916",0.002111,5,,,0x0002,73,,,,,,physicalInteraction7.pcapng
"Nov 28, 2023 17:36:10.004710",,54,,,,,,,,,,physicalInteraction7.pcapng
"Nov 28, 2023 17:36:10.006791",0.002081,5,,,0x0002,28,,,,,,physicalInteraction7.pcapng
"Nov 28, 2023 17:36:10.013835",,45,,,,,,,,,,physicalInteraction7.pcapng
"Nov 28, 2023 17:36:10.015627",0.001792,5,,,0x0002,74,,,,,,physicalInteraction7.pcapng
"Nov 28, 2023 17:36:10.019057",,66,,,,,,,,,,physicalInteraction7.pcapng
"Nov 28, 2023 17:36:10.021552",0.002495,5,,,0x0002,81,,,,,,physicalInteraction7.pcapng
"Nov 28, 2023 17:36:10.026172",,52,,,,,,,,,,physicalInteraction7.pcapng
"Nov 28, 2023 17:36:10.028219",0.002047,5,,,0x0002,75,,,,,,physicalInteraction7.pcapng
"Nov 28, 2023 17:36:10.032206",,52,,,,,,,,,,physicalInteraction7.pcapng
"Nov 28, 2023 17:36:10.034221",0.002015,5,,,0x0002,29,,,,,,physicalInteraction7.pcapng
"Nov 28, 2023 17:36:10.041161",,45,,,,,,,,,,physicalInteraction7.pcapng
"Nov 28, 2023 17:36:10.042970",0.001809,5,,,0x0002,76,,,,,,physicalInteraction7.pcapng
"Nov 28, 2023 17:36:10.046104",,45,,,,,,,,,,physicalInteraction7.pcapng
"Nov 28, 2023 17:36:10.047895",0.001791,5,,,0x0002,209,,,,,,physicalInteraction7.pcapng
"Nov 28, 2023 17:36:10.051616",,45,,,,,,,,,,physicalInteraction7.pcapng
"Nov 28, 2023 17:36:10.056218",,45,,,,,,,,,,physicalInteraction7.pcapng
"Nov 28, 2023 17:36:10.059998",,45,,,,,,,,,,physicalInteraction7.pcapng
"Nov 28, 2023 17:36:10.061821",0.001823,5,,,0x0002,77,,,,,,physicalInteraction7.pcapng
"Nov 28, 2023 17:36:10.067241",0.005420,5,,,0x0002,83,,,,,,physicalInteraction7.pcapng
"Nov 28, 2023 17:36:10.070273",,45,,,,,,,,,,physicalInteraction7.pcapng
"Nov 28, 2023 17:36:10.082607",,45,,,,,,,,,,physicalInteraction7.pcapng
"Nov 28, 2023 17:36:10.084430",0.001823,5,,,0x0002,78,,,,,,physicalInteraction7.pcapng
"Nov 28, 2023 17:36:10.088719",,45,,,,,,,,,,physicalInteraction7.pcapng
"Nov 28, 2023 17:36:10.090512",0.001793,5,,,0x5002,31,,,,,,physicalInteraction7.pcapng
"Nov 28, 2023 17:36:10.943849",0.853337,71,0xb1bf,0xffff,0x8841,84,0xb1bf,0xfffc,0x1209,,,physicalInteraction7.pcapng
"Nov 28, 2023 17:36:13.950188",3.006339,47,0x4308,0xffff,0x8841,190,0x4308,0xfffc,0x1209,,,physicalInteraction7.pcapng
"Nov 28, 2023 17:36:14.873436",0.923248,71,0x711c,0xffff,0x8841,32,0x711c,0xfffc,0x1209,,,physicalInteraction7.pcapng
"Nov 28, 2023 17:36:16.190179",1.316743,71,0x3d95,0xffff,0x8841,45,0x3d95,0xfffc,0x1209,,,physicalInteraction7.pcapng
"Nov 28, 2023 17:36:16.771148",0.580969,59,0x4308,0xffff,0x8841,192,0x4308,0xfffc,0x1209,,,physicalInteraction7.pcapng
"Nov 28, 2023 17:36:17.089724",0.318576,59,0x4308,0xffff,0x8841,193,0x4308,0xfffc,0x1209,,,physicalInteraction7.pcapng
"Nov 28, 2023 17:36:17.410858",0.321134,59,0x4308,0xffff,0x8841,194,,,,,,physicalInteraction7.pcapng
"Nov 28, 2023 17:36:18.914689",1.503831,71,0x4e11,0xffff,0x8841,105,0x4e11,0xfffc,0x1209,,,physicalInteraction7.pcapng
"Nov 28, 2023 17:36:19.442608",0.527919,59,0x4308,0xffff,0x8841,195,0x4308,0xfffc,0x1209,,,physicalInteraction7.pcapng
"Nov 28, 2023 17:36:19.768138",0.325530,59,0x4308,0xffff,0x8841,196,,,,,,physicalInteraction7.pcapng
"Nov 28, 2023 17:36:20.171940",0.403802,71,0x0000,0xffff,0x8841,79,0x0000,0xfffc,0x1209,,,physicalInteraction7.pcapng
"Nov 28, 2023 17:36:20.409224",0.237284,59,0x4308,0xffff,0x8841,198,0x4308,0xfffc,0x1209,,,physicalInteraction7.pcapng
"Nov 28, 2023 17:36:22.775478",2.366254,71,0xe1a6,0xffff,0x8841,150,0xe1a6,0xfffc,0x1209,,,physicalInteraction7.pcapng
"Nov 28, 2023 17:36:23.998975",1.223497,71,0x0112,0xffff,0x8841,125,0x0112,0xfffc,0x1209,,,physicalInteraction7.pcapng
"Nov 28, 2023 17:36:24.793409",0.794434,65,0x1e15,0xffff,0x8841,46,0x1e15,0xfffc,0x1209,,,physicalInteraction7.pcapng
"Nov 28, 2023 17:36:25.975878",1.182469,71,0xb1bf,0xffff,0x8841,85,0xb1bf,0xfffc,0x1209,,,physicalInteraction7.pcapng
"Nov 28, 2023 17:36:27.637589",1.661711,71,0xec7f,0xffff,0x8841,210,0xec7f,0xfffc,0x1209,,,physicalInteraction7.pcapng
"Nov 28, 2023 17:36:28.766056",1.128467,59,0x4308,0xffff,0x8841,200,0x4308,0xfffc,0x1209,,,physicalInteraction7.pcapng
"Nov 28, 2023 17:36:29.085208",0.319152,47,0x4308,0xffff,0x8841,201,0x4308,0xfffc,0x1209,,,physicalInteraction7.pcapng
"Nov 28, 2023 17:36:29.089926",0.004718,59,0x4308,0xffff,0x8841,202,0x4308,0xfffc,0x1209,,,physicalInteraction7.pcapng
"Nov 28, 2023 17:36:29.415703",0.325777,59,0x4308,0xffff,0x8841,203,0x4308,0xfffc,0x1209,,,physicalInteraction7.pcapng
"Nov 28, 2023 17:36:31.135119",1.719416,71,0x3d95,0xffff,0x8841,46,0x3d95,0xfffc,0x1209,,,physicalInteraction7.pcapng
"Nov 28, 2023 17:36:31.763173",0.628054,59,0x4308,0xffff,0x8841,205,0x4308,0xfffc,0x1209,,,physicalInteraction7.pcapng
"Nov 28, 2023 17:36:32.294402",0.531229,71,0x711c,0xffff,0x8841,33,0x711c,0xfffc,0x1209,,,physicalInteraction7.pcapng
"Nov 28, 2023 17:36:32.404511",0.110109,59,0x4308,0xffff,0x8841,207,,,,,,physicalInteraction7.pcapng
"Nov 28, 2023 17:36:34.258395",1.853884,71,0x0000,0xffff,0x8841,80,0x0000,0xfffc,0x1209,,,physicalInteraction7.pcapng
"Nov 28, 2023 17:36:36.065267",,50,,,,,,,,,,physicalInteraction7.pcapng
"Nov 28, 2023 17:36:36.069056",,50,,,,,,,,,,physicalInteraction7.pcapng
"Nov 28, 2023 17:36:36.073767",,50,,,,,,,,,,physicalInteraction7.pcapng
"Nov 28, 2023 17:36:36.077954",,50,,,,,,,,,,physicalInteraction7.pcapng
"Nov 28, 2023 17:36:36.118771",,50,,,,,,,,,,physicalInteraction7.pcapng
"Nov 28, 2023 17:36:36.123406",,50,,,,,,,,,,physicalInteraction7.pcapng
"Nov 28, 2023 17:36:36.127273",,50,,,,,,,,,,physicalInteraction7.pcapng
"Nov 28, 2023 17:36:36.185590",,50,,,,,,,,,,physicalInteraction7.pcapng
"Nov 28, 2023 17:36:36.188791",,50,,,,,,,,,,physicalInteraction7.pcapng
"Nov 28, 2023 17:36:36.191544",,50,,,,,,,,,,physicalInteraction7.pcapng
"Nov 28, 2023 17:36:36.194771",,50,,,,,,,,,,physicalInteraction7.pcapng
"Nov 28, 2023 17:36:36.224586",,50,,,,,,,,,,physicalInteraction7.pcapng
"Nov 28, 2023 17:36:36.229219",,50,,,,,,,,,,physicalInteraction7.pcapng
"Nov 28, 2023 17:36:36.234213",,50,,,,,,,,,,physicalInteraction7.pcapng
"Nov 28, 2023 17:36:36.239513",,50,,,,,,,,,,physicalInteraction7.pcapng
"Nov 28, 2023 17:36:36.267725",,50,,,,,,,,,,physicalInteraction7.pcapng
"Nov 28, 2023 17:36:36.271610",,50,,,,,,,,,,physicalInteraction7.pcapng
"Nov 28, 2023 17:36:36.275643",,50,,,,,,,,,,physicalInteraction7.pcapng
"Nov 28, 2023 17:36:36.279711",,50,,,,,,,,,,physicalInteraction7.pcapng
"Nov 28, 2023 17:36:36.318836",,50,,,,,,,,,,physicalInteraction7.pcapng
"Nov 28, 2023 17:36:36.324260",,50,,,,,,,,,,physicalInteraction7.pcapng
"Nov 28, 2023 17:36:36.327322",,50,,,,,,,,,,physicalInteraction7.pcapng
"Nov 28, 2023 17:36:36.331233",,50,,,,,,,,,,physicalInteraction7.pcapng
"Nov 28, 2023 17:36:36.405688",,50,,,,,,,,,,physicalInteraction7.pcapng
"Nov 28, 2023 17:36:36.409631",,50,,,,,,,,,,physicalInteraction7.pcapng
"Nov 28, 2023 17:36:36.418913",,50,,,,,,,,,,physicalInteraction7.pcapng
"Nov 28, 2023 17:36:36.423824",,50,,,,,,,,,,physicalInteraction7.pcapng
"Nov 28, 2023 17:36:36.462865",,50,,,,,,,,,,physicalInteraction7.pcapng
"Nov 28, 2023 17:36:36.466163",,50,,,,,,,,,,physicalInteraction7.pcapng
"Nov 28, 2023 17:36:36.471675",,50,,,,,,,,,,physicalInteraction7.pcapng
"Nov 28, 2023 17:36:36.475762",,50,,,,,,,,,,physicalInteraction7.pcapng
"Nov 28, 2023 17:36:36.509168",,50,,,,,,,,,,physicalInteraction7.pcapng
"Nov 28, 2023 17:36:36.514334",,50,,,,,,,,,,physicalInteraction7.pcapng
"Nov 28, 2023 17:36:36.522809",,50,,,,,,,,,,physicalInteraction7.pcapng
"Nov 28, 2023 17:36:36.527719",,50,,,,,,,,,,physicalInteraction7.pcapng
"Nov 28, 2023 17:36:36.572728",,50,,,,,,,,,,physicalInteraction7.pcapng
"Nov 28, 2023 17:36:36.576026",,50,,,,,,,,,,physicalInteraction7.pcapng
"Nov 28, 2023 17:36:36.580897",,50,,,,,,,,,,physicalInteraction7.pcapng
"Nov 28, 2023 17:36:36.585415",,50,,,,,,,,,,physicalInteraction7.pcapng
"Nov 28, 2023 17:36:36.637879",,50,,,,,,,,,,physicalInteraction7.pcapng
"Nov 28, 2023 17:36:36.641079",,50,,,,,,,,,,physicalInteraction7.pcapng
"Nov 28, 2023 17:36:36.643832",,50,,,,,,,,,,physicalInteraction7.pcapng
"Nov 28, 2023 17:36:36.647060",,50,,,,,,,,,,physicalInteraction7.pcapng
"Nov 28, 2023 17:36:37.864391",1.217331,68,0xe1a6,0xffff,0x8841,151,0xe1a6,0xfffc,0x1209,,,physicalInteraction7.pcapng
"Nov 28, 2023 17:36:39.003429",1.139038,71,0x0112,0xffff,0x8841,126,0x0112,0xfffc,0x1209,,,physicalInteraction7.pcapng
"Nov 28, 2023 17:36:39.856316",,52,,,,,,,,,,physicalInteraction7.pcapng
"Nov 28, 2023 17:36:39.858331",0.002015,5,,,0x0002,92,,,,,,physicalInteraction7.pcapng
"Nov 28, 2023 17:36:39.866112",,63,,,,,,,,,,physicalInteraction7.pcapng
"Nov 28, 2023 17:36:39.868511",0.002399,5,,,0x0002,152,,,,,,physicalInteraction7.pcapng
"Nov 28, 2023 17:36:39.892620",,52,,,,,,,,,,physicalInteraction7.pcapng
"Nov 28, 2023 17:36:39.894653",0.002033,5,,,0x0002,93,,,,,,physicalInteraction7.pcapng
"Nov 28, 2023 17:36:39.902325",,52,,,,,,,,,,physicalInteraction7.pcapng
"Nov 28, 2023 17:36:39.904341",0.002016,5,,,0x0002,211,,,,,,physicalInteraction7.pcapng
"Nov 28, 2023 17:36:39.906232",,45,,,,,,,,,,physicalInteraction7.pcapng
"Nov 28, 2023 17:36:39.908013",0.001781,5,,,0x0002,94,,,,,,physicalInteraction7.pcapng
"Nov 28, 2023 17:36:39.912084",,63,,,,,,,,,,physicalInteraction7.pcapng
"Nov 28, 2023 17:36:39.914482",0.002398,5,,,0x0002,47,,,,,,physicalInteraction7.pcapng
"Nov 28, 2023 17:36:39.929445",,54,,,,,,,,,,physicalInteraction7.pcapng
"Nov 28, 2023 17:36:39.931525",0.002080,5,,,0x0002,95,,,,,,physicalInteraction7.pcapng
"Nov 28, 2023 17:36:39.939381",,66,,,,,,,,,,physicalInteraction7.pcapng
"Nov 28, 2023 17:36:39.941876",0.002495,5,,,0x0002,153,,,,,,physicalInteraction7.pcapng
"Nov 28, 2023 17:36:39.946747",,54,,,,,,,,,,physicalInteraction7.pcapng
"Nov 28, 2023 17:36:39.948844",0.002097,5,,,0x0002,96,,,,,,physicalInteraction7.pcapng
"Nov 28, 2023 17:36:39.951128",,54,,,,,,,,,,physicalInteraction7.pcapng
"Nov 28, 2023 17:36:39.953209",0.002081,5,,,0x0002,212,,,,,,physicalInteraction7.pcapng
"Nov 28, 2023 17:36:39.961051",,66,,,,,,,,,,physicalInteraction7.pcapng
"Nov 28, 2023 17:36:39.963546",0.002495,5,,,0x0002,48,,,,,,physicalInteraction7.pcapng
"Nov 28, 2023 17:36:39.981743",,45,,,,,,,,,,physicalInteraction7.pcapng
"Nov 28, 2023 17:36:39.983552",0.001809,5,,,0x0002,97,,,,,,physicalInteraction7.pcapng
"Nov 28, 2023 17:36:39.985413",,45,,,,,,,,,,physicalInteraction7.pcapng
"Nov 28, 2023 17:36:39.987205",0.001792,5,,,0x0002,213,,,,,,physicalInteraction7.pcapng
"Nov 28, 2023 17:36:39.989592",,54,,,,,,,,,,physicalInteraction7.pcapng
"Nov 28, 2023 17:36:39.991703",0.002111,5,,,0x0002,98,,,,,,physicalInteraction7.pcapng
"Nov 28, 2023 17:36:39.996472",0.004769,54,0x711c,0xb1bf,0x8861,34,,,,,,physicalInteraction7.pcapng
"Nov 28, 2023 17:36:40.001853",0.005381,54,0x711c,0xb1bf,0x8861,34,,,,,,physicalInteraction7.pcapng
"Nov 28, 2023 17:36:40.005107",,45,,,,,,,,,,physicalInteraction7.pcapng
"Nov 28, 2023 17:36:40.006899",0.001792,5,,,0x0002,99,,,,,,physicalInteraction7.pcapng
"Nov 28, 2023 17:36:40.008983",0.002084,5,,,0x0002,34,,,,,,physicalInteraction7.pcapng
"Nov 28, 2023 17:36:40.012642",,52,,,,,,,,,,physicalInteraction7.pcapng
"Nov 28, 2023 17:36:40.014690",0.002048,5,,,0x0002,100,,,,,,physicalInteraction7.pcapng
"Nov 28, 2023 17:36:40.016216",,66,,,,,,,,,,physicalInteraction7.pcapng
"Nov 28, 2023 17:36:40.018711",0.002495,5,,,0x0002,86,,,,,,physicalInteraction7.pcapng
"Nov 28, 2023 17:36:40.021261",,66,,,,,,,,,,physicalInteraction7.pcapng
"Nov 28, 2023 17:36:40.023756",0.002495,5,,,0x0002,86,,,,,,physicalInteraction7.pcapng
"Nov 28, 2023 17:36:40.026310",,66,,,,,,,,,,physicalInteraction7.pcapng
"Nov 28, 2023 17:36:40.028805",0.002495,5,,,0x0002,86,,,,,,physicalInteraction7.pcapng
"Nov 28, 2023 17:36:40.030774",,52,,,,,,,,,,physicalInteraction7.pcapng
"Nov 28, 2023 17:36:40.034161",0.003387,52,0x711c,0xb1bf,0x8861,35,,,,,,physicalInteraction7.pcapng
"Nov 28, 2023 17:36:40.038762",,66,,,,,,,,,,physicalInteraction7.pcapng
"Nov 28, 2023 17:36:40.041257",0.002495,5,,,0x0002,87,,,,,,physicalInteraction7.pcapng
"Nov 28, 2023 17:36:40.048286",,45,,,,,,,,,,physicalInteraction7.pcapng
"Nov 28, 2023 17:36:40.050096",0.001810,5,,,0x0002,101,,,,,,physicalInteraction7.pcapng
"Nov 28, 2023 17:36:40.053225",,45,,,,,,,,,,physicalInteraction7.pcapng
"Nov 28, 2023 17:36:40.055018",0.001793,5,,,0x0002,214,,,,,,physicalInteraction7.pcapng
"Nov 28, 2023 17:36:40.056382",,45,,,,,,,,,,physicalInteraction7.pcapng
"Nov 28, 2023 17:36:40.058205",0.001823,5,,,0x0002,102,,,,,,physicalInteraction7.pcapng
"Nov 28, 2023 17:36:40.061285",,52,,,,,,,,,,physicalInteraction7.pcapng
"Nov 28, 2023 17:36:40.063301",0.002016,5,,,0x0002,36,,,,,,physicalInteraction7.pcapng
"Nov 28, 2023 17:36:40.064610",,45,,,,,,,,,,physicalInteraction7.pcapng
"Nov 28, 2023 17:36:40.066433",0.001823,5,,,0x0002,103,,,,,,physicalInteraction7.pcapng
"Nov 28, 2023 17:36:40.069076",0.002643,45,0x711c,0xb1bf,0x8861,37,,,,,,physicalInteraction7.pcapng
"Nov 28, 2023 17:36:40.074247",0.005171,45,0x711c,0xb1bf,0x8861,37,,,,,,physicalInteraction7.pcapng
"Nov 28, 2023 17:36:40.078166",,45,,,,,,,,,,physicalInteraction7.pcapng
"Nov 28, 2023 17:36:40.083551",0.005385,45,0x614f,0xf1bf,0x8861,38,,,,,,physicalInteraction7.pcapng
"Nov 28, 2023 17:36:40.087638",,45,,,,,,,,,,physicalInteraction7.pcapng
"Nov 28, 2023 17:36:40.092797",,45,,,,,,,,,,physicalInteraction7.pcapng
"Nov 28, 2023 17:36:40.096087",0.003290,63,0xb1bf,0xe500,0x8861,89,,,,,,physicalInteraction7.pcapng
"Nov 28, 2023 17:36:40.098486",0.002399,5,,,0x0002,89,,,,,,physicalInteraction7.pcapng
"Nov 28, 2023 17:36:40.099254",,45,,,,,,,,,,physicalInteraction7.pcapng
"Nov 28, 2023 17:36:40.113261",,45,,,,,,,,,,physicalInteraction7.pcapng
"Nov 28, 2023 17:36:40.115083",0.001822,5,,,0x0002,104,,,,,,physicalInteraction7.pcapng
"Nov 28, 2023 17:36:40.119435",,45,,,,,,,,,,physicalInteraction7.pcapng
"Nov 28, 2023 17:36:40.769827",0.650392,59,0x4308,0xffff,0x8841,209,,,,,,physicalInteraction7.pcapng
"Nov 28, 2023 17:36:41.032546",0.262719,71,0xb1bf,0xffff,0x8841,90,0xb1bf,0xfffc,0x1209,,,physicalInteraction7.pcapng
"Nov 28, 2023 17:36:41.090699",0.058153,59,0x4308,0xffff,0x8841,210,0x4308,0xfffc,0x1209,,,physicalInteraction7.pcapng
"Nov 28, 2023 17:36:43.445682",2.354983,59,0x4308,0xffff,0x8841,212,0x4308,0xfffc,0x1209,,,physicalInteraction7.pcapng
"Nov 28, 2023 17:36:43.768402",0.322720,59,0x4308,0xffff,0x8841,213,,,,,,physicalInteraction7.pcapng
"Nov 28, 2023 17:36:44.127338",0.358936,47,0x4308,0xffff,0x8841,215,0x4308,0xfffc,0x1209,,,physicalInteraction7.pcapng
"Nov 28, 2023 17:36:44.264875",0.137537,71,0xec7f,0xffff,0x8841,215,0xec7f,0xfffc,0x1209,,,physicalInteraction7.pcapng
"Nov 28, 2023 17:36:44.417466",0.152591,59,0x4308,0xffff,0x8841,216,0x4308,0xfffc,0x1209,,,physicalInteraction7.pcapng
"Nov 28, 2023 17:36:46.216717",1.799251,71,0x3d95,0xffff,0x8841,49,0x3d95,0xfffc,0x1209,,,physicalInteraction7.pcapng
"Nov 28, 2023 17:36:47.250948",1.034231,71,0x711c,0xffff,0x8841,40,0x711c,0xfffc,0x1209,,,physicalInteraction7.pcapng
"Nov 28, 2023 17:36:48.813594",1.562646,71,0x0000,0xffff,0x8841,105,0x0000,0xfffc,0x1209,,,physicalInteraction7.pcapng
"Nov 28, 2023 17:36:52.446701",3.633107,59,0x4308,0xffff,0x8841,217,0x4308,0xfffc,0x1209,,,physicalInteraction7.pcapng
"Nov 28, 2023 17:36:52.765942",0.319241,59,0x4308,0xffff,0x8841,218,0x4308,0xfffc,0x1209,,,physicalInteraction7.pcapng
"Nov 28, 2023 17:36:52.949736",0.183794,71,0x4e11,0xffff,0x8841,107,0x4e11,0xfffc,0x1209,,,physicalInteraction7.pcapng
"Nov 28, 2023 17:36:53.086751",0.137015,59,0x4308,0xffff,0x8841,219,0x4308,0xfffc,0x1209,,,physicalInteraction7.pcapng
"Nov 28, 2023 17:36:53.405364",0.318613,59,0x4308,0xffff,0x8841,220,,,,,,physicalInteraction7.pcapng
"Nov 28, 2023 17:36:54.005962",0.600598,71,0x0112,0xffff,0x8841,127,0x0112,0xfffc,0x1209,,,physicalInteraction7.pcapng
"Nov 28, 2023 17:36:54.847126",0.841164,65,0x1e15,0xffff,0x8841,48,0x1e15,0xfffc,0x1209,,,physicalInteraction7.pcapng
"Nov 28, 2023 17:36:55.445759",0.598633,59,0x4308,0xffff,0x8841,221,,,,,,physicalInteraction7.pcapng
"Nov 28, 2023 17:36:55.763912",0.318153,59,0x4308,0xffff,0x8841,222,0x4308,0xfffc,0x1209,,,physicalInteraction7.pcapng
"Nov 28, 2023 17:36:56.022992",0.259080,71,0xb1bf,0xffff,0x8841,91,0xb1bf,0xfffc,0x1209,,,physicalInteraction7.pcapng
"Nov 28, 2023 17:36:56.091501",0.068509,59,0x4308,0xffff,0x8841,223,0x4308,0xfffc,0x1209,,,physicalInteraction7.pcapng
"Nov 28, 2023 17:36:56.412898",0.321397,59,0x4308,0xffff,0x8841,224,0x4308,0xfffc,0x1209,,,physicalInteraction7.pcapng
"Nov 28, 2023 17:36:57.511548",,53,,,,,,,,,,physicalInteraction7.pcapng
"Nov 28, 2023 17:36:57.515947",,53,,,,,,,,,,physicalInteraction7.pcapng
"Nov 28, 2023 17:36:57.517990",0.002043,5,,,0x0002,95,,,,,,physicalInteraction7.pcapng
"Nov 28, 2023 17:36:57.521875",,53,,,,,,,,,,physicalInteraction7.pcapng
"Nov 28, 2023 17:36:57.523954",0.002079,5,,,0x0002,155,,,,,,physicalInteraction7.pcapng
"Nov 28, 2023 17:36:58.022734",0.498780,12,0x4615,0xe1a6,0x8863,96,,,,,,physicalInteraction7.pcapng
"Nov 28, 2023 17:36:58.030443",0.007709,12,0x4615,0xe1a6,0x8863,96,,,,,,physicalInteraction7.pcapng
"Nov 28, 2023 17:36:58.031179",0.000736,5,,,0x0002,96,,,,,,physicalInteraction7.pcapng
"Nov 28, 2023 17:36:58.506852",,55,,,,,,,,,,physicalInteraction7.pcapng
"Nov 28, 2023 17:36:58.508994",0.002142,5,,,0x0002,185,,,,,,physicalInteraction7.pcapng
"Nov 28, 2023 17:36:59.240425",0.731431,47,0x4308,0xffff,0x8841,225,0x4308,0xfffc,0x1209,,,physicalInteraction7.pcapng
"Nov 28, 2023 17:36:59.443559",0.203134,71,0xec7f,0xffff,0x8841,216,0xec7f,0xfffc,0x1209,,,physicalInteraction7.pcapng
"Nov 28, 2023 17:37:01.224266",1.780707,71,0x3d95,0xffff,0x8841,50,0x3d95,0xfffc,0x1209,,,physicalInteraction7.pcapng
"Nov 28, 2023 17:37:02.669104",1.444838,71,0x711c,0xffff,0x8841,41,0x711c,0xfffc,0x1209,,,physicalInteraction7.pcapng
"Nov 28, 2023 17:37:03.823414",1.154310,52,0x0112,0x0000,0x8861,128,,,,,,physicalInteraction7.pcapng
"Nov 28, 2023 17:37:03.827432",,52,,,,,,,,,,physicalInteraction7.pcapng
"Nov 28, 2023 17:37:03.829479",0.002047,5,,,0x0002,128,,,,,,physicalInteraction7.pcapng
"Nov 28, 2023 17:37:04.447426",0.617947,59,0x4308,0xffff,0x8841,226,0x4308,0xfffc,0x1209,,,physicalInteraction7.pcapng
"Nov 28, 2023 17:37:04.769608",0.322182,59,0x4308,0xffff,0x8841,227,0x4308,0xfffc,0x1209,,,physicalInteraction7.pcapng
"Nov 28, 2023 17:37:05.409388",0.639780,59,0x4308,0xffff,0x8841,229,0x4308,0xfffc,0x1209,,,physicalInteraction7.pcapng
"Nov 28, 2023 17:37:05.682662",0.273274,71,0x0000,0xffff,0x8841,106,0x0000,0xfffc,0x1209,,,physicalInteraction7.pcapng
"Nov 28, 2023 17:37:07.447828",1.765166,59,0x4308,0xffff,0x8841,230,0x4308,0xfffc,0x1209,,,physicalInteraction7.pcapng
"Nov 28, 2023 17:37:07.587504",0.139676,71,0x4e11,0xffff,0x8841,108,0x4e11,0xfffc,0x1209,,,physicalInteraction7.pcapng
"Nov 28, 2023 17:37:07.754756",0.167252,68,0xe1a6,0xffff,0x8841,156,0xe1a6,0xfffc,0x1209,,,physicalInteraction7.pcapng
"Nov 28, 2023 17:37:07.767818",0.013062,59,0x4308,0xffff,0x8841,231,0x4308,0xfffc,0x1209,,,physicalInteraction7.pcapng
"Nov 28, 2023 17:37:08.086704",0.318886,59,0x4308,0xffff,0x8841,232,0x4308,0xfffc,0x1209,,,physicalInteraction7.pcapng
"Nov 28, 2023 17:37:08.994096",0.907392,71,0x0112,0xffff,0x8841,129,0x0112,0xfffc,0x1209,,,physicalInteraction7.pcapng
"Nov 28, 2023 17:37:09.790294",0.796198,65,0x1e15,0xffff,0x8841,49,0x1e15,0xfffc,0x1209,,,physicalInteraction7.pcapng
"Nov 28, 2023 17:37:09.864076",,52,,,,,,,,,,physicalInteraction7.pcapng
"Nov 28, 2023 17:37:09.866092",0.002016,5,,,0x0002,107,,,,,,physicalInteraction7.pcapng
"Nov 28, 2023 17:37:09.873703",,63,,,,,,,,,,physicalInteraction7.pcapng
"Nov 28, 2023 17:37:09.876102",0.002399,5,,,0x0002,157,,,,,,physicalInteraction7.pcapng
"Nov 28, 2023 17:37:09.905757",,52,,,,,,,,,,physicalInteraction7.pcapng
"Nov 28, 2023 17:37:09.907790",0.002033,5,,,0x0002,108,,,,,,physicalInteraction7.pcapng
"Nov 28, 2023 17:37:09.910303",,52,,,,,,,,,,physicalInteraction7.pcapng
"Nov 28, 2023 17:37:09.912309",0.002006,5,,,0x0002,217,,,,,,physicalInteraction7.pcapng
"Nov 28, 2023 17:37:09.919890",,63,,,,,,,,,,physicalInteraction7.pcapng
"Nov 28, 2023 17:37:09.922289",0.002399,5,,,0x0002,51,,,,,,physicalInteraction7.pcapng
"Nov 28, 2023 17:37:09.924757",,45,,,,,,,,,,physicalInteraction7.pcapng
"Nov 28, 2023 17:37:09.926549",0.001792,5,,,0x0002,109,,,,,,physicalInteraction7.pcapng
"Nov 28, 2023 17:37:09.944449",,54,,,,,,,,,,physicalInteraction7.pcapng
"Nov 28, 2023 17:37:09.946525",0.002076,5,,,0x0002,110,,,,,,physicalInteraction7.pcapng
"Nov 28, 2023 17:37:09.954164",,66,,,,,,,,,,physicalInteraction7.pcapng
"Nov 28, 2023 17:37:09.956658",0.002494,5,,,0x0002,158,,,,,,physicalInteraction7.pcapng
"Nov 28, 2023 17:37:09.964606",,54,,,,,,,,,,physicalInteraction7.pcapng
"Nov 28, 2023 17:37:09.966703",0.002097,5,,,0x0002,111,,,,,,physicalInteraction7.pcapng
"Nov 28, 2023 17:37:09.969306",,54,,,,,,,,,,physicalInteraction7.pcapng
"Nov 28, 2023 17:37:09.971386",0.002080,5,,,0x0002,218,,,,,,physicalInteraction7.pcapng
"Nov 28, 2023 17:37:09.979241",,66,,,,,,,,,,physicalInteraction7.pcapng
"Nov 28, 2023 17:37:09.981736",0.002495,5,,,0x0002,52,,,,,,physicalInteraction7.pcapng
"Nov 28, 2023 17:37:09.984760",,45,,,,,,,,,,physicalInteraction7.pcapng
"Nov 28, 2023 17:37:09.986569",0.001809,5,,,0x0002,112,,,,,,physicalInteraction7.pcapng
"Nov 28, 2023 17:37:09.988095",,45,,,,,,,,,,physicalInteraction7.pcapng
"Nov 28, 2023 17:37:09.992447",,45,,,,,,,,,,physicalInteraction7.pcapng
"Nov 28, 2023 17:37:09.994233",0.001786,5,,,0x0002,219,,,,,,physicalInteraction7.pcapng
"Nov 28, 2023 17:37:09.997823",,54,,,,,,,,,,physicalInteraction7.pcapng
"Nov 28, 2023 17:37:09.999935",0.002112,5,,,0x0002,113,,,,,,physicalInteraction7.pcapng
"Nov 28, 2023 17:37:10.006144",,54,,,,,,,,,,physicalInteraction7.pcapng
"Nov 28, 2023 17:37:10.008225",0.002081,5,,,0x0002,42,,,,,,physicalInteraction7.pcapng
"Nov 28, 2023 17:37:10.009978",,52,,,,,,,,,,physicalInteraction7.pcapng
"Nov 28, 2023 17:37:10.012026",0.002048,5,,,0x0002,114,,,,,,physicalInteraction7.pcapng
"Nov 28, 2023 17:37:10.015425",0.003399,107,0xb1bf,0x0000,0x886b,92,,,,,,physicalInteraction7.pcapng
"Nov 28, 2023 17:37:10.019004",,52,,,,,,,,,,physicalInteraction7.pcapng
"Nov 28, 2023 17:37:10.022964",,52,,,,,,,,,,physicalInteraction7.pcapng
"Nov 28, 2023 17:37:10.025572",0.002608,106,,,0x486a,124,,,,,,physicalInteraction7.pcapng
"Nov 28, 2023 17:37:10.029853",,52,,,,,,,,,,physicalInteraction7.pcapng
"Nov 28, 2023 17:37:10.034327",0.004474,52,,,0x2861,68,,,,,,physicalInteraction7.pcapng
"Nov 28, 2023 17:37:10.037679",,45,,,,,,,,,,physicalInteraction7.pcapng
"Nov 28, 2023 17:37:10.039471",0.001792,5,,,0x0002,115,,,,,,physicalInteraction7.pcapng
"Nov 28, 2023 17:37:10.043040",,66,,,,,,,,,,physicalInteraction7.pcapng
"Nov 28, 2023 17:37:10.045534",0.002494,5,,,0x0002,93,,,,,,physicalInteraction7.pcapng
"Nov 28, 2023 17:37:10.048235",,45,,,,,,,,,,physicalInteraction7.pcapng
"Nov 28, 2023 17:37:10.050044",0.001809,5,,,0x0002,116,,,,,,physicalInteraction7.pcapng
"Nov 28, 2023 17:37:10.051604",,45,,,,,,,,,,physicalInteraction7.pcapng
"Nov 28, 2023 17:37:10.053182",0.001578,107,,,0x446b,68,,,,,,physicalInteraction7.pcapng
"Nov 28, 2023 17:37:10.060549",,66,,,,,,,,,,physicalInteraction7.pcapng
"Nov 28, 2023 17:37:10.063044",0.002495,5,,,0x0002,94,,,,,,physicalInteraction7.pcapng
"Nov 28, 2023 17:37:10.063880",,52,,,,,,,,,,physicalInteraction7.pcapng
"Nov 28, 2023 17:37:10.069169",,52,,,,,,,,,,physicalInteraction7.pcapng
"Nov 28, 2023 17:37:10.071426",,45,,,,,,,,,,physicalInteraction7.pcapng
"Nov 28, 2023 17:37:10.076395",,52,,,,,,,,,,physicalInteraction7.pcapng
"Nov 28, 2023 17:37:10.078866",0.002471,5,,,0x0002,94,,,,,,physicalInteraction7.pcapng
"Nov 28, 2023 17:37:10.081140",0.002274,52,0x753c,0xb1bf,0x8861,44,,,,,,physicalInteraction7.pcapng
"Nov 28, 2023 17:37:10.084938",,45,,,,,,,,,,physicalInteraction7.pcapng
"Nov 28, 2023 17:37:10.088228",,45,,,,,,,,,,physicalInteraction7.pcapng
"Nov 28, 2023 17:37:10.090052",0.001824,5,,,0x0002,117,,,,,,physicalInteraction7.pcapng
"Nov 28, 2023 17:37:10.092265",,45,,,,,,,,,,physicalInteraction7.pcapng
"Nov 28, 2023 17:37:10.094089",0.001824,5,,,0x0002,117,,,,,,physicalInteraction7.pcapng
"Nov 28, 2023 17:37:10.099878",,45,,,,,,,,,,physicalInteraction7.pcapng
"Nov 28, 2023 17:37:10.101701",0.001823,5,,,0x0002,118,,,,,,physicalInteraction7.pcapng
"Nov 28, 2023 17:37:10.105670",,45,,,,,,,,,,physicalInteraction7.pcapng
"Nov 28, 2023 17:37:10.111985",,45,,,,,,,,,,physicalInteraction7.pcapng
"Nov 28, 2023 17:37:10.128900",,52,,,,,,,,,,physicalInteraction7.pcapng
"Nov 28, 2023 17:37:10.140390",0.011490,5,,,0x0002,95,,,,,,physicalInteraction7.pcapng
"Nov 28, 2023 17:37:10.155042",,45,,,,,,,,,,physicalInteraction7.pcapng
"Nov 28, 2023 17:37:10.156865",0.001823,5,,,0x0002,119,,,,,,physicalInteraction7.pcapng
"Nov 28, 2023 17:37:10.161481",,45,,,,,,,,,,physicalInteraction7.pcapng
"Nov 28, 2023 17:37:10.163274",0.001793,5,,,0x0002,48,,,,,,physicalInteraction7.pcapng
"Nov 28, 2023 17:37:11.020329",0.857055,71,0xb1bf,0xffff,0x8841,96,0xb1bf,0xfffc,0x1209,,,physicalInteraction7.pcapng
"Nov 28, 2023 17:37:13.447206",2.426877,59,0x4308,0xffff,0x8841,234,0x4308,0xfffc,0x1209,,,physicalInteraction7.pcapng
"Nov 28, 2023 17:37:13.639375",,96,,,,,,,,,,physicalInteraction7.pcapng
"Nov 28, 2023 17:37:13.775119",0.135744,59,0x4308,0xffff,0x8841,235,,,,,,physicalInteraction7.pcapng
"Nov 28, 2023 17:37:14.093088",0.317969,59,0x4308,0xffff,0x8841,236,0x4308,0xfffc,0x1209,,,physicalInteraction7.pcapng
"Nov 28, 2023 17:37:14.246503",0.153415,71,0xec7f,0xffff,0x8841,221,0xec7f,0xfffc,0x1209,,,physicalInteraction7.pcapng
"Nov 28, 2023 17:37:14.292988",0.046485,47,0x5365,0x7434,0x8841,13,,,,,,physicalInteraction7.pcapng
"Nov 28, 2023 17:37:14.414836",0.121848,59,0x4308,0xffff,0x8841,238,0x4308,0xfffc,0x1209,,,physicalInteraction7.pcapng
"Nov 28, 2023 17:37:16.206765",1.791929,71,0x3d95,0xffff,0x8841,53,0x3d95,0xfffc,0x1209,,,physicalInteraction7.pcapng
"Nov 28, 2023 17:37:16.449301",0.242536,59,0x4308,0xffff,0x8841,239,0x4308,0xfffc,0x1209,,,physicalInteraction7.pcapng
"Nov 28, 2023 17:37:16.773601",0.324300,59,0x4308,0xffff,0x8841,240,0x4308,0xfffc,0x1209,,,physicalInteraction7.pcapng
"Nov 28, 2023 17:37:17.091538",0.317937,59,0x4308,0xffff,0x8841,241,0x4308,0xfffc,0x1209,,,physicalInteraction7.pcapng
"Nov 28, 2023 17:37:17.417930",0.326392,59,0x4308,0xffff,0x8841,242,,,,,,physicalInteraction7.pcapng
"Nov 28, 2023 17:37:17.963147",0.545217,71,0x711c,0xffff,0x8841,49,0x711c,0xfffc,0x1209,,,physicalInteraction7.pcapng
"Nov 28, 2023 17:37:22.739130",4.775983,68,0xe1a6,0xffff,0x8841,159,0xe1a6,0xfffc,0x1209,,,physicalInteraction7.pcapng
"Nov 28, 2023 17:37:23.363950",0.624820,71,0x0000,0xffff,0x8841,120,0x0000,0xfffc,0x1209,,,physicalInteraction7.pcapng
"Nov 28, 2023 17:37:23.995669",0.631719,71,0x0112,0xffff,0x8841,130,0x0112,0xfffc,0x1209,,,physicalInteraction7.pcapng
"Nov 28, 2023 17:37:24.749323",0.753654,71,0x4e11,0xffff,0x8841,109,0x4e11,0xfffc,0x1209,,,physicalInteraction7.pcapng
"Nov 28, 2023 17:37:24.816410",0.067087,65,0x1e15,0xffff,0x8841,50,0x1e15,0xfffc,0x1209,,,physicalInteraction7.pcapng
"Nov 28, 2023 17:37:25.451280",0.634870,59,0x4308,0xffff,0x8841,243,0x4308,0xfffc,0x1209,,,physicalInteraction7.pcapng
"Nov 28, 2023 17:37:25.778526",0.327246,59,0x4308,0xffff,0x8841,244,0x4308,0xfffc,0x1209,,,physicalInteraction7.pcapng
"Nov 28, 2023 17:37:25.924443",0.145917,71,0xb1bf,0xffff,0x8841,97,0xb1bf,0xfffc,0x1209,,,physicalInteraction7.pcapng
"Nov 28, 2023 17:37:26.097343",0.172900,59,0x4308,0xffff,0x8841,245,0x4308,0xfffc,0x1209,,,physicalInteraction7.pcapng
"Nov 28, 2023 17:37:26.418149",0.320806,59,0x4308,0xffff,0x8841,246,0x4308,0xfffc,0x1209,,,physicalInteraction7.pcapng
"Nov 28, 2023 17:37:26.492195",,57,,,,,,,,,,physicalInteraction7.pcapng
"Nov 28, 2023 17:37:26.494401",0.002206,5,,,0x0002,215,,,,,,physicalInteraction7.pcapng
"Nov 28, 2023 17:37:28.450811",1.956410,59,0x4308,0xffff,0x8841,247,0x4308,0xfffc,0x1209,,,physicalInteraction7.pcapng
"Nov 28, 2023 17:37:28.571715",0.120904,71,0xec7f,0xffff,0x8841,222,0xec7f,0xfffc,0x1209,,,physicalInteraction7.pcapng
"Nov 28, 2023 17:37:28.775617",0.203902,59,0x4308,0xffff,0x8841,248,0x4308,0xfffc,0x1209,,,physicalInteraction7.pcapng
"Nov 28, 2023 17:37:29.094765",0.319148,59,0x4308,0xffff,0x8841,249,0x4308,0xfffc,0x1209,,,physicalInteraction7.pcapng
"Nov 28, 2023 17:37:29.299254",0.204489,47,0x4308,0xffff,0x8841,250,0x4308,0xfffc,0x1209,,,physicalInteraction7.pcapng
"Nov 28, 2023 17:37:29.415807",0.116553,59,0x4308,0xffff,0x8841,251,0x4308,0xfffc,0x1209,,,physicalInteraction7.pcapng
"Nov 28, 2023 17:37:30.411780",,53,,,,,,,,,,physicalInteraction7.pcapng
"Nov 28, 2023 17:37:30.413858",0.002078,5,,,0x0002,186,,,,,,physicalInteraction7.pcapng
"Nov 28, 2023 17:37:31.182573",0.768715,71,0x3d95,0xffff,0x8841,54,0x3d95,0xfffc,0x1209,,,physicalInteraction7.pcapng
"Nov 28, 2023 17:37:32.515741",1.333168,33,,,0xf621,164,,,,,,physicalInteraction7.pcapng
"Nov 28, 2023 17:37:33.544362",,60,,,,,,,,,,physicalInteraction7.pcapng
"Nov 28, 2023 17:37:33.546665",0.002303,5,,,0x0002,55,,,,,,physicalInteraction7.pcapng
"Nov 28, 2023 17:37:33.588462",,50,,,,,,,,,,physicalInteraction7.pcapng
"Nov 28, 2023 17:37:33.590432",0.001970,5,,,0x0002,121,,,,,,physicalInteraction7.pcapng
"Nov 28, 2023 17:37:33.592928",,50,,,,,,,,,,physicalInteraction7.pcapng
"Nov 28, 2023 17:37:33.594880",0.001952,5,,,0x0002,223,,,,,,physicalInteraction7.pcapng
"Nov 28, 2023 17:37:33.599924",,45,,,,,,,,,,physicalInteraction7.pcapng
"Nov 28, 2023 17:37:33.601746",0.001822,5,,,0x0002,56,,,,,,physicalInteraction7.pcapng
"Nov 28, 2023 17:37:33.637257",0.035511,71,0x711c,0xffff,0x8841,50,0x711c,0xfffc,0x1209,,,physicalInteraction7.pcapng
"Nov 28, 2023 17:37:37.452487",3.815230,59,0x4308,0xffff,0x8841,252,,,,,,physicalInteraction7.pcapng
"Nov 28, 2023 17:37:37.721111",0.268624,68,0xe1a6,0xffff,0x8841,160,0xe1a6,0xfffc,0x1209,,,physicalInteraction7.pcapng
"Nov 28, 2023 17:37:37.780727",0.059616,59,0x4308,0xffff,0x8841,253,,,,,,physicalInteraction7.pcapng
"Nov 28, 2023 17:37:38.367946",0.587219,71,0x0000,0xffff,0x8841,122,0x0000,0xfffc,0x1209,,,physicalInteraction7.pcapng
"Nov 28, 2023 17:37:38.449295",0.081349,59,0x4308,0xffff,0x8841,255,,,,,,physicalInteraction7.pcapng
"Nov 28, 2023 17:37:39.009085",0.559790,71,0x0112,0xffff,0x8841,131,0x0112,0xfffc,0x1209,,,physicalInteraction7.pcapng
"Nov 28, 2023 17:37:39.863008",,52,,,,,,,,,,physicalInteraction7.pcapng
"Nov 28, 2023 17:37:39.865023",0.002015,5,,,0x0002,123,,,,,,physicalInteraction7.pcapng
"Nov 28, 2023 17:37:39.870201",0.005178,65,0x1e15,0xffff,0x8841,51,0x1e15,0xfffc,0x1209,,,physicalInteraction7.pcapng
"Nov 28, 2023 17:37:39.872626",,63,,,,,,,,,,physicalInteraction7.pcapng
"Nov 28, 2023 17:37:39.875025",0.002399,5,,,0x0002,161,,,,,,physicalInteraction7.pcapng
"Nov 28, 2023 17:37:39.898615",,52,,,,,,,,,,physicalInteraction7.pcapng
"Nov 28, 2023 17:37:39.900649",0.002034,5,,,0x0002,124,,,,,,physicalInteraction7.pcapng
"Nov 28, 2023 17:37:39.902523",,52,,,,,,,,,,physicalInteraction7.pcapng
"Nov 28, 2023 17:37:39.904529",0.002006,5,,,0x0002,224,,,,,,physicalInteraction7.pcapng
"Nov 28, 2023 17:37:39.912186",,63,,,,,,,,,,physicalInteraction7.pcapng
"Nov 28, 2023 17:37:39.914585",0.002399,5,,,0x0002,57,,,,,,physicalInteraction7.pcapng
"Nov 28, 2023 17:37:39.915743",,45,,,,,,,,,,physicalInteraction7.pcapng
"Nov 28, 2023 17:37:39.917536",0.001793,5,,,0x0002,125,,,,,,physicalInteraction7.pcapng
"Nov 28, 2023 17:37:39.938223",,54,,,,,,,,,,physicalInteraction7.pcapng
"Nov 28, 2023 17:37:39.940304",0.002081,5,,,0x0002,126,,,,,,physicalInteraction7.pcapng
"Nov 28, 2023 17:37:39.948143",,66,,,,,,,,,,physicalInteraction7.pcapng
"Nov 28, 2023 17:37:39.950638",0.002495,5,,,0x0002,162,,,,,,physicalInteraction7.pcapng
"Nov 28, 2023 17:37:39.959807",,54,,,,,,,,,,physicalInteraction7.pcapng
"Nov 28, 2023 17:37:39.961904",0.002097,5,,,0x0002,127,,,,,,physicalInteraction7.pcapng
"Nov 28, 2023 17:37:39.964168",,54,,,,,,,,,,physicalInteraction7.pcapng
"Nov 28, 2023 17:37:39.966251",0.002083,5,,,0x0002,225,,,,,,physicalInteraction7.pcapng
"Nov 28, 2023 17:37:39.973914",,66,,,,,,,,,,physicalInteraction7.pcapng
"Nov 28, 2023 17:37:39.976408",0.002494,5,,,0x0002,58,,,,,,physicalInteraction7.pcapng
"Nov 28, 2023 17:37:39.977474",,45,,,,,,,,,,physicalInteraction7.pcapng
"Nov 28, 2023 17:37:39.979283",0.001809,5,,,0x0002,128,,,,,,physicalInteraction7.pcapng
"Nov 28, 2023 17:37:39.982401",,45,,,,,,,,,,physicalInteraction7.pcapng
"Nov 28, 2023 17:37:39.984192",0.001791,5,,,0x0002,226,,,,,,physicalInteraction7.pcapng
"Nov 28, 2023 17:37:39.998089",,54,,,,,,,,,,physicalInteraction7.pcapng
"Nov 28, 2023 17:37:40.000200",0.002111,5,,,0x0002,129,,,,,,physicalInteraction7.pcapng
"Nov 28, 2023 17:37:40.002688",,54,,,,,,,,,,physicalInteraction7.pcapng
"Nov 28, 2023 17:37:40.004767",0.002079,5,,,0x0002,51,,,,,,physicalInteraction7.pcapng
"Nov 28, 2023 17:37:40.011528",,52,,,,,,,,,,physicalInteraction7.pcapng
"Nov 28, 2023 17:37:40.014839",,52,,,,,,,,,,physicalInteraction7.pcapng
"Nov 28, 2023 17:37:40.020381",,52,,,,,,,,,,physicalInteraction7.pcapng
"Nov 28, 2023 17:37:40.022178",,66,,,,,,,,,,physicalInteraction7.pcapng
"Nov 28, 2023 17:37:40.025328",,52,,,,,,,,,,physicalInteraction7.pcapng
"Nov 28, 2023 17:37:40.029722",0.004394,5,,,0x0002,98,,,,,,physicalInteraction7.pcapng
"Nov 28, 2023 17:37:40.031847",,52,,,,,,,,,,physicalInteraction7.pcapng
"Nov 28, 2023 17:37:40.033895",0.002048,5,,,0x0002,130,,,,,,physicalInteraction7.pcapng
"Nov 28, 2023 17:37:40.034629",,66,,,,,,,,,,physicalInteraction7.pcapng
"Nov 28, 2023 17:37:40.037124",0.002495,5,,,0x0002,99,,,,,,physicalInteraction7.pcapng
"Nov 28, 2023 17:37:40.040743",,52,,,,,,,,,,physicalInteraction7.pcapng
"Nov 28, 2023 17:37:40.042760",0.002017,5,,,0x0002,52,,,,,,physicalInteraction7.pcapng
"Nov 28, 2023 17:37:40.049994",,63,,,,,,,,,,physicalInteraction7.pcapng
"Nov 28, 2023 17:37:40.052393",0.002399,5,,,0x0002,100,,,,,,physicalInteraction7.pcapng
"Nov 28, 2023 17:37:40.064050",,45,,,,,,,,,,physicalInteraction7.pcapng
"Nov 28, 2023 17:37:40.073744",,45,,,,,,,,,,physicalInteraction7.pcapng
"Nov 28, 2023 17:37:40.075537",0.001793,5,,,0x0002,131,,,,,,physicalInteraction7.pcapng
"Nov 28, 2023 17:37:40.081754",,45,,,,,,,,,,physicalInteraction7.pcapng
"Nov 28, 2023 17:37:40.083564",0.001810,5,,,0x0002,132,,,,,,physicalInteraction7.pcapng
"Nov 28, 2023 17:37:40.087004",,45,,,,,,,,,,physicalInteraction7.pcapng
"Nov 28, 2023 17:37:40.088798",0.001794,5,,,0x0002,227,,,,,,physicalInteraction7.pcapng
"Nov 28, 2023 17:37:40.090094",,45,,,,,,,,,,physicalInteraction7.pcapng
"Nov 28, 2023 17:37:40.091917",0.001823,5,,,0x0002,133,,,,,,physicalInteraction7.pcapng
"Nov 28, 2023 17:37:40.095604",,45,,,,,,,,,,physicalInteraction7.pcapng
"Nov 28, 2023 17:37:40.099300",,45,,,,,,,,,,physicalInteraction7.pcapng
"Nov 28, 2023 17:37:40.101123",0.001823,5,,,0x0002,134,,,,,,physicalInteraction7.pcapng
"Nov 28, 2023 17:37:40.104392",,45,,,,,,,,,,physicalInteraction7.pcapng
"Nov 28, 2023 17:37:40.120942",,45,,,,,,,,,,physicalInteraction7.pcapng
"Nov 28, 2023 17:37:40.122765",0.001823,5,,,0x0002,135,,,,,,physicalInteraction7.pcapng
"Nov 28, 2023 17:37:40.126935",,45,,,,,,,,,,physicalInteraction7.pcapng
"Nov 28, 2023 17:37:40.917318",0.790383,71,0xb1bf,0xffff,0x8841,101,0xb1bf,0xfffc,0x1209,,,physicalInteraction7.pcapng
"Nov 28, 2023 17:37:41.523905",0.606587,71,0x4e11,0xffff,0x8841,110,0x4e11,0xfffc,0x1209,,,physicalInteraction7.pcapng
"Nov 28, 2023 17:37:44.049372",2.525467,71,0xec7f,0xffff,0x8841,228,0xec7f,0xfffc,0x1209,,,physicalInteraction7.pcapng
"Nov 28, 2023 17:37:46.192796",2.143424,71,0x3d95,0xffff,0x8841,59,0x3d95,0xfffc,0x1209,,,physicalInteraction7.pcapng
"Nov 28, 2023 17:37:49.812562",3.619766,71,0x711c,0xffff,0x8841,56,0x711c,0xfffc,0x1209,,,physicalInteraction7.pcapng
"Nov 28, 2023 17:37:52.452864",2.640302,59,0x4308,0xffff,0x8841,9,,,,,,physicalInteraction7.pcapng
"Nov 28, 2023 17:37:52.460097",0.007233,71,0x0000,0xffff,0x8841,136,0x0000,0xfffc,0x1209,,,physicalInteraction7.pcapng
"Nov 28, 2023 17:37:52.766154",0.306057,68,0xe1a6,0xffff,0x8841,163,0xe1a6,0xfffc,0x1209,,,physicalInteraction7.pcapng
"Nov 28, 2023 17:37:53.993059",1.226905,71,0x0112,0xffff,0x8841,132,0x0112,0xfffc,0x1209,,,physicalInteraction7.pcapng
"Nov 28, 2023 17:37:54.083706",0.090647,51,,,0x2841,13,,,,,,physicalInteraction7.pcapng
"Nov 28, 2023 17:37:54.785053",0.701347,65,0x1e15,0xffff,0x8841,52,0x1e15,0xfffc,0x1209,,,physicalInteraction7.pcapng
"Nov 28, 2023 17:37:55.263423",0.478370,51,0x1209,0xfcff,0x8833,111,,,,,,physicalInteraction7.pcapng
"Nov 28, 2023 17:37:58.921205",3.657782,71,0xec7f,0xffff,0x8841,229,0xec7f,0xfffc,0x1209,,,physicalInteraction7.pcapng
"Nov 28, 2023 17:38:01.175158",2.253953,71,0x3d95,0xffff,0x8841,60,0x3d95,0xfffc,0x1209,,,physicalInteraction7.pcapng
"Nov 28, 2023 17:38:05.670598",4.495440,71,0x711c,0xffff,0x8841,57,0x711c,0xfffc,0x1209,,,physicalInteraction7.pcapng
"Nov 28, 2023 17:38:07.725634",2.055036,71,0x0000,0xffff,0x8841,137,0x0000,0xfffc,0x1209,,,physicalInteraction7.pcapng
"Nov 28, 2023 17:38:07.755049",,50,,,,,,,,,,physicalInteraction7.pcapng
"Nov 28, 2023 17:38:07.757069",0.002020,68,0xe1a6,0xffff,0x8841,164,0xe1a6,0xfffc,0x1209,,,physicalInteraction7.pcapng
"Nov 28, 2023 17:38:07.760773",0.003704,55,0x711c,0x0000,0x8861,58,0x711c,0x0000,0x1a09,,,physicalInteraction7.pcapng
"Nov 28, 2023 17:38:07.762916",0.002143,5,,,0x0002,58,,,,,,physicalInteraction7.pcapng
"Nov 28, 2023 17:38:07.772325",,50,,,,,,,,,,physicalInteraction7.pcapng
"Nov 28, 2023 17:38:07.774308",0.001983,5,,,0x0002,138,,,,,,physicalInteraction7.pcapng
"Nov 28, 2023 17:38:07.809939",,53,,,,,,,,,,physicalInteraction7.pcapng
"Nov 28, 2023 17:38:07.812018",0.002079,5,,,0x0002,59,,,,,,physicalInteraction7.pcapng
"Nov 28, 2023 17:38:07.852656",,50,,,,,,,,,,physicalInteraction7.pcapng
"Nov 28, 2023 17:38:07.854639",0.001983,5,,,0x0002,139,,,,,,physicalInteraction7.pcapng
"Nov 28, 2023 17:38:07.859862",0.005223,55,0x711c,0x0000,0x8861,60,0x711c,0x0000,0x1a09,,,physicalInteraction7.pcapng
"Nov 28, 2023 17:38:07.862005",0.002143,5,,,0x0002,60,,,,,,physicalInteraction7.pcapng
"Nov 28, 2023 17:38:07.905843",,53,,,,,,,,,,physicalInteraction7.pcapng
"Nov 28, 2023 17:38:07.907922",0.002079,5,,,0x0002,61,,,,,,physicalInteraction7.pcapng
"Nov 28, 2023 17:38:09.416344",1.508422,71,0x4e11,0xffff,0x8841,112,0x4e11,0xfffc,0x1209,,,physicalInteraction7.pcapng
"Nov 28, 2023 17:38:09.866703",,52,,,,,,,,,,physicalInteraction7.pcapng
"Nov 28, 2023 17:38:09.868721",0.002018,5,,,0x0002,140,,,,,,physicalInteraction7.pcapng
"Nov 28, 2023 17:38:09.876940",,63,,,,,,,,,,physicalInteraction7.pcapng
"Nov 28, 2023 17:38:09.879339",0.002399,5,,,0x0002,165,,,,,,physicalInteraction7.pcapng
"Nov 28, 2023 17:38:09.902576",,52,,,,,,,,,,physicalInteraction7.pcapng
"Nov 28, 2023 17:38:09.904609",0.002033,5,,,0x0002,141,,,,,,physicalInteraction7.pcapng
"Nov 28, 2023 17:38:09.908373",,52,,,,,,,,,,physicalInteraction7.pcapng
"Nov 28, 2023 17:38:09.910389",0.002016,5,,,0x0002,230,,,,,,physicalInteraction7.pcapng
"Nov 28, 2023 17:38:09.915014",,45,,,,,,,,,,physicalInteraction7.pcapng
"Nov 28, 2023 17:38:09.918162",,63,,,,,,,,,,physicalInteraction7.pcapng
"Nov 28, 2023 17:38:09.920561",0.002399,5,,,0x0002,61,,,,,,physicalInteraction7.pcapng
"Nov 28, 2023 17:38:09.923345",0.002784,63,0x3d95,0x0000,0x8861,61,,,,,,physicalInteraction7.pcapng
"Nov 28, 2023 17:38:09.928365",0.005020,63,0x3d95,0x0000,0x8861,61,,,,,,physicalInteraction7.pcapng
"Nov 28, 2023 17:38:09.930858",,45,,,,,,,,,,physicalInteraction7.pcapng
"Nov 28, 2023 17:38:09.940610",,45,,,,,,,,,,physicalInteraction7.pcapng
"Nov 28, 2023 17:38:09.942401",0.001791,5,,,0x0002,142,,,,,,physicalInteraction7.pcapng
"Nov 28, 2023 17:38:09.945292",,45,,,,,,,,,,physicalInteraction7.pcapng
"Nov 28, 2023 17:38:09.947074",0.001782,5,,,0x0002,30,,,,,,physicalInteraction7.pcapng
"Nov 28, 2023 17:38:09.953962",,54,,,,,,,,,,physicalInteraction7.pcapng
"Nov 28, 2023 17:38:09.961963",,54,,,,,,,,,,physicalInteraction7.pcapng
"Nov 28, 2023 17:38:09.972899",0.010936,63,0x3d95,0x0000,0x8861,61,,,,,,physicalInteraction7.pcapng
"Nov 28, 2023 17:38:09.980549",0.007650,63,0x3d95,0x0000,0x8861,62,,,,,,physicalInteraction7.pcapng
"Nov 28, 2023 17:38:09.985728",,63,,,,,,,,,,physicalInteraction7.pcapng
"Nov 28, 2023 17:38:09.988127",0.002399,5,,,0x0002,62,,,,,,physicalInteraction7.pcapng
"Nov 28, 2023 17:38:10.002633",,54,,,,,,,,,,physicalInteraction7.pcapng
"Nov 28, 2023 17:38:10.041021",,45,,,,,,,,,,physicalInteraction7.pcapng
"Nov 28, 2023 17:38:10.043801",,45,,,,,,,,,,physicalInteraction7.pcapng
"Nov 28, 2023 17:38:10.046676",,45,,,,,,,,,,physicalInteraction7.pcapng
"Nov 28, 2023 17:38:10.049552",,45,,,,,,,,,,physicalInteraction7.pcapng
"Nov 28, 2023 17:38:10.066163",,54,,,,,,,,,,physicalInteraction7.pcapng
"Nov 28, 2023 17:38:10.069631",,54,,,,,,,,,,physicalInteraction7.pcapng
"Nov 28, 2023 17:38:10.072506",,54,,,,,,,,,,physicalInteraction7.pcapng
"Nov 28, 2023 17:38:10.076070",,54,,,,,,,,,,physicalInteraction7.pcapng
"Nov 28, 2023 17:38:10.097652",,52,,,,,,,,,,physicalInteraction7.pcapng
"Nov 28, 2023 17:38:10.100499",,52,,,,,,,,,,physicalInteraction7.pcapng
"Nov 28, 2023 17:38:10.103374",,52,,,,,,,,,,physicalInteraction7.pcapng
"Nov 28, 2023 17:38:10.106323",,52,,,,,,,,,,physicalInteraction7.pcapng
"Nov 28, 2023 17:38:10.118988",,45,,,,,,,,,,physicalInteraction7.pcapng
"Nov 28, 2023 17:38:10.172115",,45,,,,,,,,,,physicalInteraction7.pcapng
"Nov 28, 2023 17:38:10.178052",,45,,,,,,,,,,physicalInteraction7.pcapng
"Nov 28, 2023 17:38:10.231529",,52,,,,,,,,,,physicalInteraction7.pcapng
"Nov 28, 2023 17:38:10.233577",0.002048,5,,,0x0002,150,,,,,,physicalInteraction7.pcapng
"Nov 28, 2023 17:38:10.255022",,45,,,,,,,,,,physicalInteraction7.pcapng
"Nov 28, 2023 17:38:10.257700",,45,,,,,,,,,,physicalInteraction7.pcapng
"Nov 28, 2023 17:38:10.260339",,45,,,,,,,,,,physicalInteraction7.pcapng
"Nov 28, 2023 17:38:10.263045",,45,,,,,,,,,,physicalInteraction7.pcapng
"Nov 28, 2023 17:38:10.315331",,52,,,,,,,,,,physicalInteraction7.pcapng
"Nov 28, 2023 17:38:10.334642",,63,,,,,,,,,,physicalInteraction7.pcapng
"Nov 28, 2023 17:38:10.337041",0.002399,5,,,0x0002,103,,,,,,physicalInteraction7.pcapng
"Nov 28, 2023 17:38:10.353679",0.016638,59,0x0000,0xffff,0x8841,152,0x0000,0xfffc,0x1209,,,physicalInteraction7.pcapng
"Nov 28, 2023 17:38:10.359230",0.005551,45,0xb1bf,0x0000,0x8861,104,,,,,,physicalInteraction7.pcapng
"Nov 28, 2023 17:38:10.363250",0.004020,59,0xec7f,0xffff,0x8841,231,0x0000,0xfffc,0x1209,,,physicalInteraction7.pcapng
"Nov 28, 2023 17:38:10.427626",0.064376,59,0x3d95,0xffff,0x8841,63,0x0000,0xfffc,0x1209,,,physicalInteraction7.pcapng
"Nov 28, 2023 17:38:10.444673",0.017047,59,0x4e11,0xffff,0x8841,113,,,,,,physicalInteraction7.pcapng
"Nov 28, 2023 17:38:10.451960",0.007287,59,0xe1a6,0xffff,0x8841,166,,,,,,physicalInteraction7.pcapng
"Nov 28, 2023 17:38:10.642796",0.190836,59,0x0000,0xffff,0x8841,153,0x0000,0xfffc,0x1209,,,physicalInteraction7.pcapng
"Nov 28, 2023 17:38:10.658988",0.016192,59,0x711c,0xffff,0x8841,65,0x0000,0xfffc,0x1209,,,physicalInteraction7.pcapng
"Nov 28, 2023 17:38:10.667899",0.008911,59,0xec7f,0xffff,0x8841,232,0x0000,0xfffc,0x1209,,,physicalInteraction7.pcapng
"Nov 28, 2023 17:38:10.675274",0.007375,5,,,0x0002,105,,,,,,physicalInteraction7.pcapng
"Nov 28, 2023 17:38:10.679371",0.004097,45,0x711c,0x0000,0x8861,66,0x711c,0x0000,0x0209,,,physicalInteraction7.pcapng
"Nov 28, 2023 17:38:10.681194",0.001823,5,,,0x0002,66,,,,,,physicalInteraction7.pcapng
"Nov 28, 2023 17:38:10.681806",0.000612,59,0x3d95,0xffff,0x8841,64,0x0000,0xfffc,0x1209,,,physicalInteraction7.pcapng
"Nov 28, 2023 17:38:10.705945",0.024139,59,0xe1a6,0xffff,0x8841,167,0x0000,0xfffc,0x1209,,,physicalInteraction7.pcapng
"Nov 28, 2023 17:38:10.744073",,45,,,,,,,,,,physicalInteraction7.pcapng
"Nov 28, 2023 17:38:10.745896",0.001823,5,,,0x0002,154,,,,,,physicalInteraction7.pcapng
"Nov 28, 2023 17:38:10.749025",,45,,,,,,,,,,physicalInteraction7.pcapng
"Nov 28, 2023 17:38:10.757774",0.008749,59,0x1e15,0xffff,0x8841,55,0x0000,0xfffc,0x1209,,,physicalInteraction7.pcapng
"Nov 28, 2023 17:38:10.912396",0.154622,59,0x0000,0xffff,0x8841,155,0x0000,0xfffc,0x1209,,,physicalInteraction7.pcapng
"Nov 28, 2023 17:38:10.935819",0.023423,59,0x3d95,0xffff,0x8841,65,0x0000,0xfffc,0x1209,,,physicalInteraction7.pcapng
"Nov 28, 2023 17:38:10.964755",0.028936,59,0xe1a6,0xffff,0x8841,168,0x0000,0xfffc,0x1209,,,physicalInteraction7.pcapng
"Nov 28, 2023 17:38:10.971571",0.006816,59,0x711c,0xffff,0x8841,68,0x0000,0xfffc,0x1209,,,physicalInteraction7.pcapng
"Nov 28, 2023 17:38:11.011855",0.040284,59,0x1e15,0xffff,0x8841,56,0x0000,0xfffc,0x1209,,,physicalInteraction7.pcapng
"Nov 28, 2023 17:38:11.044843",0.032988,59,0xec7f,0xffff,0x8841,233,0x0000,0xfffc,0x1209,,,physicalInteraction7.pcapng
"Nov 28, 2023 17:38:11.256116",0.211273,59,0x0000,0xffff,0x8841,156,0x0000,0xfffc,0x1209,,,physicalInteraction7.pcapng
"Nov 28, 2023 17:38:11.381658",0.125542,59,0x4e11,0xffff,0x8841,116,,,,,,physicalInteraction7.pcapng
"Nov 28, 2023 17:38:12.108414",,63,,,,,,,,,,physicalInteraction7.pcapng
"Nov 28, 2023 17:38:12.110813",0.002399,5,,,0x0002,66,,,,,,physicalInteraction7.pcapng
"Nov 28, 2023 17:38:12.151597",,45,,,,,,,,,,physicalInteraction7.pcapng
"Nov 28, 2023 17:38:12.154208",,45,,,,,,,,,,physicalInteraction7.pcapng
"Nov 28, 2023 17:38:12.156914",,45,,,,,,,,,,physicalInteraction7.pcapng
"Nov 28, 2023 17:38:12.159621",,45,,,,,,,,,,physicalInteraction7.pcapng
"Nov 28, 2023 17:38:12.192576",,45,,,,,,,,,,physicalInteraction7.pcapng
"Nov 28, 2023 17:38:12.194368",0.001792,5,,,0x0002,158,,,,,,physicalInteraction7.pcapng
"Nov 28, 2023 17:38:16.202918",4.008550,71,0x3d95,0xffff,0x8841,67,0x3d95,0xfffc,0x1209,,,physicalInteraction7.pcapng
"Nov 28, 2023 17:38:16.785311",0.582393,59,,,0x6a41,29,,,,,,physicalInteraction7.pcapng
"Nov 28, 2023 17:38:16.897141",0.111830,71,0xec7f,0xffff,0x8841,234,0xec7f,0xfffc,0x1209,,,physicalInteraction7.pcapng
"Nov 28, 2023 17:38:17.162792",,60,,,,,,,,,,physicalInteraction7.pcapng
"Nov 28, 2023 17:38:17.165095",0.002303,5,,,0x0002,169,,,,,,physicalInteraction7.pcapng
"Nov 28, 2023 17:38:17.167915",,60,,,,,,,,,,physicalInteraction7.pcapng
"Nov 28, 2023 17:38:17.170218",0.002303,5,,,0x0002,169,,,,,,physicalInteraction7.pcapng
"Nov 28, 2023 17:38:17.204630",,50,,,,,,,,,,physicalInteraction7.pcapng
"Nov 28, 2023 17:38:17.206575",0.001945,5,,,0x0002,159,,,,,,physicalInteraction7.pcapng
"Nov 28, 2023 17:38:17.211818",,45,,,,,,,,,,physicalInteraction7.pcapng
"Nov 28, 2023 17:38:17.213641",0.001823,5,,,0x0002,170,,,,,,physicalInteraction7.pcapng
"Nov 28, 2023 17:38:17.428437",0.214796,59,0x4308,0xffff,0x8841,31,,,,,,physicalInteraction7.pcapng
"Nov 28, 2023 17:38:22.828733",5.400296,108,0x711c,0xffff,0x886c,69,,,,,,physicalInteraction7.pcapng
"Nov 28, 2023 17:38:22.920421",0.091688,71,0x0000,0xffff,0x8841,160,0x0000,0xfffc,0x1209,,,physicalInteraction7.pcapng
"Nov 28, 2023 17:38:23.994609",1.074188,71,0x0112,0xffff,0x8841,137,0x0112,0xfffc,0x1209,,,physicalInteraction7.pcapng
"Nov 28, 2023 17:38:24.811578",0.816969,65,0x1e15,0xffff,0x8841,57,0x1e15,0xfffc,0x1209,,,physicalInteraction7.pcapng
"Nov 28, 2023 17:38:25.773243",0.961665,59,0x4354,0x1fff,0x8841,33,,,,,,physicalInteraction7.pcapng
"Nov 28, 2023 17:38:26.044677",0.271434,71,0xb1bf,0xffff,0x8841,107,0xb1bf,0xfffc,0x1209,,,physicalInteraction7.pcapng
"Nov 28, 2023 17:38:26.858499",0.813822,71,0x4e11,0xffff,0x8841,117,0x4e11,0xfffc,0x1209,,,physicalInteraction7.pcapng
"Nov 28, 2023 17:38:31.209326",4.350827,71,0x3d95,0xffff,0x8841,68,0x3d95,0xfffc,0x1209,,,physicalInteraction7.pcapng
"Nov 28, 2023 17:38:34.389710",3.180384,71,0xec7f,0xffff,0x8841,235,0xec7f,0xfffc,0x1209,,,physicalInteraction7.pcapng
"Nov 28, 2023 17:38:37.817350",3.427640,68,0xe1a6,0xffff,0x8841,172,0xe1a6,0xfffc,0x1209,,,physicalInteraction7.pcapng
"Nov 28, 2023 17:38:38.097414",0.280064,59,0x4308,0xffff,0x8841,43,,,,,,physicalInteraction7.pcapng
"Nov 28, 2023 17:38:39.003544",0.906130,71,0x0112,0xffff,0x8841,138,0x0112,0xfffc,0x1209,,,physicalInteraction7.pcapng
"Nov 28, 2023 17:38:39.277386",0.273842,71,0x0000,0xffff,0x8841,161,0x0000,0xfffc,0x1209,,,physicalInteraction7.pcapng
"Nov 28, 2023 17:38:39.871184",,52,,,,,,,,,,physicalInteraction7.pcapng
"Nov 28, 2023 17:38:39.873200",0.002016,5,,,0x0002,162,,,,,,physicalInteraction7.pcapng
"Nov 28, 2023 17:38:39.880829",,63,,,,,,,,,,physicalInteraction7.pcapng
"Nov 28, 2023 17:38:39.883228",0.002399,5,,,0x0002,173,,,,,,physicalInteraction7.pcapng
"Nov 28, 2023 17:38:39.885745",0.002517,65,0x1e15,0xffff,0x8841,58,0x1e15,0xfffc,0x1209,,,physicalInteraction7.pcapng
"Nov 28, 2023 17:38:39.910421",,52,,,,,,,,,,physicalInteraction7.pcapng
"Nov 28, 2023 17:38:39.912437",0.002016,5,,,0x0002,163,,,,,,physicalInteraction7.pcapng
"Nov 28, 2023 17:38:39.920054",,63,,,,,,,,,,physicalInteraction7.pcapng
"Nov 28, 2023 17:38:39.922453",0.002399,5,,,0x0002,69,,,,,,physicalInteraction7.pcapng
"Nov 28, 2023 17:38:39.923729",,45,,,,,,,,,,physicalInteraction7.pcapng
"Nov 28, 2023 17:38:39.925517",0.001788,5,,,0x0002,164,,,,,,physicalInteraction7.pcapng
"Nov 28, 2023 17:38:39.962132",,54,,,,,,,,,,physicalInteraction7.pcapng
"Nov 28, 2023 17:38:39.964213",0.002081,5,,,0x0002,165,,,,,,physicalInteraction7.pcapng
"Nov 28, 2023 17:38:39.971955",,66,,,,,,,,,,physicalInteraction7.pcapng
"Nov 28, 2023 17:38:39.974450",0.002495,5,,,0x0002,174,,,,,,physicalInteraction7.pcapng
"Nov 28, 2023 17:38:39.980072",,54,,,,,,,,,,physicalInteraction7.pcapng
"Nov 28, 2023 17:38:39.982141",0.002069,5,,,0x0002,166,,,,,,physicalInteraction7.pcapng
"Nov 28, 2023 17:38:39.989904",,66,,,,,,,,,,physicalInteraction7.pcapng
"Nov 28, 2023 17:38:39.992399",0.002495,5,,,0x0002,70,,,,,,physicalInteraction7.pcapng
"Nov 28, 2023 17:38:40.013039",,45,,,,,,,,,,physicalInteraction7.pcapng
"Nov 28, 2023 17:38:40.014832",0.001793,5,,,0x0002,167,,,,,,physicalInteraction7.pcapng
"Nov 28, 2023 17:38:40.021104",,54,,,,,,,,,,physicalInteraction7.pcapng
"Nov 28, 2023 17:38:40.023215",0.002111,5,,,0x0002,168,,,,,,physicalInteraction7.pcapng
"Nov 28, 2023 17:38:40.026252",,54,,,,,,,,,,physicalInteraction7.pcapng
"Nov 28, 2023 17:38:40.028322",0.002070,5,,,0x0002,70,,,,,,physicalInteraction7.pcapng
"Nov 28, 2023 17:38:40.035579",,66,,,,,,,,,,physicalInteraction7.pcapng
"Nov 28, 2023 17:38:40.038074",0.002495,5,,,0x0002,108,,,,,,physicalInteraction7.pcapng
"Nov 28, 2023 17:38:40.045261",,45,,,,,,,,,,physicalInteraction7.pcapng
"Nov 28, 2023 17:38:40.047054",0.001793,5,,,0x0002,169,,,,,,physicalInteraction7.pcapng
"Nov 28, 2023 17:38:40.055038",,52,,,,,,,,,,physicalInteraction7.pcapng
"Nov 28, 2023 17:38:40.057085",0.002047,5,,,0x0002,170,,,,,,physicalInteraction7.pcapng
"Nov 28, 2023 17:38:40.059822",,52,,,,,,,,,,physicalInteraction7.pcapng
"Nov 28, 2023 17:38:40.061839",0.002017,5,,,0x0002,71,,,,,,physicalInteraction7.pcapng
"Nov 28, 2023 17:38:40.066932",,45,,,,,,,,,,physicalInteraction7.pcapng
"Nov 28, 2023 17:38:40.068725",0.001793,5,,,0x0002,171,,,,,,physicalInteraction7.pcapng
"Nov 28, 2023 17:38:40.073022",,45,,,,,,,,,,physicalInteraction7.pcapng
"Nov 28, 2023 17:38:40.077518",,45,,,,,,,,,,physicalInteraction7.pcapng
"Nov 28, 2023 17:38:40.079341",0.001823,5,,,0x0002,172,,,,,,physicalInteraction7.pcapng
"Nov 28, 2023 17:38:40.082799",,45,,,,,,,,,,physicalInteraction7.pcapng
"Nov 28, 2023 17:38:40.086575",,45,,,,,,,,,,physicalInteraction7.pcapng
"Nov 28, 2023 17:38:40.090711",,45,,,,,,,,,,physicalInteraction7.pcapng
"Nov 28, 2023 17:38:40.094754",,45,,,,,,,,,,physicalInteraction7.pcapng
"Nov 28, 2023 17:38:40.096354",0.001600,63,0xb1bf,0x0000,0x8861,110,,,,,,physicalInteraction7.pcapng
"Nov 28, 2023 17:38:40.098753",0.002399,5,,,0x0002,110,,,,,,physicalInteraction7.pcapng
"Nov 28, 2023 17:38:40.113854",,45,,,,,,,,,,physicalInteraction7.pcapng
"Nov 28, 2023 17:38:40.115677",0.001823,5,,,0x0002,173,,,,,,physicalInteraction7.pcapng
"Nov 28, 2023 17:38:40.119542",,45,,,,,,,,,,physicalInteraction7.pcapng
"Nov 28, 2023 17:38:40.134430",,45,,,,,,,,,,physicalInteraction7.pcapng
"Nov 28, 2023 17:38:40.457735",0.323305,59,0x5308,0xff1f,0x8842,45,,,,,,physicalInteraction7.pcapng
"Nov 28, 2023 17:38:40.617038",0.159303,71,0x711c,0xffff,0x8841,75,0x711c,0xfffc,0x1209,,,physicalInteraction7.pcapng
"Nov 28, 2023 17:38:40.776372",0.159334,59,0x4308,0xffff,0x8841,46,,,,,,physicalInteraction7.pcapng
"Nov 28, 2023 17:38:41.097740",0.321368,59,0x9e14,0x9baf,0x8841,47,,,,,,physicalInteraction7.pcapng
"Nov 28, 2023 17:38:41.416257",0.318517,59,0x4308,0xffff,0x8841,48,,,,,,physicalInteraction7.pcapng
"Nov 28, 2023 17:38:44.035622",2.619365,84,0x4e11,0xffff,0x8854,118,,,,,,physicalInteraction7.pcapng
"Nov 28, 2023 17:38:44.819273",,54,,,,,,,,,,physicalInteraction7.pcapng
"Nov 28, 2023 17:38:44.821384",0.002111,5,,,0x0002,181,,,,,,physicalInteraction7.pcapng
"Nov 28, 2023 17:38:44.825842",0.004458,57,0x711c,0x0000,0x8861,76,0xd0bb,0x0000,0x1a09,,,physicalInteraction7.pcapng
"Nov 28, 2023 17:38:44.828049",0.002207,5,,,0x0002,76,,,,,,physicalInteraction7.pcapng
"Nov 28, 2023 17:38:44.873774",,54,,,,,,,,,,physicalInteraction7.pcapng
"Nov 28, 2023 17:38:44.875885",0.002111,5,,,0x0002,77,,,,,,physicalInteraction7.pcapng
"Nov 28, 2023 17:38:44.899384",,54,,,,,,,,,,physicalInteraction7.pcapng
"Nov 28, 2023 17:38:44.901494",0.002110,5,,,0x0002,96,,,,,,physicalInteraction7.pcapng
"Nov 28, 2023 17:38:45.698771",,60,,,,,,,,,,physicalInteraction7.pcapng
"Nov 28, 2023 17:38:45.701074",0.002303,5,,,0x0002,112,,,,,,physicalInteraction7.pcapng
"Nov 28, 2023 17:38:45.742335",,50,,,,,,,,,,physicalInteraction7.pcapng
"Nov 28, 2023 17:38:45.744318",0.001983,5,,,0x0002,174,,,,,,physicalInteraction7.pcapng
"Nov 28, 2023 17:38:45.748976",,50,,,,,,,,,,physicalInteraction7.pcapng
"Nov 28, 2023 17:38:45.755776",,45,,,,,,,,,,physicalInteraction7.pcapng
"Nov 28, 2023 17:38:45.757599",0.001823,5,,,0x0002,113,,,,,,physicalInteraction7.pcapng
"Nov 28, 2023 17:38:46.196362",0.438763,71,0x3d95,0xffff,0x8841,71,0x3d95,0xfffc,0x1209,,,physicalInteraction7.pcapng
"Nov 28, 2023 17:38:49.788157",3.591795,59,0x4308,0xffff,0x8841,51,,,,,,physicalInteraction7.pcapng
"Nov 28, 2023 17:38:50.393131",0.604974,71,0xec7f,0xffff,0x8841,236,0xec7f,0xfffc,0x1209,,,physicalInteraction7.pcapng
"Nov 28, 2023 17:38:50.430321",0.037190,59,0x4308,0xffff,0x8841,53,0x4308,0xfffc,0x1209,,,physicalInteraction7.pcapng
"Nov 28, 2023 17:38:52.459118",2.028797,59,0x4308,0xffff,0x8841,54,,,,,,physicalInteraction7.pcapng
"Nov 28, 2023 17:38:52.767384",0.308266,68,0xe1a6,0xffff,0x8841,175,0xe1a6,0xfffc,0x1209,,,physicalInteraction7.pcapng
"Nov 28, 2023 17:38:52.780111",0.012727,59,0x4308,0xffff,0x8841,55,0x4308,0xfffc,0x1209,,,physicalInteraction7.pcapng
"Nov 28, 2023 17:38:53.099308",0.319197,59,0x4308,0xffff,0x8841,56,0x4308,0xfffc,0x1209,,,physicalInteraction7.pcapng
"Nov 28, 2023 17:38:53.420677",0.321369,59,0x4308,0xffff,0x8841,57,,,,,,physicalInteraction7.pcapng
"Nov 28, 2023 17:38:54.015041",0.594364,71,0x0112,0xffff,0x8841,139,0x0112,0xfffc,0x1209,,,physicalInteraction7.pcapng
"Nov 28, 2023 17:38:54.557154",0.542113,71,0x0000,0xffff,0x8841,175,0x0000,0xfffc,0x1209,,,physicalInteraction7.pcapng
"Nov 28, 2023 17:38:54.891538",0.334384,65,0x1e15,0xffff,0x8841,59,0x1e15,0xfffc,0x1209,,,physicalInteraction7.pcapng
"Nov 28, 2023 17:38:55.350606",0.459068,71,0x711c,0xffff,0x8841,79,0x711c,0xfffc,0x1209,,,physicalInteraction7.pcapng
"Nov 28, 2023 17:38:55.929192",0.578586,71,0xb1bf,0xffff,0x8841,114,0xb1bf,0xfffc,0x1209,,,physicalInteraction7.pcapng
"Nov 28, 2023 17:38:59.935506",4.006314,47,0x4308,0xffff,0x8841,54,,,,,,physicalInteraction7.pcapng
"Nov 28, 2023 17:39:00.119052",0.183546,63,0xb1bf,0x0000,0x8861,115,,,,,,physicalInteraction7.pcapng
"Nov 28, 2023 17:39:00.121451",0.002399,5,,,0x0002,115,,,,,,physicalInteraction7.pcapng
"Nov 28, 2023 17:39:00.166541",,50,,,,,,,,,,physicalInteraction7.pcapng
"Nov 28, 2023 17:39:00.168524",0.001983,5,,,0x0002,176,,,,,,physicalInteraction7.pcapng
"Nov 28, 2023 17:39:00.172310",,50,,,,,,,,,,physicalInteraction7.pcapng
"Nov 28, 2023 17:39:00.174262",0.001952,5,,,0x0002,80,,,,,,physicalInteraction7.pcapng
"Nov 28, 2023 17:39:00.179097",,45,,,,,,,,,,physicalInteraction7.pcapng
"Nov 28, 2023 17:39:00.180920",0.001823,5,,,0x0002,116,,,,,,physicalInteraction7.pcapng
"Nov 28, 2023 17:39:00.195093",0.014173,5,,,0x0002,117,,,,,,physicalInteraction7.pcapng
"Nov 28, 2023 17:39:00.234095",,50,,,,,,,,,,physicalInteraction7.pcapng
"Nov 28, 2023 17:39:00.236079",0.001984,5,,,0x0002,177,,,,,,physicalInteraction7.pcapng
"Nov 28, 2023 17:39:00.239081",,50,,,,,,,,,,physicalInteraction7.pcapng
"Nov 28, 2023 17:39:00.241034",0.001953,5,,,0x0002,81,,,,,,physicalInteraction7.pcapng
"Nov 28, 2023 17:39:00.245958",,45,,,,,,,,,,physicalInteraction7.pcapng
"Nov 28, 2023 17:39:00.247781",0.001823,5,,,0x0002,118,,,,,,physicalInteraction7.pcapng
"Nov 28, 2023 17:39:01.208662",0.960881,71,0x3d95,0xffff,0x8841,72,0x3d95,0xfffc,0x1209,,,physicalInteraction7.pcapng
"Nov 28, 2023 17:39:01.461380",0.252718,71,0x4e11,0xffff,0x8841,119,0x4e11,0xfffc,0x1209,,,physicalInteraction7.pcapng
"Nov 28, 2023 17:39:02.434907",0.973527,59,0x1308,0xffff,0x8861,62,,,,,,physicalInteraction7.pcapng
"Nov 28, 2023 17:39:02.559068",,66,,,,,,,,,,physicalInteraction7.pcapng
"Nov 28, 2023 17:39:02.561562",0.002494,5,,,0x0002,237,,,,,,physicalInteraction7.pcapng
"Nov 28, 2023 17:39:02.576488",,45,,,,,,,,,,physicalInteraction7.pcapng
"Nov 28, 2023 17:39:02.578297",0.001809,5,,,0x0002,178,,,,,,physicalInteraction7.pcapng
"Nov 28, 2023 17:39:02.604266",,50,,,,,,,,,,physicalInteraction7.pcapng
"Nov 28, 2023 17:39:02.606235",0.001969,5,,,0x0002,179,,,,,,physicalInteraction7.pcapng
"Nov 28, 2023 17:39:02.609357",,45,,,,,,,,,,physicalInteraction7.pcapng
"Nov 28, 2023 17:39:02.611180",0.001823,5,,,0x0002,238,,,,,,physicalInteraction7.pcapng
"Nov 28, 2023 17:39:04.345265",1.734085,71,0xec7f,0xffff,0x8841,239,0xec7f,0xfffc,0x1209,,,physicalInteraction7.pcapng
"Nov 28, 2023 17:39:04.462319",0.117054,59,0x4308,0xffff,0x8841,63,0x4308,0xfffc,0x1209,,,physicalInteraction7.pcapng
"Nov 28, 2023 17:39:04.783642",0.321323,59,0xe308,0xffff,0x8841,160,,,,,,physicalInteraction7.pcapng
"Nov 28, 2023 17:39:05.425474",0.641832,56,0x4308,0xffff,0x8841,66,,,,,,physicalInteraction7.pcapng
"Nov 28, 2023 17:39:07.805450",2.379976,68,0xe1a6,0xffff,0x8841,176,0xe1a6,0xfffc,0x1209,,,physicalInteraction7.pcapng
"Nov 28, 2023 17:39:09.012137",1.206687,71,0x0112,0xffff,0x8841,140,0x0112,0xfffc,0x1209,,,physicalInteraction7.pcapng
"Nov 28, 2023 17:39:09.871332",,52,,,,,,,,,,physicalInteraction7.pcapng
"Nov 28, 2023 17:39:09.873359",0.002027,5,,,0x0002,180,,,,,,physicalInteraction7.pcapng
"Nov 28, 2023 17:39:09.881212",,63,,,,,,,,,,physicalInteraction7.pcapng
"Nov 28, 2023 17:39:09.883611",0.002399,5,,,0x0002,177,,,,,,physicalInteraction7.pcapng
"Nov 28, 2023 17:39:09.884682",0.001071,65,0x1e15,0xffff,0x8841,60,0x1e15,0xfffc,0x1209,,,physicalInteraction7.pcapng
"Nov 28, 2023 17:39:09.908699",0.024017,59,0x0000,0xffff,0x8841,181,0x0000,0xfffc,0x1209,,,physicalInteraction7.pcapng
"Nov 28, 2023 17:39:09.914529",,45,,,,,,,,,,physicalInteraction7.pcapng
"Nov 28, 2023 17:39:09.917943",,45,,,,,,,,,,physicalInteraction7.pcapng
"Nov 28, 2023 17:39:09.923487",0.005544,45,0x3d95,0x0000,0x8861,73,0x3d95,0x0000,0x0209,,,physicalInteraction7.pcapng
"Nov 28, 2023 17:39:09.925309",0.001822,5,,,0x0002,73,,,,,,physicalInteraction7.pcapng
"Nov 28, 2023 17:39:09.927989",0.002680,45,0x3d95,0x0000,0x8861,73,0x3d95,0x0000,0x0209,,,physicalInteraction7.pcapng
"Nov 28, 2023 17:39:09.929812",0.001823,5,,,0x0002,73,,,,,,physicalInteraction7.pcapng
"Nov 28, 2023 17:39:09.933303",,45,,,,,,,,,,physicalInteraction7.pcapng
"Nov 28, 2023 17:39:09.935094",0.001791,5,,,0x0002,182,,,,,,physicalInteraction7.pcapng
"Nov 28, 2023 17:39:09.945561",,54,,,,,,,,,,physicalInteraction7.pcapng
"Nov 28, 2023 17:39:09.947642",0.002081,5,,,0x0002,183,,,,,,physicalInteraction7.pcapng
"Nov 28, 2023 17:39:09.955787",,66,,,,,,,,,,physicalInteraction7.pcapng
"Nov 28, 2023 17:39:09.958282",0.002495,5,,,0x0002,178,,,,,,physicalInteraction7.pcapng
"Nov 28, 2023 17:39:09.974568",,54,,,,,,,,,,physicalInteraction7.pcapng
"Nov 28, 2023 17:39:09.976679",0.002111,5,,,0x0002,184,,,,,,physicalInteraction7.pcapng
"Nov 28, 2023 17:39:09.979546",,54,,,,,,,,,,physicalInteraction7.pcapng
"Nov 28, 2023 17:39:09.981626",0.002080,5,,,0x0002,82,,,,,,physicalInteraction7.pcapng
"Nov 28, 2023 17:39:09.985926",,52,,,,,,,,,,physicalInteraction7.pcapng
"Nov 28, 2023 17:39:09.987973",0.002047,5,,,0x0002,185,,,,,,physicalInteraction7.pcapng
"Nov 28, 2023 17:39:09.988908",,66,,,,,,,,,,physicalInteraction7.pcapng
"Nov 28, 2023 17:39:09.991403",0.002495,5,,,0x0002,119,,,,,,physicalInteraction7.pcapng
"Nov 28, 2023 17:39:09.992849",0.001446,59,0x711c,0xffff,0x8841,83,0x0000,0xfffc,0x1209,,,physicalInteraction7.pcapng
"Nov 28, 2023 17:39:09.997755",,52,,,,,,,,,,physicalInteraction7.pcapng
"Nov 28, 2023 17:39:09.999760",0.002005,5,,,0x0002,84,,,,,,physicalInteraction7.pcapng
"Nov 28, 2023 17:39:10.000366",0.000606,59,0xec7f,0xffff,0x8841,240,0x0000,0xfffc,0x1209,,,physicalInteraction7.pcapng
"Nov 28, 2023 17:39:10.009070",,63,,,,,,,,,,physicalInteraction7.pcapng
"Nov 28, 2023 17:39:10.011469",0.002399,5,,,0x0002,120,,,,,,physicalInteraction7.pcapng
"Nov 28, 2023 17:39:10.016836",0.005367,59,0x0112,0xffff,0x8841,142,0x0000,0xfffc,0x1209,,,physicalInteraction7.pcapng
"Nov 28, 2023 17:39:10.022286",0.005450,71,0x711c,0xffff,0x8841,85,0x711c,0xfffc,0x1209,,,physicalInteraction7.pcapng
"Nov 28, 2023 17:39:10.027290",,45,,,,,,,,,,physicalInteraction7.pcapng
"Nov 28, 2023 17:39:10.029083",0.001793,5,,,0x0002,186,,,,,,physicalInteraction7.pcapng
"Nov 28, 2023 17:39:10.035135",0.006052,59,0xe1a6,0xffff,0x8841,179,0x0000,0xfffc,0x1209,,,physicalInteraction7.pcapng
"Nov 28, 2023 17:39:10.037703",,45,,,,,,,,,,physicalInteraction7.pcapng
"Nov 28, 2023 17:39:10.039526",0.001823,5,,,,,,,,,,physicalInteraction7.pcapng
"Nov 28, 2023 17:39:10.042071",,45,,,,,,,,,,physicalInteraction7.pcapng
"Nov 28, 2023 17:39:10.043852",0.001781,5,,,0x0002,86,,,,,,physicalInteraction7.pcapng
"Nov 28, 2023 17:39:10.050981",,45,,,,,,,,,,physicalInteraction7.pcapng
"Nov 28, 2023 17:39:10.052803",0.001822,5,,,0x0002,187,,,,,,physicalInteraction7.pcapng
"Nov 28, 2023 17:39:10.071831",,45,,,,,,,,,,physicalInteraction7.pcapng
"Nov 28, 2023 17:39:10.073654",0.001823,5,,,0x0002,188,,,,,,physicalInteraction7.pcapng
"Nov 28, 2023 17:39:10.076497",0.002843,59,0x1e15,0xffff,0x8841,61,0x0000,0xfffc,0x1209,,,physicalInteraction7.pcapng
"Nov 28, 2023 17:39:10.083212",,45,,,,,,,,,,physicalInteraction7.pcapng
"Nov 28, 2023 17:39:10.084993",0.001781,5,,,0x0002,87,,,,,,physicalInteraction7.pcapng
"Nov 28, 2023 17:39:10.085667",0.000674,59,0x4e11,0xffff,0x8841,120,0x0000,0xfffc,0x1209,,,physicalInteraction7.pcapng
"Nov 28, 2023 17:39:10.093014",,52,,,,,,,,,,physicalInteraction7.pcapng
"Nov 28, 2023 17:39:10.095032",0.002018,5,,,0x0002,189,,,,,,physicalInteraction7.pcapng
"Nov 28, 2023 17:39:10.102746",,63,,,,,,,,,,physicalInteraction7.pcapng
"Nov 28, 2023 17:39:10.105145",0.002399,5,,,0x0002,74,,,,,,physicalInteraction7.pcapng
"Nov 28, 2023 17:39:10.121635",,45,,,,,,,,,,physicalInteraction7.pcapng
"Nov 28, 2023 17:39:10.123419",0.001784,5,,,0x0002,190,,,,,,physicalInteraction7.pcapng
"Nov 28, 2023 17:39:10.130564",,54,,,,,,,,,,physicalInteraction7.pcapng
"Nov 28, 2023 17:39:10.132645",0.002081,5,,,0x0002,191,,,,,,physicalInteraction7.pcapng
"Nov 28, 2023 17:39:10.140523",,66,,,,,,,,,,physicalInteraction7.pcapng
"Nov 28, 2023 17:39:10.143018",0.002495,5,,,0x0002,75,,,,,,physicalInteraction7.pcapng
"Nov 28, 2023 17:39:10.160449",,45,,,,,,,,,,physicalInteraction7.pcapng
"Nov 28, 2023 17:39:10.162240",0.001791,5,,,0x0002,192,,,,,,physicalInteraction7.pcapng
"Nov 28, 2023 17:39:10.166790",0.004550,59,0xb1bf,0xffff,0x8841,121,0x0000,0xfffc,0x1209,,,physicalInteraction7.pcapng
"Nov 28, 2023 17:39:10.190831",0.024041,59,0x0112,0xffff,0x8841,143,0x0000,0xfffc,0x1209,,,physicalInteraction7.pcapng
"Nov 28, 2023 17:39:10.269663",0.078832,59,0x0000,0xffff,0x8841,193,0x0000,0xfffc,0x1209,,,physicalInteraction7.pcapng
"Nov 28, 2023 17:39:10.279643",0.009980,59,0x711c,0xffff,0x8841,88,0x0000,0xfffc,0x1209,,,physicalInteraction7.pcapng
"Nov 28, 2023 17:39:10.289399",0.009756,59,0xe1a6,0xffff,0x8841,180,0x0000,0xfffc,0x1209,,,physicalInteraction7.pcapng
"Nov 28, 2023 17:39:10.330558",0.041159,59,0x1e15,0xffff,0x8841,62,0x0000,0xfffc,0x1209,,,physicalInteraction7.pcapng
"Nov 28, 2023 17:39:10.332913",0.002355,59,0xec7f,0xffff,0x8841,241,0x0000,0xfffc,0x1209,,,physicalInteraction7.pcapng
"Nov 28, 2023 17:39:10.400627",0.067714,59,0x4e11,0xffff,0x8841,121,,,,,,physicalInteraction7.pcapng
"Nov 28, 2023 17:39:10.420968",0.020341,59,0xb1bf,0xffff,0x8841,122,0x0000,0xfffc,0x1209,,,physicalInteraction7.pcapng
"Nov 28, 2023 17:39:10.543518",0.122550,59,0xe1a6,0xffff,0x8841,181,0x0000,0xfffc,0x1209,,,physicalInteraction7.pcapng
"Nov 28, 2023 17:39:10.568672",0.025154,59,0x0000,0xffff,0x8841,194,0x0000,0xfffc,0x1209,,,physicalInteraction7.pcapng
"Nov 28, 2023 17:39:10.574463",0.005791,45,0x3d95,0x0000,0x8861,76,0x3d95,0x0000,0x0209,,,physicalInteraction7.pcapng
"Nov 28, 2023 17:39:10.576286",0.001823,5,,,0x0002,76,,,,,,physicalInteraction7.pcapng
"Nov 28, 2023 17:39:10.583284",0.006998,59,0x711c,0xffff,0x8841,89,,,,,,physicalInteraction7.pcapng
"Nov 28, 2023 17:39:10.670265",0.086981,59,0x4e11,0xffff,0x8841,122,,,,,,physicalInteraction7.pcapng
"Nov 28, 2023 17:39:10.675768",0.005503,59,0xb1bf,0xffff,0x8841,123,0x0000,0xfffc,0x1209,,,physicalInteraction7.pcapng
"Nov 28, 2023 17:39:10.682405",0.006637,59,0xec7f,0xffff,0x8841,242,0x0000,0xfffc,0x1209,,,physicalInteraction7.pcapng
"Nov 28, 2023 17:39:10.886336",0.203931,59,0x0000,0xffff,0x8841,195,0x0000,0xfffc,0x1209,,,physicalInteraction7.pcapng
"Nov 28, 2023 17:39:11.574975",0.688639,71,0x0000,0xffff,0x8841,196,0x0000,0xfffc,0x1209,,,physicalInteraction7.pcapng
"Nov 28, 2023 17:39:13.463411",1.888436,59,0x4308,0xffff,0x8841,67,,,,,,physicalInteraction7.pcapng
"Nov 28, 2023 17:39:13.790083",0.326672,59,0x4308,0xffff,0x8841,68,,,,,,physicalInteraction7.pcapng
"Nov 28, 2023 17:39:14.109644",0.319561,59,0x4308,0xffff,0x8841,69,,,,,,physicalInteraction7.pcapng
"Nov 28, 2023 17:39:15.086326",0.976682,47,0x4308,0xffff,0x8841,71,,,,,,physicalInteraction7.pcapng
"Nov 28, 2023 17:39:16.213386",1.127060,71,0x3d95,0xffff,0x8841,77,0x3d95,0xfffc,0x1209,,,physicalInteraction7.pcapng
"Nov 28, 2023 17:39:16.462600",0.249214,59,,,0x6841,78,,,,,,physicalInteraction7.pcapng
"Nov 28, 2023 17:39:16.730320",0.267720,71,0x4e11,0xffff,0x8841,123,0x4e11,0xfffc,0x1209,,,physicalInteraction7.pcapng
"Nov 28, 2023 17:39:16.799308",0.068988,59,0x4608,0xffff,0x8841,73,,,,,,physicalInteraction7.pcapng
"Nov 28, 2023 17:39:16.849760",,54,,,,,,,,,,physicalInteraction7.pcapng
"Nov 28, 2023 17:39:16.851871",0.002111,5,,,0x0002,97,,,,,,physicalInteraction7.pcapng
"Nov 28, 2023 17:39:17.348455",,54,,,,,,,,,,physicalInteraction7.pcapng
"Nov 28, 2023 17:39:17.352259",,54,,,,,,,,,,physicalInteraction7.pcapng
"Nov 28, 2023 17:39:17.357350",,54,,,,,,,,,,physicalInteraction7.pcapng
"Nov 28, 2023 17:39:17.361188",,54,,,,,,,,,,physicalInteraction7.pcapng
"Nov 28, 2023 17:39:17.371147",,54,,,,,,,,,,physicalInteraction7.pcapng
"Nov 28, 2023 17:39:17.375940",,54,,,,,,,,,,physicalInteraction7.pcapng
"Nov 28, 2023 17:39:17.381332",,54,,,,,,,,,,physicalInteraction7.pcapng
"Nov 28, 2023 17:39:17.386405",,54,,,,,,,,,,physicalInteraction7.pcapng
"Nov 28, 2023 17:39:17.438713",0.052308,59,0x4308,0xff51,0x8841,75,,,,,,physicalInteraction7.pcapng
"Nov 28, 2023 17:39:18.378057",0.939344,71,0xec7f,0xffff,0x8841,243,0xec7f,0xfffc,0x1209,,,physicalInteraction7.pcapng
"Nov 28, 2023 17:39:21.336991",,63,,,,,,,,,,physicalInteraction7.pcapng
"Nov 28, 2023 17:39:21.342194",,63,,,,,,,,,,physicalInteraction7.pcapng
"Nov 28, 2023 17:39:21.347227",,63,,,,,,,,,,physicalInteraction7.pcapng
"Nov 28, 2023 17:39:21.349626",0.002399,5,,,0x0002,78,,,,,,physicalInteraction7.pcapng
"Nov 28, 2023 17:39:21.398599",,50,,,,,,,,,,physicalInteraction7.pcapng
"Nov 28, 2023 17:39:21.400552",0.001953,5,,,0x0002,197,,,,,,physicalInteraction7.pcapng
"Nov 28, 2023 17:39:21.405662",,45,,,,,,,,,,physicalInteraction7.pcapng
"Nov 28, 2023 17:39:21.407484",0.001822,5,,,0x0002,79,,,,,,physicalInteraction7.pcapng
"Nov 28, 2023 17:39:21.420783",,57,,,,,,,,,,physicalInteraction7.pcapng
"Nov 28, 2023 17:39:21.422989",0.002206,5,,,0x0002,80,,,,,,physicalInteraction7.pcapng
"Nov 28, 2023 17:39:21.463580",,50,,,,,,,,,,physicalInteraction7.pcapng
"Nov 28, 2023 17:39:21.465534",0.001954,5,,,0x0002,198,,,,,,physicalInteraction7.pcapng
"Nov 28, 2023 17:39:21.470781",,45,,,,,,,,,,physicalInteraction7.pcapng
"Nov 28, 2023 17:39:21.472604",0.001823,5,,,0x0002,81,,,,,,physicalInteraction7.pcapng
"Nov 28, 2023 17:39:21.475446",,45,,,,,,,,,,physicalInteraction7.pcapng
"Nov 28, 2023 17:39:21.477269",0.001823,5,,,0x0002,81,,,,,,physicalInteraction7.pcapng
"Nov 28, 2023 17:39:22.754679",1.277410,68,0xe1a6,0xffff,0x8841,182,0xe1a6,0xfffc,0x1209,,,physicalInteraction7.pcapng
"Nov 28, 2023 17:39:24.006992",1.252313,71,0x0112,0xffff,0x8841,144,0x0112,0xfffc,0x1209,,,physicalInteraction7.pcapng
"Nov 28, 2023 17:39:24.860087",0.853095,65,0x1e15,0xffff,0x8841,64,0x1e15,0xfffc,0x1209,,,physicalInteraction7.pcapng
"Nov 28, 2023 17:39:25.465894",0.605807,59,0x4308,0xffff,0x8841,76,,,,,,physicalInteraction7.pcapng
"Nov 28, 2023 17:39:25.960663",,83,,,,,,,,,,physicalInteraction7.pcapng
"Nov 28, 2023 17:39:25.963702",0.003039,5,,,0x0002,99,,,,,,physicalInteraction7.pcapng
"Nov 28, 2023 17:39:25.987260",0.023558,71,0xb1bf,0xffff,0x8841,125,0xb1bf,0xfffc,0x1209,,,physicalInteraction7.pcapng
"Nov 28, 2023 17:39:26.113701",0.126441,59,0x4308,0xffff,0x8841,78,,,,,,physicalInteraction7.pcapng
"Nov 28, 2023 17:39:26.399365",,59,,,,,,,,,,physicalInteraction7.pcapng
"Nov 28, 2023 17:39:26.401636",0.002271,5,,,0x0002,244,,,,,,physicalInteraction7.pcapng
"Nov 28, 2023 17:39:26.415418",,45,,,,,,,,,,physicalInteraction7.pcapng
"Nov 28, 2023 17:39:26.417227",0.001809,5,,,0x0002,199,,,,,,physicalInteraction7.pcapng
"Nov 28, 2023 17:39:26.443829",,49,,,,,,,,,,physicalInteraction7.pcapng
"Nov 28, 2023 17:39:26.445766",0.001937,5,,,0x0002,200,,,,,,physicalInteraction7.pcapng
"Nov 28, 2023 17:39:26.451332",,45,,,,,,,,,,physicalInteraction7.pcapng
"Nov 28, 2023 17:39:26.453155",0.001823,5,,,0x0002,245,,,,,,physicalInteraction7.pcapng
"Nov 28, 2023 17:39:26.472847",0.019692,12,0xe01d,0x0000,0x8863,100,,,,,,physicalInteraction7.pcapng
"Nov 28, 2023 17:39:26.473614",0.000767,5,,,0x0002,100,,,,,,physicalInteraction7.pcapng
"Nov 28, 2023 17:39:26.803732",0.330118,71,0x0000,0xffff,0x8841,201,0x0000,0xfffc,0x1209,,,physicalInteraction7.pcapng
"Nov 28, 2023 17:39:27.342508",0.538776,71,0x711c,0xffff,0x8841,90,0x711c,0xfffc,0x1209,,,physicalInteraction7.pcapng
"Nov 28, 2023 17:39:28.465916",1.123408,43,0x4308,0xffff,0x8841,80,,,,,,physicalInteraction7.pcapng
"Nov 28, 2023 17:39:28.791692",0.325776,59,0x4308,0xffff,0x8841,81,,,,,,physicalInteraction7.pcapng
"Nov 28, 2023 17:39:29.430341",0.638649,59,0x4308,0xfbff,0x8841,83,,,,,,physicalInteraction7.pcapng
"Nov 28, 2023 17:39:31.218099",1.787758,71,0x3d95,0xffff,0x8841,82,0x3d95,0xfffc,0x1209,,,physicalInteraction7.pcapng
"Nov 28, 2023 17:39:32.673320",1.455221,71,0x4e11,0xffff,0x8841,124,0x4e11,0xfffc,0x1209,,,physicalInteraction7.pcapng
"Nov 28, 2023 17:39:34.205026",1.531706,71,0xec7f,0xffff,0x8841,246,0xec7f,0xfffc,0x1209,,,physicalInteraction7.pcapng
"Nov 28, 2023 17:39:37.749703",3.544677,68,0xe1a6,0xffff,0x8841,183,0xe1a6,0xfffc,0x1209,,,physicalInteraction7.pcapng
"Nov 28, 2023 17:39:37.786752",0.037049,59,0xe31d,0xffff,0x8841,86,,,,,,physicalInteraction7.pcapng
"Nov 28, 2023 17:39:38.426370",0.639618,59,0x4308,0xffff,0x8841,88,,,,,,physicalInteraction7.pcapng
"Nov 28, 2023 17:39:39.862967",1.436597,65,0x1e15,0xffff,0x8841,65,0x1e15,0xfffc,0x1209,,,physicalInteraction7.pcapng
"Nov 28, 2023 17:39:39.879766",,52,,,,,,,,,,physicalInteraction7.pcapng
"Nov 28, 2023 17:39:39.881782",0.002016,5,,,0x0002,202,,,,,,physicalInteraction7.pcapng
"Nov 28, 2023 17:39:39.889446",,63,,,,,,,,,,physicalInteraction7.pcapng
"Nov 28, 2023 17:39:39.891845",0.002399,5,,,0x0002,184,,,,,,physicalInteraction7.pcapng
"Nov 28, 2023 17:39:39.913960",,52,,,,,,,,,,physicalInteraction7.pcapng
"Nov 28, 2023 17:39:39.915978",0.002018,5,,,0x0002,203,,,,,,physicalInteraction7.pcapng
"Nov 28, 2023 17:39:39.923594",,63,,,,,,,,,,physicalInteraction7.pcapng
"Nov 28, 2023 17:39:39.925993",0.002399,5,,,0x0002,83,,,,,,physicalInteraction7.pcapng
"Nov 28, 2023 17:39:39.929462",,45,,,,,,,,,,physicalInteraction7.pcapng
"Nov 28, 2023 17:39:39.931251",0.001789,5,,,0x0002,204,,,,,,physicalInteraction7.pcapng
"Nov 28, 2023 17:39:39.949100",,54,,,,,,,,,,physicalInteraction7.pcapng
"Nov 28, 2023 17:39:39.951170",0.002070,5,,,0x0002,205,,,,,,physicalInteraction7.pcapng
"Nov 28, 2023 17:39:39.958968",,66,,,,,,,,,,physicalInteraction7.pcapng
"Nov 28, 2023 17:39:39.961463",0.002495,5,,,0x0002,185,,,,,,physicalInteraction7.pcapng
"Nov 28, 2023 17:39:39.968796",,45,,,,,,,,,,physicalInteraction7.pcapng
"Nov 28, 2023 17:39:39.970578",0.001782,5,,,0x0002,206,,,,,,physicalInteraction7.pcapng
"Nov 28, 2023 17:39:39.988079",,54,,,,,,,,,,physicalInteraction7.pcapng
"Nov 28, 2023 17:39:39.990162",0.002083,5,,,0x0002,207,,,,,,physicalInteraction7.pcapng
"Nov 28, 2023 17:39:39.997864",,66,,,,,,,,,,physicalInteraction7.pcapng
"Nov 28, 2023 17:39:40.000359",0.002495,5,,,0x0002,84,,,,,,physicalInteraction7.pcapng
"Nov 28, 2023 17:39:40.001219",,54,,,,,,,,,,physicalInteraction7.pcapng
"Nov 28, 2023 17:39:40.003331",0.002112,5,,,0x0002,208,,,,,,physicalInteraction7.pcapng
"Nov 28, 2023 17:39:40.006367",,54,,,,,,,,,,physicalInteraction7.pcapng
"Nov 28, 2023 17:39:40.008442",0.002075,5,,,0x0002,91,,,,,,physicalInteraction7.pcapng
"Nov 28, 2023 17:39:40.015552",,66,,,,,,,,,,physicalInteraction7.pcapng
"Nov 28, 2023 17:39:40.018047",0.002495,5,,,0x0002,126,,,,,,physicalInteraction7.pcapng
"Nov 28, 2023 17:39:40.030561",,45,,,,,,,,,,physicalInteraction7.pcapng
"Nov 28, 2023 17:39:40.032354",0.001793,5,,,0x0002,209,,,,,,physicalInteraction7.pcapng
"Nov 28, 2023 17:39:40.038206",,52,,,,,,,,,,physicalInteraction7.pcapng
"Nov 28, 2023 17:39:40.040253",0.002047,5,,,0x0002,210,,,,,,physicalInteraction7.pcapng
"Nov 28, 2023 17:39:40.044662",,52,,,,,,,,,,physicalInteraction7.pcapng
"Nov 28, 2023 17:39:40.046678",0.002016,5,,,0x0002,92,,,,,,physicalInteraction7.pcapng
"Nov 28, 2023 17:39:40.050836",,45,,,,,,,,,,physicalInteraction7.pcapng
"Nov 28, 2023 17:39:40.052618",0.001782,5,,,0x0002,211,,,,,,physicalInteraction7.pcapng
"Nov 28, 2023 17:39:40.053830",,63,,,,,,,,,,physicalInteraction7.pcapng
"Nov 28, 2023 17:39:40.056229",0.002399,5,,,0x0002,127,,,,,,physicalInteraction7.pcapng
"Nov 28, 2023 17:39:40.060264",,45,,,,,,,,,,physicalInteraction7.pcapng
"Nov 28, 2023 17:39:40.062087",0.001823,5,,,0x0002,212,,,,,,physicalInteraction7.pcapng
"Nov 28, 2023 17:39:40.065195",,45,,,,,,,,,,physicalInteraction7.pcapng
"Nov 28, 2023 17:39:40.066988",0.001793,5,,,0x0002,93,,,,,,physicalInteraction7.pcapng
"Nov 28, 2023 17:39:40.071985",,45,,,,,,,,,,physicalInteraction7.pcapng
"Nov 28, 2023 17:39:40.073808",0.001823,5,,,0x0002,213,,,,,,physicalInteraction7.pcapng
"Nov 28, 2023 17:39:40.078144",,45,,,,,,,,,,physicalInteraction7.pcapng
"Nov 28, 2023 17:39:40.079937",0.001793,5,,,0x0002,94,,,,,,physicalInteraction7.pcapng
"Nov 28, 2023 17:39:40.794435",0.714498,59,0x4308,0xffff,0x8841,90,,,,,,physicalInteraction7.pcapng
"Nov 28, 2023 17:39:41.039910",0.245475,71,0xb1bf,0xffff,0x8841,128,0xb1bf,0xfffc,0x1209,,,physicalInteraction7.pcapng
"Nov 28, 2023 17:39:41.114233",0.074323,59,0x4308,0xffff,0x8841,91,,,,,,physicalInteraction7.pcapng
"Nov 28, 2023 17:39:41.435635",0.321402,59,0x16d8,0x01ff,0x884c,108,,,,,,physicalInteraction7.pcapng
"Nov 28, 2023 17:39:42.541685",1.106050,71,0x711c,0xffff,0x8841,95,0x711c,0xfffc,0x1209,,,physicalInteraction7.pcapng
"Nov 28, 2023 17:39:43.773769",1.232084,71,0x0000,0xffff,0x8841,214,0x0000,0xfffc,0x1209,,,physicalInteraction7.pcapng
"Nov 28, 2023 17:39:45.075287",,50,,,,,,,,,,physicalInteraction7.pcapng
"Nov 28, 2023 17:39:45.079867",,50,,,,,,,,,,physicalInteraction7.pcapng
"Nov 28, 2023 17:39:45.085335",,50,,,,,,,,,,physicalInteraction7.pcapng
"Nov 28, 2023 17:39:45.090636",,50,,,,,,,,,,physicalInteraction7.pcapng
"Nov 28, 2023 17:39:45.116489",,50,,,,,,,,,,physicalInteraction7.pcapng
"Nov 28, 2023 17:39:45.120375",,50,,,,,,,,,,physicalInteraction7.pcapng
"Nov 28, 2023 17:39:45.124661",,50,,,,,,,,,,physicalInteraction7.pcapng
"Nov 28, 2023 17:39:45.129975",,50,,,,,,,,,,physicalInteraction7.pcapng
"Nov 28, 2023 17:39:45.156943",,50,,,,,,,,,,physicalInteraction7.pcapng
"Nov 28, 2023 17:39:45.160730",,50,,,,,,,,,,physicalInteraction7.pcapng
"Nov 28, 2023 17:39:45.165184",,50,,,,,,,,,,physicalInteraction7.pcapng
"Nov 28, 2023 17:39:45.169472",,50,,,,,,,,,,physicalInteraction7.pcapng
"Nov 28, 2023 17:39:45.201391",,50,,,,,,,,,,physicalInteraction7.pcapng
"Nov 28, 2023 17:39:45.205277",,50,,,,,,,,,,physicalInteraction7.pcapng
"Nov 28, 2023 17:39:45.210270",,50,,,,,,,,,,physicalInteraction7.pcapng
"Nov 28, 2023 17:39:45.214712",,50,,,,,,,,,,physicalInteraction7.pcapng
"Nov 28, 2023 17:39:45.258328",,50,,,,,,,,,,physicalInteraction7.pcapng
"Nov 28, 2023 17:39:45.262268",,50,,,,,,,,,,physicalInteraction7.pcapng
"Nov 28, 2023 17:39:45.267262",,50,,,,,,,,,,physicalInteraction7.pcapng
"Nov 28, 2023 17:39:45.272343",,50,,,,,,,,,,physicalInteraction7.pcapng
"Nov 28, 2023 17:39:45.304170",,50,,,,,,,,,,physicalInteraction7.pcapng
"Nov 28, 2023 17:39:45.307096",,50,,,,,,,,,,physicalInteraction7.pcapng
"Nov 28, 2023 17:39:45.310168",0.003072,47,0x4308,0xffff,0x8841,93,,,,,,physicalInteraction7.pcapng
"Nov 28, 2023 17:39:45.312289",,50,,,,,,,,,,physicalInteraction7.pcapng
"Nov 28, 2023 17:39:45.315515",,50,,,,,,,,,,physicalInteraction7.pcapng
"Nov 28, 2023 17:39:45.387881",,50,,,,,,,,,,physicalInteraction7.pcapng
"Nov 28, 2023 17:39:45.393324",,50,,,,,,,,,,physicalInteraction7.pcapng
"Nov 28, 2023 17:39:45.396452",,50,,,,,,,,,,physicalInteraction7.pcapng
"Nov 28, 2023 17:39:45.401006",,50,,,,,,,,,,physicalInteraction7.pcapng
"Nov 28, 2023 17:39:45.432162",,50,,,,,,,,,,physicalInteraction7.pcapng
"Nov 28, 2023 17:39:45.436324",,50,,,,,,,,,,physicalInteraction7.pcapng
"Nov 28, 2023 17:39:45.439650",,50,,,,,,,,,,physicalInteraction7.pcapng
"Nov 28, 2023 17:39:45.444842",,50,,,,,,,,,,physicalInteraction7.pcapng
"Nov 28, 2023 17:39:45.483475",,50,,,,,,,,,,physicalInteraction7.pcapng
"Nov 28, 2023 17:39:45.488322",,50,,,,,,,,,,physicalInteraction7.pcapng
"Nov 28, 2023 17:39:45.493150",,50,,,,,,,,,,physicalInteraction7.pcapng
"Nov 28, 2023 17:39:45.497978",,50,,,,,,,,,,physicalInteraction7.pcapng
"Nov 28, 2023 17:39:45.530689",,50,,,,,,,,,,physicalInteraction7.pcapng
"Nov 28, 2023 17:39:45.533998",,50,,,,,,,,,,physicalInteraction7.pcapng
"Nov 28, 2023 17:39:45.538617",,50,,,,,,,,,,physicalInteraction7.pcapng
"Nov 28, 2023 17:39:45.542584",,50,,,,,,,,,,physicalInteraction7.pcapng
"Nov 28, 2023 17:39:45.591233",,50,,,,,,,,,,physicalInteraction7.pcapng
"Nov 28, 2023 17:39:45.595865",,50,,,,,,,,,,physicalInteraction7.pcapng
"Nov 28, 2023 17:39:45.601113",,50,,,,,,,,,,physicalInteraction7.pcapng
"Nov 28, 2023 17:39:45.604880",,50,,,,,,,,,,physicalInteraction7.pcapng
"Nov 28, 2023 17:39:46.185942",0.581062,71,0x3d95,0xffff,0x8841,85,0x3d95,0xfffc,0x1209,,,physicalInteraction7.pcapng
"Nov 28, 2023 17:39:48.105667",1.919725,71,0x4e11,0xffff,0x8841,125,0x4e11,0xfffc,0x1209,,,physicalInteraction7.pcapng
"Nov 28, 2023 17:39:49.468036",1.362369,59,0x4308,0xfcfb,0x8861,94,,,,,,physicalInteraction7.pcapng
"Nov 28, 2023 17:39:49.796978",0.328942,59,0x4308,0x6ff2,0x8841,95,,,,,,physicalInteraction7.pcapng
"Nov 28, 2023 17:39:50.464263",0.667285,71,0xec7f,0xffff,0x8841,247,0xec7f,0xfffc,0x1209,,,physicalInteraction7.pcapng
"Nov 28, 2023 17:39:52.471968",2.007705,59,0x4308,0xffff,0x8841,98,,,,,,physicalInteraction7.pcapng
"Nov 28, 2023 17:39:52.756240",0.284272,68,0xe1a6,0xffff,0x8841,186,0xe1a6,0xfffc,0x1209,,,physicalInteraction7.pcapng
"Nov 28, 2023 17:39:52.799188",0.042948,59,0x4308,0xffff,0x8841,99,,,,,,physicalInteraction7.pcapng
"Nov 28, 2023 17:39:53.118028",0.318840,59,,,0xd841,27,,,,,,physicalInteraction7.pcapng
"Nov 28, 2023 17:39:53.438489",0.320461,59,0x4308,0xffff,0x8841,101,,,,,,physicalInteraction7.pcapng
"Nov 28, 2023 17:39:54.019425",0.580936,71,0x0112,0xffff,0x8841,146,0x0112,0xfffc,0x1209,,,physicalInteraction7.pcapng
"Nov 28, 2023 17:39:54.806718",0.787293,65,0x1e15,0xffff,0x8841,66,0x1e15,0xfffc,0x1209,,,physicalInteraction7.pcapng
"Nov 28, 2023 17:39:55.939392",1.132674,71,0xb1bf,0xffff,0x8841,129,0xb1bf,0xfffc,0x1209,,,physicalInteraction7.pcapng
"Nov 28, 2023 17:39:59.301222",3.361830,71,0x0000,0xffff,0x8841,226,0x0000,0xfffc,0x1209,,,physicalInteraction7.pcapng
"Nov 28, 2023 17:39:59.782225",,57,,,,,,,,,,physicalInteraction7.pcapng
"Nov 28, 2023 17:39:59.784432",0.002207,5,,,0x0002,187,,,,,,physicalInteraction7.pcapng
"Nov 28, 2023 17:39:59.825394",,50,,,,,,,,,,physicalInteraction7.pcapng
"Nov 28, 2023 17:39:59.827347",0.001953,5,,,0x0002,227,,,,,,physicalInteraction7.pcapng
"Nov 28, 2023 17:39:59.832410",,45,,,,,,,,,,physicalInteraction7.pcapng
"Nov 28, 2023 17:39:59.834233",0.001823,5,,,0x0002,188,,,,,,physicalInteraction7.pcapng
"Nov 28, 2023 17:39:59.846547",,63,,,,,,,,,,physicalInteraction7.pcapng
"Nov 28, 2023 17:39:59.848946",0.002399,5,,,0x0002,189,,,,,,physicalInteraction7.pcapng
"Nov 28, 2023 17:39:59.901181",,50,,,,,,,,,,physicalInteraction7.pcapng
"Nov 28, 2023 17:39:59.903133",0.001952,5,,,0x0002,228,,,,,,physicalInteraction7.pcapng
"Nov 28, 2023 17:39:59.908431",,45,,,,,,,,,,physicalInteraction7.pcapng
"Nov 28, 2023 17:39:59.910254",0.001823,5,,,0x0002,190,,,,,,physicalInteraction7.pcapng
"Nov 28, 2023 17:40:00.361423",0.451169,71,0x711c,0xffff,0x8841,96,0x711c,0xfffc,0x1209,,,physicalInteraction7.pcapng
"Nov 28, 2023 17:40:00.381668",0.020245,47,0x4308,0xffff,0x8841,102,,,,,,physicalInteraction7.pcapng
"Nov 28, 2023 17:40:01.261707",0.880039,71,0x3d95,0xffff,0x8841,86,0x3d95,0xfffc,0x1209,,,physicalInteraction7.pcapng
"Nov 28, 2023 17:40:01.471594",0.209887,59,0x4308,0xffff,0x8841,103,,,,,,physicalInteraction7.pcapng
"Nov 28, 2023 17:40:01.793799",0.322205,59,0x4308,0xffff,0x8841,104,,,,,,physicalInteraction7.pcapng
"Nov 28, 2023 17:40:02.433463",0.639664,59,0x680f,0xffff,0x8841,106,,,,,,physicalInteraction7.pcapng
"Nov 28, 2023 17:40:03.673085",1.239622,71,0x4e11,0xffff,0x8841,126,0x4e11,0xfffc,0x1209,,,physicalInteraction7.pcapng
"Nov 28, 2023 17:40:05.112674",1.439589,48,0xa30e,0xffff,0x8841,109,,,,,,physicalInteraction7.pcapng
"Nov 28, 2023 17:40:05.480027",0.367353,71,0xec7f,0xffff,0x8841,248,0xec7f,0xfffc,0x1209,,,physicalInteraction7.pcapng
"Nov 28, 2023 17:40:07.567391",,60,,,,,,,,,,physicalInteraction7.pcapng
"Nov 28, 2023 17:40:07.569694",0.002303,5,,,0x0002,87,,,,,,physicalInteraction7.pcapng
"Nov 28, 2023 17:40:07.611900",,50,,,,,,,,,,physicalInteraction7.pcapng
"Nov 28, 2023 17:40:07.613845",0.001945,5,,,0x0002,229,,,,,,physicalInteraction7.pcapng
"Nov 28, 2023 17:40:07.618939",,45,,,,,,,,,,physicalInteraction7.pcapng
"Nov 28, 2023 17:40:07.620761",0.001822,5,,,0x0002,88,,,,,,physicalInteraction7.pcapng
"Nov 28, 2023 17:40:07.863707",0.242946,68,0xe1a6,0xffff,0x8841,191,0xe1a6,0xfffc,0x1209,,,physicalInteraction7.pcapng
"Nov 28, 2023 17:40:09.011854",1.148147,63,,,,,,,,,,physicalInteraction7.pcapng
"Nov 28, 2023 17:40:09.879480",,52,,,,,,,,,,physicalInteraction7.pcapng
"Nov 28, 2023 17:40:09.881487",0.002007,5,,,0x0002,230,,,,,,physicalInteraction7.pcapng
"Nov 28, 2023 17:40:09.889169",,63,,,,,,,,,,physicalInteraction7.pcapng
"Nov 28, 2023 17:40:09.891567",0.002398,5,,,0x0002,192,,,,,,physicalInteraction7.pcapng
"Nov 28, 2023 17:40:09.899473",0.007906,65,0x1e15,0xffff,0x8841,67,0x1e15,0xfffc,0x1209,,,physicalInteraction7.pcapng
"Nov 28, 2023 17:40:09.916012",,52,,,,,,,,,,physicalInteraction7.pcapng
"Nov 28, 2023 17:40:09.918021",0.002009,5,,,0x0002,231,,,,,,physicalInteraction7.pcapng
"Nov 28, 2023 17:40:09.925635",,63,,,,,,,,,,physicalInteraction7.pcapng
"Nov 28, 2023 17:40:09.928034",0.002399,5,,,0x0002,89,,,,,,physicalInteraction7.pcapng
"Nov 28, 2023 17:40:09.930814",,63,,,,,,,,,,physicalInteraction7.pcapng
"Nov 28, 2023 17:40:09.933213",0.002399,5,,,0x0002,89,,,,,,physicalInteraction7.pcapng
"Nov 28, 2023 17:40:09.934082",,45,,,,,,,,,,physicalInteraction7.pcapng
"Nov 28, 2023 17:40:09.935875",0.001793,5,,,0x0002,232,,,,,,physicalInteraction7.pcapng
"Nov 28, 2023 17:40:09.956173",,54,,,,,,,,,,physicalInteraction7.pcapng
"Nov 28, 2023 17:40:09.958255",0.002082,5,,,0x0002,233,,,,,,physicalInteraction7.pcapng
"Nov 28, 2023 17:40:09.965859",,66,,,,,,,,,,physicalInteraction7.pcapng
"Nov 28, 2023 17:40:09.968354",0.002495,5,,,0x0002,193,,,,,,physicalInteraction7.pcapng
"Nov 28, 2023 17:40:09.975429",,45,,,,,,,,,,physicalInteraction7.pcapng
"Nov 28, 2023 17:40:09.977222",0.001793,5,,,0x0002,234,,,,,,physicalInteraction7.pcapng
"Nov 28, 2023 17:40:09.990148",,54,,,,,,,,,,physicalInteraction7.pcapng
"Nov 28, 2023 17:40:09.992229",0.002081,5,,,0x0002,235,,,,,,physicalInteraction7.pcapng
"Nov 28, 2023 17:40:10.000072",,66,,,,,,,,,,physicalInteraction7.pcapng
"Nov 28, 2023 17:40:10.002567",0.002495,5,,,0x0002,90,,,,,,physicalInteraction7.pcapng
"Nov 28, 2023 17:40:10.013267",,54,,,,,,,,,,physicalInteraction7.pcapng
"Nov 28, 2023 17:40:10.018668",,54,,,,,,,,,,physicalInteraction7.pcapng
"Nov 28, 2023 17:40:10.020779",0.002111,5,,,0x0002,236,,,,,,physicalInteraction7.pcapng
"Nov 28, 2023 17:40:10.024835",,54,,,,,,,,,,physicalInteraction7.pcapng
"Nov 28, 2023 17:40:10.026906",0.002071,5,,,0x0002,97,,,,,,physicalInteraction7.pcapng
"Nov 28, 2023 17:40:10.039128",,66,,,,,,,,,,physicalInteraction7.pcapng
"Nov 28, 2023 17:40:10.041623",0.002495,5,,,0x0002,130,,,,,,physicalInteraction7.pcapng
"Nov 28, 2023 17:40:10.050403",,52,,,,,,,,,,physicalInteraction7.pcapng
"Nov 28, 2023 17:40:10.052450",0.002047,5,,,0x0002,237,,,,,,physicalInteraction7.pcapng
"Nov 28, 2023 17:40:10.055898",,52,,,,,,,,,,physicalInteraction7.pcapng
"Nov 28, 2023 17:40:10.057916",0.002018,5,,,0x0002,98,,,,,,physicalInteraction7.pcapng
"Nov 28, 2023 17:40:10.061446",,45,,,,,,,,,,physicalInteraction7.pcapng
"Nov 28, 2023 17:40:10.063238",0.001792,5,,,0x0002,238,,,,,,physicalInteraction7.pcapng
"Nov 28, 2023 17:40:10.065180",0.001942,63,,,,,,,,,,physicalInteraction7.pcapng
"Nov 28, 2023 17:40:10.068568",,45,,,,,,,,,,physicalInteraction7.pcapng
"Nov 28, 2023 17:40:10.073709",,45,,,,,,,,,,physicalInteraction7.pcapng
"Nov 28, 2023 17:40:10.075502",0.001793,5,,,0x0002,239,,,,,,physicalInteraction7.pcapng
"Nov 28, 2023 17:40:10.080358",,63,,,,,,,,,,physicalInteraction7.pcapng
"Nov 28, 2023 17:40:10.082757",0.002399,5,,,0x0002,131,,,,,,physicalInteraction7.pcapng
"Nov 28, 2023 17:40:10.085929",,45,,,,,,,,,,physicalInteraction7.pcapng
"Nov 28, 2023 17:40:10.087752",0.001823,5,,,0x0002,240,,,,,,physicalInteraction7.pcapng
"Nov 28, 2023 17:40:10.091071",,45,,,,,,,,,,physicalInteraction7.pcapng
"Nov 28, 2023 17:40:10.092792",,63,,,,,,,,,,physicalInteraction7.pcapng
"Nov 28, 2023 17:40:10.095191",0.002399,5,,,0x0002,132,,,,,,physicalInteraction7.pcapng
"Nov 28, 2023 17:40:10.097661",,63,,,,,,,,,,physicalInteraction7.pcapng
"Nov 28, 2023 17:40:10.100060",0.002399,5,,,0x0002,132,,,,,,physicalInteraction7.pcapng
"Nov 28, 2023 17:40:10.102587",,45,,,,,,,,,,physicalInteraction7.pcapng
"Nov 28, 2023 17:40:10.104379",0.001792,5,,,0x0002,99,,,,,,physicalInteraction7.pcapng
"Nov 28, 2023 17:40:10.110098",,45,,,,,,,,,,physicalInteraction7.pcapng
"Nov 28, 2023 17:40:10.111921",0.001823,5,,,0x0002,241,,,,,,physicalInteraction7.pcapng
"Nov 28, 2023 17:40:10.115322",,45,,,,,,,,,,physicalInteraction7.pcapng
"Nov 28, 2023 17:40:10.117115",0.001793,5,,,0x0002,100,,,,,,physicalInteraction7.pcapng
"Nov 28, 2023 17:40:10.118147",,45,,,,,,,,,,physicalInteraction7.pcapng
"Nov 28, 2023 17:40:10.119970",0.001823,5,,,0x0002,242,,,,,,physicalInteraction7.pcapng
"Nov 28, 2023 17:40:10.124579",,45,,,,,,,,,,physicalInteraction7.pcapng
"Nov 28, 2023 17:40:10.126373",0.001794,5,,,0x0002,99,,,,,,physicalInteraction7.pcapng
"Nov 28, 2023 17:40:10.129552",,45,,,,,,,,,,physicalInteraction7.pcapng
"Nov 28, 2023 17:40:10.987601",0.858049,71,0xb1bf,0xffff,0x8841,133,0xb1bf,0xfffc,0x1209,,,physicalInteraction7.pcapng
"Nov 28, 2023 17:40:13.473303",2.485702,59,0x4308,0xffff,0x8841,111,,,,,,physicalInteraction7.pcapng
"Nov 28, 2023 17:40:13.798057",0.324754,59,0x4e0d,0xffff,0x8841,112,,,,,,physicalInteraction7.pcapng
"Nov 28, 2023 17:40:14.325261",0.527204,57,0x4308,0xffff,0x8841,113,,,,,,physicalInteraction7.pcapng
"Nov 28, 2023 17:40:14.933801",0.608540,68,0x0000,0xffff,0x8841,243,0x0000,0xfffc,0x1209,,,physicalInteraction7.pcapng
"Nov 28, 2023 17:40:14.960014",0.026213,57,,,0x0045,136,,,,,,physicalInteraction7.pcapng
"Nov 28, 2023 17:40:16.285347",1.325333,71,0x3d95,0xffff,0x8841,91,0x3d95,0xfffc,0x1209,,,physicalInteraction7.pcapng
"Nov 28, 2023 17:40:16.802448",0.517101,59,0x4308,0xffff,0x8841,119,,,,,,physicalInteraction7.pcapng
"Nov 28, 2023 17:40:16.970106",0.167658,71,0x711c,0xffff,0x8841,102,0x711c,0xfffc,0x1209,,,physicalInteraction7.pcapng
"Nov 28, 2023 17:40:17.092648",,50,,,,,,,,,,physicalInteraction7.pcapng
"Nov 28, 2023 17:40:17.094631",0.001983,5,,,0x0002,92,,,,,,physicalInteraction7.pcapng
"Nov 28, 2023 17:40:17.126346",0.031715,107,0x4308,0xffff,0x886b,56,,,,,,physicalInteraction7.pcapng
"Nov 28, 2023 17:40:17.134886",,56,,,,,,,,,,physicalInteraction7.pcapng
"Nov 28, 2023 17:40:17.137032",0.002146,5,,,0x0002,244,,,,,,physicalInteraction7.pcapng
"Nov 28, 2023 17:40:17.142455",,45,,,,,,,,,,physicalInteraction7.pcapng
"Nov 28, 2023 17:40:17.144278",0.001823,5,,,0x0002,93,,,,,,physicalInteraction7.pcapng
"Nov 28, 2023 17:40:17.447183",0.302905,59,0x4379,0xffff,0x8841,121,,,,,,physicalInteraction7.pcapng
"Nov 28, 2023 17:40:19.804363",2.357180,71,0xec7f,0xffff,0x8841,249,0xec7f,0xfffc,0x1209,,,physicalInteraction7.pcapng
"Nov 28, 2023 17:40:20.126976",0.322613,107,0x4e11,0xffff,0x886b,127,,,,,,physicalInteraction7.pcapng
"Nov 28, 2023 17:40:22.840051",2.713075,68,0xe1a6,0xffff,0x8841,194,0xe1a6,0xfffc,0x1209,,,physicalInteraction7.pcapng
"Nov 28, 2023 17:40:23.122118",,57,,,,,,,,,,physicalInteraction7.pcapng
"Nov 28, 2023 17:40:23.124325",0.002207,5,,,0x0002,216,,,,,,physicalInteraction7.pcapng
"Nov 28, 2023 17:40:24.013295",0.888970,71,0x0112,0xffff,0x8841,148,0x0112,0xfffc,0x1209,,,physicalInteraction7.pcapng
"Nov 28, 2023 17:40:24.798366",0.785071,65,0x1e15,0xffff,0x8841,68,0x1e15,0xfffc,0x1209,,,physicalInteraction7.pcapng
"Nov 28, 2023 17:40:25.476848",0.678482,59,0x4308,0xffff,0x8841,122,,,,,,physicalInteraction7.pcapng
"Nov 28, 2023 17:40:26.020380",0.543532,71,0xb1bf,0xffff,0x8841,134,0xb1bf,0xfffc,0x1209,,,physicalInteraction7.pcapng
"Nov 28, 2023 17:40:26.122939",0.102559,59,0x4308,0xffff,0x8841,124,0x4308,0xfffc,0x1209,,,physicalInteraction7.pcapng
"Nov 28, 2023 17:40:26.145502",,54,,,,,,,,,,physicalInteraction7.pcapng
"Nov 28, 2023 17:40:26.147613",0.002111,5,,,0x0002,0,,,,,,physicalInteraction7.pcapng
"Nov 28, 2023 17:40:26.443104",0.295491,59,0x4308,0xffff,0x8841,125,0x4308,0xfffc,0x1209,,,physicalInteraction7.pcapng
"Nov 28, 2023 17:40:26.651617",0.208513,12,0x7b10,0x0000,0x8863,1,,,,,,physicalInteraction7.pcapng
"Nov 28, 2023 17:40:26.652384",0.000767,5,,,0x0002,1,,,,,,physicalInteraction7.pcapng
"Nov 28, 2023 17:40:28.478366",1.825982,59,0x4308,0xffff,0x8841,126,,,,,,physicalInteraction7.pcapng
"Nov 28, 2023 17:40:28.802056",0.323690,59,0x4308,0xffff,0x8841,127,,,,,,physicalInteraction7.pcapng
"Nov 28, 2023 17:40:29.121616",0.319560,59,0x4308,0xffff,0x8841,128,0x4308,0xfffc,0x1209,,,physicalInteraction7.pcapng
"Nov 28, 2023 17:40:30.447209",1.325593,47,0x4308,0x62c8,0x8841,130,,,,,,physicalInteraction7.pcapng
"Nov 28, 2023 17:40:31.074260",0.627051,71,0x0000,0xffff,0x8841,245,0x0000,0xfffc,0x1209,,,physicalInteraction7.pcapng
"Nov 28, 2023 17:40:31.255868",0.181608,71,0x3d95,0xffff,0x8841,94,0x3d95,0xfffc,0x1209,,,physicalInteraction7.pcapng
"Nov 28, 2023 17:40:35.003691",3.747823,71,0x711c,0xffff,0x8841,103,0x711c,0xfffc,0x1209,,,physicalInteraction7.pcapng
"Nov 28, 2023 17:40:35.385424",0.381733,71,0xec7f,0xffff,0x8841,250,0xec7f,0xfffc,0x1209,,,physicalInteraction7.pcapng
"Nov 28, 2023 17:40:37.797001",2.411577,59,0x4308,0xffff,0x8841,132,,,,,,physicalInteraction7.pcapng
"Nov 28, 2023 17:40:37.822814",0.025813,71,0xe1a6,0xffff,0x8841,195,0xe1a6,0xfffc,0x1209,,,physicalInteraction7.pcapng
"Nov 28, 2023 17:40:38.436359",0.613545,59,0x4308,0xffff,0x8841,134,,,,,,physicalInteraction7.pcapng
"Nov 28, 2023 17:40:39.007891",0.571532,71,0x0112,0xffff,0x8841,149,0x0112,0xfffc,0x1209,,,physicalInteraction7.pcapng
"Nov 28, 2023 17:40:39.834324",0.826433,65,0x1e15,0xffff,0x8841,69,0x1e15,0xfffc,0x1209,,,physicalInteraction7.pcapng
"Nov 28, 2023 17:40:39.882036",,52,,,,,,,,,,physicalInteraction7.pcapng
"Nov 28, 2023 17:40:39.884043",0.002007,5,,,0x0002,246,,,,,,physicalInteraction7.pcapng
"Nov 28, 2023 17:40:39.891646",,63,,,,,,,,,,physicalInteraction7.pcapng
"Nov 28, 2023 17:40:39.894045",0.002399,5,,,0x0002,196,,,,,,physicalInteraction7.pcapng
"Nov 28, 2023 17:40:39.917096",,52,,,,,,,,,,physicalInteraction7.pcapng
"Nov 28, 2023 17:40:39.919113",0.002017,5,,,0x0002,247,,,,,,physicalInteraction7.pcapng
"Nov 28, 2023 17:40:39.926770",,63,,,,,,,,,,physicalInteraction7.pcapng
"Nov 28, 2023 17:40:39.929169",0.002399,5,,,0x0002,95,,,,,,physicalInteraction7.pcapng
"Nov 28, 2023 17:40:39.941532",,45,,,,,,,,,,physicalInteraction7.pcapng
"Nov 28, 2023 17:40:39.943326",0.001794,5,,,0x0002,248,,,,,,physicalInteraction7.pcapng
"Nov 28, 2023 17:40:39.952180",,54,,,,,,,,,,physicalInteraction7.pcapng
"Nov 28, 2023 17:40:39.954261",0.002081,5,,,0x0002,249,,,,,,physicalInteraction7.pcapng
"Nov 28, 2023 17:40:39.961898",,66,,,,,,,,,,physicalInteraction7.pcapng
"Nov 28, 2023 17:40:39.964392",0.002494,5,,,0x0002,197,,,,,,physicalInteraction7.pcapng
"Nov 28, 2023 17:40:39.968692",,45,,,,,,,,,,physicalInteraction7.pcapng
"Nov 28, 2023 17:40:39.970487",0.001795,5,,,0x0002,250,,,,,,physicalInteraction7.pcapng
"Nov 28, 2023 17:40:39.991747",,54,,,,,,,,,,physicalInteraction7.pcapng
"Nov 28, 2023 17:40:39.993826",0.002079,5,,,0x0002,251,,,,,,physicalInteraction7.pcapng
"Nov 28, 2023 17:40:40.001601",,66,,,,,,,,,,physicalInteraction7.pcapng
"Nov 28, 2023 17:40:40.004096",0.002495,5,,,0x0002,96,,,,,,physicalInteraction7.pcapng
"Nov 28, 2023 17:40:40.005761",,54,,,,,,,,,,physicalInteraction7.pcapng
"Nov 28, 2023 17:40:40.007873",0.002112,5,,,0x0002,252,,,,,,physicalInteraction7.pcapng
"Nov 28, 2023 17:40:40.012297",,54,,,,,,,,,,physicalInteraction7.pcapng
"Nov 28, 2023 17:40:40.014366",0.002069,5,,,0x0002,104,,,,,,physicalInteraction7.pcapng
"Nov 28, 2023 17:40:40.021587",,66,,,,,,,,,,physicalInteraction7.pcapng
"Nov 28, 2023 17:40:40.024082",0.002495,5,,,0x0002,135,,,,,,physicalInteraction7.pcapng
"Nov 28, 2023 17:40:40.027742",,45,,,,,,,,,,physicalInteraction7.pcapng
"Nov 28, 2023 17:40:40.029535",0.001793,5,,,0x0002,253,,,,,,physicalInteraction7.pcapng
"Nov 28, 2023 17:40:40.041261",,52,,,,,,,,,,physicalInteraction7.pcapng
"Nov 28, 2023 17:40:40.043307",0.002046,5,,,0x0002,254,,,,,,physicalInteraction7.pcapng
"Nov 28, 2023 17:40:40.046015",,52,,,,,,,,,,physicalInteraction7.pcapng
"Nov 28, 2023 17:40:40.048031",0.002016,5,,,0x0002,105,,,,,,physicalInteraction7.pcapng
"Nov 28, 2023 17:40:40.054986",,45,,,,,,,,,,physicalInteraction7.pcapng
"Nov 28, 2023 17:40:40.056778",0.001792,5,,,0x0002,255,,,,,,physicalInteraction7.pcapng
"Nov 28, 2023 17:40:40.060182",,63,,,,,,,,,,physicalInteraction7.pcapng
"Nov 28, 2023 17:40:40.062581",0.002399,5,,,0x0002,136,,,,,,physicalInteraction7.pcapng
"Nov 28, 2023 17:40:40.065739",,45,,,,,,,,,,physicalInteraction7.pcapng
"Nov 28, 2023 17:40:40.067562",0.001823,5,,,0x0002,0,,,,,,physicalInteraction7.pcapng
"Nov 28, 2023 17:40:40.070658",,45,,,,,,,,,,physicalInteraction7.pcapng
"Nov 28, 2023 17:40:40.072439",0.001781,5,,,0x0002,106,,,,,,physicalInteraction7.pcapng
"Nov 28, 2023 17:40:40.077304",,45,,,,,,,,,,physicalInteraction7.pcapng
"Nov 28, 2023 17:40:40.079127",0.001823,5,,,0x0002,1,,,,,,physicalInteraction7.pcapng
"Nov 28, 2023 17:40:40.082149",,45,,,,,,,,,,physicalInteraction7.pcapng
"Nov 28, 2023 17:40:40.083942",0.001793,5,,,0x0002,107,,,,,,physicalInteraction7.pcapng
"Nov 28, 2023 17:40:41.126730",1.042788,59,0x4308,0xffff,0x884b,137,,,,,,physicalInteraction7.pcapng
"Nov 28, 2023 17:40:41.446932",0.320202,59,0x4304,0xffff,0x8841,138,,,,,,physicalInteraction7.pcapng
"Nov 28, 2023 17:40:46.190059",4.743127,71,0x0000,0xffff,0x8841,2,0x0000,0xfffc,0x1209,,,physicalInteraction7.pcapng
"Nov 28, 2023 17:40:46.286241",0.096182,71,0x3d95,0xffff,0x8841,97,0x3d95,0xfffc,0x1209,,,physicalInteraction7.pcapng
"Nov 28, 2023 17:40:48.804248",,60,,,,,,,,,,physicalInteraction7.pcapng
"Nov 28, 2023 17:40:48.806551",0.002303,5,,,0x0002,198,,,,,,physicalInteraction7.pcapng
"Nov 28, 2023 17:40:48.852091",,50,,,,,,,,,,physicalInteraction7.pcapng
"Nov 28, 2023 17:40:48.854040",0.001949,5,,,0x0002,3,,,,,,physicalInteraction7.pcapng
"Nov 28, 2023 17:40:48.859326",,45,,,,,,,,,,physicalInteraction7.pcapng
"Nov 28, 2023 17:40:48.861149",0.001823,5,,,0x0002,199,,,,,,physicalInteraction7.pcapng
"Nov 28, 2023 17:40:49.480747",0.619598,59,0x4308,0xffff,0x8841,140,0x4308,0xfffc,0x1209,,,physicalInteraction7.pcapng
"Nov 28, 2023 17:40:50.121546",0.640799,59,0x4308,0xffff,0x8841,142,0x4308,0xfffc,0x1209,,,physicalInteraction7.pcapng
"Nov 28, 2023 17:40:51.929926",1.808380,71,0xec7f,0xffff,0x8841,251,0xec7f,0xfffc,0x1209,,,physicalInteraction7.pcapng
"Nov 28, 2023 17:40:52.506948",0.577022,71,0x4e11,0xffff,0x8841,129,0x4e11,0xfffc,0x1209,,,physicalInteraction7.pcapng
"Nov 28, 2023 17:40:52.700723",0.193775,71,0x711c,0xffff,0x8841,108,0x711c,0xfffc,0x1209,,,physicalInteraction7.pcapng
"Nov 28, 2023 17:40:52.800625",0.099902,59,0x4308,0xffff,0x8841,145,,,,,,physicalInteraction7.pcapng
"Nov 28, 2023 17:40:52.824189",0.023564,71,0xe1a6,0xffff,0x8841,200,0xe1a6,0xfffc,0x1209,,,physicalInteraction7.pcapng
"Nov 28, 2023 17:40:54.011964",1.187775,71,0x0112,0xffff,0x8841,150,0x0112,0xfffc,0x1209,,,physicalInteraction7.pcapng
"Nov 28, 2023 17:40:54.879210",0.867246,65,0x1e15,0xffff,0x8841,70,0x1e15,0xfffc,0x1209,,,physicalInteraction7.pcapng
"Nov 28, 2023 17:40:55.986020",1.106810,104,0xb1bf,0xffff,0x8868,138,,,,,,physicalInteraction7.pcapng
"Nov 28, 2023 17:41:01.312387",5.326367,71,0x3d95,0xffff,0x8841,98,0x3d95,0xfffc,0x1209,,,physicalInteraction7.pcapng
"Nov 28, 2023 17:41:01.483108",0.170721,59,0x4308,0xffff,0x8841,149,,,,,,physicalInteraction7.pcapng
"Nov 28, 2023 17:41:01.807124",0.324016,59,0x4308,0xffff,0x8841,150,,,,,,physicalInteraction7.pcapng
"Nov 28, 2023 17:41:02.127587",0.320463,59,0x4308,0xffff,0x8841,151,0x4308,0xfffc,0x1209,,,physicalInteraction7.pcapng
"Nov 28, 2023 17:41:02.446477",0.318890,59,0x4308,0xffff,0x8841,152,,,,,,physicalInteraction7.pcapng
"Nov 28, 2023 17:41:03.887776",1.441299,71,0x0000,0xffff,0x8841,4,0x0000,0xfffc,0x1209,,,physicalInteraction7.pcapng
"Nov 28, 2023 17:41:04.484624",0.596848,59,0x4308,0xffff,0x8841,153,,,,,,physicalInteraction7.pcapng
"Nov 28, 2023 17:41:04.806413",0.321789,59,0x4308,0xffff,0x8841,154,0x4308,0xfffc,0x1209,,,physicalInteraction7.pcapng
"Nov 28, 2023 17:41:06.634676",1.828263,71,0x4e11,0xffff,0x8841,130,0x4e11,0xfffc,0x1209,,,physicalInteraction7.pcapng
"Nov 28, 2023 17:41:07.842626",1.207950,71,0xe1a6,0xffff,0x8841,201,0xe1a6,0xfffc,0x1209,,,physicalInteraction7.pcapng
"Nov 28, 2023 17:41:07.979731",,57,,,,,,,,,,physicalInteraction7.pcapng
"Nov 28, 2023 17:41:07.981938",0.002207,5,,,0x0002,217,,,,,,physicalInteraction7.pcapng
"Nov 28, 2023 17:41:08.188855",0.206917,71,0xec7f,0xffff,0x8841,252,0xec7f,0xfffc,0x1209,,,physicalInteraction7.pcapng
"Nov 28, 2023 17:41:08.617017",0.428162,71,0x711c,0xffff,0x8841,109,0x711c,0xfffc,0x1209,,,physicalInteraction7.pcapng
"Nov 28, 2023 17:41:09.022821",0.405804,71,0x0112,0xffff,0x8841,151,0x0112,0xfffc,0x1209,,,physicalInteraction7.pcapng
"Nov 28, 2023 17:41:09.884538",,52,,,,,,,,,,physicalInteraction7.pcapng
"Nov 28, 2023 17:41:09.886556",0.002018,5,,,0x0002,5,,,,,,physicalInteraction7.pcapng
"Nov 28, 2023 17:41:09.894141",,63,,,,,,,,,,physicalInteraction7.pcapng
"Nov 28, 2023 17:41:09.896540",0.002399,5,,,0x0002,202,,,,,,physicalInteraction7.pcapng
"Nov 28, 2023 17:41:09.921255",0.024715,65,0x1e15,0xffff,0x8841,71,0x1e15,0xfffc,0x1209,,,physicalInteraction7.pcapng
"Nov 28, 2023 17:41:09.923960",,45,,,,,,,,,,physicalInteraction7.pcapng
"Nov 28, 2023 17:41:09.925751",0.001791,5,,,0x0002,6,,,,,,physicalInteraction7.pcapng
"Nov 28, 2023 17:41:09.931723",,52,,,,,,,,,,physicalInteraction7.pcapng
"Nov 28, 2023 17:41:09.933741",0.002018,5,,,0x0002,7,,,,,,physicalInteraction7.pcapng
"Nov 28, 2023 17:41:09.941583",,63,,,,,,,,,,physicalInteraction7.pcapng
"Nov 28, 2023 17:41:09.943982",0.002399,5,,,0x0002,99,,,,,,physicalInteraction7.pcapng
"Nov 28, 2023 17:41:09.951666",,54,,,,,,,,,,physicalInteraction7.pcapng
"Nov 28, 2023 17:41:09.953745",0.002079,5,,,0x0002,8,,,,,,physicalInteraction7.pcapng
"Nov 28, 2023 17:41:09.961405",,66,,,,,,,,,,physicalInteraction7.pcapng
"Nov 28, 2023 17:41:09.963899",0.002494,5,,,0x0002,203,,,,,,physicalInteraction7.pcapng
"Nov 28, 2023 17:41:09.984599",,54,,,,,,,,,,physicalInteraction7.pcapng
"Nov 28, 2023 17:41:09.986679",0.002080,5,,,0x0002,9,,,,,,physicalInteraction7.pcapng
"Nov 28, 2023 17:41:09.994600",,66,,,,,,,,,,physicalInteraction7.pcapng
"Nov 28, 2023 17:41:09.997095",0.002495,5,,,0x0002,100,,,,,,physicalInteraction7.pcapng
"Nov 28, 2023 17:41:10.003273",,45,,,,,,,,,,physicalInteraction7.pcapng
"Nov 28, 2023 17:41:10.012608",,45,,,,,,,,,,physicalInteraction7.pcapng
"Nov 28, 2023 17:41:10.014402",0.001794,5,,,0x0002,10,,,,,,physicalInteraction7.pcapng
"Nov 28, 2023 17:41:10.020201",,54,,,,,,,,,,physicalInteraction7.pcapng
"Nov 28, 2023 17:41:10.022312",0.002111,5,,,0x0002,11,,,,,,physicalInteraction7.pcapng
"Nov 28, 2023 17:41:10.026301",,54,,,,,,,,,,physicalInteraction7.pcapng
"Nov 28, 2023 17:41:10.028382",0.002081,5,,,0x0002,110,,,,,,physicalInteraction7.pcapng
"Nov 28, 2023 17:41:10.032445",,45,,,,,,,,,,physicalInteraction7.pcapng
"Nov 28, 2023 17:41:10.034227",0.001782,5,,,0x0002,12,,,,,,physicalInteraction7.pcapng
"Nov 28, 2023 17:41:10.035614",,66,,,,,,,,,,physicalInteraction7.pcapng
"Nov 28, 2023 17:41:10.038109",0.002495,5,,,0x0002,139,,,,,,physicalInteraction7.pcapng
"Nov 28, 2023 17:41:10.046475",,52,,,,,,,,,,physicalInteraction7.pcapng
"Nov 28, 2023 17:41:10.048522",0.002047,5,,,0x0002,13,,,,,,physicalInteraction7.pcapng
"Nov 28, 2023 17:41:10.052972",,52,,,,,,,,,,physicalInteraction7.pcapng
"Nov 28, 2023 17:41:10.054979",0.002007,5,,,0x0002,111,,,,,,physicalInteraction7.pcapng
"Nov 28, 2023 17:41:10.059604",,45,,,,,,,,,,physicalInteraction7.pcapng
"Nov 28, 2023 17:41:10.061388",0.001784,5,,,0x0002,14,,,,,,physicalInteraction7.pcapng
"Nov 28, 2023 17:41:10.062088",,63,,,,,,,,,,physicalInteraction7.pcapng
"Nov 28, 2023 17:41:10.064487",0.002399,5,,,0x0002,140,,,,,,physicalInteraction7.pcapng
"Nov 28, 2023 17:41:10.069628",,45,,,,,,,,,,physicalInteraction7.pcapng
"Nov 28, 2023 17:41:10.074857",,45,,,,,,,,,,physicalInteraction7.pcapng
"Nov 28, 2023 17:41:10.076650",0.001793,5,,,0x0002,112,,,,,,physicalInteraction7.pcapng
"Nov 28, 2023 17:41:10.078304",,45,,,,,,,,,,physicalInteraction7.pcapng
"Nov 28, 2023 17:41:10.080128",0.001824,5,,,0x0002,15,,,,,,physicalInteraction7.pcapng
"Nov 28, 2023 17:41:10.084635",,45,,,,,,,,,,physicalInteraction7.pcapng
"Nov 28, 2023 17:41:10.086458",0.001823,5,,,0x0002,16,,,,,,physicalInteraction7.pcapng
"Nov 28, 2023 17:41:10.090045",,45,,,,,,,,,,physicalInteraction7.pcapng
"Nov 28, 2023 17:41:10.091826",0.001781,5,,,0x0002,113,,,,,,physicalInteraction7.pcapng
"Nov 28, 2023 17:41:10.983236",0.891410,71,0xb1bf,0xffff,0x8841,141,0xb1bf,0xfffc,0x1209,,,physicalInteraction7.pcapng
"Nov 28, 2023 17:41:13.487988",2.504752,59,0x4308,0xffff,0x8841,157,,,,,,physicalInteraction7.pcapng
"Nov 28, 2023 17:41:13.763450",,50,,,,,,,,,,physicalInteraction7.pcapng
"Nov 28, 2023 17:41:13.765434",0.001984,5,,,0x0002,17,,,,,,physicalInteraction7.pcapng
"Nov 28, 2023 17:41:13.770458",0.005024,55,0x711c,0x0000,0x8861,114,0x711c,0x0000,0x1a09,,,physicalInteraction7.pcapng
"Nov 28, 2023 17:41:13.772601",0.002143,5,,,0x0002,114,,,,,,physicalInteraction7.pcapng
"Nov 28, 2023 17:41:13.810325",0.037724,59,0x4308,0xffff,0x8841,158,,,,,,physicalInteraction7.pcapng
"Nov 28, 2023 17:41:13.817603",,53,,,,,,,,,,physicalInteraction7.pcapng
"Nov 28, 2023 17:41:13.819682",0.002079,5,,,0x0002,115,,,,,,physicalInteraction7.pcapng
"Nov 28, 2023 17:41:13.859188",,50,,,,,,,,,,physicalInteraction7.pcapng
"Nov 28, 2023 17:41:13.861171",0.001983,5,,,0x0002,18,,,,,,physicalInteraction7.pcapng
"Nov 28, 2023 17:41:13.864456",0.003285,55,0x711c,0x0000,0x8861,116,0x711c,0x0000,0x1a09,,,physicalInteraction7.pcapng
"Nov 28, 2023 17:41:13.866599",0.002143,5,,,0x0002,116,,,,,,physicalInteraction7.pcapng
"Nov 28, 2023 17:41:13.913778",0.047179,53,0x711c,0x0000,0x8861,117,,,,,,physicalInteraction7.pcapng
"Nov 28, 2023 17:41:13.917522",,53,,,,,,,,,,physicalInteraction7.pcapng
"Nov 28, 2023 17:41:13.919601",0.002079,5,,,0x0002,117,,,,,,physicalInteraction7.pcapng
"Nov 28, 2023 17:41:14.129977",0.210376,59,0x4308,0xffff,0x8841,160,,,,,,physicalInteraction7.pcapng
"Nov 28, 2023 17:41:14.457804",0.327827,59,0x4308,0xffff,0x8841,161,,,,,,physicalInteraction7.pcapng
"Nov 28, 2023 17:41:15.747365",1.289561,47,0x4308,0xffff,0x8841,162,0x4308,0xfffc,0x1209,,,physicalInteraction7.pcapng
"Nov 28, 2023 17:41:16.272063",0.524698,84,0x3d95,0xffff,0x8854,101,,,,,,physicalInteraction7.pcapng
"Nov 28, 2023 17:41:16.486976",0.214913,59,0x4308,0xff58,0x8841,227,,,,,,physicalInteraction7.pcapng
"Nov 28, 2023 17:41:16.809001",0.322025,59,0x4308,0xffff,0x8841,164,,,,,,physicalInteraction7.pcapng
"Nov 28, 2023 17:41:17.128813",0.319812,59,0x4308,0xffff,0x8841,165,0x4308,0xfffc,0x1209,,,physicalInteraction7.pcapng
"Nov 28, 2023 17:41:17.452953",0.324140,59,0x4308,0xffff,0x8841,166,,,,,,physicalInteraction7.pcapng
"Nov 28, 2023 17:41:18.989709",1.536756,71,0x0000,0xffff,0x8841,19,0x0000,0xfffc,0x1209,,,physicalInteraction7.pcapng
"Nov 28, 2023 17:41:22.782810",3.793101,71,0xe1a6,0xffff,0x8841,204,0xe1a6,0xfffc,0x1209,,,physicalInteraction7.pcapng
"Nov 28, 2023 17:41:23.272808",0.489998,71,0xec7f,0xffff,0x8841,253,0xec7f,0xfffc,0x1209,,,physicalInteraction7.pcapng
"Nov 28, 2023 17:41:23.599375",0.326567,71,0x4e11,0xffff,0x8841,131,0x4e11,0xfffc,0x1209,,,physicalInteraction7.pcapng
"Nov 28, 2023 17:41:24.014153",0.414778,98,0x0112,0xffff,0x8862,152,,,,,,physicalInteraction7.pcapng
"Nov 28, 2023 17:41:24.450114",,52,,,,,,,,,,physicalInteraction7.pcapng
"Nov 28, 2023 17:41:24.452129",0.002015,5,,,0x0002,97,,,,,,physicalInteraction7.pcapng
"Nov 28, 2023 17:41:24.459828",0.007699,52,0x4615,0xe1a6,0x8861,98,,,,,,physicalInteraction7.pcapng
"Nov 28, 2023 17:41:24.464553",0.004725,52,0x4615,0xe1a6,0x8861,98,,,,,,physicalInteraction7.pcapng
"Nov 28, 2023 17:41:24.469252",0.004699,52,0x4615,0xe1a6,0x8861,98,,,,,,physicalInteraction7.pcapng
"Nov 28, 2023 17:41:24.480261",,52,,,,,,,,,,physicalInteraction7.pcapng
"Nov 28, 2023 17:41:24.484655",,52,,,,,,,,,,physicalInteraction7.pcapng
"Nov 28, 2023 17:41:24.489989",,52,,,,,,,,,,physicalInteraction7.pcapng
"Nov 28, 2023 17:41:24.492005",0.002016,5,,,0x0002,99,,,,,,physicalInteraction7.pcapng
"Nov 28, 2023 17:41:24.495842",,52,,,,,,,,,,physicalInteraction7.pcapng
"Nov 28, 2023 17:41:24.497889",0.002047,5,,,0x0002,206,,,,,,physicalInteraction7.pcapng
"Nov 28, 2023 17:41:24.855200",0.357311,65,0x1e15,0xffff,0x8841,72,0x1e15,0xfffc,0x1209,,,physicalInteraction7.pcapng
"Nov 28, 2023 17:41:24.997873",0.142673,12,0x4615,0xe1a6,0x8863,100,,,,,,physicalInteraction7.pcapng
"Nov 28, 2023 17:41:24.998610",0.000737,5,,,0x0002,100,,,,,,physicalInteraction7.pcapng
"Nov 28, 2023 17:41:25.489790",0.491180,59,0x4308,0xffff,0x8841,167,,,,,,physicalInteraction7.pcapng
"Nov 28, 2023 17:41:25.926029",0.436239,71,0x711c,0xffff,0x8841,118,0x711c,0xfffc,0x1209,,,physicalInteraction7.pcapng
"Nov 28, 2023 17:41:25.958531",0.032502,71,0xb1bf,0xffff,0x8841,142,0xb1bf,0xfffc,0x1209,,,physicalInteraction7.pcapng
"Nov 28, 2023 17:41:26.134752",0.176221,59,,,0xd841,169,,,,,,physicalInteraction7.pcapng
"Nov 28, 2023 17:41:27.863204",1.728452,5,,,0x0002,143,,,,,,physicalInteraction7.pcapng
"Nov 28, 2023 17:41:27.905552",,50,,,,,,,,,,physicalInteraction7.pcapng
"Nov 28, 2023 17:41:27.907535",0.001983,5,,,0x0002,20,,,,,,physicalInteraction7.pcapng
"Nov 28, 2023 17:41:27.909872",,50,,,,,,,,,,physicalInteraction7.pcapng
"Nov 28, 2023 17:41:27.911812",0.001940,5,,,0x0002,119,,,,,,physicalInteraction7.pcapng
"Nov 28, 2023 17:41:27.916712",,45,,,,,,,,,,physicalInteraction7.pcapng
"Nov 28, 2023 17:41:27.918535",0.001823,5,,,0x0002,144,,,,,,physicalInteraction7.pcapng
"Nov 28, 2023 17:41:28.492931",0.574396,59,,,0x4841,171,,,,,,physicalInteraction7.pcapng
"Nov 28, 2023 17:41:29.134187",0.641256,59,0x4368,0x39fc,0x8841,173,,,,,,physicalInteraction7.pcapng
"Nov 28, 2023 17:41:30.860278",1.726091,47,0x4308,0xffff,0x8841,175,0x4308,0xfffc,0x1209,,,physicalInteraction7.pcapng
"Nov 28, 2023 17:41:31.280798",0.420520,71,0x3d95,0xffff,0x8841,102,0x3d95,0xfffc,0x1209,,,physicalInteraction7.pcapng
"Nov 28, 2023 17:41:35.578949",4.298151,71,0x0000,0xffff,0x8841,21,0x0000,0xfffc,0x1209,,,physicalInteraction7.pcapng
"Nov 28, 2023 17:41:37.712212",2.133263,71,0xec7f,0xffff,0x8841,254,0xec7f,0xfffc,0x1209,,,physicalInteraction7.pcapng
"Nov 28, 2023 17:41:37.819366",0.107154,71,0xe1a6,0xffff,0x8841,207,0xe1a6,0xfffc,0x1209,,,physicalInteraction7.pcapng
"Nov 28, 2023 17:41:38.995794",1.176428,71,0x4e11,0xffff,0x8841,132,0x4e11,0xfffc,0x1209,,,physicalInteraction7.pcapng
"Nov 28, 2023 17:41:39.012206",0.016412,71,0x0112,0xffff,0x8841,153,0x0112,0xfffc,0x1209,,,physicalInteraction7.pcapng
"Nov 28, 2023 17:41:39.888577",,52,,,,,,,,,,physicalInteraction7.pcapng
"Nov 28, 2023 17:41:39.890582",0.002005,5,,,0x0002,22,,,,,,physicalInteraction7.pcapng
"Nov 28, 2023 17:41:39.895328",0.004746,65,0x1e15,0xffff,0x8841,73,0x1e15,0xfffc,0x1209,,,physicalInteraction7.pcapng
"Nov 28, 2023 17:41:39.898603",,63,,,,,,,,,,physicalInteraction7.pcapng
"Nov 28, 2023 17:41:39.901002",0.002399,5,,,0x0002,208,,,,,,physicalInteraction7.pcapng
"Nov 28, 2023 17:41:39.931882",,52,,,,,,,,,,physicalInteraction7.pcapng
"Nov 28, 2023 17:41:39.933894",0.002012,5,,,0x0002,23,,,,,,physicalInteraction7.pcapng
"Nov 28, 2023 17:41:39.941793",,63,,,,,,,,,,physicalInteraction7.pcapng
"Nov 28, 2023 17:41:39.944192",0.002399,5,,,0x0002,103,,,,,,physicalInteraction7.pcapng
"Nov 28, 2023 17:41:39.946973",,63,,,,,,,,,,physicalInteraction7.pcapng
"Nov 28, 2023 17:41:39.949371",0.002398,5,,,0x0002,103,,,,,,physicalInteraction7.pcapng
"Nov 28, 2023 17:41:39.954644",,45,,,,,,,,,,physicalInteraction7.pcapng
"Nov 28, 2023 17:41:39.956436",0.001792,5,,,0x0002,24,,,,,,physicalInteraction7.pcapng
"Nov 28, 2023 17:41:39.968062",,54,,,,,,,,,,physicalInteraction7.pcapng
"Nov 28, 2023 17:41:39.970142",0.002080,5,,,0x0002,25,,,,,,physicalInteraction7.pcapng
"Nov 28, 2023 17:41:39.978380",,66,,,,,,,,,,physicalInteraction7.pcapng
"Nov 28, 2023 17:41:39.980875",0.002495,5,,,0x0002,209,,,,,,physicalInteraction7.pcapng
"Nov 28, 2023 17:41:39.987878",,54,,,,,,,,,,physicalInteraction7.pcapng
"Nov 28, 2023 17:41:39.989959",0.002081,5,,,0x0002,26,,,,,,physicalInteraction7.pcapng
"Nov 28, 2023 17:41:39.997784",,66,,,,,,,,,,physicalInteraction7.pcapng
"Nov 28, 2023 17:41:40.000278",0.002494,5,,,0x0002,104,,,,,,physicalInteraction7.pcapng
"Nov 28, 2023 17:41:40.004456",,57,,,,,,,,,,physicalInteraction7.pcapng
"Nov 28, 2023 17:41:40.006662",0.002206,5,,,0x0002,218,,,,,,physicalInteraction7.pcapng
"Nov 28, 2023 17:41:40.018952",,45,,,,,,,,,,physicalInteraction7.pcapng
"Nov 28, 2023 17:41:40.020734",0.001782,5,,,0x0002,27,,,,,,physicalInteraction7.pcapng
"Nov 28, 2023 17:41:40.030404",,54,,,,,,,,,,physicalInteraction7.pcapng
"Nov 28, 2023 17:41:40.032515",0.002111,5,,,0x0002,28,,,,,,physicalInteraction7.pcapng
"Nov 28, 2023 17:41:40.036056",,54,,,,,,,,,,physicalInteraction7.pcapng
"Nov 28, 2023 17:41:40.038137",0.002081,5,,,0x0002,120,,,,,,physicalInteraction7.pcapng
"Nov 28, 2023 17:41:40.041745",,54,,,,,,,,,,physicalInteraction7.pcapng
"Nov 28, 2023 17:41:40.043857",0.002112,5,,,0x0002,28,,,,,,physicalInteraction7.pcapng
"Nov 28, 2023 17:41:40.050422",0.006565,107,0xb1bf,0x0000,0x886b,145,,,,,,physicalInteraction7.pcapng
"Nov 28, 2023 17:41:40.052916",0.002494,5,,,0x0002,145,,,,,,physicalInteraction7.pcapng
"Nov 28, 2023 17:41:40.055296",,52,,,,,,,,,,physicalInteraction7.pcapng
"Nov 28, 2023 17:41:40.057343",0.002047,5,,,0x0002,29,,,,,,physicalInteraction7.pcapng
"Nov 28, 2023 17:41:40.060173",,52,,,,,,,,,,physicalInteraction7.pcapng
"Nov 28, 2023 17:41:40.062189",0.002016,5,,,0x0002,121,,,,,,physicalInteraction7.pcapng
"Nov 28, 2023 17:41:40.069370",,63,,,,,,,,,,physicalInteraction7.pcapng
"Nov 28, 2023 17:41:40.071768",0.002398,5,,,0x0002,146,,,,,,physicalInteraction7.pcapng
"Nov 28, 2023 17:41:40.076700",,45,,,,,,,,,,physicalInteraction7.pcapng
"Nov 28, 2023 17:41:40.078493",0.001793,5,,,0x0002,30,,,,,,physicalInteraction7.pcapng
"Nov 28, 2023 17:41:40.088530",,45,,,,,,,,,,physicalInteraction7.pcapng
"Nov 28, 2023 17:41:40.090322",0.001792,5,,,0x0002,31,,,,,,physicalInteraction7.pcapng
"Nov 28, 2023 17:41:40.091953",,45,,,,,,,,,,physicalInteraction7.pcapng
"Nov 28, 2023 17:41:40.093734",0.001781,5,,,0x0002,31,,,,,,physicalInteraction7.pcapng
"Nov 28, 2023 17:41:40.097647",,45,,,,,,,,,,physicalInteraction7.pcapng
"Nov 28, 2023 17:41:40.099470",0.001823,5,,,0x0002,32,,,,,,physicalInteraction7.pcapng
"Nov 28, 2023 17:41:40.103714",,45,,,,,,,,,,physicalInteraction7.pcapng
"Nov 28, 2023 17:41:40.105506",0.001792,5,,,0x7002,116,,,,,,physicalInteraction7.pcapng
"Nov 28, 2023 17:41:40.108779",,45,,,,,,,,,,physicalInteraction7.pcapng
"Nov 28, 2023 17:41:40.110602",0.001823,5,,,0x0002,33,,,,,,physicalInteraction7.pcapng
"Nov 28, 2023 17:41:40.114337",,45,,,,,,,,,,physicalInteraction7.pcapng
"Nov 28, 2023 17:41:40.116128",0.001791,5,,,0x0002,123,,,,,,physicalInteraction7.pcapng
"Nov 28, 2023 17:41:40.495152",0.379024,59,0x4308,0xffff,0x8841,180,0x4308,0xfffc,0x1209,,,physicalInteraction7.pcapng
"Nov 28, 2023 17:41:40.818613",0.323461,59,0x4308,0xffff,0x8841,181,0x4308,0xfffc,0x1209,,,physicalInteraction7.pcapng
"Nov 28, 2023 17:41:40.959434",0.140821,71,0xb1bf,0xffff,0x8841,147,0xb1bf,0xfffc,0x1209,,,physicalInteraction7.pcapng
"Nov 28, 2023 17:41:41.139793",0.180359,59,0x4308,0xffff,0x8841,182,0x4308,0xfffc,0x1209,,,physicalInteraction7.pcapng
"Nov 28, 2023 17:41:43.745674",2.605881,71,0x711c,0xffff,0x8841,124,0x711c,0xfffc,0x1209,,,physicalInteraction7.pcapng
"Nov 28, 2023 17:41:45.935742",2.190068,47,0x4308,0xffff,0x8841,184,0x4308,0xfffc,0x1209,,,physicalInteraction7.pcapng
"Nov 28, 2023 17:41:46.341735",0.405993,71,0x3d95,0xffff,0x8841,105,0x3d95,0xfffc,0x1209,,,physicalInteraction7.pcapng
"Nov 28, 2023 17:41:49.496917",3.155182,59,0x4308,0xffff,0x8841,185,0x4308,0xfffc,0x1209,,,physicalInteraction7.pcapng
"Nov 28, 2023 17:41:49.814978",0.318061,59,0x4308,0xffff,0x8841,186,0x4308,0xfffc,0x1209,,,physicalInteraction7.pcapng
"Nov 28, 2023 17:41:50.117326",0.302348,71,0x0000,0xffff,0x8841,34,0x0000,0xfffc,0x1209,,,physicalInteraction7.pcapng
"Nov 28, 2023 17:41:50.136123",0.018797,59,0x4308,0xffff,0x8841,187,0x4308,0xfffc,0x1209,,,physicalInteraction7.pcapng
"Nov 28, 2023 17:41:50.456272",0.320149,59,0x4308,0xffff,0x8841,188,0x4308,0xfffc,0x1209,,,physicalInteraction7.pcapng
"Nov 28, 2023 17:41:52.495256",2.038984,59,0x4308,0xffff,0x8841,189,0x4308,0xfffc,0x1209,,,physicalInteraction7.pcapng
"Nov 28, 2023 17:41:52.815237",0.319981,59,0x4308,0xffff,0x8841,190,,,,,,physicalInteraction7.pcapng
"Nov 28, 2023 17:41:52.825951",0.010714,71,0xe1a6,0xffff,0x8841,210,0xe1a6,0xfffc,0x1209,,,physicalInteraction7.pcapng
"Nov 28, 2023 17:41:53.453325",0.627374,59,0x4308,0xffff,0x8841,192,0x4308,0xfffc,0x1209,,,physicalInteraction7.pcapng
"Nov 28, 2023 17:41:53.793961",0.340636,71,0x4e11,0xffff,0x8841,133,0x4e11,0xfffc,0x1209,,,physicalInteraction7.pcapng
"Nov 28, 2023 17:41:53.883360",0.089399,71,0xec7f,0xffff,0x8841,255,0xec7f,0xfffc,0x1209,,,physicalInteraction7.pcapng
"Nov 28, 2023 17:41:54.027222",0.143862,63,,,0xd83f,90,,,,,,physicalInteraction7.pcapng
"Nov 28, 2023 17:41:54.863162",0.835940,107,0x1e15,0xffff,0x886b,74,,,,,,physicalInteraction7.pcapng
"Nov 28, 2023 17:41:55.980850",1.117688,95,0xb18f,0xaeff,0x885f,148,,,,,,physicalInteraction7.pcapng
"Nov 28, 2023 17:41:58.257498",,55,,,,,,,,,,physicalInteraction7.pcapng
"Nov 28, 2023 17:41:58.259641",0.002143,5,,,0x0002,187,,,,,,physicalInteraction7.pcapng
"Nov 28, 2023 17:41:58.349387",,50,,,,,,,,,,physicalInteraction7.pcapng
"Nov 28, 2023 17:41:58.351369",0.001982,5,,,0x0002,149,,,,,,physicalInteraction7.pcapng
"Nov 28, 2023 17:41:58.389583",,56,,,,,,,,,,physicalInteraction7.pcapng
"Nov 28, 2023 17:41:58.391758",0.002175,5,,,0x0002,35,,,,,,physicalInteraction7.pcapng
"Nov 28, 2023 17:41:58.394178",,56,,,,,,,,,,physicalInteraction7.pcapng
"Nov 28, 2023 17:41:58.396324",0.002146,5,,,0x0002,125,,,,,,physicalInteraction7.pcapng
"Nov 28, 2023 17:41:58.401355",,45,,,,,,,,,,physicalInteraction7.pcapng
"Nov 28, 2023 17:41:58.403177",0.001822,5,,,0x0002,150,,,,,,physicalInteraction7.pcapng
"Nov 28, 2023 17:41:58.509864",0.106687,71,0x711c,0xffff,0x8841,126,0x711c,0xfffc,0x1209,,,physicalInteraction7.pcapng
"Nov 28, 2023 17:42:01.048555",2.538691,47,0x4308,0xffff,0x8841,193,0x4308,0xfffc,0x1209,,,physicalInteraction7.pcapng
"Nov 28, 2023 17:42:01.271169",0.222614,71,0x3d95,0xffff,0x8841,106,0x3d95,0xfffc,0x1209,,,physicalInteraction7.pcapng
"Nov 28, 2023 17:42:01.496526",0.225357,59,0x4308,0xffff,0x8841,194,,,,,,physicalInteraction7.pcapng
"Nov 28, 2023 17:42:01.820061",0.323535,59,0x4308,0xffff,0x8841,195,0x4308,0xfffc,0x1209,,,physicalInteraction7.pcapng
"Nov 28, 2023 17:42:02.139882",0.319821,59,0x4308,0xffff,0x8841,196,0x4308,0xfffc,0x1209,,,physicalInteraction7.pcapng
"Nov 28, 2023 17:42:02.459431",0.319549,59,0x4308,0xffff,0x8841,197,,,,,,physicalInteraction7.pcapng
"Nov 28, 2023 17:42:03.748308",1.288877,55,0x4e11,0x0000,0x8861,134,,,,,,physicalInteraction7.pcapng
"Nov 28, 2023 17:42:03.750451",0.002143,5,,,0x0002,134,,,,,,physicalInteraction7.pcapng
"Nov 28, 2023 17:42:03.843177",,52,,,,,,,,,,physicalInteraction7.pcapng
"Nov 28, 2023 17:42:03.845224",0.002047,5,,,0x0002,136,,,,,,physicalInteraction7.pcapng
"Nov 28, 2023 17:42:03.860145",,45,,,,,,,,,,physicalInteraction7.pcapng
"Nov 28, 2023 17:42:03.861968",0.001823,5,,,0x0002,36,,,,,,physicalInteraction7.pcapng
"Nov 28, 2023 17:42:03.885177",,50,,,,,,,,,,physicalInteraction7.pcapng
"Nov 28, 2023 17:42:03.887160",0.001983,5,,,0x0002,37,,,,,,physicalInteraction7.pcapng
"Nov 28, 2023 17:42:03.892715",0.005555,55,0x4e11,0x0000,0x8861,137,0x4e11,0x0000,0x1a09,,,physicalInteraction7.pcapng
"Nov 28, 2023 17:42:03.894857",0.002142,5,,,0x0002,137,,,,,,physicalInteraction7.pcapng
"Nov 28, 2023 17:42:03.941451",,45,,,,,,,,,,physicalInteraction7.pcapng
"Nov 28, 2023 17:42:03.943274",0.001823,5,,,0x0002,138,,,,,,physicalInteraction7.pcapng
"Nov 28, 2023 17:42:04.251520",0.308246,71,0x0000,0xffff,0x8841,38,0x0000,0xfffc,0x1209,,,physicalInteraction7.pcapng
"Nov 28, 2023 17:42:04.498256",0.246736,59,0x4308,0xffff,0x8841,198,,,,,,physicalInteraction7.pcapng
"Nov 28, 2023 17:42:04.818151",0.319895,59,0x4308,0xffff,0x8841,199,0x4308,0xfffc,0x1209,,,physicalInteraction7.pcapng
"Nov 28, 2023 17:42:05.138347",0.320196,59,0x4308,0xffff,0x8841,200,0x4308,0xfffc,0x1209,,,physicalInteraction7.pcapng
"Nov 28, 2023 17:42:05.459528",0.321181,59,0x4308,0xbfff,0x8841,201,,,,,,physicalInteraction7.pcapng
"Nov 28, 2023 17:42:07.769600",2.310072,71,0xe1a6,0xffff,0x8841,211,0xe1a6,0xfffc,0x1209,,,physicalInteraction7.pcapng
"Nov 28, 2023 17:42:08.274437",0.504837,71,0x4e11,0xffff,0x8841,139,0x4e11,0xfffc,0x1209,,,physicalInteraction7.pcapng
"Nov 28, 2023 17:42:08.723070",0.448633,71,0xec7f,0xffff,0x8841,0,0xec7f,0xfffc,0x1209,,,physicalInteraction7.pcapng
"Nov 28, 2023 17:42:08.829286",0.106216,54,0x1f29,0x0c00,0x8861,98,,,,,,physicalInteraction7.pcapng
"Nov 28, 2023 17:42:08.831397",0.002111,5,,,0x0002,98,,,,,,physicalInteraction7.pcapng
"Nov 28, 2023 17:42:09.928126",1.096729,63,0x1209,0xffff,0x883f,75,,,,,,physicalInteraction7.pcapng
"Nov 28, 2023 17:42:11.062541",,52,,,,,,,,,,physicalInteraction7.pcapng
"Nov 28, 2023 17:42:11.064561",0.002020,5,,,0x0002,39,,,,,,physicalInteraction7.pcapng
"Nov 28, 2023 17:42:11.072460",,63,,,,,,,,,,physicalInteraction7.pcapng
"Nov 28, 2023 17:42:11.074859",0.002399,5,,,0x0002,212,,,,,,physicalInteraction7.pcapng
"Nov 28, 2023 17:42:11.109413",,45,,,,,,,,,,physicalInteraction7.pcapng
"Nov 28, 2023 17:42:11.111195",0.001782,5,,,0x0002,40,,,,,,physicalInteraction7.pcapng
"Nov 28, 2023 17:42:11.117121",,52,,,,,,,,,,physicalInteraction7.pcapng
"Nov 28, 2023 17:42:11.119126",0.002005,5,,,0x0002,41,,,,,,physicalInteraction7.pcapng
"Nov 28, 2023 17:42:11.126950",,63,,,,,,,,,,physicalInteraction7.pcapng
"Nov 28, 2023 17:42:11.129349",0.002399,5,,,0x0002,107,,,,,,physicalInteraction7.pcapng
"Nov 28, 2023 17:42:11.153019",,54,,,,,,,,,,physicalInteraction7.pcapng
"Nov 28, 2023 17:42:11.155089",0.002070,5,,,0x0002,42,,,,,,physicalInteraction7.pcapng
"Nov 28, 2023 17:42:11.163271",,66,,,,,,,,,,physicalInteraction7.pcapng
"Nov 28, 2023 17:42:11.165766",0.002495,5,,,0x0002,213,,,,,,physicalInteraction7.pcapng
"Nov 28, 2023 17:42:11.167911",,45,,,,,,,,,,physicalInteraction7.pcapng
"Nov 28, 2023 17:42:11.169703",0.001792,5,,,0x0002,43,,,,,,physicalInteraction7.pcapng
"Nov 28, 2023 17:42:11.193108",,54,,,,,,,,,,physicalInteraction7.pcapng
"Nov 28, 2023 17:42:11.195177",0.002069,5,,,0x0002,44,,,,,,physicalInteraction7.pcapng
"Nov 28, 2023 17:42:11.203100",,66,,,,,,,,,,physicalInteraction7.pcapng
"Nov 28, 2023 17:42:11.205594",0.002494,5,,,0x0002,108,,,,,,physicalInteraction7.pcapng
"Nov 28, 2023 17:42:11.208845",,45,,,,,,,,,,physicalInteraction7.pcapng
"Nov 28, 2023 17:42:11.210638",0.001793,5,,,0x0002,45,,,,,,physicalInteraction7.pcapng
"Nov 28, 2023 17:42:11.222456",,54,,,,,,,,,,physicalInteraction7.pcapng
"Nov 28, 2023 17:42:11.224567",0.002111,5,,,0x0002,46,,,,,,physicalInteraction7.pcapng
"Nov 28, 2023 17:42:11.227398",,54,,,,,,,,,,physicalInteraction7.pcapng
"Nov 28, 2023 17:42:11.229480",0.002082,5,,,0x0002,127,,,,,,physicalInteraction7.pcapng
"Nov 28, 2023 17:42:11.236022",,52,,,,,,,,,,physicalInteraction7.pcapng
"Nov 28, 2023 17:42:11.238069",0.002047,5,,,0x0002,47,,,,,,physicalInteraction7.pcapng
"Nov 28, 2023 17:42:11.241645",,66,,,,,,,,,,physicalInteraction7.pcapng
"Nov 28, 2023 17:42:11.244140",0.002495,5,,,0x0002,152,,,,,,physicalInteraction7.pcapng
"Nov 28, 2023 17:42:11.246701",,66,,,,,,,,,,physicalInteraction7.pcapng
"Nov 28, 2023 17:42:11.249196",0.002495,5,,,0x0002,152,,,,,,physicalInteraction7.pcapng
"Nov 28, 2023 17:42:11.251725",,52,,,,,,,,,,physicalInteraction7.pcapng
"Nov 28, 2023 17:42:11.253742",0.002017,5,,,0x0002,128,,,,,,physicalInteraction7.pcapng
"Nov 28, 2023 17:42:11.259883",,45,,,,,,,,,,physicalInteraction7.pcapng
"Nov 28, 2023 17:42:11.261674",0.001791,5,,,0x0002,48,,,,,,physicalInteraction7.pcapng
"Nov 28, 2023 17:42:11.265850",,63,,,,,,,,,,physicalInteraction7.pcapng
"Nov 28, 2023 17:42:11.268249",0.002399,5,,,0x0002,153,,,,,,physicalInteraction7.pcapng
"Nov 28, 2023 17:42:11.269376",,45,,,,,,,,,,physicalInteraction7.pcapng
"Nov 28, 2023 17:42:11.271200",0.001824,5,,,0x0002,49,,,,,,physicalInteraction7.pcapng
"Nov 28, 2023 17:42:11.274900",,45,,,,,,,,,,physicalInteraction7.pcapng
"Nov 28, 2023 17:42:11.279094",,45,,,,,,,,,,physicalInteraction7.pcapng
"Nov 28, 2023 17:42:11.286444",,45,,,,,,,,,,physicalInteraction7.pcapng
"Nov 28, 2023 17:42:11.290424",0.003980,63,0xb1bf,0x0000,0x8861,154,,,,,,physicalInteraction7.pcapng
"Nov 28, 2023 17:42:11.295376",,45,,,,,,,,,,physicalInteraction7.pcapng
"Nov 28, 2023 17:42:11.298722",,45,,,,,,,,,,physicalInteraction7.pcapng
"Nov 28, 2023 17:42:11.300545",0.001823,5,,,0x0002,50,,,,,,physicalInteraction7.pcapng
"Nov 28, 2023 17:42:11.304176",,45,,,,,,,,,,physicalInteraction7.pcapng
"Nov 28, 2023 17:42:11.306171",0.001995,5,,,0x0002,130,,,,,,physicalInteraction7.pcapng
"Nov 28, 2023 17:42:11.309080",,63,,,,,,,,,,physicalInteraction7.pcapng
"Nov 28, 2023 17:42:11.311478",0.002398,5,,,0x0002,155,,,,,,physicalInteraction7.pcapng
"Nov 28, 2023 17:42:11.327814",,45,,,,,,,,,,physicalInteraction7.pcapng
"Nov 28, 2023 17:42:11.329637",0.001823,5,,,0x0002,51,,,,,,physicalInteraction7.pcapng
"Nov 28, 2023 17:42:11.332426",,45,,,,,,,,,,physicalInteraction7.pcapng
"Nov 28, 2023 17:42:11.334219",0.001793,5,,,0x0002,131,,,,,,physicalInteraction7.pcapng
"Nov 28, 2023 17:42:13.633538",2.299319,71,0x711c,0xffff,0x8841,132,0x711c,0xfffc,0x1209,,,physicalInteraction7.pcapng
"Nov 28, 2023 17:42:13.825383",0.191845,59,0x4308,0xffff,0x8841,203,,,,,,physicalInteraction7.pcapng
"Nov 28, 2023 17:42:14.465109",0.639726,59,0x4308,0xffff,0x8841,205,,,,,,physicalInteraction7.pcapng
"Nov 28, 2023 17:42:16.121788",1.656679,47,0x6308,0xffff,0x8847,206,,,,,,physicalInteraction7.pcapng
"Nov 28, 2023 17:42:16.304180",0.182392,71,0x3d95,0xffff,0x8841,109,0x3d95,0xfffc,0x1209,,,physicalInteraction7.pcapng
"Nov 28, 2023 17:42:21.185457",,57,,,,,,,,,,physicalInteraction7.pcapng
"Nov 28, 2023 17:42:21.187664",0.002207,5,,,0x0002,219,,,,,,physicalInteraction7.pcapng
"Nov 28, 2023 17:42:22.027788",0.840124,71,0x4e11,0xffff,0x8841,140,0x4e11,0xfffc,0x1209,,,physicalInteraction7.pcapng
"Nov 28, 2023 17:42:22.200904",0.173116,71,0x0000,0xffff,0x8841,52,0x0000,0xfffc,0x1209,,,physicalInteraction7.pcapng
"Nov 28, 2023 17:42:22.797341",0.596437,71,0xe1a6,0xffff,0x8841,214,0xe1a6,0xfffc,0x1209,,,physicalInteraction7.pcapng
"Nov 28, 2023 17:42:24.852959",2.055618,65,0x1e15,0xffff,0x8841,76,0x1e15,0xfffc,0x1209,,,physicalInteraction7.pcapng
"Nov 28, 2023 17:42:25.966871",,53,,,,,,,,,,physicalInteraction7.pcapng
"Nov 28, 2023 17:42:25.968950",0.002079,5,,,0x0002,156,,,,,,physicalInteraction7.pcapng
"Nov 28, 2023 17:42:25.971000",,52,,,,,,,,,,physicalInteraction7.pcapng
"Nov 28, 2023 17:42:25.973047",0.002047,5,,,0x0002,157,,,,,,physicalInteraction7.pcapng
"Nov 28, 2023 17:42:25.974577",,57,,,,,,,,,,physicalInteraction7.pcapng
"Nov 28, 2023 17:42:25.976784",0.002207,5,,,0x0002,158,,,,,,physicalInteraction7.pcapng
"Nov 28, 2023 17:42:25.977737",,53,,,,,,,,,,physicalInteraction7.pcapng
"Nov 28, 2023 17:42:25.979815",0.002078,5,,,0x0002,159,,,,,,physicalInteraction7.pcapng
"Nov 28, 2023 17:42:26.004112",,45,,,,,,,,,,physicalInteraction7.pcapng
"Nov 28, 2023 17:42:26.005935",0.001823,5,,,0x0002,53,,,,,,physicalInteraction7.pcapng
"Nov 28, 2023 17:42:26.009029",,45,,,,,,,,,,physicalInteraction7.pcapng
"Nov 28, 2023 17:42:26.010821",0.001792,5,,,0x0002,133,,,,,,physicalInteraction7.pcapng
"Nov 28, 2023 17:42:26.014176",,45,,,,,,,,,,physicalInteraction7.pcapng
"Nov 28, 2023 17:42:26.015999",0.001823,5,,,0x0002,54,,,,,,physicalInteraction7.pcapng
"Nov 28, 2023 17:42:26.020400",,45,,,,,,,,,,physicalInteraction7.pcapng
"Nov 28, 2023 17:42:26.022192",0.001792,5,,,0x0002,134,,,,,,physicalInteraction7.pcapng
"Nov 28, 2023 17:42:26.029917",,45,,,,,,,,,,physicalInteraction7.pcapng
"Nov 28, 2023 17:42:26.031740",0.001823,5,,,0x0002,55,,,,,,physicalInteraction7.pcapng
"Nov 28, 2023 17:42:26.036383",,45,,,,,,,,,,physicalInteraction7.pcapng
"Nov 28, 2023 17:42:26.038175",0.001792,5,,,0x0002,135,,,,,,physicalInteraction7.pcapng
"Nov 28, 2023 17:42:26.039670",,45,,,,,,,,,,physicalInteraction7.pcapng
"Nov 28, 2023 17:42:26.041493",0.001823,5,,,0x0002,56,,,,,,physicalInteraction7.pcapng
"Nov 28, 2023 17:42:26.044486",,45,,,,,,,,,,physicalInteraction7.pcapng
"Nov 28, 2023 17:42:26.046277",0.001791,5,,,0x0002,136,,,,,,physicalInteraction7.pcapng
"Nov 28, 2023 17:42:26.060875",0.014598,71,0xb1bf,0xffff,0x8841,160,0xb1bf,0xfffc,0x1209,,,physicalInteraction7.pcapng
"Nov 28, 2023 17:42:26.255303",0.194428,71,0xec7f,0xffff,0x8841,1,0xec7f,0xfffc,0x1209,,,physicalInteraction7.pcapng
"Nov 28, 2023 17:42:26.481737",0.226434,59,0x4308,0xffff,0x8841,218,,,,,,physicalInteraction7.pcapng
"Nov 28, 2023 17:42:28.504127",2.022390,59,0x4308,0xffff,0x8841,215,,,,,,physicalInteraction7.pcapng
"Nov 28, 2023 17:42:28.829717",0.325590,59,0x4308,0xffff,0x8841,216,,,,,,physicalInteraction7.pcapng
"Nov 28, 2023 17:42:29.149587",0.319870,59,0x4308,0xffff,0x8841,217,,,,,,physicalInteraction7.pcapng
"Nov 28, 2023 17:42:29.740115",0.590528,71,0x711c,0xffff,0x8841,137,0x711c,0xfffc,0x1209,,,physicalInteraction7.pcapng
"Nov 28, 2023 17:42:31.155521",1.415406,47,0x4308,0xffff,0x8841,219,,,,,,physicalInteraction7.pcapng
"Nov 28, 2023 17:42:31.324621",0.169100,71,0x3d95,0xffff,0x8841,110,0x3d95,0xfffc,0x1209,,,physicalInteraction7.pcapng
"Nov 28, 2023 17:42:36.118439",4.793818,71,0x4e11,0xffff,0x8841,141,0x4e11,0xfffc,0x1209,,,physicalInteraction7.pcapng
"Nov 28, 2023 17:42:37.824968",1.706529,59,0x4308,0xffff,0x8841,221,,,,,,physicalInteraction7.pcapng
"Nov 28, 2023 17:42:37.876795",0.051827,71,0xe1a6,0xffff,0x8841,215,0xe1a6,0xfffc,0x1209,,,physicalInteraction7.pcapng
"Nov 28, 2023 17:42:38.384677",0.507882,71,0x0000,0xffff,0x8841,57,0x0000,0xfffc,0x1209,,,physicalInteraction7.pcapng
"Nov 28, 2023 17:42:39.020502",0.635825,102,0x0112,0xffff,0x8866,157,,,,,,physicalInteraction7.pcapng
"Nov 28, 2023 17:42:39.880607",0.860105,65,0x1e15,0xffff,0x8841,77,0x1e15,0xfffc,0x1209,,,physicalInteraction7.pcapng
"Nov 28, 2023 17:42:39.896143",,52,,,,,,,,,,physicalInteraction7.pcapng
"Nov 28, 2023 17:42:39.898151",0.002008,5,,,0x0002,58,,,,,,physicalInteraction7.pcapng
"Nov 28, 2023 17:42:39.906280",,63,,,,,,,,,,physicalInteraction7.pcapng
"Nov 28, 2023 17:42:39.908679",0.002399,5,,,0x0002,216,,,,,,physicalInteraction7.pcapng
"Nov 28, 2023 17:42:39.931709",,52,,,,,,,,,,physicalInteraction7.pcapng
"Nov 28, 2023 17:42:39.933724",0.002015,5,,,0x0002,59,,,,,,physicalInteraction7.pcapng
"Nov 28, 2023 17:42:39.941442",,63,,,,,,,,,,physicalInteraction7.pcapng
"Nov 28, 2023 17:42:39.943841",0.002399,5,,,0x0002,111,,,,,,physicalInteraction7.pcapng
"Nov 28, 2023 17:42:39.956199",,45,,,,,,,,,,physicalInteraction7.pcapng
"Nov 28, 2023 17:42:39.957992",0.001793,5,,,0x0002,60,,,,,,physicalInteraction7.pcapng
"Nov 28, 2023 17:42:39.966429",,54,,,,,,,,,,physicalInteraction7.pcapng
"Nov 28, 2023 17:42:39.968510",0.002081,5,,,0x0002,61,,,,,,physicalInteraction7.pcapng
"Nov 28, 2023 17:42:39.976763",,66,,,,,,,,,,physicalInteraction7.pcapng
"Nov 28, 2023 17:42:39.979258",0.002495,5,,,0x0002,217,,,,,,physicalInteraction7.pcapng
"Nov 28, 2023 17:42:39.986654",,45,,,,,,,,,,physicalInteraction7.pcapng
"Nov 28, 2023 17:42:39.988435",0.001781,5,,,0x0002,62,,,,,,physicalInteraction7.pcapng
"Nov 28, 2023 17:42:40.005607",,54,,,,,,,,,,physicalInteraction7.pcapng
"Nov 28, 2023 17:42:40.007687",0.002080,5,,,0x0002,63,,,,,,physicalInteraction7.pcapng
"Nov 28, 2023 17:42:40.015475",,66,,,,,,,,,,physicalInteraction7.pcapng
"Nov 28, 2023 17:42:40.017970",0.002495,5,,,0x0002,112,,,,,,physicalInteraction7.pcapng
"Nov 28, 2023 17:42:40.020575",,54,,,,,,,,,,physicalInteraction7.pcapng
"Nov 28, 2023 17:42:40.022687",0.002112,5,,,0x0002,64,,,,,,physicalInteraction7.pcapng
"Nov 28, 2023 17:42:40.025560",,54,,,,,,,,,,physicalInteraction7.pcapng
"Nov 28, 2023 17:42:40.027639",0.002079,5,,,0x0002,138,,,,,,physicalInteraction7.pcapng
"Nov 28, 2023 17:42:40.034869",,66,,,,,,,,,,physicalInteraction7.pcapng
"Nov 28, 2023 17:42:40.037363",0.002494,5,,,0x0002,161,,,,,,physicalInteraction7.pcapng
"Nov 28, 2023 17:42:40.043391",,45,,,,,,,,,,physicalInteraction7.pcapng
"Nov 28, 2023 17:42:40.045182",0.001791,5,,,0x0002,65,,,,,,physicalInteraction7.pcapng
"Nov 28, 2023 17:42:40.053277",,52,,,,,,,,,,physicalInteraction7.pcapng
"Nov 28, 2023 17:42:40.059069",,52,,,,,,,,,,physicalInteraction7.pcapng
"Nov 28, 2023 17:42:40.061085",0.002016,5,,,0x0002,139,,,,,,physicalInteraction7.pcapng
"Nov 28, 2023 17:42:40.066309",,45,,,,,,,,,,physicalInteraction7.pcapng
"Nov 28, 2023 17:42:40.068103",0.001794,5,,,0x0002,67,,,,,,physicalInteraction7.pcapng
"Nov 28, 2023 17:42:40.073289",0.005186,63,0xb1bf,0x0000,0x8861,162,,,,,,physicalInteraction7.pcapng
"Nov 28, 2023 17:42:40.075688",0.002399,5,,,0x0002,162,,,,,,physicalInteraction7.pcapng
"Nov 28, 2023 17:42:40.078260",,45,,,,,,,,,,physicalInteraction7.pcapng
"Nov 28, 2023 17:42:40.080083",0.001823,5,,,0x0002,68,,,,,,physicalInteraction7.pcapng
"Nov 28, 2023 17:42:40.083251",,45,,,,,,,,,,physicalInteraction7.pcapng
"Nov 28, 2023 17:42:40.085044",0.001793,5,,,0x0002,140,,,,,,physicalInteraction7.pcapng
"Nov 28, 2023 17:42:40.092479",,45,,,,,,,,,,physicalInteraction7.pcapng
"Nov 28, 2023 17:42:40.094303",0.001824,5,,,0x0002,69,,,,,,physicalInteraction7.pcapng
"Nov 28, 2023 17:42:40.108846",,45,,,,,,,,,,physicalInteraction7.pcapng
"Nov 28, 2023 17:42:40.110638",0.001792,5,,,0x0002,141,,,,,,physicalInteraction7.pcapng
"Nov 28, 2023 17:42:40.506559",0.395921,59,0x4308,0xffff,0x8841,224,,,,,,physicalInteraction7.pcapng
"Nov 28, 2023 17:42:41.026078",0.519519,71,0xb1bf,0xffff,0x8841,163,0xb1bf,0xfffc,0x1209,,,physicalInteraction7.pcapng
"Nov 28, 2023 17:42:41.155508",0.129430,59,0x4308,0xffff,0x8841,226,,,,,,physicalInteraction7.pcapng
"Nov 28, 2023 17:42:41.473158",0.317650,59,0x4308,0xffff,0x8841,227,0x4308,0xfffc,0x1209,,,physicalInteraction7.pcapng
"Nov 28, 2023 17:42:42.275420",0.802262,71,0xec7f,0xffff,0x8841,2,0xec7f,0xfffc,0x1209,,,physicalInteraction7.pcapng
"Nov 28, 2023 17:42:43.887097",1.611677,71,0x711c,0xffff,0x8841,142,0x711c,0xfffc,0x1209,,,physicalInteraction7.pcapng
"Nov 28, 2023 17:42:46.270103",2.383006,47,0x4308,0xffff,0x8841,228,,,,,,physicalInteraction7.pcapng
"Nov 28, 2023 17:42:46.292503",0.022400,71,0x3d95,0xffff,0x8841,113,0x3d95,0xfffc,0x1209,,,physicalInteraction7.pcapng
"Nov 28, 2023 17:42:50.151309",3.858806,59,,,,,,,,,,physicalInteraction7.pcapng
"Nov 28, 2023 17:42:51.843662",,60,,,,,,,,,,physicalInteraction7.pcapng
"Nov 28, 2023 17:42:51.845965",0.002303,5,,,0x0002,114,,,,,,physicalInteraction7.pcapng
"Nov 28, 2023 17:42:51.885521",,50,,,,,,,,,,physicalInteraction7.pcapng
"Nov 28, 2023 17:42:51.887473",0.001952,5,,,0x0002,70,,,,,,physicalInteraction7.pcapng
"Nov 28, 2023 17:42:51.892814",,45,,,,,,,,,,physicalInteraction7.pcapng
"Nov 28, 2023 17:42:51.894637",0.001823,5,,,0x0002,115,,,,,,physicalInteraction7.pcapng
"Nov 28, 2023 17:42:52.847610",0.952973,71,0xe1a6,0xffff,0x8841,218,0xe1a6,0xfffc,0x1209,,,physicalInteraction7.pcapng
"Nov 28, 2023 17:42:53.308295",0.460685,71,0x4e11,0xffff,0x8841,142,0x4e11,0xfffc,0x1209,,,physicalInteraction7.pcapng
"Nov 28, 2023 17:42:54.027840",0.719545,71,0x0112,0xffff,0x8841,158,0x0112,0xfffc,0x1209,,,physicalInteraction7.pcapng
"Nov 28, 2023 17:42:54.082088",,50,,,,,,,,,,physicalInteraction7.pcapng
"Nov 28, 2023 17:42:54.091546",,50,,,,,,,,,,physicalInteraction7.pcapng
"Nov 28, 2023 17:42:54.096612",,50,,,,,,,,,,physicalInteraction7.pcapng
"Nov 28, 2023 17:42:54.100158",,50,,,,,,,,,,physicalInteraction7.pcapng
"Nov 28, 2023 17:42:54.151171",,50,,,,,,,,,,physicalInteraction7.pcapng
"Nov 28, 2023 17:42:54.155485",,50,,,,,,,,,,physicalInteraction7.pcapng
"Nov 28, 2023 17:42:54.160478",,50,,,,,,,,,,physicalInteraction7.pcapng
"Nov 28, 2023 17:42:54.164279",,50,,,,,,,,,,physicalInteraction7.pcapng
"Nov 28, 2023 17:42:54.215891",,50,,,,,,,,,,physicalInteraction7.pcapng
"Nov 28, 2023 17:42:54.219510",,50,,,,,,,,,,physicalInteraction7.pcapng
"Nov 28, 2023 17:42:54.223423",,50,,,,,,,,,,physicalInteraction7.pcapng
"Nov 28, 2023 17:42:54.228097",,50,,,,,,,,,,physicalInteraction7.pcapng
"Nov 28, 2023 17:42:54.269842",,50,,,,,,,,,,physicalInteraction7.pcapng
"Nov 28, 2023 17:42:54.273782",,50,,,,,,,,,,physicalInteraction7.pcapng
"Nov 28, 2023 17:42:54.277915",,50,,,,,,,,,,physicalInteraction7.pcapng
"Nov 28, 2023 17:42:54.282202",,50,,,,,,,,,,physicalInteraction7.pcapng
"Nov 28, 2023 17:42:54.312020",,50,,,,,,,,,,physicalInteraction7.pcapng
"Nov 28, 2023 17:42:54.317558",,50,,,,,,,,,,physicalInteraction7.pcapng
"Nov 28, 2023 17:42:54.320687",,50,,,,,,,,,,physicalInteraction7.pcapng
"Nov 28, 2023 17:42:54.324282",,50,,,,,,,,,,physicalInteraction7.pcapng
"Nov 28, 2023 17:42:54.387966",,50,,,,,,,,,,physicalInteraction7.pcapng
"Nov 28, 2023 17:42:54.395239",,50,,,,,,,,,,physicalInteraction7.pcapng
"Nov 28, 2023 17:42:54.399625",,50,,,,,,,,,,physicalInteraction7.pcapng
"Nov 28, 2023 17:42:54.403401",,50,,,,,,,,,,physicalInteraction7.pcapng
"Nov 28, 2023 17:42:54.446728",,50,,,,,,,,,,physicalInteraction7.pcapng
"Nov 28, 2023 17:42:54.450296",,50,,,,,,,,,,physicalInteraction7.pcapng
"Nov 28, 2023 17:42:54.453955",,50,,,,,,,,,,physicalInteraction7.pcapng
"Nov 28, 2023 17:42:54.459304",,50,,,,,,,,,,physicalInteraction7.pcapng
"Nov 28, 2023 17:42:54.497715",,50,,,,,,,,,,physicalInteraction7.pcapng
"Nov 28, 2023 17:42:54.500835",,50,,,,,,,,,,physicalInteraction7.pcapng
"Nov 28, 2023 17:42:54.504107",,50,,,,,,,,,,physicalInteraction7.pcapng
"Nov 28, 2023 17:42:54.509366",,50,,,,,,,,,,physicalInteraction7.pcapng
"Nov 28, 2023 17:42:54.553132",,50,,,,,,,,,,physicalInteraction7.pcapng
"Nov 28, 2023 17:42:54.557613",,50,,,,,,,,,,physicalInteraction7.pcapng
"Nov 28, 2023 17:42:54.561261",,50,,,,,,,,,,physicalInteraction7.pcapng
"Nov 28, 2023 17:42:54.565715",,50,,,,,,,,,,physicalInteraction7.pcapng
"Nov 28, 2023 17:42:54.602912",,50,,,,,,,,,,physicalInteraction7.pcapng
"Nov 28, 2023 17:42:54.607156",,50,,,,,,,,,,physicalInteraction7.pcapng
"Nov 28, 2023 17:42:54.611442",,50,,,,,,,,,,physicalInteraction7.pcapng
"Nov 28, 2023 17:42:54.615728",,50,,,,,,,,,,physicalInteraction7.pcapng
"Nov 28, 2023 17:42:54.878533",0.262805,65,0x1e15,0xffff,0x8841,78,0x1e15,0xfffc,0x1209,,,physicalInteraction7.pcapng
"Nov 28, 2023 17:42:54.950154",0.071621,71,0x0000,0xffff,0x8841,81,0x0000,0xfffc,0x1209,,,physicalInteraction7.pcapng
"Nov 28, 2023 17:42:55.998817",1.048663,71,0xb1bf,0xffff,0x8841,164,0xb1bf,0xfffc,0x1209,,,physicalInteraction7.pcapng
"Nov 28, 2023 17:42:56.567181",0.568364,71,0xec7f,0xffff,0x8841,3,0xec7f,0xfffc,0x1209,,,physicalInteraction7.pcapng
"Nov 28, 2023 17:42:57.116864",,50,,,,,,,,,,physicalInteraction7.pcapng
"Nov 28, 2023 17:42:57.118833",0.001969,5,,,0x0002,82,,,,,,physicalInteraction7.pcapng
"Nov 28, 2023 17:42:57.121439",,53,,,,,,,,,,physicalInteraction7.pcapng
"Nov 28, 2023 17:42:57.123518",0.002079,5,,,0x0002,4,,,,,,physicalInteraction7.pcapng
"Nov 28, 2023 17:42:57.138150",,45,,,,,,,,,,physicalInteraction7.pcapng
"Nov 28, 2023 17:42:57.142740",,45,,,,,,,,,,physicalInteraction7.pcapng
"Nov 28, 2023 17:42:57.144549",0.001809,5,,,0x0002,83,,,,,,physicalInteraction7.pcapng
"Nov 28, 2023 17:42:57.162375",,50,,,,,,,,,,physicalInteraction7.pcapng
"Nov 28, 2023 17:42:57.164344",0.001969,5,,,0x0002,84,,,,,,physicalInteraction7.pcapng
"Nov 28, 2023 17:42:57.167879",,53,,,,,,,,,,physicalInteraction7.pcapng
"Nov 28, 2023 17:42:57.169958",0.002079,5,,,0x0002,5,,,,,,physicalInteraction7.pcapng
"Nov 28, 2023 17:42:57.184628",,45,,,,,,,,,,physicalInteraction7.pcapng
"Nov 28, 2023 17:42:57.186437",0.001809,5,,,0x0002,85,,,,,,physicalInteraction7.pcapng
"Nov 28, 2023 17:42:57.210238",,58,,,,,,,,,,physicalInteraction7.pcapng
"Nov 28, 2023 17:42:57.212463",0.002225,5,,,0x0002,86,,,,,,physicalInteraction7.pcapng
"Nov 28, 2023 17:42:57.215757",,76,,,,,,,,,,physicalInteraction7.pcapng
"Nov 28, 2023 17:42:57.218572",0.002815,5,,,0x0002,6,,,,,,physicalInteraction7.pcapng
"Nov 28, 2023 17:42:57.236324",,45,,,,,,,,,,physicalInteraction7.pcapng
"Nov 28, 2023 17:42:57.238133",0.001809,5,,,0x0002,87,,,,,,physicalInteraction7.pcapng
"Nov 28, 2023 17:42:58.409569",1.171436,107,0x711c,0xffff,0x886b,143,,,,,,physicalInteraction7.pcapng
"Nov 28, 2023 17:42:59.937534",1.527965,5,,,0x0002,99,,,,,,physicalInteraction7.pcapng
"Nov 28, 2023 17:43:01.383688",1.446154,47,0x4308,0xffff,0x8841,237,0x4308,0xfffc,0x1209,,,physicalInteraction7.pcapng
"Nov 28, 2023 17:43:01.402739",0.019051,71,0x3d95,0xffff,0x8841,116,0x3d95,0xfffc,0x1209,,,physicalInteraction7.pcapng
"Nov 28, 2023 17:43:01.514393",0.111654,59,0x5308,0xffe9,0x8841,238,,,,,,physicalInteraction7.pcapng
"Nov 28, 2023 17:43:01.836089",0.321696,59,0x4308,0xffff,0x8841,239,,,,,,physicalInteraction7.pcapng
"Nov 28, 2023 17:43:02.156614",0.320525,59,0x6505,0x3249,0x8841,80,,,,,,physicalInteraction7.pcapng
"Nov 28, 2023 17:43:02.476167",0.319553,59,0x4308,0xffff,0x8841,241,,,,,,physicalInteraction7.pcapng
"Nov 28, 2023 17:43:04.512610",2.036443,59,0x4308,0xffff,0x8841,242,,,,,,physicalInteraction7.pcapng
"Nov 28, 2023 17:43:05.156053",0.643443,59,0x4308,0xffff,0x8841,244,,,,,,physicalInteraction7.pcapng
"Nov 28, 2023 17:43:05.474605",0.318552,59,0x4308,0xffff,0x8841,245,,,,,,physicalInteraction7.pcapng
"Nov 28, 2023 17:43:07.844776",2.370171,71,0xe1a6,0xffff,0x8841,219,0xe1a6,0xfffc,0x1209,,,physicalInteraction7.pcapng
"Nov 28, 2023 17:43:09.898391",,52,,,,,,,,,,physicalInteraction7.pcapng
"Nov 28, 2023 17:43:09.900409",0.002018,5,,,0x0002,88,,,,,,physicalInteraction7.pcapng
"Nov 28, 2023 17:43:09.902438",0.002029,65,0x1e15,0xffff,0x8841,79,0x1e15,0xfffc,0x1209,,,physicalInteraction7.pcapng
"Nov 28, 2023 17:43:09.910493",,63,,,,,,,,,,physicalInteraction7.pcapng
"Nov 28, 2023 17:43:09.912892",0.002399,5,,,0x0002,220,,,,,,physicalInteraction7.pcapng
"Nov 28, 2023 17:43:09.946206",,52,,,,,,,,,,physicalInteraction7.pcapng
"Nov 28, 2023 17:43:09.948223",0.002017,5,,,0x0002,89,,,,,,physicalInteraction7.pcapng
"Nov 28, 2023 17:43:09.956030",,63,,,,,,,,,,physicalInteraction7.pcapng
"Nov 28, 2023 17:43:09.958428",0.002398,5,,,0x0002,117,,,,,,physicalInteraction7.pcapng
"Nov 28, 2023 17:43:09.967552",,45,,,,,,,,,,physicalInteraction7.pcapng
"Nov 28, 2023 17:43:09.969347",0.001795,5,,,0x0002,90,,,,,,physicalInteraction7.pcapng
"Nov 28, 2023 17:43:09.985039",,54,,,,,,,,,,physicalInteraction7.pcapng
"Nov 28, 2023 17:43:09.987120",0.002081,5,,,0x0002,91,,,,,,physicalInteraction7.pcapng
"Nov 28, 2023 17:43:09.995000",,66,,,,,,,,,,physicalInteraction7.pcapng
"Nov 28, 2023 17:43:09.997495",0.002495,5,,,0x0002,221,,,,,,physicalInteraction7.pcapng
"Nov 28, 2023 17:43:09.998730",,54,,,,,,,,,,physicalInteraction7.pcapng
"Nov 28, 2023 17:43:10.000809",0.002079,5,,,0x0002,92,,,,,,physicalInteraction7.pcapng
"Nov 28, 2023 17:43:10.008498",,66,,,,,,,,,,physicalInteraction7.pcapng
"Nov 28, 2023 17:43:10.010993",0.002495,5,,,0x0002,118,,,,,,physicalInteraction7.pcapng
"Nov 28, 2023 17:43:10.029354",,54,,,,,,,,,,physicalInteraction7.pcapng
"Nov 28, 2023 17:43:10.031465",0.002111,5,,,0x0002,93,,,,,,physicalInteraction7.pcapng
"Nov 28, 2023 17:43:10.036108",,54,,,,,,,,,,physicalInteraction7.pcapng
"Nov 28, 2023 17:43:10.038187",0.002079,5,,,0x0002,144,,,,,,physicalInteraction7.pcapng
"Nov 28, 2023 17:43:10.042858",,45,,,,,,,,,,physicalInteraction7.pcapng
"Nov 28, 2023 17:43:10.044640",0.001782,5,,,0x0002,94,,,,,,physicalInteraction7.pcapng
"Nov 28, 2023 17:43:10.045395",,66,,,,,,,,,,physicalInteraction7.pcapng
"Nov 28, 2023 17:43:10.047890",0.002495,5,,,0x0002,165,,,,,,physicalInteraction7.pcapng
"Nov 28, 2023 17:43:10.051774",,52,,,,,,,,,,physicalInteraction7.pcapng
"Nov 28, 2023 17:43:10.053821",0.002047,5,,,0x0002,95,,,,,,physicalInteraction7.pcapng
"Nov 28, 2023 17:43:10.057187",,52,,,,,,,,,,physicalInteraction7.pcapng
"Nov 28, 2023 17:43:10.066402",,63,,,,,,,,,,physicalInteraction7.pcapng
"Nov 28, 2023 17:43:10.068801",0.002399,5,,,0x0002,166,,,,,,physicalInteraction7.pcapng
"Nov 28, 2023 17:43:10.069907",,45,,,,,,,,,,physicalInteraction7.pcapng
"Nov 28, 2023 17:43:10.071688",0.001781,5,,,0x0002,96,,,,,,physicalInteraction7.pcapng
"Nov 28, 2023 17:43:10.084039",,45,,,,,,,,,,physicalInteraction7.pcapng
"Nov 28, 2023 17:43:10.085820",0.001781,5,,,0x0002,97,,,,,,physicalInteraction7.pcapng
"Nov 28, 2023 17:43:10.090463",,45,,,,,,,,,,physicalInteraction7.pcapng
"Nov 28, 2023 17:43:10.092286",0.001823,5,,,0x0002,98,,,,,,physicalInteraction7.pcapng
"Nov 28, 2023 17:43:10.095725",,45,,,,,,,,,,physicalInteraction7.pcapng
"Nov 28, 2023 17:43:10.097517",0.001792,5,,,0x0002,146,,,,,,physicalInteraction7.pcapng
"Nov 28, 2023 17:43:10.098237",,45,,,,,,,,,,physicalInteraction7.pcapng
"Nov 28, 2023 17:43:10.100061",0.001824,5,,,0x0002,99,,,,,,physicalInteraction7.pcapng
"Nov 28, 2023 17:43:10.103396",,45,,,,,,,,,,physicalInteraction7.pcapng
"Nov 28, 2023 17:43:10.105188",0.001792,5,,,0x0002,147,,,,,,physicalInteraction7.pcapng
"Nov 28, 2023 17:43:10.762014",0.656826,71,0x0000,0xffff,0x8841,100,0x0000,0xfffc,0x1209,,,physicalInteraction7.pcapng
"Nov 28, 2023 17:43:10.909774",0.147760,71,0x4e11,0xffff,0x8841,143,0x4e11,0xfffc,0x1209,,,physicalInteraction7.pcapng
"Nov 28, 2023 17:43:11.109697",0.199923,71,0xb1bf,0xffff,0x8841,167,0xb1bf,0xfffc,0x1209,,,physicalInteraction7.pcapng
"Nov 28, 2023 17:43:12.111187",1.001490,71,0xec7f,0xffff,0x8841,7,0xec7f,0xfffc,0x1209,,,physicalInteraction7.pcapng
"Nov 28, 2023 17:43:13.513019",1.401832,59,0x4308,0xffff,0x8841,246,0x4308,0xfffc,0x1209,,,physicalInteraction7.pcapng
"Nov 28, 2023 17:43:14.068348",0.555329,71,0x711c,0xffff,0x8841,148,0x711c,0xfffc,0x1209,,,physicalInteraction7.pcapng
"Nov 28, 2023 17:43:14.166926",0.098578,59,0x4308,0xffff,0x8841,248,0x4308,0xfffc,0x1209,,,physicalInteraction7.pcapng
"Nov 28, 2023 17:43:14.491429",0.324503,59,0x4308,0xffff,0x8841,249,0x4308,0xfffc,0x1209,,,physicalInteraction7.pcapng
"Nov 28, 2023 17:43:16.399482",1.908053,71,0x3d95,0xffff,0x8841,119,0x3d95,0xfffc,0x1209,,,physicalInteraction7.pcapng
"Nov 28, 2023 17:43:16.515593",0.116111,59,0x4308,0xffff,0x8841,250,,,,,,physicalInteraction7.pcapng
"Nov 28, 2023 17:43:16.536997",0.021404,47,0x4308,0xffff,0x8841,251,0x4308,0xfffc,0x1209,,,physicalInteraction7.pcapng
"Nov 28, 2023 17:43:17.140553",0.603556,59,0x4308,0xffff,0x8841,253,0x4308,0xfffc,0x1209,,,physicalInteraction7.pcapng
"Nov 28, 2023 17:43:17.460704",0.320151,59,0x4308,0xffff,0x8841,254,,,,,,physicalInteraction7.pcapng
"Nov 28, 2023 17:43:18.966592",,57,,,,,,,,,,physicalInteraction7.pcapng
"Nov 28, 2023 17:43:18.968798",0.002206,5,,,0x0002,220,,,,,,physicalInteraction7.pcapng
"Nov 28, 2023 17:43:20.759020",,54,,,,,,,,,,physicalInteraction7.pcapng
"Nov 28, 2023 17:43:20.761131",0.002111,5,,,0x0002,184,,,,,,physicalInteraction7.pcapng
"Nov 28, 2023 17:43:20.766098",0.004967,57,0x711c,0x0000,0x8861,149,0xd0bb,0x0000,0x1a09,,,physicalInteraction7.pcapng
"Nov 28, 2023 17:43:20.768304",0.002206,5,,,0x0002,149,,,,,,physicalInteraction7.pcapng
"Nov 28, 2023 17:43:20.819920",,54,,,,,,,,,,physicalInteraction7.pcapng
"Nov 28, 2023 17:43:20.822030",0.002110,5,,,0x0002,150,,,,,,physicalInteraction7.pcapng
"Nov 28, 2023 17:43:22.826816",2.004786,71,0xe1a6,0xffff,0x8841,222,0xe1a6,0xfffc,0x1209,,,physicalInteraction7.pcapng
"Nov 28, 2023 17:43:24.032273",1.205457,71,0x0112,0xffff,0x8841,160,0x0112,0xfffc,0x1209,,,physicalInteraction7.pcapng
"Nov 28, 2023 17:43:24.890215",0.857942,108,0x1015,0xffff,0x886c,80,,,,,,physicalInteraction7.pcapng
"Nov 28, 2023 17:43:25.517098",0.626883,59,0x4308,0xffff,0x8841,255,0x4308,0xfffc,0x1209,,,physicalInteraction7.pcapng
"Nov 28, 2023 17:43:26.107034",0.589936,71,0xb1bf,0xffff,0x8841,168,0xb1bf,0xfffc,0x1209,,,physicalInteraction7.pcapng
"Nov 28, 2023 17:43:26.155353",0.048319,59,0x4308,0xffff,0x8841,1,0x4308,0xfffc,0x1209,,,physicalInteraction7.pcapng
"Nov 28, 2023 17:43:26.474786",0.319433,59,0x4308,0xffff,0x8841,2,,,,,,physicalInteraction7.pcapng
"Nov 28, 2023 17:43:27.056384",0.581598,71,0x0000,0xffff,0x8841,101,0x0000,0xfffc,0x1209,,,physicalInteraction7.pcapng
"Nov 28, 2023 17:43:27.336318",0.279934,98,0x4e11,0xffff,0x8862,144,,,,,,physicalInteraction7.pcapng
"Nov 28, 2023 17:43:28.518772",1.182454,59,0x4308,0xffff,0x8841,3,0x4308,0xfffc,0x1209,,,physicalInteraction7.pcapng
"Nov 28, 2023 17:43:28.778278",0.259506,71,0xec7f,0xffff,0x8841,8,0xec7f,0xfffc,0x1209,,,physicalInteraction7.pcapng
"Nov 28, 2023 17:43:28.844674",0.066396,59,0x4308,0xffff,0x8841,4,0x4308,0xfffc,0x1209,,,physicalInteraction7.pcapng
"Nov 28, 2023 17:43:29.164227",0.319553,59,0x4308,0xffff,0x8841,5,,,,,,physicalInteraction7.pcapng
"Nov 28, 2023 17:43:29.483448",0.319221,59,0x4308,0xffff,0x8841,6,,,,,,physicalInteraction7.pcapng
"Nov 28, 2023 17:43:31.285558",1.802110,71,0x711c,0xffff,0x8841,151,0x711c,0xfffc,0x1209,,,physicalInteraction7.pcapng
"Nov 28, 2023 17:43:31.336676",0.051118,71,0x3d95,0xffff,0x8841,120,0x3d95,0xfffc,0x1209,,,physicalInteraction7.pcapng
"Nov 28, 2023 17:43:31.578769",0.242093,47,0x4308,0xffff,0x8841,7,0x4308,0xfffc,0x1209,,,physicalInteraction7.pcapng
"Nov 28, 2023 17:43:32.309225",,53,,,,,,,,,,physicalInteraction7.pcapng
"Nov 28, 2023 17:43:32.311274",0.002049,5,,,0x0002,101,,,,,,physicalInteraction7.pcapng
"Nov 28, 2023 17:43:32.315147",,53,,,,,,,,,,physicalInteraction7.pcapng
"Nov 28, 2023 17:43:32.317226",0.002079,5,,,0x0002,223,,,,,,physicalInteraction7.pcapng
"Nov 28, 2023 17:43:32.816545",0.499319,12,0x4615,0xe1a6,0x8863,102,,,,,,physicalInteraction7.pcapng
"Nov 28, 2023 17:43:32.817281",0.000736,5,,,0x0002,102,,,,,,physicalInteraction7.pcapng
"Nov 28, 2023 17:43:37.518234",4.700953,59,0x4308,0xffff,0x8841,8,,,,,,physicalInteraction7.pcapng
"Nov 28, 2023 17:43:37.787054",0.268820,71,0xe1a6,0xffff,0x8841,224,0xe1a6,0xfffc,0x1209,,,physicalInteraction7.pcapng
"Nov 28, 2023 17:43:38.159412",0.372358,59,0x4308,0xffff,0x8841,10,0x4308,0xfffc,0x1209,,,physicalInteraction7.pcapng
"Nov 28, 2023 17:43:38.480224",0.320812,59,0x4308,0xffff,0x8842,11,,,,,,physicalInteraction7.pcapng
"Nov 28, 2023 17:43:39.307865",,60,,,,,,,,,,physicalInteraction7.pcapng
"Nov 28, 2023 17:43:39.310168",0.002303,5,,,0x0002,225,,,,,,physicalInteraction7.pcapng
"Nov 28, 2023 17:43:39.351018",,50,,,,,,,,,,physicalInteraction7.pcapng
"Nov 28, 2023 17:43:39.352961",0.001943,5,,,0x0002,102,,,,,,physicalInteraction7.pcapng
"Nov 28, 2023 17:43:39.358302",,45,,,,,,,,,,physicalInteraction7.pcapng
"Nov 28, 2023 17:43:39.360125",0.001823,5,,,0x0002,226,,,,,,physicalInteraction7.pcapng
"Nov 28, 2023 17:43:39.877008",0.516883,65,0x1e15,0xffff,0x8841,81,0x1e15,0xfffc,0x1209,,,physicalInteraction7.pcapng
"Nov 28, 2023 17:43:39.904015",,52,,,,,,,,,,physicalInteraction7.pcapng
"Nov 28, 2023 17:43:39.906020",0.002005,5,,,0x0002,103,,,,,,physicalInteraction7.pcapng
"Nov 28, 2023 17:43:39.913807",,63,,,,,,,,,,physicalInteraction7.pcapng
"Nov 28, 2023 17:43:39.916206",0.002399,5,,,0x0002,227,,,,,,physicalInteraction7.pcapng
"Nov 28, 2023 17:43:39.938948",,52,,,,,,,,,,physicalInteraction7.pcapng
"Nov 28, 2023 17:43:39.940956",0.002008,5,,,0x0002,104,,,,,,physicalInteraction7.pcapng
"Nov 28, 2023 17:43:39.948797",,63,,,,,,,,,,physicalInteraction7.pcapng
"Nov 28, 2023 17:43:39.953563",,45,,,,,,,,,,physicalInteraction7.pcapng
"Nov 28, 2023 17:43:39.957096",,45,,,,,,,,,,physicalInteraction7.pcapng
"Nov 28, 2023 17:43:39.958878",0.001782,5,,,0x0002,105,,,,,,physicalInteraction7.pcapng
"Nov 28, 2023 17:43:39.964034",,63,,,,,,,,,,physicalInteraction7.pcapng
"Nov 28, 2023 17:43:39.966432",0.002398,5,,,0x0002,121,,,,,,physicalInteraction7.pcapng
"Nov 28, 2023 17:43:39.967555",,54,,,,,,,,,,physicalInteraction7.pcapng
"Nov 28, 2023 17:43:39.969635",0.002080,5,,,0x0002,106,,,,,,physicalInteraction7.pcapng
"Nov 28, 2023 17:43:39.977538",,66,,,,,,,,,,physicalInteraction7.pcapng
"Nov 28, 2023 17:43:39.980033",0.002495,5,,,0x0002,228,,,,,,physicalInteraction7.pcapng
"Nov 28, 2023 17:43:40.010005",,54,,,,,,,,,,physicalInteraction7.pcapng
"Nov 28, 2023 17:43:40.012075",0.002070,5,,,0x0002,107,,,,,,physicalInteraction7.pcapng
"Nov 28, 2023 17:43:40.019906",,66,,,,,,,,,,physicalInteraction7.pcapng
"Nov 28, 2023 17:43:40.022401",0.002495,5,,,0x0002,122,,,,,,physicalInteraction7.pcapng
"Nov 28, 2023 17:43:40.027020",,45,,,,,,,,,,physicalInteraction7.pcapng
"Nov 28, 2023 17:43:40.028812",0.001792,5,,,0x0002,108,,,,,,physicalInteraction7.pcapng
"Nov 28, 2023 17:43:40.039906",,54,,,,,,,,,,physicalInteraction7.pcapng
"Nov 28, 2023 17:43:40.042017",0.002111,5,,,0x0002,109,,,,,,physicalInteraction7.pcapng
"Nov 28, 2023 17:43:40.050549",,45,,,,,,,,,,physicalInteraction7.pcapng
"Nov 28, 2023 17:43:40.052342",0.001793,5,,,0x0002,110,,,,,,physicalInteraction7.pcapng
"Nov 28, 2023 17:43:40.059025",,52,,,,,,,,,,physicalInteraction7.pcapng
"Nov 28, 2023 17:43:40.067302",0.008277,5,,,0x0002,169,,,,,,physicalInteraction7.pcapng
"Nov 28, 2023 17:43:40.069883",,66,,,,,,,,,,physicalInteraction7.pcapng
"Nov 28, 2023 17:43:40.072378",0.002495,5,,,0x0002,169,,,,,,physicalInteraction7.pcapng
"Nov 28, 2023 17:43:40.073176",,52,,,,,,,,,,physicalInteraction7.pcapng
"Nov 28, 2023 17:43:40.075224",0.002048,5,,,0x0002,111,,,,,,physicalInteraction7.pcapng
"Nov 28, 2023 17:43:40.077951",,52,,,,,,,,,,physicalInteraction7.pcapng
"Nov 28, 2023 17:43:40.079966",0.002015,5,,,0x0002,153,,,,,,physicalInteraction7.pcapng
"Nov 28, 2023 17:43:40.087106",,63,,,,,,,,,,physicalInteraction7.pcapng
"Nov 28, 2023 17:43:40.089505",0.002399,5,,,0x0002,170,,,,,,physicalInteraction7.pcapng
"Nov 28, 2023 17:43:40.091307",,45,,,,,,,,,,physicalInteraction7.pcapng
"Nov 28, 2023 17:43:40.093100",0.001793,5,,,0x0002,112,,,,,,physicalInteraction7.pcapng
"Nov 28, 2023 17:43:40.105766",,45,,,,,,,,,,physicalInteraction7.pcapng
"Nov 28, 2023 17:43:40.107589",0.001823,5,,,0x0002,113,,,,,,physicalInteraction7.pcapng
"Nov 28, 2023 17:43:40.110064",,45,,,,,,,,,,physicalInteraction7.pcapng
"Nov 28, 2023 17:43:40.111857",0.001793,5,,,0x0002,154,,,,,,physicalInteraction7.pcapng
"Nov 28, 2023 17:43:40.113548",,45,,,,,,,,,,physicalInteraction7.pcapng
"Nov 28, 2023 17:43:40.115372",0.001824,5,,,0x0002,114,,,,,,physicalInteraction7.pcapng
"Nov 28, 2023 17:43:40.118779",,45,,,,,,,,,,physicalInteraction7.pcapng
"Nov 28, 2023 17:43:40.120570",0.001791,5,,,0x0002,155,,,,,,physicalInteraction7.pcapng
"Nov 28, 2023 17:43:40.519270",0.398700,59,0x4308,0xffff,0x8841,12,0x4308,0xfffc,0x1209,,,physicalInteraction7.pcapng
"Nov 28, 2023 17:43:41.036966",0.517696,71,0xb1bf,0xffff,0x8841,171,0xb1bf,0xfffc,0x1209,,,physicalInteraction7.pcapng
"Nov 28, 2023 17:43:41.157815",0.120849,59,0x4308,0xffff,0x8841,14,,,,,,physicalInteraction7.pcapng
"Nov 28, 2023 17:43:41.478930",0.321115,59,0x4308,0xffff,0x8841,15,,,,,,physicalInteraction7.pcapng
"Nov 28, 2023 17:43:42.346236",,53,,,,,,,,,,physicalInteraction7.pcapng
"Nov 28, 2023 17:43:42.348285",0.002049,5,,,0x0002,103,,,,,,physicalInteraction7.pcapng
"Nov 28, 2023 17:43:42.352158",,53,,,,,,,,,,physicalInteraction7.pcapng
"Nov 28, 2023 17:43:42.354237",0.002079,5,,,0x0002,229,,,,,,physicalInteraction7.pcapng
"Nov 28, 2023 17:43:42.380766",0.026529,71,0x0000,0xffff,0x8841,115,0x0000,0xfffc,0x1209,,,physicalInteraction7.pcapng
"Nov 28, 2023 17:43:42.557142",0.176376,71,0x4e11,0xffff,0x8841,145,0x4e11,0xfffc,0x1209,,,physicalInteraction7.pcapng
"Nov 28, 2023 17:43:42.853440",0.296298,12,0x4615,0xe1a6,0x8863,104,,,,,,physicalInteraction7.pcapng
"Nov 28, 2023 17:43:42.854166",0.000726,5,,,0x0002,104,,,,,,physicalInteraction7.pcapng
"Nov 28, 2023 17:43:45.523777",2.669611,71,0xec7f,0xffff,0x8841,9,0xec7f,0xfffc,0x1209,,,physicalInteraction7.pcapng
"Nov 28, 2023 17:43:46.314745",0.790968,103,0x711c,0xffff,0x8867,156,,,,,,physicalInteraction7.pcapng
"Nov 28, 2023 17:43:46.614170",0.299425,47,0x4308,0xffff,0x8841,16,0x4308,0xfffc,0x1209,,,physicalInteraction7.pcapng
"Nov 28, 2023 17:43:49.845088",3.230918,59,0x4308,0xffff,0x8841,18,,,,,,physicalInteraction7.pcapng
"Nov 28, 2023 17:43:50.484895",0.639807,59,0x4308,0xffff,0x8841,20,,,,,,physicalInteraction7.pcapng
"Nov 28, 2023 17:43:52.840539",2.355644,71,0xe1a6,0xffff,0x8841,230,0xe1a6,0xfffc,0x1209,,,physicalInteraction7.pcapng
"Nov 28, 2023 17:43:52.844081",0.003542,59,0x4308,0xffff,0x8841,22,,,,,,physicalInteraction7.pcapng
"Nov 28, 2023 17:43:53.164148",0.320067,59,0x4308,0xffff,0x8841,23,0x4308,0xfffc,0x1209,,,physicalInteraction7.pcapng
"Nov 28, 2023 17:43:53.483718",0.319570,59,0x4308,0xffff,0x8841,24,0x4308,0xfffc,0x1209,,,physicalInteraction7.pcapng
"Nov 28, 2023 17:43:54.029987",0.546269,71,0x0112,0xffff,0x8841,162,0x0112,0xfffc,0x1209,,,physicalInteraction7.pcapng
"Nov 28, 2023 17:43:54.937898",0.907911,65,0x1e15,0xffff,0x8841,82,0x1e15,0xfffc,0x1209,,,physicalInteraction7.pcapng
"Nov 28, 2023 17:43:56.063943",1.126045,71,0xb1bf,0xffff,0x8841,172,0xb1bf,0xfffc,0x1209,,,physicalInteraction7.pcapng
"Nov 28, 2023 17:43:56.581590",0.517647,71,0x4e11,0xffff,0x8841,146,0x4e11,0xfffc,0x1209,,,physicalInteraction7.pcapng
"Nov 28, 2023 17:43:57.440767",0.859177,71,0x0000,0xffff,0x8841,116,0x0000,0xfffc,0x1209,,,physicalInteraction7.pcapng
"Nov 28, 2023 17:43:59.297354",1.856587,54,0x946e,0x0000,0x8861,37,,,,,,physicalInteraction7.pcapng
"Nov 28, 2023 17:43:59.302455",,54,,,,,,,,,,physicalInteraction7.pcapng
"Nov 28, 2023 17:43:59.304566",0.002111,5,,,0x0002,37,,,,,,physicalInteraction7.pcapng
"Nov 28, 2023 17:43:59.809602",0.505036,12,0x946e,0x0000,0x8863,38,,,,,,physicalInteraction7.pcapng
"Nov 28, 2023 17:43:59.810369",0.000767,5,,,0x0002,38,,,,,,physicalInteraction7.pcapng
"Nov 28, 2023 17:44:01.034387",1.224018,71,0x711c,0xffff,0x8841,157,0x711c,0xfffc,0x1209,,,physicalInteraction7.pcapng
"Nov 28, 2023 17:44:01.435375",0.400988,71,0x3d95,0xffff,0x8841,124,0x3d95,0xfffc,0x1209,,,physicalInteraction7.pcapng
"Nov 28, 2023 17:44:01.524843",0.089468,59,0x4308,0xffff,0x8841,25,,,,,,physicalInteraction7.pcapng
"Nov 28, 2023 17:44:01.649017",0.124174,47,0x4308,0xffff,0x8871,26,,,,,,physicalInteraction7.pcapng
"Nov 28, 2023 17:44:01.849592",0.200575,59,0x4308,0xffff,0x8841,27,,,,,,physicalInteraction7.pcapng
"Nov 28, 2023 17:44:02.170737",0.321145,59,0x4308,0x8fff,0x8841,28,,,,,,physicalInteraction7.pcapng
"Nov 28, 2023 17:44:02.424453",,53,,,,,,,,,,physicalInteraction7.pcapng
"Nov 28, 2023 17:44:02.428278",,53,,,,,,,,,,physicalInteraction7.pcapng
"Nov 28, 2023 17:44:02.430327",0.002049,5,,,0x0002,105,,,,,,physicalInteraction7.pcapng
"Nov 28, 2023 17:44:02.434045",,53,,,,,,,,,,physicalInteraction7.pcapng
"Nov 28, 2023 17:44:02.436124",0.002079,5,,,0x0002,231,,,,,,physicalInteraction7.pcapng
"Nov 28, 2023 17:44:02.635228",0.199104,71,0xec7f,0xffff,0x8841,10,0xec7f,0xfffc,0x1209,,,physicalInteraction7.pcapng
"Nov 28, 2023 17:44:02.937219",0.301991,12,0x4615,0xe1a6,0x8863,106,,,,,,physicalInteraction7.pcapng
"Nov 28, 2023 17:44:02.937944",0.000725,5,,,0x0002,106,,,,,,physicalInteraction7.pcapng
"Nov 28, 2023 17:44:02.962396",,54,,,,,,,,,,physicalInteraction7.pcapng
"Nov 28, 2023 17:44:02.964508",0.002112,5,,,0x0002,185,,,,,,physicalInteraction7.pcapng
"Nov 28, 2023 17:44:02.969507",0.004999,57,0x711c,0x0000,0x8861,158,0xd0bb,0x0000,0x1a09,,,physicalInteraction7.pcapng
"Nov 28, 2023 17:44:02.971713",0.002206,5,,,0x0002,158,,,,,,physicalInteraction7.pcapng
"Nov 28, 2023 17:44:03.015544",,54,,,,,,,,,,physicalInteraction7.pcapng
"Nov 28, 2023 17:44:03.017654",0.002110,5,,,0x0002,159,,,,,,physicalInteraction7.pcapng
"Nov 28, 2023 17:44:04.524212",1.506558,59,0x4308,0xffff,0x8841,30,,,,,,physicalInteraction7.pcapng
"Nov 28, 2023 17:44:05.488564",0.964352,59,0xf508,0xffff,0x8841,33,,,,,,physicalInteraction7.pcapng
"Nov 28, 2023 17:44:06.854174",1.365610,63,0xb1bd,0x0000,0x8861,173,,,,,,physicalInteraction7.pcapng
"Nov 28, 2023 17:44:06.856573",0.002399,5,,,0x0002,173,,,,,,physicalInteraction7.pcapng
"Nov 28, 2023 17:44:06.901443",,50,,,,,,,,,,physicalInteraction7.pcapng
"Nov 28, 2023 17:44:06.903426",0.001983,5,,,0x0002,117,,,,,,physicalInteraction7.pcapng
"Nov 28, 2023 17:44:06.906012",,50,,,,,,,,,,physicalInteraction7.pcapng
"Nov 28, 2023 17:44:06.907964",0.001952,5,,,0x5002,160,,,,,,physicalInteraction7.pcapng
"Nov 28, 2023 17:44:06.912938",0.004974,45,0xb1bf,0x0000,0x8863,174,,,,,,physicalInteraction7.pcapng
"Nov 28, 2023 17:44:06.914760",0.001822,5,,,0x0002,174,,,,,,physicalInteraction7.pcapng
"Nov 28, 2023 17:44:06.927895",0.013135,57,0xb1bf,0x0000,0x8871,175,,,,,,physicalInteraction7.pcapng
"Nov 28, 2023 17:44:06.930101",0.002206,5,,,0x0002,175,,,,,,physicalInteraction7.pcapng
"Nov 28, 2023 17:44:06.969517",,50,,,,,,,,,,physicalInteraction7.pcapng
"Nov 28, 2023 17:44:06.971500",0.001983,5,,,0x0002,118,,,,,,physicalInteraction7.pcapng
"Nov 28, 2023 17:44:06.978317",0.006817,50,0x711c,0xb1bf,0x8861,161,,,,,,physicalInteraction7.pcapng
"Nov 28, 2023 17:44:06.981880",,50,,,,,,,,,,physicalInteraction7.pcapng
"Nov 28, 2023 17:44:06.983832",0.001952,108,0x013b,,0xa06c,161,,,,,,physicalInteraction7.pcapng
"Nov 28, 2023 17:44:06.988743",0.004911,61,0xb1bf,0x0000,0x8861,134,,,,,,physicalInteraction7.pcapng
"Nov 28, 2023 17:44:07.842293",0.853550,71,0xe1a6,0xffff,0x8841,232,0xe1a6,0xfffc,0x1209,,,physicalInteraction7.pcapng
"Nov 28, 2023 17:44:09.035405",1.193112,71,0x0112,0xffff,0x8841,163,0x0112,0xfffc,0x1209,,,physicalInteraction7.pcapng
"Nov 28, 2023 17:44:09.903577",,52,,,,,,,,,,physicalInteraction7.pcapng
"Nov 28, 2023 17:44:09.905588",0.002011,5,,,0x0002,119,,,,,,physicalInteraction7.pcapng
"Nov 28, 2023 17:44:09.913142",,63,,,,,,,,,,physicalInteraction7.pcapng
"Nov 28, 2023 17:44:09.915541",0.002399,5,,,0x0002,233,,,,,,physicalInteraction7.pcapng
"Nov 28, 2023 17:44:09.930825",0.015284,65,0x1e15,0xffff,0x8841,83,0x1e15,0xfffc,0x1209,,,physicalInteraction7.pcapng
"Nov 28, 2023 17:44:09.941383",,52,,,,,,,,,,physicalInteraction7.pcapng
"Nov 28, 2023 17:44:09.943392",0.002009,5,,,0x0002,120,,,,,,physicalInteraction7.pcapng
"Nov 28, 2023 17:44:09.951006",,63,,,,,,,,,,physicalInteraction7.pcapng
"Nov 28, 2023 17:44:09.953405",0.002399,5,,,0x0002,125,,,,,,physicalInteraction7.pcapng
"Nov 28, 2023 17:44:09.956316",,45,,,,,,,,,,physicalInteraction7.pcapng
"Nov 28, 2023 17:44:09.958109",0.001793,5,,,0x0002,121,,,,,,physicalInteraction7.pcapng
"Nov 28, 2023 17:44:09.980703",,54,,,,,,,,,,physicalInteraction7.pcapng
"Nov 28, 2023 17:44:09.982784",0.002081,5,,,0x0002,122,,,,,,physicalInteraction7.pcapng
"Nov 28, 2023 17:44:09.990409",,66,,,,,,,,,,physicalInteraction7.pcapng
"Nov 28, 2023 17:44:09.992903",0.002494,5,,,0x0002,234,,,,,,physicalInteraction7.pcapng
"Nov 28, 2023 17:44:10.001896",,45,,,,,,,,,,physicalInteraction7.pcapng
"Nov 28, 2023 17:44:10.003690",0.001794,5,,,0x0002,123,,,,,,physicalInteraction7.pcapng
"Nov 28, 2023 17:44:10.014849",,54,,,,,,,,,,physicalInteraction7.pcapng
"Nov 28, 2023 17:44:10.016930",0.002081,5,,,0x0002,124,,,,,,physicalInteraction7.pcapng
"Nov 28, 2023 17:44:10.024778",,66,,,,,,,,,,physicalInteraction7.pcapng
"Nov 28, 2023 17:44:10.027272",0.002494,5,,,0x0002,126,,,,,,physicalInteraction7.pcapng
"Nov 28, 2023 17:44:10.032213",,54,,,,,,,,,,physicalInteraction7.pcapng
"Nov 28, 2023 17:44:10.034324",0.002111,5,,,0x0002,125,,,,,,physicalInteraction7.pcapng
"Nov 28, 2023 17:44:10.039004",,54,,,,,,,,,,physicalInteraction7.pcapng
"Nov 28, 2023 17:44:10.041084",0.002080,5,,,0x0002,162,,,,,,physicalInteraction7.pcapng
"Nov 28, 2023 17:44:10.048265",,66,,,,,,,,,,physicalInteraction7.pcapng
"Nov 28, 2023 17:44:10.050760",0.002495,5,,,0x0002,177,,,,,,physicalInteraction7.pcapng
"Nov 28, 2023 17:44:10.053258",,52,,,,,,,,,,physicalInteraction7.pcapng
"Nov 28, 2023 17:44:10.058402",0.005144,107,0xb1bf,0x0000,0x886b,177,,,,,,physicalInteraction7.pcapng
"Nov 28, 2023 17:44:10.062755",,52,,,,,,,,,,physicalInteraction7.pcapng
"Nov 28, 2023 17:44:10.067186",,52,,,,,,,,,,physicalInteraction7.pcapng
"Nov 28, 2023 17:44:10.069233",0.002047,5,,,0x0002,126,,,,,,physicalInteraction7.pcapng
"Nov 28, 2023 17:44:10.073389",0.004156,5,,,0x0002,178,,,,,,physicalInteraction7.pcapng
"Nov 28, 2023 17:44:10.075155",,52,,,,,,,,,,physicalInteraction7.pcapng
"Nov 28, 2023 17:44:10.077171",0.002016,5,,,0x0002,163,,,,,,physicalInteraction7.pcapng
"Nov 28, 2023 17:44:10.084245",0.007074,63,,,,,,,,,,physicalInteraction7.pcapng
"Nov 28, 2023 17:44:10.086644",0.002399,5,,,0x0002,179,,,,,,physicalInteraction7.pcapng
"Nov 28, 2023 17:44:10.093454",,45,,,,,,,,,,physicalInteraction7.pcapng
"Nov 28, 2023 17:44:10.095235",0.001781,5,,,0x0002,127,,,,,,physicalInteraction7.pcapng
"Nov 28, 2023 17:44:10.104788",,45,,,,,,,,,,physicalInteraction7.pcapng
"Nov 28, 2023 17:44:10.106581",0.001793,5,,,0x0002,128,,,,,,physicalInteraction7.pcapng
"Nov 28, 2023 17:44:10.111271",,45,,,,,,,,,,physicalInteraction7.pcapng
"Nov 28, 2023 17:44:10.113094",0.001823,5,,,0x0002,129,,,,,,physicalInteraction7.pcapng
"Nov 28, 2023 17:44:10.115756",,45,,,,,,,,,,physicalInteraction7.pcapng
"Nov 28, 2023 17:44:10.121088",,45,,,,,,,,,,physicalInteraction7.pcapng
"Nov 28, 2023 17:44:10.122912",0.001824,5,,,0x0002,130,,,,,,physicalInteraction7.pcapng
"Nov 28, 2023 17:44:10.127761",,45,,,,,,,,,,physicalInteraction7.pcapng
"Nov 28, 2023 17:44:10.129553",0.001792,5,,,0x0002,165,,,,,,physicalInteraction7.pcapng
"Nov 28, 2023 17:44:10.139960",,45,,,,,,,,,,physicalInteraction7.pcapng
"Nov 28, 2023 17:44:10.143777",,45,,,,,,,,,,physicalInteraction7.pcapng
"Nov 28, 2023 17:44:10.145600",0.001823,5,,,0x0002,131,,,,,,physicalInteraction7.pcapng
"Nov 28, 2023 17:44:10.149362",0.003762,45,0x711c,0xb1bf,0x8861,166,,,,,,physicalInteraction7.pcapng
"Nov 28, 2023 17:44:11.123355",0.973993,71,0xb1bf,0xffff,0x8841,180,0xb1bf,0xfffc,0x1209,,,physicalInteraction7.pcapng
"Nov 28, 2023 17:44:11.800569",0.677214,71,0x0000,0xffff,0x8841,132,0x0000,0xfffc,0x1209,,,physicalInteraction7.pcapng
"Nov 28, 2023 17:44:12.463041",,53,,,,,,,,,,physicalInteraction7.pcapng
"Nov 28, 2023 17:44:12.465088",0.002047,5,,,0x0002,107,,,,,,physicalInteraction7.pcapng
"Nov 28, 2023 17:44:12.468767",,53,,,,,,,,,,physicalInteraction7.pcapng
"Nov 28, 2023 17:44:12.470846",0.002079,5,,,0x0002,235,,,,,,physicalInteraction7.pcapng
"Nov 28, 2023 17:44:12.971800",0.500954,12,0x4615,0xe1a6,0x8863,108,,,,,,physicalInteraction7.pcapng
"Nov 28, 2023 17:44:12.972526",0.000726,5,,,0x0002,108,,,,,,physicalInteraction7.pcapng
"Nov 28, 2023 17:44:12.985315",0.012789,71,0x4e11,0xffff,0x8841,147,0x4e11,0xfffc,0x1209,,,physicalInteraction7.pcapng
"Nov 28, 2023 17:44:13.845635",0.860320,59,0x4308,0xffff,0x8841,35,0x4308,0xfffc,0x1209,,,physicalInteraction7.pcapng
"Nov 28, 2023 17:44:14.487280",0.641645,59,0x4308,0xffff,0x8841,37,,,,,,physicalInteraction7.pcapng
"Nov 28, 2023 17:44:16.401946",1.914666,71,0x3d95,0xffff,0x8841,127,0x3d95,0xfffc,0x1209,,,physicalInteraction7.pcapng
"Nov 28, 2023 17:44:16.529460",0.127514,59,0x4308,0xffff,0x8841,38,,,,,,physicalInteraction7.pcapng
"Nov 28, 2023 17:44:16.741365",0.211905,47,0x4308,0xffff,0x8841,39,0x4308,0xfffc,0x1209,,,physicalInteraction7.pcapng
"Nov 28, 2023 17:44:16.854848",0.113483,59,0x4308,0xffff,0x8841,40,,,,,,physicalInteraction7.pcapng
"Nov 28, 2023 17:44:17.045138",,60,,,,,,,,,,physicalInteraction7.pcapng
"Nov 28, 2023 17:44:17.047441",0.002303,5,,,0x0002,181,,,,,,physicalInteraction7.pcapng
"Nov 28, 2023 17:44:17.090466",,50,,,,,,,,,,physicalInteraction7.pcapng
"Nov 28, 2023 17:44:17.092450",0.001984,5,,,0x0002,133,,,,,,physicalInteraction7.pcapng
"Nov 28, 2023 17:44:17.096225",,50,,,,,,,,,,physicalInteraction7.pcapng
"Nov 28, 2023 17:44:17.098168",0.001943,5,,,0x0002,167,,,,,,physicalInteraction7.pcapng
"Nov 28, 2023 17:44:17.103079",,45,,,,,,,,,,physicalInteraction7.pcapng
"Nov 28, 2023 17:44:17.104902",0.001823,5,,,0x0002,182,,,,,,physicalInteraction7.pcapng
"Nov 28, 2023 17:44:17.293174",0.188272,71,0xec7f,0xffff,0x8841,11,0xec7f,0xfffc,0x1209,,,physicalInteraction7.pcapng
"Nov 28, 2023 17:44:17.495928",0.202754,59,0x4308,0xffff,0x8841,42,0x4308,0xfffc,0x1209,,,physicalInteraction7.pcapng
"Nov 28, 2023 17:44:17.550780",0.054852,71,0x711c,0xffff,0x8841,168,0x711c,0xfffc,0x1209,,,physicalInteraction7.pcapng
"Nov 28, 2023 17:44:19.772006",,50,,,,,,,,,,physicalInteraction7.pcapng
"Nov 28, 2023 17:44:19.773989",0.001983,5,,,0x0002,134,,,,,,physicalInteraction7.pcapng
"Nov 28, 2023 17:44:19.783009",0.009020,55,0x711c,0x0000,0x8861,169,0x711c,0x0000,0x1a09,,,physicalInteraction7.pcapng
"Nov 28, 2023 17:44:19.785152",0.002143,5,,,0x0002,169,,,,,,physicalInteraction7.pcapng
"Nov 28, 2023 17:44:19.827938",,53,,,,,,,,,,physicalInteraction7.pcapng
"Nov 28, 2023 17:44:19.830017",0.002079,5,,,0x0002,170,,,,,,physicalInteraction7.pcapng
"Nov 28, 2023 17:44:19.872582",,50,,,,,,,,,,physicalInteraction7.pcapng
"Nov 28, 2023 17:44:19.874566",0.001984,5,,,0x0002,135,,,,,,physicalInteraction7.pcapng
"Nov 28, 2023 17:44:19.880234",0.005668,55,0x711c,0x0000,0x8861,171,,,,,,physicalInteraction7.pcapng
"Nov 28, 2023 17:44:19.882377",0.002143,5,,,0x0002,171,,,,,,physicalInteraction7.pcapng
"Nov 28, 2023 17:44:19.927003",,53,,,,,,,,,,physicalInteraction7.pcapng
"Nov 28, 2023 17:44:19.929081",0.002078,5,,,0x0002,172,,,,,,physicalInteraction7.pcapng
"Nov 28, 2023 17:44:22.903634",2.974553,71,0xe1a6,0xffff,0x8841,236,0xe1a6,0xfffc,0x1209,,,physicalInteraction7.pcapng
"Nov 28, 2023 17:44:24.037302",1.133668,71,0x0112,0xffff,0x8841,164,0x0112,0xfffc,0x1209,,,physicalInteraction7.pcapng
"Nov 28, 2023 17:44:24.897806",0.860504,107,0x1e15,0xffff,0x886b,84,,,,,,physicalInteraction7.pcapng
"Nov 28, 2023 17:44:25.456578",,59,,,,,,,,,,physicalInteraction7.pcapng
"Nov 28, 2023 17:44:25.458849",0.002271,5,,,0x0002,12,,,,,,physicalInteraction7.pcapng
"Nov 28, 2023 17:44:25.473599",,45,,,,,,,,,,physicalInteraction7.pcapng
"Nov 28, 2023 17:44:25.475408",0.001809,5,,,0x0002,136,,,,,,physicalInteraction7.pcapng
"Nov 28, 2023 17:44:25.496911",,49,,,,,,,,,,physicalInteraction7.pcapng
"Nov 28, 2023 17:44:25.498849",0.001938,5,,,0x0002,137,,,,,,physicalInteraction7.pcapng
"Nov 28, 2023 17:44:25.503129",,45,,,,,,,,,,physicalInteraction7.pcapng
"Nov 28, 2023 17:44:25.504952",0.001823,5,,,0x0002,13,,,,,,physicalInteraction7.pcapng
"Nov 28, 2023 17:44:25.530221",0.025269,59,0x4308,0xffff,0x8841,43,,,,,,physicalInteraction7.pcapng
"Nov 28, 2023 17:44:26.061828",0.531607,71,0xb1bf,0xffff,0x8841,183,0xb1bf,0xfffc,0x1209,,,physicalInteraction7.pcapng
"Nov 28, 2023 17:44:26.170849",0.109021,59,0xffef,0xfbff,0x8841,45,,,,,,physicalInteraction7.pcapng
"Nov 28, 2023 17:44:26.271942",0.101093,55,0x711c,0x0000,0x8861,173,0x711c,0x0000,0x1a09,,,physicalInteraction7.pcapng
"Nov 28, 2023 17:44:26.274085",0.002143,5,,,0x0002,173,,,,,,physicalInteraction7.pcapng
"Nov 28, 2023 17:44:26.311559",,52,,,,,,,,,,physicalInteraction7.pcapng
"Nov 28, 2023 17:44:26.313606",0.002047,5,,,0x0002,174,,,,,,physicalInteraction7.pcapng
"Nov 28, 2023 17:44:26.490687",0.177081,59,0x4308,0xffff,0x8841,46,,,,,,physicalInteraction7.pcapng
"Nov 28, 2023 17:44:26.828200",0.337513,71,0x0000,0xffff,0x8841,138,0x0000,0xfffc,0x1209,,,physicalInteraction7.pcapng
"Nov 28, 2023 17:44:27.284600",0.456400,55,0x711c,0x0000,0x8861,175,0x711c,0x0000,0x1a09,,,physicalInteraction7.pcapng
"Nov 28, 2023 17:44:27.286742",0.002142,5,,,0x0002,175,,,,,,physicalInteraction7.pcapng
"Nov 28, 2023 17:44:27.322747",,52,,,,,,,,,,physicalInteraction7.pcapng
"Nov 28, 2023 17:44:27.324794",0.002047,5,,,0x0002,176,,,,,,physicalInteraction7.pcapng
"Nov 28, 2023 17:44:27.936820",0.612026,71,0x4e11,0xffff,0x8841,148,0x4e11,0xfffc,0x1209,,,physicalInteraction7.pcapng
"Nov 28, 2023 17:44:29.169399",1.232579,59,0x4308,0xffff,0x8841,49,0x4308,0xfffc,0x1209,,,physicalInteraction7.pcapng
"Nov 28, 2023 17:44:29.490827",0.321428,59,0x4308,0xffdf,0x8841,50,,,,,,physicalInteraction7.pcapng
"Nov 28, 2023 17:44:31.401172",1.910345,71,0x3d95,0xffff,0x8841,128,0x3d95,0xfffc,0x1209,,,physicalInteraction7.pcapng
"Nov 28, 2023 17:44:32.567502",1.166330,71,0x711c,0xffff,0x8841,177,0x711c,0xfffc,0x1209,,,physicalInteraction7.pcapng
"Nov 28, 2023 17:44:34.096739",1.529237,51,0x4308,0xffff,0x8841,52,,,,,,physicalInteraction7.pcapng
"Nov 28, 2023 17:44:34.215698",0.118959,71,0xec7f,0xffff,0x8841,14,0xec7f,0xfffc,0x1209,,,physicalInteraction7.pcapng
"Nov 28, 2023 17:44:37.832623",3.616925,71,0xe1a6,0xffff,0x8841,237,0xe1a6,0xfffc,0x1209,,,physicalInteraction7.pcapng
"Nov 28, 2023 17:44:37.864808",0.032185,59,0x4308,0xffff,0x8841,54,0x4308,0xfffc,0x1209,,,physicalInteraction7.pcapng
"Nov 28, 2023 17:44:38.506656",0.641848,59,0x4308,0xffff,0x8841,56,,,,,,physicalInteraction7.pcapng
"Nov 28, 2023 17:44:39.035040",0.528384,71,0x0112,0xffff,0x8841,165,0x0112,0xfffc,0x1209,,,physicalInteraction7.pcapng
"Nov 28, 2023 17:44:39.840875",0.805835,65,0x1e15,0xffff,0x8841,85,0x1e15,0xfffc,0x1209,,,physicalInteraction7.pcapng
"Nov 28, 2023 17:44:39.909233",,52,,,,,,,,,,physicalInteraction7.pcapng
"Nov 28, 2023 17:44:39.911250",0.002017,5,,,0x0002,139,,,,,,physicalInteraction7.pcapng
"Nov 28, 2023 17:44:39.918910",,63,,,,,,,,,,physicalInteraction7.pcapng
"Nov 28, 2023 17:44:39.921308",0.002398,5,,,0x0002,238,,,,,,physicalInteraction7.pcapng
"Nov 28, 2023 17:44:39.944476",,52,,,,,,,,,,physicalInteraction7.pcapng
"Nov 28, 2023 17:44:39.946491",0.002015,5,,,0x0002,140,,,,,,physicalInteraction7.pcapng
"Nov 28, 2023 17:44:39.954070",,63,,,,,,,,,,physicalInteraction7.pcapng
"Nov 28, 2023 17:44:39.956469",0.002399,5,,,0x0002,129,,,,,,physicalInteraction7.pcapng
"Nov 28, 2023 17:44:39.959169",,45,,,,,,,,,,physicalInteraction7.pcapng
"Nov 28, 2023 17:44:39.960961",0.001792,5,,,0x0002,141,,,,,,physicalInteraction7.pcapng
"Nov 28, 2023 17:44:39.977341",,54,,,,,,,,,,physicalInteraction7.pcapng
"Nov 28, 2023 17:44:39.979422",0.002081,5,,,0x0002,142,,,,,,physicalInteraction7.pcapng
"Nov 28, 2023 17:44:39.987305",,66,,,,,,,,,,physicalInteraction7.pcapng
"Nov 28, 2023 17:44:39.989800",0.002495,5,,,0x0002,239,,,,,,physicalInteraction7.pcapng
"Nov 28, 2023 17:44:39.994193",,45,,,,,,,,,,physicalInteraction7.pcapng
"Nov 28, 2023 17:44:39.995985",0.001792,5,,,0x0002,143,,,,,,physicalInteraction7.pcapng
"Nov 28, 2023 17:44:40.006532",,63,,,,,,,,,,physicalInteraction7.pcapng
"Nov 28, 2023 17:44:40.008931",0.002399,5,,,0x0002,130,,,,,,physicalInteraction7.pcapng
"Nov 28, 2023 17:44:40.026942",,54,,,,,,,,,,physicalInteraction7.pcapng
"Nov 28, 2023 17:44:40.029022",0.002080,5,,,0x0002,144,,,,,,physicalInteraction7.pcapng
"Nov 28, 2023 17:44:40.036821",,66,,,,,,,,,,physicalInteraction7.pcapng
"Nov 28, 2023 17:44:40.039316",0.002495,5,,,0x0002,131,,,,,,physicalInteraction7.pcapng
"Nov 28, 2023 17:44:40.040782",,45,,,,,,,,,,physicalInteraction7.pcapng
"Nov 28, 2023 17:44:40.042564",0.001782,5,,,0x0002,145,,,,,,physicalInteraction7.pcapng
"Nov 28, 2023 17:44:40.060924",,54,,,,,,,,,,physicalInteraction7.pcapng
"Nov 28, 2023 17:44:40.063035",0.002111,5,,,0x0002,146,,,,,,physicalInteraction7.pcapng
"Nov 28, 2023 17:44:40.065784",,54,,,,,,,,,,physicalInteraction7.pcapng
"Nov 28, 2023 17:44:40.067864",0.002080,5,,,0x0002,178,,,,,,physicalInteraction7.pcapng
"Nov 28, 2023 17:44:40.075096",,66,,,,,,,,,,physicalInteraction7.pcapng
"Nov 28, 2023 17:44:40.080133",,66,,,,,,,,,,physicalInteraction7.pcapng
"Nov 28, 2023 17:44:40.082628",0.002495,5,,,0x0002,184,,,,,,physicalInteraction7.pcapng
"Nov 28, 2023 17:44:40.089168",,52,,,,,,,,,,physicalInteraction7.pcapng
"Nov 28, 2023 17:44:40.091215",0.002047,5,,,0x0002,147,,,,,,physicalInteraction7.pcapng
"Nov 28, 2023 17:44:40.095256",,52,,,,,,,,,,physicalInteraction7.pcapng
"Nov 28, 2023 17:44:40.097263",0.002007,5,,,0x0002,179,,,,,,physicalInteraction7.pcapng
"Nov 28, 2023 17:44:40.103175",,45,,,,,,,,,,physicalInteraction7.pcapng
"Nov 28, 2023 17:44:40.104968",0.001793,5,,,0x0002,148,,,,,,physicalInteraction7.pcapng
"Nov 28, 2023 17:44:40.109496",,63,,,,,,,,,,physicalInteraction7.pcapng
"Nov 28, 2023 17:44:40.111895",0.002399,5,,,0x0002,185,,,,,,physicalInteraction7.pcapng
"Nov 28, 2023 17:44:40.112992",,50,,,,,,,,,,physicalInteraction7.pcapng
"Nov 28, 2023 17:44:40.119414",,63,,,,,,,,,,physicalInteraction7.pcapng
"Nov 28, 2023 17:44:40.121813",0.002399,5,,,0x0002,185,,,,,,physicalInteraction7.pcapng
"Nov 28, 2023 17:44:40.125500",,50,,,,,,,,,,physicalInteraction7.pcapng
"Nov 28, 2023 17:44:40.127453",0.001953,5,,,0x0002,149,,,,,,physicalInteraction7.pcapng
"Nov 28, 2023 17:44:40.131638",0.004185,63,0xb1bf,0x0000,0x8861,186,,,,,,physicalInteraction7.pcapng
"Nov 28, 2023 17:44:40.136193",,45,,,,,,,,,,physicalInteraction7.pcapng
"Nov 28, 2023 17:44:40.140370",0.004177,45,0x711c,0xb1bf,0x8861,180,,,,,,physicalInteraction7.pcapng
"Nov 28, 2023 17:44:40.144123",,45,,,,,,,,,,physicalInteraction7.pcapng
"Nov 28, 2023 17:44:40.147664",0.003541,45,0x711c,0xb1bf,0x8861,180,,,,,,physicalInteraction7.pcapng
"Nov 28, 2023 17:44:40.152056",0.004392,45,0x711c,0xb1bf,0x8861,180,,,,,,physicalInteraction7.pcapng
"Nov 28, 2023 17:44:40.156737",,45,,,,,,,,,,physicalInteraction7.pcapng
"Nov 28, 2023 17:44:40.161937",,45,,,,,,,,,,physicalInteraction7.pcapng
"Nov 28, 2023 17:44:40.167554",,57,,,,,,,,,,physicalInteraction7.pcapng
"Nov 28, 2023 17:44:40.169761",0.002207,5,,,0x0002,133,,,,,,physicalInteraction7.pcapng
"Nov 28, 2023 17:44:40.171501",,45,,,,,,,,,,physicalInteraction7.pcapng
"Nov 28, 2023 17:44:40.173324",0.001823,5,,,0x0002,151,,,,,,physicalInteraction7.pcapng
"Nov 28, 2023 17:44:40.174980",,45,,,,,,,,,,physicalInteraction7.pcapng
"Nov 28, 2023 17:44:40.176706",,63,,,,,,,,,,physicalInteraction7.pcapng
"Nov 28, 2023 17:44:40.179523",,45,,,,,,,,,,physicalInteraction7.pcapng
"Nov 28, 2023 17:44:40.181768",,63,,,,,,,,,,physicalInteraction7.pcapng
"Nov 28, 2023 17:44:40.184167",0.002399,5,,,0x0002,188,,,,,,physicalInteraction7.pcapng
"Nov 28, 2023 17:44:40.187371",,45,,,,,,,,,,physicalInteraction7.pcapng
"Nov 28, 2023 17:44:40.189163",0.001792,5,,,0x0002,181,,,,,,physicalInteraction7.pcapng
"Nov 28, 2023 17:44:40.191420",,45,,,,,,,,,,physicalInteraction7.pcapng
"Nov 28, 2023 17:44:40.193213",0.001793,5,,,0x0002,182,,,,,,physicalInteraction7.pcapng
"Nov 28, 2023 17:44:40.198852",,45,,,,,,,,,,physicalInteraction7.pcapng
"Nov 28, 2023 17:44:40.200675",0.001823,5,,,0x0002,152,,,,,,physicalInteraction7.pcapng
"Nov 28, 2023 17:44:40.204072",,45,,,,,,,,,,physicalInteraction7.pcapng
"Nov 28, 2023 17:44:40.205865",0.001793,5,,,0x0002,183,,,,,,physicalInteraction7.pcapng
"Nov 28, 2023 17:44:40.206847",,45,,,,,,,,,,physicalInteraction7.pcapng
"Nov 28, 2023 17:44:40.208671",0.001824,5,,,0x0002,153,,,,,,physicalInteraction7.pcapng
"Nov 28, 2023 17:44:40.216174",,50,,,,,,,,,,physicalInteraction7.pcapng
"Nov 28, 2023 17:44:40.220074",,50,,,,,,,,,,physicalInteraction7.pcapng
"Nov 28, 2023 17:44:40.222020",0.001946,5,,,0x0002,154,,,,,,physicalInteraction7.pcapng
"Nov 28, 2023 17:44:40.223988",,45,,,,,,,,,,physicalInteraction7.pcapng
"Nov 28, 2023 17:44:40.225811",0.001823,5,,,0x0002,134,,,,,,physicalInteraction7.pcapng
"Nov 28, 2023 17:44:40.231697",,45,,,,,,,,,,physicalInteraction7.pcapng
"Nov 28, 2023 17:44:40.233520",0.001823,5,,,0x0002,135,,,,,,physicalInteraction7.pcapng
"Nov 28, 2023 17:44:40.532983",0.299463,59,0x4308,0xffff,0x8841,59,,,,,,physicalInteraction7.pcapng
"Nov 28, 2023 17:44:40.855285",0.322302,59,0x4308,0xffff,0x8841,58,0x4308,0xfffc,0x1209,,,physicalInteraction7.pcapng
"Nov 28, 2023 17:44:41.165102",0.309817,71,0xb1bf,0xffff,0x8841,189,0xb1bf,0xfffc,0x1209,,,physicalInteraction7.pcapng
"Nov 28, 2023 17:44:41.175491",0.010389,59,,,0x8441,59,,,,,,physicalInteraction7.pcapng
"Nov 28, 2023 17:44:41.495060",0.319569,59,0x4308,0xffff,0x8841,60,0x4308,0xfffc,0x1209,,,physicalInteraction7.pcapng
"Nov 28, 2023 17:44:41.660474",,50,,,,,,,,,,physicalInteraction7.pcapng
"Nov 28, 2023 17:44:41.662426",0.001952,5,,,0x0002,155,,,,,,physicalInteraction7.pcapng
"Nov 28, 2023 17:44:41.667806",,45,,,,,,,,,,physicalInteraction7.pcapng
"Nov 28, 2023 17:44:41.669629",0.001823,5,,,0x0002,136,,,,,,physicalInteraction7.pcapng
"Nov 28, 2023 17:44:41.823124",0.153495,71,0x0000,0xffff,0x8841,156,0x0000,0xfffc,0x1209,,,physicalInteraction7.pcapng
"Nov 28, 2023 17:44:42.561559",,53,,,,,,,,,,physicalInteraction7.pcapng
"Nov 28, 2023 17:44:42.563606",0.002047,5,,,0x0002,109,,,,,,physicalInteraction7.pcapng
"Nov 28, 2023 17:44:42.567475",,53,,,,,,,,,,physicalInteraction7.pcapng
"Nov 28, 2023 17:44:42.569554",0.002079,5,,,0x0002,240,,,,,,physicalInteraction7.pcapng
"Nov 28, 2023 17:44:43.067864",0.498310,12,0x4615,0xe1a6,0x8863,110,,,,,,physicalInteraction7.pcapng
"Nov 28, 2023 17:44:43.068602",0.000738,5,,,0x0002,110,,,,,,physicalInteraction7.pcapng
"Nov 28, 2023 17:44:44.920267",1.851665,71,0x4e11,0xffff,0x8841,149,0x4e11,0xfffc,0x1209,,,physicalInteraction7.pcapng
"Nov 28, 2023 17:44:46.433117",1.512850,71,0x3d95,0xffff,0x8841,137,0x3d95,0xfffc,0x1209,,,physicalInteraction7.pcapng
"Nov 28, 2023 17:44:46.810929",0.377812,47,0x4308,0xffff,0x8841,61,,,,,,physicalInteraction7.pcapng
"Nov 28, 2023 17:44:49.479791",2.668862,71,0x711c,0xffff,0x8841,184,0x711c,0xfffc,0x1209,,,physicalInteraction7.pcapng
"Nov 28, 2023 17:44:49.534019",0.054228,59,0x42b8,0xffff,0x8841,62,,,,,,physicalInteraction7.pcapng
"Nov 28, 2023 17:44:49.580635",,54,,,,,,,,,,physicalInteraction7.pcapng
"Nov 28, 2023 17:44:49.582746",0.002111,5,,,0x0002,100,,,,,,physicalInteraction7.pcapng
"Nov 28, 2023 17:44:50.172302",0.589556,59,0x4308,0xffff,0x8841,64,0x4308,0xfffc,0x1209,,,physicalInteraction7.pcapng
"Nov 28, 2023 17:44:51.869500",1.697198,71,0xec7f,0xffff,0x8841,15,0xec7f,0xfffc,0x1209,,,physicalInteraction7.pcapng
"Nov 28, 2023 17:44:52.535609",0.666109,59,0x4308,0xffff,0x8841,66,,,,,,physicalInteraction7.pcapng
"Nov 28, 2023 17:44:52.592506",,53,,,,,,,,,,physicalInteraction7.pcapng
"Nov 28, 2023 17:44:52.594553",0.002047,5,,,0x0002,111,,,,,,physicalInteraction7.pcapng
"Nov 28, 2023 17:44:52.598400",,53,,,,,,,,,,physicalInteraction7.pcapng
"Nov 28, 2023 17:44:52.600479",0.002079,5,,,0x0002,241,,,,,,physicalInteraction7.pcapng
"Nov 28, 2023 17:44:52.828873",0.228394,71,0xe1a6,0xffff,0x8841,242,0xe1a6,0xfffc,0x1209,,,physicalInteraction7.pcapng
"Nov 28, 2023 17:44:53.100870",0.271997,12,0x4615,0xe1a6,0x8863,112,,,,,,physicalInteraction7.pcapng
"Nov 28, 2023 17:44:53.101607",0.000737,5,,,0x0002,112,,,,,,physicalInteraction7.pcapng
"Nov 28, 2023 17:44:53.500869",0.399262,59,0x4308,0xffff,0x8841,69,,,,,,physicalInteraction7.pcapng
"Nov 28, 2023 17:44:54.041418",0.540549,71,0x0112,0xffff,0x8841,166,0x0112,0xfffc,0x1209,,,physicalInteraction7.pcapng
"Nov 28, 2023 17:44:54.873790",0.832372,65,0x1e15,0xffff,0x8841,86,0x1e15,0xfffc,0x1209,,,physicalInteraction7.pcapng
"Nov 28, 2023 17:44:56.114387",1.240597,71,0xb1bf,0xffff,0x8841,190,0xb1bf,0xfffc,0x1209,,,physicalInteraction7.pcapng
"Nov 28, 2023 17:44:56.550150",0.435763,71,0x0000,0xffff,0x8841,157,0x0000,0xfffc,0x1209,,,physicalInteraction7.pcapng
"Nov 28, 2023 17:45:00.781106",4.230956,71,0x4e11,0xffff,0x8841,150,0x4e11,0xfffc,0x1209,,,physicalInteraction7.pcapng
"Nov 28, 2023 17:45:01.407735",0.626629,71,0x3d95,0xffff,0x8841,138,0x3d95,0xfffc,0x1209,,,physicalInteraction7.pcapng
"Nov 28, 2023 17:45:02.178548",0.770813,59,0x4308,0xffff,0x8841,73,0x4308,0xfffc,0x1209,,,physicalInteraction7.pcapng
"Nov 28, 2023 17:45:04.538164",2.359616,59,0x4308,0xffff,0x8841,75,,,,,,physicalInteraction7.pcapng
"Nov 28, 2023 17:45:05.176923",0.638759,59,0x4308,0xffff,0x8841,77,0x4308,0xfffc,0x1209,,,physicalInteraction7.pcapng
"Nov 28, 2023 17:45:07.145889",1.968966,71,0x711c,0xffff,0x8841,185,0x711c,0xfffc,0x1209,,,physicalInteraction7.pcapng
"Nov 28, 2023 17:45:07.810418",0.664529,71,0xe1a6,0xffff,0x8841,243,0xe1a6,0xfffc,0x1209,,,physicalInteraction7.pcapng
"Nov 28, 2023 17:45:08.341939",0.531521,71,0xec7f,0xffff,0x8841,16,0xec7f,0xfffc,0x1209,,,physicalInteraction7.pcapng
"Nov 28, 2023 17:45:09.045874",0.703935,68,0x0112,0xffff,0x8841,167,0x0112,0xfffc,0x1209,,,physicalInteraction7.pcapng
"Nov 28, 2023 17:45:09.829818",0.783944,65,0x1e15,0xffff,0x8841,87,0x1e15,0xfffc,0x1209,,,physicalInteraction7.pcapng
"Nov 28, 2023 17:45:09.913833",,52,,,,,,,,,,physicalInteraction7.pcapng
"Nov 28, 2023 17:45:09.915850",0.002017,5,,,0x0002,158,,,,,,physicalInteraction7.pcapng
"Nov 28, 2023 17:45:09.923893",,63,,,,,,,,,,physicalInteraction7.pcapng
"Nov 28, 2023 17:45:09.926292",0.002399,5,,,0x0002,244,,,,,,physicalInteraction7.pcapng
"Nov 28, 2023 17:45:09.946197",,52,,,,,,,,,,physicalInteraction7.pcapng
"Nov 28, 2023 17:45:09.948215",0.002018,5,,,0x0002,159,,,,,,physicalInteraction7.pcapng
"Nov 28, 2023 17:45:09.956054",,63,,,,,,,,,,physicalInteraction7.pcapng
"Nov 28, 2023 17:45:09.958453",0.002399,5,,,0x0002,139,,,,,,physicalInteraction7.pcapng
"Nov 28, 2023 17:45:09.960886",,45,,,,,,,,,,physicalInteraction7.pcapng
"Nov 28, 2023 17:45:09.966290",,63,,,,,,,,,,physicalInteraction7.pcapng
"Nov 28, 2023 17:45:09.968689",0.002399,5,,,0x0002,139,,,,,,physicalInteraction7.pcapng
"Nov 28, 2023 17:45:09.971330",,63,,,,,,,,,,physicalInteraction7.pcapng
"Nov 28, 2023 17:45:09.973729",0.002399,5,,,0x0002,139,,,,,,physicalInteraction7.pcapng
"Nov 28, 2023 17:45:09.981464",,45,,,,,,,,,,physicalInteraction7.pcapng
"Nov 28, 2023 17:45:09.983254",0.001790,5,,,0x0002,160,,,,,,physicalInteraction7.pcapng
"Nov 28, 2023 17:45:09.989288",,54,,,,,,,,,,physicalInteraction7.pcapng
"Nov 28, 2023 17:45:09.991370",0.002082,5,,,0x0002,161,,,,,,physicalInteraction7.pcapng
"Nov 28, 2023 17:45:09.999476",,66,,,,,,,,,,physicalInteraction7.pcapng
"Nov 28, 2023 17:45:10.001971",0.002495,5,,,0x0002,245,,,,,,physicalInteraction7.pcapng
"Nov 28, 2023 17:45:10.017106",,45,,,,,,,,,,physicalInteraction7.pcapng
"Nov 28, 2023 17:45:10.018889",0.001783,5,,,0x0002,162,,,,,,physicalInteraction7.pcapng
"Nov 28, 2023 17:45:10.028256",,54,,,,,,,,,,physicalInteraction7.pcapng
"Nov 28, 2023 17:45:10.030336",0.002080,5,,,0x0002,163,,,,,,physicalInteraction7.pcapng
"Nov 28, 2023 17:45:10.038152",,66,,,,,,,,,,physicalInteraction7.pcapng
"Nov 28, 2023 17:45:10.040647",0.002495,5,,,0x0002,140,,,,,,physicalInteraction7.pcapng
"Nov 28, 2023 17:45:10.041442",,54,,,,,,,,,,physicalInteraction7.pcapng
"Nov 28, 2023 17:45:10.043554",0.002112,5,,,0x0002,164,,,,,,physicalInteraction7.pcapng
"Nov 28, 2023 17:45:10.047842",,54,,,,,,,,,,physicalInteraction7.pcapng
"Nov 28, 2023 17:45:10.049911",0.002069,5,,,0x0002,186,,,,,,physicalInteraction7.pcapng
"Nov 28, 2023 17:45:10.057158",,66,,,,,,,,,,physicalInteraction7.pcapng
"Nov 28, 2023 17:45:10.059653",0.002495,5,,,0x0002,191,,,,,,physicalInteraction7.pcapng
"Nov 28, 2023 17:45:10.064615",,45,,,,,,,,,,physicalInteraction7.pcapng
"Nov 28, 2023 17:45:10.066406",0.001791,5,,,0x0002,165,,,,,,physicalInteraction7.pcapng
"Nov 28, 2023 17:45:10.075499",,52,,,,,,,,,,physicalInteraction7.pcapng
"Nov 28, 2023 17:45:10.077546",0.002047,5,,,0x0002,166,,,,,,physicalInteraction7.pcapng
"Nov 28, 2023 17:45:10.085457",,52,,,,,,,,,,physicalInteraction7.pcapng
"Nov 28, 2023 17:45:10.087473",0.002016,5,,,0x0002,187,,,,,,physicalInteraction7.pcapng
"Nov 28, 2023 17:45:10.091530",,45,,,,,,,,,,physicalInteraction7.pcapng
"Nov 28, 2023 17:45:10.093322",0.001792,5,,,0x0002,167,,,,,,physicalInteraction7.pcapng
"Nov 28, 2023 17:45:10.094703",,63,,,,,,,,,,physicalInteraction7.pcapng
"Nov 28, 2023 17:45:10.097102",0.002399,5,,,0x0002,192,,,,,,physicalInteraction7.pcapng
"Nov 28, 2023 17:45:10.102040",,45,,,,,,,,,,physicalInteraction7.pcapng
"Nov 28, 2023 17:45:10.103863",0.001823,5,,,0x0002,168,,,,,,physicalInteraction7.pcapng
"Nov 28, 2023 17:45:10.106915",,45,,,,,,,,,,physicalInteraction7.pcapng
"Nov 28, 2023 17:45:10.108708",0.001793,5,,,0x0002,188,,,,,,physicalInteraction7.pcapng
"Nov 28, 2023 17:45:10.111979",,45,,,,,,,,,,physicalInteraction7.pcapng
"Nov 28, 2023 17:45:10.113802",0.001823,5,,,0x0002,169,,,,,,physicalInteraction7.pcapng
"Nov 28, 2023 17:45:10.117459",,45,,,,,,,,,,physicalInteraction7.pcapng
"Nov 28, 2023 17:45:10.119251",0.001792,5,,,0x0002,189,,,,,,physicalInteraction7.pcapng
"Nov 28, 2023 17:45:11.155544",1.036293,71,0xb1bf,0xffff,0x8841,193,0xb1bf,0xfffc,0x1209,,,physicalInteraction7.pcapng
"Nov 28, 2023 17:45:12.644597",,53,,,,,,,,,,physicalInteraction7.pcapng
"Nov 28, 2023 17:45:12.646646",0.002049,5,,,0x0002,113,,,,,,physicalInteraction7.pcapng
"Nov 28, 2023 17:45:12.650389",,53,,,,,,,,,,physicalInteraction7.pcapng
"Nov 28, 2023 17:45:12.652468",0.002079,5,,,0x0002,246,,,,,,physicalInteraction7.pcapng
"Nov 28, 2023 17:45:13.152921",0.500453,12,0x4615,0xe1a6,0x8863,114,,,,,,physicalInteraction7.pcapng
"Nov 28, 2023 17:45:13.156330",0.003409,12,0x4615,0xe1a6,0x8863,114,,,,,,physicalInteraction7.pcapng
"Nov 28, 2023 17:45:13.157066",0.000736,5,,,0x0002,114,,,,,,physicalInteraction7.pcapng
"Nov 28, 2023 17:45:13.768427",0.611361,71,0x0000,0xffff,0x8841,170,0x0000,0xfffc,0x1209,,,physicalInteraction7.pcapng
"Nov 28, 2023 17:45:13.863529",0.095102,59,0x4308,0xffff,0x8841,80,0x4308,0xfffc,0x1209,,,physicalInteraction7.pcapng
"Nov 28, 2023 17:45:14.183049",0.319520,59,0x4308,0xffff,0x8841,81,,,,,,physicalInteraction7.pcapng
"Nov 28, 2023 17:45:14.336672",0.153623,57,0x4308,0xffff,0x8841,82,,,,,,physicalInteraction7.pcapng
"Nov 28, 2023 17:45:14.505148",0.168476,59,0x4308,0xffff,0x8841,83,0x4308,0xfffc,0x1209,,,physicalInteraction7.pcapng
"Nov 28, 2023 17:45:14.984205",0.479057,57,0x4308,0xffff,0x8841,84,0x4308,0xfffd,0x0208,,,physicalInteraction7.pcapng
"Nov 28, 2023 17:45:15.646584",0.662379,71,0x4e11,0xffff,0x8841,151,0x4e11,0xfffc,0x1209,,,physicalInteraction7.pcapng
"Nov 28, 2023 17:45:16.178388",,57,,,,,,,,,,physicalInteraction7.pcapng
"Nov 28, 2023 17:45:16.180595",0.002207,5,,,0x0002,247,,,,,,physicalInteraction7.pcapng
"Nov 28, 2023 17:45:16.221541",,50,,,,,,,,,,physicalInteraction7.pcapng
"Nov 28, 2023 17:45:16.223483",0.001942,5,,,0x0002,171,,,,,,physicalInteraction7.pcapng
"Nov 28, 2023 17:45:16.228542",,45,,,,,,,,,,physicalInteraction7.pcapng
"Nov 28, 2023 17:45:16.230365",0.001823,5,,,0x0002,248,,,,,,physicalInteraction7.pcapng
"Nov 28, 2023 17:45:16.242699",,63,,,,,,,,,,physicalInteraction7.pcapng
"Nov 28, 2023 17:45:16.245098",0.002399,5,,,0x0002,249,,,,,,physicalInteraction7.pcapng
"Nov 28, 2023 17:45:16.291235",,50,,,,,,,,,,physicalInteraction7.pcapng
"Nov 28, 2023 17:45:16.293177",0.001942,5,,,0x0002,172,,,,,,physicalInteraction7.pcapng
"Nov 28, 2023 17:45:16.298452",,45,,,,,,,,,,physicalInteraction7.pcapng
"Nov 28, 2023 17:45:16.300275",0.001823,5,,,0x0002,250,,,,,,physicalInteraction7.pcapng
"Nov 28, 2023 17:45:16.378538",0.078263,71,0x3d95,0xffff,0x8841,141,0x3d95,0xfffc,0x1209,,,physicalInteraction7.pcapng
"Nov 28, 2023 17:45:16.497214",,54,,,,,,,,,,physicalInteraction7.pcapng
"Nov 28, 2023 17:45:16.499325",0.002111,5,,,0x0002,186,,,,,,physicalInteraction7.pcapng
"Nov 28, 2023 17:45:16.502136",0.002811,57,0x711c,0x0000,0x8861,190,0xd0bb,0x0000,0x1a09,,,physicalInteraction7.pcapng
"Nov 28, 2023 17:45:16.504343",0.002207,5,,,0x0002,190,,,,,,physicalInteraction7.pcapng
"Nov 28, 2023 17:45:16.539871",0.035528,59,0x4308,0xffff,0x8841,85,0x4308,0xfffc,0x1209,,,physicalInteraction7.pcapng
"Nov 28, 2023 17:45:16.550285",,54,,,,,,,,,,physicalInteraction7.pcapng
"Nov 28, 2023 17:45:16.552395",0.002110,5,,,0x0002,191,,,,,,physicalInteraction7.pcapng
"Nov 28, 2023 17:45:16.863134",0.310739,59,0x4308,0xffff,0x8841,86,,,,,,physicalInteraction7.pcapng
"Nov 28, 2023 17:45:17.184043",0.320909,59,0x4308,0xffff,0x8841,88,0x4308,0xfffc,0x1209,,,physicalInteraction7.pcapng
"Nov 28, 2023 17:45:17.502985",0.318942,59,0x4308,0xffff,0x8841,89,,,,,,physicalInteraction7.pcapng
"Nov 28, 2023 17:45:22.675215",,53,,,,,,,,,,physicalInteraction7.pcapng
"Nov 28, 2023 17:45:22.684964",,53,,,,,,,,,,physicalInteraction7.pcapng
"Nov 28, 2023 17:45:22.687012",0.002048,5,,,0x0002,115,,,,,,physicalInteraction7.pcapng
"Nov 28, 2023 17:45:22.690815",,53,,,,,,,,,,physicalInteraction7.pcapng
"Nov 28, 2023 17:45:22.692894",0.002079,5,,,0x0002,251,,,,,,physicalInteraction7.pcapng
"Nov 28, 2023 17:45:22.695523",,53,,,,,,,,,,physicalInteraction7.pcapng
"Nov 28, 2023 17:45:22.697602",0.002079,5,,,0x0002,251,,,,,,physicalInteraction7.pcapng
"Nov 28, 2023 17:45:22.880915",0.183313,71,0xe1a6,0xffff,0x8841,252,0xe1a6,0xfffc,0x1209,,,physicalInteraction7.pcapng
"Nov 28, 2023 17:45:23.161914",0.280999,71,0x711c,0xffff,0x8841,192,0x711c,0xfffc,0x1209,,,physicalInteraction7.pcapng
"Nov 28, 2023 17:45:23.190961",0.029047,12,0x4615,0xe1a6,0x8863,116,,,,,,physicalInteraction7.pcapng
"Nov 28, 2023 17:45:23.191686",0.000725,5,,,0x0002,116,,,,,,physicalInteraction7.pcapng
"Nov 28, 2023 17:45:24.030480",0.838794,68,0x0112,0xffff,0x8841,168,0x0112,0xfffc,0x1209,,,physicalInteraction7.pcapng
"Nov 28, 2023 17:45:24.444481",0.414001,71,0xec7f,0xffff,0x8841,17,0xec7f,0xfffc,0x1209,,,physicalInteraction7.pcapng
"Nov 28, 2023 17:45:24.954657",0.510176,107,0x1e15,0xffff,0x886b,88,,,,,,physicalInteraction7.pcapng
"Nov 28, 2023 17:45:25.990303",,54,,,,,,,,,,physicalInteraction7.pcapng
"Nov 28, 2023 17:45:25.992414",0.002111,5,,,0x0002,39,,,,,,physicalInteraction7.pcapng
"Nov 28, 2023 17:45:26.499016",0.506602,12,0x946e,0x0000,0x8863,40,,,,,,physicalInteraction7.pcapng
"Nov 28, 2023 17:45:26.499783",0.000767,5,,,0x0002,40,,,,,,physicalInteraction7.pcapng
"Nov 28, 2023 17:45:26.509131",0.009348,59,0x4308,0xffff,0x8841,93,,,,,,physicalInteraction7.pcapng
"Nov 28, 2023 17:45:28.858542",2.349411,59,0x4308,0xffef,0x8841,95,,,,,,physicalInteraction7.pcapng
"Nov 28, 2023 17:45:29.300892",0.442350,71,0x0000,0xffff,0x8841,173,0x0000,0xfffc,0x1209,,,physicalInteraction7.pcapng
"Nov 28, 2023 17:45:29.497920",0.197028,59,0x4308,0xffff,0x8841,1,,,,,,physicalInteraction7.pcapng
"Nov 28, 2023 17:45:30.721756",,60,,,,,,,,,,physicalInteraction7.pcapng
"Nov 28, 2023 17:45:30.724059",0.002303,5,,,0x0002,142,,,,,,physicalInteraction7.pcapng
"Nov 28, 2023 17:45:30.770693",,50,,,,,,,,,,physicalInteraction7.pcapng
"Nov 28, 2023 17:45:30.772644",0.001951,5,,,0x0002,174,,,,,,physicalInteraction7.pcapng
"Nov 28, 2023 17:45:30.777847",,45,,,,,,,,,,physicalInteraction7.pcapng
"Nov 28, 2023 17:45:30.779669",0.001822,5,,,0x0002,143,,,,,,physicalInteraction7.pcapng
"Nov 28, 2023 17:45:30.790385",0.010716,71,0x4e11,0xffff,0x8841,152,0x4e11,0xfffc,0x1209,,,physicalInteraction7.pcapng
"Nov 28, 2023 17:45:31.448965",0.658580,71,0x3d95,0xffff,0x8841,144,0x3d95,0xfffc,0x1209,,,physicalInteraction7.pcapng
"Nov 28, 2023 17:45:32.014393",0.565428,47,0x4308,0xffff,0x8841,98,0x4308,0xfffc,0x1209,,,physicalInteraction7.pcapng
"Nov 28, 2023 17:45:36.057946",,53,,,,,,,,,,physicalInteraction7.pcapng
"Nov 28, 2023 17:45:36.060024",0.002078,5,,,0x0002,195,,,,,,physicalInteraction7.pcapng
"Nov 28, 2023 17:45:36.073175",,45,,,,,,,,,,physicalInteraction7.pcapng
"Nov 28, 2023 17:45:36.074998",0.001823,5,,,0x0002,175,,,,,,physicalInteraction7.pcapng
"Nov 28, 2023 17:45:36.079066",,45,,,,,,,,,,physicalInteraction7.pcapng
"Nov 28, 2023 17:45:36.080858",0.001792,5,,,0x0002,193,,,,,,physicalInteraction7.pcapng
"Nov 28, 2023 17:45:37.543116",1.462258,59,0x4308,0xffff,0x8841,99,,,,,,physicalInteraction7.pcapng
"Nov 28, 2023 17:45:37.808822",0.265706,71,0x711c,0xffff,0x8841,194,0x711c,0xfffc,0x1209,,,physicalInteraction7.pcapng
"Nov 28, 2023 17:45:37.871377",0.062555,71,0xe1a6,0xffff,0x8841,253,0xe1a6,0xfffc,0x1209,,,physicalInteraction7.pcapng
"Nov 28, 2023 17:45:37.874790",0.003413,59,0x4308,0xffff,0x8841,100,,,,,,physicalInteraction7.pcapng
"Nov 28, 2023 17:45:38.194284",0.319494,59,0x4208,0xdfff,0x8844,101,,,,,,physicalInteraction7.pcapng
"Nov 28, 2023 17:45:38.514102",0.319818,59,0x4308,0xffff,0x8841,102,,,,,,physicalInteraction7.pcapng
"Nov 28, 2023 17:45:38.870016",0.355914,71,0xec7f,0xffff,0x8841,18,0xec7f,0xfffc,0x1209,,,physicalInteraction7.pcapng
"Nov 28, 2023 17:45:39.042300",0.172284,71,0x0112,0xffff,0x8841,169,0x0112,0xfffc,0x1209,,,physicalInteraction7.pcapng
"Nov 28, 2023 17:45:39.862574",0.820274,65,0x1e15,0xffff,0x8841,89,0x1e15,0xfffc,0x1209,,,physicalInteraction7.pcapng
"Nov 28, 2023 17:45:39.917352",,52,,,,,,,,,,physicalInteraction7.pcapng
"Nov 28, 2023 17:45:39.919368",0.002016,5,,,0x0002,176,,,,,,physicalInteraction7.pcapng
"Nov 28, 2023 17:45:39.926977",,63,,,,,,,,,,physicalInteraction7.pcapng
"Nov 28, 2023 17:45:39.929376",0.002399,5,,,0x0002,254,,,,,,physicalInteraction7.pcapng
"Nov 28, 2023 17:45:39.952588",,52,,,,,,,,,,physicalInteraction7.pcapng
"Nov 28, 2023 17:45:39.954606",0.002018,5,,,0x0002,177,,,,,,physicalInteraction7.pcapng
"Nov 28, 2023 17:45:39.967409",0.012803,63,0x3d95,0x0000,0x8861,145,,,,,,physicalInteraction7.pcapng
"Nov 28, 2023 17:45:39.972433",0.005024,107,0x7a95,0x0000,0x886b,145,,,,,,physicalInteraction7.pcapng
"Nov 28, 2023 17:45:39.984614",,45,,,,,,,,,,physicalInteraction7.pcapng
"Nov 28, 2023 17:45:39.990104",,63,,,,,,,,,,physicalInteraction7.pcapng
"Nov 28, 2023 17:45:39.992502",0.002398,5,,,0x0002,146,,,,,,physicalInteraction7.pcapng
"Nov 28, 2023 17:45:39.992953",,45,,,,,,,,,,physicalInteraction7.pcapng
"Nov 28, 2023 17:45:39.994747",0.001794,5,,,0x0002,178,,,,,,physicalInteraction7.pcapng
"Nov 28, 2023 17:45:39.998701",,63,,,,,,,,,,physicalInteraction7.pcapng
"Nov 28, 2023 17:45:40.001100",0.002399,5,,,0x0002,146,,,,,,physicalInteraction7.pcapng
"Nov 28, 2023 17:45:40.014932",,54,,,,,,,,,,physicalInteraction7.pcapng
"Nov 28, 2023 17:45:40.017013",0.002081,5,,,0x0002,179,,,,,,physicalInteraction7.pcapng
"Nov 28, 2023 17:45:40.024796",,66,,,,,,,,,,physicalInteraction7.pcapng
"Nov 28, 2023 17:45:40.027291",0.002495,5,,,0x0002,255,,,,,,physicalInteraction7.pcapng
"Nov 28, 2023 17:45:40.030357",,54,,,,,,,,,,physicalInteraction7.pcapng
"Nov 28, 2023 17:45:40.032439",0.002082,5,,,0x0002,180,,,,,,physicalInteraction7.pcapng
"Nov 28, 2023 17:45:40.040378",,66,,,,,,,,,,physicalInteraction7.pcapng
"Nov 28, 2023 17:45:40.045585",,66,,,,,,,,,,physicalInteraction7.pcapng
"Nov 28, 2023 17:45:40.048080",0.002495,5,,,0x0002,147,,,,,,physicalInteraction7.pcapng
"Nov 28, 2023 17:45:40.049180",,54,,,,,,,,,,physicalInteraction7.pcapng
"Nov 28, 2023 17:45:40.051291",0.002111,5,,,0x0002,181,,,,,,physicalInteraction7.pcapng
"Nov 28, 2023 17:45:40.055745",0.004454,54,0x711c,0xb1bf,0x8861,195,,,,,,physicalInteraction7.pcapng
"Nov 28, 2023 17:45:40.060279",,54,,,,,,,,,,physicalInteraction7.pcapng
"Nov 28, 2023 17:45:40.062348",0.002069,5,,,0x0002,195,,,,,,physicalInteraction7.pcapng
"Nov 28, 2023 17:45:40.069698",,45,,,,,,,,,,physicalInteraction7.pcapng
"Nov 28, 2023 17:45:40.071490",0.001792,5,,,0x0002,182,,,,,,physicalInteraction7.pcapng
"Nov 28, 2023 17:45:40.074644",,66,,,,,,,,,,physicalInteraction7.pcapng
"Nov 28, 2023 17:45:40.077138",0.002494,5,,,0x0002,196,,,,,,physicalInteraction7.pcapng
"Nov 28, 2023 17:45:40.081438",,52,,,,,,,,,,physicalInteraction7.pcapng
"Nov 28, 2023 17:45:40.083485",0.002047,5,,,0x0002,183,,,,,,physicalInteraction7.pcapng
"Nov 28, 2023 17:45:40.088104",0.004619,52,0x711c,0xb1bf,0x8861,196,,,,,,physicalInteraction7.pcapng
"Nov 28, 2023 17:45:40.090120",0.002016,5,,,0x0002,196,,,,,,physicalInteraction7.pcapng
"Nov 28, 2023 17:45:40.098176",,45,,,,,,,,,,physicalInteraction7.pcapng
"Nov 28, 2023 17:45:40.099967",0.001791,5,,,0x0002,184,,,,,,physicalInteraction7.pcapng
"Nov 28, 2023 17:45:40.103094",,63,,,,,,,,,,physicalInteraction7.pcapng
"Nov 28, 2023 17:45:40.105493",0.002399,5,,,0x0002,197,,,,,,physicalInteraction7.pcapng
"Nov 28, 2023 17:45:40.109045",,45,,,,,,,,,,physicalInteraction7.pcapng
"Nov 28, 2023 17:45:40.110839",0.001794,5,,,0x0002,185,,,,,,physicalInteraction7.pcapng
"Nov 28, 2023 17:45:40.121744",,45,,,,,,,,,,physicalInteraction7.pcapng
"Nov 28, 2023 17:45:40.123567",0.001823,5,,,0x0002,186,,,,,,physicalInteraction7.pcapng
"Nov 28, 2023 17:45:40.127865",,45,,,,,,,,,,physicalInteraction7.pcapng
"Nov 28, 2023 17:45:40.129657",0.001792,5,,,0x0002,197,,,,,,physicalInteraction7.pcapng
"Nov 28, 2023 17:45:40.131006",,45,,,,,,,,,,physicalInteraction7.pcapng
"Nov 28, 2023 17:45:40.132829",0.001823,5,,,0x0002,187,,,,,,physicalInteraction7.pcapng
"Nov 28, 2023 17:45:40.136267",,45,,,,,,,,,,physicalInteraction7.pcapng
"Nov 28, 2023 17:45:40.138058",0.001791,5,,,0x0002,198,,,,,,physicalInteraction7.pcapng
"Nov 28, 2023 17:45:41.171053",1.032995,71,0xb1bf,0xffff,0x8841,198,0xb1bf,0xfffc,0x1209,,,physicalInteraction7.pcapng
"Nov 28, 2023 17:45:41.184246",0.013193,59,0x4308,0xffff,0x8841,105,,,,,,physicalInteraction7.pcapng
"Nov 28, 2023 17:45:41.501849",0.317603,59,0x4308,0xffff,0x8841,106,,,,,,physicalInteraction7.pcapng
"Nov 28, 2023 17:45:42.744425",,53,,,,,,,,,,physicalInteraction7.pcapng
"Nov 28, 2023 17:45:42.746464",0.002039,5,,,0x0002,117,,,,,,physicalInteraction7.pcapng
"Nov 28, 2023 17:45:42.750213",,53,,,,,,,,,,physicalInteraction7.pcapng
"Nov 28, 2023 17:45:42.752292",0.002079,5,,,0x0002,0,,,,,,physicalInteraction7.pcapng
"Nov 28, 2023 17:45:43.251231",0.498939,12,0x4615,0xe1a6,0x8863,118,,,,,,physicalInteraction7.pcapng
"Nov 28, 2023 17:45:43.251968",0.000737,5,,,0x0002,118,,,,,,physicalInteraction7.pcapng
"Nov 28, 2023 17:45:44.344417",1.092449,71,0x0000,0xffff,0x8841,188,0x0000,0xfffc,0x1209,,,physicalInteraction7.pcapng
"Nov 28, 2023 17:45:46.435415",2.090998,71,0x3d95,0xffff,0x8841,148,0x3d95,0xfffc,0x1209,,,physicalInteraction7.pcapng
"Nov 28, 2023 17:45:48.010097",1.574682,108,0x4e11,0xffff,0x886c,153,,,,,,physicalInteraction7.pcapng
"Nov 28, 2023 17:45:50.190098",2.180001,59,0x4308,0xffff,0x8841,110,,,,,,physicalInteraction7.pcapng
"Nov 28, 2023 17:45:50.508381",0.318283,59,0x4308,0xffff,0x8841,111,,,,,,physicalInteraction7.pcapng
"Nov 28, 2023 17:45:51.971633",1.463252,71,0x711c,0xffff,0x8841,199,0x711c,0xfffc,0x1209,,,physicalInteraction7.pcapng
"Nov 28, 2023 17:45:52.546644",0.575011,59,0x4308,0xffff,0x8841,112,,,,,,physicalInteraction7.pcapng
"Nov 28, 2023 17:45:52.777110",,53,,,,,,,,,,physicalInteraction7.pcapng
"Nov 28, 2023 17:45:52.779157",0.002047,5,,,0x0002,119,,,,,,physicalInteraction7.pcapng
"Nov 28, 2023 17:45:52.783030",,53,,,,,,,,,,physicalInteraction7.pcapng
"Nov 28, 2023 17:45:52.785109",0.002079,5,,,0x0002,1,,,,,,physicalInteraction7.pcapng
"Nov 28, 2023 17:45:52.853356",0.068247,71,0xe1a6,0xffff,0x8841,2,0xe1a6,0xfffc,0x1209,,,physicalInteraction7.pcapng
"Nov 28, 2023 17:45:53.187165",0.333809,59,0xa318,0xffff,0x8841,114,,,,,,physicalInteraction7.pcapng
"Nov 28, 2023 17:45:53.283176",0.096011,12,0x4615,0xe1a6,0x8863,120,,,,,,physicalInteraction7.pcapng
"Nov 28, 2023 17:45:53.283912",0.000736,5,,,0x0002,120,,,,,,physicalInteraction7.pcapng
"Nov 28, 2023 17:45:53.507663",0.223751,59,0x4308,0xffff,0x8841,115,,,,,,physicalInteraction7.pcapng
"Nov 28, 2023 17:45:54.032357",0.524694,71,0x0112,0xffff,0x8841,170,0x0112,0xfffc,0x1209,,,physicalInteraction7.pcapng
"Nov 28, 2023 17:45:54.891006",0.858649,71,0xec7f,0xffff,0x8841,19,0xec7f,0xfffc,0x1209,,,physicalInteraction7.pcapng
"Nov 28, 2023 17:45:54.904264",0.013258,65,0x1e15,0xffff,0x8841,90,0x1e15,0xfffc,0x1209,,,physicalInteraction7.pcapng
"Nov 28, 2023 17:45:56.092121",1.187857,71,0xb1bf,0xffff,0x8841,199,0xb1bf,0xfffc,0x1209,,,physicalInteraction7.pcapng
"Nov 28, 2023 17:45:58.132357",,57,,,,,,,,,,physicalInteraction7.pcapng
"Nov 28, 2023 17:45:58.134563",0.002206,5,,,0x0002,221,,,,,,physicalInteraction7.pcapng
"Nov 28, 2023 17:45:58.448641",0.314078,71,0x0000,0xffff,0x8841,189,0x0000,0xfffc,0x1209,,,physicalInteraction7.pcapng
"Nov 28, 2023 17:46:01.408635",2.959994,71,0x3d95,0xffff,0x8841,149,0x3d95,0xfffc,0x1209,,,physicalInteraction7.pcapng
"Nov 28, 2023 17:46:01.547599",0.138964,59,0x4308,0xffff,0x8841,116,,,,,,physicalInteraction7.pcapng
"Nov 28, 2023 17:46:01.874169",0.326570,59,0x4308,0xffff,0x8841,117,,,,,,physicalInteraction7.pcapng
"Nov 28, 2023 17:46:02.070907",0.196738,47,0x4308,0xffff,0x8841,118,0x4308,0xfffc,0x1209,,,physicalInteraction7.pcapng
"Nov 28, 2023 17:46:02.194686",0.123779,59,0x4308,0xffff,0x8841,119,0x4308,0xfffc,0x1209,,,physicalInteraction7.pcapng
"Nov 28, 2023 17:46:03.091079",,50,,,,,,,,,,physicalInteraction7.pcapng
"Nov 28, 2023 17:46:03.095438",,50,,,,,,,,,,physicalInteraction7.pcapng
"Nov 28, 2023 17:46:03.100046",,50,,,,,,,,,,physicalInteraction7.pcapng
"Nov 28, 2023 17:46:03.104233",,50,,,,,,,,,,physicalInteraction7.pcapng
"Nov 28, 2023 17:46:03.147206",,50,,,,,,,,,,physicalInteraction7.pcapng
"Nov 28, 2023 17:46:03.151732",,50,,,,,,,,,,physicalInteraction7.pcapng
"Nov 28, 2023 17:46:03.157199",,50,,,,,,,,,,physicalInteraction7.pcapng
"Nov 28, 2023 17:46:03.161540",,50,,,,,,,,,,physicalInteraction7.pcapng
"Nov 28, 2023 17:46:03.187029",,50,,,,,,,,,,physicalInteraction7.pcapng
"Nov 28, 2023 17:46:03.192195",,50,,,,,,,,,,physicalInteraction7.pcapng
"Nov 28, 2023 17:46:03.195101",,50,,,,,,,,,,physicalInteraction7.pcapng
"Nov 28, 2023 17:46:03.200039",,50,,,,,,,,,,physicalInteraction7.pcapng
"Nov 28, 2023 17:46:03.238539",,50,,,,,,,,,,physicalInteraction7.pcapng
"Nov 28, 2023 17:46:03.243219",,50,,,,,,,,,,physicalInteraction7.pcapng
"Nov 28, 2023 17:46:03.248687",,50,,,,,,,,,,physicalInteraction7.pcapng
"Nov 28, 2023 17:46:03.253988",,50,,,,,,,,,,physicalInteraction7.pcapng
"Nov 28, 2023 17:46:03.278534",,50,,,,,,,,,,physicalInteraction7.pcapng
"Nov 28, 2023 17:46:03.282693",,50,,,,,,,,,,physicalInteraction7.pcapng
"Nov 28, 2023 17:46:03.286980",,50,,,,,,,,,,physicalInteraction7.pcapng
"Nov 28, 2023 17:46:03.290372",,50,,,,,,,,,,physicalInteraction7.pcapng
"Nov 28, 2023 17:46:03.314874",,50,,,,,,,,,,physicalInteraction7.pcapng
"Nov 28, 2023 17:46:03.320040",,50,,,,,,,,,,physicalInteraction7.pcapng
"Nov 28, 2023 17:46:03.324380",,50,,,,,,,,,,physicalInteraction7.pcapng
"Nov 28, 2023 17:46:03.329055",,50,,,,,,,,,,physicalInteraction7.pcapng
"Nov 28, 2023 17:46:03.395291",,50,,,,,,,,,,physicalInteraction7.pcapng
"Nov 28, 2023 17:46:03.399355",,50,,,,,,,,,,physicalInteraction7.pcapng
"Nov 28, 2023 17:46:03.403001",,50,,,,,,,,,,physicalInteraction7.pcapng
"Nov 28, 2023 17:46:03.406594",,50,,,,,,,,,,physicalInteraction7.pcapng
"Nov 28, 2023 17:46:03.446136",,50,,,,,,,,,,physicalInteraction7.pcapng
"Nov 28, 2023 17:46:03.449603",,50,,,,,,,,,,physicalInteraction7.pcapng
"Nov 28, 2023 17:46:03.453515",,50,,,,,,,,,,physicalInteraction7.pcapng
"Nov 28, 2023 17:46:03.457162",,50,,,,,,,,,,physicalInteraction7.pcapng
"Nov 28, 2023 17:46:03.489505",,50,,,,,,,,,,physicalInteraction7.pcapng
"Nov 28, 2023 17:46:03.492805",,50,,,,,,,,,,physicalInteraction7.pcapng
"Nov 28, 2023 17:46:03.497998",,50,,,,,,,,,,physicalInteraction7.pcapng
"Nov 28, 2023 17:46:03.503045",,50,,,,,,,,,,physicalInteraction7.pcapng
"Nov 28, 2023 17:46:03.551397",,50,,,,,,,,,,physicalInteraction7.pcapng
"Nov 28, 2023 17:46:03.555977",,50,,,,,,,,,,physicalInteraction7.pcapng
"Nov 28, 2023 17:46:03.578317",,50,,,,,,,,,,physicalInteraction7.pcapng
"Nov 28, 2023 17:46:03.582728",,50,,,,,,,,,,physicalInteraction7.pcapng
"Nov 28, 2023 17:46:03.620998",,50,,,,,,,,,,physicalInteraction7.pcapng
"Nov 28, 2023 17:46:03.626485",,50,,,,,,,,,,physicalInteraction7.pcapng
"Nov 28, 2023 17:46:03.631787",,50,,,,,,,,,,physicalInteraction7.pcapng
"Nov 28, 2023 17:46:03.647652",,50,,,,,,,,,,physicalInteraction7.pcapng
"Nov 28, 2023 17:46:04.549679",0.902027,59,0x4308,0xffff,0x8841,121,0x4308,0xfffc,0x1209,,,physicalInteraction7.pcapng
"Nov 28, 2023 17:46:05.512119",0.962440,59,0x4308,0xffff,0x8841,124,,,,,,physicalInteraction7.pcapng
"Nov 28, 2023 17:46:05.526159",0.014040,71,0x4e11,0xffff,0x8841,154,0x4e11,0xfffc,0x1209,,,physicalInteraction7.pcapng
"Nov 28, 2023 17:46:06.367114",0.840955,71,0x711c,0xffff,0x8841,200,0x711c,0xfffc,0x1209,,,physicalInteraction7.pcapng
"Nov 28, 2023 17:46:07.870410",1.503296,71,0xe1a6,0xffff,0x8841,3,0xe1a6,0xfffc,0x1209,,,physicalInteraction7.pcapng
"Nov 28, 2023 17:46:09.037775",1.167365,71,0x0112,0xffff,0x8841,171,0x0112,0xfffc,0x1209,,,physicalInteraction7.pcapng
"Nov 28, 2023 17:46:09.199126",0.161351,71,0xec7f,0xffff,0x8841,20,0xec7f,0xfffc,0x1209,,,physicalInteraction7.pcapng
"Nov 28, 2023 17:46:09.921097",,52,,,,,,,,,,physicalInteraction7.pcapng
"Nov 28, 2023 17:46:09.923113",0.002016,5,,,0x0002,201,,,,,,physicalInteraction7.pcapng
"Nov 28, 2023 17:46:09.931303",,63,,,,,,,,,,physicalInteraction7.pcapng
"Nov 28, 2023 17:46:09.933702",0.002399,5,,,0x0002,4,,,,,,physicalInteraction7.pcapng
"Nov 28, 2023 17:46:09.949108",0.015406,65,0x1e15,0xffff,0x8841,91,0x1e15,0xfffc,0x1209,,,physicalInteraction7.pcapng
"Nov 28, 2023 17:46:09.958703",,52,,,,,,,,,,physicalInteraction7.pcapng
"Nov 28, 2023 17:46:09.960719",0.002016,5,,,0x0002,202,,,,,,physicalInteraction7.pcapng
"Nov 28, 2023 17:46:09.968462",,63,,,,,,,,,,physicalInteraction7.pcapng
"Nov 28, 2023 17:46:09.970861",0.002399,5,,,0x0002,150,,,,,,physicalInteraction7.pcapng
"Nov 28, 2023 17:46:09.972436",,45,,,,,,,,,,physicalInteraction7.pcapng
"Nov 28, 2023 17:46:09.974230",0.001794,5,,,0x0002,203,,,,,,physicalInteraction7.pcapng
"Nov 28, 2023 17:46:09.998112",,54,,,,,,,,,,physicalInteraction7.pcapng
"Nov 28, 2023 17:46:10.000194",0.002082,5,,,0x0002,204,,,,,,physicalInteraction7.pcapng
"Nov 28, 2023 17:46:10.008188",,66,,,,,,,,,,physicalInteraction7.pcapng
"Nov 28, 2023 17:46:10.010683",0.002495,5,,,0x0002,5,,,,,,physicalInteraction7.pcapng
"Nov 28, 2023 17:46:10.018960",,54,,,,,,,,,,physicalInteraction7.pcapng
"Nov 28, 2023 17:46:10.021040",0.002080,5,,,0x0002,205,,,,,,physicalInteraction7.pcapng
"Nov 28, 2023 17:46:10.028888",,66,,,,,,,,,,physicalInteraction7.pcapng
"Nov 28, 2023 17:46:10.031383",0.002495,5,,,0x0002,151,,,,,,physicalInteraction7.pcapng
"Nov 28, 2023 17:46:10.046838",,45,,,,,,,,,,physicalInteraction7.pcapng
"Nov 28, 2023 17:46:10.048621",0.001783,5,,,0x0002,206,,,,,,physicalInteraction7.pcapng
"Nov 28, 2023 17:46:10.055004",,54,,,,,,,,,,physicalInteraction7.pcapng
"Nov 28, 2023 17:46:10.057115",0.002111,5,,,0x0002,207,,,,,,physicalInteraction7.pcapng
"Nov 28, 2023 17:46:10.059535",,54,,,,,,,,,,physicalInteraction7.pcapng
"Nov 28, 2023 17:46:10.061616",0.002081,5,,,0x0002,201,,,,,,physicalInteraction7.pcapng
"Nov 28, 2023 17:46:10.066862",,52,,,,,,,,,,physicalInteraction7.pcapng
"Nov 28, 2023 17:46:10.068798",0.001936,106,0xb1bf,0x0000,0x886a,196,,,,,,physicalInteraction7.pcapng
"Nov 28, 2023 17:46:10.073317",0.004519,52,0x711c,0xb1bf,0x8861,202,,,,,,physicalInteraction7.pcapng
"Nov 28, 2023 17:46:10.077033",,52,,,,,,,,,,physicalInteraction7.pcapng
"Nov 28, 2023 17:46:10.078885",,66,,,,,,,,,,physicalInteraction7.pcapng
"Nov 28, 2023 17:46:10.081379",0.002494,5,,,0x0002,200,,,,,,physicalInteraction7.pcapng
"Nov 28, 2023 17:46:10.082449",0.001070,52,0x711c,0xb1bf,0x8861,202,,,,,,physicalInteraction7.pcapng
"Nov 28, 2023 17:46:10.086441",,52,,,,,,,,,,physicalInteraction7.pcapng
"Nov 28, 2023 17:46:10.093794",0.007353,5,,,0x0002,201,,,,,,physicalInteraction7.pcapng
"Nov 28, 2023 17:46:10.107222",,45,,,,,,,,,,physicalInteraction7.pcapng
"Nov 28, 2023 17:46:10.109014",0.001792,5,,,0x0002,209,,,,,,physicalInteraction7.pcapng
"Nov 28, 2023 17:46:10.113412",,45,,,,,,,,,,physicalInteraction7.pcapng
"Nov 28, 2023 17:46:10.115205",0.001793,5,,,0x0002,210,,,,,,physicalInteraction7.pcapng
"Nov 28, 2023 17:46:10.121350",,45,,,,,,,,,,physicalInteraction7.pcapng
"Nov 28, 2023 17:46:10.123173",0.001823,5,,,0x0002,211,,,,,,physicalInteraction7.pcapng
"Nov 28, 2023 17:46:10.126320",,45,,,,,,,,,,physicalInteraction7.pcapng
"Nov 28, 2023 17:46:10.128112",0.001792,5,,,0x0002,203,,,,,,physicalInteraction7.pcapng
"Nov 28, 2023 17:46:10.131588",,52,,,,,,,,,,physicalInteraction7.pcapng
"Nov 28, 2023 17:46:10.133605",0.002017,5,,,0x0002,204,,,,,,physicalInteraction7.pcapng
"Nov 28, 2023 17:46:10.140778",,63,,,,,,,,,,physicalInteraction7.pcapng
"Nov 28, 2023 17:46:10.143176",0.002398,5,,,0x0002,202,,,,,,physicalInteraction7.pcapng
"Nov 28, 2023 17:46:10.144555",,45,,,,,,,,,,physicalInteraction7.pcapng
"Nov 28, 2023 17:46:10.146378",0.001823,5,,,0x0002,212,,,,,,physicalInteraction7.pcapng
"Nov 28, 2023 17:46:10.150991",,45,,,,,,,,,,physicalInteraction7.pcapng
"Nov 28, 2023 17:46:10.152772",0.001781,5,,,0x0002,205,,,,,,physicalInteraction7.pcapng
"Nov 28, 2023 17:46:10.157642",,52,,,,,,,,,,physicalInteraction7.pcapng
"Nov 28, 2023 17:46:10.159689",0.002047,5,,,0x0002,213,,,,,,physicalInteraction7.pcapng
"Nov 28, 2023 17:46:10.170216",,45,,,,,,,,,,physicalInteraction7.pcapng
"Nov 28, 2023 17:46:10.172039",0.001823,5,,,0x0002,214,,,,,,physicalInteraction7.pcapng
"Nov 28, 2023 17:46:10.174725",,45,,,,,,,,,,physicalInteraction7.pcapng
"Nov 28, 2023 17:46:10.176548",0.001823,5,,,0x0002,214,,,,,,physicalInteraction7.pcapng
"Nov 28, 2023 17:46:10.184088",,45,,,,,,,,,,physicalInteraction7.pcapng
"Nov 28, 2023 17:46:10.185871",0.001783,5,,,0x0002,206,,,,,,physicalInteraction7.pcapng
"Nov 28, 2023 17:46:11.143238",0.957367,71,0xb1bf,0xffff,0x8841,203,0xb1bf,0xfffc,0x1209,,,physicalInteraction7.pcapng
"Nov 28, 2023 17:46:12.852574",,53,,,,,,,,,,physicalInteraction7.pcapng
"Nov 28, 2023 17:46:12.854622",0.002048,5,,,0x0002,121,,,,,,physicalInteraction7.pcapng
"Nov 28, 2023 17:46:12.858656",,53,,,,,,,,,,physicalInteraction7.pcapng
"Nov 28, 2023 17:46:12.860735",0.002079,5,,,0x0002,6,,,,,,physicalInteraction7.pcapng
"Nov 28, 2023 17:46:12.987957",0.127222,71,0x0000,0xffff,0x8841,215,0x0000,0xfffc,0x1209,,,physicalInteraction7.pcapng
"Nov 28, 2023 17:46:13.359359",0.371402,12,0x4615,0xe1a6,0x8863,122,,,,,,physicalInteraction7.pcapng
"Nov 28, 2023 17:46:13.360092",0.000733,5,,,0x0002,122,,,,,,physicalInteraction7.pcapng
"Nov 28, 2023 17:46:13.551187",0.191095,59,0x4308,0xffff,0x8841,125,0x4308,0xfffc,0x1209,,,physicalInteraction7.pcapng
"Nov 28, 2023 17:46:14.199560",0.648373,59,0x4308,0xffff,0x8841,127,0x4308,0xfffc,0x1209,,,physicalInteraction7.pcapng
"Nov 28, 2023 17:46:14.519435",0.319875,59,0x4308,0xffff,0x8841,128,0x4308,0xfffc,0x1209,,,physicalInteraction7.pcapng
"Nov 28, 2023 17:46:16.430610",1.911175,71,0x3d95,0xffff,0x8841,152,0x3d95,0xfffc,0x1209,,,physicalInteraction7.pcapng
"Nov 28, 2023 17:46:16.876083",0.445473,59,0x4308,0xffff,0x8841,130,0x4308,0xfffc,0x1209,,,physicalInteraction7.pcapng
"Nov 28, 2023 17:46:17.075044",0.198961,47,0x4308,0xffff,0x8841,131,,,,,,physicalInteraction7.pcapng
"Nov 28, 2023 17:46:17.195946",0.120902,59,0x4308,0xffff,0x8841,129,,,,,,physicalInteraction7.pcapng
"Nov 28, 2023 17:46:21.546700",4.350754,71,0x711c,0xffff,0x8841,207,0x711c,0xfffc,0x1209,,,physicalInteraction7.pcapng
"Nov 28, 2023 17:46:21.684897",0.138197,71,0x4e11,0xffff,0x8841,155,0x4e11,0xfffc,0x1209,,,physicalInteraction7.pcapng
"Nov 28, 2023 17:46:22.883561",1.198664,71,0xe1a6,0xffff,0x8841,7,0xe1a6,0xfffc,0x1209,,,physicalInteraction7.pcapng
"Nov 28, 2023 17:46:22.888749",,53,,,,,,,,,,physicalInteraction7.pcapng
"Nov 28, 2023 17:46:22.890796",0.002047,5,,,0x0002,123,,,,,,physicalInteraction7.pcapng
"Nov 28, 2023 17:46:22.894586",,53,,,,,,,,,,physicalInteraction7.pcapng
"Nov 28, 2023 17:46:22.896665",0.002079,5,,,0x0002,8,,,,,,physicalInteraction7.pcapng
"Nov 28, 2023 17:46:23.396869",0.500204,12,0x4615,0xe1a6,0x8863,124,,,,,,physicalInteraction7.pcapng
"Nov 28, 2023 17:46:23.397594",0.000725,5,,,0x0002,124,,,,,,physicalInteraction7.pcapng
"Nov 28, 2023 17:46:24.673759",1.276165,71,0xec7f,0xffff,0x8841,21,0xec7f,0xfffc,0x1209,,,physicalInteraction7.pcapng
"Nov 28, 2023 17:46:24.855777",0.182018,68,0x1e15,0xffff,0x8841,92,0x1e15,0xfffc,0x1209,,,physicalInteraction7.pcapng
"Nov 28, 2023 17:46:25.549545",0.693768,59,0x7777,0x7777,0x8841,134,,,,,,physicalInteraction7.pcapng
"Nov 28, 2023 17:46:25.873203",0.323658,59,0x4308,0xffff,0x8841,135,0x4308,0xfffc,0x1209,,,physicalInteraction7.pcapng
"Nov 28, 2023 17:46:26.133353",0.260150,71,0xb1bf,0xffff,0x8841,204,0xb1bf,0xfffc,0x1209,,,physicalInteraction7.pcapng
"Nov 28, 2023 17:46:26.190802",0.057449,59,0x4308,0xffff,0x8841,136,,,,,,physicalInteraction7.pcapng
"Nov 28, 2023 17:46:28.550557",2.359755,59,0x4308,0xffff,0x8841,138,,,,,,physicalInteraction7.pcapng
"Nov 28, 2023 17:46:28.870040",0.319483,59,0x4308,0xffff,0x8841,139,0x4308,0xfffc,0x1209,,,physicalInteraction7.pcapng
"Nov 28, 2023 17:46:29.190514",0.320474,59,,,0xf841,76,,,,,,physicalInteraction7.pcapng
"Nov 28, 2023 17:46:30.963435",1.772921,71,0x0000,0xffff,0x8841,216,0x0000,0xfffc,0x1209,,,physicalInteraction7.pcapng
"Nov 28, 2023 17:46:31.467765",0.504330,71,0x3d95,0xffff,0x8841,153,0x3d95,0xfffc,0x1209,,,physicalInteraction7.pcapng
"Nov 28, 2023 17:46:37.047584",,60,,,,,,,,,,physicalInteraction7.pcapng
"Nov 28, 2023 17:46:37.049887",0.002303,5,,,0x0002,9,,,,,,physicalInteraction7.pcapng
"Nov 28, 2023 17:46:37.089482",0.039595,59,0x0000,0xffff,0x8841,217,0x0000,0xfffc,0x1209,,,physicalInteraction7.pcapng
"Nov 28, 2023 17:46:37.095460",0.005978,45,0xe1a6,0x0000,0x8861,10,0xe1a6,0x0000,0x0209,,,physicalInteraction7.pcapng
"Nov 28, 2023 17:46:37.100212",0.004752,45,0xe1a6,0x0000,0x8861,10,0xe1a6,0x0000,0x0209,,,physicalInteraction7.pcapng
"Nov 28, 2023 17:46:37.104333",0.004121,59,0x0112,0xffff,0x8841,173,,,,,,physicalInteraction7.pcapng
"Nov 28, 2023 17:46:37.107544",0.003211,59,0x3d95,0xffff,0x8841,154,0x0000,0xfffc,0x1209,,,physicalInteraction7.pcapng
"Nov 28, 2023 17:46:37.118784",0.011240,45,0xe1a6,0x0000,0x8861,10,0xe1a6,0x0000,0x0209,,,physicalInteraction7.pcapng
"Nov 28, 2023 17:46:37.120607",0.001823,5,,,0x0002,10,,,,,,physicalInteraction7.pcapng
"Nov 28, 2023 17:46:37.154502",0.033895,59,0x711c,0xffff,0x8841,208,0x0000,0xfffc,0x1209,,,physicalInteraction7.pcapng
"Nov 28, 2023 17:46:37.166327",0.011825,59,0x0112,0xffff,0x8841,174,0x0000,0xfffc,0x1209,,,physicalInteraction7.pcapng
"Nov 28, 2023 17:46:37.189873",0.023546,59,0xec7f,0xffff,0x8841,22,0x0000,0xfffc,0x1209,,,physicalInteraction7.pcapng
"Nov 28, 2023 17:46:37.240472",0.050599,59,0xb1bf,0xffff,0x8841,205,,,,,,physicalInteraction7.pcapng
"Nov 28, 2023 17:46:37.248894",,60,,,,,,,,,,physicalInteraction7.pcapng
"Nov 28, 2023 17:46:37.251197",0.002303,5,,,0x0002,11,,,,,,physicalInteraction7.pcapng
"Nov 28, 2023 17:46:37.259269",0.008072,59,0x4e11,0xffff,0x8841,156,0x0000,0xfffc,0x1209,,,physicalInteraction7.pcapng
"Nov 28, 2023 17:46:37.287607",,50,,,,,,,,,,physicalInteraction7.pcapng
"Nov 28, 2023 17:46:37.289560",0.001953,5,,,0x0002,218,,,,,,physicalInteraction7.pcapng
"Nov 28, 2023 17:46:37.295804",,45,,,,,,,,,,physicalInteraction7.pcapng
"Nov 28, 2023 17:46:37.297627",0.001823,5,,,0x0002,12,,,,,,physicalInteraction7.pcapng
"Nov 28, 2023 17:46:37.301425",0.003798,59,0x1e15,0xffff,0x8841,93,0x0000,0xfffc,0x1209,,,physicalInteraction7.pcapng
"Nov 28, 2023 17:46:37.361806",0.060381,59,0x3d95,0xffff,0x8841,155,0x0000,0xfffc,0x1209,,,physicalInteraction7.pcapng
"Nov 28, 2023 17:46:37.469191",0.107385,59,0x0000,0xffff,0x8841,219,0x0000,0xfffc,0x1209,,,physicalInteraction7.pcapng
"Nov 28, 2023 17:46:37.508159",0.038968,59,0xec7f,0xffff,0x8841,23,0x0000,0xfffc,0x1209,,,physicalInteraction7.pcapng
"Nov 28, 2023 17:46:37.529470",0.021311,59,0x711c,0xffff,0x8841,209,0x0000,0xfffc,0x1209,,,physicalInteraction7.pcapng
"Nov 28, 2023 17:46:37.551747",0.022277,59,0x4308,0xffff,0x885e,143,,,,,,physicalInteraction7.pcapng
"Nov 28, 2023 17:46:37.555473",0.003726,59,0x1e15,0xffff,0x8841,94,0x0000,0xfffc,0x1209,,,physicalInteraction7.pcapng
"Nov 28, 2023 17:46:37.571450",0.015977,59,0x4e11,0xffff,0x8841,157,0x0000,0xfffc,0x1209,,,physicalInteraction7.pcapng
"Nov 28, 2023 17:46:37.748755",0.177305,59,0xb1bf,0xffff,0x8841,207,0x0000,0xfffc,0x1209,,,physicalInteraction7.pcapng
"Nov 28, 2023 17:46:37.768881",0.020126,59,0x0000,0xffff,0x8841,220,0x0000,0xfffc,0x1209,,,physicalInteraction7.pcapng
"Nov 28, 2023 17:46:37.809610",0.040729,59,0x1e15,0xffff,0x8841,95,0x0000,0xfffc,0x1209,,,physicalInteraction7.pcapng
"Nov 28, 2023 17:46:37.843526",0.033916,59,0x711c,0xffff,0x8841,210,0x0000,0xfffc,0x1209,,,physicalInteraction7.pcapng
"Nov 28, 2023 17:46:37.849613",0.006087,59,0xec7f,0xffff,0x8841,24,0x0000,0xfffc,0x1209,,,physicalInteraction7.pcapng
"Nov 28, 2023 17:46:37.885431",0.035818,59,0x4308,0xffff,0x8841,144,,,,,,physicalInteraction7.pcapng
"Nov 28, 2023 17:46:37.925581",0.040150,71,0xe1a6,0xffff,0x8841,13,0xe1a6,0xfffc,0x1209,,,physicalInteraction7.pcapng
"Nov 28, 2023 17:46:37.930319",0.004738,59,0x4e11,0xffff,0x8841,158,,,,,,physicalInteraction7.pcapng
"Nov 28, 2023 17:46:38.050502",0.120183,59,0x0000,0xffff,0x8841,221,0x0000,0xfffc,0x1209,,,physicalInteraction7.pcapng
"Nov 28, 2023 17:46:38.207614",0.157112,59,,,0x884d,145,,,,,,physicalInteraction7.pcapng
"Nov 28, 2023 17:46:38.300217",0.092603,71,0x711c,0xffff,0x8841,211,0x711c,0xfffc,0x1209,,,physicalInteraction7.pcapng
"Nov 28, 2023 17:46:38.529007",0.228790,71,0x4e11,0xffff,0x8841,159,0x4e11,0xfffc,0x1209,,,physicalInteraction7.pcapng
"Nov 28, 2023 17:46:39.909922",1.380915,100,0x1e15,0xffff,0x8864,96,,,,,,physicalInteraction7.pcapng
"Nov 28, 2023 17:46:39.926976",,52,,,,,,,,,,physicalInteraction7.pcapng
"Nov 28, 2023 17:46:39.928993",0.002017,5,,,0x0002,222,,,,,,physicalInteraction7.pcapng
"Nov 28, 2023 17:46:39.936864",,63,,,,,,,,,,physicalInteraction7.pcapng
"Nov 28, 2023 17:46:39.939263",0.002399,5,,,0x0002,14,,,,,,physicalInteraction7.pcapng
"Nov 28, 2023 17:46:39.962291",,52,,,,,,,,,,physicalInteraction7.pcapng
"Nov 28, 2023 17:46:39.964306",0.002015,5,,,0x0002,223,,,,,,physicalInteraction7.pcapng
"Nov 28, 2023 17:46:39.971967",,63,,,,,,,,,,physicalInteraction7.pcapng
"Nov 28, 2023 17:46:39.974366",0.002399,5,,,0x0002,157,,,,,,physicalInteraction7.pcapng
"Nov 28, 2023 17:46:39.976746",,45,,,,,,,,,,physicalInteraction7.pcapng
"Nov 28, 2023 17:46:39.978540",0.001794,5,,,0x0002,224,,,,,,physicalInteraction7.pcapng
"Nov 28, 2023 17:46:39.995432",,54,,,,,,,,,,physicalInteraction7.pcapng
"Nov 28, 2023 17:46:39.997512",0.002080,5,,,0x0002,225,,,,,,physicalInteraction7.pcapng
"Nov 28, 2023 17:46:40.005196",,66,,,,,,,,,,physicalInteraction7.pcapng
"Nov 28, 2023 17:46:40.007691",0.002495,5,,,0x0002,15,,,,,,physicalInteraction7.pcapng
"Nov 28, 2023 17:46:40.016438",,45,,,,,,,,,,physicalInteraction7.pcapng
"Nov 28, 2023 17:46:40.018232",0.001794,5,,,0x0002,226,,,,,,physicalInteraction7.pcapng
"Nov 28, 2023 17:46:40.033921",,54,,,,,,,,,,physicalInteraction7.pcapng
"Nov 28, 2023 17:46:40.038753",,54,,,,,,,,,,physicalInteraction7.pcapng
"Nov 28, 2023 17:46:40.043814",,54,,,,,,,,,,physicalInteraction7.pcapng
"Nov 28, 2023 17:46:40.048807",,54,,,,,,,,,,physicalInteraction7.pcapng
"Nov 28, 2023 17:46:40.054225",,66,,,,,,,,,,physicalInteraction7.pcapng
"Nov 28, 2023 17:46:40.056720",0.002495,5,,,0x0002,158,,,,,,physicalInteraction7.pcapng
"Nov 28, 2023 17:46:40.057777",,54,,,,,,,,,,physicalInteraction7.pcapng
"Nov 28, 2023 17:46:40.059888",0.002111,5,,,0x0002,228,,,,,,physicalInteraction7.pcapng
"Nov 28, 2023 17:46:40.063415",,54,,,,,,,,,,physicalInteraction7.pcapng
"Nov 28, 2023 17:46:40.065495",0.002080,5,,,0x0002,212,,,,,,physicalInteraction7.pcapng
"Nov 28, 2023 17:46:40.072701",0.007206,107,0xb1bf,0x0000,0x886b,208,,,,,,physicalInteraction7.pcapng
"Nov 28, 2023 17:46:40.076967",,45,,,,,,,,,,physicalInteraction7.pcapng
"Nov 28, 2023 17:46:40.078759",0.001792,5,,,0x0002,229,,,,,,physicalInteraction7.pcapng
"Nov 28, 2023 17:46:40.082709",,52,,,,,,,,,,physicalInteraction7.pcapng
"Nov 28, 2023 17:46:40.087048",,52,,,,,,,,,,physicalInteraction7.pcapng
"Nov 28, 2023 17:46:40.097585",,52,,,,,,,,,,physicalInteraction7.pcapng
"Nov 28, 2023 17:46:40.099633",0.002048,5,,,0x0002,230,,,,,,physicalInteraction7.pcapng
"Nov 28, 2023 17:46:40.110127",,45,,,,,,,,,,physicalInteraction7.pcapng
"Nov 28, 2023 17:46:40.111920",0.001793,5,,,0x0002,231,,,,,,physicalInteraction7.pcapng
"Nov 28, 2023 17:46:40.116061",,52,,,,,,,,,,physicalInteraction7.pcapng
"Nov 28, 2023 17:46:40.120948",,52,,,,,,,,,,physicalInteraction7.pcapng
"Nov 28, 2023 17:46:40.122883",0.001935,107,,,0x386b,210,,,,,,physicalInteraction7.pcapng
"Nov 28, 2023 17:46:40.125377",0.002494,5,,,0x0002,210,,,,,,physicalInteraction7.pcapng
"Nov 28, 2023 17:46:40.127660",,52,,,,,,,,,,physicalInteraction7.pcapng
"Nov 28, 2023 17:46:40.132774",,52,,,,,,,,,,physicalInteraction7.pcapng
"Nov 28, 2023 17:46:40.135117",,54,,,,,,,,,,physicalInteraction7.pcapng
"Nov 28, 2023 17:46:40.137197",0.002080,5,,,0x0002,232,,,,,,physicalInteraction7.pcapng
"Nov 28, 2023 17:46:40.143076",0.005879,5,,,0x0002,211,,,,,,physicalInteraction7.pcapng
"Nov 28, 2023 17:46:40.153684",,52,,,,,,,,,,physicalInteraction7.pcapng
"Nov 28, 2023 17:46:40.157984",,45,,,,,,,,,,physicalInteraction7.pcapng
"Nov 28, 2023 17:46:40.159807",0.001823,5,,,0x0002,233,,,,,,physicalInteraction7.pcapng
"Nov 28, 2023 17:46:40.162294",,45,,,,,,,,,,physicalInteraction7.pcapng
"Nov 28, 2023 17:46:40.165751",,45,,,,,,,,,,physicalInteraction7.pcapng
"Nov 28, 2023 17:46:40.170223",0.004472,5,,,0x0002,212,,,,,,physicalInteraction7.pcapng
"Nov 28, 2023 17:46:40.171920",,45,,,,,,,,,,physicalInteraction7.pcapng
"Nov 28, 2023 17:46:40.173743",0.001823,5,,,0x0002,234,,,,,,physicalInteraction7.pcapng
"Nov 28, 2023 17:46:40.180592",,45,,,,,,,,,,physicalInteraction7.pcapng
"Nov 28, 2023 17:46:40.182379",0.001787,5,,,0x0002,215,,,,,,physicalInteraction7.pcapng
"Nov 28, 2023 17:46:40.185215",,45,,,,,,,,,,physicalInteraction7.pcapng
"Nov 28, 2023 17:46:40.187008",0.001793,5,,,0x0002,152,,,,,,physicalInteraction7.pcapng
"Nov 28, 2023 17:46:40.190311",,45,,,,,,,,,,physicalInteraction7.pcapng
"Nov 28, 2023 17:46:40.192134",0.001823,5,,,0x0002,235,,,,,,physicalInteraction7.pcapng
"Nov 28, 2023 17:46:40.200465",,45,,,,,,,,,,physicalInteraction7.pcapng
"Nov 28, 2023 17:46:40.678796",0.478331,71,0xec7f,0xffff,0x8841,25,0xec7f,0xfffc,0x1209,,,physicalInteraction7.pcapng
"Nov 28, 2023 17:46:41.652953",,57,,,,,,,,,,physicalInteraction7.pcapng
"Nov 28, 2023 17:46:41.655160",0.002207,5,,,0x0002,222,,,,,,physicalInteraction7.pcapng
"Nov 28, 2023 17:46:42.954176",,53,,,,,,,,,,physicalInteraction7.pcapng
"Nov 28, 2023 17:46:42.956216",0.002040,5,,,0x0002,125,,,,,,physicalInteraction7.pcapng
"Nov 28, 2023 17:46:42.959999",,53,,,,,,,,,,physicalInteraction7.pcapng
"Nov 28, 2023 17:46:42.962078",0.002079,5,,,0x0002,16,,,,,,physicalInteraction7.pcapng
"Nov 28, 2023 17:46:43.460490",0.498412,12,0x4615,0xe1a6,0x8863,126,,,,,,physicalInteraction7.pcapng
"Nov 28, 2023 17:46:43.461227",0.000737,5,,,0x0002,126,,,,,,physicalInteraction7.pcapng
"Nov 28, 2023 17:46:46.460619",2.999392,71,0x3d95,0xffff,0x8841,159,0x3d95,0xfffc,0x1209,,,physicalInteraction7.pcapng
"Nov 28, 2023 17:46:48.795171",2.334552,71,0x0000,0xffff,0x8841,236,0x0000,0xfffc,0x1209,,,physicalInteraction7.pcapng
"Nov 28, 2023 17:46:49.556191",0.761020,59,0x4308,0xffff,0x8841,152,,,,,,physicalInteraction7.pcapng
"Nov 28, 2023 17:46:49.881088",0.324897,71,0x4308,0xffff,0x8847,153,,,,,,physicalInteraction7.pcapng
"Nov 28, 2023 17:46:52.557198",2.676110,59,0x3308,0xff9f,0x8841,156,,,,,,physicalInteraction7.pcapng
"Nov 28, 2023 17:46:52.881720",0.324522,59,0x4308,0xffff,0x8841,157,,,,,,physicalInteraction7.pcapng
"Nov 28, 2023 17:46:52.894496",0.012776,71,0xe1a6,0xffff,0x8841,17,0xe1a6,0xfffc,0x1209,,,physicalInteraction7.pcapng
"Nov 28, 2023 17:46:52.988968",,53,,,,,,,,,,physicalInteraction7.pcapng
"Nov 28, 2023 17:46:52.991015",0.002047,5,,,0x0002,127,,,,,,physicalInteraction7.pcapng
"Nov 28, 2023 17:46:52.994610",,53,,,,,,,,,,physicalInteraction7.pcapng
"Nov 28, 2023 17:46:52.996689",0.002079,5,,,0x0002,18,,,,,,physicalInteraction7.pcapng
"Nov 28, 2023 17:46:53.495679",0.498990,12,0x4615,0xe1a6,0x8863,128,,,,,,physicalInteraction7.pcapng
"Nov 28, 2023 17:46:53.496415",0.000736,5,,,0x0002,128,,,,,,physicalInteraction7.pcapng
"Nov 28, 2023 17:46:54.052750",0.556335,71,0x0112,0xffff,0x8841,177,0x0112,0xfffc,0x1209,,,physicalInteraction7.pcapng
"Nov 28, 2023 17:46:54.465420",0.412670,71,0x4e11,0xffff,0x8841,160,0x4e11,0xfffc,0x1209,,,physicalInteraction7.pcapng
"Nov 28, 2023 17:46:54.854696",0.389276,68,0x1e15,0xffff,0x8841,97,0x1e15,0xfffc,0x1209,,,physicalInteraction7.pcapng
"Nov 28, 2023 17:46:54.954748",0.100052,71,0x711c,0xffff,0x8841,218,0x711c,0xfffc,0x1209,,,physicalInteraction7.pcapng
"Nov 28, 2023 17:46:56.080504",1.125756,71,0xb1bf,0xffff,0x8841,214,0xb1bf,0xfffc,0x1209,,,physicalInteraction7.pcapng
"Nov 28, 2023 17:46:56.628209",0.547705,71,0xec7f,0xffff,0x8841,26,0xec7f,0xfffc,0x1209,,,physicalInteraction7.pcapng
"Nov 28, 2023 17:46:59.537058",,55,,,,,,,,,,physicalInteraction7.pcapng
"Nov 28, 2023 17:46:59.539201",0.002143,5,,,0x0002,188,,,,,,physicalInteraction7.pcapng
"Nov 28, 2023 17:46:59.925358",,60,,,,,,,,,,physicalInteraction7.pcapng
"Nov 28, 2023 17:46:59.927661",0.002303,5,,,0x0002,215,,,,,,physicalInteraction7.pcapng
"Nov 28, 2023 17:46:59.967712",,50,,,,,,,,,,physicalInteraction7.pcapng
"Nov 28, 2023 17:46:59.969695",0.001983,5,,,0x0002,237,,,,,,physicalInteraction7.pcapng
"Nov 28, 2023 17:46:59.972222",,50,,,,,,,,,,physicalInteraction7.pcapng
"Nov 28, 2023 17:46:59.975231",,50,,,,,,,,,,physicalInteraction7.pcapng
"Nov 28, 2023 17:46:59.977181",0.001950,5,,,0x0002,219,,,,,,physicalInteraction7.pcapng
"Nov 28, 2023 17:46:59.979520",,45,,,,,,,,,,physicalInteraction7.pcapng
"Nov 28, 2023 17:46:59.981342",0.001822,5,,,0x0002,216,,,,,,physicalInteraction7.pcapng
"Nov 28, 2023 17:46:59.987388",,45,,,,,,,,,,physicalInteraction7.pcapng
"Nov 28, 2023 17:46:59.989210",0.001822,5,,,0x0002,217,,,,,,physicalInteraction7.pcapng
"Nov 28, 2023 17:47:01.510086",1.520876,107,0x3d95,0xffff,0x886b,160,,,,,,physicalInteraction7.pcapng
"Nov 28, 2023 17:47:01.559160",0.049074,59,0x4303,0xffff,0x8841,240,,,,,,physicalInteraction7.pcapng
"Nov 28, 2023 17:47:01.877463",0.318303,59,0x4308,0xffff,0x8841,161,,,,,,physicalInteraction7.pcapng
"Nov 28, 2023 17:47:02.196375",0.318912,59,0x4308,0xffff,0x8841,162,0x4308,0xfffc,0x1209,,,physicalInteraction7.pcapng
"Nov 28, 2023 17:47:02.355321",0.158946,31,0x4308,0xffff,0x8841,163,,,,,,physicalInteraction7.pcapng
"Nov 28, 2023 17:47:02.517483",0.162162,59,0x4008,0xffff,0x8841,164,,,,,,physicalInteraction7.pcapng
"Nov 28, 2023 17:47:04.886266",2.368783,59,0x4308,0xffff,0x8841,166,,,,,,physicalInteraction7.pcapng
"Nov 28, 2023 17:47:06.056995",1.170729,71,0x0000,0xffff,0x8841,238,0x0000,0xfffc,0x1209,,,physicalInteraction7.pcapng
"Nov 28, 2023 17:47:07.919313",1.862318,71,0xe1a6,0xffff,0x8841,19,0xe1a6,0xfffc,0x1209,,,physicalInteraction7.pcapng
"Nov 28, 2023 17:47:09.806250",1.886937,71,0x4e11,0xffff,0x8841,161,0x4e11,0xfffc,0x1209,,,physicalInteraction7.pcapng
"Nov 28, 2023 17:47:09.932300",,52,,,,,,,,,,physicalInteraction7.pcapng
"Nov 28, 2023 17:47:09.934316",0.002016,5,,,0x0002,239,,,,,,physicalInteraction7.pcapng
"Nov 28, 2023 17:47:09.938470",0.004154,68,0x1e15,0xffff,0x8841,98,0x1e15,0xfffc,0x1209,,,physicalInteraction7.pcapng
"Nov 28, 2023 17:47:09.942063",,63,,,,,,,,,,physicalInteraction7.pcapng
"Nov 28, 2023 17:47:09.944462",0.002399,5,,,0x0002,20,,,,,,physicalInteraction7.pcapng
"Nov 28, 2023 17:47:09.969545",,52,,,,,,,,,,physicalInteraction7.pcapng
"Nov 28, 2023 17:47:09.971560",0.002015,5,,,0x0002,240,,,,,,physicalInteraction7.pcapng
"Nov 28, 2023 17:47:09.979288",,63,,,,,,,,,,physicalInteraction7.pcapng
"Nov 28, 2023 17:47:09.981687",0.002399,5,,,0x0002,161,,,,,,physicalInteraction7.pcapng
"Nov 28, 2023 17:47:09.982877",,45,,,,,,,,,,physicalInteraction7.pcapng
"Nov 28, 2023 17:47:09.984668",0.001791,5,,,0x0002,241,,,,,,physicalInteraction7.pcapng
"Nov 28, 2023 17:47:10.004918",,54,,,,,,,,,,physicalInteraction7.pcapng
"Nov 28, 2023 17:47:10.006997",0.002079,5,,,0x0002,242,,,,,,physicalInteraction7.pcapng
"Nov 28, 2023 17:47:10.014798",,66,,,,,,,,,,physicalInteraction7.pcapng
"Nov 28, 2023 17:47:10.017293",0.002495,5,,,0x0002,21,,,,,,physicalInteraction7.pcapng
"Nov 28, 2023 17:47:10.024437",,45,,,,,,,,,,physicalInteraction7.pcapng
"Nov 28, 2023 17:47:10.026222",0.001785,5,,,0x0002,243,,,,,,physicalInteraction7.pcapng
"Nov 28, 2023 17:47:10.044061",,54,,,,,,,,,,physicalInteraction7.pcapng
"Nov 28, 2023 17:47:10.046132",0.002071,5,,,0x0002,244,,,,,,physicalInteraction7.pcapng
"Nov 28, 2023 17:47:10.053969",,66,,,,,,,,,,physicalInteraction7.pcapng
"Nov 28, 2023 17:47:10.056463",0.002494,5,,,0x0002,162,,,,,,physicalInteraction7.pcapng
"Nov 28, 2023 17:47:10.057564",,54,,,,,,,,,,physicalInteraction7.pcapng
"Nov 28, 2023 17:47:10.059675",0.002111,5,,,0x0002,245,,,,,,physicalInteraction7.pcapng
"Nov 28, 2023 17:47:10.065952",,54,,,,,,,,,,physicalInteraction7.pcapng
"Nov 28, 2023 17:47:10.068032",0.002080,5,,,0x0002,220,,,,,,physicalInteraction7.pcapng
"Nov 28, 2023 17:47:10.075237",,66,,,,,,,,,,physicalInteraction7.pcapng
"Nov 28, 2023 17:47:10.077732",0.002495,5,,,0x0002,218,,,,,,physicalInteraction7.pcapng
"Nov 28, 2023 17:47:10.080306",,66,,,,,,,,,,physicalInteraction7.pcapng
"Nov 28, 2023 17:47:10.082801",0.002495,5,,,0x0002,218,,,,,,physicalInteraction7.pcapng
"Nov 28, 2023 17:47:10.089675",,45,,,,,,,,,,physicalInteraction7.pcapng
"Nov 28, 2023 17:47:10.091466",0.001791,5,,,0x0002,246,,,,,,physicalInteraction7.pcapng
"Nov 28, 2023 17:47:10.103550",,52,,,,,,,,,,physicalInteraction7.pcapng
"Nov 28, 2023 17:47:10.105597",0.002047,5,,,0x0002,247,,,,,,physicalInteraction7.pcapng
"Nov 28, 2023 17:47:10.108737",,52,,,,,,,,,,physicalInteraction7.pcapng
"Nov 28, 2023 17:47:10.110753",0.002016,5,,,0x0002,221,,,,,,physicalInteraction7.pcapng
"Nov 28, 2023 17:47:10.115480",,45,,,,,,,,,,physicalInteraction7.pcapng
"Nov 28, 2023 17:47:10.117268",0.001788,5,,,0x0002,248,,,,,,physicalInteraction7.pcapng
"Nov 28, 2023 17:47:10.117876",,63,,,,,,,,,,physicalInteraction7.pcapng
"Nov 28, 2023 17:47:10.120275",0.002399,5,,,0x0002,219,,,,,,physicalInteraction7.pcapng
"Nov 28, 2023 17:47:10.125898",,45,,,,,,,,,,physicalInteraction7.pcapng
"Nov 28, 2023 17:47:10.127721",0.001823,5,,,0x0002,249,,,,,,physicalInteraction7.pcapng
"Nov 28, 2023 17:47:10.130450",,45,,,,,,,,,,physicalInteraction7.pcapng
"Nov 28, 2023 17:47:10.132241",0.001791,5,,,0x0002,222,,,,,,physicalInteraction7.pcapng
"Nov 28, 2023 17:47:10.136429",,45,,,,,,,,,,physicalInteraction7.pcapng
"Nov 28, 2023 17:47:10.138252",0.001823,5,,,0x0002,250,,,,,,physicalInteraction7.pcapng
"Nov 28, 2023 17:47:10.141373",,45,,,,,,,,,,physicalInteraction7.pcapng
"Nov 28, 2023 17:47:10.143165",0.001792,5,,,0x0002,223,,,,,,physicalInteraction7.pcapng
"Nov 28, 2023 17:47:10.707642",0.564477,71,0xec7f,0xffff,0x8841,27,0xec7f,0xfffc,0x1209,,,physicalInteraction7.pcapng
"Nov 28, 2023 17:47:11.153445",0.445803,71,0xb1bf,0xffff,0x8841,220,0xb1bf,0xfffc,0x1209,,,physicalInteraction7.pcapng
"Nov 28, 2023 17:47:12.810187",1.656742,71,0x711c,0xffff,0x8841,224,0x711c,0xfffc,0x1209,,,physicalInteraction7.pcapng
"Nov 28, 2023 17:47:13.058882",,53,,,,,,,,,,physicalInteraction7.pcapng
"Nov 28, 2023 17:47:13.060930",0.002048,5,,,0x0002,129,,,,,,physicalInteraction7.pcapng
"Nov 28, 2023 17:47:13.064635",,53,,,,,,,,,,physicalInteraction7.pcapng
"Nov 28, 2023 17:47:13.066714",0.002079,5,,,0x0002,22,,,,,,physicalInteraction7.pcapng
"Nov 28, 2023 17:47:13.561025",0.494311,59,0x4308,0xffff,0x8841,169,0x4308,0xfffc,0x1209,,,physicalInteraction7.pcapng
"Nov 28, 2023 17:47:13.566739",0.005714,12,0x4615,0xe1a6,0x8863,130,,,,,,physicalInteraction7.pcapng
"Nov 28, 2023 17:47:13.567475",0.000736,5,,,0x0002,130,,,,,,physicalInteraction7.pcapng
"Nov 28, 2023 17:47:14.202707",0.635232,59,0x4308,0xffff,0x8841,171,,,,,,physicalInteraction7.pcapng
"Nov 28, 2023 17:47:14.524179",0.321472,59,0x4308,0xff9f,0x8841,172,,,,,,physicalInteraction7.pcapng
"Nov 28, 2023 17:47:16.471551",1.947372,71,0x3d95,0xffff,0x8841,163,0x3d95,0xfffc,0x1209,,,physicalInteraction7.pcapng
"Nov 28, 2023 17:47:16.563536",0.091985,59,0x4308,0xffff,0x8841,173,0x4308,0xfffc,0x1209,,,physicalInteraction7.pcapng
"Nov 28, 2023 17:47:16.883088",0.319552,59,0x4308,0xffff,0x8841,174,,,,,,physicalInteraction7.pcapng
"Nov 28, 2023 17:47:17.201682",0.318594,59,0x4308,0xffff,0x8841,175,0x4308,0xfffc,0x1209,,,physicalInteraction7.pcapng
"Nov 28, 2023 17:47:17.478739",0.277057,47,0x4308,0xffff,0x8841,176,0x4308,0xfffc,0x1209,,,physicalInteraction7.pcapng
"Nov 28, 2023 17:47:17.522861",0.044122,59,0x4308,0xffff,0x8841,177,,,,,,physicalInteraction7.pcapng
"Nov 28, 2023 17:47:22.112657",4.589796,71,0x0000,0xffff,0x8841,251,0x0000,0xfffc,0x1209,,,physicalInteraction7.pcapng
"Nov 28, 2023 17:47:22.919991",0.807334,71,0xe1a6,0xffff,0x8841,23,0xe1a6,0xfffc,0x1209,,,physicalInteraction7.pcapng
"Nov 28, 2023 17:47:23.092752",,53,,,,,,,,,,physicalInteraction7.pcapng
"Nov 28, 2023 17:47:23.094800",0.002048,5,,,0x0002,131,,,,,,physicalInteraction7.pcapng
"Nov 28, 2023 17:47:23.098690",,53,,,,,,,,,,physicalInteraction7.pcapng
"Nov 28, 2023 17:47:23.100769",0.002079,5,,,0x0002,24,,,,,,physicalInteraction7.pcapng
"Nov 28, 2023 17:47:23.599496",0.498727,12,0x4615,0xe1a6,0x8863,132,,,,,,physicalInteraction7.pcapng
"Nov 28, 2023 17:47:23.600222",0.000726,5,,,0x0002,132,,,,,,physicalInteraction7.pcapng
"Nov 28, 2023 17:47:24.449645",0.849423,71,0x4e11,0xffff,0x8841,162,0x4e11,0xfffc,0x1209,,,physicalInteraction7.pcapng
"Nov 28, 2023 17:47:24.930496",0.480851,68,0x1e15,0xffff,0x8841,99,0x1e15,0xfffc,0x1209,,,physicalInteraction7.pcapng
"Nov 28, 2023 17:47:25.220569",0.290073,71,0xec7f,0xffff,0x8841,28,0xec7f,0xfffc,0x1209,,,physicalInteraction7.pcapng
"Nov 28, 2023 17:47:25.780968",,50,,,,,,,,,,physicalInteraction7.pcapng
"Nov 28, 2023 17:47:25.782951",0.001983,5,,,0x0002,252,,,,,,physicalInteraction7.pcapng
"Nov 28, 2023 17:47:25.788124",0.005173,55,0x711c,0x0000,0x8861,225,0x711c,0x0000,0x1a09,,,physicalInteraction7.pcapng
"Nov 28, 2023 17:47:25.790267",0.002143,5,,,0x0002,225,,,,,,physicalInteraction7.pcapng
"Nov 28, 2023 17:47:25.834720",,53,,,,,,,,,,physicalInteraction7.pcapng
"Nov 28, 2023 17:47:25.836799",0.002079,5,,,0x0002,226,,,,,,physicalInteraction7.pcapng
"Nov 28, 2023 17:47:25.875865",,50,,,,,,,,,,physicalInteraction7.pcapng
"Nov 28, 2023 17:47:25.877848",0.001983,5,,,0x0002,253,,,,,,physicalInteraction7.pcapng
"Nov 28, 2023 17:47:25.881892",0.004044,55,0x711c,0x0000,0x8861,227,0x711c,0x0000,0x1a09,,,physicalInteraction7.pcapng
"Nov 28, 2023 17:47:25.884034",0.002142,5,,,0x0002,227,,,,,,physicalInteraction7.pcapng
"Nov 28, 2023 17:47:25.889167",0.005133,59,0x4308,0xffff,0x8841,179,0x4308,0xfffc,0x1209,,,physicalInteraction7.pcapng
"Nov 28, 2023 17:47:25.929869",,53,,,,,,,,,,physicalInteraction7.pcapng
"Nov 28, 2023 17:47:25.931948",0.002079,5,,,0x0002,228,,,,,,physicalInteraction7.pcapng
"Nov 28, 2023 17:47:26.196462",0.264514,71,0xb1bf,0xffff,0x8841,221,0xb1bf,0xfffc,0x1209,,,physicalInteraction7.pcapng
"Nov 28, 2023 17:47:26.528203",0.331741,59,0x4308,0xffff,0x8841,181,,,,,,physicalInteraction7.pcapng
"Nov 28, 2023 17:47:28.897627",2.369424,59,0x4308,0xffff,0x8841,183,,,,,,physicalInteraction7.pcapng
"Nov 28, 2023 17:47:29.217519",0.319892,59,0x4d07,0xfffe,0x8841,184,,,,,,physicalInteraction7.pcapng
"Nov 28, 2023 17:47:29.538645",0.321126,59,0x4308,0xffff,0x8841,185,,,,,,physicalInteraction7.pcapng
"Nov 28, 2023 17:47:29.872913",0.334268,71,0x711c,0xffff,0x8841,229,0x711c,0xfffc,0x1209,,,physicalInteraction7.pcapng
"Nov 28, 2023 17:47:31.512163",1.639250,71,0x3d95,0xffff,0x8841,164,0x3d95,0xfffc,0x1209,,,physicalInteraction7.pcapng
"Nov 28, 2023 17:47:31.870867",0.358704,59,0x5bb9,0xffff,0x8841,72,0x5bb9,0xfffc,0x1209,,,physicalInteraction7.pcapng
"Nov 28, 2023 17:47:31.879906",0.009039,47,0x5bb9,0xffff,0x8841,73,0x5bb9,0xfffc,0x1209,,,physicalInteraction7.pcapng
"Nov 28, 2023 17:47:31.933073",0.053167,59,0x3d95,0xffff,0x8841,165,0x5bb9,0xfffc,0x1209,,,physicalInteraction7.pcapng
"Nov 28, 2023 17:47:31.943649",0.010576,77,0x0000,0x3d95,0x8861,254,0x0000,0x3d95,0x1a09,,,physicalInteraction7.pcapng
"Nov 28, 2023 17:47:31.946467",0.002818,5,,,0x0002,254,,,,,,physicalInteraction7.pcapng
"Nov 28, 2023 17:47:31.948880",0.002413,59,0x0112,0xffff,0x8841,180,,,,,,physicalInteraction7.pcapng
"Nov 28, 2023 17:47:31.954949",0.006069,45,0x3d95,0x5bb9,0x8861,166,0x3d95,0x5bb9,0x0209,,,physicalInteraction7.pcapng
"Nov 28, 2023 17:47:31.956773",0.001824,5,,,0x0002,166,,,,,,physicalInteraction7.pcapng
"Nov 28, 2023 17:47:31.959434",0.002661,45,0x3d95,0x5bb9,0x8861,166,0x3d95,0x5bb9,0x0209,,,physicalInteraction7.pcapng
"Nov 28, 2023 17:47:31.961257",0.001823,5,,,0x0002,166,,,,,,physicalInteraction7.pcapng
"Nov 28, 2023 17:47:31.985011",0.023754,59,0xe1a6,0xffff,0x8841,25,0x5bb9,0xfffc,0x1209,,,physicalInteraction7.pcapng
"Nov 28, 2023 17:47:31.996198",0.011187,77,0x0000,0xe1a6,0x8861,255,0x0000,0xe1a6,0x1a09,,,physicalInteraction7.pcapng
"Nov 28, 2023 17:47:31.999017",0.002819,5,,,0x0002,255,,,,,,physicalInteraction7.pcapng
"Nov 28, 2023 17:47:32.002979",0.003962,45,0xe1a6,0x5bb9,0x8861,26,0xe1a6,0x5bb9,0x0209,,,physicalInteraction7.pcapng
"Nov 28, 2023 17:47:32.007447",0.004468,48,,,0x0001,0,,,,,,physicalInteraction7.pcapng
"Nov 28, 2023 17:47:32.011948",0.004501,48,0x7c4e,0xf486,0x8861,138,,,,,,physicalInteraction7.pcapng
"Nov 28, 2023 17:47:32.015032",,48,,,,,,,,,,physicalInteraction7.pcapng
"Nov 28, 2023 17:47:32.016765",0.001733,45,0xe1a6,0x5bb9,0x8861,26,0xe1a6,0x5bb9,0x0209,,,physicalInteraction7.pcapng
"Nov 28, 2023 17:47:32.019147",0.002382,59,0xec7f,0xffff,0x8841,29,0x5bb9,0xfffc,0x1209,,,physicalInteraction7.pcapng
"Nov 28, 2023 17:47:32.042836",0.023689,59,0x0112,0xffff,0x8841,181,0x5bb9,0xfffc,0x1209,,,physicalInteraction7.pcapng
"Nov 28, 2023 17:47:32.048903",0.006067,59,0xb1bf,0xffff,0x8841,222,0x5bb9,0xfffc,0x1209,,,physicalInteraction7.pcapng
"Nov 28, 2023 17:47:32.056991",0.008088,59,0x1e15,0xffff,0x8841,100,0x5bb9,0xfffc,0x1209,,,physicalInteraction7.pcapng
"Nov 28, 2023 17:47:32.066974",,48,,,,,,,,,,physicalInteraction7.pcapng
"Nov 28, 2023 17:47:32.068863",0.001889,5,,,0x0002,75,,,,,,physicalInteraction7.pcapng
"Nov 28, 2023 17:47:32.072736",,48,,,,,,,,,,physicalInteraction7.pcapng
"Nov 28, 2023 17:47:32.074655",0.001919,5,,,0x0002,167,,,,,,physicalInteraction7.pcapng
"Nov 28, 2023 17:47:32.084778",0.010123,59,0x711c,0xffff,0x8841,230,0x5bb9,0xfffc,0x1209,,,physicalInteraction7.pcapng
"Nov 28, 2023 17:47:32.091726",,62,,,,,,,,,,physicalInteraction7.pcapng
"Nov 28, 2023 17:47:32.094063",0.002337,5,,,0x0002,0,,,,,,physicalInteraction7.pcapng
"Nov 28, 2023 17:47:32.098005",,62,,,,,,,,,,physicalInteraction7.pcapng
"Nov 28, 2023 17:47:32.100372",0.002367,5,,,0x0002,27,,,,,,physicalInteraction7.pcapng
"Nov 28, 2023 17:47:32.101080",0.000708,59,0x4e11,0xffff,0x8841,163,0x5bb9,0xfffc,0x1209,,,physicalInteraction7.pcapng
"Nov 28, 2023 17:47:32.104595",,45,,,,,,,,,,physicalInteraction7.pcapng
"Nov 28, 2023 17:47:32.106388",0.001793,5,,,0x0002,1,,,,,,physicalInteraction7.pcapng
"Nov 28, 2023 17:47:32.109982",0.003594,58,0x5ceb,0xbbbb,0x8861,76,,,,,,physicalInteraction7.pcapng
"Nov 28, 2023 17:47:32.114990",,45,,,,,,,,,,physicalInteraction7.pcapng
"Nov 28, 2023 17:47:32.119540",,45,,,,,,,,,,physicalInteraction7.pcapng
"Nov 28, 2023 17:47:32.121363",0.001823,5,,,0x0002,28,,,,,,physicalInteraction7.pcapng
"Nov 28, 2023 17:47:32.124097",,45,,,,,,,,,,physicalInteraction7.pcapng
"Nov 28, 2023 17:47:32.125920",0.001823,5,,,0x0002,28,,,,,,physicalInteraction7.pcapng
"Nov 28, 2023 17:47:32.128781",,45,,,,,,,,,,physicalInteraction7.pcapng
"Nov 28, 2023 17:47:32.130562",0.001781,5,,,0x0002,2,,,,,,physicalInteraction7.pcapng
"Nov 28, 2023 17:47:32.132542",0.001980,58,0x5bb9,0x3d95,0x8861,76,,,,,,physicalInteraction7.pcapng
"Nov 28, 2023 17:47:32.137722",0.005180,45,0x5bb9,0x3d95,0x8861,77,,,,,,physicalInteraction7.pcapng
"Nov 28, 2023 17:47:32.142204",,50,,,,,,,,,,physicalInteraction7.pcapng
"Nov 28, 2023 17:47:32.145497",0.003293,45,0x5bb9,0x3d95,0x8861,77,,,,,,physicalInteraction7.pcapng
"Nov 28, 2023 17:47:32.149114",,45,,,,,,,,,,physicalInteraction7.pcapng
"Nov 28, 2023 17:47:32.150896",0.001782,5,,,0x0002,77,,,,,,physicalInteraction7.pcapng
"Nov 28, 2023 17:47:32.151460",,45,,,,,,,,,,physicalInteraction7.pcapng
"Nov 28, 2023 17:47:32.153283",0.001823,5,,,0x0002,29,,,,,,physicalInteraction7.pcapng
"Nov 28, 2023 17:47:32.154736",,45,,,,,,,,,,physicalInteraction7.pcapng
"Nov 28, 2023 17:47:32.156559",0.001823,5,,,0x0002,168,,,,,,physicalInteraction7.pcapng
"Nov 28, 2023 17:47:32.157954",,50,,,,,,,,,,physicalInteraction7.pcapng
"Nov 28, 2023 17:47:32.159905",0.001951,5,,,0x0002,3,,,,,,physicalInteraction7.pcapng
"Nov 28, 2023 17:47:32.163733",,50,,,,,,,,,,physicalInteraction7.pcapng
"Nov 28, 2023 17:47:32.165717",0.001984,5,,,0x0002,30,,,,,,physicalInteraction7.pcapng
"Nov 28, 2023 17:47:32.169015",,53,,,,,,,,,,physicalInteraction7.pcapng
"Nov 28, 2023 17:47:32.171055",0.002040,5,,,0x0002,78,,,,,,physicalInteraction7.pcapng
"Nov 28, 2023 17:47:32.173748",0.002693,58,0x5bb9,0x3d95,0x8861,79,,,,,,physicalInteraction7.pcapng
"Nov 28, 2023 17:47:32.178584",0.004836,58,0x5bb9,0x3d95,0x8861,79,,,,,,physicalInteraction7.pcapng
"Nov 28, 2023 17:47:32.183414",,50,,,,,,,,,,physicalInteraction7.pcapng
"Nov 28, 2023 17:47:32.188713",,50,,,,,,,,,,physicalInteraction7.pcapng
"Nov 28, 2023 17:47:32.192068",,50,,,,,,,,,,physicalInteraction7.pcapng
"Nov 28, 2023 17:47:32.194019",0.001951,5,,,0x0002,4,,,,,,physicalInteraction7.pcapng
"Nov 28, 2023 17:47:32.197866",,50,,,,,,,,,,physicalInteraction7.pcapng
"Nov 28, 2023 17:47:32.199849",0.001983,5,,,0x0002,31,,,,,,physicalInteraction7.pcapng
"Nov 28, 2023 17:47:32.210537",,58,,,,,,,,,,physicalInteraction7.pcapng
"Nov 28, 2023 17:47:32.212747",0.002210,5,,,0x0002,79,,,,,,physicalInteraction7.pcapng
"Nov 28, 2023 17:47:32.216546",,58,,,,,,,,,,physicalInteraction7.pcapng
"Nov 28, 2023 17:47:32.218644",0.002098,59,0x0112,0xffff,0x8841,183,,,,,,physicalInteraction7.pcapng
"Nov 28, 2023 17:47:32.223686",,58,,,,,,,,,,physicalInteraction7.pcapng
"Nov 28, 2023 17:47:32.225924",0.002238,5,,,0x0002,171,,,,,,physicalInteraction7.pcapng
"Nov 28, 2023 17:47:32.227814",,53,,,,,,,,,,physicalInteraction7.pcapng
"Nov 28, 2023 17:47:32.229862",0.002048,5,,,0x0002,81,,,,,,physicalInteraction7.pcapng
"Nov 28, 2023 17:47:32.233597",,53,,,,,,,,,,physicalInteraction7.pcapng
"Nov 28, 2023 17:47:32.238491",,53,,,,,,,,,,physicalInteraction7.pcapng
"Nov 28, 2023 17:47:32.240569",0.002078,5,,,0x0002,172,,,,,,physicalInteraction7.pcapng
"Nov 28, 2023 17:47:32.243248",,53,,,,,,,,,,physicalInteraction7.pcapng
"Nov 28, 2023 17:47:32.245327",0.002079,5,,,0x0002,172,,,,,,physicalInteraction7.pcapng
"Nov 28, 2023 17:47:32.256388",0.011061,59,0xe1a6,0xffff,0x8841,32,0x5bb9,0xfffc,0x1209,,,physicalInteraction7.pcapng
"Nov 28, 2023 17:47:32.280572",,90,,,,,,,,,,physicalInteraction7.pcapng
"Nov 28, 2023 17:47:32.283803",0.003231,5,,,0x0002,5,,,,,,physicalInteraction7.pcapng
"Nov 28, 2023 17:47:32.287954",,90,,,,,,,,,,physicalInteraction7.pcapng
"Nov 28, 2023 17:47:32.291217",0.003263,5,,,0x0002,33,,,,,,physicalInteraction7.pcapng
"Nov 28, 2023 17:47:32.294223",0.003006,59,0xec7f,0xffff,0x8841,30,0x5bb9,0xfffc,0x1209,,,physicalInteraction7.pcapng
"Nov 28, 2023 17:47:32.297037",,65,,,,,,,,,,physicalInteraction7.pcapng
"Nov 28, 2023 17:47:32.299470",0.002433,5,,,0x0002,82,,,,,,physicalInteraction7.pcapng
"Nov 28, 2023 17:47:32.302972",0.003502,59,0x3faf,0xffff,0x8841,223,,,,,,physicalInteraction7.pcapng
"Nov 28, 2023 17:47:32.308602",,65,,,,,,,,,,physicalInteraction7.pcapng
"Nov 28, 2023 17:47:32.311064",0.002462,5,,,0x0002,173,,,,,,physicalInteraction7.pcapng
"Nov 28, 2023 17:47:32.313919",,65,,,,,,,,,,physicalInteraction7.pcapng
"Nov 28, 2023 17:47:32.316382",0.002463,5,,,0x0002,173,,,,,,physicalInteraction7.pcapng
"Nov 28, 2023 17:47:32.319127",0.002745,59,0x1e15,0xffff,0x8841,101,0x5bb9,0xfffc,0x1209,,,physicalInteraction7.pcapng
"Nov 28, 2023 17:47:32.329269",,39,,,,,,,,,,physicalInteraction7.pcapng
"Nov 28, 2023 17:47:32.330868",0.001599,5,,,0x0002,6,,,,,,physicalInteraction7.pcapng
"Nov 28, 2023 17:47:32.334530",,39,,,,,,,,,,physicalInteraction7.pcapng
"Nov 28, 2023 17:47:32.336161",0.001631,5,,,0x0002,34,,,,,,physicalInteraction7.pcapng
"Nov 28, 2023 17:47:32.339806",,67,,,,,,,,,,physicalInteraction7.pcapng
"Nov 28, 2023 17:47:32.342300",0.002494,5,,,0x0002,7,,,,,,physicalInteraction7.pcapng
"Nov 28, 2023 17:47:32.346298",,67,,,,,,,,,,physicalInteraction7.pcapng
"Nov 28, 2023 17:47:32.348825",0.002527,5,,,0x0002,35,,,,,,physicalInteraction7.pcapng
"Nov 28, 2023 17:47:32.351062",0.002237,77,0x0000,0xe1a6,0x8861,8,0x0000,0xe1a6,0x1a09,,,physicalInteraction7.pcapng
"Nov 28, 2023 17:47:32.353879",0.002817,5,,,0x0002,8,,,,,,physicalInteraction7.pcapng
"Nov 28, 2023 17:47:32.355670",,48,,,,,,,,,,physicalInteraction7.pcapng
"Nov 28, 2023 17:47:32.357559",0.001889,5,,,0x0000,0,,,,,,physicalInteraction7.pcapng
"Nov 28, 2023 17:47:32.361320",,48,,,,,,,,,,physicalInteraction7.pcapng
"Nov 28, 2023 17:47:32.363514",0.002194,48,0x5bb9,0x3d95,0x8861,83,,,,,,physicalInteraction7.pcapng
"Nov 28, 2023 17:47:32.369469",0.005955,45,0x02a6,0xfbb9,0x8861,36,,,,,,physicalInteraction7.pcapng
"Nov 28, 2023 17:47:32.373939",0.004470,45,0xe1a6,0x5b83,0x8861,36,,,,,,physicalInteraction7.pcapng
"Nov 28, 2023 17:47:32.376894",0.002955,48,0x5bb9,0x3d95,0x8861,83,,,,,,physicalInteraction7.pcapng
"Nov 28, 2023 17:47:32.395061",,48,,,,,,,,,,physicalInteraction7.pcapng
"Nov 28, 2023 17:47:32.396980",0.001919,5,,,0x0002,174,,,,,,physicalInteraction7.pcapng
"Nov 28, 2023 17:47:32.409730",0.012750,48,0x5bb9,0x3d95,0x8861,84,,,,,,physicalInteraction7.pcapng
"Nov 28, 2023 17:47:32.413277",,48,,,,,,,,,,physicalInteraction7.pcapng
"Nov 28, 2023 17:47:32.415166",0.001889,5,,,0x0002,84,,,,,,physicalInteraction7.pcapng
"Nov 28, 2023 17:47:32.418987",,48,,,,,,,,,,physicalInteraction7.pcapng
"Nov 28, 2023 17:47:32.423619",,48,,,,,,,,,,physicalInteraction7.pcapng
"Nov 28, 2023 17:47:32.428385",,48,,,,,,,,,,physicalInteraction7.pcapng
"Nov 28, 2023 17:47:32.430304",0.001919,5,,,0x0002,175,,,,,,physicalInteraction7.pcapng
"Nov 28, 2023 17:47:32.431184",0.000880,59,0x4e11,0xffff,0x8841,164,0x5bb9,0xfffc,0x1209,,,physicalInteraction7.pcapng
"Nov 28, 2023 17:47:32.441517",0.010333,59,0x3d95,0xffff,0x8841,176,0x5bb9,0xfffc,0x1209,,,physicalInteraction7.pcapng
"Nov 28, 2023 17:47:32.493466",0.051949,59,0xe1a6,0xffff,0x8841,37,0x5bb9,0xfffc,0x1209,,,physicalInteraction7.pcapng
"Nov 28, 2023 17:47:32.514857",0.021391,47,0x4308,0xffff,0x8841,186,,,,,,physicalInteraction7.pcapng
"Nov 28, 2023 17:47:32.552227",0.037370,59,0x5bb9,0xffff,0x8841,85,0x5bb9,0xfffc,0x1209,,,physicalInteraction7.pcapng
"Nov 28, 2023 17:47:32.557757",0.005530,59,0xb1bf,0xffff,0x8841,224,0x5bb9,0xfffc,0x1209,,,physicalInteraction7.pcapng
"Nov 28, 2023 17:47:32.565129",0.007372,59,0x1e15,0xffff,0x8841,102,0x5bb9,0xfffc,0x1209,,,physicalInteraction7.pcapng
"Nov 28, 2023 17:47:32.644288",0.079159,59,0x711c,0xffff,0x8841,232,0x5bb9,0xfffc,0x1209,,,physicalInteraction7.pcapng
"Nov 28, 2023 17:47:32.659368",0.015080,59,0xec7f,0xffff,0x8841,31,0x5bb9,0xfffc,0x1209,,,physicalInteraction7.pcapng
"Nov 28, 2023 17:47:32.759476",0.100108,77,0x0000,0xe1a6,0x8861,9,0x0000,0xe1a6,0x1a09,,,physicalInteraction7.pcapng
"Nov 28, 2023 17:47:32.762292",0.002816,5,,,0x0002,9,,,,,,physicalInteraction7.pcapng
"Nov 28, 2023 17:47:32.766262",0.003970,45,0xe1a6,0x5bb9,0x8861,38,0xe1a6,0x5bb9,0x0209,,,physicalInteraction7.pcapng
"Nov 28, 2023 17:47:32.768085",0.001823,5,,,0x0002,38,,,,,,physicalInteraction7.pcapng
"Nov 28, 2023 17:47:32.786176",0.018091,59,0x4e11,0xffff,0x8841,165,0x5bb9,0xfffc,0x1209,,,physicalInteraction7.pcapng
"Nov 28, 2023 17:47:32.891835",0.105659,59,0x5bb9,0xffff,0x8841,86,0x5bb9,0xfffc,0x1209,,,physicalInteraction7.pcapng
"Nov 28, 2023 17:47:33.168241",0.276406,77,0x0000,0xe1a6,0x8861,10,0x0000,0xe1a6,0x1a09,,,physicalInteraction7.pcapng
"Nov 28, 2023 17:47:33.171056",0.002815,5,,,0x0002,10,,,,,,physicalInteraction7.pcapng
"Nov 28, 2023 17:47:33.173670",0.002614,74,0x4e11,0xffff,0x8841,166,0x4e11,0xfffc,0x1209,,,physicalInteraction7.pcapng
"Nov 28, 2023 17:47:33.185477",0.011807,45,0xe1a6,0x5bb9,0x8861,39,0xe1a6,0x5bb9,0x0209,,,physicalInteraction7.pcapng
"Nov 28, 2023 17:47:33.187300",0.001823,5,,,0x0002,39,,,,,,physicalInteraction7.pcapng
"Nov 28, 2023 17:47:33.265641",0.078341,74,0xec7f,0xffff,0x8841,32,0xec7f,0xfffc,0x1209,,,physicalInteraction7.pcapng
"Nov 28, 2023 17:47:33.534717",0.269076,10,,,0x0803,87,,,,,,physicalInteraction7.pcapng
"Nov 28, 2023 17:47:33.544179",0.009462,28,0x0112,,0x8000,72,,,,,,physicalInteraction7.pcapng
"Nov 28, 2023 17:47:33.546776",0.002597,28,0x0000,,0x8000,11,,,,,,physicalInteraction7.pcapng
"Nov 28, 2023 17:47:33.548546",0.001770,28,0x711c,,0x8000,233,,,,,,physicalInteraction7.pcapng
"Nov 28, 2023 17:47:33.556484",0.007938,28,0xe1a6,,0x8000,40,,,,,,physicalInteraction7.pcapng
"Nov 28, 2023 17:47:33.558366",0.001882,28,0x4e11,,0x8000,153,,,,,,physicalInteraction7.pcapng
"Nov 28, 2023 17:47:33.567083",0.008717,28,0xec7f,,0x8000,15,,,,,,physicalInteraction7.pcapng
"Nov 28, 2023 17:47:33.645434",0.078351,28,0xb1bf,,0x8000,225,,,,,,physicalInteraction7.pcapng
"Nov 28, 2023 17:47:33.653366",0.007932,28,0x3d95,,0x8000,177,,,,,,physicalInteraction7.pcapng
"Nov 28, 2023 17:47:34.259457",0.606091,74,0x711c,0xffff,0x8841,234,0x711c,0xfffc,0x1209,,,physicalInteraction7.pcapng
"Nov 28, 2023 17:47:35.354553",1.095096,74,0x0000,0xffff,0x8841,12,0x0000,0xfffc,0x1209,,,physicalInteraction7.pcapng
"Nov 28, 2023 17:47:35.505112",0.150559,74,0x5bb9,0xffff,0x8841,103,0x5bb9,0xfffc,0x1209,,,physicalInteraction7.pcapng
"Nov 28, 2023 17:47:36.329699",,65,,,,,,,,,,physicalInteraction7.pcapng
"Nov 28, 2023 17:47:36.341702",,65,,,,,,,,,,physicalInteraction7.pcapng
"Nov 28, 2023 17:47:36.357141",,65,,,,,,,,,,physicalInteraction7.pcapng
"Nov 28, 2023 17:47:36.371881",,65,,,,,,,,,,physicalInteraction7.pcapng
"Nov 28, 2023 17:47:36.374578",,65,,,,,,,,,,physicalInteraction7.pcapng
"Nov 28, 2023 17:47:36.378470",,65,,,,,,,,,,physicalInteraction7.pcapng
"Nov 28, 2023 17:47:36.389877",,49,,,,,,,,,,physicalInteraction7.pcapng
"Nov 28, 2023 17:47:36.393816",,65,,,,,,,,,,physicalInteraction7.pcapng
"Nov 28, 2023 17:47:36.398864",0.005048,55,0x5bb9,0xe1a6,0x8861,105,0x5bb9,0x0000,0x1a09,,,physicalInteraction7.pcapng
"Nov 28, 2023 17:47:36.400977",0.002113,5,,,0x0002,105,,,,,,physicalInteraction7.pcapng
"Nov 28, 2023 17:47:36.404567",0.003590,57,0xe1a6,0x0000,0x8861,42,0x5bb9,0x0000,0x1a09,,,physicalInteraction7.pcapng
"Nov 28, 2023 17:47:36.406774",0.002207,5,,,0x0002,42,,,,,,physicalInteraction7.pcapng
"Nov 28, 2023 17:47:36.408746",,65,,,,,,,,,,physicalInteraction7.pcapng
"Nov 28, 2023 17:47:36.445006",,50,,,,,,,,,,physicalInteraction7.pcapng
"Nov 28, 2023 17:47:36.446955",0.001949,5,,,0x0002,106,,,,,,physicalInteraction7.pcapng
"Nov 28, 2023 17:47:36.450837",,50,,,,,,,,,,physicalInteraction7.pcapng
"Nov 28, 2023 17:47:36.452820",0.001983,5,,,0x0002,43,,,,,,physicalInteraction7.pcapng
"Nov 28, 2023 17:47:36.602923",,65,,,,,,,,,,physicalInteraction7.pcapng
"Nov 28, 2023 17:47:36.617560",,65,,,,,,,,,,physicalInteraction7.pcapng
"Nov 28, 2023 17:47:36.624567",,65,,,,,,,,,,physicalInteraction7.pcapng
"Nov 28, 2023 17:47:36.635875",,65,,,,,,,,,,physicalInteraction7.pcapng
"Nov 28, 2023 17:47:36.832464",,65,,,,,,,,,,physicalInteraction7.pcapng
"Nov 28, 2023 17:47:36.838336",,65,,,,,,,,,,physicalInteraction7.pcapng
"Nov 28, 2023 17:47:36.848869",,65,,,,,,,,,,physicalInteraction7.pcapng
"Nov 28, 2023 17:47:36.863220",,65,,,,,,,,,,physicalInteraction7.pcapng
"Nov 28, 2023 17:47:36.870537",,65,,,,,,,,,,physicalInteraction7.pcapng
"Nov 28, 2023 17:47:36.881640",,65,,,,,,,,,,physicalInteraction7.pcapng
"Nov 28, 2023 17:47:36.906719",,65,,,,,,,,,,physicalInteraction7.pcapng
"Nov 28, 2023 17:47:37.290878",,65,,,,,,,,,,physicalInteraction7.pcapng
"Nov 28, 2023 17:47:37.394438",,54,,,,,,,,,,physicalInteraction7.pcapng
"Nov 28, 2023 17:47:37.396549",0.002111,5,,,0x0002,101,,,,,,physicalInteraction7.pcapng
"Nov 28, 2023 17:47:37.568409",0.171860,59,0x4308,0xffff,0x8841,187,,,,,,physicalInteraction7.pcapng
"Nov 28, 2023 17:47:37.895074",0.326665,59,0x4308,0xffff,0x8841,188,0x4308,0xfffc,0x1209,,,physicalInteraction7.pcapng
"Nov 28, 2023 17:47:37.944312",0.049238,74,0xe1a6,0xffff,0x8841,46,0xe1a6,0xfffc,0x1209,,,physicalInteraction7.pcapng
"Nov 28, 2023 17:47:38.211833",,54,,,,,,,,,,physicalInteraction7.pcapng
"Nov 28, 2023 17:47:38.213903",0.002070,5,,,0x0002,16,,,,,,physicalInteraction7.pcapng
"Nov 28, 2023 17:47:38.215647",0.001744,59,0x4308,0xffff,0x8841,189,,,,,,physicalInteraction7.pcapng
"Nov 28, 2023 17:47:38.219751",0.004104,5,,,0x0002,47,,,,,,physicalInteraction7.pcapng
"Nov 28, 2023 17:47:38.223832",0.004081,55,0x5bb9,0xe1a6,0x8861,109,,,,,,physicalInteraction7.pcapng
"Nov 28, 2023 17:47:38.225944",0.002112,5,,,0x0002,109,,,,,,physicalInteraction7.pcapng
"Nov 28, 2023 17:47:38.229617",0.003673,57,0xe1a6,0x0000,0x8861,48,0x5bb9,0x0000,0x1a09,,,physicalInteraction7.pcapng
"Nov 28, 2023 17:47:38.231824",0.002207,5,,,0x0002,48,,,,,,physicalInteraction7.pcapng
"Nov 28, 2023 17:47:38.273552",,53,,,,,,,,,,physicalInteraction7.pcapng
"Nov 28, 2023 17:47:38.275601",0.002049,5,,,0x0002,110,,,,,,physicalInteraction7.pcapng
"Nov 28, 2023 17:47:38.279217",,53,,,,,,,,,,physicalInteraction7.pcapng
"Nov 28, 2023 17:47:38.281296",0.002079,5,,,0x0002,49,,,,,,physicalInteraction7.pcapng
"Nov 28, 2023 17:47:39.864627",1.583331,68,0x1e15,0xffff,0x8841,106,0x1e15,0xfffc,0x1209,,,physicalInteraction7.pcapng
"Nov 28, 2023 17:47:39.932785",,52,,,,,,,,,,physicalInteraction7.pcapng
"Nov 28, 2023 17:47:39.934790",0.002005,5,,,0x0002,17,,,,,,physicalInteraction7.pcapng
"Nov 28, 2023 17:47:39.942551",,63,,,,,,,,,,physicalInteraction7.pcapng
"Nov 28, 2023 17:47:39.944950",0.002399,5,,,0x0002,50,,,,,,physicalInteraction7.pcapng
"Nov 28, 2023 17:47:39.968132",,52,,,,,,,,,,physicalInteraction7.pcapng
"Nov 28, 2023 17:47:39.970150",0.002018,5,,,0x0002,18,,,,,,physicalInteraction7.pcapng
"Nov 28, 2023 17:47:39.973286",0.003136,74,0x5bb9,0xffff,0x8841,111,0x5bb9,0xfffc,0x1209,,,physicalInteraction7.pcapng
"Nov 28, 2023 17:47:39.978131",,63,,,,,,,,,,physicalInteraction7.pcapng
"Nov 28, 2023 17:47:39.980530",0.002399,5,,,0x0002,181,,,,,,physicalInteraction7.pcapng
"Nov 28, 2023 17:47:39.985689",,45,,,,,,,,,,physicalInteraction7.pcapng
"Nov 28, 2023 17:47:39.987480",0.001791,5,,,0x0002,19,,,,,,physicalInteraction7.pcapng
"Nov 28, 2023 17:47:40.008845",,54,,,,,,,,,,physicalInteraction7.pcapng
"Nov 28, 2023 17:47:40.010914",0.002069,5,,,0x0002,20,,,,,,physicalInteraction7.pcapng
"Nov 28, 2023 17:47:40.018694",,66,,,,,,,,,,physicalInteraction7.pcapng
"Nov 28, 2023 17:47:40.021189",0.002495,5,,,0x0002,51,,,,,,physicalInteraction7.pcapng
"Nov 28, 2023 17:47:40.028228",,45,,,,,,,,,,physicalInteraction7.pcapng
"Nov 28, 2023 17:47:40.030020",0.001792,5,,,0x0002,21,,,,,,physicalInteraction7.pcapng
"Nov 28, 2023 17:47:40.046111",,54,,,,,,,,,,physicalInteraction7.pcapng
"Nov 28, 2023 17:47:40.048192",0.002081,5,,,0x0002,22,,,,,,physicalInteraction7.pcapng
"Nov 28, 2023 17:47:40.055937",,66,,,,,,,,,,physicalInteraction7.pcapng
"Nov 28, 2023 17:47:40.058432",0.002495,5,,,0x0002,182,,,,,,physicalInteraction7.pcapng
"Nov 28, 2023 17:47:40.059655",,54,,,,,,,,,,physicalInteraction7.pcapng
"Nov 28, 2023 17:47:40.061766",0.002111,5,,,0x0002,23,,,,,,physicalInteraction7.pcapng
"Nov 28, 2023 17:47:40.066117",,54,,,,,,,,,,physicalInteraction7.pcapng
"Nov 28, 2023 17:47:40.068198",0.002081,5,,,0x0002,236,,,,,,physicalInteraction7.pcapng
"Nov 28, 2023 17:47:40.076175",,66,,,,,,,,,,physicalInteraction7.pcapng
"Nov 28, 2023 17:47:40.078670",0.002495,5,,,0x0002,229,,,,,,physicalInteraction7.pcapng
"Nov 28, 2023 17:47:40.081050",,45,,,,,,,,,,physicalInteraction7.pcapng
"Nov 28, 2023 17:47:40.092647",,45,,,,,,,,,,physicalInteraction7.pcapng
"Nov 28, 2023 17:47:40.094442",0.001795,5,,,0x0002,24,,,,,,physicalInteraction7.pcapng
"Nov 28, 2023 17:47:40.098517",,52,,,,,,,,,,physicalInteraction7.pcapng
"Nov 28, 2023 17:47:40.100564",0.002047,5,,,0x0002,25,,,,,,physicalInteraction7.pcapng
"Nov 28, 2023 17:47:40.108053",,52,,,,,,,,,,physicalInteraction7.pcapng
"Nov 28, 2023 17:47:40.110068",0.002015,107,,,,,,,,,,physicalInteraction7.pcapng
"Nov 28, 2023 17:47:40.114850",0.004782,5,,,0x0002,26,,,,,,physicalInteraction7.pcapng
"Nov 28, 2023 17:47:40.117113",,63,,,,,,,,,,physicalInteraction7.pcapng
"Nov 28, 2023 17:47:40.119511",0.002398,5,,,0x0002,230,,,,,,physicalInteraction7.pcapng
"Nov 28, 2023 17:47:40.123171",,45,,,,,,,,,,physicalInteraction7.pcapng
"Nov 28, 2023 17:47:40.124994",0.001823,5,,,0x0002,27,,,,,,physicalInteraction7.pcapng
"Nov 28, 2023 17:47:40.127666",,45,,,,,,,,,,physicalInteraction7.pcapng
"Nov 28, 2023 17:47:40.129459",0.001793,5,,,0x0002,238,,,,,,physicalInteraction7.pcapng
"Nov 28, 2023 17:47:40.135498",,45,,,,,,,,,,physicalInteraction7.pcapng
"Nov 28, 2023 17:47:40.137321",0.001823,5,,,0x0002,28,,,,,,physicalInteraction7.pcapng
"Nov 28, 2023 17:47:40.141912",,45,,,,,,,,,,physicalInteraction7.pcapng
"Nov 28, 2023 17:47:40.143706",0.001794,5,,,0x0002,239,,,,,,physicalInteraction7.pcapng
"Nov 28, 2023 17:47:40.567370",0.423664,59,0x4308,0xffff,0x8841,191,,,,,,physicalInteraction7.pcapng
"Nov 28, 2023 17:47:40.893641",0.326271,59,0xedd8,0xefff,0x8841,192,,,,,,physicalInteraction7.pcapng
"Nov 28, 2023 17:47:41.195679",0.302038,74,0xb1bf,0xffff,0x8841,231,0xb1bf,0xfffc,0x1209,,,physicalInteraction7.pcapng
"Nov 28, 2023 17:47:41.212221",0.016542,59,0x4308,0xffff,0x8841,193,,,,,,physicalInteraction7.pcapng
"Nov 28, 2023 17:47:41.533322",0.321101,59,0x4308,0xffff,0x8841,194,,,,,,physicalInteraction7.pcapng
"Nov 28, 2023 17:47:41.935660",0.402338,55,0x5bb9,0xe1aa,0x8861,112,,,,,,physicalInteraction7.pcapng
"Nov 28, 2023 17:47:41.937772",0.002112,5,,,0x0002,112,,,,,,physicalInteraction7.pcapng
"Nov 28, 2023 17:47:41.941613",0.003841,57,0xe1a6,0x0000,0x8861,52,0x5bb9,0x0000,0x1a09,,,physicalInteraction7.pcapng
"Nov 28, 2023 17:47:41.943820",0.002207,5,,,0x0002,52,,,,,,physicalInteraction7.pcapng
"Nov 28, 2023 17:47:41.949536",0.005716,55,0x5bb9,0xe1a6,0x8861,113,,,,,,physicalInteraction7.pcapng
"Nov 28, 2023 17:47:41.951649",0.002113,5,,,0x0002,113,,,,,,physicalInteraction7.pcapng
"Nov 28, 2023 17:47:41.955280",0.003631,57,0xe1a6,0x0000,0x8861,53,0x5bb9,0x0000,0x1a09,,,physicalInteraction7.pcapng
"Nov 28, 2023 17:47:41.957487",0.002207,5,,,0x0002,53,,,,,,physicalInteraction7.pcapng
"Nov 28, 2023 17:47:41.971021",0.013534,52,0x5bb9,0xe1a6,0x8861,114,,,,,,physicalInteraction7.pcapng
"Nov 28, 2023 17:47:41.973027",0.002006,5,,,0x0002,114,,,,,,physicalInteraction7.pcapng
"Nov 28, 2023 17:47:41.975365",0.002338,52,0x5bb9,0xe1a6,0x8861,115,,,,,,physicalInteraction7.pcapng
"Nov 28, 2023 17:47:41.980474",0.005109,52,0x5bb9,0xe1a6,0x8861,115,,,,,,physicalInteraction7.pcapng
"Nov 28, 2023 17:47:41.983568",,52,,,,,,,,,,physicalInteraction7.pcapng
"Nov 28, 2023 17:47:41.986252",,52,,,,,,,,,,physicalInteraction7.pcapng
"Nov 28, 2023 17:47:41.988299",0.002047,5,,,0x0002,54,,,,,,physicalInteraction7.pcapng
"Nov 28, 2023 17:47:41.988959",,52,,,,,,,,,,physicalInteraction7.pcapng
"Nov 28, 2023 17:47:41.990965",0.002006,5,,,0x0002,115,,,,,,physicalInteraction7.pcapng
"Nov 28, 2023 17:47:41.994614",,52,,,,,,,,,,physicalInteraction7.pcapng
"Nov 28, 2023 17:47:41.996661",0.002047,5,,,0x0002,55,,,,,,physicalInteraction7.pcapng
"Nov 28, 2023 17:47:43.161909",,53,,,,,,,,,,physicalInteraction7.pcapng
"Nov 28, 2023 17:47:43.163945",0.002036,5,,,0x0002,133,,,,,,physicalInteraction7.pcapng
"Nov 28, 2023 17:47:43.167800",,53,,,,,,,,,,physicalInteraction7.pcapng
"Nov 28, 2023 17:47:43.169878",0.002078,5,,,0x0002,56,,,,,,physicalInteraction7.pcapng
"Nov 28, 2023 17:47:43.668886",0.499008,12,0x4615,0xe1a6,0x8863,134,,,,,,physicalInteraction7.pcapng
"Nov 28, 2023 17:47:43.669622",0.000736,5,,,0x0002,134,,,,,,physicalInteraction7.pcapng
"Nov 28, 2023 17:47:44.066289",0.396667,74,0x5bb9,0xffff,0x8841,116,0x5bb9,0xfffc,0x1209,,,physicalInteraction7.pcapng
"Nov 28, 2023 17:47:46.477543",2.411254,74,0x3d95,0xffff,0x8841,183,0x3d95,0xfffc,0x1209,,,physicalInteraction7.pcapng
"Nov 28, 2023 17:47:49.568988",3.091445,59,0x4308,0xffff,0x8841,196,,,,,,physicalInteraction7.pcapng
"Nov 28, 2023 17:47:49.889902",0.320914,59,0xa3e8,0xe9a0,0x8841,197,,,,,,physicalInteraction7.pcapng
"Nov 28, 2023 17:47:49.989905",0.100003,74,0x711c,0xffff,0x8841,240,0x711c,0xfffc,0x1209,,,physicalInteraction7.pcapng
"Nov 28, 2023 17:47:50.207516",0.217611,59,0x4308,0xffff,0x8841,198,,,,,,physicalInteraction7.pcapng
"Nov 28, 2023 17:47:50.340647",0.133131,74,0x4e11,0xffff,0x8841,168,0x4e11,0xfffc,0x1209,,,physicalInteraction7.pcapng
"Nov 28, 2023 17:47:50.515324",0.174677,74,0xec7f,0xffff,0x8841,35,0xec7f,0xfffc,0x1209,,,physicalInteraction7.pcapng
"Nov 28, 2023 17:47:50.528029",0.012705,59,0x4308,0xfff5,0x8841,199,,,,,,physicalInteraction7.pcapng
"Nov 28, 2023 17:47:52.570268",2.042239,59,0x4308,0xffff,0x8841,200,,,,,,physicalInteraction7.pcapng
"Nov 28, 2023 17:47:52.777582",0.207314,74,0x0000,0xffff,0x8841,29,0x0000,0xfffc,0x1209,,,physicalInteraction7.pcapng
"Nov 28, 2023 17:47:52.898135",0.120553,59,0x4308,0xffff,0x8841,201,,,,,,physicalInteraction7.pcapng
"Nov 28, 2023 17:47:52.933779",0.035644,74,0xe1a6,0xffff,0x8841,57,0xe1a6,0xfffc,0x1209,,,physicalInteraction7.pcapng
"Nov 28, 2023 17:47:53.197459",,53,,,,,,,,,,physicalInteraction7.pcapng
"Nov 28, 2023 17:47:53.199498",0.002039,5,,,0x0002,135,,,,,,physicalInteraction7.pcapng
"Nov 28, 2023 17:47:53.203185",,53,,,,,,,,,,physicalInteraction7.pcapng
"Nov 28, 2023 17:47:53.205264",0.002079,5,,,0x0002,58,,,,,,physicalInteraction7.pcapng
"Nov 28, 2023 17:47:53.216766",0.011502,59,0x43e8,0xffff,0x8841,202,,,,,,physicalInteraction7.pcapng
"Nov 28, 2023 17:47:53.704595",0.487829,12,0x4615,0xe1a6,0x8863,136,,,,,,physicalInteraction7.pcapng
"Nov 28, 2023 17:47:53.705331",0.000736,5,,,0x0002,136,,,,,,physicalInteraction7.pcapng
"Nov 28, 2023 17:47:54.928484",1.223153,68,0x1e15,0xffff,0x8841,107,0x1e15,0xfffc,0x1209,,,physicalInteraction7.pcapng
"Nov 28, 2023 17:47:56.099079",1.170595,74,0xb1bf,0xffff,0x8841,232,0xb1bf,0xfffc,0x1209,,,physicalInteraction7.pcapng
"Nov 28, 2023 17:47:58.980240",2.881161,74,0x5bb9,0xffff,0x8841,117,0x5bb9,0xfffc,0x1209,,,physicalInteraction7.pcapng
"Nov 28, 2023 17:48:01.559701",2.579461,74,0x3d95,0xffff,0x8841,184,0x3d95,0xfffc,0x1209,,,physicalInteraction7.pcapng
"Nov 28, 2023 17:48:01.573678",0.013977,59,,,,,,,,,,physicalInteraction7.pcapng
"Nov 28, 2023 17:48:02.215148",0.641470,59,0x4308,0xffff,0x8841,207,,,,,,physicalInteraction7.pcapng
"Nov 28, 2023 17:48:02.538683",0.323535,59,0x4308,0xffff,0x8841,208,,,,,,physicalInteraction7.pcapng
"Nov 28, 2023 17:48:02.661737",0.123054,47,0x4308,0xffff,0x8841,209,0x4308,0xfffc,0x1209,,,physicalInteraction7.pcapng
"Nov 28, 2023 17:48:04.573169",1.911432,59,0x4308,0xffff,0x8841,210,0x4308,0xfffc,0x1209,,,physicalInteraction7.pcapng
"Nov 28, 2023 17:48:04.849769",0.276600,74,0xec7f,0xffff,0x8841,36,0xec7f,0xfffc,0x1209,,,physicalInteraction7.pcapng
"Nov 28, 2023 17:48:04.893323",0.043554,59,0x4308,0xffff,0x8841,211,,,,,,physicalInteraction7.pcapng
"Nov 28, 2023 17:48:04.911870",0.018547,74,0x4e11,0xffff,0x8841,169,0x4e11,0xfffc,0x1209,,,physicalInteraction7.pcapng
"Nov 28, 2023 17:48:05.124389",0.212519,74,0x711c,0xffff,0x8841,241,0x711c,0xfffc,0x1209,,,physicalInteraction7.pcapng
"Nov 28, 2023 17:48:05.212962",0.088573,59,0x4308,0xffff,0x8841,212,0x4308,0xfffc,0x1209,,,physicalInteraction7.pcapng
"Nov 28, 2023 17:48:05.543153",0.330191,59,0x4308,0xffff,0x8841,213,0x4308,0xfffc,0x1209,,,physicalInteraction7.pcapng
"Nov 28, 2023 17:48:07.532055",,60,,,,,,,,,,physicalInteraction7.pcapng
"Nov 28, 2023 17:48:07.534358",0.002303,5,,,0x0002,185,,,,,,physicalInteraction7.pcapng
"Nov 28, 2023 17:48:07.575106",,50,,,,,,,,,,physicalInteraction7.pcapng
"Nov 28, 2023 17:48:07.577060",0.001954,5,,,0x0002,30,,,,,,physicalInteraction7.pcapng
"Nov 28, 2023 17:48:07.582355",,45,,,,,,,,,,physicalInteraction7.pcapng
"Nov 28, 2023 17:48:07.584178",0.001823,5,,,0x0002,186,,,,,,physicalInteraction7.pcapng
"Nov 28, 2023 17:48:07.838321",0.254143,74,0xe1a6,0xffff,0x8841,59,0xe1a6,0xfffc,0x1209,,,physicalInteraction7.pcapng
"Nov 28, 2023 17:48:07.934527",0.096206,74,0x0000,0xffff,0x8841,31,0x0000,0xfffc,0x1209,,,physicalInteraction7.pcapng
"Nov 28, 2023 17:48:09.043636",1.109109,74,0x0112,0xffff,0x8841,189,0x0112,0xfffc,0x1209,,,physicalInteraction7.pcapng
"Nov 28, 2023 17:48:09.913392",0.869756,68,0x1e15,0xffff,0x8841,108,0x1e15,0xfffc,0x1209,,,physicalInteraction7.pcapng
"Nov 28, 2023 17:48:09.935083",,52,,,,,,,,,,physicalInteraction7.pcapng
"Nov 28, 2023 17:48:09.937099",0.002016,5,,,0x0002,32,,,,,,physicalInteraction7.pcapng
"Nov 28, 2023 17:48:09.944651",,63,,,,,,,,,,physicalInteraction7.pcapng
"Nov 28, 2023 17:48:09.947050",0.002399,5,,,0x0002,60,,,,,,physicalInteraction7.pcapng
"Nov 28, 2023 17:48:09.970015",,52,,,,,,,,,,physicalInteraction7.pcapng
"Nov 28, 2023 17:48:09.972031",0.002016,5,,,0x0002,33,,,,,,physicalInteraction7.pcapng
"Nov 28, 2023 17:48:09.979761",,63,,,,,,,,,,physicalInteraction7.pcapng
"Nov 28, 2023 17:48:09.982160",0.002399,5,,,0x0002,187,,,,,,physicalInteraction7.pcapng
"Nov 28, 2023 17:48:09.993628",,45,,,,,,,,,,physicalInteraction7.pcapng
"Nov 28, 2023 17:48:09.995409",0.001781,5,,,0x0002,34,,,,,,physicalInteraction7.pcapng
"Nov 28, 2023 17:48:10.010091",,54,,,,,,,,,,physicalInteraction7.pcapng
"Nov 28, 2023 17:48:10.012160",0.002069,5,,,0x0002,35,,,,,,physicalInteraction7.pcapng
"Nov 28, 2023 17:48:10.019885",,66,,,,,,,,,,physicalInteraction7.pcapng
"Nov 28, 2023 17:48:10.022380",0.002495,5,,,0x0002,61,,,,,,physicalInteraction7.pcapng
"Nov 28, 2023 17:48:10.029878",,45,,,,,,,,,,physicalInteraction7.pcapng
"Nov 28, 2023 17:48:10.031670",0.001792,5,,,0x0002,36,,,,,,physicalInteraction7.pcapng
"Nov 28, 2023 17:48:10.042514",,54,,,,,,,,,,physicalInteraction7.pcapng
"Nov 28, 2023 17:48:10.044596",0.002082,5,,,0x0002,37,,,,,,physicalInteraction7.pcapng
"Nov 28, 2023 17:48:10.052389",,66,,,,,,,,,,physicalInteraction7.pcapng
"Nov 28, 2023 17:48:10.054884",0.002495,5,,,0x0002,188,,,,,,physicalInteraction7.pcapng
"Nov 28, 2023 17:48:10.055680",,54,,,,,,,,,,physicalInteraction7.pcapng
"Nov 28, 2023 17:48:10.057791",0.002111,5,,,0x0002,38,,,,,,physicalInteraction7.pcapng
"Nov 28, 2023 17:48:10.061276",,54,,,,,,,,,,physicalInteraction7.pcapng
"Nov 28, 2023 17:48:10.063356",0.002080,5,,,0x0002,242,,,,,,physicalInteraction7.pcapng
"Nov 28, 2023 17:48:10.070474",,66,,,,,,,,,,physicalInteraction7.pcapng
"Nov 28, 2023 17:48:10.072969",0.002495,5,,,0x0002,233,,,,,,physicalInteraction7.pcapng
"Nov 28, 2023 17:48:10.080718",,52,,,,,,,,,,physicalInteraction7.pcapng
"Nov 28, 2023 17:48:10.082765",0.002047,5,,,0x0002,39,,,,,,physicalInteraction7.pcapng
"Nov 28, 2023 17:48:10.089492",0.006727,52,0x711c,0xb1bf,0x8861,243,,,,,,physicalInteraction7.pcapng
"Nov 28, 2023 17:48:10.095417",,45,,,,,,,,,,physicalInteraction7.pcapng
"Nov 28, 2023 17:48:10.097208",0.001791,5,,,0x0002,40,,,,,,physicalInteraction7.pcapng
"Nov 28, 2023 17:48:10.098690",,63,,,,,,,,,,physicalInteraction7.pcapng
"Nov 28, 2023 17:48:10.101089",0.002399,5,,,0x0002,234,,,,,,physicalInteraction7.pcapng
"Nov 28, 2023 17:48:10.103149",,45,,,,,,,,,,physicalInteraction7.pcapng
"Nov 28, 2023 17:48:10.104936",0.001787,5,,,0x0002,41,,,,,,physicalInteraction7.pcapng
"Nov 28, 2023 17:48:10.116166",,45,,,,,,,,,,physicalInteraction7.pcapng
"Nov 28, 2023 17:48:10.117989",0.001823,5,,,0x0002,42,,,,,,physicalInteraction7.pcapng
"Nov 28, 2023 17:48:10.120301",,45,,,,,,,,,,physicalInteraction7.pcapng
"Nov 28, 2023 17:48:10.122094",0.001793,5,,,0x0002,244,,,,,,physicalInteraction7.pcapng
"Nov 28, 2023 17:48:10.122806",,45,,,,,,,,,,physicalInteraction7.pcapng
"Nov 28, 2023 17:48:10.124629",0.001823,5,,,0x0002,43,,,,,,physicalInteraction7.pcapng
"Nov 28, 2023 17:48:10.128596",,45,,,,,,,,,,physicalInteraction7.pcapng
"Nov 28, 2023 17:48:10.130389",0.001793,5,,,0x0002,245,,,,,,physicalInteraction7.pcapng
"Nov 28, 2023 17:48:11.195446",1.065057,74,0xb1bf,0xffff,0x8841,235,0xb1bf,0xfffc,0x1209,,,physicalInteraction7.pcapng
"Nov 28, 2023 17:48:13.268173",,53,,,,,,,,,,physicalInteraction7.pcapng
"Nov 28, 2023 17:48:13.270221",0.002048,5,,,0x0002,137,,,,,,physicalInteraction7.pcapng
"Nov 28, 2023 17:48:13.273913",,53,,,,,,,,,,physicalInteraction7.pcapng
"Nov 28, 2023 17:48:13.275992",0.002079,5,,,0x0002,62,,,,,,physicalInteraction7.pcapng
"Nov 28, 2023 17:48:13.576191",0.300199,59,0x4308,0xffff,0x8841,214,0x4308,0xfffc,0x1209,,,physicalInteraction7.pcapng
"Nov 28, 2023 17:48:13.777018",0.200827,12,0x4615,0xe1a6,0x8863,138,,,,,,physicalInteraction7.pcapng
"Nov 28, 2023 17:48:13.777753",0.000735,5,,,0x0002,138,,,,,,physicalInteraction7.pcapng
"Nov 28, 2023 17:48:14.540539",0.762786,59,0x4308,0xffff,0x8841,217,0x4308,0xfffc,0x1209,,,physicalInteraction7.pcapng
"Nov 28, 2023 17:48:16.578145",2.037606,59,0x4508,0xf77f,0x8841,26,,,,,,physicalInteraction7.pcapng
"Nov 28, 2023 17:48:16.594012",0.015867,74,0x3d95,0xffff,0x8841,189,0x3d95,0xfffc,0x1209,,,physicalInteraction7.pcapng
"Nov 28, 2023 17:48:16.911956",0.317944,59,0x4308,0xffff,0x8841,219,,,,,,physicalInteraction7.pcapng
"Nov 28, 2023 17:48:17.818593",0.906637,47,0x4308,0xffbb,0x8841,222,,,,,,physicalInteraction7.pcapng
"Nov 28, 2023 17:48:19.434377",1.615784,74,0x711c,0xffff,0x8841,246,0x711c,0xfffc,0x1209,,,physicalInteraction7.pcapng
"Nov 28, 2023 17:48:20.396521",0.962144,74,0xec7f,0xffff,0x8841,37,0xec7f,0xfffc,0x1209,,,physicalInteraction7.pcapng
"Nov 28, 2023 17:48:21.446539",1.050018,74,0x4e11,0xffff,0x8841,170,0x4e11,0xfffc,0x1209,,,physicalInteraction7.pcapng
"Nov 28, 2023 17:48:22.900231",1.453692,74,0xe1a6,0xffff,0x8841,63,0xe1a6,0xfffc,0x1209,,,physicalInteraction7.pcapng
"Nov 28, 2023 17:48:23.305159",,53,,,,,,,,,,physicalInteraction7.pcapng
"Nov 28, 2023 17:48:23.310256",,53,,,,,,,,,,physicalInteraction7.pcapng
"Nov 28, 2023 17:48:23.312303",0.002047,5,,,0x0002,139,,,,,,physicalInteraction7.pcapng
"Nov 28, 2023 17:48:23.316115",,53,,,,,,,,,,physicalInteraction7.pcapng
"Nov 28, 2023 17:48:23.318194",0.002079,5,,,0x0002,64,,,,,,physicalInteraction7.pcapng
"Nov 28, 2023 17:48:23.498734",0.180540,74,0x0000,0xffff,0x8841,44,0x0000,0xfffc,0x1209,,,physicalInteraction7.pcapng
"Nov 28, 2023 17:48:23.817658",0.318924,12,0x4615,0xe1a6,0x8863,140,,,,,,physicalInteraction7.pcapng
"Nov 28, 2023 17:48:23.818395",0.000737,5,,,0x0002,140,,,,,,physicalInteraction7.pcapng
"Nov 28, 2023 17:48:24.055552",0.237157,108,0x0112,0xffff,0x886c,190,,,,,,physicalInteraction7.pcapng
"Nov 28, 2023 17:48:24.867986",0.812434,65,0x1e15,0xffff,0x8841,109,0x1e15,0xfffc,0x1209,,,physicalInteraction7.pcapng
"Nov 28, 2023 17:48:25.896794",1.028808,59,0x4308,0xffff,0x8841,224,0x4308,0xfffc,0x1209,,,physicalInteraction7.pcapng
"Nov 28, 2023 17:48:26.123495",0.226701,74,0xb1bf,0xffff,0x8841,236,0xb1bf,0xfffc,0x1209,,,physicalInteraction7.pcapng
"Nov 28, 2023 17:48:26.217363",0.093868,59,0x4308,0xffff,0x8841,225,0x4308,0xfffc,0x1209,,,physicalInteraction7.pcapng
"Nov 28, 2023 17:48:26.536289",0.318926,59,0x4308,0xffff,0x8841,226,0x4308,0xfffc,0x1209,,,physicalInteraction7.pcapng
"Nov 28, 2023 17:48:28.579639",2.043350,86,0x4308,0xffff,0x8856,227,,,,,,physicalInteraction7.pcapng
"Nov 28, 2023 17:48:28.906109",0.326470,59,0x4308,0xffff,0x8841,228,,,,,,physicalInteraction7.pcapng
"Nov 28, 2023 17:48:29.226345",0.320236,59,0x4308,0xffff,0x8841,229,,,,,,physicalInteraction7.pcapng
"Nov 28, 2023 17:48:29.547539",0.321194,49,0x4308,0xffff,0x8841,230,,,,,,physicalInteraction7.pcapng
"Nov 28, 2023 17:48:30.426357",0.878818,74,0x5bb9,0xffff,0x8841,119,0x5bb9,0xfffc,0x1209,,,physicalInteraction7.pcapng
"Nov 28, 2023 17:48:31.531948",1.105591,74,0x3d95,0xffff,0x8841,190,0x3d95,0xfffc,0x1209,,,physicalInteraction7.pcapng
"Nov 28, 2023 17:48:32.893854",1.361906,47,0x4308,0xffff,0x8841,231,0x4308,0xfffc,0x1209,,,physicalInteraction7.pcapng
"Nov 28, 2023 17:48:33.653863",0.760009,74,0x711c,0xffff,0x8841,247,0x711c,0xfffc,0x1209,,,physicalInteraction7.pcapng
"Nov 28, 2023 17:48:36.816698",3.162835,74,0xec7f,0xffff,0x8841,38,0xec7f,0xfffc,0x1209,,,physicalInteraction7.pcapng
"Nov 28, 2023 17:48:37.469233",0.652535,74,0x4e11,0xffff,0x8841,171,0x4e11,0xfffc,0x1209,,,physicalInteraction7.pcapng
"Nov 28, 2023 17:48:37.580773",0.111540,59,0x4308,0xffff,0x8841,232,,,,,,physicalInteraction7.pcapng
"Nov 28, 2023 17:48:37.839876",0.259103,74,0xe1a6,0xffff,0x8841,65,0xe1a6,0xfffc,0x1209,,,physicalInteraction7.pcapng
"Nov 28, 2023 17:48:37.903216",0.063340,59,0x4308,0xffff,0x8841,233,,,,,,physicalInteraction7.pcapng
"Nov 28, 2023 17:48:38.223731",0.320515,59,0x4308,0xffff,0x8841,234,,,,,,physicalInteraction7.pcapng
"Nov 28, 2023 17:48:38.542611",0.318880,59,0x4308,0xffff,0x8841,235,,,,,,physicalInteraction7.pcapng
"Nov 28, 2023 17:48:39.046263",0.503652,74,0x0112,0xffff,0x8841,191,0x0112,0xfffc,0x1209,,,physicalInteraction7.pcapng
"Nov 28, 2023 17:48:39.941107",,52,,,,,,,,,,physicalInteraction7.pcapng
"Nov 28, 2023 17:48:39.943122",0.002015,5,,,0x0002,45,,,,,,physicalInteraction7.pcapng
"Nov 28, 2023 17:48:39.951212",,63,,,,,,,,,,physicalInteraction7.pcapng
"Nov 28, 2023 17:48:39.953611",0.002399,5,,,0x0002,66,,,,,,physicalInteraction7.pcapng
"Nov 28, 2023 17:48:39.975684",,52,,,,,,,,,,physicalInteraction7.pcapng
"Nov 28, 2023 17:48:39.977699",0.002015,5,,,0x0002,46,,,,,,physicalInteraction7.pcapng
"Nov 28, 2023 17:48:39.979888",0.002189,65,0x1e15,0xffff,0x8841,110,0x1e15,0xfffc,0x1209,,,physicalInteraction7.pcapng
"Nov 28, 2023 17:48:39.987553",,63,,,,,,,,,,physicalInteraction7.pcapng
"Nov 28, 2023 17:48:39.989952",0.002399,5,,,0x0002,191,,,,,,physicalInteraction7.pcapng
"Nov 28, 2023 17:48:39.994332",,45,,,,,,,,,,physicalInteraction7.pcapng
"Nov 28, 2023 17:48:39.996126",0.001794,5,,,0x0002,47,,,,,,physicalInteraction7.pcapng
"Nov 28, 2023 17:48:40.014052",,54,,,,,,,,,,physicalInteraction7.pcapng
"Nov 28, 2023 17:48:40.016133",0.002081,5,,,0x0002,48,,,,,,physicalInteraction7.pcapng
"Nov 28, 2023 17:48:40.024248",,66,,,,,,,,,,physicalInteraction7.pcapng
"Nov 28, 2023 17:48:40.026743",0.002495,5,,,0x0002,67,,,,,,physicalInteraction7.pcapng
"Nov 28, 2023 17:48:40.033934",,45,,,,,,,,,,physicalInteraction7.pcapng
"Nov 28, 2023 17:48:40.035728",0.001794,5,,,0x0002,49,,,,,,physicalInteraction7.pcapng
"Nov 28, 2023 17:48:40.051696",,54,,,,,,,,,,physicalInteraction7.pcapng
"Nov 28, 2023 17:48:40.053775",0.002079,5,,,0x0002,50,,,,,,physicalInteraction7.pcapng
"Nov 28, 2023 17:48:40.061598",,66,,,,,,,,,,physicalInteraction7.pcapng
"Nov 28, 2023 17:48:40.064093",0.002495,5,,,0x0002,192,,,,,,physicalInteraction7.pcapng
"Nov 28, 2023 17:48:40.067433",,54,,,,,,,,,,physicalInteraction7.pcapng
"Nov 28, 2023 17:48:40.069544",0.002111,5,,,0x0002,51,,,,,,physicalInteraction7.pcapng
"Nov 28, 2023 17:48:40.073016",,54,,,,,,,,,,physicalInteraction7.pcapng
"Nov 28, 2023 17:48:40.075097",0.002081,5,,,0x0002,248,,,,,,physicalInteraction7.pcapng
"Nov 28, 2023 17:48:40.082992",,66,,,,,,,,,,physicalInteraction7.pcapng
"Nov 28, 2023 17:48:40.085487",0.002495,5,,,0x0002,237,,,,,,physicalInteraction7.pcapng
"Nov 28, 2023 17:48:40.089467",,45,,,,,,,,,,physicalInteraction7.pcapng
"Nov 28, 2023 17:48:40.091260",0.001793,5,,,0x0002,52,,,,,,physicalInteraction7.pcapng
"Nov 28, 2023 17:48:40.102442",,52,,,,,,,,,,physicalInteraction7.pcapng
"Nov 28, 2023 17:48:40.104489",0.002047,5,,,0x0002,53,,,,,,physicalInteraction7.pcapng
"Nov 28, 2023 17:48:40.107596",,52,,,,,,,,,,physicalInteraction7.pcapng
"Nov 28, 2023 17:48:40.109614",0.002018,5,,,0x0002,249,,,,,,physicalInteraction7.pcapng
"Nov 28, 2023 17:48:40.116713",,63,,,,,,,,,,physicalInteraction7.pcapng
"Nov 28, 2023 17:48:40.119111",0.002398,5,,,0x0002,238,,,,,,physicalInteraction7.pcapng
"Nov 28, 2023 17:48:40.125493",,45,,,,,,,,,,physicalInteraction7.pcapng
"Nov 28, 2023 17:48:40.127285",0.001792,5,,,0x0002,54,,,,,,physicalInteraction7.pcapng
"Nov 28, 2023 17:48:40.134588",,45,,,,,,,,,,physicalInteraction7.pcapng
"Nov 28, 2023 17:48:40.136411",0.001823,5,,,0x0002,55,,,,,,physicalInteraction7.pcapng
"Nov 28, 2023 17:48:40.140416",,45,,,,,,,,,,physicalInteraction7.pcapng
"Nov 28, 2023 17:48:40.142208",0.001792,5,,,0x0002,250,,,,,,physicalInteraction7.pcapng
"Nov 28, 2023 17:48:40.144973",,45,,,,,,,,,,physicalInteraction7.pcapng
"Nov 28, 2023 17:48:40.146796",0.001823,5,,,0x0002,56,,,,,,physicalInteraction7.pcapng
"Nov 28, 2023 17:48:40.150443",,45,,,,,,,,,,physicalInteraction7.pcapng
"Nov 28, 2023 17:48:40.152235",0.001792,5,,,0x0002,251,,,,,,physicalInteraction7.pcapng
"Nov 28, 2023 17:48:40.902179",0.749944,59,0x4308,0xffff,0x8841,237,,,,,,physicalInteraction7.pcapng
"Nov 28, 2023 17:48:41.098291",0.196112,74,0xb1bf,0xffff,0x8841,239,0xb1bf,0xfffc,0x1209,,,physicalInteraction7.pcapng
"Nov 28, 2023 17:48:41.296361",0.198070,74,0x0000,0xffff,0x8841,57,0x0000,0xfffc,0x1209,,,physicalInteraction7.pcapng
"Nov 28, 2023 17:48:44.826288",,54,,,,,,,,,,physicalInteraction7.pcapng
"Nov 28, 2023 17:48:44.830101",,54,,,,,,,,,,physicalInteraction7.pcapng
"Nov 28, 2023 17:48:44.834854",,54,,,,,,,,,,physicalInteraction7.pcapng
"Nov 28, 2023 17:48:44.838360",,54,,,,,,,,,,physicalInteraction7.pcapng
"Nov 28, 2023 17:48:44.840471",0.002111,5,,,0x0002,187,,,,,,physicalInteraction7.pcapng
"Nov 28, 2023 17:48:44.844126",0.003655,57,0x711c,0x0000,0x8861,252,0xd0bb,0x0000,0x1a09,,,physicalInteraction7.pcapng
"Nov 28, 2023 17:48:44.846332",0.002206,5,,,0x0002,252,,,,,,physicalInteraction7.pcapng
"Nov 28, 2023 17:48:44.892886",,54,,,,,,,,,,physicalInteraction7.pcapng
"Nov 28, 2023 17:48:44.894997",0.002111,5,,,0x0002,253,,,,,,physicalInteraction7.pcapng
"Nov 28, 2023 17:48:44.897761",0.002764,74,0x5bb9,0xffff,0x8841,120,0x5bb9,0xfffc,0x1209,,,physicalInteraction7.pcapng
"Nov 28, 2023 17:48:46.532262",1.634501,87,0x2765,0x5662,0x8857,193,,,,,,physicalInteraction7.pcapng
"Nov 28, 2023 17:48:48.354359",1.822097,74,0x711c,0xffff,0x8841,254,0x711c,0xfffc,0x1209,,,physicalInteraction7.pcapng
"Nov 28, 2023 17:48:49.580395",1.226036,59,0x4308,0xffff,0x8841,241,0x4308,0xfffc,0x1209,,,physicalInteraction7.pcapng
"Nov 28, 2023 17:48:49.899544",0.319149,59,0x4308,0xffff,0x8841,242,0x4308,0xfffc,0x1209,,,physicalInteraction7.pcapng
"Nov 28, 2023 17:48:50.218825",0.319281,59,0x4308,0xffff,0x8841,243,0x4308,0xfffc,0x1209,,,physicalInteraction7.pcapng
"Nov 28, 2023 17:48:50.538676",0.319851,59,0x4308,0xffff,0x8841,244,0x4308,0xfffc,0x1209,,,physicalInteraction7.pcapng
"Nov 28, 2023 17:48:52.580700",2.042024,59,0x4308,0xffff,0x8841,245,,,,,,physicalInteraction7.pcapng
"Nov 28, 2023 17:48:52.721143",0.140443,74,0xec7f,0xffff,0x8841,39,0xec7f,0xfffc,0x1209,,,physicalInteraction7.pcapng
"Nov 28, 2023 17:48:52.887642",0.166499,74,0xe1a6,0xffff,0x8841,68,0xe1a6,0xfffc,0x1209,,,physicalInteraction7.pcapng
"Nov 28, 2023 17:48:52.909287",0.021645,59,0x4308,0xffff,0x8841,246,,,,,,physicalInteraction7.pcapng
"Nov 28, 2023 17:48:53.423512",,53,,,,,,,,,,physicalInteraction7.pcapng
"Nov 28, 2023 17:48:53.425559",0.002047,5,,,0x0002,141,,,,,,physicalInteraction7.pcapng
"Nov 28, 2023 17:48:53.429314",,53,,,,,,,,,,physicalInteraction7.pcapng
"Nov 28, 2023 17:48:53.431393",0.002079,5,,,0x0002,69,,,,,,physicalInteraction7.pcapng
"Nov 28, 2023 17:48:53.435623",,53,,,,,,,,,,physicalInteraction7.pcapng
"Nov 28, 2023 17:48:53.437670",0.002047,5,,,0x0002,142,,,,,,physicalInteraction7.pcapng
"Nov 28, 2023 17:48:53.441343",,53,,,,,,,,,,physicalInteraction7.pcapng
"Nov 28, 2023 17:48:53.443422",0.002079,5,,,0x0002,70,,,,,,physicalInteraction7.pcapng
"Nov 28, 2023 17:48:53.548692",0.105270,59,0x4308,0xffff,0x8841,248,,,,,,physicalInteraction7.pcapng
"Nov 28, 2023 17:48:53.608192",,57,,,,,,,,,,physicalInteraction7.pcapng
"Nov 28, 2023 17:48:53.610399",0.002207,5,,,0x0002,223,,,,,,physicalInteraction7.pcapng
"Nov 28, 2023 17:48:53.663894",0.053495,74,0x4e11,0xffff,0x8841,172,0x4e11,0xfffc,0x1209,,,physicalInteraction7.pcapng
"Nov 28, 2023 17:48:53.941735",0.277841,12,0x4615,0xe1a6,0x8863,143,,,,,,physicalInteraction7.pcapng
"Nov 28, 2023 17:48:53.942473",0.000738,5,,,0x0002,143,,,,,,physicalInteraction7.pcapng
"Nov 28, 2023 17:48:54.048169",0.105696,108,0xbd0b,0xdb9c,0x886c,192,,,,,,physicalInteraction7.pcapng
"Nov 28, 2023 17:48:54.856906",0.808737,65,0x1e15,0xffff,0x8841,111,0x1e15,0xfffc,0x1209,,,physicalInteraction7.pcapng
"Nov 28, 2023 17:48:56.132363",1.275457,74,0xb1bf,0xffff,0x8841,240,0xb1bf,0xfffc,0x1209,,,physicalInteraction7.pcapng
"Nov 28, 2023 17:48:56.809520",0.677157,74,0x0000,0xffff,0x8841,58,0x0000,0xfffc,0x1209,,,physicalInteraction7.pcapng
"Nov 28, 2023 17:48:59.086731",,52,,,,,,,,,,physicalInteraction7.pcapng
"Nov 28, 2023 17:48:59.088778",0.002047,5,,,0x0002,241,,,,,,physicalInteraction7.pcapng
"Nov 28, 2023 17:48:59.101450",,45,,,,,,,,,,physicalInteraction7.pcapng
"Nov 28, 2023 17:48:59.103273",0.001823,5,,,0x0002,59,,,,,,physicalInteraction7.pcapng
"Nov 28, 2023 17:48:59.107937",,45,,,,,,,,,,physicalInteraction7.pcapng
"Nov 28, 2023 17:48:59.109728",0.001791,5,,,0x0002,255,,,,,,physicalInteraction7.pcapng
"Nov 28, 2023 17:49:00.494634",1.384906,74,0x5bb9,0xffff,0x8841,121,0x5bb9,0xfffc,0x1209,,,physicalInteraction7.pcapng
"Nov 28, 2023 17:49:01.024505",,54,,,,,,,,,,physicalInteraction7.pcapng
"Nov 28, 2023 17:49:01.026616",0.002111,5,,,0x0002,102,,,,,,physicalInteraction7.pcapng
"Nov 28, 2023 17:49:01.581561",0.554945,59,0x4308,0xffff,0x8841,249,,,,,,physicalInteraction7.pcapng
"Nov 28, 2023 17:49:01.634368",0.052807,74,0x3d95,0xffff,0x8841,194,0x3d95,0xfffc,0x1209,,,physicalInteraction7.pcapng
"Nov 28, 2023 17:49:02.223683",0.589315,59,0x4308,0xffff,0x8841,251,0x4308,0xfffc,0x1209,,,physicalInteraction7.pcapng
"Nov 28, 2023 17:49:02.469105",0.245422,74,0x711c,0xffff,0x8841,0,0x711c,0xfffc,0x1209,,,physicalInteraction7.pcapng
"Nov 28, 2023 17:49:03.203078",0.733973,47,0x4308,0xffff,0x8841,253,0x4308,0xfffc,0x1209,,,physicalInteraction7.pcapng
"Nov 28, 2023 17:49:04.582484",1.379406,59,0x4308,0xffff,0x8841,254,0x4308,0xfffc,0x1209,,,physicalInteraction7.pcapng
"Nov 28, 2023 17:49:04.904789",0.322305,59,0x4308,0xffff,0x8841,255,0x4308,0xfffc,0x1209,,,physicalInteraction7.pcapng
"Nov 28, 2023 17:49:05.224355",0.319566,59,0x4308,0xffff,0x8841,0,0x4308,0xfffc,0x1209,,,physicalInteraction7.pcapng
"Nov 28, 2023 17:49:05.549557",0.325202,59,0x4308,0xffff,0x8841,1,0x4308,0xfffc,0x1209,,,physicalInteraction7.pcapng
"Nov 28, 2023 17:49:07.873077",2.323520,74,0xe1a6,0xffff,0x8841,71,0xe1a6,0xfffc,0x1209,,,physicalInteraction7.pcapng
"Nov 28, 2023 17:49:09.063827",1.190750,71,0x0112,0xffff,0x8841,193,0x0112,0xfffc,0x1209,,,physicalInteraction7.pcapng
"Nov 28, 2023 17:49:09.884988",0.821161,65,0x1e15,0xffff,0x8841,112,0x1e15,0xfffc,0x1209,,,physicalInteraction7.pcapng
"Nov 28, 2023 17:49:09.942115",,52,,,,,,,,,,physicalInteraction7.pcapng
"Nov 28, 2023 17:49:09.944125",0.002010,5,,,0x0002,60,,,,,,physicalInteraction7.pcapng
"Nov 28, 2023 17:49:09.951686",,63,,,,,,,,,,physicalInteraction7.pcapng
"Nov 28, 2023 17:49:09.954085",0.002399,5,,,0x0002,72,,,,,,physicalInteraction7.pcapng
"Nov 28, 2023 17:49:09.976166",,52,,,,,,,,,,physicalInteraction7.pcapng
"Nov 28, 2023 17:49:09.978171",0.002005,5,,,0x0002,61,,,,,,physicalInteraction7.pcapng
"Nov 28, 2023 17:49:09.986031",,63,,,,,,,,,,physicalInteraction7.pcapng
"Nov 28, 2023 17:49:09.988800",,45,,,,,,,,,,physicalInteraction7.pcapng
"Nov 28, 2023 17:49:09.990591",0.001791,5,,,0x0002,62,,,,,,physicalInteraction7.pcapng
"Nov 28, 2023 17:49:09.991217",,63,,,,,,,,,,physicalInteraction7.pcapng
"Nov 28, 2023 17:49:09.993616",0.002399,5,,,0x0002,195,,,,,,physicalInteraction7.pcapng
"Nov 28, 2023 17:49:10.000754",,54,,,,,,,,,,physicalInteraction7.pcapng
"Nov 28, 2023 17:49:10.002835",0.002081,5,,,0x0002,63,,,,,,physicalInteraction7.pcapng
"Nov 28, 2023 17:49:10.010718",,66,,,,,,,,,,physicalInteraction7.pcapng
"Nov 28, 2023 17:49:10.013213",0.002495,5,,,0x0002,73,,,,,,physicalInteraction7.pcapng
"Nov 28, 2023 17:49:10.037445",,45,,,,,,,,,,physicalInteraction7.pcapng
"Nov 28, 2023 17:49:10.039226",0.001781,5,,,0x0002,64,,,,,,physicalInteraction7.pcapng
"Nov 28, 2023 17:49:10.049644",,54,,,,,,,,,,physicalInteraction7.pcapng
"Nov 28, 2023 17:49:10.051724",0.002080,5,,,0x0002,65,,,,,,physicalInteraction7.pcapng
"Nov 28, 2023 17:49:10.059639",,66,,,,,,,,,,physicalInteraction7.pcapng
"Nov 28, 2023 17:49:10.062134",0.002495,5,,,0x0002,196,,,,,,physicalInteraction7.pcapng
"Nov 28, 2023 17:49:10.064706",,54,,,,,,,,,,physicalInteraction7.pcapng
"Nov 28, 2023 17:49:10.066817",0.002111,5,,,0x0002,66,,,,,,physicalInteraction7.pcapng
"Nov 28, 2023 17:49:10.070608",,54,,,,,,,,,,physicalInteraction7.pcapng
"Nov 28, 2023 17:49:10.072688",0.002080,5,,,0x0002,1,,,,,,physicalInteraction7.pcapng
"Nov 28, 2023 17:49:10.079868",,66,,,,,,,,,,physicalInteraction7.pcapng
"Nov 28, 2023 17:49:10.082363",0.002495,5,,,0x0002,242,,,,,,physicalInteraction7.pcapng
"Nov 28, 2023 17:49:10.083870",,45,,,,,,,,,,physicalInteraction7.pcapng
"Nov 28, 2023 17:49:10.085663",0.001793,5,,,0x0002,67,,,,,,physicalInteraction7.pcapng
"Nov 28, 2023 17:49:10.099169",,52,,,,,,,,,,physicalInteraction7.pcapng
"Nov 28, 2023 17:49:10.101216",0.002047,5,,,0x0002,68,,,,,,physicalInteraction7.pcapng
"Nov 28, 2023 17:49:10.105313",,52,,,,,,,,,,physicalInteraction7.pcapng
"Nov 28, 2023 17:49:10.107329",0.002016,5,,,0x0002,2,,,,,,physicalInteraction7.pcapng
"Nov 28, 2023 17:49:10.110821",,45,,,,,,,,,,physicalInteraction7.pcapng
"Nov 28, 2023 17:49:10.112613",0.001792,5,,,0x0002,69,,,,,,physicalInteraction7.pcapng
"Nov 28, 2023 17:49:10.114546",,63,,,,,,,,,,physicalInteraction7.pcapng
"Nov 28, 2023 17:49:10.116945",0.002399,5,,,0x0002,243,,,,,,physicalInteraction7.pcapng
"Nov 28, 2023 17:49:10.124894",,45,,,,,,,,,,physicalInteraction7.pcapng
"Nov 28, 2023 17:49:10.126718",0.001824,5,,,0x0002,70,,,,,,physicalInteraction7.pcapng
"Nov 28, 2023 17:49:10.130134",,45,,,,,,,,,,physicalInteraction7.pcapng
"Nov 28, 2023 17:49:10.131922",0.001788,5,,,0x0002,3,,,,,,physicalInteraction7.pcapng
"Nov 28, 2023 17:49:10.137866",,45,,,,,,,,,,physicalInteraction7.pcapng
"Nov 28, 2023 17:49:10.139689",0.001823,5,,,0x0002,71,,,,,,physicalInteraction7.pcapng
"Nov 28, 2023 17:49:10.144393",,45,,,,,,,,,,physicalInteraction7.pcapng
"Nov 28, 2023 17:49:10.146184",0.001791,5,,,0x0002,4,,,,,,physicalInteraction7.pcapng
"Nov 28, 2023 17:49:10.542857",0.396673,74,0xec7f,0xffff,0x8841,40,0xec7f,0xfffc,0x1209,,,physicalInteraction7.pcapng
"Nov 28, 2023 17:49:11.126633",0.583776,74,0xb1bf,0xffff,0x8841,244,0xb1bf,0xfffc,0x1209,,,physicalInteraction7.pcapng
"Nov 28, 2023 17:49:11.278562",0.151929,74,0x4e11,0xffff,0x8841,173,0x4e11,0xfffc,0x1209,,,physicalInteraction7.pcapng
"Nov 28, 2023 17:49:12.099653",,50,,,,,,,,,,physicalInteraction7.pcapng
"Nov 28, 2023 17:49:12.103348",,50,,,,,,,,,,physicalInteraction7.pcapng
"Nov 28, 2023 17:49:12.106368",,50,,,,,,,,,,physicalInteraction7.pcapng
"Nov 28, 2023 17:49:12.109643",,50,,,,,,,,,,physicalInteraction7.pcapng
"Nov 28, 2023 17:49:12.157069",,50,,,,,,,,,,physicalInteraction7.pcapng
"Nov 28, 2023 17:49:12.161968",,50,,,,,,,,,,physicalInteraction7.pcapng
"Nov 28, 2023 17:49:12.171403",,50,,,,,,,,,,physicalInteraction7.pcapng
"Nov 28, 2023 17:49:12.175727",,50,,,,,,,,,,physicalInteraction7.pcapng
"Nov 28, 2023 17:49:12.215097",,50,,,,,,,,,,physicalInteraction7.pcapng
"Nov 28, 2023 17:49:12.220263",,50,,,,,,,,,,physicalInteraction7.pcapng
"Nov 28, 2023 17:49:12.225310",,50,,,,,,,,,,physicalInteraction7.pcapng
"Nov 28, 2023 17:49:12.228690",,50,,,,,,,,,,physicalInteraction7.pcapng
"Nov 28, 2023 17:49:12.251692",,50,,,,,,,,,,physicalInteraction7.pcapng
"Nov 28, 2023 17:49:12.254617",,50,,,,,,,,,,physicalInteraction7.pcapng
"Nov 28, 2023 17:49:12.259489",,50,,,,,,,,,,physicalInteraction7.pcapng
"Nov 28, 2023 17:49:12.263037",,50,,,,,,,,,,physicalInteraction7.pcapng
"Nov 28, 2023 17:49:12.279188",,63,,,,,,,,,,physicalInteraction7.pcapng
"Nov 28, 2023 17:49:12.281586",0.002398,5,,,0x0002,245,,,,,,physicalInteraction7.pcapng
"Nov 28, 2023 17:49:12.297322",,50,,,,,,,,,,physicalInteraction7.pcapng
"Nov 28, 2023 17:49:12.302920",,50,,,,,,,,,,physicalInteraction7.pcapng
"Nov 28, 2023 17:49:12.306812",,50,,,,,,,,,,physicalInteraction7.pcapng
"Nov 28, 2023 17:49:12.310682",,50,,,,,,,,,,physicalInteraction7.pcapng
"Nov 28, 2023 17:49:12.330245",,50,,,,,,,,,,physicalInteraction7.pcapng
"Nov 28, 2023 17:49:12.332228",0.001983,5,,,0x0002,77,,,,,,physicalInteraction7.pcapng
"Nov 28, 2023 17:49:12.335256",,50,,,,,,,,,,physicalInteraction7.pcapng
"Nov 28, 2023 17:49:12.337208",0.001952,5,,,0x0002,5,,,,,,physicalInteraction7.pcapng
"Nov 28, 2023 17:49:12.342087",,45,,,,,,,,,,physicalInteraction7.pcapng
"Nov 28, 2023 17:49:12.343910",0.001823,5,,,0x0002,246,,,,,,physicalInteraction7.pcapng
"Nov 28, 2023 17:49:12.350162",,50,,,,,,,,,,physicalInteraction7.pcapng
"Nov 28, 2023 17:49:12.353605",,50,,,,,,,,,,physicalInteraction7.pcapng
"Nov 28, 2023 17:49:12.357063",,57,,,,,,,,,,physicalInteraction7.pcapng
"Nov 28, 2023 17:49:12.359270",0.002207,5,,,0x0002,247,,,,,,physicalInteraction7.pcapng
"Nov 28, 2023 17:49:12.365115",,50,,,,,,,,,,physicalInteraction7.pcapng
"Nov 28, 2023 17:49:12.373251",,50,,,,,,,,,,physicalInteraction7.pcapng
"Nov 28, 2023 17:49:12.396964",,50,,,,,,,,,,physicalInteraction7.pcapng
"Nov 28, 2023 17:49:12.398947",0.001983,5,,,0x0002,79,,,,,,physicalInteraction7.pcapng
"Nov 28, 2023 17:49:12.405317",,50,,,,,,,,,,physicalInteraction7.pcapng
"Nov 28, 2023 17:49:12.407270",0.001953,5,,,0x0002,6,,,,,,physicalInteraction7.pcapng
"Nov 28, 2023 17:49:12.412208",,45,,,,,,,,,,physicalInteraction7.pcapng
"Nov 28, 2023 17:49:12.414031",0.001823,5,,,0x0002,248,,,,,,physicalInteraction7.pcapng
"Nov 28, 2023 17:49:12.431934",,50,,,,,,,,,,physicalInteraction7.pcapng
"Nov 28, 2023 17:49:12.436044",,50,,,,,,,,,,physicalInteraction7.pcapng
"Nov 28, 2023 17:49:12.441290",,50,,,,,,,,,,physicalInteraction7.pcapng
"Nov 28, 2023 17:49:12.445630",,50,,,,,,,,,,physicalInteraction7.pcapng
"Nov 28, 2023 17:49:12.490961",,50,,,,,,,,,,physicalInteraction7.pcapng
"Nov 28, 2023 17:49:12.494427",,50,,,,,,,,,,physicalInteraction7.pcapng
"Nov 28, 2023 17:49:12.498341",,50,,,,,,,,,,physicalInteraction7.pcapng
"Nov 28, 2023 17:49:12.501734",,50,,,,,,,,,,physicalInteraction7.pcapng
"Nov 28, 2023 17:49:12.529613",,50,,,,,,,,,,physicalInteraction7.pcapng
"Nov 28, 2023 17:49:12.533400",,50,,,,,,,,,,physicalInteraction7.pcapng
"Nov 28, 2023 17:49:12.538748",,50,,,,,,,,,,physicalInteraction7.pcapng
"Nov 28, 2023 17:49:12.542196",,50,,,,,,,,,,physicalInteraction7.pcapng
"Nov 28, 2023 17:49:12.567712",,50,,,,,,,,,,physicalInteraction7.pcapng
"Nov 28, 2023 17:49:12.571179",,50,,,,,,,,,,physicalInteraction7.pcapng
"Nov 28, 2023 17:49:12.581750",,50,,,,,,,,,,physicalInteraction7.pcapng
"Nov 28, 2023 17:49:12.585679",,50,,,,,,,,,,physicalInteraction7.pcapng
"Nov 28, 2023 17:49:12.626424",,50,,,,,,,,,,physicalInteraction7.pcapng
"Nov 28, 2023 17:49:12.629581",,50,,,,,,,,,,physicalInteraction7.pcapng
"Nov 28, 2023 17:49:12.634135",,50,,,,,,,,,,physicalInteraction7.pcapng
"Nov 28, 2023 17:49:12.637142",,50,,,,,,,,,,physicalInteraction7.pcapng
"Nov 28, 2023 17:49:12.670661",,50,,,,,,,,,,physicalInteraction7.pcapng
"Nov 28, 2023 17:49:12.674447",,50,,,,,,,,,,physicalInteraction7.pcapng
"Nov 28, 2023 17:49:12.681589",,50,,,,,,,,,,physicalInteraction7.pcapng
"Nov 28, 2023 17:49:12.688466",,50,,,,,,,,,,physicalInteraction7.pcapng
"Nov 28, 2023 17:49:12.966445",0.277979,74,0x0000,0xffff,0x8841,86,0x0000,0xfffc,0x1209,,,physicalInteraction7.pcapng
"Nov 28, 2023 17:49:13.582456",0.616011,59,0x4308,0xffff,0x8841,2,0x4308,0xfffc,0x1209,,,physicalInteraction7.pcapng
"Nov 28, 2023 17:49:13.918723",0.336267,59,0x4308,0xffff,0x8841,3,0x4308,0xfffc,0x1209,,,physicalInteraction7.pcapng
"Nov 28, 2023 17:49:14.580933",0.662210,59,0x4308,0xffff,0x8841,5,,,,,,physicalInteraction7.pcapng
"Nov 28, 2023 17:49:16.529682",1.948749,74,0x5bb9,0xffff,0x8841,122,0x5bb9,0xfffc,0x1209,,,physicalInteraction7.pcapng
"Nov 28, 2023 17:49:16.580777",0.051095,59,0x4308,0xffff,0x8841,6,0x4308,0xfffc,0x1209,,,physicalInteraction7.pcapng
"Nov 28, 2023 17:49:16.614506",0.033729,74,0x3d95,0xffff,0x8841,197,0x3d95,0xfffc,0x1209,,,physicalInteraction7.pcapng
"Nov 28, 2023 17:49:16.917470",0.302964,59,0x4308,0xffff,0x8841,7,0x4308,0xfffc,0x1209,,,physicalInteraction7.pcapng
"Nov 28, 2023 17:49:16.960479",0.043009,74,0x711c,0xffff,0x8841,7,0x711c,0xfffc,0x1209,,,physicalInteraction7.pcapng
"Nov 28, 2023 17:49:17.238823",0.278344,59,0x4308,0xffff,0x8841,8,,,,,,physicalInteraction7.pcapng
"Nov 28, 2023 17:49:18.316512",1.077689,47,,,0x00c5,125,,,,,,physicalInteraction7.pcapng
"Nov 28, 2023 17:49:22.882479",4.565967,74,0xe1a6,0xffff,0x8841,74,0xe1a6,0xfffc,0x1209,,,physicalInteraction7.pcapng
"Nov 28, 2023 17:49:23.538247",,53,,,,,,,,,,physicalInteraction7.pcapng
"Nov 28, 2023 17:49:23.540295",0.002048,5,,,0x0002,144,,,,,,physicalInteraction7.pcapng
"Nov 28, 2023 17:49:23.543948",,53,,,,,,,,,,physicalInteraction7.pcapng
"Nov 28, 2023 17:49:23.546027",0.002079,5,,,0x0002,75,,,,,,physicalInteraction7.pcapng
"Nov 28, 2023 17:49:24.044375",0.498348,12,0x4615,0xe1a6,0x8863,145,,,,,,physicalInteraction7.pcapng
"Nov 28, 2023 17:49:24.046871",0.002496,12,0x4615,0xe1a6,0x8863,145,,,,,,physicalInteraction7.pcapng
"Nov 28, 2023 17:49:24.049006",0.002135,12,0x4615,0xe1a6,0x8863,145,,,,,,physicalInteraction7.pcapng
"Nov 28, 2023 17:49:24.057733",0.008727,12,0x4615,0xe1a6,0x8863,145,,,,,,physicalInteraction7.pcapng
"Nov 28, 2023 17:49:24.058469",0.000736,5,,,0x0002,145,,,,,,physicalInteraction7.pcapng
"Nov 28, 2023 17:49:24.507089",,59,,,,,,,,,,physicalInteraction7.pcapng
"Nov 28, 2023 17:49:24.509360",0.002271,5,,,0x0002,41,,,,,,physicalInteraction7.pcapng
"Nov 28, 2023 17:49:24.524246",,45,,,,,,,,,,physicalInteraction7.pcapng
"Nov 28, 2023 17:49:24.526055",0.001809,5,,,0x0002,87,,,,,,physicalInteraction7.pcapng
"Nov 28, 2023 17:49:24.551390",,49,,,,,,,,,,physicalInteraction7.pcapng
"Nov 28, 2023 17:49:24.553327",0.001937,5,,,0x0002,88,,,,,,physicalInteraction7.pcapng
"Nov 28, 2023 17:49:24.565351",,45,,,,,,,,,,physicalInteraction7.pcapng
"Nov 28, 2023 17:49:24.567174",0.001823,5,,,0x0002,42,,,,,,physicalInteraction7.pcapng
"Nov 28, 2023 17:49:24.908915",0.341741,65,0x1e15,0xffff,0x8841,113,0x1e15,0xfffc,0x1209,,,physicalInteraction7.pcapng
"Nov 28, 2023 17:49:25.152608",,60,,,,,,,,,,physicalInteraction7.pcapng
"Nov 28, 2023 17:49:25.154911",0.002303,5,,,0x0002,76,,,,,,physicalInteraction7.pcapng
"Nov 28, 2023 17:49:25.197455",,50,,,,,,,,,,physicalInteraction7.pcapng
"Nov 28, 2023 17:49:25.199408",0.001953,5,,,0x0002,89,,,,,,physicalInteraction7.pcapng
"Nov 28, 2023 17:49:25.204851",,45,,,,,,,,,,physicalInteraction7.pcapng
"Nov 28, 2023 17:49:25.206674",0.001823,5,,,0x0002,77,,,,,,physicalInteraction7.pcapng
"Nov 28, 2023 17:49:25.595081",0.388407,59,0x4308,0xffff,0x8841,11,0x4308,0xfffc,0x1209,,,physicalInteraction7.pcapng
"Nov 28, 2023 17:49:25.915198",0.320117,59,0x4308,0xffff,0x8841,12,0x4308,0xfffc,0x1209,,,physicalInteraction7.pcapng
"Nov 28, 2023 17:49:26.134423",0.219225,108,0xb1bf,0xffff,0x886c,249,,,,,,physicalInteraction7.pcapng
"Nov 28, 2023 17:49:26.233772",0.099349,59,0x4308,0xffff,0x8841,13,0x4308,0xfffc,0x1209,,,physicalInteraction7.pcapng
"Nov 28, 2023 17:49:27.942962",1.709190,74,0xec7f,0xffff,0x8841,43,0xec7f,0xfffc,0x1209,,,physicalInteraction7.pcapng
"Nov 28, 2023 17:49:28.315479",0.372517,74,0x4e11,0xffff,0x8841,174,0x4e11,0xfffc,0x1209,,,physicalInteraction7.pcapng
"Nov 28, 2023 17:49:28.588626",0.273147,59,0x4308,0xffff,0x8841,15,0x4308,0xfffc,0x1209,,,physicalInteraction7.pcapng
"Nov 28, 2023 17:49:28.912755",0.324129,59,0x4308,0xffff,0x8841,16,0x4308,0xfffc,0x1209,,,physicalInteraction7.pcapng
"Nov 28, 2023 17:49:29.231619",0.318864,59,0x4308,0xffff,0x8841,17,,,,,,physicalInteraction7.pcapng
"Nov 28, 2023 17:49:29.551452",0.319833,59,0x4308,0xffff,0x8841,18,,,,,,physicalInteraction7.pcapng
"Nov 28, 2023 17:49:30.065016",0.513564,74,0x0000,0xffff,0x8841,90,0x0000,0xfffc,0x1209,,,physicalInteraction7.pcapng
"Nov 28, 2023 17:49:30.541886",,60,,,,,,,,,,physicalInteraction7.pcapng
"Nov 28, 2023 17:49:30.544189",0.002303,5,,,0x0002,250,,,,,,physicalInteraction7.pcapng
"Nov 28, 2023 17:49:30.585157",,50,,,,,,,,,,physicalInteraction7.pcapng
"Nov 28, 2023 17:49:30.587140",0.001983,5,,,0x0002,91,,,,,,physicalInteraction7.pcapng
"Nov 28, 2023 17:49:30.602914",,50,,,,,,,,,,physicalInteraction7.pcapng
"Nov 28, 2023 17:49:30.604857",0.001943,5,,,0x0002,8,,,,,,physicalInteraction7.pcapng
"Nov 28, 2023 17:49:30.609740",,45,,,,,,,,,,physicalInteraction7.pcapng
"Nov 28, 2023 17:49:30.611563",0.001823,5,,,0x0002,251,,,,,,physicalInteraction7.pcapng
"Nov 28, 2023 17:49:31.589811",0.978248,74,0x3d95,0xffff,0x8841,198,0x3d95,0xfffc,0x1209,,,physicalInteraction7.pcapng
"Nov 28, 2023 17:49:32.828805",,57,,,,,,,,,,physicalInteraction7.pcapng
"Nov 28, 2023 17:49:32.831012",0.002207,5,,,0x0002,224,,,,,,physicalInteraction7.pcapng
"Nov 28, 2023 17:49:33.120056",0.289044,74,0x711c,0xffff,0x8841,9,0x711c,0xfffc,0x1209,,,physicalInteraction7.pcapng
"Nov 28, 2023 17:49:33.428030",0.307974,47,0x4308,0xffff,0x8841,19,0x4308,0xfffc,0x1209,,,physicalInteraction7.pcapng
"Nov 28, 2023 17:49:33.573319",,53,,,,,,,,,,physicalInteraction7.pcapng
"Nov 28, 2023 17:49:33.575366",0.002047,5,,,0x0002,146,,,,,,physicalInteraction7.pcapng
"Nov 28, 2023 17:49:33.579077",,53,,,,,,,,,,physicalInteraction7.pcapng
"Nov 28, 2023 17:49:33.581155",0.002078,5,,,0x0002,78,,,,,,physicalInteraction7.pcapng
"Nov 28, 2023 17:49:34.080900",0.499745,12,0x4615,0xe1a6,0x8863,147,,,,,,physicalInteraction7.pcapng
"Nov 28, 2023 17:49:34.081637",0.000737,5,,,0x0002,147,,,,,,physicalInteraction7.pcapng
"Nov 28, 2023 17:49:34.179348",0.097711,74,0x5bb9,0xffff,0x8841,123,0x5bb9,0xfffc,0x1209,,,physicalInteraction7.pcapng
"Nov 28, 2023 17:49:37.588143",3.408795,59,0x4308,0xffff,0x8841,20,0x4308,0xfffc,0x1209,,,physicalInteraction7.pcapng
"Nov 28, 2023 17:49:37.909531",0.321388,59,0x4308,0xffff,0x8841,21,0x4308,0xfffc,0x1209,,,physicalInteraction7.pcapng
"Nov 28, 2023 17:49:37.924493",0.014962,74,0xe1a6,0xffff,0x8841,79,0xe1a6,0xfffc,0x1209,,,physicalInteraction7.pcapng
"Nov 28, 2023 17:49:38.228141",0.303648,59,0x4308,0xffff,0x8841,22,0x4308,0xfffc,0x1209,,,physicalInteraction7.pcapng
"Nov 28, 2023 17:49:38.548615",0.320474,59,0x4308,0xffff,0x8841,23,,,,,,physicalInteraction7.pcapng
"Nov 28, 2023 17:49:39.069887",0.521272,74,0x0112,0xffff,0x8841,195,0x0112,0xfffc,0x1209,,,physicalInteraction7.pcapng
"Nov 28, 2023 17:49:39.899768",0.829881,65,0x1e15,0xffff,0x8841,114,0x1e15,0xfffc,0x1209,,,physicalInteraction7.pcapng
"Nov 28, 2023 17:49:39.948854",,52,,,,,,,,,,physicalInteraction7.pcapng
"Nov 28, 2023 17:49:39.950871",0.002017,5,,,0x0002,92,,,,,,physicalInteraction7.pcapng
"Nov 28, 2023 17:49:39.959057",,63,,,,,,,,,,physicalInteraction7.pcapng
"Nov 28, 2023 17:49:39.961456",0.002399,5,,,0x0002,80,,,,,,physicalInteraction7.pcapng
"Nov 28, 2023 17:49:39.982483",,52,,,,,,,,,,physicalInteraction7.pcapng
"Nov 28, 2023 17:49:39.984499",0.002016,5,,,0x0002,93,,,,,,physicalInteraction7.pcapng
"Nov 28, 2023 17:49:39.992249",,63,,,,,,,,,,physicalInteraction7.pcapng
"Nov 28, 2023 17:49:39.994648",0.002399,5,,,0x0002,199,,,,,,physicalInteraction7.pcapng
"Nov 28, 2023 17:49:39.997548",,45,,,,,,,,,,physicalInteraction7.pcapng
"Nov 28, 2023 17:49:39.999344",0.001796,5,,,0x0002,94,,,,,,physicalInteraction7.pcapng
"Nov 28, 2023 17:49:40.024140",,54,,,,,,,,,,physicalInteraction7.pcapng
"Nov 28, 2023 17:49:40.026211",0.002071,5,,,0x0002,95,,,,,,physicalInteraction7.pcapng
"Nov 28, 2023 17:49:40.034324",,66,,,,,,,,,,physicalInteraction7.pcapng
"Nov 28, 2023 17:49:40.036819",0.002495,5,,,0x0002,81,,,,,,physicalInteraction7.pcapng
"Nov 28, 2023 17:49:40.044488",,45,,,,,,,,,,physicalInteraction7.pcapng
"Nov 28, 2023 17:49:40.046281",0.001793,5,,,0x0002,96,,,,,,physicalInteraction7.pcapng
"Nov 28, 2023 17:49:40.062022",,54,,,,,,,,,,physicalInteraction7.pcapng
"Nov 28, 2023 17:49:40.064103",0.002081,5,,,0x0002,97,,,,,,physicalInteraction7.pcapng
"Nov 28, 2023 17:49:40.071926",,66,,,,,,,,,,physicalInteraction7.pcapng
"Nov 28, 2023 17:49:40.074421",0.002495,5,,,0x0002,200,,,,,,physicalInteraction7.pcapng
"Nov 28, 2023 17:49:40.078081",,54,,,,,,,,,,physicalInteraction7.pcapng
"Nov 28, 2023 17:49:40.080192",0.002111,5,,,0x0002,98,,,,,,physicalInteraction7.pcapng
"Nov 28, 2023 17:49:40.084838",,54,,,,,,,,,,physicalInteraction7.pcapng
"Nov 28, 2023 17:49:40.086918",0.002080,5,,,0x0002,10,,,,,,physicalInteraction7.pcapng
"Nov 28, 2023 17:49:40.094665",,66,,,,,,,,,,physicalInteraction7.pcapng
"Nov 28, 2023 17:49:40.097160",0.002495,5,,,0x0002,252,,,,,,physicalInteraction7.pcapng
"Nov 28, 2023 17:49:40.098708",,45,,,,,,,,,,physicalInteraction7.pcapng
"Nov 28, 2023 17:49:40.100502",0.001794,5,,,0x0002,99,,,,,,physicalInteraction7.pcapng
"Nov 28, 2023 17:49:40.113736",,52,,,,,,,,,,physicalInteraction7.pcapng
"Nov 28, 2023 17:49:40.115783",0.002047,5,,,0x0002,100,,,,,,physicalInteraction7.pcapng
"Nov 28, 2023 17:49:40.126258",,45,,,,,,,,,,physicalInteraction7.pcapng
"Nov 28, 2023 17:49:40.128052",0.001794,5,,,0x0002,101,,,,,,physicalInteraction7.pcapng
"Nov 28, 2023 17:49:40.133629",,45,,,,,,,,,,physicalInteraction7.pcapng
"Nov 28, 2023 17:49:40.135452",0.001823,5,,,0x0002,102,,,,,,physicalInteraction7.pcapng
"Nov 28, 2023 17:49:40.137920",,45,,,,,,,,,,physicalInteraction7.pcapng
"Nov 28, 2023 17:49:40.139713",0.001793,5,,,0x0002,12,,,,,,physicalInteraction7.pcapng
"Nov 28, 2023 17:49:40.143442",,63,,,,,,,,,,physicalInteraction7.pcapng
"Nov 28, 2023 17:49:40.145841",0.002399,5,,,0x0002,253,,,,,,physicalInteraction7.pcapng
"Nov 28, 2023 17:49:40.162032",,45,,,,,,,,,,physicalInteraction7.pcapng
"Nov 28, 2023 17:49:40.163856",0.001824,5,,,0x0002,103,,,,,,physicalInteraction7.pcapng
"Nov 28, 2023 17:49:40.168541",,45,,,,,,,,,,physicalInteraction7.pcapng
"Nov 28, 2023 17:49:40.170322",0.001781,5,,,0x0002,13,,,,,,physicalInteraction7.pcapng
"Nov 28, 2023 17:49:40.589135",0.418813,59,0x4308,0xffff,0x8841,24,0x4308,0xfffc,0x1209,,,physicalInteraction7.pcapng
"Nov 28, 2023 17:49:40.907486",0.318351,59,0x4308,0xffff,0x8841,25,0x4308,0xfffc,0x1209,,,physicalInteraction7.pcapng
"Nov 28, 2023 17:49:41.165100",0.257614,74,0xb1bf,0xffff,0x8841,254,0xb1bf,0xfffc,0x1209,,,physicalInteraction7.pcapng
"Nov 28, 2023 17:49:41.227643",0.062543,59,0x4308,0xffff,0x8841,26,0x4308,0xfffc,0x1209,,,physicalInteraction7.pcapng
"Nov 28, 2023 17:49:41.547147",0.319504,59,0x4308,0xffff,0x8841,27,0x4308,0xfffc,0x1209,,,physicalInteraction7.pcapng
"Nov 28, 2023 17:49:42.002781",0.455634,5,,,0x0002,103,,,,,,physicalInteraction7.pcapng
"Nov 28, 2023 17:49:44.393799",2.391018,74,0xec7f,0xffff,0x8841,44,0xec7f,0xfffc,0x1209,,,physicalInteraction7.pcapng
"Nov 28, 2023 17:49:44.403841",0.010042,74,0x4e11,0xffff,0x8841,175,0x4e11,0xfffc,0x1209,,,physicalInteraction7.pcapng
"Nov 28, 2023 17:49:46.067708",1.663867,74,0x0000,0xffff,0x8841,104,0x0000,0xfffc,0x1209,,,physicalInteraction7.pcapng
"Nov 28, 2023 17:49:46.093593",,53,,,,,,,,,,physicalInteraction7.pcapng
"Nov 28, 2023 17:49:46.095672",0.002079,5,,,0x0002,255,,,,,,physicalInteraction7.pcapng
"Nov 28, 2023 17:49:46.108746",,45,,,,,,,,,,physicalInteraction7.pcapng
"Nov 28, 2023 17:49:46.110569",0.001823,5,,,0x0002,105,,,,,,physicalInteraction7.pcapng
"Nov 28, 2023 17:49:46.113631",,45,,,,,,,,,,physicalInteraction7.pcapng
"Nov 28, 2023 17:49:46.115425",0.001794,5,,,0x0002,14,,,,,,physicalInteraction7.pcapng
"Nov 28, 2023 17:49:46.614684",0.499259,74,0x3d95,0xffff,0x8841,201,0x3d95,0xfffc,0x1209,,,physicalInteraction7.pcapng
"Nov 28, 2023 17:49:47.423685",0.809001,74,0x711c,0xffff,0x8841,15,0x711c,0xfffc,0x1209,,,physicalInteraction7.pcapng
"Nov 28, 2023 17:49:48.541671",1.117986,47,0x4308,0xffff,0x8841,28,,,,,,physicalInteraction7.pcapng
"Nov 28, 2023 17:49:49.868317",1.326646,74,0x5bb9,0xffff,0x8841,124,0x5bb9,0xfffc,0x1209,,,physicalInteraction7.pcapng
"Nov 28, 2023 17:49:49.914517",0.046200,59,0x4308,0xffff,0x8841,30,0x4308,0xfffc,0x1209,,,physicalInteraction7.pcapng
"Nov 28, 2023 17:49:51.710441",,63,,,,,,,,,,physicalInteraction7.pcapng
"Nov 28, 2023 17:49:51.712840",0.002399,5,,,0x0002,202,,,,,,physicalInteraction7.pcapng
"Nov 28, 2023 17:49:51.762981",,50,,,,,,,,,,physicalInteraction7.pcapng
"Nov 28, 2023 17:49:51.764934",0.001953,5,,,0x0002,106,,,,,,physicalInteraction7.pcapng
"Nov 28, 2023 17:49:51.770012",0.005078,45,0x3d95,0x00d7,0x8861,235,,,,,,physicalInteraction7.pcapng
"Nov 28, 2023 17:49:51.774665",,45,,,,,,,,,,physicalInteraction7.pcapng
"Nov 28, 2023 17:49:51.776488",0.001823,5,,,0x0002,203,,,,,,physicalInteraction7.pcapng
"Nov 28, 2023 17:49:51.785124",0.008636,57,0x3d95,0x0000,0x8861,204,,,,,,physicalInteraction7.pcapng
"Nov 28, 2023 17:49:51.790042",,57,,,,,,,,,,physicalInteraction7.pcapng
"Nov 28, 2023 17:49:51.792249",0.002207,5,,,0x0002,204,,,,,,physicalInteraction7.pcapng
"Nov 28, 2023 17:49:51.828641",,50,,,,,,,,,,physicalInteraction7.pcapng
"Nov 28, 2023 17:49:51.830593",0.001952,5,,,0x0002,107,,,,,,physicalInteraction7.pcapng
"Nov 28, 2023 17:49:51.832531",,50,,,,,,,,,,physicalInteraction7.pcapng
"Nov 28, 2023 17:49:51.834483",0.001952,5,,,0x0002,107,,,,,,physicalInteraction7.pcapng
"Nov 28, 2023 17:49:51.836346",,50,,,,,,,,,,physicalInteraction7.pcapng
"Nov 28, 2023 17:49:51.841760",,50,,,,,,,,,,physicalInteraction7.pcapng
"Nov 28, 2023 17:49:51.844387",0.002627,101,,,0x0065,91,,,,,,physicalInteraction7.pcapng
"Nov 28, 2023 17:49:51.847900",,45,,,,,,,,,,physicalInteraction7.pcapng
"Nov 28, 2023 17:49:51.849722",0.001822,5,,,0x0002,205,,,,,,physicalInteraction7.pcapng
"Nov 28, 2023 17:49:51.852531",,45,,,,,,,,,,physicalInteraction7.pcapng
"Nov 28, 2023 17:49:51.854354",0.001823,5,,,0x0002,205,,,,,,physicalInteraction7.pcapng
"Nov 28, 2023 17:49:51.856822",,45,,,,,,,,,,physicalInteraction7.pcapng
"Nov 28, 2023 17:49:51.858644",0.001822,5,,,0x0002,206,,,,,,physicalInteraction7.pcapng
"Nov 28, 2023 17:49:52.590675",0.732031,59,0x4308,0xffff,0x8841,33,,,,,,physicalInteraction7.pcapng
"Nov 28, 2023 17:49:52.893548",0.302873,74,0xe1a6,0xffff,0x8841,82,0xe1a6,0xfffc,0x1209,,,physicalInteraction7.pcapng
"Nov 28, 2023 17:49:52.913042",0.019494,59,0x4308,0xffff,0x8841,34,0x4308,0xfffc,0x1209,,,physicalInteraction7.pcapng
"Nov 28, 2023 17:49:53.553454",0.640412,59,0x4308,0xffff,0x8841,36,0x4308,0xfffc,0x1209,,,physicalInteraction7.pcapng
"Nov 28, 2023 17:49:53.658091",,53,,,,,,,,,,physicalInteraction7.pcapng
"Nov 28, 2023 17:49:53.660138",0.002047,5,,,0x0002,148,,,,,,physicalInteraction7.pcapng
"Nov 28, 2023 17:49:53.664155",,53,,,,,,,,,,physicalInteraction7.pcapng
"Nov 28, 2023 17:49:53.666233",0.002078,5,,,0x0002,83,,,,,,physicalInteraction7.pcapng
"Nov 28, 2023 17:49:54.058035",0.391802,74,0x0112,0xffff,0x8841,196,0x0112,0xfffc,0x1209,,,physicalInteraction7.pcapng
"Nov 28, 2023 17:49:54.164878",0.106843,12,0x4615,0xe1a6,0x8863,149,,,,,,physicalInteraction7.pcapng
"Nov 28, 2023 17:49:54.165614",0.000736,5,,,0x0002,149,,,,,,physicalInteraction7.pcapng
"Nov 28, 2023 17:49:54.990761",0.825147,68,0x1e15,0xffff,0x8841,115,0x1e15,0xfffc,0x1209,,,physicalInteraction7.pcapng
"Nov 28, 2023 17:49:56.141099",1.150338,74,0xb1bf,0xffff,0x8841,0,0xb1bf,0xfffc,0x1209,,,physicalInteraction7.pcapng
"Nov 28, 2023 17:50:00.513443",4.372344,74,0xec7f,0xffff,0x8841,45,0xec7f,0xfffc,0x1209,,,physicalInteraction7.pcapng
"Nov 28, 2023 17:50:00.967984",0.454541,108,0x4e11,0xffff,0x886c,176,,,,,,physicalInteraction7.pcapng
"Nov 28, 2023 17:50:01.018602",0.050618,74,0x0000,0xffff,0x8841,108,0x0000,0xfffc,0x1209,,,physicalInteraction7.pcapng
"Nov 28, 2023 17:50:01.593665",0.575063,59,0x4308,0xffff,0x8841,37,0x4308,0xfffc,0x1209,,,physicalInteraction7.pcapng
"Nov 28, 2023 17:50:01.623428",0.029763,74,0x3d95,0xffff,0x8841,207,0x3d95,0xfffc,0x1209,,,physicalInteraction7.pcapng
"Nov 28, 2023 17:50:01.778177",,52,,,,,,,,,,physicalInteraction7.pcapng
"Nov 28, 2023 17:50:01.780224",0.002047,5,,,0x0002,46,,,,,,physicalInteraction7.pcapng
"Nov 28, 2023 17:50:01.793260",,45,,,,,,,,,,physicalInteraction7.pcapng
"Nov 28, 2023 17:50:01.795069",0.001809,5,,,0x0002,109,,,,,,physicalInteraction7.pcapng
"Nov 28, 2023 17:50:01.820956",,50,,,,,,,,,,physicalInteraction7.pcapng
"Nov 28, 2023 17:50:01.822925",0.001969,5,,,0x0002,110,,,,,,physicalInteraction7.pcapng
"Nov 28, 2023 17:50:01.826054",,45,,,,,,,,,,physicalInteraction7.pcapng
"Nov 28, 2023 17:50:01.827876",0.001822,5,,,0x0002,47,,,,,,physicalInteraction7.pcapng
"Nov 28, 2023 17:50:01.918019",0.090143,59,0x4308,0xffff,0x8841,38,,,,,,physicalInteraction7.pcapng
"Nov 28, 2023 17:50:02.095809",,53,,,,,,,,,,physicalInteraction7.pcapng
"Nov 28, 2023 17:50:02.097888",0.002079,5,,,0x0002,1,,,,,,physicalInteraction7.pcapng
"Nov 28, 2023 17:50:02.110290",,45,,,,,,,,,,physicalInteraction7.pcapng
"Nov 28, 2023 17:50:02.112113",0.001823,5,,,0x0002,111,,,,,,physicalInteraction7.pcapng
"Nov 28, 2023 17:50:02.128055",,45,,,,,,,,,,physicalInteraction7.pcapng
"Nov 28, 2023 17:50:02.129846",0.001791,5,,,0x0002,16,,,,,,physicalInteraction7.pcapng
"Nov 28, 2023 17:50:02.238178",0.108332,59,0x4308,0xffff,0x8841,39,,,,,,physicalInteraction7.pcapng
"Nov 28, 2023 17:50:03.157528",0.919350,74,0x711c,0xffff,0x8841,17,0x711c,0xfffc,0x1209,,,physicalInteraction7.pcapng
"Nov 28, 2023 17:50:03.582019",0.424491,47,0x4308,0xffff,0x8841,41,,,,,,physicalInteraction7.pcapng
"Nov 28, 2023 17:50:04.917982",1.335963,59,0x4308,0xffff,0x8841,43,0x4308,0xfffc,0x1209,,,physicalInteraction7.pcapng
"Nov 28, 2023 17:50:05.557719",0.639737,59,0x4308,0xffff,0x8841,45,0x4308,0xfffc,0x1209,,,physicalInteraction7.pcapng
"Nov 28, 2023 17:50:06.271430",0.713711,74,0x5bb9,0xffff,0x8841,125,0x5bb9,0xfffc,0x1209,,,physicalInteraction7.pcapng
"Nov 28, 2023 17:50:06.473719",,52,,,,,,,,,,physicalInteraction7.pcapng
"Nov 28, 2023 17:50:06.475766",0.002047,5,,,0x0002,48,,,,,,physicalInteraction7.pcapng
"Nov 28, 2023 17:50:06.488877",,45,,,,,,,,,,physicalInteraction7.pcapng
"Nov 28, 2023 17:50:06.490686",0.001809,5,,,0x0002,112,,,,,,physicalInteraction7.pcapng
"Nov 28, 2023 17:50:06.515825",,50,,,,,,,,,,physicalInteraction7.pcapng
"Nov 28, 2023 17:50:06.517794",0.001969,5,,,0x0002,113,,,,,,physicalInteraction7.pcapng
"Nov 28, 2023 17:50:06.521548",,45,,,,,,,,,,physicalInteraction7.pcapng
"Nov 28, 2023 17:50:06.523371",0.001823,5,,,0x0002,49,,,,,,physicalInteraction7.pcapng
"Nov 28, 2023 17:50:07.923259",1.399888,74,0xe1a6,0xffff,0x8841,84,0xe1a6,0xfffc,0x1209,,,physicalInteraction7.pcapng
"Nov 28, 2023 17:50:09.053781",1.130522,74,0x0112,0xffff,0x8841,197,0x0112,0xfffc,0x1209,,,physicalInteraction7.pcapng
"Nov 28, 2023 17:50:09.906797",0.853016,68,0x1e15,0xffff,0x8841,116,0x1e15,0xfffc,0x1209,,,physicalInteraction7.pcapng
"Nov 28, 2023 17:50:09.946536",,52,,,,,,,,,,physicalInteraction7.pcapng
"Nov 28, 2023 17:50:09.948542",0.002006,5,,,0x0002,114,,,,,,physicalInteraction7.pcapng
"Nov 28, 2023 17:50:09.956294",,63,,,,,,,,,,physicalInteraction7.pcapng
"Nov 28, 2023 17:50:09.958693",0.002399,5,,,0x0002,85,,,,,,physicalInteraction7.pcapng
"Nov 28, 2023 17:50:09.983271",,52,,,,,,,,,,physicalInteraction7.pcapng
"Nov 28, 2023 17:50:09.985287",0.002016,5,,,0x0002,115,,,,,,physicalInteraction7.pcapng
"Nov 28, 2023 17:50:09.993083",,63,,,,,,,,,,physicalInteraction7.pcapng
"Nov 28, 2023 17:50:09.995482",0.002399,5,,,0x0002,208,,,,,,physicalInteraction7.pcapng
"Nov 28, 2023 17:50:10.000099",,45,,,,,,,,,,physicalInteraction7.pcapng
"Nov 28, 2023 17:50:10.001890",0.001791,5,,,0x0002,116,,,,,,physicalInteraction7.pcapng
"Nov 28, 2023 17:50:10.027243",,54,,,,,,,,,,physicalInteraction7.pcapng
"Nov 28, 2023 17:50:10.029322",0.002079,5,,,0x0002,117,,,,,,physicalInteraction7.pcapng
"Nov 28, 2023 17:50:10.036969",,66,,,,,,,,,,physicalInteraction7.pcapng
"Nov 28, 2023 17:50:10.039464",0.002495,5,,,0x0002,86,,,,,,physicalInteraction7.pcapng
"Nov 28, 2023 17:50:10.047366",,45,,,,,,,,,,physicalInteraction7.pcapng
"Nov 28, 2023 17:50:10.049157",0.001791,5,,,0x0002,118,,,,,,physicalInteraction7.pcapng
"Nov 28, 2023 17:50:10.056489",,45,,,,,,,,,,physicalInteraction7.pcapng
"Nov 28, 2023 17:50:10.058280",0.001791,5,,,0x0002,118,,,,,,physicalInteraction7.pcapng
"Nov 28, 2023 17:50:10.064140",,54,,,,,,,,,,physicalInteraction7.pcapng
"Nov 28, 2023 17:50:10.066218",0.002078,5,,,0x0002,119,,,,,,physicalInteraction7.pcapng
"Nov 28, 2023 17:50:10.074083",,66,,,,,,,,,,physicalInteraction7.pcapng
"Nov 28, 2023 17:50:10.076578",0.002495,5,,,0x0002,209,,,,,,physicalInteraction7.pcapng
"Nov 28, 2023 17:50:10.082478",,54,,,,,,,,,,physicalInteraction7.pcapng
"Nov 28, 2023 17:50:10.084590",0.002112,5,,,0x0002,120,,,,,,physicalInteraction7.pcapng
"Nov 28, 2023 17:50:10.089047",0.004457,54,0x711c,0xb1bf,0x8861,18,,,,,,physicalInteraction7.pcapng
"Nov 28, 2023 17:50:10.093052",,54,,,,,,,,,,physicalInteraction7.pcapng
"Nov 28, 2023 17:50:10.095131",0.002079,5,,,0x0002,18,,,,,,physicalInteraction7.pcapng
"Nov 28, 2023 17:50:10.097107",,52,,,,,,,,,,physicalInteraction7.pcapng
"Nov 28, 2023 17:50:10.101946",,52,,,,,,,,,,physicalInteraction7.pcapng
"Nov 28, 2023 17:50:10.105074",,52,,,,,,,,,,physicalInteraction7.pcapng
"Nov 28, 2023 17:50:10.107121",0.002047,5,,,0x0002,121,,,,,,physicalInteraction7.pcapng
"Nov 28, 2023 17:50:10.111176",,52,,,,,,,,,,physicalInteraction7.pcapng
"Nov 28, 2023 17:50:10.115007",,54,,,,,,,,,,physicalInteraction7.pcapng
"Nov 28, 2023 17:50:10.117118",0.002111,5,,,0x0002,188,,,,,,physicalInteraction7.pcapng
"Nov 28, 2023 17:50:10.117523",,66,,,,,,,,,,physicalInteraction7.pcapng
"Nov 28, 2023 17:50:10.120018",0.002495,5,,,0x0002,2,,,,,,physicalInteraction7.pcapng
"Nov 28, 2023 17:50:10.120746",,52,,,,,,,,,,physicalInteraction7.pcapng
"Nov 28, 2023 17:50:10.122764",0.002018,5,,,0x0002,19,,,,,,physicalInteraction7.pcapng
"Nov 28, 2023 17:50:10.131215",,52,,,,,,,,,,physicalInteraction7.pcapng
"Nov 28, 2023 17:50:10.137989",,66,,,,,,,,,,physicalInteraction7.pcapng
"Nov 28, 2023 17:50:10.140484",0.002495,5,,,0x0002,3,,,,,,physicalInteraction7.pcapng
"Nov 28, 2023 17:50:10.142235",,45,,,,,,,,,,physicalInteraction7.pcapng
"Nov 28, 2023 17:50:10.144027",0.001792,5,,,0x0002,122,,,,,,physicalInteraction7.pcapng
"Nov 28, 2023 17:50:10.148019",,63,,,,,,,,,,physicalInteraction7.pcapng
"Nov 28, 2023 17:50:10.150418",0.002399,5,,,0x0002,4,,,,,,physicalInteraction7.pcapng
"Nov 28, 2023 17:50:10.152951",0.002533,63,0xb1bf,0x0000,0x8861,4,,,,,,physicalInteraction7.pcapng
"Nov 28, 2023 17:50:10.158009",,63,,,,,,,,,,physicalInteraction7.pcapng
"Nov 28, 2023 17:50:10.160408",0.002399,5,,,0x0002,4,,,,,,physicalInteraction7.pcapng
"Nov 28, 2023 17:50:10.161346",,66,,,,,,,,,,physicalInteraction7.pcapng
"Nov 28, 2023 17:50:10.163841",0.002495,5,,,0x0002,5,,,,,,physicalInteraction7.pcapng
"Nov 28, 2023 17:50:10.169840",,54,,,,,,,,,,physicalInteraction7.pcapng
"Nov 28, 2023 17:50:10.171951",0.002111,5,,,0x0002,21,,,,,,physicalInteraction7.pcapng
"Nov 28, 2023 17:50:10.173691",,45,,,,,,,,,,physicalInteraction7.pcapng
"Nov 28, 2023 17:50:10.179617",0.005926,57,0x711c,0x0000,0x8861,22,0xd0bb,0x0000,0x1a09,,,physicalInteraction7.pcapng
"Nov 28, 2023 17:50:10.181824",0.002207,5,,,0x0002,22,,,,,,physicalInteraction7.pcapng
"Nov 28, 2023 17:50:10.185007",,45,,,,,,,,,,physicalInteraction7.pcapng
"Nov 28, 2023 17:50:10.186798",0.001791,5,,,0x0002,123,,,,,,physicalInteraction7.pcapng
"Nov 28, 2023 17:50:10.199144",,45,,,,,,,,,,physicalInteraction7.pcapng
"Nov 28, 2023 17:50:10.200967",0.001823,5,,,0x0002,124,,,,,,physicalInteraction7.pcapng
"Nov 28, 2023 17:50:10.203735",,45,,,,,,,,,,physicalInteraction7.pcapng
"Nov 28, 2023 17:50:10.205528",0.001793,5,,,0x0002,23,,,,,,physicalInteraction7.pcapng
"Nov 28, 2023 17:50:10.209968",,45,,,,,,,,,,physicalInteraction7.pcapng
"Nov 28, 2023 17:50:10.211791",0.001823,5,,,0x0002,125,,,,,,physicalInteraction7.pcapng
"Nov 28, 2023 17:50:10.213051",,45,,,,,,,,,,physicalInteraction7.pcapng
"Nov 28, 2023 17:50:10.214874",0.001823,5,,,0x0002,125,,,,,,physicalInteraction7.pcapng
"Nov 28, 2023 17:50:10.216531",,45,,,,,,,,,,physicalInteraction7.pcapng
"Nov 28, 2023 17:50:10.218324",0.001793,5,,,0x0002,24,,,,,,physicalInteraction7.pcapng
"Nov 28, 2023 17:50:10.220080",,52,,,,,,,,,,physicalInteraction7.pcapng
"Nov 28, 2023 17:50:10.222127",0.002047,5,,,0x0002,126,,,,,,physicalInteraction7.pcapng
"Nov 28, 2023 17:50:10.236181",,45,,,,,,,,,,physicalInteraction7.pcapng
"Nov 28, 2023 17:50:10.238004",0.001823,5,,,0x0002,127,,,,,,physicalInteraction7.pcapng
"Nov 28, 2023 17:50:10.241762",,45,,,,,,,,,,physicalInteraction7.pcapng
"Nov 28, 2023 17:50:10.243556",0.001794,5,,,0x0002,25,,,,,,physicalInteraction7.pcapng
"Nov 28, 2023 17:50:10.245822",,45,,,,,,,,,,physicalInteraction7.pcapng
"Nov 28, 2023 17:50:10.247646",0.001824,5,,,0x0002,128,,,,,,physicalInteraction7.pcapng
"Nov 28, 2023 17:50:10.252044",,45,,,,,,,,,,physicalInteraction7.pcapng
"Nov 28, 2023 17:50:10.253825",0.001781,5,,,0x0002,26,,,,,,physicalInteraction7.pcapng
"Nov 28, 2023 17:50:11.135283",0.881458,74,0xb1bf,0xffff,0x8841,6,0xb1bf,0xfffc,0x1209,,,physicalInteraction7.pcapng
"Nov 28, 2023 17:50:13.592911",2.457628,59,0x4308,0xffff,0x8841,46,0x4308,0xfffc,0x1209,,,physicalInteraction7.pcapng
"Nov 28, 2023 17:50:13.912785",0.319874,59,0x4308,0xffff,0x8841,47,,,,,,physicalInteraction7.pcapng
"Nov 28, 2023 17:50:14.234500",0.321715,59,0x4308,0xffff,0x8841,48,0x4308,0xfffc,0x1209,,,physicalInteraction7.pcapng
"Nov 28, 2023 17:50:14.347821",0.113321,57,0x4308,0xffff,0x8841,49,0x4308,0xfffd,0x0208,,,physicalInteraction7.pcapng
"Nov 28, 2023 17:50:14.554691",0.206870,59,0x4308,0xffff,0x8841,50,0x4308,0xfffc,0x1209,,,physicalInteraction7.pcapng
"Nov 28, 2023 17:50:14.994073",0.439382,57,0x4308,0xffff,0x8841,51,0x4308,0xfffd,0x0208,,,physicalInteraction7.pcapng
"Nov 28, 2023 17:50:15.115030",0.120957,74,0xec7f,0xffff,0x8841,50,0xec7f,0xfffc,0x1209,,,physicalInteraction7.pcapng
"Nov 28, 2023 17:50:16.574890",1.459860,74,0x3d95,0xffff,0x8841,210,0x3d95,0xfffc,0x1209,,,physicalInteraction7.pcapng
"Nov 28, 2023 17:50:16.922635",0.347745,59,0x4308,0xffff,0x8841,53,,,,,,physicalInteraction7.pcapng
"Nov 28, 2023 17:50:17.210075",0.287440,74,0x4e11,0xffff,0x8841,177,0x4e11,0xfffc,0x1209,,,physicalInteraction7.pcapng
"Nov 28, 2023 17:50:17.243158",0.033083,59,0x4308,0xffff,0x8841,54,0x4308,0xfffc,0x1209,,,physicalInteraction7.pcapng
"Nov 28, 2023 17:50:18.148217",0.905059,74,0x0000,0xffff,0x8841,129,0x0000,0xfffc,0x1209,,,physicalInteraction7.pcapng
"Nov 28, 2023 17:50:18.229652",0.081435,74,0x711c,0xffff,0x8841,27,0x711c,0xfffc,0x1209,,,physicalInteraction7.pcapng
"Nov 28, 2023 17:50:18.663482",0.433830,47,0x4308,0xffff,0x8841,56,,,,,,physicalInteraction7.pcapng
"Nov 28, 2023 17:50:19.770762",,58,,,,,,,,,,physicalInteraction7.pcapng
"Nov 28, 2023 17:50:19.773001",0.002239,5,,,0x0002,51,,,,,,physicalInteraction7.pcapng
"Nov 28, 2023 17:50:19.791919",,45,,,,,,,,,,physicalInteraction7.pcapng
"Nov 28, 2023 17:50:19.793728",0.001809,5,,,0x0002,130,,,,,,physicalInteraction7.pcapng
"Nov 28, 2023 17:50:19.812849",,50,,,,,,,,,,physicalInteraction7.pcapng
"Nov 28, 2023 17:50:19.814819",0.001970,5,,,0x0002,131,,,,,,physicalInteraction7.pcapng
"Nov 28, 2023 17:50:19.816978",,45,,,,,,,,,,physicalInteraction7.pcapng
"Nov 28, 2023 17:50:19.818801",0.001823,5,,,0x0002,52,,,,,,physicalInteraction7.pcapng
"Nov 28, 2023 17:50:22.963177",3.144376,74,0xe1a6,0xffff,0x8841,87,0xe1a6,0xfffc,0x1209,,,physicalInteraction7.pcapng
"Nov 28, 2023 17:50:23.770851",,53,,,,,,,,,,physicalInteraction7.pcapng
"Nov 28, 2023 17:50:23.772899",0.002048,5,,,0x0002,150,,,,,,physicalInteraction7.pcapng
"Nov 28, 2023 17:50:23.776540",,53,,,,,,,,,,physicalInteraction7.pcapng
"Nov 28, 2023 17:50:23.778619",0.002079,5,,,0x0002,88,,,,,,physicalInteraction7.pcapng
"Nov 28, 2023 17:50:24.071450",0.292831,71,0x0112,0xffff,0x8841,198,0x0112,0xfffc,0x1209,,,physicalInteraction7.pcapng
"Nov 28, 2023 17:50:24.277862",0.206412,12,0x4615,0xe1a6,0x8863,151,,,,,,physicalInteraction7.pcapng
"Nov 28, 2023 17:50:24.278598",0.000736,5,,,0x0002,151,,,,,,physicalInteraction7.pcapng
"Nov 28, 2023 17:50:24.913746",0.635148,68,0x1e15,0xffff,0x8841,117,0x1e15,0xfffc,0x1209,,,physicalInteraction7.pcapng
"Nov 28, 2023 17:50:25.603081",0.689335,59,0x4308,0xffff,0x8841,57,0x4308,0xfffc,0x1209,,,physicalInteraction7.pcapng
"Nov 28, 2023 17:50:25.927188",0.324107,59,0x4308,0xffff,0x8841,58,0x4308,0xfffc,0x1209,,,physicalInteraction7.pcapng
"Nov 28, 2023 17:50:26.104128",0.176940,74,0xb1bf,0xffff,0x8841,7,0xb1bf,0xfffc,0x1209,,,physicalInteraction7.pcapng
"Nov 28, 2023 17:50:26.248597",0.144469,59,0x4308,0xffff,0x8841,59,0x4308,0xfffc,0x1209,,,physicalInteraction7.pcapng
"Nov 28, 2023 17:50:26.568742",0.320145,59,0x4308,0xffff,0x8841,60,0x4308,0xfffc,0x1209,,,physicalInteraction7.pcapng
"Nov 28, 2023 17:50:28.603060",2.034318,59,0x4308,0xffff,0x8841,61,,,,,,physicalInteraction7.pcapng
"Nov 28, 2023 17:50:28.925174",0.322114,59,0x4308,0xffff,0x8841,62,,,,,,physicalInteraction7.pcapng
"Nov 28, 2023 17:50:29.247295",0.322121,59,0x4308,0xffff,0x8841,63,0x4308,0xfffc,0x1209,,,physicalInteraction7.pcapng
"Nov 28, 2023 17:50:29.565930",0.318635,59,0x4308,0xffff,0x8841,64,,,,,,physicalInteraction7.pcapng
"Nov 28, 2023 17:50:31.115187",1.549257,105,0x4e11,0xffff,0x8869,178,,,,,,physicalInteraction7.pcapng
"Nov 28, 2023 17:50:31.567065",0.451878,74,0xec7f,0xffff,0x8841,53,0xec7f,0xfffc,0x1209,,,physicalInteraction7.pcapng
"Nov 28, 2023 17:50:31.619247",0.052182,74,0x3d95,0xffff,0x8841,211,0x3d95,0xfffc,0x1209,,,physicalInteraction7.pcapng
"Nov 28, 2023 17:50:31.789132",,50,,,,,,,,,,physicalInteraction7.pcapng
"Nov 28, 2023 17:50:31.791115",0.001983,5,,,0x0002,132,,,,,,physicalInteraction7.pcapng
"Nov 28, 2023 17:50:31.796092",0.004977,55,0x711c,0x0000,0x8861,28,0x711c,0x0000,0x1a09,,,physicalInteraction7.pcapng
"Nov 28, 2023 17:50:31.798235",0.002143,5,,,0x0002,28,,,,,,physicalInteraction7.pcapng
"Nov 28, 2023 17:50:31.842328",,53,,,,,,,,,,physicalInteraction7.pcapng
"Nov 28, 2023 17:50:31.844407",0.002079,5,,,0x0002,29,,,,,,physicalInteraction7.pcapng
"Nov 28, 2023 17:50:31.884545",,50,,,,,,,,,,physicalInteraction7.pcapng
"Nov 28, 2023 17:50:31.886528",0.001983,5,,,0x0002,133,,,,,,physicalInteraction7.pcapng
"Nov 28, 2023 17:50:31.889906",0.003378,55,0x711c,0x0000,0x8861,30,0x711c,0x0000,0x1a09,,,physicalInteraction7.pcapng
"Nov 28, 2023 17:50:31.892049",0.002143,5,,,0x0002,30,,,,,,physicalInteraction7.pcapng
"Nov 28, 2023 17:50:31.938118",,53,,,,,,,,,,physicalInteraction7.pcapng
"Nov 28, 2023 17:50:31.940197",0.002079,5,,,0x0002,31,,,,,,physicalInteraction7.pcapng
"Nov 28, 2023 17:50:32.576628",,57,,,,,,,,,,physicalInteraction7.pcapng
"Nov 28, 2023 17:50:32.578835",0.002207,5,,,0x0002,89,,,,,,physicalInteraction7.pcapng
"Nov 28, 2023 17:50:32.619823",,50,,,,,,,,,,physicalInteraction7.pcapng
"Nov 28, 2023 17:50:32.624100",,50,,,,,,,,,,physicalInteraction7.pcapng
"Nov 28, 2023 17:50:32.626052",0.001952,5,,,0x0002,134,,,,,,physicalInteraction7.pcapng
"Nov 28, 2023 17:50:32.631201",,45,,,,,,,,,,physicalInteraction7.pcapng
"Nov 28, 2023 17:50:32.633024",0.001823,5,,,0x0002,90,,,,,,physicalInteraction7.pcapng
"Nov 28, 2023 17:50:32.645368",,63,,,,,,,,,,physicalInteraction7.pcapng
"Nov 28, 2023 17:50:32.647766",0.002398,5,,,0x0002,91,,,,,,physicalInteraction7.pcapng
"Nov 28, 2023 17:50:32.699430",,50,,,,,,,,,,physicalInteraction7.pcapng
"Nov 28, 2023 17:50:32.701382",0.001952,5,,,0x0002,135,,,,,,physicalInteraction7.pcapng
"Nov 28, 2023 17:50:32.706704",,45,,,,,,,,,,physicalInteraction7.pcapng
"Nov 28, 2023 17:50:32.708527",0.001823,5,,,0x0002,92,,,,,,physicalInteraction7.pcapng
"Nov 28, 2023 17:50:33.810920",,53,,,,,,,,,,physicalInteraction7.pcapng
"Nov 28, 2023 17:50:33.812964",0.002044,5,,,0x0002,152,,,,,,physicalInteraction7.pcapng
"Nov 28, 2023 17:50:33.816833",,53,,,,,,,,,,physicalInteraction7.pcapng
"Nov 28, 2023 17:50:33.818911",0.002078,5,,,0x0002,93,,,,,,physicalInteraction7.pcapng
"Nov 28, 2023 17:50:34.319359",0.500448,12,0x4615,0xe1a6,0x8863,153,,,,,,physicalInteraction7.pcapng
"Nov 28, 2023 17:50:34.320096",0.000737,5,,,0x0002,153,,,,,,physicalInteraction7.pcapng
"Nov 28, 2023 17:50:35.385143",1.065047,74,0x0000,0xffff,0x8841,136,0x0000,0xfffc,0x1209,,,physicalInteraction7.pcapng
"Nov 28, 2023 17:50:36.322124",0.936981,74,0x711c,0xffff,0x8841,32,0x711c,0xfffc,0x1209,,,physicalInteraction7.pcapng
"Nov 28, 2023 17:50:37.600283",1.278159,59,0x4308,0xffff,0x8841,66,0x4308,0xfffc,0x1209,,,physicalInteraction7.pcapng
"Nov 28, 2023 17:50:37.921676",0.321393,59,0x4308,0xffff,0x8841,67,0x4308,0xfffc,0x1209,,,physicalInteraction7.pcapng
"Nov 28, 2023 17:50:37.928961",0.007285,74,0xe1a6,0xffff,0x8841,94,0xe1a6,0xfffc,0x1209,,,physicalInteraction7.pcapng
"Nov 28, 2023 17:50:38.242804",0.313843,59,0x4308,0xffff,0x8841,68,,,,,,physicalInteraction7.pcapng
"Nov 28, 2023 17:50:38.561394",0.318590,59,0x4308,0xffff,0x8841,69,,,,,,physicalInteraction7.pcapng
"Nov 28, 2023 17:50:39.065666",0.504272,71,0x0112,0xffff,0x8841,199,0x0112,0xfffc,0x1209,,,physicalInteraction7.pcapng
"Nov 28, 2023 17:50:39.512846",0.447180,74,0x5bb9,0xffff,0x8841,127,0x5bb9,0xfffc,0x1209,,,physicalInteraction7.pcapng
"Nov 28, 2023 17:50:39.953041",,52,,,,,,,,,,physicalInteraction7.pcapng
"Nov 28, 2023 17:50:39.955056",0.002015,5,,,0x0002,137,,,,,,physicalInteraction7.pcapng
"Nov 28, 2023 17:50:39.962892",,63,,,,,,,,,,physicalInteraction7.pcapng
"Nov 28, 2023 17:50:39.965291",0.002399,5,,,0x0002,95,,,,,,physicalInteraction7.pcapng
"Nov 28, 2023 17:50:39.969734",0.004443,65,0x1e15,0xffff,0x8841,118,0x1e15,0xfffc,0x1209,,,physicalInteraction7.pcapng
"Nov 28, 2023 17:50:39.989414",,52,,,,,,,,,,physicalInteraction7.pcapng
"Nov 28, 2023 17:50:39.991430",0.002016,5,,,0x0002,138,,,,,,physicalInteraction7.pcapng
"Nov 28, 2023 17:50:39.999239",,63,,,,,,,,,,physicalInteraction7.pcapng
"Nov 28, 2023 17:50:40.001638",0.002399,5,,,0x0002,212,,,,,,physicalInteraction7.pcapng
"Nov 28, 2023 17:50:40.002599",,45,,,,,,,,,,physicalInteraction7.pcapng
"Nov 28, 2023 17:50:40.004391",0.001792,5,,,0x0002,139,,,,,,physicalInteraction7.pcapng
"Nov 28, 2023 17:50:40.033110",,54,,,,,,,,,,physicalInteraction7.pcapng
"Nov 28, 2023 17:50:40.035191",0.002081,5,,,0x0002,140,,,,,,physicalInteraction7.pcapng
"Nov 28, 2023 17:50:40.042954",,66,,,,,,,,,,physicalInteraction7.pcapng
"Nov 28, 2023 17:50:40.045448",0.002494,5,,,0x0002,96,,,,,,physicalInteraction7.pcapng
"Nov 28, 2023 17:50:40.053062",,45,,,,,,,,,,physicalInteraction7.pcapng
"Nov 28, 2023 17:50:40.054854",0.001792,5,,,0x0002,141,,,,,,physicalInteraction7.pcapng
"Nov 28, 2023 17:50:40.065903",,54,,,,,,,,,,physicalInteraction7.pcapng
"Nov 28, 2023 17:50:40.067982",0.002079,5,,,0x0002,142,,,,,,physicalInteraction7.pcapng
"Nov 28, 2023 17:50:40.075633",,66,,,,,,,,,,physicalInteraction7.pcapng
"Nov 28, 2023 17:50:40.078128",0.002495,5,,,0x0002,213,,,,,,physicalInteraction7.pcapng
"Nov 28, 2023 17:50:40.086269",,54,,,,,,,,,,physicalInteraction7.pcapng
"Nov 28, 2023 17:50:40.088380",0.002111,5,,,0x0002,143,,,,,,physicalInteraction7.pcapng
"Nov 28, 2023 17:50:40.092203",0.003823,54,0x7777,0x7777,0x8861,113,,,,,,physicalInteraction7.pcapng
"Nov 28, 2023 17:50:40.094282",0.002079,5,,,0x0002,33,,,,,,physicalInteraction7.pcapng
"Nov 28, 2023 17:50:40.099945",,52,,,,,,,,,,physicalInteraction7.pcapng
"Nov 28, 2023 17:50:40.101992",0.002047,5,,,0x0002,144,,,,,,physicalInteraction7.pcapng
"Nov 28, 2023 17:50:40.105808",,52,,,,,,,,,,physicalInteraction7.pcapng
"Nov 28, 2023 17:50:40.112243",,52,,,,,,,,,,physicalInteraction7.pcapng
"Nov 28, 2023 17:50:40.116278",,45,,,,,,,,,,physicalInteraction7.pcapng
"Nov 28, 2023 17:50:40.118060",0.001782,5,,,0x0002,145,,,,,,physicalInteraction7.pcapng
"Nov 28, 2023 17:50:40.122466",,52,,,,,,,,,,physicalInteraction7.pcapng
"Nov 28, 2023 17:50:40.124471",0.002005,5,,,0x0002,34,,,,,,physicalInteraction7.pcapng
"Nov 28, 2023 17:50:40.125205",,66,,,,,,,,,,physicalInteraction7.pcapng
"Nov 28, 2023 17:50:40.127699",0.002494,5,,,0x0002,9,,,,,,physicalInteraction7.pcapng
"Nov 28, 2023 17:50:40.136958",,45,,,,,,,,,,physicalInteraction7.pcapng
"Nov 28, 2023 17:50:40.140710",,45,,,,,,,,,,physicalInteraction7.pcapng
"Nov 28, 2023 17:50:40.142502",0.001792,5,,,0x0002,146,,,,,,physicalInteraction7.pcapng
"Nov 28, 2023 17:50:40.143119",,63,,,,,,,,,,physicalInteraction7.pcapng
"Nov 28, 2023 17:50:40.145518",0.002399,5,,,0x0002,10,,,,,,physicalInteraction7.pcapng
"Nov 28, 2023 17:50:40.151482",,45,,,,,,,,,,physicalInteraction7.pcapng
"Nov 28, 2023 17:50:40.153305",0.001823,5,,,0x0002,147,,,,,,physicalInteraction7.pcapng
"Nov 28, 2023 17:50:40.157960",,45,,,,,,,,,,physicalInteraction7.pcapng
"Nov 28, 2023 17:50:40.159753",0.001793,5,,,0x0002,35,,,,,,physicalInteraction7.pcapng
"Nov 28, 2023 17:50:40.161446",,45,,,,,,,,,,physicalInteraction7.pcapng
"Nov 28, 2023 17:50:40.163269",0.001823,5,,,0x0002,148,,,,,,physicalInteraction7.pcapng
"Nov 28, 2023 17:50:40.167533",,45,,,,,,,,,,physicalInteraction7.pcapng
"Nov 28, 2023 17:50:40.169314",0.001781,5,,,0x0002,36,,,,,,physicalInteraction7.pcapng
"Nov 28, 2023 17:50:40.600501",0.431187,59,0x4308,0xffff,0x8841,70,0x4308,0xfffc,0x1209,,,physicalInteraction7.pcapng
"Nov 28, 2023 17:50:41.189290",0.588789,74,0xb1bf,0xffff,0x8841,11,0xb1bf,0xfffc,0x1209,,,physicalInteraction7.pcapng
"Nov 28, 2023 17:50:41.241814",0.052524,59,0x4308,0xffff,0x8841,72,0x4308,0xfffc,0x1209,,,physicalInteraction7.pcapng
"Nov 28, 2023 17:50:41.561316",0.319502,59,0x4308,0xffff,0x8841,73,,,,,,physicalInteraction7.pcapng
"Nov 28, 2023 17:50:44.246812",,60,,,,,,,,,,physicalInteraction7.pcapng
"Nov 28, 2023 17:50:44.249115",0.002303,5,,,0x0002,214,,,,,,physicalInteraction7.pcapng
"Nov 28, 2023 17:50:44.287872",,50,,,,,,,,,,physicalInteraction7.pcapng
"Nov 28, 2023 17:50:44.289823",0.001951,5,,,0x0002,149,,,,,,physicalInteraction7.pcapng
"Nov 28, 2023 17:50:44.299448",,45,,,,,,,,,,physicalInteraction7.pcapng
"Nov 28, 2023 17:50:44.301270",0.001822,5,,,0x0002,215,,,,,,physicalInteraction7.pcapng
"Nov 28, 2023 17:50:46.385026",2.083756,74,0x4e11,0xffff,0x8841,179,0x4e11,0xfffc,0x1209,,,physicalInteraction7.pcapng
"Nov 28, 2023 17:50:46.700694",0.315668,74,0x3d95,0xffff,0x8841,216,0x3d95,0xfffc,0x1209,,,physicalInteraction7.pcapng
"Nov 28, 2023 17:50:48.103115",,53,,,,,,,,,,physicalInteraction7.pcapng
"Nov 28, 2023 17:50:48.105194",0.002079,5,,,0x0002,12,,,,,,physicalInteraction7.pcapng
"Nov 28, 2023 17:50:48.125785",,45,,,,,,,,,,physicalInteraction7.pcapng
"Nov 28, 2023 17:50:48.127609",0.001824,5,,,0x0002,150,,,,,,physicalInteraction7.pcapng
"Nov 28, 2023 17:50:48.131587",,45,,,,,,,,,,physicalInteraction7.pcapng
"Nov 28, 2023 17:50:48.133379",0.001792,5,,,0x0002,37,,,,,,physicalInteraction7.pcapng
"Nov 28, 2023 17:50:48.844298",0.710919,47,0x4308,0xffff,0x8841,74,0x4308,0xfffc,0x1209,,,physicalInteraction7.pcapng
"Nov 28, 2023 17:50:49.157441",0.313143,74,0xec7f,0xffff,0x8841,54,0xec7f,0xfffc,0x1209,,,physicalInteraction7.pcapng
"Nov 28, 2023 17:50:49.600698",0.443257,59,0x4308,0xffff,0x8841,75,0x4308,0xfffc,0x1209,,,physicalInteraction7.pcapng
"Nov 28, 2023 17:50:49.926870",0.326172,59,0x4308,0xffff,0x8841,76,0x4308,0xfffc,0x1209,,,physicalInteraction7.pcapng
"Nov 28, 2023 17:50:50.565898",0.639028,59,0x4308,0xffff,0x8841,78,,,,,,physicalInteraction7.pcapng
"Nov 28, 2023 17:50:50.931416",,54,,,,,,,,,,physicalInteraction7.pcapng
"Nov 28, 2023 17:50:50.935551",0.004135,54,0x1f29,0x0000,0x8861,104,,,,,,physicalInteraction7.pcapng
"Nov 28, 2023 17:50:50.937662",0.002111,5,,,0x0002,104,,,,,,physicalInteraction7.pcapng
"Nov 28, 2023 17:50:51.877541",0.939879,74,0x0000,0xffff,0x8841,151,0x0000,0xfffc,0x1209,,,physicalInteraction7.pcapng
"Nov 28, 2023 17:50:52.600696",0.723155,59,0x4308,0xffff,0x8841,79,0x4308,0xfffc,0x1209,,,physicalInteraction7.pcapng
"Nov 28, 2023 17:50:52.926645",0.325949,59,0x4308,0xffff,0x8841,80,0x4308,0xfffc,0x1209,,,physicalInteraction7.pcapng
"Nov 28, 2023 17:50:52.938105",0.011460,74,0xe1a6,0xffff,0x8841,97,0xe1a6,0xfffc,0x1209,,,physicalInteraction7.pcapng
"Nov 28, 2023 17:50:53.245897",0.307792,59,0x4308,0xffff,0x8841,81,0x4308,0xfffc,0x1209,,,physicalInteraction7.pcapng
"Nov 28, 2023 17:50:53.525272",0.279375,74,0x711c,0xffff,0x8841,38,0x711c,0xfffc,0x1209,,,physicalInteraction7.pcapng
"Nov 28, 2023 17:50:53.574546",0.049274,59,0x4308,0xffff,0x8841,82,0x4308,0xfffc,0x1209,,,physicalInteraction7.pcapng
"Nov 28, 2023 17:50:54.067561",0.493015,71,0x0112,0xffff,0x8841,200,0x0112,0xfffc,0x1209,,,physicalInteraction7.pcapng
"Nov 28, 2023 17:50:54.916609",0.849048,62,0x1e15,0xffff,0x8841,119,0x1e15,0xfffc,0x1209,,,physicalInteraction7.pcapng
"Nov 28, 2023 17:50:56.160372",1.243763,74,0xb1bf,0xffff,0x8841,13,0xb1bf,0xfffc,0x1209,,,physicalInteraction7.pcapng
"Nov 28, 2023 17:50:57.409237",1.248865,74,0x5bb9,0xffff,0x8841,128,0x5bb9,0xfffc,0x1209,,,physicalInteraction7.pcapng
"Nov 28, 2023 17:51:00.104768",,53,,,,,,,,,,physicalInteraction7.pcapng
"Nov 28, 2023 17:51:00.106847",0.002079,5,,,0x0002,14,,,,,,physicalInteraction7.pcapng
"Nov 28, 2023 17:51:00.109752",,53,,,,,,,,,,physicalInteraction7.pcapng
"Nov 28, 2023 17:51:00.111831",0.002079,5,,,0x0002,14,,,,,,physicalInteraction7.pcapng
"Nov 28, 2023 17:51:00.120162",,45,,,,,,,,,,physicalInteraction7.pcapng
"Nov 28, 2023 17:51:00.121985",0.001823,5,,,0x0002,152,,,,,,physicalInteraction7.pcapng
"Nov 28, 2023 17:51:00.126227",,45,,,,,,,,,,physicalInteraction7.pcapng
"Nov 28, 2023 17:51:00.128018",0.001791,5,,,0x0002,39,,,,,,physicalInteraction7.pcapng
"Nov 28, 2023 17:51:00.216680",0.088662,74,0x4e11,0xffff,0x8841,180,0x4e11,0xfffc,0x1209,,,physicalInteraction7.pcapng
"Nov 28, 2023 17:51:01.603350",1.386670,59,0x4308,0xffff,0x8841,83,,,,,,physicalInteraction7.pcapng
"Nov 28, 2023 17:51:01.652020",0.048670,74,0x3d95,0xffff,0x8841,217,0x3d95,0xfffc,0x1209,,,physicalInteraction7.pcapng
"Nov 28, 2023 17:51:01.922857",0.270837,59,0x4308,0xffff,0x8841,84,0x4308,0xfffc,0x1209,,,physicalInteraction7.pcapng
"Nov 28, 2023 17:51:02.240477",0.317620,59,0x4308,0xffff,0x8841,85,0x4308,0xfffc,0x1209,,,physicalInteraction7.pcapng
"Nov 28, 2023 17:51:02.568551",0.328074,59,0x4308,0xffff,0x8841,86,0x4308,0xfffc,0x1209,,,physicalInteraction7.pcapng
"Nov 28, 2023 17:51:03.929294",,53,,,,,,,,,,physicalInteraction7.pcapng
"Nov 28, 2023 17:51:03.931343",0.002049,5,,,0x0002,154,,,,,,physicalInteraction7.pcapng
"Nov 28, 2023 17:51:03.935234",,53,,,,,,,,,,physicalInteraction7.pcapng
"Nov 28, 2023 17:51:03.937313",0.002079,5,,,0x0002,98,,,,,,physicalInteraction7.pcapng
"Nov 28, 2023 17:51:04.437929",0.500616,12,0x4615,0xe1a6,0x8863,155,,,,,,physicalInteraction7.pcapng
"Nov 28, 2023 17:51:04.438666",0.000737,5,,,0x0002,155,,,,,,physicalInteraction7.pcapng
"Nov 28, 2023 17:51:04.930617",0.491951,27,,,0xeaa7,87,,,,,,physicalInteraction7.pcapng
"Nov 28, 2023 17:51:05.550054",0.619437,74,0xec7f,0xffff,0x8841,55,0xec7f,0xfffc,0x1209,,,physicalInteraction7.pcapng
"Nov 28, 2023 17:51:05.569061",0.019007,59,0x4308,0xffff,0x8841,91,0x4308,0xfffc,0x1209,,,physicalInteraction7.pcapng
"Nov 28, 2023 17:51:06.171614",0.602553,74,0x0000,0xffff,0x8841,153,0x0000,0xfffc,0x1209,,,physicalInteraction7.pcapng
"Nov 28, 2023 17:51:07.671830",1.500216,74,0x711c,0xffff,0x8841,40,0x711c,0xfffc,0x1209,,,physicalInteraction7.pcapng
"Nov 28, 2023 17:51:07.976445",0.304615,74,0xe1a6,0xffff,0x8841,99,0xe1a6,0xfffc,0x1209,,,physicalInteraction7.pcapng
"Nov 28, 2023 17:51:09.075872",1.099427,74,0x0112,0xffff,0x8841,201,0x0112,0xfffc,0x1209,,,physicalInteraction7.pcapng
"Nov 28, 2023 17:51:09.879399",0.803527,62,0x1e15,0xffff,0x8841,120,0x1e15,0xfffc,0x1209,,,physicalInteraction7.pcapng
"Nov 28, 2023 17:51:09.953590",,52,,,,,,,,,,physicalInteraction7.pcapng
"Nov 28, 2023 17:51:09.955607",0.002017,5,,,0x0002,154,,,,,,physicalInteraction7.pcapng
"Nov 28, 2023 17:51:09.963300",,63,,,,,,,,,,physicalInteraction7.pcapng
"Nov 28, 2023 17:51:09.965699",0.002399,5,,,0x0002,100,,,,,,physicalInteraction7.pcapng
"Nov 28, 2023 17:51:09.987015",,52,,,,,,,,,,physicalInteraction7.pcapng
"Nov 28, 2023 17:51:09.989031",0.002016,5,,,0x0002,155,,,,,,physicalInteraction7.pcapng
"Nov 28, 2023 17:51:09.996813",,63,,,,,,,,,,physicalInteraction7.pcapng
"Nov 28, 2023 17:51:09.999212",0.002399,5,,,0x0002,218,,,,,,physicalInteraction7.pcapng
"Nov 28, 2023 17:51:10.001408",,45,,,,,,,,,,physicalInteraction7.pcapng
"Nov 28, 2023 17:51:10.003189",0.001781,5,,,0x0002,156,,,,,,physicalInteraction7.pcapng
"Nov 28, 2023 17:51:10.021334",,54,,,,,,,,,,physicalInteraction7.pcapng
"Nov 28, 2023 17:51:10.023406",0.002072,5,,,0x0002,157,,,,,,physicalInteraction7.pcapng
"Nov 28, 2023 17:51:10.031094",,66,,,,,,,,,,physicalInteraction7.pcapng
"Nov 28, 2023 17:51:10.033589",0.002495,5,,,0x0002,101,,,,,,physicalInteraction7.pcapng
"Nov 28, 2023 17:51:10.044571",,45,,,,,,,,,,physicalInteraction7.pcapng
"Nov 28, 2023 17:51:10.046363",0.001792,5,,,0x0002,158,,,,,,physicalInteraction7.pcapng
"Nov 28, 2023 17:51:10.060425",,54,,,,,,,,,,physicalInteraction7.pcapng
"Nov 28, 2023 17:51:10.062505",0.002080,5,,,0x0002,159,,,,,,physicalInteraction7.pcapng
"Nov 28, 2023 17:51:10.070467",,66,,,,,,,,,,physicalInteraction7.pcapng
"Nov 28, 2023 17:51:10.072962",0.002495,5,,,0x0002,219,,,,,,physicalInteraction7.pcapng
"Nov 28, 2023 17:51:10.080142",,54,,,,,,,,,,physicalInteraction7.pcapng
"Nov 28, 2023 17:51:10.082253",0.002111,5,,,0x0002,160,,,,,,physicalInteraction7.pcapng
"Nov 28, 2023 17:51:10.085303",,54,,,,,,,,,,physicalInteraction7.pcapng
"Nov 28, 2023 17:51:10.087386",0.002083,5,,,0x0002,41,,,,,,physicalInteraction7.pcapng
"Nov 28, 2023 17:51:10.093510",,45,,,,,,,,,,physicalInteraction7.pcapng
"Nov 28, 2023 17:51:10.095293",0.001783,5,,,0x0002,161,,,,,,physicalInteraction7.pcapng
"Nov 28, 2023 17:51:10.103042",,52,,,,,,,,,,physicalInteraction7.pcapng
"Nov 28, 2023 17:51:10.105090",0.002048,5,,,0x0002,162,,,,,,physicalInteraction7.pcapng
"Nov 28, 2023 17:51:10.108487",,52,,,,,,,,,,physicalInteraction7.pcapng
"Nov 28, 2023 17:51:10.113884",0.005397,52,,,,,,,,,,physicalInteraction7.pcapng
"Nov 28, 2023 17:51:10.117224",,66,,,,,,,,,,physicalInteraction7.pcapng
"Nov 28, 2023 17:51:10.119719",0.002495,5,,,0x0002,16,,,,,,physicalInteraction7.pcapng
"Nov 28, 2023 17:51:10.123833",,45,,,,,,,,,,physicalInteraction7.pcapng
"Nov 28, 2023 17:51:10.125624",0.001791,5,,,0x0002,163,,,,,,physicalInteraction7.pcapng
"Nov 28, 2023 17:51:10.127818",,52,,,,,,,,,,physicalInteraction7.pcapng
"Nov 28, 2023 17:51:10.129827",0.002009,5,,,0x0002,42,,,,,,physicalInteraction7.pcapng
"Nov 28, 2023 17:51:10.136879",0.007052,63,0xb1bf,0x0000,0x8861,17,,,,,,physicalInteraction7.pcapng
"Nov 28, 2023 17:51:10.141913",,63,,,,,,,,,,physicalInteraction7.pcapng
"Nov 28, 2023 17:51:10.144311",0.002398,5,,,0x0002,17,,,,,,physicalInteraction7.pcapng
"Nov 28, 2023 17:51:10.147249",,45,,,,,,,,,,physicalInteraction7.pcapng
"Nov 28, 2023 17:51:10.149071",0.001822,5,,,0x0002,164,,,,,,physicalInteraction7.pcapng
"Nov 28, 2023 17:51:10.152504",,45,,,,,,,,,,physicalInteraction7.pcapng
"Nov 28, 2023 17:51:10.154295",0.001791,5,,,0x0002,43,,,,,,physicalInteraction7.pcapng
"Nov 28, 2023 17:51:10.159239",,45,,,,,,,,,,physicalInteraction7.pcapng
"Nov 28, 2023 17:51:10.161062",0.001823,5,,,0x0002,165,,,,,,physicalInteraction7.pcapng
"Nov 28, 2023 17:51:10.165638",,45,,,,,,,,,,physicalInteraction7.pcapng
"Nov 28, 2023 17:51:10.167432",0.001794,5,,,0x0002,44,,,,,,physicalInteraction7.pcapng
"Nov 28, 2023 17:51:11.166362",0.998930,74,0xb1bf,0xffff,0x8841,18,0xb1bf,0xfffc,0x1209,,,physicalInteraction7.pcapng
"Nov 28, 2023 17:51:13.973676",,53,,,,,,,,,,physicalInteraction7.pcapng
"Nov 28, 2023 17:51:13.975714",0.002038,5,,,0x0002,156,,,,,,physicalInteraction7.pcapng
"Nov 28, 2023 17:51:13.979479",,53,,,,,,,,,,physicalInteraction7.pcapng
"Nov 28, 2023 17:51:13.981558",0.002079,5,,,0x0002,102,,,,,,physicalInteraction7.pcapng
"Nov 28, 2023 17:51:14.118286",0.136728,51,0x4308,0xffff,0x8841,94,0x4308,0xfffc,0x1209,,,physicalInteraction7.pcapng
"Nov 28, 2023 17:51:14.245459",0.127173,59,0x4308,0xffff,0x8841,95,0x4308,0xfffc,0x1209,,,physicalInteraction7.pcapng
"Nov 28, 2023 17:51:14.314442",0.068983,74,0x5bb9,0xffff,0x8841,129,0x5bb9,0xfffc,0x1209,,,physicalInteraction7.pcapng
"Nov 28, 2023 17:51:14.479460",0.165018,12,0x4615,0xe1a6,0x8863,157,,,,,,physicalInteraction7.pcapng
"Nov 28, 2023 17:51:14.480199",0.000739,5,,,0x0002,157,,,,,,physicalInteraction7.pcapng
"Nov 28, 2023 17:51:14.484568",0.004369,74,0x4e11,0xffff,0x8841,181,0x4e11,0xfffc,0x1209,,,physicalInteraction7.pcapng
"Nov 28, 2023 17:51:14.567591",0.083023,59,0x4308,0xffff,0x8841,96,0x4308,0xfffc,0x1209,,,physicalInteraction7.pcapng
"Nov 28, 2023 17:51:16.609089",2.041498,59,0x4308,0xffff,0x8841,97,0x4308,0xfffc,0x1209,,,physicalInteraction7.pcapng
"Nov 28, 2023 17:51:16.721718",0.112629,74,0x3d95,0xffff,0x8841,220,0x3d95,0xfffc,0x1209,,,physicalInteraction7.pcapng
"Nov 28, 2023 17:51:16.935709",0.213991,59,0x4308,0xffff,0x8841,98,0x4308,0xfffc,0x1209,,,physicalInteraction7.pcapng
"Nov 28, 2023 17:51:17.256241",0.320532,59,0x4308,0xffff,0x8841,99,0x4308,0xfffc,0x1209,,,physicalInteraction7.pcapng
"Nov 28, 2023 17:51:17.575192",0.318951,59,0x4308,0xffff,0x8841,100,0x4308,0xfffc,0x1209,,,physicalInteraction7.pcapng
"Nov 28, 2023 17:51:19.073062",1.497870,47,0x4308,0xffff,0x8841,101,0x4308,0xfffc,0x1209,,,physicalInteraction7.pcapng
"Nov 28, 2023 17:51:21.358614",2.285552,74,0xec7f,0xffff,0x8841,56,0xec7f,0xfffc,0x1209,,,physicalInteraction7.pcapng
"Nov 28, 2023 17:51:22.029459",0.670845,74,0x711c,0xffff,0x8841,45,0x711c,0xfffc,0x1209,,,physicalInteraction7.pcapng
"Nov 28, 2023 17:51:22.838905",0.809446,74,0x0000,0xffff,0x8841,166,0x0000,0xfffc,0x1209,,,physicalInteraction7.pcapng
"Nov 28, 2023 17:51:22.963684",0.124779,74,0xe1a6,0xffff,0x8841,103,0xe1a6,0xfffc,0x1209,,,physicalInteraction7.pcapng
"Nov 28, 2023 17:51:24.060096",1.096412,49,0x1209,0xffff,0x8831,202,,,,,,physicalInteraction7.pcapng
"Nov 28, 2023 17:51:24.994323",0.934227,62,0x1e15,0xffff,0x8841,121,0x1e15,0xfffc,0x1209,,,physicalInteraction7.pcapng
"Nov 28, 2023 17:51:25.609643",0.615320,59,0x4308,0xffff,0x8841,102,,,,,,physicalInteraction7.pcapng
"Nov 28, 2023 17:51:25.930555",0.320912,59,0x4308,0xffff,0x8841,103,0x4308,0xfffc,0x1209,,,physicalInteraction7.pcapng
"Nov 28, 2023 17:51:26.208741",0.278186,74,0xb1bf,0xffff,0x8841,19,0xb1bf,0xfffc,0x1209,,,physicalInteraction7.pcapng
"Nov 28, 2023 17:51:26.251684",0.042943,59,0x4308,0xffff,0x8841,104,0x4308,0xfffc,0x1209,,,physicalInteraction7.pcapng
"Nov 28, 2023 17:51:26.570635",0.318951,59,0x4308,0xffff,0x8841,105,0x4308,0xfffc,0x1209,,,physicalInteraction7.pcapng
"Nov 28, 2023 17:51:28.608190",2.037555,59,0x4308,0xffff,0x8841,106,0x4308,0xfffc,0x1209,,,physicalInteraction7.pcapng
"Nov 28, 2023 17:51:28.613433",0.005243,74,0x4e11,0xffff,0x8841,182,0x4e11,0xfffc,0x1209,,,physicalInteraction7.pcapng
"Nov 28, 2023 17:51:28.931211",0.317778,59,0x4308,0xffff,0x8841,107,0x4308,0xfffc,0x1209,,,physicalInteraction7.pcapng
"Nov 28, 2023 17:51:29.251425",0.320214,59,0x4308,0xffff,0x8841,108,0x4308,0xfffc,0x1209,,,physicalInteraction7.pcapng
"Nov 28, 2023 17:51:30.109128",,53,,,,,,,,,,physicalInteraction7.pcapng
"Nov 28, 2023 17:51:30.111207",0.002079,5,,,0x0002,20,,,,,,physicalInteraction7.pcapng
"Nov 28, 2023 17:51:30.125808",,45,,,,,,,,,,physicalInteraction7.pcapng
"Nov 28, 2023 17:51:30.127631",0.001823,5,,,0x0002,167,,,,,,physicalInteraction7.pcapng
"Nov 28, 2023 17:51:30.130077",,45,,,,,,,,,,physicalInteraction7.pcapng
"Nov 28, 2023 17:51:30.131863",0.001786,5,,,0x0002,46,,,,,,physicalInteraction7.pcapng
"Nov 28, 2023 17:51:31.333733",1.201870,74,0x5bb9,0xffff,0x8841,130,0x5bb9,0xfffc,0x1209,,,physicalInteraction7.pcapng
"Nov 28, 2023 17:51:31.712741",0.379008,74,0x3d95,0xffff,0x8841,221,0x3d95,0xfffc,0x1209,,,physicalInteraction7.pcapng
"Nov 28, 2023 17:51:34.044492",,53,,,,,,,,,,physicalInteraction7.pcapng
"Nov 28, 2023 17:51:34.046530",0.002038,5,,,0x0002,158,,,,,,physicalInteraction7.pcapng
"Nov 28, 2023 17:51:34.050286",,53,,,,,,,,,,physicalInteraction7.pcapng
"Nov 28, 2023 17:51:34.052365",0.002079,5,,,0x0002,104,,,,,,physicalInteraction7.pcapng
"Nov 28, 2023 17:51:34.106853",0.054488,47,0x4308,0xffff,0x8841,110,0x4308,0xfffc,0x1209,,,physicalInteraction7.pcapng
"Nov 28, 2023 17:51:34.550543",0.443690,12,0x4615,0xe1a6,0x8863,159,,,,,,physicalInteraction7.pcapng
"Nov 28, 2023 17:51:34.551272",0.000729,5,,,0x0002,159,,,,,,physicalInteraction7.pcapng
"Nov 28, 2023 17:51:36.780539",2.229267,74,0x711c,0xffff,0x8841,47,0x711c,0xfffc,0x1209,,,physicalInteraction7.pcapng
"Nov 28, 2023 17:51:37.612593",0.832054,59,0x4308,0xffff,0x8841,111,0x4308,0xfffc,0x1209,,,physicalInteraction7.pcapng
"Nov 28, 2023 17:51:37.923985",0.311392,74,0xe1a6,0xffff,0x8841,105,0xe1a6,0xfffc,0x1209,,,physicalInteraction7.pcapng
"Nov 28, 2023 17:51:38.255750",0.331765,59,0x4308,0xffff,0x8841,113,0x4308,0xfffc,0x1209,,,physicalInteraction7.pcapng
"Nov 28, 2023 17:51:38.575359",0.319609,59,0x4308,0xffff,0x8841,114,,,,,,physicalInteraction7.pcapng
"Nov 28, 2023 17:51:38.777530",0.202171,74,0xec7f,0xffff,0x8841,57,0xec7f,0xfffc,0x1209,,,physicalInteraction7.pcapng
"Nov 28, 2023 17:51:39.080650",0.303120,74,0x0112,0xffff,0x8841,203,0x0112,0xfffc,0x1209,,,physicalInteraction7.pcapng
"Nov 28, 2023 17:51:39.882257",0.801607,62,0x1e15,0xffff,0x8841,122,0x1e15,0xfffc,0x1209,,,physicalInteraction7.pcapng
"Nov 28, 2023 17:51:39.964674",,52,,,,,,,,,,physicalInteraction7.pcapng
"Nov 28, 2023 17:51:39.966678",0.002004,5,,,0x0002,168,,,,,,physicalInteraction7.pcapng
"Nov 28, 2023 17:51:39.974338",,63,,,,,,,,,,physicalInteraction7.pcapng
"Nov 28, 2023 17:51:39.976737",0.002399,5,,,0x0002,106,,,,,,physicalInteraction7.pcapng
"Nov 28, 2023 17:51:40.001370",,52,,,,,,,,,,physicalInteraction7.pcapng
"Nov 28, 2023 17:51:40.003386",0.002016,5,,,0x0002,169,,,,,,physicalInteraction7.pcapng
"Nov 28, 2023 17:51:40.011119",,63,,,,,,,,,,physicalInteraction7.pcapng
"Nov 28, 2023 17:51:40.013518",0.002399,5,,,0x0002,222,,,,,,physicalInteraction7.pcapng
"Nov 28, 2023 17:51:40.014534",,45,,,,,,,,,,physicalInteraction7.pcapng
"Nov 28, 2023 17:51:40.016326",0.001792,5,,,0x0002,170,,,,,,physicalInteraction7.pcapng
"Nov 28, 2023 17:51:40.035359",,54,,,,,,,,,,physicalInteraction7.pcapng
"Nov 28, 2023 17:51:40.037440",0.002081,5,,,0x0002,171,,,,,,physicalInteraction7.pcapng
"Nov 28, 2023 17:51:40.045077",,66,,,,,,,,,,physicalInteraction7.pcapng
"Nov 28, 2023 17:51:40.047571",0.002494,5,,,0x0002,107,,,,,,physicalInteraction7.pcapng
"Nov 28, 2023 17:51:40.049156",,45,,,,,,,,,,physicalInteraction7.pcapng
"Nov 28, 2023 17:51:40.050938",0.001782,5,,,0x0002,172,,,,,,physicalInteraction7.pcapng
"Nov 28, 2023 17:51:40.075308",,54,,,,,,,,,,physicalInteraction7.pcapng
"Nov 28, 2023 17:51:40.077388",0.002080,5,,,0x0002,173,,,,,,physicalInteraction7.pcapng
"Nov 28, 2023 17:51:40.083324",,54,,,,,,,,,,physicalInteraction7.pcapng
"Nov 28, 2023 17:51:40.085281",,66,,,,,,,,,,physicalInteraction7.pcapng
"Nov 28, 2023 17:51:40.087857",,54,,,,,,,,,,physicalInteraction7.pcapng
"Nov 28, 2023 17:51:40.090508",,66,,,,,,,,,,physicalInteraction7.pcapng
"Nov 28, 2023 17:51:40.093003",0.002495,5,,,0x0002,223,,,,,,physicalInteraction7.pcapng
"Nov 28, 2023 17:51:40.096343",,54,,,,,,,,,,physicalInteraction7.pcapng
"Nov 28, 2023 17:51:40.098424",0.002081,5,,,0x0002,173,,,,,,physicalInteraction7.pcapng
"Nov 28, 2023 17:51:40.112920",,54,,,,,,,,,,physicalInteraction7.pcapng
"Nov 28, 2023 17:51:40.115031",0.002111,5,,,0x0002,174,,,,,,physicalInteraction7.pcapng
"Nov 28, 2023 17:51:40.118209",0.003178,54,0x694a,0xeebf,0x8861,48,,,,,,physicalInteraction7.pcapng
"Nov 28, 2023 17:51:40.121681",,54,,,,,,,,,,physicalInteraction7.pcapng
"Nov 28, 2023 17:51:40.123762",0.002081,5,,,0x0002,48,,,,,,physicalInteraction7.pcapng
"Nov 28, 2023 17:51:40.125015",,45,,,,,,,,,,physicalInteraction7.pcapng
"Nov 28, 2023 17:51:40.126807",0.001792,5,,,0x0002,175,,,,,,physicalInteraction7.pcapng
"Nov 28, 2023 17:51:40.130975",,66,,,,,,,,,,physicalInteraction7.pcapng
"Nov 28, 2023 17:51:40.133470",0.002495,5,,,0x0002,21,,,,,,physicalInteraction7.pcapng
"Nov 28, 2023 17:51:40.134765",,52,,,,,,,,,,physicalInteraction7.pcapng
"Nov 28, 2023 17:51:40.136813",0.002048,5,,,0x0002,176,,,,,,physicalInteraction7.pcapng
"Nov 28, 2023 17:51:40.139694",,52,,,,,,,,,,physicalInteraction7.pcapng
"Nov 28, 2023 17:51:40.148856",,63,,,,,,,,,,physicalInteraction7.pcapng
"Nov 28, 2023 17:51:40.151255",0.002399,5,,,0x0002,22,,,,,,physicalInteraction7.pcapng
"Nov 28, 2023 17:51:40.158194",,45,,,,,,,,,,physicalInteraction7.pcapng
"Nov 28, 2023 17:51:40.159975",0.001781,5,,,0x0002,177,,,,,,physicalInteraction7.pcapng
"Nov 28, 2023 17:51:40.168164",,45,,,,,,,,,,physicalInteraction7.pcapng
"Nov 28, 2023 17:51:40.169987",0.001823,5,,,0x0002,178,,,,,,physicalInteraction7.pcapng
"Nov 28, 2023 17:51:40.173406",,45,,,,,,,,,,physicalInteraction7.pcapng
"Nov 28, 2023 17:51:40.175187",0.001781,5,,,0x0002,50,,,,,,physicalInteraction7.pcapng
"Nov 28, 2023 17:51:40.176045",,45,,,,,,,,,,physicalInteraction7.pcapng
"Nov 28, 2023 17:51:40.177868",0.001823,5,,,0x0002,179,,,,,,physicalInteraction7.pcapng
"Nov 28, 2023 17:51:40.180631",,45,,,,,,,,,,physicalInteraction7.pcapng
"Nov 28, 2023 17:51:40.182416",0.001785,5,,,0x0002,51,,,,,,physicalInteraction7.pcapng
"Nov 28, 2023 17:51:40.565737",0.383321,74,0x0000,0xffff,0x8841,180,0x0000,0xfffc,0x1209,,,physicalInteraction7.pcapng
"Nov 28, 2023 17:51:40.936221",0.370484,59,0x4308,0xffff,0x8841,116,,,,,,physicalInteraction7.pcapng
"Nov 28, 2023 17:51:41.158850",0.222629,74,0xb1bf,0xffff,0x8841,23,0xb1bf,0xfffc,0x1209,,,physicalInteraction7.pcapng
"Nov 28, 2023 17:51:41.255806",0.096956,59,0x4308,0xffff,0x8841,117,0x4308,0xfffc,0x1209,,,physicalInteraction7.pcapng
"Nov 28, 2023 17:51:45.644394",4.388588,74,0x4e11,0xffff,0x8841,183,0x4e11,0xfffc,0x1209,,,physicalInteraction7.pcapng
"Nov 28, 2023 17:51:46.686925",1.042531,107,0x3d95,0xffff,0x886b,224,,,,,,physicalInteraction7.pcapng
"Nov 28, 2023 17:51:48.982392",2.295467,74,0x5bb9,0xffff,0x8841,131,0x5bb9,0xfffc,0x1209,,,physicalInteraction7.pcapng
"Nov 28, 2023 17:51:49.139790",0.157398,47,0x4308,0xffff,0x8841,119,0x4308,0xfffc,0x1209,,,physicalInteraction7.pcapng
"Nov 28, 2023 17:51:49.612560",0.472770,59,0x4308,0xffff,0x8841,120,0x4308,0xfffc,0x1209,,,physicalInteraction7.pcapng
"Nov 28, 2023 17:51:49.930984",0.318424,59,0x4308,0xffff,0x8841,121,,,,,,physicalInteraction7.pcapng
"Nov 28, 2023 17:51:50.571298",0.640314,59,0x4308,0xffff,0x8841,123,0x4308,0xfffc,0x1209,,,physicalInteraction7.pcapng
"Nov 28, 2023 17:51:51.929277",1.357979,74,0x711c,0xffff,0x8841,52,0x711c,0xfffc,0x1209,,,physicalInteraction7.pcapng
"Nov 28, 2023 17:51:52.612787",0.683510,59,0x4308,0xffff,0x8841,124,0x4308,0xfffc,0x1209,,,physicalInteraction7.pcapng
"Nov 28, 2023 17:51:52.981590",0.368803,74,0xe1a6,0xffff,0x8841,108,0xe1a6,0xfffc,0x1209,,,physicalInteraction7.pcapng
"Nov 28, 2023 17:51:53.580631",0.599041,59,0x4308,0xffff,0x8841,127,0x4308,0xfffc,0x1209,,,physicalInteraction7.pcapng
"Nov 28, 2023 17:51:54.082561",0.501930,74,0x0112,0xffff,0x8841,204,0x0112,0xfffc,0x1209,,,physicalInteraction7.pcapng
"Nov 28, 2023 17:51:54.639352",0.556791,74,0xec7f,0xffff,0x8841,58,0xec7f,0xfffc,0x1209,,,physicalInteraction7.pcapng
"Nov 28, 2023 17:51:54.911418",0.272066,62,0x1e15,0xffff,0x8841,123,0x1e15,0xfffc,0x1209,,,physicalInteraction7.pcapng
"Nov 28, 2023 17:51:55.395570",0.484152,74,0x0000,0xffff,0x8841,181,0x0000,0xfffc,0x1209,,,physicalInteraction7.pcapng
"Nov 28, 2023 17:51:56.175817",0.780247,74,0xb1bf,0xffff,0x8841,24,0xb1bf,0xfffc,0x1209,,,physicalInteraction7.pcapng
"Nov 28, 2023 17:51:57.112801",,53,,,,,,,,,,physicalInteraction7.pcapng
"Nov 28, 2023 17:51:57.114879",0.002078,5,,,0x0002,25,,,,,,physicalInteraction7.pcapng
"Nov 28, 2023 17:51:57.129040",,45,,,,,,,,,,physicalInteraction7.pcapng
"Nov 28, 2023 17:51:57.130863",0.001823,5,,,0x0002,182,,,,,,physicalInteraction7.pcapng
"Nov 28, 2023 17:51:57.134471",,45,,,,,,,,,,physicalInteraction7.pcapng
"Nov 28, 2023 17:51:57.136254",0.001783,5,,,0x0002,53,,,,,,physicalInteraction7.pcapng
"Nov 28, 2023 17:51:59.984077",2.847823,52,0x0112,0x0000,0x8861,205,,,,,,physicalInteraction7.pcapng
"Nov 28, 2023 17:51:59.995456",,52,,,,,,,,,,physicalInteraction7.pcapng
"Nov 28, 2023 17:51:59.997503",0.002047,5,,,0x0002,205,,,,,,physicalInteraction7.pcapng
"Nov 28, 2023 17:52:01.615167",1.617664,59,0x4308,0xffff,0x8841,128,0x4308,0xfffc,0x1209,,,physicalInteraction7.pcapng
"Nov 28, 2023 17:52:01.759105",0.143938,74,0x4e11,0xffff,0x8841,184,0x4e11,0xfffc,0x1209,,,physicalInteraction7.pcapng
"Nov 28, 2023 17:52:01.937087",0.177982,59,0x4308,0xffff,0x8841,129,0x4308,0xfffc,0x1209,,,physicalInteraction7.pcapng
"Nov 28, 2023 17:52:02.256661",0.319574,59,0x4308,0xffff,0x8841,130,,,,,,physicalInteraction7.pcapng
"Nov 28, 2023 17:52:02.575579",0.318918,59,0x4308,0xffff,0x8841,131,0x4308,0xfffc,0x1209,,,physicalInteraction7.pcapng
"Nov 28, 2023 17:52:04.151763",,53,,,,,,,,,,physicalInteraction7.pcapng
"Nov 28, 2023 17:52:04.153800",0.002037,5,,,0x0002,160,,,,,,physicalInteraction7.pcapng
"Nov 28, 2023 17:52:04.157633",,53,,,,,,,,,,physicalInteraction7.pcapng
"Nov 28, 2023 17:52:04.159712",0.002079,5,,,0x0002,109,,,,,,physicalInteraction7.pcapng
"Nov 28, 2023 17:52:04.254473",0.094761,47,0x4308,0xffff,0x8841,132,0x4308,0xfffc,0x1209,,,physicalInteraction7.pcapng
"Nov 28, 2023 17:52:04.658307",0.403834,12,0x4615,0xe1a6,0x8863,161,,,,,,physicalInteraction7.pcapng
"Nov 28, 2023 17:52:04.659045",0.000738,5,,,0x0002,161,,,,,,physicalInteraction7.pcapng
"Nov 28, 2023 17:52:04.860227",0.201182,105,0x5bb9,0xffff,0x8869,132,,,,,,physicalInteraction7.pcapng
"Nov 28, 2023 17:52:04.934544",0.074317,59,0x4308,0xffff,0x8841,134,0x4308,0xfffc,0x1209,,,physicalInteraction7.pcapng
"Nov 28, 2023 17:52:05.574880",0.640336,59,0x4308,0xffff,0x8841,136,0x4308,0xfffc,0x1209,,,physicalInteraction7.pcapng
"Nov 28, 2023 17:52:06.108673",,60,,,,,,,,,,physicalInteraction7.pcapng
"Nov 28, 2023 17:52:06.110976",0.002303,5,,,0x0002,26,,,,,,physicalInteraction7.pcapng
"Nov 28, 2023 17:52:06.157221",,50,,,,,,,,,,physicalInteraction7.pcapng
"Nov 28, 2023 17:52:06.159205",0.001984,5,,,0x0002,183,,,,,,physicalInteraction7.pcapng
"Nov 28, 2023 17:52:06.162009",,50,,,,,,,,,,physicalInteraction7.pcapng
"Nov 28, 2023 17:52:06.163961",0.001952,5,,,0x0002,54,,,,,,physicalInteraction7.pcapng
"Nov 28, 2023 17:52:06.168780",,45,,,,,,,,,,physicalInteraction7.pcapng
"Nov 28, 2023 17:52:06.170603",0.001823,5,,,0x0002,27,,,,,,physicalInteraction7.pcapng
"Nov 28, 2023 17:52:06.375519",0.204916,74,0x711c,0xffff,0x8841,55,0x711c,0xfffc,0x1209,,,physicalInteraction7.pcapng
"Nov 28, 2023 17:52:07.962651",1.587132,74,0xe1a6,0xffff,0x8841,110,0xe1a6,0xfffc,0x1209,,,physicalInteraction7.pcapng
"Nov 28, 2023 17:52:09.069749",1.107098,74,0x0112,0xffff,0x8841,206,0x0112,0xfffc,0x1209,,,physicalInteraction7.pcapng
"Nov 28, 2023 17:52:09.916157",0.846408,62,0x1e15,0xffff,0x8841,124,,,,,,physicalInteraction7.pcapng
"Nov 28, 2023 17:52:09.961859",,52,,,,,,,,,,physicalInteraction7.pcapng
"Nov 28, 2023 17:52:09.963864",0.002005,5,,,0x0002,184,,,,,,physicalInteraction7.pcapng
"Nov 28, 2023 17:52:09.971996",,63,,,,,,,,,,physicalInteraction7.pcapng
"Nov 28, 2023 17:52:09.974395",0.002399,5,,,0x0002,111,,,,,,physicalInteraction7.pcapng
"Nov 28, 2023 17:52:09.996653",,52,,,,,,,,,,physicalInteraction7.pcapng
"Nov 28, 2023 17:52:09.998668",0.002015,5,,,0x0002,185,,,,,,physicalInteraction7.pcapng
"Nov 28, 2023 17:52:10.006465",,63,,,,,,,,,,physicalInteraction7.pcapng
"Nov 28, 2023 17:52:10.008863",0.002398,5,,,0x0002,226,,,,,,physicalInteraction7.pcapng
"Nov 28, 2023 17:52:10.014416",,45,,,,,,,,,,physicalInteraction7.pcapng
"Nov 28, 2023 17:52:10.016208",0.001792,5,,,0x0002,186,,,,,,physicalInteraction7.pcapng
"Nov 28, 2023 17:52:10.031507",,54,,,,,,,,,,physicalInteraction7.pcapng
"Nov 28, 2023 17:52:10.035668",,54,,,,,,,,,,physicalInteraction7.pcapng
"Nov 28, 2023 17:52:10.037749",0.002081,5,,,0x0002,187,,,,,,physicalInteraction7.pcapng
"Nov 28, 2023 17:52:10.045752",,66,,,,,,,,,,physicalInteraction7.pcapng
"Nov 28, 2023 17:52:10.048247",0.002495,5,,,0x0002,112,,,,,,physicalInteraction7.pcapng
"Nov 28, 2023 17:52:10.056516",,45,,,,,,,,,,physicalInteraction7.pcapng
"Nov 28, 2023 17:52:10.058310",0.001794,5,,,0x0002,188,,,,,,physicalInteraction7.pcapng
"Nov 28, 2023 17:52:10.073140",,54,,,,,,,,,,physicalInteraction7.pcapng
"Nov 28, 2023 17:52:10.075220",0.002080,5,,,0x0002,189,,,,,,physicalInteraction7.pcapng
"Nov 28, 2023 17:52:10.083152",,66,,,,,,,,,,physicalInteraction7.pcapng
"Nov 28, 2023 17:52:10.087970",,54,,,,,,,,,,physicalInteraction7.pcapng
"Nov 28, 2023 17:52:10.093652",,66,,,,,,,,,,physicalInteraction7.pcapng
"Nov 28, 2023 17:52:10.096147",0.002495,5,,,0x0002,227,,,,,,physicalInteraction7.pcapng
"Nov 28, 2023 17:52:10.098356",0.002209,54,0x711c,0xb1bf,0x8861,56,,,,,,physicalInteraction7.pcapng
"Nov 28, 2023 17:52:10.106678",,66,,,,,,,,,,physicalInteraction7.pcapng
"Nov 28, 2023 17:52:10.109173",0.002495,5,,,0x0002,228,,,,,,physicalInteraction7.pcapng
"Nov 28, 2023 17:52:10.111857",,66,,,,,,,,,,physicalInteraction7.pcapng
"Nov 28, 2023 17:52:10.114352",0.002495,5,,,0x0002,228,,,,,,physicalInteraction7.pcapng
"Nov 28, 2023 17:52:10.115688",,45,,,,,,,,,,physicalInteraction7.pcapng
"Nov 28, 2023 17:52:10.122466",,66,,,,,,,,,,physicalInteraction7.pcapng
"Nov 28, 2023 17:52:10.124961",0.002495,5,,,0x0002,228,,,,,,physicalInteraction7.pcapng
"Nov 28, 2023 17:52:10.127993",,45,,,,,,,,,,physicalInteraction7.pcapng
"Nov 28, 2023 17:52:10.129785",0.001792,5,,,0x0002,191,,,,,,physicalInteraction7.pcapng
"Nov 28, 2023 17:52:10.130370",,66,,,,,,,,,,physicalInteraction7.pcapng
"Nov 28, 2023 17:52:10.132864",0.002494,5,,,0x0002,29,,,,,,physicalInteraction7.pcapng
"Nov 28, 2023 17:52:10.137454",,52,,,,,,,,,,physicalInteraction7.pcapng
"Nov 28, 2023 17:52:10.143439",0.005985,52,0x711c,0xb1bf,0x8861,57,,,,,,physicalInteraction7.pcapng
"Nov 28, 2023 17:52:10.149460",,66,,,,,,,,,,physicalInteraction7.pcapng
"Nov 28, 2023 17:52:10.151954",0.002494,5,,,0x0002,229,,,,,,physicalInteraction7.pcapng
"Nov 28, 2023 17:52:10.152528",,63,,,,,,,,,,physicalInteraction7.pcapng
"Nov 28, 2023 17:52:10.154927",0.002399,5,,,0x0002,30,,,,,,physicalInteraction7.pcapng
"Nov 28, 2023 17:52:10.157572",,63,,,,,,,,,,physicalInteraction7.pcapng
"Nov 28, 2023 17:52:10.161621",,45,,,,,,,,,,physicalInteraction7.pcapng
"Nov 28, 2023 17:52:10.167701",,66,,,,,,,,,,physicalInteraction7.pcapng
"Nov 28, 2023 17:52:10.170196",0.002495,5,,,0x0002,230,,,,,,physicalInteraction7.pcapng
"Nov 28, 2023 17:52:10.171756",,45,,,,,,,,,,physicalInteraction7.pcapng
"Nov 28, 2023 17:52:10.178314",,66,,,,,,,,,,physicalInteraction7.pcapng
"Nov 28, 2023 17:52:10.180809",0.002495,5,,,0x0002,230,,,,,,physicalInteraction7.pcapng
"Nov 28, 2023 17:52:10.182305",,45,,,,,,,,,,physicalInteraction7.pcapng
"Nov 28, 2023 17:52:10.184757",,63,,,,,,,,,,physicalInteraction7.pcapng
"Nov 28, 2023 17:52:10.187156",0.002399,5,,,0x0002,31,,,,,,physicalInteraction7.pcapng
"Nov 28, 2023 17:52:10.188966",,45,,,,,,,,,,physicalInteraction7.pcapng
"Nov 28, 2023 17:52:10.190759",0.001793,5,,,0x0002,193,,,,,,physicalInteraction7.pcapng
"Nov 28, 2023 17:52:10.204158",,45,,,,,,,,,,physicalInteraction7.pcapng
"Nov 28, 2023 17:52:10.205951",0.001793,5,,,0x0002,194,,,,,,physicalInteraction7.pcapng
"Nov 28, 2023 17:52:10.211300",,45,,,,,,,,,,physicalInteraction7.pcapng
"Nov 28, 2023 17:52:10.213123",0.001823,5,,,0x0002,195,,,,,,physicalInteraction7.pcapng
"Nov 28, 2023 17:52:10.215531",,45,,,,,,,,,,physicalInteraction7.pcapng
"Nov 28, 2023 17:52:10.217323",0.001792,5,,,0x0002,58,,,,,,physicalInteraction7.pcapng
"Nov 28, 2023 17:52:10.218236",,45,,,,,,,,,,physicalInteraction7.pcapng
"Nov 28, 2023 17:52:10.220020",0.001784,5,,,0x0002,196,,,,,,physicalInteraction7.pcapng
"Nov 28, 2023 17:52:10.223541",,45,,,,,,,,,,physicalInteraction7.pcapng
"Nov 28, 2023 17:52:10.225332",0.001791,5,,,0x0002,196,,,,,,physicalInteraction7.pcapng
"Nov 28, 2023 17:52:10.230365",,45,,,,,,,,,,physicalInteraction7.pcapng
"Nov 28, 2023 17:52:10.232188",0.001823,5,,,0x0002,197,,,,,,physicalInteraction7.pcapng
"Nov 28, 2023 17:52:10.235944",,45,,,,,,,,,,physicalInteraction7.pcapng
"Nov 28, 2023 17:52:10.237737",0.001793,5,,,0x0002,59,,,,,,physicalInteraction7.pcapng
"Nov 28, 2023 17:52:10.242023",,45,,,,,,,,,,physicalInteraction7.pcapng
"Nov 28, 2023 17:52:10.243814",0.001791,5,,,0x0002,198,,,,,,physicalInteraction7.pcapng
"Nov 28, 2023 17:52:10.250688",,45,,,,,,,,,,physicalInteraction7.pcapng
"Nov 28, 2023 17:52:10.252512",0.001824,5,,,0x0002,199,,,,,,physicalInteraction7.pcapng
"Nov 28, 2023 17:52:10.255557",0.003045,45,0x621c,0xb1bf,0x8861,60,,,,,,physicalInteraction7.pcapng
"Nov 28, 2023 17:52:10.257349",0.001792,5,,,0x0002,60,,,,,,physicalInteraction7.pcapng
"Nov 28, 2023 17:52:11.140937",0.883588,74,0xb1bf,0xffff,0x8841,32,0xb1bf,0xfffc,0x1209,,,physicalInteraction7.pcapng
"Nov 28, 2023 17:52:12.129548",0.988611,74,0xec7f,0xffff,0x8841,59,0xec7f,0xfffc,0x1209,,,physicalInteraction7.pcapng
"Nov 28, 2023 17:52:12.966592",0.837044,74,0x0000,0xffff,0x8841,200,0x0000,0xfffc,0x1209,,,physicalInteraction7.pcapng
"Nov 28, 2023 17:52:13.617391",0.650799,59,0x4308,0xffff,0x8841,137,0x4308,0xfffc,0x1209,,,physicalInteraction7.pcapng
"Nov 28, 2023 17:52:13.942725",0.325334,59,0x4308,0xffff,0x8841,138,0x4308,0xfffc,0x1209,,,physicalInteraction7.pcapng
"Nov 28, 2023 17:52:14.194083",,53,,,,,,,,,,physicalInteraction7.pcapng
"Nov 28, 2023 17:52:14.196121",0.002038,5,,,0x0002,162,,,,,,physicalInteraction7.pcapng
"Nov 28, 2023 17:52:14.199962",,53,,,,,,,,,,physicalInteraction7.pcapng
"Nov 28, 2023 17:52:14.202041",0.002079,5,,,0x0002,113,,,,,,physicalInteraction7.pcapng
"Nov 28, 2023 17:52:14.262572",0.060531,59,0x4308,0xffff,0x8841,139,0x4308,0xfffc,0x1209,,,physicalInteraction7.pcapng
"Nov 28, 2023 17:52:14.591324",0.328752,59,0x4308,0xffff,0x8841,140,0x4308,0xfffc,0x1209,,,physicalInteraction7.pcapng
"Nov 28, 2023 17:52:14.701090",0.109766,12,0x4615,0xe1a6,0x8863,163,,,,,,physicalInteraction7.pcapng
"Nov 28, 2023 17:52:14.701827",0.000737,5,,,0x0002,163,,,,,,physicalInteraction7.pcapng
"Nov 28, 2023 17:52:16.618291",1.916464,59,0x4308,0xffff,0x8841,141,0x4308,0xfffc,0x1209,,,physicalInteraction7.pcapng
"Nov 28, 2023 17:52:16.645919",0.027628,74,0x3d95,0xffff,0x8841,231,0x3d95,0xfffc,0x1209,,,physicalInteraction7.pcapng
"Nov 28, 2023 17:52:16.940637",0.294718,59,0x4308,0xffff,0x8841,142,0x4308,0xfffc,0x1209,,,physicalInteraction7.pcapng
"Nov 28, 2023 17:52:17.261457",0.320820,59,0x4308,0xffff,0x8841,143,0x4308,0xfffc,0x1209,,,physicalInteraction7.pcapng
"Nov 28, 2023 17:52:17.404407",,60,,,,,,,,,,physicalInteraction7.pcapng
"Nov 28, 2023 17:52:17.406709",0.002302,5,,,0x0002,114,,,,,,physicalInteraction7.pcapng
"Nov 28, 2023 17:52:17.449493",,50,,,,,,,,,,physicalInteraction7.pcapng
"Nov 28, 2023 17:52:17.451438",0.001945,5,,,0x0002,201,,,,,,physicalInteraction7.pcapng
"Nov 28, 2023 17:52:17.456962",,45,,,,,,,,,,physicalInteraction7.pcapng
"Nov 28, 2023 17:52:17.458785",0.001823,5,,,0x0002,115,,,,,,physicalInteraction7.pcapng
"Nov 28, 2023 17:52:17.581092",0.122307,59,0x4308,0xffff,0x8841,144,0x4308,0xfffc,0x1209,,,physicalInteraction7.pcapng
"Nov 28, 2023 17:52:18.938313",1.357221,74,0x4e11,0xffff,0x8841,185,0x4e11,0xfffc,0x1209,,,physicalInteraction7.pcapng
"Nov 28, 2023 17:52:19.326731",0.388418,47,0x4308,0xffff,0x8841,145,0x4308,0xfffc,0x1209,,,physicalInteraction7.pcapng
"Nov 28, 2023 17:52:21.109870",,50,,,,,,,,,,physicalInteraction7.pcapng
"Nov 28, 2023 17:52:21.114295",,50,,,,,,,,,,physicalInteraction7.pcapng
"Nov 28, 2023 17:52:21.117942",,50,,,,,,,,,,physicalInteraction7.pcapng
"Nov 28, 2023 17:52:21.122716",,50,,,,,,,,,,physicalInteraction7.pcapng
"Nov 28, 2023 17:52:21.148131",,50,,,,,,,,,,physicalInteraction7.pcapng
"Nov 28, 2023 17:52:21.152710",,50,,,,,,,,,,physicalInteraction7.pcapng
"Nov 28, 2023 17:52:21.155938",,50,,,,,,,,,,physicalInteraction7.pcapng
"Nov 28, 2023 17:52:21.160170",,50,,,,,,,,,,physicalInteraction7.pcapng
"Nov 28, 2023 17:52:21.188546",,50,,,,,,,,,,physicalInteraction7.pcapng
"Nov 28, 2023 17:52:21.191793",,50,,,,,,,,,,physicalInteraction7.pcapng
"Nov 28, 2023 17:52:21.197305",,50,,,,,,,,,,physicalInteraction7.pcapng
"Nov 28, 2023 17:52:21.201712",,50,,,,,,,,,,physicalInteraction7.pcapng
"Nov 28, 2023 17:52:21.237739",,50,,,,,,,,,,physicalInteraction7.pcapng
"Nov 28, 2023 17:52:21.243332",,50,,,,,,,,,,physicalInteraction7.pcapng
"Nov 28, 2023 17:52:21.246460",,50,,,,,,,,,,physicalInteraction7.pcapng
"Nov 28, 2023 17:52:21.251972",,50,,,,,,,,,,physicalInteraction7.pcapng
"Nov 28, 2023 17:52:21.290757",,50,,,,,,,,,,physicalInteraction7.pcapng
"Nov 28, 2023 17:52:21.296244",,50,,,,,,,,,,physicalInteraction7.pcapng
"Nov 28, 2023 17:52:21.300011",,50,,,,,,,,,,physicalInteraction7.pcapng
"Nov 28, 2023 17:52:21.305106",,50,,,,,,,,,,physicalInteraction7.pcapng
"Nov 28, 2023 17:52:21.331002",,50,,,,,,,,,,physicalInteraction7.pcapng
"Nov 28, 2023 17:52:21.334842",,50,,,,,,,,,,physicalInteraction7.pcapng
"Nov 28, 2023 17:52:21.338910",,50,,,,,,,,,,physicalInteraction7.pcapng
"Nov 28, 2023 17:52:21.344223",,50,,,,,,,,,,physicalInteraction7.pcapng
"Nov 28, 2023 17:52:21.400508",,50,,,,,,,,,,physicalInteraction7.pcapng
"Nov 28, 2023 17:52:21.404173",,50,,,,,,,,,,physicalInteraction7.pcapng
"Nov 28, 2023 17:52:21.407194",,50,,,,,,,,,,physicalInteraction7.pcapng
"Nov 28, 2023 17:52:21.415396",,50,,,,,,,,,,physicalInteraction7.pcapng
"Nov 28, 2023 17:52:21.450070",,50,,,,,,,,,,physicalInteraction7.pcapng
"Nov 28, 2023 17:52:21.454817",,50,,,,,,,,,,physicalInteraction7.pcapng
"Nov 28, 2023 17:52:21.458045",,50,,,,,,,,,,physicalInteraction7.pcapng
"Nov 28, 2023 17:52:21.461639",,50,,,,,,,,,,physicalInteraction7.pcapng
"Nov 28, 2023 17:52:21.503953",,50,,,,,,,,,,physicalInteraction7.pcapng
"Nov 28, 2023 17:52:21.507474",,50,,,,,,,,,,physicalInteraction7.pcapng
"Nov 28, 2023 17:52:21.515676",,50,,,,,,,,,,physicalInteraction7.pcapng
"Nov 28, 2023 17:52:21.519795",,50,,,,,,,,,,physicalInteraction7.pcapng
"Nov 28, 2023 17:52:21.556519",,50,,,,,,,,,,physicalInteraction7.pcapng
"Nov 28, 2023 17:52:21.559819",,50,,,,,,,,,,physicalInteraction7.pcapng
"Nov 28, 2023 17:52:21.563799",,50,,,,,,,,,,physicalInteraction7.pcapng
"Nov 28, 2023 17:52:21.568725",,50,,,,,,,,,,physicalInteraction7.pcapng
"Nov 28, 2023 17:52:21.618781",,50,,,,,,,,,,physicalInteraction7.pcapng
"Nov 28, 2023 17:52:21.622132",,50,,,,,,,,,,physicalInteraction7.pcapng
"Nov 28, 2023 17:52:21.627324",,50,,,,,,,,,,physicalInteraction7.pcapng
"Nov 28, 2023 17:52:21.630550",,50,,,,,,,,,,physicalInteraction7.pcapng
"Nov 28, 2023 17:52:21.815235",0.184685,74,0x5bb9,0xffff,0x8841,133,0x5bb9,0xfffc,0x1209,,,physicalInteraction7.pcapng
"Nov 28, 2023 17:52:22.486696",0.671461,74,0x711c,0xffff,0x8841,61,0x711c,0xfffc,0x1209,,,physicalInteraction7.pcapng
"Nov 28, 2023 17:52:22.955639",0.468943,74,0xe1a6,0xffff,0x8841,116,0xe1a6,0xfffc,0x1209,,,physicalInteraction7.pcapng
"Nov 28, 2023 17:52:24.077419",1.121780,74,0x0112,0xffff,0x8841,207,0x0112,0xfffc,0x1209,,,physicalInteraction7.pcapng
"Nov 28, 2023 17:52:25.006387",0.928968,62,0x1e15,0xffff,0x8841,125,0x1e15,0xfffc,0x1209,,,physicalInteraction7.pcapng
"Nov 28, 2023 17:52:25.620137",0.613750,59,0x4308,0xffff,0x8841,146,,,,,,physicalInteraction7.pcapng
"Nov 28, 2023 17:52:25.947255",0.327118,59,0x4308,0xffff,0x8841,147,,,,,,physicalInteraction7.pcapng
"Nov 28, 2023 17:52:26.190058",0.242803,74,0xb1bf,0xffff,0x8841,33,0xb1bf,0xfffc,0x1209,,,physicalInteraction7.pcapng
"Nov 28, 2023 17:52:26.267141",0.077083,59,0x4308,0xffff,0x8841,148,0x4308,0xfffc,0x1209,,,physicalInteraction7.pcapng
"Nov 28, 2023 17:52:26.585754",0.318613,59,0x4308,0xffff,0x8841,149,,,,,,physicalInteraction7.pcapng
"Nov 28, 2023 17:52:28.112732",1.526978,74,0x0000,0xffff,0x8841,213,0x0000,0xfffc,0x1209,,,physicalInteraction7.pcapng
"Nov 28, 2023 17:52:28.152699",0.039967,74,0xec7f,0xffff,0x8841,60,0xec7f,0xfffc,0x1209,,,physicalInteraction7.pcapng
"Nov 28, 2023 17:52:28.945701",0.793002,59,0x4308,0xffff,0x8841,151,0x4308,0xfffc,0x1209,,,physicalInteraction7.pcapng
"Nov 28, 2023 17:52:29.264642",0.318941,59,0x4308,0xffff,0x8841,152,0x4308,0xfffc,0x1209,,,physicalInteraction7.pcapng
"Nov 28, 2023 17:52:31.688911",2.424269,74,0x3d95,0xffff,0x8841,232,0x3d95,0xfffc,0x1209,,,physicalInteraction7.pcapng
"Nov 28, 2023 17:52:34.480574",2.791663,47,0x6e05,0x21b0,0x8841,154,,,,,,physicalInteraction7.pcapng
"Nov 28, 2023 17:52:36.502945",2.022371,74,0x4e11,0xffff,0x8841,186,0x4e11,0xfffc,0x1209,,,physicalInteraction7.pcapng
"Nov 28, 2023 17:52:37.621103",1.118158,59,0x4308,0xffff,0x8841,155,0x4308,0xfffc,0x1209,,,physicalInteraction7.pcapng
"Nov 28, 2023 17:52:38.004861",0.383758,74,0xe1a6,0xffff,0x8841,117,0xe1a6,0xfffc,0x1209,,,physicalInteraction7.pcapng
"Nov 28, 2023 17:52:38.263694",0.258833,59,0x4308,0xffff,0x8841,157,0x4308,0xfffc,0x1209,,,physicalInteraction7.pcapng
"Nov 28, 2023 17:52:38.486280",0.222586,74,0x711c,0xffff,0x8841,62,0x711c,0xfffc,0x1209,,,physicalInteraction7.pcapng
"Nov 28, 2023 17:52:38.582657",0.096377,59,0x4308,0xffff,0x8841,158,0x4308,0xfffc,0x1209,,,physicalInteraction7.pcapng
"Nov 28, 2023 17:52:39.069410",0.486753,74,0x0112,0xffff,0x8841,208,0x0112,0xfffc,0x1209,,,physicalInteraction7.pcapng
"Nov 28, 2023 17:52:39.088111",0.018701,74,0x5bb9,0xffff,0x8841,134,0x5bb9,0xfffc,0x1209,,,physicalInteraction7.pcapng
"Nov 28, 2023 17:52:39.921240",0.833129,62,0x1e15,0xffff,0x8841,126,,,,,,physicalInteraction7.pcapng
"Nov 28, 2023 17:52:39.964921",,52,,,,,,,,,,physicalInteraction7.pcapng
"Nov 28, 2023 17:52:39.966936",0.002015,5,,,0x0002,214,,,,,,physicalInteraction7.pcapng
"Nov 28, 2023 17:52:39.974721",,63,,,,,,,,,,physicalInteraction7.pcapng
"Nov 28, 2023 17:52:39.977120",0.002399,5,,,0x0002,118,,,,,,physicalInteraction7.pcapng
"Nov 28, 2023 17:52:40.000355",,52,,,,,,,,,,physicalInteraction7.pcapng
"Nov 28, 2023 17:52:40.002368",0.002013,5,,,0x0002,215,,,,,,physicalInteraction7.pcapng
"Nov 28, 2023 17:52:40.010217",0.007849,63,0x3d95,0x0000,0x8861,233,,,,,,physicalInteraction7.pcapng
"Nov 28, 2023 17:52:40.015396",,63,,,,,,,,,,physicalInteraction7.pcapng
"Nov 28, 2023 17:52:40.017795",0.002399,5,,,0x0002,233,,,,,,physicalInteraction7.pcapng
"Nov 28, 2023 17:52:40.027215",,45,,,,,,,,,,physicalInteraction7.pcapng
"Nov 28, 2023 17:52:40.029007",0.001792,5,,,0x0002,216,,,,,,physicalInteraction7.pcapng
"Nov 28, 2023 17:52:40.042313",,54,,,,,,,,,,physicalInteraction7.pcapng
"Nov 28, 2023 17:52:40.044384",0.002071,5,,,0x0002,217,,,,,,physicalInteraction7.pcapng
"Nov 28, 2023 17:52:40.052128",,66,,,,,,,,,,physicalInteraction7.pcapng
"Nov 28, 2023 17:52:40.054622",0.002494,5,,,0x0002,119,,,,,,physicalInteraction7.pcapng
"Nov 28, 2023 17:52:40.064346",,54,,,,,,,,,,physicalInteraction7.pcapng
"Nov 28, 2023 17:52:40.066416",0.002070,5,,,0x0002,218,,,,,,physicalInteraction7.pcapng
"Nov 28, 2023 17:52:40.074262",,66,,,,,,,,,,physicalInteraction7.pcapng
"Nov 28, 2023 17:52:40.076757",0.002495,5,,,0x0002,234,,,,,,physicalInteraction7.pcapng
"Nov 28, 2023 17:52:40.090803",,45,,,,,,,,,,physicalInteraction7.pcapng
"Nov 28, 2023 17:52:40.092595",0.001792,5,,,0x0002,219,,,,,,physicalInteraction7.pcapng
"Nov 28, 2023 17:52:40.098052",,54,,,,,,,,,,physicalInteraction7.pcapng
"Nov 28, 2023 17:52:40.103744",,54,,,,,,,,,,physicalInteraction7.pcapng
"Nov 28, 2023 17:52:40.105855",0.002111,5,,,0x0002,220,,,,,,physicalInteraction7.pcapng
"Nov 28, 2023 17:52:40.109839",,54,,,,,,,,,,physicalInteraction7.pcapng
"Nov 28, 2023 17:52:40.111921",0.002082,5,,,0x0002,63,,,,,,physicalInteraction7.pcapng
"Nov 28, 2023 17:52:40.116584",,52,,,,,,,,,,physicalInteraction7.pcapng
"Nov 28, 2023 17:52:40.118631",0.002047,5,,,0x0002,221,,,,,,physicalInteraction7.pcapng
"Nov 28, 2023 17:52:40.119741",,66,,,,,,,,,,physicalInteraction7.pcapng
"Nov 28, 2023 17:52:40.122236",0.002495,5,,,0x0002,34,,,,,,physicalInteraction7.pcapng
"Nov 28, 2023 17:52:40.124642",,52,,,,,,,,,,physicalInteraction7.pcapng
"Nov 28, 2023 17:52:40.126658",0.002016,5,,,0x0002,64,,,,,,physicalInteraction7.pcapng
"Nov 28, 2023 17:52:40.133693",,63,,,,,,,,,,physicalInteraction7.pcapng
"Nov 28, 2023 17:52:40.136092",0.002399,5,,,0x0002,35,,,,,,physicalInteraction7.pcapng
"Nov 28, 2023 17:52:40.142802",,45,,,,,,,,,,physicalInteraction7.pcapng
"Nov 28, 2023 17:52:40.144595",0.001793,5,,,0x0002,222,,,,,,physicalInteraction7.pcapng
"Nov 28, 2023 17:52:40.153474",,45,,,,,,,,,,physicalInteraction7.pcapng
"Nov 28, 2023 17:52:40.155265",0.001791,5,,,0x0002,223,,,,,,physicalInteraction7.pcapng
"Nov 28, 2023 17:52:40.159204",,45,,,,,,,,,,physicalInteraction7.pcapng
"Nov 28, 2023 17:52:40.161027",0.001823,5,,,0x0002,224,,,,,,physicalInteraction7.pcapng
"Nov 28, 2023 17:52:40.163775",,45,,,,,,,,,,physicalInteraction7.pcapng
"Nov 28, 2023 17:52:40.165567",0.001792,5,,,0x0002,65,,,,,,physicalInteraction7.pcapng
"Nov 28, 2023 17:52:40.167445",,45,,,,,,,,,,physicalInteraction7.pcapng
"Nov 28, 2023 17:52:40.169268",0.001823,5,,,0x0002,225,,,,,,physicalInteraction7.pcapng
"Nov 28, 2023 17:52:40.171905",,45,,,,,,,,,,physicalInteraction7.pcapng
"Nov 28, 2023 17:52:40.173698",0.001793,5,,,0x0002,66,,,,,,physicalInteraction7.pcapng
"Nov 28, 2023 17:52:40.623299",0.449601,59,0x4308,0xffff,0x8841,159,0x4308,0xfffc,0x1209,,,physicalInteraction7.pcapng
"Nov 28, 2023 17:52:40.941198",0.317899,59,0x4308,0xffff,0x8841,160,0x4308,0xfffc,0x1209,,,physicalInteraction7.pcapng
"Nov 28, 2023 17:52:41.261702",0.320504,59,0x4308,0xffff,0x8841,161,0x4308,0xfffc,0x1209,,,physicalInteraction7.pcapng
"Nov 28, 2023 17:52:41.580988",0.319286,59,0x4308,0xffff,0x8841,162,,,,,,physicalInteraction7.pcapng
"Nov 28, 2023 17:52:42.463891",0.882903,74,0xec7f,0xffff,0x8841,61,0xec7f,0xfffc,0x1209,,,physicalInteraction7.pcapng
"Nov 28, 2023 17:52:44.469151",2.005260,74,0x0000,0xffff,0x8841,226,0x0000,0xfffc,0x1209,,,physicalInteraction7.pcapng
"Nov 28, 2023 17:52:46.741891",2.272740,74,0x3d95,0xffff,0x8841,235,0x3d95,0xfffc,0x1209,,,physicalInteraction7.pcapng
"Nov 28, 2023 17:52:49.622916",2.881025,59,0x4308,0xffff,0x8841,163,0x4308,0xfffc,0x1209,,,physicalInteraction7.pcapng
"Nov 28, 2023 17:52:49.636530",0.013614,47,0x4308,0xffff,0x8841,164,0x4308,0xfffc,0x1209,,,physicalInteraction7.pcapng
"Nov 28, 2023 17:52:49.918356",0.281826,59,0x4308,0xffff,0x8841,165,0x4308,0xfffc,0x1209,,,physicalInteraction7.pcapng
"Nov 28, 2023 17:52:50.558430",0.640074,59,0x4308,0xffff,0x8841,167,0x4308,0xfffc,0x1209,,,physicalInteraction7.pcapng
"Nov 28, 2023 17:52:52.624393",2.065963,59,0x4308,0xffff,0x8841,168,0x4308,0xfffc,0x1209,,,physicalInteraction7.pcapng
"Nov 28, 2023 17:52:52.942480",0.318087,74,0xe1a6,0xffff,0x8841,120,0xe1a6,0xfffc,0x1209,,,physicalInteraction7.pcapng
"Nov 28, 2023 17:52:53.177091",0.234611,74,0x4e11,0xffff,0x8841,187,0x4e11,0xfffc,0x1209,,,physicalInteraction7.pcapng
"Nov 28, 2023 17:52:53.267648",0.090557,59,0x4308,0xffff,0x8841,170,0x4308,0xfffc,0x1209,,,physicalInteraction7.pcapng
"Nov 28, 2023 17:52:53.588110",0.320462,59,0x4308,0xffff,0x8841,171,0x4308,0xfffc,0x1209,,,physicalInteraction7.pcapng
"Nov 28, 2023 17:52:53.622607",0.034497,74,0x5bb9,0xffff,0x8841,135,0x5bb9,0xfffc,0x1209,,,physicalInteraction7.pcapng
"Nov 28, 2023 17:52:54.068759",0.446152,74,0x0112,0xffff,0x8841,209,0x0112,0xfffc,0x1209,,,physicalInteraction7.pcapng
"Nov 28, 2023 17:52:54.352178",,53,,,,,,,,,,physicalInteraction7.pcapng
"Nov 28, 2023 17:52:54.354226",0.002048,5,,,0x0002,164,,,,,,physicalInteraction7.pcapng
"Nov 28, 2023 17:52:54.358056",,53,,,,,,,,,,physicalInteraction7.pcapng
"Nov 28, 2023 17:52:54.360135",0.002079,5,,,0x0002,121,,,,,,physicalInteraction7.pcapng
"Nov 28, 2023 17:52:54.860735",0.500600,12,0x4615,0xe1a6,0x8863,165,,,,,,physicalInteraction7.pcapng
"Nov 28, 2023 17:52:54.861472",0.000737,5,,,0x0002,165,,,,,,physicalInteraction7.pcapng
"Nov 28, 2023 17:52:54.909398",0.047926,62,0x1e15,0xffff,0x8841,127,0x1e15,0xfffc,0x1209,,,physicalInteraction7.pcapng
"Nov 28, 2023 17:52:56.115851",1.206453,74,0x711c,0xffff,0x8841,67,0x711c,0xfffc,0x1209,,,physicalInteraction7.pcapng
"Nov 28, 2023 17:52:56.195076",0.079225,74,0xb1bf,0xffff,0x8841,37,0xb1bf,0xfffc,0x1209,,,physicalInteraction7.pcapng
"Nov 28, 2023 17:52:57.693173",,52,,,,,,,,,,physicalInteraction7.pcapng
"Nov 28, 2023 17:52:57.695220",0.002047,5,,,0x0002,189,,,,,,physicalInteraction7.pcapng
"Nov 28, 2023 17:52:57.699508",0.004288,57,0x711c,0x0000,0x8861,68,0xd0bb,0x0000,0x1a09,,,physicalInteraction7.pcapng
"Nov 28, 2023 17:52:57.701715",0.002207,5,,,0x0002,68,,,,,,physicalInteraction7.pcapng
"Nov 28, 2023 17:52:57.703938",,52,,,,,,,,,,physicalInteraction7.pcapng
"Nov 28, 2023 17:52:57.705985",0.002047,5,,,0x0002,190,,,,,,physicalInteraction7.pcapng
"Nov 28, 2023 17:52:57.710975",0.004990,57,0x711c,0x0000,0x8861,69,0xd0bb,0x0000,0x1a09,,,physicalInteraction7.pcapng
"Nov 28, 2023 17:52:57.713182",0.002207,5,,,0x0002,69,,,,,,physicalInteraction7.pcapng
"Nov 28, 2023 17:52:57.746112",,52,,,,,,,,,,physicalInteraction7.pcapng
"Nov 28, 2023 17:52:57.748159",0.002047,5,,,0x0002,70,,,,,,physicalInteraction7.pcapng
"Nov 28, 2023 17:52:57.756927",,52,,,,,,,,,,physicalInteraction7.pcapng
"Nov 28, 2023 17:52:57.758974",0.002047,5,,,0x0002,71,,,,,,physicalInteraction7.pcapng
"Nov 28, 2023 17:52:57.954411",0.195437,74,0xec7f,0xffff,0x8841,62,0xec7f,0xfffc,0x1209,,,physicalInteraction7.pcapng
"Nov 28, 2023 17:52:59.398342",1.443931,74,0x0000,0xffff,0x8841,227,0x0000,0xfffc,0x1209,,,physicalInteraction7.pcapng
"Nov 28, 2023 17:53:01.626175",2.227833,59,0x4308,0xffff,0x8841,172,0x4308,0xfffc,0x1209,,,physicalInteraction7.pcapng
"Nov 28, 2023 17:53:01.711677",0.085502,74,0x3d95,0xffff,0x8841,236,0x3d95,0xfffc,0x1209,,,physicalInteraction7.pcapng
"Nov 28, 2023 17:53:01.955094",0.243417,59,0x4308,0xffff,0x8841,173,0x4308,0xfffc,0x1209,,,physicalInteraction7.pcapng
"Nov 28, 2023 17:53:02.282767",0.327673,59,0x4308,0xffff,0x8841,174,,,,,,physicalInteraction7.pcapng
"Nov 28, 2023 17:53:02.603136",0.320369,59,0x4308,0xffff,0x8841,175,,,,,,physicalInteraction7.pcapng
"Nov 28, 2023 17:53:04.710656",2.107520,47,0x4308,0xffff,0x8841,177,0x4308,0xfffc,0x1209,,,physicalInteraction7.pcapng
"Nov 28, 2023 17:53:04.951179",0.240523,59,0x4308,0xffff,0x8841,178,0x4308,0xfffc,0x1209,,,physicalInteraction7.pcapng
"Nov 28, 2023 17:53:05.280728",0.329549,59,0x4308,0xffff,0x8841,179,0x4308,0xfffc,0x1209,,,physicalInteraction7.pcapng
"Nov 28, 2023 17:53:05.602434",0.321706,59,0x4308,0xffff,0x8841,180,0x4308,0xfffc,0x1209,,,physicalInteraction7.pcapng
"Nov 28, 2023 17:53:07.920657",2.318223,74,0xe1a6,0xffff,0x8841,122,0xe1a6,0xfffc,0x1209,,,physicalInteraction7.pcapng
"Nov 28, 2023 17:53:09.083469",1.162812,74,0x0112,0xffff,0x8841,210,0x0112,0xfffc,0x1209,,,physicalInteraction7.pcapng
"Nov 28, 2023 17:53:09.453803",0.370334,74,0x5bb9,0xffff,0x8841,136,0x5bb9,0xfffc,0x1209,,,physicalInteraction7.pcapng
"Nov 28, 2023 17:53:09.968512",,52,,,,,,,,,,physicalInteraction7.pcapng
"Nov 28, 2023 17:53:09.970528",0.002016,5,,,0x0002,228,,,,,,physicalInteraction7.pcapng
"Nov 28, 2023 17:53:09.978509",,63,,,,,,,,,,physicalInteraction7.pcapng
"Nov 28, 2023 17:53:09.980907",0.002398,5,,,0x0002,123,,,,,,physicalInteraction7.pcapng
"Nov 28, 2023 17:53:09.996476",0.015569,62,0x1e15,0xffff,0x8841,128,0x1e15,0xfffc,0x1209,,,physicalInteraction7.pcapng
"Nov 28, 2023 17:53:10.006991",,52,,,,,,,,,,physicalInteraction7.pcapng
"Nov 28, 2023 17:53:10.009010",0.002019,5,,,0x0002,229,,,,,,physicalInteraction7.pcapng
"Nov 28, 2023 17:53:10.016616",,63,,,,,,,,,,physicalInteraction7.pcapng
"Nov 28, 2023 17:53:10.019015",0.002399,5,,,0x0002,237,,,,,,physicalInteraction7.pcapng
"Nov 28, 2023 17:53:10.024594",,45,,,,,,,,,,physicalInteraction7.pcapng
"Nov 28, 2023 17:53:10.026387",0.001793,5,,,0x0002,230,,,,,,physicalInteraction7.pcapng
"Nov 28, 2023 17:53:10.041631",,54,,,,,,,,,,physicalInteraction7.pcapng
"Nov 28, 2023 17:53:10.043700",0.002069,5,,,0x0002,231,,,,,,physicalInteraction7.pcapng
"Nov 28, 2023 17:53:10.051872",,66,,,,,,,,,,physicalInteraction7.pcapng
"Nov 28, 2023 17:53:10.054367",0.002495,5,,,0x0002,124,,,,,,physicalInteraction7.pcapng
"Nov 28, 2023 17:53:10.064585",,45,,,,,,,,,,physicalInteraction7.pcapng
"Nov 28, 2023 17:53:10.066377",0.001792,5,,,0x0002,232,,,,,,physicalInteraction7.pcapng
"Nov 28, 2023 17:53:10.080657",,54,,,,,,,,,,physicalInteraction7.pcapng
"Nov 28, 2023 17:53:10.082726",0.002069,5,,,0x0002,233,,,,,,physicalInteraction7.pcapng
"Nov 28, 2023 17:53:10.090664",,66,,,,,,,,,,physicalInteraction7.pcapng
"Nov 28, 2023 17:53:10.093159",0.002495,5,,,0x0002,238,,,,,,physicalInteraction7.pcapng
"Nov 28, 2023 17:53:10.097779",,54,,,,,,,,,,physicalInteraction7.pcapng
"Nov 28, 2023 17:53:10.099890",0.002111,5,,,0x0002,234,,,,,,physicalInteraction7.pcapng
"Nov 28, 2023 17:53:10.102650",,54,,,,,,,,,,physicalInteraction7.pcapng
"Nov 28, 2023 17:53:10.104719",0.002069,5,,,0x0002,72,,,,,,physicalInteraction7.pcapng
"Nov 28, 2023 17:53:10.111986",,66,,,,,,,,,,physicalInteraction7.pcapng
"Nov 28, 2023 17:53:10.114480",0.002494,5,,,0x0002,38,,,,,,physicalInteraction7.pcapng
"Nov 28, 2023 17:53:10.119740",,45,,,,,,,,,,physicalInteraction7.pcapng
"Nov 28, 2023 17:53:10.121534",0.001794,5,,,0x0002,235,,,,,,physicalInteraction7.pcapng
"Nov 28, 2023 17:53:10.132093",,52,,,,,,,,,,physicalInteraction7.pcapng
"Nov 28, 2023 17:53:10.134140",0.002047,5,,,0x0002,236,,,,,,physicalInteraction7.pcapng
"Nov 28, 2023 17:53:10.136675",,52,,,,,,,,,,physicalInteraction7.pcapng
"Nov 28, 2023 17:53:10.138722",0.002047,5,,,0x0002,236,,,,,,physicalInteraction7.pcapng
"Nov 28, 2023 17:53:10.141763",,52,,,,,,,,,,physicalInteraction7.pcapng
"Nov 28, 2023 17:53:10.143769",0.002006,5,,,0x0002,73,,,,,,physicalInteraction7.pcapng
"Nov 28, 2023 17:53:10.147435",,45,,,,,,,,,,physicalInteraction7.pcapng
"Nov 28, 2023 17:53:10.149227",0.001792,5,,,0x0002,237,,,,,,physicalInteraction7.pcapng
"Nov 28, 2023 17:53:10.150995",,63,,,,,,,,,,physicalInteraction7.pcapng
"Nov 28, 2023 17:53:10.153394",0.002399,5,,,0x0002,39,,,,,,physicalInteraction7.pcapng
"Nov 28, 2023 17:53:10.162522",,45,,,,,,,,,,physicalInteraction7.pcapng
"Nov 28, 2023 17:53:10.164345",0.001823,5,,,0x0002,238,,,,,,physicalInteraction7.pcapng
"Nov 28, 2023 17:53:10.166751",,45,,,,,,,,,,physicalInteraction7.pcapng
"Nov 28, 2023 17:53:10.168544",0.001793,5,,,0x0002,74,,,,,,physicalInteraction7.pcapng
"Nov 28, 2023 17:53:10.169741",,45,,,,,,,,,,physicalInteraction7.pcapng
"Nov 28, 2023 17:53:10.171564",0.001823,5,,,0x0002,239,,,,,,physicalInteraction7.pcapng
"Nov 28, 2023 17:53:10.174888",,45,,,,,,,,,,physicalInteraction7.pcapng
"Nov 28, 2023 17:53:10.176669",0.001781,5,,,0x0002,75,,,,,,physicalInteraction7.pcapng
"Nov 28, 2023 17:53:10.779206",0.602537,74,0x4e11,0xffff,0x8841,188,0x4e11,0xfffc,0x1209,,,physicalInteraction7.pcapng
"Nov 28, 2023 17:53:11.166700",0.387494,74,0xb1bf,0xffff,0x8841,40,0xb1bf,0xfffc,0x1209,,,physicalInteraction7.pcapng
"Nov 28, 2023 17:53:13.045316",1.878616,74,0x711c,0xffff,0x8841,76,0x711c,0xfffc,0x1209,,,physicalInteraction7.pcapng
"Nov 28, 2023 17:53:13.628331",0.583015,59,0x4308,0xffff,0x8841,181,,,,,,physicalInteraction7.pcapng
"Nov 28, 2023 17:53:13.959115",0.330784,59,0x4308,0xffff,0x8841,182,0x4308,0xfffc,0x1209,,,physicalInteraction7.pcapng
"Nov 28, 2023 17:53:14.073131",0.114016,74,0xec7f,0xffff,0x8841,63,0xec7f,0xfffc,0x1209,,,physicalInteraction7.pcapng
"Nov 28, 2023 17:53:14.276786",0.203655,59,0x4308,0xffff,0x8841,183,0x4308,0xfffc,0x1209,,,physicalInteraction7.pcapng
"Nov 28, 2023 17:53:14.598612",0.321826,59,0x4308,0xffff,0x8841,184,0x4308,0xfffc,0x1209,,,physicalInteraction7.pcapng
"Nov 28, 2023 17:53:16.632115",2.033503,59,0x4308,0xffff,0x8841,185,0x4308,0xfffc,0x1209,,,physicalInteraction7.pcapng
"Nov 28, 2023 17:53:16.710840",0.078725,74,0x3d95,0xffff,0x8841,239,0x3d95,0xfffc,0x1209,,,physicalInteraction7.pcapng
"Nov 28, 2023 17:53:16.955865",0.245025,59,0x4308,0xffff,0x8841,186,,,,,,physicalInteraction7.pcapng
"Nov 28, 2023 17:53:17.248400",0.292535,74,0x0000,0xffff,0x8841,240,0x0000,0xfffc,0x1209,,,physicalInteraction7.pcapng
"Nov 28, 2023 17:53:17.275405",0.027005,59,0x4308,0xffff,0x8841,187,0x4308,0xfffc,0x1209,,,physicalInteraction7.pcapng
"Nov 28, 2023 17:53:17.597159",0.321754,59,0x4308,0xffff,0x8841,188,0x4308,0xfffc,0x1209,,,physicalInteraction7.pcapng
"Nov 28, 2023 17:53:19.862769",2.265610,47,0x4308,0xffff,0x8841,189,0x4308,0xfffc,0x1209,,,physicalInteraction7.pcapng
"Nov 28, 2023 17:53:22.911583",3.048814,74,0xe1a6,0xffff,0x8841,125,0xe1a6,0xfffc,0x1209,,,physicalInteraction7.pcapng
"Nov 28, 2023 17:53:23.869430",0.957847,51,0x1f29,0x0000,0x8861,105,,,,,,physicalInteraction7.pcapng
"Nov 28, 2023 17:53:23.871541",0.002111,5,,,0x0002,105,,,,,,physicalInteraction7.pcapng
"Nov 28, 2023 17:53:24.078020",0.206479,74,0x0112,0xffff,0x8841,211,0x0112,0xfffc,0x1209,,,physicalInteraction7.pcapng
"Nov 28, 2023 17:53:24.464496",,53,,,,,,,,,,physicalInteraction7.pcapng
"Nov 28, 2023 17:53:24.466545",0.002049,5,,,0x0002,166,,,,,,physicalInteraction7.pcapng
"Nov 28, 2023 17:53:24.470409",,53,,,,,,,,,,physicalInteraction7.pcapng
"Nov 28, 2023 17:53:24.472488",0.002079,5,,,0x0002,126,,,,,,physicalInteraction7.pcapng
"Nov 28, 2023 17:53:24.806880",,60,,,,,,,,,,physicalInteraction7.pcapng
"Nov 28, 2023 17:53:24.809183",0.002303,5,,,0x0002,240,,,,,,physicalInteraction7.pcapng
"Nov 28, 2023 17:53:24.849814",,50,,,,,,,,,,physicalInteraction7.pcapng
"Nov 28, 2023 17:53:24.851767",0.001953,5,,,0x0002,241,,,,,,physicalInteraction7.pcapng
"Nov 28, 2023 17:53:24.857117",,45,,,,,,,,,,physicalInteraction7.pcapng
"Nov 28, 2023 17:53:24.858940",0.001823,5,,,0x0002,241,,,,,,physicalInteraction7.pcapng
"Nov 28, 2023 17:53:24.908266",0.049326,62,0x1e15,0xffff,0x8841,129,,,,,,physicalInteraction7.pcapng
"Nov 28, 2023 17:53:24.972813",0.064547,12,0x4615,0xe1a6,0x8863,167,,,,,,physicalInteraction7.pcapng
"Nov 28, 2023 17:53:24.973544",0.000731,5,,,0x0002,167,,,,,,physicalInteraction7.pcapng
"Nov 28, 2023 17:53:25.953064",0.979520,59,0x4308,0xffff,0x8841,191,0x4308,0xfffc,0x1209,,,physicalInteraction7.pcapng
"Nov 28, 2023 17:53:26.235370",0.282306,74,0xb1bf,0xffff,0x8841,41,0xb1bf,0xfffc,0x1209,,,physicalInteraction7.pcapng
"Nov 28, 2023 17:53:26.272274",0.036904,59,0x4308,0xffff,0x8841,192,0x4308,0xfffc,0x1209,,,physicalInteraction7.pcapng
"Nov 28, 2023 17:53:26.362314",0.090040,74,0x5bb9,0xffff,0x8841,137,0x5bb9,0xfffc,0x1209,,,physicalInteraction7.pcapng
"Nov 28, 2023 17:53:26.594035",0.231721,59,0x4308,0xffff,0x8841,193,0x4308,0xfffc,0x1209,,,physicalInteraction7.pcapng
"Nov 28, 2023 17:53:27.074618",0.480583,74,0x4e11,0xffff,0x8841,189,0x4e11,0xfffc,0x1209,,,physicalInteraction7.pcapng
"Nov 28, 2023 17:53:27.166777",,54,,,,,,,,,,physicalInteraction7.pcapng
"Nov 28, 2023 17:53:27.179893",,54,,,,,,,,,,physicalInteraction7.pcapng
"Nov 28, 2023 17:53:27.182591",,54,,,,,,,,,,physicalInteraction7.pcapng
"Nov 28, 2023 17:53:27.185844",,54,,,,,,,,,,physicalInteraction7.pcapng
"Nov 28, 2023 17:53:27.205664",,55,,,,,,,,,,physicalInteraction7.pcapng
"Nov 28, 2023 17:53:27.207765",0.002101,5,,,0x0002,242,,,,,,physicalInteraction7.pcapng
"Nov 28, 2023 17:53:27.211649",,55,,,,,,,,,,physicalInteraction7.pcapng
"Nov 28, 2023 17:53:27.213792",0.002143,5,,,0x0002,127,,,,,,physicalInteraction7.pcapng
"Nov 28, 2023 17:53:27.215273",0.001481,54,0x0112,0xffff,0x8841,212,,,,,,physicalInteraction7.pcapng
"Nov 28, 2023 17:53:27.218769",,54,,,,,,,,,,physicalInteraction7.pcapng
"Nov 28, 2023 17:53:27.222620",,54,,,,,,,,,,physicalInteraction7.pcapng
"Nov 28, 2023 17:53:27.225749",,54,,,,,,,,,,physicalInteraction7.pcapng
"Nov 28, 2023 17:53:27.229759",0.004010,55,0x5bb9,0xe1a6,0x8861,139,0x5bb9,0x0000,0x1a09,,,physicalInteraction7.pcapng
"Nov 28, 2023 17:53:27.231873",0.002114,5,,,0x0002,139,,,,,,physicalInteraction7.pcapng
"Nov 28, 2023 17:53:27.232867",0.000994,54,0x1e15,0xffff,0x8841,130,,,,,,physicalInteraction7.pcapng
"Nov 28, 2023 17:53:27.235919",0.003052,57,0xe1a6,0x0000,0x8861,129,0x5bb9,0x0000,0x1a09,,,physicalInteraction7.pcapng
"Nov 28, 2023 17:53:27.238126",0.002207,5,,,0x0002,129,,,,,,physicalInteraction7.pcapng
"Nov 28, 2023 17:53:27.239530",0.001404,55,0x5bb9,0xe1a6,0x8861,140,0x5bb9,0x0000,0x1a09,,,physicalInteraction7.pcapng
"Nov 28, 2023 17:53:27.241631",0.002101,5,,,0x0002,140,,,,,,physicalInteraction7.pcapng
"Nov 28, 2023 17:53:27.245536",0.003905,57,0xe1a6,0x0000,0x8861,130,0x5bb9,0x0000,0x1a09,,,physicalInteraction7.pcapng
"Nov 28, 2023 17:53:27.247743",0.002207,5,,,0x0002,130,,,,,,physicalInteraction7.pcapng
"Nov 28, 2023 17:53:27.265332",,45,,,,,,,,,,physicalInteraction7.pcapng
"Nov 28, 2023 17:53:27.267125",0.001793,5,,,0x0002,141,,,,,,physicalInteraction7.pcapng
"Nov 28, 2023 17:53:27.269433",0.002308,50,0x5bb9,0xe1a6,0x8861,142,,,,,,physicalInteraction7.pcapng
"Nov 28, 2023 17:53:27.274286",0.004853,50,0x5bb9,0xe1a6,0x8861,142,,,,,,physicalInteraction7.pcapng
"Nov 28, 2023 17:53:27.278235",0.003949,50,0x5bb9,0xe1a6,0x8861,142,,,,,,physicalInteraction7.pcapng
"Nov 28, 2023 17:53:27.284560",,45,,,,,,,,,,physicalInteraction7.pcapng
"Nov 28, 2023 17:53:27.286383",0.001823,5,,,0x0002,131,,,,,,physicalInteraction7.pcapng
"Nov 28, 2023 17:53:27.295105",,50,,,,,,,,,,physicalInteraction7.pcapng
"Nov 28, 2023 17:53:27.297058",0.001953,5,,,0x0002,142,,,,,,physicalInteraction7.pcapng
"Nov 28, 2023 17:53:27.300784",,50,,,,,,,,,,physicalInteraction7.pcapng
"Nov 28, 2023 17:53:27.302767",0.001983,5,,,0x0002,132,,,,,,physicalInteraction7.pcapng
"Nov 28, 2023 17:53:27.317437",,61,,,,,,,,,,physicalInteraction7.pcapng
"Nov 28, 2023 17:53:27.319740",0.002303,5,,,0x0002,244,,,,,,physicalInteraction7.pcapng
"Nov 28, 2023 17:53:27.323938",,61,,,,,,,,,,physicalInteraction7.pcapng
"Nov 28, 2023 17:53:27.326273",0.002335,5,,,0x0002,133,,,,,,physicalInteraction7.pcapng
"Nov 28, 2023 17:53:27.331676",0.005403,55,0x5bb9,0xe1a6,0x8861,143,0x5bb9,0x0000,0x1a09,,,physicalInteraction7.pcapng
"Nov 28, 2023 17:53:27.333789",0.002113,5,,,0x0002,143,,,,,,physicalInteraction7.pcapng
"Nov 28, 2023 17:53:27.337585",0.003796,57,0xe1a6,0x0000,0x8861,134,0x5bb9,0x0000,0x1a09,,,physicalInteraction7.pcapng
"Nov 28, 2023 17:53:27.339792",0.002207,5,,,0x0002,134,,,,,,physicalInteraction7.pcapng
"Nov 28, 2023 17:53:27.344890",,63,,,,,,,,,,physicalInteraction7.pcapng
"Nov 28, 2023 17:53:27.347259",0.002369,5,,,0x0002,245,,,,,,physicalInteraction7.pcapng
"Nov 28, 2023 17:53:27.351159",,63,,,,,,,,,,physicalInteraction7.pcapng
"Nov 28, 2023 17:53:27.353559",0.002400,5,,,0x0002,135,,,,,,physicalInteraction7.pcapng
"Nov 28, 2023 17:53:27.359227",0.005668,55,0x5bb9,0xe1a6,0x8861,144,0x5bb9,0x0000,0x1a09,,,physicalInteraction7.pcapng
"Nov 28, 2023 17:53:27.361339",0.002112,5,,,0x0002,144,,,,,,physicalInteraction7.pcapng
"Nov 28, 2023 17:53:27.363283",0.001944,55,0x5bb9,0xe1a6,0x8861,144,,,,,,physicalInteraction7.pcapng
"Nov 28, 2023 17:53:27.365177",0.001894,57,0xe1a6,0x0000,0x8861,136,0x5bb9,0x0000,0x1a09,,,physicalInteraction7.pcapng
"Nov 28, 2023 17:53:27.367425",0.002248,55,0x5bb9,0xe1a6,0x8861,144,0x5bb9,0x0000,0x1a09,,,physicalInteraction7.pcapng
"Nov 28, 2023 17:53:27.369568",0.002143,5,,,0x0002,144,,,,,,physicalInteraction7.pcapng
"Nov 28, 2023 17:53:27.373737",0.004169,57,0xe1a6,0x0000,0x8861,136,0x5bb9,0x0000,0x1a09,,,physicalInteraction7.pcapng
"Nov 28, 2023 17:53:27.375944",0.002207,5,,,0x0002,136,,,,,,physicalInteraction7.pcapng
"Nov 28, 2023 17:53:27.376915",0.000971,57,0xe1a6,0x0000,0x8861,137,0x5bb9,0x0000,0x1a09,,,physicalInteraction7.pcapng
"Nov 28, 2023 17:53:27.379121",0.002206,5,,,0x0002,137,,,,,,physicalInteraction7.pcapng
"Nov 28, 2023 17:53:27.381202",,57,,,,,,,,,,physicalInteraction7.pcapng
"Nov 28, 2023 17:53:27.383377",0.002175,5,,,0x0002,145,,,,,,physicalInteraction7.pcapng
"Nov 28, 2023 17:53:27.387552",,57,,,,,,,,,,physicalInteraction7.pcapng
"Nov 28, 2023 17:53:27.389759",0.002207,5,,,0x0002,138,,,,,,physicalInteraction7.pcapng
"Nov 28, 2023 17:53:27.406405",,45,,,,,,,,,,physicalInteraction7.pcapng
"Nov 28, 2023 17:53:27.408198",0.001793,5,,,0x0002,146,,,,,,physicalInteraction7.pcapng
"Nov 28, 2023 17:53:27.411982",,45,,,,,,,,,,physicalInteraction7.pcapng
"Nov 28, 2023 17:53:27.413804",0.001822,5,,,0x0002,139,,,,,,physicalInteraction7.pcapng
"Nov 28, 2023 17:53:27.426514",,54,,,,,,,,,,physicalInteraction7.pcapng
"Nov 28, 2023 17:53:27.432548",,54,,,,,,,,,,physicalInteraction7.pcapng
"Nov 28, 2023 17:53:27.436943",,53,,,,,,,,,,physicalInteraction7.pcapng
"Nov 28, 2023 17:53:27.438991",0.002048,5,,,0x0002,246,,,,,,physicalInteraction7.pcapng
"Nov 28, 2023 17:53:27.443018",,53,,,,,,,,,,physicalInteraction7.pcapng
"Nov 28, 2023 17:53:27.445097",0.002079,5,,,0x0002,140,,,,,,physicalInteraction7.pcapng
"Nov 28, 2023 17:53:27.448494",0.003397,55,0x5bb9,0xe1a6,0x8861,147,0x5bb9,0x0000,0x1a09,,,physicalInteraction7.pcapng
"Nov 28, 2023 17:53:27.450594",0.002100,5,,,0x0002,147,,,,,,physicalInteraction7.pcapng
"Nov 28, 2023 17:53:27.454324",0.003730,57,0xe1a6,0x0000,0x8861,141,0x5bb9,0x0000,0x1a09,,,physicalInteraction7.pcapng
"Nov 28, 2023 17:53:27.456531",0.002207,5,,,0x0002,141,,,,,,physicalInteraction7.pcapng
"Nov 28, 2023 17:53:27.461639",,54,,,,,,,,,,physicalInteraction7.pcapng
"Nov 28, 2023 17:53:27.478523",,54,,,,,,,,,,physicalInteraction7.pcapng
"Nov 28, 2023 17:53:27.498230",,45,,,,,,,,,,physicalInteraction7.pcapng
"Nov 28, 2023 17:53:27.500022",0.001792,5,,,0x0002,148,,,,,,physicalInteraction7.pcapng
"Nov 28, 2023 17:53:27.504003",,45,,,,,,,,,,physicalInteraction7.pcapng
"Nov 28, 2023 17:53:27.505826",0.001823,5,,,0x0002,143,,,,,,physicalInteraction7.pcapng
"Nov 28, 2023 17:53:27.623064",,54,,,,,,,,,,physicalInteraction7.pcapng
"Nov 28, 2023 17:53:27.646571",,54,,,,,,,,,,physicalInteraction7.pcapng
"Nov 28, 2023 17:53:27.672289",,54,,,,,,,,,,physicalInteraction7.pcapng
"Nov 28, 2023 17:53:27.678658",,54,,,,,,,,,,physicalInteraction7.pcapng
"Nov 28, 2023 17:53:27.685148",,54,,,,,,,,,,physicalInteraction7.pcapng
"Nov 28, 2023 17:53:27.707611",,54,,,,,,,,,,physicalInteraction7.pcapng
"Nov 28, 2023 17:53:27.715554",,54,,,,,,,,,,physicalInteraction7.pcapng
"Nov 28, 2023 17:53:27.724292",,54,,,,,,,,,,physicalInteraction7.pcapng
"Nov 28, 2023 17:53:28.097192",,54,,,,,,,,,,physicalInteraction7.pcapng
"Nov 28, 2023 17:53:28.392949",0.295757,74,0x711c,0xffff,0x8841,78,0x711c,0xfffc,0x1209,,,physicalInteraction7.pcapng
"Nov 28, 2023 17:53:28.632356",0.239407,59,0x4308,0xffff,0x8841,194,0x4308,0xfffc,0x1209,,,physicalInteraction7.pcapng
"Nov 28, 2023 17:53:28.704785",0.072429,74,0xec7f,0xffff,0x8841,66,0xec7f,0xfffc,0x1209,,,physicalInteraction7.pcapng
"Nov 28, 2023 17:53:31.752416",3.047631,74,0x3d95,0xffff,0x8841,245,0x3d95,0xfffc,0x1209,,,physicalInteraction7.pcapng
"Nov 28, 2023 17:53:33.408277",1.655861,74,0x0000,0xffff,0x8841,248,0x0000,0xfffc,0x1209,,,physicalInteraction7.pcapng
"Nov 28, 2023 17:53:34.897835",1.489558,47,0x4308,0xffff,0x8841,198,,,,,,physicalInteraction7.pcapng
"Nov 28, 2023 17:53:37.634208",2.736373,59,0x4308,0xffff,0x8841,199,0x4308,0xfffc,0x1209,,,physicalInteraction7.pcapng
"Nov 28, 2023 17:53:37.797192",,50,,,,,,,,,,physicalInteraction7.pcapng
"Nov 28, 2023 17:53:37.799176",0.001984,5,,,0x0002,249,,,,,,physicalInteraction7.pcapng
"Nov 28, 2023 17:53:37.806000",0.006824,5,,,0x0002,79,,,,,,physicalInteraction7.pcapng
"Nov 28, 2023 17:53:37.850938",,53,,,,,,,,,,physicalInteraction7.pcapng
"Nov 28, 2023 17:53:37.853017",0.002079,5,,,0x0002,80,,,,,,physicalInteraction7.pcapng
"Nov 28, 2023 17:53:37.891750",,50,,,,,,,,,,physicalInteraction7.pcapng
"Nov 28, 2023 17:53:37.893733",0.001983,5,,,0x0002,250,,,,,,physicalInteraction7.pcapng
"Nov 28, 2023 17:53:37.898800",0.005067,55,0x711c,0x0000,0x8861,81,0x711c,0x0000,0x1a09,,,physicalInteraction7.pcapng
"Nov 28, 2023 17:53:37.900943",0.002143,5,,,0x0002,81,,,,,,physicalInteraction7.pcapng
"Nov 28, 2023 17:53:37.945148",,53,,,,,,,,,,physicalInteraction7.pcapng
"Nov 28, 2023 17:53:37.947227",0.002079,5,,,0x0002,82,,,,,,physicalInteraction7.pcapng
"Nov 28, 2023 17:53:37.958249",0.011022,59,0x4308,0xffff,0x8841,200,0x4308,0xfffc,0x1209,,,physicalInteraction7.pcapng
"Nov 28, 2023 17:53:37.998212",0.039963,74,0xe1a6,0xffff,0x8841,145,0xe1a6,0xfffc,0x1209,,,physicalInteraction7.pcapng
"Nov 28, 2023 17:53:38.279047",0.280835,59,0x4308,0xffff,0x8841,201,0x4308,0xfffc,0x1209,,,physicalInteraction7.pcapng
"Nov 28, 2023 17:53:38.596748",0.317701,59,0x4308,0xffff,0x8841,202,0x4308,0xfffc,0x1209,,,physicalInteraction7.pcapng
"Nov 28, 2023 17:53:39.078650",0.481902,74,0x0112,0xffff,0x8841,214,0x0112,0xfffc,0x1209,,,physicalInteraction7.pcapng
"Nov 28, 2023 17:53:39.969906",,52,,,,,,,,,,physicalInteraction7.pcapng
"Nov 28, 2023 17:53:39.971921",0.002015,5,,,0x0002,251,,,,,,physicalInteraction7.pcapng
"Nov 28, 2023 17:53:39.979594",,63,,,,,,,,,,physicalInteraction7.pcapng
"Nov 28, 2023 17:53:39.981992",0.002398,5,,,0x0002,146,,,,,,physicalInteraction7.pcapng
"Nov 28, 2023 17:53:39.992934",0.010942,62,0x1e15,0xffff,0x8841,133,0x1e15,0xfffc,0x1209,,,physicalInteraction7.pcapng
"Nov 28, 2023 17:53:40.007026",,52,,,,,,,,,,physicalInteraction7.pcapng
"Nov 28, 2023 17:53:40.009036",0.002010,5,,,0x0002,252,,,,,,physicalInteraction7.pcapng
"Nov 28, 2023 17:53:40.016648",,63,,,,,,,,,,physicalInteraction7.pcapng
"Nov 28, 2023 17:53:40.019046",0.002398,5,,,0x0002,246,,,,,,physicalInteraction7.pcapng
"Nov 28, 2023 17:53:40.020139",,45,,,,,,,,,,physicalInteraction7.pcapng
"Nov 28, 2023 17:53:40.021932",0.001793,5,,,0x0002,253,,,,,,physicalInteraction7.pcapng
"Nov 28, 2023 17:53:40.046240",,54,,,,,,,,,,physicalInteraction7.pcapng
"Nov 28, 2023 17:53:40.048321",0.002081,5,,,0x0002,254,,,,,,physicalInteraction7.pcapng
"Nov 28, 2023 17:53:40.056143",,66,,,,,,,,,,physicalInteraction7.pcapng
"Nov 28, 2023 17:53:40.058637",0.002494,5,,,0x0002,147,,,,,,physicalInteraction7.pcapng
"Nov 28, 2023 17:53:40.066258",,45,,,,,,,,,,physicalInteraction7.pcapng
"Nov 28, 2023 17:53:40.075201",,45,,,,,,,,,,physicalInteraction7.pcapng
"Nov 28, 2023 17:53:40.076983",0.001782,5,,,0x0002,255,,,,,,physicalInteraction7.pcapng
"Nov 28, 2023 17:53:40.082455",,54,,,,,,,,,,physicalInteraction7.pcapng
"Nov 28, 2023 17:53:40.084536",0.002081,5,,,0x0002,0,,,,,,physicalInteraction7.pcapng
"Nov 28, 2023 17:53:40.092309",,66,,,,,,,,,,physicalInteraction7.pcapng
"Nov 28, 2023 17:53:40.094804",0.002495,5,,,0x0002,247,,,,,,physicalInteraction7.pcapng
"Nov 28, 2023 17:53:40.097779",,54,,,,,,,,,,physicalInteraction7.pcapng
"Nov 28, 2023 17:53:40.099889",0.002110,5,,,0x0002,1,,,,,,physicalInteraction7.pcapng
"Nov 28, 2023 17:53:40.102310",,54,,,,,,,,,,physicalInteraction7.pcapng
"Nov 28, 2023 17:53:40.104391",0.002081,5,,,0x0002,83,,,,,,physicalInteraction7.pcapng
"Nov 28, 2023 17:53:40.111683",,66,,,,,,,,,,physicalInteraction7.pcapng
"Nov 28, 2023 17:53:40.114178",0.002495,5,,,0x0002,45,,,,,,physicalInteraction7.pcapng
"Nov 28, 2023 17:53:40.118892",,52,,,,,,,,,,physicalInteraction7.pcapng
"Nov 28, 2023 17:53:40.120939",0.002047,5,,,0x0002,2,,,,,,physicalInteraction7.pcapng
"Nov 28, 2023 17:53:40.124660",,52,,,,,,,,,,physicalInteraction7.pcapng
"Nov 28, 2023 17:53:40.126676",0.002016,5,,,0x0002,84,,,,,,physicalInteraction7.pcapng
"Nov 28, 2023 17:53:40.133837",,63,,,,,,,,,,physicalInteraction7.pcapng
"Nov 28, 2023 17:53:40.136236",0.002399,5,,,0x0002,46,,,,,,physicalInteraction7.pcapng
"Nov 28, 2023 17:53:40.139385",,45,,,,,,,,,,physicalInteraction7.pcapng
"Nov 28, 2023 17:53:40.141167",0.001782,5,,,0x0002,3,,,,,,physicalInteraction7.pcapng
"Nov 28, 2023 17:53:40.151081",,45,,,,,,,,,,physicalInteraction7.pcapng
"Nov 28, 2023 17:53:40.152872",0.001791,5,,,0x0002,4,,,,,,physicalInteraction7.pcapng
"Nov 28, 2023 17:53:40.157591",,45,,,,,,,,,,physicalInteraction7.pcapng
"Nov 28, 2023 17:53:40.159414",0.001823,5,,,0x0002,5,,,,,,physicalInteraction7.pcapng
"Nov 28, 2023 17:53:40.163144",,45,,,,,,,,,,physicalInteraction7.pcapng
"Nov 28, 2023 17:53:40.164935",0.001791,5,,,0x0002,85,,,,,,physicalInteraction7.pcapng
"Nov 28, 2023 17:53:40.168886",,45,,,,,,,,,,physicalInteraction7.pcapng
"Nov 28, 2023 17:53:40.170709",0.001823,5,,,0x0002,6,,,,,,physicalInteraction7.pcapng
"Nov 28, 2023 17:53:40.173389",,45,,,,,,,,,,physicalInteraction7.pcapng
"Nov 28, 2023 17:53:40.175181",0.001792,5,,,0x0002,86,,,,,,physicalInteraction7.pcapng
"Nov 28, 2023 17:53:40.957320",0.782139,59,0x4308,0xffff,0x8841,204,0x4308,0xfffc,0x1209,,,physicalInteraction7.pcapng
"Nov 28, 2023 17:53:40.995810",0.038490,74,0x4e11,0xffff,0x8841,191,0x4e11,0xfffc,0x1209,,,physicalInteraction7.pcapng
"Nov 28, 2023 17:53:41.136521",0.140711,74,0xb1bf,0xffff,0x8841,47,0xb1bf,0xfffc,0x1209,,,physicalInteraction7.pcapng
"Nov 28, 2023 17:53:41.277468",0.140947,59,0x4308,0xffff,0x8841,205,0x4308,0xfffc,0x1209,,,physicalInteraction7.pcapng
"Nov 28, 2023 17:53:43.404640",2.127172,74,0xec7f,0xffff,0x8841,67,0xec7f,0xfffc,0x1209,,,physicalInteraction7.pcapng
"Nov 28, 2023 17:53:43.423952",0.019312,74,0x5bb9,0xffff,0x8841,151,0x5bb9,0xfffc,0x1209,,,physicalInteraction7.pcapng
"Nov 28, 2023 17:53:44.539079",,53,,,,,,,,,,physicalInteraction7.pcapng
"Nov 28, 2023 17:53:44.544500",,53,,,,,,,,,,physicalInteraction7.pcapng
"Nov 28, 2023 17:53:44.546548",0.002048,5,,,0x0002,168,,,,,,physicalInteraction7.pcapng
"Nov 28, 2023 17:53:44.550564",,53,,,,,,,,,,physicalInteraction7.pcapng
"Nov 28, 2023 17:53:44.552643",0.002079,5,,,0x0002,148,,,,,,physicalInteraction7.pcapng
"Nov 28, 2023 17:53:45.012189",0.459546,74,0x711c,0xffff,0x8841,87,0x711c,0xfffc,0x1209,,,physicalInteraction7.pcapng
"Nov 28, 2023 17:53:45.051377",0.039188,12,0x4615,0xe1a6,0x8863,169,,,,,,physicalInteraction7.pcapng
"Nov 28, 2023 17:53:45.052112",0.000735,5,,,0x0002,169,,,,,,physicalInteraction7.pcapng
"Nov 28, 2023 17:53:46.806176",1.754064,74,0x3d95,0xffff,0x8841,248,0x3d95,0xfffc,0x1209,,,physicalInteraction7.pcapng
"Nov 28, 2023 17:53:49.637036",2.830860,59,0x4308,0xffff,0x8841,207,0x4308,0xfffc,0x1209,,,physicalInteraction7.pcapng
"Nov 28, 2023 17:53:49.962780",0.325744,59,0x4308,0xffff,0x8841,208,0x4308,0xfffc,0x1209,,,physicalInteraction7.pcapng
"Nov 28, 2023 17:53:49.999885",0.037105,47,0x4308,0xffff,0x8841,209,0x4308,0xfffc,0x1209,,,physicalInteraction7.pcapng
"Nov 28, 2023 17:53:50.149332",0.149447,74,0x0000,0xffff,0x8841,7,0x0000,0xfffc,0x1209,,,physicalInteraction7.pcapng
"Nov 28, 2023 17:53:50.282685",0.133353,59,0x4308,0xffff,0x8841,210,0x4308,0xfffc,0x1209,,,physicalInteraction7.pcapng
"Nov 28, 2023 17:53:52.636657",2.353972,59,0x4308,0xffff,0x8841,212,0x4308,0xfffc,0x1209,,,physicalInteraction7.pcapng
"Nov 28, 2023 17:53:52.936404",0.299747,74,0xe1a6,0xffff,0x8841,149,0xe1a6,0xfffc,0x1209,,,physicalInteraction7.pcapng
"Nov 28, 2023 17:53:53.281613",0.345209,59,0x4308,0xffff,0x8841,214,0x4308,0xfffc,0x1209,,,physicalInteraction7.pcapng
"Nov 28, 2023 17:53:53.602555",0.320942,59,0x4308,0xffff,0x8841,215,,,,,,physicalInteraction7.pcapng
"Nov 28, 2023 17:53:54.077360",0.474805,74,0x0112,0xffff,0x8841,215,0x0112,0xfffc,0x1209,,,physicalInteraction7.pcapng
"Nov 28, 2023 17:53:54.993861",0.916501,62,0x1e15,0xffff,0x8841,134,0x1e15,0xfffc,0x1209,,,physicalInteraction7.pcapng
"Nov 28, 2023 17:53:56.188600",1.194739,74,0xb1bf,0xffff,0x8841,48,0xb1bf,0xfffc,0x1209,,,physicalInteraction7.pcapng
"Nov 28, 2023 17:53:57.711123",1.522523,74,0x4e11,0xffff,0x8841,192,0x4e11,0xfffc,0x1209,,,physicalInteraction7.pcapng
"Nov 28, 2023 17:53:59.560749",,66,,,,,,,,,,physicalInteraction7.pcapng
"Nov 28, 2023 17:53:59.563244",0.002495,5,,,0x0002,68,,,,,,physicalInteraction7.pcapng
"Nov 28, 2023 17:53:59.579380",,45,,,,,,,,,,physicalInteraction7.pcapng
"Nov 28, 2023 17:53:59.581190",0.001810,5,,,0x0002,8,,,,,,physicalInteraction7.pcapng
"Nov 28, 2023 17:53:59.606478",,50,,,,,,,,,,physicalInteraction7.pcapng
"Nov 28, 2023 17:53:59.608447",0.001969,5,,,0x0002,9,,,,,,physicalInteraction7.pcapng
"Nov 28, 2023 17:53:59.612544",,45,,,,,,,,,,physicalInteraction7.pcapng
"Nov 28, 2023 17:53:59.614367",0.001823,5,,,0x0002,69,,,,,,physicalInteraction7.pcapng
"Nov 28, 2023 17:54:00.497050",0.882683,74,0xec7f,0xffff,0x8841,70,0xec7f,0xfffc,0x1209,,,physicalInteraction7.pcapng
"Nov 28, 2023 17:54:00.722871",0.225821,74,0x5bb9,0xffff,0x8841,152,0x5bb9,0xfffc,0x1209,,,physicalInteraction7.pcapng
"Nov 28, 2023 17:54:00.944324",0.221453,74,0x711c,0xffff,0x8841,88,0x711c,0xfffc,0x1209,,,physicalInteraction7.pcapng
"Nov 28, 2023 17:54:01.638411",0.694087,59,0x4308,0xffff,0x8841,216,0x4308,0xfffc,0x1209,,,physicalInteraction7.pcapng
"Nov 28, 2023 17:54:01.716115",0.077704,74,0x3d95,0xffff,0x8841,249,0x3d95,0xfffc,0x1209,,,physicalInteraction7.pcapng
"Nov 28, 2023 17:54:01.960613",0.244498,59,0x4308,0xffff,0x8841,217,0x4308,0xfffc,0x1209,,,physicalInteraction7.pcapng
"Nov 28, 2023 17:54:02.598462",0.637849,59,0x4308,0xffff,0x8841,219,,,,,,physicalInteraction7.pcapng
"Nov 28, 2023 17:54:04.640154",2.041692,59,0x4308,0xffff,0x8841,220,0x4308,0xfffc,0x1209,,,physicalInteraction7.pcapng
"Nov 28, 2023 17:54:04.968641",0.328487,59,0x4308,0xffff,0x8841,221,0x4308,0xfffc,0x1209,,,physicalInteraction7.pcapng
"Nov 28, 2023 17:54:05.086352",0.117711,47,0x4308,0xffff,0x8841,222,0x4308,0xfffc,0x1209,,,physicalInteraction7.pcapng
"Nov 28, 2023 17:54:05.289488",0.203136,59,0x4308,0xffff,0x8841,223,0x4308,0xfffc,0x1209,,,physicalInteraction7.pcapng
"Nov 28, 2023 17:54:05.607809",0.318321,59,0x4308,0xffff,0x8841,224,0x4308,0xfffc,0x1209,,,physicalInteraction7.pcapng
"Nov 28, 2023 17:54:07.344986",1.737177,74,0x0000,0xffff,0x8841,10,0x0000,0xfffc,0x1209,,,physicalInteraction7.pcapng
"Nov 28, 2023 17:54:08.020785",0.675799,74,0xe1a6,0xffff,0x8841,150,0xe1a6,0xfffc,0x1209,,,physicalInteraction7.pcapng
"Nov 28, 2023 17:54:09.092712",1.071927,74,0x0112,0xffff,0x8841,216,0x0112,0xfffc,0x1209,,,physicalInteraction7.pcapng
"Nov 28, 2023 17:54:09.908793",0.816081,65,0x1e15,0xffff,0x8841,135,0x1e15,0xfffc,0x1209,,,physicalInteraction7.pcapng
"Nov 28, 2023 17:54:09.974212",,52,,,,,,,,,,physicalInteraction7.pcapng
"Nov 28, 2023 17:54:09.976230",0.002018,5,,,0x0002,11,,,,,,physicalInteraction7.pcapng
"Nov 28, 2023 17:54:09.984079",,63,,,,,,,,,,physicalInteraction7.pcapng
"Nov 28, 2023 17:54:09.989329",,63,,,,,,,,,,physicalInteraction7.pcapng
"Nov 28, 2023 17:54:09.991728",0.002399,5,,,0x0002,151,,,,,,physicalInteraction7.pcapng
"Nov 28, 2023 17:54:09.997352",,52,,,,,,,,,,physicalInteraction7.pcapng
"Nov 28, 2023 17:54:09.999356",0.002004,5,,,0x0002,12,,,,,,physicalInteraction7.pcapng
"Nov 28, 2023 17:54:10.007089",,63,,,,,,,,,,physicalInteraction7.pcapng
"Nov 28, 2023 17:54:10.009488",0.002399,5,,,0x0002,250,,,,,,physicalInteraction7.pcapng
"Nov 28, 2023 17:54:10.028864",,45,,,,,,,,,,physicalInteraction7.pcapng
"Nov 28, 2023 17:54:10.030646",0.001782,5,,,0x0002,13,,,,,,physicalInteraction7.pcapng
"Nov 28, 2023 17:54:10.034879",,54,,,,,,,,,,physicalInteraction7.pcapng
"Nov 28, 2023 17:54:10.036960",0.002081,5,,,0x0002,14,,,,,,physicalInteraction7.pcapng
"Nov 28, 2023 17:54:10.044693",,66,,,,,,,,,,physicalInteraction7.pcapng
"Nov 28, 2023 17:54:10.047188",0.002495,5,,,0x0002,152,,,,,,physicalInteraction7.pcapng
"Nov 28, 2023 17:54:10.071557",,45,,,,,,,,,,physicalInteraction7.pcapng
"Nov 28, 2023 17:54:10.073338",0.001781,5,,,0x0002,15,,,,,,physicalInteraction7.pcapng
"Nov 28, 2023 17:54:10.078504",,54,,,,,,,,,,physicalInteraction7.pcapng
"Nov 28, 2023 17:54:10.080586",0.002082,5,,,0x0002,16,,,,,,physicalInteraction7.pcapng
"Nov 28, 2023 17:54:10.088428",,66,,,,,,,,,,physicalInteraction7.pcapng
"Nov 28, 2023 17:54:10.090923",0.002495,5,,,0x0002,251,,,,,,physicalInteraction7.pcapng
"Nov 28, 2023 17:54:10.091718",,45,,,,,,,,,,physicalInteraction7.pcapng
"Nov 28, 2023 17:54:10.093499",0.001781,5,,,0x0002,17,,,,,,physicalInteraction7.pcapng
"Nov 28, 2023 17:54:10.112214",,54,,,,,,,,,,physicalInteraction7.pcapng
"Nov 28, 2023 17:54:10.114325",0.002111,5,,,0x0002,18,,,,,,physicalInteraction7.pcapng
"Nov 28, 2023 17:54:10.118435",,54,,,,,,,,,,physicalInteraction7.pcapng
"Nov 28, 2023 17:54:10.120516",0.002081,5,,,0x0002,89,,,,,,physicalInteraction7.pcapng
"Nov 28, 2023 17:54:10.125678",,45,,,,,,,,,,physicalInteraction7.pcapng
"Nov 28, 2023 17:54:10.127465",0.001787,5,,,0x0002,19,,,,,,physicalInteraction7.pcapng
"Nov 28, 2023 17:54:10.137920",,66,,,,,,,,,,physicalInteraction7.pcapng
"Nov 28, 2023 17:54:10.140414",0.002494,5,,,0x0002,49,,,,,,physicalInteraction7.pcapng
"Nov 28, 2023 17:54:10.142944",,52,,,,,,,,,,physicalInteraction7.pcapng
"Nov 28, 2023 17:54:10.150369",,66,,,,,,,,,,physicalInteraction7.pcapng
"Nov 28, 2023 17:54:10.152864",0.002495,5,,,0x0002,50,,,,,,physicalInteraction7.pcapng
"Nov 28, 2023 17:54:10.156844",,52,,,,,,,,,,physicalInteraction7.pcapng
"Nov 28, 2023 17:54:10.158892",0.002048,5,,,0x0002,20,,,,,,physicalInteraction7.pcapng
"Nov 28, 2023 17:54:10.162045",,52,,,,,,,,,,physicalInteraction7.pcapng
"Nov 28, 2023 17:54:10.171154",,63,,,,,,,,,,physicalInteraction7.pcapng
"Nov 28, 2023 17:54:10.173552",0.002398,5,,,0x0002,51,,,,,,physicalInteraction7.pcapng
"Nov 28, 2023 17:54:10.179523",0.005971,45,0x0000,0x711c,0x8861,21,,,,,,physicalInteraction7.pcapng
"Nov 28, 2023 17:54:10.181346",0.001823,5,,,0x0002,21,,,,,,physicalInteraction7.pcapng
"Nov 28, 2023 17:54:10.185625",0.004279,45,0x711c,0xb1bf,0x8861,91,,,,,,physicalInteraction7.pcapng
"Nov 28, 2023 17:54:10.187417",0.001792,5,,,0x0002,91,,,,,,physicalInteraction7.pcapng
"Nov 28, 2023 17:54:10.191171",,45,,,,,,,,,,physicalInteraction7.pcapng
"Nov 28, 2023 17:54:10.192995",0.001824,5,,,0x0002,22,,,,,,physicalInteraction7.pcapng
"Nov 28, 2023 17:54:10.197935",,45,,,,,,,,,,physicalInteraction7.pcapng
"Nov 28, 2023 17:54:10.199718",0.001783,5,,,0x0002,92,,,,,,physicalInteraction7.pcapng
"Nov 28, 2023 17:54:10.204104",,45,,,,,,,,,,physicalInteraction7.pcapng
"Nov 28, 2023 17:54:10.205927",0.001823,5,,,0x0002,23,,,,,,physicalInteraction7.pcapng
"Nov 28, 2023 17:54:10.208729",,45,,,,,,,,,,physicalInteraction7.pcapng
"Nov 28, 2023 17:54:10.210521",0.001792,5,,,0x0002,93,,,,,,physicalInteraction7.pcapng
"Nov 28, 2023 17:54:11.151563",0.941042,74,0xb1bf,0xffff,0x8841,52,0xb1bf,0xfffc,0x1209,,,physicalInteraction7.pcapng
"Nov 28, 2023 17:54:13.641865",2.490302,59,0x4308,0xffff,0x8841,225,0x4308,0xfffc,0x1209,,,physicalInteraction7.pcapng
"Nov 28, 2023 17:54:13.964087",0.322222,59,0x4308,0xffff,0x8841,226,0x4308,0xfffc,0x1209,,,physicalInteraction7.pcapng
"Nov 28, 2023 17:54:14.284278",0.320191,59,0x4308,0xffff,0x8841,227,0x4308,0xfffc,0x1209,,,physicalInteraction7.pcapng
"Nov 28, 2023 17:54:14.603206",0.318928,59,0x4308,0xffff,0x8841,228,0x4308,0xfffc,0x1209,,,physicalInteraction7.pcapng
"Nov 28, 2023 17:54:15.259480",0.656274,104,0x5bb9,0xffff,0x8868,153,,,,,,physicalInteraction7.pcapng
"Nov 28, 2023 17:54:15.294532",0.035052,74,0x4e11,0xffff,0x8841,193,0x4e11,0xfffc,0x1209,,,physicalInteraction7.pcapng
"Nov 28, 2023 17:54:15.428581",0.134049,74,0xec7f,0xffff,0x8841,71,0xec7f,0xfffc,0x1209,,,physicalInteraction7.pcapng
"Nov 28, 2023 17:54:16.641657",1.213076,59,0x4308,0xffff,0x8841,229,0x4308,0xfffc,0x1209,,,physicalInteraction7.pcapng
"Nov 28, 2023 17:54:16.771630",0.129973,74,0x3d95,0xffff,0x8841,252,0x3d95,0xfffc,0x1209,,,physicalInteraction7.pcapng
"Nov 28, 2023 17:54:17.283177",0.511547,59,0x4308,0xffff,0x8841,231,0x4308,0xfffc,0x1209,,,physicalInteraction7.pcapng
"Nov 28, 2023 17:54:17.604068",0.320891,59,0x4308,0xffff,0x8841,232,0x4308,0xfffc,0x1209,,,physicalInteraction7.pcapng
"Nov 28, 2023 17:54:18.227712",0.623644,74,0x711c,0xffff,0x8841,94,0x711c,0xfffc,0x1209,,,physicalInteraction7.pcapng
"Nov 28, 2023 17:54:20.120414",1.892702,47,0x4308,0xffff,0x8841,233,,,,,,physicalInteraction7.pcapng
"Nov 28, 2023 17:54:23.024385",2.903971,74,0xe1a6,0xffff,0x8841,153,0xe1a6,0xfffc,0x1209,,,physicalInteraction7.pcapng
"Nov 28, 2023 17:54:23.561818",,59,,,,,,,,,,physicalInteraction7.pcapng
"Nov 28, 2023 17:54:23.564089",0.002271,5,,,0x0002,72,,,,,,physicalInteraction7.pcapng
"Nov 28, 2023 17:54:23.590272",,45,,,,,,,,,,physicalInteraction7.pcapng
"Nov 28, 2023 17:54:23.592082",0.001810,5,,,0x0002,24,,,,,,physicalInteraction7.pcapng
"Nov 28, 2023 17:54:23.604969",,49,,,,,,,,,,physicalInteraction7.pcapng
"Nov 28, 2023 17:54:23.606906",0.001937,5,,,0x0002,25,,,,,,physicalInteraction7.pcapng
"Nov 28, 2023 17:54:23.610242",,45,,,,,,,,,,physicalInteraction7.pcapng
"Nov 28, 2023 17:54:23.612065",0.001823,5,,,0x0002,73,,,,,,physicalInteraction7.pcapng
"Nov 28, 2023 17:54:24.086938",0.474873,71,0x0112,0xffff,0x8841,217,0x0112,0xfffc,0x1209,,,physicalInteraction7.pcapng
"Nov 28, 2023 17:54:24.565614",0.478676,74,0x0000,0xffff,0x8841,26,0x0000,0xfffc,0x1209,,,physicalInteraction7.pcapng
"Nov 28, 2023 17:54:25.025194",0.459580,65,0x1e15,0xffff,0x8841,136,0x1e15,0xfffc,0x1209,,,physicalInteraction7.pcapng
"Nov 28, 2023 17:54:25.135084",0.109890,53,0xb1bf,0x0000,0x8861,53,,,,,,physicalInteraction7.pcapng
"Nov 28, 2023 17:54:25.139739",,53,,,,,,,,,,physicalInteraction7.pcapng
"Nov 28, 2023 17:54:25.141818",0.002079,5,,,0x0002,53,,,,,,physicalInteraction7.pcapng
"Nov 28, 2023 17:54:25.154887",,45,,,,,,,,,,physicalInteraction7.pcapng
"Nov 28, 2023 17:54:25.156711",0.001824,5,,,0x0002,27,,,,,,physicalInteraction7.pcapng
"Nov 28, 2023 17:54:25.159778",,45,,,,,,,,,,physicalInteraction7.pcapng
"Nov 28, 2023 17:54:25.161559",0.001781,5,,,0x0002,95,,,,,,physicalInteraction7.pcapng
"Nov 28, 2023 17:54:25.969712",0.808153,59,0x4308,0xffff,0x8841,235,,,,,,physicalInteraction7.pcapng
"Nov 28, 2023 17:54:26.221381",0.251669,74,0xb1bf,0xffff,0x8841,54,0xb1bf,0xfffc,0x1209,,,physicalInteraction7.pcapng
"Nov 28, 2023 17:54:26.291126",0.069745,59,0x4308,0xffff,0x8841,236,0x4308,0xfffc,0x1209,,,physicalInteraction7.pcapng
"Nov 28, 2023 17:54:26.609671",0.318545,59,0x4308,0xffff,0x8841,237,0x4308,0xfffc,0x1209,,,physicalInteraction7.pcapng
"Nov 28, 2023 17:54:27.635561",,63,,,,,,,,,,physicalInteraction7.pcapng
"Nov 28, 2023 17:54:27.637960",0.002399,5,,,0x0002,55,,,,,,physicalInteraction7.pcapng
"Nov 28, 2023 17:54:27.684260",,50,,,,,,,,,,physicalInteraction7.pcapng
"Nov 28, 2023 17:54:27.686244",0.001984,5,,,0x0002,28,,,,,,physicalInteraction7.pcapng
"Nov 28, 2023 17:54:27.688733",,50,,,,,,,,,,physicalInteraction7.pcapng
"Nov 28, 2023 17:54:27.690684",0.001951,5,,,0x0002,96,,,,,,physicalInteraction7.pcapng
"Nov 28, 2023 17:54:27.695918",,45,,,,,,,,,,physicalInteraction7.pcapng
"Nov 28, 2023 17:54:27.697740",0.001822,5,,,0x0002,56,,,,,,physicalInteraction7.pcapng
"Nov 28, 2023 17:54:27.715703",,57,,,,,,,,,,physicalInteraction7.pcapng
"Nov 28, 2023 17:54:27.717910",0.002207,5,,,0x0002,57,,,,,,physicalInteraction7.pcapng
"Nov 28, 2023 17:54:27.757769",,50,,,,,,,,,,physicalInteraction7.pcapng
"Nov 28, 2023 17:54:27.759753",0.001984,5,,,0x0002,29,,,,,,physicalInteraction7.pcapng
"Nov 28, 2023 17:54:27.762432",,50,,,,,,,,,,physicalInteraction7.pcapng
"Nov 28, 2023 17:54:27.764383",0.001951,5,,,0x0002,97,,,,,,physicalInteraction7.pcapng
"Nov 28, 2023 17:54:27.769263",,45,,,,,,,,,,physicalInteraction7.pcapng
"Nov 28, 2023 17:54:27.771086",0.001823,5,,,0x0002,58,,,,,,physicalInteraction7.pcapng
"Nov 28, 2023 17:54:28.645966",0.874880,59,0x4308,0xffff,0x8841,238,0x4308,0xfffc,0x1209,,,physicalInteraction7.pcapng
"Nov 28, 2023 17:54:28.969759",0.323793,59,0x4308,0xffff,0x8841,239,0x4308,0xfffc,0x1209,,,physicalInteraction7.pcapng
"Nov 28, 2023 17:54:29.287349",0.317590,59,0x4308,0xffff,0x8841,240,0x4308,0xfffc,0x1209,,,physicalInteraction7.pcapng
"Nov 28, 2023 17:54:29.556615",0.269266,74,0xec7f,0xffff,0x8841,74,0xec7f,0xfffc,0x1209,,,physicalInteraction7.pcapng
"Nov 28, 2023 17:54:29.609100",0.052485,59,0x4308,0xffff,0x8841,241,0x4308,0xfffc,0x1209,,,physicalInteraction7.pcapng
"Nov 28, 2023 17:54:30.830191",1.221091,54,0x1f29,0x0000,0x8861,106,,,,,,physicalInteraction7.pcapng
"Nov 28, 2023 17:54:30.834658",,54,,,,,,,,,,physicalInteraction7.pcapng
"Nov 28, 2023 17:54:30.836768",0.002110,5,,,0x0002,106,,,,,,physicalInteraction7.pcapng
"Nov 28, 2023 17:54:31.007637",0.170869,74,0x5bb9,0xffff,0x8841,154,0x5bb9,0xfffc,0x1209,,,physicalInteraction7.pcapng
"Nov 28, 2023 17:54:31.736148",0.728511,74,0x3d95,0xffff,0x8841,253,0x3d95,0xfffc,0x1209,,,physicalInteraction7.pcapng
"Nov 28, 2023 17:54:31.790635",0.054487,74,0x4e11,0xffff,0x8841,194,0x4e11,0xfffc,0x1209,,,physicalInteraction7.pcapng
"Nov 28, 2023 17:54:34.661349",2.870714,74,0x711c,0xffff,0x8841,98,0x711c,0xfffc,0x1209,,,physicalInteraction7.pcapng
"Nov 28, 2023 17:54:37.646709",2.985360,59,0x4308,0xffff,0x8841,244,0x4308,0xfffc,0x1209,,,physicalInteraction7.pcapng
"Nov 28, 2023 17:54:37.914468",0.267759,74,0xe1a6,0xffff,0x8841,154,0xe1a6,0xfffc,0x1209,,,physicalInteraction7.pcapng
"Nov 28, 2023 17:54:37.974265",0.059797,59,0x4308,0xffff,0x8841,245,0x4308,0xfffc,0x1209,,,physicalInteraction7.pcapng
"Nov 28, 2023 17:54:38.294076",0.319811,59,0x4308,0xffff,0x8841,246,0x4308,0xfffc,0x1209,,,physicalInteraction7.pcapng
"Nov 28, 2023 17:54:38.614260",0.320184,59,0x4308,0xffff,0x8841,247,0x4308,0xfffc,0x1209,,,physicalInteraction7.pcapng
"Nov 28, 2023 17:54:39.083075",0.468815,71,0x0112,0xffff,0x8841,218,0x0112,0xfffc,0x1209,,,physicalInteraction7.pcapng
"Nov 28, 2023 17:54:39.930956",0.847881,65,0x1e15,0xffff,0x8841,137,0x1e15,0xfffc,0x1209,,,physicalInteraction7.pcapng
"Nov 28, 2023 17:54:39.982877",,52,,,,,,,,,,physicalInteraction7.pcapng
"Nov 28, 2023 17:54:39.984890",0.002013,5,,,0x0002,30,,,,,,physicalInteraction7.pcapng
"Nov 28, 2023 17:54:39.992752",,63,,,,,,,,,,physicalInteraction7.pcapng
"Nov 28, 2023 17:54:39.995151",0.002399,5,,,0x0002,155,,,,,,physicalInteraction7.pcapng
"Nov 28, 2023 17:54:40.017957",,52,,,,,,,,,,physicalInteraction7.pcapng
"Nov 28, 2023 17:54:40.019975",0.002018,5,,,0x0002,31,,,,,,physicalInteraction7.pcapng
"Nov 28, 2023 17:54:40.027697",,63,,,,,,,,,,physicalInteraction7.pcapng
"Nov 28, 2023 17:54:40.030096",0.002399,5,,,0x0002,254,,,,,,physicalInteraction7.pcapng
"Nov 28, 2023 17:54:40.030891",,45,,,,,,,,,,physicalInteraction7.pcapng
"Nov 28, 2023 17:54:40.032684",0.001793,5,,,0x0002,32,,,,,,physicalInteraction7.pcapng
"Nov 28, 2023 17:54:40.059033",,54,,,,,,,,,,physicalInteraction7.pcapng
"Nov 28, 2023 17:54:40.061110",0.002077,5,,,0x0002,33,,,,,,physicalInteraction7.pcapng
"Nov 28, 2023 17:54:40.069050",,66,,,,,,,,,,physicalInteraction7.pcapng
"Nov 28, 2023 17:54:40.071544",0.002494,5,,,0x0002,156,,,,,,physicalInteraction7.pcapng
"Nov 28, 2023 17:54:40.080444",,45,,,,,,,,,,physicalInteraction7.pcapng
"Nov 28, 2023 17:54:40.082237",0.001793,5,,,0x0002,34,,,,,,physicalInteraction7.pcapng
"Nov 28, 2023 17:54:40.091659",,54,,,,,,,,,,physicalInteraction7.pcapng
"Nov 28, 2023 17:54:40.093728",0.002069,5,,,0x0002,35,,,,,,physicalInteraction7.pcapng
"Nov 28, 2023 17:54:40.101464",,66,,,,,,,,,,physicalInteraction7.pcapng
"Nov 28, 2023 17:54:40.103959",0.002495,5,,,0x0002,255,,,,,,physicalInteraction7.pcapng
"Nov 28, 2023 17:54:40.107939",,54,,,,,,,,,,physicalInteraction7.pcapng
"Nov 28, 2023 17:54:40.110050",0.002111,5,,,0x0002,36,,,,,,physicalInteraction7.pcapng
"Nov 28, 2023 17:54:40.113398",,54,,,,,,,,,,physicalInteraction7.pcapng
"Nov 28, 2023 17:54:40.115478",0.002080,5,,,0x0002,99,,,,,,physicalInteraction7.pcapng
"Nov 28, 2023 17:54:40.122692",,66,,,,,,,,,,physicalInteraction7.pcapng
"Nov 28, 2023 17:54:40.125187",0.002495,5,,,0x0002,59,,,,,,physicalInteraction7.pcapng
"Nov 28, 2023 17:54:40.127917",,52,,,,,,,,,,physicalInteraction7.pcapng
"Nov 28, 2023 17:54:40.129964",0.002047,5,,,0x0002,37,,,,,,physicalInteraction7.pcapng
"Nov 28, 2023 17:54:40.134263",,52,,,,,,,,,,physicalInteraction7.pcapng
"Nov 28, 2023 17:54:40.136269",0.002006,5,,,0x0002,100,,,,,,physicalInteraction7.pcapng
"Nov 28, 2023 17:54:40.143454",0.007185,63,0xb1bf,0x0000,0x8861,60,,,,,,physicalInteraction7.pcapng
"Nov 28, 2023 17:54:40.148487",,63,,,,,,,,,,physicalInteraction7.pcapng
"Nov 28, 2023 17:54:40.150886",0.002399,5,,,0x0002,60,,,,,,physicalInteraction7.pcapng
"Nov 28, 2023 17:54:40.157427",,45,,,,,,,,,,physicalInteraction7.pcapng
"Nov 28, 2023 17:54:40.159220",0.001793,5,,,0x0002,38,,,,,,physicalInteraction7.pcapng
"Nov 28, 2023 17:54:40.165977",,45,,,,,,,,,,physicalInteraction7.pcapng
"Nov 28, 2023 17:54:40.167770",0.001793,5,,,0x0002,39,,,,,,physicalInteraction7.pcapng
"Nov 28, 2023 17:54:40.170804",,45,,,,,,,,,,physicalInteraction7.pcapng
"Nov 28, 2023 17:54:40.172587",0.001783,5,,,0x0002,39,,,,,,physicalInteraction7.pcapng
"Nov 28, 2023 17:54:40.176097",,45,,,,,,,,,,physicalInteraction7.pcapng
"Nov 28, 2023 17:54:40.177890",0.001793,5,,,0x0002,39,,,,,,physicalInteraction7.pcapng
"Nov 28, 2023 17:54:40.184032",,45,,,,,,,,,,physicalInteraction7.pcapng
"Nov 28, 2023 17:54:40.185855",0.001823,5,,,0x0002,40,,,,,,physicalInteraction7.pcapng
"Nov 28, 2023 17:54:40.189298",,45,,,,,,,,,,physicalInteraction7.pcapng
"Nov 28, 2023 17:54:40.191090",0.001792,5,,,0x0002,101,,,,,,physicalInteraction7.pcapng
"Nov 28, 2023 17:54:40.192246",,45,,,,,,,,,,physicalInteraction7.pcapng
"Nov 28, 2023 17:54:40.194070",0.001824,5,,,0x0002,41,,,,,,physicalInteraction7.pcapng
"Nov 28, 2023 17:54:40.198457",,45,,,,,,,,,,physicalInteraction7.pcapng
"Nov 28, 2023 17:54:40.200238",0.001781,5,,,0x0002,102,,,,,,physicalInteraction7.pcapng
"Nov 28, 2023 17:54:40.973428",0.773190,59,0x4308,0xffff,0x8841,249,0x4308,0xfffc,0x1209,,,physicalInteraction7.pcapng
"Nov 28, 2023 17:54:41.233576",0.260148,74,0xb1bf,0xffff,0x8841,61,0xb1bf,0xfffc,0x1209,,,physicalInteraction7.pcapng
"Nov 28, 2023 17:54:41.293294",0.059718,21,,,0x0015,119,,,,,,physicalInteraction7.pcapng
"Nov 28, 2023 17:54:41.611564",0.318270,59,0x4308,0xffff,0x8841,251,0x4308,0xfffc,0x1209,,,physicalInteraction7.pcapng
"Nov 28, 2023 17:54:41.675557",0.063993,74,0x0000,0xffff,0x8841,42,0x0000,0xfffc,0x1209,,,physicalInteraction7.pcapng
"Nov 28, 2023 17:54:42.386124",,60,,,,,,,,,,physicalInteraction7.pcapng
"Nov 28, 2023 17:54:42.388427",0.002303,5,,,0x0002,62,,,,,,physicalInteraction7.pcapng
"Nov 28, 2023 17:54:42.429823",,50,,,,,,,,,,physicalInteraction7.pcapng
"Nov 28, 2023 17:54:42.431807",0.001984,5,,,0x0002,43,,,,,,physicalInteraction7.pcapng
"Nov 28, 2023 17:54:42.434797",,50,,,,,,,,,,physicalInteraction7.pcapng
"Nov 28, 2023 17:54:42.436751",0.001954,5,,,0x0002,103,,,,,,physicalInteraction7.pcapng
"Nov 28, 2023 17:54:42.441553",,45,,,,,,,,,,physicalInteraction7.pcapng
"Nov 28, 2023 17:54:42.443376",0.001823,5,,,0x0002,63,,,,,,physicalInteraction7.pcapng
"Nov 28, 2023 17:54:46.851103",4.407727,107,0x3d95,0xffff,0x886b,0,,,,,,physicalInteraction7.pcapng
"Nov 28, 2023 17:54:47.426755",0.575652,74,0xec7f,0xffff,0x8841,75,0xec7f,0xfffc,0x1209,,,physicalInteraction7.pcapng
"Nov 28, 2023 17:54:47.493752",0.066997,74,0x5bb9,0xffff,0x8841,155,0x5bb9,0xfffc,0x1209,,,physicalInteraction7.pcapng
"Nov 28, 2023 17:54:47.719537",0.225785,74,0x4e11,0xffff,0x8841,195,0x4e11,0xfffc,0x1209,,,physicalInteraction7.pcapng
"Nov 28, 2023 17:54:49.651623",1.932086,59,0x255d,0xffff,0x8841,252,,,,,,physicalInteraction7.pcapng
"Nov 28, 2023 17:54:50.202729",0.551106,74,0x711c,0xffff,0x8841,104,0x711c,0xfffc,0x1209,,,physicalInteraction7.pcapng
"Nov 28, 2023 17:54:50.216563",0.013834,47,0x4308,0xffff,0x8841,254,,,,,,physicalInteraction7.pcapng
"Nov 28, 2023 17:54:50.619292",0.402729,59,,,,,,,,,,physicalInteraction7.pcapng
"Nov 28, 2023 17:54:51.262667",,57,,,,,,,,,,physicalInteraction7.pcapng
"Nov 28, 2023 17:54:51.264874",0.002207,5,,,0x0002,225,,,,,,physicalInteraction7.pcapng
"Nov 28, 2023 17:54:52.941655",1.676781,74,0xe1a6,0xffff,0x8841,157,0xe1a6,0xfffc,0x1209,,,physicalInteraction7.pcapng
"Nov 28, 2023 17:54:52.978558",0.036903,59,0x4308,0xffff,0x8841,2,0x4308,0xfffc,0x1209,,,physicalInteraction7.pcapng
"Nov 28, 2023 17:54:53.298051",0.319493,59,0x4308,0xffff,0x8841,3,0x4308,0xfffc,0x1209,,,physicalInteraction7.pcapng
"Nov 28, 2023 17:54:53.617255",0.319204,59,0x4308,0xffff,0x8841,4,,,,,,physicalInteraction7.pcapng
"Nov 28, 2023 17:54:54.092013",0.474758,71,0x0112,0xffff,0x8841,219,0x0112,0xfffc,0x1209,,,physicalInteraction7.pcapng
"Nov 28, 2023 17:54:54.739353",,60,,,,,,,,,,physicalInteraction7.pcapng
"Nov 28, 2023 17:54:54.741656",0.002303,5,,,0x0002,158,,,,,,physicalInteraction7.pcapng
"Nov 28, 2023 17:54:54.781346",,50,,,,,,,,,,physicalInteraction7.pcapng
"Nov 28, 2023 17:54:54.783297",0.001951,5,,,0x0002,44,,,,,,physicalInteraction7.pcapng
"Nov 28, 2023 17:54:54.788622",,45,,,,,,,,,,physicalInteraction7.pcapng
"Nov 28, 2023 17:54:54.790444",0.001822,5,,,0x0002,159,,,,,,physicalInteraction7.pcapng
"Nov 28, 2023 17:54:54.801589",,53,,,,,,,,,,physicalInteraction7.pcapng
"Nov 28, 2023 17:54:54.803626",0.002037,5,,,0x0002,170,,,,,,physicalInteraction7.pcapng
"Nov 28, 2023 17:54:54.807556",,53,,,,,,,,,,physicalInteraction7.pcapng
"Nov 28, 2023 17:54:54.809635",0.002079,5,,,0x0002,160,,,,,,physicalInteraction7.pcapng
"Nov 28, 2023 17:54:54.814062",,53,,,,,,,,,,physicalInteraction7.pcapng
"Nov 28, 2023 17:54:54.816109",0.002047,5,,,0x0002,171,,,,,,physicalInteraction7.pcapng
"Nov 28, 2023 17:54:54.819805",,53,,,,,,,,,,physicalInteraction7.pcapng
"Nov 28, 2023 17:54:54.821883",0.002078,5,,,0x0002,161,,,,,,physicalInteraction7.pcapng
"Nov 28, 2023 17:54:54.935624",0.113741,65,0x1e15,0xffff,0x8841,138,0x1e15,0xfffc,0x1209,,,physicalInteraction7.pcapng
"Nov 28, 2023 17:54:55.320352",0.384728,12,0x4615,0xe1a6,0x8863,172,,,,,,physicalInteraction7.pcapng
"Nov 28, 2023 17:54:55.321089",0.000737,5,,,0x0002,172,,,,,,physicalInteraction7.pcapng
"Nov 28, 2023 17:54:56.153290",0.832201,74,0xb1bf,0xffff,0x8841,64,0xb1bf,0xfffc,0x1209,,,physicalInteraction7.pcapng
"Nov 28, 2023 17:54:58.199717",,54,,,,,,,,,,physicalInteraction7.pcapng
"Nov 28, 2023 17:54:58.201828",0.002111,5,,,0x0002,191,,,,,,physicalInteraction7.pcapng
"Nov 28, 2023 17:54:58.209660",0.007832,57,0x711c,0x0000,0x8861,105,0xd0bb,0x0000,0x1a09,,,physicalInteraction7.pcapng
"Nov 28, 2023 17:54:58.211867",0.002207,5,,,0x0002,105,,,,,,physicalInteraction7.pcapng
"Nov 28, 2023 17:54:58.253406",,54,,,,,,,,,,physicalInteraction7.pcapng
"Nov 28, 2023 17:54:58.255516",0.002110,5,,,0x0002,106,,,,,,physicalInteraction7.pcapng
"Nov 28, 2023 17:54:59.058935",0.803419,74,0x0000,0xffff,0x8841,45,0x0000,0xfffc,0x1209,,,physicalInteraction7.pcapng
"Nov 28, 2023 17:55:01.652248",2.593313,59,0x4308,0xffff,0x8841,5,,,,,,physicalInteraction7.pcapng
"Nov 28, 2023 17:55:01.784338",0.132090,74,0x3d95,0xffff,0x8841,1,0x3d95,0xfffc,0x1209,,,physicalInteraction7.pcapng
"Nov 28, 2023 17:55:01.973895",0.189557,59,0x4308,0xffff,0x8841,6,,,,,,physicalInteraction7.pcapng
"Nov 28, 2023 17:55:02.302922",0.329027,59,0x4308,0xffff,0x8841,7,,,,,,physicalInteraction7.pcapng
"Nov 28, 2023 17:55:02.622513",0.319591,59,0x4308,0xffff,0x8841,8,0x4308,0xfffc,0x1209,,,physicalInteraction7.pcapng
"Nov 28, 2023 17:55:02.780270",0.157757,74,0x5bb9,0xffff,0x8841,156,0x5bb9,0xfffc,0x1209,,,physicalInteraction7.pcapng
"Nov 28, 2023 17:55:03.327589",0.547319,74,0x4e11,0xffff,0x8841,196,0x4e11,0xfffc,0x1209,,,physicalInteraction7.pcapng
"Nov 28, 2023 17:55:04.653518",1.325929,59,0x4308,0xffff,0x8841,9,0x4308,0xfffc,0x1209,,,physicalInteraction7.pcapng
"Nov 28, 2023 17:55:04.993067",0.339549,74,0xec7f,0xffff,0x8841,76,0xec7f,0xfffc,0x1209,,,physicalInteraction7.pcapng
"Nov 28, 2023 17:55:05.300390",0.307323,59,0x4308,0xffff,0x8841,11,0x4308,0xfffc,0x1209,,,physicalInteraction7.pcapng
"Nov 28, 2023 17:55:05.339445",0.039055,47,0x4308,0xffff,0x8841,12,0x4308,0xfffc,0x1209,,,physicalInteraction7.pcapng
"Nov 28, 2023 17:55:05.620262",0.280817,59,0x4308,0xffff,0x8841,13,0x4308,0xfffc,0x1209,,,physicalInteraction7.pcapng
"Nov 28, 2023 17:55:06.679439",1.059177,74,0x711c,0xffff,0x8841,107,0x711c,0xfffc,0x1209,,,physicalInteraction7.pcapng
"Nov 28, 2023 17:55:07.948414",1.268975,74,0xe1a6,0xffff,0x8841,162,0xe1a6,0xfffc,0x1209,,,physicalInteraction7.pcapng
"Nov 28, 2023 17:55:09.096152",1.147738,71,0x0112,0xffff,0x8841,220,0x0112,0xfffc,0x1209,,,physicalInteraction7.pcapng
"Nov 28, 2023 17:55:09.927320",0.831168,65,0x1e15,0xffff,0x8841,139,0x1e15,0xfffc,0x1209,,,physicalInteraction7.pcapng
"Nov 28, 2023 17:55:09.980628",,52,,,,,,,,,,physicalInteraction7.pcapng
"Nov 28, 2023 17:55:09.982646",0.002018,5,,,0x0002,46,,,,,,physicalInteraction7.pcapng
"Nov 28, 2023 17:55:09.990376",,63,,,,,,,,,,physicalInteraction7.pcapng
"Nov 28, 2023 17:55:09.992774",0.002398,5,,,0x0002,163,,,,,,physicalInteraction7.pcapng
"Nov 28, 2023 17:55:10.015978",,52,,,,,,,,,,physicalInteraction7.pcapng
"Nov 28, 2023 17:55:10.017984",0.002006,5,,,0x0002,47,,,,,,physicalInteraction7.pcapng
"Nov 28, 2023 17:55:10.025790",,63,,,,,,,,,,physicalInteraction7.pcapng
"Nov 28, 2023 17:55:10.028189",0.002399,5,,,0x0002,2,,,,,,physicalInteraction7.pcapng
"Nov 28, 2023 17:55:10.029001",,45,,,,,,,,,,physicalInteraction7.pcapng
"Nov 28, 2023 17:55:10.030794",0.001793,5,,,0x0002,48,,,,,,physicalInteraction7.pcapng
"Nov 28, 2023 17:55:10.051351",,54,,,,,,,,,,physicalInteraction7.pcapng
"Nov 28, 2023 17:55:10.053433",0.002082,5,,,0x0002,49,,,,,,physicalInteraction7.pcapng
"Nov 28, 2023 17:55:10.061251",,66,,,,,,,,,,physicalInteraction7.pcapng
"Nov 28, 2023 17:55:10.063746",0.002495,5,,,0x0002,164,,,,,,physicalInteraction7.pcapng
"Nov 28, 2023 17:55:10.066475",,45,,,,,,,,,,physicalInteraction7.pcapng
"Nov 28, 2023 17:55:10.068269",0.001794,5,,,0x0002,50,,,,,,physicalInteraction7.pcapng
"Nov 28, 2023 17:55:10.091347",,54,,,,,,,,,,physicalInteraction7.pcapng
"Nov 28, 2023 17:55:10.093428",0.002081,5,,,0x0002,51,,,,,,physicalInteraction7.pcapng
"Nov 28, 2023 17:55:10.101183",,66,,,,,,,,,,physicalInteraction7.pcapng
"Nov 28, 2023 17:55:10.103677",0.002494,5,,,0x0002,3,,,,,,physicalInteraction7.pcapng
"Nov 28, 2023 17:55:10.107520",,54,,,,,,,,,,physicalInteraction7.pcapng
"Nov 28, 2023 17:55:10.109631",0.002111,5,,,0x0002,52,,,,,,physicalInteraction7.pcapng
"Nov 28, 2023 17:55:10.113755",,54,,,,,,,,,,physicalInteraction7.pcapng
"Nov 28, 2023 17:55:10.115835",0.002080,5,,,0x0002,108,,,,,,physicalInteraction7.pcapng
"Nov 28, 2023 17:55:10.123149",,66,,,,,,,,,,physicalInteraction7.pcapng
"Nov 28, 2023 17:55:10.125644",0.002495,5,,,0x0002,65,,,,,,physicalInteraction7.pcapng
"Nov 28, 2023 17:55:10.128568",,45,,,,,,,,,,physicalInteraction7.pcapng
"Nov 28, 2023 17:55:10.130360",0.001792,5,,,0x0002,53,,,,,,physicalInteraction7.pcapng
"Nov 28, 2023 17:55:10.141484",,52,,,,,,,,,,physicalInteraction7.pcapng
"Nov 28, 2023 17:55:10.143531",0.002047,5,,,0x0002,54,,,,,,physicalInteraction7.pcapng
"Nov 28, 2023 17:55:10.146514",,52,,,,,,,,,,physicalInteraction7.pcapng
"Nov 28, 2023 17:55:10.148530",0.002016,5,,,0x0002,109,,,,,,physicalInteraction7.pcapng
"Nov 28, 2023 17:55:10.152525",,45,,,,,,,,,,physicalInteraction7.pcapng
"Nov 28, 2023 17:55:10.154318",0.001793,5,,,0x0002,55,,,,,,physicalInteraction7.pcapng
"Nov 28, 2023 17:55:10.155704",,63,,,,,,,,,,physicalInteraction7.pcapng
"Nov 28, 2023 17:55:10.158766",,45,,,,,,,,,,physicalInteraction7.pcapng
"Nov 28, 2023 17:55:10.160590",0.001824,5,,,0x0002,56,,,,,,physicalInteraction7.pcapng
"Nov 28, 2023 17:55:10.163381",,45,,,,,,,,,,physicalInteraction7.pcapng
"Nov 28, 2023 17:55:10.165175",0.001794,5,,,0x0002,110,,,,,,physicalInteraction7.pcapng
"Nov 28, 2023 17:55:10.168894",,63,,,,,,,,,,physicalInteraction7.pcapng
"Nov 28, 2023 17:55:10.171293",0.002399,5,,,0x0002,66,,,,,,physicalInteraction7.pcapng
"Nov 28, 2023 17:55:10.186468",,45,,,,,,,,,,physicalInteraction7.pcapng
"Nov 28, 2023 17:55:10.188291",0.001823,5,,,0x0002,57,,,,,,physicalInteraction7.pcapng
"Nov 28, 2023 17:55:10.190744",,45,,,,,,,,,,physicalInteraction7.pcapng
"Nov 28, 2023 17:55:10.192536",0.001792,5,,,0x0002,111,,,,,,physicalInteraction7.pcapng
"Nov 28, 2023 17:55:11.156125",0.963589,74,0xb1bf,0xffff,0x8841,67,0xb1bf,0xfffc,0x1209,,,physicalInteraction7.pcapng
"Nov 28, 2023 17:55:11.874732",,63,,,,,,,,,,physicalInteraction7.pcapng
"Nov 28, 2023 17:55:11.877130",0.002398,5,,,0x0002,4,,,,,,physicalInteraction7.pcapng
"Nov 28, 2023 17:55:11.923301",,50,,,,,,,,,,physicalInteraction7.pcapng
"Nov 28, 2023 17:55:11.928853",,50,,,,,,,,,,physicalInteraction7.pcapng
"Nov 28, 2023 17:55:11.933514",,50,,,,,,,,,,physicalInteraction7.pcapng
"Nov 28, 2023 17:55:11.937062",,50,,,,,,,,,,physicalInteraction7.pcapng
"Nov 28, 2023 17:55:11.939561",,45,,,,,,,,,,physicalInteraction7.pcapng
"Nov 28, 2023 17:55:11.941384",0.001823,5,,,0x0002,5,,,,,,physicalInteraction7.pcapng
"Nov 28, 2023 17:55:11.945441",,57,,,,,,,,,,physicalInteraction7.pcapng
"Nov 28, 2023 17:55:11.947648",0.002207,5,,,0x0002,6,,,,,,physicalInteraction7.pcapng
"Nov 28, 2023 17:55:11.988539",,50,,,,,,,,,,physicalInteraction7.pcapng
"Nov 28, 2023 17:55:11.990494",0.001955,5,,,0x0002,59,,,,,,physicalInteraction7.pcapng
"Nov 28, 2023 17:55:11.995778",,45,,,,,,,,,,physicalInteraction7.pcapng
"Nov 28, 2023 17:55:11.997601",0.001823,5,,,0x0002,7,,,,,,physicalInteraction7.pcapng
"Nov 28, 2023 17:55:14.358558",2.360957,57,0x4308,0xffff,0x8841,17,,,,,,physicalInteraction7.pcapng
"Nov 28, 2023 17:55:14.615720",0.257162,59,0x4308,0xffff,0x8841,18,0x4308,0xfffc,0x1209,,,physicalInteraction7.pcapng
"Nov 28, 2023 17:55:14.977406",0.361686,57,0x4308,0xffff,0x8841,19,0x4308,0xfffd,0x0208,,,physicalInteraction7.pcapng
"Nov 28, 2023 17:55:15.717098",0.739692,74,0x0000,0xffff,0x8841,60,0x0000,0xfffc,0x1209,,,physicalInteraction7.pcapng
"Nov 28, 2023 17:55:16.653630",0.936532,59,0x4308,0xffff,0x8841,20,0x4308,0xfffc,0x1209,,,physicalInteraction7.pcapng
"Nov 28, 2023 17:55:16.859664",0.206034,74,0x3d95,0xffff,0x8841,8,0x3d95,0xfffc,0x1209,,,physicalInteraction7.pcapng
"Nov 28, 2023 17:55:17.295957",0.436293,59,0x4308,0xffff,0x8841,22,,,,,,physicalInteraction7.pcapng
"Nov 28, 2023 17:55:17.450154",0.154197,74,0x5bb9,0xffff,0x8841,157,0x5bb9,0xfffc,0x1209,,,physicalInteraction7.pcapng
"Nov 28, 2023 17:55:17.616794",0.166640,59,0x4308,0xffff,0x8841,23,0x4308,0xfffc,0x1209,,,physicalInteraction7.pcapng
"Nov 28, 2023 17:55:20.549409",2.932615,74,0x4e11,0xffff,0x8841,197,0x4e11,0xfffc,0x1209,,,physicalInteraction7.pcapng
"Nov 28, 2023 17:55:21.287630",0.738221,74,0xec7f,0xffff,0x8841,77,0xec7f,0xfffc,0x1209,,,physicalInteraction7.pcapng
"Nov 28, 2023 17:55:22.432404",1.144774,74,0x711c,0xffff,0x8841,112,0x711c,0xfffc,0x1209,,,physicalInteraction7.pcapng
"Nov 28, 2023 17:55:22.922796",0.490392,74,0xe1a6,0xffff,0x8841,165,0xe1a6,0xfffc,0x1209,,,physicalInteraction7.pcapng
"Nov 28, 2023 17:55:23.872040",,57,,,,,,,,,,physicalInteraction7.pcapng
"Nov 28, 2023 17:55:23.874247",0.002207,5,,,0x0002,226,,,,,,physicalInteraction7.pcapng
"Nov 28, 2023 17:55:24.087169",0.212922,71,0x0112,0xffff,0x8841,221,0x0112,0xfffc,0x1209,,,physicalInteraction7.pcapng
"Nov 28, 2023 17:55:25.001042",0.913873,65,0x1e15,0xffff,0x8841,140,0x1e15,0xfffc,0x1209,,,physicalInteraction7.pcapng
"Nov 28, 2023 17:55:25.655149",0.654107,59,0x4308,0xffff,0x8841,25,,,,,,physicalInteraction7.pcapng
"Nov 28, 2023 17:55:25.980496",0.325347,59,0x4678,0xffff,0x8841,90,,,,,,physicalInteraction7.pcapng
"Nov 28, 2023 17:55:26.143236",,53,,,,,,,,,,physicalInteraction7.pcapng
"Nov 28, 2023 17:55:26.145315",0.002079,5,,,0x0002,68,,,,,,physicalInteraction7.pcapng
"Nov 28, 2023 17:55:26.158740",,45,,,,,,,,,,physicalInteraction7.pcapng
"Nov 28, 2023 17:55:26.160564",0.001824,5,,,0x0002,61,,,,,,physicalInteraction7.pcapng
"Nov 28, 2023 17:55:26.164625",,45,,,,,,,,,,physicalInteraction7.pcapng
"Nov 28, 2023 17:55:26.166417",0.001792,5,,,0x0002,113,,,,,,physicalInteraction7.pcapng
"Nov 28, 2023 17:55:26.265651",0.099234,74,0xb1bf,0xffff,0x8841,69,0xb1bf,0xfffc,0x1209,,,physicalInteraction7.pcapng
"Nov 28, 2023 17:55:28.659220",2.393569,59,0x4308,0xffff,0x8841,29,,,,,,physicalInteraction7.pcapng
"Nov 28, 2023 17:55:28.980009",0.320789,59,0x4308,0xffff,0x8841,30,,,,,,physicalInteraction7.pcapng
"Nov 28, 2023 17:55:29.299549",0.319540,59,0x4308,0xffff,0x8841,31,,,,,,physicalInteraction7.pcapng
"Nov 28, 2023 17:55:29.619104",0.319555,59,0x4308,0xffff,0x8841,32,0x4308,0xfffc,0x1209,,,physicalInteraction7.pcapng
"Nov 28, 2023 17:55:30.117510",,50,,,,,,,,,,physicalInteraction7.pcapng
"Nov 28, 2023 17:55:30.121940",,50,,,,,,,,,,physicalInteraction7.pcapng
"Nov 28, 2023 17:55:30.126868",,50,,,,,,,,,,physicalInteraction7.pcapng
"Nov 28, 2023 17:55:30.131848",,50,,,,,,,,,,physicalInteraction7.pcapng
"Nov 28, 2023 17:55:30.182594",,50,,,,,,,,,,physicalInteraction7.pcapng
"Nov 28, 2023 17:55:30.186434",,50,,,,,,,,,,physicalInteraction7.pcapng
"Nov 28, 2023 17:55:30.189608",,50,,,,,,,,,,physicalInteraction7.pcapng
"Nov 28, 2023 17:55:30.193521",,50,,,,,,,,,,physicalInteraction7.pcapng
"Nov 28, 2023 17:55:30.236275",,50,,,,,,,,,,physicalInteraction7.pcapng
"Nov 28, 2023 17:55:30.241440",,50,,,,,,,,,,physicalInteraction7.pcapng
"Nov 28, 2023 17:55:30.250137",,50,,,,,,,,,,physicalInteraction7.pcapng
"Nov 28, 2023 17:55:30.254088",,50,,,,,,,,,,physicalInteraction7.pcapng
"Nov 28, 2023 17:55:30.289052",,50,,,,,,,,,,physicalInteraction7.pcapng
"Nov 28, 2023 17:55:30.292086",,50,,,,,,,,,,physicalInteraction7.pcapng
"Nov 28, 2023 17:55:30.295425",,50,,,,,,,,,,physicalInteraction7.pcapng
"Nov 28, 2023 17:55:30.299659",,50,,,,,,,,,,physicalInteraction7.pcapng
"Nov 28, 2023 17:55:30.341767",,50,,,,,,,,,,physicalInteraction7.pcapng
"Nov 28, 2023 17:55:30.357240",,50,,,,,,,,,,physicalInteraction7.pcapng
"Nov 28, 2023 17:55:30.362753",,50,,,,,,,,,,physicalInteraction7.pcapng
"Nov 28, 2023 17:55:30.366774",,50,,,,,,,,,,physicalInteraction7.pcapng
"Nov 28, 2023 17:55:30.429002",,50,,,,,,,,,,physicalInteraction7.pcapng
"Nov 28, 2023 17:55:30.433516",,50,,,,,,,,,,physicalInteraction7.pcapng
"Nov 28, 2023 17:55:30.437163",,50,,,,,,,,,,physicalInteraction7.pcapng
"Nov 28, 2023 17:55:30.441936",,50,,,,,,,,,,physicalInteraction7.pcapng
"Nov 28, 2023 17:55:30.484316",,50,,,,,,,,,,physicalInteraction7.pcapng
"Nov 28, 2023 17:55:30.487669",,50,,,,,,,,,,physicalInteraction7.pcapng
"Nov 28, 2023 17:55:30.491648",,50,,,,,,,,,,physicalInteraction7.pcapng
"Nov 28, 2023 17:55:30.495716",,50,,,,,,,,,,physicalInteraction7.pcapng
"Nov 28, 2023 17:55:30.531563",,50,,,,,,,,,,physicalInteraction7.pcapng
"Nov 28, 2023 17:55:30.536088",,50,,,,,,,,,,physicalInteraction7.pcapng
"Nov 28, 2023 17:55:30.539956",,50,,,,,,,,,,physicalInteraction7.pcapng
"Nov 28, 2023 17:55:30.543769",,50,,,,,,,,,,physicalInteraction7.pcapng
"Nov 28, 2023 17:55:30.584747",,50,,,,,,,,,,physicalInteraction7.pcapng
"Nov 28, 2023 17:55:30.588267",,50,,,,,,,,,,physicalInteraction7.pcapng
"Nov 28, 2023 17:55:30.592820",,50,,,,,,,,,,physicalInteraction7.pcapng
"Nov 28, 2023 17:55:30.596368",,50,,,,,,,,,,physicalInteraction7.pcapng
"Nov 28, 2023 17:55:30.631643",,50,,,,,,,,,,physicalInteraction7.pcapng
"Nov 28, 2023 17:55:30.636664",,50,,,,,,,,,,physicalInteraction7.pcapng
"Nov 28, 2023 17:55:30.641004",,50,,,,,,,,,,physicalInteraction7.pcapng
"Nov 28, 2023 17:55:30.644650",,50,,,,,,,,,,physicalInteraction7.pcapng
"Nov 28, 2023 17:55:31.766774",1.122124,74,0x3d95,0xffff,0x8841,9,0x3d95,0xfffc,0x1209,,,physicalInteraction7.pcapng
"Nov 28, 2023 17:55:33.378687",1.611913,74,0x0000,0xffff,0x8841,72,0x0000,0xfffc,0x1209,,,physicalInteraction7.pcapng
"Nov 28, 2023 17:55:33.736950",0.358263,74,0x5bb9,0xffff,0x8841,158,0x5bb9,0xfffc,0x1209,,,physicalInteraction7.pcapng
"Nov 28, 2023 17:55:36.488052",2.751102,74,0xec7f,0xffff,0x8841,78,0xec7f,0xfffc,0x1209,,,physicalInteraction7.pcapng
"Nov 28, 2023 17:55:37.661056",1.173004,59,0x4308,0xffff,0x8841,34,,,,,,physicalInteraction7.pcapng
"Nov 28, 2023 17:55:37.795820",0.134764,74,0x4e11,0xffff,0x8841,198,0x4e11,0xfffc,0x1209,,,physicalInteraction7.pcapng
"Nov 28, 2023 17:55:38.019068",0.223248,74,0xe1a6,0xffff,0x8841,166,0xe1a6,0xfffc,0x1209,,,physicalInteraction7.pcapng
"Nov 28, 2023 17:55:38.306939",0.287871,59,0x4308,0xffff,0x8841,36,0x4308,0xfffc,0x1209,,,physicalInteraction7.pcapng
"Nov 28, 2023 17:55:39.089065",0.782126,71,0x0112,0xffff,0x8841,222,0x0112,0xfffc,0x1209,,,physicalInteraction7.pcapng
"Nov 28, 2023 17:55:39.838988",0.749923,74,0x711c,0xffff,0x8841,114,0x711c,0xfffc,0x1209,,,physicalInteraction7.pcapng
"Nov 28, 2023 17:55:39.973628",0.134640,65,0x1e15,0xffff,0x8841,141,0x1e15,0xfffc,0x1209,,,physicalInteraction7.pcapng
"Nov 28, 2023 17:55:39.987814",,52,,,,,,,,,,physicalInteraction7.pcapng
"Nov 28, 2023 17:55:39.989824",0.002010,5,,,0x0002,73,,,,,,physicalInteraction7.pcapng
"Nov 28, 2023 17:55:39.997697",,63,,,,,,,,,,physicalInteraction7.pcapng
"Nov 28, 2023 17:55:40.000096",0.002399,5,,,0x0002,167,,,,,,physicalInteraction7.pcapng
"Nov 28, 2023 17:55:40.021374",,52,,,,,,,,,,physicalInteraction7.pcapng
"Nov 28, 2023 17:55:40.023386",0.002012,5,,,0x0002,74,,,,,,physicalInteraction7.pcapng
"Nov 28, 2023 17:55:40.031015",,63,,,,,,,,,,physicalInteraction7.pcapng
"Nov 28, 2023 17:55:40.033414",0.002399,5,,,0x0002,10,,,,,,physicalInteraction7.pcapng
"Nov 28, 2023 17:55:40.039566",,45,,,,,,,,,,physicalInteraction7.pcapng
"Nov 28, 2023 17:55:40.041349",0.001783,5,,,0x0002,75,,,,,,physicalInteraction7.pcapng
"Nov 28, 2023 17:55:40.058067",,54,,,,,,,,,,physicalInteraction7.pcapng
"Nov 28, 2023 17:55:40.060147",0.002080,5,,,0x0002,76,,,,,,physicalInteraction7.pcapng
"Nov 28, 2023 17:55:40.068305",,66,,,,,,,,,,physicalInteraction7.pcapng
"Nov 28, 2023 17:55:40.070800",0.002495,5,,,0x0002,168,,,,,,physicalInteraction7.pcapng
"Nov 28, 2023 17:55:40.080080",,54,,,,,,,,,,physicalInteraction7.pcapng
"Nov 28, 2023 17:55:40.082161",0.002081,5,,,0x0002,77,,,,,,physicalInteraction7.pcapng
"Nov 28, 2023 17:55:40.090129",,66,,,,,,,,,,physicalInteraction7.pcapng
"Nov 28, 2023 17:55:40.092624",0.002495,5,,,0x0002,11,,,,,,physicalInteraction7.pcapng
"Nov 28, 2023 17:55:40.099261",,45,,,,,,,,,,physicalInteraction7.pcapng
"Nov 28, 2023 17:55:40.101053",0.001792,5,,,0x0002,78,,,,,,physicalInteraction7.pcapng
"Nov 28, 2023 17:55:40.110527",,54,,,,,,,,,,physicalInteraction7.pcapng
"Nov 28, 2023 17:55:40.112638",0.002111,5,,,0x0002,79,,,,,,physicalInteraction7.pcapng
"Nov 28, 2023 17:55:40.115427",,54,,,,,,,,,,physicalInteraction7.pcapng
"Nov 28, 2023 17:55:40.117507",0.002080,5,,,0x0002,115,,,,,,physicalInteraction7.pcapng
"Nov 28, 2023 17:55:40.122928",,52,,,,,,,,,,physicalInteraction7.pcapng
"Nov 28, 2023 17:55:40.124975",0.002047,5,,,0x0002,80,,,,,,physicalInteraction7.pcapng
"Nov 28, 2023 17:55:40.128438",,52,,,,,,,,,,physicalInteraction7.pcapng
"Nov 28, 2023 17:55:40.134155",,52,,,,,,,,,,physicalInteraction7.pcapng
"Nov 28, 2023 17:55:40.138534",,52,,,,,,,,,,physicalInteraction7.pcapng
"Nov 28, 2023 17:55:40.144670",,52,,,,,,,,,,physicalInteraction7.pcapng
"Nov 28, 2023 17:55:40.146903",,45,,,,,,,,,,physicalInteraction7.pcapng
"Nov 28, 2023 17:55:40.148690",0.001787,5,,,0x0002,81,,,,,,physicalInteraction7.pcapng
"Nov 28, 2023 17:55:40.152363",0.003673,107,0xb1bf,0x0000,0x886b,71,,,,,,physicalInteraction7.pcapng
"Nov 28, 2023 17:55:40.157060",,45,,,,,,,,,,physicalInteraction7.pcapng
"Nov 28, 2023 17:55:40.158852",0.001792,5,,,0x0002,82,,,,,,physicalInteraction7.pcapng
"Nov 28, 2023 17:55:40.162461",,66,,,,,,,,,,physicalInteraction7.pcapng
"Nov 28, 2023 17:55:40.164956",0.002495,5,,,0x0002,71,,,,,,physicalInteraction7.pcapng
"Nov 28, 2023 17:55:40.166305",,52,,,,,,,,,,physicalInteraction7.pcapng
"Nov 28, 2023 17:55:40.168314",0.002009,5,,,0x0002,117,,,,,,physicalInteraction7.pcapng
"Nov 28, 2023 17:55:40.170367",,66,,,,,,,,,,physicalInteraction7.pcapng
"Nov 28, 2023 17:55:40.172862",0.002495,5,,,0x0002,72,,,,,,physicalInteraction7.pcapng
"Nov 28, 2023 17:55:40.183251",0.010389,63,0xb1bf,0x0000,0x8861,73,,,,,,physicalInteraction7.pcapng
"Nov 28, 2023 17:55:40.188300",,63,,,,,,,,,,physicalInteraction7.pcapng
"Nov 28, 2023 17:55:40.190699",0.002399,5,,,0x0002,73,,,,,,physicalInteraction7.pcapng
"Nov 28, 2023 17:55:40.195709",,45,,,,,,,,,,physicalInteraction7.pcapng
"Nov 28, 2023 17:55:40.197533",0.001824,5,,,0x0002,83,,,,,,physicalInteraction7.pcapng
"Nov 28, 2023 17:55:40.200362",,45,,,,,,,,,,physicalInteraction7.pcapng
"Nov 28, 2023 17:55:40.202155",0.001793,5,,,0x0002,118,,,,,,physicalInteraction7.pcapng
"Nov 28, 2023 17:55:40.207382",,45,,,,,,,,,,physicalInteraction7.pcapng
"Nov 28, 2023 17:55:40.209205",0.001823,5,,,0x0002,84,,,,,,physicalInteraction7.pcapng
"Nov 28, 2023 17:55:40.213857",,45,,,,,,,,,,physicalInteraction7.pcapng
"Nov 28, 2023 17:55:40.217508",,45,,,,,,,,,,physicalInteraction7.pcapng
"Nov 28, 2023 17:55:40.219331",0.001823,5,,,0x0002,85,,,,,,physicalInteraction7.pcapng
"Nov 28, 2023 17:55:40.224996",,45,,,,,,,,,,physicalInteraction7.pcapng
"Nov 28, 2023 17:55:40.226788",0.001792,5,,,0x0002,119,,,,,,physicalInteraction7.pcapng
"Nov 28, 2023 17:55:40.229424",,45,,,,,,,,,,physicalInteraction7.pcapng
"Nov 28, 2023 17:55:40.231207",0.001783,5,,,0x0002,120,,,,,,physicalInteraction7.pcapng
"Nov 28, 2023 17:55:40.662802",0.431595,59,0x4306,0xffff,0x8841,38,,,,,,physicalInteraction7.pcapng
"Nov 28, 2023 17:55:40.984133",0.321331,59,0x4308,0xffff,0x8841,39,0x4308,0xfffc,0x1209,,,physicalInteraction7.pcapng
"Nov 28, 2023 17:55:41.254767",0.270634,74,0xb1bf,0xffff,0x8841,74,0xb1bf,0xfffc,0x1209,,,physicalInteraction7.pcapng
"Nov 28, 2023 17:55:41.623692",0.368925,59,0x4308,0xffff,0x8841,41,0x4308,0xfffc,0x1209,,,physicalInteraction7.pcapng
"Nov 28, 2023 17:55:46.892018",5.268326,74,0x3d95,0xffff,0x8841,12,0x3d95,0xfffc,0x1209,,,physicalInteraction7.pcapng
"Nov 28, 2023 17:55:47.819859",0.927841,74,0x0000,0xffff,0x8841,86,0x0000,0xfffc,0x1209,,,physicalInteraction7.pcapng
"Nov 28, 2023 17:55:48.314568",0.494709,74,0x5bb9,0xffff,0x8841,159,0x5bb9,0xfffc,0x1209,,,physicalInteraction7.pcapng
"Nov 28, 2023 17:55:48.974255",,57,,,,,,,,,,physicalInteraction7.pcapng
"Nov 28, 2023 17:55:48.976462",0.002207,5,,,0x0002,169,,,,,,physicalInteraction7.pcapng
"Nov 28, 2023 17:55:49.017899",,50,,,,,,,,,,physicalInteraction7.pcapng
"Nov 28, 2023 17:55:49.019841",0.001942,5,,,0x0002,87,,,,,,physicalInteraction7.pcapng
"Nov 28, 2023 17:55:49.024990",,45,,,,,,,,,,physicalInteraction7.pcapng
"Nov 28, 2023 17:55:49.026812",0.001822,5,,,0x0002,170,,,,,,physicalInteraction7.pcapng
"Nov 28, 2023 17:55:49.040246",,63,,,,,,,,,,physicalInteraction7.pcapng
"Nov 28, 2023 17:55:49.042645",0.002399,5,,,0x0002,171,,,,,,physicalInteraction7.pcapng
"Nov 28, 2023 17:55:49.096454",,50,,,,,,,,,,physicalInteraction7.pcapng
"Nov 28, 2023 17:55:49.098407",0.001953,5,,,0x0002,88,,,,,,physicalInteraction7.pcapng
"Nov 28, 2023 17:55:49.101432",,50,,,,,,,,,,physicalInteraction7.pcapng
"Nov 28, 2023 17:55:49.103375",0.001943,5,,,0x0002,88,,,,,,physicalInteraction7.pcapng
"Nov 28, 2023 17:55:49.104211",,45,,,,,,,,,,physicalInteraction7.pcapng
"Nov 28, 2023 17:55:49.106033",0.001822,5,,,0x0002,172,,,,,,physicalInteraction7.pcapng
"Nov 28, 2023 17:55:49.111849",,45,,,,,,,,,,physicalInteraction7.pcapng
"Nov 28, 2023 17:55:49.113672",0.001823,5,,,0x0002,173,,,,,,physicalInteraction7.pcapng
"Nov 28, 2023 17:55:49.662497",0.548825,59,0x4308,0xffff,0x8841,42,,,,,,physicalInteraction7.pcapng
"Nov 28, 2023 17:55:49.990492",0.327995,59,0x4308,0xffff,0x8844,43,,,,,,physicalInteraction7.pcapng
"Nov 28, 2023 17:55:50.310358",0.319866,59,0x4308,0xffff,0x8841,44,0x4308,0xfffc,0x1209,,,physicalInteraction7.pcapng
"Nov 28, 2023 17:55:50.467049",0.156691,47,0x4308,0xffff,0x8841,45,0x4308,0xfffc,0x1209,,,physicalInteraction7.pcapng
"Nov 28, 2023 17:55:50.628892",0.161843,59,0x4308,0xffff,0x8841,46,,,,,,physicalInteraction7.pcapng
"Nov 28, 2023 17:55:51.629686",1.000794,108,0x4e11,0xffff,0x886c,199,,,,,,physicalInteraction7.pcapng
"Nov 28, 2023 17:55:51.652389",0.022703,74,0xec7f,0xffff,0x8841,79,0xec7f,0xfffc,0x1209,,,physicalInteraction7.pcapng
"Nov 28, 2023 17:55:52.987022",1.334633,59,0x4308,0xffff,0x8841,48,,,,,,physicalInteraction7.pcapng
"Nov 28, 2023 17:55:54.086483",1.099461,71,0x0112,0xffff,0x8841,223,0x0112,0xfffc,0x1209,,,physicalInteraction7.pcapng
"Nov 28, 2023 17:55:54.942484",0.856001,62,0x1e15,0xffff,0x8841,142,0x1e15,0xfffc,0x1209,,,physicalInteraction7.pcapng
"Nov 28, 2023 17:55:55.029184",,53,,,,,,,,,,physicalInteraction7.pcapng
"Nov 28, 2023 17:55:55.031221",0.002037,5,,,0x0002,173,,,,,,physicalInteraction7.pcapng
"Nov 28, 2023 17:55:55.034871",,53,,,,,,,,,,physicalInteraction7.pcapng
"Nov 28, 2023 17:55:55.036950",0.002079,5,,,0x0002,175,,,,,,physicalInteraction7.pcapng
"Nov 28, 2023 17:55:55.478286",0.441336,74,0x711c,0xffff,0x8841,121,0x711c,0xfffc,0x1209,,,physicalInteraction7.pcapng
"Nov 28, 2023 17:55:55.535491",0.057205,12,0x4615,0xe1a6,0x8863,174,,,,,,physicalInteraction7.pcapng
"Nov 28, 2023 17:55:55.536218",0.000727,5,,,0x0002,174,,,,,,physicalInteraction7.pcapng
"Nov 28, 2023 17:55:56.230199",0.693981,108,0xb1bf,0xffff,0x886c,75,,,,,,physicalInteraction7.pcapng
"Nov 28, 2023 17:56:01.668945",5.438746,59,0x4308,0xffff,0x8841,51,0x4308,0xfffc,0x1209,,,physicalInteraction7.pcapng
"Nov 28, 2023 17:56:01.826444",0.157499,74,0x3d95,0xffff,0x8841,13,0x3d95,0xfffc,0x1209,,,physicalInteraction7.pcapng
"Nov 28, 2023 17:56:01.858022",0.031578,74,0x0000,0xffff,0x8841,89,0x0000,0xfffc,0x1209,,,physicalInteraction7.pcapng
"Nov 28, 2023 17:56:02.312418",0.454396,59,0x4308,0xffff,0x8841,53,0x4308,0xfffc,0x1209,,,physicalInteraction7.pcapng
"Nov 28, 2023 17:56:02.630976",0.318558,59,0x4308,0xffff,0x8841,54,0x4308,0xfffc,0x1209,,,physicalInteraction7.pcapng
"Nov 28, 2023 17:56:04.475951",1.844975,74,0x5bb9,0xffff,0x8841,160,0x5bb9,0xfffc,0x1209,,,physicalInteraction7.pcapng
"Nov 28, 2023 17:56:04.671675",0.195724,59,0x4308,0xffff,0x8841,55,,,,,,physicalInteraction7.pcapng
"Nov 28, 2023 17:56:04.989984",0.318309,59,0x4308,0xffff,0x8841,56,,,,,,physicalInteraction7.pcapng
"Nov 28, 2023 17:56:05.508982",0.518998,47,0x4308,0xffff,0x8841,58,,,,,,physicalInteraction7.pcapng
"Nov 28, 2023 17:56:05.606774",,60,,,,,,,,,,physicalInteraction7.pcapng
"Nov 28, 2023 17:56:05.609077",0.002303,5,,,0x0002,14,,,,,,physicalInteraction7.pcapng
"Nov 28, 2023 17:56:05.629860",0.020783,59,0x4308,0xffff,0x8841,59,0x4308,0xfffc,0x1209,,,physicalInteraction7.pcapng
"Nov 28, 2023 17:56:05.650649",,50,,,,,,,,,,physicalInteraction7.pcapng
"Nov 28, 2023 17:56:05.652601",0.001952,5,,,0x0002,90,,,,,,physicalInteraction7.pcapng
"Nov 28, 2023 17:56:05.657887",,45,,,,,,,,,,physicalInteraction7.pcapng
"Nov 28, 2023 17:56:05.659710",0.001823,5,,,0x0002,15,,,,,,physicalInteraction7.pcapng
"Nov 28, 2023 17:56:06.329457",0.669747,74,0xec7f,0xffff,0x8841,80,0xec7f,0xfffc,0x1209,,,physicalInteraction7.pcapng
"Nov 28, 2023 17:56:06.430272",0.100815,74,0x4e11,0xffff,0x8841,200,0x4e11,0xfffc,0x1209,,,physicalInteraction7.pcapng
"Nov 28, 2023 17:56:08.019712",1.589440,74,0xe1a6,0xffff,0x8841,176,0xe1a6,0xfffc,0x1209,,,physicalInteraction7.pcapng
"Nov 28, 2023 17:56:09.086780",1.067068,71,0x0112,0xffff,0x8841,224,0x0112,0xfffc,0x1209,,,physicalInteraction7.pcapng
"Nov 28, 2023 17:56:09.987978",,52,,,,,,,,,,physicalInteraction7.pcapng
"Nov 28, 2023 17:56:09.989988",0.002010,5,,,0x0002,91,,,,,,physicalInteraction7.pcapng
"Nov 28, 2023 17:56:09.997581",,63,,,,,,,,,,physicalInteraction7.pcapng
"Nov 28, 2023 17:56:09.999980",0.002399,5,,,0x0002,177,,,,,,physicalInteraction7.pcapng
"Nov 28, 2023 17:56:10.019336",0.019356,62,0x1e15,0xffff,0x8841,143,0x1e15,0xfffc,0x1209,,,physicalInteraction7.pcapng
"Nov 28, 2023 17:56:10.025845",,52,,,,,,,,,,physicalInteraction7.pcapng
"Nov 28, 2023 17:56:10.027860",0.002015,5,,,0x0002,92,,,,,,physicalInteraction7.pcapng
"Nov 28, 2023 17:56:10.035664",,63,,,,,,,,,,physicalInteraction7.pcapng
"Nov 28, 2023 17:56:10.038063",0.002399,5,,,0x0002,16,,,,,,physicalInteraction7.pcapng
"Nov 28, 2023 17:56:10.042043",,45,,,,,,,,,,physicalInteraction7.pcapng
"Nov 28, 2023 17:56:10.043837",0.001794,5,,,0x0002,93,,,,,,physicalInteraction7.pcapng
"Nov 28, 2023 17:56:10.066989",,54,,,,,,,,,,physicalInteraction7.pcapng
"Nov 28, 2023 17:56:10.069058",0.002069,5,,,0x0002,94,,,,,,physicalInteraction7.pcapng
"Nov 28, 2023 17:56:10.070805",,54,,,,,,,,,,physicalInteraction7.pcapng
"Nov 28, 2023 17:56:10.072888",0.002083,5,,,0x0002,94,,,,,,physicalInteraction7.pcapng
"Nov 28, 2023 17:56:10.079174",,66,,,,,,,,,,physicalInteraction7.pcapng
"Nov 28, 2023 17:56:10.081669",0.002495,5,,,0x0002,178,,,,,,physicalInteraction7.pcapng
"Nov 28, 2023 17:56:10.092650",,45,,,,,,,,,,physicalInteraction7.pcapng
"Nov 28, 2023 17:56:10.094443",0.001793,5,,,0x0002,95,,,,,,physicalInteraction7.pcapng
"Nov 28, 2023 17:56:10.103538",,54,,,,,,,,,,physicalInteraction7.pcapng
"Nov 28, 2023 17:56:10.105608",0.002070,5,,,0x0002,96,,,,,,physicalInteraction7.pcapng
"Nov 28, 2023 17:56:10.113324",,66,,,,,,,,,,physicalInteraction7.pcapng
"Nov 28, 2023 17:56:10.115818",0.002494,5,,,0x0002,17,,,,,,physicalInteraction7.pcapng
"Nov 28, 2023 17:56:10.124189",,54,,,,,,,,,,physicalInteraction7.pcapng
"Nov 28, 2023 17:56:10.126299",0.002110,5,,,0x0002,97,,,,,,physicalInteraction7.pcapng
"Nov 28, 2023 17:56:10.128779",,54,,,,,,,,,,physicalInteraction7.pcapng
"Nov 28, 2023 17:56:10.130847",0.002068,5,,,0x0002,122,,,,,,physicalInteraction7.pcapng
"Nov 28, 2023 17:56:10.137007",,52,,,,,,,,,,physicalInteraction7.pcapng
"Nov 28, 2023 17:56:10.142159",,52,,,,,,,,,,physicalInteraction7.pcapng
"Nov 28, 2023 17:56:10.146527",,52,,,,,,,,,,physicalInteraction7.pcapng
"Nov 28, 2023 17:56:10.153126",,66,,,,,,,,,,physicalInteraction7.pcapng
"Nov 28, 2023 17:56:10.155621",0.002495,5,,,0x0002,76,,,,,,physicalInteraction7.pcapng
"Nov 28, 2023 17:56:10.164424",,52,,,,,,,,,,physicalInteraction7.pcapng
"Nov 28, 2023 17:56:10.166471",0.002047,5,,,0x0002,98,,,,,,physicalInteraction7.pcapng
"Nov 28, 2023 17:56:10.170735",,52,,,,,,,,,,physicalInteraction7.pcapng
"Nov 28, 2023 17:56:10.172740",0.002005,5,,,0x0002,123,,,,,,physicalInteraction7.pcapng
"Nov 28, 2023 17:56:10.177061",,45,,,,,,,,,,physicalInteraction7.pcapng
"Nov 28, 2023 17:56:10.178842",0.001781,5,,,0x0002,99,,,,,,physicalInteraction7.pcapng
"Nov 28, 2023 17:56:10.179923",,63,,,,,,,,,,physicalInteraction7.pcapng
"Nov 28, 2023 17:56:10.182322",0.002399,5,,,0x0002,77,,,,,,physicalInteraction7.pcapng
"Nov 28, 2023 17:56:10.187501",,45,,,,,,,,,,physicalInteraction7.pcapng
"Nov 28, 2023 17:56:10.189293",0.001792,5,,,0x0002,100,,,,,,physicalInteraction7.pcapng
"Nov 28, 2023 17:56:10.199930",,45,,,,,,,,,,physicalInteraction7.pcapng
"Nov 28, 2023 17:56:10.201753",0.001823,5,,,0x0002,101,,,,,,physicalInteraction7.pcapng
"Nov 28, 2023 17:56:10.204519",,45,,,,,,,,,,physicalInteraction7.pcapng
"Nov 28, 2023 17:56:10.206312",0.001793,5,,,0x0002,124,,,,,,physicalInteraction7.pcapng
"Nov 28, 2023 17:56:10.210337",,45,,,,,,,,,,physicalInteraction7.pcapng
"Nov 28, 2023 17:56:10.212160",0.001823,5,,,0x0002,102,,,,,,physicalInteraction7.pcapng
"Nov 28, 2023 17:56:10.215587",,45,,,,,,,,,,physicalInteraction7.pcapng
"Nov 28, 2023 17:56:10.217378",0.001791,5,,,0x0002,125,,,,,,physicalInteraction7.pcapng
"Nov 28, 2023 17:56:11.157009",0.939631,74,0xb1bf,0xffff,0x8841,78,0xb1bf,0xfffc,0x1209,,,physicalInteraction7.pcapng
"Nov 28, 2023 17:56:11.806552",0.649543,74,0x711c,0xffff,0x8841,126,0x711c,0xfffc,0x1209,,,physicalInteraction7.pcapng
"Nov 28, 2023 17:56:13.673849",1.867297,59,,,0x7c56,152,,,,,,physicalInteraction7.pcapng
"Nov 28, 2023 17:56:16.817188",3.143339,74,0x3d95,0xffff,0x8841,18,0x3d95,0xfffc,0x1209,,,physicalInteraction7.pcapng
"Nov 28, 2023 17:56:17.054459",0.237271,74,0x0000,0xffff,0x8841,103,0x0000,0xfffc,0x1209,,,physicalInteraction7.pcapng
"Nov 28, 2023 17:56:17.313036",0.258577,59,0x4308,0xffff,0x8841,66,,,,,,physicalInteraction7.pcapng
"Nov 28, 2023 17:56:20.540369",3.227333,47,0x4308,0xffff,0x8841,68,,,,,,physicalInteraction7.pcapng
"Nov 28, 2023 17:56:20.887385",0.347016,74,0x4e11,0xffff,0x8841,201,0x4e11,0xfffc,0x1209,,,physicalInteraction7.pcapng
"Nov 28, 2023 17:56:22.609330",1.721945,53,,,0x0035,136,,,,,,physicalInteraction7.pcapng
"Nov 28, 2023 17:56:23.027086",0.417756,74,0xe1a6,0xffff,0x8841,179,0xe1a6,0xfffc,0x1209,,,physicalInteraction7.pcapng
"Nov 28, 2023 17:56:23.313168",0.286082,74,0xec7f,0xffff,0x8841,81,0xec7f,0xfffc,0x1209,,,physicalInteraction7.pcapng
"Nov 28, 2023 17:56:24.103396",0.790228,71,0x0112,0xffff,0x8841,225,0x0112,0xfffc,0x1209,,,physicalInteraction7.pcapng
"Nov 28, 2023 17:56:24.954508",0.851112,62,0x1e15,0xffff,0x8841,144,0x1e15,0xfffc,0x1209,,,physicalInteraction7.pcapng
"Nov 28, 2023 17:56:25.676468",0.721960,59,0x4308,0xffff,0x8841,69,,,,,,physicalInteraction7.pcapng
"Nov 28, 2023 17:56:25.999434",0.322966,59,0x4308,0xffff,0x8841,70,,,,,,physicalInteraction7.pcapng
"Nov 28, 2023 17:56:26.255331",0.255897,74,0xb1bf,0xffff,0x8841,79,0xb1bf,0xfffc,0x1209,,,physicalInteraction7.pcapng
"Nov 28, 2023 17:56:26.639805",0.384474,59,0x4308,0xffff,0x8841,72,,,,,,physicalInteraction7.pcapng
"Nov 28, 2023 17:56:29.319649",2.679844,59,0x4308,0xffff,0x8841,75,,,,,,physicalInteraction7.pcapng
"Nov 28, 2023 17:56:29.638224",0.318575,59,,,0x7841,119,,,,,,physicalInteraction7.pcapng
"Nov 28, 2023 17:56:29.812315",0.174091,74,0x711c,0xffff,0x8841,127,0x711c,0xfffc,0x1209,,,physicalInteraction7.pcapng
"Nov 28, 2023 17:56:34.254433",4.442118,74,0x0000,0xffff,0x8841,104,0x0000,0xfffc,0x1209,,,physicalInteraction7.pcapng
"Nov 28, 2023 17:56:35.176399",,53,,,,,,,,,,physicalInteraction7.pcapng
"Nov 28, 2023 17:56:35.178448",0.002049,5,,,0x0002,175,,,,,,physicalInteraction7.pcapng
"Nov 28, 2023 17:56:35.182079",,53,,,,,,,,,,physicalInteraction7.pcapng
"Nov 28, 2023 17:56:35.184158",0.002079,5,,,0x0002,180,,,,,,physicalInteraction7.pcapng
"Nov 28, 2023 17:56:35.683845",0.499687,12,0x4615,0xe1a6,0x8863,176,,,,,,physicalInteraction7.pcapng
"Nov 28, 2023 17:56:35.684583",0.000738,5,,,0x0002,176,,,,,,physicalInteraction7.pcapng
"Nov 28, 2023 17:56:36.153279",0.468696,74,0x4e11,0xffff,0x8841,202,0x4e11,0xfffc,0x1209,,,physicalInteraction7.pcapng
"Nov 28, 2023 17:56:37.463714",1.310435,74,0xec7f,0xffff,0x8841,82,0xec7f,0xfffc,0x1209,,,physicalInteraction7.pcapng
"Nov 28, 2023 17:56:37.955050",0.491336,74,0xe1a6,0xffff,0x8841,181,0xe1a6,0xfffc,0x1209,,,physicalInteraction7.pcapng
"Nov 28, 2023 17:56:38.004983",0.049933,59,0x4308,0xffff,0x8841,67,,,,,,physicalInteraction7.pcapng
"Nov 28, 2023 17:56:39.930282",1.925299,62,0x1e15,0xffff,0x8841,145,0x1e15,0xfffc,0x1209,,,physicalInteraction7.pcapng
"Nov 28, 2023 17:56:39.995486",,52,,,,,,,,,,physicalInteraction7.pcapng
"Nov 28, 2023 17:56:39.997501",0.002015,5,,,0x0002,105,,,,,,physicalInteraction7.pcapng
"Nov 28, 2023 17:56:40.005626",,63,,,,,,,,,,physicalInteraction7.pcapng
"Nov 28, 2023 17:56:40.010732",,63,,,,,,,,,,physicalInteraction7.pcapng
"Nov 28, 2023 17:56:40.013131",0.002399,5,,,0x0002,182,,,,,,physicalInteraction7.pcapng
"Nov 28, 2023 17:56:40.015434",,52,,,,,,,,,,physicalInteraction7.pcapng
"Nov 28, 2023 17:56:40.025295",,63,,,,,,,,,,physicalInteraction7.pcapng
"Nov 28, 2023 17:56:40.027694",0.002399,5,,,0x0002,20,,,,,,physicalInteraction7.pcapng
"Nov 28, 2023 17:56:40.033714",,52,,,,,,,,,,physicalInteraction7.pcapng
"Nov 28, 2023 17:56:40.035720",0.002006,5,,,0x0002,106,,,,,,physicalInteraction7.pcapng
"Nov 28, 2023 17:56:40.057065",,45,,,,,,,,,,physicalInteraction7.pcapng
"Nov 28, 2023 17:56:40.058858",0.001793,5,,,0x0002,107,,,,,,physicalInteraction7.pcapng
"Nov 28, 2023 17:56:40.070477",,54,,,,,,,,,,physicalInteraction7.pcapng
"Nov 28, 2023 17:56:40.072558",0.002081,5,,,0x0002,108,,,,,,physicalInteraction7.pcapng
"Nov 28, 2023 17:56:40.080762",,66,,,,,,,,,,physicalInteraction7.pcapng
"Nov 28, 2023 17:56:40.083257",0.002495,5,,,0x0002,183,,,,,,physicalInteraction7.pcapng
"Nov 28, 2023 17:56:40.098560",,45,,,,,,,,,,physicalInteraction7.pcapng
"Nov 28, 2023 17:56:40.100351",0.001791,5,,,0x0002,109,,,,,,physicalInteraction7.pcapng
"Nov 28, 2023 17:56:40.106489",,54,,,,,,,,,,physicalInteraction7.pcapng
"Nov 28, 2023 17:56:40.108569",0.002080,5,,,0x0002,110,,,,,,physicalInteraction7.pcapng
"Nov 28, 2023 17:56:40.116207",,66,,,,,,,,,,physicalInteraction7.pcapng
"Nov 28, 2023 17:56:40.118702",0.002495,5,,,0x0002,21,,,,,,physicalInteraction7.pcapng
"Nov 28, 2023 17:56:40.121171",,54,,,,,,,,,,physicalInteraction7.pcapng
"Nov 28, 2023 17:56:40.123282",0.002111,5,,,0x0002,111,,,,,,physicalInteraction7.pcapng
"Nov 28, 2023 17:56:40.127131",,54,,,,,,,,,,physicalInteraction7.pcapng
"Nov 28, 2023 17:56:40.129200",0.002069,5,,,0x0002,128,,,,,,physicalInteraction7.pcapng
"Nov 28, 2023 17:56:40.136407",,66,,,,,,,,,,physicalInteraction7.pcapng
"Nov 28, 2023 17:56:40.138902",0.002495,5,,,0x0002,80,,,,,,physicalInteraction7.pcapng
"Nov 28, 2023 17:56:40.143202",,52,,,,,,,,,,physicalInteraction7.pcapng
"Nov 28, 2023 17:56:40.145249",0.002047,5,,,0x0002,112,,,,,,physicalInteraction7.pcapng
"Nov 28, 2023 17:56:40.147724",,52,,,,,,,,,,physicalInteraction7.pcapng
"Nov 28, 2023 17:56:40.149729",0.002005,5,,,0x0002,129,,,,,,physicalInteraction7.pcapng
"Nov 28, 2023 17:56:40.156958",,63,,,,,,,,,,physicalInteraction7.pcapng
"Nov 28, 2023 17:56:40.159357",0.002399,5,,,0x0002,81,,,,,,physicalInteraction7.pcapng
"Nov 28, 2023 17:56:40.168643",,45,,,,,,,,,,physicalInteraction7.pcapng
"Nov 28, 2023 17:56:40.170436",0.001793,5,,,0x0002,113,,,,,,physicalInteraction7.pcapng
"Nov 28, 2023 17:56:40.175000",,45,,,,,,,,,,physicalInteraction7.pcapng
"Nov 28, 2023 17:56:40.176781",0.001781,5,,,0x0002,114,,,,,,physicalInteraction7.pcapng
"Nov 28, 2023 17:56:40.183288",,45,,,,,,,,,,physicalInteraction7.pcapng
"Nov 28, 2023 17:56:40.185111",0.001823,5,,,0x0002,115,,,,,,physicalInteraction7.pcapng
"Nov 28, 2023 17:56:40.187806",,45,,,,,,,,,,physicalInteraction7.pcapng
"Nov 28, 2023 17:56:40.191953",,45,,,,,,,,,,physicalInteraction7.pcapng
"Nov 28, 2023 17:56:40.193777",0.001824,5,,,0x0002,116,,,,,,physicalInteraction7.pcapng
"Nov 28, 2023 17:56:40.208176",0.014399,45,0x711c,0xb1bf,0x8861,131,,,,,,physicalInteraction7.pcapng
"Nov 28, 2023 17:56:40.211071",0.002895,45,0x711c,0xb1bf,0xa861,254,,,,,,physicalInteraction7.pcapng
"Nov 28, 2023 17:56:40.215830",,45,,,,,,,,,,physicalInteraction7.pcapng
"Nov 28, 2023 17:56:40.217623",0.001793,5,,,0x0002,131,,,,,,physicalInteraction7.pcapng
"Nov 28, 2023 17:56:41.234396",1.016773,74,0xb1bf,0xffff,0x8841,82,0xb1bf,0xfffc,0x1209,,,physicalInteraction7.pcapng
"Nov 28, 2023 17:56:43.807402",,50,,,,,,,,,,physicalInteraction7.pcapng
"Nov 28, 2023 17:56:43.811832",,50,,,,,,,,,,physicalInteraction7.pcapng
"Nov 28, 2023 17:56:43.813815",0.001983,5,,,0x0002,117,,,,,,physicalInteraction7.pcapng
"Nov 28, 2023 17:56:43.819435",0.005620,55,0x711c,0x0000,0x8861,132,0x711c,0x0000,0x1a09,,,physicalInteraction7.pcapng
"Nov 28, 2023 17:56:43.821578",0.002143,5,,,0x0002,132,,,,,,physicalInteraction7.pcapng
"Nov 28, 2023 17:56:43.866627",,53,,,,,,,,,,physicalInteraction7.pcapng
"Nov 28, 2023 17:56:43.868706",0.002079,5,,,0x0002,133,,,,,,physicalInteraction7.pcapng
"Nov 28, 2023 17:56:43.910014",,50,,,,,,,,,,physicalInteraction7.pcapng
"Nov 28, 2023 17:56:43.911997",0.001983,5,,,0x0002,118,,,,,,physicalInteraction7.pcapng
"Nov 28, 2023 17:56:43.921636",0.009639,55,0x711c,0x0000,0x8861,134,0x711c,0x0000,0x1a09,,,physicalInteraction7.pcapng
"Nov 28, 2023 17:56:43.923779",0.002143,5,,,0x0002,134,,,,,,physicalInteraction7.pcapng
"Nov 28, 2023 17:56:43.965849",,53,,,,,,,,,,physicalInteraction7.pcapng
"Nov 28, 2023 17:56:43.967928",0.002079,5,,,0x0002,135,,,,,,physicalInteraction7.pcapng
"Nov 28, 2023 17:56:46.934028",2.966100,74,0x3d95,0xffff,0x8841,22,0x3d95,0xfffc,0x1209,,,physicalInteraction7.pcapng
"Nov 28, 2023 17:56:47.103372",0.169344,85,,,0x0055,136,,,,,,physicalInteraction7.pcapng
"Nov 28, 2023 17:56:49.194063",2.090691,74,0x0000,0xffff,0x8841,119,0x0000,0xfffc,0x1209,,,physicalInteraction7.pcapng
"Nov 28, 2023 17:56:50.162984",0.968921,74,0x4e11,0xffff,0x8841,203,0x4e11,0xfffc,0x1209,,,physicalInteraction7.pcapng
"Nov 28, 2023 17:56:52.259956",2.096972,74,0xec7f,0xffff,0x8841,83,0xec7f,0xfffc,0x1209,,,physicalInteraction7.pcapng
"Nov 28, 2023 17:56:53.018475",0.758519,74,0xe1a6,0xffff,0x8841,184,0xe1a6,0xfffc,0x1209,,,physicalInteraction7.pcapng
"Nov 28, 2023 17:56:53.647376",0.628901,59,0x4308,0xffff,0x8841,94,0x4308,0xfffc,0x1209,,,physicalInteraction7.pcapng
"Nov 28, 2023 17:56:54.097615",0.450239,74,0x0112,0xffff,0x8841,227,0x0112,0xfffc,0x1209,,,physicalInteraction7.pcapng
"Nov 28, 2023 17:56:54.981985",0.884370,62,0x1e15,0xffff,0x8841,146,0x1e15,0xfffc,0x1209,,,physicalInteraction7.pcapng
"Nov 28, 2023 17:56:56.331257",,57,,,,,,,,,,physicalInteraction7.pcapng
"Nov 28, 2023 17:56:56.333464",0.002207,5,,,0x0002,227,,,,,,physicalInteraction7.pcapng
"Nov 28, 2023 17:56:57.172914",0.839450,74,0x5bb9,0xffff,0x8841,163,0x5bb9,0xfffc,0x1209,,,physicalInteraction7.pcapng
"Nov 28, 2023 17:57:01.711311",4.538397,74,0x711c,0xffff,0x8841,137,0x711c,0xfffc,0x1209,,,physicalInteraction7.pcapng
"Nov 28, 2023 17:57:01.900639",0.189328,74,0x3d95,0xffff,0x8841,23,0x3d95,0xfffc,0x1209,,,physicalInteraction7.pcapng
"Nov 28, 2023 17:57:03.375606",1.474967,74,0x0000,0xffff,0x8841,120,0x0000,0xfffc,0x1209,,,physicalInteraction7.pcapng
"Nov 28, 2023 17:57:04.682493",1.306887,59,0x4308,0xffff,0x8841,99,0x4308,0xfffc,0x1209,,,physicalInteraction7.pcapng
"Nov 28, 2023 17:57:05.012085",0.329592,59,0x4308,0xffff,0x8841,100,,,,,,physicalInteraction7.pcapng
"Nov 28, 2023 17:57:05.330948",0.318863,59,0x4308,0xf6ff,0x8841,101,,,,,,physicalInteraction7.pcapng
"Nov 28, 2023 17:57:05.651107",0.320159,59,0x4308,0xffff,0x8841,102,,,,,,physicalInteraction7.pcapng
"Nov 28, 2023 17:57:05.917767",0.266660,47,0x4308,0xffff,0x8841,103,0x4308,0xfffc,0x1209,,,physicalInteraction7.pcapng
"Nov 28, 2023 17:57:05.941258",0.023491,74,0x4e11,0xffff,0x8841,204,0x4e11,0xfffc,0x1209,,,physicalInteraction7.pcapng
"Nov 28, 2023 17:57:07.292288",1.351030,55,0x4e11,0x0000,0x8861,205,0x4e11,0x0000,0x1a09,,,physicalInteraction7.pcapng
"Nov 28, 2023 17:57:07.294431",0.002143,5,,,0x0002,205,,,,,,physicalInteraction7.pcapng
"Nov 28, 2023 17:57:07.338681",,52,,,,,,,,,,physicalInteraction7.pcapng
"Nov 28, 2023 17:57:07.340728",0.002047,5,,,0x0002,206,,,,,,physicalInteraction7.pcapng
"Nov 28, 2023 17:57:07.355455",,45,,,,,,,,,,physicalInteraction7.pcapng
"Nov 28, 2023 17:57:07.357278",0.001823,5,,,0x0002,121,,,,,,physicalInteraction7.pcapng
"Nov 28, 2023 17:57:07.379905",,50,,,,,,,,,,physicalInteraction7.pcapng
"Nov 28, 2023 17:57:07.381889",0.001984,5,,,0x0002,122,,,,,,physicalInteraction7.pcapng
"Nov 28, 2023 17:57:07.388148",0.006259,55,0x4e11,0x0000,0x8861,207,0x4e11,0x0000,0x1a09,,,physicalInteraction7.pcapng
"Nov 28, 2023 17:57:07.390291",0.002143,5,,,0x0002,207,,,,,,physicalInteraction7.pcapng
"Nov 28, 2023 17:57:07.435876",,45,,,,,,,,,,physicalInteraction7.pcapng
"Nov 28, 2023 17:57:07.437699",0.001823,5,,,0x0002,208,,,,,,physicalInteraction7.pcapng
"Nov 28, 2023 17:57:08.019861",0.582162,74,0xe1a6,0xffff,0x8841,185,0xe1a6,0xfffc,0x1209,,,physicalInteraction7.pcapng
"Nov 28, 2023 17:57:09.090243",1.070382,74,0x0112,0xffff,0x8841,228,0x0112,0xfffc,0x1209,,,physicalInteraction7.pcapng
"Nov 28, 2023 17:57:09.709625",0.619382,74,0xec7f,0xffff,0x8841,84,0xec7f,0xfffc,0x1209,,,physicalInteraction7.pcapng
"Nov 28, 2023 17:57:09.934829",0.225204,62,0x1e15,0xffff,0x8841,147,0x1e15,0xfffc,0x1209,,,physicalInteraction7.pcapng
"Nov 28, 2023 17:57:09.995717",,52,,,,,,,,,,physicalInteraction7.pcapng
"Nov 28, 2023 17:57:09.997724",0.002007,5,,,0x0002,123,,,,,,physicalInteraction7.pcapng
"Nov 28, 2023 17:57:10.005311",,63,,,,,,,,,,physicalInteraction7.pcapng
"Nov 28, 2023 17:57:10.007710",0.002399,5,,,0x0002,186,,,,,,physicalInteraction7.pcapng
"Nov 28, 2023 17:57:10.031780",,52,,,,,,,,,,physicalInteraction7.pcapng
"Nov 28, 2023 17:57:10.033795",0.002015,5,,,0x0002,124,,,,,,physicalInteraction7.pcapng
"Nov 28, 2023 17:57:10.041680",,63,,,,,,,,,,physicalInteraction7.pcapng
"Nov 28, 2023 17:57:10.044079",0.002399,5,,,0x0002,24,,,,,,physicalInteraction7.pcapng
"Nov 28, 2023 17:57:10.045373",,45,,,,,,,,,,physicalInteraction7.pcapng
"Nov 28, 2023 17:57:10.047168",0.001795,5,,,0x0002,125,,,,,,physicalInteraction7.pcapng
"Nov 28, 2023 17:57:10.069815",,54,,,,,,,,,,physicalInteraction7.pcapng
"Nov 28, 2023 17:57:10.071895",0.002080,5,,,0x0002,126,,,,,,physicalInteraction7.pcapng
"Nov 28, 2023 17:57:10.079706",,66,,,,,,,,,,physicalInteraction7.pcapng
"Nov 28, 2023 17:57:10.082201",0.002495,5,,,0x0002,187,,,,,,physicalInteraction7.pcapng
"Nov 28, 2023 17:57:10.083088",,54,,,,,,,,,,physicalInteraction7.pcapng
"Nov 28, 2023 17:57:10.085158",0.002070,5,,,0x0002,127,,,,,,physicalInteraction7.pcapng
"Nov 28, 2023 17:57:10.092975",,66,,,,,,,,,,physicalInteraction7.pcapng
"Nov 28, 2023 17:57:10.095470",0.002495,5,,,0x0002,25,,,,,,physicalInteraction7.pcapng
"Nov 28, 2023 17:57:10.121269",,45,,,,,,,,,,physicalInteraction7.pcapng
"Nov 28, 2023 17:57:10.123050",0.001781,5,,,0x0002,128,,,,,,physicalInteraction7.pcapng
"Nov 28, 2023 17:57:10.129430",,54,,,,,,,,,,physicalInteraction7.pcapng
"Nov 28, 2023 17:57:10.131541",0.002111,5,,,0x0002,129,,,,,,physicalInteraction7.pcapng
"Nov 28, 2023 17:57:10.134618",,54,,,,,,,,,,physicalInteraction7.pcapng
"Nov 28, 2023 17:57:10.136688",0.002070,5,,,0x0002,138,,,,,,physicalInteraction7.pcapng
"Nov 28, 2023 17:57:10.141155",,45,,,,,,,,,,physicalInteraction7.pcapng
"Nov 28, 2023 17:57:10.142949",0.001794,5,,,0x0002,130,,,,,,physicalInteraction7.pcapng
"Nov 28, 2023 17:57:10.143948",,66,,,,,,,,,,physicalInteraction7.pcapng
"Nov 28, 2023 17:57:10.146443",0.002495,5,,,0x0002,84,,,,,,physicalInteraction7.pcapng
"Nov 28, 2023 17:57:10.152326",,52,,,,,,,,,,physicalInteraction7.pcapng
"Nov 28, 2023 17:57:10.154373",0.002047,5,,,0x0002,131,,,,,,physicalInteraction7.pcapng
"Nov 28, 2023 17:57:10.158493",,52,,,,,,,,,,physicalInteraction7.pcapng
"Nov 28, 2023 17:57:10.160509",0.002016,5,,,0x0002,139,,,,,,physicalInteraction7.pcapng
"Nov 28, 2023 17:57:10.167622",,45,,,,,,,,,,physicalInteraction7.pcapng
"Nov 28, 2023 17:57:10.169414",0.001792,5,,,0x0002,132,,,,,,physicalInteraction7.pcapng
"Nov 28, 2023 17:57:10.172684",0.003270,63,,,,,,,,,,physicalInteraction7.pcapng
"Nov 28, 2023 17:57:10.175354",,45,,,,,,,,,,physicalInteraction7.pcapng
"Nov 28, 2023 17:57:10.177177",0.001823,5,,,0x0002,133,,,,,,physicalInteraction7.pcapng
"Nov 28, 2023 17:57:10.177744",,63,,,,,,,,,,physicalInteraction7.pcapng
"Nov 28, 2023 17:57:10.180143",0.002399,5,,,0x0002,85,,,,,,physicalInteraction7.pcapng
"Nov 28, 2023 17:57:10.181909",,45,,,,,,,,,,physicalInteraction7.pcapng
"Nov 28, 2023 17:57:10.183691",0.001782,5,,,0x0002,140,,,,,,physicalInteraction7.pcapng
"Nov 28, 2023 17:57:10.196224",,45,,,,,,,,,,physicalInteraction7.pcapng
"Nov 28, 2023 17:57:10.198048",0.001824,5,,,0x0002,134,,,,,,physicalInteraction7.pcapng
"Nov 28, 2023 17:57:10.202605",,45,,,,,,,,,,physicalInteraction7.pcapng
"Nov 28, 2023 17:57:10.204398",0.001793,5,,,0x0002,141,,,,,,physicalInteraction7.pcapng
"Nov 28, 2023 17:57:11.240912",1.036514,74,0xb1bf,0xffff,0x8841,86,0xb1bf,0xfffc,0x1209,,,physicalInteraction7.pcapng
"Nov 28, 2023 17:57:13.395739",2.154827,74,0x5bb9,0xffff,0x8841,164,0x5bb9,0xfffc,0x1209,,,physicalInteraction7.pcapng
"Nov 28, 2023 17:57:16.684817",3.289078,59,0x4308,0xffff,0x8841,108,,,,,,physicalInteraction7.pcapng
"Nov 28, 2023 17:57:16.842705",0.157888,74,0x3d95,0xffff,0x8841,26,0x3d95,0xfffc,0x1209,,,physicalInteraction7.pcapng
"Nov 28, 2023 17:57:17.325655",0.482950,59,0x4308,0xf3ff,0x8841,110,,,,,,physicalInteraction7.pcapng
"Nov 28, 2023 17:57:17.646218",0.320563,59,0x4308,0xffff,0x8841,111,,,,,,physicalInteraction7.pcapng
"Nov 28, 2023 17:57:18.081764",0.435546,74,0x0000,0xffff,0x8841,135,0x0000,0xfffc,0x1209,,,physicalInteraction7.pcapng
"Nov 28, 2023 17:57:18.089535",0.007771,74,0x711c,0xffff,0x8841,142,0x711c,0xfffc,0x1209,,,physicalInteraction7.pcapng
"Nov 28, 2023 17:57:19.541766",,54,,,,,,,,,,physicalInteraction7.pcapng
"Nov 28, 2023 17:57:19.543878",0.002112,5,,,0x0002,192,,,,,,physicalInteraction7.pcapng
"Nov 28, 2023 17:57:19.548828",0.004950,57,0x711c,0x0000,0x8861,143,0xd0bb,0x0000,0x1a09,,,physicalInteraction7.pcapng
"Nov 28, 2023 17:57:19.551035",0.002207,5,,,0x0002,143,,,,,,physicalInteraction7.pcapng
"Nov 28, 2023 17:57:19.596473",,54,,,,,,,,,,physicalInteraction7.pcapng
"Nov 28, 2023 17:57:19.598584",0.002111,5,,,0x0002,144,,,,,,physicalInteraction7.pcapng
"Nov 28, 2023 17:57:19.652092",0.053508,74,0x4e11,0xffff,0x8841,209,0x4e11,0xfffc,0x1209,,,physicalInteraction7.pcapng
"Nov 28, 2023 17:57:19.756070",,60,,,,,,,,,,physicalInteraction7.pcapng
"Nov 28, 2023 17:57:19.758373",0.002303,5,,,0x0002,87,,,,,,physicalInteraction7.pcapng
"Nov 28, 2023 17:57:19.800537",,50,,,,,,,,,,physicalInteraction7.pcapng
"Nov 28, 2023 17:57:19.802520",0.001983,5,,,0x0002,136,,,,,,physicalInteraction7.pcapng
"Nov 28, 2023 17:57:19.805001",,50,,,,,,,,,,physicalInteraction7.pcapng
"Nov 28, 2023 17:57:19.806953",0.001952,5,,,0x0002,145,,,,,,physicalInteraction7.pcapng
"Nov 28, 2023 17:57:19.811894",,45,,,,,,,,,,physicalInteraction7.pcapng
"Nov 28, 2023 17:57:19.813717",0.001823,5,,,0x0002,88,,,,,,physicalInteraction7.pcapng
"Nov 28, 2023 17:57:21.073891",1.260174,47,0x4308,0xffff,0x8841,112,,,,,,physicalInteraction7.pcapng
"Nov 28, 2023 17:57:22.965310",1.891419,74,0xe1a6,0xffff,0x8841,188,0xe1a6,0xfffc,0x1209,,,physicalInteraction7.pcapng
"Nov 28, 2023 17:57:24.096631",1.131321,74,0x0112,0xffff,0x8841,229,0x0112,0xfffc,0x1209,,,physicalInteraction7.pcapng
"Nov 28, 2023 17:57:25.011856",0.915225,62,0x1e15,0xffff,0x8841,148,0x1e15,0xfffc,0x1209,,,physicalInteraction7.pcapng
"Nov 28, 2023 17:57:25.561842",0.549986,74,0xec7f,0xffff,0x8841,85,0xec7f,0xfffc,0x1209,,,physicalInteraction7.pcapng
"Nov 28, 2023 17:57:26.013536",0.451694,59,0x4308,0xffff,0x8841,114,,,,,,physicalInteraction7.pcapng
"Nov 28, 2023 17:57:26.162138",,53,,,,,,,,,,physicalInteraction7.pcapng
"Nov 28, 2023 17:57:26.164216",0.002078,5,,,0x0002,89,,,,,,physicalInteraction7.pcapng
"Nov 28, 2023 17:57:26.173843",0.009627,5,,,0x0002,90,,,,,,physicalInteraction7.pcapng
"Nov 28, 2023 17:57:26.176462",0.002619,52,0xb1bf,0x0000,0x8861,90,,,,,,physicalInteraction7.pcapng
"Nov 28, 2023 17:57:26.181131",,52,,,,,,,,,,physicalInteraction7.pcapng
"Nov 28, 2023 17:57:26.183177",0.002046,5,,,0x0002,90,,,,,,physicalInteraction7.pcapng
"Nov 28, 2023 17:57:26.184108",,57,,,,,,,,,,physicalInteraction7.pcapng
"Nov 28, 2023 17:57:26.186315",0.002207,5,,,0x0002,91,,,,,,physicalInteraction7.pcapng
"Nov 28, 2023 17:57:26.187416",,45,,,,,,,,,,physicalInteraction7.pcapng
"Nov 28, 2023 17:57:26.193661",,53,,,,,,,,,,physicalInteraction7.pcapng
"Nov 28, 2023 17:57:26.195740",0.002079,5,,,0x0002,92,,,,,,physicalInteraction7.pcapng
"Nov 28, 2023 17:57:26.196681",0.000941,74,0xb1bf,0xffff,0x8841,93,0xb1bf,0xfffc,0x1209,,,physicalInteraction7.pcapng
"Nov 28, 2023 17:57:26.201413",,45,,,,,,,,,,physicalInteraction7.pcapng
"Nov 28, 2023 17:57:26.203236",0.001823,5,,,0x0002,137,,,,,,physicalInteraction7.pcapng
"Nov 28, 2023 17:57:26.206884",,45,,,,,,,,,,physicalInteraction7.pcapng
"Nov 28, 2023 17:57:26.208670",0.001786,5,,,0x0002,146,,,,,,physicalInteraction7.pcapng
"Nov 28, 2023 17:57:26.213907",,45,,,,,,,,,,physicalInteraction7.pcapng
"Nov 28, 2023 17:57:26.215730",0.001823,5,,,0x0002,138,,,,,,physicalInteraction7.pcapng
"Nov 28, 2023 17:57:26.219178",,45,,,,,,,,,,physicalInteraction7.pcapng
"Nov 28, 2023 17:57:26.220971",0.001793,5,,,0x0002,147,,,,,,physicalInteraction7.pcapng
"Nov 28, 2023 17:57:26.228246",,45,,,,,,,,,,physicalInteraction7.pcapng
"Nov 28, 2023 17:57:26.230070",0.001824,5,,,0x0002,139,,,,,,physicalInteraction7.pcapng
"Nov 28, 2023 17:57:26.234145",,45,,,,,,,,,,physicalInteraction7.pcapng
"Nov 28, 2023 17:57:26.235937",0.001792,5,,,0x0002,148,,,,,,physicalInteraction7.pcapng
"Nov 28, 2023 17:57:26.236840",,45,,,,,,,,,,physicalInteraction7.pcapng
"Nov 28, 2023 17:57:26.238663",0.001823,5,,,0x0002,140,,,,,,physicalInteraction7.pcapng
"Nov 28, 2023 17:57:26.241809",,45,,,,,,,,,,physicalInteraction7.pcapng
"Nov 28, 2023 17:57:26.243592",0.001783,5,,,0x0002,149,,,,,,physicalInteraction7.pcapng
"Nov 28, 2023 17:57:26.652383",0.408791,61,0x1308,0xffff,0x8841,116,,,,,,physicalInteraction7.pcapng
"Nov 28, 2023 17:57:27.501295",0.848912,74,0x5bb9,0xffff,0x8841,165,0x5bb9,0xfffc,0x1209,,,physicalInteraction7.pcapng
"Nov 28, 2023 17:57:28.686531",1.185236,59,0x4308,0xffff,0x8841,117,,,,,,physicalInteraction7.pcapng
"Nov 28, 2023 17:57:29.331737",0.645206,59,0x4308,0xffff,0x8841,119,,,,,,physicalInteraction7.pcapng
"Nov 28, 2023 17:57:31.841540",2.509803,74,0x3d95,0xffff,0x8841,27,0x3d95,0xfffc,0x1209,,,physicalInteraction7.pcapng
"Nov 28, 2023 17:57:33.279971",1.438431,74,0x711c,0xffff,0x8841,150,0x711c,0xfffc,0x1209,,,physicalInteraction7.pcapng
"Nov 28, 2023 17:57:35.289575",2.009604,74,0x0000,0xffff,0x8841,141,0x0000,0xfffc,0x1209,,,physicalInteraction7.pcapng
"Nov 28, 2023 17:57:35.401432",,53,,,,,,,,,,physicalInteraction7.pcapng
"Nov 28, 2023 17:57:35.403481",0.002049,5,,,0x0002,177,,,,,,physicalInteraction7.pcapng
"Nov 28, 2023 17:57:35.407225",,53,,,,,,,,,,physicalInteraction7.pcapng
"Nov 28, 2023 17:57:35.409303",0.002078,5,,,0x0002,189,,,,,,physicalInteraction7.pcapng
"Nov 28, 2023 17:57:35.887019",0.477716,74,0x4e11,0xffff,0x8841,210,0x4e11,0xfffc,0x1209,,,physicalInteraction7.pcapng
"Nov 28, 2023 17:57:35.909345",0.022326,12,0x4615,0xe1a6,0x8863,178,,,,,,physicalInteraction7.pcapng
"Nov 28, 2023 17:57:35.910082",0.000737,5,,,0x0002,178,,,,,,physicalInteraction7.pcapng
"Nov 28, 2023 17:57:36.226301",0.316219,47,0x4308,0xffff,0x8841,121,,,,,,physicalInteraction7.pcapng
"Nov 28, 2023 17:57:37.686920",1.460619,59,0x4308,0xffff,0x8841,122,,,,,,physicalInteraction7.pcapng
"Nov 28, 2023 17:57:38.006717",0.319797,59,0x4308,0xffff,0x8841,123,,,,,,physicalInteraction7.pcapng
"Nov 28, 2023 17:57:38.033956",0.027239,74,0xe1a6,0xffff,0x8841,190,0xe1a6,0xfffc,0x1209,,,physicalInteraction7.pcapng
"Nov 28, 2023 17:57:38.327173",0.293217,59,0x4308,0xffff,0x8841,124,,,,,,physicalInteraction7.pcapng
"Nov 28, 2023 17:57:38.647698",0.320525,53,0x1209,0xffff,0x8821,121,,,,,,physicalInteraction7.pcapng
"Nov 28, 2023 17:57:39.104617",0.456919,71,0x0112,0xffff,0x8841,230,0x0112,0xfffc,0x1209,,,physicalInteraction7.pcapng
"Nov 28, 2023 17:57:39.997809",0.893192,62,0x1e15,0xffff,0x8841,149,0x1e15,0xfffc,0x1209,,,physicalInteraction7.pcapng
"Nov 28, 2023 17:57:40.000457",,52,,,,,,,,,,physicalInteraction7.pcapng
"Nov 28, 2023 17:57:40.002464",0.002007,5,,,0x0002,142,,,,,,physicalInteraction7.pcapng
"Nov 28, 2023 17:57:40.010311",,63,,,,,,,,,,physicalInteraction7.pcapng
"Nov 28, 2023 17:57:40.012710",0.002399,5,,,0x0002,191,,,,,,physicalInteraction7.pcapng
"Nov 28, 2023 17:57:40.041786",,52,,,,,,,,,,physicalInteraction7.pcapng
"Nov 28, 2023 17:57:40.043803",0.002017,5,,,0x0002,143,,,,,,physicalInteraction7.pcapng
"Nov 28, 2023 17:57:40.051489",,63,,,,,,,,,,physicalInteraction7.pcapng
"Nov 28, 2023 17:57:40.053888",0.002399,5,,,0x0002,28,,,,,,physicalInteraction7.pcapng
"Nov 28, 2023 17:57:40.058504",,45,,,,,,,,,,physicalInteraction7.pcapng
"Nov 28, 2023 17:57:40.060297",0.001793,5,,,0x0002,144,,,,,,physicalInteraction7.pcapng
"Nov 28, 2023 17:57:40.076181",,54,,,,,,,,,,physicalInteraction7.pcapng
"Nov 28, 2023 17:57:40.078260",0.002079,5,,,0x0002,145,,,,,,physicalInteraction7.pcapng
"Nov 28, 2023 17:57:40.086114",,66,,,,,,,,,,physicalInteraction7.pcapng
"Nov 28, 2023 17:57:40.088609",0.002495,5,,,0x0002,192,,,,,,physicalInteraction7.pcapng
"Nov 28, 2023 17:57:40.089709",,54,,,,,,,,,,physicalInteraction7.pcapng
"Nov 28, 2023 17:57:40.091788",0.002079,5,,,0x0002,146,,,,,,physicalInteraction7.pcapng
"Nov 28, 2023 17:57:40.099576",,66,,,,,,,,,,physicalInteraction7.pcapng
"Nov 28, 2023 17:57:40.102070",0.002494,5,,,0x0002,29,,,,,,physicalInteraction7.pcapng
"Nov 28, 2023 17:57:40.127347",,45,,,,,,,,,,physicalInteraction7.pcapng
"Nov 28, 2023 17:57:40.129140",0.001793,5,,,0x0002,147,,,,,,physicalInteraction7.pcapng
"Nov 28, 2023 17:57:40.134557",,54,,,,,,,,,,physicalInteraction7.pcapng
"Nov 28, 2023 17:57:40.136668",0.002111,5,,,0x0002,148,,,,,,physicalInteraction7.pcapng
"Nov 28, 2023 17:57:40.139801",,54,,,,,,,,,,physicalInteraction7.pcapng
"Nov 28, 2023 17:57:40.141882",0.002081,5,,,0x0002,151,,,,,,physicalInteraction7.pcapng
"Nov 28, 2023 17:57:40.146218",,45,,,,,,,,,,physicalInteraction7.pcapng
"Nov 28, 2023 17:57:40.148010",0.001792,5,,,0x0002,149,,,,,,physicalInteraction7.pcapng
"Nov 28, 2023 17:57:40.149170",,66,,,,,,,,,,physicalInteraction7.pcapng
"Nov 28, 2023 17:57:40.151665",0.002495,5,,,0x0002,94,,,,,,physicalInteraction7.pcapng
"Nov 28, 2023 17:57:40.157354",,52,,,,,,,,,,physicalInteraction7.pcapng
"Nov 28, 2023 17:57:40.159401",0.002047,5,,,0x0002,150,,,,,,physicalInteraction7.pcapng
"Nov 28, 2023 17:57:40.162428",,52,,,,,,,,,,physicalInteraction7.pcapng
"Nov 28, 2023 17:57:40.164444",0.002016,5,,,0x0002,152,,,,,,physicalInteraction7.pcapng
"Nov 28, 2023 17:57:40.171626",0.007182,63,0xb1bf,0x0000,0x8861,95,,,,,,physicalInteraction7.pcapng
"Nov 28, 2023 17:57:40.175235",,45,,,,,,,,,,physicalInteraction7.pcapng
"Nov 28, 2023 17:57:40.177029",0.001794,5,,,0x0002,151,,,,,,physicalInteraction7.pcapng
"Nov 28, 2023 17:57:40.181749",,63,,,,,,,,,,physicalInteraction7.pcapng
"Nov 28, 2023 17:57:40.184148",0.002399,5,,,0x0002,95,,,,,,physicalInteraction7.pcapng
"Nov 28, 2023 17:57:40.186824",,63,,,,,,,,,,physicalInteraction7.pcapng
"Nov 28, 2023 17:57:40.189222",0.002398,5,,,0x0002,95,,,,,,physicalInteraction7.pcapng
"Nov 28, 2023 17:57:40.190642",,45,,,,,,,,,,physicalInteraction7.pcapng
"Nov 28, 2023 17:57:40.192466",0.001824,5,,,0x0002,152,,,,,,physicalInteraction7.pcapng
"Nov 28, 2023 17:57:40.201183",,45,,,,,,,,,,physicalInteraction7.pcapng
"Nov 28, 2023 17:57:40.203005",0.001822,5,,,0x0002,153,,,,,,physicalInteraction7.pcapng
"Nov 28, 2023 17:57:40.207271",,45,,,,,,,,,,physicalInteraction7.pcapng
"Nov 28, 2023 17:57:40.209065",0.001794,5,,,0x0002,154,,,,,,physicalInteraction7.pcapng
"Nov 28, 2023 17:57:41.006396",0.797331,59,0x4308,0xffff,0x8841,79,,,,,,physicalInteraction7.pcapng
"Nov 28, 2023 17:57:41.278057",0.271661,74,0xb1bf,0xffff,0x8841,96,0xb1bf,0xfffc,0x1209,,,physicalInteraction7.pcapng
"Nov 28, 2023 17:57:41.337325",0.059268,59,0x4308,0xffff,0x8841,128,,,,,,physicalInteraction7.pcapng
"Nov 28, 2023 17:57:41.665446",0.328121,59,0x4308,0xffff,0x8841,129,,,,,,physicalInteraction7.pcapng
"Nov 28, 2023 17:57:41.801867",0.136421,74,0x5bb9,0xffff,0x8841,166,0x5bb9,0xfffc,0x1209,,,physicalInteraction7.pcapng
"Nov 28, 2023 17:57:46.883219",5.081352,74,0x3d95,0xffff,0x8841,30,0x3d95,0xfffc,0x1209,,,physicalInteraction7.pcapng
"Nov 28, 2023 17:57:48.157620",1.274401,107,0x711c,0xffff,0x886b,155,,,,,,physicalInteraction7.pcapng
"Nov 28, 2023 17:57:49.903986",1.746366,74,0x4e11,0xffff,0x8841,211,0x4e11,0xfffc,0x1209,,,physicalInteraction7.pcapng
"Nov 28, 2023 17:57:50.331921",0.427935,59,0x4308,0xffff,0x8841,132,,,,,,physicalInteraction7.pcapng
"Nov 28, 2023 17:57:50.652751",0.320830,59,0x4308,0xffff,0x8841,133,0x4308,0xfffc,0x1209,,,physicalInteraction7.pcapng
"Nov 28, 2023 17:57:51.096319",0.443568,74,0x0000,0xffff,0x8841,154,0x0000,0xfffc,0x1209,,,physicalInteraction7.pcapng
"Nov 28, 2023 17:57:51.380608",0.284289,47,0x4308,0xf5ff,0x8841,134,,,,,,physicalInteraction7.pcapng
"Nov 28, 2023 17:57:52.421843",,60,,,,,,,,,,physicalInteraction7.pcapng
"Nov 28, 2023 17:57:52.424146",0.002303,5,,,0x0002,193,,,,,,physicalInteraction7.pcapng
"Nov 28, 2023 17:57:52.466532",,50,,,,,,,,,,physicalInteraction7.pcapng
"Nov 28, 2023 17:57:52.468474",0.001942,5,,,0x0002,155,,,,,,physicalInteraction7.pcapng
"Nov 28, 2023 17:57:52.473719",,45,,,,,,,,,,physicalInteraction7.pcapng
"Nov 28, 2023 17:57:52.475542",0.001823,5,,,0x0002,194,,,,,,physicalInteraction7.pcapng
"Nov 28, 2023 17:57:53.010616",0.535074,59,0x4308,0xffff,0x8841,136,0x4308,0xfffc,0x1209,,,physicalInteraction7.pcapng
"Nov 28, 2023 17:57:53.061218",0.050602,74,0xe1a6,0xffff,0x8841,195,0xe1a6,0xfffc,0x1209,,,physicalInteraction7.pcapng
"Nov 28, 2023 17:57:53.330481",0.269263,59,0x4308,0xffff,0x8841,137,,,,,,physicalInteraction7.pcapng
"Nov 28, 2023 17:57:53.651595",0.321114,59,0x4308,0xffff,0x8841,138,,,,,,physicalInteraction7.pcapng
"Nov 28, 2023 17:57:54.110686",0.459091,74,0x0112,0xffff,0x8841,231,0x0112,0xfffc,0x1209,,,physicalInteraction7.pcapng
"Nov 28, 2023 17:57:54.133638",0.022952,51,0x4308,0xffff,0x8841,139,0x4308,0xfffc,0x1209,,,physicalInteraction7.pcapng
"Nov 28, 2023 17:57:55.013662",0.880024,62,0x1e15,0xffff,0x8841,150,0x1e15,0xfffc,0x1209,,,physicalInteraction7.pcapng
"Nov 28, 2023 17:57:56.189185",1.175523,74,0xb1bf,0xffff,0x8841,97,0xb1bf,0xfffc,0x1209,,,physicalInteraction7.pcapng
"Nov 28, 2023 17:57:56.778936",0.589751,74,0x5bb9,0xffff,0x8841,167,0x5bb9,0xfffc,0x1209,,,physicalInteraction7.pcapng
"Nov 28, 2023 17:57:59.788188",3.009252,74,0xec7f,0xffff,0x8841,87,0xec7f,0xfffc,0x1209,,,physicalInteraction7.pcapng
"Nov 28, 2023 17:58:01.694932",1.906744,59,0x4308,0xffff,0x8841,140,0x4308,0xfffc,0x1209,,,physicalInteraction7.pcapng
"Nov 28, 2023 17:58:01.860846",0.165914,74,0x3d95,0xffff,0x8841,31,0x3d95,0xfffc,0x1209,,,physicalInteraction7.pcapng
"Nov 28, 2023 17:58:02.017591",0.156745,59,0x4008,0xffff,0x8841,141,,,,,,physicalInteraction7.pcapng
"Nov 28, 2023 17:58:02.337501",0.319910,59,0x4308,0xffff,0x8841,142,,,,,,physicalInteraction7.pcapng
"Nov 28, 2023 17:58:03.750118",1.412617,74,0x711c,0xffff,0x8841,156,0x711c,0xfffc,0x1209,,,physicalInteraction7.pcapng
"Nov 28, 2023 17:58:04.695658",0.945540,59,0x4308,0xffff,0x8841,144,0x4308,0xfffc,0x1209,,,physicalInteraction7.pcapng
"Nov 28, 2023 17:58:05.015468",0.319810,54,0x4348,0xffff,0x8841,145,,,,,,physicalInteraction7.pcapng
"Nov 28, 2023 17:58:05.336332",0.320864,59,0x4308,0xffff,0x8841,146,,,,,,physicalInteraction7.pcapng
"Nov 28, 2023 17:58:05.680592",0.344260,74,0x0000,0xffff,0x8841,156,0x0000,0xfffc,0x1209,,,physicalInteraction7.pcapng
"Nov 28, 2023 17:58:06.008933",0.328341,74,0x4e11,0xffff,0x8841,212,0x4e11,0xfffc,0x1209,,,physicalInteraction7.pcapng
"Nov 28, 2023 17:58:06.564330",0.555397,47,0x4308,0xffff,0x8841,148,,,,,,physicalInteraction7.pcapng
"Nov 28, 2023 17:58:08.057370",1.493040,74,0xe1a6,0xffff,0x8841,196,0xe1a6,0xfffc,0x1209,,,physicalInteraction7.pcapng
"Nov 28, 2023 17:58:09.113235",1.055865,74,0x0112,0xffff,0x8841,232,0x0112,0xfffc,0x1209,,,physicalInteraction7.pcapng
"Nov 28, 2023 17:58:09.980540",0.867305,62,0x1e15,0xffff,0x8841,151,0x1e15,0xfffc,0x1209,,,physicalInteraction7.pcapng
"Nov 28, 2023 17:58:10.007634",,52,,,,,,,,,,physicalInteraction7.pcapng
"Nov 28, 2023 17:58:10.009651",0.002017,5,,,0x0002,157,,,,,,physicalInteraction7.pcapng
"Nov 28, 2023 17:58:10.017435",,63,,,,,,,,,,physicalInteraction7.pcapng
"Nov 28, 2023 17:58:10.019834",0.002399,5,,,0x0002,197,,,,,,physicalInteraction7.pcapng
"Nov 28, 2023 17:58:10.028766",,52,,,,,,,,,,physicalInteraction7.pcapng
"Nov 28, 2023 17:58:10.030772",0.002006,5,,,0x0002,158,,,,,,physicalInteraction7.pcapng
"Nov 28, 2023 17:58:10.038399",,63,,,,,,,,,,physicalInteraction7.pcapng
"Nov 28, 2023 17:58:10.040798",0.002399,5,,,0x0002,32,,,,,,physicalInteraction7.pcapng
"Nov 28, 2023 17:58:10.061584",,54,,,,,,,,,,physicalInteraction7.pcapng
"Nov 28, 2023 17:58:10.063665",0.002081,5,,,0x0002,159,,,,,,physicalInteraction7.pcapng
"Nov 28, 2023 17:58:10.071505",,66,,,,,,,,,,physicalInteraction7.pcapng
"Nov 28, 2023 17:58:10.074000",0.002495,5,,,0x0002,198,,,,,,physicalInteraction7.pcapng
"Nov 28, 2023 17:58:10.083740",,45,,,,,,,,,,physicalInteraction7.pcapng
"Nov 28, 2023 17:58:10.085534",0.001794,5,,,0x0002,160,,,,,,physicalInteraction7.pcapng
"Nov 28, 2023 17:58:10.102438",,54,,,,,,,,,,physicalInteraction7.pcapng
"Nov 28, 2023 17:58:10.104519",0.002081,5,,,0x0002,161,,,,,,physicalInteraction7.pcapng
"Nov 28, 2023 17:58:10.112285",,66,,,,,,,,,,physicalInteraction7.pcapng
"Nov 28, 2023 17:58:10.114780",0.002495,5,,,0x0002,33,,,,,,physicalInteraction7.pcapng
"Nov 28, 2023 17:58:10.117257",,45,,,,,,,,,,physicalInteraction7.pcapng
"Nov 28, 2023 17:58:10.119050",0.001793,5,,,0x0002,162,,,,,,physicalInteraction7.pcapng
"Nov 28, 2023 17:58:10.132217",,54,,,,,,,,,,physicalInteraction7.pcapng
"Nov 28, 2023 17:58:10.134328",0.002111,5,,,0x0002,163,,,,,,physicalInteraction7.pcapng
"Nov 28, 2023 17:58:10.137140",,54,,,,,,,,,,physicalInteraction7.pcapng
"Nov 28, 2023 17:58:10.139219",0.002079,5,,,0x0002,157,,,,,,physicalInteraction7.pcapng
"Nov 28, 2023 17:58:10.144702",,45,,,,,,,,,,physicalInteraction7.pcapng
"Nov 28, 2023 17:58:10.146494",0.001792,5,,,0x0002,164,,,,,,physicalInteraction7.pcapng
"Nov 28, 2023 17:58:10.151442",,66,,,,,,,,,,physicalInteraction7.pcapng
"Nov 28, 2023 17:58:10.153937",0.002495,5,,,0x0002,98,,,,,,physicalInteraction7.pcapng
"Nov 28, 2023 17:58:10.155677",,52,,,,,,,,,,physicalInteraction7.pcapng
"Nov 28, 2023 17:58:10.161548",0.005871,107,0xb1bf,0x0000,0x886b,98,,,,,,physicalInteraction7.pcapng
"Nov 28, 2023 17:58:10.167076",,52,,,,,,,,,,physicalInteraction7.pcapng
"Nov 28, 2023 17:58:10.168889",,66,,,,,,,,,,physicalInteraction7.pcapng
"Nov 28, 2023 17:58:10.171781",,52,,,,,,,,,,physicalInteraction7.pcapng
"Nov 28, 2023 17:58:10.173828",0.002047,5,,,0x0002,165,,,,,,physicalInteraction7.pcapng
"Nov 28, 2023 17:58:10.176659",,52,,,,,,,,,,physicalInteraction7.pcapng
"Nov 28, 2023 17:58:10.178666",0.002007,5,,,0xd26c,179,,,,,,physicalInteraction7.pcapng
"Nov 28, 2023 17:58:10.179516",,66,,,,,,,,,,physicalInteraction7.pcapng
"Nov 28, 2023 17:58:10.182011",0.002495,5,,,0x0002,99,,,,,,physicalInteraction7.pcapng
"Nov 28, 2023 17:58:10.184292",,52,,,,,,,,,,physicalInteraction7.pcapng
"Nov 28, 2023 17:58:10.186306",0.002014,5,,,0x0002,158,,,,,,physicalInteraction7.pcapng
"Nov 28, 2023 17:58:10.187443",,45,,,,,,,,,,physicalInteraction7.pcapng
"Nov 28, 2023 17:58:10.189235",0.001792,5,,,0x0002,166,,,,,,physicalInteraction7.pcapng
"Nov 28, 2023 17:58:10.193143",,63,,,,,,,,,,physicalInteraction7.pcapng
"Nov 28, 2023 17:58:10.195542",0.002399,5,,,0x0002,100,,,,,,physicalInteraction7.pcapng
"Nov 28, 2023 17:58:10.198213",,63,,,,,,,,,,physicalInteraction7.pcapng
"Nov 28, 2023 17:58:10.200612",0.002399,5,,,0x0002,100,,,,,,physicalInteraction7.pcapng
"Nov 28, 2023 17:58:10.209650",,45,,,,,,,,,,physicalInteraction7.pcapng
"Nov 28, 2023 17:58:10.211473",0.001823,5,,,0x0002,167,,,,,,physicalInteraction7.pcapng
"Nov 28, 2023 17:58:10.214729",0.003256,45,0x926c,0xb1bf,0x8861,159,,,,,,physicalInteraction7.pcapng
"Nov 28, 2023 17:58:10.218159",,45,,,,,,,,,,physicalInteraction7.pcapng
"Nov 28, 2023 17:58:10.219953",0.001794,5,,,0x0002,159,,,,,,physicalInteraction7.pcapng
"Nov 28, 2023 17:58:10.221046",,45,,,,,,,,,,physicalInteraction7.pcapng
"Nov 28, 2023 17:58:10.226456",,45,,,,,,,,,,physicalInteraction7.pcapng
"Nov 28, 2023 17:58:10.228407",0.001951,5,,,0x0002,160,,,,,,physicalInteraction7.pcapng
"Nov 28, 2023 17:58:10.229885",,45,,,,,,,,,,physicalInteraction7.pcapng
"Nov 28, 2023 17:58:10.231709",0.001824,5,,,0x0002,168,,,,,,physicalInteraction7.pcapng
"Nov 28, 2023 17:58:10.236720",,45,,,,,,,,,,physicalInteraction7.pcapng
"Nov 28, 2023 17:58:10.238543",0.001823,5,,,0x0002,169,,,,,,physicalInteraction7.pcapng
"Nov 28, 2023 17:58:10.241879",,45,,,,,,,,,,physicalInteraction7.pcapng
"Nov 28, 2023 17:58:10.243671",0.001792,5,,,0x0002,161,,,,,,physicalInteraction7.pcapng
"Nov 28, 2023 17:58:11.275853",1.032182,74,0xb1bf,0xffff,0x8841,101,0xb1bf,0xfffc,0x1209,,,physicalInteraction7.pcapng
"Nov 28, 2023 17:58:14.353290",3.077437,59,0x4308,0xffff,0x8841,151,,,,,,physicalInteraction7.pcapng
"Nov 28, 2023 17:58:14.490716",0.137426,74,0x5bb9,0xffff,0x8841,168,0x5bb9,0xfffc,0x1209,,,physicalInteraction7.pcapng
"Nov 28, 2023 17:58:14.670921",0.180205,59,0x4308,0xffff,0x8841,152,,,,,,physicalInteraction7.pcapng
"Nov 28, 2023 17:58:16.469643",1.798722,74,0xec7f,0xffff,0x8841,88,0xec7f,0xfffc,0x1209,,,physicalInteraction7.pcapng
"Nov 28, 2023 17:58:16.698266",0.228623,59,0x4308,0xffff,0x8841,153,,,,,,physicalInteraction7.pcapng
"Nov 28, 2023 17:58:16.901295",0.203029,74,0x3d95,0xffff,0x8841,34,0x3d95,0xfffc,0x1209,,,physicalInteraction7.pcapng
"Nov 28, 2023 17:58:17.340802",0.439507,59,0x4308,0xffff,0x8841,155,,,,,,physicalInteraction7.pcapng
"Nov 28, 2023 17:58:17.660012",0.319210,59,0x4308,0xffff,0x8841,156,,,,,,physicalInteraction7.pcapng
"Nov 28, 2023 17:58:19.794918",2.134906,74,0x711c,0xffff,0x8841,162,0x711c,0xfffc,0x1209,,,physicalInteraction7.pcapng
"Nov 28, 2023 17:58:20.983298",1.188380,74,0x0000,0xffff,0x8841,170,0x0000,0xfffc,0x1209,,,physicalInteraction7.pcapng
"Nov 28, 2023 17:58:21.677524",0.694226,47,0x4308,0xffff,0x8841,157,,,,,,physicalInteraction7.pcapng
"Nov 28, 2023 17:58:22.856826",1.179302,74,0x4e11,0xffff,0x8841,213,0x4e11,0xfffc,0x1209,,,physicalInteraction7.pcapng
"Nov 28, 2023 17:58:23.000460",0.143634,74,0xe1a6,0xffff,0x8841,199,0xe1a6,0xfffc,0x1209,,,physicalInteraction7.pcapng
"Nov 28, 2023 17:58:24.096582",1.096122,74,0x0112,0xffff,0x8841,233,0x0112,0xfffc,0x1209,,,physicalInteraction7.pcapng
"Nov 28, 2023 17:58:25.033385",0.936803,62,0x1e15,0xffff,0x8841,152,0x1e15,0xfffc,0x1209,,,physicalInteraction7.pcapng
"Nov 28, 2023 17:58:25.695379",0.661994,59,0x4308,0xffff,0x8846,158,,,,,,physicalInteraction7.pcapng
"Nov 28, 2023 17:58:26.193702",0.498323,74,0xb1bf,0xffff,0x8841,102,0xb1bf,0xfffc,0x1209,,,physicalInteraction7.pcapng
"Nov 28, 2023 17:58:26.338814",0.145112,59,0x4308,0xffff,0x8841,160,0x4308,0xfffc,0x1209,,,physicalInteraction7.pcapng
"Nov 28, 2023 17:58:26.656439",0.317625,59,0x4308,0xffff,0x8841,161,0x4308,0xfffc,0x1209,,,physicalInteraction7.pcapng
"Nov 28, 2023 17:58:28.697890",2.041451,59,0x4308,0xffff,0x8841,162,,,,,,physicalInteraction7.pcapng
"Nov 28, 2023 17:58:29.337177",0.639287,59,0x4308,0xffff,0x8841,164,,,,,,physicalInteraction7.pcapng
"Nov 28, 2023 17:58:30.625525",1.288348,74,0x5bb9,0xffff,0x8841,169,0x5bb9,0xfffc,0x1209,,,physicalInteraction7.pcapng
"Nov 28, 2023 17:58:31.954992",1.329467,74,0x3d95,0xffff,0x8841,35,0x3d95,0xfffc,0x1209,,,physicalInteraction7.pcapng
"Nov 28, 2023 17:58:33.391209",1.436217,74,0xec7f,0xffff,0x8841,89,0xec7f,0xfffc,0x1209,,,physicalInteraction7.pcapng
"Nov 28, 2023 17:58:35.630470",,53,,,,,,,,,,physicalInteraction7.pcapng
"Nov 28, 2023 17:58:35.632517",0.002047,5,,,0x0002,179,,,,,,physicalInteraction7.pcapng
"Nov 28, 2023 17:58:35.636118",,53,,,,,,,,,,physicalInteraction7.pcapng
"Nov 28, 2023 17:58:35.638196",0.002078,5,,,0x0002,200,,,,,,physicalInteraction7.pcapng
"Nov 28, 2023 17:58:36.136921",0.498725,12,0x4615,0xe1a6,0x8863,180,,,,,,physicalInteraction7.pcapng
"Nov 28, 2023 17:58:36.137650",0.000729,5,,,0x0002,180,,,,,,physicalInteraction7.pcapng
"Nov 28, 2023 17:58:36.473438",0.335788,74,0x711c,0xffff,0x8841,163,0x711c,0xfffc,0x1209,,,physicalInteraction7.pcapng
"Nov 28, 2023 17:58:37.232554",,83,,,,,,,,,,physicalInteraction7.pcapng
"Nov 28, 2023 17:58:37.235593",0.003039,5,,,0x0002,77,,,,,,physicalInteraction7.pcapng
"Nov 28, 2023 17:58:37.338048",0.102455,74,0x4e11,0xffff,0x8841,214,0x4e11,0xfffc,0x1209,,,physicalInteraction7.pcapng
"Nov 28, 2023 17:58:37.643117",0.305069,74,0x0000,0xffff,0x8841,171,0x0000,0xfffc,0x1209,,,physicalInteraction7.pcapng
"Nov 28, 2023 17:58:37.698793",0.055676,59,0x4308,0xffff,0x8841,167,0x4308,0xfffc,0x1209,,,physicalInteraction7.pcapng
"Nov 28, 2023 17:58:37.744555",0.045762,12,0x907b,0x0000,0x8863,78,,,,,,physicalInteraction7.pcapng
"Nov 28, 2023 17:58:37.745322",0.000767,5,,,0x0002,78,,,,,,physicalInteraction7.pcapng
"Nov 28, 2023 17:58:38.017805",0.272483,74,0xe1a6,0xffff,0x8841,201,0xe1a6,0xfffc,0x1209,,,physicalInteraction7.pcapng
"Nov 28, 2023 17:58:38.023261",0.005456,59,0x4308,0xffff,0x8841,168,,,,,,physicalInteraction7.pcapng
"Nov 28, 2023 17:58:38.663892",0.640631,59,0x4308,0xffff,0x8841,170,0x4308,0xfffc,0x1209,,,physicalInteraction7.pcapng
"Nov 28, 2023 17:58:39.114812",0.450920,74,0x0112,0xffff,0x8841,234,0x0112,0xfffc,0x1209,,,physicalInteraction7.pcapng
"Nov 28, 2023 17:58:39.129107",,50,,,,,,,,,,physicalInteraction7.pcapng
"Nov 28, 2023 17:58:39.134380",,50,,,,,,,,,,physicalInteraction7.pcapng
"Nov 28, 2023 17:58:39.138886",,50,,,,,,,,,,physicalInteraction7.pcapng
"Nov 28, 2023 17:58:39.142753",,50,,,,,,,,,,physicalInteraction7.pcapng
"Nov 28, 2023 17:58:39.179711",,50,,,,,,,,,,physicalInteraction7.pcapng
"Nov 28, 2023 17:58:39.187275",,50,,,,,,,,,,physicalInteraction7.pcapng
"Nov 28, 2023 17:58:39.191364",,50,,,,,,,,,,physicalInteraction7.pcapng
"Nov 28, 2023 17:58:39.194792",,50,,,,,,,,,,physicalInteraction7.pcapng
"Nov 28, 2023 17:58:39.241099",,50,,,,,,,,,,physicalInteraction7.pcapng
"Nov 28, 2023 17:58:39.246317",,50,,,,,,,,,,physicalInteraction7.pcapng
"Nov 28, 2023 17:58:39.249544",,50,,,,,,,,,,physicalInteraction7.pcapng
"Nov 28, 2023 17:58:39.254737",,50,,,,,,,,,,physicalInteraction7.pcapng
"Nov 28, 2023 17:58:39.291320",,50,,,,,,,,,,physicalInteraction7.pcapng
"Nov 28, 2023 17:58:39.294565",,50,,,,,,,,,,physicalInteraction7.pcapng
"Nov 28, 2023 17:58:39.299185",,50,,,,,,,,,,physicalInteraction7.pcapng
"Nov 28, 2023 17:58:39.302986",,50,,,,,,,,,,physicalInteraction7.pcapng
"Nov 28, 2023 17:58:39.346279",,50,,,,,,,,,,physicalInteraction7.pcapng
"Nov 28, 2023 17:58:39.350164",,50,,,,,,,,,,physicalInteraction7.pcapng
"Nov 28, 2023 17:58:39.354838",,50,,,,,,,,,,physicalInteraction7.pcapng
"Nov 28, 2023 17:58:39.359125",,50,,,,,,,,,,physicalInteraction7.pcapng
"Nov 28, 2023 17:58:39.412760",,50,,,,,,,,,,physicalInteraction7.pcapng
"Nov 28, 2023 17:58:39.416283",,50,,,,,,,,,,physicalInteraction7.pcapng
"Nov 28, 2023 17:58:39.419303",,50,,,,,,,,,,physicalInteraction7.pcapng
"Nov 28, 2023 17:58:39.422577",,50,,,,,,,,,,physicalInteraction7.pcapng
"Nov 28, 2023 17:58:39.453070",,50,,,,,,,,,,physicalInteraction7.pcapng
"Nov 28, 2023 17:58:39.458345",,50,,,,,,,,,,physicalInteraction7.pcapng
"Nov 28, 2023 17:58:39.461482",,50,,,,,,,,,,physicalInteraction7.pcapng
"Nov 28, 2023 17:58:39.465395",,50,,,,,,,,,,physicalInteraction7.pcapng
"Nov 28, 2023 17:58:39.492853",,50,,,,,,,,,,physicalInteraction7.pcapng
"Nov 28, 2023 17:58:39.496739",,50,,,,,,,,,,physicalInteraction7.pcapng
"Nov 28, 2023 17:58:39.501985",,50,,,,,,,,,,physicalInteraction7.pcapng
"Nov 28, 2023 17:58:39.505210",,50,,,,,,,,,,physicalInteraction7.pcapng
"Nov 28, 2023 17:58:39.530947",,50,,,,,,,,,,physicalInteraction7.pcapng
"Nov 28, 2023 17:58:39.533873",,50,,,,,,,,,,physicalInteraction7.pcapng
"Nov 28, 2023 17:58:39.537212",,50,,,,,,,,,,physicalInteraction7.pcapng
"Nov 28, 2023 17:58:39.542406",,50,,,,,,,,,,physicalInteraction7.pcapng
"Nov 28, 2023 17:58:39.579354",,50,,,,,,,,,,physicalInteraction7.pcapng
"Nov 28, 2023 17:58:39.583666",,50,,,,,,,,,,physicalInteraction7.pcapng
"Nov 28, 2023 17:58:39.588979",,50,,,,,,,,,,physicalInteraction7.pcapng
"Nov 28, 2023 17:58:39.596648",,50,,,,,,,,,,physicalInteraction7.pcapng
"Nov 28, 2023 17:58:39.638406",,50,,,,,,,,,,physicalInteraction7.pcapng
"Nov 28, 2023 17:58:39.641704",,50,,,,,,,,,,physicalInteraction7.pcapng
"Nov 28, 2023 17:58:39.645363",,50,,,,,,,,,,physicalInteraction7.pcapng
"Nov 28, 2023 17:58:39.650236",,50,,,,,,,,,,physicalInteraction7.pcapng
"Nov 28, 2023 17:58:39.986965",0.336729,62,0x1e15,0xffff,0x8841,153,0x1e15,0xfffc,0x1209,,,physicalInteraction7.pcapng
"Nov 28, 2023 17:58:40.008039",,52,,,,,,,,,,physicalInteraction7.pcapng
"Nov 28, 2023 17:58:40.010055",0.002016,5,,,0x0002,183,,,,,,physicalInteraction7.pcapng
"Nov 28, 2023 17:58:40.017808",,63,,,,,,,,,,physicalInteraction7.pcapng
"Nov 28, 2023 17:58:40.020207",0.002399,5,,,0x0002,202,,,,,,physicalInteraction7.pcapng
"Nov 28, 2023 17:58:40.043938",,52,,,,,,,,,,physicalInteraction7.pcapng
"Nov 28, 2023 17:58:40.045954",0.002016,5,,,0x0002,184,,,,,,physicalInteraction7.pcapng
"Nov 28, 2023 17:58:40.053852",,63,,,,,,,,,,physicalInteraction7.pcapng
"Nov 28, 2023 17:58:40.056251",0.002399,5,,,0x0002,36,,,,,,physicalInteraction7.pcapng
"Nov 28, 2023 17:58:40.057671",,45,,,,,,,,,,physicalInteraction7.pcapng
"Nov 28, 2023 17:58:40.059463",0.001792,5,,,0x0002,185,,,,,,physicalInteraction7.pcapng
"Nov 28, 2023 17:58:40.078728",,54,,,,,,,,,,physicalInteraction7.pcapng
"Nov 28, 2023 17:58:40.080810",0.002082,5,,,0x0002,186,,,,,,physicalInteraction7.pcapng
"Nov 28, 2023 17:58:40.088663",,66,,,,,,,,,,physicalInteraction7.pcapng
"Nov 28, 2023 17:58:40.091158",0.002495,5,,,0x0002,203,,,,,,physicalInteraction7.pcapng
"Nov 28, 2023 17:58:40.092087",,45,,,,,,,,,,physicalInteraction7.pcapng
"Nov 28, 2023 17:58:40.093879",0.001792,5,,,0x0002,187,,,,,,physicalInteraction7.pcapng
"Nov 28, 2023 17:58:40.122294",,54,,,,,,,,,,physicalInteraction7.pcapng
"Nov 28, 2023 17:58:40.124376",0.002082,5,,,0x0002,188,,,,,,physicalInteraction7.pcapng
"Nov 28, 2023 17:58:40.132175",,66,,,,,,,,,,physicalInteraction7.pcapng
"Nov 28, 2023 17:58:40.134670",0.002495,5,,,0x0002,37,,,,,,physicalInteraction7.pcapng
"Nov 28, 2023 17:58:40.141412",,54,,,,,,,,,,physicalInteraction7.pcapng
"Nov 28, 2023 17:58:40.143524",0.002112,5,,,0x0002,189,,,,,,physicalInteraction7.pcapng
"Nov 28, 2023 17:58:40.148176",,54,,,,,,,,,,physicalInteraction7.pcapng
"Nov 28, 2023 17:58:40.150245",0.002069,5,,,0x0002,164,,,,,,physicalInteraction7.pcapng
"Nov 28, 2023 17:58:40.156794",,45,,,,,,,,,,physicalInteraction7.pcapng
"Nov 28, 2023 17:58:40.158577",0.001783,5,,,0x0002,190,,,,,,physicalInteraction7.pcapng
"Nov 28, 2023 17:58:40.162475",,52,,,,,,,,,,physicalInteraction7.pcapng
"Nov 28, 2023 17:58:40.166234",,52,,,,,,,,,,physicalInteraction7.pcapng
"Nov 28, 2023 17:58:40.170093",,52,,,,,,,,,,physicalInteraction7.pcapng
"Nov 28, 2023 17:58:40.172141",0.002048,5,,,0x0002,191,,,,,,physicalInteraction7.pcapng
"Nov 28, 2023 17:58:40.172631",0.000490,107,0xb1bf,0x0000,0x886b,103,,,,,,physicalInteraction7.pcapng
"Nov 28, 2023 17:58:40.177212",,52,,,,,,,,,,physicalInteraction7.pcapng
"Nov 28, 2023 17:58:40.179217",0.002005,5,,,0x0002,165,,,,,,physicalInteraction7.pcapng
"Nov 28, 2023 17:58:40.180588",,45,,,,,,,,,,physicalInteraction7.pcapng
"Nov 28, 2023 17:58:40.182381",0.001793,5,,,0x0002,192,,,,,,physicalInteraction7.pcapng
"Nov 28, 2023 17:58:40.187842",,66,,,,,,,,,,physicalInteraction7.pcapng
"Nov 28, 2023 17:58:40.190337",0.002495,5,,,0x0002,104,,,,,,physicalInteraction7.pcapng
"Nov 28, 2023 17:58:40.191273",,63,,,,,,,,,,physicalInteraction7.pcapng
"Nov 28, 2023 17:58:40.193672",0.002399,5,,,0x0002,105,,,,,,physicalInteraction7.pcapng
"Nov 28, 2023 17:58:40.216962",,45,,,,,,,,,,physicalInteraction7.pcapng
"Nov 28, 2023 17:58:40.218785",0.001823,5,,,0x0002,193,,,,,,physicalInteraction7.pcapng
"Nov 28, 2023 17:58:40.223453",,45,,,,,,,,,,physicalInteraction7.pcapng
"Nov 28, 2023 17:58:40.225245",0.001792,5,,,0x0002,166,,,,,,physicalInteraction7.pcapng
"Nov 28, 2023 17:58:40.231730",,45,,,,,,,,,,physicalInteraction7.pcapng
"Nov 28, 2023 17:58:40.233553",0.001823,5,,,0x0002,194,,,,,,physicalInteraction7.pcapng
"Nov 28, 2023 17:58:40.236044",,45,,,,,,,,,,physicalInteraction7.pcapng
"Nov 28, 2023 17:58:40.237836",0.001792,5,,,0x0002,167,,,,,,physicalInteraction7.pcapng
"Nov 28, 2023 17:58:40.700883",0.463047,59,0x4308,0xffff,0x8841,171,,,,,,physicalInteraction7.pcapng
"Nov 28, 2023 17:58:41.023878",0.322995,59,,,,,,,,,,physicalInteraction7.pcapng
"Nov 28, 2023 17:58:41.246381",0.222503,74,0xb1bf,0xffff,0x8841,106,0xb1bf,0xfffc,0x1209,,,physicalInteraction7.pcapng
"Nov 28, 2023 17:58:41.344062",0.097681,59,0x4308,0xffff,0x8841,173,0x4308,0xfffc,0x1209,,,physicalInteraction7.pcapng
"Nov 28, 2023 17:58:41.664280",0.320218,59,0x55de,0xebff,0x8841,174,,,,,,physicalInteraction7.pcapng
"Nov 28, 2023 17:58:46.964615",5.300335,74,0x3d95,0xffff,0x8841,38,0x3d95,0xfffc,0x1209,,,physicalInteraction7.pcapng
"Nov 28, 2023 17:58:48.833173",1.868558,74,0x5bb9,0xffff,0x8841,170,0x5bb9,0xfffc,0x1209,,,physicalInteraction7.pcapng
"Nov 28, 2023 17:58:49.702124",0.868951,59,0x4308,0xffff,0x8841,175,,,,,,physicalInteraction7.pcapng
"Nov 28, 2023 17:58:50.349726",0.647602,59,0x4308,0xffff,0x8841,177,0x4308,0xfffc,0x1209,,,physicalInteraction7.pcapng
"Nov 28, 2023 17:58:50.670477",0.320751,59,0x4308,0xffff,0x8841,178,0x4308,0xfffc,0x1209,,,physicalInteraction7.pcapng
"Nov 28, 2023 17:58:51.264579",0.594102,74,0xec7f,0xffff,0x8841,90,0xec7f,0xfffc,0x1209,,,physicalInteraction7.pcapng
"Nov 28, 2023 17:58:52.148422",,60,,,,,,,,,,physicalInteraction7.pcapng
"Nov 28, 2023 17:58:52.150724",0.002302,5,,,0x0002,39,,,,,,physicalInteraction7.pcapng
"Nov 28, 2023 17:58:52.191066",,50,,,,,,,,,,physicalInteraction7.pcapng
"Nov 28, 2023 17:58:52.193020",0.001954,5,,,0x0002,195,,,,,,physicalInteraction7.pcapng
"Nov 28, 2023 17:58:52.198368",,45,,,,,,,,,,physicalInteraction7.pcapng
"Nov 28, 2023 17:58:52.200191",0.001823,5,,,0x0002,40,,,,,,physicalInteraction7.pcapng
"Nov 28, 2023 17:58:52.773715",0.573524,74,0x711c,0xffff,0x8841,168,0x711c,0xfffc,0x1209,,,physicalInteraction7.pcapng
"Nov 28, 2023 17:58:53.006366",0.232651,74,0xe1a6,0xffff,0x8841,204,0xe1a6,0xfffc,0x1209,,,physicalInteraction7.pcapng
"Nov 28, 2023 17:58:53.029675",0.023309,59,0x4308,0xffff,0x8841,181,,,,,,physicalInteraction7.pcapng
"Nov 28, 2023 17:58:53.542666",0.512991,74,0x4e11,0xffff,0x8841,215,0x4e11,0xfffc,0x1209,,,physicalInteraction7.pcapng
"Nov 28, 2023 17:58:53.677491",0.134825,59,0x5308,0xffff,0x8841,183,,,,,,physicalInteraction7.pcapng
"Nov 28, 2023 17:58:54.105520",0.428029,74,0x0112,0xffff,0x8841,235,0x0112,0xfffc,0x1209,,,physicalInteraction7.pcapng
"Nov 28, 2023 17:58:54.327199",0.221679,74,0x0000,0xffff,0x8841,196,0x0000,0xfffc,0x1209,,,physicalInteraction7.pcapng
"Nov 28, 2023 17:58:54.998044",0.670845,65,0x1e15,0xffff,0x8841,154,0x1e15,0xfffc,0x1209,,,physicalInteraction7.pcapng
"Nov 28, 2023 17:58:56.235858",1.237814,74,0xb1bf,0xffff,0x8841,107,0xb1bf,0xfffc,0x1209,,,physicalInteraction7.pcapng
"Nov 28, 2023 17:59:01.927539",5.691681,74,0x3d95,0xffff,0x8841,41,0x3d95,0xfffc,0x1209,,,physicalInteraction7.pcapng
"Nov 28, 2023 17:59:07.012072",5.084533,74,0x5bb9,0xffff,0x8841,171,0x5bb9,0xfffc,0x1209,,,physicalInteraction7.pcapng
"Nov 28, 2023 17:59:08.051602",1.039530,74,0xe1a6,0xffff,0x8841,205,0xe1a6,0xfffc,0x1209,,,physicalInteraction7.pcapng
"Nov 28, 2023 17:59:09.970711",1.919109,74,0x711c,0xffff,0x8841,169,0x711c,0xfffc,0x1209,,,physicalInteraction7.pcapng
"Nov 28, 2023 17:59:09.984954",0.014243,65,0x1e15,0xffff,0x8841,155,0x1e15,0xfffc,0x1209,,,physicalInteraction7.pcapng
"Nov 28, 2023 17:59:10.009760",,52,,,,,,,,,,physicalInteraction7.pcapng
"Nov 28, 2023 17:59:10.011776",0.002016,5,,,0x0002,197,,,,,,physicalInteraction7.pcapng
"Nov 28, 2023 17:59:10.019895",,63,,,,,,,,,,physicalInteraction7.pcapng
"Nov 28, 2023 17:59:10.022294",0.002399,5,,,0x0002,206,,,,,,physicalInteraction7.pcapng
"Nov 28, 2023 17:59:10.044606",,52,,,,,,,,,,physicalInteraction7.pcapng
"Nov 28, 2023 17:59:10.046624",0.002018,5,,,0x0002,198,,,,,,physicalInteraction7.pcapng
"Nov 28, 2023 17:59:10.054454",,63,,,,,,,,,,physicalInteraction7.pcapng
"Nov 28, 2023 17:59:10.056852",0.002398,5,,,0x0002,42,,,,,,physicalInteraction7.pcapng
"Nov 28, 2023 17:59:10.058898",,45,,,,,,,,,,physicalInteraction7.pcapng
"Nov 28, 2023 17:59:10.060690",0.001792,5,,,0x0002,199,,,,,,physicalInteraction7.pcapng
"Nov 28, 2023 17:59:10.088240",,54,,,,,,,,,,physicalInteraction7.pcapng
"Nov 28, 2023 17:59:10.090321",0.002081,5,,,0x0002,200,,,,,,physicalInteraction7.pcapng
"Nov 28, 2023 17:59:10.098473",,66,,,,,,,,,,physicalInteraction7.pcapng
"Nov 28, 2023 17:59:10.100967",0.002494,5,,,0x0002,207,,,,,,physicalInteraction7.pcapng
"Nov 28, 2023 17:59:10.120997",,45,,,,,,,,,,physicalInteraction7.pcapng
"Nov 28, 2023 17:59:10.122790",0.001793,5,,,0x0002,201,,,,,,physicalInteraction7.pcapng
"Nov 28, 2023 17:59:10.127936",,54,,,,,,,,,,physicalInteraction7.pcapng
"Nov 28, 2023 17:59:10.130018",0.002082,5,,,0x0002,202,,,,,,physicalInteraction7.pcapng
"Nov 28, 2023 17:59:10.137805",,66,,,,,,,,,,physicalInteraction7.pcapng
"Nov 28, 2023 17:59:10.140299",0.002494,5,,,0x0002,43,,,,,,physicalInteraction7.pcapng
"Nov 28, 2023 17:59:10.141535",,54,,,,,,,,,,physicalInteraction7.pcapng
"Nov 28, 2023 17:59:10.143646",0.002111,5,,,0x0002,203,,,,,,physicalInteraction7.pcapng
"Nov 28, 2023 17:59:10.146497",,54,,,,,,,,,,physicalInteraction7.pcapng
"Nov 28, 2023 17:59:10.148578",0.002081,5,,,0x0002,170,,,,,,physicalInteraction7.pcapng
"Nov 28, 2023 17:59:10.155774",,66,,,,,,,,,,physicalInteraction7.pcapng
"Nov 28, 2023 17:59:10.158269",0.002495,5,,,0x0002,108,,,,,,physicalInteraction7.pcapng
"Nov 28, 2023 17:59:10.163294",,52,,,,,,,,,,physicalInteraction7.pcapng
"Nov 28, 2023 17:59:10.165341",0.002047,5,,,0x0002,204,,,,,,physicalInteraction7.pcapng
"Nov 28, 2023 17:59:10.168579",,52,,,,,,,,,,physicalInteraction7.pcapng
"Nov 28, 2023 17:59:10.170600",0.002021,5,,,0x0002,171,,,,,,physicalInteraction7.pcapng
"Nov 28, 2023 17:59:10.177662",,63,,,,,,,,,,physicalInteraction7.pcapng
"Nov 28, 2023 17:59:10.180060",0.002398,5,,,0x0002,109,,,,,,physicalInteraction7.pcapng
"Nov 28, 2023 17:59:10.181376",,45,,,,,,,,,,physicalInteraction7.pcapng
"Nov 28, 2023 17:59:10.183161",0.001785,5,,,0x0002,205,,,,,,physicalInteraction7.pcapng
"Nov 28, 2023 17:59:10.196266",,45,,,,,,,,,,physicalInteraction7.pcapng
"Nov 28, 2023 17:59:10.198058",0.001792,5,,,0x0002,206,,,,,,physicalInteraction7.pcapng
"Nov 28, 2023 17:59:10.204763",,45,,,,,,,,,,physicalInteraction7.pcapng
"Nov 28, 2023 17:59:10.206586",0.001823,5,,,0x0002,207,,,,,,physicalInteraction7.pcapng
"Nov 28, 2023 17:59:10.208894",,45,,,,,,,,,,physicalInteraction7.pcapng
"Nov 28, 2023 17:59:10.221432",,45,,,,,,,,,,physicalInteraction7.pcapng
"Nov 28, 2023 17:59:10.223255",0.001823,5,,,0x0002,208,,,,,,physicalInteraction7.pcapng
"Nov 28, 2023 17:59:10.226245",,45,,,,,,,,,,physicalInteraction7.pcapng
"Nov 28, 2023 17:59:10.228039",0.001794,5,,,0x0002,173,,,,,,physicalInteraction7.pcapng
"Nov 28, 2023 17:59:11.128724",0.900685,74,0x4e11,0xffff,0x8841,216,0x4e11,0xfffc,0x1209,,,physicalInteraction7.pcapng
"Nov 28, 2023 17:59:11.216255",0.087531,74,0xb1bf,0xffff,0x8841,110,0xb1bf,0xfffc,0x1209,,,physicalInteraction7.pcapng
"Nov 28, 2023 17:59:12.108961",0.892706,74,0x0000,0xffff,0x8841,209,0x0000,0xfffc,0x1209,,,physicalInteraction7.pcapng
"Nov 28, 2023 17:59:15.786235",,53,,,,,,,,,,physicalInteraction7.pcapng
"Nov 28, 2023 17:59:15.788274",0.002039,5,,,0x0002,181,,,,,,physicalInteraction7.pcapng
"Nov 28, 2023 17:59:15.792162",,53,,,,,,,,,,physicalInteraction7.pcapng
"Nov 28, 2023 17:59:15.794241",0.002079,5,,,0x0002,208,,,,,,physicalInteraction7.pcapng
"Nov 28, 2023 17:59:16.292225",0.497984,12,0x4615,0xe1a6,0x8863,182,,,,,,physicalInteraction7.pcapng
"Nov 28, 2023 17:59:16.292960",0.000735,5,,,0x0002,182,,,,,,physicalInteraction7.pcapng
"Nov 28, 2023 17:59:16.926885",0.633925,74,0x3d95,0xffff,0x8841,44,0x3d95,0xfffc,0x1209,,,physicalInteraction7.pcapng
"Nov 28, 2023 17:59:22.624272",,59,,,,,,,,,,physicalInteraction7.pcapng
"Nov 28, 2023 17:59:22.626543",0.002271,5,,,0x0002,92,,,,,,physicalInteraction7.pcapng
"Nov 28, 2023 17:59:22.642539",,45,,,,,,,,,,physicalInteraction7.pcapng
"Nov 28, 2023 17:59:22.644348",0.001809,5,,,0x0002,210,,,,,,physicalInteraction7.pcapng
"Nov 28, 2023 17:59:22.670303",,49,,,,,,,,,,physicalInteraction7.pcapng
"Nov 28, 2023 17:59:22.672240",0.001937,5,,,0x0002,211,,,,,,physicalInteraction7.pcapng
"Nov 28, 2023 17:59:22.677188",,45,,,,,,,,,,physicalInteraction7.pcapng
"Nov 28, 2023 17:59:22.679010",0.001822,5,,,0x0002,93,,,,,,physicalInteraction7.pcapng
"Nov 28, 2023 17:59:23.041096",0.362086,74,0xe1a6,0xffff,0x8841,209,0xe1a6,0xfffc,0x1209,,,physicalInteraction7.pcapng
"Nov 28, 2023 17:59:24.100693",1.059597,102,0x0112,0xffff,0x8866,237,,,,,,physicalInteraction7.pcapng
"Nov 28, 2023 17:59:24.211784",0.111091,74,0x711c,0xffff,0x8841,174,0x711c,0xfffc,0x1209,,,physicalInteraction7.pcapng
"Nov 28, 2023 17:59:24.983807",0.772023,65,0x1e15,0xffff,0x8841,156,0x1e15,0xfffc,0x1209,,,physicalInteraction7.pcapng
"Nov 28, 2023 17:59:25.125790",0.141983,74,0x5bb9,0xffff,0x8841,172,0x5bb9,0xfffc,0x1209,,,physicalInteraction7.pcapng
"Nov 28, 2023 17:59:25.430964",0.305174,74,0xec7f,0xffff,0x8841,94,0xec7f,0xfffc,0x1209,,,physicalInteraction7.pcapng
"Nov 28, 2023 17:59:26.223227",0.792263,74,0xb1bf,0xffff,0x8841,111,0xb1bf,0xfffc,0x1209,,,physicalInteraction7.pcapng
"Nov 28, 2023 17:59:26.590137",0.366910,74,0x0000,0xffff,0x8841,212,0x0000,0xfffc,0x1209,,,physicalInteraction7.pcapng
"Nov 28, 2023 17:59:27.127802",0.537665,55,0x711c,0x0000,0x8861,175,0x711c,0x0000,0x1a09,,,physicalInteraction7.pcapng
"Nov 28, 2023 17:59:27.129945",0.002143,5,,,0x0002,175,,,,,,physicalInteraction7.pcapng
"Nov 28, 2023 17:59:27.167456",,52,,,,,,,,,,physicalInteraction7.pcapng
"Nov 28, 2023 17:59:27.169502",0.002046,5,,,0x0002,176,,,,,,physicalInteraction7.pcapng
"Nov 28, 2023 17:59:27.625739",0.456237,74,0x4e11,0xffff,0x8841,217,0x4e11,0xfffc,0x1209,,,physicalInteraction7.pcapng
"Nov 28, 2023 17:59:28.139035",0.513296,55,0x711c,0x0000,0x8861,177,0x711c,0x0000,0x1a09,,,physicalInteraction7.pcapng
"Nov 28, 2023 17:59:28.141178",0.002143,5,,,0x0002,177,,,,,,physicalInteraction7.pcapng
"Nov 28, 2023 17:59:28.179042",,52,,,,,,,,,,physicalInteraction7.pcapng
"Nov 28, 2023 17:59:28.181089",0.002047,5,,,0x0002,178,,,,,,physicalInteraction7.pcapng
"Nov 28, 2023 17:59:31.962973",3.781884,74,0x3d95,0xffff,0x8841,45,0x3d95,0xfffc,0x1209,,,physicalInteraction7.pcapng
"Nov 28, 2023 17:59:38.047498",6.084525,74,0xe1a6,0xffff,0x8841,210,0xe1a6,0xfffc,0x1209,,,physicalInteraction7.pcapng
"Nov 28, 2023 17:59:39.110283",1.062785,74,0x0112,0xffff,0x8841,238,0x0112,0xfffc,0x1209,,,physicalInteraction7.pcapng
"Nov 28, 2023 17:59:39.980975",0.870692,65,0x1e15,0xffff,0x8841,157,0x1e15,0xfffc,0x1209,,,physicalInteraction7.pcapng
"Nov 28, 2023 17:59:40.014915",,52,,,,,,,,,,physicalInteraction7.pcapng
"Nov 28, 2023 17:59:40.016932",0.002017,5,,,0x0002,213,,,,,,physicalInteraction7.pcapng
"Nov 28, 2023 17:59:40.024497",,63,,,,,,,,,,physicalInteraction7.pcapng
"Nov 28, 2023 17:59:40.026896",0.002399,5,,,0x0002,211,,,,,,physicalInteraction7.pcapng
"Nov 28, 2023 17:59:40.054188",,52,,,,,,,,,,physicalInteraction7.pcapng
"Nov 28, 2023 17:59:40.056206",0.002018,5,,,0x0002,214,,,,,,physicalInteraction7.pcapng
"Nov 28, 2023 17:59:40.064074",,63,,,,,,,,,,physicalInteraction7.pcapng
"Nov 28, 2023 17:59:40.066473",0.002399,5,,,0x0002,46,,,,,,physicalInteraction7.pcapng
"Nov 28, 2023 17:59:40.070278",,45,,,,,,,,,,physicalInteraction7.pcapng
"Nov 28, 2023 17:59:40.072070",0.001792,5,,,0x0002,215,,,,,,physicalInteraction7.pcapng
"Nov 28, 2023 17:59:40.088004",,54,,,,,,,,,,physicalInteraction7.pcapng
"Nov 28, 2023 17:59:40.092837",,54,,,,,,,,,,physicalInteraction7.pcapng
"Nov 28, 2023 17:59:40.094916",0.002079,5,,,0x0002,216,,,,,,physicalInteraction7.pcapng
"Nov 28, 2023 17:59:40.102751",,66,,,,,,,,,,physicalInteraction7.pcapng
"Nov 28, 2023 17:59:40.105246",0.002495,5,,,0x0002,212,,,,,,physicalInteraction7.pcapng
"Nov 28, 2023 17:59:40.121139",,54,,,,,,,,,,physicalInteraction7.pcapng
"Nov 28, 2023 17:59:40.123220",0.002081,5,,,0x0002,217,,,,,,physicalInteraction7.pcapng
"Nov 28, 2023 17:59:40.130954",,66,,,,,,,,,,physicalInteraction7.pcapng
"Nov 28, 2023 17:59:40.133449",0.002495,5,,,0x0002,47,,,,,,physicalInteraction7.pcapng
"Nov 28, 2023 17:59:40.138293",,45,,,,,,,,,,physicalInteraction7.pcapng
"Nov 28, 2023 17:59:40.140086",0.001793,5,,,0x0002,218,,,,,,physicalInteraction7.pcapng
"Nov 28, 2023 17:59:40.150729",,54,,,,,,,,,,physicalInteraction7.pcapng
"Nov 28, 2023 17:59:40.152840",0.002111,5,,,0x0002,219,,,,,,physicalInteraction7.pcapng
"Nov 28, 2023 17:59:40.155860",,54,,,,,,,,,,physicalInteraction7.pcapng
"Nov 28, 2023 17:59:40.157941",0.002081,5,,,0x0002,179,,,,,,physicalInteraction7.pcapng
"Nov 28, 2023 17:59:40.163628",,52,,,,,,,,,,physicalInteraction7.pcapng
"Nov 28, 2023 17:59:40.170294",,52,,,,,,,,,,physicalInteraction7.pcapng
"Nov 28, 2023 17:59:40.174116",,52,,,,,,,,,,physicalInteraction7.pcapng
"Nov 28, 2023 17:59:40.178511",,52,,,,,,,,,,physicalInteraction7.pcapng
"Nov 28, 2023 17:59:40.186421",,45,,,,,,,,,,physicalInteraction7.pcapng
"Nov 28, 2023 17:59:40.188213",0.001792,5,,,0x0002,221,,,,,,physicalInteraction7.pcapng
"Nov 28, 2023 17:59:40.192724",,66,,,,,,,,,,physicalInteraction7.pcapng
"Nov 28, 2023 17:59:40.195219",0.002495,5,,,0x0002,113,,,,,,physicalInteraction7.pcapng
"Nov 28, 2023 17:59:40.196885",,45,,,,,,,,,,physicalInteraction7.pcapng
"Nov 28, 2023 17:59:40.198665",0.001780,5,,,0x0002,222,,,,,,physicalInteraction7.pcapng
"Nov 28, 2023 17:59:40.211404",,45,,,,,,,,,,physicalInteraction7.pcapng
"Nov 28, 2023 17:59:40.213227",0.001823,5,,,0x0002,223,,,,,,physicalInteraction7.pcapng
"Nov 28, 2023 17:59:40.219993",,52,,,,,,,,,,physicalInteraction7.pcapng
"Nov 28, 2023 17:59:40.222040",0.002047,5,,,0x0002,224,,,,,,physicalInteraction7.pcapng
"Nov 28, 2023 17:59:40.226827",,45,,,,,,,,,,physicalInteraction7.pcapng
"Nov 28, 2023 17:59:40.228618",0.001791,5,,,0x0002,180,,,,,,physicalInteraction7.pcapng
"Nov 28, 2023 17:59:40.231634",,52,,,,,,,,,,physicalInteraction7.pcapng
"Nov 28, 2023 17:59:40.233651",0.002017,5,,,0x0002,181,,,,,,physicalInteraction7.pcapng
"Nov 28, 2023 17:59:40.240687",,63,,,,,,,,,,physicalInteraction7.pcapng
"Nov 28, 2023 17:59:40.243086",0.002399,5,,,0x0002,114,,,,,,physicalInteraction7.pcapng
"Nov 28, 2023 17:59:40.257790",,45,,,,,,,,,,physicalInteraction7.pcapng
"Nov 28, 2023 17:59:40.259613",0.001823,5,,,0x0002,225,,,,,,physicalInteraction7.pcapng
"Nov 28, 2023 17:59:40.273356",,45,,,,,,,,,,physicalInteraction7.pcapng
"Nov 28, 2023 17:59:40.275148",0.001792,5,,,0x0002,182,,,,,,physicalInteraction7.pcapng
"Nov 28, 2023 17:59:40.562265",0.287117,74,0x0000,0xffff,0x8841,226,0x0000,0xfffc,0x1209,,,physicalInteraction7.pcapng
"Nov 28, 2023 17:59:40.666159",0.103894,74,0xec7f,0xffff,0x8841,95,0xec7f,0xfffc,0x1209,,,physicalInteraction7.pcapng
"Nov 28, 2023 17:59:41.199770",0.533611,74,0xb1bf,0xffff,0x8841,115,0xb1bf,0xfffc,0x1209,,,physicalInteraction7.pcapng
"Nov 28, 2023 17:59:41.790891",0.591121,74,0x711c,0xffff,0x8841,183,0x711c,0xfffc,0x1209,,,physicalInteraction7.pcapng
"Nov 28, 2023 17:59:42.727064",0.936173,74,0x5bb9,0xffff,0x8841,173,0x5bb9,0xfffc,0x1209,,,physicalInteraction7.pcapng
"Nov 28, 2023 17:59:43.692030",0.964966,74,0x4e11,0xffff,0x8841,218,0x4e11,0xfffc,0x1209,,,physicalInteraction7.pcapng
"Nov 28, 2023 17:59:45.955510",,63,,,,,,,,,,physicalInteraction7.pcapng
"Nov 28, 2023 17:59:45.957909",0.002399,5,,,0x0002,116,,,,,,physicalInteraction7.pcapng
"Nov 28, 2023 17:59:46.002130",,50,,,,,,,,,,physicalInteraction7.pcapng
"Nov 28, 2023 17:59:46.004113",0.001983,5,,,0x0002,227,,,,,,physicalInteraction7.pcapng
"Nov 28, 2023 17:59:46.006932",,50,,,,,,,,,,physicalInteraction7.pcapng
"Nov 28, 2023 17:59:46.008883",0.001951,5,,,0x0002,184,,,,,,physicalInteraction7.pcapng
"Nov 28, 2023 17:59:46.013773",,45,,,,,,,,,,physicalInteraction7.pcapng
"Nov 28, 2023 17:59:46.015596",0.001823,5,,,0x0002,117,,,,,,physicalInteraction7.pcapng
"Nov 28, 2023 17:59:46.033558",,57,,,,,,,,,,physicalInteraction7.pcapng
"Nov 28, 2023 17:59:46.035765",0.002207,5,,,0x0002,118,,,,,,physicalInteraction7.pcapng
"Nov 28, 2023 17:59:46.077390",,50,,,,,,,,,,physicalInteraction7.pcapng
"Nov 28, 2023 17:59:46.079373",0.001983,5,,,0x0002,228,,,,,,physicalInteraction7.pcapng
"Nov 28, 2023 17:59:46.084048",,50,,,,,,,,,,physicalInteraction7.pcapng
"Nov 28, 2023 17:59:46.086000",0.001952,5,,,0x0002,185,,,,,,physicalInteraction7.pcapng
"Nov 28, 2023 17:59:46.090922",,45,,,,,,,,,,physicalInteraction7.pcapng
"Nov 28, 2023 17:59:46.092745",0.001823,5,,,0x0002,119,,,,,,physicalInteraction7.pcapng
"Nov 28, 2023 17:59:46.979559",0.886814,74,0x3d95,0xffff,0x8841,48,0x3d95,0xfffc,0x1209,,,physicalInteraction7.pcapng
"Nov 28, 2023 17:59:49.816034",,50,,,,,,,,,,physicalInteraction7.pcapng
"Nov 28, 2023 17:59:49.820362",,50,,,,,,,,,,physicalInteraction7.pcapng
"Nov 28, 2023 17:59:49.822346",0.001984,5,,,0x0002,229,,,,,,physicalInteraction7.pcapng
"Nov 28, 2023 17:59:49.827893",0.005547,55,0x711c,0x0000,0x8861,186,0x711c,0x0000,0x1a09,,,physicalInteraction7.pcapng
"Nov 28, 2023 17:59:49.830035",0.002142,5,,,0x0002,186,,,,,,physicalInteraction7.pcapng
"Nov 28, 2023 17:59:49.875817",,53,,,,,,,,,,physicalInteraction7.pcapng
"Nov 28, 2023 17:59:49.877896",0.002079,5,,,0x0002,187,,,,,,physicalInteraction7.pcapng
"Nov 28, 2023 17:59:49.918957",,50,,,,,,,,,,physicalInteraction7.pcapng
"Nov 28, 2023 17:59:49.924511",,50,,,,,,,,,,physicalInteraction7.pcapng
"Nov 28, 2023 17:59:49.926495",0.001984,5,,,0x0002,230,,,,,,physicalInteraction7.pcapng
"Nov 28, 2023 17:59:49.931428",0.004933,55,0x711c,0x0000,0x8861,188,0x711c,0x0000,0x1a09,,,physicalInteraction7.pcapng
"Nov 28, 2023 17:59:49.933571",0.002143,5,,,0x0002,188,,,,,,physicalInteraction7.pcapng
"Nov 28, 2023 17:59:49.979695",,53,,,,,,,,,,physicalInteraction7.pcapng
"Nov 28, 2023 17:59:49.981774",0.002079,5,,,0x0002,189,,,,,,physicalInteraction7.pcapng
"Nov 28, 2023 17:59:53.050677",3.068903,74,0xe1a6,0xffff,0x8841,213,0xe1a6,0xfffc,0x1209,,,physicalInteraction7.pcapng
"Nov 28, 2023 17:59:54.109632",1.058955,74,0x0112,0xffff,0x8841,239,0x0112,0xfffc,0x1209,,,physicalInteraction7.pcapng
"Nov 28, 2023 17:59:55.605406",1.495774,74,0xec7f,0xffff,0x8841,96,0xec7f,0xfffc,0x1209,,,physicalInteraction7.pcapng
"Nov 28, 2023 17:59:56.256889",0.651483,74,0xb1bf,0xffff,0x8841,120,0xb1bf,0xfffc,0x1209,,,physicalInteraction7.pcapng
"Nov 28, 2023 17:59:57.193087",0.936198,74,0x0000,0xffff,0x8841,231,0x0000,0xfffc,0x1209,,,physicalInteraction7.pcapng
"Nov 28, 2023 17:59:57.219056",0.025969,74,0x711c,0xffff,0x8841,190,0x711c,0xfffc,0x1209,,,physicalInteraction7.pcapng
"Nov 28, 2023 17:59:58.398192",1.179136,74,0x5bb9,0xffff,0x8841,174,0x5bb9,0xfffc,0x1209,,,physicalInteraction7.pcapng
"Nov 28, 2023 18:00:00.122117",1.723925,74,0x4e11,0xffff,0x8841,219,0x4e11,0xfffc,0x1209,,,physicalInteraction7.pcapng
"Nov 28, 2023 18:00:01.343012",,60,,,,,,,,,,physicalInteraction7.pcapng
"Nov 28, 2023 18:00:01.345315",0.002303,5,,,0x0002,121,,,,,,physicalInteraction7.pcapng
"Nov 28, 2023 18:00:01.400442",,50,,,,,,,,,,physicalInteraction7.pcapng
"Nov 28, 2023 18:00:01.402426",0.001984,5,,,0x0002,232,,,,,,physicalInteraction7.pcapng
"Nov 28, 2023 18:00:01.404867",,50,,,,,,,,,,physicalInteraction7.pcapng
"Nov 28, 2023 18:00:01.406819",0.001952,5,,,0x0002,191,,,,,,physicalInteraction7.pcapng
"Nov 28, 2023 18:00:01.411764",,45,,,,,,,,,,physicalInteraction7.pcapng
"Nov 28, 2023 18:00:01.413587",0.001823,5,,,0x0002,122,,,,,,physicalInteraction7.pcapng
"Nov 28, 2023 18:00:01.992655",0.579068,74,0x3d95,0xffff,0x8841,49,0x3d95,0xfffc,0x1209,,,physicalInteraction7.pcapng
"Nov 28, 2023 18:00:07.981077",5.988422,74,0xe1a6,0xffff,0x8841,214,0xe1a6,0xfffc,0x1209,,,physicalInteraction7.pcapng
"Nov 28, 2023 18:00:09.119221",1.138144,74,0x0112,0xffff,0x8841,240,0x0112,0xfffc,0x1209,,,physicalInteraction7.pcapng
"Nov 28, 2023 18:00:09.761679",0.642458,74,0xec7f,0xffff,0x8841,97,0xec7f,0xfffc,0x1209,,,physicalInteraction7.pcapng
"Nov 28, 2023 18:00:09.957572",0.195893,65,0x1e15,0xffff,0x8841,159,0x1e15,0xfffc,0x1209,,,physicalInteraction7.pcapng
"Nov 28, 2023 18:00:10.022984",,52,,,,,,,,,,physicalInteraction7.pcapng
"Nov 28, 2023 18:00:10.025002",0.002018,5,,,0x0002,233,,,,,,physicalInteraction7.pcapng
"Nov 28, 2023 18:00:10.033137",,63,,,,,,,,,,physicalInteraction7.pcapng
"Nov 28, 2023 18:00:10.035536",0.002399,5,,,0x0002,215,,,,,,physicalInteraction7.pcapng
"Nov 28, 2023 18:00:10.037398",,52,,,,,,,,,,physicalInteraction7.pcapng
"Nov 28, 2023 18:00:10.039417",0.002019,5,,,0x0002,234,,,,,,physicalInteraction7.pcapng
"Nov 28, 2023 18:00:10.047250",,63,,,,,,,,,,physicalInteraction7.pcapng
"Nov 28, 2023 18:00:10.049649",0.002399,5,,,0x0002,50,,,,,,physicalInteraction7.pcapng
"Nov 28, 2023 18:00:10.077092",,45,,,,,,,,,,physicalInteraction7.pcapng
"Nov 28, 2023 18:00:10.078885",0.001793,5,,,0x0002,235,,,,,,physicalInteraction7.pcapng
"Nov 28, 2023 18:00:10.089027",,54,,,,,,,,,,physicalInteraction7.pcapng
"Nov 28, 2023 18:00:10.091106",0.002079,5,,,0x0002,236,,,,,,physicalInteraction7.pcapng
"Nov 28, 2023 18:00:10.099234",,66,,,,,,,,,,physicalInteraction7.pcapng
"Nov 28, 2023 18:00:10.101728",0.002494,5,,,0x0002,216,,,,,,physicalInteraction7.pcapng
"Nov 28, 2023 18:00:10.109783",,45,,,,,,,,,,physicalInteraction7.pcapng
"Nov 28, 2023 18:00:10.111575",0.001792,5,,,0x0002,237,,,,,,physicalInteraction7.pcapng
"Nov 28, 2023 18:00:10.121924",,54,,,,,,,,,,physicalInteraction7.pcapng
"Nov 28, 2023 18:00:10.124004",0.002080,5,,,0x0002,238,,,,,,physicalInteraction7.pcapng
"Nov 28, 2023 18:00:10.131691",,66,,,,,,,,,,physicalInteraction7.pcapng
"Nov 28, 2023 18:00:10.134186",0.002495,5,,,0x0002,51,,,,,,physicalInteraction7.pcapng
"Nov 28, 2023 18:00:10.135118",,54,,,,,,,,,,physicalInteraction7.pcapng
"Nov 28, 2023 18:00:10.137229",0.002111,5,,,0x0002,239,,,,,,physicalInteraction7.pcapng
"Nov 28, 2023 18:00:10.139962",,54,,,,,,,,,,physicalInteraction7.pcapng
"Nov 28, 2023 18:00:10.142041",0.002079,5,,,0x7002,103,,,,,,physicalInteraction7.pcapng
"Nov 28, 2023 18:00:10.149311",,66,,,,,,,,,,physicalInteraction7.pcapng
"Nov 28, 2023 18:00:10.151806",0.002495,5,,,0x0002,123,,,,,,physicalInteraction7.pcapng
"Nov 28, 2023 18:00:10.159473",,52,,,,,,,,,,physicalInteraction7.pcapng
"Nov 28, 2023 18:00:10.161520",0.002047,5,,,0x0002,240,,,,,,physicalInteraction7.pcapng
"Nov 28, 2023 18:00:10.164672",,52,,,,,,,,,,physicalInteraction7.pcapng
"Nov 28, 2023 18:00:10.166677",0.002005,5,,,0x0002,193,,,,,,physicalInteraction7.pcapng
"Nov 28, 2023 18:00:10.173876",,45,,,,,,,,,,physicalInteraction7.pcapng
"Nov 28, 2023 18:00:10.175657",0.001781,5,,,0x0002,241,,,,,,physicalInteraction7.pcapng
"Nov 28, 2023 18:00:10.178990",,63,,,,,,,,,,physicalInteraction7.pcapng
"Nov 28, 2023 18:00:10.181389",0.002399,5,,,0x0002,124,,,,,,physicalInteraction7.pcapng
"Nov 28, 2023 18:00:10.186008",,45,,,,,,,,,,physicalInteraction7.pcapng
"Nov 28, 2023 18:00:10.187789",0.001781,5,,,0x0002,242,,,,,,physicalInteraction7.pcapng
"Nov 28, 2023 18:00:10.196938",,45,,,,,,,,,,physicalInteraction7.pcapng
"Nov 28, 2023 18:00:10.198761",0.001823,5,,,0x0002,243,,,,,,physicalInteraction7.pcapng
"Nov 28, 2023 18:00:10.202067",,45,,,,,,,,,,physicalInteraction7.pcapng
"Nov 28, 2023 18:00:10.203859",0.001792,5,,,0x0002,194,,,,,,physicalInteraction7.pcapng
"Nov 28, 2023 18:00:10.204693",,45,,,,,,,,,,physicalInteraction7.pcapng
"Nov 28, 2023 18:00:10.206517",0.001824,5,,,0x0002,244,,,,,,physicalInteraction7.pcapng
"Nov 28, 2023 18:00:10.209860",,45,,,,,,,,,,physicalInteraction7.pcapng
"Nov 28, 2023 18:00:10.211647",0.001787,5,,,0x0002,195,,,,,,physicalInteraction7.pcapng
"Nov 28, 2023 18:00:11.292008",1.080361,74,0xb1bf,0xffff,0x8841,125,0xb1bf,0xfffc,0x1209,,,physicalInteraction7.pcapng
"Nov 28, 2023 18:00:11.793744",0.501736,74,0x711c,0xffff,0x8841,196,0x711c,0xfffc,0x1209,,,physicalInteraction7.pcapng
"Nov 28, 2023 18:00:13.245805",1.452061,74,0x0000,0xffff,0x8841,245,0x0000,0xfffc,0x1209,,,physicalInteraction7.pcapng
"Nov 28, 2023 18:00:14.658175",1.412370,74,0x5bb9,0xffff,0x8841,175,0x5bb9,0xfffc,0x1209,,,physicalInteraction7.pcapng
"Nov 28, 2023 18:00:15.681033",1.022858,74,0x4e11,0xffff,0x8841,220,0x4e11,0xfffc,0x1209,,,physicalInteraction7.pcapng
"Nov 28, 2023 18:00:16.972925",1.291892,74,0x3d95,0xffff,0x8841,52,0x3d95,0xfffc,0x1209,,,physicalInteraction7.pcapng
"Nov 28, 2023 18:00:23.020737",6.047812,74,0xe1a6,0xffff,0x8841,217,0xe1a6,0xfffc,0x1209,,,physicalInteraction7.pcapng
"Nov 28, 2023 18:00:24.566485",1.545748,74,0xec7f,0xffff,0x8841,98,0xec7f,0xfffc,0x1209,,,physicalInteraction7.pcapng
"Nov 28, 2023 18:00:25.063496",0.497011,65,0x1e15,0xffff,0x8841,160,0x1e15,0xfffc,0x1209,,,physicalInteraction7.pcapng
"Nov 28, 2023 18:00:25.724391",0.660895,59,0x4308,0xffff,0x8841,254,,,,,,physicalInteraction7.pcapng
"Nov 28, 2023 18:00:29.078890",3.354499,74,0x5bb9,0xffff,0x8841,176,0x5bb9,0xfffc,0x1209,,,physicalInteraction7.pcapng
"Nov 28, 2023 18:00:29.199624",0.120734,74,0x711c,0xffff,0x8841,197,0x711c,0xfffc,0x1209,,,physicalInteraction7.pcapng
"Nov 28, 2023 18:00:30.392523",1.192899,74,0x0000,0xffff,0x8841,246,0x0000,0xfffc,0x1209,,,physicalInteraction7.pcapng
"Nov 28, 2023 18:00:31.917910",1.525387,74,0x3d95,0xffff,0x8841,53,0x3d95,0xfffc,0x1209,,,physicalInteraction7.pcapng
"Nov 28, 2023 18:00:32.019391",0.101481,74,0x4e11,0xffff,0x8841,221,0x4e11,0xfffc,0x1209,,,physicalInteraction7.pcapng
"Nov 28, 2023 18:00:33.035933",,60,,,,,,,,,,physicalInteraction7.pcapng
"Nov 28, 2023 18:00:33.038236",0.002303,5,,,0x0002,218,,,,,,physicalInteraction7.pcapng
"Nov 28, 2023 18:00:33.081547",,50,,,,,,,,,,physicalInteraction7.pcapng
"Nov 28, 2023 18:00:33.083499",0.001952,5,,,0x0002,247,,,,,,physicalInteraction7.pcapng
"Nov 28, 2023 18:00:33.088545",,45,,,,,,,,,,physicalInteraction7.pcapng
"Nov 28, 2023 18:00:33.090368",0.001823,5,,,0x0002,219,,,,,,physicalInteraction7.pcapng
"Nov 28, 2023 18:00:37.011940",,63,,,,,,,,,,physicalInteraction7.pcapng
"Nov 28, 2023 18:00:37.014339",0.002399,5,,,0x0002,54,,,,,,physicalInteraction7.pcapng
"Nov 28, 2023 18:00:37.061358",,50,,,,,,,,,,physicalInteraction7.pcapng
"Nov 28, 2023 18:00:37.063310",0.001952,5,,,0x0002,248,,,,,,physicalInteraction7.pcapng
"Nov 28, 2023 18:00:37.068606",,45,,,,,,,,,,physicalInteraction7.pcapng
"Nov 28, 2023 18:00:37.070429",0.001823,5,,,0x0002,55,,,,,,physicalInteraction7.pcapng
"Nov 28, 2023 18:00:37.082670",,57,,,,,,,,,,physicalInteraction7.pcapng
"Nov 28, 2023 18:00:37.084877",0.002207,5,,,0x0002,56,,,,,,physicalInteraction7.pcapng
"Nov 28, 2023 18:00:37.126057",,50,,,,,,,,,,physicalInteraction7.pcapng
"Nov 28, 2023 18:00:37.129413",,50,,,,,,,,,,physicalInteraction7.pcapng
"Nov 28, 2023 18:00:37.131366",0.001953,5,,,0x0002,249,,,,,,physicalInteraction7.pcapng
"Nov 28, 2023 18:00:37.136443",,45,,,,,,,,,,physicalInteraction7.pcapng
"Nov 28, 2023 18:00:37.138266",0.001823,5,,,0x0002,57,,,,,,physicalInteraction7.pcapng
"Nov 28, 2023 18:00:38.056411",0.918145,74,0xe1a6,0xffff,0x8841,220,0xe1a6,0xfffc,0x1209,,,physicalInteraction7.pcapng
"Nov 28, 2023 18:00:39.117918",1.061507,98,0x0112,0xffff,0x8862,242,,,,,,physicalInteraction7.pcapng
"Nov 28, 2023 18:00:40.021465",,52,,,,,,,,,,physicalInteraction7.pcapng
"Nov 28, 2023 18:00:40.023481",0.002016,5,,,0x0002,250,,,,,,physicalInteraction7.pcapng
"Nov 28, 2023 18:00:40.031127",,63,,,,,,,,,,physicalInteraction7.pcapng
"Nov 28, 2023 18:00:40.033525",0.002398,5,,,0x0002,221,,,,,,physicalInteraction7.pcapng
"Nov 28, 2023 18:00:40.056351",,52,,,,,,,,,,physicalInteraction7.pcapng
"Nov 28, 2023 18:00:40.058356",0.002005,5,,,0x0002,251,,,,,,physicalInteraction7.pcapng
"Nov 28, 2023 18:00:40.066003",,63,,,,,,,,,,physicalInteraction7.pcapng
"Nov 28, 2023 18:00:40.068401",0.002398,5,,,0x0002,58,,,,,,physicalInteraction7.pcapng
"Nov 28, 2023 18:00:40.069575",,45,,,,,,,,,,physicalInteraction7.pcapng
"Nov 28, 2023 18:00:40.071369",0.001794,5,,,0x0002,252,,,,,,physicalInteraction7.pcapng
"Nov 28, 2023 18:00:40.097821",,54,,,,,,,,,,physicalInteraction7.pcapng
"Nov 28, 2023 18:00:40.099892",0.002071,5,,,0x0002,253,,,,,,physicalInteraction7.pcapng
"Nov 28, 2023 18:00:40.107727",,66,,,,,,,,,,physicalInteraction7.pcapng
"Nov 28, 2023 18:00:40.110222",0.002495,5,,,0x0002,222,,,,,,physicalInteraction7.pcapng
"Nov 28, 2023 18:00:40.119122",,45,,,,,,,,,,physicalInteraction7.pcapng
"Nov 28, 2023 18:00:40.120914",0.001792,5,,,0x0002,254,,,,,,physicalInteraction7.pcapng
"Nov 28, 2023 18:00:40.131834",,54,,,,,,,,,,physicalInteraction7.pcapng
"Nov 28, 2023 18:00:40.133914",0.002080,5,,,0x0002,255,,,,,,physicalInteraction7.pcapng
"Nov 28, 2023 18:00:40.141647",,66,,,,,,,,,,physicalInteraction7.pcapng
"Nov 28, 2023 18:00:40.144141",0.002494,5,,,0x0002,59,,,,,,physicalInteraction7.pcapng
"Nov 28, 2023 18:00:40.145575",,54,,,,,,,,,,physicalInteraction7.pcapng
"Nov 28, 2023 18:00:40.147687",0.002112,5,,,0x0002,0,,,,,,physicalInteraction7.pcapng
"Nov 28, 2023 18:00:40.150731",,54,,,,,,,,,,physicalInteraction7.pcapng
"Nov 28, 2023 18:00:40.152811",0.002080,5,,,0x0002,198,,,,,,physicalInteraction7.pcapng
"Nov 28, 2023 18:00:40.160061",,66,,,,,,,,,,physicalInteraction7.pcapng
"Nov 28, 2023 18:00:40.162556",0.002495,5,,,0x0002,127,,,,,,physicalInteraction7.pcapng
"Nov 28, 2023 18:00:40.168346",,52,,,,,,,,,,physicalInteraction7.pcapng
"Nov 28, 2023 18:00:40.170394",0.002048,5,,,0x0002,1,,,,,,physicalInteraction7.pcapng
"Nov 28, 2023 18:00:40.174153",,52,,,,,,,,,,physicalInteraction7.pcapng
"Nov 28, 2023 18:00:40.176166",0.002013,5,,,0x0002,199,,,,,,physicalInteraction7.pcapng
"Nov 28, 2023 18:00:40.184031",,63,,,,,,,,,,physicalInteraction7.pcapng
"Nov 28, 2023 18:00:40.186430",0.002399,5,,,0x0002,128,,,,,,physicalInteraction7.pcapng
"Nov 28, 2023 18:00:40.188163",,45,,,,,,,,,,physicalInteraction7.pcapng
"Nov 28, 2023 18:00:40.189946",0.001783,5,,,0x0002,2,,,,,,physicalInteraction7.pcapng
"Nov 28, 2023 18:00:40.201398",,45,,,,,,,,,,physicalInteraction7.pcapng
"Nov 28, 2023 18:00:40.203180",0.001782,5,,,0x0002,3,,,,,,physicalInteraction7.pcapng
"Nov 28, 2023 18:00:40.208135",,45,,,,,,,,,,physicalInteraction7.pcapng
"Nov 28, 2023 18:00:40.209958",0.001823,5,,,0x0002,4,,,,,,physicalInteraction7.pcapng
"Nov 28, 2023 18:00:40.213381",,45,,,,,,,,,,physicalInteraction7.pcapng
"Nov 28, 2023 18:00:40.215172",0.001791,5,,,0x0002,200,,,,,,physicalInteraction7.pcapng
"Nov 28, 2023 18:00:40.217792",,45,,,,,,,,,,physicalInteraction7.pcapng
"Nov 28, 2023 18:00:40.219616",0.001824,5,,,0x0002,5,,,,,,physicalInteraction7.pcapng
"Nov 28, 2023 18:00:40.222643",,45,,,,,,,,,,physicalInteraction7.pcapng
"Nov 28, 2023 18:00:41.237118",1.014475,74,0xb1bf,0xffff,0x8841,129,0xb1bf,0xfffc,0x1209,,,physicalInteraction7.pcapng
"Nov 28, 2023 18:00:42.242417",1.005299,74,0xec7f,0xffff,0x8841,99,0xec7f,0xfffc,0x1209,,,physicalInteraction7.pcapng
"Nov 28, 2023 18:00:44.081170",1.838753,74,0x711c,0xffff,0x8841,202,0x711c,0xfffc,0x1209,,,physicalInteraction7.pcapng
"Nov 28, 2023 18:00:44.426661",0.345491,74,0x5bb9,0xffff,0x8841,177,0x5bb9,0xfffc,0x1209,,,physicalInteraction7.pcapng
"Nov 28, 2023 18:00:45.097519",0.670858,74,0x0000,0xffff,0x8841,6,0x0000,0xfffc,0x1209,,,physicalInteraction7.pcapng
"Nov 28, 2023 18:00:46.668621",1.571102,74,0x4e11,0xffff,0x8841,222,0x4e11,0xfffc,0x1209,,,physicalInteraction7.pcapng
"Nov 28, 2023 18:00:46.994746",0.326125,74,0x3d95,0xffff,0x8841,60,0x3d95,0xfffc,0x1209,,,physicalInteraction7.pcapng
"Nov 28, 2023 18:00:52.979253",5.984507,74,0xe1a6,0xffff,0x8841,223,0xe1a6,0xfffc,0x1209,,,physicalInteraction7.pcapng
"Nov 28, 2023 18:00:54.108306",1.129053,74,0x0112,0xffff,0x8841,243,0x0112,0xfffc,0x1209,,,physicalInteraction7.pcapng
"Nov 28, 2023 18:00:55.018304",0.909998,65,0x1e15,0xffff,0x8841,162,0x1e15,0xfffc,0x1209,,,physicalInteraction7.pcapng
"Nov 28, 2023 18:00:56.254115",1.235811,74,0xb1bf,0xffff,0x8841,130,0xb1bf,0xfffc,0x1209,,,physicalInteraction7.pcapng
"Nov 28, 2023 18:00:59.063612",2.809497,74,0xec7f,0xffff,0x8841,100,0xec7f,0xfffc,0x1209,,,physicalInteraction7.pcapng
"Nov 28, 2023 18:00:59.145311",0.081699,74,0x711c,0xffff,0x8841,203,0x711c,0xfffc,0x1209,,,physicalInteraction7.pcapng
"Nov 28, 2023 18:00:59.363610",0.218299,74,0x5bb9,0xffff,0x8841,178,0x5bb9,0xfffc,0x1209,,,physicalInteraction7.pcapng
"Nov 28, 2023 18:00:59.899432",0.535822,74,0x0000,0xffff,0x8841,7,0x0000,0xfffc,0x1209,,,physicalInteraction7.pcapng
"Nov 28, 2023 18:01:01.983885",2.084453,74,0x3d95,0xffff,0x8841,61,0x3d95,0xfffc,0x1209,,,physicalInteraction7.pcapng
"Nov 28, 2023 18:01:03.836283",1.852398,74,0x4e11,0xffff,0x8841,223,0x4e11,0xfffc,0x1209,,,physicalInteraction7.pcapng
"Nov 28, 2023 18:01:05.372027",,57,,,,,,,,,,physicalInteraction7.pcapng
"Nov 28, 2023 18:01:05.374233",0.002206,5,,,0x0002,224,,,,,,physicalInteraction7.pcapng
"Nov 28, 2023 18:01:05.414945",,50,,,,,,,,,,physicalInteraction7.pcapng
"Nov 28, 2023 18:01:05.416896",0.001951,5,,,0x0002,8,,,,,,physicalInteraction7.pcapng
"Nov 28, 2023 18:01:05.422262",,45,,,,,,,,,,physicalInteraction7.pcapng
"Nov 28, 2023 18:01:05.424085",0.001823,5,,,0x0002,225,,,,,,physicalInteraction7.pcapng
"Nov 28, 2023 18:01:05.437788",,63,,,,,,,,,,physicalInteraction7.pcapng
"Nov 28, 2023 18:01:05.440187",0.002399,5,,,0x0002,226,,,,,,physicalInteraction7.pcapng
"Nov 28, 2023 18:01:05.485437",,50,,,,,,,,,,physicalInteraction7.pcapng
"Nov 28, 2023 18:01:05.487390",0.001953,5,,,0x0002,9,,,,,,physicalInteraction7.pcapng
"Nov 28, 2023 18:01:05.492847",,45,,,,,,,,,,physicalInteraction7.pcapng
"Nov 28, 2023 18:01:05.494669",0.001822,5,,,0x0002,227,,,,,,physicalInteraction7.pcapng
"Nov 28, 2023 18:01:06.213628",,53,,,,,,,,,,physicalInteraction7.pcapng
"Nov 28, 2023 18:01:06.215677",0.002049,5,,,0x0002,183,,,,,,physicalInteraction7.pcapng
"Nov 28, 2023 18:01:06.219485",,53,,,,,,,,,,physicalInteraction7.pcapng
"Nov 28, 2023 18:01:06.221564",0.002079,5,,,0x0002,228,,,,,,physicalInteraction7.pcapng
"Nov 28, 2023 18:01:06.722740",0.501176,12,0x4615,0xe1a6,0x8863,184,,,,,,physicalInteraction7.pcapng
"Nov 28, 2023 18:01:06.726499",0.003759,12,0x4615,0xe1a6,0x8863,184,,,,,,physicalInteraction7.pcapng
"Nov 28, 2023 18:01:06.727226",0.000727,5,,,0x0002,184,,,,,,physicalInteraction7.pcapng
"Nov 28, 2023 18:01:08.059867",1.332641,74,0xe1a6,0xffff,0x8841,229,0xe1a6,0xfffc,0x1209,,,physicalInteraction7.pcapng
"Nov 28, 2023 18:01:09.110855",1.050988,87,0x0112,0xffff,0x8857,244,,,,,,physicalInteraction7.pcapng
"Nov 28, 2023 18:01:10.002823",0.891968,65,0x1e15,0xffff,0x8841,163,0x1e15,0xfffc,0x1209,,,physicalInteraction7.pcapng
"Nov 28, 2023 18:01:10.029298",,52,,,,,,,,,,physicalInteraction7.pcapng
"Nov 28, 2023 18:01:10.031305",0.002007,5,,,0x0002,10,,,,,,physicalInteraction7.pcapng
"Nov 28, 2023 18:01:10.039039",,63,,,,,,,,,,physicalInteraction7.pcapng
"Nov 28, 2023 18:01:10.041438",0.002399,5,,,0x0002,230,,,,,,physicalInteraction7.pcapng
"Nov 28, 2023 18:01:10.046777",,52,,,,,,,,,,physicalInteraction7.pcapng
"Nov 28, 2023 18:01:10.048794",0.002017,5,,,0x0002,11,,,,,,physicalInteraction7.pcapng
"Nov 28, 2023 18:01:10.057516",,63,,,,,,,,,,physicalInteraction7.pcapng
"Nov 28, 2023 18:01:10.059914",0.002398,5,,,0x0002,62,,,,,,physicalInteraction7.pcapng
"Nov 28, 2023 18:01:10.083617",,45,,,,,,,,,,physicalInteraction7.pcapng
"Nov 28, 2023 18:01:10.085411",0.001794,5,,,0x0002,12,,,,,,physicalInteraction7.pcapng
"Nov 28, 2023 18:01:10.093630",,54,,,,,,,,,,physicalInteraction7.pcapng
"Nov 28, 2023 18:01:10.095710",0.002080,5,,,0x0002,13,,,,,,physicalInteraction7.pcapng
"Nov 28, 2023 18:01:10.103544",,66,,,,,,,,,,physicalInteraction7.pcapng
"Nov 28, 2023 18:01:10.106039",0.002495,5,,,0x0002,231,,,,,,physicalInteraction7.pcapng
"Nov 28, 2023 18:01:10.114433",,54,,,,,,,,,,physicalInteraction7.pcapng
"Nov 28, 2023 18:01:10.116516",0.002083,5,,,0x0002,14,,,,,,physicalInteraction7.pcapng
"Nov 28, 2023 18:01:10.124491",,66,,,,,,,,,,physicalInteraction7.pcapng
"Nov 28, 2023 18:01:10.126986",0.002495,5,,,0x0002,63,,,,,,physicalInteraction7.pcapng
"Nov 28, 2023 18:01:10.141219",,45,,,,,,,,,,physicalInteraction7.pcapng
"Nov 28, 2023 18:01:10.143013",0.001794,5,,,0x0002,15,,,,,,physicalInteraction7.pcapng
"Nov 28, 2023 18:01:10.149111",,54,,,,,,,,,,physicalInteraction7.pcapng
"Nov 28, 2023 18:01:10.151222",0.002111,5,,,0x0002,16,,,,,,physicalInteraction7.pcapng
"Nov 28, 2023 18:01:10.155973",,54,,,,,,,,,,physicalInteraction7.pcapng
"Nov 28, 2023 18:01:10.158054",0.002081,5,,,0x0002,204,,,,,,physicalInteraction7.pcapng
"Nov 28, 2023 18:01:10.162233",0.004179,52,0x0000,0x711c,0x8861,17,,,,,,physicalInteraction7.pcapng
"Nov 28, 2023 18:01:10.165213",,52,,,,,,,,,,physicalInteraction7.pcapng
"Nov 28, 2023 18:01:10.169755",,52,,,,,,,,,,physicalInteraction7.pcapng
"Nov 28, 2023 18:01:10.174408",,52,,,,,,,,,,physicalInteraction7.pcapng
"Nov 28, 2023 18:01:10.180376",,66,,,,,,,,,,physicalInteraction7.pcapng
"Nov 28, 2023 18:01:10.182871",0.002495,5,,,0x0002,131,,,,,,physicalInteraction7.pcapng
"Nov 28, 2023 18:01:10.184291",,45,,,,,,,,,,physicalInteraction7.pcapng
"Nov 28, 2023 18:01:10.186084",0.001793,5,,,0x0002,18,,,,,,physicalInteraction7.pcapng
"Nov 28, 2023 18:01:10.199124",,45,,,,,,,,,,physicalInteraction7.pcapng
"Nov 28, 2023 18:01:10.200916",0.001792,5,,,0x0002,19,,,,,,physicalInteraction7.pcapng
"Nov 28, 2023 18:01:10.206245",,45,,,,,,,,,,physicalInteraction7.pcapng
"Nov 28, 2023 18:01:10.208068",0.001823,107,,,,,,,,,,physicalInteraction7.pcapng
"Nov 28, 2023 18:01:10.213257",0.005189,5,,,0x0002,20,,,,,,physicalInteraction7.pcapng
"Nov 28, 2023 18:01:10.218506",,45,,,,,,,,,,physicalInteraction7.pcapng
"Nov 28, 2023 18:01:10.220299",0.001793,105,,,0x6669,118,,,,,,physicalInteraction7.pcapng
"Nov 28, 2023 18:01:10.227083",,52,,,,,,,,,,physicalInteraction7.pcapng
"Nov 28, 2023 18:01:10.234322",0.007239,5,,,0x0002,206,,,,,,physicalInteraction7.pcapng
"Nov 28, 2023 18:01:10.241513",,63,,,,,,,,,,physicalInteraction7.pcapng
"Nov 28, 2023 18:01:10.243912",0.002399,5,,,0x0002,132,,,,,,physicalInteraction7.pcapng
"Nov 28, 2023 18:01:10.258396",,45,,,,,,,,,,physicalInteraction7.pcapng
"Nov 28, 2023 18:01:10.260220",0.001824,5,,,0x0002,22,,,,,,physicalInteraction7.pcapng
"Nov 28, 2023 18:01:10.263854",0.003634,45,0x711c,0xb1bf,0x8861,207,,,,,,physicalInteraction7.pcapng
"Nov 28, 2023 18:01:10.272356",,45,,,,,,,,,,physicalInteraction7.pcapng
"Nov 28, 2023 18:01:10.274148",0.001792,5,,,0x0002,207,,,,,,physicalInteraction7.pcapng
"Nov 28, 2023 18:01:11.193964",0.919816,74,0xb1bf,0xffff,0x8841,133,0xb1bf,0xfffc,0x1209,,,physicalInteraction7.pcapng
"Nov 28, 2023 18:01:16.298495",5.104531,74,0xec7f,0xffff,0x8841,101,0xec7f,0xfffc,0x1209,,,physicalInteraction7.pcapng
"Nov 28, 2023 18:01:16.761669",0.463174,74,0x5bb9,0xffff,0x8841,179,0x5bb9,0xfffc,0x1209,,,physicalInteraction7.pcapng
"Nov 28, 2023 18:01:16.943056",0.181387,74,0x3d95,0xffff,0x8841,64,0x3d95,0xfffc,0x1209,,,physicalInteraction7.pcapng
"Nov 28, 2023 18:01:17.150696",0.207640,74,0x711c,0xffff,0x8841,208,0x711c,0xfffc,0x1209,,,physicalInteraction7.pcapng
"Nov 28, 2023 18:01:17.343336",0.192640,74,0x0000,0xffff,0x8841,23,0x0000,0xfffc,0x1209,,,physicalInteraction7.pcapng
"Nov 28, 2023 18:01:21.568426",4.225090,108,0x4e11,0xffff,0x886c,224,,,,,,physicalInteraction7.pcapng
"Nov 28, 2023 18:01:23.099866",1.531440,74,0xe1a6,0xffff,0x8841,232,0xe1a6,0xfffc,0x1209,,,physicalInteraction7.pcapng
"Nov 28, 2023 18:01:24.127483",1.027617,74,0x0112,0xffff,0x8841,245,0x0112,0xfffc,0x1209,,,physicalInteraction7.pcapng
"Nov 28, 2023 18:01:24.958780",0.831297,65,0x1e15,0xffff,0x8841,164,0x1e15,0xfffc,0x1209,,,physicalInteraction7.pcapng
"Nov 28, 2023 18:01:26.212251",1.253471,74,0xb1bf,0xffff,0x8841,134,0xb1bf,0xfffc,0x1209,,,physicalInteraction7.pcapng
"Nov 28, 2023 18:01:27.135721",,60,,,,,,,,,,physicalInteraction7.pcapng
"Nov 28, 2023 18:01:27.138024",0.002303,5,,,0x0002,65,,,,,,physicalInteraction7.pcapng
"Nov 28, 2023 18:01:27.180231",,50,,,,,,,,,,physicalInteraction7.pcapng
"Nov 28, 2023 18:01:27.182184",0.001953,5,,,0x0002,24,,,,,,physicalInteraction7.pcapng
"Nov 28, 2023 18:01:27.187566",,45,,,,,,,,,,physicalInteraction7.pcapng
"Nov 28, 2023 18:01:27.189388",0.001822,5,,,0x0002,66,,,,,,physicalInteraction7.pcapng
"Nov 28, 2023 18:01:31.310062",4.120674,74,0xec7f,0xffff,0x8841,102,0xec7f,0xfffc,0x1209,,,physicalInteraction7.pcapng
"Nov 28, 2023 18:01:31.400634",0.090572,106,0x5bb9,0xffff,0x886a,180,,,,,,physicalInteraction7.pcapng
"Nov 28, 2023 18:01:32.030337",0.629703,74,0x3d95,0xffff,0x8841,67,0x3d95,0xfffc,0x1209,,,physicalInteraction7.pcapng
"Nov 28, 2023 18:01:33.245727",1.215390,74,0x0000,0xffff,0x8841,25,0x0000,0xfffc,0x1209,,,physicalInteraction7.pcapng
"Nov 28, 2023 18:01:35.038212",1.792485,74,0x711c,0xffff,0x8841,209,0x711c,0xfffc,0x1209,,,physicalInteraction7.pcapng
"Nov 28, 2023 18:01:38.034065",2.995853,74,0xe1a6,0xffff,0x8841,233,0xe1a6,0xfffc,0x1209,,,physicalInteraction7.pcapng
"Nov 28, 2023 18:01:38.965885",0.931820,74,0x4e11,0xffff,0x8841,225,0x4e11,0xfffc,0x1209,,,physicalInteraction7.pcapng
"Nov 28, 2023 18:01:39.114350",0.148465,74,0x0112,0xffff,0x8841,246,0x0112,0xfffc,0x1209,,,physicalInteraction7.pcapng
"Nov 28, 2023 18:01:40.025785",0.911435,65,0x1e15,0xffff,0x8841,165,0x1e15,0xfffc,0x1209,,,physicalInteraction7.pcapng
"Nov 28, 2023 18:01:40.033711",,52,,,,,,,,,,physicalInteraction7.pcapng
"Nov 28, 2023 18:01:40.035716",0.002005,5,,,0x0002,26,,,,,,physicalInteraction7.pcapng
"Nov 28, 2023 18:01:40.043390",,63,,,,,,,,,,physicalInteraction7.pcapng
"Nov 28, 2023 18:01:40.045788",0.002398,5,,,0x0002,234,,,,,,physicalInteraction7.pcapng
"Nov 28, 2023 18:01:40.046636",,52,,,,,,,,,,physicalInteraction7.pcapng
"Nov 28, 2023 18:01:40.048644",0.002008,5,,,0x0002,27,,,,,,physicalInteraction7.pcapng
"Nov 28, 2023 18:01:40.056533",,63,,,,,,,,,,physicalInteraction7.pcapng
"Nov 28, 2023 18:01:40.058932",0.002399,5,,,0x0002,68,,,,,,physicalInteraction7.pcapng
"Nov 28, 2023 18:01:40.089536",,45,,,,,,,,,,physicalInteraction7.pcapng
"Nov 28, 2023 18:01:40.091328",0.001792,5,,,0x0002,28,,,,,,physicalInteraction7.pcapng
"Nov 28, 2023 18:01:40.101106",,54,,,,,,,,,,physicalInteraction7.pcapng
"Nov 28, 2023 18:01:40.103186",0.002080,5,,,0x0002,29,,,,,,physicalInteraction7.pcapng
"Nov 28, 2023 18:01:40.110883",,66,,,,,,,,,,physicalInteraction7.pcapng
"Nov 28, 2023 18:01:40.113377",0.002494,5,,,0x0002,235,,,,,,physicalInteraction7.pcapng
"Nov 28, 2023 18:01:40.120213",,45,,,,,,,,,,physicalInteraction7.pcapng
"Nov 28, 2023 18:01:40.122007",0.001794,5,,,0x0002,30,,,,,,physicalInteraction7.pcapng
"Nov 28, 2023 18:01:40.141818",,54,,,,,,,,,,physicalInteraction7.pcapng
"Nov 28, 2023 18:01:40.143893",0.002075,5,,,0x0002,31,,,,,,physicalInteraction7.pcapng
"Nov 28, 2023 18:01:40.151578",,66,,,,,,,,,,physicalInteraction7.pcapng
"Nov 28, 2023 18:01:40.154073",0.002495,5,,,0x0002,69,,,,,,physicalInteraction7.pcapng
"Nov 28, 2023 18:01:40.158042",,54,,,,,,,,,,physicalInteraction7.pcapng
"Nov 28, 2023 18:01:40.160154",0.002112,5,,,0x0002,32,,,,,,physicalInteraction7.pcapng
"Nov 28, 2023 18:01:40.163325",,54,,,,,,,,,,physicalInteraction7.pcapng
"Nov 28, 2023 18:01:40.165404",0.002079,5,,,0x0002,210,,,,,,physicalInteraction7.pcapng
"Nov 28, 2023 18:01:40.172642",,66,,,,,,,,,,physicalInteraction7.pcapng
"Nov 28, 2023 18:01:40.175137",0.002495,5,,,0x0002,135,,,,,,physicalInteraction7.pcapng
"Nov 28, 2023 18:01:40.183597",,52,,,,,,,,,,physicalInteraction7.pcapng
"Nov 28, 2023 18:01:40.185644",0.002047,5,,,0x0002,33,,,,,,physicalInteraction7.pcapng
"Nov 28, 2023 18:01:40.188338",,52,,,,,,,,,,physicalInteraction7.pcapng
"Nov 28, 2023 18:01:40.190356",0.002018,5,,,0x0002,211,,,,,,physicalInteraction7.pcapng
"Nov 28, 2023 18:01:40.197228",,45,,,,,,,,,,physicalInteraction7.pcapng
"Nov 28, 2023 18:01:40.199011",0.001783,5,,,0x0002,34,,,,,,physicalInteraction7.pcapng
"Nov 28, 2023 18:01:40.203108",,63,,,,,,,,,,physicalInteraction7.pcapng
"Nov 28, 2023 18:01:40.205507",0.002399,5,,,0x0002,136,,,,,,physicalInteraction7.pcapng
"Nov 28, 2023 18:01:40.206704",,45,,,,,,,,,,physicalInteraction7.pcapng
"Nov 28, 2023 18:01:40.208497",0.001793,5,,,0x0002,35,,,,,,physicalInteraction7.pcapng
"Nov 28, 2023 18:01:40.213024",,63,,,,,,,,,,physicalInteraction7.pcapng
"Nov 28, 2023 18:01:40.215423",0.002399,5,,,0x0002,136,,,,,,physicalInteraction7.pcapng
"Nov 28, 2023 18:01:40.220393",,63,,,,,,,,,,physicalInteraction7.pcapng
"Nov 28, 2023 18:01:40.222792",0.002399,5,,,0x0002,137,,,,,,physicalInteraction7.pcapng
"Nov 28, 2023 18:01:40.226458",,45,,,,,,,,,,physicalInteraction7.pcapng
"Nov 28, 2023 18:01:40.228281",0.001823,5,,,0x0002,36,,,,,,physicalInteraction7.pcapng
"Nov 28, 2023 18:01:40.231607",,45,,,,,,,,,,physicalInteraction7.pcapng
"Nov 28, 2023 18:01:40.239784",,45,,,,,,,,,,physicalInteraction7.pcapng
"Nov 28, 2023 18:01:40.241607",0.001823,5,,,0x0002,37,,,,,,physicalInteraction7.pcapng
"Nov 28, 2023 18:01:40.244290",,45,,,,,,,,,,physicalInteraction7.pcapng
"Nov 28, 2023 18:01:40.246082",0.001792,5,,,0x0002,213,,,,,,physicalInteraction7.pcapng
"Nov 28, 2023 18:01:40.247208",,45,,,,,,,,,,physicalInteraction7.pcapng
"Nov 28, 2023 18:01:40.249031",0.001823,5,,,0x0002,38,,,,,,physicalInteraction7.pcapng
"Nov 28, 2023 18:01:40.253106",,45,,,,,,,,,,physicalInteraction7.pcapng
"Nov 28, 2023 18:01:40.254898",0.001792,5,,,0x0002,214,,,,,,physicalInteraction7.pcapng
"Nov 28, 2023 18:01:41.322606",1.067708,74,0xb1bf,0xffff,0x8841,138,0xb1bf,0xfffc,0x1209,,,physicalInteraction7.pcapng
"Nov 28, 2023 18:01:45.570930",4.248324,74,0xec7f,0xffff,0x8841,103,0xec7f,0xfffc,0x1209,,,physicalInteraction7.pcapng
"Nov 28, 2023 18:01:46.966460",1.395530,107,0x3d95,0xffff,0x886b,70,,,,,,physicalInteraction7.pcapng
"Nov 28, 2023 18:01:47.729806",0.763346,74,0x5bb9,0xffff,0x8841,181,0x5bb9,0xfffc,0x1209,,,physicalInteraction7.pcapng
"Nov 28, 2023 18:01:48.133914",,50,,,,,,,,,,physicalInteraction7.pcapng
"Nov 28, 2023 18:01:48.139213",,50,,,,,,,,,,physicalInteraction7.pcapng
"Nov 28, 2023 18:01:48.143302",,50,,,,,,,,,,physicalInteraction7.pcapng
"Nov 28, 2023 18:01:48.148547",,50,,,,,,,,,,physicalInteraction7.pcapng
"Nov 28, 2023 18:01:48.184865",,50,,,,,,,,,,physicalInteraction7.pcapng
"Nov 28, 2023 18:01:48.189125",,50,,,,,,,,,,physicalInteraction7.pcapng
"Nov 28, 2023 18:01:48.193800",,50,,,,,,,,,,physicalInteraction7.pcapng
"Nov 28, 2023 18:01:48.198561",,50,,,,,,,,,,physicalInteraction7.pcapng
"Nov 28, 2023 18:01:48.246862",,50,,,,,,,,,,physicalInteraction7.pcapng
"Nov 28, 2023 18:01:48.251289",,50,,,,,,,,,,physicalInteraction7.pcapng
"Nov 28, 2023 18:01:48.255577",,50,,,,,,,,,,physicalInteraction7.pcapng
"Nov 28, 2023 18:01:48.258586",,50,,,,,,,,,,physicalInteraction7.pcapng
"Nov 28, 2023 18:01:48.303228",,50,,,,,,,,,,physicalInteraction7.pcapng
"Nov 28, 2023 18:01:48.307756",,50,,,,,,,,,,physicalInteraction7.pcapng
"Nov 28, 2023 18:01:48.312043",,50,,,,,,,,,,physicalInteraction7.pcapng
"Nov 28, 2023 18:01:48.315118",,50,,,,,,,,,,physicalInteraction7.pcapng
"Nov 28, 2023 18:01:48.352018",,50,,,,,,,,,,physicalInteraction7.pcapng
"Nov 28, 2023 18:01:48.355957",,50,,,,,,,,,,physicalInteraction7.pcapng
"Nov 28, 2023 18:01:48.359451",,50,,,,,,,,,,physicalInteraction7.pcapng
"Nov 28, 2023 18:01:48.362725",,50,,,,,,,,,,physicalInteraction7.pcapng
"Nov 28, 2023 18:01:48.435157",,50,,,,,,,,,,physicalInteraction7.pcapng
"Nov 28, 2023 18:01:48.439722",,50,,,,,,,,,,physicalInteraction7.pcapng
"Nov 28, 2023 18:01:48.445036",,50,,,,,,,,,,physicalInteraction7.pcapng
"Nov 28, 2023 18:01:48.448737",,50,,,,,,,,,,physicalInteraction7.pcapng
"Nov 28, 2023 18:01:48.472589",,50,,,,,,,,,,physicalInteraction7.pcapng
"Nov 28, 2023 18:01:48.475834",,50,,,,,,,,,,physicalInteraction7.pcapng
"Nov 28, 2023 18:01:48.479815",,50,,,,,,,,,,physicalInteraction7.pcapng
"Nov 28, 2023 18:01:48.485381",,50,,,,,,,,,,physicalInteraction7.pcapng
"Nov 28, 2023 18:01:48.511170",,50,,,,,,,,,,physicalInteraction7.pcapng
"Nov 28, 2023 18:01:48.515750",,50,,,,,,,,,,physicalInteraction7.pcapng
"Nov 28, 2023 18:01:48.519618",,50,,,,,,,,,,physicalInteraction7.pcapng
"Nov 28, 2023 18:01:48.523432",,50,,,,,,,,,,physicalInteraction7.pcapng
"Nov 28, 2023 18:01:48.553349",,50,,,,,,,,,,physicalInteraction7.pcapng
"Nov 28, 2023 18:01:48.556649",,50,,,,,,,,,,physicalInteraction7.pcapng
"Nov 28, 2023 18:01:48.559990",,50,,,,,,,,,,physicalInteraction7.pcapng
"Nov 28, 2023 18:01:48.563263",,50,,,,,,,,,,physicalInteraction7.pcapng
"Nov 28, 2023 18:01:48.590346",,50,,,,,,,,,,physicalInteraction7.pcapng
"Nov 28, 2023 18:01:48.594453",,50,,,,,,,,,,physicalInteraction7.pcapng
"Nov 28, 2023 18:01:48.600018",,50,,,,,,,,,,physicalInteraction7.pcapng
"Nov 28, 2023 18:01:48.604039",,50,,,,,,,,,,physicalInteraction7.pcapng
"Nov 28, 2023 18:01:48.629072",,50,,,,,,,,,,physicalInteraction7.pcapng
"Nov 28, 2023 18:01:48.636598",,50,,,,,,,,,,physicalInteraction7.pcapng
"Nov 28, 2023 18:01:48.640557",,50,,,,,,,,,,physicalInteraction7.pcapng
"Nov 28, 2023 18:01:48.645970",,50,,,,,,,,,,physicalInteraction7.pcapng
"Nov 28, 2023 18:01:48.678544",,50,,,,,,,,,,physicalInteraction7.pcapng
"Nov 28, 2023 18:01:48.683816",,50,,,,,,,,,,physicalInteraction7.pcapng
"Nov 28, 2023 18:01:48.688157",,50,,,,,,,,,,physicalInteraction7.pcapng
"Nov 28, 2023 18:01:48.693469",,50,,,,,,,,,,physicalInteraction7.pcapng
"Nov 28, 2023 18:01:50.448410",1.754941,74,0x0000,0xffff,0x8841,51,0x0000,0xfffc,0x1209,,,physicalInteraction7.pcapng
"Nov 28, 2023 18:01:51.937756",1.489346,74,0x711c,0xffff,0x8841,215,0x711c,0xfffc,0x1209,,,physicalInteraction7.pcapng
"Nov 28, 2023 18:01:53.044855",1.107099,74,0xe1a6,0xffff,0x8841,236,0xe1a6,0xfffc,0x1209,,,physicalInteraction7.pcapng
"Nov 28, 2023 18:01:53.697092",0.652237,74,0x4e11,0xffff,0x8841,226,0x4e11,0xfffc,0x1209,,,physicalInteraction7.pcapng
"Nov 28, 2023 18:01:54.126179",0.429087,74,0x0112,0xffff,0x8841,247,0x0112,0xfffc,0x1209,,,physicalInteraction7.pcapng
"Nov 28, 2023 18:01:55.060596",0.934417,65,0x1e15,0xffff,0x8841,166,0x1e15,0xfffc,0x1209,,,physicalInteraction7.pcapng
"Nov 28, 2023 18:01:56.263687",1.203091,108,0xb1bf,0xffff,0x886c,139,,,,,,physicalInteraction7.pcapng
"Nov 28, 2023 18:01:56.401818",,53,,,,,,,,,,physicalInteraction7.pcapng
"Nov 28, 2023 18:01:56.405956",,53,,,,,,,,,,physicalInteraction7.pcapng
"Nov 28, 2023 18:01:56.411681",,53,,,,,,,,,,physicalInteraction7.pcapng
"Nov 28, 2023 18:01:56.413728",0.002047,5,,,0x0002,185,,,,,,physicalInteraction7.pcapng
"Nov 28, 2023 18:01:56.417512",,53,,,,,,,,,,physicalInteraction7.pcapng
"Nov 28, 2023 18:01:56.419591",0.002079,5,,,0x0002,237,,,,,,physicalInteraction7.pcapng
"Nov 28, 2023 18:01:56.422220",,53,,,,,,,,,,physicalInteraction7.pcapng
"Nov 28, 2023 18:01:56.424299",0.002079,5,,,0x0002,237,,,,,,physicalInteraction7.pcapng
"Nov 28, 2023 18:01:56.917588",0.493289,12,0x4615,0xe1a6,0x8863,186,,,,,,physicalInteraction7.pcapng
"Nov 28, 2023 18:01:56.918324",0.000736,5,,,0x0002,186,,,,,,physicalInteraction7.pcapng
"Nov 28, 2023 18:02:00.841435",3.923111,74,0xec7f,0xffff,0x8841,104,0xec7f,0xfffc,0x1209,,,physicalInteraction7.pcapng
"Nov 28, 2023 18:02:01.969523",1.128088,74,0x3d95,0xffff,0x8841,71,0x3d95,0xfffc,0x1209,,,physicalInteraction7.pcapng
"Nov 28, 2023 18:02:02.415394",0.445871,74,0x5bb9,0xffff,0x8841,182,0x5bb9,0xfffc,0x1209,,,physicalInteraction7.pcapng
"Nov 28, 2023 18:02:07.009846",4.594452,74,0x0000,0xffff,0x8841,52,0x0000,0xfffc,0x1209,,,physicalInteraction7.pcapng
"Nov 28, 2023 18:02:07.451708",0.441862,74,0x711c,0xffff,0x8841,216,0x711c,0xfffc,0x1209,,,physicalInteraction7.pcapng
"Nov 28, 2023 18:02:07.822969",0.371261,74,0x4e11,0xffff,0x8841,227,0x4e11,0xfffc,0x1209,,,physicalInteraction7.pcapng
"Nov 28, 2023 18:02:08.073884",0.250915,74,0xe1a6,0xffff,0x8841,238,0xe1a6,0xfffc,0x1209,,,physicalInteraction7.pcapng
"Nov 28, 2023 18:02:09.122647",1.048763,74,0x0112,0xffff,0x8841,248,0x0112,0xfffc,0x1209,,,physicalInteraction7.pcapng
"Nov 28, 2023 18:02:10.012266",0.889619,65,0x1e15,0xffff,0x8841,167,0x1e15,0xfffc,0x1209,,,physicalInteraction7.pcapng
"Nov 28, 2023 18:02:10.032585",,52,,,,,,,,,,physicalInteraction7.pcapng
"Nov 28, 2023 18:02:10.034602",0.002017,5,,,0x0002,53,,,,,,physicalInteraction7.pcapng
"Nov 28, 2023 18:02:10.042167",,63,,,,,,,,,,physicalInteraction7.pcapng
"Nov 28, 2023 18:02:10.044566",0.002399,5,,,0x0002,239,,,,,,physicalInteraction7.pcapng
"Nov 28, 2023 18:02:10.066844",,52,,,,,,,,,,physicalInteraction7.pcapng
"Nov 28, 2023 18:02:10.068853",0.002009,5,,,0x0002,54,,,,,,physicalInteraction7.pcapng
"Nov 28, 2023 18:02:10.076701",,63,,,,,,,,,,physicalInteraction7.pcapng
"Nov 28, 2023 18:02:10.079100",0.002399,5,,,0x0002,72,,,,,,physicalInteraction7.pcapng
"Nov 28, 2023 18:02:10.080906",,45,,,,,,,,,,physicalInteraction7.pcapng
"Nov 28, 2023 18:02:10.082698",0.001792,5,,,0x0002,55,,,,,,physicalInteraction7.pcapng
"Nov 28, 2023 18:02:10.102383",,54,,,,,,,,,,physicalInteraction7.pcapng
"Nov 28, 2023 18:02:10.104463",0.002080,5,,,0x0002,56,,,,,,physicalInteraction7.pcapng
"Nov 28, 2023 18:02:10.114334",,45,,,,,,,,,,physicalInteraction7.pcapng
"Nov 28, 2023 18:02:10.116126",0.001792,5,,,0x0002,57,,,,,,physicalInteraction7.pcapng
"Nov 28, 2023 18:02:10.116697",,66,,,,,,,,,,physicalInteraction7.pcapng
"Nov 28, 2023 18:02:10.119192",0.002495,5,,,0x0002,240,,,,,,physicalInteraction7.pcapng
"Nov 28, 2023 18:02:10.131587",,54,,,,,,,,,,physicalInteraction7.pcapng
"Nov 28, 2023 18:02:10.133666",0.002079,5,,,0x0002,58,,,,,,physicalInteraction7.pcapng
"Nov 28, 2023 18:02:10.141405",,66,,,,,,,,,,physicalInteraction7.pcapng
"Nov 28, 2023 18:02:10.143900",0.002495,5,,,0x0002,73,,,,,,physicalInteraction7.pcapng
"Nov 28, 2023 18:02:10.163410",,54,,,,,,,,,,physicalInteraction7.pcapng
"Nov 28, 2023 18:02:10.165521",0.002111,5,,,0x0002,59,,,,,,physicalInteraction7.pcapng
"Nov 28, 2023 18:02:10.169978",,54,,,,,,,,,,physicalInteraction7.pcapng
"Nov 28, 2023 18:02:10.172058",0.002080,5,,,0x0002,217,,,,,,physicalInteraction7.pcapng
"Nov 28, 2023 18:02:10.175735",,45,,,,,,,,,,physicalInteraction7.pcapng
"Nov 28, 2023 18:02:10.177528",0.001793,5,,,0x0002,60,,,,,,physicalInteraction7.pcapng
"Nov 28, 2023 18:02:10.179328",,66,,,,,,,,,,physicalInteraction7.pcapng
"Nov 28, 2023 18:02:10.181823",0.002495,5,,,0x0002,140,,,,,,physicalInteraction7.pcapng
"Nov 28, 2023 18:02:10.186762",,52,,,,,,,,,,physicalInteraction7.pcapng
"Nov 28, 2023 18:02:10.188810",0.002048,5,,,0x0002,61,,,,,,physicalInteraction7.pcapng
"Nov 28, 2023 18:02:10.192875",,52,,,,,,,,,,physicalInteraction7.pcapng
"Nov 28, 2023 18:02:10.194880",0.002005,5,,,0x0002,218,,,,,,physicalInteraction7.pcapng
"Nov 28, 2023 18:02:10.201981",,63,,,,,,,,,,physicalInteraction7.pcapng
"Nov 28, 2023 18:02:10.204380",0.002399,5,,,0x0002,141,,,,,,physicalInteraction7.pcapng
"Nov 28, 2023 18:02:10.214440",,45,,,,,,,,,,physicalInteraction7.pcapng
"Nov 28, 2023 18:02:10.216231",0.001791,5,,,0x0002,62,,,,,,physicalInteraction7.pcapng
"Nov 28, 2023 18:02:10.223232",,45,,,,,,,,,,physicalInteraction7.pcapng
"Nov 28, 2023 18:02:10.225054",0.001822,5,,,0x0002,63,,,,,,physicalInteraction7.pcapng
"Nov 28, 2023 18:02:10.228056",,45,,,,,,,,,,physicalInteraction7.pcapng
"Nov 28, 2023 18:02:10.229848",0.001792,5,,,0x0002,219,,,,,,physicalInteraction7.pcapng
"Nov 28, 2023 18:02:10.233472",,45,,,,,,,,,,physicalInteraction7.pcapng
"Nov 28, 2023 18:02:10.235295",0.001823,5,,,0x0002,64,,,,,,physicalInteraction7.pcapng
"Nov 28, 2023 18:02:10.239906",,45,,,,,,,,,,physicalInteraction7.pcapng
"Nov 28, 2023 18:02:10.241687",0.001781,5,,,0x0002,220,,,,,,physicalInteraction7.pcapng
"Nov 28, 2023 18:02:11.232389",0.990702,74,0xb1bf,0xffff,0x8841,142,0xb1bf,0xfffc,0x1209,,,physicalInteraction7.pcapng
"Nov 28, 2023 18:02:16.058253",4.825864,74,0xec7f,0xffff,0x8841,105,0xec7f,0xfffc,0x1209,,,physicalInteraction7.pcapng
"Nov 28, 2023 18:02:16.981707",0.923454,74,0x3d95,0xffff,0x8841,74,0x3d95,0xfffc,0x1209,,,physicalInteraction7.pcapng
"Nov 28, 2023 18:02:18.757551",1.775844,74,0x5bb9,0xffff,0x8841,183,0x5bb9,0xfffc,0x1209,,,physicalInteraction7.pcapng
"Nov 28, 2023 18:02:23.032304",4.274753,74,0xe1a6,0xffff,0x8841,241,0xe1a6,0xfffc,0x1209,,,physicalInteraction7.pcapng
"Nov 28, 2023 18:02:23.154861",0.122557,74,0x711c,0xffff,0x8841,221,0x711c,0xfffc,0x1209,,,physicalInteraction7.pcapng
"Nov 28, 2023 18:02:23.304655",0.149794,74,0x0000,0xffff,0x8841,65,0x0000,0xfffc,0x1209,,,physicalInteraction7.pcapng
"Nov 28, 2023 18:02:24.124555",0.819900,60,0x1209,0xffff,0x883c,249,,,,,,physicalInteraction7.pcapng
"Nov 28, 2023 18:02:24.863967",0.739412,74,0x4e11,0xffff,0x8841,228,0x4e11,0xfffc,0x1209,,,physicalInteraction7.pcapng
"Nov 28, 2023 18:02:25.016461",0.152494,65,0x1e15,0xffff,0x8841,168,0x1e15,0xfffc,0x1209,,,physicalInteraction7.pcapng
"Nov 28, 2023 18:02:26.228187",1.211726,74,0xb1bf,0xffff,0x8841,143,0xb1bf,0xfffc,0x1209,,,physicalInteraction7.pcapng
"Nov 28, 2023 18:02:31.036423",4.808236,74,0xec7f,0xffff,0x8841,106,0xec7f,0xfffc,0x1209,,,physicalInteraction7.pcapng
"Nov 28, 2023 18:02:31.943850",0.907427,74,0x3d95,0xffff,0x8841,75,0x3d95,0xfffc,0x1209,,,physicalInteraction7.pcapng
"Nov 28, 2023 18:02:33.555532",1.611682,74,0x5bb9,0xffff,0x8841,184,0x5bb9,0xfffc,0x1209,,,physicalInteraction7.pcapng
"Nov 28, 2023 18:02:38.029995",4.474463,74,0xe1a6,0xffff,0x8841,242,0xe1a6,0xfffc,0x1209,,,physicalInteraction7.pcapng
"Nov 28, 2023 18:02:39.132863",1.102868,74,0x0112,0xffff,0x8841,250,0x0112,0xfffc,0x1209,,,physicalInteraction7.pcapng
"Nov 28, 2023 18:02:39.458448",0.325585,74,0x0000,0xffff,0x8841,66,0x0000,0xfffc,0x1209,,,physicalInteraction7.pcapng
"Nov 28, 2023 18:02:40.035283",,52,,,,,,,,,,physicalInteraction7.pcapng
"Nov 28, 2023 18:02:40.037299",0.002016,5,,,0x0002,67,,,,,,physicalInteraction7.pcapng
"Nov 28, 2023 18:02:40.045202",,63,,,,,,,,,,physicalInteraction7.pcapng
"Nov 28, 2023 18:02:40.047601",0.002399,5,,,0x0002,243,,,,,,physicalInteraction7.pcapng
"Nov 28, 2023 18:02:40.048277",0.000676,65,0x1e15,0xffff,0x8841,169,0x1e15,0xfffc,0x1209,,,physicalInteraction7.pcapng
"Nov 28, 2023 18:02:40.073164",,52,,,,,,,,,,physicalInteraction7.pcapng
"Nov 28, 2023 18:02:40.075180",0.002016,5,,,0x0002,68,,,,,,physicalInteraction7.pcapng
"Nov 28, 2023 18:02:40.083051",,63,,,,,,,,,,physicalInteraction7.pcapng
"Nov 28, 2023 18:02:40.085450",0.002399,5,,,0x0002,76,,,,,,physicalInteraction7.pcapng
"Nov 28, 2023 18:02:40.088955",,45,,,,,,,,,,physicalInteraction7.pcapng
"Nov 28, 2023 18:02:40.090746",0.001791,5,,,0x0002,69,,,,,,physicalInteraction7.pcapng
"Nov 28, 2023 18:02:40.113853",,54,,,,,,,,,,physicalInteraction7.pcapng
"Nov 28, 2023 18:02:40.119488",,54,,,,,,,,,,physicalInteraction7.pcapng
"Nov 28, 2023 18:02:40.121562",0.002074,5,,,0x0002,70,,,,,,physicalInteraction7.pcapng
"Nov 28, 2023 18:02:40.129867",,66,,,,,,,,,,physicalInteraction7.pcapng
"Nov 28, 2023 18:02:40.132362",0.002495,5,,,0x0002,244,,,,,,physicalInteraction7.pcapng
"Nov 28, 2023 18:02:40.149054",,45,,,,,,,,,,physicalInteraction7.pcapng
"Nov 28, 2023 18:02:40.150848",0.001794,5,,,0x0002,71,,,,,,physicalInteraction7.pcapng
"Nov 28, 2023 18:02:40.157309",,54,,,,,,,,,,physicalInteraction7.pcapng
"Nov 28, 2023 18:02:40.159379",0.002070,5,,,0x0002,72,,,,,,physicalInteraction7.pcapng
"Nov 28, 2023 18:02:40.167223",,66,,,,,,,,,,physicalInteraction7.pcapng
"Nov 28, 2023 18:02:40.169718",0.002495,5,,,0x0002,77,,,,,,physicalInteraction7.pcapng
"Nov 28, 2023 18:02:40.173186",,54,,,,,,,,,,physicalInteraction7.pcapng
"Nov 28, 2023 18:02:40.175298",0.002112,5,,,0x0002,73,,,,,,physicalInteraction7.pcapng
"Nov 28, 2023 18:02:40.179940",,54,,,,,,,,,,physicalInteraction7.pcapng
"Nov 28, 2023 18:02:40.182019",0.002079,5,,,0x0002,222,,,,,,physicalInteraction7.pcapng
"Nov 28, 2023 18:02:40.189190",,66,,,,,,,,,,physicalInteraction7.pcapng
"Nov 28, 2023 18:02:40.191685",0.002495,5,,,0x0002,144,,,,,,physicalInteraction7.pcapng
"Nov 28, 2023 18:02:40.193393",,52,,,,,,,,,,physicalInteraction7.pcapng
"Nov 28, 2023 18:02:40.195441",0.002048,5,,,0x0002,74,,,,,,physicalInteraction7.pcapng
"Nov 28, 2023 18:02:40.200176",,52,,,,,,,,,,physicalInteraction7.pcapng
"Nov 28, 2023 18:02:40.202181",0.002005,5,,,0x0002,223,,,,,,physicalInteraction7.pcapng
"Nov 28, 2023 18:02:40.209301",,63,,,,,,,,,,physicalInteraction7.pcapng
"Nov 28, 2023 18:02:40.211700",0.002399,5,,,0x0002,145,,,,,,physicalInteraction7.pcapng
"Nov 28, 2023 18:02:40.213120",,45,,,,,,,,,,physicalInteraction7.pcapng
"Nov 28, 2023 18:02:40.214920",0.001800,5,,,0x0002,75,,,,,,physicalInteraction7.pcapng
"Nov 28, 2023 18:02:40.228497",,45,,,,,,,,,,physicalInteraction7.pcapng
"Nov 28, 2023 18:02:40.230291",0.001794,5,,,0x0002,76,,,,,,physicalInteraction7.pcapng
"Nov 28, 2023 18:02:40.234382",,45,,,,,,,,,,physicalInteraction7.pcapng
"Nov 28, 2023 18:02:40.236206",0.001824,5,,,0x0002,77,,,,,,physicalInteraction7.pcapng
"Nov 28, 2023 18:02:40.241032",,45,,,,,,,,,,physicalInteraction7.pcapng
"Nov 28, 2023 18:02:40.249503",,45,,,,,,,,,,physicalInteraction7.pcapng
"Nov 28, 2023 18:02:40.251327",0.001824,5,,,0x0002,78,,,,,,physicalInteraction7.pcapng
"Nov 28, 2023 18:02:40.254752",,45,,,,,,,,,,physicalInteraction7.pcapng
"Nov 28, 2023 18:02:40.256545",0.001793,5,,,0x0002,225,,,,,,physicalInteraction7.pcapng
"Nov 28, 2023 18:02:40.525556",0.269011,74,0x711c,0xffff,0x8841,226,0x711c,0xfffc,0x1209,,,physicalInteraction7.pcapng
"Nov 28, 2023 18:02:41.220953",0.695397,74,0xb1bf,0xffff,0x8841,146,0xb1bf,0xfffc,0x1209,,,physicalInteraction7.pcapng
"Nov 28, 2023 18:02:41.455930",0.234977,74,0x4e11,0xffff,0x8841,229,0x4e11,0xfffc,0x1209,,,physicalInteraction7.pcapng
"Nov 28, 2023 18:02:42.847430",1.391500,55,0x5bb9,0xe1a6,0x8861,185,0x5bb9,0x0000,0x1a09,,,physicalInteraction7.pcapng
"Nov 28, 2023 18:02:42.849534",0.002104,5,,,0x0002,185,,,,,,physicalInteraction7.pcapng
"Nov 28, 2023 18:02:42.853321",0.003787,57,0xe1a6,0x0000,0x8861,245,0x5bb9,0x0000,0x1a09,,,physicalInteraction7.pcapng
"Nov 28, 2023 18:02:42.855528",0.002207,5,,,0x0002,245,,,,,,physicalInteraction7.pcapng
"Nov 28, 2023 18:02:42.857505",0.001977,55,0x5bb9,0xe1a6,0x8861,186,0x5bb9,0x0000,0x1a09,,,physicalInteraction7.pcapng
"Nov 28, 2023 18:02:42.859611",0.002106,5,,,0x0002,186,,,,,,physicalInteraction7.pcapng
"Nov 28, 2023 18:02:42.863141",0.003530,57,0xe1a6,0x0000,0x8861,246,0x5bb9,0x0000,0x1a09,,,physicalInteraction7.pcapng
"Nov 28, 2023 18:02:42.865348",0.002207,5,,,0x0002,246,,,,,,physicalInteraction7.pcapng
"Nov 28, 2023 18:02:42.883786",,52,,,,,,,,,,physicalInteraction7.pcapng
"Nov 28, 2023 18:02:42.885801",0.002015,5,,,0x0002,187,,,,,,physicalInteraction7.pcapng
"Nov 28, 2023 18:02:42.889492",,52,,,,,,,,,,physicalInteraction7.pcapng
"Nov 28, 2023 18:02:42.891538",0.002046,5,,,0x0002,247,,,,,,physicalInteraction7.pcapng
"Nov 28, 2023 18:02:42.894199",,52,,,,,,,,,,physicalInteraction7.pcapng
"Nov 28, 2023 18:02:42.896246",0.002047,5,,,0x0002,247,,,,,,physicalInteraction7.pcapng
"Nov 28, 2023 18:02:42.897054",,52,,,,,,,,,,physicalInteraction7.pcapng
"Nov 28, 2023 18:02:42.899069",0.002015,5,,,0x0002,188,,,,,,physicalInteraction7.pcapng
"Nov 28, 2023 18:02:42.902869",,52,,,,,,,,,,physicalInteraction7.pcapng
"Nov 28, 2023 18:02:42.904916",0.002047,5,,,0x0002,248,,,,,,physicalInteraction7.pcapng
"Nov 28, 2023 18:02:45.048564",2.143648,74,0xec7f,0xffff,0x8841,107,0xec7f,0xfffc,0x1209,,,physicalInteraction7.pcapng
"Nov 28, 2023 18:02:47.036207",1.987643,74,0x3d95,0xffff,0x8841,78,0x3d95,0xfffc,0x1209,,,physicalInteraction7.pcapng
"Nov 28, 2023 18:02:50.314163",3.277956,74,0x5bb9,0xffff,0x8841,189,0x5bb9,0xfffc,0x1209,,,physicalInteraction7.pcapng
"Nov 28, 2023 18:02:53.065511",2.751348,74,0xe1a6,0xffff,0x8841,249,0xe1a6,0xfffc,0x1209,,,physicalInteraction7.pcapng
"Nov 28, 2023 18:02:54.098621",1.033110,74,0x0000,0xffff,0x8841,79,0x0000,0xfffc,0x1209,,,physicalInteraction7.pcapng
"Nov 28, 2023 18:02:54.133811",0.035190,74,0x0112,0xffff,0x8841,251,0x0112,0xfffc,0x1209,,,physicalInteraction7.pcapng
"Nov 28, 2023 18:02:55.823607",,50,,,,,,,,,,physicalInteraction7.pcapng
"Nov 28, 2023 18:02:55.825590",0.001983,5,,,0x0002,80,,,,,,physicalInteraction7.pcapng
"Nov 28, 2023 18:02:55.830901",0.005311,55,0x711c,0x0000,0x8861,227,0x711c,0x0000,0x1a09,,,physicalInteraction7.pcapng
"Nov 28, 2023 18:02:55.833043",0.002142,5,,,0x0002,227,,,,,,physicalInteraction7.pcapng
"Nov 28, 2023 18:02:55.877934",,53,,,,,,,,,,physicalInteraction7.pcapng
"Nov 28, 2023 18:02:55.880013",0.002079,5,,,0x0002,228,,,,,,physicalInteraction7.pcapng
"Nov 28, 2023 18:02:55.919754",,50,,,,,,,,,,physicalInteraction7.pcapng
"Nov 28, 2023 18:02:55.921737",0.001983,5,,,0x0002,81,,,,,,physicalInteraction7.pcapng
"Nov 28, 2023 18:02:55.925071",0.003334,55,0x711c,0x0000,0x8861,229,,,,,,physicalInteraction7.pcapng
"Nov 28, 2023 18:02:55.928346",0.003275,55,0x711c,0x0000,0x8861,229,0x711c,0x0000,0x1a09,,,physicalInteraction7.pcapng
"Nov 28, 2023 18:02:55.930488",0.002142,5,,,0x0002,229,,,,,,physicalInteraction7.pcapng
"Nov 28, 2023 18:02:55.973866",,53,,,,,,,,,,physicalInteraction7.pcapng
"Nov 28, 2023 18:02:55.975945",0.002079,5,,,0x0002,230,,,,,,physicalInteraction7.pcapng
"Nov 28, 2023 18:02:56.289828",0.313883,74,0xb1bf,0xffff,0x8841,147,0xb1bf,0xfffc,0x1209,,,physicalInteraction7.pcapng
"Nov 28, 2023 18:02:56.697668",0.407840,106,0x73cc,0xffff,0x886a,231,,,,,,physicalInteraction7.pcapng
"Nov 28, 2023 18:02:58.146348",1.448680,74,0x4e11,0xffff,0x8841,230,0x4e11,0xfffc,0x1209,,,physicalInteraction7.pcapng
"Nov 28, 2023 18:02:58.355307",,60,,,,,,,,,,physicalInteraction7.pcapng
"Nov 28, 2023 18:02:58.357610",0.002303,5,,,0x0002,148,,,,,,physicalInteraction7.pcapng
"Nov 28, 2023 18:02:58.398372",,50,,,,,,,,,,physicalInteraction7.pcapng
"Nov 28, 2023 18:02:58.400355",0.001983,5,,,0x0002,82,,,,,,physicalInteraction7.pcapng
"Nov 28, 2023 18:02:58.402809",,50,,,,,,,,,,physicalInteraction7.pcapng
"Nov 28, 2023 18:02:58.404762",0.001953,5,,,0x0002,232,,,,,,physicalInteraction7.pcapng
"Nov 28, 2023 18:02:58.409606",,45,,,,,,,,,,physicalInteraction7.pcapng
"Nov 28, 2023 18:02:58.411428",0.001822,5,,,0x0002,149,,,,,,physicalInteraction7.pcapng
"Nov 28, 2023 18:02:59.314532",0.903104,74,0xec7f,0xffff,0x8841,108,0xec7f,0xfffc,0x1209,,,physicalInteraction7.pcapng
"Nov 28, 2023 18:03:02.054624",2.740092,74,0x3d95,0xffff,0x8841,79,0x3d95,0xfffc,0x1209,,,physicalInteraction7.pcapng
"Nov 28, 2023 18:03:07.593224",,60,,,,,,,,,,physicalInteraction7.pcapng
"Nov 28, 2023 18:03:07.595527",0.002303,5,,,0x0002,250,,,,,,physicalInteraction7.pcapng
"Nov 28, 2023 18:03:07.638003",,50,,,,,,,,,,physicalInteraction7.pcapng
"Nov 28, 2023 18:03:07.639954",0.001951,5,,,0x0002,83,,,,,,physicalInteraction7.pcapng
"Nov 28, 2023 18:03:07.645386",,45,,,,,,,,,,physicalInteraction7.pcapng
"Nov 28, 2023 18:03:07.647208",0.001822,5,,,0x0002,251,,,,,,physicalInteraction7.pcapng
"Nov 28, 2023 18:03:08.042221",0.395013,74,0xe1a6,0xffff,0x8841,252,0xe1a6,0xfffc,0x1209,,,physicalInteraction7.pcapng
"Nov 28, 2023 18:03:08.238108",0.195887,74,0x5bb9,0xffff,0x8841,190,0x5bb9,0xfffc,0x1209,,,physicalInteraction7.pcapng
"Nov 28, 2023 18:03:08.944354",0.706246,74,0x0000,0xffff,0x8841,84,0x0000,0xfffc,0x1209,,,physicalInteraction7.pcapng
"Nov 28, 2023 18:03:10.037721",,52,,,,,,,,,,physicalInteraction7.pcapng
"Nov 28, 2023 18:03:10.039728",0.002007,5,,,0x0002,85,,,,,,physicalInteraction7.pcapng
"Nov 28, 2023 18:03:10.045505",0.005777,65,0x1e15,0xffff,0x8841,171,0x1e15,0xfffc,0x1209,,,physicalInteraction7.pcapng
"Nov 28, 2023 18:03:10.051056",,63,,,,,,,,,,physicalInteraction7.pcapng
"Nov 28, 2023 18:03:10.053454",0.002398,5,,,0x0002,253,,,,,,physicalInteraction7.pcapng
"Nov 28, 2023 18:03:10.081091",,52,,,,,,,,,,physicalInteraction7.pcapng
"Nov 28, 2023 18:03:10.083106",0.002015,5,,,0x0002,86,,,,,,physicalInteraction7.pcapng
"Nov 28, 2023 18:03:10.091634",,63,,,,,,,,,,physicalInteraction7.pcapng
"Nov 28, 2023 18:03:10.094033",0.002399,5,,,0x0002,80,,,,,,physicalInteraction7.pcapng
"Nov 28, 2023 18:03:10.095511",,45,,,,,,,,,,physicalInteraction7.pcapng
"Nov 28, 2023 18:03:10.097304",0.001793,5,,,0x0002,87,,,,,,physicalInteraction7.pcapng
"Nov 28, 2023 18:03:10.116675",,54,,,,,,,,,,physicalInteraction7.pcapng
"Nov 28, 2023 18:03:10.118744",0.002069,5,,,0x0002,88,,,,,,physicalInteraction7.pcapng
"Nov 28, 2023 18:03:10.126601",,66,,,,,,,,,,physicalInteraction7.pcapng
"Nov 28, 2023 18:03:10.129096",0.002495,5,,,0x0002,254,,,,,,physicalInteraction7.pcapng
"Nov 28, 2023 18:03:10.137701",,54,,,,,,,,,,physicalInteraction7.pcapng
"Nov 28, 2023 18:03:10.139772",0.002071,5,,,0x0002,89,,,,,,physicalInteraction7.pcapng
"Nov 28, 2023 18:03:10.147830",,66,,,,,,,,,,physicalInteraction7.pcapng
"Nov 28, 2023 18:03:10.150324",0.002494,5,,,0x0002,81,,,,,,physicalInteraction7.pcapng
"Nov 28, 2023 18:03:10.164786",,45,,,,,,,,,,physicalInteraction7.pcapng
"Nov 28, 2023 18:03:10.166569",0.001783,5,,,0x0002,90,,,,,,physicalInteraction7.pcapng
"Nov 28, 2023 18:03:10.171081",,54,,,,,,,,,,physicalInteraction7.pcapng
"Nov 28, 2023 18:03:10.173192",0.002111,5,,,0x0002,91,,,,,,physicalInteraction7.pcapng
"Nov 28, 2023 18:03:10.175576",0.002384,54,0x711c,0xb1bf,0x8861,233,,,,,,physicalInteraction7.pcapng
"Nov 28, 2023 18:03:10.183847",0.008271,54,0x73fc,0x54bf,0x8861,233,,,,,,physicalInteraction7.pcapng
"Nov 28, 2023 18:03:10.187543",,52,,,,,,,,,,physicalInteraction7.pcapng
"Nov 28, 2023 18:03:10.189850",0.002307,55,,,0xeab7,204,,,,,,physicalInteraction7.pcapng
"Nov 28, 2023 18:03:10.193491",0.003641,106,,,,,,,,,,physicalInteraction7.pcapng
"Nov 28, 2023 18:03:10.198540",,66,,,,,,,,,,physicalInteraction7.pcapng
"Nov 28, 2023 18:03:10.201035",0.002495,5,,,0x0002,150,,,,,,physicalInteraction7.pcapng
"Nov 28, 2023 18:03:10.203557",,66,,,,,,,,,,physicalInteraction7.pcapng
"Nov 28, 2023 18:03:10.206052",0.002495,5,,,0x0002,150,,,,,,physicalInteraction7.pcapng
"Nov 28, 2023 18:03:10.207694",,52,,,,,,,,,,physicalInteraction7.pcapng
"Nov 28, 2023 18:03:10.209741",0.002047,5,,,0x0002,92,,,,,,physicalInteraction7.pcapng
"Nov 28, 2023 18:03:10.213416",0.003675,52,0x711c,0xb1bf,0x8861,234,,,,,,physicalInteraction7.pcapng
"Nov 28, 2023 18:03:10.218381",0.004965,52,0xf11a,0xd1a4,0x8861,234,,,,,,physicalInteraction7.pcapng
"Nov 28, 2023 18:03:10.222568",,45,,,,,,,,,,physicalInteraction7.pcapng
"Nov 28, 2023 18:03:10.224360",0.001792,5,,,0x0002,93,,,,,,physicalInteraction7.pcapng
"Nov 28, 2023 18:03:10.226550",,52,,,,,,,,,,physicalInteraction7.pcapng
"Nov 28, 2023 18:03:10.228559",0.002009,5,,,0x0002,234,,,,,,physicalInteraction7.pcapng
"Nov 28, 2023 18:03:10.229490",,45,,,,,,,,,,physicalInteraction7.pcapng
"Nov 28, 2023 18:03:10.231282",0.001792,5,,,0x0002,94,,,,,,physicalInteraction7.pcapng
"Nov 28, 2023 18:03:10.233078",,54,,,,,,,,,,physicalInteraction7.pcapng
"Nov 28, 2023 18:03:10.235147",0.002069,5,,,0x0002,235,,,,,,physicalInteraction7.pcapng
"Nov 28, 2023 18:03:10.236321",0.001174,63,0xb1bf,0x0000,0x8861,151,,,,,,physicalInteraction7.pcapng
"Nov 28, 2023 18:03:10.242689",,45,,,,,,,,,,physicalInteraction7.pcapng
"Nov 28, 2023 18:03:10.250963",0.008274,5,,,0x0002,151,,,,,,physicalInteraction7.pcapng
"Nov 28, 2023 18:03:10.253433",,63,,,,,,,,,,physicalInteraction7.pcapng
"Nov 28, 2023 18:03:10.255832",0.002399,5,,,0x0002,151,,,,,,physicalInteraction7.pcapng
"Nov 28, 2023 18:03:10.259266",0.003434,5,,,0x0002,152,,,,,,physicalInteraction7.pcapng
"Nov 28, 2023 18:03:10.283153",0.023887,45,0x0000,0x711c,0x8861,96,,,,,,physicalInteraction7.pcapng
"Nov 28, 2023 18:03:10.286259",,45,,,,,,,,,,physicalInteraction7.pcapng
"Nov 28, 2023 18:03:10.289045",,45,,,,,,,,,,physicalInteraction7.pcapng
"Nov 28, 2023 18:03:10.291937",,45,,,,,,,,,,physicalInteraction7.pcapng
"Nov 28, 2023 18:03:10.293665",0.001728,5,,,0x0002,236,,,,,,physicalInteraction7.pcapng
"Nov 28, 2023 18:03:10.299392",,45,,,,,,,,,,physicalInteraction7.pcapng
"Nov 28, 2023 18:03:10.301215",0.001823,5,,,0x0002,97,,,,,,physicalInteraction7.pcapng
"Nov 28, 2023 18:03:10.304247",,45,,,,,,,,,,physicalInteraction7.pcapng
"Nov 28, 2023 18:03:10.306038",0.001791,5,,,0x0002,237,,,,,,physicalInteraction7.pcapng
"Nov 28, 2023 18:03:10.308635",,45,,,,,,,,,,physicalInteraction7.pcapng
"Nov 28, 2023 18:03:10.310459",0.001824,5,,,0x0002,98,,,,,,physicalInteraction7.pcapng
"Nov 28, 2023 18:03:10.313750",,45,,,,,,,,,,physicalInteraction7.pcapng
"Nov 28, 2023 18:03:10.315543",0.001793,5,,,0x0002,238,,,,,,physicalInteraction7.pcapng
"Nov 28, 2023 18:03:10.343940",,45,,,,,,,,,,physicalInteraction7.pcapng
"Nov 28, 2023 18:03:10.345763",0.001823,5,,,0x0002,99,,,,,,physicalInteraction7.pcapng
"Nov 28, 2023 18:03:11.286552",0.940789,74,0xb1bf,0xffff,0x8841,153,0xb1bf,0xfffc,0x1209,,,physicalInteraction7.pcapng
"Nov 28, 2023 18:03:14.197768",2.911216,74,0x711c,0xffff,0x8841,239,0x711c,0xfffc,0x1209,,,physicalInteraction7.pcapng
"Nov 28, 2023 18:03:14.685593",0.487825,74,0xec7f,0xffff,0x8841,109,0xec7f,0xfffc,0x1209,,,physicalInteraction7.pcapng
"Nov 28, 2023 18:03:15.514850",0.829257,108,0x4e11,0xffff,0x886c,231,,,,,,physicalInteraction7.pcapng
"Nov 28, 2023 18:03:17.039305",1.524455,74,0x3d95,0xffff,0x8841,82,0x3d95,0xfffc,0x1209,,,physicalInteraction7.pcapng
"Nov 28, 2023 18:03:21.494517",,80,,,,,,,,,,physicalInteraction7.pcapng
"Nov 28, 2023 18:03:21.499838",,80,,,,,,,,,,physicalInteraction7.pcapng
"Nov 28, 2023 18:03:21.505158",,80,,,,,,,,,,physicalInteraction7.pcapng
"Nov 28, 2023 18:03:21.510158",,80,,,,,,,,,,physicalInteraction7.pcapng
"Nov 28, 2023 18:03:21.619373",,80,,,,,,,,,,physicalInteraction7.pcapng
"Nov 28, 2023 18:03:21.624693",,80,,,,,,,,,,physicalInteraction7.pcapng
"Nov 28, 2023 18:03:21.630013",,80,,,,,,,,,,physicalInteraction7.pcapng
"Nov 28, 2023 18:03:21.635013",,80,,,,,,,,,,physicalInteraction7.pcapng
"Nov 28, 2023 18:03:21.743627",,80,,,,,,,,,,physicalInteraction7.pcapng
"Nov 28, 2023 18:03:21.748947",,80,,,,,,,,,,physicalInteraction7.pcapng
"Nov 28, 2023 18:03:21.754268",,80,,,,,,,,,,physicalInteraction7.pcapng
"Nov 28, 2023 18:03:21.759268",,80,,,,,,,,,,physicalInteraction7.pcapng
"Nov 28, 2023 18:03:21.968589",,80,,,,,,,,,,physicalInteraction7.pcapng
"Nov 28, 2023 18:03:21.973909",,80,,,,,,,,,,physicalInteraction7.pcapng
"Nov 28, 2023 18:03:21.979229",,80,,,,,,,,,,physicalInteraction7.pcapng
"Nov 28, 2023 18:03:21.984229",,80,,,,,,,,,,physicalInteraction7.pcapng
"Nov 28, 2023 18:03:22.394438",,80,,,,,,,,,,physicalInteraction7.pcapng
"Nov 28, 2023 18:03:22.399758",,80,,,,,,,,,,physicalInteraction7.pcapng
"Nov 28, 2023 18:03:22.405079",,80,,,,,,,,,,physicalInteraction7.pcapng
"Nov 28, 2023 18:03:22.410079",,80,,,,,,,,,,physicalInteraction7.pcapng
"Nov 28, 2023 18:03:23.096706",0.686627,74,0xe1a6,0xffff,0x8841,255,0xe1a6,0xfffc,0x1209,,,physicalInteraction7.pcapng
"Nov 28, 2023 18:03:23.221863",,80,,,,,,,,,,physicalInteraction7.pcapng
"Nov 28, 2023 18:03:23.227183",,80,,,,,,,,,,physicalInteraction7.pcapng
"Nov 28, 2023 18:03:23.232503",,80,,,,,,,,,,physicalInteraction7.pcapng
"Nov 28, 2023 18:03:23.237504",,80,,,,,,,,,,physicalInteraction7.pcapng
"Nov 28, 2023 18:03:23.747907",0.510403,12,0xc31c,0x1cd8,0x8863,30,,,,,,physicalInteraction7.pcapng
"Nov 28, 2023 18:03:23.751051",0.003144,12,0xc31c,0x1cd8,0x8863,30,,,,,,physicalInteraction7.pcapng
"Nov 28, 2023 18:03:23.754195",0.003144,12,0xc31c,0x1cd8,0x8863,30,,,,,,physicalInteraction7.pcapng
"Nov 28, 2023 18:03:23.757019",0.002824,12,0xc31c,0x1cd8,0x8863,30,,,,,,physicalInteraction7.pcapng
"Nov 28, 2023 18:03:24.129037",0.372018,74,0x0112,0xffff,0x8841,253,0x0112,0xfffc,0x1209,,,physicalInteraction7.pcapng
"Nov 28, 2023 18:03:24.700938",0.571901,74,0x0000,0xffff,0x8841,100,0x0000,0xfffc,0x1209,,,physicalInteraction7.pcapng
"Nov 28, 2023 18:03:24.957487",0.256549,74,0x5bb9,0xffff,0x8841,191,0x5bb9,0xfffc,0x1209,,,physicalInteraction7.pcapng
"Nov 28, 2023 18:03:25.032411",0.074924,65,0x1e15,0xffff,0x8841,172,0x1e15,0xfffc,0x1209,,,physicalInteraction7.pcapng
"Nov 28, 2023 18:03:26.330568",1.298157,74,0xb1bf,0xffff,0x8841,154,0xb1bf,0xfffc,0x1209,,,physicalInteraction7.pcapng
"Nov 28, 2023 18:03:30.378487",4.047919,74,0xec7f,0xffff,0x8841,110,0xec7f,0xfffc,0x1209,,,physicalInteraction7.pcapng
"Nov 28, 2023 18:03:30.419052",0.040565,74,0x711c,0xffff,0x8841,240,0x711c,0xfffc,0x1209,,,physicalInteraction7.pcapng
"Nov 28, 2023 18:03:30.438461",0.019409,74,0x4e11,0xffff,0x8841,232,0x4e11,0xfffc,0x1209,,,physicalInteraction7.pcapng
"Nov 28, 2023 18:03:35.101447",4.662986,31,,,,,,,,,,physicalInteraction7.pcapng
"Nov 28, 2023 18:03:38.077430",2.975983,74,0xe1a6,0xffff,0x8841,0,0xe1a6,0xfffc,0x1209,,,physicalInteraction7.pcapng
"Nov 28, 2023 18:03:39.139586",1.062156,74,0x0112,0xffff,0x8841,254,0x0112,0xfffc,0x1209,,,physicalInteraction7.pcapng
"Nov 28, 2023 18:03:40.042683",,52,,,,,,,,,,physicalInteraction7.pcapng
"Nov 28, 2023 18:03:40.044699",0.002016,5,,,0x0002,101,,,,,,physicalInteraction7.pcapng
"Nov 28, 2023 18:03:40.052564",,63,,,,,,,,,,physicalInteraction7.pcapng
"Nov 28, 2023 18:03:40.054963",0.002399,5,,,0x0002,1,,,,,,physicalInteraction7.pcapng
"Nov 28, 2023 18:03:40.078185",,52,,,,,,,,,,physicalInteraction7.pcapng
"Nov 28, 2023 18:03:40.080201",0.002016,5,,,0x0002,102,,,,,,physicalInteraction7.pcapng
"Nov 28, 2023 18:03:40.087892",,63,,,,,,,,,,physicalInteraction7.pcapng
"Nov 28, 2023 18:03:40.090291",0.002399,5,,,0x0002,84,,,,,,physicalInteraction7.pcapng
"Nov 28, 2023 18:03:40.091435",,45,,,,,,,,,,physicalInteraction7.pcapng
"Nov 28, 2023 18:03:40.108540",,45,,,,,,,,,,physicalInteraction7.pcapng
"Nov 28, 2023 18:03:40.110331",0.001791,5,,,0x0002,103,,,,,,physicalInteraction7.pcapng
"Nov 28, 2023 18:03:40.118292",,54,,,,,,,,,,physicalInteraction7.pcapng
"Nov 28, 2023 18:03:40.120374",0.002082,5,,,0x0002,104,,,,,,physicalInteraction7.pcapng
"Nov 28, 2023 18:03:40.128597",,66,,,,,,,,,,physicalInteraction7.pcapng
"Nov 28, 2023 18:03:40.131092",0.002495,5,,,0x0002,2,,,,,,physicalInteraction7.pcapng
"Nov 28, 2023 18:03:40.140049",,45,,,,,,,,,,physicalInteraction7.pcapng
"Nov 28, 2023 18:03:40.141843",0.001794,5,,,0x0002,105,,,,,,physicalInteraction7.pcapng
"Nov 28, 2023 18:03:40.157185",,54,,,,,,,,,,physicalInteraction7.pcapng
"Nov 28, 2023 18:03:40.159264",0.002079,5,,,0x0002,106,,,,,,physicalInteraction7.pcapng
"Nov 28, 2023 18:03:40.167227",,66,,,,,,,,,,physicalInteraction7.pcapng
"Nov 28, 2023 18:03:40.169721",0.002494,5,,,0x0002,85,,,,,,physicalInteraction7.pcapng
"Nov 28, 2023 18:03:40.170822",,54,,,,,,,,,,physicalInteraction7.pcapng
"Nov 28, 2023 18:03:40.172933",0.002111,5,,,0x0002,107,,,,,,physicalInteraction7.pcapng
"Nov 28, 2023 18:03:40.176714",,54,,,,,,,,,,physicalInteraction7.pcapng
"Nov 28, 2023 18:03:40.178794",0.002080,5,,,0x0002,241,,,,,,physicalInteraction7.pcapng
"Nov 28, 2023 18:03:40.186068",,66,,,,,,,,,,physicalInteraction7.pcapng
"Nov 28, 2023 18:03:40.188563",0.002495,5,,,0x0002,155,,,,,,physicalInteraction7.pcapng
"Nov 28, 2023 18:03:40.193651",,52,,,,,,,,,,physicalInteraction7.pcapng
"Nov 28, 2023 18:03:40.195698",0.002047,5,,,0x0002,108,,,,,,physicalInteraction7.pcapng
"Nov 28, 2023 18:03:40.198186",,52,,,,,,,,,,physicalInteraction7.pcapng
"Nov 28, 2023 18:03:40.200198",0.002012,5,,,0x0002,242,,,,,,physicalInteraction7.pcapng
"Nov 28, 2023 18:03:40.207457",,63,,,,,,,,,,physicalInteraction7.pcapng
"Nov 28, 2023 18:03:40.209856",0.002399,5,,,0x0002,156,,,,,,physicalInteraction7.pcapng
"Nov 28, 2023 18:03:40.211276",,45,,,,,,,,,,physicalInteraction7.pcapng
"Nov 28, 2023 18:03:40.213060",0.001784,5,,,0x0002,109,,,,,,physicalInteraction7.pcapng
"Nov 28, 2023 18:03:40.226219",,45,,,,,,,,,,physicalInteraction7.pcapng
"Nov 28, 2023 18:03:40.231349",,45,,,,,,,,,,physicalInteraction7.pcapng
"Nov 28, 2023 18:03:40.233141",0.001792,5,,,0x0002,110,,,,,,physicalInteraction7.pcapng
"Nov 28, 2023 18:03:40.237841",,45,,,,,,,,,,physicalInteraction7.pcapng
"Nov 28, 2023 18:03:40.239664",0.001823,5,,,0x0002,111,,,,,,physicalInteraction7.pcapng
"Nov 28, 2023 18:03:40.243350",,45,,,,,,,,,,physicalInteraction7.pcapng
"Nov 28, 2023 18:03:40.245291",,45,,,,,,,,,,physicalInteraction7.pcapng
"Nov 28, 2023 18:03:40.249681",,45,,,,,,,,,,physicalInteraction7.pcapng
"Nov 28, 2023 18:03:40.251504",0.001823,5,,,0x0002,112,,,,,,physicalInteraction7.pcapng
"Nov 28, 2023 18:03:40.253978",,45,,,,,,,,,,physicalInteraction7.pcapng
"Nov 28, 2023 18:03:40.255771",0.001793,5,,,0x0002,244,,,,,,physicalInteraction7.pcapng
"Nov 28, 2023 18:03:40.302671",0.046900,74,0x0000,0xffff,0x8841,113,0x0000,0xfffc,0x1209,,,physicalInteraction7.pcapng
"Nov 28, 2023 18:03:41.239785",0.937114,74,0x5bb9,0xffff,0x8841,192,0x5bb9,0xfffc,0x1209,,,physicalInteraction7.pcapng
"Nov 28, 2023 18:03:41.255173",0.015388,74,0xb1bf,0xffff,0x8841,157,0xb1bf,0xfffc,0x1209,,,physicalInteraction7.pcapng
"Nov 28, 2023 18:03:44.957305",3.702132,71,0x711c,0xffff,0x8841,245,0x711c,0xfffc,0x1209,,,physicalInteraction7.pcapng
"Nov 28, 2023 18:03:45.832390",0.875085,74,0x4e11,0xffff,0x8841,233,0x4e11,0xfffc,0x1209,,,physicalInteraction7.pcapng
"Nov 28, 2023 18:03:46.956313",1.123923,74,0x3d95,0xffff,0x8841,86,0x3d95,0xfffc,0x1209,,,physicalInteraction7.pcapng
"Nov 28, 2023 18:03:47.325735",0.369422,74,0xec7f,0xffff,0x8841,111,0xec7f,0xfffc,0x1209,,,physicalInteraction7.pcapng
"Nov 28, 2023 18:03:53.025269",5.699534,74,0xe1a6,0xffff,0x8841,3,0xe1a6,0xfffc,0x1209,,,physicalInteraction7.pcapng
"Nov 28, 2023 18:03:54.134775",1.109506,74,0x0112,0xffff,0x8841,255,0x0112,0xfffc,0x1209,,,physicalInteraction7.pcapng
"Nov 28, 2023 18:03:55.019130",0.884355,65,0x1e15,0xffff,0x8841,174,0x1e15,0xfffc,0x1209,,,physicalInteraction7.pcapng
"Nov 28, 2023 18:03:55.792770",0.773640,74,0x5bb9,0xffff,0x8841,193,0x5bb9,0xfffc,0x1209,,,physicalInteraction7.pcapng
"Nov 28, 2023 18:03:57.783410",1.990640,74,0x0000,0xffff,0x8841,114,0x0000,0xfffc,0x1209,,,physicalInteraction7.pcapng
"Nov 28, 2023 18:03:59.216068",,52,,,,,,,,,,physicalInteraction7.pcapng
"Nov 28, 2023 18:03:59.218115",0.002047,5,,,0x0002,159,,,,,,physicalInteraction7.pcapng
"Nov 28, 2023 18:03:59.230381",,45,,,,,,,,,,physicalInteraction7.pcapng
"Nov 28, 2023 18:03:59.232204",0.001823,5,,,0x0002,115,,,,,,physicalInteraction7.pcapng
"Nov 28, 2023 18:03:59.234711",,45,,,,,,,,,,physicalInteraction7.pcapng
"Nov 28, 2023 18:03:59.236503",0.001792,5,,,0x0002,246,,,,,,physicalInteraction7.pcapng
"Nov 28, 2023 18:03:59.317392",0.080889,74,0x711c,0xffff,0x8841,247,0x711c,0xfffc,0x1209,,,physicalInteraction7.pcapng
"Nov 28, 2023 18:04:01.038067",1.720675,74,0x4e11,0xffff,0x8841,234,0x4e11,0xfffc,0x1209,,,physicalInteraction7.pcapng
"Nov 28, 2023 18:04:01.988921",0.950854,74,0x3d95,0xffff,0x8841,87,0x3d95,0xfffc,0x1209,,,physicalInteraction7.pcapng
"Nov 28, 2023 18:04:05.221613",3.232692,74,0xec7f,0xffff,0x8841,112,0xec7f,0xfffc,0x1209,,,physicalInteraction7.pcapng
"Nov 28, 2023 18:04:08.112479",2.890866,74,0xe1a6,0xffff,0x8841,4,0xe1a6,0xfffc,0x1209,,,physicalInteraction7.pcapng
"Nov 28, 2023 18:04:09.128041",1.015562,71,0x0112,0xffff,0x8841,0,0x0112,0xfffc,0x1209,,,physicalInteraction7.pcapng
"Nov 28, 2023 18:04:09.876572",,60,,,,,,,,,,physicalInteraction7.pcapng
"Nov 28, 2023 18:04:09.878875",0.002303,5,,,0x0002,88,,,,,,physicalInteraction7.pcapng
"Nov 28, 2023 18:04:09.919856",,50,,,,,,,,,,physicalInteraction7.pcapng
"Nov 28, 2023 18:04:09.921807",0.001951,5,,,0x0002,116,,,,,,physicalInteraction7.pcapng
"Nov 28, 2023 18:04:09.927115",,45,,,,,,,,,,physicalInteraction7.pcapng
"Nov 28, 2023 18:04:09.928938",0.001823,5,,,0x0002,89,,,,,,physicalInteraction7.pcapng
"Nov 28, 2023 18:04:10.047773",,52,,,,,,,,,,physicalInteraction7.pcapng
"Nov 28, 2023 18:04:10.049789",0.002016,5,,,0x0002,117,,,,,,physicalInteraction7.pcapng
"Nov 28, 2023 18:04:10.057588",,63,,,,,,,,,,physicalInteraction7.pcapng
"Nov 28, 2023 18:04:10.059987",0.002399,5,,,0x0002,5,,,,,,physicalInteraction7.pcapng
"Nov 28, 2023 18:04:10.082095",,52,,,,,,,,,,physicalInteraction7.pcapng
"Nov 28, 2023 18:04:10.084100",0.002005,5,,,0x0002,118,,,,,,physicalInteraction7.pcapng
"Nov 28, 2023 18:04:10.091939",,63,,,,,,,,,,physicalInteraction7.pcapng
"Nov 28, 2023 18:04:10.094338",0.002399,5,,,0x0002,90,,,,,,physicalInteraction7.pcapng
"Nov 28, 2023 18:04:10.096717",,45,,,,,,,,,,physicalInteraction7.pcapng
"Nov 28, 2023 18:04:10.108986",,45,,,,,,,,,,physicalInteraction7.pcapng
"Nov 28, 2023 18:04:10.110777",0.001791,5,,,0x0002,119,,,,,,physicalInteraction7.pcapng
"Nov 28, 2023 18:04:10.117442",,54,,,,,,,,,,physicalInteraction7.pcapng
"Nov 28, 2023 18:04:10.119513",0.002071,5,,,0x0002,120,,,,,,physicalInteraction7.pcapng
"Nov 28, 2023 18:04:10.127326",,66,,,,,,,,,,physicalInteraction7.pcapng
"Nov 28, 2023 18:04:10.129821",0.002495,5,,,0x0002,6,,,,,,physicalInteraction7.pcapng
"Nov 28, 2023 18:04:10.138837",,45,,,,,,,,,,physicalInteraction7.pcapng
"Nov 28, 2023 18:04:10.140630",0.001793,5,,,0x0002,121,,,,,,physicalInteraction7.pcapng
"Nov 28, 2023 18:04:10.159138",,54,,,,,,,,,,physicalInteraction7.pcapng
"Nov 28, 2023 18:04:10.161207",0.002069,5,,,0x0002,122,,,,,,physicalInteraction7.pcapng
"Nov 28, 2023 18:04:10.169025",,66,,,,,,,,,,physicalInteraction7.pcapng
"Nov 28, 2023 18:04:10.171520",0.002495,5,,,0x0002,91,,,,,,physicalInteraction7.pcapng
"Nov 28, 2023 18:04:10.172940",,54,,,,,,,,,,physicalInteraction7.pcapng
"Nov 28, 2023 18:04:10.175051",0.002111,5,,,0x0002,123,,,,,,physicalInteraction7.pcapng
"Nov 28, 2023 18:04:10.178442",,54,,,,,,,,,,physicalInteraction7.pcapng
"Nov 28, 2023 18:04:10.180522",0.002080,5,,,0x0002,248,,,,,,physicalInteraction7.pcapng
"Nov 28, 2023 18:04:10.187808",,66,,,,,,,,,,physicalInteraction7.pcapng
"Nov 28, 2023 18:04:10.190303",0.002495,5,,,0x0002,160,,,,,,physicalInteraction7.pcapng
"Nov 28, 2023 18:04:10.196932",,45,,,,,,,,,,physicalInteraction7.pcapng
"Nov 28, 2023 18:04:10.198717",0.001785,5,,,0x0002,124,,,,,,physicalInteraction7.pcapng
"Nov 28, 2023 18:04:10.208463",,52,,,,,,,,,,physicalInteraction7.pcapng
"Nov 28, 2023 18:04:10.210511",0.002048,5,,,0x0002,125,,,,,,physicalInteraction7.pcapng
"Nov 28, 2023 18:04:10.213891",,52,,,,,,,,,,physicalInteraction7.pcapng
"Nov 28, 2023 18:04:10.215908",0.002017,5,,,0x0002,249,,,,,,physicalInteraction7.pcapng
"Nov 28, 2023 18:04:10.220324",,45,,,,,,,,,,physicalInteraction7.pcapng
"Nov 28, 2023 18:04:10.222118",0.001794,5,,,0x0002,126,,,,,,physicalInteraction7.pcapng
"Nov 28, 2023 18:04:10.223091",,63,,,,,,,,,,physicalInteraction7.pcapng
"Nov 28, 2023 18:04:10.225489",0.002398,5,,,0x0002,161,,,,,,physicalInteraction7.pcapng
"Nov 28, 2023 18:04:10.231886",,45,,,,,,,,,,physicalInteraction7.pcapng
"Nov 28, 2023 18:04:10.238453",,45,,,,,,,,,,physicalInteraction7.pcapng
"Nov 28, 2023 18:04:10.240277",0.001824,5,,,0x0002,127,,,,,,physicalInteraction7.pcapng
"Nov 28, 2023 18:04:10.243563",,45,,,,,,,,,,physicalInteraction7.pcapng
"Nov 28, 2023 18:04:10.245357",0.001794,5,,,0x0002,250,,,,,,physicalInteraction7.pcapng
"Nov 28, 2023 18:04:10.249605",,45,,,,,,,,,,physicalInteraction7.pcapng
"Nov 28, 2023 18:04:10.251428",0.001823,5,,,0x0002,128,,,,,,physicalInteraction7.pcapng
"Nov 28, 2023 18:04:10.255687",,45,,,,,,,,,,physicalInteraction7.pcapng
"Nov 28, 2023 18:04:11.313519",1.057832,74,0xb1bf,0xffff,0x8841,162,0xb1bf,0xfffc,0x1209,,,physicalInteraction7.pcapng
"Nov 28, 2023 18:04:11.687394",0.373875,74,0x5bb9,0xffff,0x8841,194,0x5bb9,0xfffc,0x1209,,,physicalInteraction7.pcapng
"Nov 28, 2023 18:04:13.661535",1.974141,74,0x0000,0xffff,0x8841,129,0x0000,0xfffc,0x1209,,,physicalInteraction7.pcapng
"Nov 28, 2023 18:04:15.836428",2.174893,74,0x711c,0xffff,0x8841,252,0x711c,0xfffc,0x1209,,,physicalInteraction7.pcapng
"Nov 28, 2023 18:04:17.057211",1.220783,74,0x3d95,0xffff,0x8841,92,0x3d95,0xfffc,0x1209,,,physicalInteraction7.pcapng
"Nov 28, 2023 18:04:18.284406",1.227195,74,0x4e11,0xffff,0x8841,235,0x4e11,0xfffc,0x1209,,,physicalInteraction7.pcapng
"Nov 28, 2023 18:04:21.687770",,59,,,,,,,,,,physicalInteraction7.pcapng
"Nov 28, 2023 18:04:21.690041",0.002271,5,,,0x0002,113,,,,,,physicalInteraction7.pcapng
"Nov 28, 2023 18:04:21.704323",,45,,,,,,,,,,physicalInteraction7.pcapng
"Nov 28, 2023 18:04:21.706132",0.001809,5,,,0x0002,130,,,,,,physicalInteraction7.pcapng
"Nov 28, 2023 18:04:21.731542",,49,,,,,,,,,,physicalInteraction7.pcapng
"Nov 28, 2023 18:04:21.733479",0.001937,5,,,0x0002,131,,,,,,physicalInteraction7.pcapng
"Nov 28, 2023 18:04:21.737774",,45,,,,,,,,,,physicalInteraction7.pcapng
"Nov 28, 2023 18:04:21.739596",0.001822,5,,,0x0002,114,,,,,,physicalInteraction7.pcapng
"Nov 28, 2023 18:04:22.768490",1.028894,74,0xec7f,0xffff,0x8841,115,0xec7f,0xfffc,0x1209,,,physicalInteraction7.pcapng
"Nov 28, 2023 18:04:23.057475",0.288985,74,0xe1a6,0xffff,0x8841,7,0xe1a6,0xfffc,0x1209,,,physicalInteraction7.pcapng
"Nov 28, 2023 18:04:24.136018",1.078543,99,0x0112,0xffff,0x8863,1,,,,,,physicalInteraction7.pcapng
"Nov 28, 2023 18:04:24.987460",0.851442,65,0x1e15,0xffff,0x8841,176,0x1e15,0xfffc,0x1209,,,physicalInteraction7.pcapng
"Nov 28, 2023 18:04:26.318662",1.331202,71,0xb1bf,0xffff,0x8841,163,0xb1bf,0xfffc,0x1209,,,physicalInteraction7.pcapng
"Nov 28, 2023 18:04:28.831463",2.512801,74,0x5bb9,0xffff,0x8841,195,0x5bb9,0xfffc,0x1209,,,physicalInteraction7.pcapng
"Nov 28, 2023 18:04:30.662670",1.831207,74,0x0000,0xffff,0x8841,132,0x0000,0xfffc,0x1209,,,physicalInteraction7.pcapng
"Nov 28, 2023 18:04:31.973988",1.311318,74,0x3d95,0xffff,0x8841,93,0x3d95,0xfffc,0x1209,,,physicalInteraction7.pcapng
"Nov 28, 2023 18:04:32.467177",0.493189,74,0x4e11,0xffff,0x8841,236,0x4e11,0xfffc,0x1209,,,physicalInteraction7.pcapng
"Nov 28, 2023 18:04:32.694784",0.227607,74,0x711c,0xffff,0x8841,253,0x711c,0xfffc,0x1209,,,physicalInteraction7.pcapng
"Nov 28, 2023 18:04:38.070966",5.376182,74,0xe1a6,0xffff,0x8841,8,0xe1a6,0xfffc,0x1209,,,physicalInteraction7.pcapng
"Nov 28, 2023 18:04:38.647382",0.576416,74,0xec7f,0xffff,0x8841,116,0xec7f,0xfffc,0x1209,,,physicalInteraction7.pcapng
"Nov 28, 2023 18:04:39.146570",0.499188,74,0x0112,0xffff,0x8841,2,0x0112,0xfffc,0x1209,,,physicalInteraction7.pcapng
"Nov 28, 2023 18:04:40.051297",,52,,,,,,,,,,physicalInteraction7.pcapng
"Nov 28, 2023 18:04:40.053312",0.002015,5,,,0x0002,133,,,,,,physicalInteraction7.pcapng
"Nov 28, 2023 18:04:40.061055",,63,,,,,,,,,,physicalInteraction7.pcapng
"Nov 28, 2023 18:04:40.063453",0.002398,5,,,0x0002,9,,,,,,physicalInteraction7.pcapng
"Nov 28, 2023 18:04:40.070952",0.007499,65,0x1e15,0xffff,0x8841,177,0x1e15,0xfffc,0x1209,,,physicalInteraction7.pcapng
"Nov 28, 2023 18:04:40.089316",,52,,,,,,,,,,physicalInteraction7.pcapng
"Nov 28, 2023 18:04:40.091326",0.002010,5,,,0x0002,134,,,,,,physicalInteraction7.pcapng
"Nov 28, 2023 18:04:40.099185",,63,,,,,,,,,,physicalInteraction7.pcapng
"Nov 28, 2023 18:04:40.101584",0.002399,5,,,0x0002,94,,,,,,physicalInteraction7.pcapng
"Nov 28, 2023 18:04:40.102383",,45,,,,,,,,,,physicalInteraction7.pcapng
"Nov 28, 2023 18:04:40.104175",0.001792,5,,,0x0002,135,,,,,,physicalInteraction7.pcapng
"Nov 28, 2023 18:04:40.129866",,54,,,,,,,,,,physicalInteraction7.pcapng
"Nov 28, 2023 18:04:40.131937",0.002071,5,,,0x0002,136,,,,,,physicalInteraction7.pcapng
"Nov 28, 2023 18:04:40.139742",,66,,,,,,,,,,physicalInteraction7.pcapng
"Nov 28, 2023 18:04:40.142237",0.002495,5,,,0x0002,10,,,,,,physicalInteraction7.pcapng
"Nov 28, 2023 18:04:40.151262",,45,,,,,,,,,,physicalInteraction7.pcapng
"Nov 28, 2023 18:04:40.153054",0.001792,5,,,0x0002,137,,,,,,physicalInteraction7.pcapng
"Nov 28, 2023 18:04:40.166600",,54,,,,,,,,,,physicalInteraction7.pcapng
"Nov 28, 2023 18:04:40.168680",0.002080,5,,,0x0002,138,,,,,,physicalInteraction7.pcapng
"Nov 28, 2023 18:04:40.176610",,66,,,,,,,,,,physicalInteraction7.pcapng
"Nov 28, 2023 18:04:40.179105",0.002495,5,,,0x0002,95,,,,,,physicalInteraction7.pcapng
"Nov 28, 2023 18:04:40.182765",,54,,,,,,,,,,physicalInteraction7.pcapng
"Nov 28, 2023 18:04:40.184876",0.002111,5,,,0x0002,139,,,,,,physicalInteraction7.pcapng
"Nov 28, 2023 18:04:40.189015",,54,,,,,,,,,,physicalInteraction7.pcapng
"Nov 28, 2023 18:04:40.191097",0.002082,5,,,0x0002,254,,,,,,physicalInteraction7.pcapng
"Nov 28, 2023 18:04:40.198359",,66,,,,,,,,,,physicalInteraction7.pcapng
"Nov 28, 2023 18:04:40.201436",,52,,,,,,,,,,physicalInteraction7.pcapng
"Nov 28, 2023 18:04:40.203484",0.002048,5,,,0x0002,140,,,,,,physicalInteraction7.pcapng
"Nov 28, 2023 18:04:40.206182",,52,,,,,,,,,,physicalInteraction7.pcapng
"Nov 28, 2023 18:04:40.208490",,66,,,,,,,,,,physicalInteraction7.pcapng
"Nov 28, 2023 18:04:40.210985",0.002495,5,,,0x0002,164,,,,,,physicalInteraction7.pcapng
"Nov 28, 2023 18:04:40.213228",,52,,,,,,,,,,physicalInteraction7.pcapng
"Nov 28, 2023 18:04:40.215233",0.002005,5,,,0x0002,255,,,,,,physicalInteraction7.pcapng
"Nov 28, 2023 18:04:40.219055",,45,,,,,,,,,,physicalInteraction7.pcapng
"Nov 28, 2023 18:04:40.220837",0.001782,5,,,0x0002,141,,,,,,physicalInteraction7.pcapng
"Nov 28, 2023 18:04:40.222994",,63,,,,,,,,,,physicalInteraction7.pcapng
"Nov 28, 2023 18:04:40.225393",0.002399,5,,,0x0002,165,,,,,,physicalInteraction7.pcapng
"Nov 28, 2023 18:04:40.230653",,45,,,,,,,,,,physicalInteraction7.pcapng
"Nov 28, 2023 18:04:40.232435",0.001782,5,,,0x0002,142,,,,,,physicalInteraction7.pcapng
"Nov 28, 2023 18:04:40.242082",,45,,,,,,,,,,physicalInteraction7.pcapng
"Nov 28, 2023 18:04:40.243905",0.001823,5,,,0x0002,143,,,,,,physicalInteraction7.pcapng
"Nov 28, 2023 18:04:40.247502",,45,,,,,,,,,,physicalInteraction7.pcapng
"Nov 28, 2023 18:04:40.249295",0.001793,5,,,0x0002,0,,,,,,physicalInteraction7.pcapng
"Nov 28, 2023 18:04:40.252166",,45,,,,,,,,,,physicalInteraction7.pcapng
"Nov 28, 2023 18:04:40.253989",0.001823,5,,,0x0002,144,,,,,,physicalInteraction7.pcapng
"Nov 28, 2023 18:04:40.256360",,45,,,,,,,,,,physicalInteraction7.pcapng
"Nov 28, 2023 18:04:40.258141",0.001781,5,,,0x0002,1,,,,,,physicalInteraction7.pcapng
"Nov 28, 2023 18:04:41.239187",0.981046,71,0xb1bf,0xffff,0x8841,166,0xb1bf,0xfffc,0x1209,,,physicalInteraction7.pcapng
"Nov 28, 2023 18:04:44.672998",3.433811,74,0x0000,0xffff,0x8841,145,0x0000,0xfffc,0x1209,,,physicalInteraction7.pcapng
"Nov 28, 2023 18:04:46.594368",1.921370,74,0x5bb9,0xffff,0x8841,196,0x5bb9,0xfffc,0x1209,,,physicalInteraction7.pcapng
"Nov 28, 2023 18:04:46.999334",0.404966,74,0x3d95,0xffff,0x8841,96,0x3d95,0xfffc,0x1209,,,physicalInteraction7.pcapng
"Nov 28, 2023 18:04:47.099030",,53,,,,,,,,,,physicalInteraction7.pcapng
"Nov 28, 2023 18:04:47.101067",0.002037,5,,,0x0002,187,,,,,,physicalInteraction7.pcapng
"Nov 28, 2023 18:04:47.104906",,53,,,,,,,,,,physicalInteraction7.pcapng
"Nov 28, 2023 18:04:47.106985",0.002079,5,,,0x0002,11,,,,,,physicalInteraction7.pcapng
"Nov 28, 2023 18:04:47.606713",0.499728,12,0x4615,0xe1a6,0x8863,188,,,,,,physicalInteraction7.pcapng
"Nov 28, 2023 18:04:47.607438",0.000725,5,,,0x0002,188,,,,,,physicalInteraction7.pcapng
"Nov 28, 2023 18:04:48.337563",,63,,,,,,,,,,physicalInteraction7.pcapng
"Nov 28, 2023 18:04:48.339961",0.002398,5,,,0x0002,167,,,,,,physicalInteraction7.pcapng
"Nov 28, 2023 18:04:48.385827",,50,,,,,,,,,,physicalInteraction7.pcapng
"Nov 28, 2023 18:04:48.387811",0.001984,5,,,0x0002,146,,,,,,physicalInteraction7.pcapng
"Nov 28, 2023 18:04:48.390495",,50,,,,,,,,,,physicalInteraction7.pcapng
"Nov 28, 2023 18:04:48.392442",0.001947,5,,,0x0002,2,,,,,,physicalInteraction7.pcapng
"Nov 28, 2023 18:04:48.397374",,45,,,,,,,,,,physicalInteraction7.pcapng
"Nov 28, 2023 18:04:48.399196",0.001822,5,,,0x0002,168,,,,,,physicalInteraction7.pcapng
"Nov 28, 2023 18:04:48.412315",,57,,,,,,,,,,physicalInteraction7.pcapng
"Nov 28, 2023 18:04:48.414522",0.002207,5,,,0x0002,169,,,,,,physicalInteraction7.pcapng
"Nov 28, 2023 18:04:48.465834",,50,,,,,,,,,,physicalInteraction7.pcapng
"Nov 28, 2023 18:04:48.471158",,50,,,,,,,,,,physicalInteraction7.pcapng
"Nov 28, 2023 18:04:48.473234",0.002076,5,,,0x0002,3,,,,,,physicalInteraction7.pcapng
"Nov 28, 2023 18:04:48.475514",,50,,,,,,,,,,physicalInteraction7.pcapng
"Nov 28, 2023 18:04:48.477497",0.001983,5,,,0x0002,147,,,,,,physicalInteraction7.pcapng
"Nov 28, 2023 18:04:48.478018",,45,,,,,,,,,,physicalInteraction7.pcapng
"Nov 28, 2023 18:04:48.479840",0.001822,5,,,0x0002,170,,,,,,physicalInteraction7.pcapng
"Nov 28, 2023 18:04:49.444550",0.964710,74,0x711c,0xffff,0x8841,4,0x711c,0xfffc,0x1209,,,physicalInteraction7.pcapng
"Nov 28, 2023 18:04:49.698588",0.254038,74,0x4e11,0xffff,0x8841,237,0x4e11,0xfffc,0x1209,,,physicalInteraction7.pcapng
"Nov 28, 2023 18:04:53.036482",3.337894,74,0xe1a6,0xffff,0x8841,12,0xe1a6,0xfffc,0x1209,,,physicalInteraction7.pcapng
"Nov 28, 2023 18:04:54.133119",1.096637,71,0x0112,0xffff,0x8847,3,,,,,,physicalInteraction7.pcapng
"Nov 28, 2023 18:04:55.008007",0.874888,65,0x1e15,0xffff,0x8841,178,0x1e15,0xfffc,0x1209,,,physicalInteraction7.pcapng
"Nov 28, 2023 18:04:56.352745",1.344738,71,0xb1bf,0xffff,0x8841,171,0xb1bf,0xfffc,0x1209,,,physicalInteraction7.pcapng
"Nov 28, 2023 18:04:56.367146",0.014401,74,0xec7f,0xffff,0x8841,117,0xec7f,0xfffc,0x1209,,,physicalInteraction7.pcapng
"Nov 28, 2023 18:04:57.142307",,50,,,,,,,,,,physicalInteraction7.pcapng
"Nov 28, 2023 18:04:57.145563",,50,,,,,,,,,,physicalInteraction7.pcapng
"Nov 28, 2023 18:04:57.148837",,50,,,,,,,,,,physicalInteraction7.pcapng
"Nov 28, 2023 18:04:57.153070",,50,,,,,,,,,,physicalInteraction7.pcapng
"Nov 28, 2023 18:04:57.187662",,50,,,,,,,,,,physicalInteraction7.pcapng
"Nov 28, 2023 18:04:57.191921",,50,,,,,,,,,,physicalInteraction7.pcapng
"Nov 28, 2023 18:04:57.197235",,50,,,,,,,,,,physicalInteraction7.pcapng
"Nov 28, 2023 18:04:57.200615",,50,,,,,,,,,,physicalInteraction7.pcapng
"Nov 28, 2023 18:04:57.253613",,50,,,,,,,,,,physicalInteraction7.pcapng
"Nov 28, 2023 18:04:57.256649",,50,,,,,,,,,,physicalInteraction7.pcapng
"Nov 28, 2023 18:04:57.273938",,50,,,,,,,,,,physicalInteraction7.pcapng
"Nov 28, 2023 18:04:57.278189",,50,,,,,,,,,,physicalInteraction7.pcapng
"Nov 28, 2023 18:04:57.319503",,50,,,,,,,,,,physicalInteraction7.pcapng
"Nov 28, 2023 18:04:57.323390",,50,,,,,,,,,,physicalInteraction7.pcapng
"Nov 28, 2023 18:04:57.326885",,50,,,,,,,,,,physicalInteraction7.pcapng
"Nov 28, 2023 18:04:57.330158",,50,,,,,,,,,,physicalInteraction7.pcapng
"Nov 28, 2023 18:04:57.369274",,50,,,,,,,,,,physicalInteraction7.pcapng
"Nov 28, 2023 18:04:57.374867",,50,,,,,,,,,,physicalInteraction7.pcapng
"Nov 28, 2023 18:04:57.377997",,50,,,,,,,,,,physicalInteraction7.pcapng
"Nov 28, 2023 18:04:57.382232",,50,,,,,,,,,,physicalInteraction7.pcapng
"Nov 28, 2023 18:04:57.455134",,50,,,,,,,,,,physicalInteraction7.pcapng
"Nov 28, 2023 18:04:57.458757",,50,,,,,,,,,,physicalInteraction7.pcapng
"Nov 28, 2023 18:04:57.461931",,50,,,,,,,,,,physicalInteraction7.pcapng
"Nov 28, 2023 18:04:57.478583",,50,,,,,,,,,,physicalInteraction7.pcapng
"Nov 28, 2023 18:04:57.505083",,50,,,,,,,,,,physicalInteraction7.pcapng
"Nov 28, 2023 18:04:57.508702",,50,,,,,,,,,,physicalInteraction7.pcapng
"Nov 28, 2023 18:04:57.513643",,50,,,,,,,,,,physicalInteraction7.pcapng
"Nov 28, 2023 18:04:57.518304",,50,,,,,,,,,,physicalInteraction7.pcapng
"Nov 28, 2023 18:04:57.555321",,50,,,,,,,,,,physicalInteraction7.pcapng
"Nov 28, 2023 18:04:57.559207",,50,,,,,,,,,,physicalInteraction7.pcapng
"Nov 28, 2023 18:04:57.564200",,50,,,,,,,,,,physicalInteraction7.pcapng
"Nov 28, 2023 18:04:57.567681",,50,,,,,,,,,,physicalInteraction7.pcapng
"Nov 28, 2023 18:04:57.618136",,50,,,,,,,,,,physicalInteraction7.pcapng
"Nov 28, 2023 18:04:57.622090",,50,,,,,,,,,,physicalInteraction7.pcapng
"Nov 28, 2023 18:04:57.627438",,50,,,,,,,,,,physicalInteraction7.pcapng
"Nov 28, 2023 18:04:57.632807",,50,,,,,,,,,,physicalInteraction7.pcapng
"Nov 28, 2023 18:04:57.680772",,50,,,,,,,,,,physicalInteraction7.pcapng
"Nov 28, 2023 18:04:57.684019",,50,,,,,,,,,,physicalInteraction7.pcapng
"Nov 28, 2023 18:04:57.689278",,50,,,,,,,,,,physicalInteraction7.pcapng
"Nov 28, 2023 18:04:57.693619",,50,,,,,,,,,,physicalInteraction7.pcapng
"Nov 28, 2023 18:04:58.790476",,52,,,,,,,,,,physicalInteraction7.pcapng
"Nov 28, 2023 18:04:58.792523",0.002047,5,,,0x0002,118,,,,,,physicalInteraction7.pcapng
"Nov 28, 2023 18:04:58.805741",,45,,,,,,,,,,physicalInteraction7.pcapng
"Nov 28, 2023 18:04:58.807550",0.001809,5,,,0x0002,158,,,,,,physicalInteraction7.pcapng
"Nov 28, 2023 18:04:58.833232",,50,,,,,,,,,,physicalInteraction7.pcapng
"Nov 28, 2023 18:04:58.835201",0.001969,5,,,0x0002,159,,,,,,physicalInteraction7.pcapng
"Nov 28, 2023 18:04:58.839253",,45,,,,,,,,,,physicalInteraction7.pcapng
"Nov 28, 2023 18:04:58.841076",0.001823,5,,,0x0002,119,,,,,,physicalInteraction7.pcapng
"Nov 28, 2023 18:05:01.513736",2.672660,74,0x0000,0xffff,0x8841,160,0x0000,0xfffc,0x1209,,,physicalInteraction7.pcapng
"Nov 28, 2023 18:05:02.011790",0.498054,74,0x3d95,0xffff,0x8841,97,0x3d95,0xfffc,0x1209,,,physicalInteraction7.pcapng
"Nov 28, 2023 18:05:02.854110",0.842320,74,0x5bb9,0xffff,0x8841,197,0x5bb9,0xfffc,0x1209,,,physicalInteraction7.pcapng
"Nov 28, 2023 18:05:03.488462",,52,,,,,,,,,,physicalInteraction7.pcapng
"Nov 28, 2023 18:05:03.490508",0.002046,5,,,0x0002,120,,,,,,physicalInteraction7.pcapng
"Nov 28, 2023 18:05:03.505062",,45,,,,,,,,,,physicalInteraction7.pcapng
"Nov 28, 2023 18:05:03.506871",0.001809,5,,,0x0002,161,,,,,,physicalInteraction7.pcapng
"Nov 28, 2023 18:05:03.527533",,50,,,,,,,,,,physicalInteraction7.pcapng
"Nov 28, 2023 18:05:03.529502",0.001969,5,,,0x0002,162,,,,,,physicalInteraction7.pcapng
"Nov 28, 2023 18:05:03.533584",,45,,,,,,,,,,physicalInteraction7.pcapng
"Nov 28, 2023 18:05:03.535406",0.001822,5,,,0x0002,121,,,,,,physicalInteraction7.pcapng
"Nov 28, 2023 18:05:03.642064",0.106658,74,0x4e11,0xffff,0x8841,238,0x4e11,0xfffc,0x1209,,,physicalInteraction7.pcapng
"Nov 28, 2023 18:05:06.496996",2.854932,74,0x711c,0xffff,0x8841,5,0x711c,0xfffc,0x1209,,,physicalInteraction7.pcapng
"Nov 28, 2023 18:05:07.177163",,53,,,,,,,,,,physicalInteraction7.pcapng
"Nov 28, 2023 18:05:07.179201",0.002038,5,,,0x0002,189,,,,,,physicalInteraction7.pcapng
"Nov 28, 2023 18:05:07.183132",,53,,,,,,,,,,physicalInteraction7.pcapng
"Nov 28, 2023 18:05:07.185211",0.002079,5,,,0x0002,13,,,,,,physicalInteraction7.pcapng
"Nov 28, 2023 18:05:07.683513",0.498302,12,0x4615,0xe1a6,0x8863,190,,,,,,physicalInteraction7.pcapng
"Nov 28, 2023 18:05:07.684245",0.000732,5,,,0x0002,190,,,,,,physicalInteraction7.pcapng
"Nov 28, 2023 18:05:08.080590",0.396345,74,0xe1a6,0xffff,0x8841,14,0xe1a6,0xfffc,0x1209,,,physicalInteraction7.pcapng
"Nov 28, 2023 18:05:10.056663",,52,,,,,,,,,,physicalInteraction7.pcapng
"Nov 28, 2023 18:05:10.058679",0.002016,5,,,0x0002,163,,,,,,physicalInteraction7.pcapng
"Nov 28, 2023 18:05:10.066328",,63,,,,,,,,,,physicalInteraction7.pcapng
"Nov 28, 2023 18:05:10.068727",0.002399,5,,,0x0002,15,,,,,,physicalInteraction7.pcapng
"Nov 28, 2023 18:05:10.090946",,52,,,,,,,,,,physicalInteraction7.pcapng
"Nov 28, 2023 18:05:10.092962",0.002016,5,,,0x0002,164,,,,,,physicalInteraction7.pcapng
"Nov 28, 2023 18:05:10.097938",0.004976,65,0x1e15,0xffff,0x8841,179,0x1e15,0xfffc,0x1209,,,physicalInteraction7.pcapng
"Nov 28, 2023 18:05:10.100882",,63,,,,,,,,,,physicalInteraction7.pcapng
"Nov 28, 2023 18:05:10.103281",0.002399,5,,,0x0002,98,,,,,,physicalInteraction7.pcapng
"Nov 28, 2023 18:05:10.104793",,45,,,,,,,,,,physicalInteraction7.pcapng
"Nov 28, 2023 18:05:10.106586",0.001793,5,,,0x0002,165,,,,,,physicalInteraction7.pcapng
"Nov 28, 2023 18:05:10.131547",,54,,,,,,,,,,physicalInteraction7.pcapng
"Nov 28, 2023 18:05:10.133628",0.002081,5,,,0x0002,166,,,,,,physicalInteraction7.pcapng
"Nov 28, 2023 18:05:10.141436",,66,,,,,,,,,,physicalInteraction7.pcapng
"Nov 28, 2023 18:05:10.143931",0.002495,5,,,0x0002,16,,,,,,physicalInteraction7.pcapng
"Nov 28, 2023 18:05:10.145619",,45,,,,,,,,,,physicalInteraction7.pcapng
"Nov 28, 2023 18:05:10.147412",0.001793,5,,,0x0002,167,,,,,,physicalInteraction7.pcapng
"Nov 28, 2023 18:05:10.170228",,54,,,,,,,,,,physicalInteraction7.pcapng
"Nov 28, 2023 18:05:10.172308",0.002080,5,,,0x0002,168,,,,,,physicalInteraction7.pcapng
"Nov 28, 2023 18:05:10.180187",,66,,,,,,,,,,physicalInteraction7.pcapng
"Nov 28, 2023 18:05:10.182682",0.002495,5,,,0x0002,99,,,,,,physicalInteraction7.pcapng
"Nov 28, 2023 18:05:10.186342",,54,,,,,,,,,,physicalInteraction7.pcapng
"Nov 28, 2023 18:05:10.188453",0.002111,5,,,0x0002,169,,,,,,physicalInteraction7.pcapng
"Nov 28, 2023 18:05:10.191176",,54,,,,,,,,,,physicalInteraction7.pcapng
"Nov 28, 2023 18:05:10.193256",0.002080,5,,,0x0002,6,,,,,,physicalInteraction7.pcapng
"Nov 28, 2023 18:05:10.200529",,66,,,,,,,,,,physicalInteraction7.pcapng
"Nov 28, 2023 18:05:10.203023",0.002494,5,,,0x0002,172,,,,,,physicalInteraction7.pcapng
"Nov 28, 2023 18:05:10.203986",,45,,,,,,,,,,physicalInteraction7.pcapng
"Nov 28, 2023 18:05:10.205779",0.001793,5,,,0x0002,170,,,,,,physicalInteraction7.pcapng
"Nov 28, 2023 18:05:10.220844",,52,,,,,,,,,,physicalInteraction7.pcapng
"Nov 28, 2023 18:05:10.222891",0.002047,5,,,0x0002,171,,,,,,physicalInteraction7.pcapng
"Nov 28, 2023 18:05:10.225616",,52,,,,,,,,,,physicalInteraction7.pcapng
"Nov 28, 2023 18:05:10.227621",0.002005,5,,,0x0002,7,,,,,,physicalInteraction7.pcapng
"Nov 28, 2023 18:05:10.233891",,45,,,,,,,,,,physicalInteraction7.pcapng
"Nov 28, 2023 18:05:10.235672",0.001781,5,,,0x0002,172,,,,,,physicalInteraction7.pcapng
"Nov 28, 2023 18:05:10.239790",0.004118,63,,,0xf861,34,,,,,,physicalInteraction7.pcapng
"Nov 28, 2023 18:05:10.244556",,45,,,,,,,,,,physicalInteraction7.pcapng
"Nov 28, 2023 18:05:10.248732",,45,,,,,,,,,,physicalInteraction7.pcapng
"Nov 28, 2023 18:05:10.252622",,45,,,,,,,,,,physicalInteraction7.pcapng
"Nov 28, 2023 18:05:10.254445",0.001823,5,,,0x0002,173,,,,,,physicalInteraction7.pcapng
"Nov 28, 2023 18:05:10.257282",,63,,,,,,,,,,physicalInteraction7.pcapng
"Nov 28, 2023 18:05:10.259681",0.002399,5,,,0x0002,174,,,,,,physicalInteraction7.pcapng
"Nov 28, 2023 18:05:10.262380",,45,,,,,,,,,,physicalInteraction7.pcapng
"Nov 28, 2023 18:05:10.264173",0.001793,5,,,0x0002,8,,,,,,physicalInteraction7.pcapng
"Nov 28, 2023 18:05:10.276418",,45,,,,,,,,,,physicalInteraction7.pcapng
"Nov 28, 2023 18:05:10.278241",0.001823,5,,,0x0002,174,,,,,,physicalInteraction7.pcapng
"Nov 28, 2023 18:05:10.282536",,45,,,,,,,,,,physicalInteraction7.pcapng
"Nov 28, 2023 18:05:10.284327",0.001791,5,,,0x0002,9,,,,,,physicalInteraction7.pcapng
"Nov 28, 2023 18:05:11.332749",1.048422,71,0xb1bf,0xffff,0x8841,175,0xb1bf,0xfffc,0x1209,,,physicalInteraction7.pcapng
"Nov 28, 2023 18:05:13.251876",1.919127,74,0xec7f,0xffff,0x8841,122,0xec7f,0xfffc,0x1209,,,physicalInteraction7.pcapng
"Nov 28, 2023 18:05:15.956956",2.705080,74,0x0000,0xffff,0x8841,175,0x0000,0xfffc,0x1209,,,physicalInteraction7.pcapng
"Nov 28, 2023 18:05:16.784148",,58,,,,,,,,,,physicalInteraction7.pcapng
"Nov 28, 2023 18:05:16.786387",0.002239,5,,,0x0002,123,,,,,,physicalInteraction7.pcapng
"Nov 28, 2023 18:05:16.800343",,45,,,,,,,,,,physicalInteraction7.pcapng
"Nov 28, 2023 18:05:16.802152",0.001809,5,,,0x0002,176,,,,,,physicalInteraction7.pcapng
"Nov 28, 2023 18:05:16.826920",,50,,,,,,,,,,physicalInteraction7.pcapng
"Nov 28, 2023 18:05:16.828889",0.001969,5,,,0x0002,177,,,,,,physicalInteraction7.pcapng
"Nov 28, 2023 18:05:16.831362",,45,,,,,,,,,,physicalInteraction7.pcapng
"Nov 28, 2023 18:05:16.833185",0.001823,5,,,0x0002,124,,,,,,physicalInteraction7.pcapng
"Nov 28, 2023 18:05:16.963330",0.130145,74,0x3d95,0xffff,0x8841,100,0x3d95,0xfffc,0x1209,,,physicalInteraction7.pcapng
"Nov 28, 2023 18:05:17.240810",0.277480,74,0x5bb9,0xffff,0x8841,198,0x5bb9,0xfffc,0x1209,,,physicalInteraction7.pcapng
"Nov 28, 2023 18:05:18.872482",1.631672,74,0x4e11,0xffff,0x8841,239,0x4e11,0xfffc,0x1209,,,physicalInteraction7.pcapng
"Nov 28, 2023 18:05:23.107191",4.234709,74,0xe1a6,0xffff,0x8841,17,0xe1a6,0xfffc,0x1209,,,physicalInteraction7.pcapng
"Nov 28, 2023 18:05:24.143022",1.035831,74,0x0112,0xffff,0x8841,5,0x0112,0xfffc,0x1209,,,physicalInteraction7.pcapng
"Nov 28, 2023 18:05:24.304008",0.160986,74,0x711c,0xffff,0x8841,10,0x711c,0xfffc,0x1209,,,physicalInteraction7.pcapng
"Nov 28, 2023 18:05:25.063591",0.759583,65,0x1e15,0xffff,0x8841,180,0x1e15,0xfffc,0x1209,,,physicalInteraction7.pcapng
"Nov 28, 2023 18:05:27.756980",2.693389,74,0xec7f,0xffff,0x8841,125,0xec7f,0xfffc,0x1209,,,physicalInteraction7.pcapng
"Nov 28, 2023 18:05:31.712663",3.955683,74,0x0000,0xffff,0x8841,178,0x0000,0xfffc,0x1209,,,physicalInteraction7.pcapng
"Nov 28, 2023 18:05:31.981345",0.268682,74,0x3d95,0xffff,0x8841,101,0x3d95,0xfffc,0x1209,,,physicalInteraction7.pcapng
"Nov 28, 2023 18:05:32.526656",0.545311,74,0x5bb9,0xffff,0x8841,199,0x5bb9,0xfffc,0x1209,,,physicalInteraction7.pcapng
"Nov 28, 2023 18:05:32.980371",0.453715,74,0x4e11,0xffff,0x8841,240,0x4e11,0xfffc,0x1209,,,physicalInteraction7.pcapng
"Nov 28, 2023 18:05:38.126325",5.145954,74,0xe1a6,0xffff,0x8841,18,0xe1a6,0xfffc,0x1209,,,physicalInteraction7.pcapng
"Nov 28, 2023 18:05:39.345712",,63,,,,,,,,,,physicalInteraction7.pcapng
"Nov 28, 2023 18:05:39.348111",0.002399,5,,,0x0002,102,,,,,,physicalInteraction7.pcapng
"Nov 28, 2023 18:05:39.391979",,50,,,,,,,,,,physicalInteraction7.pcapng
"Nov 28, 2023 18:05:39.393930",0.001951,5,,,0x0002,179,,,,,,physicalInteraction7.pcapng
"Nov 28, 2023 18:05:39.399267",,45,,,,,,,,,,physicalInteraction7.pcapng
"Nov 28, 2023 18:05:39.401090",0.001823,5,,,0x0002,103,,,,,,physicalInteraction7.pcapng
"Nov 28, 2023 18:05:39.414373",,57,,,,,,,,,,physicalInteraction7.pcapng
"Nov 28, 2023 18:05:39.416579",0.002206,5,,,0x0002,104,,,,,,physicalInteraction7.pcapng
"Nov 28, 2023 18:05:39.457287",,50,,,,,,,,,,physicalInteraction7.pcapng
"Nov 28, 2023 18:05:39.459229",0.001942,5,,,0x0002,180,,,,,,physicalInteraction7.pcapng
"Nov 28, 2023 18:05:39.464386",,45,,,,,,,,,,physicalInteraction7.pcapng
"Nov 28, 2023 18:05:39.466209",0.001823,5,,,0x0002,105,,,,,,physicalInteraction7.pcapng
"Nov 28, 2023 18:05:40.058430",,52,,,,,,,,,,physicalInteraction7.pcapng
"Nov 28, 2023 18:05:40.060446",0.002016,5,,,0x0002,181,,,,,,physicalInteraction7.pcapng
"Nov 28, 2023 18:05:40.068330",,63,,,,,,,,,,physicalInteraction7.pcapng
"Nov 28, 2023 18:05:40.070729",0.002399,5,,,0x0002,19,,,,,,physicalInteraction7.pcapng
"Nov 28, 2023 18:05:40.093204",,52,,,,,,,,,,physicalInteraction7.pcapng
"Nov 28, 2023 18:05:40.095220",0.002016,5,,,0x0002,182,,,,,,physicalInteraction7.pcapng
"Nov 28, 2023 18:05:40.103104",,63,,,,,,,,,,physicalInteraction7.pcapng
"Nov 28, 2023 18:05:40.105503",0.002399,5,,,0x0002,106,,,,,,physicalInteraction7.pcapng
"Nov 28, 2023 18:05:40.106485",0.000982,65,0x1e15,0xffff,0x8841,181,0x1e15,0xfffc,0x1209,,,physicalInteraction7.pcapng
"Nov 28, 2023 18:05:40.110124",,45,,,,,,,,,,physicalInteraction7.pcapng
"Nov 28, 2023 18:05:40.111918",0.001794,5,,,0x0002,183,,,,,,physicalInteraction7.pcapng
"Nov 28, 2023 18:05:40.130817",,54,,,,,,,,,,physicalInteraction7.pcapng
"Nov 28, 2023 18:05:40.132897",0.002080,5,,,0x0002,184,,,,,,physicalInteraction7.pcapng
"Nov 28, 2023 18:05:40.140711",,66,,,,,,,,,,physicalInteraction7.pcapng
"Nov 28, 2023 18:05:40.143205",0.002494,5,,,0x0002,20,,,,,,physicalInteraction7.pcapng
"Nov 28, 2023 18:05:40.145991",,66,,,,,,,,,,physicalInteraction7.pcapng
"Nov 28, 2023 18:05:40.148486",0.002495,5,,,0x0002,20,,,,,,physicalInteraction7.pcapng
"Nov 28, 2023 18:05:40.150229",,45,,,,,,,,,,physicalInteraction7.pcapng
"Nov 28, 2023 18:05:40.152022",0.001793,5,,,0x0002,185,,,,,,physicalInteraction7.pcapng
"Nov 28, 2023 18:05:40.168657",,54,,,,,,,,,,physicalInteraction7.pcapng
"Nov 28, 2023 18:05:40.170738",0.002081,5,,,0x0002,186,,,,,,physicalInteraction7.pcapng
"Nov 28, 2023 18:05:40.178384",,66,,,,,,,,,,physicalInteraction7.pcapng
"Nov 28, 2023 18:05:40.180878",0.002494,5,,,0x0002,107,,,,,,physicalInteraction7.pcapng
"Nov 28, 2023 18:05:40.185179",,54,,,,,,,,,,physicalInteraction7.pcapng
"Nov 28, 2023 18:05:40.187290",0.002111,5,,,0x0002,187,,,,,,physicalInteraction7.pcapng
"Nov 28, 2023 18:05:40.192209",,54,,,,,,,,,,physicalInteraction7.pcapng
"Nov 28, 2023 18:05:40.194291",0.002082,5,,,0x0002,11,,,,,,physicalInteraction7.pcapng
"Nov 28, 2023 18:05:40.201523",,45,,,,,,,,,,physicalInteraction7.pcapng
"Nov 28, 2023 18:05:40.203317",0.001794,5,,,0x0002,188,,,,,,physicalInteraction7.pcapng
"Nov 28, 2023 18:05:40.206634",,66,,,,,,,,,,physicalInteraction7.pcapng
"Nov 28, 2023 18:05:40.209129",0.002495,5,,,0x0002,177,,,,,,physicalInteraction7.pcapng
"Nov 28, 2023 18:05:40.215146",,52,,,,,,,,,,physicalInteraction7.pcapng
"Nov 28, 2023 18:05:40.217193",0.002047,5,,,0x0002,189,,,,,,physicalInteraction7.pcapng
"Nov 28, 2023 18:05:40.220523",,52,,,,,,,,,,physicalInteraction7.pcapng
"Nov 28, 2023 18:05:40.222541",0.002018,5,,,0x0002,12,,,,,,physicalInteraction7.pcapng
"Nov 28, 2023 18:05:40.230374",,63,,,,,,,,,,physicalInteraction7.pcapng
"Nov 28, 2023 18:05:40.232773",0.002399,5,,,0x0002,178,,,,,,physicalInteraction7.pcapng
"Nov 28, 2023 18:05:40.238632",,45,,,,,,,,,,physicalInteraction7.pcapng
"Nov 28, 2023 18:05:40.240424",0.001792,5,,,0x0002,190,,,,,,physicalInteraction7.pcapng
"Nov 28, 2023 18:05:40.249121",,45,,,,,,,,,,physicalInteraction7.pcapng
"Nov 28, 2023 18:05:40.250945",0.001824,5,,,0x0002,191,,,,,,physicalInteraction7.pcapng
"Nov 28, 2023 18:05:40.254633",,45,,,,,,,,,,physicalInteraction7.pcapng
"Nov 28, 2023 18:05:40.256426",0.001793,5,,,0x0002,13,,,,,,physicalInteraction7.pcapng
"Nov 28, 2023 18:05:40.258241",,45,,,,,,,,,,physicalInteraction7.pcapng
"Nov 28, 2023 18:05:40.260064",0.001823,5,,,0x0002,192,,,,,,physicalInteraction7.pcapng
"Nov 28, 2023 18:05:40.263608",,45,,,,,,,,,,physicalInteraction7.pcapng
"Nov 28, 2023 18:05:40.265400",0.001792,5,,,0x0002,14,,,,,,physicalInteraction7.pcapng
"Nov 28, 2023 18:05:41.250149",0.984749,74,0xb1bf,0xffff,0x8841,179,0xb1bf,0xfffc,0x1209,,,physicalInteraction7.pcapng
"Nov 28, 2023 18:05:41.619949",0.369800,74,0x711c,0xffff,0x8841,15,0x711c,0xfffc,0x1209,,,physicalInteraction7.pcapng
"Nov 28, 2023 18:05:41.838769",,60,,,,,,,,,,physicalInteraction7.pcapng
"Nov 28, 2023 18:05:41.841071",0.002302,5,,,0x0002,21,,,,,,physicalInteraction7.pcapng
"Nov 28, 2023 18:05:41.888582",,50,,,,,,,,,,physicalInteraction7.pcapng
"Nov 28, 2023 18:05:41.890534",0.001952,5,,,0x0002,193,,,,,,physicalInteraction7.pcapng
"Nov 28, 2023 18:05:41.895762",,45,,,,,,,,,,physicalInteraction7.pcapng
"Nov 28, 2023 18:05:41.897584",0.001822,5,,,0x0002,22,,,,,,physicalInteraction7.pcapng
"Nov 28, 2023 18:05:42.759445",,60,,,,,,,,,,physicalInteraction7.pcapng
"Nov 28, 2023 18:05:42.764295",0.004850,60,0xb1bf,0x0000,0x8861,180,,,,,,physicalInteraction7.pcapng
"Nov 28, 2023 18:05:42.769156",0.004861,60,0xb1bf,0x0000,0x8861,180,,,,,,physicalInteraction7.pcapng
"Nov 28, 2023 18:05:42.774017",,60,,,,,,,,,,physicalInteraction7.pcapng
"Nov 28, 2023 18:05:42.776320",0.002303,5,,,0x0002,180,,,,,,physicalInteraction7.pcapng
"Nov 28, 2023 18:05:42.819064",,50,,,,,,,,,,physicalInteraction7.pcapng
"Nov 28, 2023 18:05:42.821047",0.001983,5,,,0x0002,194,,,,,,physicalInteraction7.pcapng
"Nov 28, 2023 18:05:42.824162",,50,,,,,,,,,,physicalInteraction7.pcapng
"Nov 28, 2023 18:05:42.826114",0.001952,5,,,0x0002,16,,,,,,physicalInteraction7.pcapng
"Nov 28, 2023 18:05:42.831055",,45,,,,,,,,,,physicalInteraction7.pcapng
"Nov 28, 2023 18:05:42.832878",0.001823,5,,,0x0002,181,,,,,,physicalInteraction7.pcapng
"Nov 28, 2023 18:05:43.414631",0.581753,74,0xec7f,0xffff,0x8841,126,0xec7f,0xfffc,0x1209,,,physicalInteraction7.pcapng
"Nov 28, 2023 18:05:46.446732",3.032101,74,0x0000,0xffff,0x8841,195,0x0000,0xfffc,0x1209,,,physicalInteraction7.pcapng
"Nov 28, 2023 18:05:46.995661",0.548929,74,0x3d95,0xffff,0x8841,108,0x3d95,0xfffc,0x1209,,,physicalInteraction7.pcapng
"Nov 28, 2023 18:05:47.044234",0.048573,74,0x5bb9,0xffff,0x8841,200,0x5bb9,0xfffc,0x1209,,,physicalInteraction7.pcapng
"Nov 28, 2023 18:05:49.826184",2.781950,74,0x4e11,0xffff,0x8841,241,0x4e11,0xfffc,0x1209,,,physicalInteraction7.pcapng
"Nov 28, 2023 18:05:53.163101",3.336917,74,0xe1a6,0xffff,0x8841,23,0xe1a6,0xfffc,0x1209,,,physicalInteraction7.pcapng
"Nov 28, 2023 18:05:54.137885",0.974784,74,0x0112,0xffff,0x8841,7,0x0112,0xfffc,0x1209,,,physicalInteraction7.pcapng
"Nov 28, 2023 18:05:55.028503",0.890618,65,0x1e15,0xffff,0x8841,182,0x1e15,0xfffc,0x1209,,,physicalInteraction7.pcapng
"Nov 28, 2023 18:05:56.245973",1.217470,74,0xb1bf,0xffff,0x8841,182,0xb1bf,0xfffc,0x1209,,,physicalInteraction7.pcapng
"Nov 28, 2023 18:05:59.166614",2.920641,74,0x711c,0xffff,0x8841,17,0x711c,0xfffc,0x1209,,,physicalInteraction7.pcapng
"Nov 28, 2023 18:06:00.252868",1.086254,74,0xec7f,0xffff,0x8841,127,0xec7f,0xfffc,0x1209,,,physicalInteraction7.pcapng
"Nov 28, 2023 18:06:01.832915",,50,,,,,,,,,,physicalInteraction7.pcapng
"Nov 28, 2023 18:06:01.834899",0.001984,5,,,0x0002,196,,,,,,physicalInteraction7.pcapng
"Nov 28, 2023 18:06:01.838642",0.003743,55,0x711c,0x0000,0x8861,18,0x711c,0x0000,0x1a09,,,physicalInteraction7.pcapng
"Nov 28, 2023 18:06:01.840784",0.002142,5,,,0x0002,18,,,,,,physicalInteraction7.pcapng
"Nov 28, 2023 18:06:01.887328",,53,,,,,,,,,,physicalInteraction7.pcapng
"Nov 28, 2023 18:06:01.889407",0.002079,5,,,0x0002,19,,,,,,physicalInteraction7.pcapng
"Nov 28, 2023 18:06:01.929136",,50,,,,,,,,,,physicalInteraction7.pcapng
"Nov 28, 2023 18:06:01.931119",0.001983,5,,,0x0002,197,,,,,,physicalInteraction7.pcapng
"Nov 28, 2023 18:06:01.935557",0.004438,55,0x711c,0x0000,0x8861,20,0x711c,0x0000,0x1a09,,,physicalInteraction7.pcapng
"Nov 28, 2023 18:06:01.937699",0.002142,5,,,0x0002,20,,,,,,physicalInteraction7.pcapng
"Nov 28, 2023 18:06:01.983743",,53,,,,,,,,,,physicalInteraction7.pcapng
"Nov 28, 2023 18:06:01.985822",0.002079,5,,,0x0002,21,,,,,,physicalInteraction7.pcapng
"Nov 28, 2023 18:06:02.070243",0.084421,74,0x3d95,0xffff,0x8841,109,0x3d95,0xfffc,0x1209,,,physicalInteraction7.pcapng
"Nov 28, 2023 18:06:02.850181",0.779938,74,0x5bb9,0xffff,0x8841,201,0x5bb9,0xfffc,0x1209,,,physicalInteraction7.pcapng
"Nov 28, 2023 18:06:03.774510",0.924329,74,0x0000,0xffff,0x8841,198,0x0000,0xfffc,0x1209,,,physicalInteraction7.pcapng
"Nov 28, 2023 18:06:04.399114",0.624604,74,0x4e11,0xffff,0x8841,242,0x4e11,0xfffc,0x1209,,,physicalInteraction7.pcapng
"Nov 28, 2023 18:06:08.067283",3.668169,74,0xe1a6,0xffff,0x8841,24,0xe1a6,0xfffc,0x1209,,,physicalInteraction7.pcapng
"Nov 28, 2023 18:06:09.999311",1.932028,65,0x1e15,0xffff,0x8841,183,0x1e15,0xfffc,0x1209,,,physicalInteraction7.pcapng
"Nov 28, 2023 18:06:10.059406",,52,,,,,,,,,,physicalInteraction7.pcapng
"Nov 28, 2023 18:06:10.061424",0.002018,5,,,0x0002,199,,,,,,physicalInteraction7.pcapng
"Nov 28, 2023 18:06:10.069520",,63,,,,,,,,,,physicalInteraction7.pcapng
"Nov 28, 2023 18:06:10.071919",0.002399,5,,,0x0002,25,,,,,,physicalInteraction7.pcapng
"Nov 28, 2023 18:06:10.093435",,52,,,,,,,,,,physicalInteraction7.pcapng
"Nov 28, 2023 18:06:10.095447",0.002012,5,,,0x0002,200,,,,,,physicalInteraction7.pcapng
"Nov 28, 2023 18:06:10.103072",,63,,,,,,,,,,physicalInteraction7.pcapng
"Nov 28, 2023 18:06:10.105470",0.002398,5,,,0x0002,110,,,,,,physicalInteraction7.pcapng
"Nov 28, 2023 18:06:10.106637",,45,,,,,,,,,,physicalInteraction7.pcapng
"Nov 28, 2023 18:06:10.108429",0.001792,5,,,0x0002,201,,,,,,physicalInteraction7.pcapng
"Nov 28, 2023 18:06:10.126956",,54,,,,,,,,,,physicalInteraction7.pcapng
"Nov 28, 2023 18:06:10.129026",0.002070,5,,,0x0002,202,,,,,,physicalInteraction7.pcapng
"Nov 28, 2023 18:06:10.137060",,66,,,,,,,,,,physicalInteraction7.pcapng
"Nov 28, 2023 18:06:10.139554",0.002494,5,,,0x0002,26,,,,,,physicalInteraction7.pcapng
"Nov 28, 2023 18:06:10.142894",,45,,,,,,,,,,physicalInteraction7.pcapng
"Nov 28, 2023 18:06:10.144686",0.001792,5,,,0x0002,203,,,,,,physicalInteraction7.pcapng
"Nov 28, 2023 18:06:10.167010",,54,,,,,,,,,,physicalInteraction7.pcapng
"Nov 28, 2023 18:06:10.169091",0.002081,5,,,0x0002,204,,,,,,physicalInteraction7.pcapng
"Nov 28, 2023 18:06:10.176797",,66,,,,,,,,,,physicalInteraction7.pcapng
"Nov 28, 2023 18:06:10.179291",0.002494,5,,,0x0002,111,,,,,,physicalInteraction7.pcapng
"Nov 28, 2023 18:06:10.180260",,54,,,,,,,,,,physicalInteraction7.pcapng
"Nov 28, 2023 18:06:10.182372",0.002112,5,,,0x0002,205,,,,,,physicalInteraction7.pcapng
"Nov 28, 2023 18:06:10.186189",,54,,,,,,,,,,physicalInteraction7.pcapng
"Nov 28, 2023 18:06:10.188269",0.002080,5,,,0x0002,22,,,,,,physicalInteraction7.pcapng
"Nov 28, 2023 18:06:10.195498",,66,,,,,,,,,,physicalInteraction7.pcapng
"Nov 28, 2023 18:06:10.197993",0.002495,5,,,0x0002,183,,,,,,physicalInteraction7.pcapng
"Nov 28, 2023 18:06:10.204556",,45,,,,,,,,,,physicalInteraction7.pcapng
"Nov 28, 2023 18:06:10.206349",0.001793,5,,,0x0002,206,,,,,,physicalInteraction7.pcapng
"Nov 28, 2023 18:06:10.215223",,52,,,,,,,,,,physicalInteraction7.pcapng
"Nov 28, 2023 18:06:10.217270",0.002047,5,,,0x0002,207,,,,,,physicalInteraction7.pcapng
"Nov 28, 2023 18:06:10.220618",,52,,,,,,,,,,physicalInteraction7.pcapng
"Nov 28, 2023 18:06:10.222623",0.002005,5,,,0x0002,23,,,,,,physicalInteraction7.pcapng
"Nov 28, 2023 18:06:10.227582",,45,,,,,,,,,,physicalInteraction7.pcapng
"Nov 28, 2023 18:06:10.229364",0.001782,5,,,0x0002,208,,,,,,physicalInteraction7.pcapng
"Nov 28, 2023 18:06:10.229819",,63,,,,,,,,,,physicalInteraction7.pcapng
"Nov 28, 2023 18:06:10.232218",0.002399,5,,,0x0002,184,,,,,,physicalInteraction7.pcapng
"Nov 28, 2023 18:06:10.234911",,63,,,,,,,,,,physicalInteraction7.pcapng
"Nov 28, 2023 18:06:10.237310",0.002399,5,,,0x0002,184,,,,,,physicalInteraction7.pcapng
"Nov 28, 2023 18:06:10.240650",,45,,,,,,,,,,physicalInteraction7.pcapng
"Nov 28, 2023 18:06:10.242473",0.001823,5,,,0x0002,209,,,,,,physicalInteraction7.pcapng
"Nov 28, 2023 18:06:10.246831",,45,,,,,,,,,,physicalInteraction7.pcapng
"Nov 28, 2023 18:06:10.248611",0.001780,5,,,0x0002,24,,,,,,physicalInteraction7.pcapng
"Nov 28, 2023 18:06:10.250143",,45,,,,,,,,,,physicalInteraction7.pcapng
"Nov 28, 2023 18:06:10.251967",0.001824,5,,,0x0002,210,,,,,,physicalInteraction7.pcapng
"Nov 28, 2023 18:06:10.256365",,45,,,,,,,,,,physicalInteraction7.pcapng
"Nov 28, 2023 18:06:10.258157",0.001792,5,,,0x0002,25,,,,,,physicalInteraction7.pcapng
"Nov 28, 2023 18:06:11.333359",1.075202,74,0xb1bf,0xffff,0x8841,185,0xb1bf,0xfffc,0x1209,,,physicalInteraction7.pcapng
"Nov 28, 2023 18:06:15.992714",4.659355,74,0x711c,0xffff,0x8841,26,0x711c,0xfffc,0x1209,,,physicalInteraction7.pcapng
"Nov 28, 2023 18:06:17.080448",1.087734,74,0x3d95,0xffff,0x8841,112,0x3d95,0xfffc,0x1209,,,physicalInteraction7.pcapng
"Nov 28, 2023 18:06:17.617803",0.537355,74,0xec7f,0xffff,0x8841,128,0xec7f,0xfffc,0x1209,,,physicalInteraction7.pcapng
"Nov 28, 2023 18:06:19.350789",1.732986,74,0x5bb9,0xffff,0x8841,202,0x5bb9,0xfffc,0x1209,,,physicalInteraction7.pcapng
"Nov 28, 2023 18:06:19.745246",0.394457,74,0x0000,0xffff,0x8841,211,0x0000,0xfffc,0x1209,,,physicalInteraction7.pcapng
"Nov 28, 2023 18:06:21.024358",1.279112,74,0x4e11,0xffff,0x8841,243,0x4e11,0xfffc,0x1209,,,physicalInteraction7.pcapng
"Nov 28, 2023 18:06:21.768871",,57,,,,,,,,,,physicalInteraction7.pcapng
"Nov 28, 2023 18:06:21.771078",0.002207,5,,,0x0002,27,,,,,,physicalInteraction7.pcapng
"Nov 28, 2023 18:06:21.812619",,50,,,,,,,,,,physicalInteraction7.pcapng
"Nov 28, 2023 18:06:21.814560",0.001941,5,,,0x0002,212,,,,,,physicalInteraction7.pcapng
"Nov 28, 2023 18:06:21.819628",,45,,,,,,,,,,physicalInteraction7.pcapng
"Nov 28, 2023 18:06:21.821451",0.001823,5,,,0x0002,28,,,,,,physicalInteraction7.pcapng
"Nov 28, 2023 18:06:21.834878",,63,,,,,,,,,,physicalInteraction7.pcapng
"Nov 28, 2023 18:06:21.837277",0.002399,5,,,0x0002,29,,,,,,physicalInteraction7.pcapng
"Nov 28, 2023 18:06:21.883165",,50,,,,,,,,,,physicalInteraction7.pcapng
"Nov 28, 2023 18:06:21.885117",0.001952,5,,,0x0002,213,,,,,,physicalInteraction7.pcapng
"Nov 28, 2023 18:06:21.890216",,45,,,,,,,,,,physicalInteraction7.pcapng
"Nov 28, 2023 18:06:21.892039",0.001823,5,,,0x0002,30,,,,,,physicalInteraction7.pcapng
"Nov 28, 2023 18:06:23.083489",1.191450,74,0xe1a6,0xffff,0x8841,31,0xe1a6,0xfffc,0x1209,,,physicalInteraction7.pcapng
"Nov 28, 2023 18:06:24.152588",1.069099,74,0x0112,0xffff,0x8841,9,0x0112,0xfffc,0x1209,,,physicalInteraction7.pcapng
"Nov 28, 2023 18:06:25.059274",0.906686,65,0x1e15,0xffff,0x8841,184,0x1e15,0xfffc,0x1209,,,physicalInteraction7.pcapng
"Nov 28, 2023 18:06:26.284492",1.225218,74,0xb1bf,0xffff,0x8841,186,0xb1bf,0xfffc,0x1209,,,physicalInteraction7.pcapng
"Nov 28, 2023 18:06:30.090995",3.806503,74,0x711c,0xffff,0x8841,27,0x711c,0xfffc,0x1209,,,physicalInteraction7.pcapng
"Nov 28, 2023 18:06:32.068609",1.977614,74,0x3d95,0xffff,0x8841,113,0x3d95,0xfffc,0x1209,,,physicalInteraction7.pcapng
"Nov 28, 2023 18:06:33.200559",1.131950,74,0xec7f,0xffff,0x8841,129,0xec7f,0xfffc,0x1209,,,physicalInteraction7.pcapng
"Nov 28, 2023 18:06:34.536774",1.336215,74,0x5bb9,0xffff,0x8841,203,0x5bb9,0xfffc,0x1209,,,physicalInteraction7.pcapng
"Nov 28, 2023 18:06:34.581724",0.044950,74,0x0000,0xffff,0x8841,214,0x0000,0xfffc,0x1209,,,physicalInteraction7.pcapng
"Nov 28, 2023 18:06:37.803535",3.221811,74,0x4e11,0xffff,0x8841,244,0x4e11,0xfffc,0x1209,,,physicalInteraction7.pcapng
"Nov 28, 2023 18:06:38.081080",0.277545,74,0xe1a6,0xffff,0x8841,32,0xe1a6,0xfffc,0x1209,,,physicalInteraction7.pcapng
"Nov 28, 2023 18:06:39.143620",1.062540,74,0x0112,0xffff,0x8841,10,0x0112,0xfffc,0x1209,,,physicalInteraction7.pcapng
"Nov 28, 2023 18:06:40.031273",0.887653,65,0x1e15,0xffff,0x8841,185,0x1e15,0xfffc,0x1209,,,physicalInteraction7.pcapng
"Nov 28, 2023 18:06:40.064225",,52,,,,,,,,,,physicalInteraction7.pcapng
"Nov 28, 2023 18:06:40.066231",0.002006,5,,,0x0002,215,,,,,,physicalInteraction7.pcapng
"Nov 28, 2023 18:06:40.074007",,63,,,,,,,,,,physicalInteraction7.pcapng
"Nov 28, 2023 18:06:40.076406",0.002399,5,,,0x0002,33,,,,,,physicalInteraction7.pcapng
"Nov 28, 2023 18:06:40.099141",,52,,,,,,,,,,physicalInteraction7.pcapng
"Nov 28, 2023 18:06:40.101158",0.002017,5,,,0x0002,216,,,,,,physicalInteraction7.pcapng
"Nov 28, 2023 18:06:40.108772",,63,,,,,,,,,,physicalInteraction7.pcapng
"Nov 28, 2023 18:06:40.111171",0.002399,5,,,0x0002,114,,,,,,physicalInteraction7.pcapng
"Nov 28, 2023 18:06:40.114510",,45,,,,,,,,,,physicalInteraction7.pcapng
"Nov 28, 2023 18:06:40.116298",0.001788,5,,,0x0002,217,,,,,,physicalInteraction7.pcapng
"Nov 28, 2023 18:06:40.133259",,54,,,,,,,,,,physicalInteraction7.pcapng
"Nov 28, 2023 18:06:40.135331",0.002072,5,,,0x0002,218,,,,,,physicalInteraction7.pcapng
"Nov 28, 2023 18:06:40.143174",,66,,,,,,,,,,physicalInteraction7.pcapng
"Nov 28, 2023 18:06:40.145668",0.002494,5,,,0x0002,34,,,,,,physicalInteraction7.pcapng
"Nov 28, 2023 18:06:40.152939",,45,,,,,,,,,,physicalInteraction7.pcapng
"Nov 28, 2023 18:06:40.154721",0.001782,5,,,0x0002,219,,,,,,physicalInteraction7.pcapng
"Nov 28, 2023 18:06:40.170958",,54,,,,,,,,,,physicalInteraction7.pcapng
"Nov 28, 2023 18:06:40.173039",0.002081,5,,,0x0002,220,,,,,,physicalInteraction7.pcapng
"Nov 28, 2023 18:06:40.180924",,66,,,,,,,,,,physicalInteraction7.pcapng
"Nov 28, 2023 18:06:40.183419",0.002495,5,,,0x0002,115,,,,,,physicalInteraction7.pcapng
"Nov 28, 2023 18:06:40.185607",,54,,,,,,,,,,physicalInteraction7.pcapng
"Nov 28, 2023 18:06:40.187718",0.002111,5,,,0x0002,221,,,,,,physicalInteraction7.pcapng
"Nov 28, 2023 18:06:40.190857",,54,,,,,,,,,,physicalInteraction7.pcapng
"Nov 28, 2023 18:06:40.192939",0.002082,5,,,0x0002,28,,,,,,physicalInteraction7.pcapng
"Nov 28, 2023 18:06:40.200094",,66,,,,,,,,,,physicalInteraction7.pcapng
"Nov 28, 2023 18:06:40.202589",0.002495,5,,,0x0002,187,,,,,,physicalInteraction7.pcapng
"Nov 28, 2023 18:06:40.209131",,45,,,,,,,,,,physicalInteraction7.pcapng
"Nov 28, 2023 18:06:40.210924",0.001793,5,,,0x0002,222,,,,,,physicalInteraction7.pcapng
"Nov 28, 2023 18:06:40.220122",,52,,,,,,,,,,physicalInteraction7.pcapng
"Nov 28, 2023 18:06:40.222169",0.002047,5,,,0x0002,223,,,,,,physicalInteraction7.pcapng
"Nov 28, 2023 18:06:40.225500",,52,,,,,,,,,,physicalInteraction7.pcapng
"Nov 28, 2023 18:06:40.227516",0.002016,5,,,0x0002,29,,,,,,physicalInteraction7.pcapng
"Nov 28, 2023 18:06:40.233315",,45,,,,,,,,,,physicalInteraction7.pcapng
"Nov 28, 2023 18:06:40.235108",0.001793,5,,,0x0002,224,,,,,,physicalInteraction7.pcapng
"Nov 28, 2023 18:06:40.239652",,63,,,,,,,,,,physicalInteraction7.pcapng
"Nov 28, 2023 18:06:40.242051",0.002399,5,,,0x0002,188,,,,,,physicalInteraction7.pcapng
"Nov 28, 2023 18:06:40.243052",,45,,,,,,,,,,physicalInteraction7.pcapng
"Nov 28, 2023 18:06:40.244875",0.001823,5,,,0x0002,225,,,,,,physicalInteraction7.pcapng
"Nov 28, 2023 18:06:40.247662",,45,,,,,,,,,,physicalInteraction7.pcapng
"Nov 28, 2023 18:06:40.249807",,63,,,,,,,,,,physicalInteraction7.pcapng
"Nov 28, 2023 18:06:40.252206",0.002399,5,,,0x0002,188,,,,,,physicalInteraction7.pcapng
"Nov 28, 2023 18:06:40.252913",0.000707,45,0x711c,0xb1bf,0x8861,30,,,,,,physicalInteraction7.pcapng
"Nov 28, 2023 18:06:40.255689",,45,,,,,,,,,,physicalInteraction7.pcapng
"Nov 28, 2023 18:06:40.262081",,45,,,,,,,,,,physicalInteraction7.pcapng
"Nov 28, 2023 18:06:40.263904",0.001823,5,,,0x0002,226,,,,,,physicalInteraction7.pcapng
"Nov 28, 2023 18:06:40.266239",,45,,,,,,,,,,physicalInteraction7.pcapng
"Nov 28, 2023 18:06:40.268033",0.001794,5,,,0x0002,31,,,,,,physicalInteraction7.pcapng
"Nov 28, 2023 18:06:41.332249",1.064216,74,0xb1bf,0xffff,0x8841,189,0xb1bf,0xfffc,0x1209,,,physicalInteraction7.pcapng
"Nov 28, 2023 18:06:44.217231",2.884982,74,0x711c,0xffff,0x8841,32,0x711c,0xfffc,0x1209,,,physicalInteraction7.pcapng
"Nov 28, 2023 18:06:46.993586",2.776355,74,0x3d95,0xffff,0x8841,116,0x3d95,0xfffc,0x1209,,,physicalInteraction7.pcapng
"Nov 28, 2023 18:06:48.869837",1.876251,74,0x5bb9,0xffff,0x8841,204,0x5bb9,0xfffc,0x1209,,,physicalInteraction7.pcapng
"Nov 28, 2023 18:06:49.715652",0.845815,74,0xec7f,0xffff,0x8841,130,0xec7f,0xfffc,0x1209,,,physicalInteraction7.pcapng
"Nov 28, 2023 18:06:51.258042",1.542390,74,0x0000,0xffff,0x8841,227,0x0000,0xfffc,0x1209,,,physicalInteraction7.pcapng
"Nov 28, 2023 18:06:51.949324",0.691282,74,0x4e11,0xffff,0x8841,245,0x4e11,0xfffc,0x1209,,,physicalInteraction7.pcapng
"Nov 28, 2023 18:06:53.092990",1.143666,74,0xe1a6,0xffff,0x8841,35,0xe1a6,0xfffc,0x1209,,,physicalInteraction7.pcapng
"Nov 28, 2023 18:06:54.153853",1.060863,74,0x0112,0xffff,0x8841,11,0x0112,0xfffc,0x1209,,,physicalInteraction7.pcapng
"Nov 28, 2023 18:06:55.049283",0.895430,65,0x1e15,0xffff,0x8841,186,0x1e15,0xfffc,0x1209,,,physicalInteraction7.pcapng
"Nov 28, 2023 18:06:56.151831",,52,,,,,,,,,,physicalInteraction7.pcapng
"Nov 28, 2023 18:06:56.153878",0.002047,5,,,0x0002,12,,,,,,physicalInteraction7.pcapng
"Nov 28, 2023 18:06:56.171850",,52,,,,,,,,,,physicalInteraction7.pcapng
"Nov 28, 2023 18:06:56.173897",0.002047,5,,,0x0002,12,,,,,,physicalInteraction7.pcapng
"Nov 28, 2023 18:06:56.265819",0.091922,74,0xb1bf,0xffff,0x8841,190,0xb1bf,0xfffc,0x1209,,,physicalInteraction7.pcapng
"Nov 28, 2023 18:07:01.994800",5.728981,74,0x3d95,0xffff,0x8841,117,0x3d95,0xfffc,0x1209,,,physicalInteraction7.pcapng
"Nov 28, 2023 18:07:03.920252",1.925452,74,0x5bb9,0xffff,0x8841,205,0x5bb9,0xfffc,0x1209,,,physicalInteraction7.pcapng
"Nov 28, 2023 18:07:04.761629",,60,,,,,,,,,,physicalInteraction7.pcapng
"Nov 28, 2023 18:07:04.763932",0.002303,5,,,0x0002,118,,,,,,physicalInteraction7.pcapng
"Nov 28, 2023 18:07:04.801410",,50,,,,,,,,,,physicalInteraction7.pcapng
"Nov 28, 2023 18:07:04.803364",0.001954,5,,,0x0002,228,,,,,,physicalInteraction7.pcapng
"Nov 28, 2023 18:07:04.808592",,45,,,,,,,,,,physicalInteraction7.pcapng
"Nov 28, 2023 18:07:04.814637",,45,,,,,,,,,,physicalInteraction7.pcapng
"Nov 28, 2023 18:07:04.816459",0.001822,5,,,0x0002,119,,,,,,physicalInteraction7.pcapng
"Nov 28, 2023 18:07:05.856249",1.039790,74,0xec7f,0xffff,0x8841,131,0xec7f,0xfffc,0x1209,,,physicalInteraction7.pcapng
"Nov 28, 2023 18:07:07.208481",1.352232,74,0x0000,0xffff,0x8841,229,0x0000,0xfffc,0x1209,,,physicalInteraction7.pcapng
"Nov 28, 2023 18:07:08.158032",0.949551,74,0xe1a6,0xffff,0x8841,36,0xe1a6,0xfffc,0x1209,,,physicalInteraction7.pcapng
"Nov 28, 2023 18:07:09.029432",0.871400,74,0x4e11,0xffff,0x8841,246,0x4e11,0xfffc,0x1209,,,physicalInteraction7.pcapng
"Nov 28, 2023 18:07:09.151924",0.122492,74,0x0112,0xffff,0x8841,13,0x0112,0xfffc,0x1209,,,physicalInteraction7.pcapng
"Nov 28, 2023 18:07:10.091436",,52,,,,,,,,,,physicalInteraction7.pcapng
"Nov 28, 2023 18:07:10.096677",,52,,,,,,,,,,physicalInteraction7.pcapng
"Nov 28, 2023 18:07:10.099929",,52,,,,,,,,,,physicalInteraction7.pcapng
"Nov 28, 2023 18:07:10.103325",,52,,,,,,,,,,physicalInteraction7.pcapng
"Nov 28, 2023 18:07:10.116810",,52,,,,,,,,,,physicalInteraction7.pcapng
"Nov 28, 2023 18:07:10.118816",0.002006,5,,,0x0002,231,,,,,,physicalInteraction7.pcapng
"Nov 28, 2023 18:07:10.153920",,54,,,,,,,,,,physicalInteraction7.pcapng
"Nov 28, 2023 18:07:10.157311",,54,,,,,,,,,,physicalInteraction7.pcapng
"Nov 28, 2023 18:07:10.160590",,54,,,,,,,,,,physicalInteraction7.pcapng
"Nov 28, 2023 18:07:10.163870",,54,,,,,,,,,,physicalInteraction7.pcapng
"Nov 28, 2023 18:07:10.179474",,54,,,,,,,,,,physicalInteraction7.pcapng
"Nov 28, 2023 18:07:10.181547",0.002073,5,,,0x0002,233,,,,,,physicalInteraction7.pcapng
"Nov 28, 2023 18:07:10.186702",,63,,,,,,,,,,physicalInteraction7.pcapng
"Nov 28, 2023 18:07:10.189101",0.002399,5,,,0x0002,121,,,,,,physicalInteraction7.pcapng
"Nov 28, 2023 18:07:10.206697",,54,,,,,,,,,,physicalInteraction7.pcapng
"Nov 28, 2023 18:07:10.208808",0.002111,5,,,0x0002,234,,,,,,physicalInteraction7.pcapng
"Nov 28, 2023 18:07:10.215728",0.006920,54,0x711c,0xb1bf,0x8861,34,,,,,,physicalInteraction7.pcapng
"Nov 28, 2023 18:07:10.224934",0.009206,105,0xb1bf,0x0000,0x8869,191,,,,,,physicalInteraction7.pcapng
"Nov 28, 2023 18:07:10.228342",,66,,,,,,,,,,physicalInteraction7.pcapng
"Nov 28, 2023 18:07:10.230837",0.002495,5,,,0x0002,122,,,,,,physicalInteraction7.pcapng
"Nov 28, 2023 18:07:10.235200",,52,,,,,,,,,,physicalInteraction7.pcapng
"Nov 28, 2023 18:07:10.237217",0.002017,5,,,0x0002,235,,,,,,physicalInteraction7.pcapng
"Nov 28, 2023 18:07:10.240079",,66,,,,,,,,,,physicalInteraction7.pcapng
"Nov 28, 2023 18:07:10.242573",0.002494,5,,,0x0002,191,,,,,,physicalInteraction7.pcapng
"Nov 28, 2023 18:07:10.245004",,63,,,,,,,,,,physicalInteraction7.pcapng
"Nov 28, 2023 18:07:10.247402",0.002398,5,,,0x0002,37,,,,,,physicalInteraction7.pcapng
"Nov 28, 2023 18:07:10.252516",,66,,,,,,,,,,physicalInteraction7.pcapng
"Nov 28, 2023 18:07:10.255011",0.002495,5,,,0x0002,192,,,,,,physicalInteraction7.pcapng
"Nov 28, 2023 18:07:10.299158",,45,,,,,,,,,,physicalInteraction7.pcapng
"Nov 28, 2023 18:07:10.301833",,45,,,,,,,,,,physicalInteraction7.pcapng
"Nov 28, 2023 18:07:10.304566",,45,,,,,,,,,,physicalInteraction7.pcapng
"Nov 28, 2023 18:07:10.306358",0.001792,5,,,0x0002,236,,,,,,physicalInteraction7.pcapng
"Nov 28, 2023 18:07:10.311304",,54,,,,,,,,,,physicalInteraction7.pcapng
"Nov 28, 2023 18:07:10.313386",0.002082,5,,,0x0002,237,,,,,,physicalInteraction7.pcapng
"Nov 28, 2023 18:07:10.315850",,54,,,,,,,,,,physicalInteraction7.pcapng
"Nov 28, 2023 18:07:10.317939",0.002089,5,,,0x0002,237,,,,,,physicalInteraction7.pcapng
"Nov 28, 2023 18:07:10.323752",,66,,,,,,,,,,physicalInteraction7.pcapng
"Nov 28, 2023 18:07:10.326247",0.002495,5,,,0x0002,38,,,,,,physicalInteraction7.pcapng
"Nov 28, 2023 18:07:10.332251",,52,,,,,,,,,,physicalInteraction7.pcapng
"Nov 28, 2023 18:07:10.334298",0.002047,5,,,0x0002,238,,,,,,physicalInteraction7.pcapng
"Nov 28, 2023 18:07:10.337762",0.003464,52,0x711c,0xb1bf,0x8861,35,,,,,,physicalInteraction7.pcapng
"Nov 28, 2023 18:07:10.361427",,45,,,,,,,,,,physicalInteraction7.pcapng
"Nov 28, 2023 18:07:10.363221",0.001794,5,,,0x0002,239,,,,,,physicalInteraction7.pcapng
"Nov 28, 2023 18:07:10.379620",,45,,,,,,,,,,physicalInteraction7.pcapng
"Nov 28, 2023 18:07:10.387873",,45,,,,,,,,,,physicalInteraction7.pcapng
"Nov 28, 2023 18:07:10.394484",0.006611,5,,,0x0002,195,,,,,,physicalInteraction7.pcapng
"Nov 28, 2023 18:07:10.408147",,45,,,,,,,,,,physicalInteraction7.pcapng
"Nov 28, 2023 18:07:10.409940",0.001793,5,,,0x0002,36,,,,,,physicalInteraction7.pcapng
"Nov 28, 2023 18:07:10.431388",,45,,,,,,,,,,physicalInteraction7.pcapng
"Nov 28, 2023 18:07:10.434432",,45,,,,,,,,,,physicalInteraction7.pcapng
"Nov 28, 2023 18:07:10.436223",0.001791,5,,,0x0002,241,,,,,,physicalInteraction7.pcapng
"Nov 28, 2023 18:07:10.437428",,45,,,,,,,,,,physicalInteraction7.pcapng
"Nov 28, 2023 18:07:10.439218",0.001790,5,,,0x0002,241,,,,,,physicalInteraction7.pcapng
"Nov 28, 2023 18:07:10.440424",,45,,,,,,,,,,physicalInteraction7.pcapng
"Nov 28, 2023 18:07:10.462040",,45,,,,,,,,,,physicalInteraction7.pcapng
"Nov 28, 2023 18:07:10.478365",,45,,,,,,,,,,physicalInteraction7.pcapng
"Nov 28, 2023 18:07:10.490801",,45,,,,,,,,,,physicalInteraction7.pcapng
"Nov 28, 2023 18:07:10.502970",,45,,,,,,,,,,physicalInteraction7.pcapng
"Nov 28, 2023 18:07:10.504751",0.001781,5,,,0x0002,243,,,,,,physicalInteraction7.pcapng
"Nov 28, 2023 18:07:10.509434",,45,,,,,,,,,,physicalInteraction7.pcapng
"Nov 28, 2023 18:07:10.511225",0.001791,5,,,0x0002,243,,,,,,physicalInteraction7.pcapng
"Nov 28, 2023 18:07:10.516746",,45,,,,,,,,,,physicalInteraction7.pcapng
"Nov 28, 2023 18:07:10.518570",0.001824,5,,,0x0002,244,,,,,,physicalInteraction7.pcapng
"Nov 28, 2023 18:07:10.521208",,45,,,,,,,,,,physicalInteraction7.pcapng
"Nov 28, 2023 18:07:10.523000",0.001792,5,,,0x0002,38,,,,,,physicalInteraction7.pcapng
"Nov 28, 2023 18:07:11.317017",0.794017,74,0xb1bf,0xffff,0x8841,196,0xb1bf,0xfffc,0x1209,,,physicalInteraction7.pcapng
"Nov 28, 2023 18:07:15.928752",4.611735,74,0x711c,0xffff,0x8841,39,0x711c,0xfffc,0x1209,,,physicalInteraction7.pcapng
"Nov 28, 2023 18:07:17.068258",1.139506,74,0x3d95,0xffff,0x8841,123,0x3d95,0xfffc,0x1209,,,physicalInteraction7.pcapng
"Nov 28, 2023 18:07:20.753798",3.685540,74,0xec7f,0xffff,0x8841,132,0xec7f,0xfffc,0x1209,,,physicalInteraction7.pcapng
"Nov 28, 2023 18:07:21.817879",1.064081,74,0x5bb9,0xffff,0x8841,206,0x5bb9,0xfffc,0x1209,,,physicalInteraction7.pcapng
"Nov 28, 2023 18:07:23.090903",1.273024,74,0xe1a6,0xffff,0x8841,39,0xe1a6,0xfffc,0x1209,,,physicalInteraction7.pcapng
"Nov 28, 2023 18:07:24.161197",1.070294,74,0x0112,0xffff,0x8841,14,0x0112,0xfffc,0x1209,,,physicalInteraction7.pcapng
"Nov 28, 2023 18:07:25.092759",0.931562,65,0x1e15,0xffff,0x8841,188,0x1e15,0xfffc,0x1209,,,physicalInteraction7.pcapng
"Nov 28, 2023 18:07:25.109205",0.016446,74,0x0000,0xffff,0x8841,245,0x0000,0xfffc,0x1209,,,physicalInteraction7.pcapng
"Nov 28, 2023 18:07:25.446448",0.337243,74,0x4e11,0xffff,0x8841,247,0x4e11,0xfffc,0x1209,,,physicalInteraction7.pcapng
"Nov 28, 2023 18:07:26.349537",0.903089,74,0xb1bf,0xffff,0x8841,197,0xb1bf,0xfffc,0x1209,,,physicalInteraction7.pcapng
"Nov 28, 2023 18:07:32.071874",5.722337,74,0x3d95,0xffff,0x8841,124,0x3d95,0xfffc,0x1209,,,physicalInteraction7.pcapng
"Nov 28, 2023 18:07:38.100428",6.028554,74,0xe1a6,0xffff,0x8841,40,0xe1a6,0xfffc,0x1209,,,physicalInteraction7.pcapng
"Nov 28, 2023 18:07:38.540969",0.440541,74,0xec7f,0xffff,0x8841,133,0xec7f,0xfffc,0x1209,,,physicalInteraction7.pcapng
"Nov 28, 2023 18:07:38.795858",0.254889,74,0x5bb9,0xffff,0x8841,207,0x5bb9,0xfffc,0x1209,,,physicalInteraction7.pcapng
"Nov 28, 2023 18:07:39.147109",0.351251,74,0x0112,0xffff,0x8841,15,0x0112,0xfffc,0x1209,,,physicalInteraction7.pcapng
"Nov 28, 2023 18:07:40.054680",0.907571,65,0x1e15,0xffff,0x8841,189,0x1e15,0xfffc,0x1209,,,physicalInteraction7.pcapng
"Nov 28, 2023 18:07:40.072840",,52,,,,,,,,,,physicalInteraction7.pcapng
"Nov 28, 2023 18:07:40.074856",0.002016,5,,,0x0002,246,,,,,,physicalInteraction7.pcapng
"Nov 28, 2023 18:07:40.078567",,52,,,,,,,,,,physicalInteraction7.pcapng
"Nov 28, 2023 18:07:40.080577",0.002010,5,,,0x0002,246,,,,,,physicalInteraction7.pcapng
"Nov 28, 2023 18:07:40.082988",,63,,,,,,,,,,physicalInteraction7.pcapng
"Nov 28, 2023 18:07:40.085387",0.002399,5,,,0x0002,41,,,,,,physicalInteraction7.pcapng
"Nov 28, 2023 18:07:40.114606",,52,,,,,,,,,,physicalInteraction7.pcapng
"Nov 28, 2023 18:07:40.116623",0.002017,5,,,0x0002,247,,,,,,physicalInteraction7.pcapng
"Nov 28, 2023 18:07:40.124381",,63,,,,,,,,,,physicalInteraction7.pcapng
"Nov 28, 2023 18:07:40.126780",0.002399,5,,,0x0002,125,,,,,,physicalInteraction7.pcapng
"Nov 28, 2023 18:07:40.132208",,45,,,,,,,,,,physicalInteraction7.pcapng
"Nov 28, 2023 18:07:40.133989",0.001781,5,,,0x0002,248,,,,,,physicalInteraction7.pcapng
"Nov 28, 2023 18:07:40.149926",,54,,,,,,,,,,physicalInteraction7.pcapng
"Nov 28, 2023 18:07:40.151997",0.002071,5,,,0x0002,249,,,,,,physicalInteraction7.pcapng
"Nov 28, 2023 18:07:40.159850",,66,,,,,,,,,,physicalInteraction7.pcapng
"Nov 28, 2023 18:07:40.162345",0.002495,5,,,0x0002,42,,,,,,physicalInteraction7.pcapng
"Nov 28, 2023 18:07:40.171328",,54,,,,,,,,,,physicalInteraction7.pcapng
"Nov 28, 2023 18:07:40.173409",0.002081,5,,,0x0002,250,,,,,,physicalInteraction7.pcapng
"Nov 28, 2023 18:07:40.181378",,66,,,,,,,,,,physicalInteraction7.pcapng
"Nov 28, 2023 18:07:40.183872",0.002494,5,,,0x0002,126,,,,,,physicalInteraction7.pcapng
"Nov 28, 2023 18:07:40.199729",,45,,,,,,,,,,physicalInteraction7.pcapng
"Nov 28, 2023 18:07:40.201521",0.001792,5,,,0x0002,251,,,,,,physicalInteraction7.pcapng
"Nov 28, 2023 18:07:40.206620",0.005099,59,0x0000,0xffff,0x8841,252,0x0000,0xfffc,0x1209,,,physicalInteraction7.pcapng
"Nov 28, 2023 18:07:40.214991",,45,,,,,,,,,,physicalInteraction7.pcapng
"Nov 28, 2023 18:07:40.216782",0.001791,5,,,0x0002,253,,,,,,physicalInteraction7.pcapng
"Nov 28, 2023 18:07:40.222406",,45,,,,,,,,,,physicalInteraction7.pcapng
"Nov 28, 2023 18:07:40.224199",0.001793,5,,,0x0002,254,,,,,,physicalInteraction7.pcapng
"Nov 28, 2023 18:07:40.250543",0.026344,59,0x711c,0xffff,0x8841,41,,,,,,physicalInteraction7.pcapng
"Nov 28, 2023 18:07:40.256190",0.005647,45,0xb1bf,0x711c,0x8861,198,0xb1bf,0x711c,0x0209,,,physicalInteraction7.pcapng
"Nov 28, 2023 18:07:40.258013",0.001823,5,,,0x0002,198,,,,,,physicalInteraction7.pcapng
"Nov 28, 2023 18:07:40.259004",0.000991,59,0x5bb9,0xffff,0x8841,208,,,,,,physicalInteraction7.pcapng
"Nov 28, 2023 18:07:40.262137",0.003133,45,0x8182,0x0000,0x8861,42,,,,,,physicalInteraction7.pcapng
"Nov 28, 2023 18:07:40.265294",0.003157,45,0x711c,0x0000,0x8861,42,0x711c,0x0000,0x0209,,,physicalInteraction7.pcapng
"Nov 28, 2023 18:07:40.267116",0.001822,5,,,0x0002,42,,,,,,physicalInteraction7.pcapng
"Nov 28, 2023 18:07:40.271330",0.004214,59,0x7777,0x7777,0x8841,17,,,,,,physicalInteraction7.pcapng
"Nov 28, 2023 18:07:40.305822",0.034492,59,0xec7f,0xffff,0x8841,134,0x0000,0xfffc,0x1209,,,physicalInteraction7.pcapng
"Nov 28, 2023 18:07:40.349597",0.043775,59,0x4e11,0xffff,0x8841,248,0x0000,0xfffc,0x1209,,,physicalInteraction7.pcapng
"Nov 28, 2023 18:07:40.353135",,54,,,,,,,,,,physicalInteraction7.pcapng
"Nov 28, 2023 18:07:40.355246",0.002111,5,,,0x0002,255,,,,,,physicalInteraction7.pcapng
"Nov 28, 2023 18:07:40.359775",,54,,,,,,,,,,physicalInteraction7.pcapng
"Nov 28, 2023 18:07:40.361856",0.002081,5,,,0x0002,43,,,,,,physicalInteraction7.pcapng
"Nov 28, 2023 18:07:40.362607",0.000751,59,0xe1a6,0xffff,0x8841,43,0x0000,0xfffc,0x1209,,,physicalInteraction7.pcapng
"Nov 28, 2023 18:07:40.368994",,66,,,,,,,,,,physicalInteraction7.pcapng
"Nov 28, 2023 18:07:40.371489",0.002495,5,,,0x0002,199,,,,,,physicalInteraction7.pcapng
"Nov 28, 2023 18:07:40.376109",,52,,,,,,,,,,physicalInteraction7.pcapng
"Nov 28, 2023 18:07:40.378156",0.002047,5,,,0x0002,0,,,,,,physicalInteraction7.pcapng
"Nov 28, 2023 18:07:40.382167",,52,,,,,,,,,,physicalInteraction7.pcapng
"Nov 28, 2023 18:07:40.384175",0.002008,5,,,0x0002,44,,,,,,physicalInteraction7.pcapng
"Nov 28, 2023 18:07:40.391260",,45,,,,,,,,,,physicalInteraction7.pcapng
"Nov 28, 2023 18:07:40.394400",,45,,,,,,,,,,physicalInteraction7.pcapng
"Nov 28, 2023 18:07:40.400858",,45,,,,,,,,,,physicalInteraction7.pcapng
"Nov 28, 2023 18:07:40.404114",,45,,,,,,,,,,physicalInteraction7.pcapng
"Nov 28, 2023 18:07:40.406498",,63,,,,,,,,,,physicalInteraction7.pcapng
"Nov 28, 2023 18:07:40.408897",0.002399,5,,,0x0002,200,,,,,,physicalInteraction7.pcapng
"Nov 28, 2023 18:07:40.409704",,45,,,,,,,,,,physicalInteraction7.pcapng
"Nov 28, 2023 18:07:40.411497",0.001793,5,,,0x0002,45,,,,,,physicalInteraction7.pcapng
"Nov 28, 2023 18:07:40.424265",,45,,,,,,,,,,physicalInteraction7.pcapng
"Nov 28, 2023 18:07:40.426088",0.001823,5,,,0x0002,2,,,,,,physicalInteraction7.pcapng
"Nov 28, 2023 18:07:40.429068",,45,,,,,,,,,,physicalInteraction7.pcapng
"Nov 28, 2023 18:07:40.430861",0.001793,5,,,0x0002,46,,,,,,physicalInteraction7.pcapng
"Nov 28, 2023 18:07:40.456478",0.025617,59,0x1e15,0xffff,0x8841,190,0x0000,0xfffc,0x1209,,,physicalInteraction7.pcapng
"Nov 28, 2023 18:07:40.477975",0.021497,59,0x0000,0xffff,0x8841,3,0x0000,0xfffc,0x1209,,,physicalInteraction7.pcapng
"Nov 28, 2023 18:07:40.528818",0.050843,59,0x711c,0xffff,0x8841,47,0x0000,0xfffc,0x1209,,,physicalInteraction7.pcapng
"Nov 28, 2023 18:07:40.609673",0.080855,59,0x4e11,0xffff,0x8841,249,0x0000,0xfffc,0x1209,,,physicalInteraction7.pcapng
"Nov 28, 2023 18:07:40.616802",0.007129,59,0xe1a6,0xffff,0x8841,44,0x0000,0xfffc,0x1209,,,physicalInteraction7.pcapng
"Nov 28, 2023 18:07:40.621051",0.004249,59,0x5bb9,0xffff,0x8841,209,0x0000,0xfffc,0x1209,,,physicalInteraction7.pcapng
"Nov 28, 2023 18:07:40.649357",0.028306,59,0xec7f,0xffff,0x8841,135,0x0000,0xfffc,0x1209,,,physicalInteraction7.pcapng
"Nov 28, 2023 18:07:40.710494",0.061137,59,0x1e15,0xffff,0x8841,191,0x0000,0xfffc,0x1209,,,physicalInteraction7.pcapng
"Nov 28, 2023 18:07:40.782673",0.072179,59,0x0000,0xffff,0x8841,4,0x0000,0xfffc,0x1209,,,physicalInteraction7.pcapng
"Nov 28, 2023 18:07:40.800429",0.017756,59,0x711c,0xffff,0x8841,48,0x0000,0xfffc,0x1209,,,physicalInteraction7.pcapng
"Nov 28, 2023 18:07:40.870815",0.070386,59,0x3d95,0xffff,0x8841,129,0x0000,0xfffc,0x1209,,,physicalInteraction7.pcapng
"Nov 28, 2023 18:07:40.877718",0.006903,59,0xe1a6,0xffff,0x8841,45,0x0000,0xfffc,0x1209,,,physicalInteraction7.pcapng
"Nov 28, 2023 18:07:40.951994",0.074276,59,0xec7f,0xffff,0x8841,136,0x0000,0xfffc,0x1209,,,physicalInteraction7.pcapng
"Nov 28, 2023 18:07:40.981380",0.029386,59,0x4e11,0xffff,0x8841,250,0x0000,0xfffc,0x1209,,,physicalInteraction7.pcapng
"Nov 28, 2023 18:07:40.994285",0.012905,59,0x5bb9,0xffff,0x8841,210,0x0000,0xfffc,0x1209,,,physicalInteraction7.pcapng
"Nov 28, 2023 18:07:41.081460",0.087175,107,0x2e16,0x22ce,0x886b,251,,,,,,physicalInteraction7.pcapng
"Nov 28, 2023 18:07:41.084305",0.002845,59,0x0000,0xffff,0x8841,5,0x0000,0xfffc,0x1209,,,physicalInteraction7.pcapng
"Nov 28, 2023 18:07:41.333950",0.249645,74,0xb1bf,0xffff,0x8841,201,0xb1bf,0xfffc,0x1209,,,physicalInteraction7.pcapng
"Nov 28, 2023 18:07:41.866853",0.532903,74,0x0000,0xffff,0x8841,6,0x0000,0xfffc,0x1209,,,physicalInteraction7.pcapng
"Nov 28, 2023 18:07:47.089144",5.222291,74,0x3d95,0xffff,0x8841,130,0x3d95,0xfffc,0x1209,,,physicalInteraction7.pcapng
"Nov 28, 2023 18:07:51.842016",4.752872,74,0x711c,0xffff,0x8841,49,0x711c,0xfffc,0x1209,,,physicalInteraction7.pcapng
"Nov 28, 2023 18:07:53.080389",1.238373,74,0xe1a6,0xffff,0x8841,46,0xe1a6,0xfffc,0x1209,,,physicalInteraction7.pcapng
"Nov 28, 2023 18:07:54.149341",1.068952,74,0x0112,0xffff,0x8841,19,0x0112,0xfffc,0x1209,,,physicalInteraction7.pcapng
"Nov 28, 2023 18:07:54.927721",0.778380,74,0x4e11,0xffff,0x8841,252,0x4e11,0xfffc,0x1209,,,physicalInteraction7.pcapng
"Nov 28, 2023 18:07:55.069329",0.141608,65,0x1e15,0xffff,0x8841,193,0x1e15,0xfffc,0x1209,,,physicalInteraction7.pcapng
"Nov 28, 2023 18:07:55.712451",0.643122,74,0xec7f,0xffff,0x8841,137,0xec7f,0xfffc,0x1209,,,physicalInteraction7.pcapng
"Nov 28, 2023 18:07:55.939534",0.227083,74,0x5bb9,0xffff,0x8841,211,0x5bb9,0xfffc,0x1209,,,physicalInteraction7.pcapng
"Nov 28, 2023 18:07:56.203998",0.264464,74,0x0000,0xffff,0x8841,7,0x0000,0xfffc,0x1209,,,physicalInteraction7.pcapng
"Nov 28, 2023 18:08:01.090070",,100,,,,,,,,,,physicalInteraction7.pcapng
"Nov 28, 2023 18:08:01.093653",0.003583,5,,,0x0002,189,,,,,,physicalInteraction7.pcapng
"Nov 28, 2023 18:08:01.636608",0.542955,12,0x187a,0x0000,0x8863,190,,,,,,physicalInteraction7.pcapng
"Nov 28, 2023 18:08:01.637375",0.000767,5,,,0x0002,190,,,,,,physicalInteraction7.pcapng
"Nov 28, 2023 18:08:02.059463",0.422088,74,0x3d95,0xffff,0x8841,131,0x3d95,0xfffc,0x1209,,,physicalInteraction7.pcapng
"Nov 28, 2023 18:08:06.151080",,50,,,,,,,,,,physicalInteraction7.pcapng
"Nov 28, 2023 18:08:06.155510",,50,,,,,,,,,,physicalInteraction7.pcapng
"Nov 28, 2023 18:08:06.160824",,50,,,,,,,,,,physicalInteraction7.pcapng
"Nov 28, 2023 18:08:06.166125",,50,,,,,,,,,,physicalInteraction7.pcapng
"Nov 28, 2023 18:08:06.193690",,50,,,,,,,,,,physicalInteraction7.pcapng
"Nov 28, 2023 18:08:06.198537",,50,,,,,,,,,,physicalInteraction7.pcapng
"Nov 28, 2023 18:08:06.205094",,50,,,,,,,,,,physicalInteraction7.pcapng
"Nov 28, 2023 18:08:06.208399",,50,,,,,,,,,,physicalInteraction7.pcapng
"Nov 28, 2023 18:08:06.237137",,50,,,,,,,,,,physicalInteraction7.pcapng
"Nov 28, 2023 18:08:06.241718",,50,,,,,,,,,,physicalInteraction7.pcapng
"Nov 28, 2023 18:08:06.244945",,50,,,,,,,,,,physicalInteraction7.pcapng
"Nov 28, 2023 18:08:06.249816",,50,,,,,,,,,,physicalInteraction7.pcapng
"Nov 28, 2023 18:08:06.275171",,50,,,,,,,,,,physicalInteraction7.pcapng
"Nov 28, 2023 18:08:06.280136",,50,,,,,,,,,,physicalInteraction7.pcapng
"Nov 28, 2023 18:08:06.284322",,50,,,,,,,,,,physicalInteraction7.pcapng
"Nov 28, 2023 18:08:06.288036",,50,,,,,,,,,,physicalInteraction7.pcapng
"Nov 28, 2023 18:08:06.320689",,50,,,,,,,,,,physicalInteraction7.pcapng
"Nov 28, 2023 18:08:06.325267",,50,,,,,,,,,,physicalInteraction7.pcapng
"Nov 28, 2023 18:08:06.329301",,50,,,,,,,,,,physicalInteraction7.pcapng
"Nov 28, 2023 18:08:06.334867",,50,,,,,,,,,,physicalInteraction7.pcapng
"Nov 28, 2023 18:08:06.375629",,50,,,,,,,,,,physicalInteraction7.pcapng
"Nov 28, 2023 18:08:06.379248",,50,,,,,,,,,,physicalInteraction7.pcapng
"Nov 28, 2023 18:08:06.383548",,50,,,,,,,,,,physicalInteraction7.pcapng
"Nov 28, 2023 18:08:06.386556",,50,,,,,,,,,,physicalInteraction7.pcapng
"Nov 28, 2023 18:08:06.441869",,50,,,,,,,,,,physicalInteraction7.pcapng
"Nov 28, 2023 18:08:06.445556",,50,,,,,,,,,,physicalInteraction7.pcapng
"Nov 28, 2023 18:08:06.450110",,50,,,,,,,,,,physicalInteraction7.pcapng
"Nov 28, 2023 18:08:06.453337",,50,,,,,,,,,,physicalInteraction7.pcapng
"Nov 28, 2023 18:08:06.490235",,50,,,,,,,,,,physicalInteraction7.pcapng
"Nov 28, 2023 18:08:06.494813",,50,,,,,,,,,,physicalInteraction7.pcapng
"Nov 28, 2023 18:08:06.499100",,50,,,,,,,,,,physicalInteraction7.pcapng
"Nov 28, 2023 18:08:06.502814",,50,,,,,,,,,,physicalInteraction7.pcapng
"Nov 28, 2023 18:08:06.557377",,50,,,,,,,,,,physicalInteraction7.pcapng
"Nov 28, 2023 18:08:06.561371",,50,,,,,,,,,,physicalInteraction7.pcapng
"Nov 28, 2023 18:08:06.565505",,50,,,,,,,,,,physicalInteraction7.pcapng
"Nov 28, 2023 18:08:06.570177",,50,,,,,,,,,,physicalInteraction7.pcapng
"Nov 28, 2023 18:08:06.615708",,50,,,,,,,,,,physicalInteraction7.pcapng
"Nov 28, 2023 18:08:06.621049",,50,,,,,,,,,,physicalInteraction7.pcapng
"Nov 28, 2023 18:08:06.625070",,50,,,,,,,,,,physicalInteraction7.pcapng
"Nov 28, 2023 18:08:06.630636",,50,,,,,,,,,,physicalInteraction7.pcapng
"Nov 28, 2023 18:08:06.656366",,50,,,,,,,,,,physicalInteraction7.pcapng
"Nov 28, 2023 18:08:06.661000",,50,,,,,,,,,,physicalInteraction7.pcapng
"Nov 28, 2023 18:08:06.677341",,50,,,,,,,,,,physicalInteraction7.pcapng
"Nov 28, 2023 18:08:06.680291",,50,,,,,,,,,,physicalInteraction7.pcapng
"Nov 28, 2023 18:08:08.081375",1.401084,74,0x711c,0xffff,0x8841,50,0x711c,0xfffc,0x1209,,,physicalInteraction7.pcapng
"Nov 28, 2023 18:08:08.132496",0.051121,74,0xe1a6,0xffff,0x8841,47,0xe1a6,0xfffc,0x1209,,,physicalInteraction7.pcapng
"Nov 28, 2023 18:08:09.159895",1.027399,74,0x0112,0xffff,0x8841,20,0x0112,0xfffc,0x1209,,,physicalInteraction7.pcapng
"Nov 28, 2023 18:08:10.078681",,52,,,,,,,,,,physicalInteraction7.pcapng
"Nov 28, 2023 18:08:10.080696",0.002015,5,,,0x0002,19,,,,,,physicalInteraction7.pcapng
"Nov 28, 2023 18:08:10.088485",,63,,,,,,,,,,physicalInteraction7.pcapng
"Nov 28, 2023 18:08:10.090884",0.002399,5,,,0x0002,48,,,,,,physicalInteraction7.pcapng
"Nov 28, 2023 18:08:10.113371",,52,,,,,,,,,,physicalInteraction7.pcapng
"Nov 28, 2023 18:08:10.115387",0.002016,5,,,0x0002,20,,,,,,physicalInteraction7.pcapng
"Nov 28, 2023 18:08:10.122998",,63,,,,,,,,,,physicalInteraction7.pcapng
"Nov 28, 2023 18:08:10.125397",0.002399,5,,,0x0002,132,,,,,,physicalInteraction7.pcapng
"Nov 28, 2023 18:08:10.126332",,45,,,,,,,,,,physicalInteraction7.pcapng
"Nov 28, 2023 18:08:10.128123",0.001791,5,,,0x0002,21,,,,,,physicalInteraction7.pcapng
"Nov 28, 2023 18:08:10.147118",,54,,,,,,,,,,physicalInteraction7.pcapng
"Nov 28, 2023 18:08:10.149200",0.002082,5,,,0x0002,22,,,,,,physicalInteraction7.pcapng
"Nov 28, 2023 18:08:10.157006",,66,,,,,,,,,,physicalInteraction7.pcapng
"Nov 28, 2023 18:08:10.159500",0.002494,5,,,0x0002,49,,,,,,physicalInteraction7.pcapng
"Nov 28, 2023 18:08:10.167436",,45,,,,,,,,,,physicalInteraction7.pcapng
"Nov 28, 2023 18:08:10.169228",0.001792,5,,,0x0002,23,,,,,,physicalInteraction7.pcapng
"Nov 28, 2023 18:08:10.184921",,54,,,,,,,,,,physicalInteraction7.pcapng
"Nov 28, 2023 18:08:10.187003",0.002082,5,,,0x0002,24,,,,,,physicalInteraction7.pcapng
"Nov 28, 2023 18:08:10.194800",,66,,,,,,,,,,physicalInteraction7.pcapng
"Nov 28, 2023 18:08:10.197294",0.002494,5,,,0x0002,133,,,,,,physicalInteraction7.pcapng
"Nov 28, 2023 18:08:10.200389",,54,,,,,,,,,,physicalInteraction7.pcapng
"Nov 28, 2023 18:08:10.202500",0.002111,5,,,0x0002,25,,,,,,physicalInteraction7.pcapng
"Nov 28, 2023 18:08:10.206277",,54,,,,,,,,,,physicalInteraction7.pcapng
"Nov 28, 2023 18:08:10.208356",0.002079,5,,,0x0002,51,,,,,,physicalInteraction7.pcapng
"Nov 28, 2023 18:08:10.215529",,66,,,,,,,,,,physicalInteraction7.pcapng
"Nov 28, 2023 18:08:10.218023",0.002494,5,,,0x0002,203,,,,,,physicalInteraction7.pcapng
"Nov 28, 2023 18:08:10.219416",,45,,,,,,,,,,physicalInteraction7.pcapng
"Nov 28, 2023 18:08:10.221209",0.001793,5,,,0x0002,26,,,,,,physicalInteraction7.pcapng
"Nov 28, 2023 18:08:10.235357",,52,,,,,,,,,,physicalInteraction7.pcapng
"Nov 28, 2023 18:08:10.237404",0.002047,5,,,0x0002,27,,,,,,physicalInteraction7.pcapng
"Nov 28, 2023 18:08:10.240704",,52,,,,,,,,,,physicalInteraction7.pcapng
"Nov 28, 2023 18:08:10.242709",0.002005,5,,,0x0002,52,,,,,,physicalInteraction7.pcapng
"Nov 28, 2023 18:08:10.247576",0.004867,45,0x0000,0x3d95,0x8861,28,,,,,,physicalInteraction7.pcapng
"Nov 28, 2023 18:08:10.249368",0.001792,5,,,0x0002,28,,,,,,physicalInteraction7.pcapng
"Nov 28, 2023 18:08:10.254311",,45,,,,,,,,,,physicalInteraction7.pcapng
"Nov 28, 2023 18:08:10.258176",,45,,,,,,,,,,physicalInteraction7.pcapng
"Nov 28, 2023 18:08:10.259999",0.001823,5,,,0x0002,29,,,,,,physicalInteraction7.pcapng
"Nov 28, 2023 18:08:10.260603",0.000604,63,0xb1bf,0x0000,0x8861,204,,,,,,physicalInteraction7.pcapng
"Nov 28, 2023 18:08:10.265088",,45,,,,,,,,,,physicalInteraction7.pcapng
"Nov 28, 2023 18:08:10.269512",,45,,,,,,,,,,physicalInteraction7.pcapng
"Nov 28, 2023 18:08:10.272942",,45,,,,,,,,,,physicalInteraction7.pcapng
"Nov 28, 2023 18:08:10.277016",,45,,,,,,,,,,physicalInteraction7.pcapng
"Nov 28, 2023 18:08:10.282944",,63,,,,,,,,,,physicalInteraction7.pcapng
"Nov 28, 2023 18:08:10.285343",0.002399,5,,,0x0002,205,,,,,,physicalInteraction7.pcapng
"Nov 28, 2023 18:08:10.288007",,63,,,,,,,,,,physicalInteraction7.pcapng
"Nov 28, 2023 18:08:10.290406",0.002399,5,,,0x0002,205,,,,,,physicalInteraction7.pcapng
"Nov 28, 2023 18:08:10.300326",,45,,,,,,,,,,physicalInteraction7.pcapng
"Nov 28, 2023 18:08:10.302149",0.001823,5,,,0x0002,30,,,,,,physicalInteraction7.pcapng
"Nov 28, 2023 18:08:10.306778",,45,,,,,,,,,,physicalInteraction7.pcapng
"Nov 28, 2023 18:08:10.308571",0.001793,5,,,0x0002,54,,,,,,physicalInteraction7.pcapng
"Nov 28, 2023 18:08:10.316335",,45,,,,,,,,,,physicalInteraction7.pcapng
"Nov 28, 2023 18:08:10.318128",0.001793,5,,,0x0002,55,,,,,,physicalInteraction7.pcapng
"Nov 28, 2023 18:08:11.275698",0.957570,74,0xb1bf,0xffff,0x8841,206,0xb1bf,0xfffc,0x1209,,,physicalInteraction7.pcapng
"Nov 28, 2023 18:08:11.760486",0.484788,74,0x0000,0xffff,0x8841,31,0x0000,0xfffc,0x1209,,,physicalInteraction7.pcapng
"Nov 28, 2023 18:08:12.225178",0.464692,74,0x5bb9,0xffff,0x8841,212,0x5bb9,0xfffc,0x1209,,,physicalInteraction7.pcapng
"Nov 28, 2023 18:08:12.527042",0.301864,74,0xec7f,0xffff,0x8841,138,0xec7f,0xfffc,0x1209,,,physicalInteraction7.pcapng
"Nov 28, 2023 18:08:17.010075",4.483033,74,0x3d95,0xffff,0x8841,134,0x3d95,0xfffc,0x1209,,,physicalInteraction7.pcapng
"Nov 28, 2023 18:08:22.635671",5.625596,74,0x711c,0xffff,0x8841,56,0x711c,0xfffc,0x1209,,,physicalInteraction7.pcapng
"Nov 28, 2023 18:08:23.108198",0.472527,74,0xe1a6,0xffff,0x8841,50,0xe1a6,0xfffc,0x1209,,,physicalInteraction7.pcapng
"Nov 28, 2023 18:08:24.160847",1.052649,74,0x0112,0xffff,0x8841,21,0x0112,0xfffc,0x1209,,,physicalInteraction7.pcapng
"Nov 28, 2023 18:08:25.082329",0.921482,65,0x1e15,0xffff,0x8841,195,0x1e15,0xfffc,0x1209,,,physicalInteraction7.pcapng
"Nov 28, 2023 18:08:26.299414",1.217085,74,0xb1bf,0xffff,0x8841,207,0xb1bf,0xfffc,0x1209,,,physicalInteraction7.pcapng
"Nov 28, 2023 18:08:26.653756",0.354342,107,0x5bb9,0xffff,0x886b,213,,,,,,physicalInteraction7.pcapng
"Nov 28, 2023 18:08:28.557272",1.903516,74,0x0000,0xffff,0x8841,32,0x0000,0xfffc,0x1209,,,physicalInteraction7.pcapng
"Nov 28, 2023 18:08:29.169905",,60,,,,,,,,,,physicalInteraction7.pcapng
"Nov 28, 2023 18:08:29.172207",0.002302,5,,,0x0002,51,,,,,,physicalInteraction7.pcapng
"Nov 28, 2023 18:08:29.213418",,50,,,,,,,,,,physicalInteraction7.pcapng
"Nov 28, 2023 18:08:29.215370",0.001952,5,,,0x0002,33,,,,,,physicalInteraction7.pcapng
"Nov 28, 2023 18:08:29.220615",,45,,,,,,,,,,physicalInteraction7.pcapng
"Nov 28, 2023 18:08:29.222438",0.001823,5,,,0x0002,52,,,,,,physicalInteraction7.pcapng
"Nov 28, 2023 18:08:30.004113",0.781675,74,0xec7f,0xffff,0x8841,139,0xec7f,0xfffc,0x1209,,,physicalInteraction7.pcapng
"Nov 28, 2023 18:08:31.985702",1.981589,74,0x3d95,0xffff,0x8841,135,0x3d95,0xfffc,0x1209,,,physicalInteraction7.pcapng
"Nov 28, 2023 18:08:34.621217",,60,,,,,,,,,,physicalInteraction7.pcapng
"Nov 28, 2023 18:08:34.623520",0.002303,5,,,0x0002,208,,,,,,physicalInteraction7.pcapng
"Nov 28, 2023 18:08:34.664038",,50,,,,,,,,,,physicalInteraction7.pcapng
"Nov 28, 2023 18:08:34.666021",0.001983,5,,,0x0002,34,,,,,,physicalInteraction7.pcapng
"Nov 28, 2023 18:08:34.675728",,45,,,,,,,,,,physicalInteraction7.pcapng
"Nov 28, 2023 18:08:34.677551",0.001823,5,,,0x0002,209,,,,,,physicalInteraction7.pcapng
"Nov 28, 2023 18:08:38.070004",3.392453,74,0xe1a6,0xffff,0x8841,53,0xe1a6,0xfffc,0x1209,,,physicalInteraction7.pcapng
"Nov 28, 2023 18:08:39.155399",1.085395,74,0x0112,0xffff,0x8841,22,0x0112,0xfffc,0x1209,,,physicalInteraction7.pcapng
"Nov 28, 2023 18:08:40.020253",0.864854,65,0x1e15,0xffff,0x8841,196,0x1e15,0xfffc,0x1209,,,physicalInteraction7.pcapng
"Nov 28, 2023 18:08:40.080573",,52,,,,,,,,,,physicalInteraction7.pcapng
"Nov 28, 2023 18:08:40.082582",0.002009,5,,,0x0002,35,,,,,,physicalInteraction7.pcapng
"Nov 28, 2023 18:08:40.090418",,63,,,,,,,,,,physicalInteraction7.pcapng
"Nov 28, 2023 18:08:40.092817",0.002399,5,,,0x0002,54,,,,,,physicalInteraction7.pcapng
"Nov 28, 2023 18:08:40.117028",,52,,,,,,,,,,physicalInteraction7.pcapng
"Nov 28, 2023 18:08:40.119034",0.002006,5,,,0x0002,36,,,,,,physicalInteraction7.pcapng
"Nov 28, 2023 18:08:40.126667",,63,,,,,,,,,,physicalInteraction7.pcapng
"Nov 28, 2023 18:08:40.129066",0.002399,5,,,0x0002,136,,,,,,physicalInteraction7.pcapng
"Nov 28, 2023 18:08:40.130219",,45,,,,,,,,,,physicalInteraction7.pcapng
"Nov 28, 2023 18:08:40.132012",0.001793,5,,,0x0002,37,,,,,,physicalInteraction7.pcapng
"Nov 28, 2023 18:08:40.158132",,54,,,,,,,,,,physicalInteraction7.pcapng
"Nov 28, 2023 18:08:40.160214",0.002082,5,,,0x0002,38,,,,,,physicalInteraction7.pcapng
"Nov 28, 2023 18:08:40.169005",,66,,,,,,,,,,physicalInteraction7.pcapng
"Nov 28, 2023 18:08:40.171500",0.002495,5,,,0x0002,55,,,,,,physicalInteraction7.pcapng
"Nov 28, 2023 18:08:40.179807",,45,,,,,,,,,,physicalInteraction7.pcapng
"Nov 28, 2023 18:08:40.181600",0.001793,5,,,0x0002,39,,,,,,physicalInteraction7.pcapng
"Nov 28, 2023 18:08:40.190932",,54,,,,,,,,,,physicalInteraction7.pcapng
"Nov 28, 2023 18:08:40.193001",0.002069,5,,,0x0002,40,,,,,,physicalInteraction7.pcapng
"Nov 28, 2023 18:08:40.200709",,66,,,,,,,,,,physicalInteraction7.pcapng
"Nov 28, 2023 18:08:40.203204",0.002495,5,,,0x0002,137,,,,,,physicalInteraction7.pcapng
"Nov 28, 2023 18:08:40.205706",,54,,,,,,,,,,physicalInteraction7.pcapng
"Nov 28, 2023 18:08:40.212178",0.006472,54,0x7627,0x77bf,0x8861,58,,,,,,physicalInteraction7.pcapng
"Nov 28, 2023 18:08:40.214260",0.002082,5,,,0x0002,58,,,,,,physicalInteraction7.pcapng
"Nov 28, 2023 18:08:40.216913",,54,,,,,,,,,,physicalInteraction7.pcapng
"Nov 28, 2023 18:08:40.219024",0.002111,5,,,0x0002,41,,,,,,physicalInteraction7.pcapng
"Nov 28, 2023 18:08:40.221556",0.002532,106,0xb1bf,0x0000,0x886a,210,,,,,,physicalInteraction7.pcapng
"Nov 28, 2023 18:08:40.226617",,66,,,,,,,,,,physicalInteraction7.pcapng
"Nov 28, 2023 18:08:40.229112",0.002495,5,,,0x0002,210,,,,,,physicalInteraction7.pcapng
"Nov 28, 2023 18:08:40.230225",,52,,,,,,,,,,physicalInteraction7.pcapng
"Nov 28, 2023 18:08:40.232272",0.002047,5,,,0x0002,42,,,,,,physicalInteraction7.pcapng
"Nov 28, 2023 18:08:40.236995",0.004723,52,0x711c,0xb1bf,0x8861,59,,,,,,physicalInteraction7.pcapng
"Nov 28, 2023 18:08:40.246182",0.009187,63,0xb1bf,0x0000,0x8861,211,,,,,,physicalInteraction7.pcapng
"Nov 28, 2023 18:08:40.268191",,45,,,,,,,,,,physicalInteraction7.pcapng
"Nov 28, 2023 18:08:40.269984",0.001793,5,,,0x0002,43,,,,,,physicalInteraction7.pcapng
"Nov 28, 2023 18:08:40.296063",,45,,,,,,,,,,physicalInteraction7.pcapng
"Nov 28, 2023 18:08:40.308043",0.011980,107,0x3d95,0x0000,0x886b,138,,,,,,physicalInteraction7.pcapng
"Nov 28, 2023 18:08:40.310538",0.002495,5,,,0x0002,138,,,,,,physicalInteraction7.pcapng
"Nov 28, 2023 18:08:40.312629",,45,,,,,,,,,,physicalInteraction7.pcapng
"Nov 28, 2023 18:08:40.314422",0.001793,5,,,0x0002,44,,,,,,physicalInteraction7.pcapng
"Nov 28, 2023 18:08:40.314749",,63,,,,,,,,,,physicalInteraction7.pcapng
"Nov 28, 2023 18:08:40.317148",0.002399,5,,,0x0002,214,,,,,,physicalInteraction7.pcapng
"Nov 28, 2023 18:08:40.343172",,45,,,,,,,,,,physicalInteraction7.pcapng
"Nov 28, 2023 18:08:40.346000",,45,,,,,,,,,,physicalInteraction7.pcapng
"Nov 28, 2023 18:08:40.348851",,45,,,,,,,,,,physicalInteraction7.pcapng
"Nov 28, 2023 18:08:40.351704",,45,,,,,,,,,,physicalInteraction7.pcapng
"Nov 28, 2023 18:08:40.377176",,45,,,,,,,,,,physicalInteraction7.pcapng
"Nov 28, 2023 18:08:40.380001",,45,,,,,,,,,,physicalInteraction7.pcapng
"Nov 28, 2023 18:08:40.382853",,45,,,,,,,,,,physicalInteraction7.pcapng
"Nov 28, 2023 18:08:40.385705",,45,,,,,,,,,,physicalInteraction7.pcapng
"Nov 28, 2023 18:08:40.405953",,45,,,,,,,,,,physicalInteraction7.pcapng
"Nov 28, 2023 18:08:40.410656",,45,,,,,,,,,,physicalInteraction7.pcapng
"Nov 28, 2023 18:08:40.412480",0.001824,5,,,0x0002,47,,,,,,physicalInteraction7.pcapng
"Nov 28, 2023 18:08:40.414060",,45,,,,,,,,,,physicalInteraction7.pcapng
"Nov 28, 2023 18:08:40.415883",0.001823,5,,,0x0002,47,,,,,,physicalInteraction7.pcapng
"Nov 28, 2023 18:08:40.420031",,45,,,,,,,,,,physicalInteraction7.pcapng
"Nov 28, 2023 18:08:40.421847",0.001816,5,,,0x0002,60,,,,,,physicalInteraction7.pcapng
"Nov 28, 2023 18:08:40.423148",,45,,,,,,,,,,physicalInteraction7.pcapng
"Nov 28, 2023 18:08:40.424971",0.001823,5,,,0x0002,48,,,,,,physicalInteraction7.pcapng
"Nov 28, 2023 18:08:40.427764",0.002793,45,,,0xe861,217,,,,,,physicalInteraction7.pcapng
"Nov 28, 2023 18:08:40.430308",,45,,,,,,,,,,physicalInteraction7.pcapng
"Nov 28, 2023 18:08:40.432100",0.001792,5,,,0x0002,49,,,,,,physicalInteraction7.pcapng
"Nov 28, 2023 18:08:40.437920",0.005820,74,0x711c,0xffff,0x8841,62,0x711c,0xfffc,0x1209,,,physicalInteraction7.pcapng
"Nov 28, 2023 18:08:41.269173",0.831253,71,0xb1bf,0xffff,0x8841,215,0xb1bf,0xfffc,0x1209,,,physicalInteraction7.pcapng
"Nov 28, 2023 18:08:41.872393",0.603220,74,0x4e11,0xffff,0x8841,255,0x4e11,0xfffc,0x1209,,,physicalInteraction7.pcapng
"Nov 28, 2023 18:08:42.066277",0.193884,74,0x5bb9,0xffff,0x8841,214,0x5bb9,0xfffc,0x1209,,,physicalInteraction7.pcapng
"Nov 28, 2023 18:08:45.755931",3.689654,74,0x0000,0xffff,0x8841,50,0x0000,0xfffc,0x1209,,,physicalInteraction7.pcapng
"Nov 28, 2023 18:08:45.939230",0.183299,74,0xec7f,0xffff,0x8841,140,0xec7f,0xfffc,0x1209,,,physicalInteraction7.pcapng
"Nov 28, 2023 18:08:47.009105",1.069875,74,0x3d95,0xffff,0x8841,139,0x3d95,0xfffc,0x1209,,,physicalInteraction7.pcapng
"Nov 28, 2023 18:08:53.183419",6.174314,74,0xe1a6,0xffff,0x8841,56,0xe1a6,0xfffc,0x1209,,,physicalInteraction7.pcapng
"Nov 28, 2023 18:08:54.162112",0.978693,74,0x0112,0xffff,0x8841,23,0x0112,0xfffc,0x1209,,,physicalInteraction7.pcapng
"Nov 28, 2023 18:08:55.011195",0.849083,65,0x1e15,0xffff,0x8841,197,0x1e15,0xfffc,0x1209,,,physicalInteraction7.pcapng
"Nov 28, 2023 18:08:56.265114",1.253919,74,0x4e11,0xffff,0x8841,0,0x4e11,0xfffc,0x1209,,,physicalInteraction7.pcapng
"Nov 28, 2023 18:08:56.376164",0.111050,74,0xb1bf,0xffff,0x8841,216,0xb1bf,0xfffc,0x1209,,,physicalInteraction7.pcapng
"Nov 28, 2023 18:08:56.536268",0.160104,74,0x711c,0xffff,0x8841,63,0x711c,0xfffc,0x1209,,,physicalInteraction7.pcapng
"Nov 28, 2023 18:08:56.575434",,66,,,,,,,,,,physicalInteraction7.pcapng
"Nov 28, 2023 18:08:56.577928",0.002494,5,,,0x0002,141,,,,,,physicalInteraction7.pcapng
"Nov 28, 2023 18:08:56.593389",,45,,,,,,,,,,physicalInteraction7.pcapng
"Nov 28, 2023 18:08:56.595198",0.001809,5,,,0x0002,51,,,,,,physicalInteraction7.pcapng
"Nov 28, 2023 18:08:56.620435",,50,,,,,,,,,,physicalInteraction7.pcapng
"Nov 28, 2023 18:08:56.622404",0.001969,5,,,0x0002,52,,,,,,physicalInteraction7.pcapng
"Nov 28, 2023 18:08:56.625210",,45,,,,,,,,,,physicalInteraction7.pcapng
"Nov 28, 2023 18:08:56.627033",0.001823,5,,,0x0002,142,,,,,,physicalInteraction7.pcapng
"Nov 28, 2023 18:08:57.188317",0.561284,74,0x5bb9,0xffff,0x8841,215,0x5bb9,0xfffc,0x1209,,,physicalInteraction7.pcapng
"Nov 28, 2023 18:09:02.094267",4.905950,74,0x3d95,0xffff,0x8841,140,0x3d95,0xfffc,0x1209,,,physicalInteraction7.pcapng
"Nov 28, 2023 18:09:03.067847",0.973580,74,0x0000,0xffff,0x8841,53,0x0000,0xfffc,0x1209,,,physicalInteraction7.pcapng
"Nov 28, 2023 18:09:03.871587",0.803740,74,0xec7f,0xffff,0x8841,143,0xec7f,0xfffc,0x1209,,,physicalInteraction7.pcapng
"Nov 28, 2023 18:09:07.840599",,50,,,,,,,,,,physicalInteraction7.pcapng
"Nov 28, 2023 18:09:07.842582",0.001983,5,,,0x0002,54,,,,,,physicalInteraction7.pcapng
"Nov 28, 2023 18:09:07.850141",0.007559,5,,,0x0002,64,,,,,,physicalInteraction7.pcapng
"Nov 28, 2023 18:09:07.895209",,53,,,,,,,,,,physicalInteraction7.pcapng
"Nov 28, 2023 18:09:07.897287",0.002078,5,,,0x0002,65,,,,,,physicalInteraction7.pcapng
"Nov 28, 2023 18:09:07.936502",,50,,,,,,,,,,physicalInteraction7.pcapng
"Nov 28, 2023 18:09:07.938485",0.001983,5,,,0x0002,55,,,,,,physicalInteraction7.pcapng
"Nov 28, 2023 18:09:07.942235",0.003750,55,0x711c,0x0000,0x8861,66,0x711c,0x0000,0x1a09,,,physicalInteraction7.pcapng
"Nov 28, 2023 18:09:07.944378",0.002143,5,,,0x0002,66,,,,,,physicalInteraction7.pcapng
"Nov 28, 2023 18:09:07.992317",,53,,,,,,,,,,physicalInteraction7.pcapng
"Nov 28, 2023 18:09:07.994396",0.002079,5,,,0x0002,67,,,,,,physicalInteraction7.pcapng
"Nov 28, 2023 18:09:08.196726",0.202330,74,0xe1a6,0xffff,0x8841,57,0xe1a6,0xfffc,0x1209,,,physicalInteraction7.pcapng
"Nov 28, 2023 18:09:09.166265",0.969539,74,0x0112,0xffff,0x8841,24,0x0112,0xfffc,0x1209,,,physicalInteraction7.pcapng
"Nov 28, 2023 18:09:10.082965",,52,,,,,,,,,,physicalInteraction7.pcapng
"Nov 28, 2023 18:09:10.084981",0.002016,5,,,0x0002,56,,,,,,physicalInteraction7.pcapng
"Nov 28, 2023 18:09:10.092638",,63,,,,,,,,,,physicalInteraction7.pcapng
"Nov 28, 2023 18:09:10.095037",0.002399,5,,,0x0002,58,,,,,,physicalInteraction7.pcapng
"Nov 28, 2023 18:09:10.118318",,52,,,,,,,,,,physicalInteraction7.pcapng
"Nov 28, 2023 18:09:10.120333",0.002015,5,,,0x0002,57,,,,,,physicalInteraction7.pcapng
"Nov 28, 2023 18:09:10.128213",0.007880,63,0x3d95,0x0000,0x8861,141,,,,,,physicalInteraction7.pcapng
"Nov 28, 2023 18:09:10.130612",0.002399,5,,,0x0002,141,,,,,,physicalInteraction7.pcapng
"Nov 28, 2023 18:09:10.132817",,45,,,,,,,,,,physicalInteraction7.pcapng
"Nov 28, 2023 18:09:10.134609",0.001792,5,,,0x0002,58,,,,,,physicalInteraction7.pcapng
"Nov 28, 2023 18:09:10.137573",0.002964,65,0x1e15,0xffff,0x8841,198,0x1e15,0xfffc,0x1209,,,physicalInteraction7.pcapng
"Nov 28, 2023 18:09:10.161887",,54,,,,,,,,,,physicalInteraction7.pcapng
"Nov 28, 2023 18:09:10.163956",0.002069,5,,,0x0002,59,,,,,,physicalInteraction7.pcapng
"Nov 28, 2023 18:09:10.171854",,66,,,,,,,,,,physicalInteraction7.pcapng
"Nov 28, 2023 18:09:10.174349",0.002495,5,,,0x0002,59,,,,,,physicalInteraction7.pcapng
"Nov 28, 2023 18:09:10.182209",,45,,,,,,,,,,physicalInteraction7.pcapng
"Nov 28, 2023 18:09:10.184002",0.001793,5,,,0x0002,60,,,,,,physicalInteraction7.pcapng
"Nov 28, 2023 18:09:10.198740",,54,,,,,,,,,,physicalInteraction7.pcapng
"Nov 28, 2023 18:09:10.200822",0.002082,5,,,0x0002,61,,,,,,physicalInteraction7.pcapng
"Nov 28, 2023 18:09:10.208641",,66,,,,,,,,,,physicalInteraction7.pcapng
"Nov 28, 2023 18:09:10.211136",0.002495,5,,,0x0002,142,,,,,,physicalInteraction7.pcapng
"Nov 28, 2023 18:09:10.215756",,54,,,,,,,,,,physicalInteraction7.pcapng
"Nov 28, 2023 18:09:10.217867",0.002111,5,,,0x0002,62,,,,,,physicalInteraction7.pcapng
"Nov 28, 2023 18:09:10.221078",,54,,,,,,,,,,physicalInteraction7.pcapng
"Nov 28, 2023 18:09:10.223158",0.002080,5,,,0x0002,68,,,,,,physicalInteraction7.pcapng
"Nov 28, 2023 18:09:10.230415",,66,,,,,,,,,,physicalInteraction7.pcapng
"Nov 28, 2023 18:09:10.232910",0.002495,5,,,0x0002,217,,,,,,physicalInteraction7.pcapng
"Nov 28, 2023 18:09:10.234491",,52,,,,,,,,,,physicalInteraction7.pcapng
"Nov 28, 2023 18:09:10.236538",0.002047,5,,,0x0002,63,,,,,,physicalInteraction7.pcapng
"Nov 28, 2023 18:09:10.240978",,52,,,,,,,,,,physicalInteraction7.pcapng
"Nov 28, 2023 18:09:10.242993",0.002015,5,,,0x0002,69,,,,,,physicalInteraction7.pcapng
"Nov 28, 2023 18:09:10.250029",,63,,,,,,,,,,physicalInteraction7.pcapng
"Nov 28, 2023 18:09:10.252428",0.002399,5,,,0x0002,218,,,,,,physicalInteraction7.pcapng
"Nov 28, 2023 18:09:10.257544",,45,,,,,,,,,,physicalInteraction7.pcapng
"Nov 28, 2023 18:09:10.259335",0.001791,5,,,0x0002,64,,,,,,physicalInteraction7.pcapng
"Nov 28, 2023 18:09:10.267900",,45,,,,,,,,,,physicalInteraction7.pcapng
"Nov 28, 2023 18:09:10.269693",0.001793,5,,,0x0002,65,,,,,,physicalInteraction7.pcapng
"Nov 28, 2023 18:09:10.273795",,45,,,,,,,,,,physicalInteraction7.pcapng
"Nov 28, 2023 18:09:10.275618",0.001823,5,,,0x0002,66,,,,,,physicalInteraction7.pcapng
"Nov 28, 2023 18:09:10.279068",,45,,,,,,,,,,physicalInteraction7.pcapng
"Nov 28, 2023 18:09:10.280861",0.001793,5,,,0x0002,70,,,,,,physicalInteraction7.pcapng
"Nov 28, 2023 18:09:10.281701",,45,,,,,,,,,,physicalInteraction7.pcapng
"Nov 28, 2023 18:09:10.283525",0.001824,5,,,0x0002,67,,,,,,physicalInteraction7.pcapng
"Nov 28, 2023 18:09:10.288180",,45,,,,,,,,,,physicalInteraction7.pcapng
"Nov 28, 2023 18:09:10.289974",0.001794,5,,,0x0002,71,,,,,,physicalInteraction7.pcapng
"Nov 28, 2023 18:09:11.166496",0.876522,74,0x4e11,0xffff,0x8841,1,0x4e11,0xfffc,0x1209,,,physicalInteraction7.pcapng
"Nov 28, 2023 18:09:11.317024",0.150528,74,0xb1bf,0xffff,0x8841,219,0xb1bf,0xfffc,0x1209,,,physicalInteraction7.pcapng
"Nov 28, 2023 18:09:14.563433",3.246409,74,0x711c,0xffff,0x8841,72,0x711c,0xfffc,0x1209,,,physicalInteraction7.pcapng
"Nov 28, 2023 18:09:15.245189",0.681756,74,0x5bb9,0xffff,0x8841,216,0x5bb9,0xfffc,0x1209,,,physicalInteraction7.pcapng
"Nov 28, 2023 18:09:17.098105",1.852916,74,0x3d95,0xffff,0x8841,143,0x3d95,0xfffc,0x1209,,,physicalInteraction7.pcapng
"Nov 28, 2023 18:09:17.187825",0.089720,74,0x0000,0xffff,0x8841,68,0x0000,0xfffc,0x1209,,,physicalInteraction7.pcapng
"Nov 28, 2023 18:09:20.746595",,59,,,,,,,,,,physicalInteraction7.pcapng
"Nov 28, 2023 18:09:20.748866",0.002271,5,,,0x0002,144,,,,,,physicalInteraction7.pcapng
"Nov 28, 2023 18:09:20.764337",,45,,,,,,,,,,physicalInteraction7.pcapng
"Nov 28, 2023 18:09:20.766146",0.001809,5,,,0x0002,69,,,,,,physicalInteraction7.pcapng
"Nov 28, 2023 18:09:20.790642",,49,,,,,,,,,,physicalInteraction7.pcapng
"Nov 28, 2023 18:09:20.792579",0.001937,5,,,0x0002,70,,,,,,physicalInteraction7.pcapng
"Nov 28, 2023 18:09:20.796222",,45,,,,,,,,,,physicalInteraction7.pcapng
"Nov 28, 2023 18:09:20.798045",0.001823,5,,,0x0002,145,,,,,,physicalInteraction7.pcapng
"Nov 28, 2023 18:09:21.660609",0.862564,74,0xec7f,0xffff,0x8841,146,0xec7f,0xfffc,0x1209,,,physicalInteraction7.pcapng
"Nov 28, 2023 18:09:23.146270",1.485661,74,0xe1a6,0xffff,0x8841,60,0xe1a6,0xfffc,0x1209,,,physicalInteraction7.pcapng
"Nov 28, 2023 18:09:24.164017",1.017747,100,0x0112,0xffff,0x8864,25,,,,,,physicalInteraction7.pcapng
"Nov 28, 2023 18:09:25.051919",0.887902,65,0x1e15,0xffff,0x8841,199,0x1e15,0xfffc,0x1209,,,physicalInteraction7.pcapng
"Nov 28, 2023 18:09:26.238045",1.186126,74,0x4e11,0xffff,0x8841,2,0x4e11,0xfffc,0x1209,,,physicalInteraction7.pcapng
"Nov 28, 2023 18:09:26.326308",0.088263,74,0xb1bf,0xffff,0x8841,220,0xb1bf,0xfffc,0x1209,,,physicalInteraction7.pcapng
"Nov 28, 2023 18:09:29.361658",3.035350,74,0x711c,0xffff,0x8841,73,0x711c,0xfffc,0x1209,,,physicalInteraction7.pcapng
"Nov 28, 2023 18:09:32.095441",2.733783,74,0x3d95,0xffff,0x8841,144,0x3d95,0xfffc,0x1209,,,physicalInteraction7.pcapng
"Nov 28, 2023 18:09:32.534867",0.439426,74,0x5bb9,0xffff,0x8841,217,0x5bb9,0xfffc,0x1209,,,physicalInteraction7.pcapng
"Nov 28, 2023 18:09:34.501692",1.966825,74,0x0000,0xffff,0x8841,71,0x0000,0xfffc,0x1209,,,physicalInteraction7.pcapng
"Nov 28, 2023 18:09:36.223405",1.721713,74,0xec7f,0xffff,0x8841,147,0xec7f,0xfffc,0x1209,,,physicalInteraction7.pcapng
"Nov 28, 2023 18:09:38.195926",1.972521,74,0xe1a6,0xffff,0x8841,61,0xe1a6,0xfffc,0x1209,,,physicalInteraction7.pcapng
"Nov 28, 2023 18:09:39.156010",0.960084,74,0x0112,0xffff,0x8841,26,0x0112,0xfffc,0x1209,,,physicalInteraction7.pcapng
"Nov 28, 2023 18:09:40.086934",,52,,,,,,,,,,physicalInteraction7.pcapng
"Nov 28, 2023 18:09:40.088951",0.002017,5,,,0x0002,72,,,,,,physicalInteraction7.pcapng
"Nov 28, 2023 18:09:40.096919",,63,,,,,,,,,,physicalInteraction7.pcapng
"Nov 28, 2023 18:09:40.099317",0.002398,5,,,0x0002,62,,,,,,physicalInteraction7.pcapng
"Nov 28, 2023 18:09:40.103495",0.004178,65,0x1e15,0xffff,0x8841,200,0x1e15,0xfffc,0x1209,,,physicalInteraction7.pcapng
"Nov 28, 2023 18:09:40.124351",,52,,,,,,,,,,physicalInteraction7.pcapng
"Nov 28, 2023 18:09:40.126367",0.002016,5,,,0x0002,73,,,,,,physicalInteraction7.pcapng
"Nov 28, 2023 18:09:40.134259",,63,,,,,,,,,,physicalInteraction7.pcapng
"Nov 28, 2023 18:09:40.136658",0.002399,5,,,0x0002,145,,,,,,physicalInteraction7.pcapng
"Nov 28, 2023 18:09:40.141918",,45,,,,,,,,,,physicalInteraction7.pcapng
"Nov 28, 2023 18:09:40.143712",0.001794,5,,,0x0002,74,,,,,,physicalInteraction7.pcapng
"Nov 28, 2023 18:09:40.164249",,54,,,,,,,,,,physicalInteraction7.pcapng
"Nov 28, 2023 18:09:40.166329",0.002080,5,,,0x0002,75,,,,,,physicalInteraction7.pcapng
"Nov 28, 2023 18:09:40.174387",,66,,,,,,,,,,physicalInteraction7.pcapng
"Nov 28, 2023 18:09:40.176881",0.002494,5,,,0x0002,63,,,,,,physicalInteraction7.pcapng
"Nov 28, 2023 18:09:40.183484",,45,,,,,,,,,,physicalInteraction7.pcapng
"Nov 28, 2023 18:09:40.185277",0.001793,5,,,0x0002,76,,,,,,physicalInteraction7.pcapng
"Nov 28, 2023 18:09:40.196057",,54,,,,,,,,,,physicalInteraction7.pcapng
"Nov 28, 2023 18:09:40.198137",0.002080,5,,,0x0002,77,,,,,,physicalInteraction7.pcapng
"Nov 28, 2023 18:09:40.205868",,66,,,,,,,,,,physicalInteraction7.pcapng
"Nov 28, 2023 18:09:40.208363",0.002495,5,,,0x0002,146,,,,,,physicalInteraction7.pcapng
"Nov 28, 2023 18:09:40.213844",,54,,,,,,,,,,physicalInteraction7.pcapng
"Nov 28, 2023 18:09:40.215955",0.002111,5,,,0x0002,78,,,,,,physicalInteraction7.pcapng
"Nov 28, 2023 18:09:40.219977",,54,,,,,,,,,,physicalInteraction7.pcapng
"Nov 28, 2023 18:09:40.222058",0.002081,5,,,0x0002,74,,,,,,physicalInteraction7.pcapng
"Nov 28, 2023 18:09:40.228854",,52,,,,,,,,,,physicalInteraction7.pcapng
"Nov 28, 2023 18:09:40.234112",,52,,,,,,,,,,physicalInteraction7.pcapng
"Nov 28, 2023 18:09:40.239041",,52,,,,,,,,,,physicalInteraction7.pcapng
"Nov 28, 2023 18:09:40.244014",,52,,,,,,,,,,physicalInteraction7.pcapng
"Nov 28, 2023 18:09:40.251418",,45,,,,,,,,,,physicalInteraction7.pcapng
"Nov 28, 2023 18:09:40.253209",0.001791,5,,,0x0002,80,,,,,,physicalInteraction7.pcapng
"Nov 28, 2023 18:09:40.257779",,45,,,,,,,,,,physicalInteraction7.pcapng
"Nov 28, 2023 18:09:40.259561",0.001782,5,,,0x0002,81,,,,,,physicalInteraction7.pcapng
"Nov 28, 2023 18:09:40.262766",,66,,,,,,,,,,physicalInteraction7.pcapng
"Nov 28, 2023 18:09:40.265261",0.002495,5,,,0x0002,222,,,,,,physicalInteraction7.pcapng
"Nov 28, 2023 18:09:40.267854",,66,,,,,,,,,,physicalInteraction7.pcapng
"Nov 28, 2023 18:09:40.270348",0.002494,5,,,0x0002,222,,,,,,physicalInteraction7.pcapng
"Nov 28, 2023 18:09:40.281120",,45,,,,,,,,,,physicalInteraction7.pcapng
"Nov 28, 2023 18:09:40.282943",0.001823,5,,,0x0002,82,,,,,,physicalInteraction7.pcapng
"Nov 28, 2023 18:09:40.287229",,45,,,,,,,,,,physicalInteraction7.pcapng
"Nov 28, 2023 18:09:40.289023",0.001794,5,,,0x0002,75,,,,,,physicalInteraction7.pcapng
"Nov 28, 2023 18:09:40.292416",,52,,,,,,,,,,physicalInteraction7.pcapng
"Nov 28, 2023 18:09:40.294464",0.002048,5,,,0x0002,83,,,,,,physicalInteraction7.pcapng
"Nov 28, 2023 18:09:40.297612",,52,,,,,,,,,,physicalInteraction7.pcapng
"Nov 28, 2023 18:09:40.299629",0.002017,5,,,0x0002,76,,,,,,physicalInteraction7.pcapng
"Nov 28, 2023 18:09:40.306758",,63,,,,,,,,,,physicalInteraction7.pcapng
"Nov 28, 2023 18:09:40.309157",0.002399,5,,,0x0002,223,,,,,,physicalInteraction7.pcapng
"Nov 28, 2023 18:09:40.325514",,45,,,,,,,,,,physicalInteraction7.pcapng
"Nov 28, 2023 18:09:40.327336",0.001822,5,,,0x0002,84,,,,,,physicalInteraction7.pcapng
"Nov 28, 2023 18:09:40.332075",,45,,,,,,,,,,physicalInteraction7.pcapng
"Nov 28, 2023 18:09:40.333867",0.001792,5,,,0x0002,77,,,,,,physicalInteraction7.pcapng
"Nov 28, 2023 18:09:41.337654",1.003787,74,0xb1bf,0xffff,0x8841,224,0xb1bf,0xfffc,0x1209,,,physicalInteraction7.pcapng
"Nov 28, 2023 18:09:42.905409",1.567755,74,0x4e11,0xffff,0x8841,3,0x4e11,0xfffc,0x1209,,,physicalInteraction7.pcapng
"Nov 28, 2023 18:09:46.383835",3.478426,74,0x711c,0xffff,0x8841,78,0x711c,0xfffc,0x1209,,,physicalInteraction7.pcapng
"Nov 28, 2023 18:09:46.857863",0.474028,74,0x5bb9,0xffff,0x8841,218,0x5bb9,0xfffc,0x1209,,,physicalInteraction7.pcapng
"Nov 28, 2023 18:09:47.043641",0.185778,74,0x3d95,0xffff,0x8841,147,0x3d95,0xfffc,0x1209,,,physicalInteraction7.pcapng
"Nov 28, 2023 18:09:49.239212",2.195571,74,0x0000,0xffff,0x8841,85,0x0000,0xfffc,0x1209,,,physicalInteraction7.pcapng
"Nov 28, 2023 18:09:50.708873",,60,,,,,,,,,,physicalInteraction7.pcapng
"Nov 28, 2023 18:09:50.711176",0.002303,5,,,0x0002,148,,,,,,physicalInteraction7.pcapng
"Nov 28, 2023 18:09:50.751097",,50,,,,,,,,,,physicalInteraction7.pcapng
"Nov 28, 2023 18:09:50.753039",0.001942,5,,,0x0002,86,,,,,,physicalInteraction7.pcapng
"Nov 28, 2023 18:09:50.758236",,45,,,,,,,,,,physicalInteraction7.pcapng
"Nov 28, 2023 18:09:50.760059",0.001823,5,,,0x0002,149,,,,,,physicalInteraction7.pcapng
"Nov 28, 2023 18:09:52.759516",1.999457,74,0xec7f,0xffff,0x8841,148,0xec7f,0xfffc,0x1209,,,physicalInteraction7.pcapng
"Nov 28, 2023 18:09:53.131113",0.371597,74,0xe1a6,0xffff,0x8841,64,0xe1a6,0xfffc,0x1209,,,physicalInteraction7.pcapng
"Nov 28, 2023 18:09:54.128914",,63,,,,,,,,,,physicalInteraction7.pcapng
"Nov 28, 2023 18:09:54.138996",,63,,,,,,,,,,physicalInteraction7.pcapng
"Nov 28, 2023 18:09:54.141395",0.002399,5,,,0x0002,226,,,,,,physicalInteraction7.pcapng
"Nov 28, 2023 18:09:54.168163",0.026768,74,0x0112,0xffff,0x8841,27,0x0112,0xfffc,0x1209,,,physicalInteraction7.pcapng
"Nov 28, 2023 18:09:54.188366",,50,,,,,,,,,,physicalInteraction7.pcapng
"Nov 28, 2023 18:09:54.190349",0.001983,5,,,0x0002,87,,,,,,physicalInteraction7.pcapng
"Nov 28, 2023 18:09:54.194755",,50,,,,,,,,,,physicalInteraction7.pcapng
"Nov 28, 2023 18:09:54.196707",0.001952,5,,,0x0002,79,,,,,,physicalInteraction7.pcapng
"Nov 28, 2023 18:09:54.201576",,45,,,,,,,,,,physicalInteraction7.pcapng
"Nov 28, 2023 18:09:54.203399",0.001823,5,,,0x0002,227,,,,,,physicalInteraction7.pcapng
"Nov 28, 2023 18:09:54.215390",,57,,,,,,,,,,physicalInteraction7.pcapng
"Nov 28, 2023 18:09:54.217597",0.002207,5,,,0x0002,228,,,,,,physicalInteraction7.pcapng
"Nov 28, 2023 18:09:54.255155",,50,,,,,,,,,,physicalInteraction7.pcapng
"Nov 28, 2023 18:09:54.257138",0.001983,5,,,0x0002,88,,,,,,physicalInteraction7.pcapng
"Nov 28, 2023 18:09:54.260930",,50,,,,,,,,,,physicalInteraction7.pcapng
"Nov 28, 2023 18:09:54.262872",0.001942,5,,,0x0002,80,,,,,,physicalInteraction7.pcapng
"Nov 28, 2023 18:09:54.268356",,45,,,,,,,,,,physicalInteraction7.pcapng
"Nov 28, 2023 18:09:54.270179",0.001823,5,,,0x0002,229,,,,,,physicalInteraction7.pcapng
"Nov 28, 2023 18:09:55.117180",0.847001,65,0x1e15,0xffff,0x8841,201,0x1e15,0xfffc,0x1209,,,physicalInteraction7.pcapng
"Nov 28, 2023 18:09:56.272507",1.155327,74,0xb1bf,0xffff,0x8841,230,0xb1bf,0xfffc,0x1209,,,physicalInteraction7.pcapng
"Nov 28, 2023 18:09:58.352132",,53,,,,,,,,,,physicalInteraction7.pcapng
"Nov 28, 2023 18:09:58.354182",0.002050,5,,,0x0002,191,,,,,,physicalInteraction7.pcapng
"Nov 28, 2023 18:09:58.357782",,53,,,,,,,,,,physicalInteraction7.pcapng
"Nov 28, 2023 18:09:58.359861",0.002079,5,,,0x0002,65,,,,,,physicalInteraction7.pcapng
"Nov 28, 2023 18:09:58.858125",0.498264,12,0x4615,0xe1a6,0x8863,192,,,,,,physicalInteraction7.pcapng
"Nov 28, 2023 18:09:58.858860",0.000735,5,,,0x0002,192,,,,,,physicalInteraction7.pcapng
"Nov 28, 2023 18:10:00.286998",1.428138,74,0x4e11,0xffff,0x8841,4,0x4e11,0xfffc,0x1209,,,physicalInteraction7.pcapng
"Nov 28, 2023 18:10:01.745854",1.458856,74,0x5bb9,0xffff,0x8841,219,0x5bb9,0xfffc,0x1209,,,physicalInteraction7.pcapng
"Nov 28, 2023 18:10:02.061717",0.315863,74,0x3d95,0xffff,0x8841,150,0x3d95,0xfffc,0x1209,,,physicalInteraction7.pcapng
"Nov 28, 2023 18:10:02.381500",0.319783,74,0x711c,0xffff,0x8841,81,0x711c,0xfffc,0x1209,,,physicalInteraction7.pcapng
"Nov 28, 2023 18:10:05.180063",2.798563,74,0x0000,0xffff,0x8841,89,0x0000,0xfffc,0x1209,,,physicalInteraction7.pcapng
"Nov 28, 2023 18:10:08.121548",2.941485,74,0xe1a6,0xffff,0x8841,66,0xe1a6,0xfffc,0x1209,,,physicalInteraction7.pcapng
"Nov 28, 2023 18:10:09.164724",1.043176,74,0x0112,0xffff,0x8841,28,0x0112,0xfffc,0x1209,,,physicalInteraction7.pcapng
"Nov 28, 2023 18:10:09.212064",0.047340,74,0xec7f,0xffff,0x8841,149,0xec7f,0xfffc,0x1209,,,physicalInteraction7.pcapng
"Nov 28, 2023 18:10:10.088429",,52,,,,,,,,,,physicalInteraction7.pcapng
"Nov 28, 2023 18:10:10.090444",0.002015,5,,,0x0002,90,,,,,,physicalInteraction7.pcapng
"Nov 28, 2023 18:10:10.098079",,63,,,,,,,,,,physicalInteraction7.pcapng
"Nov 28, 2023 18:10:10.100477",0.002398,5,,,0x0002,67,,,,,,physicalInteraction7.pcapng
"Nov 28, 2023 18:10:10.127606",,52,,,,,,,,,,physicalInteraction7.pcapng
"Nov 28, 2023 18:10:10.129621",0.002015,5,,,0x0002,91,,,,,,physicalInteraction7.pcapng
"Nov 28, 2023 18:10:10.137195",,63,,,,,,,,,,physicalInteraction7.pcapng
"Nov 28, 2023 18:10:10.139594",0.002399,5,,,0x0002,151,,,,,,physicalInteraction7.pcapng
"Nov 28, 2023 18:10:10.143752",,45,,,,,,,,,,physicalInteraction7.pcapng
"Nov 28, 2023 18:10:10.145543",0.001791,5,,,0x0002,92,,,,,,physicalInteraction7.pcapng
"Nov 28, 2023 18:10:10.166215",,54,,,,,,,,,,physicalInteraction7.pcapng
"Nov 28, 2023 18:10:10.168296",0.002081,5,,,0x0002,93,,,,,,physicalInteraction7.pcapng
"Nov 28, 2023 18:10:10.175956",,66,,,,,,,,,,physicalInteraction7.pcapng
"Nov 28, 2023 18:10:10.178451",0.002495,5,,,0x0002,68,,,,,,physicalInteraction7.pcapng
"Nov 28, 2023 18:10:10.186355",,54,,,,,,,,,,physicalInteraction7.pcapng
"Nov 28, 2023 18:10:10.188436",0.002081,5,,,0x0002,94,,,,,,physicalInteraction7.pcapng
"Nov 28, 2023 18:10:10.196143",,66,,,,,,,,,,physicalInteraction7.pcapng
"Nov 28, 2023 18:10:10.198638",0.002495,5,,,0x0002,152,,,,,,physicalInteraction7.pcapng
"Nov 28, 2023 18:10:10.218846",,45,,,,,,,,,,physicalInteraction7.pcapng
"Nov 28, 2023 18:10:10.220638",0.001792,5,,,0x0002,95,,,,,,physicalInteraction7.pcapng
"Nov 28, 2023 18:10:10.225971",,54,,,,,,,,,,physicalInteraction7.pcapng
"Nov 28, 2023 18:10:10.228082",0.002111,5,,,0x0002,96,,,,,,physicalInteraction7.pcapng
"Nov 28, 2023 18:10:10.230595",,54,,,,,,,,,,physicalInteraction7.pcapng
"Nov 28, 2023 18:10:10.232666",0.002071,5,,,0x0002,82,,,,,,physicalInteraction7.pcapng
"Nov 28, 2023 18:10:10.238270",,52,,,,,,,,,,physicalInteraction7.pcapng
"Nov 28, 2023 18:10:10.243131",,52,,,,,,,,,,physicalInteraction7.pcapng
"Nov 28, 2023 18:10:10.245178",0.002047,5,,,0x0002,97,,,,,,physicalInteraction7.pcapng
"Nov 28, 2023 18:10:10.249254",,52,,,,,,,,,,physicalInteraction7.pcapng
"Nov 28, 2023 18:10:10.253849",,52,,,,,,,,,,physicalInteraction7.pcapng
"Nov 28, 2023 18:10:10.260500",,52,,,,,,,,,,physicalInteraction7.pcapng
"Nov 28, 2023 18:10:10.262504",,66,,,,,,,,,,physicalInteraction7.pcapng
"Nov 28, 2023 18:10:10.264999",0.002495,5,,,0x0002,232,,,,,,physicalInteraction7.pcapng
"Nov 28, 2023 18:10:10.267361",,52,,,,,,,,,,physicalInteraction7.pcapng
"Nov 28, 2023 18:10:10.269376",0.002015,5,,,0x0002,83,,,,,,physicalInteraction7.pcapng
"Nov 28, 2023 18:10:10.274099",,45,,,,,,,,,,physicalInteraction7.pcapng
"Nov 28, 2023 18:10:10.275880",0.001781,5,,,0x0002,98,,,,,,physicalInteraction7.pcapng
"Nov 28, 2023 18:10:10.280037",,45,,,,,,,,,,physicalInteraction7.pcapng
"Nov 28, 2023 18:10:10.281819",0.001782,5,,,0x0002,99,,,,,,physicalInteraction7.pcapng
"Nov 28, 2023 18:10:10.286036",,45,,,,,,,,,,physicalInteraction7.pcapng
"Nov 28, 2023 18:10:10.289867",,45,,,,,,,,,,physicalInteraction7.pcapng
"Nov 28, 2023 18:10:10.295662",,45,,,,,,,,,,physicalInteraction7.pcapng
"Nov 28, 2023 18:10:10.297485",0.001823,5,,,0x0002,100,,,,,,physicalInteraction7.pcapng
"Nov 28, 2023 18:10:10.298810",,63,,,,,,,,,,physicalInteraction7.pcapng
"Nov 28, 2023 18:10:10.301209",0.002399,5,,,0x0002,234,,,,,,physicalInteraction7.pcapng
"Nov 28, 2023 18:10:10.303295",,45,,,,,,,,,,physicalInteraction7.pcapng
"Nov 28, 2023 18:10:10.305089",0.001794,5,,,0x0002,84,,,,,,physicalInteraction7.pcapng
"Nov 28, 2023 18:10:10.323317",,45,,,,,,,,,,physicalInteraction7.pcapng
"Nov 28, 2023 18:10:10.325140",0.001823,5,,,0x0002,101,,,,,,physicalInteraction7.pcapng
"Nov 28, 2023 18:10:10.328177",,45,,,,,,,,,,physicalInteraction7.pcapng
"Nov 28, 2023 18:10:10.329970",0.001793,5,,,0x0002,85,,,,,,physicalInteraction7.pcapng
"Nov 28, 2023 18:10:11.377003",1.047033,74,0xb1bf,0xffff,0x8841,235,0xb1bf,0xfffc,0x1209,,,physicalInteraction7.pcapng
"Nov 28, 2023 18:10:15.045504",3.668501,74,0x4e11,0xffff,0x8841,5,0x4e11,0xfffc,0x1209,,,physicalInteraction7.pcapng
"Nov 28, 2023 18:10:17.003775",1.958271,74,0x3d95,0xffff,0x8841,153,0x3d95,0xfffc,0x1209,,,physicalInteraction7.pcapng
"Nov 28, 2023 18:10:18.335925",1.332150,74,0x711c,0xffff,0x8841,86,0x711c,0xfffc,0x1209,,,physicalInteraction7.pcapng
"Nov 28, 2023 18:10:18.443840",,53,,,,,,,,,,physicalInteraction7.pcapng
"Nov 28, 2023 18:10:18.445890",0.002050,5,,,0x0002,193,,,,,,physicalInteraction7.pcapng
"Nov 28, 2023 18:10:18.449823",,53,,,,,,,,,,physicalInteraction7.pcapng
"Nov 28, 2023 18:10:18.451902",0.002079,5,,,0x0002,69,,,,,,physicalInteraction7.pcapng
"Nov 28, 2023 18:10:18.802788",0.350886,74,0x5bb9,0xffff,0x8841,220,0x5bb9,0xfffc,0x1209,,,physicalInteraction7.pcapng
"Nov 28, 2023 18:10:18.951925",0.149137,12,0x4615,0xe1a6,0x8863,194,,,,,,physicalInteraction7.pcapng
"Nov 28, 2023 18:10:18.952662",0.000737,5,,,0x0002,194,,,,,,physicalInteraction7.pcapng
"Nov 28, 2023 18:10:21.938413",2.985751,74,0x0000,0xffff,0x8841,102,0x0000,0xfffc,0x1209,,,physicalInteraction7.pcapng
"Nov 28, 2023 18:10:23.089958",1.151545,74,0xe1a6,0xffff,0x8841,70,0xe1a6,0xfffc,0x1209,,,physicalInteraction7.pcapng
"Nov 28, 2023 18:10:25.041787",1.951829,65,0x1e15,0xffff,0x8841,203,0x1e15,0xfffc,0x1209,,,physicalInteraction7.pcapng
"Nov 28, 2023 18:10:25.144321",0.102534,74,0xec7f,0xffff,0x8841,150,0xec7f,0xfffc,0x1209,,,physicalInteraction7.pcapng
"Nov 28, 2023 18:10:26.274030",,53,,,,,,,,,,physicalInteraction7.pcapng
"Nov 28, 2023 18:10:26.276109",0.002079,5,,,0x0002,236,,,,,,physicalInteraction7.pcapng
"Nov 28, 2023 18:10:26.294497",0.018388,74,0xb1bf,0xffff,0x8841,237,0xb1bf,0xfffc,0x1209,,,physicalInteraction7.pcapng
"Nov 28, 2023 18:10:26.302266",,45,,,,,,,,,,physicalInteraction7.pcapng
"Nov 28, 2023 18:10:26.304089",0.001823,5,,,0x0002,103,,,,,,physicalInteraction7.pcapng
"Nov 28, 2023 18:10:26.307053",0.002964,45,0x711c,0xb1bf,0x8861,87,,,,,,physicalInteraction7.pcapng
"Nov 28, 2023 18:10:26.313984",,45,,,,,,,,,,physicalInteraction7.pcapng
"Nov 28, 2023 18:10:26.315776",0.001792,5,,,0x0002,87,,,,,,physicalInteraction7.pcapng
"Nov 28, 2023 18:10:31.548027",5.232251,74,0x4e11,0xffff,0x8841,6,0x4e11,0xfffc,0x1209,,,physicalInteraction7.pcapng
"Nov 28, 2023 18:10:32.107474",0.559447,74,0x3d95,0xffff,0x8841,154,0x3d95,0xfffc,0x1209,,,physicalInteraction7.pcapng
"Nov 28, 2023 18:10:33.284754",1.177280,74,0x711c,0xffff,0x8841,88,0x711c,0xfffc,0x1209,,,physicalInteraction7.pcapng
"Nov 28, 2023 18:10:36.505563",3.220809,107,0x5bb9,0xffff,0x886b,221,,,,,,physicalInteraction7.pcapng
"Nov 28, 2023 18:10:36.525708",0.020145,74,0x0000,0xffff,0x8841,104,0x0000,0xfffc,0x1209,,,physicalInteraction7.pcapng
"Nov 28, 2023 18:10:38.159365",1.633657,74,0xe1a6,0xffff,0x8841,71,0xe1a6,0xfffc,0x1209,,,physicalInteraction7.pcapng
"Nov 28, 2023 18:10:39.170470",1.011105,74,0x0112,0xffff,0x8841,30,0x0112,0xfffc,0x1209,,,physicalInteraction7.pcapng
"Nov 28, 2023 18:10:40.029973",0.859503,65,0x1e15,0xffff,0x8841,204,0x1e15,0xfffc,0x1209,,,physicalInteraction7.pcapng
"Nov 28, 2023 18:10:40.093055",,52,,,,,,,,,,physicalInteraction7.pcapng
"Nov 28, 2023 18:10:40.095071",0.002016,5,,,0x0002,105,,,,,,physicalInteraction7.pcapng
"Nov 28, 2023 18:10:40.103051",,63,,,,,,,,,,physicalInteraction7.pcapng
"Nov 28, 2023 18:10:40.105449",0.002398,5,,,0x0002,72,,,,,,physicalInteraction7.pcapng
"Nov 28, 2023 18:10:40.128652",,52,,,,,,,,,,physicalInteraction7.pcapng
"Nov 28, 2023 18:10:40.130668",0.002016,5,,,0x0002,106,,,,,,physicalInteraction7.pcapng
"Nov 28, 2023 18:10:40.138461",,63,,,,,,,,,,physicalInteraction7.pcapng
"Nov 28, 2023 18:10:40.140860",0.002399,5,,,0x0002,155,,,,,,physicalInteraction7.pcapng
"Nov 28, 2023 18:10:40.142882",,45,,,,,,,,,,physicalInteraction7.pcapng
"Nov 28, 2023 18:10:40.144673",0.001791,5,,,0x0002,107,,,,,,physicalInteraction7.pcapng
"Nov 28, 2023 18:10:40.163729",,54,,,,,,,,,,physicalInteraction7.pcapng
"Nov 28, 2023 18:10:40.165810",0.002081,5,,,0x0002,108,,,,,,physicalInteraction7.pcapng
"Nov 28, 2023 18:10:40.173989",,66,,,,,,,,,,physicalInteraction7.pcapng
"Nov 28, 2023 18:10:40.176484",0.002495,5,,,0x0002,73,,,,,,physicalInteraction7.pcapng
"Nov 28, 2023 18:10:40.185451",,45,,,,,,,,,,physicalInteraction7.pcapng
"Nov 28, 2023 18:10:40.203701",,54,,,,,,,,,,physicalInteraction7.pcapng
"Nov 28, 2023 18:10:40.205782",0.002081,5,,,0x0002,110,,,,,,physicalInteraction7.pcapng
"Nov 28, 2023 18:10:40.213732",,66,,,,,,,,,,physicalInteraction7.pcapng
"Nov 28, 2023 18:10:40.216227",0.002495,5,,,0x0002,156,,,,,,physicalInteraction7.pcapng
"Nov 28, 2023 18:10:40.224348",,54,,,,,,,,,,physicalInteraction7.pcapng
"Nov 28, 2023 18:10:40.231208",,54,,,,,,,,,,physicalInteraction7.pcapng
"Nov 28, 2023 18:10:40.233287",0.002079,5,,,0x0002,89,,,,,,physicalInteraction7.pcapng
"Nov 28, 2023 18:10:40.238838",,54,,,,,,,,,,physicalInteraction7.pcapng
"Nov 28, 2023 18:10:40.240949",0.002111,5,,,0x0002,111,,,,,,physicalInteraction7.pcapng
"Nov 28, 2023 18:10:40.245654",,66,,,,,,,,,,physicalInteraction7.pcapng
"Nov 28, 2023 18:10:40.248149",0.002495,5,,,0x0002,238,,,,,,physicalInteraction7.pcapng
"Nov 28, 2023 18:10:40.250730",,66,,,,,,,,,,physicalInteraction7.pcapng
"Nov 28, 2023 18:10:40.253225",0.002495,5,,,0x0002,238,,,,,,physicalInteraction7.pcapng
"Nov 28, 2023 18:10:40.254415",,45,,,,,,,,,,physicalInteraction7.pcapng
"Nov 28, 2023 18:10:40.256197",0.001782,5,,,0x0002,112,,,,,,physicalInteraction7.pcapng
"Nov 28, 2023 18:10:40.265175",,52,,,,,,,,,,physicalInteraction7.pcapng
"Nov 28, 2023 18:10:40.267222",0.002047,5,,,0x0002,113,,,,,,physicalInteraction7.pcapng
"Nov 28, 2023 18:10:40.271540",,52,,,,,,,,,,physicalInteraction7.pcapng
"Nov 28, 2023 18:10:40.273557",0.002017,5,,,0x0002,90,,,,,,physicalInteraction7.pcapng
"Nov 28, 2023 18:10:40.277835",,45,,,,,,,,,,physicalInteraction7.pcapng
"Nov 28, 2023 18:10:40.284800",,45,,,,,,,,,,physicalInteraction7.pcapng
"Nov 28, 2023 18:10:40.288345",,45,,,,,,,,,,physicalInteraction7.pcapng
"Nov 28, 2023 18:10:40.290764",,63,,,,,,,,,,physicalInteraction7.pcapng
"Nov 28, 2023 18:10:40.293163",0.002399,5,,,0x0002,239,,,,,,physicalInteraction7.pcapng
"Nov 28, 2023 18:10:40.300589",,45,,,,,,,,,,physicalInteraction7.pcapng
"Nov 28, 2023 18:10:40.302412",0.001823,5,,,0x0002,115,,,,,,physicalInteraction7.pcapng
"Nov 28, 2023 18:10:40.306384",,45,,,,,,,,,,physicalInteraction7.pcapng
"Nov 28, 2023 18:10:40.308165",0.001781,5,,,0x0002,91,,,,,,physicalInteraction7.pcapng
"Nov 28, 2023 18:10:40.308844",,45,,,,,,,,,,physicalInteraction7.pcapng
"Nov 28, 2023 18:10:40.310667",0.001823,5,,,0x0002,116,,,,,,physicalInteraction7.pcapng
"Nov 28, 2023 18:10:40.313956",,45,,,,,,,,,,physicalInteraction7.pcapng
"Nov 28, 2023 18:10:40.315749",0.001793,5,,,0x0002,92,,,,,,physicalInteraction7.pcapng
"Nov 28, 2023 18:10:41.325391",1.009642,74,0xb1bf,0xffff,0x8841,240,0xb1bf,0xfffc,0x1209,,,physicalInteraction7.pcapng
"Nov 28, 2023 18:10:42.597765",,102,,,,,,,,,,physicalInteraction7.pcapng
"Nov 28, 2023 18:10:42.601412",0.003647,5,,,0x0002,228,,,,,,physicalInteraction7.pcapng
"Nov 28, 2023 18:10:43.085776",0.484364,74,0xec7f,0xffff,0x8841,151,0xec7f,0xfffc,0x1209,,,physicalInteraction7.pcapng
"Nov 28, 2023 18:10:43.606123",0.520347,12,0x27d7,0x0000,0x8863,229,,,,,,physicalInteraction7.pcapng
"Nov 28, 2023 18:10:43.606890",0.000767,5,,,0x0002,229,,,,,,physicalInteraction7.pcapng
"Nov 28, 2023 18:10:44.614417",1.007527,12,0x27d7,0x0000,0x8863,230,,,,,,physicalInteraction7.pcapng
"Nov 28, 2023 18:10:44.615184",0.000767,5,,,0x0002,230,,,,,,physicalInteraction7.pcapng
"Nov 28, 2023 18:10:45.622740",1.007556,12,0x27d7,0x0000,0x8863,231,,,,,,physicalInteraction7.pcapng
"Nov 28, 2023 18:10:45.623506",0.000766,5,,,0x0002,231,,,,,,physicalInteraction7.pcapng
"Nov 28, 2023 18:10:47.025244",1.401738,74,0x3d95,0xffff,0x8841,157,0x3d95,0xfffc,0x1209,,,physicalInteraction7.pcapng
"Nov 28, 2023 18:10:47.471967",0.446723,74,0x4e11,0xffff,0x8841,7,0x4e11,0xfffc,0x1209,,,physicalInteraction7.pcapng
"Nov 28, 2023 18:10:50.157325",2.685358,74,0x711c,0xffff,0x8841,93,0x711c,0xfffc,0x1209,,,physicalInteraction7.pcapng
"Nov 28, 2023 18:10:51.530882",1.373557,74,0x0000,0xffff,0x8841,117,0x0000,0xfffc,0x1209,,,physicalInteraction7.pcapng
"Nov 28, 2023 18:10:52.424551",0.893669,74,0x5bb9,0xffff,0x8841,222,0x5bb9,0xfffc,0x1209,,,physicalInteraction7.pcapng
"Nov 28, 2023 18:10:53.095974",0.671423,74,0xe1a6,0xffff,0x8841,74,0xe1a6,0xfffc,0x1209,,,physicalInteraction7.pcapng
"Nov 28, 2023 18:10:54.164702",1.068728,74,0x0112,0xffff,0x8841,31,0x0112,0xfffc,0x1209,,,physicalInteraction7.pcapng
"Nov 28, 2023 18:10:54.529484",,63,,,,,,,,,,physicalInteraction7.pcapng
"Nov 28, 2023 18:10:54.531883",0.002399,5,,,0x0002,158,,,,,,physicalInteraction7.pcapng
"Nov 28, 2023 18:10:54.579023",,50,,,,,,,,,,physicalInteraction7.pcapng
"Nov 28, 2023 18:10:54.580975",0.001952,5,,,0x0002,118,,,,,,physicalInteraction7.pcapng
"Nov 28, 2023 18:10:54.586291",,45,,,,,,,,,,physicalInteraction7.pcapng
"Nov 28, 2023 18:10:54.588114",0.001823,5,,,0x0002,159,,,,,,physicalInteraction7.pcapng
"Nov 28, 2023 18:10:54.600341",,57,,,,,,,,,,physicalInteraction7.pcapng
"Nov 28, 2023 18:10:54.602548",0.002207,5,,,0x0002,160,,,,,,physicalInteraction7.pcapng
"Nov 28, 2023 18:10:54.640533",,50,,,,,,,,,,physicalInteraction7.pcapng
"Nov 28, 2023 18:10:54.642484",0.001951,5,,,0x0002,119,,,,,,physicalInteraction7.pcapng
"Nov 28, 2023 18:10:54.647639",,45,,,,,,,,,,physicalInteraction7.pcapng
"Nov 28, 2023 18:10:54.649462",0.001823,5,,,0x0002,161,,,,,,physicalInteraction7.pcapng
"Nov 28, 2023 18:10:55.037207",0.387745,65,0x1e15,0xffff,0x8841,205,0x1e15,0xfffc,0x1209,,,physicalInteraction7.pcapng
"Nov 28, 2023 18:10:56.334852",1.297645,74,0xb1bf,0xffff,0x8841,241,0xb1bf,0xfffc,0x1209,,,physicalInteraction7.pcapng
"Nov 28, 2023 18:10:59.509126",3.174274,38,,,,,,,,,,physicalInteraction7.pcapng
"Nov 28, 2023 18:10:59.810063",0.300937,31,,,,,,,,,,physicalInteraction7.pcapng
"Nov 28, 2023 18:11:00.955853",1.145790,74,0xec7f,0xffff,0x8841,152,0xec7f,0xfffc,0x1209,,,physicalInteraction7.pcapng
"Nov 28, 2023 18:11:02.051455",1.095602,74,0x3d95,0xffff,0x8841,162,0x3d95,0xfffc,0x1209,,,physicalInteraction7.pcapng
"Nov 28, 2023 18:11:02.692226",0.640771,74,0x4e11,0xffff,0x8841,8,0x4e11,0xfffc,0x1209,,,physicalInteraction7.pcapng
"Nov 28, 2023 18:11:05.829058",3.136832,74,0x0000,0xffff,0x8841,120,0x0000,0xfffc,0x1209,,,physicalInteraction7.pcapng
"Nov 28, 2023 18:11:06.859021",1.029963,74,0x711c,0xffff,0x8841,94,0x711c,0xfffc,0x1209,,,physicalInteraction7.pcapng
"Nov 28, 2023 18:11:08.179144",1.320123,74,0xe1a6,0xffff,0x8841,75,0xe1a6,0xfffc,0x1209,,,physicalInteraction7.pcapng
"Nov 28, 2023 18:11:09.162135",0.982991,74,0x0112,0xffff,0x8841,32,0x0112,0xfffc,0x1209,,,physicalInteraction7.pcapng
"Nov 28, 2023 18:11:09.649349",0.487214,74,0x5bb9,0xffff,0x8841,223,0x5bb9,0xfffc,0x1209,,,physicalInteraction7.pcapng
"Nov 28, 2023 18:11:10.097568",,52,,,,,,,,,,physicalInteraction7.pcapng
"Nov 28, 2023 18:11:10.099575",0.002007,5,,,0x0002,121,,,,,,physicalInteraction7.pcapng
"Nov 28, 2023 18:11:10.107398",,63,,,,,,,,,,physicalInteraction7.pcapng
"Nov 28, 2023 18:11:10.109797",0.002399,5,,,0x0002,76,,,,,,physicalInteraction7.pcapng
"Nov 28, 2023 18:11:10.115913",0.006116,5,,,0x0002,76,,,,,,physicalInteraction7.pcapng
"Nov 28, 2023 18:11:10.118526",,63,,,,,,,,,,physicalInteraction7.pcapng
"Nov 28, 2023 18:11:10.120925",0.002399,5,,,0x0002,76,,,,,,physicalInteraction7.pcapng
"Nov 28, 2023 18:11:10.122988",0.002063,65,0x1e15,0xffff,0x8841,206,0x1e15,0xfffc,0x1209,,,physicalInteraction7.pcapng
"Nov 28, 2023 18:11:10.136556",,52,,,,,,,,,,physicalInteraction7.pcapng
"Nov 28, 2023 18:11:10.138574",0.002018,5,,,0x0002,122,,,,,,physicalInteraction7.pcapng
"Nov 28, 2023 18:11:10.146459",,63,,,,,,,,,,physicalInteraction7.pcapng
"Nov 28, 2023 18:11:10.148858",0.002399,5,,,0x0002,163,,,,,,physicalInteraction7.pcapng
"Nov 28, 2023 18:11:10.153541",,45,,,,,,,,,,physicalInteraction7.pcapng
"Nov 28, 2023 18:11:10.155333",0.001792,5,,,0x0002,123,,,,,,physicalInteraction7.pcapng
"Nov 28, 2023 18:11:10.171878",,54,,,,,,,,,,physicalInteraction7.pcapng
"Nov 28, 2023 18:11:10.173959",0.002081,5,,,0x0002,124,,,,,,physicalInteraction7.pcapng
"Nov 28, 2023 18:11:10.181815",,66,,,,,,,,,,physicalInteraction7.pcapng
"Nov 28, 2023 18:11:10.184310",0.002495,5,,,0x0002,77,,,,,,physicalInteraction7.pcapng
"Nov 28, 2023 18:11:10.190024",,45,,,,,,,,,,physicalInteraction7.pcapng
"Nov 28, 2023 18:11:10.207874",,54,,,,,,,,,,physicalInteraction7.pcapng
"Nov 28, 2023 18:11:10.209953",0.002079,5,,,0x0002,126,,,,,,physicalInteraction7.pcapng
"Nov 28, 2023 18:11:10.217819",,66,,,,,,,,,,physicalInteraction7.pcapng
"Nov 28, 2023 18:11:10.220314",0.002495,5,,,0x0002,164,,,,,,physicalInteraction7.pcapng
"Nov 28, 2023 18:11:10.232590",,54,,,,,,,,,,physicalInteraction7.pcapng
"Nov 28, 2023 18:11:10.234702",0.002112,5,,,0x0002,127,,,,,,physicalInteraction7.pcapng
"Nov 28, 2023 18:11:10.239156",,54,,,,,,,,,,physicalInteraction7.pcapng
"Nov 28, 2023 18:11:10.241236",0.002080,5,,,0x0002,95,,,,,,physicalInteraction7.pcapng
"Nov 28, 2023 18:11:10.245344",,45,,,,,,,,,,physicalInteraction7.pcapng
"Nov 28, 2023 18:11:10.247137",0.001793,5,,,0x0002,128,,,,,,physicalInteraction7.pcapng
"Nov 28, 2023 18:11:10.248450",,66,,,,,,,,,,physicalInteraction7.pcapng
"Nov 28, 2023 18:11:10.250945",0.002495,5,,,0x0002,242,,,,,,physicalInteraction7.pcapng
"Nov 28, 2023 18:11:10.255013",,52,,,,,,,,,,physicalInteraction7.pcapng
"Nov 28, 2023 18:11:10.257060",0.002047,5,,,0x0002,129,,,,,,physicalInteraction7.pcapng
"Nov 28, 2023 18:11:10.261520",,52,,,,,,,,,,physicalInteraction7.pcapng
"Nov 28, 2023 18:11:10.263535",0.002015,5,,,0x0002,96,,,,,,physicalInteraction7.pcapng
"Nov 28, 2023 18:11:10.270798",,63,,,,,,,,,,physicalInteraction7.pcapng
"Nov 28, 2023 18:11:10.273197",0.002399,5,,,0x0002,243,,,,,,physicalInteraction7.pcapng
"Nov 28, 2023 18:11:10.276217",,45,,,,,,,,,,physicalInteraction7.pcapng
"Nov 28, 2023 18:11:10.278009",0.001792,5,,,0x0002,130,,,,,,physicalInteraction7.pcapng
"Nov 28, 2023 18:11:10.290149",,45,,,,,,,,,,physicalInteraction7.pcapng
"Nov 28, 2023 18:11:10.291972",0.001823,5,,,0x0002,131,,,,,,physicalInteraction7.pcapng
"Nov 28, 2023 18:11:10.296636",,45,,,,,,,,,,physicalInteraction7.pcapng
"Nov 28, 2023 18:11:10.298428",0.001792,5,,,0x0002,97,,,,,,physicalInteraction7.pcapng
"Nov 28, 2023 18:11:10.301267",,45,,,,,,,,,,physicalInteraction7.pcapng
"Nov 28, 2023 18:11:10.303090",0.001823,5,,,0x0002,132,,,,,,physicalInteraction7.pcapng
"Nov 28, 2023 18:11:10.306835",,45,,,,,,,,,,physicalInteraction7.pcapng
"Nov 28, 2023 18:11:10.308616",0.001781,5,,,0x0002,98,,,,,,physicalInteraction7.pcapng
"Nov 28, 2023 18:11:11.329775",1.021159,74,0xb1bf,0xffff,0x8841,244,0xb1bf,0xfffc,0x1209,,,physicalInteraction7.pcapng
"Nov 28, 2023 18:11:13.496303",,60,,,,,,,,,,physicalInteraction7.pcapng
"Nov 28, 2023 18:11:13.498606",0.002303,5,,,0x0002,78,,,,,,physicalInteraction7.pcapng
"Nov 28, 2023 18:11:13.540372",,50,,,,,,,,,,physicalInteraction7.pcapng
"Nov 28, 2023 18:11:13.542324",0.001952,5,,,0x0002,133,,,,,,physicalInteraction7.pcapng
"Nov 28, 2023 18:11:13.547568",,45,,,,,,,,,,physicalInteraction7.pcapng
"Nov 28, 2023 18:11:13.549391",0.001823,5,,,0x0002,79,,,,,,physicalInteraction7.pcapng
"Nov 28, 2023 18:11:15.161319",,50,,,,,,,,,,physicalInteraction7.pcapng
"Nov 28, 2023 18:11:15.166276",,50,,,,,,,,,,physicalInteraction7.pcapng
"Nov 28, 2023 18:11:15.171576",,50,,,,,,,,,,physicalInteraction7.pcapng
"Nov 28, 2023 18:11:15.176081",,50,,,,,,,,,,physicalInteraction7.pcapng
"Nov 28, 2023 18:11:15.210033",,50,,,,,,,,,,physicalInteraction7.pcapng
"Nov 28, 2023 18:11:15.213500",,50,,,,,,,,,,physicalInteraction7.pcapng
"Nov 28, 2023 18:11:15.217093",,50,,,,,,,,,,physicalInteraction7.pcapng
"Nov 28, 2023 18:11:15.220597",,50,,,,,,,,,,physicalInteraction7.pcapng
"Nov 28, 2023 18:11:15.273333",,50,,,,,,,,,,physicalInteraction7.pcapng
"Nov 28, 2023 18:11:15.277593",,50,,,,,,,,,,physicalInteraction7.pcapng
"Nov 28, 2023 18:11:15.282587",,50,,,,,,,,,,physicalInteraction7.pcapng
"Nov 28, 2023 18:11:15.287247",,50,,,,,,,,,,physicalInteraction7.pcapng
"Nov 28, 2023 18:11:15.334714",,50,,,,,,,,,,physicalInteraction7.pcapng
"Nov 28, 2023 18:11:15.339514",,50,,,,,,,,,,physicalInteraction7.pcapng
"Nov 28, 2023 18:11:15.348310",,50,,,,,,,,,,physicalInteraction7.pcapng
"Nov 28, 2023 18:11:15.352901",,50,,,,,,,,,,physicalInteraction7.pcapng
"Nov 28, 2023 18:11:15.394738",,50,,,,,,,,,,physicalInteraction7.pcapng
"Nov 28, 2023 18:11:15.398259",,50,,,,,,,,,,physicalInteraction7.pcapng
"Nov 28, 2023 18:11:15.402492",,50,,,,,,,,,,physicalInteraction7.pcapng
"Nov 28, 2023 18:11:15.407487",,50,,,,,,,,,,physicalInteraction7.pcapng
"Nov 28, 2023 18:11:15.472602",,50,,,,,,,,,,physicalInteraction7.pcapng
"Nov 28, 2023 18:11:15.475958",,50,,,,,,,,,,physicalInteraction7.pcapng
"Nov 28, 2023 18:11:15.479230",,50,,,,,,,,,,physicalInteraction7.pcapng
"Nov 28, 2023 18:11:15.483529",,50,,,,,,,,,,physicalInteraction7.pcapng
"Nov 28, 2023 18:11:15.523540",,50,,,,,,,,,,physicalInteraction7.pcapng
"Nov 28, 2023 18:11:15.529079",,50,,,,,,,,,,physicalInteraction7.pcapng
"Nov 28, 2023 18:11:15.533487",,50,,,,,,,,,,physicalInteraction7.pcapng
"Nov 28, 2023 18:11:15.536494",,50,,,,,,,,,,physicalInteraction7.pcapng
"Nov 28, 2023 18:11:15.568770",,50,,,,,,,,,,physicalInteraction7.pcapng
"Nov 28, 2023 18:11:15.574308",,50,,,,,,,,,,physicalInteraction7.pcapng
"Nov 28, 2023 18:11:15.579675",,50,,,,,,,,,,physicalInteraction7.pcapng
"Nov 28, 2023 18:11:15.583377",,50,,,,,,,,,,physicalInteraction7.pcapng
"Nov 28, 2023 18:11:15.632789",,50,,,,,,,,,,physicalInteraction7.pcapng
"Nov 28, 2023 18:11:15.635715",,50,,,,,,,,,,physicalInteraction7.pcapng
"Nov 28, 2023 18:11:15.638987",,50,,,,,,,,,,physicalInteraction7.pcapng
"Nov 28, 2023 18:11:15.642326",,50,,,,,,,,,,physicalInteraction7.pcapng
"Nov 28, 2023 18:11:15.695159",0.052833,50,0x0000,0x1cd8,0x8861,143,,,,,,physicalInteraction7.pcapng
"Nov 28, 2023 18:11:15.698400",,50,,,,,,,,,,physicalInteraction7.pcapng
"Nov 28, 2023 18:11:15.701992",,50,,,,,,,,,,physicalInteraction7.pcapng
"Nov 28, 2023 18:11:15.705332",,50,,,,,,,,,,physicalInteraction7.pcapng
"Nov 28, 2023 18:11:16.726868",1.021536,74,0x4e11,0xffff,0x8841,9,0x4e11,0xfffc,0x1209,,,physicalInteraction7.pcapng
"Nov 28, 2023 18:11:17.015550",0.288682,74,0x3d95,0xffff,0x8841,165,0x3d95,0xfffc,0x1209,,,physicalInteraction7.pcapng
"Nov 28, 2023 18:11:18.435185",1.419635,74,0xec7f,0xffff,0x8841,153,0xec7f,0xfffc,0x1209,,,physicalInteraction7.pcapng
"Nov 28, 2023 18:11:20.785880",2.350695,74,0x0000,0xffff,0x8841,144,0x0000,0xfffc,0x1209,,,physicalInteraction7.pcapng
"Nov 28, 2023 18:11:23.128617",2.342737,74,0xe1a6,0xffff,0x8841,80,0xe1a6,0xfffc,0x1209,,,physicalInteraction7.pcapng
"Nov 28, 2023 18:11:23.154525",0.025908,74,0x711c,0xffff,0x8841,99,0x711c,0xfffc,0x1209,,,physicalInteraction7.pcapng
"Nov 28, 2023 18:11:24.170769",1.016244,74,0x0112,0xffff,0x8841,33,0x0112,0xfffc,0x1209,,,physicalInteraction7.pcapng
"Nov 28, 2023 18:11:25.077825",0.907056,65,0x1e15,0xffff,0x8841,207,0x1e15,0xfffc,0x1209,,,physicalInteraction7.pcapng
"Nov 28, 2023 18:11:25.419654",,60,,,,,,,,,,physicalInteraction7.pcapng
"Nov 28, 2023 18:11:25.421957",0.002303,5,,,0x0002,245,,,,,,physicalInteraction7.pcapng
"Nov 28, 2023 18:11:25.464274",,50,,,,,,,,,,physicalInteraction7.pcapng
"Nov 28, 2023 18:11:25.466257",0.001983,5,,,0x0002,145,,,,,,physicalInteraction7.pcapng
"Nov 28, 2023 18:11:25.470835",,50,,,,,,,,,,physicalInteraction7.pcapng
"Nov 28, 2023 18:11:25.472788",0.001953,5,,,0x0002,100,,,,,,physicalInteraction7.pcapng
"Nov 28, 2023 18:11:25.477679",,45,,,,,,,,,,physicalInteraction7.pcapng
"Nov 28, 2023 18:11:25.479502",0.001823,5,,,0x0002,246,,,,,,physicalInteraction7.pcapng
"Nov 28, 2023 18:11:26.384011",0.904509,74,0xb1bf,0xffff,0x8841,247,0xb1bf,0xfffc,0x1209,,,physicalInteraction7.pcapng
"Nov 28, 2023 18:11:27.757940",1.373929,74,0x5bb9,0xffff,0x8841,224,0x5bb9,0xfffc,0x1209,,,physicalInteraction7.pcapng
"Nov 28, 2023 18:11:29.730724",,57,,,,,,,,,,physicalInteraction7.pcapng
"Nov 28, 2023 18:11:29.732931",0.002207,5,,,0x0002,232,,,,,,physicalInteraction7.pcapng
"Nov 28, 2023 18:11:32.097596",2.364665,74,0x3d95,0xffff,0x8841,166,0x3d95,0xfffc,0x1209,,,physicalInteraction7.pcapng
"Nov 28, 2023 18:11:33.454302",1.356706,74,0x4e11,0xffff,0x8841,10,0x4e11,0xfffc,0x1209,,,physicalInteraction7.pcapng
"Nov 28, 2023 18:11:34.385888",0.931586,74,0xec7f,0xffff,0x8841,154,0xec7f,0xfffc,0x1209,,,physicalInteraction7.pcapng
"Nov 28, 2023 18:11:35.110544",0.724656,74,0x0000,0xffff,0x8841,146,0x0000,0xfffc,0x1209,,,physicalInteraction7.pcapng
"Nov 28, 2023 18:11:38.134389",3.023845,74,0xe1a6,0xffff,0x8841,81,0xe1a6,0xfffc,0x1209,,,physicalInteraction7.pcapng
"Nov 28, 2023 18:11:38.166642",,57,,,,,,,,,,physicalInteraction7.pcapng
"Nov 28, 2023 18:11:38.168849",0.002207,5,,,0x0002,82,,,,,,physicalInteraction7.pcapng
"Nov 28, 2023 18:11:38.208922",,50,,,,,,,,,,physicalInteraction7.pcapng
"Nov 28, 2023 18:11:38.210867",0.001945,5,,,0x0002,147,,,,,,physicalInteraction7.pcapng
"Nov 28, 2023 18:11:38.216145",,45,,,,,,,,,,physicalInteraction7.pcapng
"Nov 28, 2023 18:11:38.217968",0.001823,5,,,0x0002,83,,,,,,physicalInteraction7.pcapng
"Nov 28, 2023 18:11:38.230288",,63,,,,,,,,,,physicalInteraction7.pcapng
"Nov 28, 2023 18:11:38.232687",0.002399,5,,,0x0002,84,,,,,,physicalInteraction7.pcapng
"Nov 28, 2023 18:11:38.275604",,50,,,,,,,,,,physicalInteraction7.pcapng
"Nov 28, 2023 18:11:38.277555",0.001951,5,,,0x0002,148,,,,,,physicalInteraction7.pcapng
"Nov 28, 2023 18:11:38.282608",,45,,,,,,,,,,physicalInteraction7.pcapng
"Nov 28, 2023 18:11:38.284431",0.001823,5,,,0x0002,85,,,,,,physicalInteraction7.pcapng
"Nov 28, 2023 18:11:38.402815",0.118384,107,0x7757,0x6726,0x886b,101,,,,,,physicalInteraction7.pcapng
"Nov 28, 2023 18:11:39.168521",0.765706,74,0x0112,0xffff,0x8841,34,0x0112,0xfffc,0x1209,,,physicalInteraction7.pcapng
"Nov 28, 2023 18:11:40.103150",,52,,,,,,,,,,physicalInteraction7.pcapng
"Nov 28, 2023 18:11:40.105165",0.002015,5,,,0x0002,149,,,,,,physicalInteraction7.pcapng
"Nov 28, 2023 18:11:40.107539",0.002374,65,0x1e15,0xffff,0x8841,208,0x1e15,0xfffc,0x1209,,,physicalInteraction7.pcapng
"Nov 28, 2023 18:11:40.115149",,63,,,,,,,,,,physicalInteraction7.pcapng
"Nov 28, 2023 18:11:40.117548",0.002399,5,,,0x0002,86,,,,,,physicalInteraction7.pcapng
"Nov 28, 2023 18:11:40.140461",,52,,,,,,,,,,physicalInteraction7.pcapng
"Nov 28, 2023 18:11:40.142477",0.002016,5,,,0x0002,150,,,,,,physicalInteraction7.pcapng
"Nov 28, 2023 18:11:40.150142",,63,,,,,,,,,,physicalInteraction7.pcapng
"Nov 28, 2023 18:11:40.152541",0.002399,5,,,0x0002,167,,,,,,physicalInteraction7.pcapng
"Nov 28, 2023 18:11:40.153824",,45,,,,,,,,,,physicalInteraction7.pcapng
"Nov 28, 2023 18:11:40.155616",0.001792,5,,,0x0002,151,,,,,,physicalInteraction7.pcapng
"Nov 28, 2023 18:11:40.175476",,54,,,,,,,,,,physicalInteraction7.pcapng
"Nov 28, 2023 18:11:40.177556",0.002080,5,,,0x0002,152,,,,,,physicalInteraction7.pcapng
"Nov 28, 2023 18:11:40.185444",,66,,,,,,,,,,physicalInteraction7.pcapng
"Nov 28, 2023 18:11:40.187939",0.002495,5,,,0x0002,87,,,,,,physicalInteraction7.pcapng
"Nov 28, 2023 18:11:40.194859",,45,,,,,,,,,,physicalInteraction7.pcapng
"Nov 28, 2023 18:11:40.206251",,45,,,,,,,,,,physicalInteraction7.pcapng
"Nov 28, 2023 18:11:40.208044",0.001793,5,,,0x0002,153,,,,,,physicalInteraction7.pcapng
"Nov 28, 2023 18:11:40.214220",,54,,,,,,,,,,physicalInteraction7.pcapng
"Nov 28, 2023 18:11:40.216300",0.002080,5,,,0x0002,154,,,,,,physicalInteraction7.pcapng
"Nov 28, 2023 18:11:40.224070",,66,,,,,,,,,,physicalInteraction7.pcapng
"Nov 28, 2023 18:11:40.226565",0.002495,5,,,0x0002,168,,,,,,physicalInteraction7.pcapng
"Nov 28, 2023 18:11:40.235473",,54,,,,,,,,,,physicalInteraction7.pcapng
"Nov 28, 2023 18:11:40.237585",0.002112,5,,,0x0002,155,,,,,,physicalInteraction7.pcapng
"Nov 28, 2023 18:11:40.241704",,54,,,,,,,,,,physicalInteraction7.pcapng
"Nov 28, 2023 18:11:40.243785",0.002081,5,,,0x0002,102,,,,,,physicalInteraction7.pcapng
"Nov 28, 2023 18:11:40.248673",,45,,,,,,,,,,physicalInteraction7.pcapng
"Nov 28, 2023 18:11:40.250466",0.001793,5,,,0x0002,156,,,,,,physicalInteraction7.pcapng
"Nov 28, 2023 18:11:40.250988",,66,,,,,,,,,,physicalInteraction7.pcapng
"Nov 28, 2023 18:11:40.253483",0.002495,5,,,0x0002,248,,,,,,physicalInteraction7.pcapng
"Nov 28, 2023 18:11:40.259526",,52,,,,,,,,,,physicalInteraction7.pcapng
"Nov 28, 2023 18:11:40.261574",0.002048,5,,,0x0002,157,,,,,,physicalInteraction7.pcapng
"Nov 28, 2023 18:11:40.266270",,52,,,,,,,,,,physicalInteraction7.pcapng
"Nov 28, 2023 18:11:40.268286",0.002016,5,,,0x0002,103,,,,,,physicalInteraction7.pcapng
"Nov 28, 2023 18:11:40.275502",,63,,,,,,,,,,physicalInteraction7.pcapng
"Nov 28, 2023 18:11:40.277901",0.002399,5,,,0x0002,249,,,,,,physicalInteraction7.pcapng
"Nov 28, 2023 18:11:40.279415",,45,,,,,,,,,,physicalInteraction7.pcapng
"Nov 28, 2023 18:11:40.293888",,45,,,,,,,,,,physicalInteraction7.pcapng
"Nov 28, 2023 18:11:40.295712",0.001824,5,,,0x0002,159,,,,,,physicalInteraction7.pcapng
"Nov 28, 2023 18:11:40.300086",,45,,,,,,,,,,physicalInteraction7.pcapng
"Nov 28, 2023 18:11:40.301877",0.001791,5,,,0x0002,104,,,,,,physicalInteraction7.pcapng
"Nov 28, 2023 18:11:40.308912",,45,,,,,,,,,,physicalInteraction7.pcapng
"Nov 28, 2023 18:11:40.310735",0.001823,5,,,0x0002,160,,,,,,physicalInteraction7.pcapng
"Nov 28, 2023 18:11:40.314456",,45,,,,,,,,,,physicalInteraction7.pcapng
"Nov 28, 2023 18:11:40.316242",0.001786,5,,,0x0002,105,,,,,,physicalInteraction7.pcapng
"Nov 28, 2023 18:11:41.340356",1.024114,74,0xb1bf,0xffff,0x8841,250,0xb1bf,0xfffc,0x1209,,,physicalInteraction7.pcapng
"Nov 28, 2023 18:11:47.106493",5.766137,74,0x3d95,0xffff,0x8841,169,0x3d95,0xfffc,0x1209,,,physicalInteraction7.pcapng
"Nov 28, 2023 18:11:48.325402",1.218909,74,0xec7f,0xffff,0x8841,155,0xec7f,0xfffc,0x1209,,,physicalInteraction7.pcapng
"Nov 28, 2023 18:11:51.118755",2.793353,74,0x4e11,0xffff,0x8841,11,0x4e11,0xfffc,0x1209,,,physicalInteraction7.pcapng
"Nov 28, 2023 18:11:52.512114",1.393359,74,0x0000,0xffff,0x8841,161,0x0000,0xfffc,0x1209,,,physicalInteraction7.pcapng
"Nov 28, 2023 18:11:53.216407",0.704293,74,0xe1a6,0xffff,0x8841,88,0xe1a6,0xfffc,0x1209,,,physicalInteraction7.pcapng
"Nov 28, 2023 18:11:53.704612",0.488205,74,0x711c,0xffff,0x8841,106,0x711c,0xfffc,0x1209,,,physicalInteraction7.pcapng
"Nov 28, 2023 18:11:54.177154",0.472542,74,0x0112,0xffff,0x8841,35,0x0112,0xfffc,0x1209,,,physicalInteraction7.pcapng
"Nov 28, 2023 18:11:55.065281",0.888127,65,0x1e15,0xffff,0x8841,209,0x1e15,0xfffc,0x1209,,,physicalInteraction7.pcapng
"Nov 28, 2023 18:11:56.294645",1.229364,74,0xb1bf,0xffff,0x8841,251,0xb1bf,0xfffc,0x1209,,,physicalInteraction7.pcapng
"Nov 28, 2023 18:12:01.186649",4.892004,56,0x1209,0xffff,0x8838,225,,,,,,physicalInteraction7.pcapng
"Nov 28, 2023 18:12:01.454154",,54,,,,,,,,,,physicalInteraction7.pcapng
"Nov 28, 2023 18:12:01.456266",0.002112,5,,,0x0002,193,,,,,,physicalInteraction7.pcapng
"Nov 28, 2023 18:12:01.460648",0.004382,57,0x711c,0x0000,0x8861,107,0xd0bb,0x0000,0x1a09,,,physicalInteraction7.pcapng
"Nov 28, 2023 18:12:01.462855",0.002207,5,,,0x0002,107,,,,,,physicalInteraction7.pcapng
"Nov 28, 2023 18:12:01.507358",,54,,,,,,,,,,physicalInteraction7.pcapng
"Nov 28, 2023 18:12:01.509469",0.002111,5,,,0x0002,108,,,,,,physicalInteraction7.pcapng
"Nov 28, 2023 18:12:02.059952",0.550483,74,0x3d95,0xffff,0x8841,170,0x3d95,0xfffc,0x1209,,,physicalInteraction7.pcapng
"Nov 28, 2023 18:12:02.427388",0.367436,74,0xec7f,0xffff,0x8841,156,0xec7f,0xfffc,0x1209,,,physicalInteraction7.pcapng
"Nov 28, 2023 18:12:02.838827",0.411439,59,0xe818,0x5fe3,0x8841,7,,,,,,physicalInteraction7.pcapng
"Nov 28, 2023 18:12:03.287609",,55,,,,,,,,,,physicalInteraction7.pcapng
"Nov 28, 2023 18:12:03.289751",0.002142,5,,,0x0002,191,,,,,,physicalInteraction7.pcapng
"Nov 28, 2023 18:12:05.382204",,57,,,,,,,,,,physicalInteraction7.pcapng
"Nov 28, 2023 18:12:05.384411",0.002207,5,,,0x0002,233,,,,,,physicalInteraction7.pcapng
"Nov 28, 2023 18:12:07.126723",1.742312,74,0x0000,0xffff,0x8841,162,0x0000,0xfffc,0x1209,,,physicalInteraction7.pcapng
"Nov 28, 2023 18:12:08.105261",0.978538,74,0xe1a6,0xffff,0x8841,89,0xe1a6,0xfffc,0x1209,,,physicalInteraction7.pcapng
"Nov 28, 2023 18:12:08.304381",0.199120,74,0x4e11,0xffff,0x8841,12,0x4e11,0xfffc,0x1209,,,physicalInteraction7.pcapng
"Nov 28, 2023 18:12:09.175548",0.871167,94,0x0112,0xffff,0x885e,36,,,,,,physicalInteraction7.pcapng
"Nov 28, 2023 18:12:10.043224",0.867676,65,0x1e15,0xffff,0x8841,210,0x1e15,0xfffc,0x1209,,,physicalInteraction7.pcapng
"Nov 28, 2023 18:12:10.099182",0.055958,46,,,,,,,,,,physicalInteraction7.pcapng
"Nov 28, 2023 18:12:10.110919",,52,,,,,,,,,,physicalInteraction7.pcapng
"Nov 28, 2023 18:12:10.112936",0.002017,5,,,0x0002,163,,,,,,physicalInteraction7.pcapng
"Nov 28, 2023 18:12:10.120769",,63,,,,,,,,,,physicalInteraction7.pcapng
"Nov 28, 2023 18:12:10.123168",0.002399,5,,,0x0002,90,,,,,,physicalInteraction7.pcapng
"Nov 28, 2023 18:12:10.143362",,52,,,,,,,,,,physicalInteraction7.pcapng
"Nov 28, 2023 18:12:10.145377",0.002015,5,,,0x0002,164,,,,,,physicalInteraction7.pcapng
"Nov 28, 2023 18:12:10.153074",,63,,,,,,,,,,physicalInteraction7.pcapng
"Nov 28, 2023 18:12:10.155473",0.002399,5,,,0x0002,171,,,,,,physicalInteraction7.pcapng
"Nov 28, 2023 18:12:10.159963",,45,,,,,,,,,,physicalInteraction7.pcapng
"Nov 28, 2023 18:12:10.161756",0.001793,5,,,0x0002,165,,,,,,physicalInteraction7.pcapng
"Nov 28, 2023 18:12:10.178425",,54,,,,,,,,,,physicalInteraction7.pcapng
"Nov 28, 2023 18:12:10.180506",0.002081,5,,,0x0002,166,,,,,,physicalInteraction7.pcapng
"Nov 28, 2023 18:12:10.188404",,66,,,,,,,,,,physicalInteraction7.pcapng
"Nov 28, 2023 18:12:10.190899",0.002495,5,,,0x0002,91,,,,,,physicalInteraction7.pcapng
"Nov 28, 2023 18:12:10.199622",,45,,,,,,,,,,physicalInteraction7.pcapng
"Nov 28, 2023 18:12:10.207700",,45,,,,,,,,,,physicalInteraction7.pcapng
"Nov 28, 2023 18:12:10.209492",0.001792,5,,,0x0002,167,,,,,,physicalInteraction7.pcapng
"Nov 28, 2023 18:12:10.216289",,54,,,,,,,,,,physicalInteraction7.pcapng
"Nov 28, 2023 18:12:10.218370",0.002081,5,,,0x0002,168,,,,,,physicalInteraction7.pcapng
"Nov 28, 2023 18:12:10.226065",,66,,,,,,,,,,physicalInteraction7.pcapng
"Nov 28, 2023 18:12:10.228560",0.002495,5,,,0x0002,172,,,,,,physicalInteraction7.pcapng
"Nov 28, 2023 18:12:10.230061",,54,,,,,,,,,,physicalInteraction7.pcapng
"Nov 28, 2023 18:12:10.232172",0.002111,5,,,0x0202,169,,,,,,physicalInteraction7.pcapng
"Nov 28, 2023 18:12:10.237952",0.005780,5,,,0x0002,109,,,,,,physicalInteraction7.pcapng
"Nov 28, 2023 18:12:10.245104",,66,,,,,,,,,,physicalInteraction7.pcapng
"Nov 28, 2023 18:12:10.247599",0.002495,5,,,0x0002,252,,,,,,physicalInteraction7.pcapng
"Nov 28, 2023 18:12:10.251578",,45,,,,,,,,,,physicalInteraction7.pcapng
"Nov 28, 2023 18:12:10.253359",0.001781,5,,,0x0002,170,,,,,,physicalInteraction7.pcapng
"Nov 28, 2023 18:12:10.265348",,52,,,,,,,,,,physicalInteraction7.pcapng
"Nov 28, 2023 18:12:10.267395",0.002047,5,,,0x0002,171,,,,,,physicalInteraction7.pcapng
"Nov 28, 2023 18:12:10.269860",,52,,,,,,,,,,physicalInteraction7.pcapng
"Nov 28, 2023 18:12:10.271877",0.002017,5,,,0x0002,110,,,,,,physicalInteraction7.pcapng
"Nov 28, 2023 18:12:10.276900",,45,,,,,,,,,,physicalInteraction7.pcapng
"Nov 28, 2023 18:12:10.278693",0.001793,5,,,0x0002,172,,,,,,physicalInteraction7.pcapng
"Nov 28, 2023 18:12:10.279111",,63,,,,,,,,,,physicalInteraction7.pcapng
"Nov 28, 2023 18:12:10.281510",0.002399,5,,,0x0002,253,,,,,,physicalInteraction7.pcapng
"Nov 28, 2023 18:12:10.284187",,63,,,,,,,,,,physicalInteraction7.pcapng
"Nov 28, 2023 18:12:10.286586",0.002399,5,,,0x0002,253,,,,,,physicalInteraction7.pcapng
"Nov 28, 2023 18:12:10.288553",,45,,,,,,,,,,physicalInteraction7.pcapng
"Nov 28, 2023 18:12:10.290376",0.001823,5,,,0x0002,173,,,,,,physicalInteraction7.pcapng
"Nov 28, 2023 18:12:10.292729",,45,,,,,,,,,,physicalInteraction7.pcapng
"Nov 28, 2023 18:12:10.294515",0.001786,5,,,0x0002,111,,,,,,physicalInteraction7.pcapng
"Nov 28, 2023 18:12:10.298722",,45,,,,,,,,,,physicalInteraction7.pcapng
"Nov 28, 2023 18:12:10.300545",0.001823,5,,,0x0002,174,,,,,,physicalInteraction7.pcapng
"Nov 28, 2023 18:12:10.305159",,45,,,,,,,,,,physicalInteraction7.pcapng
"Nov 28, 2023 18:12:10.306951",0.001792,5,,,0x0002,112,,,,,,physicalInteraction7.pcapng
"Nov 28, 2023 18:12:10.530341",0.223390,74,0x711c,0xffff,0x8841,113,0x711c,0xfffc,0x1209,,,physicalInteraction7.pcapng
"Nov 28, 2023 18:12:11.338646",0.808305,74,0xb1bf,0xffff,0x8841,254,0xb1bf,0xfffc,0x1209,,,physicalInteraction7.pcapng
"Nov 28, 2023 18:12:12.154391",0.815745,55,0x4e11,0x0000,0x8861,13,0x4e11,0x0000,0x1a09,,,physicalInteraction7.pcapng
"Nov 28, 2023 18:12:12.156534",0.002143,5,,,0x0002,13,,,,,,physicalInteraction7.pcapng
"Nov 28, 2023 18:12:12.199932",,52,,,,,,,,,,physicalInteraction7.pcapng
"Nov 28, 2023 18:12:12.201979",0.002047,5,,,0x0002,14,,,,,,physicalInteraction7.pcapng
"Nov 28, 2023 18:12:12.215105",,45,,,,,,,,,,physicalInteraction7.pcapng
"Nov 28, 2023 18:12:12.216928",0.001823,5,,,0x0002,175,,,,,,physicalInteraction7.pcapng
"Nov 28, 2023 18:12:12.241760",,50,,,,,,,,,,physicalInteraction7.pcapng
"Nov 28, 2023 18:12:12.243743",0.001983,5,,,0x0002,176,,,,,,physicalInteraction7.pcapng
"Nov 28, 2023 18:12:12.250022",0.006279,55,0x4e11,0x0000,0x8861,15,0x4e11,0x0000,0x1a09,,,physicalInteraction7.pcapng
"Nov 28, 2023 18:12:12.252165",0.002143,5,,,0x0002,15,,,,,,physicalInteraction7.pcapng
"Nov 28, 2023 18:12:12.297492",,45,,,,,,,,,,physicalInteraction7.pcapng
"Nov 28, 2023 18:12:12.299315",0.001823,5,,,0x0002,16,,,,,,physicalInteraction7.pcapng
"Nov 28, 2023 18:12:13.847829",,50,,,,,,,,,,physicalInteraction7.pcapng
"Nov 28, 2023 18:12:13.849812",0.001983,5,,,0x0002,177,,,,,,physicalInteraction7.pcapng
"Nov 28, 2023 18:12:13.853102",0.003290,55,0x711c,0x0000,0x8861,114,0x711c,0x0000,0x1a09,,,physicalInteraction7.pcapng
"Nov 28, 2023 18:12:13.855245",0.002143,5,,,0x0002,114,,,,,,physicalInteraction7.pcapng
"Nov 28, 2023 18:12:13.903278",,53,,,,,,,,,,physicalInteraction7.pcapng
"Nov 28, 2023 18:12:13.905356",0.002078,5,,,0x0002,115,,,,,,physicalInteraction7.pcapng
"Nov 28, 2023 18:12:13.942737",,50,,,,,,,,,,physicalInteraction7.pcapng
"Nov 28, 2023 18:12:13.944720",0.001983,5,,,0x0002,178,,,,,,physicalInteraction7.pcapng
"Nov 28, 2023 18:12:13.948485",0.003765,55,0x711c,0x0000,0x8861,116,0x711c,0x0000,0x1a09,,,physicalInteraction7.pcapng
"Nov 28, 2023 18:12:13.950627",0.002142,5,,,0x0002,116,,,,,,physicalInteraction7.pcapng
"Nov 28, 2023 18:12:13.998128",,53,,,,,,,,,,physicalInteraction7.pcapng
"Nov 28, 2023 18:12:14.000206",0.002078,5,,,0x0002,117,,,,,,physicalInteraction7.pcapng
"Nov 28, 2023 18:12:17.075179",3.074973,74,0x3d95,0xffff,0x8841,173,0x3d95,0xfffc,0x1209,,,physicalInteraction7.pcapng
"Nov 28, 2023 18:12:17.333359",0.258180,74,0xec7f,0xffff,0x8841,157,0xec7f,0xfffc,0x1209,,,physicalInteraction7.pcapng
"Nov 28, 2023 18:12:17.447901",0.114542,74,0x5bb9,0xffff,0x8841,227,0x5bb9,0xfffc,0x1209,,,physicalInteraction7.pcapng
"Nov 28, 2023 18:12:21.705404",,60,,,,,,,,,,physicalInteraction7.pcapng
"Nov 28, 2023 18:12:21.707707",0.002303,5,,,0x0002,174,,,,,,physicalInteraction7.pcapng
"Nov 28, 2023 18:12:21.747755",,50,,,,,,,,,,physicalInteraction7.pcapng
"Nov 28, 2023 18:12:21.749709",0.001954,5,,,0x0002,179,,,,,,physicalInteraction7.pcapng
"Nov 28, 2023 18:12:21.755087",,45,,,,,,,,,,physicalInteraction7.pcapng
"Nov 28, 2023 18:12:21.756910",0.001823,5,,,0x0002,175,,,,,,physicalInteraction7.pcapng
"Nov 28, 2023 18:12:23.220028",1.463118,74,0xe1a6,0xffff,0x8841,92,0xe1a6,0xfffc,0x1209,,,physicalInteraction7.pcapng
"Nov 28, 2023 18:12:23.803843",0.583815,74,0x0000,0xffff,0x8841,180,0x0000,0xfffc,0x1209,,,physicalInteraction7.pcapng
"Nov 28, 2023 18:12:24.172980",0.369137,74,0x0112,0xffff,0x8841,37,0x0112,0xfffc,0x1209,,,physicalInteraction7.pcapng
"Nov 28, 2023 18:12:25.047951",0.874971,107,0x1e15,0xffff,0x886b,211,,,,,,physicalInteraction7.pcapng
"Nov 28, 2023 18:12:25.894238",0.846287,74,0x4e11,0xffff,0x8841,17,0x4e11,0xfffc,0x1209,,,physicalInteraction7.pcapng
"Nov 28, 2023 18:12:26.295130",,53,,,,,,,,,,physicalInteraction7.pcapng
"Nov 28, 2023 18:12:26.297209",0.002079,5,,,0x0002,255,,,,,,physicalInteraction7.pcapng
"Nov 28, 2023 18:12:26.301277",0.004068,5,,,0x0002,0,,,,,,physicalInteraction7.pcapng
"Nov 28, 2023 18:12:26.305012",0.003735,5,,,0x0002,1,,,,,,physicalInteraction7.pcapng
"Nov 28, 2023 18:12:26.305956",0.000944,53,0xb1bf,0x0000,0x8861,2,,,,,,physicalInteraction7.pcapng
"Nov 28, 2023 18:12:26.308035",0.002079,5,,,0x0002,2,,,,,,physicalInteraction7.pcapng
"Nov 28, 2023 18:12:26.310660",0.002625,53,0xb1bf,0x0000,0x8861,2,,,,,,physicalInteraction7.pcapng
"Nov 28, 2023 18:12:26.317418",0.006758,5,,,0x0002,2,,,,,,physicalInteraction7.pcapng
"Nov 28, 2023 18:12:26.331771",0.014353,74,0x711c,0xffff,0x8841,118,0x711c,0xfffc,0x1209,,,physicalInteraction7.pcapng
"Nov 28, 2023 18:12:26.335186",,45,,,,,,,,,,physicalInteraction7.pcapng
"Nov 28, 2023 18:12:26.337009",0.001823,5,,,0x0002,181,,,,,,physicalInteraction7.pcapng
"Nov 28, 2023 18:12:26.341112",,45,,,,,,,,,,physicalInteraction7.pcapng
"Nov 28, 2023 18:12:26.342903",0.001791,5,,,0x0002,119,,,,,,physicalInteraction7.pcapng
"Nov 28, 2023 18:12:26.345660",,45,,,,,,,,,,physicalInteraction7.pcapng
"Nov 28, 2023 18:12:26.347484",0.001824,5,,,0x0002,182,,,,,,physicalInteraction7.pcapng
"Nov 28, 2023 18:12:26.350996",,45,,,,,,,,,,physicalInteraction7.pcapng
"Nov 28, 2023 18:12:26.352790",0.001794,5,,,0x0002,120,,,,,,physicalInteraction7.pcapng
"Nov 28, 2023 18:12:26.355695",,45,,,,,,,,,,physicalInteraction7.pcapng
"Nov 28, 2023 18:12:26.357518",0.001823,5,,,0x0002,183,,,,,,physicalInteraction7.pcapng
"Nov 28, 2023 18:12:26.359271",0.001753,74,0xb1bf,0xffff,0x8841,3,0xb1bf,0xfffc,0x1209,,,physicalInteraction7.pcapng
"Nov 28, 2023 18:12:26.362502",,45,,,,,,,,,,physicalInteraction7.pcapng
"Nov 28, 2023 18:12:26.364325",0.001823,5,,,0x0002,184,,,,,,physicalInteraction7.pcapng
"Nov 28, 2023 18:12:26.368968",,45,,,,,,,,,,physicalInteraction7.pcapng
"Nov 28, 2023 18:12:26.370762",0.001794,5,,,0x0002,121,,,,,,physicalInteraction7.pcapng
"Nov 28, 2023 18:12:26.373741",,45,,,,,,,,,,physicalInteraction7.pcapng
"Nov 28, 2023 18:12:26.375522",0.001781,5,,,0x0002,122,,,,,,physicalInteraction7.pcapng
"Nov 28, 2023 18:12:31.823864",5.448342,74,0x5bb9,0xffff,0x8841,228,0x5bb9,0xfffc,0x1209,,,physicalInteraction7.pcapng
"Nov 28, 2023 18:12:32.077655",0.253791,74,0x3d95,0xffff,0x8841,176,0x3d95,0xfffc,0x1209,,,physicalInteraction7.pcapng
"Nov 28, 2023 18:12:35.243629",3.165974,74,0xec7f,0xffff,0x8841,158,0xec7f,0xfffc,0x1209,,,physicalInteraction7.pcapng
"Nov 28, 2023 18:12:38.222667",2.979038,74,0xe1a6,0xffff,0x8841,93,0xe1a6,0xfffc,0x1209,,,physicalInteraction7.pcapng
"Nov 28, 2023 18:12:38.647841",0.425174,74,0x0000,0xffff,0x8841,185,0x0000,0xfffc,0x1209,,,physicalInteraction7.pcapng
"Nov 28, 2023 18:12:39.187692",0.539851,74,0x0112,0xffff,0x8841,38,0x0112,0xfffc,0x1209,,,physicalInteraction7.pcapng
"Nov 28, 2023 18:12:40.070654",0.882962,65,0x1e15,0xffff,0x8841,212,0x1e15,0xfffc,0x1209,,,physicalInteraction7.pcapng
"Nov 28, 2023 18:12:40.109996",,52,,,,,,,,,,physicalInteraction7.pcapng
"Nov 28, 2023 18:12:40.112012",0.002016,5,,,0x0002,186,,,,,,physicalInteraction7.pcapng
"Nov 28, 2023 18:12:40.119640",,63,,,,,,,,,,physicalInteraction7.pcapng
"Nov 28, 2023 18:12:40.122039",0.002399,5,,,0x0002,94,,,,,,physicalInteraction7.pcapng
"Nov 28, 2023 18:12:40.145481",,52,,,,,,,,,,physicalInteraction7.pcapng
"Nov 28, 2023 18:12:40.147496",0.002015,5,,,0x0002,187,,,,,,physicalInteraction7.pcapng
"Nov 28, 2023 18:12:40.155251",,63,,,,,,,,,,physicalInteraction7.pcapng
"Nov 28, 2023 18:12:40.157650",0.002399,5,,,0x0002,177,,,,,,physicalInteraction7.pcapng
"Nov 28, 2023 18:12:40.167199",,45,,,,,,,,,,physicalInteraction7.pcapng
"Nov 28, 2023 18:12:40.168992",0.001793,5,,,0x0002,188,,,,,,physicalInteraction7.pcapng
"Nov 28, 2023 18:12:40.178988",,54,,,,,,,,,,physicalInteraction7.pcapng
"Nov 28, 2023 18:12:40.181069",0.002081,5,,,0x0002,189,,,,,,physicalInteraction7.pcapng
"Nov 28, 2023 18:12:40.188792",,66,,,,,,,,,,physicalInteraction7.pcapng
"Nov 28, 2023 18:12:40.191287",0.002495,5,,,0x0002,95,,,,,,physicalInteraction7.pcapng
"Nov 28, 2023 18:12:40.213585",,45,,,,,,,,,,physicalInteraction7.pcapng
"Nov 28, 2023 18:12:40.215369",0.001784,5,,,0x0002,190,,,,,,physicalInteraction7.pcapng
"Nov 28, 2023 18:12:40.220666",,54,,,,,,,,,,physicalInteraction7.pcapng
"Nov 28, 2023 18:12:40.222747",0.002081,5,,,0x0002,191,,,,,,physicalInteraction7.pcapng
"Nov 28, 2023 18:12:40.230626",,66,,,,,,,,,,physicalInteraction7.pcapng
"Nov 28, 2023 18:12:40.233121",0.002495,5,,,0x0002,178,,,,,,physicalInteraction7.pcapng
"Nov 28, 2023 18:12:40.233917",,54,,,,,,,,,,physicalInteraction7.pcapng
"Nov 28, 2023 18:12:40.236029",0.002112,5,,,0x0002,192,,,,,,physicalInteraction7.pcapng
"Nov 28, 2023 18:12:40.239056",,54,,,,,,,,,,physicalInteraction7.pcapng
"Nov 28, 2023 18:12:40.241126",0.002070,5,,,0x0002,123,,,,,,physicalInteraction7.pcapng
"Nov 28, 2023 18:12:40.248285",,66,,,,,,,,,,physicalInteraction7.pcapng
"Nov 28, 2023 18:12:40.250780",0.002495,5,,,0x0002,4,,,,,,physicalInteraction7.pcapng
"Nov 28, 2023 18:12:40.267654",,45,,,,,,,,,,physicalInteraction7.pcapng
"Nov 28, 2023 18:12:40.269447",0.001793,5,,,0x0002,193,,,,,,physicalInteraction7.pcapng
"Nov 28, 2023 18:12:40.273836",,52,,,,,,,,,,physicalInteraction7.pcapng
"Nov 28, 2023 18:12:40.275883",0.002047,5,,,0x0002,194,,,,,,physicalInteraction7.pcapng
"Nov 28, 2023 18:12:40.279695",,52,,,,,,,,,,physicalInteraction7.pcapng
"Nov 28, 2023 18:12:40.281711",0.002016,5,,,0x0002,124,,,,,,physicalInteraction7.pcapng
"Nov 28, 2023 18:12:40.285592",,45,,,,,,,,,,physicalInteraction7.pcapng
"Nov 28, 2023 18:12:40.287373",0.001781,5,,,0x0002,195,,,,,,physicalInteraction7.pcapng
"Nov 28, 2023 18:12:40.288940",,63,,,,,,,,,,physicalInteraction7.pcapng
"Nov 28, 2023 18:12:40.291339",0.002399,5,,,0x0002,5,,,,,,physicalInteraction7.pcapng
"Nov 28, 2023 18:12:40.296207",,45,,,,,,,,,,physicalInteraction7.pcapng
"Nov 28, 2023 18:12:40.298031",0.001824,5,,,0x0002,196,,,,,,physicalInteraction7.pcapng
"Nov 28, 2023 18:12:40.301460",,45,,,,,,,,,,physicalInteraction7.pcapng
"Nov 28, 2023 18:12:40.303253",0.001793,5,,,0x0002,125,,,,,,physicalInteraction7.pcapng
"Nov 28, 2023 18:12:40.307697",,45,,,,,,,,,,physicalInteraction7.pcapng
"Nov 28, 2023 18:12:40.311854",,45,,,,,,,,,,physicalInteraction7.pcapng
"Nov 28, 2023 18:12:40.313677",0.001823,5,,,0x0002,197,,,,,,physicalInteraction7.pcapng
"Nov 28, 2023 18:12:40.317002",,45,,,,,,,,,,physicalInteraction7.pcapng
"Nov 28, 2023 18:12:40.318793",0.001791,5,,,0x0002,126,,,,,,physicalInteraction7.pcapng
"Nov 28, 2023 18:12:41.392758",1.073965,74,0xb1bf,0xffff,0x8841,6,0xb1bf,0xfffc,0x1209,,,physicalInteraction7.pcapng
"Nov 28, 2023 18:12:42.446857",1.054099,74,0x711c,0xffff,0x8841,127,0x711c,0xfffc,0x1209,,,physicalInteraction7.pcapng
"Nov 28, 2023 18:12:42.493527",0.046670,74,0x4e11,0xffff,0x8841,18,0x4e11,0xfffc,0x1209,,,physicalInteraction7.pcapng
"Nov 28, 2023 18:12:46.803831",4.310304,74,0x5bb9,0xffff,0x8841,229,0x5bb9,0xfffc,0x1209,,,physicalInteraction7.pcapng
"Nov 28, 2023 18:12:47.020762",0.216931,74,0x3d95,0xffff,0x8841,179,0x3d95,0xfffc,0x1209,,,physicalInteraction7.pcapng
"Nov 28, 2023 18:12:52.739765",5.719003,74,0xec7f,0xffff,0x8841,159,0xec7f,0xfffc,0x1209,,,physicalInteraction7.pcapng
"Nov 28, 2023 18:12:52.784380",0.044615,74,0x0000,0xffff,0x8841,198,0x0000,0xfffc,0x1209,,,physicalInteraction7.pcapng
"Nov 28, 2023 18:12:53.183622",0.399242,74,0xe1a6,0xffff,0x8841,96,0xe1a6,0xfffc,0x1209,,,physicalInteraction7.pcapng
"Nov 28, 2023 18:12:54.178401",0.994779,71,0x0112,0xffff,0x8841,39,0x0112,0xfffc,0x1209,,,physicalInteraction7.pcapng
"Nov 28, 2023 18:12:55.157583",0.979182,65,0x1e15,0xffff,0x8841,213,0x1e15,0xfffc,0x1209,,,physicalInteraction7.pcapng
"Nov 28, 2023 18:12:56.304119",1.146536,74,0xb1bf,0xffff,0x8841,7,0xb1bf,0xfffc,0x1209,,,physicalInteraction7.pcapng
"Nov 28, 2023 18:12:56.758426",0.454307,74,0x711c,0xffff,0x8841,128,0x711c,0xfffc,0x1209,,,physicalInteraction7.pcapng
"Nov 28, 2023 18:12:59.158412",2.399986,74,0x4e11,0xffff,0x8841,19,0x4e11,0xfffc,0x1209,,,physicalInteraction7.pcapng
"Nov 28, 2023 18:13:02.057580",2.899168,74,0x3d95,0xffff,0x8841,180,0x3d95,0xfffc,0x1209,,,physicalInteraction7.pcapng
"Nov 28, 2023 18:13:04.261327",2.203747,107,0x5bb9,0xf6e6,0x886b,230,,,,,,physicalInteraction7.pcapng
"Nov 28, 2023 18:13:08.184273",3.922946,74,0xe1a6,0xffff,0x8841,97,0xe1a6,0xfffc,0x1209,,,physicalInteraction7.pcapng
"Nov 28, 2023 18:13:08.719907",0.535634,74,0xec7f,0xffff,0x8841,160,0xec7f,0xfffc,0x1209,,,physicalInteraction7.pcapng
"Nov 28, 2023 18:13:09.175193",0.455286,74,0x0112,0xffff,0x8841,40,0x0112,0xfffc,0x1209,,,physicalInteraction7.pcapng
"Nov 28, 2023 18:13:10.112507",,52,,,,,,,,,,physicalInteraction7.pcapng
"Nov 28, 2023 18:13:10.114524",0.002017,5,,,0x0002,199,,,,,,physicalInteraction7.pcapng
"Nov 28, 2023 18:13:10.122521",,63,,,,,,,,,,physicalInteraction7.pcapng
"Nov 28, 2023 18:13:10.124920",0.002399,5,,,0x0002,98,,,,,,physicalInteraction7.pcapng
"Nov 28, 2023 18:13:10.147223",,52,,,,,,,,,,physicalInteraction7.pcapng
"Nov 28, 2023 18:13:10.149238",0.002015,5,,,0x0002,200,,,,,,physicalInteraction7.pcapng
"Nov 28, 2023 18:13:10.157022",,63,,,,,,,,,,physicalInteraction7.pcapng
"Nov 28, 2023 18:13:10.159421",0.002399,5,,,0x0002,181,,,,,,physicalInteraction7.pcapng
"Nov 28, 2023 18:13:10.160499",,45,,,,,,,,,,physicalInteraction7.pcapng
"Nov 28, 2023 18:13:10.162292",0.001793,5,,,0x0002,201,,,,,,physicalInteraction7.pcapng
"Nov 28, 2023 18:13:10.181853",,54,,,,,,,,,,physicalInteraction7.pcapng
"Nov 28, 2023 18:13:10.183924",0.002071,5,,,0x0002,202,,,,,,physicalInteraction7.pcapng
"Nov 28, 2023 18:13:10.192160",,66,,,,,,,,,,physicalInteraction7.pcapng
"Nov 28, 2023 18:13:10.194655",0.002495,5,,,0x0002,99,,,,,,physicalInteraction7.pcapng
"Nov 28, 2023 18:13:10.195702",,45,,,,,,,,,,physicalInteraction7.pcapng
"Nov 28, 2023 18:13:10.197493",0.001791,5,,,0x0002,71,,,,,,physicalInteraction7.pcapng
"Nov 28, 2023 18:13:10.203176",,45,,,,,,,,,,physicalInteraction7.pcapng
"Nov 28, 2023 18:13:10.204969",0.001793,5,,,0x0002,203,,,,,,physicalInteraction7.pcapng
"Nov 28, 2023 18:13:10.221885",,54,,,,,,,,,,physicalInteraction7.pcapng
"Nov 28, 2023 18:13:10.223965",0.002080,5,,,0x0002,204,,,,,,physicalInteraction7.pcapng
"Nov 28, 2023 18:13:10.231872",,66,,,,,,,,,,physicalInteraction7.pcapng
"Nov 28, 2023 18:13:10.234367",0.002495,5,,,0x0002,182,,,,,,physicalInteraction7.pcapng
"Nov 28, 2023 18:13:10.235332",,54,,,,,,,,,,physicalInteraction7.pcapng
"Nov 28, 2023 18:13:10.237443",0.002111,5,,,0x0002,205,,,,,,physicalInteraction7.pcapng
"Nov 28, 2023 18:13:10.246452",0.009009,54,0x711c,0xb1bf,0x8861,129,,,,,,physicalInteraction7.pcapng
"Nov 28, 2023 18:13:10.256046",,45,,,,,,,,,,physicalInteraction7.pcapng
"Nov 28, 2023 18:13:10.257838",0.001792,5,,,0x0002,206,,,,,,physicalInteraction7.pcapng
"Nov 28, 2023 18:13:10.258141",0.000303,5,,,0x0002,129,,,,,,physicalInteraction7.pcapng
"Nov 28, 2023 18:13:10.265232",,52,,,,,,,,,,physicalInteraction7.pcapng
"Nov 28, 2023 18:13:10.268961",,52,,,,,,,,,,physicalInteraction7.pcapng
"Nov 28, 2023 18:13:10.273024",,52,,,,,,,,,,physicalInteraction7.pcapng
"Nov 28, 2023 18:13:10.275512",,66,,,,,,,,,,physicalInteraction7.pcapng
"Nov 28, 2023 18:13:10.278007",0.002495,5,,,0x0002,8,,,,,,physicalInteraction7.pcapng
"Nov 28, 2023 18:13:10.282372",,52,,,,,,,,,,physicalInteraction7.pcapng
"Nov 28, 2023 18:13:10.284419",0.002047,5,,,0x0002,207,,,,,,physicalInteraction7.pcapng
"Nov 28, 2023 18:13:10.288779",,52,,,,,,,,,,physicalInteraction7.pcapng
"Nov 28, 2023 18:13:10.290784",0.002005,5,,,0x0002,130,,,,,,physicalInteraction7.pcapng
"Nov 28, 2023 18:13:10.298389",,45,,,,,,,,,,physicalInteraction7.pcapng
"Nov 28, 2023 18:13:10.300182",0.001793,5,,,0x0002,208,,,,,,physicalInteraction7.pcapng
"Nov 28, 2023 18:13:10.303530",,63,,,,,,,,,,physicalInteraction7.pcapng
"Nov 28, 2023 18:13:10.305929",0.002399,5,,,0x0002,9,,,,,,physicalInteraction7.pcapng
"Nov 28, 2023 18:13:10.311509",,45,,,,,,,,,,physicalInteraction7.pcapng
"Nov 28, 2023 18:13:10.317754",,45,,,,,,,,,,physicalInteraction7.pcapng
"Nov 28, 2023 18:13:10.319577",0.001823,5,,,0x0002,209,,,,,,physicalInteraction7.pcapng
"Nov 28, 2023 18:13:10.321953",,45,,,,,,,,,,physicalInteraction7.pcapng
"Nov 28, 2023 18:13:10.323740",0.001787,5,,,0x0002,131,,,,,,physicalInteraction7.pcapng
"Nov 28, 2023 18:13:10.325433",0.001693,74,0x0000,0xffff,0x8841,210,0x0000,0xfffc,0x1209,,,physicalInteraction7.pcapng
"Nov 28, 2023 18:13:10.333021",,45,,,,,,,,,,physicalInteraction7.pcapng
"Nov 28, 2023 18:13:10.334844",0.001823,5,,,0x0002,211,,,,,,physicalInteraction7.pcapng
"Nov 28, 2023 18:13:10.338293",,45,,,,,,,,,,physicalInteraction7.pcapng
"Nov 28, 2023 18:13:10.340085",0.001792,5,,,0x0002,132,,,,,,physicalInteraction7.pcapng
"Nov 28, 2023 18:13:11.320862",0.980777,74,0xb1bf,0xffff,0x8841,10,0xb1bf,0xfffc,0x1209,,,physicalInteraction7.pcapng
"Nov 28, 2023 18:13:11.678393",0.357531,74,0x711c,0xffff,0x8841,133,0x711c,0xfffc,0x1209,,,physicalInteraction7.pcapng
"Nov 28, 2023 18:13:13.366017",,54,,,,,,,,,,physicalInteraction7.pcapng
"Nov 28, 2023 18:13:13.368129",0.002112,5,,,0x0002,194,,,,,,physicalInteraction7.pcapng
"Nov 28, 2023 18:13:13.372795",0.004666,57,0x711c,0x0000,0x8861,134,0xd0bb,0x0000,0x1a09,,,physicalInteraction7.pcapng
"Nov 28, 2023 18:13:13.375002",0.002207,5,,,0x0002,134,,,,,,physicalInteraction7.pcapng
"Nov 28, 2023 18:13:13.419030",,54,,,,,,,,,,physicalInteraction7.pcapng
"Nov 28, 2023 18:13:13.421141",0.002111,5,,,0x0002,135,,,,,,physicalInteraction7.pcapng
"Nov 28, 2023 18:13:16.281053",2.859912,74,0x4e11,0xffff,0x8841,20,0x4e11,0xfffc,0x1209,,,physicalInteraction7.pcapng
"Nov 28, 2023 18:13:17.039080",0.758027,74,0x3d95,0xffff,0x8841,183,0x3d95,0xfffc,0x1209,,,physicalInteraction7.pcapng
"Nov 28, 2023 18:13:19.213007",2.173927,74,0x5bb9,0xffff,0x8841,231,0x5bb9,0xfffc,0x1209,,,physicalInteraction7.pcapng
"Nov 28, 2023 18:13:22.778208",3.565201,74,0xec7f,0xffff,0x8841,161,0xec7f,0xfffc,0x1209,,,physicalInteraction7.pcapng
"Nov 28, 2023 18:13:23.210043",0.431835,74,0xe1a6,0xffff,0x8841,100,0xe1a6,0xfffc,0x1209,,,physicalInteraction7.pcapng
"Nov 28, 2023 18:13:24.179986",0.969943,74,0x0112,0xffff,0x8841,41,0x0112,0xfffc,0x1209,,,physicalInteraction7.pcapng
"Nov 28, 2023 18:13:24.985873",0.805887,74,0x0000,0xffff,0x8841,212,0x0000,0xfffc,0x1209,,,physicalInteraction7.pcapng
"Nov 28, 2023 18:13:25.044482",0.058609,65,0x1e15,0xffff,0x8841,215,0x1e15,0xfffc,0x1209,,,physicalInteraction7.pcapng
"Nov 28, 2023 18:13:26.309663",1.265181,74,0xb1bf,0xffff,0x8841,11,0xb1bf,0xfffc,0x1209,,,physicalInteraction7.pcapng
"Nov 28, 2023 18:13:26.620640",0.310977,74,0x711c,0xffff,0x8841,136,0x711c,0xfffc,0x1209,,,physicalInteraction7.pcapng
"Nov 28, 2023 18:13:32.052252",5.431612,74,0x3d95,0xffff,0x8841,184,0x3d95,0xfffc,0x1209,,,physicalInteraction7.pcapng
"Nov 28, 2023 18:13:33.450705",1.398453,74,0x4e11,0xffff,0x8841,21,0x4e11,0xfffc,0x1209,,,physicalInteraction7.pcapng
"Nov 28, 2023 18:13:36.504001",3.053296,74,0x5bb9,0xffff,0x8841,232,0x5bb9,0xfffc,0x1209,,,physicalInteraction7.pcapng
"Nov 28, 2023 18:13:37.388074",0.884073,74,0xec7f,0xffff,0x8841,162,0xec7f,0xfffc,0x1209,,,physicalInteraction7.pcapng
"Nov 28, 2023 18:13:38.136052",0.747978,74,0xe1a6,0xffff,0x8841,101,0xe1a6,0xfffc,0x1209,,,physicalInteraction7.pcapng
"Nov 28, 2023 18:13:39.178057",1.042005,74,0x0112,0xffff,0x8841,42,0x0112,0xfffc,0x1209,,,physicalInteraction7.pcapng
"Nov 28, 2023 18:13:40.086377",0.908320,65,0x1e15,0xffff,0x8841,216,0x1e15,0xfffc,0x1209,,,physicalInteraction7.pcapng
"Nov 28, 2023 18:13:40.118669",,52,,,,,,,,,,physicalInteraction7.pcapng
"Nov 28, 2023 18:13:40.120686",0.002017,5,,,0x0002,213,,,,,,physicalInteraction7.pcapng
"Nov 28, 2023 18:13:40.128496",,63,,,,,,,,,,physicalInteraction7.pcapng
"Nov 28, 2023 18:13:40.130895",0.002399,5,,,0x0002,102,,,,,,physicalInteraction7.pcapng
"Nov 28, 2023 18:13:40.155150",,52,,,,,,,,,,physicalInteraction7.pcapng
"Nov 28, 2023 18:13:40.157165",0.002015,5,,,0x0002,214,,,,,,physicalInteraction7.pcapng
"Nov 28, 2023 18:13:40.164862",,63,,,,,,,,,,physicalInteraction7.pcapng
"Nov 28, 2023 18:13:40.167261",0.002399,5,,,0x0002,185,,,,,,physicalInteraction7.pcapng
"Nov 28, 2023 18:13:40.168083",,45,,,,,,,,,,physicalInteraction7.pcapng
"Nov 28, 2023 18:13:40.169876",0.001793,5,,,0x0002,215,,,,,,physicalInteraction7.pcapng
"Nov 28, 2023 18:13:40.189842",,54,,,,,,,,,,physicalInteraction7.pcapng
"Nov 28, 2023 18:13:40.191925",0.002083,5,,,0x0002,216,,,,,,physicalInteraction7.pcapng
"Nov 28, 2023 18:13:40.199553",,66,,,,,,,,,,physicalInteraction7.pcapng
"Nov 28, 2023 18:13:40.202047",0.002494,5,,,0x0002,103,,,,,,physicalInteraction7.pcapng
"Nov 28, 2023 18:13:40.203897",,45,,,,,,,,,,physicalInteraction7.pcapng
"Nov 28, 2023 18:13:40.205689",0.001792,5,,,0x0002,217,,,,,,physicalInteraction7.pcapng
"Nov 28, 2023 18:13:40.227357",,54,,,,,,,,,,physicalInteraction7.pcapng
"Nov 28, 2023 18:13:40.229438",0.002081,5,,,0x0002,218,,,,,,physicalInteraction7.pcapng
"Nov 28, 2023 18:13:40.237257",,66,,,,,,,,,,physicalInteraction7.pcapng
"Nov 28, 2023 18:13:40.239752",0.002495,5,,,0x0002,186,,,,,,physicalInteraction7.pcapng
"Nov 28, 2023 18:13:40.243874",,54,,,,,,,,,,physicalInteraction7.pcapng
"Nov 28, 2023 18:13:40.248779",0.004905,54,0x711c,0xb1bf,0x8861,137,,,,,,physicalInteraction7.pcapng
"Nov 28, 2023 18:13:40.250859",0.002080,5,,,0x0002,137,,,,,,physicalInteraction7.pcapng
"Nov 28, 2023 18:13:40.258744",,66,,,,,,,,,,physicalInteraction7.pcapng
"Nov 28, 2023 18:13:40.261239",0.002495,5,,,0x0002,12,,,,,,physicalInteraction7.pcapng
"Nov 28, 2023 18:13:40.263494",,45,,,,,,,,,,physicalInteraction7.pcapng
"Nov 28, 2023 18:13:40.265276",0.001782,5,,,0x0002,220,,,,,,physicalInteraction7.pcapng
"Nov 28, 2023 18:13:40.277015",,52,,,,,,,,,,physicalInteraction7.pcapng
"Nov 28, 2023 18:13:40.279062",0.002047,5,,,0x0002,221,,,,,,physicalInteraction7.pcapng
"Nov 28, 2023 18:13:40.283791",,52,,,,,,,,,,physicalInteraction7.pcapng
"Nov 28, 2023 18:13:40.285806",0.002015,5,,,0x0002,138,,,,,,physicalInteraction7.pcapng
"Nov 28, 2023 18:13:40.287807",,45,,,,,,,,,,physicalInteraction7.pcapng
"Nov 28, 2023 18:13:40.289598",0.001791,5,,,0x0002,222,,,,,,physicalInteraction7.pcapng
"Nov 28, 2023 18:13:40.292884",,63,,,,,,,,,,physicalInteraction7.pcapng
"Nov 28, 2023 18:13:40.295283",0.002399,5,,,0x0002,13,,,,,,physicalInteraction7.pcapng
"Nov 28, 2023 18:13:40.300223",,45,,,,,,,,,,physicalInteraction7.pcapng
"Nov 28, 2023 18:13:40.302046",0.001823,5,,,0x0002,223,,,,,,physicalInteraction7.pcapng
"Nov 28, 2023 18:13:40.304458",,45,,,,,,,,,,physicalInteraction7.pcapng
"Nov 28, 2023 18:13:40.306239",0.001781,5,,,0x0002,139,,,,,,physicalInteraction7.pcapng
"Nov 28, 2023 18:13:40.310736",,45,,,,,,,,,,physicalInteraction7.pcapng
"Nov 28, 2023 18:13:40.312559",0.001823,5,,,0x0002,224,,,,,,physicalInteraction7.pcapng
"Nov 28, 2023 18:13:40.317254",,45,,,,,,,,,,physicalInteraction7.pcapng
"Nov 28, 2023 18:13:40.319046",0.001792,5,,,0x0002,140,,,,,,physicalInteraction7.pcapng
"Nov 28, 2023 18:13:40.762836",0.443790,74,0x0000,0xffff,0x8841,225,0x0000,0xfffc,0x1209,,,physicalInteraction7.pcapng
"Nov 28, 2023 18:13:41.399427",0.636591,74,0xb1bf,0xffff,0x8841,14,0xb1bf,0xfffc,0x1209,,,physicalInteraction7.pcapng
"Nov 28, 2023 18:13:47.095469",5.696042,74,0x3d95,0xffff,0x8841,187,0x3d95,0xfffc,0x1209,,,physicalInteraction7.pcapng
"Nov 28, 2023 18:13:50.750695",3.655226,74,0x4e11,0xffff,0x8841,22,0x4e11,0xfffc,0x1209,,,physicalInteraction7.pcapng
"Nov 28, 2023 18:13:50.878026",0.127331,74,0x5bb9,0xffff,0x8841,233,0x5bb9,0xfffc,0x1209,,,physicalInteraction7.pcapng
"Nov 28, 2023 18:13:53.143668",2.265642,74,0xe1a6,0xffff,0x8841,104,0xe1a6,0xfffc,0x1209,,,physicalInteraction7.pcapng
"Nov 28, 2023 18:13:53.856144",0.712476,74,0xec7f,0xffff,0x8841,163,0xec7f,0xfffc,0x1209,,,physicalInteraction7.pcapng
"Nov 28, 2023 18:13:54.179010",0.322866,74,0x0112,0xffff,0x8841,43,0x0112,0xfffc,0x1209,,,physicalInteraction7.pcapng
"Nov 28, 2023 18:13:55.095132",0.916122,65,0x1e15,0xffff,0x8841,217,0x1e15,0xfffc,0x1209,,,physicalInteraction7.pcapng
"Nov 28, 2023 18:13:57.085333",1.990201,74,0x711c,0xffff,0x8841,142,0x711c,0xfffc,0x1209,,,physicalInteraction7.pcapng
"Nov 28, 2023 18:13:57.289301",0.203968,74,0x0000,0xffff,0x8841,226,0x0000,0xfffc,0x1209,,,physicalInteraction7.pcapng
"Nov 28, 2023 18:14:02.151124",4.861823,74,0x3d95,0xffff,0x8841,188,0x3d95,0xfffc,0x1209,,,physicalInteraction7.pcapng
"Nov 28, 2023 18:14:05.118255",2.967131,74,0x4e11,0xffff,0x8841,23,0x4e11,0xfffc,0x1209,,,physicalInteraction7.pcapng
"Nov 28, 2023 18:14:06.031660",0.913405,74,0x5bb9,0xffff,0x8841,234,0x5bb9,0xfffc,0x1209,,,physicalInteraction7.pcapng
"Nov 28, 2023 18:14:08.222744",2.191084,74,0xe1a6,0xffff,0x8841,105,0xe1a6,0xfffc,0x1209,,,physicalInteraction7.pcapng
"Nov 28, 2023 18:14:09.186038",0.963294,94,0x0112,0xffff,0x885e,44,,,,,,physicalInteraction7.pcapng
"Nov 28, 2023 18:14:09.895313",0.709275,74,0xec7f,0xffff,0x8841,164,0xec7f,0xfffc,0x1209,,,physicalInteraction7.pcapng
"Nov 28, 2023 18:14:10.118846",,52,,,,,,,,,,physicalInteraction7.pcapng
"Nov 28, 2023 18:14:10.120856",0.002010,5,,,0x0002,227,,,,,,physicalInteraction7.pcapng
"Nov 28, 2023 18:14:10.128772",,63,,,,,,,,,,physicalInteraction7.pcapng
"Nov 28, 2023 18:14:10.131170",0.002398,5,,,0x0002,106,,,,,,physicalInteraction7.pcapng
"Nov 28, 2023 18:14:10.139495",0.008325,65,0x1e15,0xffff,0x8841,218,0x1e15,0xfffc,0x1209,,,physicalInteraction7.pcapng
"Nov 28, 2023 18:14:10.169577",,52,,,,,,,,,,physicalInteraction7.pcapng
"Nov 28, 2023 18:14:10.171593",0.002016,5,,,0x0002,228,,,,,,physicalInteraction7.pcapng
"Nov 28, 2023 18:14:10.179409",,63,,,,,,,,,,physicalInteraction7.pcapng
"Nov 28, 2023 18:14:10.181808",0.002399,5,,,0x0002,189,,,,,,physicalInteraction7.pcapng
"Nov 28, 2023 18:14:10.187709",,45,,,,,,,,,,physicalInteraction7.pcapng
"Nov 28, 2023 18:14:10.189500",0.001791,5,,,0x0002,229,,,,,,physicalInteraction7.pcapng
"Nov 28, 2023 18:14:10.208938",,54,,,,,,,,,,physicalInteraction7.pcapng
"Nov 28, 2023 18:14:10.211019",0.002081,5,,,0x0002,230,,,,,,physicalInteraction7.pcapng
"Nov 28, 2023 18:14:10.218901",,66,,,,,,,,,,physicalInteraction7.pcapng
"Nov 28, 2023 18:14:10.221396",0.002495,5,,,0x0002,107,,,,,,physicalInteraction7.pcapng
"Nov 28, 2023 18:14:10.228736",,54,,,,,,,,,,physicalInteraction7.pcapng
"Nov 28, 2023 18:14:10.230817",0.002081,5,,,0x0002,231,,,,,,physicalInteraction7.pcapng
"Nov 28, 2023 18:14:10.238604",,66,,,,,,,,,,physicalInteraction7.pcapng
"Nov 28, 2023 18:14:10.241099",0.002495,5,,,0x0002,190,,,,,,physicalInteraction7.pcapng
"Nov 28, 2023 18:14:10.246362",,45,,,,,,,,,,physicalInteraction7.pcapng
"Nov 28, 2023 18:14:10.248155",0.001793,5,,,0x0002,232,,,,,,physicalInteraction7.pcapng
"Nov 28, 2023 18:14:10.258903",,54,,,,,,,,,,physicalInteraction7.pcapng
"Nov 28, 2023 18:14:10.261014",0.002111,5,,,0x0002,233,,,,,,physicalInteraction7.pcapng
"Nov 28, 2023 18:14:10.265185",,54,,,,,,,,,,physicalInteraction7.pcapng
"Nov 28, 2023 18:14:10.267264",0.002079,5,,,0x0002,143,,,,,,physicalInteraction7.pcapng
"Nov 28, 2023 18:14:10.271509",,52,,,,,,,,,,physicalInteraction7.pcapng
"Nov 28, 2023 18:14:10.273557",0.002048,5,,,0x0002,234,,,,,,physicalInteraction7.pcapng
"Nov 28, 2023 18:14:10.274402",,66,,,,,,,,,,physicalInteraction7.pcapng
"Nov 28, 2023 18:14:10.276897",0.002495,5,,,0x0002,16,,,,,,physicalInteraction7.pcapng
"Nov 28, 2023 18:14:10.279566",,66,,,,,,,,,,physicalInteraction7.pcapng
"Nov 28, 2023 18:14:10.282061",0.002495,5,,,0x0002,16,,,,,,physicalInteraction7.pcapng
"Nov 28, 2023 18:14:10.284147",,52,,,,,,,,,,physicalInteraction7.pcapng
"Nov 28, 2023 18:14:10.286164",0.002017,5,,,0x0002,144,,,,,,physicalInteraction7.pcapng
"Nov 28, 2023 18:14:10.293379",,63,,,,,,,,,,physicalInteraction7.pcapng
"Nov 28, 2023 18:14:10.295778",0.002399,5,,,0x0002,17,,,,,,physicalInteraction7.pcapng
"Nov 28, 2023 18:14:10.299118",,45,,,,,,,,,,physicalInteraction7.pcapng
"Nov 28, 2023 18:14:10.300900",0.001782,5,,,0x0002,235,,,,,,physicalInteraction7.pcapng
"Nov 28, 2023 18:14:10.313129",,45,,,,,,,,,,physicalInteraction7.pcapng
"Nov 28, 2023 18:14:10.314922",0.001793,5,,,0x0002,236,,,,,,physicalInteraction7.pcapng
"Nov 28, 2023 18:14:10.320735",,45,,,,,,,,,,physicalInteraction7.pcapng
"Nov 28, 2023 18:14:10.324938",,45,,,,,,,,,,physicalInteraction7.pcapng
"Nov 28, 2023 18:14:10.326761",0.001823,5,,,0x0002,237,,,,,,physicalInteraction7.pcapng
"Nov 28, 2023 18:14:10.331684",,45,,,,,,,,,,physicalInteraction7.pcapng
"Nov 28, 2023 18:14:10.333307",0.001623,5,,,0x0002,145,,,,,,physicalInteraction7.pcapng
"Nov 28, 2023 18:14:10.336185",,45,,,,,,,,,,physicalInteraction7.pcapng
"Nov 28, 2023 18:14:10.338008",0.001823,5,,,0x0002,238,,,,,,physicalInteraction7.pcapng
"Nov 28, 2023 18:14:10.342630",,45,,,,,,,,,,physicalInteraction7.pcapng
"Nov 28, 2023 18:14:10.344421",0.001791,5,,,0x0002,146,,,,,,physicalInteraction7.pcapng
"Nov 28, 2023 18:14:11.027006",,60,,,,,,,,,,physicalInteraction7.pcapng
"Nov 28, 2023 18:14:11.029309",0.002303,5,,,0x0002,108,,,,,,physicalInteraction7.pcapng
"Nov 28, 2023 18:14:11.068208",,50,,,,,,,,,,physicalInteraction7.pcapng
"Nov 28, 2023 18:14:11.070160",0.001952,5,,,0x0002,239,,,,,,physicalInteraction7.pcapng
"Nov 28, 2023 18:14:11.075236",,45,,,,,,,,,,physicalInteraction7.pcapng
"Nov 28, 2023 18:14:11.077059",0.001823,5,,,0x0002,109,,,,,,physicalInteraction7.pcapng
"Nov 28, 2023 18:14:11.326977",0.249918,74,0xb1bf,0xffff,0x8841,18,0xb1bf,0xfffc,0x1209,,,physicalInteraction7.pcapng
"Nov 28, 2023 18:14:11.704498",,60,,,,,,,,,,physicalInteraction7.pcapng
"Nov 28, 2023 18:14:11.706801",0.002303,5,,,0x0002,19,,,,,,physicalInteraction7.pcapng
"Nov 28, 2023 18:14:11.747725",,50,,,,,,,,,,physicalInteraction7.pcapng
"Nov 28, 2023 18:14:11.749708",0.001983,5,,,0x0002,240,,,,,,physicalInteraction7.pcapng
"Nov 28, 2023 18:14:11.752168",,50,,,,,,,,,,physicalInteraction7.pcapng
"Nov 28, 2023 18:14:11.754119",0.001951,5,,,0x0002,147,,,,,,physicalInteraction7.pcapng
"Nov 28, 2023 18:14:11.758965",,45,,,,,,,,,,physicalInteraction7.pcapng
"Nov 28, 2023 18:14:11.760787",0.001822,5,,,0x0002,20,,,,,,physicalInteraction7.pcapng
"Nov 28, 2023 18:14:13.449019",1.688232,74,0x0000,0xffff,0x8841,241,0x0000,0xfffc,0x1209,,,physicalInteraction7.pcapng
"Nov 28, 2023 18:14:13.519625",0.070606,74,0x711c,0xffff,0x8841,148,0x711c,0xfffc,0x1209,,,physicalInteraction7.pcapng
"Nov 28, 2023 18:14:17.091860",3.572235,74,0x3d95,0xffff,0x8841,191,0x3d95,0xfffc,0x1209,,,physicalInteraction7.pcapng
"Nov 28, 2023 18:14:19.799391",,59,,,,,,,,,,physicalInteraction7.pcapng
"Nov 28, 2023 18:14:19.801661",0.002270,5,,,0x0002,165,,,,,,physicalInteraction7.pcapng
"Nov 28, 2023 18:14:19.816499",,45,,,,,,,,,,physicalInteraction7.pcapng
"Nov 28, 2023 18:14:19.818308",0.001809,5,,,0x0002,242,,,,,,physicalInteraction7.pcapng
"Nov 28, 2023 18:14:19.842897",,49,,,,,,,,,,physicalInteraction7.pcapng
"Nov 28, 2023 18:14:19.844835",0.001938,5,,,0x0002,243,,,,,,physicalInteraction7.pcapng
"Nov 28, 2023 18:14:19.848782",,45,,,,,,,,,,physicalInteraction7.pcapng
"Nov 28, 2023 18:14:19.850605",0.001823,5,,,0x0002,166,,,,,,physicalInteraction7.pcapng
"Nov 28, 2023 18:14:19.938727",0.088122,108,0x4e11,0xffff,0x886c,24,,,,,,physicalInteraction7.pcapng
"Nov 28, 2023 18:14:23.152342",3.213615,74,0xe1a6,0xffff,0x8841,110,0xe1a6,0xfffc,0x1209,,,physicalInteraction7.pcapng
"Nov 28, 2023 18:14:24.088110",0.935768,74,0x5bb9,0xffff,0x8841,235,0x5bb9,0xfffc,0x1209,,,physicalInteraction7.pcapng
"Nov 28, 2023 18:14:24.167015",,50,,,,,,,,,,physicalInteraction7.pcapng
"Nov 28, 2023 18:14:24.170165",,50,,,,,,,,,,physicalInteraction7.pcapng
"Nov 28, 2023 18:14:24.175358",,50,,,,,,,,,,physicalInteraction7.pcapng
"Nov 28, 2023 18:14:24.186036",,50,,,,,,,,,,physicalInteraction7.pcapng
"Nov 28, 2023 18:14:24.193152",0.007116,71,0x0112,0xffff,0x8841,45,0x0112,0xfffc,0x1209,,,physicalInteraction7.pcapng
"Nov 28, 2023 18:14:24.222707",,50,,,,,,,,,,physicalInteraction7.pcapng
"Nov 28, 2023 18:14:24.226174",,50,,,,,,,,,,physicalInteraction7.pcapng
"Nov 28, 2023 18:14:24.230087",,50,,,,,,,,,,physicalInteraction7.pcapng
"Nov 28, 2023 18:14:24.233413",,50,,,,,,,,,,physicalInteraction7.pcapng
"Nov 28, 2023 18:14:24.270089",0.036676,74,0xec7f,0xffff,0x8841,167,0xec7f,0xfffc,0x1209,,,physicalInteraction7.pcapng
"Nov 28, 2023 18:14:24.287308",,50,,,,,,,,,,physicalInteraction7.pcapng
"Nov 28, 2023 18:14:24.292185",,50,,,,,,,,,,physicalInteraction7.pcapng
"Nov 28, 2023 18:14:24.295885",,50,,,,,,,,,,physicalInteraction7.pcapng
"Nov 28, 2023 18:14:24.300186",,50,,,,,,,,,,physicalInteraction7.pcapng
"Nov 28, 2023 18:14:24.350012",,50,,,,,,,,,,physicalInteraction7.pcapng
"Nov 28, 2023 18:14:24.355284",,50,,,,,,,,,,physicalInteraction7.pcapng
"Nov 28, 2023 18:14:24.359470",,50,,,,,,,,,,physicalInteraction7.pcapng
"Nov 28, 2023 18:14:24.363437",,50,,,,,,,,,,physicalInteraction7.pcapng
"Nov 28, 2023 18:14:24.410098",,50,,,,,,,,,,physicalInteraction7.pcapng
"Nov 28, 2023 18:14:24.415051",,50,,,,,,,,,,physicalInteraction7.pcapng
"Nov 28, 2023 18:14:24.419878",,50,,,,,,,,,,physicalInteraction7.pcapng
"Nov 28, 2023 18:14:24.424386",,50,,,,,,,,,,physicalInteraction7.pcapng
"Nov 28, 2023 18:14:24.481329",,50,,,,,,,,,,physicalInteraction7.pcapng
"Nov 28, 2023 18:14:24.491867",,50,,,,,,,,,,physicalInteraction7.pcapng
"Nov 28, 2023 18:14:24.497304",,50,,,,,,,,,,physicalInteraction7.pcapng
"Nov 28, 2023 18:14:24.501393",,50,,,,,,,,,,physicalInteraction7.pcapng
"Nov 28, 2023 18:14:24.526519",,50,,,,,,,,,,physicalInteraction7.pcapng
"Nov 28, 2023 18:14:24.530511",,50,,,,,,,,,,physicalInteraction7.pcapng
"Nov 28, 2023 18:14:24.534645",,50,,,,,,,,,,physicalInteraction7.pcapng
"Nov 28, 2023 18:14:24.538931",,50,,,,,,,,,,physicalInteraction7.pcapng
"Nov 28, 2023 18:14:24.574800",,50,,,,,,,,,,physicalInteraction7.pcapng
"Nov 28, 2023 18:14:24.579434",,50,,,,,,,,,,physicalInteraction7.pcapng
"Nov 28, 2023 18:14:24.582828",,50,,,,,,,,,,physicalInteraction7.pcapng
"Nov 28, 2023 18:14:24.591670",,50,,,,,,,,,,physicalInteraction7.pcapng
"Nov 28, 2023 18:14:24.635478",,50,,,,,,,,,,physicalInteraction7.pcapng
"Nov 28, 2023 18:14:24.640965",,50,,,,,,,,,,physicalInteraction7.pcapng
"Nov 28, 2023 18:14:24.644666",,50,,,,,,,,,,physicalInteraction7.pcapng
"Nov 28, 2023 18:14:24.649760",,50,,,,,,,,,,physicalInteraction7.pcapng
"Nov 28, 2023 18:14:24.678244",,50,,,,,,,,,,physicalInteraction7.pcapng
"Nov 28, 2023 18:14:24.682723",,50,,,,,,,,,,physicalInteraction7.pcapng
"Nov 28, 2023 18:14:24.686371",,50,,,,,,,,,,physicalInteraction7.pcapng
"Nov 28, 2023 18:14:24.694793",,50,,,,,,,,,,physicalInteraction7.pcapng
"Nov 28, 2023 18:14:24.726032",,50,,,,,,,,,,physicalInteraction7.pcapng
"Nov 28, 2023 18:14:24.729872",,50,,,,,,,,,,physicalInteraction7.pcapng
"Nov 28, 2023 18:14:24.734967",,50,,,,,,,,,,physicalInteraction7.pcapng
"Nov 28, 2023 18:14:24.738347",,50,,,,,,,,,,physicalInteraction7.pcapng
"Nov 28, 2023 18:14:25.159492",0.421145,65,0x1e15,0xffff,0x8841,219,0x1e15,0xfffc,0x1209,,,physicalInteraction7.pcapng
"Nov 28, 2023 18:14:26.377835",1.218343,74,0xb1bf,0xffff,0x8841,21,0xb1bf,0xfffc,0x1209,,,physicalInteraction7.pcapng
"Nov 28, 2023 18:14:27.984151",1.606316,55,0x711c,0x0000,0x8861,149,0x711c,0x0000,0x1a09,,,physicalInteraction7.pcapng
"Nov 28, 2023 18:14:27.986294",0.002143,5,,,0x0002,149,,,,,,physicalInteraction7.pcapng
"Nov 28, 2023 18:14:28.021103",,52,,,,,,,,,,physicalInteraction7.pcapng
"Nov 28, 2023 18:14:28.023149",0.002046,5,,,0x0002,150,,,,,,physicalInteraction7.pcapng
"Nov 28, 2023 18:14:28.759090",0.735941,74,0x0000,0xffff,0x8841,255,0x0000,0xfffc,0x1209,,,physicalInteraction7.pcapng
"Nov 28, 2023 18:14:28.995526",0.236436,74,0x711c,0xffff,0x8841,151,0x711c,0xfffc,0x1209,,,physicalInteraction7.pcapng
"Nov 28, 2023 18:14:29.001273",0.005747,55,0x711c,0x0000,0x8861,152,0x711c,0x0000,0x1a09,,,physicalInteraction7.pcapng
"Nov 28, 2023 18:14:29.003416",0.002143,5,,,0x0002,152,,,,,,physicalInteraction7.pcapng
"Nov 28, 2023 18:14:29.034618",,52,,,,,,,,,,physicalInteraction7.pcapng
"Nov 28, 2023 18:14:29.036665",0.002047,5,,,0x0002,153,,,,,,physicalInteraction7.pcapng
"Nov 28, 2023 18:14:32.053544",3.016879,74,0x3d95,0xffff,0x8841,192,0x3d95,0xfffc,0x1209,,,physicalInteraction7.pcapng
"Nov 28, 2023 18:14:34.582332",2.528788,74,0x4e11,0xffff,0x8841,25,0x4e11,0xfffc,0x1209,,,physicalInteraction7.pcapng
"Nov 28, 2023 18:14:38.136066",3.553734,74,0xe1a6,0xffff,0x8841,111,0xe1a6,0xfffc,0x1209,,,physicalInteraction7.pcapng
"Nov 28, 2023 18:14:39.189835",1.053769,97,0x0112,0xffff,0x8861,46,0x0112,0xfffc,0x1209,,,physicalInteraction7.pcapng
"Nov 28, 2023 18:14:40.106197",0.916362,65,0x1e15,0xffff,0x8841,220,0x1e15,0xfffc,0x1209,,,physicalInteraction7.pcapng
"Nov 28, 2023 18:14:40.124137",,52,,,,,,,,,,physicalInteraction7.pcapng
"Nov 28, 2023 18:14:40.126151",0.002014,5,,,0x0002,0,,,,,,physicalInteraction7.pcapng
"Nov 28, 2023 18:14:40.134015",,63,,,,,,,,,,physicalInteraction7.pcapng
"Nov 28, 2023 18:14:40.136414",0.002399,5,,,0x0002,112,,,,,,physicalInteraction7.pcapng
"Nov 28, 2023 18:14:40.158619",,52,,,,,,,,,,physicalInteraction7.pcapng
"Nov 28, 2023 18:14:40.160623",0.002004,5,,,0x0002,1,,,,,,physicalInteraction7.pcapng
"Nov 28, 2023 18:14:40.168318",,63,,,,,,,,,,physicalInteraction7.pcapng
"Nov 28, 2023 18:14:40.170717",0.002399,5,,,0x0002,193,,,,,,physicalInteraction7.pcapng
"Nov 28, 2023 18:14:40.172731",,45,,,,,,,,,,physicalInteraction7.pcapng
"Nov 28, 2023 18:14:40.174524",0.001793,5,,,0x0002,2,,,,,,physicalInteraction7.pcapng
"Nov 28, 2023 18:14:40.191686",,54,,,,,,,,,,physicalInteraction7.pcapng
"Nov 28, 2023 18:14:40.193765",0.002079,5,,,0x0002,3,,,,,,physicalInteraction7.pcapng
"Nov 28, 2023 18:14:40.201533",,66,,,,,,,,,,physicalInteraction7.pcapng
"Nov 28, 2023 18:14:40.204028",0.002495,5,,,0x0002,113,,,,,,physicalInteraction7.pcapng
"Nov 28, 2023 18:14:40.205178",,45,,,,,,,,,,physicalInteraction7.pcapng
"Nov 28, 2023 18:14:40.206969",0.001791,5,,,0x0002,4,,,,,,physicalInteraction7.pcapng
"Nov 28, 2023 18:14:40.231861",,54,,,,,,,,,,physicalInteraction7.pcapng
"Nov 28, 2023 18:14:40.233940",0.002079,5,,,0x0002,5,,,,,,physicalInteraction7.pcapng
"Nov 28, 2023 18:14:40.241826",,66,,,,,,,,,,physicalInteraction7.pcapng
"Nov 28, 2023 18:14:40.244321",0.002495,5,,,0x0002,194,,,,,,physicalInteraction7.pcapng
"Nov 28, 2023 18:14:40.249581",,45,,,,,,,,,,physicalInteraction7.pcapng
"Nov 28, 2023 18:14:40.251373",0.001792,5,,,0x0002,6,,,,,,physicalInteraction7.pcapng
"Nov 28, 2023 18:14:40.264015",,54,,,,,,,,,,physicalInteraction7.pcapng
"Nov 28, 2023 18:14:40.266126",0.002111,5,,,0x0002,7,,,,,,physicalInteraction7.pcapng
"Nov 28, 2023 18:14:40.269295",,54,,,,,,,,,,physicalInteraction7.pcapng
"Nov 28, 2023 18:14:40.271374",0.002079,5,,,0x0002,154,,,,,,physicalInteraction7.pcapng
"Nov 28, 2023 18:14:40.275849",0.004475,52,0x5510,0x711c,0x8861,8,,,,,,physicalInteraction7.pcapng
"Nov 28, 2023 18:14:40.278638",0.002789,107,0xf8c6,0xc6fd,0x886b,22,,,,,,physicalInteraction7.pcapng
"Nov 28, 2023 18:14:40.288778",0.010140,49,,,,,,,,,,physicalInteraction7.pcapng
"Nov 28, 2023 18:14:40.306372",,45,,,,,,,,,,physicalInteraction7.pcapng
"Nov 28, 2023 18:14:40.308166",0.001794,5,,,0x0002,9,,,,,,physicalInteraction7.pcapng
"Nov 28, 2023 18:14:40.311479",,66,,,,,,,,,,physicalInteraction7.pcapng
"Nov 28, 2023 18:14:40.313974",0.002495,5,,,0x0002,23,,,,,,physicalInteraction7.pcapng
"Nov 28, 2023 18:14:40.329690",,45,,,,,,,,,,physicalInteraction7.pcapng
"Nov 28, 2023 18:14:40.331513",0.001823,5,,,0x0002,10,,,,,,physicalInteraction7.pcapng
"Nov 28, 2023 18:14:40.334911",,45,,,,,,,,,,physicalInteraction7.pcapng
"Nov 28, 2023 18:14:40.336702",0.001791,5,,,0x0002,155,,,,,,physicalInteraction7.pcapng
"Nov 28, 2023 18:14:40.349601",,52,,,,,,,,,,physicalInteraction7.pcapng
"Nov 28, 2023 18:14:40.351648",0.002047,5,,,0x0002,11,,,,,,physicalInteraction7.pcapng
"Nov 28, 2023 18:14:40.355636",,52,,,,,,,,,,physicalInteraction7.pcapng
"Nov 28, 2023 18:14:40.364698",,63,,,,,,,,,,physicalInteraction7.pcapng
"Nov 28, 2023 18:14:40.367097",0.002399,5,,,0x0002,24,,,,,,physicalInteraction7.pcapng
"Nov 28, 2023 18:14:40.382467",,45,,,,,,,,,,physicalInteraction7.pcapng
"Nov 28, 2023 18:14:40.384291",0.001824,5,,,0x0002,12,,,,,,physicalInteraction7.pcapng
"Nov 28, 2023 18:14:40.388021",,45,,,,,,,,,,physicalInteraction7.pcapng
"Nov 28, 2023 18:14:40.389812",0.001791,5,,,0x0002,157,,,,,,physicalInteraction7.pcapng
"Nov 28, 2023 18:14:41.414983",1.025171,74,0xb1bf,0xffff,0x8841,25,0xb1bf,0xfffc,0x1209,,,physicalInteraction7.pcapng
"Nov 28, 2023 18:14:41.495103",0.080120,68,0x5bb9,0xffff,0x8844,236,,,,,,physicalInteraction7.pcapng
"Nov 28, 2023 18:14:42.126000",0.630897,74,0xec7f,0xffff,0x8841,168,0xec7f,0xfffc,0x1209,,,physicalInteraction7.pcapng
"Nov 28, 2023 18:14:44.701401",2.575401,74,0x711c,0xffff,0x8841,158,0x711c,0xfffc,0x1209,,,physicalInteraction7.pcapng
"Nov 28, 2023 18:14:46.682355",1.980954,74,0x0000,0xffff,0x8841,13,0x0000,0xfffc,0x1209,,,physicalInteraction7.pcapng
"Nov 28, 2023 18:14:47.113619",0.431264,74,0x3d95,0xffff,0x8841,195,0x3d95,0xfffc,0x1209,,,physicalInteraction7.pcapng
"Nov 28, 2023 18:14:51.637340",4.523721,74,0x4e11,0xffff,0x8841,26,0x4e11,0xfffc,0x1209,,,physicalInteraction7.pcapng
"Nov 28, 2023 18:14:53.142161",1.504821,74,0xe1a6,0xffff,0x8841,114,0xe1a6,0xfffc,0x1209,,,physicalInteraction7.pcapng
"Nov 28, 2023 18:14:55.177112",2.034951,65,0x1e15,0xffff,0x8841,221,0x1e15,0xfffc,0x1209,,,physicalInteraction7.pcapng
"Nov 28, 2023 18:14:56.361706",1.184594,74,0xb1bf,0xffff,0x8841,26,0xb1bf,0xfffc,0x1209,,,physicalInteraction7.pcapng
"Nov 28, 2023 18:14:56.402528",0.040822,107,0x5bb9,0xffff,0x886b,237,,,,,,physicalInteraction7.pcapng
"Nov 28, 2023 18:14:59.412249",3.009721,74,0xec7f,0xffff,0x8841,169,0xec7f,0xfffc,0x1209,,,physicalInteraction7.pcapng
"Nov 28, 2023 18:14:59.932771",0.520522,74,0x711c,0xffff,0x8841,159,0x711c,0xfffc,0x1209,,,physicalInteraction7.pcapng
"Nov 28, 2023 18:15:00.669971",0.737200,74,0x0000,0xffff,0x8841,14,0x0000,0xfffc,0x1209,,,physicalInteraction7.pcapng
"Nov 28, 2023 18:15:02.141326",1.471355,74,0x3d95,0xffff,0x8841,196,0x3d95,0xfffc,0x1209,,,physicalInteraction7.pcapng
"Nov 28, 2023 18:15:06.295911",,60,,,,,,,,,,physicalInteraction7.pcapng
"Nov 28, 2023 18:15:06.298214",0.002303,5,,,0x0002,197,,,,,,physicalInteraction7.pcapng
"Nov 28, 2023 18:15:06.340133",,50,,,,,,,,,,physicalInteraction7.pcapng
"Nov 28, 2023 18:15:06.342085",0.001952,5,,,0x0002,15,,,,,,physicalInteraction7.pcapng
"Nov 28, 2023 18:15:06.347219",,45,,,,,,,,,,physicalInteraction7.pcapng
"Nov 28, 2023 18:15:06.349042",0.001823,5,,,0x0002,198,,,,,,physicalInteraction7.pcapng
"Nov 28, 2023 18:15:08.251991",1.902949,74,0xe1a6,0xffff,0x8841,115,0xe1a6,0xfffc,0x1209,,,physicalInteraction7.pcapng
"Nov 28, 2023 18:15:08.339153",0.087162,74,0x4e11,0xffff,0x8841,27,0x4e11,0xfffc,0x1209,,,physicalInteraction7.pcapng
"Nov 28, 2023 18:15:09.188514",0.849361,71,0x0112,0xffff,0x8841,48,0x0112,0xfffc,0x1209,,,physicalInteraction7.pcapng
"Nov 28, 2023 18:15:10.112795",0.924281,107,0x1e15,0xffff,0x886b,222,,,,,,physicalInteraction7.pcapng
"Nov 28, 2023 18:15:10.126358",,52,,,,,,,,,,physicalInteraction7.pcapng
"Nov 28, 2023 18:15:10.128376",0.002018,5,,,0x0002,16,,,,,,physicalInteraction7.pcapng
"Nov 28, 2023 18:15:10.136249",,63,,,,,,,,,,physicalInteraction7.pcapng
"Nov 28, 2023 18:15:10.138648",0.002399,5,,,0x0002,116,,,,,,physicalInteraction7.pcapng
"Nov 28, 2023 18:15:10.171307",,52,,,,,,,,,,physicalInteraction7.pcapng
"Nov 28, 2023 18:15:10.173323",0.002016,5,,,0x0002,17,,,,,,physicalInteraction7.pcapng
"Nov 28, 2023 18:15:10.181010",,63,,,,,,,,,,physicalInteraction7.pcapng
"Nov 28, 2023 18:15:10.183409",0.002399,5,,,0x0002,199,,,,,,physicalInteraction7.pcapng
"Nov 28, 2023 18:15:10.198224",,45,,,,,,,,,,physicalInteraction7.pcapng
"Nov 28, 2023 18:15:10.200016",0.001792,5,,,0x0002,18,,,,,,physicalInteraction7.pcapng
"Nov 28, 2023 18:15:10.208673",,54,,,,,,,,,,physicalInteraction7.pcapng
"Nov 28, 2023 18:15:10.210751",0.002078,5,,,0x0002,19,,,,,,physicalInteraction7.pcapng
"Nov 28, 2023 18:15:10.218732",,66,,,,,,,,,,physicalInteraction7.pcapng
"Nov 28, 2023 18:15:10.221227",0.002495,5,,,0x0002,117,,,,,,physicalInteraction7.pcapng
"Nov 28, 2023 18:15:10.229897",,54,,,,,,,,,,physicalInteraction7.pcapng
"Nov 28, 2023 18:15:10.231974",0.002077,5,,,0x0002,20,,,,,,physicalInteraction7.pcapng
"Nov 28, 2023 18:15:10.239695",,66,,,,,,,,,,physicalInteraction7.pcapng
"Nov 28, 2023 18:15:10.242190",0.002495,5,,,0x0002,200,,,,,,physicalInteraction7.pcapng
"Nov 28, 2023 18:15:10.258826",,45,,,,,,,,,,physicalInteraction7.pcapng
"Nov 28, 2023 18:15:10.260618",0.001792,5,,,0x0002,21,,,,,,physicalInteraction7.pcapng
"Nov 28, 2023 18:15:10.265962",,54,,,,,,,,,,physicalInteraction7.pcapng
"Nov 28, 2023 18:15:10.268073",0.002111,5,,,0x0002,22,,,,,,physicalInteraction7.pcapng
"Nov 28, 2023 18:15:10.271608",,54,,,,,,,,,,physicalInteraction7.pcapng
"Nov 28, 2023 18:15:10.273689",0.002081,5,,,0x0002,160,,,,,,physicalInteraction7.pcapng
"Nov 28, 2023 18:15:10.276609",,52,,,,,,,,,,physicalInteraction7.pcapng
"Nov 28, 2023 18:15:10.278656",0.002047,5,,,0x0002,23,,,,,,physicalInteraction7.pcapng
"Nov 28, 2023 18:15:10.280989",,66,,,,,,,,,,physicalInteraction7.pcapng
"Nov 28, 2023 18:15:10.283484",0.002495,5,,,0x0002,27,,,,,,physicalInteraction7.pcapng
"Nov 28, 2023 18:15:10.286174",,52,,,,,,,,,,physicalInteraction7.pcapng
"Nov 28, 2023 18:15:10.288189",0.002015,5,,,0x0002,161,,,,,,physicalInteraction7.pcapng
"Nov 28, 2023 18:15:10.295382",,63,,,,,,,,,,physicalInteraction7.pcapng
"Nov 28, 2023 18:15:10.297781",0.002399,5,,,0x0002,28,,,,,,physicalInteraction7.pcapng
"Nov 28, 2023 18:15:10.304245",,45,,,,,,,,,,physicalInteraction7.pcapng
"Nov 28, 2023 18:15:10.306037",0.001792,5,,,0x0002,24,,,,,,physicalInteraction7.pcapng
"Nov 28, 2023 18:15:10.315326",,45,,,,,,,,,,physicalInteraction7.pcapng
"Nov 28, 2023 18:15:10.317113",0.001787,5,,,0x0002,25,,,,,,physicalInteraction7.pcapng
"Nov 28, 2023 18:15:10.322791",,45,,,,,,,,,,physicalInteraction7.pcapng
"Nov 28, 2023 18:15:10.324614",0.001823,5,,,0x0002,26,,,,,,physicalInteraction7.pcapng
"Nov 28, 2023 18:15:10.329002",,45,,,,,,,,,,physicalInteraction7.pcapng
"Nov 28, 2023 18:15:10.333510",,45,,,,,,,,,,physicalInteraction7.pcapng
"Nov 28, 2023 18:15:10.335302",0.001792,5,,,0x0002,162,,,,,,physicalInteraction7.pcapng
"Nov 28, 2023 18:15:10.337341",,45,,,,,,,,,,physicalInteraction7.pcapng
"Nov 28, 2023 18:15:10.339164",0.001823,5,,,0x0002,27,,,,,,physicalInteraction7.pcapng
"Nov 28, 2023 18:15:10.343749",,45,,,,,,,,,,physicalInteraction7.pcapng
"Nov 28, 2023 18:15:10.345541",0.001792,5,,,0x0002,163,,,,,,physicalInteraction7.pcapng
"Nov 28, 2023 18:15:11.394524",1.048983,74,0xb1bf,0xffff,0x8841,29,0xb1bf,0xfffc,0x1209,,,physicalInteraction7.pcapng
"Nov 28, 2023 18:15:13.542622",2.148098,74,0x5bb9,0xffff,0x8841,238,0x5bb9,0xfffc,0x1209,,,physicalInteraction7.pcapng
"Nov 28, 2023 18:15:14.415503",0.872881,74,0xec7f,0xffff,0x8841,170,0xec7f,0xfffc,0x1209,,,physicalInteraction7.pcapng
"Nov 28, 2023 18:15:14.494340",0.078837,74,0x711c,0xffff,0x8841,164,0x711c,0xfffc,0x1209,,,physicalInteraction7.pcapng
"Nov 28, 2023 18:15:14.747337",0.252997,74,0x0000,0xffff,0x8841,28,0x0000,0xfffc,0x1209,,,physicalInteraction7.pcapng
"Nov 28, 2023 18:15:17.125996",2.378659,74,0x3d95,0xffff,0x8841,201,0x3d95,0xfffc,0x1209,,,physicalInteraction7.pcapng
"Nov 28, 2023 18:15:19.858987",,50,,,,,,,,,,physicalInteraction7.pcapng
"Nov 28, 2023 18:15:19.860970",0.001983,5,,,0x0002,29,,,,,,physicalInteraction7.pcapng
"Nov 28, 2023 18:15:19.866313",0.005343,55,0x711c,0x0000,0x8861,165,0x711c,0x0000,0x1a09,,,physicalInteraction7.pcapng
"Nov 28, 2023 18:15:19.868456",0.002143,5,,,0x0002,165,,,,,,physicalInteraction7.pcapng
"Nov 28, 2023 18:15:19.914476",,53,,,,,,,,,,physicalInteraction7.pcapng
"Nov 28, 2023 18:15:19.916554",0.002078,5,,,0x0002,166,,,,,,physicalInteraction7.pcapng
"Nov 28, 2023 18:15:19.959184",,50,,,,,,,,,,physicalInteraction7.pcapng
"Nov 28, 2023 18:15:19.961167",0.001983,5,,,0x0002,30,,,,,,physicalInteraction7.pcapng
"Nov 28, 2023 18:15:19.965791",0.004624,55,0x711c,0x0000,0x8861,167,0x711c,0x0000,0x1a09,,,physicalInteraction7.pcapng
"Nov 28, 2023 18:15:19.967934",0.002143,5,,,0x0002,167,,,,,,physicalInteraction7.pcapng
"Nov 28, 2023 18:15:20.014487",,53,,,,,,,,,,physicalInteraction7.pcapng
"Nov 28, 2023 18:15:20.016566",0.002079,5,,,0x0002,168,,,,,,physicalInteraction7.pcapng
"Nov 28, 2023 18:15:23.222514",3.205948,74,0xe1a6,0xffff,0x8841,118,0xe1a6,0xfffc,0x1209,,,physicalInteraction7.pcapng
"Nov 28, 2023 18:15:23.308744",,63,,,,,,,,,,physicalInteraction7.pcapng
"Nov 28, 2023 18:15:23.311143",0.002399,5,,,0x0002,30,,,,,,physicalInteraction7.pcapng
"Nov 28, 2023 18:15:23.375858",,50,,,,,,,,,,physicalInteraction7.pcapng
"Nov 28, 2023 18:15:23.377841",0.001983,5,,,0x0002,31,,,,,,physicalInteraction7.pcapng
"Nov 28, 2023 18:15:23.382413",,50,,,,,,,,,,physicalInteraction7.pcapng
"Nov 28, 2023 18:15:23.393653",,45,,,,,,,,,,physicalInteraction7.pcapng
"Nov 28, 2023 18:15:23.395476",0.001823,5,,,0x0002,31,,,,,,physicalInteraction7.pcapng
"Nov 28, 2023 18:15:23.404068",,57,,,,,,,,,,physicalInteraction7.pcapng
"Nov 28, 2023 18:15:23.406275",0.002207,5,,,0x0002,32,,,,,,physicalInteraction7.pcapng
"Nov 28, 2023 18:15:23.444573",,50,,,,,,,,,,physicalInteraction7.pcapng
"Nov 28, 2023 18:15:23.446556",0.001983,5,,,0x0002,32,,,,,,physicalInteraction7.pcapng
"Nov 28, 2023 18:15:23.451194",,50,,,,,,,,,,physicalInteraction7.pcapng
"Nov 28, 2023 18:15:23.453148",0.001954,5,,,0x0002,170,,,,,,physicalInteraction7.pcapng
"Nov 28, 2023 18:15:23.458089",,45,,,,,,,,,,physicalInteraction7.pcapng
"Nov 28, 2023 18:15:23.459912",0.001823,5,,,0x0002,33,,,,,,physicalInteraction7.pcapng
"Nov 28, 2023 18:15:24.196813",0.736901,71,0x0112,0xffff,0x8841,49,0x0112,0xfffc,0x1209,,,physicalInteraction7.pcapng
"Nov 28, 2023 18:15:25.088590",0.891777,65,0x1e15,0xffff,0x8841,223,0x1e15,0xfffc,0x1209,,,physicalInteraction7.pcapng
"Nov 28, 2023 18:15:25.923077",0.834487,74,0x4e11,0xffff,0x8841,28,0x4e11,0xfffc,0x1209,,,physicalInteraction7.pcapng
"Nov 28, 2023 18:15:26.438175",0.515098,74,0xb1bf,0xffff,0x8841,34,0xb1bf,0xfffc,0x1209,,,physicalInteraction7.pcapng
"Nov 28, 2023 18:15:28.812491",2.374316,74,0xec7f,0xffff,0x8841,171,0xec7f,0xfffc,0x1209,,,physicalInteraction7.pcapng
"Nov 28, 2023 18:15:30.767649",1.955158,74,0x711c,0xffff,0x8841,171,0x711c,0xfffc,0x1209,,,physicalInteraction7.pcapng
"Nov 28, 2023 18:15:31.115023",0.347374,74,0x0000,0xffff,0x8841,33,0x0000,0xfffc,0x1209,,,physicalInteraction7.pcapng
"Nov 28, 2023 18:15:31.347514",0.232491,74,0x5bb9,0xffff,0x8841,239,0x5bb9,0xfffc,0x1209,,,physicalInteraction7.pcapng
"Nov 28, 2023 18:15:32.155308",0.807794,74,0x3d95,0xffff,0x8841,202,0x3d95,0xfffc,0x1209,,,physicalInteraction7.pcapng
"Nov 28, 2023 18:15:38.228912",6.073604,74,0xe1a6,0xffff,0x8841,119,0xe1a6,0xfffc,0x1209,,,physicalInteraction7.pcapng
"Nov 28, 2023 18:15:39.195193",0.966281,71,0x0112,0xffff,0x8841,50,0x0112,0xfffc,0x1209,,,physicalInteraction7.pcapng
"Nov 28, 2023 18:15:40.129486",,52,,,,,,,,,,physicalInteraction7.pcapng
"Nov 28, 2023 18:15:40.133695",,52,,,,,,,,,,physicalInteraction7.pcapng
"Nov 28, 2023 18:15:40.135711",0.002016,5,,,0x0002,34,,,,,,physicalInteraction7.pcapng
"Nov 28, 2023 18:15:40.143831",,63,,,,,,,,,,physicalInteraction7.pcapng
"Nov 28, 2023 18:15:40.146230",0.002399,5,,,0x0002,120,,,,,,physicalInteraction7.pcapng
"Nov 28, 2023 18:15:40.152279",,52,,,,,,,,,,physicalInteraction7.pcapng
"Nov 28, 2023 18:15:40.154285",0.002006,5,,,0x0002,35,,,,,,physicalInteraction7.pcapng
"Nov 28, 2023 18:15:40.161990",,63,,,,,,,,,,physicalInteraction7.pcapng
"Nov 28, 2023 18:15:40.164389",0.002399,5,,,0x0002,203,,,,,,physicalInteraction7.pcapng
"Nov 28, 2023 18:15:40.173386",0.008997,65,0x1e15,0xffff,0x8841,224,0x1e15,0xfffc,0x1209,,,physicalInteraction7.pcapng
"Nov 28, 2023 18:15:40.191746",,45,,,,,,,,,,physicalInteraction7.pcapng
"Nov 28, 2023 18:15:40.193540",0.001794,5,,,0x0002,36,,,,,,physicalInteraction7.pcapng
"Nov 28, 2023 18:15:40.202981",,54,,,,,,,,,,physicalInteraction7.pcapng
"Nov 28, 2023 18:15:40.205062",0.002081,5,,,0x0002,37,,,,,,physicalInteraction7.pcapng
"Nov 28, 2023 18:15:40.212942",,66,,,,,,,,,,physicalInteraction7.pcapng
"Nov 28, 2023 18:15:40.215437",0.002495,5,,,0x0002,121,,,,,,physicalInteraction7.pcapng
"Nov 28, 2023 18:15:40.224054",,45,,,,,,,,,,physicalInteraction7.pcapng
"Nov 28, 2023 18:15:40.225847",0.001793,5,,,0x0002,38,,,,,,physicalInteraction7.pcapng
"Nov 28, 2023 18:15:40.237096",,54,,,,,,,,,,physicalInteraction7.pcapng
"Nov 28, 2023 18:15:40.239165",0.002069,5,,,0x0002,39,,,,,,physicalInteraction7.pcapng
"Nov 28, 2023 18:15:40.246959",,66,,,,,,,,,,physicalInteraction7.pcapng
"Nov 28, 2023 18:15:40.249454",0.002495,5,,,0x0002,204,,,,,,physicalInteraction7.pcapng
"Nov 28, 2023 18:15:40.251162",,54,,,,,,,,,,physicalInteraction7.pcapng
"Nov 28, 2023 18:15:40.253273",0.002111,5,,,0x0002,40,,,,,,physicalInteraction7.pcapng
"Nov 28, 2023 18:15:40.256954",,54,,,,,,,,,,physicalInteraction7.pcapng
"Nov 28, 2023 18:15:40.259033",0.002079,5,,,0x0002,172,,,,,,physicalInteraction7.pcapng
"Nov 28, 2023 18:15:40.271187",,66,,,,,,,,,,physicalInteraction7.pcapng
"Nov 28, 2023 18:15:40.273682",0.002495,5,,,0x0002,35,,,,,,physicalInteraction7.pcapng
"Nov 28, 2023 18:15:40.281182",,52,,,,,,,,,,physicalInteraction7.pcapng
"Nov 28, 2023 18:15:40.283229",0.002047,5,,,0x0002,41,,,,,,physicalInteraction7.pcapng
"Nov 28, 2023 18:15:40.286371",,52,,,,,,,,,,physicalInteraction7.pcapng
"Nov 28, 2023 18:15:40.288387",0.002016,5,,,0x0002,173,,,,,,physicalInteraction7.pcapng
"Nov 28, 2023 18:15:40.294694",,45,,,,,,,,,,physicalInteraction7.pcapng
"Nov 28, 2023 18:15:40.296486",0.001792,5,,,0x0002,42,,,,,,physicalInteraction7.pcapng
"Nov 28, 2023 18:15:40.300501",,63,,,,,,,,,,physicalInteraction7.pcapng
"Nov 28, 2023 18:15:40.302900",0.002399,5,,,0x0002,36,,,,,,physicalInteraction7.pcapng
"Nov 28, 2023 18:15:40.305564",,63,,,,,,,,,,physicalInteraction7.pcapng
"Nov 28, 2023 18:15:40.307963",0.002399,5,,,0x0002,36,,,,,,physicalInteraction7.pcapng
"Nov 28, 2023 18:15:40.309733",,45,,,,,,,,,,physicalInteraction7.pcapng
"Nov 28, 2023 18:15:40.311527",0.001794,5,,,0x0002,43,,,,,,physicalInteraction7.pcapng
"Nov 28, 2023 18:15:40.319465",,45,,,,,,,,,,physicalInteraction7.pcapng
"Nov 28, 2023 18:15:40.321288",0.001823,5,,,0x0002,44,,,,,,physicalInteraction7.pcapng
"Nov 28, 2023 18:15:40.323623",,45,,,,,,,,,,physicalInteraction7.pcapng
"Nov 28, 2023 18:15:40.325415",0.001792,5,,,0x0002,174,,,,,,physicalInteraction7.pcapng
"Nov 28, 2023 18:15:40.327548",,45,,,,,,,,,,physicalInteraction7.pcapng
"Nov 28, 2023 18:15:40.329371",0.001823,5,,,0x0002,45,,,,,,physicalInteraction7.pcapng
"Nov 28, 2023 18:15:40.332671",,45,,,,,,,,,,physicalInteraction7.pcapng
"Nov 28, 2023 18:15:40.334464",0.001793,106,,,,,,,,,,physicalInteraction7.pcapng
"Nov 28, 2023 18:15:40.338677",0.004213,5,,,0x0002,175,,,,,,physicalInteraction7.pcapng
"Nov 28, 2023 18:15:41.367960",1.029283,74,0xb1bf,0xffff,0x8841,37,0xb1bf,0xfffc,0x1209,,,physicalInteraction7.pcapng
"Nov 28, 2023 18:15:42.390563",1.022603,74,0x4e11,0xffff,0x8841,29,0x4e11,0xfffc,0x1209,,,physicalInteraction7.pcapng
"Nov 28, 2023 18:15:44.683587",2.293024,74,0xec7f,0xffff,0x8841,172,0xec7f,0xfffc,0x1209,,,physicalInteraction7.pcapng
"Nov 28, 2023 18:15:46.444485",1.760898,74,0x0000,0xffff,0x8841,46,0x0000,0xfffc,0x1209,,,physicalInteraction7.pcapng
"Nov 28, 2023 18:15:46.928504",0.484019,74,0x711c,0xffff,0x8841,176,0x711c,0xfffc,0x1209,,,physicalInteraction7.pcapng
"Nov 28, 2023 18:15:47.101670",0.173166,74,0x3d95,0xffff,0x8841,205,0x3d95,0xfffc,0x1209,,,physicalInteraction7.pcapng
"Nov 28, 2023 18:15:47.655354",0.553684,74,0x5bb9,0xffff,0x8841,240,0x5bb9,0xfffc,0x1209,,,physicalInteraction7.pcapng
"Nov 28, 2023 18:15:53.259132",5.603778,74,0xe1a6,0xffff,0x8841,122,0xe1a6,0xfffc,0x1209,,,physicalInteraction7.pcapng
"Nov 28, 2023 18:15:53.356489",,53,,,,,,,,,,physicalInteraction7.pcapng
"Nov 28, 2023 18:15:53.358568",0.002079,5,,,0x0002,38,,,,,,physicalInteraction7.pcapng
"Nov 28, 2023 18:15:53.377671",,45,,,,,,,,,,physicalInteraction7.pcapng
"Nov 28, 2023 18:15:53.379494",0.001823,5,,,0x0002,47,,,,,,physicalInteraction7.pcapng
"Nov 28, 2023 18:15:53.382484",,45,,,,,,,,,,physicalInteraction7.pcapng
"Nov 28, 2023 18:15:53.384278",0.001794,5,,,0x0002,177,,,,,,physicalInteraction7.pcapng
"Nov 28, 2023 18:15:55.159160",1.774882,65,0x1e15,0xffff,0x8841,225,0x1e15,0xfffc,0x1209,,,physicalInteraction7.pcapng
"Nov 28, 2023 18:15:56.413338",1.254178,74,0xb1bf,0xffff,0x8841,39,0xb1bf,0xfffc,0x1209,,,physicalInteraction7.pcapng
"Nov 28, 2023 18:15:57.986900",1.573562,74,0x4e11,0xffff,0x8841,30,0x4e11,0xfffc,0x1209,,,physicalInteraction7.pcapng
"Nov 28, 2023 18:16:02.101654",4.114754,74,0x711c,0xffff,0x8841,178,0x711c,0xfffc,0x1209,,,physicalInteraction7.pcapng
"Nov 28, 2023 18:16:02.154089",0.052435,74,0x3d95,0xffff,0x8841,206,0x3d95,0xfffc,0x1209,,,physicalInteraction7.pcapng
"Nov 28, 2023 18:16:02.213187",0.059098,74,0x5bb9,0xffff,0x8841,241,0x5bb9,0xfffc,0x1209,,,physicalInteraction7.pcapng
"Nov 28, 2023 18:16:02.378694",0.165507,74,0xec7f,0xffff,0x8841,173,0xec7f,0xfffc,0x1209,,,physicalInteraction7.pcapng
"Nov 28, 2023 18:16:03.832517",1.453823,74,0x0000,0xffff,0x8841,48,0x0000,0xfffc,0x1209,,,physicalInteraction7.pcapng
"Nov 28, 2023 18:16:08.170574",4.338057,74,0xe1a6,0xffff,0x8841,123,0xe1a6,0xfffc,0x1209,,,physicalInteraction7.pcapng
"Nov 28, 2023 18:16:09.198697",1.028123,74,0x0112,0xffff,0x8841,52,0x0112,0xfffc,0x1209,,,physicalInteraction7.pcapng
"Nov 28, 2023 18:16:10.131315",,52,,,,,,,,,,physicalInteraction7.pcapng
"Nov 28, 2023 18:16:10.133319",0.002004,5,,,0x0002,49,,,,,,physicalInteraction7.pcapng
"Nov 28, 2023 18:16:10.140962",,63,,,,,,,,,,physicalInteraction7.pcapng
"Nov 28, 2023 18:16:10.143361",0.002399,5,,,0x0002,124,,,,,,physicalInteraction7.pcapng
"Nov 28, 2023 18:16:10.162968",0.019607,65,0x1e15,0xffff,0x8841,226,0x1e15,0xfffc,0x1209,,,physicalInteraction7.pcapng
"Nov 28, 2023 18:16:10.173098",,52,,,,,,,,,,physicalInteraction7.pcapng
"Nov 28, 2023 18:16:10.175114",0.002016,5,,,0x0002,50,,,,,,physicalInteraction7.pcapng
"Nov 28, 2023 18:16:10.182768",,63,,,,,,,,,,physicalInteraction7.pcapng
"Nov 28, 2023 18:16:10.185167",0.002399,5,,,0x0002,207,,,,,,physicalInteraction7.pcapng
"Nov 28, 2023 18:16:10.189805",,45,,,,,,,,,,physicalInteraction7.pcapng
"Nov 28, 2023 18:16:10.191598",0.001793,5,,,0x0002,51,,,,,,physicalInteraction7.pcapng
"Nov 28, 2023 18:16:10.212718",,54,,,,,,,,,,physicalInteraction7.pcapng
"Nov 28, 2023 18:16:10.214798",0.002080,5,,,0x0002,52,,,,,,physicalInteraction7.pcapng
"Nov 28, 2023 18:16:10.223717",,66,,,,,,,,,,physicalInteraction7.pcapng
"Nov 28, 2023 18:16:10.226212",0.002495,5,,,0x0002,125,,,,,,physicalInteraction7.pcapng
"Nov 28, 2023 18:16:10.233301",,45,,,,,,,,,,physicalInteraction7.pcapng
"Nov 28, 2023 18:16:10.235093",0.001792,5,,,0x0002,53,,,,,,physicalInteraction7.pcapng
"Nov 28, 2023 18:16:10.247204",,54,,,,,,,,,,physicalInteraction7.pcapng
"Nov 28, 2023 18:16:10.249285",0.002081,5,,,0x0002,54,,,,,,physicalInteraction7.pcapng
"Nov 28, 2023 18:16:10.257223",,66,,,,,,,,,,physicalInteraction7.pcapng
"Nov 28, 2023 18:16:10.259718",0.002495,5,,,0x0002,208,,,,,,physicalInteraction7.pcapng
"Nov 28, 2023 18:16:10.264466",,54,,,,,,,,,,physicalInteraction7.pcapng
"Nov 28, 2023 18:16:10.266577",0.002111,5,,,0x0002,55,,,,,,physicalInteraction7.pcapng
"Nov 28, 2023 18:16:10.274981",,54,,,,,,,,,,physicalInteraction7.pcapng
"Nov 28, 2023 18:16:10.277061",0.002080,5,,,0x0002,179,,,,,,physicalInteraction7.pcapng
"Nov 28, 2023 18:16:10.281940",,52,,,,,,,,,,physicalInteraction7.pcapng
"Nov 28, 2023 18:16:10.283987",0.002047,5,,,0x0002,56,,,,,,physicalInteraction7.pcapng
"Nov 28, 2023 18:16:10.287413",,52,,,,,,,,,,physicalInteraction7.pcapng
"Nov 28, 2023 18:16:10.289294",,66,,,,,,,,,,physicalInteraction7.pcapng
"Nov 28, 2023 18:16:10.291789",0.002495,5,,,0x0002,40,,,,,,physicalInteraction7.pcapng
"Nov 28, 2023 18:16:10.292730",,52,,,,,,,,,,physicalInteraction7.pcapng
"Nov 28, 2023 18:16:10.296994",,52,,,,,,,,,,physicalInteraction7.pcapng
"Nov 28, 2023 18:16:10.299432",,66,,,,,,,,,,physicalInteraction7.pcapng
"Nov 28, 2023 18:16:10.301927",0.002495,5,,,0x0002,40,,,,,,physicalInteraction7.pcapng
"Nov 28, 2023 18:16:10.303027",,45,,,,,,,,,,physicalInteraction7.pcapng
"Nov 28, 2023 18:16:10.304820",0.001793,5,,,0x0002,57,,,,,,physicalInteraction7.pcapng
"Nov 28, 2023 18:16:10.306970",,52,,,,,,,,,,physicalInteraction7.pcapng
"Nov 28, 2023 18:16:10.308985",0.002015,5,,,0x0002,180,,,,,,physicalInteraction7.pcapng
"Nov 28, 2023 18:16:10.310997",,45,,,,,,,,,,physicalInteraction7.pcapng
"Nov 28, 2023 18:16:10.312790",0.001793,5,,,0x0002,58,,,,,,physicalInteraction7.pcapng
"Nov 28, 2023 18:16:10.316190",,63,,,,,,,,,,physicalInteraction7.pcapng
"Nov 28, 2023 18:16:10.318589",0.002399,5,,,0x0002,41,,,,,,physicalInteraction7.pcapng
"Nov 28, 2023 18:16:10.321295",,45,,,,,,,,,,physicalInteraction7.pcapng
"Nov 28, 2023 18:16:10.323118",0.001823,5,,,0x0002,59,,,,,,physicalInteraction7.pcapng
"Nov 28, 2023 18:16:10.327789",,45,,,,,,,,,,physicalInteraction7.pcapng
"Nov 28, 2023 18:16:10.329581",0.001792,5,,,0x0002,181,,,,,,physicalInteraction7.pcapng
"Nov 28, 2023 18:16:10.334627",,45,,,,,,,,,,physicalInteraction7.pcapng
"Nov 28, 2023 18:16:10.336450",0.001823,5,,,0x0002,60,,,,,,physicalInteraction7.pcapng
"Nov 28, 2023 18:16:10.338781",0.002331,45,0x2527,0x376c,0x8861,182,,,,,,physicalInteraction7.pcapng
"Nov 28, 2023 18:16:10.343520",,45,,,,,,,,,,physicalInteraction7.pcapng
"Nov 28, 2023 18:16:10.345312",0.001792,5,,,0x0002,182,,,,,,physicalInteraction7.pcapng
"Nov 28, 2023 18:16:11.389555",1.044243,74,0xb1bf,0xffff,0x8841,42,0xb1bf,0xfffc,0x1209,,,physicalInteraction7.pcapng
"Nov 28, 2023 18:16:13.916211",,63,,,,,,,,,,physicalInteraction7.pcapng
"Nov 28, 2023 18:16:13.918610",0.002399,5,,,0x0002,209,,,,,,physicalInteraction7.pcapng
"Nov 28, 2023 18:16:13.965266",,50,,,,,,,,,,physicalInteraction7.pcapng
"Nov 28, 2023 18:16:13.967219",0.001953,5,,,0x0002,61,,,,,,physicalInteraction7.pcapng
"Nov 28, 2023 18:16:13.972445",,45,,,,,,,,,,physicalInteraction7.pcapng
"Nov 28, 2023 18:16:13.974268",0.001823,5,,,0x0002,210,,,,,,physicalInteraction7.pcapng
"Nov 28, 2023 18:16:13.987561",,57,,,,,,,,,,physicalInteraction7.pcapng
"Nov 28, 2023 18:16:13.989768",0.002207,5,,,0x0002,211,,,,,,physicalInteraction7.pcapng
"Nov 28, 2023 18:16:14.030819",,50,,,,,,,,,,physicalInteraction7.pcapng
"Nov 28, 2023 18:16:14.032772",0.001953,5,,,0x0002,62,,,,,,physicalInteraction7.pcapng
"Nov 28, 2023 18:16:14.038141",,45,,,,,,,,,,physicalInteraction7.pcapng
"Nov 28, 2023 18:16:14.039963",0.001822,5,,,0x0002,212,,,,,,physicalInteraction7.pcapng
"Nov 28, 2023 18:16:14.323383",0.283420,74,0x4e11,0xffff,0x8841,31,0x4e11,0xfffc,0x1209,,,physicalInteraction7.pcapng
"Nov 28, 2023 18:16:16.985747",2.662364,74,0x711c,0xffff,0x8841,183,0x711c,0xfffc,0x1209,,,physicalInteraction7.pcapng
"Nov 28, 2023 18:16:17.138550",0.152803,74,0x3d95,0xffff,0x8841,213,0x3d95,0xfffc,0x1209,,,physicalInteraction7.pcapng
"Nov 28, 2023 18:16:18.076275",0.937725,74,0x5bb9,0xffff,0x8841,242,0x5bb9,0xfffc,0x1209,,,physicalInteraction7.pcapng
"Nov 28, 2023 18:16:19.208236",1.131961,74,0xec7f,0xffff,0x8841,174,0xec7f,0xfffc,0x1209,,,physicalInteraction7.pcapng
"Nov 28, 2023 18:16:20.461642",,57,,,,,,,,,,physicalInteraction7.pcapng
"Nov 28, 2023 18:16:20.463849",0.002207,5,,,0x0002,234,,,,,,physicalInteraction7.pcapng
"Nov 28, 2023 18:16:20.956539",0.492690,74,0x0000,0xffff,0x8841,63,0x0000,0xfffc,0x1209,,,physicalInteraction7.pcapng
"Nov 28, 2023 18:16:23.220950",2.264411,74,0xe1a6,0xffff,0x8841,126,0xe1a6,0xfffc,0x1209,,,physicalInteraction7.pcapng
"Nov 28, 2023 18:16:24.201249",0.980299,74,0x0112,0xffff,0x8841,53,0x0112,0xfffc,0x1209,,,physicalInteraction7.pcapng
"Nov 28, 2023 18:16:25.113859",0.912610,65,0x1e15,0xffff,0x8841,227,0x1e15,0xfffc,0x1209,,,physicalInteraction7.pcapng
"Nov 28, 2023 18:16:25.924916",0.811057,59,0x8338,0xffff,0x8842,194,,,,,,physicalInteraction7.pcapng
"Nov 28, 2023 18:16:26.379250",,53,,,,,,,,,,physicalInteraction7.pcapng
"Nov 28, 2023 18:16:26.381329",0.002079,5,,,0x0002,43,,,,,,physicalInteraction7.pcapng
"Nov 28, 2023 18:16:26.385835",0.004506,74,0xb1bf,0xffff,0x8841,44,0xb1bf,0xfffc,0x1209,,,physicalInteraction7.pcapng
"Nov 28, 2023 18:16:26.398359",,45,,,,,,,,,,physicalInteraction7.pcapng
"Nov 28, 2023 18:16:26.400182",0.001823,5,,,0x0002,64,,,,,,physicalInteraction7.pcapng
"Nov 28, 2023 18:16:26.404896",,45,,,,,,,,,,physicalInteraction7.pcapng
"Nov 28, 2023 18:16:26.406688",0.001792,5,,,0x0002,184,,,,,,physicalInteraction7.pcapng
"Nov 28, 2023 18:16:28.826342",2.419654,74,0x4e11,0xffff,0x8841,32,0x4e11,0xfffc,0x1209,,,physicalInteraction7.pcapng
"Nov 28, 2023 18:16:28.924776",0.098434,59,0xcaea,0xafff,0x8841,199,,,,,,physicalInteraction7.pcapng
"Nov 28, 2023 18:16:29.248147",0.323371,59,0x4308,0xffff,0x8841,184,,,,,,physicalInteraction7.pcapng
"Nov 28, 2023 18:16:32.076247",2.828100,74,0x3d95,0xffff,0x8841,214,0x3d95,0xfffc,0x1209,,,physicalInteraction7.pcapng
"Nov 28, 2023 18:16:32.856160",0.779913,74,0x711c,0xffff,0x8841,185,0x711c,0xfffc,0x1209,,,physicalInteraction7.pcapng
"Nov 28, 2023 18:16:35.064239",2.208079,74,0x5bb9,0xffff,0x8841,243,0x5bb9,0xfffc,0x1209,,,physicalInteraction7.pcapng
"Nov 28, 2023 18:16:35.823520",0.759281,74,0x0000,0xffff,0x8841,65,0x0000,0xfffc,0x1209,,,physicalInteraction7.pcapng
"Nov 28, 2023 18:16:36.448504",0.624984,74,0xec7f,0xffff,0x8841,175,0xec7f,0xfffc,0x1209,,,physicalInteraction7.pcapng
"Nov 28, 2023 18:16:38.235521",1.787017,74,0xe1a6,0xffff,0x8841,127,0xe1a6,0xfffc,0x1209,,,physicalInteraction7.pcapng
"Nov 28, 2023 18:16:38.573960",0.338439,59,0x3508,0x1fff,0x8841,205,,,,,,physicalInteraction7.pcapng
"Nov 28, 2023 18:16:40.073650",1.499690,65,0x1e15,0xffff,0x8841,228,0x1e15,0xfffc,0x1209,,,physicalInteraction7.pcapng
"Nov 28, 2023 18:16:40.140638",,52,,,,,,,,,,physicalInteraction7.pcapng
"Nov 28, 2023 18:16:40.142643",0.002005,5,,,0x0002,66,,,,,,physicalInteraction7.pcapng
"Nov 28, 2023 18:16:40.150981",,63,,,,,,,,,,physicalInteraction7.pcapng
"Nov 28, 2023 18:16:40.153380",0.002399,5,,,0x0002,128,,,,,,physicalInteraction7.pcapng
"Nov 28, 2023 18:16:40.175697",,52,,,,,,,,,,physicalInteraction7.pcapng
"Nov 28, 2023 18:16:40.177701",0.002004,5,,,0x0002,67,,,,,,physicalInteraction7.pcapng
"Nov 28, 2023 18:16:40.185437",,63,,,,,,,,,,physicalInteraction7.pcapng
"Nov 28, 2023 18:16:40.187836",0.002399,5,,,0x0002,215,,,,,,physicalInteraction7.pcapng
"Nov 28, 2023 18:16:40.188854",,45,,,,,,,,,,physicalInteraction7.pcapng
"Nov 28, 2023 18:16:40.190646",0.001792,5,,,0x0002,68,,,,,,physicalInteraction7.pcapng
"Nov 28, 2023 18:16:40.209189",,54,,,,,,,,,,physicalInteraction7.pcapng
"Nov 28, 2023 18:16:40.211269",0.002080,5,,,0x0002,69,,,,,,physicalInteraction7.pcapng
"Nov 28, 2023 18:16:40.219348",,66,,,,,,,,,,physicalInteraction7.pcapng
"Nov 28, 2023 18:16:40.221843",0.002495,5,,,0x0002,129,,,,,,physicalInteraction7.pcapng
"Nov 28, 2023 18:16:40.223231",,45,,,,,,,,,,physicalInteraction7.pcapng
"Nov 28, 2023 18:16:40.225025",0.001794,5,,,0x0002,70,,,,,,physicalInteraction7.pcapng
"Nov 28, 2023 18:16:40.248843",,54,,,,,,,,,,physicalInteraction7.pcapng
"Nov 28, 2023 18:16:40.250912",0.002069,5,,,0x0002,71,,,,,,physicalInteraction7.pcapng
"Nov 28, 2023 18:16:40.258660",,66,,,,,,,,,,physicalInteraction7.pcapng
"Nov 28, 2023 18:16:40.261154",0.002494,5,,,0x0002,216,,,,,,physicalInteraction7.pcapng
"Nov 28, 2023 18:16:40.266415",,54,,,,,,,,,,physicalInteraction7.pcapng
"Nov 28, 2023 18:16:40.268526",0.002111,5,,,0x0002,72,,,,,,physicalInteraction7.pcapng
"Nov 28, 2023 18:16:40.271014",,54,,,,,,,,,,physicalInteraction7.pcapng
"Nov 28, 2023 18:16:40.280326",,66,,,,,,,,,,physicalInteraction7.pcapng
"Nov 28, 2023 18:16:40.282821",0.002495,5,,,0x0002,45,,,,,,physicalInteraction7.pcapng
"Nov 28, 2023 18:16:40.284241",,45,,,,,,,,,,physicalInteraction7.pcapng
"Nov 28, 2023 18:16:40.286032",0.001791,5,,,0x0002,73,,,,,,physicalInteraction7.pcapng
"Nov 28, 2023 18:16:40.298974",,52,,,,,,,,,,physicalInteraction7.pcapng
"Nov 28, 2023 18:16:40.301021",0.002047,5,,,0x0002,74,,,,,,physicalInteraction7.pcapng
"Nov 28, 2023 18:16:40.305768",,52,,,,,,,,,,physicalInteraction7.pcapng
"Nov 28, 2023 18:16:40.307784",0.002016,5,,,0x0002,187,,,,,,physicalInteraction7.pcapng
"Nov 28, 2023 18:16:40.310227",,45,,,,,,,,,,physicalInteraction7.pcapng
"Nov 28, 2023 18:16:40.312019",0.001792,5,,,0x0002,75,,,,,,physicalInteraction7.pcapng
"Nov 28, 2023 18:16:40.314901",,63,,,,,,,,,,physicalInteraction7.pcapng
"Nov 28, 2023 18:16:40.317300",0.002399,5,,,0x0002,46,,,,,,physicalInteraction7.pcapng
"Nov 28, 2023 18:16:40.318400",,45,,,,,,,,,,physicalInteraction7.pcapng
"Nov 28, 2023 18:16:40.320223",0.001823,5,,,0x0002,76,,,,,,physicalInteraction7.pcapng
"Nov 28, 2023 18:16:40.324650",,45,,,,,,,,,,physicalInteraction7.pcapng
"Nov 28, 2023 18:16:40.326443",0.001793,5,,,0x0002,188,,,,,,physicalInteraction7.pcapng
"Nov 28, 2023 18:16:40.331958",,45,,,,,,,,,,physicalInteraction7.pcapng
"Nov 28, 2023 18:16:40.333781",0.001823,5,,,0x0002,77,,,,,,physicalInteraction7.pcapng
"Nov 28, 2023 18:16:40.336524",,45,,,,,,,,,,physicalInteraction7.pcapng
"Nov 28, 2023 18:16:40.338316",0.001792,5,,,0x0002,189,,,,,,physicalInteraction7.pcapng
"Nov 28, 2023 18:16:41.251942",0.913626,62,0x43a8,0xffff,0x884f,208,,,,,,physicalInteraction7.pcapng
"Nov 28, 2023 18:16:41.504741",0.252799,74,0xb1bf,0xffff,0x8841,47,0xb1bf,0xfffc,0x1209,,,physicalInteraction7.pcapng
"Nov 28, 2023 18:16:47.152944",5.648203,74,0x3d95,0xffff,0x8841,217,0x3d95,0xfffc,0x1209,,,physicalInteraction7.pcapng
"Nov 28, 2023 18:16:48.907333",1.754389,74,0x711c,0xffff,0x8841,190,0x711c,0xfffc,0x1209,,,physicalInteraction7.pcapng
"Nov 28, 2023 18:16:50.238768",,57,,,,,,,,,,physicalInteraction7.pcapng
"Nov 28, 2023 18:16:50.240975",0.002207,5,,,0x0002,235,,,,,,physicalInteraction7.pcapng
"Nov 28, 2023 18:16:51.449887",1.208912,74,0xec7f,0xffff,0x8841,176,0xec7f,0xfffc,0x1209,,,physicalInteraction7.pcapng
"Nov 28, 2023 18:16:52.709952",,60,,,,,,,,,,physicalInteraction7.pcapng
"Nov 28, 2023 18:16:52.714801",,60,,,,,,,,,,physicalInteraction7.pcapng
"Nov 28, 2023 18:16:52.717104",0.002303,5,,,0x0002,48,,,,,,physicalInteraction7.pcapng
"Nov 28, 2023 18:16:52.759144",,50,,,,,,,,,,physicalInteraction7.pcapng
"Nov 28, 2023 18:16:52.761127",0.001983,5,,,0x0002,78,,,,,,physicalInteraction7.pcapng
"Nov 28, 2023 18:16:52.764548",,50,,,,,,,,,,physicalInteraction7.pcapng
"Nov 28, 2023 18:16:52.771450",,45,,,,,,,,,,physicalInteraction7.pcapng
"Nov 28, 2023 18:16:52.773273",0.001823,5,,,0x0002,49,,,,,,physicalInteraction7.pcapng
"Nov 28, 2023 18:16:53.033429",0.260156,74,0x0000,0xffff,0x8841,79,0x0000,0xfffc,0x1209,,,physicalInteraction7.pcapng
"Nov 28, 2023 18:16:53.237323",0.203894,74,0xe1a6,0xffff,0x8841,130,0xe1a6,0xfffc,0x1209,,,physicalInteraction7.pcapng
"Nov 28, 2023 18:16:54.565022",,57,,,,,,,,,,physicalInteraction7.pcapng
"Nov 28, 2023 18:16:54.567229",0.002207,5,,,0x0002,131,,,,,,physicalInteraction7.pcapng
"Nov 28, 2023 18:16:54.609306",,50,,,,,,,,,,physicalInteraction7.pcapng
"Nov 28, 2023 18:16:54.611260",0.001954,5,,,0x0002,80,,,,,,physicalInteraction7.pcapng
"Nov 28, 2023 18:16:54.616815",,45,,,,,,,,,,physicalInteraction7.pcapng
"Nov 28, 2023 18:16:54.618638",0.001823,5,,,0x0002,132,,,,,,physicalInteraction7.pcapng
"Nov 28, 2023 18:16:54.631123",,63,,,,,,,,,,physicalInteraction7.pcapng
"Nov 28, 2023 18:16:54.636176",,63,,,,,,,,,,physicalInteraction7.pcapng
"Nov 28, 2023 18:16:54.638575",0.002399,5,,,0x0002,133,,,,,,physicalInteraction7.pcapng
"Nov 28, 2023 18:16:54.685206",,50,,,,,,,,,,physicalInteraction7.pcapng
"Nov 28, 2023 18:16:54.687170",0.001964,5,,,0x0002,81,,,,,,physicalInteraction7.pcapng
"Nov 28, 2023 18:16:54.692449",,45,,,,,,,,,,physicalInteraction7.pcapng
"Nov 28, 2023 18:16:54.694272",0.001823,5,,,0x0002,134,,,,,,physicalInteraction7.pcapng
"Nov 28, 2023 18:16:55.065493",0.371221,65,0x1e15,0xffff,0x8841,229,0x1e15,0xfffc,0x1209,,,physicalInteraction7.pcapng
"Nov 28, 2023 18:16:56.465396",1.399903,74,0xb1bf,0xffff,0x8841,50,0xb1bf,0xfffc,0x1209,,,physicalInteraction7.pcapng
"Nov 28, 2023 18:16:57.401586",,53,,,,,,,,,,physicalInteraction7.pcapng
"Nov 28, 2023 18:16:57.403665",0.002079,5,,,0x0002,51,,,,,,physicalInteraction7.pcapng
"Nov 28, 2023 18:16:57.416121",,45,,,,,,,,,,physicalInteraction7.pcapng
"Nov 28, 2023 18:16:57.417944",0.001823,5,,,0x0002,82,,,,,,physicalInteraction7.pcapng
"Nov 28, 2023 18:16:57.422666",,45,,,,,,,,,,physicalInteraction7.pcapng
"Nov 28, 2023 18:16:57.424457",0.001791,5,,,0x0002,192,,,,,,physicalInteraction7.pcapng
"Nov 28, 2023 18:16:58.282700",0.858243,47,0x4358,0xffff,0x8841,220,,,,,,physicalInteraction7.pcapng
"Nov 28, 2023 18:16:59.498824",1.216124,74,0x4e11,0xffff,0x8841,34,0x4e11,0xfffc,0x1209,,,physicalInteraction7.pcapng
"Nov 28, 2023 18:16:59.530144",,60,,,,,,,,,,physicalInteraction7.pcapng
"Nov 28, 2023 18:16:59.532447",0.002303,5,,,0x0002,135,,,,,,physicalInteraction7.pcapng
"Nov 28, 2023 18:16:59.573454",,50,,,,,,,,,,physicalInteraction7.pcapng
"Nov 28, 2023 18:16:59.575398",0.001944,5,,,0x0002,83,,,,,,physicalInteraction7.pcapng
"Nov 28, 2023 18:16:59.580574",,45,,,,,,,,,,physicalInteraction7.pcapng
"Nov 28, 2023 18:16:59.582397",0.001823,5,,,0x0002,136,,,,,,physicalInteraction7.pcapng
"Nov 28, 2023 18:17:02.117724",2.535327,74,0x3d95,0xffff,0x8841,218,0x3d95,0xfffc,0x1209,,,physicalInteraction7.pcapng
"Nov 28, 2023 18:17:02.253381",0.135657,59,0x4308,0xffff,0x8841,222,,,,,,physicalInteraction7.pcapng
"Nov 28, 2023 18:17:02.892120",0.638739,59,0x4308,0xffff,0x8841,224,,,,,,physicalInteraction7.pcapng
"Nov 28, 2023 18:17:04.405496",,53,,,,,,,,,,physicalInteraction7.pcapng
"Nov 28, 2023 18:17:04.407575",0.002079,5,,,0x0002,52,,,,,,physicalInteraction7.pcapng
"Nov 28, 2023 18:17:04.411280",0.003705,74,0x711c,0xffff,0x8841,193,0x711c,0xfffc,0x1209,,,physicalInteraction7.pcapng
"Nov 28, 2023 18:17:04.425161",,45,,,,,,,,,,physicalInteraction7.pcapng
"Nov 28, 2023 18:17:04.426984",0.001823,5,,,0x0002,84,,,,,,physicalInteraction7.pcapng
"Nov 28, 2023 18:17:04.430415",,45,,,,,,,,,,physicalInteraction7.pcapng
"Nov 28, 2023 18:17:04.432206",0.001791,5,,,0x0002,194,,,,,,physicalInteraction7.pcapng
"Nov 28, 2023 18:17:04.551264",0.119058,55,0x187a,0x0000,0x8861,192,,,,,,physicalInteraction7.pcapng
"Nov 28, 2023 18:17:04.553407",0.002143,5,,,0x0002,192,,,,,,physicalInteraction7.pcapng
"Nov 28, 2023 18:17:05.766846",1.213439,74,0xec7f,0xffff,0x8841,177,0xec7f,0xfffc,0x1209,,,physicalInteraction7.pcapng
"Nov 28, 2023 18:17:07.094797",1.327951,74,0x0000,0xffff,0x8841,85,0x0000,0xfffc,0x1209,,,physicalInteraction7.pcapng
"Nov 28, 2023 18:17:08.196909",1.102112,74,0xe1a6,0xffff,0x8841,137,0xe1a6,0xfffc,0x1209,,,physicalInteraction7.pcapng
"Nov 28, 2023 18:17:09.892868",1.695959,74,0x5bb9,0xffff,0x8841,245,0x5bb9,0xfffc,0x1209,,,physicalInteraction7.pcapng
"Nov 28, 2023 18:17:10.139114",,52,,,,,,,,,,physicalInteraction7.pcapng
"Nov 28, 2023 18:17:10.141122",0.002008,5,,,0x0002,86,,,,,,physicalInteraction7.pcapng
"Nov 28, 2023 18:17:10.148679",,63,,,,,,,,,,physicalInteraction7.pcapng
"Nov 28, 2023 18:17:10.151078",0.002399,5,,,0x0002,138,,,,,,physicalInteraction7.pcapng
"Nov 28, 2023 18:17:10.173235",,52,,,,,,,,,,physicalInteraction7.pcapng
"Nov 28, 2023 18:17:10.175253",0.002018,5,,,0x0002,87,,,,,,physicalInteraction7.pcapng
"Nov 28, 2023 18:17:10.182163",0.006910,65,0x1e15,0xffff,0x8841,230,0x1e15,0xfffc,0x1209,,,physicalInteraction7.pcapng
"Nov 28, 2023 18:17:10.186084",,45,,,,,,,,,,physicalInteraction7.pcapng
"Nov 28, 2023 18:17:10.191428",,45,,,,,,,,,,physicalInteraction7.pcapng
"Nov 28, 2023 18:17:10.196441",,63,,,,,,,,,,physicalInteraction7.pcapng
"Nov 28, 2023 18:17:10.198840",0.002399,5,,,0x0002,219,,,,,,physicalInteraction7.pcapng
"Nov 28, 2023 18:17:10.204100",,45,,,,,,,,,,physicalInteraction7.pcapng
"Nov 28, 2023 18:17:10.205884",0.001784,5,,,0x0002,88,,,,,,physicalInteraction7.pcapng
"Nov 28, 2023 18:17:10.221680",,54,,,,,,,,,,physicalInteraction7.pcapng
"Nov 28, 2023 18:17:10.223750",0.002070,5,,,0x0002,89,,,,,,physicalInteraction7.pcapng
"Nov 28, 2023 18:17:10.231735",,66,,,,,,,,,,physicalInteraction7.pcapng
"Nov 28, 2023 18:17:10.234230",0.002495,5,,,0x0002,139,,,,,,physicalInteraction7.pcapng
"Nov 28, 2023 18:17:10.241503",,54,,,,,,,,,,physicalInteraction7.pcapng
"Nov 28, 2023 18:17:10.243583",0.002080,5,,,0x0002,90,,,,,,physicalInteraction7.pcapng
"Nov 28, 2023 18:17:10.251247",,66,,,,,,,,,,physicalInteraction7.pcapng
"Nov 28, 2023 18:17:10.253742",0.002495,5,,,0x0002,220,,,,,,physicalInteraction7.pcapng
"Nov 28, 2023 18:17:10.269464",,45,,,,,,,,,,physicalInteraction7.pcapng
"Nov 28, 2023 18:17:10.271256",0.001792,5,,,0x0002,91,,,,,,physicalInteraction7.pcapng
"Nov 28, 2023 18:17:10.289294",,54,,,,,,,,,,physicalInteraction7.pcapng
"Nov 28, 2023 18:17:10.291405",0.002111,5,,,0x0002,92,,,,,,physicalInteraction7.pcapng
"Nov 28, 2023 18:17:10.294768",,54,,,,,,,,,,physicalInteraction7.pcapng
"Nov 28, 2023 18:17:10.296841",0.002073,5,,,0x0002,195,,,,,,physicalInteraction7.pcapng
"Nov 28, 2023 18:17:10.302362",,52,,,,,,,,,,physicalInteraction7.pcapng
"Nov 28, 2023 18:17:10.304410",0.002048,5,,,0x0002,93,,,,,,physicalInteraction7.pcapng
"Nov 28, 2023 18:17:10.308712",,52,,,,,,,,,,physicalInteraction7.pcapng
"Nov 28, 2023 18:17:10.313069",,52,,,,,,,,,,physicalInteraction7.pcapng
"Nov 28, 2023 18:17:10.318009",,45,,,,,,,,,,physicalInteraction7.pcapng
"Nov 28, 2023 18:17:10.319790",0.001781,5,,,0x0002,94,,,,,,physicalInteraction7.pcapng
"Nov 28, 2023 18:17:10.325358",,45,,,,,,,,,,physicalInteraction7.pcapng
"Nov 28, 2023 18:17:10.327151",0.001793,5,,,0x0002,95,,,,,,physicalInteraction7.pcapng
"Nov 28, 2023 18:17:10.330098",,52,,,,,,,,,,physicalInteraction7.pcapng
"Nov 28, 2023 18:17:10.336651",,66,,,,,,,,,,physicalInteraction7.pcapng
"Nov 28, 2023 18:17:10.339146",0.002495,5,,,0x0002,54,,,,,,physicalInteraction7.pcapng
"Nov 28, 2023 18:17:10.351535",,52,,,,,,,,,,physicalInteraction7.pcapng
"Nov 28, 2023 18:17:10.353551",0.002016,5,,,0x0002,197,,,,,,physicalInteraction7.pcapng
"Nov 28, 2023 18:17:10.355098",,45,,,,,,,,,,physicalInteraction7.pcapng
"Nov 28, 2023 18:17:10.356921",0.001823,5,,,0x0002,96,,,,,,physicalInteraction7.pcapng
"Nov 28, 2023 18:17:10.360807",,63,,,,,,,,,,physicalInteraction7.pcapng
"Nov 28, 2023 18:17:10.363206",0.002399,5,,,0x0002,55,,,,,,physicalInteraction7.pcapng
"Nov 28, 2023 18:17:10.366273",,45,,,,,,,,,,physicalInteraction7.pcapng
"Nov 28, 2023 18:17:10.368065",0.001792,5,,,0x0002,198,,,,,,physicalInteraction7.pcapng
"Nov 28, 2023 18:17:10.379329",,45,,,,,,,,,,physicalInteraction7.pcapng
"Nov 28, 2023 18:17:10.381152",0.001823,5,,,0x0002,97,,,,,,physicalInteraction7.pcapng
"Nov 28, 2023 18:17:10.385747",,45,,,,,,,,,,physicalInteraction7.pcapng
"Nov 28, 2023 18:17:10.387539",0.001792,5,,,0x0002,199,,,,,,physicalInteraction7.pcapng
"Nov 28, 2023 18:17:11.423486",1.035947,71,0xb1bf,0xffff,0x8841,56,0xb1bf,0xfffc,0x1209,,,physicalInteraction7.pcapng
"Nov 28, 2023 18:17:16.748054",5.324568,74,0x4e11,0xffff,0x8841,35,0x4e11,0xfffc,0x1209,,,physicalInteraction7.pcapng
"Nov 28, 2023 18:17:17.176761",0.428707,74,0x3d95,0xffff,0x8841,221,0x3d95,0xfffc,0x1209,,,physicalInteraction7.pcapng
"Nov 28, 2023 18:17:21.238947",4.062186,74,0x711c,0xffff,0x8841,200,0x711c,0xfffc,0x1209,,,physicalInteraction7.pcapng
"Nov 28, 2023 18:17:21.372743",0.133796,74,0xec7f,0xffff,0x8841,178,0xec7f,0xfffc,0x1209,,,physicalInteraction7.pcapng
"Nov 28, 2023 18:17:23.216656",1.843913,74,0xe1a6,0xffff,0x8841,140,0xe1a6,0xfffc,0x1209,,,physicalInteraction7.pcapng
"Nov 28, 2023 18:17:24.206980",0.990324,74,0x0112,0xffff,0x8841,57,0x0112,0xfffc,0x1209,,,physicalInteraction7.pcapng
"Nov 28, 2023 18:17:24.267307",0.060327,74,0x0000,0xffff,0x8841,98,0x0000,0xfffc,0x1209,,,physicalInteraction7.pcapng
"Nov 28, 2023 18:17:25.067833",0.800526,65,0x1e15,0xffff,0x8841,231,0x1e15,0xfffc,0x1209,,,physicalInteraction7.pcapng
"Nov 28, 2023 18:17:25.911490",0.843657,107,0x5bb9,0xffff,0x886b,246,,,,,,physicalInteraction7.pcapng
"Nov 28, 2023 18:17:26.470887",0.559397,71,0xb1bf,0xffff,0x8841,57,0xb1bf,0xfffc,0x1209,,,physicalInteraction7.pcapng
"Nov 28, 2023 18:17:30.197497",,57,,,,,,,,,,physicalInteraction7.pcapng
"Nov 28, 2023 18:17:30.199704",0.002207,5,,,0x0002,236,,,,,,physicalInteraction7.pcapng
"Nov 28, 2023 18:17:30.460512",0.260808,74,0x4e11,0xffff,0x8841,36,0x4e11,0xfffc,0x1209,,,physicalInteraction7.pcapng
"Nov 28, 2023 18:17:32.141284",1.680772,74,0x3d95,0xffff,0x8841,222,0x3d95,0xfffc,0x1209,,,physicalInteraction7.pcapng
"Nov 28, 2023 18:17:33.177051",,50,,,,,,,,,,physicalInteraction7.pcapng
"Nov 28, 2023 18:17:33.181854",,50,,,,,,,,,,physicalInteraction7.pcapng
"Nov 28, 2023 18:17:33.188408",,50,,,,,,,,,,physicalInteraction7.pcapng
"Nov 28, 2023 18:17:33.192894",,50,,,,,,,,,,physicalInteraction7.pcapng
"Nov 28, 2023 18:17:33.224957",,50,,,,,,,,,,physicalInteraction7.pcapng
"Nov 28, 2023 18:17:33.230147",,50,,,,,,,,,,physicalInteraction7.pcapng
"Nov 28, 2023 18:17:33.233527",,50,,,,,,,,,,physicalInteraction7.pcapng
"Nov 28, 2023 18:17:33.238399",,50,,,,,,,,,,physicalInteraction7.pcapng
"Nov 28, 2023 18:17:33.261132",,50,,,,,,,,,,physicalInteraction7.pcapng
"Nov 28, 2023 18:17:33.264919",,50,,,,,,,,,,physicalInteraction7.pcapng
"Nov 28, 2023 18:17:33.270334",,50,,,,,,,,,,physicalInteraction7.pcapng
"Nov 28, 2023 18:17:33.274034",,50,,,,,,,,,,physicalInteraction7.pcapng
"Nov 28, 2023 18:17:33.298469",,50,,,,,,,,,,physicalInteraction7.pcapng
"Nov 28, 2023 18:17:33.301821",,50,,,,,,,,,,physicalInteraction7.pcapng
"Nov 28, 2023 18:17:33.306760",,50,,,,,,,,,,physicalInteraction7.pcapng
"Nov 28, 2023 18:17:33.312227",,50,,,,,,,,,,physicalInteraction7.pcapng
"Nov 28, 2023 18:17:33.344613",,50,,,,,,,,,,physicalInteraction7.pcapng
"Nov 28, 2023 18:17:33.348244",,50,,,,,,,,,,physicalInteraction7.pcapng
"Nov 28, 2023 18:17:33.353018",,50,,,,,,,,,,physicalInteraction7.pcapng
"Nov 28, 2023 18:17:33.357206",,50,,,,,,,,,,physicalInteraction7.pcapng
"Nov 28, 2023 18:17:33.398555",,50,,,,,,,,,,physicalInteraction7.pcapng
"Nov 28, 2023 18:17:33.402495",,50,,,,,,,,,,physicalInteraction7.pcapng
"Nov 28, 2023 18:17:33.406208",,50,,,,,,,,,,physicalInteraction7.pcapng
"Nov 28, 2023 18:17:33.409161",,50,,,,,,,,,,physicalInteraction7.pcapng
"Nov 28, 2023 18:17:33.475879",,50,,,,,,,,,,physicalInteraction7.pcapng
"Nov 28, 2023 18:17:33.479569",,50,,,,,,,,,,physicalInteraction7.pcapng
"Nov 28, 2023 18:17:33.482744",,50,,,,,,,,,,physicalInteraction7.pcapng
"Nov 28, 2023 18:17:33.487298",,50,,,,,,,,,,physicalInteraction7.pcapng
"Nov 28, 2023 18:17:33.532788",,50,,,,,,,,,,physicalInteraction7.pcapng
"Nov 28, 2023 18:17:33.537535",,50,,,,,,,,,,physicalInteraction7.pcapng
"Nov 28, 2023 18:17:33.542043",,50,,,,,,,,,,physicalInteraction7.pcapng
"Nov 28, 2023 18:17:33.545050",,50,,,,,,,,,,physicalInteraction7.pcapng
"Nov 28, 2023 18:17:33.581629",,50,,,,,,,,,,physicalInteraction7.pcapng
"Nov 28, 2023 18:17:33.585734",,50,,,,,,,,,,physicalInteraction7.pcapng
"Nov 28, 2023 18:17:33.590020",,50,,,,,,,,,,physicalInteraction7.pcapng
"Nov 28, 2023 18:17:33.593986",,50,,,,,,,,,,physicalInteraction7.pcapng
"Nov 28, 2023 18:17:33.646312",,50,,,,,,,,,,physicalInteraction7.pcapng
"Nov 28, 2023 18:17:33.651379",,50,,,,,,,,,,physicalInteraction7.pcapng
"Nov 28, 2023 18:17:33.655078",,50,,,,,,,,,,physicalInteraction7.pcapng
"Nov 28, 2023 18:17:33.658672",,50,,,,,,,,,,physicalInteraction7.pcapng
"Nov 28, 2023 18:17:33.711465",,50,,,,,,,,,,physicalInteraction7.pcapng
"Nov 28, 2023 18:17:33.714932",,50,,,,,,,,,,physicalInteraction7.pcapng
"Nov 28, 2023 18:17:33.719165",,50,,,,,,,,,,physicalInteraction7.pcapng
"Nov 28, 2023 18:17:33.722493",,50,,,,,,,,,,physicalInteraction7.pcapng
"Nov 28, 2023 18:17:37.940361",4.217868,59,,,0xb841,191,,,,,,physicalInteraction7.pcapng
"Nov 28, 2023 18:17:38.038111",0.097750,74,0xec7f,0xffff,0x8841,179,0xec7f,0xfffc,0x1209,,,physicalInteraction7.pcapng
"Nov 28, 2023 18:17:38.204376",0.166265,74,0xe1a6,0xffff,0x8841,141,0xe1a6,0xfffc,0x1209,,,physicalInteraction7.pcapng
"Nov 28, 2023 18:17:38.268057",0.063681,59,0x4308,0xffff,0x8841,248,0x4308,0xfffc,0x1209,,,physicalInteraction7.pcapng
"Nov 28, 2023 18:17:38.425352",0.157295,74,0x711c,0xffff,0x8841,201,0x711c,0xfffc,0x1209,,,physicalInteraction7.pcapng
"Nov 28, 2023 18:17:38.580329",0.154977,74,0x0000,0xffff,0x8841,110,0x0000,0xfffc,0x1209,,,physicalInteraction7.pcapng
"Nov 28, 2023 18:17:38.908052",0.327723,59,0x4308,0xffff,0x8841,250,0x4308,0xfffc,0x1209,,,physicalInteraction7.pcapng
"Nov 28, 2023 18:17:39.194808",0.286756,71,0x0112,0xffff,0x8841,58,0x0112,0xfffc,0x1209,,,physicalInteraction7.pcapng
"Nov 28, 2023 18:17:40.146890",,52,,,,,,,,,,physicalInteraction7.pcapng
"Nov 28, 2023 18:17:40.154747",,52,,,,,,,,,,physicalInteraction7.pcapng
"Nov 28, 2023 18:17:40.156762",0.002015,5,,,0x0002,111,,,,,,physicalInteraction7.pcapng
"Nov 28, 2023 18:17:40.164667",0.007905,65,0x1e15,0xffff,0x8841,232,0x1e15,0xfffc,0x1209,,,physicalInteraction7.pcapng
"Nov 28, 2023 18:17:40.172411",,63,,,,,,,,,,physicalInteraction7.pcapng
"Nov 28, 2023 18:17:40.174809",0.002398,5,,,0x0002,142,,,,,,physicalInteraction7.pcapng
"Nov 28, 2023 18:17:40.177396",,52,,,,,,,,,,physicalInteraction7.pcapng
"Nov 28, 2023 18:17:40.179413",0.002017,5,,,0x0002,112,,,,,,physicalInteraction7.pcapng
"Nov 28, 2023 18:17:40.187285",,63,,,,,,,,,,physicalInteraction7.pcapng
"Nov 28, 2023 18:17:40.189684",0.002399,5,,,0x0002,223,,,,,,physicalInteraction7.pcapng
"Nov 28, 2023 18:17:40.217934",,54,,,,,,,,,,physicalInteraction7.pcapng
"Nov 28, 2023 18:17:40.220033",0.002099,5,,,0x0002,113,,,,,,physicalInteraction7.pcapng
"Nov 28, 2023 18:17:40.228023",,66,,,,,,,,,,physicalInteraction7.pcapng
"Nov 28, 2023 18:17:40.230518",0.002495,5,,,0x0002,143,,,,,,physicalInteraction7.pcapng
"Nov 28, 2023 18:17:40.235603",,45,,,,,,,,,,physicalInteraction7.pcapng
"Nov 28, 2023 18:17:40.237384",0.001781,5,,,0x0002,114,,,,,,physicalInteraction7.pcapng
"Nov 28, 2023 18:17:40.249186",,54,,,,,,,,,,physicalInteraction7.pcapng
"Nov 28, 2023 18:17:40.253738",,54,,,,,,,,,,physicalInteraction7.pcapng
"Nov 28, 2023 18:17:40.255818",0.002080,5,,,0x0002,115,,,,,,physicalInteraction7.pcapng
"Nov 28, 2023 18:17:40.263625",,66,,,,,,,,,,physicalInteraction7.pcapng
"Nov 28, 2023 18:17:40.266120",0.002495,5,,,0x0002,224,,,,,,physicalInteraction7.pcapng
"Nov 28, 2023 18:17:40.268558",,45,,,,,,,,,,physicalInteraction7.pcapng
"Nov 28, 2023 18:17:40.270339",0.001781,5,,,0x0002,116,,,,,,physicalInteraction7.pcapng
"Nov 28, 2023 18:17:40.289853",,54,,,,,,,,,,physicalInteraction7.pcapng
"Nov 28, 2023 18:17:40.291964",0.002111,5,,,0x0002,117,,,,,,physicalInteraction7.pcapng
"Nov 28, 2023 18:17:40.294405",,54,,,,,,,,,,physicalInteraction7.pcapng
"Nov 28, 2023 18:17:40.296485",0.002080,5,,,0x0002,202,,,,,,physicalInteraction7.pcapng
"Nov 28, 2023 18:17:40.302766",,52,,,,,,,,,,physicalInteraction7.pcapng
"Nov 28, 2023 18:17:40.307196",,52,,,,,,,,,,physicalInteraction7.pcapng
"Nov 28, 2023 18:17:40.309243",0.002047,5,,,0x0002,118,,,,,,physicalInteraction7.pcapng
"Nov 28, 2023 18:17:40.312283",,52,,,,,,,,,,physicalInteraction7.pcapng
"Nov 28, 2023 18:17:40.316843",0.004560,52,,,,,,,,,,physicalInteraction7.pcapng
"Nov 28, 2023 18:17:40.323173",,52,,,,,,,,,,physicalInteraction7.pcapng
"Nov 28, 2023 18:17:40.325188",0.002015,5,,,0x0002,203,,,,,,physicalInteraction7.pcapng
"Nov 28, 2023 18:17:40.326830",0.001642,106,,,,,,,,,,physicalInteraction7.pcapng
"Nov 28, 2023 18:17:40.331585",,45,,,,,,,,,,physicalInteraction7.pcapng
"Nov 28, 2023 18:17:40.333372",0.001787,5,,,0x0002,119,,,,,,physicalInteraction7.pcapng
"Nov 28, 2023 18:17:40.334125",,66,,,,,,,,,,physicalInteraction7.pcapng
"Nov 28, 2023 18:17:40.336620",0.002495,5,,,0x0002,59,,,,,,physicalInteraction7.pcapng
"Nov 28, 2023 18:17:40.337560",,63,,,,,,,,,,physicalInteraction7.pcapng
"Nov 28, 2023 18:17:40.339959",0.002399,5,,,0x0002,60,,,,,,physicalInteraction7.pcapng
"Nov 28, 2023 18:17:40.351853",,45,,,,,,,,,,physicalInteraction7.pcapng
"Nov 28, 2023 18:17:40.360835",,45,,,,,,,,,,physicalInteraction7.pcapng
"Nov 28, 2023 18:17:40.362626",0.001791,5,,,0x0002,120,,,,,,physicalInteraction7.pcapng
"Nov 28, 2023 18:17:40.368887",,45,,,,,,,,,,physicalInteraction7.pcapng
"Nov 28, 2023 18:17:40.370710",0.001823,5,,,0x0002,121,,,,,,physicalInteraction7.pcapng
"Nov 28, 2023 18:17:40.373021",,45,,,,,,,,,,physicalInteraction7.pcapng
"Nov 28, 2023 18:17:40.374844",0.001823,5,,,0x0002,121,,,,,,physicalInteraction7.pcapng
"Nov 28, 2023 18:17:40.378571",,45,,,,,,,,,,physicalInteraction7.pcapng
"Nov 28, 2023 18:17:40.380491",,45,,,,,,,,,,physicalInteraction7.pcapng
"Nov 28, 2023 18:17:40.390771",,45,,,,,,,,,,physicalInteraction7.pcapng
"Nov 28, 2023 18:17:40.392594",0.001823,5,,,0x0002,122,,,,,,physicalInteraction7.pcapng
"Nov 28, 2023 18:17:40.396321",,45,,,,,,,,,,physicalInteraction7.pcapng
"Nov 28, 2023 18:17:40.398113",0.001792,5,,,0x0002,205,,,,,,physicalInteraction7.pcapng
"Nov 28, 2023 18:17:40.942604",0.544491,59,0x4308,0xffff,0x8841,251,,,,,,physicalInteraction7.pcapng
"Nov 28, 2023 18:17:41.115857",,60,,,,,,,,,,physicalInteraction7.pcapng
"Nov 28, 2023 18:17:41.118160",0.002303,5,,,0x0002,225,,,,,,physicalInteraction7.pcapng
"Nov 28, 2023 18:17:41.159807",,50,,,,,,,,,,physicalInteraction7.pcapng
"Nov 28, 2023 18:17:41.161757",0.001950,5,,,0x0002,123,,,,,,physicalInteraction7.pcapng
"Nov 28, 2023 18:17:41.166934",,45,,,,,,,,,,physicalInteraction7.pcapng
"Nov 28, 2023 18:17:41.168757",0.001823,5,,,0x0002,226,,,,,,physicalInteraction7.pcapng
"Nov 28, 2023 18:17:41.267731",0.098974,59,0x4308,0xffff,0x8841,252,,,,,,physicalInteraction7.pcapng
"Nov 28, 2023 18:17:41.541621",0.273890,71,0xb1bf,0xffff,0x8841,61,0xb1bf,0xfffc,0x1209,,,physicalInteraction7.pcapng
"Nov 28, 2023 18:17:41.586658",0.045037,59,0x4308,0xffff,0x8841,253,,,,,,physicalInteraction7.pcapng
"Nov 28, 2023 18:17:41.907773",0.321115,59,0x4308,0xffff,0x8841,254,0x4308,0xfffc,0x1209,,,physicalInteraction7.pcapng
"Nov 28, 2023 18:17:43.386085",1.478312,74,0x5bb9,0xffff,0x8841,247,0x5bb9,0xfffc,0x1209,,,physicalInteraction7.pcapng
"Nov 28, 2023 18:17:43.584675",0.198590,47,0x4308,0xffff,0x8841,255,0x4308,0xfffc,0x1209,,,physicalInteraction7.pcapng
"Nov 28, 2023 18:17:43.753685",0.169010,55,0x5bb9,0xe1a6,0x8861,248,0x5bb9,0x0000,0x1a09,,,physicalInteraction7.pcapng
"Nov 28, 2023 18:17:43.755796",0.002111,5,,,0x0002,248,,,,,,physicalInteraction7.pcapng
"Nov 28, 2023 18:17:43.759429",0.003633,57,0xe1a6,0x0000,0x8861,144,0x5bb9,0x0000,0x1a09,,,physicalInteraction7.pcapng
"Nov 28, 2023 18:17:43.761635",0.002206,5,,,0x0002,144,,,,,,physicalInteraction7.pcapng
"Nov 28, 2023 18:17:43.763344",0.001709,55,0x5bb9,0xe1a6,0x8861,249,0x5bb9,0x0000,0x1a09,,,physicalInteraction7.pcapng
"Nov 28, 2023 18:17:43.765457",0.002113,5,,,0x0002,249,,,,,,physicalInteraction7.pcapng
"Nov 28, 2023 18:17:43.769255",0.003798,57,0xe1a6,0x0000,0x8861,145,0x5bb9,0x0000,0x1a09,,,physicalInteraction7.pcapng
"Nov 28, 2023 18:17:43.771462",0.002207,5,,,0x0002,145,,,,,,physicalInteraction7.pcapng
"Nov 28, 2023 18:17:43.790054",,52,,,,,,,,,,physicalInteraction7.pcapng
"Nov 28, 2023 18:17:43.792071",0.002017,5,,,0x0002,250,,,,,,physicalInteraction7.pcapng
"Nov 28, 2023 18:17:43.795320",0.003249,52,0x5bb9,0xe1a6,0x8861,251,,,,,,physicalInteraction7.pcapng
"Nov 28, 2023 18:17:43.798701",,52,,,,,,,,,,physicalInteraction7.pcapng
"Nov 28, 2023 18:17:43.800575",,52,,,,,,,,,,physicalInteraction7.pcapng
"Nov 28, 2023 18:17:43.802622",0.002047,5,,,0x0002,146,,,,,,physicalInteraction7.pcapng
"Nov 28, 2023 18:17:43.803822",0.001200,52,0x5bb9,0xe1a6,0x8861,251,,,,,,physicalInteraction7.pcapng
"Nov 28, 2023 18:17:43.810240",,52,,,,,,,,,,physicalInteraction7.pcapng
"Nov 28, 2023 18:17:43.812287",0.002047,5,,,0x0002,146,,,,,,physicalInteraction7.pcapng
"Nov 28, 2023 18:17:43.845169",,52,,,,,,,,,,physicalInteraction7.pcapng
"Nov 28, 2023 18:17:43.847185",0.002016,5,,,0x0002,252,,,,,,physicalInteraction7.pcapng
"Nov 28, 2023 18:17:43.850901",,52,,,,,,,,,,physicalInteraction7.pcapng
"Nov 28, 2023 18:17:43.852948",0.002047,5,,,0x0002,147,,,,,,physicalInteraction7.pcapng
"Nov 28, 2023 18:17:44.349448",0.496500,74,0x4e11,0xffff,0x8841,37,0x4e11,0xfffc,0x1209,,,physicalInteraction7.pcapng
"Nov 28, 2023 18:17:47.071124",2.721676,74,0x3d95,0xffff,0x8841,227,0x3d95,0xfffc,0x1209,,,physicalInteraction7.pcapng
"Nov 28, 2023 18:17:49.945262",2.874138,59,0x4308,0xffff,0x8841,0,0x4308,0xfffc,0x1209,,,physicalInteraction7.pcapng
"Nov 28, 2023 18:17:50.594042",0.648780,59,0x4308,0xffff,0x8841,2,0x4308,0xfffc,0x1209,,,physicalInteraction7.pcapng
"Nov 28, 2023 18:17:50.912972",0.318930,59,0x4308,0xffff,0x8841,3,0x4308,0xfffc,0x1209,,,physicalInteraction7.pcapng
"Nov 28, 2023 18:17:51.395904",0.482932,54,0x1f29,0x0000,0x8861,107,,,,,,physicalInteraction7.pcapng
"Nov 28, 2023 18:17:51.398015",0.002111,5,,,0x0002,107,,,,,,physicalInteraction7.pcapng
"Nov 28, 2023 18:17:52.522582",1.124567,74,0x711c,0xffff,0x8841,206,0x711c,0xfffc,0x1209,,,physicalInteraction7.pcapng
"Nov 28, 2023 18:17:52.944025",0.421443,59,0x4308,0xffff,0x8841,4,,,,,,physicalInteraction7.pcapng
"Nov 28, 2023 18:17:53.236453",0.292428,74,0xe1a6,0xffff,0x8841,148,0xe1a6,0xfffc,0x1209,,,physicalInteraction7.pcapng
"Nov 28, 2023 18:17:53.272797",0.036344,59,0x4308,0xffff,0x8841,5,0x4308,0xfffc,0x1209,,,physicalInteraction7.pcapng
"Nov 28, 2023 18:17:53.592716",0.319919,59,0x4308,0xffff,0x8841,6,,,,,,physicalInteraction7.pcapng
"Nov 28, 2023 18:17:53.728973",0.136257,74,0x0000,0xffff,0x8841,124,0x0000,0xfffc,0x1209,,,physicalInteraction7.pcapng
"Nov 28, 2023 18:17:53.911350",0.182377,59,0x4308,0xffff,0x8841,7,0x4308,0xfffc,0x1209,,,physicalInteraction7.pcapng
"Nov 28, 2023 18:17:54.179004",0.267654,51,,,0x42b4,156,,,,,,physicalInteraction7.pcapng
"Nov 28, 2023 18:17:54.204081",0.025077,74,0x0112,0xffff,0x8841,59,0x0112,0xfffc,0x1209,,,physicalInteraction7.pcapng
"Nov 28, 2023 18:17:54.893420",0.689339,74,0xec7f,0xffff,0x8841,180,0xec7f,0xfffc,0x1209,,,physicalInteraction7.pcapng
"Nov 28, 2023 18:17:55.170903",0.277483,65,0x1e15,0xffff,0x8841,233,0x1e15,0xfffc,0x1209,,,physicalInteraction7.pcapng
"Nov 28, 2023 18:17:56.530778",1.359875,108,0xb1bf,0xffff,0x886c,62,,,,,,physicalInteraction7.pcapng
"Nov 28, 2023 18:17:58.496099",1.965321,74,0x5bb9,0xffff,0x8841,253,0x5bb9,0xfffc,0x1209,,,physicalInteraction7.pcapng
"Nov 28, 2023 18:17:58.618885",0.122786,47,0xe3d8,0xffff,0x8841,9,,,,,,physicalInteraction7.pcapng
"Nov 28, 2023 18:17:59.189673",0.570788,74,0x4e11,0xffff,0x8841,38,0x4e11,0xfffc,0x1209,,,physicalInteraction7.pcapng
"Nov 28, 2023 18:18:01.947055",2.757382,59,0x4308,0xffff,0x8841,10,,,,,,physicalInteraction7.pcapng
"Nov 28, 2023 18:18:02.095403",0.148348,74,0x3d95,0xffff,0x8841,228,0x3d95,0xfffc,0x1209,,,physicalInteraction7.pcapng
"Nov 28, 2023 18:18:02.907943",0.812540,59,0x4308,0xffff,0x8841,13,,,,,,physicalInteraction7.pcapng
"Nov 28, 2023 18:18:05.596393",2.688450,59,0x4308,0xffff,0x8841,16,,,,,,physicalInteraction7.pcapng
"Nov 28, 2023 18:18:05.916550",0.320157,43,0x4308,0x1cff,0x8841,17,,,,,,physicalInteraction7.pcapng
"Nov 28, 2023 18:18:08.195224",2.278674,74,0xe1a6,0xffff,0x8841,149,0xe1a6,0xfffc,0x1209,,,physicalInteraction7.pcapng
"Nov 28, 2023 18:18:09.205354",1.010130,84,0x0112,0xffff,0x8854,60,,,,,,physicalInteraction7.pcapng
"Nov 28, 2023 18:18:09.719828",0.514474,74,0x711c,0xffff,0x8841,207,0x711c,0xfffc,0x1209,,,physicalInteraction7.pcapng
"Nov 28, 2023 18:18:10.083806",0.363978,65,0x1e15,0xffff,0x8841,234,0x1e15,0xfffc,0x1209,,,physicalInteraction7.pcapng
"Nov 28, 2023 18:18:10.146517",,52,,,,,,,,,,physicalInteraction7.pcapng
"Nov 28, 2023 18:18:10.148533",0.002016,5,,,0x0002,125,,,,,,physicalInteraction7.pcapng
"Nov 28, 2023 18:18:10.156392",,63,,,,,,,,,,physicalInteraction7.pcapng
"Nov 28, 2023 18:18:10.161647",,63,,,,,,,,,,physicalInteraction7.pcapng
"Nov 28, 2023 18:18:10.164046",0.002399,5,,,0x0002,150,,,,,,physicalInteraction7.pcapng
"Nov 28, 2023 18:18:10.164995",,52,,,,,,,,,,physicalInteraction7.pcapng
"Nov 28, 2023 18:18:10.167010",0.002015,5,,,0x0002,126,,,,,,physicalInteraction7.pcapng
"Nov 28, 2023 18:18:10.174804",,63,,,,,,,,,,physicalInteraction7.pcapng
"Nov 28, 2023 18:18:10.177203",0.002399,5,,,0x0002,229,,,,,,physicalInteraction7.pcapng
"Nov 28, 2023 18:18:10.206279",,45,,,,,,,,,,physicalInteraction7.pcapng
"Nov 28, 2023 18:18:10.208071",0.001792,5,,,0x0002,127,,,,,,physicalInteraction7.pcapng
"Nov 28, 2023 18:18:10.218932",,54,,,,,,,,,,physicalInteraction7.pcapng
"Nov 28, 2023 18:18:10.221015",0.002083,5,,,0x0002,128,,,,,,physicalInteraction7.pcapng
"Nov 28, 2023 18:18:10.228669",,66,,,,,,,,,,physicalInteraction7.pcapng
"Nov 28, 2023 18:18:10.231164",0.002495,5,,,0x0002,151,,,,,,physicalInteraction7.pcapng
"Nov 28, 2023 18:18:10.239213",,45,,,,,,,,,,physicalInteraction7.pcapng
"Nov 28, 2023 18:18:10.241005",0.001792,5,,,0x0002,129,,,,,,physicalInteraction7.pcapng
"Nov 28, 2023 18:18:10.252280",,54,,,,,,,,,,physicalInteraction7.pcapng
"Nov 28, 2023 18:18:10.257750",,54,,,,,,,,,,physicalInteraction7.pcapng
"Nov 28, 2023 18:18:10.259821",0.002071,5,,,0x0002,130,,,,,,physicalInteraction7.pcapng
"Nov 28, 2023 18:18:10.262696",,66,,,,,,,,,,physicalInteraction7.pcapng
"Nov 28, 2023 18:18:10.265191",0.002495,5,,,0x0002,230,,,,,,physicalInteraction7.pcapng
"Nov 28, 2023 18:18:10.280657",,54,,,,,,,,,,physicalInteraction7.pcapng
"Nov 28, 2023 18:18:10.292778",,54,,,,,,,,,,physicalInteraction7.pcapng
"Nov 28, 2023 18:18:10.294890",0.002112,5,,,0x0002,131,,,,,,physicalInteraction7.pcapng
"Nov 28, 2023 18:18:10.298060",,54,,,,,,,,,,physicalInteraction7.pcapng
"Nov 28, 2023 18:18:10.300141",0.002081,5,,,0x0002,208,,,,,,physicalInteraction7.pcapng
"Nov 28, 2023 18:18:10.304158",,52,,,,,,,,,,physicalInteraction7.pcapng
"Nov 28, 2023 18:18:10.306205",0.002047,5,,,0x0002,132,,,,,,physicalInteraction7.pcapng
"Nov 28, 2023 18:18:10.307395",,66,,,,,,,,,,physicalInteraction7.pcapng
"Nov 28, 2023 18:18:10.309890",0.002495,5,,,0x0002,63,,,,,,physicalInteraction7.pcapng
"Nov 28, 2023 18:18:10.311977",,52,,,,,,,,,,physicalInteraction7.pcapng
"Nov 28, 2023 18:18:10.313992",0.002015,5,,,0x0002,209,,,,,,physicalInteraction7.pcapng
"Nov 28, 2023 18:18:10.321159",,63,,,,,,,,,,physicalInteraction7.pcapng
"Nov 28, 2023 18:18:10.323558",0.002399,5,,,0x0002,64,,,,,,physicalInteraction7.pcapng
"Nov 28, 2023 18:18:10.330277",,45,,,,,,,,,,physicalInteraction7.pcapng
"Nov 28, 2023 18:18:10.332068",0.001791,5,,,0x0002,133,,,,,,physicalInteraction7.pcapng
"Nov 28, 2023 18:18:10.342721",,45,,,,,,,,,,physicalInteraction7.pcapng
"Nov 28, 2023 18:18:10.344514",0.001793,5,,,0x0002,134,,,,,,physicalInteraction7.pcapng
"Nov 28, 2023 18:18:10.351229",,45,,,,,,,,,,physicalInteraction7.pcapng
"Nov 28, 2023 18:18:10.353052",0.001823,5,,,0x0002,135,,,,,,physicalInteraction7.pcapng
"Nov 28, 2023 18:18:10.356388",0.003336,45,0x711c,0xb1bf,0x8861,210,,,,,,physicalInteraction7.pcapng
"Nov 28, 2023 18:18:10.361461",,45,,,,,,,,,,physicalInteraction7.pcapng
"Nov 28, 2023 18:18:10.363254",0.001793,5,,,0x0002,210,,,,,,physicalInteraction7.pcapng
"Nov 28, 2023 18:18:10.363892",,45,,,,,,,,,,physicalInteraction7.pcapng
"Nov 28, 2023 18:18:10.365715",0.001823,5,,,0x0002,136,,,,,,physicalInteraction7.pcapng
"Nov 28, 2023 18:18:10.369088",,45,,,,,,,,,,physicalInteraction7.pcapng
"Nov 28, 2023 18:18:10.370880",0.001792,5,,,0x0002,211,,,,,,physicalInteraction7.pcapng
"Nov 28, 2023 18:18:11.037318",0.666438,74,0x0000,0xffff,0x8841,137,0x0000,0xfffc,0x1209,,,physicalInteraction7.pcapng
"Nov 28, 2023 18:18:11.498314",0.460996,74,0xb1bf,0xffff,0x8841,65,0xb1bf,0xfffc,0x1209,,,physicalInteraction7.pcapng
"Nov 28, 2023 18:18:12.443225",0.944911,74,0xec7f,0xffff,0x8841,181,0xec7f,0xfffc,0x1209,,,physicalInteraction7.pcapng
"Nov 28, 2023 18:18:13.605363",1.162138,74,0x5bb9,0xffff,0x8841,254,0x5bb9,0xfffc,0x1209,,,physicalInteraction7.pcapng
"Nov 28, 2023 18:18:13.609143",0.003780,74,0x4e11,0xffff,0x8841,39,0x4e11,0xfffc,0x1209,,,physicalInteraction7.pcapng
"Nov 28, 2023 18:18:14.593547",0.984404,59,,,0x7641,21,,,,,,physicalInteraction7.pcapng
"Nov 28, 2023 18:18:16.950359",2.356812,59,0x4308,0xffff,0x8841,23,,,,,,physicalInteraction7.pcapng
"Nov 28, 2023 18:18:17.100294",0.149935,74,0x3d95,0xffff,0x8841,231,0x3d95,0xfffc,0x1209,,,physicalInteraction7.pcapng
"Nov 28, 2023 18:18:17.274015",0.173721,59,0x4308,0xffff,0x8841,24,,,,,,physicalInteraction7.pcapng
"Nov 28, 2023 18:18:17.912091",0.638076,59,0x4308,0xffff,0x8841,26,,,,,,physicalInteraction7.pcapng
"Nov 28, 2023 18:18:23.299462",5.387371,74,0xe1a6,0xffff,0x8841,152,0xe1a6,0xfffc,0x1209,,,physicalInteraction7.pcapng
"Nov 28, 2023 18:18:23.878887",0.579425,74,0x711c,0xffff,0x8841,212,0x711c,0xfffc,0x1209,,,physicalInteraction7.pcapng
"Nov 28, 2023 18:18:25.180264",1.301377,65,0x1e15,0xffff,0x8841,235,0x1e15,0xfffc,0x1209,,,physicalInteraction7.pcapng
"Nov 28, 2023 18:18:25.346581",0.166317,74,0x0000,0xffff,0x8841,138,0x0000,0xfffc,0x1209,,,physicalInteraction7.pcapng
"Nov 28, 2023 18:18:25.867362",,50,,,,,,,,,,physicalInteraction7.pcapng
"Nov 28, 2023 18:18:25.869345",0.001983,5,,,0x0002,139,,,,,,physicalInteraction7.pcapng
"Nov 28, 2023 18:18:25.874380",0.005035,55,0x711c,0x0000,0x8861,213,0x711c,0x0000,0x1a09,,,physicalInteraction7.pcapng
"Nov 28, 2023 18:18:25.876523",0.002143,5,,,0x0002,213,,,,,,physicalInteraction7.pcapng
"Nov 28, 2023 18:18:25.922326",0.045803,53,0x761c,0x0000,0x8861,214,,,,,,physicalInteraction7.pcapng
"Nov 28, 2023 18:18:25.925540",,53,,,,,,,,,,physicalInteraction7.pcapng
"Nov 28, 2023 18:18:25.927619",0.002079,5,,,0x0002,214,,,,,,physicalInteraction7.pcapng
"Nov 28, 2023 18:18:25.950367",0.022748,59,0x4308,0xffff,0x8841,59,,,,,,physicalInteraction7.pcapng
"Nov 28, 2023 18:18:25.968573",,50,,,,,,,,,,physicalInteraction7.pcapng
"Nov 28, 2023 18:18:25.970556",0.001983,5,,,0x0002,140,,,,,,physicalInteraction7.pcapng
"Nov 28, 2023 18:18:25.974523",0.003967,55,0x711c,0x0000,0x8861,215,0x711c,0x0000,0x1a09,,,physicalInteraction7.pcapng
"Nov 28, 2023 18:18:25.976666",0.002143,5,,,0x0002,215,,,,,,physicalInteraction7.pcapng
"Nov 28, 2023 18:18:26.023021",,53,,,,,,,,,,physicalInteraction7.pcapng
"Nov 28, 2023 18:18:26.025100",0.002079,5,,,0x0002,216,,,,,,physicalInteraction7.pcapng
"Nov 28, 2023 18:18:26.026524",,53,,,,,,,,,,physicalInteraction7.pcapng
"Nov 28, 2023 18:18:26.028603",0.002079,5,,,0x0002,216,,,,,,physicalInteraction7.pcapng
"Nov 28, 2023 18:18:26.268274",0.239671,59,0x4308,0xffff,0x8841,28,,,,,,physicalInteraction7.pcapng
"Nov 28, 2023 18:18:26.586295",0.318021,74,0xb1bf,0xffff,0x8841,66,0xb1bf,0xfffc,0x1209,,,physicalInteraction7.pcapng
"Nov 28, 2023 18:18:26.909938",0.323643,59,0x4308,0xffff,0x8841,30,,,,,,physicalInteraction7.pcapng
"Nov 28, 2023 18:18:28.685572",1.775634,47,0x1209,0xfff9,0x8811,31,,,,,,physicalInteraction7.pcapng
"Nov 28, 2023 18:18:28.873141",0.187569,74,0xec7f,0xffff,0x8841,182,0xec7f,0xfffc,0x1209,,,physicalInteraction7.pcapng
"Nov 28, 2023 18:18:29.320491",0.447350,74,0x4e11,0xffff,0x8841,40,0x4e11,0xfffc,0x1209,,,physicalInteraction7.pcapng
"Nov 28, 2023 18:18:31.545016",2.224525,74,0x5bb9,0xffff,0x8841,255,0x5bb9,0xfffc,0x1209,,,physicalInteraction7.pcapng
"Nov 28, 2023 18:18:32.108166",0.563150,74,0x3d95,0xffff,0x8841,232,0x3d95,0xfffc,0x1209,,,physicalInteraction7.pcapng
"Nov 28, 2023 18:18:37.952248",5.844082,59,0x4308,0xffff,0x8841,36,,,,,,physicalInteraction7.pcapng
"Nov 28, 2023 18:18:38.195047",0.242799,74,0xe1a6,0xffff,0x8841,153,0xe1a6,0xfffc,0x1209,,,physicalInteraction7.pcapng
"Nov 28, 2023 18:18:40.150424",,52,,,,,,,,,,physicalInteraction7.pcapng
"Nov 28, 2023 18:18:40.152439",0.002015,5,,,0x0002,141,,,,,,physicalInteraction7.pcapng
"Nov 28, 2023 18:18:40.160115",,63,,,,,,,,,,physicalInteraction7.pcapng
"Nov 28, 2023 18:18:40.162514",0.002399,5,,,0x0002,154,,,,,,physicalInteraction7.pcapng
"Nov 28, 2023 18:18:40.186485",,52,,,,,,,,,,physicalInteraction7.pcapng
"Nov 28, 2023 18:18:40.188502",0.002017,5,,,0x0002,142,,,,,,physicalInteraction7.pcapng
"Nov 28, 2023 18:18:40.196194",,63,,,,,,,,,,physicalInteraction7.pcapng
"Nov 28, 2023 18:18:40.198592",0.002398,5,,,0x0002,233,,,,,,physicalInteraction7.pcapng
"Nov 28, 2023 18:18:40.201330",,45,,,,,,,,,,physicalInteraction7.pcapng
"Nov 28, 2023 18:18:40.203121",0.001791,5,,,0x0002,143,,,,,,physicalInteraction7.pcapng
"Nov 28, 2023 18:18:40.219682",,54,,,,,,,,,,physicalInteraction7.pcapng
"Nov 28, 2023 18:18:40.221765",0.002083,5,,,0x0002,144,,,,,,physicalInteraction7.pcapng
"Nov 28, 2023 18:18:40.229378",,66,,,,,,,,,,physicalInteraction7.pcapng
"Nov 28, 2023 18:18:40.231873",0.002495,5,,,0x0002,155,,,,,,physicalInteraction7.pcapng
"Nov 28, 2023 18:18:40.235853",,45,,,,,,,,,,physicalInteraction7.pcapng
"Nov 28, 2023 18:18:40.237646",0.001793,5,,,0x0002,145,,,,,,physicalInteraction7.pcapng
"Nov 28, 2023 18:18:40.259303",,54,,,,,,,,,,physicalInteraction7.pcapng
"Nov 28, 2023 18:18:40.262855",,54,,,,,,,,,,physicalInteraction7.pcapng
"Nov 28, 2023 18:18:40.264924",0.002069,5,,,0x0002,146,,,,,,physicalInteraction7.pcapng
"Nov 28, 2023 18:18:40.272811",,66,,,,,,,,,,physicalInteraction7.pcapng
"Nov 28, 2023 18:18:40.275306",0.002495,5,,,0x0002,234,,,,,,physicalInteraction7.pcapng
"Nov 28, 2023 18:18:40.279285",,45,,,,,,,,,,physicalInteraction7.pcapng
"Nov 28, 2023 18:18:40.281069",0.001784,5,,,0x0002,147,,,,,,physicalInteraction7.pcapng
"Nov 28, 2023 18:18:40.296300",,54,,,,,,,,,,physicalInteraction7.pcapng
"Nov 28, 2023 18:18:40.298411",0.002111,5,,,0x0002,148,,,,,,physicalInteraction7.pcapng
"Nov 28, 2023 18:18:40.301282",,54,,,,,,,,,,physicalInteraction7.pcapng
"Nov 28, 2023 18:18:40.303362",0.002080,5,,,0x0002,217,,,,,,physicalInteraction7.pcapng
"Nov 28, 2023 18:18:40.308550",,52,,,,,,,,,,physicalInteraction7.pcapng
"Nov 28, 2023 18:18:40.310597",0.002047,5,,,0x0002,149,,,,,,physicalInteraction7.pcapng
"Nov 28, 2023 18:18:40.315281",,52,,,,,,,,,,physicalInteraction7.pcapng
"Nov 28, 2023 18:18:40.320342",,52,,,,,,,,,,physicalInteraction7.pcapng
"Nov 28, 2023 18:18:40.323715",,52,,,,,,,,,,physicalInteraction7.pcapng
"Nov 28, 2023 18:18:40.325798",,66,,,,,,,,,,physicalInteraction7.pcapng
"Nov 28, 2023 18:18:40.328921",,52,,,,,,,,,,physicalInteraction7.pcapng
"Nov 28, 2023 18:18:40.330969",0.002048,5,,,0x0002,149,,,,,,physicalInteraction7.pcapng
"Nov 28, 2023 18:18:40.332201",,52,,,,,,,,,,physicalInteraction7.pcapng
"Nov 28, 2023 18:18:40.338252",,66,,,,,,,,,,physicalInteraction7.pcapng
"Nov 28, 2023 18:18:40.340747",0.002495,5,,,0x0002,68,,,,,,physicalInteraction7.pcapng
"Nov 28, 2023 18:18:40.343309",,66,,,,,,,,,,physicalInteraction7.pcapng
"Nov 28, 2023 18:18:40.345804",0.002495,5,,,0x0002,68,,,,,,physicalInteraction7.pcapng
"Nov 28, 2023 18:18:40.352491",,45,,,,,,,,,,physicalInteraction7.pcapng
"Nov 28, 2023 18:18:40.354283",0.001792,5,,,0x0002,150,,,,,,physicalInteraction7.pcapng
"Nov 28, 2023 18:18:40.359957",,45,,,,,,,,,,physicalInteraction7.pcapng
"Nov 28, 2023 18:18:40.364010",,45,,,,,,,,,,physicalInteraction7.pcapng
"Nov 28, 2023 18:18:40.366727",,45,,,,,,,,,,physicalInteraction7.pcapng
"Nov 28, 2023 18:18:40.368551",0.001824,5,,,0x0002,151,,,,,,physicalInteraction7.pcapng
"Nov 28, 2023 18:18:40.370919",,45,,,,,,,,,,physicalInteraction7.pcapng
"Nov 28, 2023 18:18:40.372712",0.001793,5,,,0x0002,219,,,,,,physicalInteraction7.pcapng
"Nov 28, 2023 18:18:40.376211",,52,,,,,,,,,,physicalInteraction7.pcapng
"Nov 28, 2023 18:18:40.378229",0.002018,5,,,0x0002,220,,,,,,physicalInteraction7.pcapng
"Nov 28, 2023 18:18:40.385439",,63,,,,,,,,,,physicalInteraction7.pcapng
"Nov 28, 2023 18:18:40.387838",0.002399,5,,,0x0002,69,,,,,,physicalInteraction7.pcapng
"Nov 28, 2023 18:18:40.403816",,45,,,,,,,,,,physicalInteraction7.pcapng
"Nov 28, 2023 18:18:40.405640",0.001824,5,,,0x0002,152,,,,,,physicalInteraction7.pcapng
"Nov 28, 2023 18:18:40.408000",,45,,,,,,,,,,physicalInteraction7.pcapng
"Nov 28, 2023 18:18:40.409791",0.001791,5,,,0x0002,221,,,,,,physicalInteraction7.pcapng
"Nov 28, 2023 18:18:40.618934",0.209143,74,0x0000,0xffff,0x8841,153,0x0000,0xfffc,0x1209,,,physicalInteraction7.pcapng
"Nov 28, 2023 18:18:40.955497",0.336563,59,0x4308,0xffff,0x8841,40,,,,,,physicalInteraction7.pcapng
"Nov 28, 2023 18:18:41.581545",0.626048,74,0xb1bf,0xffff,0x8841,70,0xb1bf,0xfffc,0x1209,,,physicalInteraction7.pcapng
"Nov 28, 2023 18:18:41.602666",0.021121,59,0x4308,,0x8e41,154,,,,,,physicalInteraction7.pcapng
"Nov 28, 2023 18:18:41.943793",0.341127,74,0x711c,0xffff,0x8841,222,0x711c,0xfffc,0x1209,,,physicalInteraction7.pcapng
"Nov 28, 2023 18:18:43.721150",1.777357,47,0x4308,0xffff,0x8841,44,0x4308,0xfffc,0x1209,,,physicalInteraction7.pcapng
"Nov 28, 2023 18:18:43.930785",,54,,,,,,,,,,physicalInteraction7.pcapng
"Nov 28, 2023 18:18:43.932897",0.002112,5,,,0x0002,195,,,,,,physicalInteraction7.pcapng
"Nov 28, 2023 18:18:43.937339",0.004442,57,0x711c,0x0000,0x8861,223,0xd0bb,0x0000,0x1a09,,,physicalInteraction7.pcapng
"Nov 28, 2023 18:18:43.939545",0.002206,5,,,0x0002,223,,,,,,physicalInteraction7.pcapng
"Nov 28, 2023 18:18:43.984414",,54,,,,,,,,,,physicalInteraction7.pcapng
"Nov 28, 2023 18:18:43.986525",0.002111,5,,,0x0002,224,,,,,,physicalInteraction7.pcapng
"Nov 28, 2023 18:18:44.636906",0.650381,74,0xec7f,0xffff,0x8841,183,0xec7f,0xfffc,0x1209,,,physicalInteraction7.pcapng
"Nov 28, 2023 18:18:46.626690",1.989784,74,0x4e11,0xffff,0x8841,41,0x4e11,0xfffc,0x1209,,,physicalInteraction7.pcapng
"Nov 28, 2023 18:18:47.175769",0.549079,74,0x3d95,0xffff,0x8841,235,0x3d95,0xfffc,0x1209,,,physicalInteraction7.pcapng
"Nov 28, 2023 18:18:48.561664",1.385895,74,0x5bb9,0xffff,0x8841,0,0x5bb9,0xfffc,0x1209,,,physicalInteraction7.pcapng
"Nov 28, 2023 18:18:49.956589",1.394925,59,0x4308,0xffff,0x8841,45,0x4308,0xfffc,0x1209,,,physicalInteraction7.pcapng
"Nov 28, 2023 18:18:50.279810",0.323221,59,0x4308,0xffff,0x8841,46,0x4308,0xfffc,0x1209,,,physicalInteraction7.pcapng
"Nov 28, 2023 18:18:50.600011",0.320201,59,0x4208,0xffff,0x8841,47,,,,,,physicalInteraction7.pcapng
"Nov 28, 2023 18:18:52.956892",2.356881,59,0x4308,0xffff,0x8841,49,,,,,,physicalInteraction7.pcapng
"Nov 28, 2023 18:18:53.301135",0.344243,74,0xe1a6,0xffff,0x8841,156,0xe1a6,0xfffc,0x1209,,,physicalInteraction7.pcapng
"Nov 28, 2023 18:18:53.600096",0.298961,59,0x4308,0xffff,0x8841,51,0x4308,0xfffc,0x1209,,,physicalInteraction7.pcapng
"Nov 28, 2023 18:18:53.919636",0.319540,59,0x4308,0xffff,0x8841,52,0x4308,0xfffc,0x1209,,,physicalInteraction7.pcapng
"Nov 28, 2023 18:18:54.208849",0.289213,74,0x0112,0xffff,0x8841,63,0x0112,0xfffc,0x1209,,,physicalInteraction7.pcapng
"Nov 28, 2023 18:18:55.203273",0.994424,65,0x1e15,0xffff,0x8841,237,0x1e15,0xfffc,0x1209,,,physicalInteraction7.pcapng
"Nov 28, 2023 18:18:56.232016",,54,,,,,,,,,,physicalInteraction7.pcapng
"Nov 28, 2023 18:18:56.234126",0.002110,5,,,0x0002,108,,,,,,physicalInteraction7.pcapng
"Nov 28, 2023 18:18:56.237407",,54,,,,,,,,,,physicalInteraction7.pcapng
"Nov 28, 2023 18:18:56.239518",0.002111,5,,,0x0002,108,,,,,,physicalInteraction7.pcapng
"Nov 28, 2023 18:18:56.498800",0.259282,74,0x0000,0xffff,0x8841,154,0x0000,0xfffc,0x1209,,,physicalInteraction7.pcapng
"Nov 28, 2023 18:18:56.508669",0.009869,74,0xb1bf,0xffff,0x8841,71,0xb1bf,0xfffc,0x1209,,,physicalInteraction7.pcapng
"Nov 28, 2023 18:18:57.067357",0.558688,74,0x711c,0xffff,0x8841,225,0x711c,0xfffc,0x1209,,,physicalInteraction7.pcapng
"Nov 28, 2023 18:18:58.835100",1.767743,47,0x4308,0xffff,0x8841,53,,,,,,physicalInteraction7.pcapng
"Nov 28, 2023 18:18:59.490722",,52,,,,,,,,,,physicalInteraction7.pcapng
"Nov 28, 2023 18:18:59.495360",,52,,,,,,,,,,physicalInteraction7.pcapng
"Nov 28, 2023 18:18:59.497407",0.002047,5,,,0x0002,72,,,,,,physicalInteraction7.pcapng
"Nov 28, 2023 18:18:59.510532",,45,,,,,,,,,,physicalInteraction7.pcapng
"Nov 28, 2023 18:18:59.514051",,45,,,,,,,,,,physicalInteraction7.pcapng
"Nov 28, 2023 18:18:59.515874",0.001823,5,,,0x0002,155,,,,,,physicalInteraction7.pcapng
"Nov 28, 2023 18:18:59.519202",,45,,,,,,,,,,physicalInteraction7.pcapng
"Nov 28, 2023 18:18:59.520995",0.001793,5,,,0x0002,226,,,,,,physicalInteraction7.pcapng
"Nov 28, 2023 18:19:01.207705",1.686710,74,0x4e11,0xffff,0x8841,42,0x4e11,0xfffc,0x1209,,,physicalInteraction7.pcapng
"Nov 28, 2023 18:19:01.951627",0.743922,74,0xec7f,0xffff,0x8841,184,0xec7f,0xfffc,0x1209,,,physicalInteraction7.pcapng
"Nov 28, 2023 18:19:01.960758",0.009131,59,0x4308,0xffff,0x8841,54,0x4308,0xfffc,0x1209,,,physicalInteraction7.pcapng
"Nov 28, 2023 18:19:02.138996",0.178238,74,0x3d95,0xffff,0x8841,236,0x3d95,0xfffc,0x1209,,,physicalInteraction7.pcapng
"Nov 28, 2023 18:19:02.285089",0.146093,59,0x4308,0xffff,0x8841,55,,,,,,physicalInteraction7.pcapng
"Nov 28, 2023 18:19:02.604289",0.319200,59,0x4308,0xffff,0x8841,56,0x4308,0xfffc,0x1209,,,physicalInteraction7.pcapng
"Nov 28, 2023 18:19:02.934592",0.330303,59,0x4308,0xffff,0x8841,57,0x4308,0xfffc,0x1209,,,physicalInteraction7.pcapng
"Nov 28, 2023 18:19:04.961223",2.026631,59,0x4308,0xffff,0x8841,58,0x4308,0xfffc,0x1209,,,physicalInteraction7.pcapng
"Nov 28, 2023 18:19:05.284470",0.323247,59,0x4308,0xffff,0x8841,59,0x4308,0xfffc,0x1209,,,physicalInteraction7.pcapng
"Nov 28, 2023 18:19:05.604362",0.319892,59,0x4308,0xffff,0x8841,60,,,,,,physicalInteraction7.pcapng
"Nov 28, 2023 18:19:05.635176",0.030814,74,0x5bb9,0xffff,0x8841,1,0x5bb9,0xfffc,0x1209,,,physicalInteraction7.pcapng
"Nov 28, 2023 18:19:08.249574",2.614398,74,0xe1a6,0xffff,0x8841,157,0xe1a6,0xfffc,0x1209,,,physicalInteraction7.pcapng
"Nov 28, 2023 18:19:09.215876",0.966302,71,0x0112,0xffff,0x8841,64,0x0112,0xfffc,0x1209,,,physicalInteraction7.pcapng
"Nov 28, 2023 18:19:10.151989",,52,,,,,,,,,,physicalInteraction7.pcapng
"Nov 28, 2023 18:19:10.154006",0.002017,5,,,0x0002,156,,,,,,physicalInteraction7.pcapng
"Nov 28, 2023 18:19:10.165732",,63,,,,,,,,,,physicalInteraction7.pcapng
"Nov 28, 2023 18:19:10.168131",0.002399,5,,,0x0002,158,,,,,,physicalInteraction7.pcapng
"Nov 28, 2023 18:19:10.174102",,52,,,,,,,,,,physicalInteraction7.pcapng
"Nov 28, 2023 18:19:10.176119",0.002017,5,,,0x0002,157,,,,,,physicalInteraction7.pcapng
"Nov 28, 2023 18:19:10.183850",,63,,,,,,,,,,physicalInteraction7.pcapng
"Nov 28, 2023 18:19:10.186249",0.002399,5,,,0x0002,237,,,,,,physicalInteraction7.pcapng
"Nov 28, 2023 18:19:10.208111",0.021862,68,0x1e15,0xffff,0x8841,238,0x1e15,0xfffc,0x1209,,,physicalInteraction7.pcapng
"Nov 28, 2023 18:19:10.212013",,45,,,,,,,,,,physicalInteraction7.pcapng
"Nov 28, 2023 18:19:10.213804",0.001791,5,,,0x0002,158,,,,,,physicalInteraction7.pcapng
"Nov 28, 2023 18:19:10.224654",,54,,,,,,,,,,physicalInteraction7.pcapng
"Nov 28, 2023 18:19:10.226734",0.002080,5,,,0x0002,159,,,,,,physicalInteraction7.pcapng
"Nov 28, 2023 18:19:10.234405",,66,,,,,,,,,,physicalInteraction7.pcapng
"Nov 28, 2023 18:19:10.236900",0.002495,5,,,0x0002,159,,,,,,physicalInteraction7.pcapng
"Nov 28, 2023 18:19:10.246336",,45,,,,,,,,,,physicalInteraction7.pcapng
"Nov 28, 2023 18:19:10.248129",0.001793,5,,,0x0002,160,,,,,,physicalInteraction7.pcapng
"Nov 28, 2023 18:19:10.256909",,54,,,,,,,,,,physicalInteraction7.pcapng
"Nov 28, 2023 18:19:10.258989",0.002080,5,,,0x0002,161,,,,,,physicalInteraction7.pcapng
"Nov 28, 2023 18:19:10.266666",,66,,,,,,,,,,physicalInteraction7.pcapng
"Nov 28, 2023 18:19:10.269160",0.002494,5,,,0x0002,238,,,,,,physicalInteraction7.pcapng
"Nov 28, 2023 18:19:10.272820",,54,,,,,,,,,,physicalInteraction7.pcapng
"Nov 28, 2023 18:19:10.274931",0.002111,5,,,0x0002,162,,,,,,physicalInteraction7.pcapng
"Nov 28, 2023 18:19:10.277467",,54,,,,,,,,,,physicalInteraction7.pcapng
"Nov 28, 2023 18:19:10.279547",0.002080,5,,,0x0002,227,,,,,,physicalInteraction7.pcapng
"Nov 28, 2023 18:19:10.286828",,66,,,,,,,,,,physicalInteraction7.pcapng
"Nov 28, 2023 18:19:10.289323",0.002495,5,,,0x0002,73,,,,,,physicalInteraction7.pcapng
"Nov 28, 2023 18:19:10.291232",,52,,,,,,,,,,physicalInteraction7.pcapng
"Nov 28, 2023 18:19:10.293279",0.002047,5,,,0x0002,163,,,,,,physicalInteraction7.pcapng
"Nov 28, 2023 18:19:10.296050",,52,,,,,,,,,,physicalInteraction7.pcapng
"Nov 28, 2023 18:19:10.298065",0.002015,5,,,0x0002,228,,,,,,physicalInteraction7.pcapng
"Nov 28, 2023 18:19:10.305097",,63,,,,,,,,,,physicalInteraction7.pcapng
"Nov 28, 2023 18:19:10.307496",0.002399,5,,,0x0002,74,,,,,,physicalInteraction7.pcapng
"Nov 28, 2023 18:19:10.315618",,45,,,,,,,,,,physicalInteraction7.pcapng
"Nov 28, 2023 18:19:10.317400",0.001782,5,,,0x0002,164,,,,,,physicalInteraction7.pcapng
"Nov 28, 2023 18:19:10.324727",,45,,,,,,,,,,physicalInteraction7.pcapng
"Nov 28, 2023 18:19:10.326515",0.001788,5,,,0x0002,165,,,,,,physicalInteraction7.pcapng
"Nov 28, 2023 18:19:10.331157",,45,,,,,,,,,,physicalInteraction7.pcapng
"Nov 28, 2023 18:19:10.332981",0.001824,5,,,0x0002,166,,,,,,physicalInteraction7.pcapng
"Nov 28, 2023 18:19:10.336284",,45,,,,,,,,,,physicalInteraction7.pcapng
"Nov 28, 2023 18:19:10.338076",0.001792,5,,,0x0002,229,,,,,,physicalInteraction7.pcapng
"Nov 28, 2023 18:19:10.340688",,45,,,,,,,,,,physicalInteraction7.pcapng
"Nov 28, 2023 18:19:10.342511",0.001823,5,,,0x0002,167,,,,,,physicalInteraction7.pcapng
"Nov 28, 2023 18:19:10.345892",,45,,,,,,,,,,physicalInteraction7.pcapng
"Nov 28, 2023 18:19:10.347677",0.001785,5,,,0x0002,230,,,,,,physicalInteraction7.pcapng
"Nov 28, 2023 18:19:11.513105",1.165428,74,0x711c,0xffff,0x8841,231,0x711c,0xfffc,0x1209,,,physicalInteraction7.pcapng
"Nov 28, 2023 18:19:13.868731",2.355626,47,0x4308,0xffff,0x8841,62,,,,,,physicalInteraction7.pcapng
"Nov 28, 2023 18:19:13.964282",0.095551,59,0x4308,0xffff,0x8841,63,,,,,,physicalInteraction7.pcapng
"Nov 28, 2023 18:19:14.209044",0.244762,74,0x0000,0xffff,0x8841,168,0x0000,0xfffc,0x1209,,,physicalInteraction7.pcapng
"Nov 28, 2023 18:19:14.610007",0.400963,59,0x4308,0xffff,0x8841,65,0x4308,0xfffc,0x1209,,,physicalInteraction7.pcapng
"Nov 28, 2023 18:19:14.928893",0.318886,59,0x4308,0xffff,0x8841,66,0x4308,0xfffc,0x1209,,,physicalInteraction7.pcapng
"Nov 28, 2023 18:19:17.089282",2.160389,74,0x3d95,0xffff,0x8841,239,0x3d95,0xfffc,0x1209,,,physicalInteraction7.pcapng
"Nov 28, 2023 18:19:17.246712",0.157430,74,0xec7f,0xffff,0x8841,185,0xec7f,0xfffc,0x1209,,,physicalInteraction7.pcapng
"Nov 28, 2023 18:19:17.288353",0.041641,59,0x4308,0xffff,0x8841,68,0x4308,0xfffc,0x1209,,,physicalInteraction7.pcapng
"Nov 28, 2023 18:19:17.607940",0.319587,59,0x4308,0xffff,0x8841,69,0x4308,0xfffc,0x1209,,,physicalInteraction7.pcapng
"Nov 28, 2023 18:19:17.804096",0.196156,74,0x4e11,0xffff,0x8841,43,0x4e11,0xfffc,0x1209,,,physicalInteraction7.pcapng
"Nov 28, 2023 18:19:17.929390",0.125294,59,0x4308,0xffff,0x8841,70,,,,,,physicalInteraction7.pcapng
"Nov 28, 2023 18:19:18.852213",,59,,,,,,,,,,physicalInteraction7.pcapng
"Nov 28, 2023 18:19:18.854484",0.002271,5,,,0x0002,186,,,,,,physicalInteraction7.pcapng
"Nov 28, 2023 18:19:18.868776",,45,,,,,,,,,,physicalInteraction7.pcapng
"Nov 28, 2023 18:19:18.870586",0.001810,5,,,0x0002,169,,,,,,physicalInteraction7.pcapng
"Nov 28, 2023 18:19:18.896571",,49,,,,,,,,,,physicalInteraction7.pcapng
"Nov 28, 2023 18:19:18.898509",0.001938,5,,,0x0002,170,,,,,,physicalInteraction7.pcapng
"Nov 28, 2023 18:19:18.903120",,45,,,,,,,,,,physicalInteraction7.pcapng
"Nov 28, 2023 18:19:18.904942",0.001822,5,,,0x0002,187,,,,,,physicalInteraction7.pcapng
"Nov 28, 2023 18:19:23.032315",4.127373,74,0x5bb9,0xffff,0x8841,2,0x5bb9,0xfffc,0x1209,,,physicalInteraction7.pcapng
"Nov 28, 2023 18:19:23.205070",0.172755,74,0xe1a6,0xffff,0x8841,160,0xe1a6,0xfffc,0x1209,,,physicalInteraction7.pcapng
"Nov 28, 2023 18:19:24.202339",0.997269,74,0x0112,0xffff,0x8841,65,0x0112,0xfffc,0x1209,,,physicalInteraction7.pcapng
"Nov 28, 2023 18:19:25.108059",0.905720,68,0x1e15,0xffff,0x8841,239,0x1e15,0xfffc,0x1209,,,physicalInteraction7.pcapng
"Nov 28, 2023 18:19:26.292735",1.184676,59,0x4308,0xffff,0x8841,72,,,,,,physicalInteraction7.pcapng
"Nov 28, 2023 18:19:26.567940",0.275205,74,0xb1bf,0xffff,0x8841,76,0xb1bf,0xfffc,0x1209,,,physicalInteraction7.pcapng
"Nov 28, 2023 18:19:26.613193",0.045253,59,0x4308,0xffff,0x8841,73,,,,,,physicalInteraction7.pcapng
"Nov 28, 2023 18:19:27.870756",1.257563,74,0x711c,0xffff,0x8841,232,0x711c,0xfffc,0x1209,,,physicalInteraction7.pcapng
"Nov 28, 2023 18:19:28.969704",1.098948,59,0x4308,0xffff,0x8841,75,,,,,,physicalInteraction7.pcapng
"Nov 28, 2023 18:19:29.019818",0.050114,47,0x4308,0xffff,0x8841,76,,,,,,physicalInteraction7.pcapng
"Nov 28, 2023 18:19:29.261313",0.241495,59,0x4df8,0xffff,0x8841,77,,,,,,physicalInteraction7.pcapng
"Nov 28, 2023 18:19:29.583447",0.322134,59,,,0x4841,78,,,,,,physicalInteraction7.pcapng
"Nov 28, 2023 18:19:29.902057",0.318610,59,0x4308,0xffff,0x8841,79,,,,,,physicalInteraction7.pcapng
"Nov 28, 2023 18:19:29.942192",0.040135,74,0x0000,0xffff,0x8841,171,0x0000,0xfffc,0x1209,,,physicalInteraction7.pcapng
"Nov 28, 2023 18:19:32.196363",2.254171,74,0x3d95,0xffff,0x8841,240,0x3d95,0xfffc,0x1209,,,physicalInteraction7.pcapng
"Nov 28, 2023 18:19:32.556582",0.360219,74,0xec7f,0xffff,0x8841,188,0xec7f,0xfffc,0x1209,,,physicalInteraction7.pcapng
"Nov 28, 2023 18:19:34.501748",1.945166,74,0x4e11,0xffff,0x8841,44,0x4e11,0xfffc,0x1209,,,physicalInteraction7.pcapng
"Nov 28, 2023 18:19:37.650920",3.149172,74,0x5bb9,0xffff,0x8841,3,0x5bb9,0xfffc,0x1209,,,physicalInteraction7.pcapng
"Nov 28, 2023 18:19:37.967423",0.316503,59,0x4308,0xffff,0x8841,80,0x4308,0xfffc,0x1209,,,physicalInteraction7.pcapng
"Nov 28, 2023 18:19:37.989810",,60,,,,,,,,,,physicalInteraction7.pcapng
"Nov 28, 2023 18:19:37.992113",0.002303,5,,,0x0002,77,,,,,,physicalInteraction7.pcapng
"Nov 28, 2023 18:19:38.032463",,50,,,,,,,,,,physicalInteraction7.pcapng
"Nov 28, 2023 18:19:38.034446",0.001983,5,,,0x0002,172,,,,,,physicalInteraction7.pcapng
"Nov 28, 2023 18:19:38.039228",,50,,,,,,,,,,physicalInteraction7.pcapng
"Nov 28, 2023 18:19:38.041180",0.001952,5,,,0x0002,233,,,,,,physicalInteraction7.pcapng
"Nov 28, 2023 18:19:38.046076",,45,,,,,,,,,,physicalInteraction7.pcapng
"Nov 28, 2023 18:19:38.047899",0.001823,5,,,0x0002,78,,,,,,physicalInteraction7.pcapng
"Nov 28, 2023 18:19:38.299865",0.251966,74,0xe1a6,0xffff,0x8841,161,0xe1a6,0xfffc,0x1209,,,physicalInteraction7.pcapng
"Nov 28, 2023 18:19:38.608352",0.308487,59,0x4308,0xffff,0x8841,82,0x4308,0xfffc,0x1209,,,physicalInteraction7.pcapng
"Nov 28, 2023 18:19:38.927505",0.319153,59,0x4308,0xffff,0x8841,83,,,,,,physicalInteraction7.pcapng
"Nov 28, 2023 18:19:39.218469",0.290964,74,0x0112,0xffff,0x8841,66,0x0112,0xfffc,0x1209,,,physicalInteraction7.pcapng
"Nov 28, 2023 18:19:40.129920",0.911451,68,0x1e15,0xffff,0x8841,240,0x1e15,0xfffc,0x1209,,,physicalInteraction7.pcapng
"Nov 28, 2023 18:19:40.156712",,52,,,,,,,,,,physicalInteraction7.pcapng
"Nov 28, 2023 18:19:40.158716",0.002004,5,,,0x0002,173,,,,,,physicalInteraction7.pcapng
"Nov 28, 2023 18:19:40.166498",,63,,,,,,,,,,physicalInteraction7.pcapng
"Nov 28, 2023 18:19:40.168897",0.002399,5,,,0x0002,162,,,,,,physicalInteraction7.pcapng
"Nov 28, 2023 18:19:40.192310",,52,,,,,,,,,,physicalInteraction7.pcapng
"Nov 28, 2023 18:19:40.194325",0.002015,5,,,0x0002,174,,,,,,physicalInteraction7.pcapng
"Nov 28, 2023 18:19:40.201892",,63,,,,,,,,,,physicalInteraction7.pcapng
"Nov 28, 2023 18:19:40.204291",0.002399,5,,,0x0002,241,,,,,,physicalInteraction7.pcapng
"Nov 28, 2023 18:19:40.205110",,45,,,,,,,,,,physicalInteraction7.pcapng
"Nov 28, 2023 18:19:40.206891",0.001781,5,,,0x0002,175,,,,,,physicalInteraction7.pcapng
"Nov 28, 2023 18:19:40.231685",,54,,,,,,,,,,physicalInteraction7.pcapng
"Nov 28, 2023 18:19:40.233753",0.002068,5,,,0x0002,176,,,,,,physicalInteraction7.pcapng
"Nov 28, 2023 18:19:40.241510",,66,,,,,,,,,,physicalInteraction7.pcapng
"Nov 28, 2023 18:19:40.244005",0.002495,5,,,0x0002,163,,,,,,physicalInteraction7.pcapng
"Nov 28, 2023 18:19:40.251820",,45,,,,,,,,,,physicalInteraction7.pcapng
"Nov 28, 2023 18:19:40.253603",0.001783,5,,,0x0002,177,,,,,,physicalInteraction7.pcapng
"Nov 28, 2023 18:19:40.264282",,54,,,,,,,,,,physicalInteraction7.pcapng
"Nov 28, 2023 18:19:40.266361",0.002079,5,,,0x0002,178,,,,,,physicalInteraction7.pcapng
"Nov 28, 2023 18:19:40.274162",,66,,,,,,,,,,physicalInteraction7.pcapng
"Nov 28, 2023 18:19:40.276657",0.002495,5,,,0x0002,242,,,,,,physicalInteraction7.pcapng
"Nov 28, 2023 18:19:40.289432",,54,,,,,,,,,,physicalInteraction7.pcapng
"Nov 28, 2023 18:19:40.291544",0.002112,5,,,0x0002,179,,,,,,physicalInteraction7.pcapng
"Nov 28, 2023 18:19:40.294916",,54,,,,,,,,,,physicalInteraction7.pcapng
"Nov 28, 2023 18:19:40.296996",0.002080,5,,,0x0002,234,,,,,,physicalInteraction7.pcapng
"Nov 28, 2023 18:19:40.304158",,66,,,,,,,,,,physicalInteraction7.pcapng
"Nov 28, 2023 18:19:40.306653",0.002495,5,,,0x0002,79,,,,,,physicalInteraction7.pcapng
"Nov 28, 2023 18:19:40.311831",,52,,,,,,,,,,physicalInteraction7.pcapng
"Nov 28, 2023 18:19:40.313879",0.002048,5,,,0x0002,180,,,,,,physicalInteraction7.pcapng
"Nov 28, 2023 18:19:40.316663",,52,,,,,,,,,,physicalInteraction7.pcapng
"Nov 28, 2023 18:19:40.318680",0.002017,5,,,0x0002,235,,,,,,physicalInteraction7.pcapng
"Nov 28, 2023 18:19:40.325733",,63,,,,,,,,,,physicalInteraction7.pcapng
"Nov 28, 2023 18:19:40.328132",0.002399,5,,,0x0002,80,,,,,,physicalInteraction7.pcapng
"Nov 28, 2023 18:19:40.332752",,45,,,,,,,,,,physicalInteraction7.pcapng
"Nov 28, 2023 18:19:40.334533",0.001781,5,,,0x0002,181,,,,,,physicalInteraction7.pcapng
"Nov 28, 2023 18:19:40.344575",,45,,,,,,,,,,physicalInteraction7.pcapng
"Nov 28, 2023 18:19:40.346368",0.001793,5,,,0x0002,182,,,,,,physicalInteraction7.pcapng
"Nov 28, 2023 18:19:40.352489",,45,,,,,,,,,,physicalInteraction7.pcapng
"Nov 28, 2023 18:19:40.354312",0.001823,5,,,0x0002,183,,,,,,physicalInteraction7.pcapng
"Nov 28, 2023 18:19:40.358386",,45,,,,,,,,,,physicalInteraction7.pcapng
"Nov 28, 2023 18:19:40.360179",0.001793,5,,,0x0002,236,,,,,,physicalInteraction7.pcapng
"Nov 28, 2023 18:19:40.363113",,45,,,,,,,,,,physicalInteraction7.pcapng
"Nov 28, 2023 18:19:40.364936",0.001823,5,,,0x0002,184,,,,,,physicalInteraction7.pcapng
"Nov 28, 2023 18:19:40.368922",,45,,,,,,,,,,physicalInteraction7.pcapng
"Nov 28, 2023 18:19:40.372702",,45,,,,,,,,,,physicalInteraction7.pcapng
"Nov 28, 2023 18:19:40.374495",0.001793,5,,,0x0002,237,,,,,,physicalInteraction7.pcapng
"Nov 28, 2023 18:19:40.966916",0.592421,59,0x4308,0xffff,0x8841,84,0x4308,0xfffc,0x1209,,,physicalInteraction7.pcapng
"Nov 28, 2023 18:19:41.287043",0.320127,59,0x4308,0xffff,0x8841,85,0x4308,0xfffc,0x1209,,,physicalInteraction7.pcapng
"Nov 28, 2023 18:19:41.554304",0.267261,74,0xb1bf,0xffff,0x8841,81,0xb1bf,0xfffc,0x1209,,,physicalInteraction7.pcapng
"Nov 28, 2023 18:19:41.607247",0.052943,59,0x4308,0xffff,0x8841,86,0x4308,0xfffc,0x1209,,,physicalInteraction7.pcapng
"Nov 28, 2023 18:19:41.927770",0.320523,59,0x4308,0xffff,0x8841,87,0x4308,0xfffc,0x1209,,,physicalInteraction7.pcapng
"Nov 28, 2023 18:19:42.806883",0.879113,74,0x711c,0xffff,0x8841,238,0x711c,0xfffc,0x1209,,,physicalInteraction7.pcapng
"Nov 28, 2023 18:19:44.103321",1.296438,74,0x0000,0xffff,0x8841,185,0x0000,0xfffc,0x1209,,,physicalInteraction7.pcapng
"Nov 28, 2023 18:19:44.135145",0.031824,47,0x4308,0xffff,0x8841,88,0x4308,0xfffc,0x1209,,,physicalInteraction7.pcapng
"Nov 28, 2023 18:19:47.154192",3.019047,74,0x3d95,0xffff,0x8841,243,0x3d95,0xfffc,0x1209,,,physicalInteraction7.pcapng
"Nov 28, 2023 18:19:48.186226",1.032034,74,0xec7f,0xffff,0x8841,189,0xec7f,0xfffc,0x1209,,,physicalInteraction7.pcapng
"Nov 28, 2023 18:19:48.343190",,54,,,,,,,,,,physicalInteraction7.pcapng
"Nov 28, 2023 18:19:48.345301",0.002111,5,,,0x0002,196,,,,,,physicalInteraction7.pcapng
"Nov 28, 2023 18:19:48.349337",0.004036,57,0x711c,0x0000,0x8861,239,0xd0bb,0x0000,0x1a09,,,physicalInteraction7.pcapng
"Nov 28, 2023 18:19:48.351544",0.002207,5,,,0x0002,239,,,,,,physicalInteraction7.pcapng
"Nov 28, 2023 18:19:48.397973",,54,,,,,,,,,,physicalInteraction7.pcapng
"Nov 28, 2023 18:19:48.400083",0.002110,5,,,0x0002,240,,,,,,physicalInteraction7.pcapng
"Nov 28, 2023 18:19:50.294150",1.894067,59,0x4308,0xffff,0x8841,90,,,,,,physicalInteraction7.pcapng
"Nov 28, 2023 18:19:51.994553",1.700403,74,0x4e11,0xffff,0x8841,45,0x4e11,0xfffc,0x1209,,,physicalInteraction7.pcapng
"Nov 28, 2023 18:19:52.694075",,60,,,,,,,,,,physicalInteraction7.pcapng
"Nov 28, 2023 18:19:52.696378",0.002303,5,,,0x0002,164,,,,,,physicalInteraction7.pcapng
"Nov 28, 2023 18:19:52.738598",,50,,,,,,,,,,physicalInteraction7.pcapng
"Nov 28, 2023 18:19:52.740551",0.001953,5,,,0x0002,186,,,,,,physicalInteraction7.pcapng
"Nov 28, 2023 18:19:52.746423",,45,,,,,,,,,,physicalInteraction7.pcapng
"Nov 28, 2023 18:19:52.748246",0.001823,5,,,0x0002,165,,,,,,physicalInteraction7.pcapng
"Nov 28, 2023 18:19:53.273490",0.525244,74,0xe1a6,0xffff,0x8841,166,0xe1a6,0xfffc,0x1209,,,physicalInteraction7.pcapng
"Nov 28, 2023 18:19:53.612884",0.339394,59,0x4308,0xffff,0x8841,95,,,,,,physicalInteraction7.pcapng
"Nov 28, 2023 18:19:53.642539",,57,,,,,,,,,,physicalInteraction7.pcapng
"Nov 28, 2023 18:19:53.644746",0.002207,5,,,0x0002,237,,,,,,physicalInteraction7.pcapng
"Nov 28, 2023 18:19:53.858173",0.213427,74,0x5bb9,0xffff,0x8841,4,0x5bb9,0xfffc,0x1209,,,physicalInteraction7.pcapng
"Nov 28, 2023 18:19:54.212380",0.354207,74,0x0112,0xffff,0x8841,67,0x0112,0xfffc,0x1209,,,physicalInteraction7.pcapng
"Nov 28, 2023 18:19:55.107789",0.895409,68,0x1e15,0xffff,0x8841,241,0x1e15,0xfffc,0x1209,,,physicalInteraction7.pcapng
"Nov 28, 2023 18:19:55.786423",,52,,,,,,,,,,physicalInteraction7.pcapng
"Nov 28, 2023 18:19:55.788470",0.002047,5,,,0x0002,190,,,,,,physicalInteraction7.pcapng
"Nov 28, 2023 18:19:55.801537",,45,,,,,,,,,,physicalInteraction7.pcapng
"Nov 28, 2023 18:19:55.803346",0.001809,5,,,0x0002,187,,,,,,physicalInteraction7.pcapng
"Nov 28, 2023 18:19:55.829627",,50,,,,,,,,,,physicalInteraction7.pcapng
"Nov 28, 2023 18:19:55.831597",0.001970,5,,,0x0002,188,,,,,,physicalInteraction7.pcapng
"Nov 28, 2023 18:19:55.833737",,45,,,,,,,,,,physicalInteraction7.pcapng
"Nov 28, 2023 18:19:55.835560",0.001823,5,,,0x0002,191,,,,,,physicalInteraction7.pcapng
"Nov 28, 2023 18:19:56.635402",0.799842,74,0xb1bf,0xffff,0x8841,82,0xb1bf,0xfffc,0x1209,,,physicalInteraction7.pcapng
"Nov 28, 2023 18:19:59.167428",2.532026,47,0x4308,0xffff,0x8841,97,0x4308,0xfffc,0x1209,,,physicalInteraction7.pcapng
"Nov 28, 2023 18:20:00.060044",0.892616,74,0x711c,0xffff,0x8841,241,0x711c,0xfffc,0x1209,,,physicalInteraction7.pcapng
"Nov 28, 2023 18:20:00.484049",,52,,,,,,,,,,physicalInteraction7.pcapng
"Nov 28, 2023 18:20:00.486096",0.002047,5,,,0x0002,192,,,,,,physicalInteraction7.pcapng
"Nov 28, 2023 18:20:00.498298",,45,,,,,,,,,,physicalInteraction7.pcapng
"Nov 28, 2023 18:20:00.500108",0.001810,5,,,0x0002,189,,,,,,physicalInteraction7.pcapng
"Nov 28, 2023 18:20:00.523842",,50,,,,,,,,,,physicalInteraction7.pcapng
"Nov 28, 2023 18:20:00.525811",0.001969,5,,,0x0002,190,,,,,,physicalInteraction7.pcapng
"Nov 28, 2023 18:20:00.528607",,45,,,,,,,,,,physicalInteraction7.pcapng
"Nov 28, 2023 18:20:00.530429",0.001822,5,,,0x0002,193,,,,,,physicalInteraction7.pcapng
"Nov 28, 2023 18:20:01.487766",0.957337,74,0x0000,0xffff,0x8841,191,0x0000,0xfffc,0x1209,,,physicalInteraction7.pcapng
"Nov 28, 2023 18:20:02.154651",0.666885,74,0x3d95,0xffff,0x8841,244,0x3d95,0xfffc,0x1209,,,physicalInteraction7.pcapng
"Nov 28, 2023 18:20:02.297504",0.142853,59,0x4308,0xffff,0x8841,99,0x4308,0xfffc,0x1209,,,physicalInteraction7.pcapng
"Nov 28, 2023 18:20:02.617967",0.320463,59,0x4308,0xffff,0x8841,100,0x4308,0xfffc,0x1209,,,physicalInteraction7.pcapng
"Nov 28, 2023 18:20:04.973527",2.355560,59,0x4308,0xffff,0x8841,102,,,,,,physicalInteraction7.pcapng
"Nov 28, 2023 18:20:05.019960",0.046433,74,0xec7f,0xffff,0x8841,194,0xec7f,0xfffc,0x1209,,,physicalInteraction7.pcapng
"Nov 28, 2023 18:20:05.295089",0.275129,59,0x4308,0xffff,0x8841,103,0x4308,0xfffc,0x1209,,,physicalInteraction7.pcapng
"Nov 28, 2023 18:20:05.946245",0.651156,59,,,0x0045,136,,,,,,physicalInteraction7.pcapng
"Nov 28, 2023 18:20:06.593407",0.647162,74,0x4e11,0xffff,0x8841,46,0x4e11,0xfffc,0x1209,,,physicalInteraction7.pcapng
"Nov 28, 2023 18:20:08.257483",1.664076,74,0xe1a6,0xffff,0x8841,167,0xe1a6,0xfffc,0x1209,,,physicalInteraction7.pcapng
"Nov 28, 2023 18:20:09.221652",0.964169,74,0x0112,0xffff,0x8841,68,0x0112,0xfffc,0x1209,,,physicalInteraction7.pcapng
"Nov 28, 2023 18:20:10.155561",0.933909,65,0x1e15,0xffff,0x8841,242,0x1e15,0xfffc,0x1209,,,physicalInteraction7.pcapng
"Nov 28, 2023 18:20:10.162994",,52,,,,,,,,,,physicalInteraction7.pcapng
"Nov 28, 2023 18:20:10.164999",0.002005,5,,,0x0002,192,,,,,,physicalInteraction7.pcapng
"Nov 28, 2023 18:20:10.173165",,63,,,,,,,,,,physicalInteraction7.pcapng
"Nov 28, 2023 18:20:10.175564",0.002399,5,,,0x0002,168,,,,,,physicalInteraction7.pcapng
"Nov 28, 2023 18:20:10.181915",,52,,,,,,,,,,physicalInteraction7.pcapng
"Nov 28, 2023 18:20:10.183920",0.002005,5,,,0x0002,193,,,,,,physicalInteraction7.pcapng
"Nov 28, 2023 18:20:10.191714",,63,,,,,,,,,,physicalInteraction7.pcapng
"Nov 28, 2023 18:20:10.194113",0.002399,5,,,0x0002,245,,,,,,physicalInteraction7.pcapng
"Nov 28, 2023 18:20:10.220163",,45,,,,,,,,,,physicalInteraction7.pcapng
"Nov 28, 2023 18:20:10.221951",0.001788,5,,,0x0002,194,,,,,,physicalInteraction7.pcapng
"Nov 28, 2023 18:20:10.233009",,54,,,,,,,,,,physicalInteraction7.pcapng
"Nov 28, 2023 18:20:10.235081",0.002072,5,,,0x0002,195,,,,,,physicalInteraction7.pcapng
"Nov 28, 2023 18:20:10.243227",,66,,,,,,,,,,physicalInteraction7.pcapng
"Nov 28, 2023 18:20:10.245722",0.002495,5,,,0x0002,169,,,,,,physicalInteraction7.pcapng
"Nov 28, 2023 18:20:10.254666",,45,,,,,,,,,,physicalInteraction7.pcapng
"Nov 28, 2023 18:20:10.256458",0.001792,5,,,0x0002,196,,,,,,physicalInteraction7.pcapng
"Nov 28, 2023 18:20:10.266417",,54,,,,,,,,,,physicalInteraction7.pcapng
"Nov 28, 2023 18:20:10.268497",0.002080,5,,,0x0002,197,,,,,,physicalInteraction7.pcapng
"Nov 28, 2023 18:20:10.276214",,66,,,,,,,,,,physicalInteraction7.pcapng
"Nov 28, 2023 18:20:10.278709",0.002495,5,,,0x0002,246,,,,,,physicalInteraction7.pcapng
"Nov 28, 2023 18:20:10.279587",,54,,,,,,,,,,physicalInteraction7.pcapng
"Nov 28, 2023 18:20:10.281698",0.002111,5,,,0x0002,198,,,,,,physicalInteraction7.pcapng
"Nov 28, 2023 18:20:10.284241",,54,,,,,,,,,,physicalInteraction7.pcapng
"Nov 28, 2023 18:20:10.286322",0.002081,5,,,0x0002,242,,,,,,physicalInteraction7.pcapng
"Nov 28, 2023 18:20:10.293534",,66,,,,,,,,,,physicalInteraction7.pcapng
"Nov 28, 2023 18:20:10.296029",0.002495,5,,,0x0002,83,,,,,,physicalInteraction7.pcapng
"Nov 28, 2023 18:20:10.311638",,52,,,,,,,,,,physicalInteraction7.pcapng
"Nov 28, 2023 18:20:10.313686",0.002048,5,,,0x0002,199,,,,,,physicalInteraction7.pcapng
"Nov 28, 2023 18:20:10.317471",,52,,,,,,,,,,physicalInteraction7.pcapng
"Nov 28, 2023 18:20:10.319489",0.002018,5,,,0x0002,243,,,,,,physicalInteraction7.pcapng
"Nov 28, 2023 18:20:10.323374",,45,,,,,,,,,,physicalInteraction7.pcapng
"Nov 28, 2023 18:20:10.325161",0.001787,5,,,0x0002,200,,,,,,physicalInteraction7.pcapng
"Nov 28, 2023 18:20:10.326667",,63,,,,,,,,,,physicalInteraction7.pcapng
"Nov 28, 2023 18:20:10.329066",0.002399,5,,,0x0002,84,,,,,,physicalInteraction7.pcapng
"Nov 28, 2023 18:20:10.332969",,45,,,,,,,,,,physicalInteraction7.pcapng
"Nov 28, 2023 18:20:10.334752",0.001783,5,,,0x0002,201,,,,,,physicalInteraction7.pcapng
"Nov 28, 2023 18:20:10.344411",,45,,,,,,,,,,physicalInteraction7.pcapng
"Nov 28, 2023 18:20:10.346234",0.001823,5,,,0x0002,202,,,,,,physicalInteraction7.pcapng
"Nov 28, 2023 18:20:10.348708",,45,,,,,,,,,,physicalInteraction7.pcapng
"Nov 28, 2023 18:20:10.350499",0.001791,5,,,0x0002,244,,,,,,physicalInteraction7.pcapng
"Nov 28, 2023 18:20:10.352231",,45,,,,,,,,,,physicalInteraction7.pcapng
"Nov 28, 2023 18:20:10.354054",0.001823,5,,,0x0002,203,,,,,,physicalInteraction7.pcapng
"Nov 28, 2023 18:20:10.358357",,45,,,,,,,,,,physicalInteraction7.pcapng
"Nov 28, 2023 18:20:10.360150",0.001793,5,,,0x0002,245,,,,,,physicalInteraction7.pcapng
"Nov 28, 2023 18:20:10.872272",,53,,,,,,,,,,physicalInteraction7.pcapng
"Nov 28, 2023 18:20:10.874322",0.002050,5,,,0x0002,195,,,,,,physicalInteraction7.pcapng
"Nov 28, 2023 18:20:10.878174",,53,,,,,,,,,,physicalInteraction7.pcapng
"Nov 28, 2023 18:20:10.880253",0.002079,5,,,0x0002,170,,,,,,physicalInteraction7.pcapng
"Nov 28, 2023 18:20:10.884065",,53,,,,,,,,,,physicalInteraction7.pcapng
"Nov 28, 2023 18:20:10.886103",0.002038,5,,,0x0002,196,,,,,,physicalInteraction7.pcapng
"Nov 28, 2023 18:20:10.889922",,53,,,,,,,,,,physicalInteraction7.pcapng
"Nov 28, 2023 18:20:10.892001",0.002079,5,,,0x0002,171,,,,,,physicalInteraction7.pcapng
"Nov 28, 2023 18:20:11.390161",0.498160,12,0x4615,0xe1a6,0x8863,197,,,,,,physicalInteraction7.pcapng
"Nov 28, 2023 18:20:11.390897",0.000736,5,,,0x0002,197,,,,,,physicalInteraction7.pcapng
"Nov 28, 2023 18:20:11.584730",0.193833,107,0xb1bf,0xffff,0x886b,85,,,,,,physicalInteraction7.pcapng
"Nov 28, 2023 18:20:12.119483",0.534753,74,0x5bb9,0xffff,0x8841,5,0x5bb9,0xfffc,0x1209,,,physicalInteraction7.pcapng
"Nov 28, 2023 18:20:12.336116",,54,,,,,,,,,,physicalInteraction7.pcapng
"Nov 28, 2023 18:20:12.338228",0.002112,5,,,0x0002,197,,,,,,physicalInteraction7.pcapng
"Nov 28, 2023 18:20:12.341212",0.002984,57,0x711c,0x0000,0x8861,246,0xd0bb,0x0000,0x1a09,,,physicalInteraction7.pcapng
"Nov 28, 2023 18:20:12.343418",0.002206,5,,,0x0002,246,,,,,,physicalInteraction7.pcapng
"Nov 28, 2023 18:20:12.391298",,54,,,,,,,,,,physicalInteraction7.pcapng
"Nov 28, 2023 18:20:12.393409",0.002111,5,,,0x0002,247,,,,,,physicalInteraction7.pcapng
"Nov 28, 2023 18:20:13.780705",,58,,,,,,,,,,physicalInteraction7.pcapng
"Nov 28, 2023 18:20:13.782944",0.002239,5,,,0x0002,195,,,,,,physicalInteraction7.pcapng
"Nov 28, 2023 18:20:13.808063",,45,,,,,,,,,,physicalInteraction7.pcapng
"Nov 28, 2023 18:20:13.809872",0.001809,5,,,0x0002,204,,,,,,physicalInteraction7.pcapng
"Nov 28, 2023 18:20:13.823231",,50,,,,,,,,,,physicalInteraction7.pcapng
"Nov 28, 2023 18:20:13.825200",0.001969,5,,,0x0002,205,,,,,,physicalInteraction7.pcapng
"Nov 28, 2023 18:20:13.827010",,45,,,,,,,,,,physicalInteraction7.pcapng
"Nov 28, 2023 18:20:13.828832",0.001822,5,,,0x0002,196,,,,,,physicalInteraction7.pcapng
"Nov 28, 2023 18:20:13.972046",0.143214,59,0x1308,0xffff,0x8841,106,,,,,,physicalInteraction7.pcapng
"Nov 28, 2023 18:20:14.417871",0.445825,51,0x4308,0xffff,0x8841,109,,,,,,physicalInteraction7.pcapng
"Nov 28, 2023 18:20:14.931318",0.513447,59,0x4308,0xffff,0x8841,111,,,,,,physicalInteraction7.pcapng
"Nov 28, 2023 18:20:15.052751",0.121433,57,0x4308,0xffff,0x8841,112,0x4308,0xfffd,0x0208,,,physicalInteraction7.pcapng
"Nov 28, 2023 18:20:15.445087",0.392336,74,0x711c,0xffff,0x8841,248,0x711c,0xfffc,0x1209,,,physicalInteraction7.pcapng
"Nov 28, 2023 18:20:17.119024",1.673937,74,0x3d95,0xffff,0x8841,247,0x3d95,0xfffc,0x1209,,,physicalInteraction7.pcapng
"Nov 28, 2023 18:20:19.033631",1.914607,74,0x0000,0xffff,0x8841,206,0x0000,0xfffc,0x1209,,,physicalInteraction7.pcapng
