Device Name,Device Type,Average Packet Length,Packet Standard Variance,Average IAT,IAT Standard Variance,Sequence Number Maximum,Sequence Number Minimum,Sequence Number Average
Ledvance Bulb,Bulb,58.4,10.620734437881403,0.3324196,0.7341998894747942,237.0,232.0,234.8
Ledvance Bulb,Bulb,53.4,2.3021728866442674,0.003857,0.002140893388284433,238.0,234.0,236.0
Ledvance Bulb,Bulb,52.8,2.1679483388678804,0.00354,0.002535109366477115,239.0,235.0,237.0
Ledvance Bulb,Bulb,52.8,2.16794833886788,0.0029558,0.0024925228584709103,240.0,236.0,238.0
Ledvance Bulb,Bulb,52.8,2.16794833886788,0.004550800000000001,0.003963294740490543,241.0,237.0,239.0
Ledvance Bulb,Bulb,53.8,1.6431676725154982,0.004242,0.0037663815526311193,241.0,238.0,239.8
Ledvance Bulb,Bulb,52.4,4.33589667773576,0.0093828,0.011405254280374462,242.0,239.0,240.6
Ledvance Bulb,Bulb,51.0,5.477225575051661,0.0126364,0.010554971094228538,243.0,240.0,241.4
Ledvance Bulb,Bulb,51.0,5.477225575051661,0.0131578,0.009940630070573997,244.0,241.0,242.2
Ledvance Bulb,Bulb,50.4,5.079370039680118,0.019089000000000002,0.015155756365157104,245.0,241.0,243.0
Ledvance Bulb,Bulb,50.4,5.079370039680118,0.019540000000000002,0.01467993864087994,246.0,242.0,244.0
Ledvance Bulb,Bulb,50.4,5.079370039680118,0.0217976,0.01710502368604031,247.0,243.0,245.0
Ledvance Bulb,Bulb,56.8,12.00833044182246,0.1206606,0.21894911490640925,248.0,244.0,246.0
Ledvance Bulb,Bulb,61.2,14.872793954062566,0.12043220000000002,0.21910107266442128,250.0,245.0,247.2
Ledvance Bulb,Bulb,66.2,15.205262246998572,0.11303540000000001,0.22309258338254995,252.0,246.0,248.6
Ledvance Bulb,Bulb,70.6,14.310835055998652,0.1122114,0.22358527568759978,254.0,247.0,250.2
Ledvance Bulb,Bulb,77.0,0.0,0.10977280000000003,0.2246342116624269,254.0,0.0,200.8
Ledvance Bulb,Bulb,77.0,0.0,0.077198,0.15191478962563193,254.0,0.0,151.4
Ledvance Bulb,Bulb,74.6,5.366563145999495,0.10777,0.14869728194220633,254.0,0.0,131.4
Ledvance Bulb,Bulb,68.6,13.145341380123988,0.1080304,0.1484684522779166,254.0,0.0,111.2
Ledvance Bulb,Bulb,66.0,12.328828005937952,0.1078074,0.1486649820310755,152.0,0.0,90.8
Ledvance Bulb,Bulb,63.6,10.714476188783099,0.10285319999999998,0.1523653959719857,221.0,1.0,135.0
Ledvance Bulb,Bulb,61.2,7.949842765740716,0.0343168,0.06817762907801943,221.0,48.0,144.4
Ledvance Bulb,Bulb,61.2,7.949842765740716,0.0042504,0.0014912230886088105,221.0,48.0,127.8
Ledvance Bulb,Bulb,64.6,0.5477225575051661,0.004019,0.0016064857609079516,221.0,48.0,137.6
Ledvance Bulb,Bulb,64.8,0.4472135954999579,0.0045416,0.0014537299611688548,221.0,48.0,133.4
Ledvance Bulb,Bulb,64.8,0.4472135954999579,0.0050482,0.0012048697854955116,200.0,48.0,107.4
Ledvance Bulb,Bulb,64.6,0.5477225575051661,0.004149399999999999,0.002057983187492065,200.0,67.0,116.2
Ledvance Bulb,Bulb,64.6,0.5477225575051661,0.0034717999999999997,0.0018760994643141923,200.0,91.0,124.4
Ledvance Bulb,Bulb,62.8,4.381780460041329,0.0035538,0.0018558408336923724,154.0,91.0,115.2
Ledvance Bulb,Bulb,62.6,4.277849927241488,0.0031714,0.0016043075764952306,154.0,69.0,102.8
Ledvance Bulb,Bulb,62.4,4.159326868617084,0.0027644,0.0009965012794773522,154.0,69.0,111.0
Ledvance Bulb,Bulb,60.6,5.128352561983234,0.0035229999999999997,0.0008593628453685904,155.0,69.0,123.6
Ledvance Bulb,Bulb,56.6,7.893034904268446,0.0032124,0.0014088798032479562,156.0,69.0,133.2
Ledvance Bulb,Bulb,56.6,7.893034904268446,0.0030616000000000003,0.0014307855534635512,157.0,69.0,133.8
Ledvance Bulb,Bulb,53.8,7.049822692805827,0.0076100000000000004,0.01041110049418408,158.0,132.0,151.6
Ledvance Bulb,Bulb,50.0,5.0,0.0092954,0.010261249841028138,159.0,155.0,157.0
Ledvance Bulb,Bulb,52.0,8.366600265340756,0.0261376,0.0365892589539608,159.0,36.0,133.2
Ledvance Bulb,Bulb,56.0,8.94427190999916,0.0274856,0.03554009705670484,159.0,36.0,128.8
Ledvance Bulb,Bulb,57.8,9.57601169589929,0.0287156,0.034556105159580706,203.0,36.0,138.0
Ledvance Bulb,Bulb,60.6,8.734987120768983,0.024248,0.03638122067770679,203.0,36.0,113.8
Ledvance Bulb,Bulb,64.4,0.5477225575051661,0.0224194,0.037371369700614394,223.0,36.0,126.6
Ledvance Bulb,Bulb,64.2,0.4472135954999579,0.0077783999999999996,0.005207184872846363,223.0,37.0,146.4
Ledvance Bulb,Bulb,64.2,0.4472135954999579,0.0108042,0.00851444200755399,223.0,37.0,151.6
Ledvance Bulb,Bulb,64.2,0.4472135954999579,0.0112906,0.008436507589044177,223.0,37.0,143.2
Ledvance Bulb,Bulb,64.4,0.5477225575051661,0.013266999999999998,0.00730096236807176,223.0,38.0,143.4
Ledvance Bulb,Bulb,64.6,0.5477225575051661,0.014228,0.005722399758842439,161.0,38.0,126.0
Ledvance Bulb,Bulb,64.8,0.4472135954999579,0.012172800000000001,0.006724039128381095,161.0,38.0,113.8
Ledvance Bulb,Bulb,64.6,0.5477225575051661,0.0089484,0.003329754465422338,161.0,38.0,89.6
Ledvance Bulb,Bulb,64.6,0.5477225575051661,0.0104752,0.005590118263507491,137.0,38.0,84.8
Ledvance Bulb,Bulb,64.4,0.5477225575051661,0.0086558,0.005794282155711784,137.0,39.0,87.6
Ledvance Bulb,Bulb,64.2,0.4472135954999579,0.010799600000000001,0.007131410891261279,137.0,39.0,75.4
Ledvance Bulb,Bulb,62.2,4.024922359499621,0.049718,0.08438997978729464,162.0,39.0,93.0
Ledvance Bulb,Bulb,59.8,5.848076606885378,0.056325599999999997,0.08142420624298402,163.0,52.0,117.8
Ledvance Bulb,Bulb,58.0,5.612486080160912,0.053368799999999994,0.08337219330628168,164.0,52.0,123.2
Ledvance Bulb,Bulb,54.2,6.833739825307955,0.06133679999999999,0.07934116687256369,165.0,75.0,145.8
Ledvance Bulb,Bulb,54.4,7.197221686178632,0.059499399999999994,0.08068169168590851,166.0,162.0,164.0
Ledvance Bulb,Bulb,56.2,8.408329203831164,0.0261,0.018344153510042375,167.0,163.0,165.0
Ledvance Bulb,Bulb,58.8,8.78635305459552,0.0257654,0.01804527534564103,167.0,79.0,148.2
Ledvance Bulb,Bulb,60.6,8.734987120768983,0.0342526,0.014984972816124825,167.0,79.0,131.4
Ledvance Bulb,Bulb,62.6,4.277849927241488,0.10154640000000001,0.1567318892401926,168.0,79.0,132.0
Ledvance Bulb,Bulb,60.0,6.041522986797286,0.10841,0.15236328733326807,169.0,79.0,132.6
Ledvance Bulb,Bulb,58.2,5.890670590009256,0.10250319999999999,0.1565221743115013,170.0,79.0,133.2
Ledvance Bulb,Bulb,54.2,6.833739825307955,0.10606180000000001,0.15488553308556616,171.0,80.0,151.6
Ledvance Bulb,Bulb,53.8,6.1400325732035,0.1015038,0.15739292711300593,172.0,168.0,170.0
Ledvance Bulb,Bulb,55.8,7.981227975693966,0.058704599999999996,0.06360543475836007,173.0,169.0,171.0
Ledvance Bulb,Bulb,60.2,10.894952959971878,0.21175519999999998,0.33960063242020033,174.0,170.0,172.0
Ledvance Bulb,Bulb,64.6,12.581732790041283,0.2852126,0.32264531851911316,178.0,171.0,173.6
Ledvance Bulb,Bulb,66.6,8.961026726887942,0.30868599999999996,0.3056102255921748,179.0,172.0,175.2
Ledvance Bulb,Bulb,69.4,9.343446901438464,0.31276399999999993,0.3009568953712475,180.0,173.0,176.8
Ledvance Bulb,Bulb,67.4,11.371015785759864,0.2802105999999999,0.32825475935133064,181.0,174.0,178.4
Ledvance Bulb,Bulb,61.6,14.205632685663812,0.126361,0.1511010114062775,182.0,178.0,180.0
Ledvance Bulb,Bulb,61.6,14.20563268566381,0.244189,0.40534836952675657,183.0,179.0,181.0
Ledvance Bulb,Bulb,66.0,15.033296378372908,0.4560634,0.5926128161698834,184.0,180.0,182.0
Ledvance Bulb,Bulb,61.8,14.463747785411636,0.4505412,0.59752012089569,185.0,181.0,183.0
Ledvance Bulb,Bulb,61.8,14.463747785411636,0.45005960000000006,0.5979707581184885,186.0,182.0,184.0
Ledvance Bulb,Bulb,62.8,13.1224997618594,0.4479694,0.5997803957789883,187.0,183.0,185.0
Ledvance Bulb,Bulb,57.8,10.940749517286282,0.25721999999999995,0.5453716480708362,188.0,184.0,186.0
Ledvance Bulb,Bulb,53.4,2.302172886644268,0.0114998,0.011290139711270183,189.0,185.0,187.0
Ledvance Bulb,Bulb,51.4,4.159326868617084,0.017283,0.019138787148092744,190.0,186.0,188.0
Ledvance Bulb,Bulb,51.4,4.159326868617084,0.020117399999999997,0.01719431116096251,191.0,187.0,189.0
Ledvance Bulb,Bulb,52.4,4.33589667773576,0.014767800000000001,0.01788797547795725,192.0,188.0,190.0
Ledvance Bulb,Bulb,52.0,4.47213595499958,0.0191956,0.01803121655074887,193.0,189.0,191.0
Ledvance Bulb,Bulb,51.4,4.159326868617084,0.020178400000000003,0.01710818264164841,194.0,190.0,192.0
Ledvance Bulb,Bulb,53.4,2.302172886644268,0.0118476,0.010727406830171028,195.0,191.0,193.0
Ledvance Bulb,Bulb,51.4,4.159326868617084,0.017486400000000003,0.018165905408209084,196.0,192.0,194.0
Ledvance Bulb,Bulb,51.2,3.96232255123179,0.018607000000000002,0.01713450509936018,196.0,115.0,178.6
Ledvance Bulb,Bulb,52.0,4.06201920231798,0.013739200000000002,0.017072816806256663,196.0,115.0,173.2
Ledvance Bulb,Bulb,52.4,4.159326868617084,0.013500799999999999,0.017164608405087486,196.0,14.0,137.2
Ledvance Bulb,Bulb,52.4,4.159326868617084,0.013339400000000001,0.01728302650868765,198.0,14.0,137.8
Ledvance Bulb,Bulb,54.2,0.4472135954999579,0.004867399999999999,0.0028237594267217594,198.0,14.0,130.2
Ledvance Bulb,Bulb,54.2,0.4472135954999579,0.0045632,0.002483247309472015,242.0,14.0,155.6
Ledvance Bulb,Bulb,54.2,0.4472135954999579,0.004692400000000001,0.0024749217765416345,242.0,14.0,132.0
Ledvance Bulb,Bulb,54.2,0.4472135954999579,0.0037274,0.001844584045252479,242.0,48.0,141.4
Ledvance Bulb,Bulb,54.0,0.0,0.0036896,0.0018673945217869735,242.0,22.0,106.2
Ledvance Bulb,Bulb,54.0,0.0,0.0085964,0.00994237498287004,242.0,22.0,86.6
Ledvance Bulb,Bulb,52.2,4.024922359499621,0.008158200000000001,0.010113983498107954,199.0,22.0,78.0
Ledvance Bulb,Bulb,52.2,4.024922359499621,0.008181199999999998,0.010104629295525887,243.0,22.0,117.0
Ledvance Bulb,Bulb,52.2,4.024922359499621,0.007974199999999997,0.010248772814342213,243.0,22.0,144.8
Ledvance Bulb,Bulb,52.2,4.024922359499621,0.015495599999999998,0.0170017551241041,243.0,60.0,174.0
Ledvance Bulb,Bulb,52.2,4.024922359499621,0.0152584,0.01682268632828895,244.0,168.0,210.8
Ledvance Bulb,Bulb,54.0,0.0,0.0164908,0.016010653756171233,244.0,35.0,178.0
Ledvance Bulb,Bulb,54.0,0.0,0.0166432,0.015876257295093198,244.0,35.0,140.2
Ledvance Bulb,Bulb,54.0,0.0,0.0259156,0.018438324389705264,244.0,35.0,140.4
Ledvance Bulb,Bulb,54.0,0.0,0.019143,0.018037172838335832,244.0,35.0,119.0
Ledvance Bulb,Bulb,54.2,0.4472135954999579,0.019389200000000002,0.018145148902668173,202.0,35.0,110.6
Ledvance Bulb,Bulb,55.2,2.16794833886788,0.0261876,0.020146751358469682,203.0,54.0,144.2
Ledvance Bulb,Bulb,55.4,2.073644135332772,0.025859400000000005,0.02057280346233833,204.0,61.0,174.2
Ledvance Bulb,Bulb,53.6,5.176871642217914,0.025390600000000003,0.019952288347455285,205.0,61.0,175.0
Ledvance Bulb,Bulb,53.8,5.215361924162119,0.027188800000000003,0.01814298501349764,206.0,202.0,204.0
Ledvance Bulb,Bulb,53.8,5.215361924162119,0.0225908,0.02111655336933563,207.0,203.0,205.0
Ledvance Bulb,Bulb,52.0,4.47213595499958,0.0194186,0.018002940393169114,208.0,204.0,206.0
Ledvance Bulb,Bulb,51.4,4.159326868617084,0.020206800000000004,0.017232123119337327,209.0,205.0,207.0
Ledvance Bulb,Bulb,53.4,2.302172886644268,0.0116966,0.010594169684312215,210.0,206.0,208.0
Ledvance Bulb,Bulb,51.4,4.159326868617084,0.0178394,0.01893656318606943,211.0,207.0,209.0
Ledvance Bulb,Bulb,51.4,4.159326868617084,0.0206076,0.01720075618395889,212.0,208.0,210.0
Ledvance Bulb,Bulb,52.4,4.33589667773576,0.0155034,0.018063064103302075,213.0,209.0,211.0
Ledvance Bulb,Bulb,52.0,4.47213595499958,0.0194162,0.018150097663649088,214.0,210.0,212.0
Ledvance Bulb,Bulb,51.4,4.159326868617084,0.0200748,0.017468685946573085,215.0,211.0,213.0
Ledvance Bulb,Bulb,53.4,2.302172886644268,0.0114554,0.010694741642508247,216.0,212.0,214.0
Ledvance Bulb,Bulb,51.4,4.159326868617084,0.017021199999999997,0.01864220061312505,217.0,213.0,215.0
Ledvance Bulb,Bulb,55.8,12.397580409095962,0.20153680000000002,0.4050544976934585,218.0,214.0,216.0
Ledvance Bulb,Bulb,56.8,12.00833044182246,0.1992468,0.4063143621405722,219.0,215.0,217.0
Ledvance Bulb,Bulb,57.4,11.781341180018513,0.1982426,0.40691511980485556,220.0,216.0,218.0
Ledvance Bulb,Bulb,56.4,12.239281024635394,0.20345200000000002,0.4039477362376227,221.0,217.0,219.0
Ledvance Bulb,Bulb,57.4,11.23832727766904,0.1949144,0.40856109515260997,221.0,218.0,219.8
Ledvance Bulb,Bulb,52.4,2.5099800796022267,0.0108276,0.01177315753313443,222.0,219.0,220.6
Ledvance Bulb,Bulb,51.8,2.04939015319192,0.008815199999999999,0.011500440369829324,222.0,220.0,221.2
Ledvance Bulb,Bulb,51.8,2.0493901531919194,0.009295399999999999,0.011170821648383794,223.0,221.0,221.8
Ledvance Bulb,Bulb,50.8,3.7013511046643495,0.0120342,0.017262991591841782,224.0,221.0,222.4
Ledvance Bulb,Bulb,51.8,4.08656334834051,0.012802,0.016796488487180884,225.0,222.0,223.2
Ledvance Bulb,Bulb,51.4,4.159326868617084,0.012042400000000002,0.01731232625327977,226.0,222.0,224.0
Ledvance Bulb,Bulb,52.0,4.47213595499958,0.011798800000000002,0.01742588587992014,227.0,223.0,225.0
Ledvance Bulb,Bulb,51.0,4.183300132670378,0.013842600000000002,0.016877722500384936,228.0,224.0,226.0
Ledvance Bulb,Bulb,53.0,2.7386127875258306,0.015322800000000001,0.02007510999222669,229.0,225.0,227.0
Ledvance Bulb,Bulb,53.6,3.5071355833500366,0.0223562,0.02207897586392992,230.0,226.0,228.0
Ledvance Bulb,Bulb,54.6,2.8809720581775866,0.022652,0.021732844832188906,231.0,227.0,229.0
Ledvance Bulb,Bulb,52.6,5.128352561983234,0.030981800000000004,0.021170579673216318,232.0,228.0,230.0
Ledvance Bulb,Bulb,53.6,4.979959839195493,0.029606199999999992,0.02269791798161232,233.0,229.0,231.0
Ledvance Bulb,Bulb,52.6,5.128352561983234,0.028522199999999998,0.0215691687994693,234.0,230.0,232.0
Ledvance Bulb,Bulb,51.0,4.183300132670378,0.0209892,0.022576455472460684,234.0,231.0,232.8
Ledvance Bulb,Bulb,51.0,4.183300132670378,0.0213944,0.022181699626043085,235.0,232.0,233.6
Ledvance Bulb,Bulb,52.0,2.7386127875258306,0.021621,0.022505493284973782,236.0,233.0,234.4
Ledvance Bulb,Bulb,52.0,2.7386127875258306,0.021555399999999995,0.02255782748404642,237.0,234.0,235.2
Ledvance Bulb,Bulb,52.0,2.7386127875258306,0.021529,0.022523886209977178,238.0,234.0,236.0
Ledvance Bulb,Bulb,53.0,2.7386127875258306,0.021895199999999997,0.022170863169935447,239.0,235.0,237.0
Ledvance Bulb,Bulb,52.0,2.7386127875258306,0.03004,0.021780499362962273,240.0,236.0,238.0
Ledvance Bulb,Bulb,53.0,2.7386127875258306,0.0218648,0.021197672978419117,241.0,237.0,239.0
Ledvance Bulb,Bulb,52.0,2.7386127875258306,0.0294792,0.021380084838465915,242.0,238.0,240.0
Ledvance Bulb,Bulb,53.0,2.7386127875258306,0.022154600000000003,0.021151208814155283,243.0,239.0,241.0
Ledvance Bulb,Bulb,52.0,2.7386127875258306,0.030126800000000002,0.02076262097375955,244.0,240.0,242.0
Ledvance Bulb,Bulb,53.0,2.7386127875258306,0.032172,0.02303339635181924,245.0,241.0,243.0
Ledvance Bulb,Bulb,52.6,2.5099800796022267,0.037380000000000004,0.018303798171417866,246.0,242.0,244.0
Ledvance Bulb,Bulb,53.6,2.1908902300206647,0.0288364,0.023124906665757596,247.0,243.0,245.0
Ledvance Bulb,Bulb,51.6,4.219004621945797,0.036535000000000005,0.02075542979559807,248.0,244.0,246.0
Ledvance Bulb,Bulb,52.6,4.33589667773576,0.029016599999999997,0.023442210535698203,249.0,245.0,247.0
Ledvance Bulb,Bulb,51.6,4.219004621945797,0.0269536,0.020811785045978155,250.0,246.0,248.0
Ledvance Bulb,Bulb,52.0,4.47213595499958,0.021315399999999998,0.02258209183844579,251.0,247.0,249.0
Ledvance Bulb,Bulb,51.0,4.183300132670378,0.029728200000000003,0.021586017099038908,252.0,248.0,250.0
Ledvance Bulb,Bulb,53.0,2.7386127875258306,0.022084,0.020905365423737512,253.0,249.0,251.0
Ledvance Bulb,Bulb,52.0,2.7386127875258306,0.029509,0.021094526624221743,254.0,250.0,252.0
Ledvance Bulb,Bulb,53.0,2.7386127875258306,0.021030200000000006,0.021624758211365048,255.0,251.0,253.0
Ledvance Bulb,Bulb,52.0,2.7386127875258306,0.029495800000000006,0.021863223177290215,255.0,0.0,202.8
Ledvance Bulb,Bulb,53.0,2.7386127875258306,0.0218212,0.022030636786075884,255.0,0.0,152.6
Ledvance Bulb,Bulb,57.4,11.23832727766904,0.0235368,0.02102644877767047,255.0,0.0,102.4
Ledvance Bulb,Bulb,57.4,11.23832727766904,0.020347999999999998,0.017987417296543715,255.0,0.0,52.2
Ledvance Bulb,Bulb,57.4,11.23832727766904,0.0205368,0.01776341859552941,4.0,0.0,2.0
Ledvance Bulb,Bulb,57.4,11.23832727766904,0.0203884,0.017488913596904757,5.0,1.0,3.0
Ledvance Bulb,Bulb,57.4,11.23832727766904,0.020772,0.01711387504336759,6.0,2.0,4.0
Ledvance Bulb,Bulb,52.0,2.7386127875258306,0.0261268,0.0196021845517279,7.0,3.0,5.0
Ledvance Bulb,Bulb,53.0,2.7386127875258306,0.0215358,0.021411605701114524,8.0,4.0,6.0
Ledvance Bulb,Bulb,53.0,2.7386127875258306,0.0213208,0.021636576120079628,8.0,5.0,6.8
Ledvance Bulb,Bulb,54.0,2.23606797749979,0.012892399999999998,0.01730977211866176,8.0,6.0,7.4
Ledvance Bulb,Bulb,54.0,2.23606797749979,0.014761199999999999,0.01715417410428144,9.0,7.0,8.0
Ledvance Bulb,Bulb,54.0,2.23606797749979,0.008269199999999999,0.0059960199465979086,10.0,8.0,8.6
Ledvance Bulb,Bulb,54.4,2.6076809620810595,0.010283400000000002,0.00665182161516678,11.0,8.0,9.2
Ledvance Bulb,Bulb,54.4,2.6076809620810595,0.010129800000000001,0.006870974399603014,12.0,8.0,10.0
Ledvance Bulb,Bulb,52.4,4.878524367060187,0.0185254,0.016482568088741514,13.0,9.0,11.0
Ledvance Bulb,Bulb,56.8,12.214745187681975,0.0529158,0.07800130061223337,22.0,10.0,13.6
Ledvance Bulb,Bulb,57.8,11.713240371477058,0.0508606,0.07949624377792953,23.0,11.0,16.2
Ledvance Bulb,Bulb,58.0,11.704699910719626,0.054988,0.07774765442764174,24.0,12.0,18.8
Ledvance Bulb,Bulb,58.0,11.704699910719626,0.0553064,0.07747973795644898,25.0,13.0,21.4
Ledvance Bulb,Bulb,58.0,11.704699910719626,0.0550434,0.07752139939590874,26.0,22.0,24.0
Ledvance Bulb,Bulb,53.6,4.979959839195493,0.056418199999999995,0.08050135393085013,33.0,23.0,26.2
Ledvance Bulb,Bulb,53.6,4.979959839195493,0.0582182,0.07903764030321249,33.0,24.0,28.2
Ledvance Bulb,Bulb,52.6,4.33589667773576,0.056941,0.07952448974058243,34.0,25.0,30.2
Ledvance Bulb,Bulb,52.6,4.33589667773576,0.056813,0.07963205678933578,35.0,26.0,32.2
Ledvance Bulb,Bulb,54.6,0.8944271909999159,0.0481304,0.08355369436954897,35.0,33.0,34.0
Ledvance Bulb,Bulb,52.6,4.33589667773576,0.0123502,0.011810631215138334,37.0,33.0,34.8
Ledvance Bulb,Bulb,57.0,11.916375287812984,0.35900499999999996,0.7738769119004003,43.0,34.0,36.8
Ledvance Bulb,Bulb,57.4,11.781341180018513,0.3930022,0.7594203377423467,46.0,35.0,39.2
Ledvance Bulb,Bulb,57.8,11.713240371477058,0.4007294,0.7546421907780534,47.0,35.0,41.6
Ledvance Bulb,Bulb,57.8,11.713240371477058,0.40121419999999997,0.754322134250812,48.0,37.0,44.2
Ledvance Bulb,Bulb,57.8,11.713240371477058,0.4064088,0.7510997191666363,49.0,43.0,46.6
Ledvance Bulb,Bulb,57.8,11.713240371477058,0.05906220000000001,0.08108799899923541,58.0,46.0,49.6
Ledvance Bulb,Bulb,62.2,14.25482374496437,0.15819139999999998,0.301138600585013,60.0,47.0,52.4
Ledvance Bulb,Bulb,61.8,14.463747785411636,0.189766,0.2940633565007718,61.0,48.0,55.2
Ledvance Bulb,Bulb,62.2,14.25482374496437,0.19065539999999997,0.2933658306821025,62.0,49.0,58.0
Ledvance Bulb,Bulb,64.2,11.713240371477058,0.18261159999999999,0.29891686671179996,63.0,58.0,60.8
Ledvance Bulb,Bulb,57.8,11.713240371477058,0.19045499999999999,0.2936067724440293,64.0,60.0,62.0
Ledvance Bulb,Bulb,53.4,4.774934554525329,0.05282420000000001,0.08380978206152309,65.0,61.0,63.0
Ledvance Bulb,Bulb,52.4,4.878524367060187,0.0221506,0.021810090848045544,66.0,62.0,64.0
Ledvance Bulb,Bulb,52.0,4.47213595499958,0.0213532,0.022511364212326183,67.0,63.0,65.0
Ledvance Bulb,Bulb,52.0,4.47213595499958,0.021971400000000002,0.02191697673722359,67.0,64.0,65.8
Ledvance Bulb,Bulb,53.0,2.7386127875258306,0.020345,0.01992908398547209,68.0,65.0,66.6
Ledvance Bulb,Bulb,53.0,2.7386127875258306,0.021288800000000004,0.019281026663536358,69.0,66.0,67.4
Ledvance Bulb,Bulb,53.0,2.7386127875258306,0.0211728,0.019094543754696,70.0,67.0,68.2
Ledvance Bulb,Bulb,53.0,2.7386127875258306,0.026179400000000002,0.016645681821421437,71.0,67.0,69.0
Ledvance Bulb,Bulb,52.0,2.7386127875258306,0.0296316,0.012788789086539819,72.0,68.0,70.0
Ledvance Bulb,Bulb,53.0,2.7386127875258306,0.0238816,0.014663705237763067,73.0,69.0,71.0
Ledvance Bulb,Bulb,52.0,2.7386127875258306,0.030625400000000004,0.0157785431773659,74.0,70.0,72.0
Ledvance Bulb,Bulb,53.0,2.7386127875258306,0.0309962,0.016234162380609603,75.0,71.0,73.0
Ledvance Bulb,Bulb,53.6,3.5071355833500366,0.0337912,0.01703106590028939,76.0,72.0,74.0
Ledvance Bulb,Bulb,54.6,2.8809720581775866,0.0295918,0.022079696413220905,77.0,73.0,75.0
Ledvance Bulb,Bulb,52.6,5.128352561983234,0.037213,0.01953968598775323,78.0,74.0,76.0
Ledvance Bulb,Bulb,53.6,4.979959839195493,0.029588200000000002,0.022418465551861482,79.0,75.0,77.0
Ledvance Bulb,Bulb,52.6,5.128352561983234,0.028859799999999998,0.02174106783716016,80.0,76.0,78.0
Ledvance Bulb,Bulb,52.0,4.47213595499958,0.021431399999999996,0.021971164837122314,81.0,77.0,79.0
Ledvance Bulb,Bulb,51.0,4.183300132670378,0.0299848,0.021006109770730988,82.0,78.0,80.0
Ledvance Bulb,Bulb,53.0,2.7386127875258306,0.026667399999999997,0.018866321734773844,83.0,79.0,81.0
Ledvance Bulb,Bulb,53.0,2.7386127875258306,0.027218199999999998,0.01821408090461882,84.0,80.0,82.0
Ledvance Bulb,Bulb,54.0,2.23606797749979,0.020666999999999998,0.016561273803666187,85.0,81.0,83.0
Ledvance Bulb,Bulb,53.0,2.7386127875258306,0.0242538,0.014400638291409168,86.0,82.0,84.0
Ledvance Bulb,Bulb,53.4,2.3021728866442674,0.0177794,0.008871831535821677,87.0,83.0,85.0
Ledvance Bulb,Bulb,52.8,2.1679483388678804,0.0129692,0.006602463911298568,88.0,84.0,86.0
Ledvance Bulb,Bulb,52.8,2.16794833886788,0.012631599999999998,0.006784566257322571,89.0,85.0,87.0
Ledvance Bulb,Bulb,52.8,2.16794833886788,0.0127638,0.006752994646821511,90.0,86.0,88.0
Ledvance Bulb,Bulb,51.8,4.08656334834051,0.014276800000000001,0.00997120282112444,91.0,87.0,89.0
Ledvance Bulb,Bulb,50.4,5.079370039680118,0.013803199999999998,0.010115264786450228,92.0,88.0,90.0
Ledvance Bulb,Bulb,51.0,5.477225575051661,0.0608148,0.10132760859065017,93.0,89.0,91.0
Ledvance Bulb,Bulb,50.4,5.079370039680118,0.0670752,0.098251504500949,94.0,90.0,92.0
Ledvance Bulb,Bulb,50.4,5.079370039680118,0.06521400000000001,0.09964023491792862,95.0,91.0,93.0
Ledvance Bulb,Bulb,50.4,5.079370039680118,0.05964560000000001,0.10272340984069796,96.0,92.0,94.0
Ledvance Smart+ Plug,Socket,61.2,14.446452851824908,0.0169684,0.013747671250069956,37.0,33.0,35.0
Ledvance Smart+ Plug,Socket,56.2,11.670475568716126,0.022983999999999997,0.024706645158742213,38.0,34.0,36.0
Ledvance Smart+ Plug,Socket,56.2,11.670475568716126,0.038225999999999996,0.04104339362187293,53.0,35.0,39.8
Ledvance Smart+ Plug,Socket,56.0,11.811011811017716,0.0380528,0.041231468821762825,54.0,36.0,43.6
Ledvance Smart+ Plug,Socket,61.0,14.64581851587681,0.0410432,0.038460569538164666,57.0,37.0,47.8
Ledvance Smart+ Plug,Socket,66.4,14.553350129781116,0.0550416,0.043890150407580056,59.0,38.0,52.2
Ledvance Smart+ Plug,Socket,71.4,12.521980673998822,0.049053,0.044564097898420425,61.0,53.0,56.8
Ledvance Smart+ Plug,Socket,71.4,12.521980673998822,0.0310222,0.03814122995788154,62.0,54.0,58.6
Ledvance Smart+ Plug,Socket,77.0,0.0,0.501412,1.0361577711786945,63.0,57.0,60.4
Ledvance Smart+ Plug,Socket,77.0,0.0,0.5094138,1.0316309384308422,64.0,59.0,61.8
Ledvance Smart+ Plug,Socket,77.0,0.0,0.5012800000000001,1.0358588279483358,65.0,61.0,63.0
Ledvance Smart+ Plug,Socket,77.0,0.0,0.4975294,1.0380095339009656,66.0,62.0,64.0
Ledvance Smart+ Plug,Socket,77.0,0.0,0.5042268,1.0341521259958322,67.0,63.0,65.0
Ledvance Z3 Plug,Socket,60.2,9.444575162494075,0.14496479999999998,0.313244411451665,139.0,86.0,107.6
Ledvance Z3 Plug,Socket,54.8,2.8635642126552705,0.0081978,0.0077934432185010494,139.0,87.0,108.2
Ledvance Z3 Plug,Socket,53.8,3.5637059362410923,0.006884399999999999,0.008167565751189272,140.0,88.0,118.8
Ledvance Z3 Plug,Socket,53.2,3.5637059362410923,0.006777999999999999,0.008231833058316962,140.0,89.0,119.2
Ledvance Z3 Plug,Socket,52.2,2.8635642126552705,0.006909,0.008180790334680383,141.0,89.0,119.8
Ledvance Z3 Plug,Socket,51.8,2.0493901531919194,0.0076224,0.007953720186177031,141.0,89.0,110.2
Ledvance Z3 Plug,Socket,53.2,2.7748873851023212,0.0041232000000000005,0.0018479305181743173,145.0,90.0,121.4
Ledvance Z3 Plug,Socket,52.2,4.54972526643093,0.0109894,0.014499249094349678,145.0,90.0,111.8
Ledvance Z3 Plug,Socket,50.8,5.585696017507576,0.0113192,0.014277866706899877,146.0,91.0,123.0
Ledvance Z3 Plug,Socket,51.4,5.89915248150105,0.0131906,0.013783802479722348,146.0,91.0,113.4
Ledvance Z3 Plug,Socket,51.8,6.260990336999411,0.01235,0.014371718964688949,149.0,92.0,125.0
Ledvance Z3 Plug,Socket,51.4,5.89915248150105,0.012345400000000001,0.014375076618926244,149.0,92.0,114.8
Ledvance Z3 Plug,Socket,53.8,5.019960159204454,0.0065456,0.00454826783512141,150.0,93.0,126.4
Ledvance Z3 Plug,Socket,54.8,2.8635642126552705,0.0099204,0.007634265668680911,150.0,93.0,116.2
Ledvance Z3 Plug,Socket,54.2,3.1144823004794877,0.0083416,0.007400087046785329,150.0,94.0,116.8
Ledvance Z3 Plug,Socket,52.8,3.1144823004794877,0.008513,0.007247770312309848,151.0,94.0,117.2
Ledvance Z3 Plug,Socket,52.2,2.863564212655271,0.008480999999999999,0.007273300110678784,152.0,95.0,128.8
Ledvance Z3 Plug,Socket,51.2,1.0954451150103321,0.007535599999999999,0.007684262183189742,152.0,95.0,129.2
Ledvance Z3 Plug,Socket,52.2,1.7888543819998317,0.004641999999999999,0.0016123078180049863,152.0,96.0,129.6
Ledvance Z3 Plug,Socket,53.2,2.7748873851023212,0.004314,0.0014005629225422183,156.0,97.0,141.6
Ledvance Z3 Plug,Socket,52.2,4.54972526643093,0.0053216,0.002315756960477502,156.0,97.0,131.0
Ledvance Z3 Plug,Socket,50.8,5.585696017507576,0.005443399999999999,0.0022289914311185675,157.0,97.0,132.0
Ledvance Z3 Plug,Socket,55.8,13.0843417870369,0.0068262,0.0024968692797181034,157.0,97.0,123.4
Ledvance Z3 Plug,Socket,60.2,16.099689437998485,0.1928672,0.41591378015244934,157.0,98.0,126.2
Ledvance Z3 Plug,Socket,64.2,17.527121840165314,0.3983308,0.5359770007982618,157.0,98.0,117.4
Ledvance Z3 Plug,Socket,70.6,14.310835055998652,0.41244119999999995,0.5239482680920895,157.0,109.0,120.4
Ledvance Z3 Plug,Socket,77.0,0.0,0.6337094000000001,0.5418478470053193,114.0,109.0,111.8
Ledvance Z3 Plug,Socket,77.0,0.0,0.6330032,0.5428653755704079,116.0,111.0,113.2
Ledvance Z3 Plug,Socket,77.0,0.0,0.6036142000000001,0.5260190523571366,117.0,112.0,114.4
Ledvance Z3 Plug,Socket,77.0,0.0,0.4547398,0.47766760274975734,118.0,113.0,115.6
Ledvance Z3 Plug,Socket,77.0,0.0,0.48010279999999994,0.4556019980045083,119.0,114.0,116.8
Ledvance Z3 Plug,Socket,77.0,0.0,0.258399,0.3221851578223305,120.0,116.0,118.0
Ledvance Z3 Plug,Socket,77.0,0.0,0.2599526,0.3206815944793215,121.0,117.0,119.0
Ledvance Z3 Plug,Socket,77.0,0.0,0.26982280000000003,0.34117583517256905,122.0,118.0,120.0
Moes Bulb,Bulb,56.6,10.478549517943788,0.46092940000000004,0.7012178657245549,178.0,16.0,144.2
Moes Bulb,Bulb,53.2,8.408329203831164,0.3247162,0.712519877615846,178.0,16.0,113.0
Moes Bulb,Bulb,54.8,8.408329203831164,0.32496200000000003,0.7123824459003746,178.0,16.0,81.2
Moes Bulb,Bulb,55.0,8.276472678623424,0.33189840000000004,0.7086520223380443,249.0,16.0,95.6
Moes Bulb,Bulb,51.6,3.974921382870358,0.0124752,0.015579420406420774,249.0,16.0,68.0
Moes Bulb,Bulb,52.4,3.1304951684997055,0.011468,0.016098364979090268,249.0,17.0,84.6
Moes Bulb,Bulb,52.4,3.1304951684997055,0.011054999999999999,0.016318928197035492,249.0,18.0,113.0
Moes Bulb,Bulb,51.0,0.0,0.0108316,0.016399579820836875,249.0,40.0,151.4
Moes Bulb,Bulb,51.0,0.0,0.0059622,0.005612022514210006,210.0,40.0,109.8
Moes Bulb,Bulb,51.0,0.0,0.0070648,0.005213792352980698,210.0,41.0,136.6
Moes Bulb,Bulb,51.0,0.0,0.007568799999999999,0.00482053552004339,210.0,41.0,138.4
Moes Bulb,Bulb,51.0,0.0,0.014765,0.01433311377545019,210.0,20.0,110.6
Moes Bulb,Bulb,51.0,0.0,0.0239046,0.020373007787265973,174.0,20.0,77.0
Moes Bulb,Bulb,51.0,0.0,0.0321506,0.024217804035461185,251.0,20.0,119.0
Moes Bulb,Bulb,51.0,0.0,0.0337862,0.022358980292043733,251.0,20.0,104.2
Moes Bulb,Bulb,51.0,0.0,0.03644000000000001,0.018630823398336424,251.0,20.0,120.4
Moes Bulb,Bulb,51.0,0.0,0.0296678,0.02298377193151725,251.0,42.0,138.2
Moes Bulb,Bulb,51.0,0.0,0.0253052,0.019668528152863907,251.0,100.0,161.8
Moes Bulb,Bulb,51.0,0.0,0.0158466,0.009256078424473293,189.0,21.0,115.8
Moes Bulb,Bulb,51.0,0.0,0.0172948,0.009813093839355658,211.0,21.0,138.0
Moes Bulb,Bulb,51.0,0.0,0.038363,0.048891635690575946,211.0,21.0,138.2
Moes Bulb,Bulb,51.0,0.0,0.0418708,0.046508674289856944,253.0,21.0,167.0
Moes Bulb,Bulb,51.0,0.0,0.0370382,0.049282258985359026,253.0,21.0,157.0
Moes Bulb,Bulb,51.0,0.0,0.0356632,0.050321825416016056,253.0,101.0,173.0
Moes Bulb,Bulb,51.0,0.0,0.038322999999999996,0.04984261261711709,253.0,22.0,135.2
Moes Bulb,Bulb,51.0,0.0,0.0229156,0.019208275932524502,253.0,22.0,129.4
Moes Bulb,Bulb,51.0,0.0,0.0193754,0.020765438372449544,212.0,22.0,121.2
Moes Bulb,Bulb,51.0,0.0,0.025082000000000004,0.019859330489721952,212.0,22.0,137.4
Moes Bulb,Bulb,54.4,7.602631123499285,0.0697808,0.08884455097359657,212.0,22.0,123.2
Moes Bulb,Bulb,57.8,9.311283477587825,0.1035348,0.1038036764748725,212.0,30.0,127.8
Moes Bulb,Bulb,61.2,9.311283477587825,0.0974558,0.10871471162036901,212.0,30.0,105.6
Moes Bulb,Bulb,64.6,7.602631123499284,0.21671100000000001,0.23546003273061017,191.0,30.0,74.8
Moes Bulb,Bulb,68.0,0.0,0.289153,0.22039821744628518,64.0,30.0,49.4
Moes Bulb,Bulb,68.0,0.0,0.3540242,0.24376408820148224,68.0,45.0,57.0
Moes Bulb,Bulb,64.4,8.049844718999243,0.3163566,0.2837787205716807,72.0,50.0,62.4
Moes Bulb,Bulb,64.4,8.049844718999243,0.3275068,0.2698087713227648,74.0,58.0,67.2
Moes Bulb,Bulb,60.8,9.85900603509299,0.21055979999999996,0.24710718375170723,75.0,64.0,70.6
Moes Bulb,Bulb,57.2,9.85900603509299,0.132241,0.2353678460718456,76.0,68.0,73.0
Moes Bulb,Bulb,53.6,8.049844718999243,0.024014,0.027531774543243664,77.0,72.0,74.8
Moes Bulb,Bulb,53.6,8.049844718999243,0.022560999999999998,0.028187871319062033,79.0,74.0,76.2
Moes Bulb,Bulb,50.0,0.0,0.0099764,0.004384652300924213,80.0,75.0,77.4
Moes Bulb,Bulb,50.0,0.0,0.008171800000000002,0.002170224804023768,81.0,76.0,78.6
Moes Bulb,Bulb,50.0,0.0,0.009167000000000002,0.0007769687895919633,82.0,77.0,79.8
Moes Bulb,Bulb,50.0,0.0,0.0087954,0.0009895364066066492,84.0,79.0,81.2
Moes Bulb,Bulb,50.0,0.0,0.008382,0.0010056975191378367,85.0,80.0,82.4
Moes Bulb,Bulb,50.0,0.0,0.0080264,0.0008326723845546938,86.0,81.0,83.6
Moes Bulb,Bulb,50.0,0.0,0.008368,0.001032652167963637,87.0,82.0,84.8
Moes Bulb,Bulb,53.6,8.049844718999243,0.05509699999999999,0.10512908447713222,89.0,84.0,86.2
Moes Bulb,Bulb,53.6,8.049844718999243,0.0551148,0.10511904920945585,90.0,85.0,87.4
Moes Bulb,Bulb,53.6,8.049844718999243,0.055505000000000006,0.10490162516138632,91.0,86.0,88.6
Moes Bulb,Bulb,53.6,8.049844718999243,0.05550980000000001,0.10489888985446891,93.0,87.0,90.0
Moes Bulb,Bulb,53.6,8.049844718999243,0.055525800000000014,0.1048901210824928,94.0,89.0,91.4
Moes Bulb,Bulb,50.0,0.0,0.008436599999999999,0.0009910304233473363,95.0,90.0,92.6
Moes Bulb,Bulb,50.0,0.0,0.008800800000000001,0.0010041731424410834,96.0,91.0,93.8
Moes Bulb,Bulb,50.0,0.0,0.0084422,0.0010231877638048651,98.0,93.0,95.2
Moes Bulb,Bulb,50.0,0.0,0.008563600000000001,0.0009457456317636367,99.0,94.0,96.4
Moes Bulb,Bulb,50.0,0.0,0.0082062,0.0007972936723692222,101.0,95.0,97.8
Moes Bulb,Bulb,50.0,0.0,0.008319199999999999,0.0007471383406036666,102.0,96.0,99.2
Moes Bulb,Bulb,50.0,0.0,0.007940599999999999,0.00031997077991591715,103.0,98.0,100.6
Moes Bulb,Bulb,50.0,0.0,0.008049200000000001,0.0003018960085857383,104.0,99.0,101.8
Moes Bulb,Bulb,53.6,8.049844718999243,0.1089628,0.2257922638825343,105.0,101.0,103.0
Moes Bulb,Bulb,53.6,8.049844718999243,0.10894759999999999,0.22580078054072356,107.0,102.0,104.2
Moes Bulb,Bulb,53.6,8.049844718999243,0.10895239999999999,0.22579810559169888,108.0,103.0,105.4
Moes Bulb,Bulb,53.6,8.049844718999243,0.10897280000000001,0.22578667124566942,110.0,104.0,106.8
Moes Bulb,Bulb,53.6,8.049844718999243,0.10921259999999999,0.22565351786821317,111.0,105.0,108.2
Moes Bulb,Bulb,53.6,8.049844718999243,0.26111680000000004,0.5653210022528794,114.0,107.0,110.0
Moes Bulb,Bulb,53.6,8.049844718999243,0.26113200000000003,0.5653124862365947,116.0,108.0,111.8
Moes Bulb,Bulb,57.2,9.85900603509299,0.3699368,0.5567727827096077,119.0,110.0,114.0
Philips Lamp 1,Bulb,53.4,2.3021728866442674,0.0038122000000000004,0.0017028015738775905,131.0,127.0,129.0
Philips Lamp 1,Bulb,52.8,2.1679483388678804,0.0038431999999999993,0.0017098823643748127,132.0,128.0,130.0
Philips Lamp 1,Bulb,52.8,2.16794833886788,0.011875,0.017495485717750163,133.0,129.0,131.0
Philips Lamp 1,Bulb,52.2,1.7888543819998317,0.012102199999999999,0.017335533902940514,134.0,130.0,132.0
Philips Lamp 1,Bulb,57.6,10.92245393673052,0.015614,0.01760873544579508,136.0,131.0,133.2
Philips Lamp 1,Bulb,59.0,10.464224768228174,0.1328832,0.2564489052895333,136.0,72.0,121.4
Philips Lamp 1,Bulb,58.0,11.489125293076057,0.1333686,0.25614660383518656,136.0,72.0,109.6
Philips Lamp 1,Bulb,58.8,11.366617790706258,0.1257356,0.2600502814040008,216.0,72.0,126.2
Philips Lamp 1,Bulb,60.2,10.73312629199899,0.12598559999999998,0.2599030475163768,216.0,44.0,108.2
Philips Lamp 1,Bulb,56.6,5.366563145999495,0.1237132,0.2610677222210743,216.0,44.0,90.0
Philips Lamp 1,Bulb,56.6,5.366563145999495,0.0067326,0.003299438406759551,216.0,44.0,113.4
Philips Lamp 1,Bulb,59.0,0.0,0.0066688,0.003304659997639697,216.0,44.0,119.4
Philips Lamp 1,Bulb,59.0,0.0,0.0132678,0.014107163949568317,197.0,44.0,115.6
Philips Lamp 1,Bulb,59.0,0.0,0.0176516,0.013910722979054683,209.0,45.0,148.6
Philips Lamp 1,Bulb,56.8,4.919349550499538,0.016886599999999998,0.014371805255429812,209.0,74.0,154.4
Philips Lamp 1,Bulb,56.8,4.919349550499538,0.0184726,0.013232984822027113,209.0,74.0,140.8
Philips Lamp 1,Bulb,56.0,4.795831523312719,0.0192814,0.012402428282396958,209.0,74.0,135.2
Philips Lamp 1,Bulb,55.2,4.494441010848846,0.011926999999999998,0.009085228808345995,209.0,74.0,110.8
Philips Lamp 1,Bulb,54.4,3.974921382870358,0.007279999999999999,0.00529014201132635,121.0,74.0,84.2
Philips Lamp 1,Bulb,56.4,1.9493588689617927,0.0095188,0.00775162922874927,121.0,75.0,84.8
Philips Lamp 1,Bulb,53.6,4.979959839195493,0.007238799999999999,0.007883889630125474,78.0,75.0,76.2
Philips Lamp 1,Bulb,54.4,5.549774770204643,0.007858,0.00830170515617123,78.0,26.0,66.4
Philips Lamp 1,Bulb,54.4,5.5497747702046425,0.0080646,0.008101767510858355,79.0,26.0,67.2
Philips Lamp 1,Bulb,56.4,7.3348483283569,0.012052999999999998,0.009565845754558244,81.0,26.0,68.2
Philips Lamp 1,Bulb,56.6,7.402702209328699,0.0103264,0.008559482420099943,191.0,26.0,91.0
Philips Lamp 1,Bulb,59.4,3.5777087639996634,0.0102668,0.008629950735664717,218.0,26.0,119.0
Philips Lamp 1,Bulb,58.6,4.098780306383839,0.0081358,0.008952287093251646,218.0,79.0,130.2
Philips Lamp 1,Bulb,57.2,6.260990336999411,0.009299199999999999,0.00833290199750363,218.0,81.0,131.0
Philips Lamp 1,Bulb,56.0,4.795831523312719,0.0052306,0.004083084899925545,218.0,82.0,135.6
Philips Lamp 1,Bulb,56.0,4.795831523312719,0.0038711999999999996,0.0024428808198518406,218.0,82.0,114.2
Philips Lamp 1,Bulb,56.0,4.795831523312719,0.0070142,0.006387361951541496,123.0,82.0,95.2
Philips Lamp 1,Bulb,56.8,4.919349550499538,0.012128400000000001,0.010854529091582002,199.0,83.0,118.6
Philips Lamp 1,Bulb,59.0,0.0,0.018084799999999998,0.015261693785422376,199.0,28.0,107.6
Philips Lamp 1,Bulb,59.0,0.0,0.0339976,0.029500822781746275,199.0,28.0,125.2
Philips Lamp 1,Bulb,59.0,0.0,0.047159400000000004,0.027556207482162712,212.0,28.0,150.8
Philips Lamp 1,Bulb,59.0,0.0,0.044907,0.03082873915683222,219.0,28.0,170.0
Philips Lamp 1,Bulb,59.0,0.0,0.042398599999999995,0.03294701893646829,219.0,28.0,147.2
Philips Lamp 1,Bulb,59.0,0.0,0.0372316,0.03576787517871309,219.0,85.0,166.4
Philips Lamp 1,Bulb,59.0,0.0,0.0223614,0.02695235951266605,219.0,85.0,149.0
Philips Lamp 1,Bulb,59.0,0.0,0.0204124,0.022644265550023922,219.0,29.0,112.4
Philips Lamp 1,Bulb,59.0,0.0,0.042836200000000005,0.04738511244262274,124.0,29.0,85.8
Philips Lamp 1,Bulb,60.2,2.6832815729997477,0.1755626,0.28525205038842405,124.0,29.0,86.2
Philips Lamp 1,Bulb,61.4,3.2863353450309964,0.1750312,0.2856353979686342,105.0,29.0,67.6
Philips Lamp 1,Bulb,62.6,3.2863353450309964,0.17558100000000001,0.2852346614482539,217.0,29.0,90.0
Philips Lamp 1,Bulb,63.8,2.683281572999748,0.1670768,0.290120574394854,217.0,31.0,123.6
Philips Lamp 1,Bulb,65.0,0.0,0.14416120000000002,0.2992880411730479,217.0,31.0,131.6
Philips Lamp 1,Bulb,65.0,0.0,0.008804000000000001,0.006008360591708856,217.0,31.0,135.4
Philips Lamp 1,Bulb,63.0,4.47213595499958,0.007877,0.006276798507200944,217.0,88.0,146.8
Philips Lamp 1,Bulb,63.0,4.47213595499958,0.0061334,0.006654735930147791,197.0,64.0,116.2
Philips Lamp 1,Bulb,60.0,7.0710678118654755,0.0035116,0.0013751379203556272,126.0,64.0,94.6
Philips Lamp 1,Bulb,60.0,7.0710678118654755,0.023835600000000002,0.04574539548741491,106.0,32.0,75.8
Philips Lamp 1,Bulb,60.0,7.0710678118654755,0.0253358,0.04499520955835188,218.0,32.0,98.2
Philips Lamp 1,Bulb,62.0,6.708203932499369,0.027972000000000004,0.043848116783962346,218.0,32.0,120.2
Philips Lamp 1,Bulb,62.0,6.708203932499369,0.028501600000000005,0.04346313263330199,218.0,32.0,133.4
Philips Lamp 1,Bulb,65.0,0.0,0.0289132,0.04319069539495747,218.0,32.0,133.6
Philips Lamp 1,Bulb,65.0,0.0,0.0083096,0.006022388587595458,218.0,90.0,157.8
Philips Lamp 1,Bulb,65.0,0.0,0.0072548000000000005,0.0060732291822390505,198.0,90.0,140.8
Philips Lamp 1,Bulb,65.0,0.0,0.0044836,0.0015350395108921463,201.0,90.0,141.4
Philips Lamp 1,Bulb,65.0,0.0,0.0037801999999999996,0.002318705285283147,201.0,50.0,125.4
Philips Lamp 1,Bulb,65.0,0.0,0.0032484,0.0016684134080017458,201.0,50.0,121.8
Philips Lamp 1,Bulb,65.0,0.0,0.033063999999999996,0.06633510442066101,201.0,50.0,109.8
Philips Lamp 1,Bulb,65.0,0.0,0.037523799999999996,0.06469864322147723,201.0,50.0,98.4
Philips Lamp 1,Bulb,67.4,5.366563145999495,0.1673682,0.2785268666120021,95.0,50.0,77.2
Philips Lamp 1,Bulb,69.8,6.572670690061993,0.24101140000000001,0.2720308258971766,97.0,72.0,86.6
Philips Lamp 1,Bulb,67.8,9.338094023943002,0.35976179999999996,0.2723713267080439,98.0,76.0,91.8
Philips Lamp 1,Bulb,65.8,11.009087155618309,0.33008080000000006,0.3066435190122237,99.0,76.0,93.0
Philips Lamp 1,Bulb,63.2,12.657013865837392,0.3303374,0.30632708987828683,100.0,95.0,97.8
Philips Lamp 1,Bulb,58.2,10.61602562167217,0.2001112,0.2711732527309801,101.0,97.0,99.0
Philips Lamp 1,Bulb,58.2,10.61602562167217,0.1343288,0.25964943215940217,103.0,98.0,100.2
Philips Lamp 1,Bulb,58.2,10.61602562167217,0.25697840000000005,0.5336389407064481,104.0,99.0,101.4
Philips Lamp 1,Bulb,58.2,10.61602562167217,0.25980640000000005,0.5319933352592869,104.0,92.0,100.0
Philips Lamp 1,Bulb,58.8,10.25670512396647,0.2554308,0.5344557647557934,230.0,92.0,126.0
Philips Lamp 1,Bulb,59.4,9.838699100999076,0.2570794,0.5334904917543517,239.0,92.0,153.6
Philips Lamp 1,Bulb,55.0,0.0,0.2506262,0.5369572711340261,239.0,92.0,175.2
Philips Lamp 1,Bulb,55.0,0.0,0.008875999999999998,0.0055606447018308955,239.0,92.0,176.4
Philips Lamp 1,Bulb,55.0,0.0,0.007080400000000001,0.0029421467162600847,239.0,55.0,169.0
Philips Lamp 1,Bulb,55.0,0.0,0.0449388,0.08444521820505883,239.0,44.0,131.8
Philips Lamp 1,Bulb,55.0,0.0,0.044094799999999996,0.08489835649587099,231.0,44.0,130.2
Philips Lamp 1,Bulb,55.0,0.0,0.0449818,0.08444492883945134,231.0,44.0,116.8
Philips Lamp 1,Bulb,55.0,0.0,0.047898800000000005,0.08284229593148659,231.0,44.0,137.2
Philips Lamp 1,Bulb,55.0,0.0,0.07956680000000001,0.09356236662889625,231.0,44.0,144.8
Philips Lamp 1,Bulb,55.0,0.0,0.0431304,0.0692411469055792,231.0,93.0,171.2
Philips Lamp 1,Bulb,55.0,0.0,0.045610599999999994,0.06778722711027498,212.0,93.0,146.0
Philips Lamp 1,Bulb,55.0,0.0,0.046731,0.06713868243047372,232.0,93.0,163.6
Philips Lamp 1,Bulb,55.0,0.0,0.045751799999999995,0.06771450522377019,232.0,93.0,150.2
Philips Lamp 1,Bulb,55.0,0.0,0.015783,0.002747723876229197,232.0,105.0,174.2
Philips Lamp 1,Bulb,55.0,0.0,0.017779999999999997,0.004149754089099738,232.0,56.0,150.2
Philips Lamp 1,Bulb,55.0,0.0,0.0163102,0.005059332880924124,232.0,56.0,164.6
Philips Lamp 1,Bulb,55.0,0.0,0.0143726,0.006122578117100671,213.0,56.0,137.2
Philips Lamp 1,Bulb,55.0,0.0,0.012676799999999998,0.007849446171546117,213.0,56.0,129.4
Philips Lamp 1,Bulb,55.0,0.0,0.010107399999999999,0.008197932928488742,177.0,56.0,108.6
Philips Lamp 1,Bulb,54.0,2.23606797749979,0.0060154,0.0034298099510031168,177.0,95.0,119.4
Philips Lamp 1,Bulb,54.0,2.23606797749979,0.012801199999999999,0.01811364183978473,111.0,95.0,106.2
Philips Lamp 1,Bulb,53.4,2.302172886644268,0.018439,0.02049301136973285,112.0,106.0,109.6
Philips Lamp 1,Bulb,53.4,2.302172886644268,0.0185114,0.020427990082237654,113.0,109.0,111.0
Philips Lamp 1,Bulb,52.4,2.5099800796022267,0.027516399999999996,0.02232198997177447,114.0,110.0,112.0
Philips Lamp 1,Bulb,53.4,2.3021728866442674,0.1110056,0.17402803433728717,115.0,111.0,113.0
Philips Lamp 1,Bulb,52.8,2.16794833886788,0.1104396,0.1743006831291834,116.0,112.0,114.0
Philips Lamp 1,Bulb,53.4,2.302172886644268,0.10392059999999999,0.17833287219494895,118.0,113.0,115.2
Philips Lamp 1,Bulb,52.4,2.5099800796022267,0.11330860000000001,0.17290782765190246,119.0,114.0,116.4
Philips Lamp 1,Bulb,53.4,2.3021728866442674,0.16148579999999998,0.183770573383499,120.0,115.0,117.6
Philips Lamp 1,Bulb,52.8,2.16794833886788,0.08470180000000001,0.11615659675498419,121.0,116.0,118.8
Philips Lamp 1,Bulb,53.4,2.302172886644268,0.0773088,0.12062902452643809,122.0,118.0,120.0
Philips Lamp 1,Bulb,52.4,2.5099800796022267,0.0853214,0.11574374147356739,123.0,119.0,121.0
Philips Lamp 1,Bulb,53.4,2.3021728866442674,0.1812876,0.22624098733165038,124.0,120.0,122.0
Philips Lamp 1,Bulb,52.8,2.16794833886788,0.13025559999999997,0.2243560412754691,125.0,121.0,123.0
Philips Lamp 1,Bulb,53.4,2.302172886644268,0.1234878,0.2283555561261867,126.0,122.0,124.0
Philips Lamp 1,Bulb,52.4,2.5099800796022267,0.1255772,0.2270470044719815,127.0,123.0,125.0
Philips Lamp 1,Bulb,57.8,10.940749517286282,0.1266848,0.22656071628086805,129.0,124.0,126.2
Philips Lamp 1,Bulb,57.8,10.940749517286282,0.0966836,0.15976777222675417,130.0,125.0,127.4
Philips Lamp 1,Bulb,57.8,10.940749517286282,0.0931544,0.16165885061233115,131.0,126.0,128.6
Philips Lamp 1,Bulb,57.8,10.940749517286282,0.09363760000000002,0.16132504449495746,132.0,127.0,129.8
Philips Lamp 1,Bulb,57.8,10.940749517286282,0.0994612,0.1583042652479711,133.0,129.0,131.0
Philips Lamp 1,Bulb,53.4,2.3021728866442674,0.1835892,0.22334927555669395,134.0,130.0,132.0
Philips Lamp 1,Bulb,52.8,2.16794833886788,0.11464480000000002,0.19918262014719057,135.0,131.0,133.0
Philips Lamp 1,Bulb,53.4,2.302172886644268,0.11215679999999999,0.20077538416026003,136.0,132.0,134.0
Philips Lamp 1,Bulb,52.4,2.5099800796022267,0.1204372,0.19606798627695446,137.0,133.0,135.0
Philips Lamp 1,Bulb,53.4,2.3021728866442674,0.1481264,0.1924567174725268,139.0,134.0,136.2
Philips Lamp 1,Bulb,52.8,2.16794833886788,0.06119020000000001,0.06999606297999911,140.0,135.0,137.4
Philips Lamp 1,Bulb,53.4,2.302172886644268,0.05493619999999999,0.07408694773507679,141.0,136.0,138.6
Philips Lamp 1,Bulb,52.4,2.5099800796022267,0.0632374,0.06922558062089476,142.0,137.0,139.8
Philips Lamp 1,Bulb,53.4,2.3021728866442674,0.1041906,0.1071941639610105,143.0,139.0,141.0
Philips Lamp 1,Bulb,53.4,2.302172886644268,0.06827720000000001,0.10412721841190228,144.0,140.0,142.0
Philips Lamp 1,Bulb,53.4,2.302172886644268,0.0670672,0.10464160606183376,145.0,141.0,143.0
Philips Lamp 1,Bulb,52.8,2.1679483388678804,0.06665439999999999,0.10495261197702516,146.0,142.0,144.0
Philips Lamp 1,Bulb,53.8,1.6431676725154982,0.250991,0.41415036272409567,147.0,143.0,145.0
Philips Lamp 1,Bulb,53.2,1.6431676725154982,0.2078046,0.4251923314493101,148.0,144.0,146.0
Philips Lamp 1,Bulb,57.6,10.92245393673052,0.2249834,0.41652978639864396,151.0,145.0,147.4
Philips Lamp 1,Bulb,62.6,13.202272531651511,0.2605846,0.40299412285454,156.0,146.0,149.6
Philips Lamp 1,Bulb,67.6,12.915107432770352,0.5586556,0.6437701340783836,162.0,147.0,152.8
Philips Lamp 1,Bulb,72.0,11.180339887498949,0.5544574,0.6404938247799896,166.0,148.0,156.6
Philips Lamp 1,Bulb,72.6,9.838699100999076,0.5481986,0.6469520234733793,168.0,151.0,160.6
Philips Lamp 1,Bulb,67.8,12.617448236470002,0.5397004,0.654715174967176,169.0,156.0,164.2
Philips Lamp 1,Bulb,63.4,12.441864811996632,0.4990944,0.6860428163192878,170.0,162.0,167.0
Philips Lamp 1,Bulb,58.6,10.334408546211051,0.2096038,0.41273294939548993,171.0,166.0,168.8
Philips Lamp 1,Bulb,58.6,10.334408546211051,0.0976302,0.16317957156672525,175.0,168.0,170.6
Philips Lamp 1,Bulb,63.0,12.806248474865697,0.2275842,0.28415647377756503,179.0,169.0,172.8
Philips Lamp 1,Bulb,67.8,12.617448236470004,0.3613974,0.33149279970807816,183.0,170.0,175.6
Philips Lamp 1,Bulb,72.2,10.73312629199899,0.4962084,0.28345406509221205,188.0,171.0,179.2
Philips Lamp 2,Bulb,55.6,3.1304951684997055,0.004642,0.0006401886440729795,106.0,103.0,104.0
Philips Lamp 2,Bulb,54.2,3.834057902536163,0.004859,0.0001718982257034669,106.0,103.0,104.6
Philips Lamp 2,Bulb,53.2,3.5637059362410923,0.0046166,0.0005817970436501033,108.0,104.0,105.6
Philips Lamp 2,Bulb,53.2,3.5637059362410923,0.004326999999999999,0.0006658250520970206,109.0,104.0,106.6
Philips Lamp 2,Bulb,53.2,3.5637059362410923,0.0040414,0.0006849597068441327,115.0,106.0,108.8
Philips Lamp 2,Bulb,53.2,3.5637059362410923,0.0037676000000000003,0.00046686004326778696,119.0,106.0,111.4
Philips Lamp 2,Bulb,54.6,3.361547262794322,0.0035445999999999997,8.366779547711285e-05,127.0,108.0,115.6
Philips Lamp 2,Bulb,54.2,3.8340579025361627,0.0035502,9.077830137207898e-05,128.0,109.0,119.6
Philips Lamp 2,Bulb,54.2,3.8340579025361627,0.0035512,9.152977657571333e-05,134.0,115.0,124.6
Philips Lamp 2,Bulb,53.2,3.5637059362410923,0.0035788,6.402889972504603e-05,135.0,119.0,128.6
Philips Lamp 2,Bulb,54.6,3.361547262794322,0.0035856,6.686030212315826e-05,138.0,127.0,132.4
Philips Lamp 2,Bulb,53.2,3.5637059362410923,0.0036340000000000005,5.515886148208644e-05,143.0,128.0,135.6
Philips Lamp 2,Bulb,54.6,3.361547262794322,0.0032734000000000005,0.00079923732395328,150.0,134.0,140.0
Philips Lamp 2,Bulb,54.6,3.361547262794322,0.0035589999999999997,0.0011338084053313417,150.0,135.0,143.2
Philips Lamp 2,Bulb,55.6,3.1304951684997055,0.0033768,0.0012023244986275542,150.0,138.0,146.2
Philips Lamp 2,Bulb,54.2,3.8340579025361627,0.0033530000000000005,0.001197449998956115,151.0,143.0,148.8
Philips Lamp 2,Bulb,54.2,3.834057902536163,0.0035242000000000003,0.0013179839528613387,151.0,150.0,150.4
Philips Lamp 2,Bulb,53.2,3.5637059362410923,0.0033689999999999996,0.0015837520323586012,157.0,150.0,151.8
Philips Lamp 2,Bulb,52.2,2.8635642126552705,0.0033178,0.0015192108806877341,157.0,150.0,153.2
Philips Lamp 2,Bulb,51.2,1.0954451150103321,0.004399999999999999,0.0025272145733989423,158.0,151.0,154.8
Philips Lamp 2,Bulb,52.6,2.6076809620810595,0.0044056,0.0025247570774234894,159.0,151.0,156.4
Philips Lamp 2,Bulb,54.0,2.7386127875258306,0.0039461999999999995,0.0026898111829643354,159.0,157.0,158.0
Philips Lamp 2,Bulb,55.0,2.7386127875258306,0.0039126000000000005,0.002735369408324952,160.0,157.0,158.6
Philips Lamp 2,Bulb,54.6,3.361547262794322,0.0037034,0.0026921030440902514,163.0,158.0,159.8
Philips Lamp 2,Bulb,55.6,3.1304951684997055,0.0023616,0.0012629672600665467,164.0,159.0,161.0
Philips Lamp 2,Bulb,55.6,3.1304951684997055,0.0018754,0.0011648383149604927,164.0,159.0,162.0
Philips Lamp 2,Bulb,55.6,3.1304951684997055,0.0021224,0.0013822079438347906,173.0,160.0,164.8
Philips Lamp 2,Bulb,54.2,3.8340579025361627,0.0026836000000000004,0.0013320689922072355,176.0,163.0,168.0
Philips Lamp 2,Bulb,55.6,3.1304951684997055,0.002668,0.0013170645390412727,182.0,164.0,171.8
Philips Lamp 2,Bulb,54.6,3.361547262794322,0.0031008,0.0011221533763260706,183.0,164.0,175.6
Philips Lamp 2,Bulb,54.6,3.361547262794322,0.003105,0.0011127881649262812,192.0,173.0,181.2
Philips Lamp 2,Bulb,53.2,3.5637059362410923,0.0031112,0.0011157121940715716,194.0,176.0,185.4
Philips Lamp 2,Bulb,58.0,9.460443964212251,0.0233714,0.04564977768620566,207.0,182.0,191.6
Philips Lamp 2,Bulb,58.0,9.460443964212251,0.0233316,0.04567134556042772,249.0,183.0,205.0
Philips Lamp 2,Bulb,57.6,9.813256340277675,0.023899200000000002,0.04538039143396628,252.0,192.0,218.8
Philips Lamp 2,Bulb,56.2,10.401922899156675,0.0246018,0.04496483621342349,252.0,194.0,230.8
Philips Lamp 2,Bulb,57.6,9.813256340277675,0.024604400000000002,0.04496331453307241,252.0,6.0,193.2
Philips Lamp 2,Bulb,54.2,3.8340579025361627,0.0045642,0.0011776974144490598,252.0,6.0,153.0
Philips Lamp 2,Bulb,52.8,3.8340579025361627,0.004614999999999999,0.0011221675454226967,252.0,6.0,104.8
Philips Lamp 2,Bulb,52.8,3.8340579025361627,0.0039034,0.0008233363832602079,252.0,6.0,56.0
Philips Lamp 2,Bulb,52.8,3.8340579025361627,0.0039716000000000005,0.0009085900065486083,8.0,6.0,7.2
Philips Lamp 2,Bulb,52.8,3.8340579025361627,0.0039972,0.0008956998381154258,13.0,6.0,8.6
Philips Lamp 2,Bulb,51.4,3.1304951684997055,0.0041208,0.0010627837032999709,15.0,8.0,10.4
Philips Lamp 2,Bulb,52.8,3.8340579025361627,0.0043686,0.0010875027816056382,18.0,8.0,12.4
Philips Lamp 2,Bulb,52.8,3.8340579025361627,0.0047244,0.0006531365094679674,22.0,8.0,15.2
Philips Lamp 2,Bulb,52.8,3.8340579025361627,0.004469,0.0007703009152272897,32.0,13.0,20.0
Philips Lamp 2,Bulb,52.8,3.8340579025361627,0.0040056,0.0016047820101185084,34.0,15.0,24.2
Philips Lamp 2,Bulb,54.2,3.8340579025361627,0.0036323999999999996,0.001394829846253657,40.0,18.0,29.2
Philips Lamp 2,Bulb,53.2,3.5637059362410923,0.0032278000000000003,0.0011963710544810084,42.0,22.0,34.0
Philips Lamp 2,Bulb,53.6,3.209361307176242,0.00283,0.0009337012370132108,42.0,32.0,38.0
Philips Lamp 2,Bulb,54.0,2.7386127875258306,0.002476,0.0008550339174559099,42.0,34.0,40.0
Philips Lamp 2,Bulb,54.0,2.7386127875258306,0.0028967999999999997,0.0006714389026560793,43.0,40.0,41.8
Philips Lamp 2,Bulb,52.6,2.6076809620810595,0.0029308,0.000716287093280341,45.0,42.0,42.8
Philips Lamp 2,Bulb,53.6,3.209361307176242,0.0030596,0.0007712268148865158,50.0,42.0,44.4
Philips Lamp 2,Bulb,53.2,3.5637059362410923,0.0032403999999999996,0.0007410390003231949,51.0,42.0,46.2
Philips Lamp 2,Bulb,54.2,3.8340579025361627,0.0038216,0.000574226262025693,62.0,43.0,50.2
Philips Lamp 2,Bulb,52.8,3.8340579025361627,0.00388,0.0005438262590202865,64.0,45.0,54.4
Philips Lamp 2,Bulb,54.2,3.8340579025361627,0.0038357999999999995,0.0005674325510578326,67.0,50.0,58.8
Philips Lamp 2,Bulb,53.2,3.5637059362410923,0.0041222,0.0007365512202148603,70.0,51.0,62.8
Philips Lamp 2,Bulb,54.6,3.361547262794322,0.0041354,0.0007231039344381966,73.0,62.0,67.2
Philips Lamp 2,Bulb,53.2,3.5637059362410923,0.0039102,0.0006194398275861827,74.0,64.0,69.6
Philips Lamp 2,Bulb,54.6,3.361547262794322,0.0038731999999999994,0.0006356683097339365,86.0,67.0,74.0
Philips Lamp 2,Bulb,53.6,3.209361307176242,0.0038994,0.0006194487872294204,89.0,70.0,78.4
Philips Lamp 2,Bulb,53.6,3.209361307176242,0.003857,0.0005250942772493337,89.0,73.0,82.2
Philips Lamp 2,Bulb,53.6,3.2093613071762426,0.0035282,0.0010269621219889272,92.0,74.0,86.0
Philips Lamp 2,Bulb,55.0,2.7386127875258306,0.0037589999999999998,0.0011933825874379097,92.0,86.0,89.6
Philips Lamp 2,Bulb,55.0,2.7386127875258306,0.0035804,0.0012899696895663866,92.0,89.0,90.8
Philips Lamp 2,Bulb,55.6,2.1908902300206647,0.0033114,0.0014089262933170068,249.0,89.0,122.8
Philips Lamp 2,Bulb,56.6,0.8944271909999159,0.0030509999999999995,0.001166573829639599,249.0,92.0,123.8
Philips Lamp 2,Bulb,55.2,3.03315017762062,0.0028812,0.001408506549505539,249.0,92.0,124.4
Philips Lamp 2,Bulb,55.2,3.03315017762062,0.0026298,0.0010274221138363725,249.0,92.0,127.0
Philips Lamp 2,Bulb,55.2,3.03315017762062,0.0027808,0.0010912454810903,249.0,94.0,132.2
Philips Lamp 2,Bulb,55.6,3.1304951684997055,0.0027462,0.001112985938815042,118.0,94.0,106.0
Philips Lamp 2,Bulb,54.2,3.8340579025361627,0.0027888,0.0011519200059031877,119.0,95.0,111.0
Philips Lamp 2,Bulb,55.6,3.1304951684997055,0.0027643999999999998,0.0011977058486957472,128.0,105.0,117.6
Philips Lamp 2,Bulb,54.2,3.8340579025361627,0.0027888,0.001220119543323522,129.0,118.0,122.4
Philips Lamp 2,Bulb,54.2,3.8340579025361627,0.0028028000000000003,0.0012298368590996124,130.0,118.0,124.8
Philips Lamp 2,Bulb,53.2,3.5637059362410923,0.0030846000000000003,0.0011960918861024013,131.0,119.0,127.4
Philips Lamp 2,Bulb,54.6,3.361547262794322,0.0030462,0.001174196831881265,134.0,128.0,130.4
Philips Lamp 2,Bulb,54.6,3.361547262794322,0.0038628000000000004,0.0006615184804674774,134.0,129.0,131.6
Philips Lamp 2,Bulb,54.6,3.361547262794322,0.004035,0.0007259328481340407,136.0,130.0,133.0
Philips Lamp 2,Bulb,53.2,3.5637059362410923,0.004261,0.0006973510593668014,136.0,131.0,134.2
Philips Lamp 2,Bulb,54.2,3.8340579025361627,0.0042624,0.000695526275564051,139.0,134.0,135.8
Philips Lamp 2,Bulb,53.2,3.5637059362410923,0.004309,0.0006379341658823426,140.0,134.0,137.0
Philips Lamp 2,Bulb,53.2,3.5637059362410923,0.0040272,0.0005408781748231297,143.0,136.0,138.8
Philips Lamp 2,Bulb,53.2,3.5637059362410923,0.0034430000000000003,0.0010869266304585606,145.0,136.0,140.6
Philips Lamp 2,Bulb,54.6,3.361547262794322,0.0032722000000000003,0.0009031758964897148,152.0,139.0,143.8
Philips Lamp 2,Bulb,54.6,3.361547262794322,0.0035262,0.0011435579128317025,152.0,140.0,146.4
Philips Lamp 2,Bulb,54.2,3.8340579025361627,0.0035858,0.0011652419062151858,154.0,143.0,149.2
Philips Lamp 2,Bulb,54.2,3.8340579025361627,0.0035830000000000002,0.0011651379746622286,171.0,145.0,154.8
Philips Lamp 2,Bulb,54.2,3.8340579025361627,0.007180000000000001,0.006986484738407434,171.0,16.0,129.0
Philips Lamp 2,Bulb,52.8,3.8340579025361627,0.007140600000000001,0.007010915867417038,173.0,16.0,133.2
Philips Lamp 2,Bulb,52.8,3.8340579025361627,0.006901599999999999,0.007129633742346096,181.0,16.0,139.0
Philips Lamp 2,Bulb,53.2,3.5637059362410923,0.006795999999999999,0.007186280853125626,182.0,16.0,144.6
Philips Lamp 2,Bulb,53.2,3.5637059362410923,0.006816,0.007175335009600597,186.0,16.0,147.6
Philips Lamp 2,Bulb,54.6,3.361547262794322,0.0038526000000000003,0.0005532023138057178,186.0,173.0,181.6
Philips Lamp 2,Bulb,54.6,3.361547262794322,0.0040832,0.0006484795293607962,189.0,181.0,184.8
Philips Lamp 2,Bulb,53.2,3.5637059362410923,0.0040972000000000005,0.0006364618606012459,198.0,182.0,188.2
Philips Lamp 2,Bulb,54.2,3.8340579025361627,0.0041313999999999995,0.000600818441794191,199.0,186.0,191.6
Philips Lamp 2,Bulb,54.2,3.8340579025361627,0.0037315999999999994,0.0012567311963980205,202.0,186.0,194.8
Philips Lamp 2,Bulb,52.8,3.8340579025361627,0.0035015999999999997,0.0010999969545412388,204.0,189.0,198.4
Philips Lamp 2,Bulb,54.2,3.8340579025361627,0.0027434,0.0013157719407252916,211.0,198.0,202.8
Philips Lamp 2,Bulb,54.2,3.8340579025361627,0.0025382,0.0012079996688741268,213.0,199.0,205.8
Philips Lamp 2,Bulb,54.2,3.8340579025361627,0.002525,0.0011926118396192451,221.0,202.0,210.2
Philips Lamp 2,Bulb,54.2,3.8340579025361627,0.0031444,0.0014433373825963216,224.0,204.0,214.6
Philips Lamp 2,Bulb,55.6,3.1304951684997055,0.003195,0.0014711505701320991,224.0,211.0,218.6
Philips Lamp 2,Bulb,54.6,3.361547262794322,0.0031944,0.001472294230104839,225.0,213.0,221.4
Philips Lamp 2,Bulb,54.6,3.361547262794322,0.0033910000000000004,0.0014481945656575296,226.0,221.0,224.0
Philips Lamp 2,Bulb,54.6,3.361547262794322,0.0033782000000000005,0.0014459677382293147,232.0,224.0,226.2
Philips Lamp 2,Bulb,53.2,3.5637059362410923,0.0036896,0.0019210228525449666,235.0,224.0,228.4
Philips Lamp 2,Bulb,51.8,3.03315017762062,0.0038312,0.001969304750413201,235.0,225.0,230.6
Philips Lamp 2,Bulb,52.8,3.8340579025361627,0.0039044,0.0018378002611818293,237.0,226.0,233.0
Philips Lamp 2,Bulb,52.8,3.8340579025361627,0.0039017999999999995,0.0018382751970257337,240.0,232.0,235.8
Philips Lamp 2,Bulb,52.8,3.8340579025361627,0.0038944,0.001840098856040077,243.0,235.0,238.0
Philips Lamp 2,Bulb,53.2,3.5637059362410923,0.003365,0.001230771912256694,244.0,235.0,239.8
Philips Lamp 2,Bulb,54.6,3.361547262794322,0.0031253999999999995,0.0010174086199752782,246.0,237.0,242.0
Philips Lamp 2,Bulb,54.6,3.361547262794322,0.0038234000000000002,0.0005585627091025681,246.0,240.0,243.8
Philips Lamp 2,Bulb,56.0,2.23606797749979,0.0043872,0.0012751188964171144,246.0,243.0,245.0
Philips Lamp 2,Bulb,54.6,3.361547262794322,0.003918199999999999,0.001935469632931501,247.0,244.0,245.8
Philips Lamp 2,Bulb,55.6,3.1304951684997055,0.003891,0.0019399019305109215,255.0,246.0,248.0
Philips Lamp 2,Bulb,54.2,3.8340579025361627,0.003945799999999999,0.0019280577532843767,255.0,2.0,199.2
Philips Lamp 2,Bulb,54.2,3.8340579025361627,0.0036666,0.001872818277356348,255.0,2.0,152.4
Philips Lamp 2,Bulb,52.8,3.8340579025361627,0.0030772,0.0010712099234043717,255.0,2.0,106.6
Philips Lamp 2,Bulb,54.2,3.8340579025361627,0.0035662,0.00011827383480719638,255.0,2.0,62.0
Philips Lamp 2,Bulb,52.8,3.8340579025361627,0.0036000000000000003,0.00014561936684383695,28.0,2.0,16.6
Philips Lamp 2,Bulb,54.2,3.8340579025361627,0.003551,0.00013560051622320607,39.0,12.0,24.0
Philips Lamp 2,Bulb,52.8,3.8340579025361627,0.0038066000000000003,0.0005042879137952843,40.0,17.0,29.6
Philips Lamp 2,Bulb,54.2,3.8340579025361627,0.0038144,0.0004986299228887092,46.0,24.0,35.4
Philips Lamp 2,Bulb,52.8,3.8340579025361627,0.0037998,0.0005068556993859299,48.0,28.0,40.2
Philips Lamp 2,Bulb,54.2,3.8340579025361627,0.0041140000000000005,0.0008448369665207601,52.0,39.0,45.0
Philips Lamp 2,Bulb,53.2,3.5637059362410923,0.0038138000000000004,0.0012818614199670726,53.0,40.0,47.8
Philips Lamp 2,Bulb,53.6,3.209361307176242,0.0040228,0.0015224390628199211,53.0,46.0,50.4
Philips Lamp 2,Bulb,52.6,2.60768096208106,0.0040266,0.0015209525962369766,55.0,48.0,52.2
Philips Lamp 2,Bulb,53.0,2.23606797749979,0.0042758,0.0015241850937468193,55.0,52.0,53.6
Philips Lamp 2,Bulb,53.0,2.23606797749979,0.0038994,0.0014300939829255978,56.0,53.0,54.4
Philips Lamp 2,Bulb,54.0,2.7386127875258306,0.0041882,0.0010357505491188502,57.0,53.0,55.2
Philips Lamp 2,Bulb,53.6,3.209361307176242,0.0037810000000000005,0.0005746738205277842,59.0,55.0,56.4
Philips Lamp 2,Bulb,54.6,3.361547262794322,0.0038058000000000002,0.0005652426027822036,65.0,55.0,58.4
Philips Lamp 2,Bulb,55.6,3.1304951684997055,0.0030436,0.0011614001463750552,65.0,56.0,60.4
Philips Lamp 2,Bulb,54.2,3.8340579025361627,0.0030616000000000003,0.0011697855786425135,68.0,57.0,62.8
Philips Lamp 2,Bulb,54.2,3.8340579025361627,0.0034936000000000004,0.001639362772543039,74.0,59.0,66.2
Philips Lamp 2,Bulb,54.6,3.361547262794322,0.0034652000000000003,0.0016362068023327613,75.0,65.0,69.4
Philips Lamp 2,Bulb,58.0,9.460443964212251,0.30786060000000004,0.6807719568146885,83.0,65.0,73.0
Philips Lamp 2,Bulb,62.0,12.62933094031509,0.3727222,0.6593356610950905,87.0,68.0,77.4
Philips Lamp 2,Bulb,67.4,11.970797801316335,0.3739314000000001,0.658494314964298,92.0,74.0,82.2
Philips Lamp 3,Bulb,58.6,10.334408546211051,0.1405982,0.25891618217813267,197.0,191.0,194.6
Philips Lamp 3,Bulb,54.2,1.0954451150103321,0.021015,0.02263050636861668,198.0,194.0,196.0
Philips Lamp 3,Bulb,53.2,2.0493901531919194,0.0209122,0.022724255338734425,199.0,195.0,197.0
Philips Lamp 3,Bulb,53.6,2.1908902300206643,0.012006600000000001,0.019322959149674777,200.0,196.0,198.0
Philips Lamp 3,Bulb,53.6,2.1908902300206647,0.011473,0.0196191976263047,201.0,197.0,199.0
Philips Lamp 3,Bulb,54.0,2.23606797749979,0.0027628,0.0015949437921130639,201.0,198.0,199.8
Philips Lamp 3,Bulb,53.4,2.302172886644268,0.0023539999999999998,0.001316741622339022,202.0,199.0,200.6
Philips Lamp 3,Bulb,53.8,1.6431676725154984,0.0019700000000000004,0.0008575596189187082,203.0,200.0,201.4
Philips Lamp 3,Bulb,53.8,1.6431676725154982,0.0038196000000000003,0.003404920747976376,204.0,201.0,202.2
Philips Lamp 3,Bulb,53.2,1.6431676725154982,0.0083572,0.009547552759739012,205.0,201.0,203.0
Philips Lamp 3,Bulb,57.6,10.92245393673052,0.0163232,0.017314769293871636,208.0,202.0,204.4
Philips Lamp 3,Bulb,62.6,13.202272531651511,0.0313728,0.030095444102056376,224.0,203.0,208.8
Philips Lamp 3,Bulb,63.2,12.657013865837392,0.032046599999999995,0.029307592110236553,225.0,204.0,213.2
Philips Lamp 3,Bulb,62.2,13.627178724886527,0.0389054,0.02671772896973094,226.0,205.0,217.6
Philips Lamp 3,Bulb,62.8,13.1224997618594,0.18908560000000002,0.3287179801011803,227.0,208.0,222.0
Philips Lamp 3,Bulb,57.8,10.940749517286282,0.1880434,0.32930573279370645,228.0,224.0,226.0
Philips Lamp 3,Bulb,53.4,2.302172886644268,0.1734552,0.33694971195743734,230.0,225.0,227.2
Philips Lamp 3,Bulb,52.4,2.5099800796022267,0.1729464,0.3372682917171432,231.0,226.0,228.4
Philips Lamp 3,Bulb,53.4,2.3021728866442674,0.22621700000000003,0.3328475565427813,232.0,227.0,229.6
Philips Lamp 3,Bulb,52.8,2.16794833886788,0.0788274,0.130636285990149,233.0,228.0,230.8
Philips Lamp 3,Bulb,53.4,2.302172886644268,0.07207720000000001,0.13412953206024394,235.0,230.0,232.2
Philips Lamp 3,Bulb,52.4,2.5099800796022267,0.0802134,0.13019190602452982,236.0,231.0,233.4
Philips Lamp 3,Bulb,53.4,2.3021728866442674,0.14203280000000001,0.15535528016678418,237.0,232.0,234.6
Philips Lamp 3,Bulb,52.8,2.16794833886788,0.0874854,0.1266366012940177,238.0,233.0,235.8
Philips Lamp 3,Bulb,53.4,2.302172886644268,0.0807566,0.1307246876274715,240.0,235.0,237.2
Philips Lamp 3,Bulb,52.4,2.5099800796022267,0.08552,0.12761504193080064,241.0,236.0,238.4
Philips Lamp 3,Bulb,53.4,2.3021728866442674,0.07806540000000001,0.13157772395926295,243.0,237.0,239.8
Philips Lamp 3,Bulb,52.8,2.16794833886788,0.022533199999999996,0.015224911796132022,244.0,238.0,241.2
Philips Lamp 3,Bulb,53.4,2.302172886644268,0.0159008,0.014106173832758478,245.0,240.0,242.6
Philips Lamp 3,Bulb,52.4,2.5099800796022267,0.0239184,0.01723331871114789,246.0,241.0,243.8
Philips Lamp 3,Bulb,52.4,2.5099800796022267,0.019,0.01930884411351441,246.0,243.0,244.8
Philips Lamp 3,Bulb,51.4,2.1908902300206643,0.018077600000000003,0.020058666600748915,246.0,244.0,245.4
Philips Lamp 3,Bulb,51.0,2.23606797749979,0.0203172,0.022790238287477383,247.0,245.0,246.0
Philips Lamp 3,Bulb,51.0,2.23606797749979,0.0200906,0.022990149962538304,248.0,246.0,246.6
Philips Lamp 3,Bulb,52.0,2.7386127875258306,0.0171346,0.01973110334725354,249.0,246.0,247.2
Philips Lamp 3,Bulb,53.0,2.7386127875258306,0.0172502,0.019628981422885904,250.0,246.0,248.0
Philips Lamp 3,Bulb,53.0,2.7386127875258306,0.017274400000000002,0.019607749457803667,251.0,247.0,249.0
Philips Lamp 3,Bulb,53.4,2.3021728866442674,0.0085598,0.012036153193607997,253.0,248.0,250.2
Philips Lamp 3,Bulb,57.8,10.940749517286282,0.0701908,0.13547839332971146,254.0,249.0,251.4
Philips Lamp 3,Bulb,57.8,10.940749517286282,0.1947606,0.2888698502237643,255.0,250.0,252.6
Philips Lamp 3,Bulb,57.2,11.211601134539169,0.2010606,0.2839595669603333,255.0,0.0,202.6
Philips Lamp 3,Bulb,62.6,13.202272531651511,0.232338,0.2647274143368986,255.0,0.0,153.4
Philips Lamp 3,Bulb,67.6,12.915107432770352,0.23694020000000005,0.2598804032063595,255.0,0.0,104.8
Philips Lamp 3,Bulb,67.6,12.915107432770352,0.3990558,0.4787681632718491,255.0,0.0,58.2
Philips Lamp 3,Bulb,72.0,11.180339887498949,0.36702219999999997,0.462622839780636,25.0,0.0,12.2
Philips Lamp 3,Bulb,77.0,0.0,0.42926339999999996,0.42630673863580903,30.0,5.0,18.2
Philips Lamp 3,Bulb,77.0,0.0,0.43911,0.4190374847051275,35.0,10.0,24.2
Philips Lamp 3,Bulb,77.0,0.0,0.4520626,0.403765106076912,40.0,21.0,30.2
Philips Lamp 3,Bulb,72.6,9.838699100999076,0.2284134,0.196019039491831,42.0,25.0,34.4
Philips Lamp 3,Bulb,67.8,12.617448236470002,0.13921160000000002,0.13878528802362303,43.0,30.0,38.0
Philips Lamp 3,Bulb,63.4,12.441864811996632,0.07109299999999999,0.08484822341982182,44.0,35.0,40.8
Philips Lamp 3,Bulb,58.6,10.334408546211051,0.0380824,0.03539011810237428,45.0,40.0,42.8
Philips Lamp 3,Bulb,58.6,10.334408546211051,0.21121020000000001,0.4165899296498896,48.0,42.0,44.4
Power Plug 1,Socket,62.4,10.039920318408907,0.2229886,0.3244355908463188,169.0,161.0,164.6
Power Plug 1,Socket,65.2,12.00833044182246,0.2225988,0.3247605194935185,170.0,162.0,166.4
Power Plug 1,Socket,63.4,12.521980673998822,0.5276658000000001,0.6376522724712115,172.0,164.0,168.4
Power Plug 1,Socket,60.6,10.039920318408907,0.3751896,0.6562350712997591,178.0,167.0,171.2
Power Plug 1,Socket,63.2,9.23038460737146,0.36483680000000007,0.6628453939284787,179.0,169.0,173.6
Power Plug 1,Socket,62.6,10.114346246792227,0.31396520000000006,0.6812759788104964,180.0,170.0,175.8
Power Plug 1,Socket,57.6,6.877499545619759,0.3130974,0.6817699393331302,181.0,172.0,178.0
Power Plug 1,Socket,56.6,7.334848328356899,0.006966999999999999,0.00651648966085269,182.0,178.0,180.0
Power Plug 1,Socket,54.6,6.465291950097846,0.0461464,0.08795790793498899,183.0,179.0,181.0
Power Plug 1,Socket,56.8,11.344602240713423,0.0696292,0.09060591309456573,185.0,180.0,182.2
Power Plug 1,Socket,56.8,11.344602240713423,0.06931960000000001,0.09083121618309423,186.0,181.0,183.4
Power Plug 1,Socket,56.8,11.344602240713423,0.06931659999999999,0.09083403624357997,187.0,182.0,184.6
Power Plug 1,Socket,56.8,11.344602240713423,0.07024299999999999,0.0899954325035443,188.0,183.0,185.8
Power Plug 1,Socket,58.2,11.189280584559492,0.10543620000000001,0.1611752048166839,193.0,185.0,187.8
Power Plug 1,Socket,51.8,5.403702434442518,0.08150260000000001,0.16640899620302985,194.0,186.0,189.6
Power Plug 1,Socket,52.4,5.319774431308154,0.10010400000000001,0.16239031026819303,195.0,187.0,191.4
Power Plug 1,Socket,52.6,5.319774431308154,0.10009100000000001,0.16240022936098336,196.0,188.0,193.2
Power Plug 1,Socket,52.8,5.310367218940701,0.2310966,0.28560949221848353,207.0,193.0,197.0
Power Plug 1,Socket,56.2,12.13260071048248,0.3002954,0.3620858297010531,209.0,194.0,200.2
Power Plug 1,Socket,59.8,10.545141061171254,0.300753,0.36162045764240164,216.0,195.0,204.6
Power Plug 1,Socket,62.4,10.039920318408907,0.280439,0.37759271505883163,217.0,196.0,209.0
Power Plug 1,Socket,62.4,10.039920318408907,0.3924868,0.3564493309296568,218.0,207.0,213.4
Power Plug 1,Socket,62.4,10.039920318408907,0.260344,0.3541832397050996,219.0,209.0,215.8
Power Plug 1,Socket,62.4,10.039920318408907,0.11730180000000001,0.24815548368956108,221.0,216.0,218.2
Power Plug 1,Socket,60.4,10.85357084097211,0.1399368,0.24065822059551595,223.0,217.0,219.6
Power Plug 1,Socket,57.8,10.73312629199899,0.1386596,0.24155324713776882,224.0,218.0,221.0
Power Plug 1,Socket,57.8,10.73312629199899,0.11690079999999999,0.19424602719798417,226.0,219.0,222.6
Power Plug 1,Socket,57.8,10.73312629199899,0.11690179999999999,0.194245280940619,227.0,221.0,224.2
Power Plug 1,Socket,53.0,0.0,0.1368172,0.18542452778340843,229.0,223.0,225.8
Power Plug 1,Socket,53.0,0.0,0.11291579999999998,0.195491677878369,230.0,224.0,227.2
Power Plug 1,Socket,57.8,10.73312629199899,0.11572679999999999,0.19357059101965876,231.0,226.0,228.6
Power Plug 1,Socket,59.8,10.545141061171254,0.026684399999999997,0.04659000578772232,234.0,227.0,230.2
Power Plug 1,Socket,62.4,10.039920318408907,0.027970799999999997,0.045783210259875834,235.0,229.0,231.8
Power Plug 1,Socket,67.2,10.158740079360236,0.1728738,0.36955790031563385,237.0,230.0,233.4
Power Plug 1,Socket,67.2,10.158740079360236,0.1781202,0.3666817996324606,239.0,231.0,235.2
Power Plug 1,Socket,67.2,10.158740079360236,0.20034519999999997,0.3575772429758358,246.0,234.0,238.2
Power Plug 1,Socket,67.2,10.158740079360236,0.2001166,0.35773194579083933,249.0,235.0,241.2
Power Plug 1,Socket,66.6,10.334408546211051,0.199154,0.358386136347376,249.0,237.0,244.0
Power Plug 1,Socket,63.8,8.555699854482974,0.033564800000000006,0.05265212839192734,250.0,239.0,246.6
Power Plug 1,Socket,65.8,6.260990336999411,0.028642200000000007,0.05451712107861163,250.0,246.0,248.8
Power Plug 1,Socket,63.6,1.3416407864998738,0.004887600000000001,0.0021987237889284778,251.0,249.0,249.8
Power Plug 1,Socket,66.4,6.06630035524124,0.09895119999999999,0.21098060084922501,251.0,2.0,200.4
Power Plug 1,Socket,66.4,6.06630035524124,0.1208394,0.20404298961199327,251.0,2.0,151.6
Power Plug 1,Socket,62.8,11.497825881443848,0.12061519999999999,0.20420133879384827,251.0,2.0,102.8
Power Plug 1,Socket,61.6,11.781341180018511,0.12273179999999999,0.2027211791752406,251.0,2.0,54.2
Power Plug 1,Socket,57.4,13.446189051177289,0.12223799999999999,0.20307521246449553,8.0,2.0,5.6
Power Plug 1,Socket,54.6,9.09945053286186,0.0283308,0.04689484015006342,9.0,5.0,7.0
Power Plug 1,Socket,55.2,9.85900603509299,0.007379000000000001,0.003401403607336242,10.0,6.0,8.0
Power Plug 1,Socket,61.6,11.781341180018513,0.16042679999999998,0.34081546781829014,12.0,7.0,9.2
Power Plug 1,Socket,65.6,13.145341380123988,0.2886142,0.38873400978522576,16.0,8.0,11.0
Power Plug 1,Socket,69.2,7.224956747275377,0.28908900000000004,0.3883020204795488,20.0,9.0,13.4
Power Plug 1,Socket,69.8,6.685805860178712,0.2891848,0.38821501668044733,21.0,10.0,15.8
Power Plug 1,Socket,72.0,6.928203230275509,0.4575372000000001,0.4168428023310466,23.0,12.0,18.4
Power Plug 1,Socket,68.6,7.956129712366435,0.539511,0.5209658331632699,25.0,16.0,21.0
Power Plug 1,Socket,62.2,11.562871615649808,0.4096622,0.5643745513404197,26.0,20.0,23.0
Power Plug 1,Socket,65.0,13.360389215887388,0.41452139999999993,0.5601322859560052,29.0,21.0,24.8
Power Plug 1,Socket,62.4,14.345731072343439,0.6250785999999999,0.5666176536221758,32.0,23.0,27.0
Power Plug 1,Socket,59.6,11.949895397031725,0.4556368,0.6080737184270506,34.0,25.0,29.2
Power Plug 1,Socket,60.8,12.296340919151518,0.22110880000000005,0.46914508282374656,35.0,26.0,31.2
Power Plug 2,Socket,64.8,1.6431676725154982,0.0051282,0.0017654878079443087,90.0,89.0,89.6
Power Plug 2,Socket,64.8,1.6431676725154982,0.004573,0.001028585436412552,91.0,89.0,90.0
Power Plug 2,Socket,64.8,1.6431676725154984,0.005261,0.0005181775757402092,91.0,90.0,90.4
Power Plug 2,Socket,64.2,1.6431676725154982,0.0048098,0.0012720248425247048,91.0,90.0,90.6
Power Plug 2,Socket,64.2,1.6431676725154982,0.004852400000000001,0.0012881402485754416,92.0,90.0,91.0
Power Plug 2,Socket,63.6,1.3416407864998738,0.0042916000000000004,0.0016976010426481248,93.0,91.0,91.6
Power Plug 2,Socket,63.6,1.3416407864998738,0.0043226,0.001713875812303797,93.0,91.0,92.0
Power Plug 2,Socket,65.8,4.764451699828639,0.092574,0.19837802171359611,94.0,91.0,92.6
Power Plug 2,Socket,65.2,5.357238094391549,0.11511420000000001,0.1919122653654529,96.0,92.0,93.6
Power Plug 2,Socket,61.0,10.41633332799983,0.11465260000000002,0.19224484312277407,97.0,93.0,94.6
Power Plug 2,Socket,57.4,12.461942063739505,0.11470260000000002,0.1922083449861114,99.0,93.0,95.8
Power Plug 2,Socket,53.8,13.026895255585654,0.11389660000000001,0.19279041284851278,100.0,94.0,97.2
Power Plug 2,Socket,48.0,6.708203932499369,0.024943,0.05057919043934966,100.0,96.0,98.4
Power Plug 2,Socket,45.0,0.0,0.0029306,0.0015439350051086995,100.0,97.0,99.2
Power Plug 2,Socket,50.8,12.96919426949878,0.1900792,0.41852813554491175,185.0,99.0,116.8
Power Plug 2,Socket,55.0,13.982131454109563,0.1910612,0.4179835316931757,200.0,100.0,137.0
Power Plug 2,Socket,58.6,13.049904214207858,0.19196980000000002,0.417471912584787,201.0,100.0,157.2
Power Plug 2,Socket,62.2,10.61602562167217,0.1928386,0.4169837001404252,202.0,100.0,177.6
Power Plug 2,Socket,65.8,4.764451699828639,0.1922956,0.41729054171200675,202.0,185.0,198.0
Power Plug 2,Socket,64.2,1.6431676725154982,0.0050474000000000005,0.0023558561713313483,203.0,200.0,201.6
Power Plug 2,Socket,63.6,1.3416407864998738,0.0047304,0.002035215664247895,204.0,201.0,202.4
Power Plug 2,Socket,63.6,1.3416407864998738,0.004151199999999999,0.0021307306727974796,204.0,202.0,203.0
Power Plug 2,Socket,65.8,4.764451699828639,0.1114316,0.24148905224419595,205.0,202.0,203.6
Power Plug 2,Socket,63.2,8.64291617453276,0.1115012,0.2414499036367586,207.0,203.0,204.6
Power Plug 2,Socket,60.4,9.710818709048171,0.1111788,0.24163281095124478,208.0,204.0,205.6
Power Plug 2,Socket,57.8,10.545141061171254,0.1136058,0.240368309125184,213.0,204.0,207.4
Power Plug 2,Socket,55.6,10.334408546211051,0.1132522,0.24057342748462474,214.0,205.0,209.4
Power Plug 2,Socket,50.8,1.0954451150103321,0.0061036,0.007201922264229182,215.0,207.0,211.4
Power Plug 2,Socket,51.2,1.0954451150103321,0.0060152,0.007252338222945756,216.0,208.0,213.2
Power Plug 2,Socket,55.6,10.334408546211051,0.0081024,0.006908244444140639,228.0,213.0,217.2
Power Plug 2,Socket,58.8,10.639548862616309,0.005755,0.004140562944818011,235.0,214.0,221.6
Power Plug 2,Socket,61.0,10.0,0.0080816,0.004032532306132215,236.0,215.0,226.0
Power Plug 2,Socket,64.2,7.949842765740716,0.0075576,0.004263026249039525,237.0,216.0,230.4
Power Plug 2,Socket,67.0,4.123105625617661,0.0077004000000000005,0.004060101698233678,238.0,228.0,234.8
Power Plug 2,Socket,64.8,1.6431676725154982,0.00609,0.00384529049617841,239.0,235.0,237.0
Power Plug 2,Socket,64.2,1.6431676725154982,0.0058538,0.0038676001215223895,240.0,236.0,238.0
Power Plug 2,Socket,66.4,4.505552130427524,0.0736332,0.15532368299361177,241.0,237.0,239.0
Power Plug 2,Socket,68.0,5.612486080160912,0.10313939999999999,0.1530341519115913,245.0,238.0,240.6
Power Plug 2,Socket,68.0,5.612486080160912,0.1035118,0.15273229090045104,245.0,162.0,225.4
Power Plug 2,Socket,68.0,5.612486080160912,0.1035476,0.15270294473355778,245.0,162.0,210.4
Power Plug 2,Socket,68.0,5.612486080160912,0.1028576,0.15326581220317856,245.0,162.0,195.4
Power Plug 2,Socket,65.8,4.764451699828639,0.033089400000000005,0.06680998823005435,245.0,162.0,180.2
Power Plug 2,Socket,64.2,1.6431676725154982,0.0030835999999999997,0.0013084598962138656,168.0,162.0,164.8
Power Plug 2,Socket,65.8,4.764451699828639,0.08614540000000001,0.18686965998738267,169.0,164.0,166.2
Power Plug 2,Socket,66.4,4.505552130427524,0.08635899999999999,0.18675210650753044,169.0,78.0,149.0
Power Plug 2,Socket,66.4,4.505552130427525,0.0862044,0.1868400724799153,169.0,78.0,131.8
Power Plug 2,Socket,67.0,4.123105625617661,0.08588180000000001,0.18702173278311804,169.0,78.0,114.8
Power Plug 2,Socket,66.4,4.505552130427525,0.0858016,0.1870664810122327,169.0,78.0,97.4
Power Plug 2,Socket,66.4,4.505552130427524,0.05502619999999999,0.11825394346363252,82.0,78.0,80.0
Power Plug 2,Socket,63.8,7.52994023880668,0.359554,0.6627459911828966,84.0,79.0,81.2
Power Plug 2,Socket,66.0,8.74642784226795,0.4252546,0.6339560041913792,88.0,80.0,83.0
Power Plug 2,Socket,66.0,8.74642784226795,0.42653660000000004,0.632889232178349,92.0,81.0,85.4
Power Plug 2,Socket,66.0,8.74642784226795,0.427148,0.6323780324042731,93.0,82.0,87.8
Power Plug 2,Socket,64.4,7.569676347110224,0.3750684,0.6590699725744604,94.0,84.0,90.2
Power Plug 2,Socket,66.4,4.505552130427525,0.0698024,0.1451238188937295,95.0,88.0,92.4
Power Plug 2,Socket,66.4,4.505552130427524,0.006196999999999999,0.0037953647387306538,96.0,92.0,94.0
Power Plug 2,Socket,68.0,5.612486080160912,0.12195960000000002,0.2595724893758967,101.0,93.0,95.8
Power Plug 2,Socket,67.4,6.387487769068525,0.15400080000000002,0.2513143774502366,105.0,94.0,98.2
Power Plug 2,Socket,66.2,7.224956747275377,0.15331540000000002,0.25182256811354303,105.0,95.0,100.4
Power Plug 2,Socket,65.6,7.6681158050723255,0.1550968,0.2505024046225904,105.0,96.0,102.4
Power Plug 2,Socket,59.8,10.256705123966467,0.15314619999999998,0.25193549636603413,106.0,101.0,104.4
Power Plug 2,Socket,54.0,8.215838362577491,0.03671900000000001,0.0720110619141254,107.0,105.0,105.6
Power Plug 2,Socket,51.0,8.215838362577491,0.004610599999999999,0.0031406123288301602,107.0,105.0,106.0
Power Plug 2,Socket,52.2,10.084641788382966,0.0052201999999999995,0.0029742777610707446,109.0,105.0,106.8
Power Plug 2,Socket,52.8,10.73312629199899,0.0047894,0.00221164391347251,110.0,106.0,107.8
Power Plug 2,Socket,56.4,10.478549517943788,0.0054756,0.0013255754599418323,110.0,107.0,108.6
Power Plug 2,Socket,60.0,8.48528137423857,0.0056636,0.0011372986854824023,111.0,107.0,109.4
Power Plug 2,Socket,63.6,1.341640786499874,0.0057118,0.0010998530356370344,111.0,109.0,110.2
Power Plug 2,Socket,63.0,0.0,0.00526,0.0014704750932946807,112.0,110.0,110.8
Power Plug 2,Socket,63.6,1.3416407864998738,0.0041458,0.0013606745386020862,113.0,110.0,111.4
Power Plug 2,Socket,64.2,1.6431676725154984,0.003525600000000001,0.001554888356120786,113.0,111.0,112.0
Power Plug 2,Socket,64.8,1.6431676725154982,0.0031788,0.001301834551700023,113.0,111.0,112.4
Power Plug 2,Socket,65.4,1.3416407864998738,0.0031771999999999994,0.0012988645810861116,114.0,112.0,113.0
Power Plug 2,Socket,66.0,0.0,0.0034950000000000003,0.0015680645713745337,114.0,113.0,113.4
Power Plug 2,Socket,66.0,0.0,0.004010399999999999,0.0013777050845518426,115.0,113.0,113.8
Power Plug 2,Socket,65.4,1.3416407864998738,0.0046236,0.0007573369791578911,116.0,113.0,114.4
Power Plug 2,Socket,67.0,4.123105625617661,0.1620998,0.3513982537879208,121.0,114.0,116.0
Power Plug 2,Socket,67.0,4.123105625617661,0.1613098,0.35184359876968063,126.0,114.0,118.4
Power Plug 2,Socket,66.4,4.505552130427525,0.161239,0.3518829234830812,127.0,115.0,121.0
Power Plug 2,Socket,65.8,4.764451699828639,0.1608868,0.3520797174216373,128.0,116.0,123.6
Power Plug 2,Socket,66.4,4.505552130427524,0.1609406,0.352049958435305,129.0,121.0,126.2
Power Plug 2,Socket,66.4,4.505552130427524,0.1154188,0.2502616450301564,130.0,126.0,128.0
Smart Socket,Socket,67.2,10.158740079360236,0.7058546,0.8941807911833604,105.0,97.0,100.8
Smart Socket,Socket,65.2,12.00833044182246,1.0705724,0.9097937235584229,111.0,98.0,103.6
Smart Socket,Socket,64.6,12.033287165193059,1.0706396000000002,0.9096955599200757,113.0,100.0,106.6
Smart Socket,Socket,62.4,10.039920318408907,0.8590204,1.0267018249064819,114.0,104.0,109.4
Smart Socket,Socket,62.4,10.039920318408907,0.511417,0.7579037115679669,116.0,105.0,111.8
Smart Socket,Socket,57.0,7.035623639735144,0.4462528,0.789377459791702,118.0,111.0,114.4
Smart Socket,Socket,56.8,7.19027120489902,0.0802786,0.16106303415371265,119.0,113.0,116.0
Smart Socket,Socket,54.6,6.465291950097846,0.0791498,0.16171789573575338,120.0,114.0,117.4
Smart Socket,Socket,52.0,1.224744871391589,0.0785864,0.16203442246572178,125.0,116.0,119.6
Smart Socket,Socket,51.4,1.3416407864998738,0.0071508000000000006,0.006748301801194134,127.0,118.0,121.8
Smart Socket,Socket,51.8,1.0954451150103321,0.0039394,0.004250984274259316,128.0,119.0,123.8
Smart Socket,Socket,51.8,1.0954451150103321,0.0042125999999999995,0.00405646265852405,129.0,120.0,125.8
Smart Socket,Socket,52.0,1.224744871391589,0.026972000000000003,0.049798462089707146,140.0,125.0,129.8
Smart Socket,Socket,56.8,11.344602240713423,0.1057304,0.17061604423763904,141.0,127.0,133.0
Smart Socket,Socket,59.4,10.876580344942983,0.1049766,0.17114649154101874,148.0,128.0,137.2
Smart Socket,Socket,62.2,10.2810505299799,0.1062274,0.170216378083309,149.0,129.0,141.4
Smart Socket,Socket,65.0,8.573214099741124,0.10628299999999999,0.17017402223312467,149.0,140.0,145.4
Smart Socket,Socket,69.8,6.685805860178712,0.13162659999999998,0.1810325626090511,150.0,141.0,147.4
Smart Socket,Socket,69.8,6.685805860178712,0.0521002,0.10647592957659492,155.0,148.0,150.2
Smart Socket,Socket,69.8,6.685805860178712,0.052095199999999994,0.10647856160608105,158.0,149.0,152.2
Smart Socket,Socket,69.8,6.685805860178712,0.05209980000000001,0.10647613723600231,159.0,149.0,154.2
Smart Socket,Socket,72.0,6.928203230275509,0.16081340000000002,0.23873928236949196,161.0,150.0,156.6
Smart Socket,Socket,67.2,10.158740079360236,0.4027994,0.6318247539906141,165.0,155.0,159.6
Smart Socket,Socket,62.4,10.039920318408907,0.5180414,0.5914444303214801,171.0,158.0,162.8
Smart Socket,Socket,60.4,10.85357084097211,0.6098410000000001,0.5241326968960246,173.0,159.0,165.8
Smart Socket,Socket,57.8,10.73312629199899,1.0047888,0.6779523399714025,174.0,161.0,168.8
Smart Socket,Socket,55.0,4.47213595499958,0.8969744000000001,0.8008338019853433,176.0,165.0,171.8
Smart Socket,Socket,57.6,6.387487769068525,0.6079548,0.8109560073164882,177.0,171.0,174.2
Smart Socket,Socket,57.6,6.3874877690685254,0.4927892,0.856070229344941,179.0,173.0,175.8
Smart Socket,Socket,62.4,10.039920318408907,0.4618398,0.8600578682729437,180.0,174.0,177.2
Smart Socket,Socket,62.4,10.039920318408907,0.1754404,0.24783690474039577,182.0,176.0,178.8
Smart Socket,Socket,60.4,10.85357084097211,0.304468,0.30063924693143446,183.0,177.0,180.2
Smart Socket,Socket,57.8,10.73312629199899,0.3782344000000001,0.25059024467903773,185.0,179.0,181.8
Smart Socket,Socket,57.8,10.73312629199899,0.416316,0.184812630486934,186.0,180.0,183.2
Smart Socket,Socket,53.0,0.0,0.37799360000000004,0.2270267055134704,188.0,182.0,184.8
Smart Socket,Socket,57.8,10.73312629199899,0.27162200000000003,0.24977120820963333,189.0,183.0,186.2
Smart Socket,Socket,57.8,10.73312629199899,0.1658232,0.13290250338763376,191.0,185.0,187.8
Smart Socket,Socket,57.8,10.73312629199899,0.1542336,0.11063516309157771,193.0,186.0,189.4
Smart Socket,Socket,59.2,10.401922899156675,0.2658956,0.29159602585477734,194.0,188.0,191.0
Smart Socket,Socket,57.6,12.074767078498866,0.24288780000000001,0.30995733710415696,195.0,189.0,192.4
Smart Socket,Socket,52.8,5.310367218940701,0.27381979999999995,0.2889196705672703,197.0,191.0,194.0
Smart Socket,Socket,54.8,7.014271166700073,0.2506256,0.30804505941712484,198.0,193.0,195.4
Smart Socket,Socket,57.4,8.44393273303382,0.188448,0.32204795361327787,199.0,194.0,196.6
Smart Socket,Socket,56.0,8.48528137423857,0.056554799999999995,0.0744554244477862,200.0,195.0,197.8
Smart Socket,Socket,62.4,10.039920318408907,0.1194364,0.13109195598243242,202.0,197.0,199.2
Smart Socket,Socket,62.4,10.039920318408907,0.0970074,0.12926898173885334,204.0,198.0,200.6
Smart Socket,Socket,60.4,10.85357084097211,0.2944806,0.40917175146483414,206.0,199.0,202.2
Smart Socket,Socket,57.8,10.73312629199899,0.3729576,0.3766673839560574,208.0,200.0,204.0
Smart Socket,Socket,62.6,13.145341380123988,0.372578,0.37702399496252226,209.0,202.0,205.8
Smart Socket,Socket,57.8,10.73312629199899,0.44588419999999995,0.3990531979350623,212.0,204.0,207.8
Smart Socket,Socket,59.8,10.545141061171254,0.435269,0.412348357223598,214.0,206.0,209.8
Smart Socket,Socket,62.4,10.039920318408907,0.23784379999999997,0.29798877772359145,215.0,208.0,211.6
Smart Socket,Socket,62.4,10.039920318408907,0.158858,0.2966932492592307,216.0,209.0,213.2
Smart Socket,Socket,62.4,10.039920318408907,0.149602,0.30013500621553624,218.0,212.0,215.0
Smart Socket,Socket,62.4,10.039920318408907,0.169492,0.34455875029666566,219.0,214.0,216.4
Smart Socket,Socket,60.4,10.85357084097211,0.4412736,0.6148224376052001,221.0,215.0,217.8
Smart Socket,Socket,57.8,10.73312629199899,0.49367,0.5787258289466611,223.0,216.0,219.4
Smart Socket,Socket,62.6,13.145341380123988,0.6375142,0.5124180461275735,225.0,218.0,221.2
Smart Socket,Socket,57.8,10.73312629199899,0.7891732,0.3897539255192948,227.0,219.0,223.0
Smart Socket,Socket,57.8,10.73312629199899,0.6330746,0.5246706072197108,227.0,221.0,224.6
Smart Socket,Socket,59.8,10.545141061171254,0.3612218,0.382591556486418,230.0,223.0,226.4
Smart Socket,Socket,62.4,10.039920318408907,0.3087752,0.4149067853376226,231.0,225.0,228.0
Smart Socket,Socket,57.6,6.3874877690685254,0.16577740000000002,0.3548882849986739,232.0,227.0,229.4
Unknown,Unknown,24.8,44.274145954495836,0.0017664,0.0010057506152123398,161.0,97.0,144.8
Unknown,Unknown,5.0,0.0,0.0021248,0.00026663214359862923,161.0,97.0,147.0
Unknown,Unknown,5.0,0.0,0.0021376,0.0002615918576714498,161.0,97.0,147.6
Unknown,Unknown,5.0,0.0,0.0021567999999999995,0.0002877858578874229,161.0,98.0,147.8
Unknown,Unknown,5.0,0.0,0.0021669999999999997,0.0002824915927952547,162.0,98.0,148.4
Unknown,Unknown,5.0,0.0,0.0021862,0.0003045992449104232,162.0,98.0,148.6
Unknown,Unknown,5.0,0.0,0.0021861999999999997,0.0003045992449104232,164.0,98.0,149.4
Unknown,Unknown,5.0,0.0,0.002172,0.0003123443612425234,165.0,98.0,150.2
Unknown,Unknown,5.0,0.0,0.0020764,0.00025701906544067885,165.0,162.0,163.6
Unknown,Unknown,5.0,0.0,0.0020637999999999997,0.0002590090732001487,165.0,162.0,164.2
Unknown,Unknown,16.6,25.93838853899756,0.0027912,0.001869967031794946,165.0,87.0,149.2
Unknown,Unknown,28.2,31.76790833529963,0.0034590000000000003,0.002014546226821316,165.0,87.0,133.8
Unknown,Unknown,39.8,31.767908335299634,0.0040768,0.0019306101885155377,165.0,87.0,118.2
Unknown,Unknown,39.8,31.767908335299634,0.0040318,0.001992262081152979,166.0,87.0,118.4
Unknown,Unknown,51.4,25.93838853899756,0.004516399999999999,0.0016398284361481236,166.0,87.0,111.4
Unknown,Unknown,39.8,31.767908335299634,0.0036483999999999996,0.0017176452776985125,167.0,87.0,127.4
Unknown,Unknown,28.2,31.76790833529963,0.0030359999999999996,0.0015986286310459973,168.0,87.0,143.6
Unknown,Unknown,28.2,31.76790833529963,0.0022452,0.0012672263807228762,168.0,89.0,144.0
Unknown,Unknown,28.2,31.76790833529963,0.0023666000000000004,0.001241775462795106,168.0,89.0,128.6
Unknown,Unknown,28.2,31.76790833529963,0.002503,0.001529153197034228,168.0,89.0,120.4
Unknown,Unknown,46.0,39.50949253027682,0.0031874,0.0018611301136674996,168.0,89.0,105.0
Unknown,Unknown,46.0,39.50949253027682,0.0032534,0.0018168789998235985,91.0,89.0,89.6
Unknown,Unknown,34.4,41.72289539329695,0.0035044,0.001514069285072516,91.0,89.0,90.0
Unknown,Unknown,34.4,41.72289539329695,0.0035236000000000004,0.001497060386223615,92.0,89.0,90.6
Unknown,Unknown,22.8,39.80200999949626,0.0029028,0.0013055681521850937,169.0,90.0,106.6
Unknown,Unknown,5.0,0.0,0.0023398,0.00019062843439529155,169.0,91.0,107.2
Unknown,Unknown,5.0,0.0,0.0022182,0.00030376833278009737,170.0,91.0,123.0
Unknown,Unknown,5.0,0.0,0.0020968000000000002,0.0003333049654595622,170.0,92.0,138.8
Unknown,Unknown,5.0,0.0,0.0019538,0.00026642203362334737,170.0,93.0,154.4
Unknown,Unknown,5.0,0.0,0.001911,0.000272850691771159,170.0,93.0,154.6
Unknown,Unknown,5.0,0.0,0.0017896,5.412947441089803e-06,171.0,170.0,170.2
Unknown,Unknown,5.0,0.0,0.00179,5.612486080160981e-06,171.0,170.0,170.4
Unknown,Unknown,5.0,0.0,0.0017898,5.540758070878103e-06,171.0,170.0,170.6
Unknown,Unknown,5.0,0.0,0.0017919999999999998,1.0000000000000243e-06,171.0,170.0,170.8
Unknown,Unknown,5.0,0.0,0.0017916000000000002,8.944271909999254e-07,172.0,171.0,171.2
Unknown,Unknown,5.0,0.0,0.0017918,1.0954451150103588e-06,172.0,171.0,171.4
Unknown,Unknown,5.0,0.0,0.0017918,1.0954451150103588e-06,172.0,171.0,171.6
Unknown,Unknown,5.0,0.0,0.0017920000000000002,1.0000000000000243e-06,173.0,171.0,172.0
Unknown,Unknown,5.0,0.0,0.0017920000000000002,1.0000000000000243e-06,173.0,172.0,172.4
Unknown,Unknown,5.0,0.0,0.0017919999999999998,1.0000000000000243e-06,173.0,172.0,172.6
Unknown,Unknown,5.0,0.0,0.0017906000000000003,2.701851217221265e-06,173.0,172.0,172.8
Unknown,Unknown,5.0,0.0,0.0017904,2.5099800796022056e-06,174.0,173.0,173.2
Unknown,Unknown,5.0,0.0,0.0017906000000000003,2.701851217221265e-06,174.0,173.0,173.4
Unknown,Unknown,5.0,0.0,0.0017892000000000001,3.9623225512318095e-06,174.0,173.0,173.6
Unknown,Unknown,5.0,0.0,0.0017894,4.0987803063838465e-06,174.0,173.0,173.8
Unknown,Unknown,5.0,0.0,0.0017906000000000003,3.7148351242013536e-06,175.0,174.0,174.2
Unknown,Unknown,5.0,0.0,0.0017904000000000004,3.646916505762111e-06,175.0,174.0,174.4
Unknown,Unknown,5.0,0.0,0.0017902,3.492849839314591e-06,175.0,174.0,174.6
Unknown,Unknown,5.0,0.0,0.0017919999999999998,7.071067811865647e-07,175.0,174.0,174.8
Unknown,Unknown,5.0,0.0,0.0017906000000000003,3.209361307176297e-06,176.0,175.0,175.2
Unknown,Unknown,5.0,0.0,0.0017888000000000001,4.494441010848866e-06,176.0,175.0,175.4
Unknown,Unknown,5.0,0.0,0.0017894,5.029910535983731e-06,176.0,175.0,175.6
Unknown,Unknown,5.0,0.0,0.001789,4.847679857416346e-06,176.0,175.0,175.8
Unknown,Unknown,5.0,0.0,0.0017868000000000003,5.069516742254631e-06,177.0,176.0,176.2
Unknown,Unknown,5.0,0.0,0.001788,5.244044240850761e-06,177.0,176.0,176.4
Unknown,Unknown,5.0,0.0,0.0017894,4.449719092257425e-06,177.0,176.0,176.6
Unknown,Unknown,5.0,0.0,0.0017881999999999998,3.6331804249170037e-06,178.0,176.0,177.0
Unknown,Unknown,5.0,0.0,0.0017883999999999997,3.781534080237839e-06,178.0,177.0,177.4
Unknown,Unknown,5.0,0.0,0.0017908,2.1679483388678677e-06,178.0,177.0,177.6
Unknown,Unknown,5.0,0.0,0.0017908,2.1679483388678677e-06,178.0,177.0,177.8
Unknown,Unknown,5.0,0.0,0.0017913999999999999,2.302172886644253e-06,179.0,178.0,178.2
Unknown,Unknown,5.0,0.0,0.0017926,1.516575088810297e-06,179.0,178.0,178.4
Unknown,Unknown,5.0,0.0,0.0017911999999999997,4.207136793592546e-06,179.0,178.0,178.6
Unknown,Unknown,5.0,0.0,0.0017906000000000003,3.911521443121615e-06,180.0,178.0,179.0
Unknown,Unknown,5.0,0.0,0.0017905999999999998,3.911521443121615e-06,180.0,179.0,179.4
Unknown,Unknown,5.0,0.0,0.0017908,4.086563348340521e-06,180.0,179.0,179.6
Unknown,Unknown,5.0,0.0,0.0017908,4.086563348340521e-06,180.0,179.0,179.8
Unknown,Unknown,6.0,2.23606797749979,0.13386,0.29531190762226306,211.0,180.0,186.2
Unknown,Unknown,10.6,9.964938534682489,0.135229,0.2945615172353646,211.0,150.0,180.2
Unknown,Unknown,15.2,11.861703081766969,0.1354004,0.2944646942212258,211.0,124.0,169.0
Unknown,Unknown,19.8,11.366617790706258,0.13603379999999998,0.2941086472482576,211.0,124.0,171.0
Unknown,Unknown,24.4,8.049844718999243,0.137012,0.29355816686220804,211.0,95.0,154.0
Unknown,Unknown,28.0,0.0,0.0074032,0.004337962966646902,190.0,95.0,131.6
Unknown,Unknown,28.0,0.0,0.006506400000000001,0.004480539733112518,190.0,95.0,127.4
Unknown,Unknown,28.0,0.0,0.0065937999999999995,0.004389802922683431,223.0,95.0,147.2
Unknown,Unknown,28.0,0.0,0.014301999999999999,0.0168786028302108,223.0,95.0,144.0
Unknown,Unknown,28.0,0.0,0.0156298,0.0163834631931103,223.0,99.0,161.2
Unknown,Unknown,28.0,0.0,0.015143199999999999,0.016476643975640186,223.0,129.0,174.0
Unknown,Unknown,23.4,10.285912696499032,0.0147734,0.016802527229556868,223.0,96.0,167.4
Unknown,Unknown,18.8,12.597618822618822,0.014546799999999999,0.017005973588712878,183.0,96.0,159.4
Unknown,Unknown,14.2,12.597618822618822,0.0062109999999999995,0.005763597444305076,183.0,96.0,144.0
Unknown,Unknown,9.6,10.28591269649903,0.0039364,0.004317407416494301,183.0,96.0,144.4
Unknown,Unknown,6.0,2.23606797749979,0.001764,0.0005725041484565854,211.0,96.0,154.0
Unknown,Unknown,6.0,2.23606797749979,0.0016928,0.0005071155686823271,211.0,97.0,171.4
Unknown,Unknown,6.0,2.23606797749979,0.0016669999999999996,0.0004937367719747031,211.0,97.0,154.6
Unknown,Unknown,10.6,9.964938534682489,0.0017770000000000002,0.0005892164288273028,211.0,99.0,173.6
Unknown,Unknown,10.6,9.964938534682489,0.0017512,0.0005824784974572024,211.0,99.0,157.0
Unknown,Unknown,14.2,12.597618822618822,0.0022822,0.000688782040997005,192.0,99.0,139.8
Unknown,Unknown,14.2,12.597618822618822,0.0022574,0.0007058883056121556,192.0,99.0,123.2
Unknown,Unknown,18.8,12.597618822618822,0.0023386,0.0006656292511601333,224.0,100.0,148.2
Unknown,Unknown,18.8,12.597618822618822,0.005615,0.007375555402815438,224.0,100.0,135.8
Unknown,Unknown,23.4,10.285912696499032,0.0059644,0.007189995396382393,224.0,100.0,150.8
Unknown,Unknown,23.4,10.285912696499032,0.009496399999999999,0.009582989189183091,224.0,100.0,158.8
Unknown,Unknown,28.0,0.0,0.0099542,0.009170571394411584,224.0,19.0,142.6
Unknown,Unknown,28.0,0.0,0.0122592,0.008133144514884756,175.0,19.0,118.0
Unknown,Unknown,28.0,0.0,0.0101188,0.007368553094061276,184.0,19.0,128.8
Unknown,Unknown,28.0,0.0,0.0131746,0.007137782975126101,184.0,19.0,113.4
Unknown,Unknown,23.4,10.285912696499032,0.009363,0.006929004834750803,184.0,19.0,100.6
Unknown,Unknown,18.8,12.597618822618822,0.0089442,0.007374677769231684,185.0,98.0,133.8
Unknown,Unknown,14.2,12.597618822618822,0.0068016000000000005,0.007181632982825007,185.0,98.0,144.0
Unknown,Unknown,9.6,10.28591269649903,0.0056324,0.007399537370673926,185.0,98.0,127.8
Unknown,Unknown,15.0,22.360679774997898,0.0027426000000000004,0.0010157614385277677,185.0,101.0,138.8
Unknown,Unknown,15.0,22.360679774997898,0.0027542,0.0010061315520348223,185.0,103.0,149.2
Unknown,Unknown,25.0,27.386127875258307,0.0029947999999999997,0.0009267783985398019,153.0,103.0,140.25
Unknown,Unknown,35.0,27.386127875258307,0.0030626,0.0009432567518973825,154.0,103.0,140.75
Unknown,Unknown,35.0,27.386127875258307,0.003023,0.0009910996418120634,186.0,153.0,161.5
Unknown,Unknown,34.0,26.551836094703507,0.002312,0.0010315248421632899,186.0,153.0,162.0
Unknown,Unknown,34.0,26.551836094703507,0.0022789999999999998,0.0010423451923427286,186.0,154.0,165.0
Unknown,Unknown,24.0,26.076809620810597,0.0020314,0.0008999523876294791,186.0,106.0,150.25
Unknown,Unknown,23.4,25.205158202241062,0.001981,0.0008078932478985079,186.0,106.0,150.75
Unknown,Unknown,23.4,25.205158202241062,0.0019824,0.0008079599618793,156.0,106.0,143.25
Unknown,Unknown,23.8,25.742960202742807,0.0025622,0.0008267579452294365,156.0,106.0,131.25
Unknown,Unknown,33.2,25.742960202742807,0.0030146,0.0010021378647671188,157.0,106.0,136.4
Unknown,Unknown,42.6,21.01903898849802,0.0033442,0.0008351183748427525,157.0,107.0,146.6
Unknown,Unknown,33.2,25.742960202742807,0.0042094,0.001993147586105956,157.0,107.0,146.8
Unknown,Unknown,33.2,25.742960202742807,0.004215399999999999,0.001984922240290536,157.0,107.0,137.2
Unknown,Unknown,32.4,25.065913109240604,0.0040062,0.0020990008813718966,157.0,40.0,123.8
Unknown,Unknown,23.0,24.68805379125702,0.003588,0.002252666531024954,158.0,40.0,124.0
Unknown,Unknown,13.6,19.23018460649819,0.0033029999999999995,0.002334522220926586,158.0,40.0,114.4
Unknown,Unknown,13.6,19.23018460649819,0.0022154,0.0002789153993597342,187.0,40.0,120.4
Unknown,Unknown,13.6,19.23018460649819,0.0022094000000000003,0.0002837512995564955,188.0,40.0,136.4
Unknown,Unknown,5.0,0.0,0.0020708000000000002,8.724219162767521e-05,188.0,109.0,166.0
Unknown,Unknown,5.0,0.0,0.002075,9.017760254076396e-05,188.0,109.0,156.6
Unknown,Unknown,5.0,0.0,0.0020367999999999996,5.401573844723402e-05,189.0,111.0,172.6
Unknown,Unknown,5.0,0.0,0.0020346,5.528381318252204e-05,189.0,111.0,173.0
Unknown,Unknown,14.4,21.019038988498025,0.0023331999999999997,0.0006595310455164336,204.0,111.0,176.2
Unknown,Unknown,14.4,21.019038988498025,0.0031578,0.0017765588084834116,204.0,111.0,170.4
Unknown,Unknown,14.4,21.019038988498025,0.0031726,0.0017661649979546076,204.0,115.0,171.2
Unknown,Unknown,14.4,21.01903898849803,0.0031731999999999997,0.001765673865695474,204.0,115.0,171.2
Unknown,Unknown,14.4,21.01903898849803,0.0031751999999999996,0.0017640247163801302,204.0,115.0,171.4
Unknown,Unknown,14.4,21.019038988498025,0.003433,0.0019129091719159068,190.0,115.0,154.0
Unknown,Unknown,14.4,21.019038988498025,0.0026109999999999996,0.0012253454614923908,190.0,115.0,160.2
Unknown,Unknown,14.4,21.019038988498025,0.0062556,0.008014734636904705,190.0,117.0,169.4
Unknown,Unknown,14.4,21.01903898849803,0.0062486,0.008019374932000623,190.0,117.0,155.4
Unknown,Unknown,14.4,21.01903898849803,0.0062472,0.008020299352268593,191.0,117.0,155.6
Unknown,Unknown,5.0,0.0,0.0056906,0.008239586233543527,191.0,119.0,170.4
Unknown,Unknown,5.0,0.0,0.0056904,0.008239697706833667,192.0,119.0,170.8
Unknown,Unknown,5.0,0.0,0.0020054,1.3352902306240379e-05,192.0,119.0,177.0
Unknown,Unknown,5.0,0.0,0.0020118,4.9699094559157194e-06,192.0,191.0,191.6
Unknown,Unknown,5.0,0.0,0.0020112,5.674504383644485e-06,192.0,191.0,191.8
Unknown,Unknown,5.0,0.0,0.0020177999999999997,1.7683325479106042e-05,192.0,124.0,178.4
Unknown,Unknown,5.0,0.0,0.0020175999999999996,1.771440092128438e-05,193.0,124.0,178.6
Unknown,Unknown,5.0,0.0,0.0035705999999999993,0.003465608070743141,193.0,124.0,172.6
Unknown,Unknown,5.0,0.0,0.003609,0.0034450652388597807,193.0,124.0,159.6
Unknown,Unknown,5.0,0.0,0.009710199999999999,0.013172921836099992,193.0,124.0,153.8
Unknown,Unknown,5.0,0.0,0.0096972,0.01318240252002646,193.0,127.0,154.6
Unknown,Unknown,5.0,0.0,0.009697399999999998,0.013182256836369104,194.0,127.0,154.8
Unknown,Unknown,14.4,21.019038988498025,0.008477799999999999,0.013453165378452758,194.0,127.0,148.2
Unknown,Unknown,14.4,21.019038988498025,0.008439599999999998,0.013475674984949731,194.0,128.0,161.6
Unknown,Unknown,14.4,21.019038988498025,0.0023407999999999997,0.0007443034999245939,195.0,128.0,168.0
Unknown,Unknown,14.4,21.01903898849803,0.0023476,0.0007403622761864625,195.0,129.0,181.4
Unknown,Unknown,14.4,21.01903898849803,0.0023474,0.0007404743749786348,196.0,129.0,181.8
Unknown,Unknown,5.0,0.0,0.0057198,0.00828138959957808,196.0,164.0,188.8
Unknown,Unknown,5.0,0.0,0.005758000000000001,0.00826044774815506,196.0,134.0,176.8
Unknown,Unknown,5.0,0.0,0.012055199999999999,0.01440881928542377,196.0,134.0,170.8
Unknown,Unknown,5.0,0.0,0.0120612,0.014403599557055172,196.0,134.0,158.8
Unknown,Unknown,5.0,0.0,0.012059,0.014405518334999264,197.0,134.0,159.0
Unknown,Unknown,5.0,0.0,0.0089048,0.013799791092621656,197.0,134.0,165.6
Unknown,Unknown,25.4,45.61578674099571,0.008974999999999999,0.01375803076388478,197.0,135.0,172.0
Unknown,Unknown,25.4,45.61578674099571,0.0026839999999999998,0.0011843544655211968,197.0,135.0,166.4
Unknown,Unknown,35.4,45.50604355467524,0.0030572,0.0012266889173706591,197.0,137.0,172.6
Unknown,Unknown,35.4,45.50604355467524,0.0030786,0.0012044539426644756,197.0,137.0,166.4
Unknown,Unknown,35.4,45.50604355467524,0.0025674,0.0007776074202320859,166.0,137.0,154.6
Unknown,Unknown,15.0,22.360679774997898,0.0024654,0.0008118437657579196,166.0,137.0,149.2
Unknown,Unknown,15.0,22.360679774997898,0.002458,0.0008167533287351817,198.0,138.0,161.4
Unknown,Unknown,14.0,20.12461179749811,0.0021636000000000003,0.00017193836104837106,198.0,138.0,160.6
Unknown,Unknown,23.0,24.647515087732476,0.0022842,0.00029398248247132,198.0,138.0,160.8
Unknown,Unknown,23.0,24.647515087732476,0.0022438,0.0003199745302363924,199.0,139.0,173.0
Unknown,Unknown,23.0,24.647515087732476,0.0022374,0.00032514812009298155,199.0,162.0,185.0
Unknown,Unknown,23.0,24.647515087732476,0.0034384,0.002576423936389352,199.0,162.0,179.0
Unknown,Unknown,14.0,20.12461179749811,0.0033467999999999996,0.0026283678776000898,199.0,143.0,175.2
Unknown,Unknown,5.0,0.0,0.0032072000000000003,0.002688234680975603,200.0,143.0,181.8
Unknown,Unknown,5.0,0.0,0.0032076000000000006,0.0026880112164944553,200.0,143.0,182.0
Unknown,Unknown,5.0,0.0,0.0032074000000000004,0.0026881220768410056,200.0,143.0,182.2
Unknown,Unknown,5.0,0.0,0.0020138,2.3295922389980584e-05,200.0,143.0,177.8
Unknown,Unknown,5.0,0.0,0.0020266,1.9398453546610383e-05,200.0,146.0,178.4
Unknown,Unknown,5.0,0.0,0.0020266,1.9398453546610383e-05,201.0,146.0,178.6
Unknown,Unknown,6.0,2.23606797749979,0.06472340000000001,0.14018335095260065,211.0,146.0,180.8
Unknown,Unknown,10.6,9.964938534682489,0.0651274,0.13996018176717262,211.0,126.0,166.0
Unknown,Unknown,15.2,11.861703081766969,0.065669,0.1396599786105526,225.0,126.0,181.8
Unknown,Unknown,19.8,11.366617790706258,0.06619100000000001,0.13936730368167422,225.0,126.0,191.2
Unknown,Unknown,24.4,8.049844718999243,0.06646540000000001,0.1392106237407907,225.0,126.0,180.6
Unknown,Unknown,28.0,0.0,0.0036478000000000005,0.001369592895717556,225.0,20.0,142.4
Unknown,Unknown,28.0,0.0,0.005155,0.003833146683861707,225.0,20.0,137.6
Unknown,Unknown,28.0,0.0,0.0062058,0.004377869767364032,202.0,20.0,133.0
Unknown,Unknown,28.0,0.0,0.006039999999999999,0.004466001511419359,202.0,20.0,120.6
Unknown,Unknown,28.0,0.0,0.0121868,0.012965632907806699,202.0,20.0,124.2
Unknown,Unknown,28.0,0.0,0.013298399999999998,0.012013231426223337,202.0,102.0,155.4
Unknown,Unknown,23.4,10.285912696499032,0.0113808,0.013076116919789299,203.0,131.0,175.6
Unknown,Unknown,18.8,12.597618822618822,0.009807399999999999,0.013738806836839944,203.0,131.0,174.0
Unknown,Unknown,14.2,12.597618822618822,0.0094574,0.013949884884829697,203.0,166.0,186.8
Unknown,Unknown,9.6,10.28591269649903,0.0030296,0.002198763925481769,204.0,176.0,194.4
Unknown,Unknown,5.0,0.0,0.0020659999999999997,8.02807573457052e-05,204.0,194.0,198.4
Unknown,Unknown,5.0,0.0,0.002085,6.56315472924416e-05,204.0,194.0,197.2
Unknown,Unknown,5.0,0.0,0.0020374000000000004,9.345747696145022e-05,205.0,195.0,199.4
Unknown,Unknown,5.0,0.0,0.0020184,9.279439638254024e-05,205.0,177.0,195.8
Unknown,Unknown,5.0,0.0,0.0020182,9.2890796099506e-05,205.0,177.0,190.4
Unknown,Unknown,5.0,0.0,0.001993,6.27813666624103e-05,206.0,177.0,192.4
Unknown,Unknown,15.0,22.360679774997898,0.002885,0.0020425012851893144,206.0,170.0,187.0
Unknown,Unknown,15.0,22.360679774997898,0.0029243999999999997,0.0020206541762508496,206.0,170.0,180.0
Unknown,Unknown,15.0,22.360679774997898,0.0029692000000000004,0.001996908034938014,206.0,150.0,174.6
Unknown,Unknown,15.0,22.360679774997898,0.0030142000000000003,0.001971473230860617,206.0,150.0,169.2
Unknown,Unknown,15.0,22.360679774997898,0.0029946000000000005,0.001984311039126679,207.0,150.0,169.4
Unknown,Unknown,5.0,0.0,0.0021154000000000004,0.00011857613587902087,207.0,150.0,175.0
Unknown,Unknown,5.0,0.0,0.0020788,0.00014827069838643114,208.0,150.0,182.6
Unknown,Unknown,5.0,0.0,0.0020658,0.00013661149292793783,208.0,127.0,178.0
Unknown,Unknown,5.0,0.0,0.0026777999999999997,0.0014516951126183487,208.0,127.0,182.2
Unknown,Unknown,5.0,0.0,0.0026906,0.0014435914588276006,208.0,127.0,171.0
Unknown,Unknown,5.0,0.0,0.0026908,0.0014434965188735304,208.0,127.0,157.0
Unknown,Unknown,5.0,0.0,0.0027036,0.0014352016583045045,199.0,127.0,155.2
Unknown,Unknown,5.0,0.0,0.0027038,0.0014351038986777228,199.0,128.0,155.6
Unknown,Unknown,5.0,0.0,0.0020314,0.00010673706010566337,209.0,128.0,163.2
Unknown,Unknown,5.0,0.0,0.0020314,0.00010673706010566337,209.0,128.0,159.0
Unknown,Unknown,5.0,0.0,0.002012,8.866791979064355e-05,209.0,129.0,159.6
Unknown,Unknown,5.0,0.0,0.0020248,8.805225721127198e-05,209.0,129.0,146.2
Unknown,Unknown,5.0,0.0,0.0019992,5.886594941050391e-05,210.0,130.0,162.4
Unknown,Unknown,5.0,0.0,0.0020276,2.8456985082752643e-05,210.0,130.0,151.0
Unknown,Unknown,5.0,0.0,0.0020342000000000003,1.7079227148791144e-05,210.0,131.0,167.0
Unknown,Unknown,5.0,0.0,0.0020536,5.2400381677999244e-05,234.0,132.0,187.6
Unknown,Unknown,5.0,0.0,0.0020727999999999996,6.536206851071956e-05,235.0,152.0,208.2
Unknown,Unknown,5.0,0.0,0.0020792000000000002,5.960033556952502e-05,235.0,152.0,196.8
Unknown,Unknown,5.0,0.0,0.0020711999999999996,6.720267851804711e-05,235.0,153.0,208.4
Unknown,Unknown,5.0,0.0,0.0020965999999999997,6.509070594178547e-05,236.0,153.0,213.6
Unknown,Unknown,5.0,0.0,0.0020774,6.207092717206652e-05,236.0,153.0,197.6
Unknown,Unknown,5.0,0.0,0.0020454,6.1031139592834056e-05,237.0,153.0,198.0
Unknown,Unknown,15.0,22.360679774997898,0.0034785999999999997,0.00320620785352416,237.0,154.0,207.4
Unknown,Unknown,15.0,22.360679774997898,0.0034863999999999997,0.0032017771315318,238.0,154.0,213.0
Unknown,Unknown,15.0,22.360679774997898,0.003461,0.0032155728105580195,238.0,154.0,208.0
Unknown,Unknown,15.0,22.360679774997898,0.0034802,0.0032052893317140656,238.0,200.0,217.2
Unknown,Unknown,15.0,22.360679774997898,0.0034928,0.0031980481078307753,239.0,200.0,217.6
Unknown,Unknown,15.0,22.360679774997898,0.0025712,0.0011379383550966194,239.0,200.0,217.8
Unknown,Unknown,15.0,22.360679774997898,0.0025905999999999998,0.001127525299050979,239.0,200.0,210.4
Unknown,Unknown,15.0,22.360679774997898,0.0026159999999999994,0.0011126778509523768,239.0,200.0,208.4
Unknown,Unknown,15.0,22.360679774997898,0.0026159999999999994,0.0011126778509523768,239.0,201.0,208.6
Unknown,Unknown,15.0,22.360679774997898,0.00261,0.0011165939279791912,211.0,201.0,203.0
Unknown,Unknown,14.4,21.019038988498025,0.0026482,0.0012019154296372104,211.0,156.0,194.0
Unknown,Unknown,24.4,26.585710447531774,0.0029298,0.0012187832867249205,211.0,156.0,188.4
Unknown,Unknown,33.8,26.319194516550084,0.003326,0.0012210567144895442,211.0,156.0,188.6
Unknown,Unknown,33.8,26.319194516550084,0.0032592000000000003,0.0013079952981566868,212.0,156.0,190.8
Unknown,Unknown,33.8,26.319194516550084,0.0032652000000000002,0.0013009164846368886,212.0,156.0,189.0
Unknown,Unknown,33.8,26.319194516550084,0.0024325999999999996,0.001404328059963198,212.0,173.0,192.6
Unknown,Unknown,23.8,25.742960202742807,0.0021236,0.001259197482526073,212.0,174.0,192.8
Unknown,Unknown,14.4,21.019038988498025,0.0016607999999999998,0.0005848373278100501,213.0,174.0,195.0
Unknown,Unknown,14.4,21.01903898849803,0.0017084000000000001,0.000609097118692906,213.0,157.0,184.0
Unknown,Unknown,14.4,21.01903898849803,0.001661,0.0005850021367482345,214.0,157.0,186.4
Unknown,Unknown,5.0,0.0,0.0019436000000000002,0.00012352853921260466,214.0,157.0,192.2
Unknown,Unknown,5.0,0.0,0.0019518,0.00012990265586199545,214.0,157.0,189.0
Unknown,Unknown,15.0,22.360679774997898,0.002187,0.00045835739330788583,214.0,157.0,183.0
Unknown,Unknown,15.0,22.360679774997898,0.0021998,0.00045434645371126203,214.0,158.0,187.75
Unknown,Unknown,25.0,27.386127875258307,0.0023456,0.0004126406426904649,203.0,158.0,178.5
Unknown,Unknown,25.0,27.386127875258307,0.0023778000000000002,0.0003890227499774273,177.0,158.0,167.5
Unknown,Unknown,25.0,27.386127875258307,0.0023623999999999997,0.00040652220111575695,215.0,159.0,181.75
Unknown,Unknown,15.0,22.360679774997898,0.0036368,0.003205078267375073,215.0,159.0,180.8
Unknown,Unknown,15.0,22.360679774997898,0.0036086,0.003222432590450885,216.0,159.0,188.8
Unknown,Unknown,5.0,0.0,0.0035424,0.0032531781844835983,216.0,159.0,185.4
Unknown,Unknown,5.0,0.0,0.0035296,0.0032598650738949304,240.0,160.0,201.6
Unknown,Unknown,5.0,0.0,0.0035642,0.003240030972074187,241.0,160.0,206.8
Unknown,Unknown,5.0,0.0,0.0020572,0.00015781064602871382,242.0,160.0,219.8
Unknown,Unknown,5.0,0.0,0.0020278,0.00018877287940803367,243.0,160.0,225.2
Unknown,Unknown,5.0,0.0,0.0019896000000000002,0.0001606791834681767,243.0,217.0,236.6
Unknown,Unknown,5.0,0.0,0.0019639999999999996,0.00013884163640637485,243.0,217.0,232.0
Unknown,Unknown,15.0,22.360679774997898,0.001959,0.00013101335809756197,243.0,120.0,207.8
Unknown,Unknown,25.8,28.51666179622012,0.0025122,0.0011658592110542338,243.0,120.0,195.0
Unknown,Unknown,25.8,28.51666179622012,0.0091796,0.014565109381669605,217.0,120.0,182.2
Unknown,Unknown,25.8,28.51666179622012,0.009172999999999999,0.014569173912751537,217.0,120.0,171.4
Unknown,Unknown,35.8,28.16380656090366,0.009171799999999997,0.014569911108170838,180.0,120.0,164.0
Unknown,Unknown,25.8,28.51666179622012,0.009168599999999999,0.014571849275229275,180.0,163.0,176.0
Unknown,Unknown,15.0,22.360679774997898,0.008651999999999998,0.014818492585280054,218.0,163.0,184.0
Unknown,Unknown,15.0,22.360679774997898,0.0020234,4.571979877471035e-05,218.0,163.0,191.8
Unknown,Unknown,15.0,22.360679774997898,0.0020302000000000002,4.043142342287746e-05,218.0,180.0,202.8
Unknown,Unknown,5.0,0.0,0.0020698,8.5887717398939e-05,218.0,164.0,199.6
Unknown,Unknown,5.0,0.0,0.0020588000000000004,8.423894586235044e-05,218.0,164.0,196.6
Unknown,Unknown,5.0,0.0,0.0020672,7.96253728405714e-05,218.0,164.0,186.2
Unknown,Unknown,5.0,0.0,0.0020732,7.594208319502438e-05,218.0,164.0,176.0
Unknown,Unknown,5.0,0.0,0.0020734000000000004,7.575816787647397e-05,218.0,164.0,176.0
Unknown,Unknown,5.0,0.0,0.0020414,1.308816259067725e-05,218.0,165.0,176.8
Unknown,Unknown,5.0,0.0,0.0020352,1.6634301909007286e-05,219.0,166.0,187.6
Unknown,Unknown,5.0,0.0,0.0020285999999999998,1.6831518053936956e-05,220.0,167.0,198.4
Unknown,Unknown,5.0,0.0,0.0020285999999999998,1.6831518053936956e-05,220.0,168.0,199.0
Unknown,Unknown,5.0,0.0,0.0020282,1.716682847820193e-05,220.0,168.0,199.4
Unknown,Unknown,5.0,0.0,0.0020282,1.716682847820193e-05,220.0,170.0,200.0
Unknown,Unknown,5.0,0.0,0.0020282,1.716682847820193e-05,221.0,170.0,200.4
Unknown,Unknown,5.0,0.0,0.0020346,1.6979399282660267e-05,221.0,170.0,191.0
Unknown,Unknown,15.0,22.360679774997898,0.0025634000000000004,0.0011894655522544568,221.0,171.0,193.2
Unknown,Unknown,15.0,22.360679774997898,0.0025824000000000003,0.0011792505246977843,221.0,171.0,185.4
Unknown,Unknown,15.0,22.360679774997898,0.0026144000000000002,0.0011631508070753336,221.0,173.0,185.8
Unknown,Unknown,15.0,22.360679774997898,0.002612,0.0011647055421865218,222.0,173.0,186.0
Unknown,Unknown,15.0,22.360679774997898,0.0026056,0.0011686675318498413,222.0,173.0,195.8
Unknown,Unknown,5.0,0.0,0.002077,8.377051987423746e-05,222.0,173.0,194.6
Unknown,Unknown,14.0,20.12461179749811,0.001849,0.0004975515048716063,222.0,173.0,194.8
Unknown,Unknown,23.0,24.647515087732476,0.0020908,0.0008696578062663498,222.0,175.0,196.6
Unknown,Unknown,23.0,24.647515087732476,0.0020804,0.0008712647703195625,222.0,175.0,188.6
Unknown,Unknown,23.0,24.647515087732476,0.0020740000000000003,0.0008719825112925144,182.0,175.0,179.4
Unknown,Unknown,23.0,24.647515087732476,0.0020658,0.0008724807734271284,223.0,176.0,189.0
Unknown,Unknown,14.0,20.12461179749811,0.0022748,0.0006384314371958825,224.0,176.0,197.4
Unknown,Unknown,5.0,0.0,0.001995,2.7667670664513902e-05,224.0,176.0,205.8
Unknown,Unknown,5.0,0.0,0.002033,6.245398305952943e-05,224.0,133.0,196.0
Unknown,Unknown,5.0,0.0,0.0020396,5.738728082075319e-05,225.0,133.0,205.8
Unknown,Unknown,5.0,0.0,0.0020476,5.4417827961064276e-05,225.0,133.0,197.2
Unknown,Unknown,5.0,0.0,0.0020474,5.456464056511315e-05,225.0,133.0,197.4
Unknown,Unknown,5.0,0.0,0.0020534,5.1974031977517315e-05,225.0,133.0,188.8
Unknown,Unknown,5.0,0.0,0.0020344,1.725688268488852e-05,225.0,134.0,189.0
Unknown,Unknown,5.0,0.0,0.0020597999999999997,4.853040284192989e-05,244.0,134.0,192.8
Unknown,Unknown,5.0,0.0,0.0020597999999999997,4.853040284192989e-05,245.0,134.0,205.8
Unknown,Unknown,5.0,0.0,0.0020188,0.00012390399509297514,245.0,134.0,206.0
Unknown,Unknown,5.0,0.0,0.0020378,0.00013600257350506272,245.0,134.0,210.6
Unknown,Unknown,15.0,22.360679774997898,0.0020364,0.00013592019717466566,245.0,183.0,220.4
Unknown,Unknown,15.0,22.360679774997898,0.0020304000000000003,0.00013059594174399136,245.0,183.0,208.2
Unknown,Unknown,15.0,22.360679774997898,0.0020624,0.00015330786020292635,226.0,182.0,195.6
Unknown,Unknown,15.0,22.360679774997898,0.0021096000000000005,6.970867951697262e-05,205.0,182.0,191.4
Unknown,Unknown,24.4,26.585710447531774,0.0022214,0.0002764259394485256,205.0,182.0,187.4
Unknown,Unknown,14.4,21.019038988498025,0.0022168,0.00028036262233043825,205.0,182.0,187.6
Unknown,Unknown,14.4,21.019038988498025,0.0022034,0.0002880595424560692,205.0,182.0,187.6
Unknown,Unknown,14.4,21.01903898849803,0.0021559999999999995,0.0003062441836182361,227.0,183.0,196.6
Unknown,Unknown,14.4,21.01903898849803,0.0021754,0.00030055332305599277,246.0,183.0,204.8
Unknown,Unknown,5.0,0.0,0.0019998,0.00011734862589736619,247.0,183.0,217.4
Unknown,Unknown,5.0,0.0,0.0020122,0.00012277092489673607,247.0,167.0,214.0
Unknown,Unknown,5.0,0.0,0.0019592000000000004,0.00015696878670614742,247.0,167.0,223.0
Unknown,Unknown,6.0,2.23606797749979,0.1457052,0.3214319031477741,247.0,167.0,219.8
Unknown,Unknown,10.6,9.964938534682489,0.14670339999999998,0.3208818955742128,247.0,21.0,174.8
Unknown,Unknown,15.2,11.861703081766969,0.1482964,0.3200013952458645,228.0,21.0,166.6
Unknown,Unknown,19.8,11.366617790706258,0.14922960000000002,0.3194747596858005,228.0,21.0,160.2
Unknown,Unknown,24.4,8.049844718999243,0.1496316,0.3192440199178365,229.0,21.0,160.4
Unknown,Unknown,28.0,0.0,0.008555799999999999,0.004338492791281322,229.0,21.0,138.8
Unknown,Unknown,28.0,0.0,0.0074941999999999995,0.0053132805026649965,229.0,103.0,161.0
Unknown,Unknown,28.0,0.0,0.0065386,0.005226558934901624,229.0,103.0,155.6
Unknown,Unknown,28.0,0.0,0.0058244,0.00543127971108099,229.0,103.0,173.8
Unknown,Unknown,28.0,0.0,0.0068468,0.005433961510721253,226.0,103.0,164.8
Unknown,Unknown,28.0,0.0,0.011425000000000001,0.015209173876315572,226.0,132.0,177.8
Unknown,Unknown,23.4,10.285912696499032,0.011475599999999999,0.015169624197718282,226.0,104.0,172.2
Unknown,Unknown,18.8,12.597618822618822,0.010831799999999999,0.015575502357869553,230.0,104.0,182.4
Unknown,Unknown,14.2,12.597618822618822,0.0105822,0.015738050759226824,231.0,104.0,183.4
Unknown,Unknown,9.6,10.28591269649903,0.009211,0.01621244850415877,232.0,104.0,193.0
Unknown,Unknown,5.0,0.0,0.0019779999999999997,0.00011978731151503492,232.0,104.0,186.8
Unknown,Unknown,5.0,0.0,0.0019588,0.00010650915453612433,232.0,35.0,173.0
Unknown,Unknown,5.0,0.0,0.0020293999999999998,8.154324006317145e-05,232.0,35.0,144.4
Unknown,Unknown,5.0,0.0,0.0020728000000000005,6.962901693977876e-05,232.0,35.0,115.8
Unknown,Unknown,5.0,0.0,0.0021046000000000003,8.861884675394959e-05,138.0,35.0,97.0
Unknown,Unknown,5.0,0.0,0.0021364,9.127047715444468e-05,139.0,35.0,97.4
Unknown,Unknown,5.0,0.0,0.0021364,9.127047715444468e-05,139.0,87.0,108.2
Unknown,Unknown,5.0,0.0,0.0021042,0.00011359005238135956,140.0,88.0,118.8
Unknown,Unknown,5.0,0.0,0.002085,0.00011350550647435572,140.0,89.0,119.2
Unknown,Unknown,5.0,0.0,0.0020532000000000003,9.12151303238668e-05,141.0,89.0,119.8
Unknown,Unknown,5.0,0.0,0.0020022,4.2932505167996066e-05,233.0,89.0,138.6
Unknown,Unknown,5.0,0.0,0.0019960000000000004,4.830113870293339e-05,233.0,90.0,149.2
Unknown,Unknown,5.0,0.0,0.0020088000000000003,5.230869908533391e-05,233.0,36.0,128.4
Unknown,Unknown,5.0,0.0,0.0019894,5.2586119841646556e-05,234.0,36.0,157.2
Unknown,Unknown,5.0,0.0,0.0019702,4.2938327866837203e-05,234.0,36.0,157.6
Unknown,Unknown,5.0,0.0,0.0020022,7.36729258276065e-05,235.0,36.0,158.0
Unknown,Unknown,5.0,0.0,0.0020340000000000002,8.057915363169313e-05,235.0,36.0,158.4
Unknown,Unknown,5.0,0.0,0.0020534,9.489625914650171e-05,235.0,91.0,169.4
Unknown,Unknown,5.0,0.0,0.0021046,9.421942474882768e-05,235.0,91.0,151.6
Unknown,Unknown,5.0,0.0,0.002079,0.00014827171004611774,235.0,91.0,141.4
Unknown,Unknown,5.0,0.0,0.0020214,0.0001842967715398184,146.0,91.0,123.6
Unknown,Unknown,5.0,0.0,0.0020147999999999998,0.0001808444082630149,169.0,91.0,128.6
Unknown,Unknown,5.0,0.0,0.0019442,0.00018660841352950838,236.0,92.0,157.6
Unknown,Unknown,6.0,2.23606797749979,0.028989599999999997,0.06062181408371082,236.0,92.0,170.8
Unknown,Unknown,10.6,9.964938534682489,0.0299884,0.06010122585937827,236.0,106.0,173.6
Unknown,Unknown,15.2,11.861703081766969,0.0312652,0.05941720697070841,236.0,106.0,185.8
Unknown,Unknown,19.8,11.366617790706258,0.031212599999999997,0.05944961257064675,236.0,106.0,181.4
Unknown,Unknown,24.4,8.049844718999243,0.03243939999999999,0.05874985598961073,211.0,106.0,171.4
Unknown,Unknown,28.0,0.0,0.0056306,0.0028676308688532423,207.0,106.0,166.6
Unknown,Unknown,28.0,0.0,0.0098464,0.010468630177821738,207.0,133.0,172.0
Unknown,Unknown,28.0,0.0,0.0107926,0.0104971753010036,227.0,133.0,176.0
Unknown,Unknown,28.0,0.0,0.0134968,0.009276912886300054,237.0,133.0,194.0
Unknown,Unknown,28.0,0.0,0.0135802,0.009215973643625506,237.0,22.0,161.2
Unknown,Unknown,28.0,0.0,0.0192892,0.010121446201012975,237.0,22.0,158.0
Unknown,Unknown,23.4,10.285912696499032,0.0141514,0.011130075237840936,237.0,22.0,165.8
Unknown,Unknown,18.8,12.597618822618822,0.011921999999999999,0.012469666455042008,239.0,22.0,168.2
Unknown,Unknown,14.2,12.597618822618822,0.00924,0.012983348239186992,240.0,22.0,168.8
Unknown,Unknown,9.6,10.28591269649903,0.007968,0.013398242104843455,240.0,37.0,171.8
Unknown,Unknown,5.0,0.0,0.0019904,0.00015328502862315034,240.0,37.0,145.2
Unknown,Unknown,5.0,0.0,0.0019586,0.00010645562455784096,241.0,37.0,159.0
Unknown,Unknown,5.0,0.0,0.0020290000000000004,8.133879763065104e-05,241.0,37.0,129.8
Unknown,Unknown,5.0,0.0,0.0020852,8.908815858462908e-05,241.0,37.0,111.6
Unknown,Unknown,5.0,0.0,0.0021176,6.947157692178873e-05,241.0,38.0,123.0
Unknown,Unknown,5.0,0.0,0.0021498000000000003,6.51667092923988e-05,241.0,93.0,145.4
Unknown,Unknown,5.0,0.0,0.0021368000000000003,9.165260498207356e-05,150.0,93.0,116.2
Unknown,Unknown,5.0,0.0,0.0021176000000000003,9.972863179649069e-05,150.0,94.0,116.8
Unknown,Unknown,5.0,0.0,0.0020726,0.00010006647790344189,151.0,94.0,117.2
Unknown,Unknown,5.0,0.0,0.002053,9.18449780880807e-05,152.0,95.0,128.8
Unknown,Unknown,5.0,0.0,0.0020017999999999998,4.278668017035217e-05,242.0,95.0,147.2
Unknown,Unknown,5.0,0.0,0.0019954,4.833528731682482e-05,242.0,96.0,160.25
Unknown,Unknown,5.0,0.0,0.0019762,4.1263785575247466e-05,243.0,151.0,197.0
Unknown,Unknown,5.0,0.0,0.00197,4.2485291572496017e-05,243.0,152.0,197.75
Unknown,Unknown,5.0,0.0,0.0019832,7.200138887549328e-05,244.0,154.0,220.75
Unknown,Unknown,5.0,0.0,0.004176,0.004885746923449883,244.0,154.0,199.0
Unknown,Unknown,5.0,0.0,0.0042144,0.004864596160011641,244.0,97.0,178.6
Unknown,Unknown,5.0,0.0,0.0042654,0.0048361883027855735,244.0,97.0,161.2
Unknown,Unknown,5.0,0.0,0.004438999999999999,0.004747099377514653,245.0,97.0,179.4
Unknown,Unknown,5.0,0.0,0.0044643999999999994,0.004731850990891407,245.0,18.0,134.2
Unknown,Unknown,5.0,0.0,0.0022462000000000003,0.00036009401550150756,245.0,18.0,122.8
Unknown,Unknown,5.0,0.0,0.002182,0.00040845991235370936,245.0,18.0,134.8
Unknown,Unknown,5.0,0.0,0.0023076,0.000503241790792458,246.0,18.0,152.8
Unknown,Unknown,6.0,2.23606797749979,0.0019294000000000002,0.0006963474707356953,246.0,18.0,146.0
Unknown,Unknown,6.0,2.23606797749979,0.002043,0.0007983426582614761,250.0,98.0,192.4
Unknown,Unknown,10.6,9.964938534682489,0.0022048000000000002,0.0008244159750999491,250.0,157.0,207.4
Unknown,Unknown,15.2,11.861703081766969,0.0028548000000000002,0.0014731298992281708,250.0,158.0,207.6
Unknown,Unknown,19.8,11.366617790706258,0.0026328000000000002,0.0015582283850578515,250.0,158.0,200.2
Unknown,Unknown,23.4,10.285912696499032,0.0042190000000000005,0.0028719059002690183,250.0,107.0,179.4
Unknown,Unknown,28.0,0.0,0.004526,0.002763218865743357,228.0,107.0,175.0
Unknown,Unknown,28.0,0.0,0.0075226,0.0061929013232894315,228.0,19.0,144.2
Unknown,Unknown,28.0,0.0,0.007418800000000001,0.006248346157184316,228.0,19.0,150.0
Unknown,Unknown,28.0,0.0,0.009206599999999999,0.005437836453958504,228.0,19.0,112.8
Unknown,Unknown,28.0,0.0,0.0110466,0.0067006794655467584,247.0,19.0,140.8
Unknown,Unknown,32.6,10.285912696499032,0.011009,0.006748066871334338,247.0,19.0,133.0
Unknown,Unknown,28.0,16.263455967290593,0.0080524,0.006356743175557748,248.0,23.0,178.8
Unknown,Unknown,23.4,19.243180610283737,0.007703399999999999,0.006638555211791191,252.0,23.0,191.8
Unknown,Unknown,28.0,23.0,0.013028600000000001,0.015008675667759631,252.0,175.0,222.2
Unknown,Unknown,32.6,25.195237645237643,0.0172852,0.019219379924961158,252.0,175.0,208.0
Unknown,Unknown,23.4,25.195237645237643,0.017021200000000004,0.01945249692712995,252.0,175.0,220.0
Unknown,Unknown,23.4,25.195237645237643,0.017017400000000002,0.01945596301394511,254.0,175.0,221.2
Unknown,Unknown,23.4,25.195237645237643,0.016859400000000004,0.019602857694734206,254.0,175.0,220.8
Unknown,Unknown,14.2,20.57182539299806,0.009811,0.016513078483432458,254.0,176.0,224.0
Unknown,Unknown,15.0,22.360679774997898,0.0026445999999999996,0.0006251478225188024,254.0,191.0,227.2
Unknown,Unknown,15.0,22.360679774997898,0.0025005999999999995,0.0006529209753101826,254.0,191.0,215.8
Unknown,Unknown,15.0,22.360679774997898,0.0023393999999999997,0.0006556926109084958,250.0,191.0,215.0
Unknown,Unknown,15.0,22.360679774997898,0.0023772000000000003,0.0006377340354724688,250.0,191.0,203.4
Unknown,Unknown,24.4,26.585710447531774,0.002266,0.0007485502655132787,250.0,192.0,203.8
Unknown,Unknown,23.8,25.742960202742807,0.0029893999999999997,0.0023295148207298443,250.0,119.0,189.2
Unknown,Unknown,23.8,25.742960202742807,0.0034338,0.002332708018591268,251.0,119.0,201.0
Unknown,Unknown,23.8,25.742960202742807,0.0096966,0.01338772181142109,251.0,119.0,189.6
Unknown,Unknown,23.8,25.742960202742807,0.009651799999999999,0.013419387679771383,251.0,119.0,190.0
Unknown,Unknown,14.4,21.01903898849803,0.009916399999999999,0.013229953223651244,251.0,0.0,151.4
Unknown,Unknown,14.4,21.019038988498025,0.010677599999999999,0.01313851442515477,251.0,0.0,159.5
Unknown,Unknown,23.8,25.742960202742807,0.011667399999999998,0.012721116000571646,194.0,0.0,129.0
Unknown,Unknown,32.6,25.22498761149349,0.007146000000000001,0.0043896823347481535,198.0,0.0,130.66666666666666
Unknown,Unknown,41.4,20.403431084011338,0.007337399999999999,0.004120920443299045,198.0,0.0,132.0
Unknown,Unknown,41.4,20.403431084011334,0.0071904,0.004330401805837421,198.0,111.0,169.0
Unknown,Unknown,32.0,24.677925358506133,0.005362400000000001,0.0042844623700063,198.0,7.0,128.5
Unknown,Unknown,23.6,23.276597689524987,0.0187288,0.032291445681480416,211.0,7.0,145.0
Unknown,Unknown,19.4,19.06043021550143,0.0184548,0.03238212928761788,211.0,7.0,138.0
Unknown,Unknown,15.2,11.861703081766969,0.0183982,0.03241625609474358,211.0,7.0,138.2
Unknown,Unknown,19.8,11.366617790706258,0.0187878,0.032181946790087144,214.0,7.0,158.8
Unknown,Unknown,24.4,8.049844718999243,0.018875400000000004,0.032124666641071935,214.0,163.0,196.2
Unknown,Unknown,28.0,0.0,0.004376,0.0028696813411945234,214.0,112.0,176.4
Unknown,Unknown,28.0,0.0,0.0052606,0.004810052005955861,214.0,112.0,170.8
Unknown,Unknown,28.0,0.0,0.008360000000000001,0.007141008857297406,214.0,112.0,166.4
Unknown,Unknown,28.0,0.0,0.0079578,0.007493975126726803,194.0,24.0,128.4
Unknown,Unknown,28.0,0.0,0.0101814,0.0070033111311721685,229.0,24.0,135.4
Unknown,Unknown,28.0,0.0,0.0139978,0.007698609887505666,229.0,8.0,114.6
Unknown,Unknown,28.0,0.0,0.0115256,0.009552368151406225,229.0,8.0,92.4
Unknown,Unknown,23.4,10.285912696499032,0.0082982,0.009478768153088249,229.0,8.0,58.8
Unknown,Unknown,18.8,12.597618822618822,0.008374799999999998,0.009416652388189764,229.0,8.0,76.6
Unknown,Unknown,14.2,12.597618822618822,0.006108000000000001,0.009283127813404271,113.0,8.0,32.8
Unknown,Unknown,9.6,10.28591269649903,0.0020474,0.00040599605909417405,178.0,9.0,66.8
Unknown,Unknown,5.0,0.0,0.0021244,0.0002668347803416939,178.0,9.0,64.2
Unknown,Unknown,5.0,0.0,0.0021371999999999997,0.00026188394376135403,178.0,10.0,64.8
Unknown,Unknown,5.0,0.0,0.0021564,0.000288084709764333,178.0,10.0,65.0
Unknown,Unknown,5.0,0.0,0.002111,0.0003306773351773598,178.0,11.0,65.6
Unknown,Unknown,5.0,0.0,0.002047,0.0002893916031953933,114.0,11.0,32.8
Unknown,Unknown,5.0,0.0,0.0021876,0.0003048881762220371,179.0,12.0,66.4
Unknown,Unknown,5.0,0.0,0.0021872000000000003,0.000305064255526602,179.0,13.0,67.0
Unknown,Unknown,5.0,0.0,0.0021872000000000003,0.000305064255526602,200.0,13.0,84.2
Unknown,Unknown,5.0,0.0,0.0022434,0.0002297146055434872,200.0,14.0,84.6
Unknown,Unknown,5.0,0.0,0.0021862,0.0003043635983490797,200.0,15.0,85.0
Unknown,Unknown,5.0,0.0,0.0020895999999999996,0.0002544008647784043,200.0,15.0,52.6
Unknown,Unknown,5.0,0.0,0.0021536000000000003,0.0002889702406823235,201.0,15.0,89.8
Unknown,Unknown,5.0,0.0,0.002013,0.00024968680381630106,201.0,15.0,53.4
Unknown,Unknown,5.0,0.0,0.002079,0.00030555441413928226,202.0,16.0,90.8
Unknown,Unknown,5.0,0.0,0.0021999999999999997,0.00028293727220004086,202.0,17.0,128.0
Unknown,Unknown,5.0,0.0,0.0021558000000000003,0.00033255931801710203,202.0,18.0,128.4
Unknown,Unknown,5.0,0.0,0.0020344,0.0003323767440721448,202.0,18.0,92.0
Unknown,Unknown,5.0,0.0,0.0020342,0.00033255931801710203,202.0,19.0,92.2
Unknown,Unknown,5.0,0.0,0.0019708,0.00026994943971047616,202.0,19.0,55.8
Unknown,Unknown,5.0,0.0,0.0019066,0.00015784581084083286,20.0,19.0,19.4
Unknown,Unknown,5.0,0.0,0.0020474,0.0002886993245575749,203.0,19.0,56.2
Unknown,Unknown,5.0,0.0,0.0021052,0.00025128907656322817,203.0,19.0,56.4
Unknown,Unknown,5.0,0.0,0.002163,0.00018560307109528112,203.0,20.0,56.6
Unknown,Unknown,5.0,0.0,0.0021051999999999998,0.00025071338217175394,203.0,20.0,56.8
Unknown,Unknown,5.0,0.0,0.0020474,0.00028919941217091005,203.0,20.0,57.0
Unknown,Unknown,5.0,0.0,0.0019068000000000002,0.0001585771105803103,21.0,20.0,20.6
Unknown,Unknown,5.0,0.0,0.0018491999999999998,0.00012903759142203472,21.0,20.0,20.8
Unknown,Unknown,5.0,0.0,0.0018364000000000002,0.00010042061541337014,22.0,21.0,21.2
Unknown,Unknown,5.0,0.0,0.0018804000000000002,0.00012243488065089947,22.0,21.0,21.4
Unknown,Unknown,5.0,0.0,0.0019242000000000003,0.00012026928119848393,22.0,21.0,21.6
Unknown,Unknown,5.0,0.0,0.0020454,0.00021875854269033695,204.0,21.0,58.2
Unknown,Unknown,5.0,0.0,0.0021666000000000003,0.00021171986208195015,204.0,22.0,94.8
Unknown,Unknown,5.0,0.0,0.0021216,0.0002681283274851801,204.0,22.0,95.0
Unknown,Unknown,5.0,0.0,0.0020774,0.00030604133707719944,204.0,22.0,95.2
Unknown,Unknown,5.0,0.0,0.0020348000000000002,0.0003320131021511049,204.0,23.0,95.4
Unknown,Unknown,5.0,0.0,0.0019137999999999998,0.0002712373499354394,204.0,23.0,59.4
Unknown,Unknown,5.0,0.0,0.0017922,1.3038404810405283e-06,24.0,23.0,23.4
Unknown,Unknown,5.0,0.0,0.0017912000000000002,3.1144823004794865e-06,24.0,23.0,23.6
Unknown,Unknown,5.0,0.0,0.0017912000000000002,3.1144823004794865e-06,24.0,23.0,23.8
Unknown,Unknown,5.0,0.0,0.0017908,2.774887385102319e-06,25.0,24.0,24.2
Unknown,Unknown,5.0,0.0,0.0017906000000000003,2.6076809620810316e-06,25.0,24.0,24.4
Unknown,Unknown,5.0,0.0,0.001789,4.242640687119235e-06,25.0,24.0,24.6
Unknown,Unknown,5.0,0.0,0.00179,3.937003937005863e-06,26.0,24.0,25.0
Unknown,Unknown,5.0,0.0,0.0017898,3.834057902536128e-06,26.0,25.0,25.4
Unknown,Unknown,5.0,0.0,0.00179,3.999999999999989e-06,26.0,25.0,25.6
Unknown,Unknown,5.0,0.0,0.0017902,4.14728827066555e-06,26.0,25.0,25.8
Unknown,Unknown,5.0,0.0,0.0017904000000000004,3.714835124201386e-06,27.0,26.0,26.2
Unknown,Unknown,5.0,0.0,0.0018008000000000004,2.3878860944358283e-05,27.0,26.0,26.4
Unknown,Unknown,5.0,0.0,0.0018009999999999999,2.3780243901188223e-05,28.0,26.0,26.8
Unknown,Unknown,5.0,0.0,0.001801,2.3780243901188226e-05,28.0,26.0,27.2
Unknown,Unknown,5.0,0.0,0.0018008,2.386838913709931e-05,28.0,27.0,27.6
Unknown,Unknown,5.0,0.0,0.0018028000000000002,2.2487774456357395e-05,28.0,27.0,27.8
Unknown,Unknown,5.0,0.0,0.001793,1.0000000000000243e-06,29.0,28.0,28.2
Unknown,Unknown,5.0,0.0,0.001793,1.0000000000000243e-06,29.0,28.0,28.4
Unknown,Unknown,5.0,0.0,0.0017904,5.899152481501098e-06,29.0,28.0,28.6
Unknown,Unknown,5.0,0.0,0.0017905999999999998,5.983310120660697e-06,30.0,28.0,29.0
Unknown,Unknown,5.0,0.0,0.001788,6.8920243760451525e-06,30.0,29.0,29.4
Unknown,Unknown,5.0,0.0,0.0017856,6.348228099241599e-06,30.0,29.0,29.6
Unknown,Unknown,5.0,0.0,0.0017859999999999998,6.892024376045169e-06,30.0,29.0,29.8
Unknown,Unknown,5.0,0.0,0.0018078,4.578973684134908e-05,31.0,30.0,30.2
Unknown,Unknown,5.0,0.0,0.0018458000000000003,8.894211600810944e-05,180.0,30.0,60.2
Unknown,Unknown,5.0,0.0,0.001899,0.00011594610817099476,181.0,30.0,90.4
Unknown,Unknown,5.0,0.0,0.0019518,0.00010926435832420382,182.0,30.0,120.8
Unknown,Unknown,5.0,0.0,0.0019491999999999999,0.00011400964871448385,182.0,31.0,121.2
Unknown,Unknown,25.4,45.61578674099571,0.1457504,0.3215156240757205,195.0,32.0,154.0
Unknown,Unknown,25.4,45.61578674099571,0.1457696,0.321504895037074,195.0,32.0,154.6
Unknown,Unknown,25.4,45.61578674099571,0.1457184,0.3215335241196476,195.0,32.0,125.0
Unknown,Unknown,26.4,45.10875746459882,0.22654680000000002,0.32713595465066203,211.0,32.0,130.8
Unknown,Unknown,31.0,43.52585438564073,0.22839059999999994,0.32557468092942976,215.0,33.0,167.4
Unknown,Unknown,15.2,11.861703081766969,0.0856106,0.1792486242131303,215.0,33.0,167.6
Unknown,Unknown,19.8,11.366617790706258,0.08850079999999999,0.17767464080926124,215.0,25.0,136.0
Unknown,Unknown,24.4,8.049844718999243,0.08886959999999999,0.17745143453435364,230.0,25.0,175.4
Unknown,Unknown,28.0,0.0,0.0105138,0.005275023194261803,230.0,25.0,160.4
Unknown,Unknown,28.0,0.0,0.010635200000000001,0.00529595328529246,230.0,25.0,122.4
Unknown,Unknown,23.4,10.285912696499032,0.0096142,0.006523107901913013,230.0,25.0,90.0
Unknown,Unknown,23.4,10.285912696499032,0.006555,0.0060375840780895135,230.0,25.0,126.2
Unknown,Unknown,18.8,12.597618822618822,0.006203799999999999,0.006295465725424927,206.0,25.0,87.0
Unknown,Unknown,14.2,12.597618822618822,0.0037016,0.004428350065204873,206.0,25.0,66.6
Unknown,Unknown,14.2,12.597618822618822,0.0023844000000000005,0.0015009601260526544,206.0,34.0,98.4
Unknown,Unknown,18.8,12.597618822618822,0.0024308,0.001485360461302239,206.0,34.0,114.6
Unknown,Unknown,18.8,12.597618822618822,0.0035118000000000003,0.002194253563287525,184.0,34.0,80.4
Unknown,Unknown,18.8,12.597618822618822,0.0035325999999999995,0.002175317517053545,207.0,34.0,115.0
Unknown,Unknown,18.8,12.597618822618822,0.0035623999999999994,0.0021481780186939814,208.0,35.0,149.8
Unknown,Unknown,14.2,12.597618822618822,0.002974,0.0020494245533807776,208.0,35.0,136.2
Unknown,Unknown,9.6,10.28591269649903,0.0029062,0.0020898658330141674,208.0,35.0,120.4
Unknown,Unknown,25.6,46.06300033649567,0.0737058,0.16039945825095545,208.0,36.0,122.0
Unknown,Unknown,25.6,46.06300033649567,0.07368699999999999,0.16040997146686362,208.0,36.0,88.0
Unknown,Unknown,25.6,46.06300033649567,0.0736742,0.1604171195514992,118.0,36.0,70.0
Unknown,Unknown,25.6,46.06300033649567,0.07366779999999999,0.1604206906019295,119.0,36.0,70.6
Unknown,Unknown,25.6,46.06300033649567,0.0737206,0.16039115661033182,120.0,37.0,87.4
Unknown,Unknown,5.0,0.0,0.0019518,0.00010984170428393765,120.0,37.0,86.4
Unknown,Unknown,5.0,0.0,0.0019518,0.00010984170428393765,120.0,38.0,86.8
Unknown,Unknown,5.0,0.0,0.0019518,0.00010984170428393765,186.0,38.0,100.4
Unknown,Unknown,5.0,0.0,0.0019518,0.00010984170428393765,187.0,38.0,114.0
Unknown,Unknown,5.0,0.0,0.0019518,0.00010984170428393765,188.0,38.0,127.6
Unknown,Unknown,5.0,0.0,0.0019514000000000003,0.00011056581750251754,188.0,39.0,128.0
Unknown,Unknown,5.0,0.0,0.002143,0.0004072935059634514,188.0,40.0,128.4
Unknown,Unknown,5.0,0.0,0.00213,0.0004146480435260729,188.0,40.0,106.0
Unknown,Unknown,5.0,0.0,0.002194,0.0004232410660604663,188.0,40.0,77.0
Unknown,Unknown,5.0,0.0,0.0021494,0.00045328721579148914,74.0,40.0,48.0
Unknown,Unknown,5.0,0.0,0.0022198,0.00040886635958464475,75.0,41.0,55.0
Unknown,Unknown,5.0,0.0,0.002079,0.00021335533740687157,75.0,42.0,61.8
Unknown,Unknown,5.0,0.0,0.002124,0.0001937343542069914,76.0,42.0,62.2
Unknown,Unknown,5.0,0.0,0.0020152,0.00017499771427078692,76.0,43.0,62.6
Unknown,Unknown,5.0,0.0,0.0020981999999999997,0.0001593587148542558,77.0,44.0,69.4
Unknown,Unknown,5.0,0.0,0.0020342,0.00019674145470642432,78.0,44.0,70.0
Unknown,Unknown,5.0,0.0,0.0022582,0.0005920432416639852,78.0,44.0,64.0
Unknown,Unknown,6.0,2.23606797749979,0.0020326,0.0008185137750826187,211.0,44.0,91.0
Unknown,Unknown,10.6,9.964938534682489,0.002406,0.0010823312801540941,211.0,45.0,106.6
Unknown,Unknown,10.6,9.964938534682489,0.0023868,0.0010868763499129054,211.0,45.0,107.0
Unknown,Unknown,15.2,11.861703081766969,0.0024406,0.001058272790919241,217.0,45.0,134.8
Unknown,Unknown,19.8,11.366617790706258,0.0020986,0.001000804326529417,217.0,79.0,153.2
Unknown,Unknown,23.4,10.285912696499032,0.0023318,0.0008011127885635081,217.0,79.0,150.6
Unknown,Unknown,23.4,10.285912696499032,0.00216,0.00045388434650249845,217.0,27.0,131.6
Unknown,Unknown,28.0,0.0,0.0025034000000000002,0.0008837614497136658,217.0,27.0,131.8
Unknown,Unknown,28.0,0.0,0.0040868,0.0034188134198870814,198.0,27.0,97.6
Unknown,Unknown,23.4,10.285912696499032,0.0042688000000000005,0.0032712423022454333,198.0,27.0,86.4
Unknown,Unknown,18.8,12.597618822618822,0.0041588,0.003366848853156316,81.0,27.0,56.2
Unknown,Unknown,14.2,12.597618822618822,0.0040978,0.003399524334373855,81.0,46.0,60.4
Unknown,Unknown,9.6,10.28591269649903,0.0037544,0.003514332767396964,82.0,46.0,60.8
Unknown,Unknown,9.6,10.285912696499032,0.0034963999999999993,0.0029409416519203505,82.0,26.0,56.8
Unknown,Unknown,14.2,12.597618822618822,0.0035856,0.002908345371512813,190.0,26.0,78.6
Unknown,Unknown,18.8,12.597618822618822,0.0086624,0.01060755300717371,210.0,26.0,111.2
Unknown,Unknown,18.8,12.597618822618822,0.008541,0.010698423622197806,210.0,26.0,118.2
Unknown,Unknown,18.8,12.597618822618822,0.0086818,0.010597324907730252,210.0,26.0,111.6
Unknown,Unknown,24.4,21.078424988599124,0.0148894,0.017480048363777485,210.0,49.0,146.4
Unknown,Unknown,19.8,22.554378732299412,0.014877000000000001,0.017490690438058756,210.0,49.0,118.4
Unknown,Unknown,15.2,22.807893370497855,0.0098518,0.016724166143637774,200.0,49.0,86.8
Unknown,Unknown,15.2,22.807893370497855,0.009843800000000002,0.016728918351166643,200.0,49.0,80.6
Unknown,Unknown,15.2,22.807893370497855,0.009652200000000001,0.01683424275695227,200.0,50.0,81.2
Unknown,Unknown,5.0,0.0,0.0020780000000000004,0.0004299034775388541,52.0,50.0,51.6
Unknown,Unknown,5.0,0.0,0.0019052000000000003,4.368294861842543e-05,213.0,52.0,84.2
Unknown,Unknown,5.0,0.0,0.0019368,7.497466238670239e-05,214.0,52.0,116.6
Unknown,Unknown,5.0,0.0,0.0019366000000000001,7.516847743569116e-05,214.0,52.0,116.8
Unknown,Unknown,5.0,0.0,0.0019364,7.532794966013619e-05,214.0,52.0,117.0
Unknown,Unknown,5.0,0.0,0.0019345999999999999,7.692398845613776e-05,214.0,53.0,117.2
Unknown,Unknown,5.0,0.0,0.001916,7.346087393980565e-05,214.0,53.0,85.4
Unknown,Unknown,5.0,0.0,0.0018845999999999997,6.54217089351846e-06,54.0,53.0,53.4
Unknown,Unknown,5.0,0.0,0.0018858,5.49545266561362e-06,54.0,53.0,53.6
Unknown,Unknown,5.0,0.0,0.0018862,5.761944116355163e-06,54.0,53.0,53.8
Unknown,Unknown,5.0,0.0,0.0018863999999999999,5.366563145999517e-06,55.0,54.0,54.2
Unknown,Unknown,5.0,0.0,0.0018848,5.215361924162138e-06,55.0,54.0,54.4
Unknown,Unknown,5.0,0.0,0.0019226,8.753742056971985e-05,125.0,54.0,68.6
Unknown,Unknown,5.0,0.0,0.0019234,8.711371878183145e-05,125.0,54.0,68.8
Unknown,Unknown,5.0,0.0,0.0019042,0.00010504856019955728,125.0,55.0,69.2
Unknown,Unknown,5.0,0.0,0.0019064000000000002,0.00010447631310493306,125.0,55.0,69.6
Unknown,Unknown,5.0,0.0,0.0019072000000000002,0.00010425785342121719,125.0,55.0,70.0
Unknown,Unknown,5.0,0.0,0.001867,4.103656905736637e-05,57.0,55.0,56.4
Unknown,Unknown,5.0,0.0,0.001867,4.103656905736637e-05,57.0,56.0,56.8
Unknown,Unknown,5.0,0.0,0.0019046,4.3483330139261344e-05,215.0,57.0,88.6
Unknown,Unknown,5.0,0.0,0.0019362000000000001,7.517446374933453e-05,216.0,57.0,120.4
Unknown,Unknown,5.0,0.0,0.0019364,7.500866616598386e-05,216.0,57.0,120.6
Unknown,Unknown,5.0,0.0,0.0019382,7.334643822299764e-05,216.0,57.0,120.8
Unknown,Unknown,5.0,0.0,0.0019387999999999999,7.284366822174735e-05,216.0,58.0,121.0
Unknown,Unknown,5.0,0.0,0.0019202,7.090275029926562e-05,216.0,58.0,89.6
Unknown,Unknown,5.0,0.0,0.0018968,1.8633303518163405e-05,59.0,58.0,58.2
Unknown,Unknown,5.0,0.0,0.00198,0.00018143869488066757,193.0,58.0,85.2
Unknown,Unknown,5.0,0.0,0.0019912000000000003,0.00017590679350155857,193.0,58.0,85.6
Unknown,Unknown,5.0,0.0,0.0019776000000000004,0.00018781586727430668,194.0,58.0,112.8
Unknown,Unknown,25.4,45.61578674099571,0.0064942,0.01005152852555272,201.0,59.0,141.4
Unknown,Unknown,25.4,45.61578674099571,0.006523999999999999,0.010034821024811553,201.0,60.0,168.6
Unknown,Unknown,25.4,45.61578674099571,0.0064792,0.01005884785648933,201.0,60.0,169.2
Unknown,Unknown,25.4,45.61578674099571,0.0064488,0.010076199293384385,201.0,61.0,169.4
Unknown,Unknown,25.4,45.61578674099571,0.006442400000000001,0.010079881437794792,201.0,61.0,143.0
Unknown,Unknown,5.0,0.0,0.0019382,0.0001441776681736808,196.0,61.0,115.4
Unknown,Unknown,5.0,0.0,0.001951,0.0001615920790137932,196.0,61.0,94.0
Unknown,Unknown,22.6,39.3547964039963,0.0029338,0.0022737825753576355,202.0,61.0,95.2
Unknown,Unknown,22.6,39.3547964039963,0.0029534,0.0022618600310364036,202.0,62.0,96.0
Unknown,Unknown,22.6,39.3547964039963,0.0029918,0.002238703464061286,202.0,63.0,101.4
Unknown,Unknown,22.6,39.3547964039963,0.0029982000000000003,0.0022350268902185497,202.0,65.0,114.2
Unknown,Unknown,22.6,39.3547964039963,0.0029790000000000003,0.0022446019691695898,202.0,65.0,122.2
Unknown,Unknown,5.0,0.0,0.0019898,6.480123455614105e-05,129.0,65.0,107.6
Unknown,Unknown,5.0,0.0,0.0019704,0.00010473681301242662,129.0,66.0,107.8
Unknown,Unknown,25.4,45.61578674099571,0.0030704,0.002468930902232786,203.0,66.0,130.6
Unknown,Unknown,37.2,46.63903944122349,0.0033388000000000003,0.002392941119208745,204.0,66.0,146.0
Unknown,Unknown,57.2,50.64780350617389,0.0034729999999999995,0.0023200897611945965,219.0,66.0,164.2
Unknown,Unknown,69.0,41.49096287144949,0.003632,0.002223147880821247,219.0,66.0,159.8
Unknown,Unknown,80.8,23.015212360523634,0.0039604,0.00199273161765452,220.0,107.0,190.6
Unknown,Unknown,60.4,35.69733883638947,0.0029024000000000003,0.0005005220274873025,220.0,68.0,163.6
Unknown,Unknown,48.6,43.17754045797421,0.0026660000000000004,0.000529330237186579,220.0,68.0,153.6
Unknown,Unknown,28.6,32.3156308928048,0.0025098,0.0006179617302066528,220.0,68.0,123.8
Unknown,Unknown,16.8,26.385602134497514,0.0023699999999999997,0.0006029038065894094,220.0,68.0,133.4
Unknown,Unknown,5.0,0.0,0.0021346,0.00011997833137696158,155.0,68.0,103.6
Unknown,Unknown,5.0,0.0,0.0020606,0.00017598522665269377,156.0,70.0,121.2
Unknown,Unknown,5.0,0.0,0.0020604,0.00017586870102437213,157.0,70.0,121.8
Unknown,Unknown,5.0,0.0,0.0020696,0.0001688632582890665,158.0,71.0,139.4
Unknown,Unknown,5.0,0.0,0.0020056,0.00019300466315610093,159.0,71.0,140.2
Unknown,Unknown,5.0,0.0,0.001916,0.00014518264359075425,159.0,73.0,140.6
Unknown,Unknown,25.4,45.61578674099571,0.0030426000000000003,0.0024708867436610688,222.0,73.0,153.8
Unknown,Unknown,45.8,55.86770086552695,0.0041604,0.0031362300298288072,224.0,73.0,167.2
Unknown,Unknown,45.8,55.86770086552694,0.004192400000000001,0.0031091585356813186,224.0,73.0,168.0
Unknown,Unknown,45.8,55.86770086552694,0.0042372,0.003067821572386504,224.0,73.0,168.8
Unknown,Unknown,45.8,55.86770086552694,0.0042374,0.0030676237220363255,224.0,77.0,169.6
Unknown,Unknown,25.4,45.61578674099571,0.0031399999999999996,0.002569342328301155,224.0,77.0,140.8
Unknown,Unknown,5.0,0.0,0.0020222,0.00013912117020784434,164.0,77.0,128.8
Unknown,Unknown,5.0,0.0,0.0019582,0.00014320160613624414,165.0,77.0,129.4
Unknown,Unknown,6.0,2.23606797749979,0.0038588,0.0043016091988928975,211.0,77.0,139.0
Unknown,Unknown,10.6,9.964938534682489,0.0052086,0.004549721562909097,211.0,78.0,164.8
Unknown,Unknown,15.2,11.861703081766969,0.0058666,0.004187558274221387,211.0,164.0,190.4
Unknown,Unknown,19.8,11.366617790706258,0.005711,0.004370991935476431,211.0,94.0,176.4
Unknown,Unknown,24.4,8.049844718999243,0.0078266,0.004573921217074033,211.0,40.0,151.4
Unknown,Unknown,28.0,0.0,0.0061156000000000005,0.004430746754216495,206.0,40.0,138.2
Unknown,Unknown,28.0,0.0,0.007098,0.0055188817707937906,206.0,40.0,124.6
Unknown,Unknown,28.0,0.0,0.0076198,0.005424062748530846,226.0,40.0,128.6
Unknown,Unknown,28.0,0.0,0.010733000000000001,0.005402928511464871,226.0,40.0,137.4
Unknown,Unknown,28.0,0.0,0.0094108,0.005693779649758146,226.0,81.0,145.6
Unknown,Unknown,28.0,0.0,0.0148988,0.009746028457787307,226.0,27.0,122.0
Unknown,Unknown,23.4,10.285912696499032,0.0126332,0.011346226099457036,226.0,27.0,128.0
Unknown,Unknown,18.8,12.597618822618822,0.0114688,0.012222417138193248,169.0,27.0,116.6
Unknown,Unknown,14.2,12.597618822618822,0.0084446,0.01240270157264134,169.0,27.0,105.4
Unknown,Unknown,9.6,10.28591269649903,0.0076803999999999996,0.012720795093074961,169.0,27.0,105.8
Unknown,Unknown,5.0,0.0,0.0020220000000000004,0.0001396746218895902,170.0,82.0,134.4
Unknown,Unknown,5.0,0.0,0.0019579999999999997,0.00014362799170078232,171.0,82.0,135.0
Unknown,Unknown,5.0,0.0,0.0019646,0.0001493278272794458,207.0,82.0,142.6
Unknown,Unknown,5.0,0.0,0.0019614,0.0001536059894665569,207.0,83.0,143.2
Unknown,Unknown,5.0,0.0,0.0019706,0.00015554034846302739,207.0,85.0,143.8
Unknown,Unknown,5.0,0.0,0.0019706000000000003,0.0001555403484630274,225.0,85.0,154.8
Unknown,Unknown,5.0,0.0,0.0020025999999999998,0.00013230570660406144,226.0,85.0,165.8
Unknown,Unknown,5.0,0.0,0.0020153999999999997,0.00014411384388739334,227.0,85.0,169.8
Unknown,Unknown,5.0,0.0,0.0020662,7.366953237261656e-05,228.0,86.0,198.4
Unknown,Unknown,6.0,2.23606797749979,0.0178326,0.03522618589629027,228.0,211.0,223.4
Unknown,Unknown,10.6,9.964938534682489,0.0183946,0.03493450307074655,229.0,211.0,224.2
Unknown,Unknown,15.2,11.861703081766969,0.018412400000000002,0.03492407153812396,229.0,211.0,224.4
Unknown,Unknown,19.8,11.366617790706258,0.0183118,0.03498332643846208,229.0,208.0,220.6
Unknown,Unknown,24.4,8.049844718999243,0.019948,0.03421531406402695,229.0,96.0,194.2
Unknown,Unknown,28.0,0.0,0.006684600000000001,0.005563912544244382,229.0,28.0,157.6
Unknown,Unknown,28.0,0.0,0.008674999999999999,0.006492237056670065,227.0,28.0,139.6
Unknown,Unknown,28.0,0.0,0.0087292,0.006424104894847219,208.0,28.0,122.0
Unknown,Unknown,28.0,0.0,0.009237399999999998,0.005792549637249559,208.0,28.0,122.0
Unknown,Unknown,28.0,0.0,0.0098394,0.006070955797895418,208.0,28.0,120.2
Unknown,Unknown,28.0,0.0,0.010855600000000002,0.007344132746621619,208.0,41.0,122.8
Unknown,Unknown,28.0,0.0,0.010376000000000002,0.007087392750511291,208.0,41.0,124.2
Unknown,Unknown,23.4,10.285912696499032,0.0103232,0.007162780968311121,208.0,41.0,124.4
Unknown,Unknown,18.8,12.597618822618822,0.0098454,0.007731995428089698,146.0,41.0,100.4
Unknown,Unknown,14.2,12.597618822618822,0.0076008000000000004,0.00812018005957996,146.0,41.0,100.8
Unknown,Unknown,9.6,10.28591269649903,0.0041072,0.004697493182538959,230.0,88.0,138.6
Unknown,Unknown,14.0,20.12461179749811,0.0104674,0.018917932823117857,231.0,88.0,155.6
Unknown,Unknown,14.0,20.12461179749811,0.010447999999999999,0.0189287321683202,231.0,88.0,173.8
Unknown,Unknown,14.0,20.12461179749811,0.010518,0.018889325067349548,231.0,89.0,175.8
Unknown,Unknown,14.0,20.12461179749811,0.010543599999999998,0.018875001623840988,231.0,98.0,177.8
Unknown,Unknown,14.0,20.12461179749811,0.0105244,0.018885728958660822,231.0,98.0,151.8
Unknown,Unknown,5.0,0.0,0.0020719999999999996,6.953775952674917e-05,231.0,98.0,125.8
Unknown,Unknown,5.0,0.0,0.002104,5.2492856656882216e-05,232.0,98.0,126.0
Unknown,Unknown,14.4,21.019038988498025,0.0023401999999999997,0.0005514949682454048,233.0,99.0,153.0
Unknown,Unknown,23.8,25.742960202742807,0.002572,0.00067714511000228,233.0,100.0,179.8
Unknown,Unknown,23.8,25.742960202742807,0.0025718,0.0006773390583747551,233.0,101.0,206.4
Unknown,Unknown,24.8,24.913851568956574,0.21883399999999997,0.48328343430175624,233.0,211.0,228.4
Unknown,Unknown,29.4,22.333830840229805,0.21954379999999998,0.4828880584531988,233.0,102.0,202.4
Unknown,Unknown,24.6,18.51485889765299,0.21962599999999993,0.48284208330105194,234.0,102.0,202.6
Unknown,Unknown,19.8,11.366617790706258,0.21922819999999993,0.48306562996005004,234.0,42.0,164.4
Unknown,Unknown,24.4,8.049844718999243,0.22421819999999992,0.4803827176363654,234.0,42.0,163.6
Unknown,Unknown,28.0,0.0,0.011713999999999999,0.011455218657886894,234.0,42.0,149.4
Unknown,Unknown,28.0,0.0,0.0191242,0.01715220884317819,234.0,29.0,134.8
Unknown,Unknown,28.0,0.0,0.020241,0.016045717216752887,229.0,29.0,117.4
Unknown,Unknown,28.0,0.0,0.020399,0.015814970787200337,229.0,29.0,151.0
Unknown,Unknown,28.0,0.0,0.017088,0.015821511890461038,210.0,29.0,123.2
Unknown,Unknown,28.0,0.0,0.014025200000000002,0.016386748356522717,210.0,29.0,123.6
Unknown,Unknown,23.4,10.285912696499032,0.005879799999999999,0.003935564851453981,210.0,90.0,136.0
Unknown,Unknown,18.8,12.597618822618822,0.0044448,0.003667458684157192,235.0,90.0,153.6
Unknown,Unknown,14.2,12.597618822618822,0.0044208,0.0036869555462467948,236.0,90.0,158.8
Unknown,Unknown,9.6,10.28591269649903,0.0027612000000000005,0.0015450541090848565,237.0,91.0,188.2
Unknown,Unknown,5.0,0.0,0.0020662,7.366953237261656e-05,238.0,91.0,207.4
Unknown,Unknown,13.8,19.67739820199815,0.0040476,0.004402446796952804,238.0,54.0,200.0
Unknown,Unknown,13.8,19.67739820199815,0.0040092,0.004423997310125765,238.0,54.0,163.8
Unknown,Unknown,13.8,19.67739820199815,0.0040156,0.004420354940499689,238.0,54.0,135.4
Unknown,Unknown,13.8,19.67739820199815,0.004015599999999999,0.004420354940499688,240.0,54.0,136.0
Unknown,Unknown,13.8,19.67739820199815,0.004002799999999999,0.004427567300448408,241.0,54.0,136.6
Unknown,Unknown,6.0,2.23606797749979,0.1648694,0.36413562758510737,241.0,54.0,168.0
Unknown,Unknown,10.6,9.964938534682489,0.165256,0.3639203785733907,242.0,94.0,205.6
Unknown,Unknown,15.8,12.716131487209465,0.1651518,0.36397887371343407,242.0,211.0,229.0
Unknown,Unknown,20.4,11.970797801316333,0.1653404,0.36387352158449227,242.0,107.0,202.4
Unknown,Unknown,25.0,8.48528137423857,0.1660032,0.3635044057748131,242.0,30.0,160.2
Unknown,Unknown,28.6,1.341640786499874,0.0061296,0.006168668519218714,242.0,30.0,146.2
Unknown,Unknown,28.6,1.341640786499874,0.007551199999999999,0.006338481024661981,214.0,30.0,140.6
Unknown,Unknown,28.0,0.0,0.008848600000000002,0.0053801530926173464,214.0,30.0,107.6
Unknown,Unknown,28.0,0.0,0.0127302,0.00695412609175301,214.0,30.0,105.4
Unknown,Unknown,28.0,0.0,0.0193124,0.01194443934640718,214.0,46.0,129.0
Unknown,Unknown,28.0,0.0,0.0170322,0.013508966807272864,214.0,46.0,130.0
Unknown,Unknown,28.0,0.0,0.0176356,0.01323635147236579,233.0,46.0,133.8
Unknown,Unknown,23.4,10.285912696499032,0.016467799999999998,0.0144984961013203,243.0,96.0,173.2
Unknown,Unknown,18.8,12.597618822618822,0.0123784,0.015238552926705345,244.0,146.0,202.8
Unknown,Unknown,14.2,12.597618822618822,0.005139800000000001,0.005174436075554514,244.0,97.0,192.6
Unknown,Unknown,9.6,10.28591269649903,0.0044712,0.0053320957605804496,245.0,97.0,212.4
Unknown,Unknown,5.0,0.0,0.002066,7.340980860893178e-05,247.0,97.0,215.2
Unknown,Unknown,5.0,0.0,0.0020215999999999997,8.25215123467814e-05,247.0,97.0,186.2
Unknown,Unknown,15.0,22.360679774997898,0.0024912,0.0010673566414277841,248.0,97.0,187.0
Unknown,Unknown,25.0,27.386127875258307,0.0029705999999999995,0.0013105900579509977,248.0,98.0,217.2
Unknown,Unknown,25.0,27.386127875258307,0.0029705999999999995,0.0013105900579509979,248.0,98.0,217.8
Unknown,Unknown,25.0,27.386127875258307,0.0030023999999999997,0.0012822590611884946,249.0,98.0,218.2
Unknown,Unknown,25.0,27.386127875258307,0.003047,0.0012383240690546236,250.0,248.0,248.6
Unknown,Unknown,15.0,22.360679774997898,0.0025645999999999998,0.0010350397576904956,251.0,248.0,249.2
Unknown,Unknown,14.4,21.019038988498025,0.006528399999999999,0.009896295761546338,252.0,248.0,250.0
Unknown,Unknown,23.8,25.742960202742807,0.007021999999999999,0.009682111908049814,252.0,249.0,250.5
Unknown,Unknown,23.8,25.742960202742807,0.007003,0.009694168143786243,252.0,250.0,251.25
Unknown,Unknown,23.8,25.742960202742807,0.0069838,0.009706287611646379,253.0,251.0,252.0
Unknown,Unknown,23.8,25.742960202742807,0.0070155999999999994,0.009686047274301317,255.0,252.0,253.0
Unknown,Unknown,14.4,21.01903898849803,0.0025786000000000003,0.0011368959055252153,255.0,0.0,190.0
Unknown,Unknown,6.0,2.23606797749979,0.0409098,0.0868473248102669,255.0,0.0,194.2
Unknown,Unknown,10.6,9.964938534682489,0.041033799999999995,0.08677838001887336,255.0,0.0,173.2
Unknown,Unknown,15.2,11.861703081766969,0.041848399999999994,0.0863389164067977,255.0,0.0,165.0
Unknown,Unknown,19.8,11.366617790706258,0.042314199999999996,0.08607703080206705,212.0,0.0,135.6
Unknown,Unknown,24.4,8.049844718999243,0.042468,0.08598773389850438,212.0,1.0,135.8
Unknown,Unknown,28.0,0.0,0.0050494,0.0027000661658559406,212.0,1.0,122.0
Unknown,Unknown,28.0,0.0,0.0059046,0.0024194258203135716,212.0,1.0,112.4
Unknown,Unknown,28.0,0.0,0.0076042,0.004605654861146241,142.0,1.0,76.2
Unknown,Unknown,28.0,0.0,0.0106732,0.006653298783310427,149.0,1.0,84.4
Unknown,Unknown,28.0,0.0,0.011583399999999999,0.005525157988691364,149.0,31.0,93.6
Unknown,Unknown,28.0,0.0,0.0102554,0.006880733885277064,215.0,31.0,108.2
Unknown,Unknown,28.0,0.0,0.0116074,0.006729643883594436,234.0,31.0,135.2
Unknown,Unknown,23.4,10.285912696499032,0.009087,0.007621049599628649,234.0,47.0,149.2
Unknown,Unknown,18.8,12.597618822618822,0.0056036,0.005031627798237862,234.0,47.0,149.0
Unknown,Unknown,14.2,12.597618822618822,0.004533800000000001,0.005130896578571819,234.0,101.0,160.0
Unknown,Unknown,9.6,10.28591269649903,0.004506800000000001,0.005144388321268136,234.0,101.0,160.2
Unknown,Unknown,5.0,0.0,0.0021248,0.00026642109526086704,216.0,101.0,134.0
Unknown,Unknown,5.0,0.0,0.0021362,0.0002617808243550318,216.0,102.0,134.6
Unknown,Unknown,5.0,0.0,0.0021554000000000005,0.00028807429597241046,216.0,102.0,134.8
Unknown,Unknown,5.0,0.0,0.0022510000000000004,0.0003092021992159822,216.0,103.0,144.2
Unknown,Unknown,5.0,0.0,0.0021295999999999997,0.0003526723692040531,149.0,103.0,122.0
Unknown,Unknown,5.0,0.0,0.0021872,0.00030413187928923194,149.0,104.0,122.6
Unknown,Unknown,5.0,0.0,0.0022714,0.00032234345037552724,217.0,105.0,145.2
Unknown,Unknown,5.0,0.0,0.0021885999999999997,0.00030314897327881555,217.0,105.0,136.8
Unknown,Unknown,5.0,0.0,0.0021035999999999997,0.0002508272313764995,217.0,105.0,128.4
Unknown,Unknown,5.0,0.0,0.0022442000000000004,0.0002285359927888822,235.0,106.0,154.4
Unknown,Unknown,5.0,0.0,0.0021858,0.0003051371822639778,235.0,107.0,154.8
Unknown,Unknown,5.0,0.0,0.0020902,0.00025523655694277016,235.0,107.0,133.2
Unknown,Unknown,5.0,0.0,0.0021538,0.0002896682585303402,236.0,107.0,159.0
Unknown,Unknown,5.0,0.0,0.0021434,0.0002943251603244276,236.0,108.0,159.4
Unknown,Unknown,5.0,0.0,0.0020456000000000003,0.00022019377829539147,236.0,108.0,134.2
Unknown,Unknown,5.0,0.0,0.0020888,0.00017350417862403207,236.0,109.0,134.4
Unknown,Unknown,5.0,0.0,0.0020442,0.00021946913222592375,236.0,109.0,134.6
Unknown,Unknown,5.0,0.0,0.0019228,0.00011905754910966367,111.0,109.0,109.6
Unknown,Unknown,5.0,0.0,0.0018759999999999998,0.00011826876172514864,111.0,109.0,110.0
Unknown,Unknown,5.0,0.0,0.0018334,9.600156248728446e-05,111.0,109.0,110.4
Unknown,Unknown,5.0,0.0,0.0017892000000000001,4.764451699828679e-06,111.0,110.0,110.8
Unknown,Unknown,5.0,0.0,0.0017868000000000003,5.357238094391567e-06,112.0,111.0,111.2
Unknown,Unknown,5.0,0.0,0.0017848000000000002,4.7644516998286855e-06,112.0,111.0,111.4
Unknown,Unknown,5.0,0.0,0.0017862,5.449770637375534e-06,112.0,111.0,111.6
Unknown,Unknown,5.0,0.0,0.0017862,5.449770637375534e-06,112.0,111.0,111.8
Unknown,Unknown,5.0,0.0,0.0018454,0.00013125280949373989,113.0,112.0,112.2
Unknown,Unknown,5.0,0.0,0.0019029999999999997,0.0001566604608699974,113.0,112.0,112.4
Unknown,Unknown,13.4,18.782971010998235,0.0024628000000000002,0.00119251129973682,113.0,5.0,91.0
Unknown,Unknown,13.4,18.782971010998235,0.0026035999999999998,0.0011334605418804838,238.0,5.0,116.2
Unknown,Unknown,13.4,18.78297101099823,0.0026487999999999998,0.0010969731993079868,238.0,5.0,116.6
Unknown,Unknown,13.4,18.78297101099823,0.0026344,0.001106735650460398,238.0,5.0,116.8
Unknown,Unknown,13.4,18.78297101099823,0.0027003999999999995,0.0010739426427887105,239.0,5.0,142.0
Unknown,Unknown,5.0,0.0,0.002264,0.0002320409446627901,240.0,114.0,189.0
Unknown,Unknown,5.0,0.0,0.0021238,0.0002667540065303613,240.0,114.0,164.6
Unknown,Unknown,5.0,0.0,0.0020784,0.0003055459048981021,240.0,114.0,165.0
Unknown,Unknown,5.0,0.0,0.0020356000000000003,0.00033173830047192326,240.0,116.0,165.4
Unknown,Unknown,5.0,0.0,0.001912,0.0002722948769257329,240.0,116.0,140.8
Unknown,Unknown,5.0,0.0,0.0017903999999999997,5.412947441089736e-06,117.0,116.0,116.2
Unknown,Unknown,5.0,0.0,0.0017878000000000002,6.300793600809337e-06,117.0,116.0,116.4
Unknown,Unknown,5.0,0.0,0.0017858000000000001,6.220932405998331e-06,117.0,116.0,116.6
Unknown,Unknown,5.0,0.0,0.00183,0.0001035036231249901,118.0,116.0,117.0
Unknown,Unknown,5.0,0.0,0.0019023999999999998,0.000167489701175923,118.0,109.0,115.6
Unknown,Unknown,5.0,0.0,0.0019025999999999997,0.00016732393731920124,119.0,109.0,116.0
Unknown,Unknown,5.0,0.0,0.0019028,0.0001671427533577211,119.0,109.0,116.4
Unknown,Unknown,5.0,0.0,0.0019048,0.0001653865169837009,119.0,109.0,116.8
Unknown,Unknown,5.0,0.0,0.0018579999999999998,0.00015940671253118543,119.0,109.0,117.0
Unknown,Unknown,5.0,0.0,0.0017876000000000003,5.5946402922797485e-06,120.0,119.0,119.2
Unknown,Unknown,5.0,0.0,0.0017856,5.412947441089761e-06,120.0,119.0,119.4
Unknown,Unknown,5.0,0.0,0.0017877999999999998,5.805170109480028e-06,120.0,119.0,119.6
Unknown,Unknown,5.0,0.0,0.0017884,6.465291950097858e-06,120.0,119.0,119.8
Unknown,Unknown,5.0,0.0,0.0018287999999999998,8.634350004487886e-05,120.0,110.0,118.0
Unknown,Unknown,5.0,0.0,0.0018277999999999999,8.691777723803109e-05,121.0,110.0,118.2
Unknown,Unknown,5.0,0.0,0.0018280000000000002,8.678709581498849e-05,121.0,110.0,118.4
Unknown,Unknown,5.0,0.0,0.0018258,8.802670049479303e-05,121.0,110.0,118.6
Unknown,Unknown,5.0,0.0,0.0018254,8.820600886560957e-05,121.0,110.0,118.8
Unknown,Unknown,5.0,0.0,0.0017875999999999999,5.594640292279771e-06,122.0,121.0,121.2
Unknown,Unknown,5.0,0.0,0.0017878000000000002,5.5407580708780565e-06,122.0,121.0,121.4
Unknown,Unknown,5.0,0.0,0.0017900000000000004,5.338539126015704e-06,122.0,121.0,121.6
Unknown,Unknown,5.0,0.0,0.0017914000000000003,3.2093613071762765e-06,122.0,121.0,121.8
Unknown,Unknown,5.0,0.0,0.0017911999999999997,3.114482300479507e-06,123.0,122.0,122.2
Unknown,Unknown,5.0,0.0,0.0017886,5.02991053598371e-06,123.0,122.0,122.4
Unknown,Unknown,5.0,0.0,0.0017898,5.263078946776312e-06,123.0,122.0,122.6
Unknown,Unknown,5.0,0.0,0.0017876000000000003,5.3665631459994904e-06,123.0,122.0,122.8
Unknown,Unknown,5.0,0.0,0.0017886,6.10737259384098e-06,124.0,123.0,123.2
Unknown,Unknown,5.0,0.0,0.0017883999999999997,5.983310120660641e-06,124.0,123.0,123.4
Unknown,Unknown,5.0,0.0,0.0017908,4.494441010848842e-06,124.0,123.0,123.6
Unknown,Unknown,5.0,0.0,0.0017908,4.494441010848842e-06,124.0,123.0,123.8
Unknown,Unknown,5.0,0.0,0.0017906000000000003,4.929503017546549e-06,125.0,124.0,124.2
Unknown,Unknown,5.0,0.0,0.0017906000000000003,4.929503017546549e-06,125.0,124.0,124.4
Unknown,Unknown,5.0,0.0,0.0017912000000000002,5.167204273105573e-06,125.0,124.0,124.6
Unknown,Unknown,5.0,0.0,0.0017890000000000002,6.403124237432903e-06,125.0,124.0,124.8
Unknown,Unknown,5.0,0.0,0.0017887999999999997,6.260990336999446e-06,126.0,125.0,125.2
Unknown,Unknown,5.0,0.0,0.0017909999999999998,5.099019513592824e-06,126.0,125.0,125.4
Unknown,Unknown,5.0,0.0,0.0017906000000000003,4.878524367060224e-06,126.0,125.0,125.6
Unknown,Unknown,5.0,0.0,0.0018604000000000003,0.00015804208300323048,126.0,111.0,122.8
Unknown,Unknown,5.0,0.0,0.0019133999999999998,0.00016921672494171492,126.0,111.0,120.2
Unknown,Unknown,5.0,0.0,0.001958,0.00015825296205758675,127.0,111.0,120.4
Unknown,Unknown,5.0,0.0,0.002028,0.00014376717288727632,127.0,111.0,117.8
Unknown,Unknown,5.0,0.0,0.0020662000000000002,7.366953237261656e-05,127.0,111.0,115.4
Unknown,Unknown,5.0,0.0,0.0020659999999999997,7.340980860893178e-05,127.0,112.0,116.2
Unknown,Unknown,5.0,0.0,0.002066,7.340980860893178e-05,127.0,113.0,117.0
Unknown,Unknown,5.0,0.0,0.0020786,6.764835548629391e-05,218.0,113.0,135.2
Unknown,Unknown,5.0,0.0,0.0020658000000000004,5.7746861386572286e-05,219.0,114.0,156.4
Unknown,Unknown,5.0,0.0,0.0020276,0.0001361554258926173,219.0,115.0,159.2
Unknown,Unknown,5.0,0.0,0.0019560000000000003,0.0001539269307171426,219.0,116.0,162.0
Unknown,Unknown,6.0,2.23606797749979,0.0156136,0.030590537528784944,219.0,128.0,181.0
Unknown,Unknown,10.6,9.964938534682489,0.016014,0.03038146559170574,219.0,128.0,167.4
Unknown,Unknown,15.2,11.861703081766969,0.017015799999999998,0.029885636352602562,211.0,117.0,147.0
Unknown,Unknown,19.8,11.366617790706258,0.016970199999999998,0.029914831943368827,211.0,48.0,131.0
Unknown,Unknown,24.4,8.049844718999243,0.017816599999999995,0.029433741450926688,211.0,2.0,105.6
Unknown,Unknown,28.0,0.0,0.008343,0.008440665554326862,220.0,2.0,107.4
Unknown,Unknown,28.0,0.0,0.011433599999999999,0.009277165908832288,220.0,2.0,106.0
Unknown,Unknown,28.0,0.0,0.013597599999999998,0.009272032749079352,220.0,2.0,108.6
Unknown,Unknown,28.0,0.0,0.014513400000000001,0.007912844766580475,220.0,2.0,105.4
Unknown,Unknown,28.0,0.0,0.0174208,0.006566173482325913,220.0,32.0,135.2
Unknown,Unknown,28.0,0.0,0.015829199999999998,0.00580622572761342,242.0,32.0,139.6
Unknown,Unknown,23.4,10.285912696499032,0.0123256,0.007914969222934477,242.0,32.0,137.2
Unknown,Unknown,18.8,12.597618822618822,0.0091726,0.008267437015181912,242.0,32.0,134.8
Unknown,Unknown,14.2,12.597618822618822,0.0083406,0.008838167389227247,242.0,118.0,152.2
Unknown,Unknown,9.6,10.28591269649903,0.0046586,0.005786508515503973,242.0,118.0,146.0
Unknown,Unknown,5.0,0.0,0.0020659999999999997,7.373601562330311e-05,131.0,118.0,121.8
Unknown,Unknown,5.0,0.0,0.0020662,7.356425762556159e-05,132.0,118.0,122.0
Unknown,Unknown,5.0,0.0,0.0020662,7.356425762556159e-05,132.0,119.0,122.8
Unknown,Unknown,5.0,0.0,0.0020662000000000002,7.356425762556159e-05,132.0,120.0,123.6
Unknown,Unknown,5.0,0.0,0.0020662,7.356425762556159e-05,132.0,121.0,124.4
Unknown,Unknown,5.0,0.0,0.0020664000000000004,7.349693871175857e-05,132.0,122.0,125.2
Unknown,Unknown,5.0,0.0,0.0020662,7.366953237261656e-05,133.0,122.0,125.4
Unknown,Unknown,5.0,0.0,0.0020662,7.366953237261656e-05,133.0,123.0,126.2
Unknown,Unknown,6.0,2.23606797749979,0.0095282,0.01663912711652868,211.0,124.0,143.8
Unknown,Unknown,6.0,2.23606797749979,0.009496000000000001,0.016657137929428332,211.0,125.0,144.4
Unknown,Unknown,10.6,9.964938534682489,0.0095372,0.016634346521579982,211.0,126.0,145.0
Unknown,Unknown,15.2,11.861703081766969,0.0106004,0.01619751363018411,243.0,126.0,167.0
Unknown,Unknown,19.8,11.366617790706258,0.010894399999999999,0.01601797236856151,243.0,3.0,142.4
Unknown,Unknown,23.4,10.285912696499032,0.0033390000000000004,0.002364070324673105,243.0,3.0,129.0
Unknown,Unknown,28.0,0.0,0.0032734,0.002415138360425754,243.0,3.0,133.8
Unknown,Unknown,28.0,0.0,0.0037893999999999996,0.002418234335212367,243.0,3.0,114.8
Unknown,Unknown,28.0,0.0,0.0038296,0.002492361992167269,152.0,3.0,96.6
Unknown,Unknown,28.0,0.0,0.008947,0.011592226274534155,152.0,33.0,122.8
Unknown,Unknown,28.0,0.0,0.0092756,0.01134967106571816,222.0,33.0,138.4
Unknown,Unknown,28.0,0.0,0.0121118,0.01072353629639029,222.0,33.0,118.0
Unknown,Unknown,23.4,10.285912696499032,0.011560999999999998,0.011248735106668661,223.0,49.0,156.0
Unknown,Unknown,18.8,12.597618822618822,0.0104704,0.011977735670818586,224.0,49.0,170.4
Unknown,Unknown,14.2,12.597618822618822,0.0049889999999999995,0.006085540896255647,224.0,49.0,170.6
Unknown,Unknown,9.6,10.28591269649903,0.0047158,0.006217466461509865,224.0,49.0,153.4
Unknown,Unknown,5.0,0.0,0.0019774,0.0001703490534168006,224.0,130.0,169.6
Unknown,Unknown,5.0,0.0,0.001971,0.00016612645785665805,224.0,130.0,151.2
Unknown,Unknown,5.0,0.0,0.0019582,0.00015799113899203328,137.0,130.0,133.8
Unknown,Unknown,5.0,0.0,0.0020282,0.00014335689728785283,137.0,130.0,133.2
Unknown,Unknown,5.0,0.0,0.002066,7.395268757793732e-05,137.0,130.0,132.6
Unknown,Unknown,5.0,0.0,0.0020658,7.369328327602184e-05,179.0,131.0,142.4
Unknown,Unknown,5.0,0.0,0.0022192,0.0003404096062099307,180.0,132.0,152.2
Unknown,Unknown,5.0,0.0,0.0021782000000000004,0.000381069809877403,180.0,132.0,152.4
Unknown,Unknown,5.0,0.0,0.002178,0.00038109316446244485,181.0,133.0,162.2
Unknown,Unknown,5.0,0.0,0.0021754,0.00038280517237884867,181.0,138.0,163.4
Unknown,Unknown,5.0,0.0,0.0021116,0.00041499313247329774,182.0,138.0,164.0
Unknown,Unknown,5.0,0.0,0.0019774,0.00016313276801427723,182.0,134.0,154.8
Unknown,Unknown,5.0,0.0,0.0020248,0.00013419836064572471,182.0,134.0,154.2
Unknown,Unknown,5.0,0.0,0.0019993999999999997,0.00011744275201135235,182.0,134.0,146.0
Unknown,Unknown,5.0,0.0,0.0020342,0.00013116096980428284,182.0,134.0,145.4
Unknown,Unknown,5.0,0.0,0.002066,7.395268757793732e-05,140.0,134.0,136.4
Unknown,Unknown,6.0,2.23606797749979,0.0871964,0.19040041515658518,211.0,135.0,151.8
Unknown,Unknown,10.6,9.964938534682489,0.0885156,0.18968446645363451,211.0,136.0,156.0
Unknown,Unknown,15.2,11.861703081766969,0.0888648,0.1894869164169389,211.0,136.0,155.5
Unknown,Unknown,19.8,11.366617790706258,0.08944060000000001,0.1891616060153328,211.0,34.0,130.0
Unknown,Unknown,24.4,8.049844718999243,0.09013840000000001,0.18876434061230948,211.0,34.0,131.0
Unknown,Unknown,28.0,0.0,0.0081162,0.005642677529329493,141.0,34.0,104.33333333333333
Unknown,Unknown,28.0,0.0,0.0075132,0.005732687301780902,145.0,34.0,114.5
Unknown,Unknown,28.0,0.0,0.007067800000000001,0.006167145547171722,153.0,34.0,118.25
Unknown,Unknown,28.0,0.0,0.01866,0.02550766319167634,244.0,141.0,170.75
Unknown,Unknown,28.0,0.0,0.018752199999999997,0.02544883732511173,244.0,145.0,173.5
Unknown,Unknown,23.4,10.285912696499032,0.015643800000000003,0.026537804283700638,244.0,139.0,166.6
Unknown,Unknown,18.8,12.597618822618822,0.014927599999999996,0.02692123805288308,244.0,139.0,165.6
Unknown,Unknown,14.2,12.597618822618822,0.0150366,0.026854472761534527,244.0,139.0,180.2
Unknown,Unknown,9.6,10.28591269649903,0.0028558,0.0017199935174296442,227.0,139.0,176.8
Unknown,Unknown,5.0,0.0,0.002026,0.0001401463520752502,227.0,139.0,174.8
Unknown,Unknown,5.0,0.0,0.0019562,0.00015414019592565727,227.0,140.0,175.6
Unknown,Unknown,5.0,0.0,0.0019308000000000003,0.00014566811593481947,227.0,142.0,176.6
Unknown,Unknown,5.0,0.0,0.0019436000000000002,0.00016364840359746864,227.0,141.0,159.6
Unknown,Unknown,5.0,0.0,0.0019241999999999998,0.00014864622430455467,145.0,141.0,142.6
Unknown,Unknown,5.0,0.0,0.0019962,0.0001503319659952599,145.0,141.0,142.8
Unknown,Unknown,5.0,0.0,0.0020662,0.00010742299567597246,145.0,141.0,143.0
Unknown,Unknown,5.0,0.0,0.0020916,7.403917881770435e-05,145.0,141.0,143.0
Unknown,Unknown,5.0,0.0,0.0020724,6.969791962462006e-05,146.0,142.0,144.0
Unknown,Unknown,5.0,0.0,0.0021046000000000003,5.2581365520495805e-05,147.0,143.0,145.0
Unknown,Unknown,5.0,0.0,0.0020852,5.276551904416356e-05,148.0,144.0,146.0
Unknown,Unknown,6.0,2.23606797749979,0.1803838,0.3987201032575358,211.0,145.0,159.4
Unknown,Unknown,10.6,9.964938534682489,0.1815566,0.39807249910449727,211.0,146.0,161.2
Unknown,Unknown,15.2,11.861703081766969,0.181734,0.3979726867380474,211.0,146.0,161.2
Unknown,Unknown,19.8,11.366617790706258,0.1816042,0.3980460035086397,217.0,146.0,175.2
Unknown,Unknown,24.4,8.049844718999243,0.18190299999999998,0.3978780433009592,217.0,146.0,176.2
Unknown,Unknown,28.0,0.0,0.0037308000000000003,0.002452661554311968,217.0,146.0,163.8
Unknown,Unknown,28.0,0.0,0.0044116,0.00393035523839767,217.0,146.0,162.2
Unknown,Unknown,28.0,0.0,0.0041534,0.004090821347846909,217.0,52.0,143.4
Unknown,Unknown,28.0,0.0,0.004319999999999999,0.003970636850682772,153.0,35.0,107.0
Unknown,Unknown,28.0,0.0,0.0113734,0.015835532349750672,246.0,35.0,125.6
Unknown,Unknown,28.0,0.0,0.013622800000000001,0.015090062431945071,246.0,35.0,141.4
Unknown,Unknown,23.4,10.285912696499032,0.0117632,0.015991544865959637,246.0,35.0,141.6
Unknown,Unknown,18.8,12.597618822618822,0.0118376,0.01593344993402245,246.0,35.0,160.6
Unknown,Unknown,23.6,19.60357110324545,0.011524000000000001,0.016180941319960347,247.0,147.0,203.0
Unknown,Unknown,19.0,20.96425529323663,0.0041722,0.005533514226962826,247.0,147.0,203.2
Unknown,Unknown,24.4,26.58571044753177,0.0019389999999999998,0.0007511707528917776,247.0,147.0,201.2
Unknown,Unknown,34.4,26.866335812685733,0.0031744,0.0029045182560968694,247.0,147.0,215.4
Unknown,Unknown,44.4,22.06354459283458,0.0033923999999999994,0.0028358373190294256,247.0,218.0,230.6
Unknown,Unknown,35.0,27.386127875258307,0.0036634000000000007,0.002573917209235759,247.0,218.0,224.8
Unknown,Unknown,35.0,27.386127875258307,0.0036950000000000004,0.002549985490154797,249.0,218.0,225.2
Unknown,Unknown,25.0,27.386127875258307,0.0035272,0.0026448385016858782,249.0,148.0,211.2
Unknown,Unknown,15.0,22.360679774997898,0.0022916,0.00046147838519263287,249.0,148.0,197.2
Unknown,Unknown,5.0,0.0,0.0020800000000000003,8.09104443196303e-05,251.0,148.0,202.8
Unknown,Unknown,14.0,20.12461179749811,0.0025712,0.0011201275373813467,252.0,148.0,209.6
Unknown,Unknown,14.0,20.12461179749811,0.0025266,0.0011425197153659976,252.0,148.0,210.2
Unknown,Unknown,14.0,20.12461179749811,0.0025266000000000004,0.0011425197153659976,252.0,148.0,210.4
Unknown,Unknown,14.0,20.12461179749811,0.0025242,0.0011438722393694151,252.0,149.0,210.6
Unknown,Unknown,14.0,20.12461179749811,0.0025182,0.0011470752808774146,252.0,149.0,190.2
Unknown,Unknown,5.0,0.0,0.0020136,2.3276597689525072e-05,255.0,149.0,190.8
Unknown,Unknown,5.0,0.0,0.0020264000000000002,1.9539703170724e-05,255.0,149.0,191.4
Unknown,Unknown,5.0,0.0,0.0020266,1.942421169571632e-05,255.0,149.0,191.6
Unknown,Unknown,5.0,0.0,0.002027,1.8854707634964923e-05,255.0,149.0,191.8
Unknown,Unknown,14.4,21.019038988498025,0.001845,0.0004129473332036424,255.0,93.0,180.6
Unknown,Unknown,14.4,21.019038988498025,0.001845,0.0004129473332036424,255.0,1.0,129.8
Unknown,Unknown,14.4,21.019038988498025,0.0018391999999999998,0.0004095908934534556,150.0,1.0,108.8
Unknown,Unknown,14.4,21.01903898849803,0.0018452,0.0004130698488149432,150.0,1.0,79.2
Unknown,Unknown,14.4,21.01903898849803,0.0018473999999999997,0.0004141682025457773,151.0,1.0,79.4
Unknown,Unknown,5.0,0.0,0.0020354,1.634931191212652e-05,151.0,0.0,60.8
Unknown,Unknown,5.0,0.0,0.002043,2.7865749586185577e-05,151.0,0.0,61.2
Unknown,Unknown,5.0,0.0,0.0020428,2.809270367906937e-05,151.0,0.0,61.4
Unknown,Unknown,5.0,0.0,0.0020364,3.0179463215902298e-05,152.0,0.0,91.4
Unknown,Unknown,5.0,0.0,0.0020515999999999998,3.6452709089997605e-05,152.0,0.0,62.2
Unknown,Unknown,15.0,22.360679774997898,0.0024121999999999998,0.0008045767210154666,220.0,3.0,106.2
Unknown,Unknown,25.0,27.386127875258307,0.0029427999999999998,0.0012731829012361108,220.0,5.0,149.6
Unknown,Unknown,25.0,27.386127875258307,0.0029616,0.0012566818610929339,220.0,5.0,163.4
Unknown,Unknown,25.0,27.386127875258307,0.0029998,0.001223209180802695,220.0,5.0,134.2
Unknown,Unknown,25.0,27.386127875258307,0.0029844000000000003,0.001237876528576255,220.0,6.0,163.8
Unknown,Unknown,15.0,22.360679774997898,0.002624,0.001184007390179639,220.0,6.0,121.2
Unknown,Unknown,5.0,0.0,0.00259,0.0011081351451876257,221.0,6.0,121.4
Unknown,Unknown,5.0,0.0,0.0025644000000000005,0.0011233415776156423,221.0,6.0,79.0
Unknown,Unknown,5.0,0.0,0.0025196000000000003,0.0011454083551292963,221.0,7.0,79.4
Unknown,Unknown,5.0,0.0,0.0025198,0.0011452985200374618,221.0,7.0,79.6
Unknown,Unknown,5.0,0.0,0.0025136,0.0011485703287130483,221.0,8.0,109.2
Unknown,Unknown,5.0,0.0,0.0020038,1.900526242912742e-05,156.0,8.0,96.2
Unknown,Unknown,5.0,0.0,0.0020166,2.268920448142693e-05,156.0,8.0,96.8
Unknown,Unknown,5.0,0.0,0.0020358,2.7298351598585613e-05,229.0,11.0,141.0
Unknown,Unknown,5.0,0.0,0.0020482,3.0515569796417075e-05,230.0,11.0,156.2
Unknown,Unknown,5.0,0.0,0.0020034,0.00012025306648896734,230.0,11.0,156.6
Unknown,Unknown,5.0,0.0,0.0020007999999999996,0.00011997166332096927,230.0,11.0,157.2
Unknown,Unknown,25.4,45.61578674099571,0.0020236,0.00014009211255456178,230.0,157.0,193.75
Unknown,Unknown,35.4,45.50604355467524,0.0027682,0.001701440184079358,230.0,157.0,192.0
Unknown,Unknown,35.4,45.50604355467524,0.0027108,0.0017350137463432386,222.0,157.0,174.5
Unknown,Unknown,45.4,42.553495743593146,0.0025816000000000003,0.0018412455838372024,222.0,159.0,190.75
Unknown,Unknown,45.4,42.553495743593146,0.0026030000000000003,0.001833488614636044,222.0,160.0,206.5
Unknown,Unknown,25.0,27.386127875258307,0.0026122000000000003,0.0018308297845512564,222.0,13.0,167.8
Unknown,Unknown,15.0,22.360679774997898,0.0018552,0.00042483667449974235,222.0,13.0,155.6
Unknown,Unknown,15.0,22.360679774997898,0.0019063999999999997,0.0004307015207774405,222.0,13.0,126.4
Unknown,Unknown,5.0,0.0,0.0020736,8.862166777938683e-05,222.0,13.0,85.0
Unknown,Unknown,5.0,0.0,0.0020734000000000004,8.851158116314505e-05,162.0,13.0,73.0
Unknown,Unknown,5.0,0.0,0.0020522,5.477864547430873e-05,162.0,14.0,102.8
Unknown,Unknown,5.0,0.0,0.0023337999999999996,0.0006121378112810874,162.0,14.0,74.0
Unknown,Unknown,5.0,0.0,0.00255,0.000673758116834224,225.0,15.0,116.2
Unknown,Unknown,5.0,0.0,0.0025743999999999997,0.0006498767575471521,225.0,17.0,145.6
Unknown,Unknown,15.4,23.255106965997815,0.0023124,0.0010336497472548426,225.0,17.0,116.8
Unknown,Unknown,15.4,23.25510696599781,0.0023336000000000003,0.001029307922829704,225.0,17.0,88.0
Unknown,Unknown,15.4,23.25510696599781,0.002052,0.0008292297630934384,225.0,18.0,117.2
Unknown,Unknown,15.4,23.255106965997815,0.0018356000000000002,0.0005823313489758216,163.0,18.0,76.2
Unknown,Unknown,15.4,23.255106965997815,0.0018368000000000002,0.0005830310454855728,164.0,18.0,76.6
Unknown,Unknown,14.0,20.12461179749811,0.0018320000000000003,0.0005936817329175625,226.0,18.0,118.2
Unknown,Unknown,14.0,20.12461179749811,0.0017787999999999999,0.000562791435613585,226.0,20.0,159.8
Unknown,Unknown,14.0,20.12461179749811,0.001772,0.0005593889523399617,226.0,20.0,131.6
Unknown,Unknown,14.0,20.12461179749811,0.0017852,0.0005682096444095259,226.0,22.0,160.4
Unknown,Unknown,14.0,20.12461179749811,0.0017666000000000001,0.0005562753814433998,226.0,22.0,160.6
Unknown,Unknown,25.6,46.06300033649567,0.0022212,0.0004681924817850026,226.0,22.0,127.0
Unknown,Unknown,25.6,46.06300033649567,0.0022424,0.0004545336071183296,165.0,22.0,86.6
Unknown,Unknown,25.6,46.06300033649567,0.0022496,0.00044965631319931446,165.0,24.0,115.2
Unknown,Unknown,25.6,46.06300033649567,0.0022364000000000004,0.00045559828796868843,201.0,24.0,122.6
Unknown,Unknown,25.6,46.06300033649567,0.0022422,0.00045229547864200447,201.0,24.0,94.6
Unknown,Unknown,5.0,0.0,0.0020522,2.985297305127245e-05,201.0,24.0,116.2
Unknown,Unknown,5.0,0.0,0.0020632000000000003,3.678586685127863e-05,201.0,25.0,144.6
Unknown,Unknown,5.0,0.0,0.0020822,3.253767047592673e-05,201.0,25.0,144.8
Unknown,Unknown,5.0,0.0,0.0021014,3.481809874188987e-05,166.0,25.0,110.2
Unknown,Unknown,5.0,0.0,0.0021141999999999997,1.7049926686059335e-05,167.0,28.0,138.6
Unknown,Unknown,5.0,0.0,0.0021226,1.9138965489283823e-05,167.0,28.0,111.2
Unknown,Unknown,5.0,0.0,0.0021234,1.811905074776271e-05,168.0,28.0,111.6
Unknown,Unknown,5.0,0.0,0.0021292,1.8978935691971794e-05,168.0,28.0,84.4
Unknown,Unknown,5.0,0.0,0.0021212,2.0104725812604398e-05,168.0,29.0,112.4
Unknown,Unknown,15.0,22.360679774997898,0.0025304,0.0009095014018680786,227.0,29.0,124.4
Unknown,Unknown,25.0,27.386127875258307,0.0040678,0.0033400920196904756,227.0,30.0,164.0
Unknown,Unknown,34.0,26.551836094703507,0.004345,0.0031907501469090305,227.0,30.0,160.0
Unknown,Unknown,34.0,26.551836094703507,0.0043066,0.0032248490352263003,228.0,148.0,199.6
Unknown,Unknown,34.0,26.551836094703507,0.004282599999999999,0.003245727545558931,228.0,32.0,172.4
Unknown,Unknown,33.0,25.64176280991617,0.0054196,0.004079408572330062,228.0,32.0,160.6
Unknown,Unknown,23.0,24.647515087732476,0.0038758,0.003396502274399356,228.0,32.0,149.0
Unknown,Unknown,14.0,20.12461179749811,0.0036059999999999994,0.0034869845138744164,228.0,32.0,149.25
Unknown,Unknown,14.0,20.12461179749811,0.0036572,0.003458370743572759,169.0,32.0,100.75
Unknown,Unknown,14.0,20.12461179749811,0.003683,0.003443206427154782,169.0,34.0,135.0
Unknown,Unknown,5.0,0.0,0.0021372,4.126984371184371e-05,169.0,34.0,135.25
Unknown,Unknown,5.0,0.0,0.0021436,3.858497116754146e-05,169.0,34.0,102.0
Unknown,Unknown,5.0,0.0,0.0021377999999999996,4.081298812878085e-05,170.0,34.0,115.6
Unknown,Unknown,5.0,0.0,0.0021249999999999997,1.644688420339849e-05,170.0,36.0,116.2
Unknown,Unknown,5.0,0.0,0.0021249999999999997,1.644688420339849e-05,170.0,36.0,116.4
Unknown,Unknown,5.0,0.0,0.0021238,1.7711578134090663e-05,171.0,36.0,116.8
Unknown,Unknown,15.0,22.360679774997898,0.030954000000000002,0.06447702167051453,230.0,37.0,155.6
Unknown,Unknown,15.0,22.360679774997898,0.030951600000000003,0.06447836375327774,230.0,37.0,167.6
Unknown,Unknown,15.0,22.360679774997898,0.030964399999999996,0.06447122099278095,230.0,40.0,168.2
Unknown,Unknown,15.0,22.360679774997898,0.030964199999999997,0.06447133287516243,230.0,40.0,168.6
Unknown,Unknown,24.4,26.585710447531774,0.0320602,0.06390219178322445,231.0,40.0,180.6
Unknown,Unknown,14.4,21.019038988498025,0.0032045999999999997,0.0024507699402432693,231.0,40.0,180.8
Unknown,Unknown,14.4,21.019038988498025,0.0031936000000000004,0.0024570713868343344,231.0,40.0,143.2
Unknown,Unknown,24.4,26.58571044753177,0.0032962000000000004,0.0024159409554043326,232.0,42.0,181.6
Unknown,Unknown,24.4,26.585710447531774,0.0032832,0.002424073988144751,232.0,42.0,155.6
Unknown,Unknown,25.0,27.386127875258307,0.0020862,0.0004013205701182037,232.0,42.0,155.8
Unknown,Unknown,25.0,27.386127875258307,0.0021056,0.0003994187026166903,232.0,42.0,156.0
Unknown,Unknown,25.0,27.386127875258307,0.0021376000000000004,0.00039995912291132963,232.0,42.0,156.2
Unknown,Unknown,15.0,22.360679774997898,0.0020160000000000004,0.00023843342886432692,232.0,42.0,144.2
Unknown,Unknown,15.0,22.360679774997898,0.0037648,0.003934401822386726,233.0,43.0,182.4
Unknown,Unknown,5.0,0.0,0.003841,0.003885426167101879,233.0,43.0,145.0
Unknown,Unknown,25.4,45.61578674099571,0.0045404,0.0038106338449134677,233.0,43.0,123.25
Unknown,Unknown,25.4,45.61578674099571,0.0045214,0.0038253851832201155,233.0,45.0,155.75
Unknown,Unknown,25.4,45.61578674099571,0.0045276,0.0038205259192943576,233.0,45.0,124.5
Unknown,Unknown,25.4,45.61578674099571,0.002792,0.001576515619967021,174.0,45.0,109.75
Unknown,Unknown,25.4,45.61578674099571,0.002824,0.001557498475119639,174.0,47.0,110.5
Unknown,Unknown,5.0,0.0,0.0021244,1.6979399282660027e-05,174.0,47.0,123.2
Unknown,Unknown,15.0,22.360679774997898,0.0021894,0.00013927777999379507,234.0,47.0,135.4
Unknown,Unknown,35.0,44.721359549995796,0.0021893999999999998,0.00013927777999379507,234.0,48.0,135.8
Unknown,Unknown,35.0,44.721359549995796,0.0027802,0.001284640689064456,234.0,48.0,147.8
Unknown,Unknown,35.0,44.721359549995796,0.0027928000000000002,0.001277115382414604,234.0,49.0,148.2
Unknown,Unknown,44.0,41.593268686170845,0.0069096,0.00890867225236174,235.0,49.0,160.4
Unknown,Unknown,34.0,44.21538193886829,0.0075576,0.008615007214158326,235.0,49.0,160.6
Unknown,Unknown,14.0,20.12461179749811,0.0075254,0.008640567620243476,235.0,50.0,161.0
Unknown,Unknown,14.0,20.12461179749811,0.0069352,0.00894594509819952,235.0,50.0,149.2
Unknown,Unknown,14.0,20.12461179749811,0.006916400000000001,0.008958458198819704,235.0,51.0,174.2
Unknown,Unknown,5.0,0.0,0.0028058,0.0016062614046287733,235.0,51.0,150.6
Unknown,Unknown,5.0,0.0,0.0020926,6.322420422591345e-05,175.0,51.0,138.6
Unknown,Unknown,5.0,0.0,0.0021164,1.577339532250424e-05,176.0,117.0,163.6
Unknown,Unknown,15.0,22.360679774997898,0.0021158,1.5896540504147385e-05,176.0,55.0,139.6
Unknown,Unknown,15.0,22.360679774997898,0.0021157999999999997,1.5896540504147385e-05,176.0,55.0,139.8
Unknown,Unknown,15.0,22.360679774997898,0.0021158,1.589654050414739e-05,176.0,55.0,127.6
Unknown,Unknown,15.0,22.360679774997898,0.0021152000000000002,1.6177144370994483e-05,177.0,55.0,128.0
Unknown,Unknown,15.0,22.360679774997898,0.0021236,1.778482499211045e-05,177.0,55.0,104.2
Unknown,Unknown,5.0,0.0,0.002124,1.747855829294846e-05,178.0,56.0,128.8
Unknown,Unknown,5.0,0.0,0.002123,1.8452642087245903e-05,178.0,56.0,129.2
Unknown,Unknown,5.0,0.0,0.002123,1.8452642087245903e-05,178.0,57.0,129.6
Unknown,Unknown,5.0,0.0,0.00213,1.7972200755611418e-05,178.0,57.0,106.0
Unknown,Unknown,5.0,0.0,0.0021238,1.7711578134090663e-05,178.0,58.0,130.2
Unknown,Unknown,5.0,0.0,0.0021296,1.8433664855367153e-05,178.0,58.0,106.6
Unknown,Unknown,5.0,0.0,0.0021304,1.7256882684888284e-05,179.0,58.0,106.8
Unknown,Unknown,5.0,0.0,0.0021303999999999997,1.7256882684888284e-05,179.0,59.0,107.4
Unknown,Unknown,15.4,23.255106965997815,0.0035453999999999998,0.003171118935013318,179.0,60.0,108.0
Unknown,Unknown,15.4,23.25510696599781,0.0035644,0.0031606508506951537,179.0,60.0,84.8
Unknown,Unknown,15.4,23.25510696599781,0.0035588,0.0031638220872861993,180.0,61.0,108.8
Unknown,Unknown,24.4,26.679580206592455,0.0039208,0.003058550506367355,237.0,61.0,120.4
Unknown,Unknown,33.4,26.08256122392891,0.004144,0.002934588557191621,237.0,62.0,155.6
Unknown,Unknown,26.0,22.74862633215465,0.00269,0.0008593020423576334,237.0,62.0,190.6
Unknown,Unknown,26.0,22.74862633215465,0.0026452,0.0008958410573310423,237.0,64.0,191.0
Unknown,Unknown,26.0,22.74862633215465,0.002645,0.000895989118237493,237.0,64.0,191.2
Unknown,Unknown,27.0,24.13503677229434,0.0025842,0.0007920402136255457,237.0,64.0,156.8
Unknown,Unknown,18.0,21.6794833886788,0.0023546,0.0007096289875702655,237.0,64.0,145.6
Unknown,Unknown,15.0,22.360679774997898,0.0023936,0.0006866839156409592,181.0,64.0,121.6
Unknown,Unknown,15.0,22.360679774997898,0.0066568,0.009325756333938819,238.0,65.0,156.4
Unknown,Unknown,15.0,22.360679774997898,0.0066754,0.0093145166702304,238.0,65.0,133.6
Unknown,Unknown,5.0,0.0,0.006374599999999999,0.009461106742871046,238.0,67.0,157.0
Unknown,Unknown,5.0,0.0,0.0063733999999999996,0.009461783066631785,238.0,67.0,157.2
Unknown,Unknown,5.0,0.0,0.0063733999999999996,0.009461783066631785,238.0,67.0,147.6
Unknown,Unknown,14.4,21.019038988498025,0.0025356,0.0008810299654381796,239.0,67.0,147.8
Unknown,Unknown,14.4,21.019038988498025,0.0024971999999999998,0.0009028467201025875,239.0,69.0,182.2
Unknown,Unknown,14.4,21.019038988498025,0.002484,0.0009103197240530384,239.0,69.0,159.8
Unknown,Unknown,15.4,20.574255758107025,0.012948000000000001,0.023203243781850846,239.0,69.0,165.6
Unknown,Unknown,20.0,20.23610634484806,0.0135908,0.022871223102405348,240.0,70.0,199.8
Unknown,Unknown,15.2,11.861703081766969,0.0144786,0.02249424714899345,240.0,70.0,182.0
Unknown,Unknown,19.8,11.366617790706258,0.014859,0.022245489250632366,240.0,7.0,135.6
Unknown,Unknown,24.4,8.049844718999243,0.0147984,0.022289485678229543,240.0,7.0,151.0
Unknown,Unknown,28.0,0.0,0.004562999999999999,0.002579337802615237,240.0,7.0,116.0
Unknown,Unknown,28.0,0.0,0.01627,0.026742487234735667,150.0,7.0,78.6
Unknown,Unknown,28.0,0.0,0.015360200000000001,0.027145178544264542,232.0,7.0,95.0
Unknown,Unknown,28.0,0.0,0.015958,0.02686160233493155,232.0,36.0,124.4
Unknown,Unknown,28.0,0.0,0.0177846,0.025948406247783315,232.0,36.0,131.6
Unknown,Unknown,23.4,10.285912696499032,0.0175576,0.02611181633475542,232.0,53.0,161.2
Unknown,Unknown,23.4,10.285912696499032,0.005518199999999999,0.0034593027765721807,232.0,154.0,181.8
Unknown,Unknown,18.8,12.597618822618822,0.0051470000000000005,0.003750281656089313,184.0,65.0,148.4
Unknown,Unknown,14.2,12.597618822618822,0.0041881999999999996,0.003800628461189017,184.0,65.0,154.4
Unknown,Unknown,19.6,22.154006409676782,0.0032484,0.0017735730320457628,241.0,65.0,166.0
Unknown,Unknown,29.6,25.01599488327418,0.0035984000000000003,0.0016627045137365811,241.0,65.0,177.4
Unknown,Unknown,35.0,27.386127875258307,0.0036744,0.001676848323492617,241.0,65.0,188.0
Unknown,Unknown,45.0,22.360679774997898,0.003832,0.001527426430306874,241.0,184.0,223.2
Unknown,Unknown,45.0,22.360679774997898,0.0038324000000000006,0.001526863549895668,241.0,209.0,234.6
Unknown,Unknown,35.0,27.386127875258307,0.003038,0.0009101140038478696,241.0,73.0,201.0
Unknown,Unknown,34.0,26.551836094703507,0.0062828,0.007756567713879639,242.0,73.0,201.2
Unknown,Unknown,24.0,26.076809620810597,0.005858,0.007963121341534362,242.0,73.0,207.8
Unknown,Unknown,14.0,20.12461179749811,0.0056682,0.008061005439769906,242.0,73.0,174.4
Unknown,Unknown,14.0,20.12461179749811,0.005668,0.008061115679606639,242.0,73.0,163.2
Unknown,Unknown,14.0,20.12461179749811,0.0056556,0.008067817350436239,242.0,74.0,163.6
Unknown,Unknown,5.0,0.0,0.0020584,8.564928487734149e-05,242.0,74.0,152.2
Unknown,Unknown,5.0,0.0,0.0020968000000000002,6.631892640868067e-05,185.0,74.0,119.0
Unknown,Unknown,5.0,0.0,0.0021228,1.9524343778985288e-05,186.0,75.0,141.4
Unknown,Unknown,5.0,0.0,0.0021204,2.1651789764358986e-05,186.0,75.0,141.6
Unknown,Unknown,5.0,0.0,0.0021202,2.1382235617446533e-05,186.0,76.0,142.0
Unknown,Unknown,5.0,0.0,0.0021224,1.938556163746613e-05,186.0,76.0,142.2
Unknown,Unknown,5.0,0.0,0.0021224,1.938556163746613e-05,186.0,77.0,142.8
Unknown,Unknown,5.0,0.0,0.0021284,2.0366639388961482e-05,186.0,77.0,121.4
Unknown,Unknown,5.0,0.0,0.0021308,1.6709278859364296e-05,187.0,77.0,121.6
Unknown,Unknown,5.0,0.0,0.0021308,1.6709278859364296e-05,187.0,79.0,122.2
Unknown,Unknown,5.0,0.0,0.0021312,1.6161683080669546e-05,187.0,79.0,122.4
Unknown,Unknown,5.0,0.0,0.0021254,1.6071714283174643e-05,188.0,79.0,144.2
Unknown,Unknown,5.0,0.0,0.0021191999999999995,1.3330416347586417e-05,188.0,80.0,166.0
Unknown,Unknown,15.0,22.360679774997898,0.001897,0.0005004857640333039,188.0,80.0,145.0
Unknown,Unknown,15.0,22.360679774997898,0.0018909999999999999,0.0004969667996959153,189.0,82.0,166.8
Unknown,Unknown,25.0,27.386127875258307,0.0022424,0.0010297044721666502,189.0,82.0,146.2
Unknown,Unknown,25.0,27.386127875258307,0.0022482,0.0010288817716336506,189.0,82.0,125.4
Unknown,Unknown,25.0,27.386127875258307,0.0022485999999999995,0.0010288159699382586,189.0,82.0,125.6
Unknown,Unknown,25.0,27.386127875258307,0.0025099999999999996,0.0007651529258912886,243.0,84.0,157.8
Unknown,Unknown,35.0,27.386127875258307,0.0027436,0.0007914896082703802,243.0,84.0,168.6
Unknown,Unknown,25.0,27.386127875258307,0.0023896000000000004,0.0005052591414314044,243.0,84.0,200.4
Unknown,Unknown,25.0,27.386127875258307,0.0024024,0.0004982116016312748,243.0,86.0,200.8
Unknown,Unknown,34.0,26.551836094703507,0.0060442000000000004,0.007995999824912456,244.0,86.0,211.8
Unknown,Unknown,24.0,26.076809620810597,0.0059727999999999995,0.008039168874952186,244.0,86.0,212.0
Unknown,Unknown,14.0,20.12461179749811,0.0057388,0.008153325652762803,244.0,86.0,201.6
Unknown,Unknown,14.0,20.12461179749811,0.010284399999999999,0.01133354122946575,246.0,86.0,202.2
Unknown,Unknown,24.0,26.076809620810597,0.011509199999999999,0.010545939180556657,247.0,191.0,234.4
Unknown,Unknown,15.0,22.360679774997898,0.007867,0.009863614018198399,247.0,191.0,224.0
Unknown,Unknown,15.0,22.360679774997898,0.007896799999999999,0.009841476220567726,247.0,191.0,213.6
Unknown,Unknown,15.0,22.360679774997898,0.0079032,0.009836782309271666,247.0,90.0,193.4
Unknown,Unknown,15.0,22.360679774997898,0.004391600000000001,0.0031348621660289944,248.0,90.0,193.8
Unknown,Unknown,15.4,23.255106965997815,0.0034302,0.0022316950284481073,248.0,90.0,162.8
Unknown,Unknown,15.4,23.25510696599781,0.0034491999999999995,0.0022180291251469174,248.0,90.0,142.8
Unknown,Unknown,15.4,23.25510696599781,0.0034701999999999997,0.002202516220144587,248.0,90.0,122.8
Unknown,Unknown,15.4,23.255106965997815,0.0034639999999999996,0.0022072248412882633,248.0,92.0,143.4
Unknown,Unknown,15.4,23.255106965997815,0.0033996,0.0020687318095877,193.0,92.0,112.4
Unknown,Unknown,5.0,0.0,0.003117,0.002142679747419105,249.0,92.0,143.8
Unknown,Unknown,5.0,0.0,0.0031170000000000004,0.002142679747419105,249.0,92.0,144.2
Unknown,Unknown,14.0,20.12461179749811,0.0103776,0.015863058399942932,250.0,93.0,175.8
Unknown,Unknown,14.0,20.12461179749811,0.010346,0.01588378408944166,250.0,93.0,187.2
Unknown,Unknown,14.0,20.12461179749811,0.0093766,0.016285757836219966,250.0,94.0,207.4
Unknown,Unknown,14.0,20.12461179749811,0.009351,0.016300128327715706,250.0,94.0,176.6
Unknown,Unknown,14.0,20.12461179749811,0.0093382,0.01630716439789579,250.0,95.0,177.0
Unknown,Unknown,5.0,0.0,0.0020586000000000003,8.427514461571693e-05,250.0,95.0,165.8
Unknown,Unknown,5.0,0.0,0.0021117999999999996,8.568372074087359e-05,194.0,95.0,135.2
Unknown,Unknown,5.0,0.0,0.0021138,8.551432628513196e-05,194.0,95.0,135.2
Unknown,Unknown,5.0,0.0,0.0021458,4.4370034933499924e-05,194.0,96.0,137.8
Unknown,Unknown,5.0,0.0,0.0021398,4.680491427190105e-05,195.0,97.0,157.6
Unknown,Unknown,5.0,0.0,0.0021462,4.398522479196857e-05,195.0,97.0,138.6
Unknown,Unknown,5.0,0.0,0.0021244000000000002,1.6994116628998356e-05,196.0,99.0,158.4
Unknown,Unknown,5.0,0.0,0.0026174,0.0010955595830442087,196.0,99.0,139.6
Unknown,Unknown,5.0,0.0,0.0026109999999999996,0.0010991114593161151,196.0,99.0,157.2
Unknown,Unknown,5.0,0.0,0.002617,0.0010957901258909027,196.0,99.0,138.4
Unknown,Unknown,5.0,0.0,0.0026108,0.0010992248177693225,197.0,100.0,158.0
Unknown,Unknown,5.0,0.0,0.0026106000000000002,0.0010993385738706707,197.0,100.0,158.2
Unknown,Unknown,5.0,0.0,0.0021178000000000004,1.4131525041551581e-05,198.0,101.0,177.8
Unknown,Unknown,5.0,0.0,0.0021241999999999997,1.71959297509614e-05,198.0,101.0,159.4
Unknown,Unknown,5.0,0.0,0.0031974000000000004,0.0024102961021418095,251.0,104.0,189.4
Unknown,Unknown,5.0,0.0,0.0032164,0.002399953291212144,251.0,104.0,171.0
Unknown,Unknown,5.0,0.0,0.0110006,0.016946903162525003,252.0,104.0,182.0
Unknown,Unknown,5.0,0.0,0.0109982,0.016948477253133983,252.0,104.0,182.2
Unknown,Unknown,14.0,20.12461179749811,0.0118146,0.016507875780971938,252.0,105.0,182.6
Unknown,Unknown,14.0,20.12461179749811,0.0107414,0.017024120500043458,252.0,105.0,153.8
Unknown,Unknown,14.0,20.12461179749811,0.0107228,0.017035822791987478,252.0,106.0,172.8
Unknown,Unknown,14.0,20.12461179749811,0.0029387999999999997,0.0018371081078695395,200.0,106.0,162.4
Unknown,Unknown,14.0,20.12461179749811,0.0029392000000000003,0.0018368802900570302,200.0,106.0,162.6
Unknown,Unknown,5.0,0.0,0.0021227999999999998,1.8873261509341736e-05,200.0,107.0,163.2
Unknown,Unknown,5.0,0.0,0.0021165999999999997,1.533949151699625e-05,200.0,109.0,181.8
Unknown,Unknown,5.0,0.0,0.0021224,1.9125898671696433e-05,200.0,109.0,164.0
Unknown,Unknown,5.0,0.0,0.0021226,1.898157000882695e-05,201.0,109.0,164.2
Unknown,Unknown,5.0,0.0,0.0021306,1.6979399282660027e-05,201.0,109.0,146.6
Unknown,Unknown,5.0,0.0,0.0021244,1.6979399282660027e-05,202.0,111.0,165.2
Unknown,Unknown,5.0,0.0,0.0021306,1.6979399282660027e-05,202.0,111.0,147.8
Unknown,Unknown,6.0,2.23606797749979,0.10599800000000001,0.23226149937408913,211.0,112.0,167.8
Unknown,Unknown,10.6,9.964938534682489,0.10690620000000002,0.23176206562917065,211.0,112.0,158.0
Unknown,Unknown,15.2,11.861703081766969,0.10856640000000002,0.23085193679780988,253.0,113.0,186.2
Unknown,Unknown,19.8,11.366617790706258,0.10868140000000001,0.2307857820757163,253.0,113.0,177.2
Unknown,Unknown,24.4,8.049844718999243,0.1158816,0.22716414140286317,253.0,148.0,184.2
Unknown,Unknown,28.0,0.0,0.011899,0.015083507002683426,253.0,148.0,182.6
Unknown,Unknown,28.0,0.0,0.016277,0.016307333733630396,253.0,148.0,183.2
Unknown,Unknown,28.0,0.0,0.015335000000000001,0.01685534539841886,203.0,55.0,143.6
Unknown,Unknown,28.0,0.0,0.0194298,0.015442215763937504,203.0,37.0,119.6
Unknown,Unknown,28.0,0.0,0.0129814,0.012028288419388687,233.0,37.0,136.6
Unknown,Unknown,23.4,10.285912696499032,0.014280600000000001,0.010772434929021387,233.0,37.0,119.0
Unknown,Unknown,18.8,12.597618822618822,0.0089942,0.008202658148429692,233.0,37.0,128.8
Unknown,Unknown,14.2,12.597618822618822,0.008268000000000001,0.008708577725438295,233.0,37.0,158.6
Unknown,Unknown,9.6,10.28591269649903,0.0040644,0.0027712909987946052,233.0,115.0,174.4
Unknown,Unknown,15.0,22.360679774997898,0.0031017999999999996,0.0028090680305040677,254.0,115.0,178.6
Unknown,Unknown,25.0,27.386127875258307,0.002574,0.0016545162434983829,254.0,116.0,206.4
Unknown,Unknown,35.0,27.386127875258307,0.0030952,0.001868791641676514,254.0,116.0,216.4
Unknown,Unknown,45.0,22.360679774997898,0.007145799999999999,0.008688018801775235,255.0,116.0,226.6
Unknown,Unknown,55.0,0.0,0.0076142000000000015,0.008409541289511576,255.0,165.0,236.4
Unknown,Unknown,45.0,22.360679774997898,0.0078192,0.00822109145430216,255.0,165.0,236.6
Unknown,Unknown,44.0,21.908902300206645,0.0081404,0.00813503818675733,255.0,0.0,185.8
Unknown,Unknown,34.0,26.551836094703507,0.007587400000000001,0.00851121271030163,255.0,0.0,135.0
Unknown,Unknown,24.0,26.076809620810597,0.0035128,0.00223879961139893,255.0,0.0,107.8
Unknown,Unknown,14.0,20.12461179749811,0.0030372,0.0022332162232976903,255.0,0.0,116.0
Unknown,Unknown,14.0,20.12461179749811,0.0030429999999999997,0.0022302548060703737,206.0,0.0,89.0
Unknown,Unknown,5.0,0.0,0.0020594000000000003,8.572222582271184e-05,206.0,0.0,130.2
Unknown,Unknown,5.0,0.0,0.0020976000000000002,6.624047101281815e-05,206.0,119.0,154.4
Unknown,Unknown,5.0,0.0,0.0021236000000000002,1.7854971296532494e-05,207.0,120.0,172.0
Unknown,Unknown,5.0,0.0,0.002131,1.6896745248715785e-05,207.0,120.0,155.2
Unknown,Unknown,5.0,0.0,0.0021246,1.7271363582531626e-05,208.0,121.0,172.8
Unknown,Unknown,5.0,0.0,0.0021255999999999996,1.6486357996840933e-05,208.0,121.0,156.2
Unknown,Unknown,5.0,0.0,0.0021255999999999996,1.6486357996840933e-05,208.0,122.0,156.6
Unknown,Unknown,5.0,0.0,0.0021252,1.6887865466067637e-05,209.0,122.0,157.0
Unknown,Unknown,5.0,0.0,0.0021249999999999997,1.661324772583611e-05,209.0,123.0,157.4
Unknown,Unknown,5.0,0.0,0.002125,1.661324772583611e-05,209.0,123.0,157.6
Unknown,Unknown,11.8,15.20526224699857,0.0023837999999999997,0.0005744451235757859,209.0,1.0,133.2
Unknown,Unknown,21.8,23.689660191737662,0.0025446,0.0006020538181923606,209.0,1.0,108.8
Unknown,Unknown,21.8,23.689660191737662,0.0025446,0.0006020538181923605,210.0,1.0,109.0
Unknown,Unknown,31.8,25.321927256826246,0.0025484,0.0005989372254251692,210.0,1.0,84.6
Unknown,Unknown,38.6,20.415680248279752,0.003415,0.0017793472117605378,238.0,1.0,90.4
Unknown,Unknown,41.8,21.707141681944215,0.003261,0.0018127869428038144,238.0,1.0,90.6
Unknown,Unknown,31.8,25.321927256826246,0.0030962000000000003,0.001884505160512966,238.0,2.0,132.4
Unknown,Unknown,41.8,21.707141681944215,0.0029402,0.0020142660449900852,238.0,2.0,126.0
Unknown,Unknown,31.8,25.321927256826246,0.002928,0.002020333388329758,238.0,2.0,126.0
Unknown,Unknown,30.8,25.063918289046505,0.0023128,0.0007526580897060764,210.0,2.0,79.0
Unknown,Unknown,29.8,23.931151246858143,0.0022259999999999997,0.0007300315061694255,210.0,2.0,79.2
Unknown,Unknown,29.8,23.931151246858143,0.00223,0.0007293805591047789,178.0,2.0,62.6
Unknown,Unknown,19.8,21.04043725781382,0.0024052000000000006,0.0005401011016467194,128.0,2.0,52.6
Unknown,Unknown,28.8,22.68700068321064,0.0028510000000000002,0.0009728137026173098,128.0,3.0,52.8
Unknown,Unknown,23.0,24.647515087732476,0.0025678000000000003,0.0009906269227110676,128.0,3.0,52.8
Unknown,Unknown,14.0,20.12461179749811,0.002523,0.001015768920571997,129.0,3.0,78.0
Unknown,Unknown,14.0,20.12461179749811,0.10151080000000001,0.22113325421722535,129.0,3.0,53.4
Unknown,Unknown,14.0,20.12461179749811,0.10151079999999998,0.22113325421722532,130.0,3.0,53.8
Unknown,Unknown,5.0,0.0,0.1071644,0.2183716525978132,130.0,3.0,54.2
Unknown,Unknown,5.0,0.0,0.1071832,0.21836033394987286,131.0,4.0,79.8
Unknown,Unknown,5.0,0.0,0.1072092,0.21834468349309538,212.0,4.0,96.4
Unknown,Unknown,15.0,22.360679774997898,0.0084244,0.013521018131043241,212.0,5.0,122.0
Unknown,Unknown,15.0,22.360679774997898,0.0084054,0.013532001433638707,213.0,5.0,138.6
Unknown,Unknown,15.0,22.360679774997898,0.0023198,0.0004706200165738811,213.0,131.0,164.2
Unknown,Unknown,15.0,22.360679774997898,0.0023391999999999996,0.0004583510663236206,213.0,132.0,164.6
Unknown,Unknown,15.0,22.360679774997898,0.0034368000000000003,0.002369181651963395,213.0,6.0,123.4
Unknown,Unknown,5.0,0.0,0.0032466,0.002434434492854552,213.0,6.0,123.8
Unknown,Unknown,5.0,0.0,0.0032446000000000003,0.0024356034775800434,214.0,6.0,124.0
Unknown,Unknown,14.0,20.12461179749811,0.003108,0.0025283271149121513,214.0,6.0,98.8
Unknown,Unknown,14.0,20.12461179749811,0.0030678,0.0025490195566138757,214.0,6.0,73.6
Unknown,Unknown,34.4,45.01999555752977,0.0022732000000000004,0.0008057572215003723,214.0,7.0,86.0
Unknown,Unknown,34.4,45.01999555752977,0.0022284,0.0008165135026440163,214.0,7.0,86.4
Unknown,Unknown,34.4,45.01999555752977,0.0022308,0.000816066602674071,214.0,7.0,86.4
Unknown,Unknown,25.4,45.61578674099571,0.0023558000000000003,0.0007152986788747761,215.0,7.0,128.0
Unknown,Unknown,25.4,45.61578674099571,0.012514799999999998,0.02249507883293588,215.0,8.0,128.2
Unknown,Unknown,5.0,0.0,0.012230399999999999,0.022644016942671635,215.0,8.0,142.4
Unknown,Unknown,14.4,21.019038988498025,0.0178684,0.022961916738373563,215.0,8.0,117.0
Unknown,Unknown,14.4,21.019038988498025,0.017849,0.02297858982835979,215.0,8.0,76.0
Unknown,Unknown,14.4,21.019038988498025,0.017836,0.02298973440472943,140.0,8.0,61.0
Unknown,Unknown,14.4,21.01903898849803,0.007710799999999999,0.012556960229291163,216.0,9.0,102.6
Unknown,Unknown,14.4,21.01903898849803,0.0076904,0.012568216890235464,216.0,9.0,118.0
Unknown,Unknown,5.0,0.0,0.0020844,5.115466743123242e-05,216.0,9.0,144.4
Unknown,Unknown,5.0,0.0,0.0021095999999999997,3.9316663134096105e-05,216.0,140.0,171.0
Unknown,Unknown,5.0,0.0,0.0026424,0.001156521422196753,216.0,10.0,145.0
Unknown,Unknown,5.0,0.0,0.0026616,0.0011462450872304754,216.0,10.0,130.4
Unknown,Unknown,5.0,0.0,0.002663,0.0011453977475095714,217.0,10.0,130.6
Unknown,Unknown,5.0,0.0,0.003469,0.0018741173922676242,217.0,10.0,104.6
Unknown,Unknown,5.0,0.0,0.003469,0.001874117392267624,217.0,10.0,106.0
Unknown,Unknown,5.0,0.0,0.0029234,0.0018184127144298128,217.0,11.0,133.0
Unknown,Unknown,5.0,0.0,0.0029046,0.0018281309581099489,218.0,11.0,148.0
Unknown,Unknown,5.0,0.0,0.0029110000000000004,0.0018247109360115096,218.0,11.0,133.8
Unknown,Unknown,5.0,0.0,0.0020982,6.63716807079646e-05,219.0,145.0,175.4
Unknown,Unknown,5.0,0.0,0.0020918,6.239551265916486e-05,219.0,145.0,189.4
Unknown,Unknown,5.0,0.0,0.0021238,1.7584083712266556e-05,219.0,146.0,189.8
Unknown,Unknown,5.0,0.0,0.0021238,1.7584083712266556e-05,220.0,146.0,190.2
Unknown,Unknown,5.0,0.0,0.0021238,1.7584083712266556e-05,220.0,147.0,190.8
Unknown,Unknown,5.0,0.0,0.0021224,1.92561678430574e-05,220.0,147.0,191.0
Unknown,Unknown,5.0,0.0,0.0021286,1.9654516020497608e-05,220.0,147.0,177.2
Unknown,Unknown,5.0,0.0,0.0021217999999999996,1.930543964793331e-05,221.0,149.0,192.0
Unknown,Unknown,5.0,0.0,0.0021278,2.0510972673181397e-05,221.0,145.0,177.0
Unknown,Unknown,15.0,22.360679774997898,0.0024809999999999997,0.0007984945209580339,221.0,12.0,149.6
Unknown,Unknown,25.0,27.386127875258307,0.002878,0.001024441799225315,221.0,12.0,108.0
Unknown,Unknown,35.0,27.386127875258307,0.00301,0.0009453681822443572,221.0,12.0,97.5
Unknown,Unknown,35.0,27.386127875258307,0.0030128000000000004,0.000942047344882411,145.0,12.0,45.25
Unknown,Unknown,35.0,27.386127875258307,0.0030256,0.0009275984044833196,152.0,12.0,47.0
Unknown,Unknown,25.0,27.386127875258307,0.002666,0.0008442884578152186,222.0,12.0,99.5
Unknown,Unknown,25.0,27.386127875258307,0.0022429999999999998,0.00032366726742134427,222.0,12.0,134.75
Unknown,Unknown,24.0,26.076809620810597,0.0025426,0.000986028549282423,222.0,12.0,110.4
Unknown,Unknown,33.0,25.64176280991617,0.0027700000000000003,0.0009961242392392627,222.0,13.0,110.6
Unknown,Unknown,33.0,25.64176280991617,0.002719,0.0010378106763759948,222.0,13.0,82.8
Unknown,Unknown,33.0,25.64176280991617,0.0026931999999999998,0.0010581092571185643,154.0,13.0,69.2
Unknown,Unknown,23.0,24.647515087732476,0.0027218,0.001035431890565478,223.0,13.0,83.2
Unknown,Unknown,14.0,20.12461179749811,0.0022904,0.0005482338004902653,223.0,13.0,112.4
Unknown,Unknown,5.0,0.0,0.0020608000000000002,8.712462338512583e-05,224.0,13.0,154.6
Unknown,Unknown,5.0,0.0,0.0020906,6.265221464561339e-05,224.0,154.0,196.8
Unknown,Unknown,5.0,0.0,0.0021227999999999998,1.9162463307205504e-05,224.0,156.0,197.2
Unknown,Unknown,5.0,0.0,0.0021284,2.0366639388961482e-05,224.0,156.0,184.0
Unknown,Unknown,5.0,0.0,0.0021202,2.1253235047869695e-05,224.0,156.0,197.0
Unknown,Unknown,5.0,0.0,0.0021263999999999996,2.2733235581412445e-05,224.0,156.0,183.8
Unknown,Unknown,5.0,0.0,0.0021094,5.514798273735855e-05,225.0,156.0,184.0
Unknown,Unknown,5.0,0.0,0.0021604,0.00014258436099376395,225.0,157.0,184.4
Unknown,Unknown,5.0,0.0,0.0021348,0.00015722817813610892,226.0,158.0,198.2
Unknown,Unknown,5.0,0.0,0.002194,0.00019336364704876664,234.0,158.0,200.2
Unknown,Unknown,5.0,0.0,0.0021875999999999996,0.0001959854586442576,234.0,158.0,214.0
Unknown,Unknown,5.0,0.0,0.0022129999999999997,0.00017532683764900342,234.0,158.0,200.8
Unknown,Unknown,15.0,22.360679774997898,0.0030682,0.002020669369293255,255.0,159.0,220.2
Unknown,Unknown,15.0,22.360679774997898,0.0030940000000000004,0.0020046200388103477,255.0,159.0,207.0
Unknown,Unknown,15.0,22.360679774997898,0.0027154,0.0023224890311904596,255.0,159.0,205.6
Unknown,Unknown,15.0,22.360679774997898,0.0027092,0.002324546342837673,255.0,159.0,205.8
Unknown,Unknown,15.0,22.360679774997898,0.0027794,0.002308416730142112,255.0,159.0,205.8
Unknown,Unknown,5.0,0.0,0.0018034000000000001,0.0007673615836097087,229.0,159.0,200.6
Unknown,Unknown,5.0,0.0,0.0017906000000000003,0.0007607652726038433,230.0,159.0,214.6
Unknown,Unknown,5.0,0.0,0.0021886,0.00030267441252937124,235.0,159.0,216.2
Unknown,Unknown,5.0,0.0,0.0021311999999999998,0.00035166703001561,235.0,159.0,216.8
Unknown,Unknown,6.0,2.23606797749979,0.0022773999999999997,0.0006026153831425148,235.0,211.0,227.2
Unknown,Unknown,6.0,2.23606797749979,0.002334,0.0005574603124887008,235.0,211.0,227.8
Unknown,Unknown,10.6,9.964938534682489,0.0026484,0.0007780454999548549,235.0,153.0,212.4
Unknown,Unknown,10.6,9.964938534682489,0.0025633999999999995,0.0008210221068887244,232.0,153.0,211.8
Unknown,Unknown,31.0,43.52585438564073,0.0023565999999999995,0.0011341099153080356,232.0,153.0,198.0
Unknown,Unknown,34.6,42.07493315502712,0.0023376,0.0011165846586802094,232.0,38.0,163.4
Unknown,Unknown,55.2,48.65901766373835,0.0030482,0.001818946728191895,232.0,38.0,149.4
Unknown,Unknown,50.6,52.78541465215557,0.0028168,0.0017963848975094396,232.0,38.0,151.2
Unknown,Unknown,55.2,48.65901766373835,0.0030458,0.0017497601835680225,162.0,38.0,134.6
Unknown,Unknown,46.4,40.190794966011815,0.004665,0.002629398695519567,163.0,38.0,134.8
Unknown,Unknown,41.8,43.962484006252424,0.0043977999999999995,0.002880294550909681,234.0,149.0,174.0
Unknown,Unknown,21.2,25.400787389370432,0.00363,0.0029796766603106453,235.0,149.0,188.6
Unknown,Unknown,25.8,23.763417262675,0.003574000000000001,0.003008829174280255,235.0,56.0,167.4
Unknown,Unknown,32.8,29.12387336876742,0.0035302,0.0030169447625039473,235.0,56.0,170.4
Unknown,Unknown,25.8,23.763417262675,0.0029256,0.0016974175384978207,237.0,56.0,185.2
Unknown,Unknown,25.8,23.763417262675,0.0030466,0.0016162061440299009,237.0,56.0,171.4
Unknown,Unknown,25.8,23.763417262675,0.0031682000000000004,0.0015180094531984972,237.0,56.0,157.4
Unknown,Unknown,21.2,25.400787389370432,0.0031392000000000004,0.0015419678012202462,238.0,164.0,193.8
Unknown,Unknown,9.6,10.28591269649903,0.003039,0.0015696294148619925,238.0,165.0,194.6
Unknown,Unknown,5.0,0.0,0.00223,0.00029546404180542853,240.0,165.0,195.2
Unknown,Unknown,5.0,0.0,0.0021064,0.000333860449888872,240.0,165.0,210.2
Unknown,Unknown,5.0,0.0,0.001983,0.00031198317262313996,241.0,168.0,225.4
Unknown,Unknown,5.0,0.0,0.0019275999999999998,0.0003172220042809136,241.0,168.0,226.0
Unknown,Unknown,5.0,0.0,0.0017871999999999999,5.7619441163552306e-06,241.0,240.0,240.6
Unknown,Unknown,5.0,0.0,0.0017882000000000002,6.140032573203542e-06,241.0,240.0,240.8
Unknown,Unknown,5.0,0.0,0.0017902,4.658325879540902e-06,241.0,241.0,241.0
Unknown,Unknown,5.0,0.0,0.00179,5.0990195135928025e-06,242.0,241.0,241.25
Unknown,Unknown,5.0,0.0,0.0017898,4.969909455915672e-06,242.0,241.0,241.5
Unknown,Unknown,5.0,0.0,0.0017896000000000001,4.827007354458849e-06,242.0,241.0,241.75
Unknown,Unknown,5.0,0.0,0.0017894,4.722287581247026e-06,243.0,242.0,242.25
Unknown,Unknown,5.0,0.0,0.0017896,4.827007354458849e-06,243.0,242.0,242.4
Unknown,Unknown,5.0,0.0,0.0017918,4.472135954999203e-07,243.0,242.0,242.6
Unknown,Unknown,5.0,0.0,0.0017908,2.1679483388678876e-06,243.0,242.0,242.8
Unknown,Unknown,5.0,0.0,0.0017912000000000002,2.5884358211089736e-06,244.0,243.0,243.2
Unknown,Unknown,5.0,0.0,0.001789,5.656854249492422e-06,244.0,243.0,243.4
Unknown,Unknown,5.0,0.0,0.001789,5.656854249492422e-06,244.0,243.0,243.6
Unknown,Unknown,5.0,0.0,0.001789,5.656854249492422e-06,244.0,243.0,243.8
Unknown,Unknown,5.0,0.0,0.00179,5.656854249492422e-06,245.0,244.0,244.2
Unknown,Unknown,5.0,0.0,0.0017894,5.272570530585666e-06,245.0,244.0,244.4
Unknown,Unknown,5.0,0.0,0.0017919999999999998,7.071067811865647e-07,245.0,244.0,244.6
Unknown,Unknown,5.0,0.0,0.0017922,8.366600265341088e-07,245.0,244.0,244.8
Unknown,Unknown,5.0,0.0,0.0017924000000000002,8.944271909999497e-07,246.0,245.0,245.2
Unknown,Unknown,5.0,0.0,0.0017924000000000002,8.944271909999497e-07,246.0,245.0,245.4
Unknown,Unknown,5.0,0.0,0.0017910000000000003,3.937003937005946e-06,246.0,245.0,245.6
Unknown,Unknown,5.0,0.0,0.0017908,3.834057902536191e-06,246.0,245.0,245.8
Unknown,Unknown,5.0,0.0,0.0017906000000000003,3.7148351242013536e-06,247.0,246.0,246.2
Unknown,Unknown,5.0,0.0,0.0017902,3.492849839314591e-06,247.0,246.0,246.4
Unknown,Unknown,5.0,0.0,0.0017902,3.492849839314591e-06,247.0,246.0,246.6
Unknown,Unknown,5.0,0.0,0.0017922,1.0954451150103291e-06,247.0,246.0,246.8
Unknown,Unknown,5.0,0.0,0.0017926,1.341640786499874e-06,248.0,247.0,247.2
Unknown,Unknown,5.0,0.0,0.0017924000000000002,1.516575088810297e-06,248.0,247.0,247.4
Unknown,Unknown,5.0,0.0,0.0017928,1.303840481040528e-06,248.0,247.0,247.6
Unknown,Unknown,5.0,0.0,0.001793,1.2247448713915746e-06,248.0,247.0,247.8
Unknown,Unknown,5.0,0.0,0.0018546,0.0001383050975199396,249.0,248.0,248.2
Unknown,Unknown,5.0,0.0,0.0025504000000000004,0.0015278752566881893,249.0,15.0,201.6
Unknown,Unknown,5.0,0.0,0.0026334,0.0014870347339588272,249.0,15.0,186.2
Unknown,Unknown,5.0,0.0,0.0026974,0.0014482017469952175,249.0,15.0,186.4
Unknown,Unknown,5.0,0.0,0.0027673999999999997,0.001401255972333392,249.0,15.0,171.2
Unknown,Unknown,5.0,0.0,0.0027375999999999998,0.001420398113206294,249.0,15.0,124.6
Unknown,Unknown,5.0,0.0,0.0020796,0.00010778589889220202,249.0,16.0,156.2
Unknown,Unknown,5.0,0.0,0.0020586,8.477499631377161e-05,250.0,16.0,172.0
Unknown,Unknown,5.0,0.0,0.0020645999999999998,9.045883041472508e-05,250.0,16.0,157.0
Unknown,Unknown,5.0,0.0,0.0020566,8.327544656139641e-05,251.0,16.0,172.8
Unknown,Unknown,5.0,0.0,0.0020864,6.047148088148661e-05,251.0,173.0,219.8
Unknown,Unknown,5.0,0.0,0.0021184000000000003,2.2467754671973757e-05,251.0,174.0,220.2
Unknown,Unknown,5.0,0.0,0.0021267999999999994,2.218558090291978e-05,251.0,174.0,205.4
Unknown,Unknown,5.0,0.0,0.0021204,2.0923670806051185e-05,251.0,175.0,220.8
Unknown,Unknown,5.0,0.0,0.0021282,2.0067386476569283e-05,251.0,175.0,206.0
Unknown,Unknown,5.0,0.0,0.0021284,1.9743353311937656e-05,252.0,175.0,206.2
Unknown,Unknown,5.0,0.0,0.00212,2.0880613017821062e-05,252.0,176.0,221.6
Unknown,Unknown,5.0,0.0,0.0021135999999999998,1.6516658257650003e-05,252.0,177.0,236.8
Unknown,Unknown,15.0,22.360679774997898,0.0146324,0.027991439187723087,252.0,17.0,190.0
Unknown,Unknown,15.0,22.360679774997898,0.0146262,0.02799490062850733,252.0,17.0,158.0
Unknown,Unknown,15.0,22.360679774997898,0.014647000000000002,0.027983306059148907,252.0,17.0,143.8
Unknown,Unknown,24.4,26.585710447531774,0.020108400000000002,0.0275844712981779,252.0,17.0,97.0
Unknown,Unknown,24.4,26.585710447531774,0.0200898,0.027599667854885497,181.0,17.0,50.2
Unknown,Unknown,14.4,21.019038988498025,0.007558,0.01221473755346385,182.0,17.0,83.2
Unknown,Unknown,14.4,21.01903898849803,0.0075559999999999985,0.012215853163000938,253.0,18.0,130.4
Unknown,Unknown,14.4,21.01903898849803,0.0075347999999999995,0.012227543199678339,253.0,18.0,144.8
Unknown,Unknown,5.0,0.0,0.0020758,4.148132109757356e-05,253.0,18.0,191.8
Unknown,Unknown,15.0,22.360679774997898,0.0024452000000000002,0.0007941185050104298,253.0,19.0,192.0
Unknown,Unknown,25.0,27.386127875258307,0.0028252,0.0009866023515074348,253.0,19.0,159.4
Unknown,Unknown,25.0,27.386127875258307,0.003719,0.0018301779968079607,253.0,19.0,112.6
Unknown,Unknown,25.0,27.386127875258307,0.0037402,0.00180722015814344,253.0,19.0,99.2
Unknown,Unknown,25.0,27.386127875258307,0.0037398,0.0018076705175446106,254.0,19.0,99.4
Unknown,Unknown,15.0,22.360679774997898,0.0033956,0.001937087065673611,254.0,19.0,133.0
Unknown,Unknown,5.0,0.0,0.0030292,0.0019797435945091476,254.0,19.0,180.0
Unknown,Unknown,5.0,0.0,0.0033632000000000002,0.0027264872455230746,254.0,20.0,180.2
Unknown,Unknown,5.0,0.0,0.0033184,0.00275195608613219,254.0,20.0,180.8
Unknown,Unknown,5.0,0.0,0.0033188000000000002,0.0027517368515176015,255.0,20.0,181.0
Unknown,Unknown,5.0,0.0,0.0033102,0.002756389613244108,255.0,20.0,194.6
Unknown,Unknown,5.0,0.0,0.0033160000000000004,0.0027532720533939253,255.0,20.0,181.8
Unknown,Unknown,5.0,0.0,0.0020964,6.596817414481013e-05,255.0,189.0,216.0
Unknown,Unknown,5.0,0.0,0.0021224,1.8994736112933993e-05,255.0,190.0,229.2
Unknown,Unknown,5.0,0.0,0.0021284,1.999499937484367e-05,255.0,190.0,216.6
Unknown,Unknown,5.0,0.0,0.0021308,1.625423021862311e-05,255.0,0.0,165.6
Unknown,Unknown,5.0,0.0,0.0021308,1.625423021862311e-05,255.0,0.0,127.6
Unknown,Unknown,5.0,0.0,0.0021223999999999995,1.9539703170724e-05,255.0,0.0,89.6
Unknown,Unknown,5.0,0.0,0.0021517999999999997,6.33458759510041e-05,194.0,0.0,77.4
Unknown,Unknown,5.0,0.0,0.0021517999999999997,6.33458759510041e-05,194.0,0.0,77.8
Unknown,Unknown,5.0,0.0,0.0021520000000000003,6.319414529843723e-05,194.0,0.0,78.2
Unknown,Unknown,5.0,0.0,0.0021438,6.718779651097357e-05,194.0,1.0,78.6
Unknown,Unknown,15.0,22.360679774997898,0.0019734,0.00041030939545664804,195.0,2.0,117.4
Unknown,Unknown,15.0,22.360679774997898,0.001944,0.0003893719301644637,195.0,2.0,79.0
Unknown,Unknown,25.0,27.386127875258307,0.0020456000000000003,0.0005037551984843433,195.0,2.0,44.4
Unknown,Unknown,35.0,27.386127875258307,0.0027099999999999997,0.0016045306167225355,195.0,2.0,48.2
Unknown,Unknown,45.0,22.360679774997898,0.0032454,0.001787169913578449,195.0,2.0,52.0
Unknown,Unknown,35.0,27.386127875258307,0.0034244,0.0015685486285098081,197.0,2.0,52.4
Unknown,Unknown,44.0,21.908902300206645,0.007752600000000001,0.009051901308564958,197.0,21.0,56.4
Unknown,Unknown,34.0,26.551836094703507,0.0076110000000000014,0.009156589785504208,197.0,21.0,56.6
Unknown,Unknown,24.0,26.076809620810597,0.0069204,0.009485932521370791,198.0,21.0,92.0
Unknown,Unknown,24.0,26.076809620810597,0.007280199999999999,0.009418280453458584,198.0,22.0,92.4
Unknown,Unknown,24.0,26.076809620810597,0.0072737999999999995,0.009422653909594686,198.0,22.0,57.6
Unknown,Unknown,15.0,22.360679774997898,0.0029644,0.0020227737886377704,199.0,22.0,93.0
Unknown,Unknown,16.0,21.908902300206645,0.040566200000000004,0.08353174386842406,211.0,23.0,130.8
Unknown,Unknown,18.8,21.028552018624584,0.0420948,0.08271511122340344,211.0,23.0,131.2
Unknown,Unknown,13.4,9.964938534682489,0.0418058,0.0828726017312115,211.0,11.0,128.8
Unknown,Unknown,18.0,10.41633332799983,0.041683399999999995,0.08294630573630149,211.0,11.0,155.0
Unknown,Unknown,18.0,10.41633332799983,0.0416648,0.08295738073071016,211.0,3.0,115.8
Unknown,Unknown,21.6,10.064790112068906,0.0038107999999999996,0.0036598395729867724,200.0,3.0,103.6
Unknown,Unknown,18.8,12.597618822618822,0.0023142,0.0016840168348327166,201.0,3.0,103.8
Unknown,Unknown,18.8,12.597618822618822,0.0013616,0.0008125111076163821,238.0,3.0,149.2
Unknown,Unknown,18.8,12.597618822618822,0.0014036,0.0008266929901722887,238.0,3.0,149.8
Unknown,Unknown,28.8,17.711578134090704,0.0016738000000000002,0.0012362591556789378,238.0,25.0,154.2
Unknown,Unknown,24.2,20.70507184242547,0.0019596,0.0011081984479324992,238.0,25.0,129.2
Unknown,Unknown,34.6,21.686401268998043,0.0022516000000000003,0.0013372755138713938,238.0,25.0,129.4
Unknown,Unknown,34.6,21.686401268998043,0.002823,0.0008561133102574682,202.0,25.0,89.6
Unknown,Unknown,30.0,25.534290669607408,0.0029224,0.000710987201009976,202.0,25.0,98.6
Unknown,Unknown,20.0,22.956480566497994,0.0026518,0.0007103208429998375,202.0,3.0,94.2
Unknown,Unknown,20.0,22.956480566497994,0.0026581999999999995,0.0007043491321780697,203.0,3.0,129.8
Unknown,Unknown,14.2,12.597618822618822,0.0030316,0.0014405611059583694,203.0,3.0,90.2
Unknown,Unknown,9.6,10.285912696499032,0.0044872,0.0036578865072607165,203.0,3.0,87.6
Unknown,Unknown,9.6,10.285912696499032,0.0044426,0.0036938372054003683,204.0,3.0,88.0
Unknown,Unknown,14.2,12.597618822618822,0.006296,0.0044744894680846,204.0,4.0,98.8
Unknown,Unknown,18.8,12.597618822618822,0.0068720000000000005,0.003962274094506841,204.0,4.0,98.2
Unknown,Unknown,18.8,12.597618822618822,0.007377,0.003899322505256522,204.0,26.0,129.8
Unknown,Unknown,18.8,12.597618822618822,0.0056974,0.004021880754075138,204.0,5.0,125.6
Unknown,Unknown,18.8,12.597618822618822,0.005729400000000001,0.003985409991456338,205.0,5.0,125.8
Unknown,Unknown,14.2,12.597618822618822,0.0038764,0.002622930765384401,205.0,5.0,115.4
Unknown,Unknown,9.6,10.28591269649903,0.0032945999999999995,0.002627640062870103,205.0,5.0,76.6
Unknown,Unknown,5.0,0.0,0.0021241999999999997,1.7398275776639465e-05,207.0,5.0,85.6
Unknown,Unknown,5.0,0.0,0.0021230000000000003,1.901315334183151e-05,207.0,5.0,86.0
Unknown,Unknown,5.0,0.0,0.002123,1.9013153341831514e-05,208.0,5.0,86.6
Unknown,Unknown,5.0,0.0,0.0021224000000000004,1.941133689368145e-05,208.0,6.0,87.2
Unknown,Unknown,5.0,0.0,0.0021279999999999997,2.0396078054371075e-05,209.0,7.0,127.8
Unknown,Unknown,5.0,0.0,0.0021218,1.9382982226685252e-05,209.0,7.0,88.0
Unknown,Unknown,5.0,0.0,0.0022898000000000003,0.0003643620452242522,209.0,8.0,92.0
Unknown,Unknown,15.0,22.360679774997898,0.0021494,0.000531833902642545,210.0,8.0,92.4
Unknown,Unknown,25.0,27.386127875258307,0.0022854,0.0006018897739619772,210.0,8.0,132.8
Unknown,Unknown,25.0,27.386127875258307,0.0022856,0.0006018303747734905,210.0,8.0,133.0
Unknown,Unknown,25.0,27.386127875258307,0.0023046000000000004,0.0005964551952996973,211.0,27.0,173.6
Unknown,Unknown,25.0,27.386127875258307,0.0021386,0.0004789914404245655,211.0,8.0,169.8
Unknown,Unknown,25.2,27.66224864323217,0.006468399999999999,0.009295918556011556,211.0,8.0,133.4
Unknown,Unknown,15.2,22.807893370497855,0.0063008000000000005,0.009385913977871307,211.0,8.0,97.0
Unknown,Unknown,15.2,22.807893370497855,0.006268800000000001,0.009403888833881437,213.0,8.0,97.6
Unknown,Unknown,15.2,22.807893370497855,0.0062476,0.009415447296862747,213.0,8.0,57.2
Unknown,Unknown,15.2,22.807893370497855,0.006254,0.009411942785631457,214.0,9.0,98.4
Unknown,Unknown,5.0,0.0,0.0020582,8.445827372140632e-05,214.0,9.0,94.6
Unknown,Unknown,5.0,0.0,0.0020962000000000003,6.602423797364116e-05,215.0,9.0,132.0
Unknown,Unknown,5.0,0.0,0.0021284,2.075572210259136e-05,216.0,9.0,132.6
Unknown,Unknown,5.0,0.0,0.0021308,1.7181385275931645e-05,216.0,9.0,133.0
Unknown,Unknown,5.0,0.0,0.0021224,1.979393846610625e-05,216.0,9.0,92.4
Unknown,Unknown,5.0,0.0,0.0021288,2.035190408782433e-05,217.0,11.0,134.0
Unknown,Unknown,5.0,0.0,0.0021288,2.035190408782433e-05,218.0,11.0,134.6
Unknown,Unknown,5.0,0.0,0.0021224,1.938556163746613e-05,218.0,11.0,93.8
Unknown,Unknown,5.0,0.0,0.0021198,2.1695621678117437e-05,218.0,11.0,94.0
Unknown,Unknown,5.0,0.0,0.0021282000000000002,2.0705071842425447e-05,219.0,12.0,135.6
Unknown,Unknown,5.0,0.0,0.0021281999999999994,2.0705071842425447e-05,220.0,12.0,136.2
Unknown,Unknown,5.0,0.0,0.0021282000000000002,2.070507184242545e-05,220.0,12.0,136.6
Unknown,Unknown,5.0,0.0,0.0021216,3.0229125028687102e-05,239.0,12.0,182.0
Unknown,Unknown,5.0,0.0,0.0020602,0.00015191839914901678,239.0,13.0,182.2
Unknown,Unknown,15.0,22.360679774997898,0.0188894,0.037677799654438425,239.0,13.0,144.2
Unknown,Unknown,15.0,22.360679774997898,0.0188834,0.037681135370368025,239.0,13.0,106.0
Unknown,Unknown,15.0,22.360679774997898,0.018896200000000002,0.03767403733607536,239.0,13.0,106.2
Unknown,Unknown,15.0,22.360679774997898,0.018903000000000003,0.03767024592433662,221.0,13.0,61.2
Unknown,Unknown,35.4,45.50604355467524,0.019266400000000003,0.03747216688156691,221.0,14.0,73.25
Unknown,Unknown,25.4,45.61578674099571,0.0024289999999999997,0.0006615674568779816,221.0,14.0,69.5
Unknown,Unknown,35.4,45.50604355467524,0.0024327999999999997,0.0006593494521117007,221.0,14.0,69.75
Unknown,Unknown,35.4,45.50604355467524,0.0024202,0.0006653181193985325,223.0,14.0,70.25
Unknown,Unknown,35.4,45.50604355467524,0.0030072000000000002,0.0013094568339582638,223.0,14.0,74.25
Unknown,Unknown,25.4,27.94279871451677,0.0029672,0.0012893398310763536,224.0,14.0,104.2
Unknown,Unknown,25.4,27.94279871451677,0.002988,0.00127262327497182,224.0,30.0,146.2
Unknown,Unknown,15.4,23.25510696599781,0.0029839999999999997,0.0012760133228144604,224.0,30.0,146.4
Unknown,Unknown,15.4,23.255106965997815,0.0029966,0.0012659161899588771,224.0,30.0,146.6
Unknown,Unknown,15.4,23.255106965997815,0.0023964,0.0005706297398488794,225.0,31.0,185.6
Unknown,Unknown,5.0,0.0,0.004282800000000001,0.0047852148018662655,225.0,31.0,147.2
Unknown,Unknown,5.0,0.0,0.0042380000000000004,0.004810500753559862,226.0,31.0,147.6
Unknown,Unknown,5.0,0.0,0.0042378,0.00481061126053644,226.0,15.0,144.4
Unknown,Unknown,5.0,0.0,0.004225,0.004817445951954209,227.0,15.0,145.0
Unknown,Unknown,5.0,0.0,0.004238,0.004810181441484302,227.0,15.0,103.0
Unknown,Unknown,15.8,24.14953415699773,0.0020982,6.68408557695068e-05,228.0,15.0,142.2
Unknown,Unknown,15.8,24.14953415699773,0.002124,1.73493515728974e-05,228.0,15.0,100.2
Unknown,Unknown,25.8,28.51666179622012,0.0027291999999999998,0.0013460933102872178,228.0,15.0,117.6
Unknown,Unknown,25.8,28.51666179622012,0.0027291999999999998,0.0013460933102872178,229.0,15.0,118.0
Unknown,Unknown,25.8,28.51666179622012,0.0027272,0.001347246525324894,229.0,16.0,118.4
Unknown,Unknown,15.0,22.360679774997898,0.0027272,0.001347246525324894,230.0,16.0,118.8
Unknown,Unknown,15.0,22.360679774997898,0.0027082,0.001358730179248257,230.0,17.0,119.2
Unknown,Unknown,5.0,0.0,0.0020902,5.719877621068473e-05,230.0,17.0,106.6
Unknown,Unknown,15.0,22.360679774997898,0.0027262000000000002,0.001452481910386494,230.0,17.0,67.6
Unknown,Unknown,15.0,22.360679774997898,0.0027282,0.0014514140346572372,230.0,18.0,71.0
Unknown,Unknown,15.0,22.360679774997898,0.0027410000000000004,0.0014452319882980722,232.0,18.0,71.4
Unknown,Unknown,15.0,22.360679774997898,0.0027396000000000005,0.001446112996968079,232.0,19.0,71.6
Unknown,Unknown,15.0,22.360679774997898,0.0027313999999999997,0.0014511296634002074,232.0,19.0,67.6
Unknown,Unknown,5.0,0.0,0.0020762000000000003,8.468589020610231e-05,233.0,19.0,107.4
Unknown,Unknown,14.4,21.019038988498025,0.002781,0.0015981134190037954,234.0,19.0,147.4
Unknown,Unknown,23.4,25.205158202241062,0.0031604,0.0016520439764122505,234.0,19.0,108.0
Unknown,Unknown,23.4,25.205158202241062,0.004186199999999999,0.0022445071173867997,234.0,19.0,111.2
Unknown,Unknown,32.4,25.02598649404255,0.0045046,0.001951734049505721,235.0,35.0,154.4
Unknown,Unknown,42.4,21.007141642784248,0.0047072,0.0016642491400027824,235.0,35.0,115.4
Unknown,Unknown,42.0,20.796634343085422,0.0058828,0.0035227326324885912,235.0,35.0,76.0
Unknown,Unknown,33.0,25.64176280991617,0.0054652,0.00389084325050496,235.0,20.0,73.0
Unknown,Unknown,42.4,21.007141642784248,0.0044184,0.004029875283429997,236.0,20.0,113.2
Unknown,Unknown,43.4,21.57081361469706,0.004266000000000001,0.004082719191911195,236.0,20.0,82.75
Unknown,Unknown,33.4,25.986534974867272,0.0060376,0.005198081838524668,236.0,20.0,82.75
Unknown,Unknown,24.4,26.585710447531774,0.004136,0.004366424395314775,236.0,20.0,78.75
Unknown,Unknown,24.4,26.585710447531774,0.0041742,0.00434401866938898,237.0,21.0,133.0
Unknown,Unknown,15.0,22.360679774997898,0.004197,0.004329399034508138,237.0,21.0,79.25
Unknown,Unknown,5.0,0.0,0.0040392,0.004405123687253288,239.0,21.0,111.2
Unknown,Unknown,5.0,0.0,0.0017580000000000002,0.000701202895031103,239.0,21.0,107.8
Unknown,Unknown,14.0,20.12461179749811,0.0023534,0.0016227566977215038,239.0,21.0,111.4
Unknown,Unknown,14.0,20.12461179749811,0.0023028,0.0016323788469592465,239.0,21.0,71.8
Unknown,Unknown,14.0,20.12461179749811,0.0022958,0.0016339797122363543,240.0,21.0,115.6
Unknown,Unknown,14.0,20.12461179749811,0.0022896,0.001635218120007236,240.0,21.0,72.2
Unknown,Unknown,14.0,20.12461179749811,0.0025905999999999998,0.0013376469265093834,240.0,22.0,72.4
Unknown,Unknown,5.0,0.0,0.0052580000000000005,0.0073019266293218804,240.0,22.0,72.6
Unknown,Unknown,5.0,0.0,0.0053086,0.00727413075906668,243.0,22.0,113.4
Unknown,Unknown,5.0,0.0,0.0101728,0.011435655980310006,243.0,22.0,73.6
Unknown,Unknown,5.0,0.0,0.010179,0.011430135147932417,244.0,22.0,118.0
Unknown,Unknown,5.0,0.0,0.010178999999999999,0.011430135147932416,244.0,23.0,118.2
Unknown,Unknown,14.4,21.019038988498025,0.007473199999999999,0.01059174032914327,244.0,23.0,132.8
Unknown,Unknown,14.4,21.019038988498025,0.008195000000000001,0.010260949346917176,244.0,23.0,92.6
Unknown,Unknown,14.4,21.019038988498025,0.0033756000000000003,0.0017982983067333404,246.0,23.0,133.6
Unknown,Unknown,23.4,25.205158202241062,0.0078884,0.009490596967525277,246.0,23.0,93.4
Unknown,Unknown,23.4,25.205158202241062,0.0078752,0.009500845130829154,246.0,42.0,97.4
Unknown,Unknown,14.0,20.12461179749811,0.007318200000000001,0.009803675417923628,246.0,24.0,79.6
Unknown,Unknown,14.0,20.12461179749811,0.006551400000000001,0.01009612204264588,247.0,24.0,120.6
Unknown,Unknown,14.0,20.12461179749811,0.0065196,0.01011346213222752,248.0,24.0,121.0
Unknown,Unknown,5.0,0.0,0.002001,3.668787265568825e-05,248.0,24.0,117.2
Unknown,Unknown,5.0,0.0,0.0020142,2.3815961034566737e-05,248.0,24.0,113.4
Unknown,Unknown,5.0,0.0,0.0020223999999999997,2.7116415692344092e-05,250.0,24.0,158.6
Unknown,Unknown,5.0,0.0,0.0020293999999999998,1.6531787562148273e-05,250.0,24.0,114.2
Unknown,Unknown,5.0,0.0,0.0020236,1.3107249902248838e-05,250.0,24.0,69.8
Unknown,Unknown,5.0,0.0,0.0020232,1.3349157276772259e-05,250.0,24.0,70.2
Unknown,Unknown,5.0,0.0,0.0020292,1.628496238865792e-05,250.0,25.0,81.75
Unknown,Unknown,5.0,0.0,0.0020212,1.5139352694220507e-05,27.0,25.0,26.0
Unknown,Unknown,5.0,0.0,0.0028501999999999998,0.0018514128929009866,44.0,26.0,30.75
Unknown,Unknown,5.0,0.0,0.0028878000000000003,0.0018321205473439785,255.0,26.0,88.0
Unknown,Unknown,5.0,0.0,0.0028858,0.0018333152211226524,255.0,27.0,88.25
Unknown,Unknown,5.0,0.0,0.0028794,0.001837027571921554,255.0,27.0,76.0
Unknown,Unknown,5.0,0.0,0.007539399999999999,0.010089063896120394,255.0,27.0,79.6
Unknown,Unknown,5.0,0.0,0.0067036,0.01040000460576821,255.0,2.0,71.2
Unknown,Unknown,5.0,0.0,0.0066652000000000005,0.010421091219253385,45.0,2.0,25.8
Unknown,Unknown,5.0,0.0,0.0066672,0.010419974385765063,45.0,2.0,26.0
Unknown,Unknown,14.4,21.019038988498025,0.0089026,0.010371215565207387,45.0,2.0,21.4
Unknown,Unknown,14.4,21.019038988498025,0.004242,0.005003219713344598,29.0,2.0,18.2
Unknown,Unknown,14.4,21.019038988498025,0.0042488000000000005,0.004999403534422881,29.0,4.0,23.6
Unknown,Unknown,14.4,21.01903898849803,0.004249000000000001,0.004999291849852337,30.0,4.0,24.0
Unknown,Unknown,23.8,25.742960202742807,0.004306000000000001,0.004969000050311934,30.0,4.0,20.0
Unknown,Unknown,15.4,20.574255758107025,0.0480574,0.10279860564375375,211.0,8.0,61.4
Unknown,Unknown,20.0,20.23610634484806,0.0486094,0.10249645433038158,211.0,8.0,88.2
Unknown,Unknown,24.6,18.51485889765299,0.04904879999999999,0.10225119442187461,211.0,8.0,84.8
Unknown,Unknown,29.2,14.93987951758648,0.049495,0.10199920168560143,211.0,8.0,88.0
Unknown,Unknown,24.4,8.049844718999243,0.04931339999999999,0.10210498574163751,211.0,12.0,117.4
Unknown,Unknown,28.0,0.0,0.003928,0.0014582107186548864,163.0,12.0,81.4
Unknown,Unknown,28.0,0.0,0.0036194000000000005,0.0013991334103651447,155.0,12.0,56.8
Unknown,Unknown,28.0,0.0,0.0039098,0.0016765782713610482,155.0,31.0,84.6
Unknown,Unknown,28.0,0.0,0.0133024,0.021256376697358373,240.0,31.0,123.4
Unknown,Unknown,28.0,0.0,0.014160399999999998,0.020735686805601596,240.0,31.0,124.0
Unknown,Unknown,28.0,0.0,0.014397199999999999,0.02061162646905867,240.0,40.0,129.6
Unknown,Unknown,23.4,10.285912696499032,0.0141532,0.02078351047585561,240.0,32.0,128.0
Unknown,Unknown,18.8,12.597618822618822,0.013448600000000002,0.02119874563034332,240.0,32.0,134.8
Unknown,Unknown,14.2,12.597618822618822,0.0036351999999999995,0.0021169806801196837,186.0,32.0,124.0
Unknown,Unknown,9.6,10.28591269649903,0.0028951999999999997,0.0018523437046077597,187.0,32.0,129.8
Unknown,Unknown,5.0,0.0,0.0020634,7.63203773575576e-05,188.0,32.0,155.6
Unknown,Unknown,5.0,0.0,0.0020252,0.00013813109715049684,188.0,33.0,155.8
Unknown,Unknown,5.0,0.0,0.0019584,0.00014737299616958324,188.0,33.0,125.6
Unknown,Unknown,5.0,0.0,0.0019236,0.00010823030998754464,188.0,33.0,95.4
Unknown,Unknown,5.0,0.0,0.0019555999999999996,0.00014692106724360535,189.0,33.0,95.8
Unknown,Unknown,5.0,0.0,0.0019105999999999997,0.00014638408383427478,190.0,33.0,96.2
Unknown,Unknown,6.0,2.23606797749979,0.0534572,0.11520554377372645,211.0,34.0,131.8
Unknown,Unknown,10.6,9.964938534682489,0.05379480000000001,0.11501867719722741,211.0,13.0,127.6
Unknown,Unknown,15.2,11.861703081766969,0.0542564,0.11476303631309169,211.0,13.0,152.0
Unknown,Unknown,19.8,11.366617790706258,0.054044,0.11488451718138525,211.0,10.0,116.2
Unknown,Unknown,24.4,8.049844718999243,0.058654200000000004,0.11270686468534206,211.0,10.0,108.6
Unknown,Unknown,28.0,0.0,0.009337000000000002,0.009776789248009798,241.0,10.0,114.6
Unknown,Unknown,28.0,0.0,0.0114734,0.009338907473575268,241.0,10.0,144.8
Unknown,Unknown,28.0,0.0,0.011224,0.00959234851326827,241.0,10.0,120.8
Unknown,Unknown,28.0,0.0,0.012182,0.008503498397718436,241.0,37.0,150.6
Unknown,Unknown,28.0,0.0,0.0111828,0.006752730573627234,241.0,37.0,132.2
Unknown,Unknown,28.0,0.0,0.009879,0.0069509594661456625,164.0,37.0,92.2
Unknown,Unknown,23.4,10.285912696499032,0.0074434,0.007196796113549417,159.0,37.0,67.0
Unknown,Unknown,18.8,12.597618822618822,0.0072658,0.007342420084685975,191.0,38.0,97.8
Unknown,Unknown,14.2,12.597618822618822,0.00652,0.007700183471840135,192.0,38.0,104.4
Unknown,Unknown,9.6,10.28591269649903,0.002941,0.001956341739062989,193.0,38.0,131.0
Unknown,Unknown,5.0,0.0,0.0020626,7.611701518057567e-05,194.0,38.0,161.6
Unknown,Unknown,5.0,0.0,0.0020244,0.000137741787413987,194.0,39.0,161.8
Unknown,Unknown,5.0,0.0,0.0019578,0.00014686796791676523,194.0,39.0,131.6
Unknown,Unknown,5.0,0.0,0.0019232,0.00010780862674201909,194.0,39.0,101.4
Unknown,Unknown,5.0,0.0,0.0019554000000000004,0.000146766140509315,195.0,39.0,101.8
Unknown,Unknown,5.0,0.0,0.0019108,0.00014623337512346485,196.0,39.0,102.2
Unknown,Unknown,5.0,0.0,0.0019646,0.0001493278272794458,196.0,40.0,127.4
Unknown,Unknown,5.0,0.0,0.001959,0.00015695222202950808,196.0,41.0,127.8
Unknown,Unknown,5.0,0.0,0.0019686,0.0001591690924771515,196.0,42.0,128.2
Unknown,Unknown,5.0,0.0,0.0019494,0.00013713788681469474,196.0,11.0,91.4
Unknown,Unknown,15.0,22.360679774997898,0.0025354,0.0012452352388203605,224.0,11.0,97.0
Unknown,Unknown,15.0,22.360679774997898,0.0025418,0.0012423820668377341,224.0,11.0,73.6
Unknown,Unknown,15.0,22.360679774997898,0.002627,0.0011906964348649073,224.0,11.0,67.6
Unknown,Unknown,15.0,22.360679774997898,0.0026254000000000004,0.0011917259752141011,224.0,11.0,67.8
Unknown,Unknown,15.0,22.360679774997898,0.0026168000000000003,0.0011970865465788178,224.0,12.0,74.4
Unknown,Unknown,14.4,21.019038988498025,0.0018030000000000003,0.0006310859687871375,48.0,12.0,32.2
Unknown,Unknown,14.4,21.019038988498025,0.0017843999999999998,0.0006210292263653941,44.0,12.0,31.4
Unknown,Unknown,23.4,25.205158202241062,0.0019014,0.0007600873633997609,49.0,13.0,38.8
Unknown,Unknown,32.8,25.390943267236057,0.0024282,0.0014515623307319603,49.0,13.0,33.0
Unknown,Unknown,41.8,20.59611613872868,0.0049454,0.005578442596280793,49.0,13.0,34.0
Unknown,Unknown,32.4,25.025986494042545,0.0051992,0.005360712238126572,49.0,15.0,41.2
Unknown,Unknown,32.4,25.025986494042545,0.0051922,0.005365925055384207,49.0,15.0,35.8
Unknown,Unknown,23.4,25.205158202241062,0.005037,0.005463045350351761,49.0,15.0,35.0
Unknown,Unknown,14.0,20.12461179749811,0.004512,0.005633836570224593,49.0,17.0,41.2
Unknown,Unknown,5.0,0.0,0.0019950000000000002,2.7285527299284423e-05,49.0,17.0,40.6
Unknown,Unknown,5.0,0.0,0.0020138,2.31883591485039e-05,46.0,17.0,34.6
Unknown,Unknown,14.4,21.019038988498025,0.0020266,1.926914632255427e-05,46.0,19.0,35.2
Unknown,Unknown,14.4,21.019038988498025,0.0020266,1.926914632255427e-05,46.0,19.0,35.4
Unknown,Unknown,14.4,21.019038988498025,0.0020324,2.0366639388961716e-05,46.0,19.0,30.4
Unknown,Unknown,14.4,21.01903898849803,0.0020316,2.1743964679883062e-05,47.0,19.0,30.6
Unknown,Unknown,14.4,21.01903898849803,0.0020507999999999998,5.527386362468243e-05,198.0,20.0,66.4
Unknown,Unknown,5.0,0.0,0.002006,0.00011625833303466897,199.0,21.0,102.2
Unknown,Unknown,5.0,0.0,0.0020038,0.00011612579386165678,199.0,21.0,102.8
Unknown,Unknown,5.0,0.0,0.0020038,0.00011612579386165678,199.0,23.0,103.2
Unknown,Unknown,25.6,46.06300033649567,0.002013,0.00011766052864066185,234.0,23.0,140.6
Unknown,Unknown,25.6,46.06300033649567,0.0025938000000000003,0.0013744988905051907,234.0,23.0,111.2
Unknown,Unknown,25.6,46.06300033649567,0.0026706,0.0013306933531058163,234.0,23.0,76.2
Unknown,Unknown,25.6,46.06300033649567,0.0026726,0.0013294498110120593,234.0,23.0,76.4
Unknown,Unknown,25.6,46.06300033649567,0.0026644,0.0013343904226275009,234.0,24.0,81.8
Unknown,Unknown,5.0,0.0,0.0026579999999999998,0.0013381632934735582,51.0,24.0,45.0
Unknown,Unknown,14.4,21.019038988498025,0.0025778000000000003,0.001159244020903278,50.0,24.0,40.2
Unknown,Unknown,14.4,21.019038988498025,0.0041536,0.003506965682751971,52.0,27.0,45.8
Unknown,Unknown,14.4,21.019038988498025,0.004147199999999999,0.003511869971966502,52.0,27.0,41.4
Unknown,Unknown,14.4,21.01903898849803,0.004149399999999999,0.003510196333540333,52.0,27.0,41.6
Unknown,Unknown,14.4,21.01903898849803,0.004155799999999999,0.0035053577135579187,52.0,27.0,37.6
Unknown,Unknown,5.0,0.0,0.0036296,0.0036093083547959707,52.0,28.0,42.6
Unknown,Unknown,5.0,0.0,0.0020156,2.264508776754915e-05,53.0,28.0,42.8
Unknown,Unknown,5.0,0.0,0.0020201999999999998,1.561089363233262e-05,53.0,30.0,47.8
Unknown,Unknown,5.0,0.0,0.0020262,1.9382982226685483e-05,53.0,30.0,44.0
Unknown,Unknown,5.0,0.0,0.0020262,1.9382982226685483e-05,246.0,32.0,87.2
Unknown,Unknown,5.0,0.0,0.0020264000000000002,1.9243180610283858e-05,246.0,32.0,87.4
Unknown,Unknown,5.0,0.0,0.0020326,2.0032473636573318e-05,246.0,32.0,83.6
Unknown,Unknown,5.0,0.0,0.002035,1.6446884203398685e-05,246.0,32.0,84.0
Unknown,Unknown,5.0,0.0,0.0020266,1.9269146322554267e-05,246.0,34.0,88.6
Unknown,Unknown,5.0,0.0,0.0020185999999999997,1.6831518053936892e-05,55.0,34.0,50.4
Unknown,Unknown,5.0,0.0,0.0020248,2.086144769664862e-05,55.0,34.0,47.2
Unknown,Unknown,15.0,22.360679774997898,0.0018256000000000001,0.00043333912816638195,55.0,37.0,51.0
Unknown,Unknown,15.0,22.360679774997898,0.0018315999999999999,0.0004368624497482016,55.0,37.0,47.6
Unknown,Unknown,25.0,27.386127875258307,0.0017558,0.00043210843546498835,55.0,37.0,47.2
Unknown,Unknown,25.0,27.386127875258307,0.0017767999999999998,0.0004495672363506932,53.0,37.0,46.8
Unknown,Unknown,25.0,27.386127875258307,0.0018088,0.0004783792428607245,53.0,38.0,47.2
Unknown,Unknown,15.0,22.360679774997898,0.0069856,0.011154267806539341,54.0,38.0,47.4
Unknown,Unknown,15.0,22.360679774997898,0.0069726,0.011161496642475866,54.0,39.0,47.8
Unknown,Unknown,5.0,0.0,0.007050400000000001,0.011116175502392897,56.0,39.0,48.4
Unknown,Unknown,5.0,0.0,0.007037400000000001,0.011123430262288698,56.0,39.0,46.0
Unknown,Unknown,5.0,0.0,0.006997999999999999,0.011145144996813638,57.0,40.0,49.6
Unknown,Unknown,5.0,0.0,0.0020206,2.740985224330847e-05,57.0,40.0,47.2
Unknown,Unknown,5.0,0.0,0.0020273999999999995,1.8528356645962982e-05,58.0,41.0,50.8
Unknown,Unknown,5.0,0.0,0.0020276,1.836572895367891e-05,59.0,41.0,51.4
Unknown,Unknown,14.4,21.019038988498025,0.0019932,6.771779677455553e-05,59.0,42.0,52.0
Unknown,Unknown,14.4,21.019038988498025,0.0019944,6.814176399242981e-05,60.0,42.0,52.6
Unknown,Unknown,14.4,21.019038988498025,0.002001,7.579907651152488e-05,60.0,44.0,55.2
Unknown,Unknown,14.4,21.01903898849803,0.002039,0.00012035572275550515,60.0,44.0,52.8
Unknown,Unknown,14.4,21.01903898849803,0.002039,0.00012035572275550515,83.0,44.0,57.6
Unknown,Unknown,14.0,20.12461179749811,0.0025650000000000004,0.0010872927388702641,83.0,46.0,60.0
Unknown,Unknown,14.0,20.12461179749811,0.004604,0.0043785023695323035,83.0,46.0,59.2
Unknown,Unknown,14.0,20.12461179749811,0.0045844,0.004392815816762638,83.0,46.0,57.8
Unknown,Unknown,14.0,20.12461179749811,0.0045466,0.004419122005557213,83.0,48.0,61.2
Unknown,Unknown,14.0,20.12461179749811,0.004553,0.004414561643017345,63.0,48.0,54.4
Unknown,Unknown,5.0,0.0,0.004061400000000001,0.004555842326068803,63.0,48.0,53.0
Unknown,Unknown,5.0,0.0,0.0020223999999999997,2.6801119379608056e-05,64.0,48.0,54.6
Unknown,Unknown,5.0,0.0,0.0020354,1.681665840766237e-05,119.0,49.0,68.8
Unknown,Unknown,5.0,0.0,0.002035,1.7349351572897476e-05,119.0,49.0,69.0
Unknown,Unknown,5.0,0.0,0.0020348000000000002,1.716682847820185e-05,119.0,49.0,69.4
Unknown,Unknown,5.0,0.0,0.024371999999999998,0.04995432011848424,119.0,51.0,71.0
Unknown,Unknown,15.0,22.360679774997898,0.0245376,0.04986297054227717,119.0,51.0,69.8
Unknown,Unknown,25.0,27.386127875258307,0.0251952,0.04951267633344011,64.0,51.0,57.6
Unknown,Unknown,45.4,42.553495743593146,0.025683999999999995,0.04923794027475154,58.0,51.0,56.0
Unknown,Unknown,54.8,36.09986149557918,0.0281896,0.048038554841918386,59.0,57.0,58.0
Unknown,Unknown,64.2,23.972901368002997,0.006519800000000001,0.004618764791586598,59.0,58.0,58.5
Unknown,Unknown,54.2,36.12063122372033,0.006351999999999999,0.004797475429848495,59.0,58.0,58.75
Unknown,Unknown,53.6,36.12893577176056,0.0057032,0.005173821575972638,60.0,59.0,59.25
Unknown,Unknown,42.6,21.019038988498025,0.005675999999999999,0.005182341796909964,60.0,33.0,54.0
Unknown,Unknown,33.2,25.742960202742807,0.0031703999999999994,0.0015822412268677616,60.0,33.0,52.8
Unknown,Unknown,23.8,25.742960202742807,0.002503,0.001018434828548199,60.0,33.0,51.6
Unknown,Unknown,23.8,25.742960202742807,0.002503,0.0010184348285481992,65.0,33.0,52.8
Unknown,Unknown,14.4,21.01903898849803,0.0024942,0.0010230536154083028,65.0,33.0,51.6
Unknown,Unknown,5.0,0.0,0.002715,0.001516723936647668,65.0,53.0,57.0
Unknown,Unknown,5.0,0.0,0.002715,0.001516723936647668,65.0,53.0,57.4
Unknown,Unknown,5.0,0.0,0.0029192,0.0014723877546353066,65.0,54.0,59.0
Unknown,Unknown,5.0,0.0,0.0029596,0.0014435207999886942,61.0,54.0,57.2
Unknown,Unknown,15.0,22.360679774997898,0.0026996000000000004,0.0017361717368970153,62.0,55.0,58.8
Unknown,Unknown,15.0,22.360679774997898,0.0020362,0.000830505087281228,62.0,55.0,59.2
Unknown,Unknown,15.0,22.360679774997898,0.0020682,0.0008340999340606616,62.0,56.0,59.6
Unknown,Unknown,15.0,22.360679774997898,0.0018578000000000002,0.0006254348087530787,66.0,56.0,60.6
Unknown,Unknown,24.0,26.076809620810597,0.0020898,0.0009288835772043772,66.0,57.0,62.0
Unknown,Unknown,23.4,25.205158202241062,0.0023924000000000003,0.0005527990593334978,85.0,57.0,66.6
Unknown,Unknown,32.4,25.025986494042545,0.0028532,0.0010213213010605428,102.0,57.0,74.6
Unknown,Unknown,41.4,20.36663938896155,0.0030834,0.0009675584220087177,102.0,63.0,75.8
Unknown,Unknown,41.4,20.366639388961545,0.0030708,0.0009851833331923554,102.0,63.0,75.2
Unknown,Unknown,32.4,25.025986494042545,0.002794,0.0010717774955651942,102.0,59.0,74.4
Unknown,Unknown,23.0,24.647515087732476,0.0027452,0.001107086356161975,102.0,59.0,70.8
Unknown,Unknown,14.0,20.12461179749811,0.0022716,0.0006083434884997125,67.0,59.0,62.4
Unknown,Unknown,5.0,0.0,0.0020094,4.111933851608032e-05,67.0,59.0,61.8
Unknown,Unknown,5.0,0.0,0.0020223999999999997,2.6510375327407305e-05,68.0,59.0,62.8
Unknown,Unknown,6.0,2.23606797749979,0.012260199999999999,0.02287039622962401,211.0,60.0,93.2
Unknown,Unknown,10.6,9.964938534682489,0.014493999999999998,0.022154033165543464,211.0,60.0,111.6
Unknown,Unknown,15.2,11.861703081766969,0.015234999999999999,0.021690747405287814,211.0,15.0,102.6
Unknown,Unknown,19.8,11.366617790706258,0.016087399999999998,0.021119134068422408,211.0,15.0,121.2
Unknown,Unknown,24.4,8.049844718999243,0.0231578,0.021148992652133575,211.0,15.0,120.0
Unknown,Unknown,28.0,0.0,0.0187504,0.01461828653775811,159.0,15.0,86.2
Unknown,Unknown,28.0,0.0,0.0177108,0.015282670502893139,245.0,15.0,103.4
Unknown,Unknown,28.0,0.0,0.0169592,0.016088974973564974,245.0,42.0,134.2
Unknown,Unknown,28.0,0.0,0.0163646,0.016626917447320175,245.0,42.0,117.4
Unknown,Unknown,28.0,0.0,0.0104924,0.011853196754462484,245.0,42.0,137.0
Unknown,Unknown,28.0,0.0,0.0045798,0.0031880833113330023,245.0,62.0,141.0
Unknown,Unknown,23.4,10.285912696499032,0.0033834000000000004,0.0026696092972568106,169.0,62.0,106.0
Unknown,Unknown,18.8,12.597618822618822,0.003386,0.002667923630841033,160.0,62.0,86.2
Unknown,Unknown,24.2,20.70507184242547,0.0035234000000000003,0.002682356296244032,160.0,62.0,87.8
Unknown,Unknown,19.6,22.154006409676782,0.0023442,0.0009612750386855989,77.0,62.0,68.8
Unknown,Unknown,15.0,22.360679774997898,0.0024332,0.0008898540329739477,77.0,65.0,70.4
Unknown,Unknown,15.0,22.360679774997898,0.0024733999999999997,0.0008700498836273698,77.0,65.0,69.4
Unknown,Unknown,15.0,22.360679774997898,0.0024814,0.0008648576761525562,77.0,65.0,68.6
Unknown,Unknown,5.0,0.0,0.0020806,8.061513505539765e-05,70.0,65.0,67.2
Unknown,Unknown,5.0,0.0,0.0058406,0.008426093923046432,70.0,65.0,67.4
Unknown,Unknown,5.0,0.0,0.0058336,0.008430078101654812,70.0,65.0,67.0
Unknown,Unknown,5.0,0.0,0.005795600000000001,0.00845091496821498,71.0,66.0,68.2
Unknown,Unknown,5.0,0.0,0.005795600000000001,0.00845091496821498,71.0,66.0,68.8
Unknown,Unknown,5.0,0.0,0.005794800000000001,0.008451362032240721,71.0,66.0,69.0
Unknown,Unknown,5.0,0.0,0.0020154,2.3006520814760462e-05,72.0,68.0,70.2
Unknown,Unknown,5.0,0.0,0.0020218,1.4131525041551677e-05,73.0,69.0,71.2
Unknown,Unknown,5.0,0.0,0.0020278,1.7541379649275132e-05,73.0,56.0,68.2
Unknown,Unknown,5.0,0.0,0.0020198,1.5610893632332583e-05,73.0,56.0,69.0
Unknown,Unknown,5.0,0.0,0.0020454,5.668597710192524e-05,202.0,56.0,95.2
Unknown,Unknown,5.0,0.0,0.0020964,0.00011166825869511884,203.0,56.0,121.4
Unknown,Unknown,5.0,0.0,0.0020553999999999998,0.00017123317435590565,203.0,56.0,121.6
Unknown,Unknown,5.0,0.0,0.0020336,0.00017931759534412674,203.0,73.0,125.4
Unknown,Unknown,5.0,0.0,0.0020606,0.0001844025487893266,204.0,74.0,151.6
Unknown,Unknown,5.0,0.0,0.0019966000000000003,0.0002032247524294223,205.0,74.0,152.2
Unknown,Unknown,15.0,22.360679774997898,0.0275718,0.05734143495501312,205.0,67.0,125.0
Unknown,Unknown,15.0,22.360679774997898,0.0276514,0.05729698985374364,205.0,67.0,125.0
Unknown,Unknown,24.4,26.585710447531774,0.033283799999999995,0.055493191561668175,205.0,67.0,123.6
Unknown,Unknown,24.4,26.585710447531774,0.033259,0.05551061318793011,205.0,67.0,96.4
Unknown,Unknown,24.4,26.585710447531774,0.033303799999999995,0.055478981422697374,75.0,67.0,70.4
Unknown,Unknown,14.4,21.01903898849803,0.00769,0.012527778793545167,171.0,68.0,91.2
Unknown,Unknown,14.4,21.01903898849803,0.007607,0.012574474501942417,171.0,68.0,91.6
Unknown,Unknown,22.0,38.01315561749642,0.2445592,0.542415207585204,171.0,16.0,81.2
Unknown,Unknown,23.0,37.51666296460814,0.5917802,0.8285456394259161,211.0,16.0,109.8
Unknown,Unknown,27.6,36.14277244484712,0.5927802,0.8276584703920453,211.0,16.0,98.2
Unknown,Unknown,32.2,33.94407164734367,0.5931112,0.8273634542002687,211.0,16.0,77.8
Unknown,Unknown,36.8,30.744105126023754,0.5941232,0.8264619582837434,211.0,16.0,94.6
Unknown,Unknown,24.4,8.049844718999243,0.3521936,0.7747592568816459,211.0,17.0,125.8
Unknown,Unknown,28.0,0.0,0.0070384,0.003258596599764997,172.0,17.0,92.2
Unknown,Unknown,28.0,0.0,0.0080062,0.003914389313801068,172.0,43.0,104.2
Unknown,Unknown,28.0,0.0,0.009557399999999999,0.0032836079699014014,172.0,43.0,103.0
Unknown,Unknown,28.0,0.0,0.0114042,0.003917218490204497,247.0,43.0,120.4
Unknown,Unknown,28.0,0.0,0.016028800000000003,0.007120369913143558,247.0,43.0,118.2
Unknown,Unknown,28.0,0.0,0.0173062,0.006862987192178053,247.0,63.0,124.8
Unknown,Unknown,23.4,10.285912696499032,0.015329200000000001,0.00966605279832466,247.0,63.0,125.0
Unknown,Unknown,18.8,12.597618822618822,0.013460000000000003,0.011351095740059635,247.0,76.0,153.6
Unknown,Unknown,14.2,12.597618822618822,0.010671400000000001,0.01222381549680786,207.0,76.0,145.6
Unknown,Unknown,9.6,10.28591269649903,0.005400799999999999,0.007453870484520107,208.0,76.0,155.0
Unknown,Unknown,5.0,0.0,0.0020632,7.637538870604844e-05,209.0,78.0,181.6
Unknown,Unknown,5.0,0.0,0.0020247999999999998,0.000138481767753015,209.0,79.0,181.8
Unknown,Unknown,5.0,0.0,0.001958,0.00014747542168103806,209.0,79.0,156.6
Unknown,Unknown,5.0,0.0,0.0019232,0.0001082090569222373,209.0,79.0,131.4
Unknown,Unknown,5.0,0.0,0.0019549999999999997,0.00014669526236385405,210.0,79.0,131.8
Unknown,Unknown,5.0,0.0,0.0019104,0.0001460095887262202,211.0,79.0,132.2
Unknown,Unknown,5.0,0.0,0.0019644000000000003,0.00014902952727563753,211.0,80.0,151.0
Unknown,Unknown,5.0,0.0,0.001961,0.00015358548108463898,211.0,81.0,151.4
Unknown,Unknown,5.0,0.0,0.001983,0.00016262994804155847,211.0,82.0,170.0
Unknown,Unknown,5.0,0.0,0.0019122,0.000152868243922667,211.0,82.0,144.6
Unknown,Unknown,5.0,0.0,0.0019478000000000002,0.00014753541947613806,174.0,82.0,119.2
Unknown,Unknown,5.0,0.0,0.0019604,0.0001633808434303116,212.0,82.0,127.0
Unknown,Unknown,5.0,0.0,0.0020305999999999996,0.0001475781149086814,213.0,83.0,153.2
Unknown,Unknown,5.0,0.0,0.0020114000000000004,0.00014594279701307623,214.0,83.0,161.2
Unknown,Unknown,5.0,0.0,0.0020632000000000003,7.606050223341931e-05,215.0,84.0,187.6
Unknown,Unknown,5.0,0.0,0.0020247999999999998,0.00013830835115783856,215.0,85.0,187.8
Unknown,Unknown,5.0,0.0,0.0019582,0.00014762520110062508,215.0,85.0,162.6
Unknown,Unknown,5.0,0.0,0.0019234,0.00010849331776657952,215.0,85.0,137.4
Unknown,Unknown,5.0,0.0,0.0019552,0.00014685094483863554,216.0,85.0,137.8
Unknown,Unknown,5.0,0.0,0.0019104,0.0001460095887262202,217.0,85.0,138.2
Unknown,Unknown,6.0,2.23606797749979,0.0259152,0.05361984909713939,217.0,86.0,163.4
Unknown,Unknown,10.6,9.964938534682489,0.0273566,0.05290188744553449,217.0,18.0,149.8
Unknown,Unknown,15.2,11.861703081766969,0.027606799999999997,0.05275455195241449,217.0,18.0,164.6
Unknown,Unknown,19.8,11.366617790706258,0.028855600000000002,0.05207052096244093,217.0,18.0,134.4
Unknown,Unknown,24.4,8.049844718999243,0.0316402,0.050615429408432354,211.0,18.0,122.0
Unknown,Unknown,28.0,0.0,0.0083602,0.004742650545844591,248.0,18.0,129.4
Unknown,Unknown,28.0,0.0,0.0107092,0.007343903914131774,248.0,44.0,134.6
Unknown,Unknown,28.0,0.0,0.014302200000000001,0.007156076487852823,248.0,44.0,117.8
Unknown,Unknown,28.0,0.0,0.015362999999999998,0.0064145265998357195,248.0,44.0,137.2
Unknown,Unknown,28.0,0.0,0.0142792,0.006780967866020307,248.0,44.0,141.2
Unknown,Unknown,28.0,0.0,0.013829,0.007546610066778329,175.0,44.0,109.2
Unknown,Unknown,23.4,10.285912696499032,0.010077000000000001,0.007894091683024716,175.0,77.0,118.2
Unknown,Unknown,18.8,12.597618822618822,0.0062684,0.005392497686601266,219.0,88.0,146.6
Unknown,Unknown,14.2,12.597618822618822,0.003959,0.0035912484597977897,220.0,88.0,158.2
Unknown,Unknown,9.6,10.28591269649903,0.0022902,0.0005042189008754035,221.0,88.0,167.4
Unknown,Unknown,5.0,0.0,0.0020504,8.439668239925067e-05,221.0,89.0,194.0
Unknown,Unknown,5.0,0.0,0.002012,0.00013870111751532494,221.0,90.0,194.2
Unknown,Unknown,5.0,0.0,0.001993,0.00012193440859740944,222.0,90.0,194.8
Unknown,Unknown,5.0,0.0,0.0019261999999999999,0.0001101326472940699,222.0,90.0,169.0
Unknown,Unknown,5.0,0.0,0.0019234,0.00010849331776657952,222.0,90.0,143.2
Unknown,Unknown,5.0,0.0,0.0019552,0.00014685094483863554,223.0,90.0,143.6
Unknown,Unknown,5.0,0.0,0.0019578,0.0001436965552823031,224.0,91.0,170.4
Unknown,Unknown,5.0,0.0,0.0019516,0.0001394930105775912,224.0,91.0,144.6
Unknown,Unknown,5.0,0.0,0.0020696,0.00021682089382714023,224.0,92.0,161.6
Unknown,Unknown,5.0,0.0,0.002077,0.00021312906887611553,224.0,93.0,162.0
Unknown,Unknown,16.6,25.93838853899756,0.0030754,0.0022785251370129756,249.0,93.0,167.2
Unknown,Unknown,16.6,25.93838853899756,0.0031908000000000006,0.00221283905876591,249.0,93.0,172.2
Unknown,Unknown,16.6,25.93838853899756,0.0032674,0.0021681836407463273,250.0,94.0,203.6
Unknown,Unknown,16.6,25.93838853899756,0.0032673999999999993,0.0021681836407463277,250.0,94.0,218.4
Unknown,Unknown,16.6,25.93838853899756,0.0032245999999999998,0.002201169984349232,250.0,95.0,218.6
Unknown,Unknown,5.0,0.0,0.002212,0.0002744029883219205,250.0,95.0,188.0
Unknown,Unknown,5.0,0.0,0.0022312,0.00029345561845021815,250.0,95.0,173.6
Unknown,Unknown,5.0,0.0,0.0021674000000000003,0.0002823194998578738,250.0,95.0,143.0
Unknown,Unknown,5.0,0.0,0.0021864,0.0003041550591392489,251.0,95.0,143.2
Unknown,Unknown,5.0,0.0,0.0021842,0.00030773966270209634,251.0,96.0,143.8
Unknown,Unknown,5.0,0.0,0.0021842,0.00030773966270209634,251.0,97.0,144.4
Unknown,Unknown,5.0,0.0,0.0020992,0.0002545264229898343,251.0,97.0,128.8
Unknown,Unknown,5.0,0.0,0.0021822,0.00030861740067598264,251.0,78.0,125.0
Unknown,Unknown,5.0,0.0,0.0020406,0.00029175383459348044,100.0,78.0,94.8
Unknown,Unknown,5.0,0.0,0.0020876,0.0002562465609525325,101.0,78.0,95.4
Unknown,Unknown,5.0,0.0,0.0020764,0.00025836853523600735,101.0,78.0,95.8
Unknown,Unknown,5.0,0.0,0.0020636,0.00026034265881718266,101.0,78.0,96.2
Unknown,Unknown,5.0,0.0,0.0020444,0.00022116577492912418,101.0,79.0,96.4
Unknown,Unknown,5.0,0.0,0.0020898,0.0001728921629224414,101.0,79.0,96.6
Unknown,Unknown,5.0,0.0,0.0020448000000000003,0.0002198162869307004,102.0,79.0,96.8
Unknown,Unknown,5.0,0.0,0.0020000000000000005,0.00024837874305181593,103.0,79.0,97.2
Unknown,Unknown,5.0,0.0,0.0019570000000000004,0.0002651263849563072,104.0,79.0,97.8
Unknown,Unknown,5.0,0.0,0.0018354000000000003,9.928141820099066e-05,104.0,101.0,102.8
Unknown,Unknown,5.0,0.0,0.0017912000000000002,4.4721359549992034e-07,104.0,102.0,103.4
Unknown,Unknown,5.0,0.0,0.0017918,1.3038404810405116e-06,104.0,103.0,103.8
Unknown,Unknown,5.0,0.0,0.0017920000000000002,1.2247448713915746e-06,105.0,104.0,104.2
Unknown,Unknown,5.0,0.0,0.0017919999999999998,1.2247448713915746e-06,105.0,104.0,104.4
Unknown,Unknown,5.0,0.0,0.0017919999999999998,1.2247448713915746e-06,105.0,104.0,104.6
Unknown,Unknown,5.0,0.0,0.00179,4.636809247747882e-06,105.0,104.0,104.8
Unknown,Unknown,5.0,0.0,0.0018452,0.00012573265287903527,106.0,105.0,105.2
Unknown,Unknown,5.0,0.0,0.0019028,0.00015727905137048596,106.0,105.0,105.4
Unknown,Unknown,5.0,0.0,0.0019624,0.0001607460730469021,106.0,105.0,105.6
Unknown,Unknown,5.0,0.0,0.0021032000000000004,0.000254223720372431,106.0,80.0,100.6
Unknown,Unknown,5.0,0.0,0.00215,0.0001949371693649007,107.0,80.0,101.0
Unknown,Unknown,5.0,0.0,0.0021392,0.00020185068739045692,107.0,80.0,101.2
Unknown,Unknown,5.0,0.0,0.0021242,0.00020997309351438335,107.0,80.0,101.4
Unknown,Unknown,5.0,0.0,0.0021862,0.00024052588218318626,107.0,80.0,96.4
Unknown,Unknown,5.0,0.0,0.0020904,0.00017257838798644522,107.0,81.0,101.8
Unknown,Unknown,5.0,0.0,0.0020456000000000003,0.00021943404476060688,108.0,81.0,102.0
Unknown,Unknown,5.0,0.0,0.0019986,0.0002503483572943909,108.0,81.0,102.2
Unknown,Unknown,5.0,0.0,0.0019538,0.00026831455420830237,108.0,81.0,102.4
Unknown,Unknown,5.0,0.0,0.0018321999999999998,0.00010288197120973138,108.0,107.0,107.8
Unknown,Unknown,5.0,0.0,0.0017873999999999998,5.85662018573851e-06,109.0,108.0,108.2
Unknown,Unknown,5.0,0.0,0.0017871999999999999,5.6745043836444396e-06,109.0,108.0,108.4
Unknown,Unknown,5.0,0.0,0.0017898,5.069516742254626e-06,109.0,108.0,108.6
Unknown,Unknown,5.0,0.0,0.0017918000000000003,1.3038404810405116e-06,109.0,108.0,108.8
Unknown,Unknown,5.0,0.0,0.0017919999999999998,1.2247448713915746e-06,110.0,109.0,109.2
Unknown,Unknown,5.0,0.0,0.0017904000000000004,3.781534080237816e-06,111.0,109.0,109.6
Unknown,Unknown,5.0,0.0,0.0017908,3.9623225512318095e-06,111.0,109.0,110.0
Unknown,Unknown,5.0,0.0,0.0017908,3.9623225512318095e-06,111.0,109.0,110.4
Unknown,Unknown,5.0,0.0,0.0017910000000000003,4.000000000000016e-06,111.0,110.0,110.8
Unknown,Unknown,5.0,0.0,0.0017910000000000003,4.000000000000016e-06,112.0,111.0,111.2
Unknown,Unknown,5.0,0.0,0.0017926,8.944271909999497e-07,112.0,111.0,111.4
Unknown,Unknown,5.0,0.0,0.0017904,4.77493455452535e-06,112.0,111.0,111.6
Unknown,Unknown,5.0,0.0,0.001788,5.477225575051675e-06,112.0,111.0,111.8
Unknown,Unknown,5.0,0.0,0.0017884,5.899152481501077e-06,113.0,112.0,112.2
Unknown,Unknown,5.0,0.0,0.0017888000000000001,6.260990336999446e-06,113.0,112.0,112.4
Unknown,Unknown,5.0,0.0,0.0017892000000000001,6.572670690062035e-06,113.0,112.0,112.6
Unknown,Unknown,5.0,0.0,0.0017916000000000002,5.3665631459995286e-06,113.0,112.0,112.8
Unknown,Unknown,5.0,0.0,0.0017922,4.024922359499671e-06,114.0,113.0,113.2
Unknown,Unknown,5.0,0.0,0.0017922,4.024922359499671e-06,114.0,113.0,113.4
Unknown,Unknown,5.0,0.0,0.0017922,4.024922359499671e-06,114.0,113.0,113.6
Unknown,Unknown,5.0,0.0,0.0017896,6.188699378706338e-06,114.0,113.0,113.8
Unknown,Unknown,5.0,0.0,0.0017889999999999996,5.787918451395131e-06,115.0,114.0,114.2
Unknown,Unknown,5.0,0.0,0.0017886000000000002,6.188699378706308e-06,115.0,114.0,114.4
Unknown,Unknown,5.0,0.0,0.0017884,5.983310120660641e-06,115.0,114.0,114.6
Unknown,Unknown,5.0,0.0,0.0017864,5.272570530585653e-06,115.0,114.0,114.8
Unknown,Unknown,5.0,0.0,0.0017886,4.7222875812470425e-06,116.0,115.0,115.2
Unknown,Unknown,5.0,0.0,0.001789,5.049752469181055e-06,116.0,115.0,115.4
Unknown,Unknown,5.0,0.0,0.0017906000000000003,3.781534080237842e-06,116.0,115.0,115.6
Unknown,Unknown,5.0,0.0,0.0017886000000000002,4.7222875812470425e-06,116.0,115.0,115.8
Unknown,Unknown,5.0,0.0,0.001788,5.567764362830021e-06,117.0,116.0,116.2
Unknown,Unknown,5.0,0.0,0.0017884,5.98331012066064e-06,117.0,116.0,116.4
Unknown,Unknown,5.0,0.0,0.0017884,5.983310120660641e-06,117.0,116.0,116.6
Unknown,Unknown,5.0,0.0,0.0017884,5.98331012066064e-06,117.0,116.0,116.8
Unknown,Unknown,5.0,0.0,0.0017882000000000002,6.2209324059983526e-06,118.0,117.0,117.2
Unknown,Unknown,5.0,0.0,0.0017886,5.683308895353156e-06,118.0,117.0,117.4
Unknown,Unknown,5.0,0.0,0.0017862,5.357238094391605e-06,118.0,117.0,117.6
Unknown,Unknown,5.0,0.0,0.0018088,5.446742145539842e-05,120.0,117.0,118.2
Unknown,Unknown,5.0,0.0,0.0018792,0.00015689072630337332,225.0,118.0,139.8
Unknown,Unknown,6.0,2.23606797749979,0.0081414,0.013949144930783391,225.0,118.0,158.4
Unknown,Unknown,10.6,9.964938534682489,0.0085622,0.013739540410799772,225.0,118.0,167.4
Unknown,Unknown,15.2,11.861703081766969,0.0087608,0.013623722369455417,225.0,72.0,158.2
Unknown,Unknown,19.8,11.366617790706258,0.0091264,0.013416737338116148,225.0,19.0,138.0
Unknown,Unknown,24.4,8.049844718999243,0.009006799999999999,0.01349697737273053,211.0,19.0,117.2
Unknown,Unknown,23.4,10.285912696499032,0.0027847999999999996,0.0010363287123302141,226.0,19.0,120.2
Unknown,Unknown,18.8,12.597618822618822,0.0023694,0.000890015898734399,226.0,19.0,112.0
Unknown,Unknown,18.8,12.597618822618822,0.002012,0.0010336336391584787,226.0,19.0,106.6
Unknown,Unknown,18.8,12.597618822618822,0.005784599999999999,0.00940595531033398,226.0,45.0,134.0
Unknown,Unknown,14.2,12.597618822618822,0.005895,0.009346807289122848,226.0,45.0,134.4
Unknown,Unknown,14.2,12.597618822618822,0.0059142000000000005,0.009336855664515756,179.0,45.0,125.0
Unknown,Unknown,18.8,12.597618822618822,0.0060848,0.009250511023721878,252.0,45.0,151.0
Unknown,Unknown,14.2,12.597618822618822,0.006315800000000001,0.00910468874811215,252.0,123.0,187.4
Unknown,Unknown,14.2,12.597618822618822,0.00383,0.0035513163756556525,252.0,123.0,191.8
Unknown,Unknown,18.8,12.597618822618822,0.004176399999999999,0.003422138921785613,252.0,66.0,180.4
Unknown,Unknown,18.8,12.597618822618822,0.0041168,0.00347005881794531,252.0,66.0,169.4
Unknown,Unknown,18.8,12.597618822618822,0.004062,0.00350078476916248,227.0,66.0,151.6
Unknown,Unknown,18.8,12.597618822618822,0.00403,0.003523369693915187,228.0,66.0,151.8
Unknown,Unknown,14.2,12.597618822618822,0.0023584,0.0008571258950702633,228.0,66.0,141.2
Unknown,Unknown,9.6,10.28591269649903,0.0020212,0.000251928958240215,229.0,124.0,173.8
Unknown,Unknown,9.6,10.28591269649903,0.0021127999999999997,0.00022453329374504802,230.0,125.0,195.0
Unknown,Unknown,5.0,0.0,0.001997,0.00019365820406065944,230.0,125.0,187.6
Unknown,Unknown,5.0,0.0,0.0019943999999999995,0.00019398015362402416,230.0,125.0,167.4
Unknown,Unknown,5.0,0.0,0.0020610000000000003,0.0001705974794655537,231.0,126.0,188.6
Unknown,Unknown,5.0,0.0,0.0019968,0.00019118237366451963,232.0,126.0,189.2
Unknown,Unknown,5.0,0.0,0.0019645999999999995,0.00014912343880155122,232.0,84.0,160.0
Unknown,Unknown,5.0,0.0,0.0019592,0.00015643113500834793,232.0,84.0,160.4
Unknown,Unknown,5.0,0.0,0.0019241999999999998,0.00017219378618289335,232.0,84.0,160.6
Unknown,Unknown,5.0,0.0,0.0018543999999999998,0.00012581852009938756,232.0,84.0,140.0
Unknown,Unknown,5.0,0.0,0.0018488,0.00012822129308348124,128.0,84.0,119.2
Unknown,Unknown,5.0,0.0,0.0017913999999999999,4.929503017546454e-06,129.0,128.0,128.2
Unknown,Unknown,5.0,0.0,0.0017934000000000001,1.5165750888102682e-06,129.0,128.0,128.4
Unknown,Unknown,5.0,0.0,0.0017928,1.303840481040528e-06,129.0,128.0,128.6
Unknown,Unknown,5.0,0.0,0.0017904,4.827007354458909e-06,129.0,128.0,128.8
Unknown,Unknown,5.0,0.0,0.001788,5.522680508593687e-06,130.0,129.0,129.2
Unknown,Unknown,5.0,0.0,0.0017881999999999998,5.674504383644485e-06,130.0,129.0,129.4
Unknown,Unknown,5.0,0.0,0.0017877999999999998,5.310367218940729e-06,130.0,129.0,129.6
Unknown,Unknown,5.0,0.0,0.0017875999999999999,5.1283525619832766e-06,130.0,129.0,129.8
Unknown,Unknown,5.0,0.0,0.0017896,4.277849927241513e-06,131.0,130.0,130.2
Unknown,Unknown,5.0,0.0,0.0017916000000000002,5.477225575051201e-07,131.0,130.0,130.4
Unknown,Unknown,5.0,0.0,0.0017904,2.5099800796022056e-06,131.0,130.0,130.6
Unknown,Unknown,5.0,0.0,0.0017912000000000002,3.2710854467591853e-06,131.0,130.0,130.8
Unknown,Unknown,5.0,0.0,0.0017904,3.7815340802377788e-06,132.0,131.0,131.2
Unknown,Unknown,5.0,0.0,0.0017904,3.7815340802377788e-06,132.0,131.0,131.4
Unknown,Unknown,5.0,0.0,0.0017884,5.128352561983223e-06,132.0,131.0,131.6
Unknown,Unknown,5.0,0.0,0.0017896,5.128352561983236e-06,132.0,131.0,131.8
Unknown,Unknown,5.0,0.0,0.0018118,5.282234375716396e-05,133.0,132.0,132.2
Unknown,Unknown,5.0,0.0,0.001883,0.00015402272559593273,233.0,132.0,152.4
Unknown,Unknown,5.0,0.0,0.0019209999999999997,0.00014932514858522657,234.0,132.0,172.8
Unknown,Unknown,5.0,0.0,0.0019264,0.00014341303985342474,234.0,132.0,173.2
Unknown,Unknown,5.0,0.0,0.0019874,0.0001366612600556573,234.0,133.0,173.8
Unknown,Unknown,5.0,0.0,0.0020348,0.00014235237967803694,235.0,134.0,194.2
Unknown,Unknown,5.0,0.0,0.0020028,0.00012933754288681993,236.0,134.0,194.8
Unknown,Unknown,5.0,0.0,0.0019682,0.0001565669186003224,236.0,134.0,175.2
Unknown,Unknown,25.4,45.61578674099571,0.08385719999999999,0.18302042043498865,253.0,135.0,199.0
Unknown,Unknown,26.4,45.10875746459882,0.3327922,0.5407931276871961,253.0,136.0,214.2
Unknown,Unknown,31.0,43.52585438564073,0.33446980000000004,0.5395225073318999,253.0,136.0,200.0
Unknown,Unknown,35.6,41.246818059093975,0.3343134,0.5396430862721212,253.0,85.0,169.8
Unknown,Unknown,40.2,38.14708376796318,0.3345922,0.5394286733588604,253.0,20.0,146.6
Unknown,Unknown,24.4,8.049844718999243,0.25281300000000007,0.5556519861554532,211.0,20.0,110.6
Unknown,Unknown,28.0,0.0,0.0045196,0.003680110025529128,164.0,20.0,81.8
Unknown,Unknown,28.0,0.0,0.0030231999999999998,0.0015002090520990733,157.0,20.0,80.4
Unknown,Unknown,28.0,0.0,0.0096638,0.013873976203669947,157.0,20.0,90.8
Unknown,Unknown,28.0,0.0,0.0119766,0.013486144345215943,164.0,67.0,119.6
Unknown,Unknown,28.0,0.0,0.013670199999999999,0.012469656839704931,164.0,46.0,114.2
Unknown,Unknown,28.0,0.0,0.014239000000000002,0.012050505985227342,181.0,46.0,137.0
Unknown,Unknown,23.4,10.285912696499032,0.014044999999999998,0.012281287575006131,182.0,46.0,142.0
Unknown,Unknown,18.8,12.597618822618822,0.0075224,0.005618500226928892,182.0,46.0,142.2
Unknown,Unknown,14.2,12.597618822618822,0.00495,0.004250144821061983,182.0,46.0,137.2
Unknown,Unknown,9.6,10.28591269649903,0.0032132000000000007,0.002762699802729207,237.0,138.0,175.4
Unknown,Unknown,5.0,0.0,0.0019798,0.00013909960460044445,238.0,138.0,186.8
Unknown,Unknown,5.0,0.0,0.001926,0.00014310310967969903,238.0,138.0,178.4
Unknown,Unknown,5.0,0.0,0.0019871999999999997,0.00013620095447536328,238.0,139.0,179.0
Unknown,Unknown,5.0,0.0,0.0020348,0.00014176635708093788,239.0,140.0,199.0
Unknown,Unknown,5.0,0.0,0.0020030000000000004,0.00012896317303788706,240.0,140.0,199.6
Unknown,Unknown,5.0,0.0,0.0019686,0.00015605864282377952,240.0,140.0,180.4
Unknown,Unknown,5.0,0.0,0.0020223999999999997,0.00013226790994039334,240.0,141.0,189.0
Unknown,Unknown,5.0,0.0,0.0019611999999999997,0.00015750619035453811,240.0,142.0,189.4
Unknown,Unknown,5.0,0.0,0.0019138000000000002,0.0001204105477107384,240.0,142.0,170.4
Unknown,Unknown,5.0,0.0,0.0019458,0.000158602332895831,241.0,142.0,170.6
Unknown,Unknown,5.0,0.0,0.0019803999999999998,0.00013926162429039808,242.0,143.0,190.6
Unknown,Unknown,5.0,0.0,0.0019264,0.00014374560862857684,242.0,143.0,183.0
Unknown,Unknown,5.0,0.0,0.0019747999999999996,0.00012646027044095704,242.0,144.0,183.6
Unknown,Unknown,5.0,0.0,0.002022,0.00013788763541376718,243.0,145.0,203.4
Unknown,Unknown,5.0,0.0,0.00199,0.00012022063050907687,244.0,145.0,204.0
Unknown,Unknown,5.0,0.0,0.0019552,0.00014531758324442357,244.0,145.0,185.0
Unknown,Unknown,5.0,0.0,0.0020220000000000004,0.00013788763541376718,245.0,146.0,205.0
Unknown,Unknown,5.0,0.0,0.0020312000000000004,0.00014031820979473755,246.0,147.0,225.0
Unknown,Unknown,5.0,0.0,0.0019646,0.0001530320227926168,246.0,147.0,206.0
Unknown,Unknown,5.0,0.0,0.0019619999999999998,0.0001527514320718467,246.0,147.0,187.0
Unknown,Unknown,5.0,0.0,0.0020288,0.00014175048500798855,247.0,148.0,207.0
Unknown,Unknown,5.0,0.0,0.0019648,0.00014933586307381088,248.0,148.0,207.6
Unknown,Unknown,25.4,45.61578674099571,0.054172200000000004,0.11680321308808247,248.0,74.0,173.2
Unknown,Unknown,26.4,45.10875746459882,0.14797,0.21296536011638137,248.0,74.0,185.8
Unknown,Unknown,31.0,43.52585438564073,0.14920080000000002,0.2119258760810015,248.0,22.0,160.4
Unknown,Unknown,35.6,41.246818059093975,0.14948520000000004,0.21168000206372825,248.0,22.0,138.75
Unknown,Unknown,40.2,38.14708376796318,0.1497292,0.2114678391900291,211.0,22.0,98.25
Unknown,Unknown,24.4,8.049844718999243,0.097789,0.20852874194820242,211.0,22.0,121.0
Unknown,Unknown,28.0,0.0,0.0065376,0.004933819190039294,165.0,22.0,107.75
Unknown,Unknown,28.0,0.0,0.016042,0.02266506384283971,165.0,86.0,139.75
Unknown,Unknown,28.0,0.0,0.0160852,0.022635523722679803,165.0,86.0,144.8
Unknown,Unknown,28.0,0.0,0.0163636,0.022442751520257046,184.0,150.0,164.4
Unknown,Unknown,28.0,0.0,0.0172154,0.021902759376389087,184.0,47.0,140.8
Unknown,Unknown,28.0,0.0,0.0180246,0.0218539374095379,255.0,47.0,160.2
Unknown,Unknown,23.4,10.285912696499032,0.0072764,0.006656408025354215,255.0,47.0,160.4
Unknown,Unknown,18.8,12.597618822618822,0.0069488,0.006907033313948905,255.0,47.0,177.2
Unknown,Unknown,14.2,12.597618822618822,0.0064584,0.007210512381238937,255.0,47.0,190.4
Unknown,Unknown,9.6,10.28591269649903,0.0052856,0.007436709541188226,255.0,151.0,211.4
Unknown,Unknown,5.0,0.0,0.0019748,0.00012627034489538704,250.0,151.0,191.0
Unknown,Unknown,5.0,0.0,0.0020223999999999997,0.00013772000580888747,251.0,152.0,211.0
Unknown,Unknown,5.0,0.0,0.0019904000000000002,0.00012016155791267024,252.0,152.0,211.6
Unknown,Unknown,5.0,0.0,0.0019556,0.0001453884452080013,252.0,152.0,192.4
Unknown,Unknown,5.0,0.0,0.0020094,0.00012659699838463785,252.0,153.0,199.0
Unknown,Unknown,5.0,0.0,0.0019624,0.00015588072363188467,252.0,154.0,199.4
Unknown,Unknown,5.0,0.0,0.0019496,0.0001390640140367019,252.0,154.0,186.4
Unknown,Unknown,5.0,0.0,0.0019112,0.00015331405675932008,186.0,154.0,167.2
Unknown,Unknown,5.0,0.0,0.0019304,0.00014297832003489207,186.0,155.0,167.8
Unknown,Unknown,5.0,0.0,0.0019431999999999997,0.00016129848108398294,253.0,155.0,181.4
Unknown,Unknown,5.0,0.0,0.0019802000000000005,0.00013939583924924015,254.0,156.0,201.2
Unknown,Unknown,5.0,0.0,0.0019262,0.0001437817790959619,254.0,156.0,195.6
Unknown,Unknown,5.0,0.0,0.0019746,0.00012659699838463783,254.0,157.0,196.2
Unknown,Unknown,5.0,0.0,0.0020221999999999996,0.00013810575657806587,255.0,158.0,215.8
Unknown,Unknown,5.0,0.0,0.0019902,0.00012053713120860307,255.0,0.0,165.2
Unknown,Unknown,5.0,0.0,0.0019555999999999996,0.00014538844520800128,255.0,0.0,146.4
Unknown,Unknown,6.0,2.23606797749979,0.10488,0.23006403439477452,255.0,0.0,157.0
Unknown,Unknown,10.6,9.964938534682489,0.10728140000000001,0.22878123080204807,255.0,0.0,158.6
Unknown,Unknown,15.2,11.861703081766969,0.10746200000000002,0.2286778184728462,211.0,0.0,139.4
Unknown,Unknown,19.8,11.366617790706258,0.10748379999999999,0.22866525409908692,211.0,23.0,144.0
Unknown,Unknown,24.4,8.049844718999243,0.108295,0.2282033790131075,211.0,23.0,144.2
Unknown,Unknown,28.0,0.0,0.0057044,0.004862656763539866,167.0,23.0,116.0
Unknown,Unknown,28.0,0.0,0.013566600000000002,0.022283553594523473,161.0,23.0,92.2
Unknown,Unknown,28.0,0.0,0.0160568,0.02149572621941394,166.0,23.0,93.6
Unknown,Unknown,28.0,0.0,0.0173412,0.02062701359140484,166.0,0.0,89.0
Unknown,Unknown,28.0,0.0,0.018755,0.019872311075966983,187.0,0.0,94.2
Unknown,Unknown,23.4,10.285912696499032,0.018456000000000004,0.020168671498142856,187.0,0.0,112.6
Unknown,Unknown,18.8,12.597618822618822,0.0082144,0.006146184409859503,187.0,0.0,136.6
Unknown,Unknown,14.2,12.597618822618822,0.005530800000000001,0.00499251081120512,187.0,0.0,137.2
Unknown,Unknown,9.6,10.28591269649903,0.0042246,0.004869734777172161,187.0,162.0,170.0
Unknown,Unknown,5.0,0.0,0.0020662,8.031936254727126e-05,170.0,162.0,166.6
Unknown,Unknown,5.0,0.0,0.0020854000000000003,6.558048490214141e-05,171.0,164.0,168.4
Unknown,Unknown,5.0,0.0,0.002038,9.33220231242337e-05,171.0,164.0,167.8
Unknown,Unknown,5.0,0.0,0.0020507999999999998,0.00010411628114757078,171.0,1.0,134.2
Unknown,Unknown,5.0,0.0,0.0020508,0.00010411628114757078,171.0,1.0,102.0
Unknown,Unknown,5.0,0.0,0.001984,0.00013324413683160697,171.0,1.0,101.2
Unknown,Unknown,5.0,0.0,0.0019747999999999996,0.00012646027044095704,167.0,1.0,100.4
Unknown,Unknown,5.0,0.0,0.002022,0.00013788763541376718,167.0,1.0,68.2
Unknown,Unknown,5.0,0.0,0.0019898,0.00012023601789813225,167.0,3.0,69.0
Unknown,Unknown,5.0,0.0,0.0019549999999999997,0.00014527043746062024,168.0,4.0,102.0
Unknown,Unknown,5.0,0.0,0.0020089999999999995,0.0001263863125500542,188.0,4.0,106.4
Unknown,Unknown,5.0,0.0,0.0019607999999999995,0.00015715501900989348,188.0,4.0,106.8
Unknown,Unknown,6.0,2.23606797749979,0.0477538,0.10249762520029428,211.0,5.0,148.2
Unknown,Unknown,10.6,9.964938534682489,0.0501354,0.10129954574083737,211.0,49.0,157.0
Unknown,Unknown,15.2,11.861703081766969,0.05048640000000001,0.1010930638387224,211.0,24.0,128.2
Unknown,Unknown,19.8,11.366617790706258,0.050846800000000004,0.10088033470255736,211.0,24.0,125.0
Unknown,Unknown,24.4,8.049844718999243,0.054148200000000014,0.09912852438980417,211.0,1.0,91.4
Unknown,Unknown,28.0,0.0,0.009119200000000001,0.00661997278695313,172.0,1.0,63.4
Unknown,Unknown,28.0,0.0,0.0071494,0.006303236890677678,172.0,1.0,71.4
Unknown,Unknown,28.0,0.0,0.007674800000000001,0.006033373699680801,190.0,1.0,104.6
Unknown,Unknown,28.0,0.0,0.0072337999999999986,0.0064464461294576865,190.0,1.0,104.2
Unknown,Unknown,28.0,0.0,0.0089892,0.010272460450155065,190.0,71.0,137.4
Unknown,Unknown,23.4,10.285912696499032,0.0081778,0.010721752128267094,190.0,89.0,157.4
Unknown,Unknown,18.8,12.597618822618822,0.0077982,0.010936282398511844,190.0,6.0,140.8
Unknown,Unknown,14.2,12.597618822618822,0.0069566,0.011248345402769245,171.0,6.0,104.2
Unknown,Unknown,9.6,10.28591269649903,0.006983399999999999,0.011232767481791832,172.0,6.0,104.6
Unknown,Unknown,5.0,0.0,0.001994,0.00014346079603849962,173.0,6.0,105.8
Unknown,Unknown,5.0,0.0,0.0020413999999999996,0.00014583655234542533,173.0,6.0,73.2
Unknown,Unknown,5.0,0.0,0.0020414,0.00014583655234542533,173.0,7.0,73.6
Unknown,Unknown,5.0,0.0,0.0020732,0.0001472470712781751,173.0,8.0,74.0
Unknown,Unknown,5.0,0.0,0.0021078,7.000499982144127e-05,173.0,8.0,41.6
Unknown,Unknown,5.0,0.0,0.0020437999999999997,0.00014828587255703076,174.0,8.0,41.8
Unknown,Unknown,5.0,0.0,0.0020568,0.00016132327792355323,174.0,8.0,42.4
Unknown,Unknown,5.0,0.0,0.00199,0.00018423083346714794,175.0,9.0,75.8
Unknown,Unknown,5.0,0.0,0.0019554000000000004,0.00016364229282187417,176.0,10.0,109.2
Unknown,Unknown,5.0,0.0,0.0019874000000000003,0.00018468026424066,176.0,11.0,109.6
Unknown,Unknown,5.0,0.0,0.0019902,0.0001813758528580914,176.0,11.0,77.4
Unknown,Unknown,5.0,0.0,0.0019491999999999999,0.00013813109715049682,177.0,12.0,110.6
Unknown,Unknown,5.0,0.0,0.0019838,0.00011374840658224623,177.0,12.0,78.4
Unknown,Unknown,5.0,0.0,0.0019866,0.00011346497256863017,177.0,12.0,57.6
Unknown,Unknown,5.0,0.0,0.0019738,9.321319649062576e-05,191.0,13.0,93.4
Unknown,Unknown,5.0,0.0,0.0019676000000000003,0.00010591647652749786,191.0,14.0,126.4
Unknown,Unknown,6.0,2.23606797749979,0.10632279999999998,0.2333645744338673,211.0,14.0,133.2
Unknown,Unknown,10.6,9.964938534682489,0.1074806,0.23273098775044976,211.0,72.0,168.8
Unknown,Unknown,15.2,11.861703081766969,0.10751819999999998,0.2327096967332904,211.0,173.0,189.0
Unknown,Unknown,19.8,11.366617790706258,0.10830519999999999,0.23227020509032148,211.0,26.0,156.0
Unknown,Unknown,24.4,8.049844718999243,0.109092,0.23182543428083985,211.0,26.0,156.2
Unknown,Unknown,28.0,0.0,0.0067974,0.0036894018891955914,192.0,26.0,146.2
Unknown,Unknown,28.0,0.0,0.006972600000000001,0.0037671737814972115,179.0,3.0,108.4
Unknown,Unknown,28.0,0.0,0.0121366,0.009248644349308712,179.0,3.0,88.4
Unknown,Unknown,28.0,0.0,0.014436399999999999,0.008762473041328,179.0,3.0,116.8
Unknown,Unknown,28.0,0.0,0.0199932,0.010496008203121795,168.0,3.0,91.0
Unknown,Unknown,43.8,35.32987404449668,0.09013,0.15283309653016916,168.0,3.0,74.6
Unknown,Unknown,39.2,39.18800836990826,0.0888008,0.1537451048560571,180.0,50.0,110.0
Unknown,Unknown,34.6,42.07493315502712,0.0835988,0.15672808534592644,180.0,15.0,98.4
Unknown,Unknown,30.0,44.181444068749045,0.0804928,0.1585089434486269,180.0,15.0,79.8
Unknown,Unknown,25.4,45.61578674099571,0.0742066,0.16143427423815548,193.0,15.0,108.4
Unknown,Unknown,5.0,0.0,0.0019676,0.00010497523517477828,193.0,15.0,128.8
Unknown,Unknown,5.0,0.0,0.0019484,0.0001061122047645793,193.0,15.0,129.2
Unknown,Unknown,5.0,0.0,0.0019298000000000002,0.00010711535837591174,193.0,16.0,129.4
Unknown,Unknown,14.0,20.12461179749811,0.0030884000000000003,0.002622467788172049,193.0,16.0,129.6
Unknown,Unknown,14.0,20.12461179749811,0.0030692000000000002,0.002632039456391184,182.0,16.0,106.2
Unknown,Unknown,14.0,20.12461179749811,0.0031298,0.00259861515042147,183.0,16.0,106.6
Unknown,Unknown,14.0,20.12461179749811,0.0031644,0.0025793102372533632,183.0,16.0,73.6
Unknown,Unknown,14.0,20.12461179749811,0.0031834000000000003,0.002567881870335939,183.0,17.0,85.8
Unknown,Unknown,5.0,0.0,0.0020888,0.00013081743003132265,194.0,17.0,109.4
Unknown,Unknown,5.0,0.0,0.0020813999999999997,0.0001390837876964817,194.0,17.0,131.0
Unknown,Unknown,5.0,0.0,0.0020266,0.0001795057102155806,195.0,17.0,133.4
Unknown,Unknown,6.0,2.23606797749979,0.012864399999999998,0.024263438004536782,211.0,77.0,172.2
Unknown,Unknown,10.6,9.964938534682489,0.013373,0.024003585013493298,211.0,162.0,189.2
Unknown,Unknown,15.2,11.861703081766969,0.013692199999999998,0.023829554689502694,211.0,80.0,166.4
Unknown,Unknown,19.8,11.366617790706258,0.014032999999999999,0.023630925447387794,211.0,80.0,164.4
Unknown,Unknown,24.4,8.049844718999243,0.014030999999999998,0.023632217574743167,211.0,27.0,130.8
Unknown,Unknown,28.0,0.0,0.0031866000000000004,0.0011943903465785378,174.0,27.0,104.2
Unknown,Unknown,28.0,0.0,0.0034522,0.0016335993082760532,196.0,27.0,111.0
Unknown,Unknown,28.0,0.0,0.003998,0.0021835277648795766,196.0,27.0,132.0
Unknown,Unknown,28.0,0.0,0.0097218,0.012790524606129335,196.0,27.0,131.0
Unknown,Unknown,28.0,0.0,0.011183199999999999,0.012057411359823467,196.0,4.0,126.4
Unknown,Unknown,28.0,0.0,0.0162722,0.012594047173168758,196.0,4.0,121.0
Unknown,Unknown,23.4,10.285912696499032,0.0155812,0.013378896430573039,185.0,4.0,82.8
Unknown,Unknown,18.8,12.597618822618822,0.014645799999999997,0.014293592749900214,186.0,4.0,83.0
Unknown,Unknown,14.2,12.597618822618822,0.0085564,0.011019254525601993,186.0,4.0,50.4
Unknown,Unknown,9.6,10.28591269649903,0.007173799999999999,0.011359304586989468,186.0,5.0,51.0
Unknown,Unknown,5.0,0.0,0.0020664,0.00023253988905131957,187.0,5.0,78.2
Unknown,Unknown,5.0,0.0,0.0019512000000000002,0.00015697515727018728,187.0,6.0,78.8
Unknown,Unknown,5.0,0.0,0.001942,0.0001583319298183409,188.0,6.0,79.2
Unknown,Unknown,5.0,0.0,0.0019742,0.0001435033100663536,188.0,7.0,93.8
Unknown,Unknown,5.0,0.0,0.0019524,0.0001013992110422956,189.0,8.0,130.2
Unknown,Unknown,5.0,0.0,0.0019778,0.00011638599572113475,189.0,8.0,96.6
Unknown,Unknown,5.0,0.0,0.0020098,7.925717633123195e-05,189.0,19.0,111.0
Unknown,Unknown,5.0,0.0,0.0020445999999999997,5.6738875561646464e-05,197.0,19.0,112.8
Unknown,Unknown,5.0,0.0,0.0020062000000000005,0.00012847451109072178,197.0,19.0,135.0
Unknown,Unknown,5.0,0.0,0.0019898,0.00011868740455499055,197.0,19.0,135.4
Unknown,Unknown,5.0,0.0,0.0020536,0.00022096560818371717,198.0,80.0,171.2
Unknown,Unknown,5.0,0.0,0.0020604,0.00021876197110101198,198.0,190.0,193.6
Unknown,Unknown,5.0,0.0,0.0020457999999999995,0.00021964448547596183,198.0,190.0,192.6
Unknown,Unknown,5.0,0.0,0.0021672,0.0002111911456477283,198.0,9.0,156.4
Unknown,Unknown,5.0,0.0,0.0021224,0.000267528129362129,198.0,9.0,156.8
Unknown,Unknown,5.0,0.0,0.0020588,0.00021867029976656638,194.0,9.0,156.0
Unknown,Unknown,5.0,0.0,0.0021544,0.0002890039792113596,199.0,9.0,157.4
Unknown,Unknown,5.0,0.0,0.0021116,0.00032948641853648535,199.0,9.0,158.0
Unknown,Unknown,5.0,0.0,0.0020481999999999996,0.000288556233687647,199.0,193.0,195.4
Unknown,Unknown,5.0,0.0,0.0021888,0.0003034010547114165,199.0,10.0,158.8
Unknown,Unknown,5.0,0.0,0.0021865999999999995,0.00030441632676320103,199.0,10.0,159.4
Unknown,Unknown,5.0,0.0,0.0021865999999999995,0.00030441632676320103,197.0,10.0,138.0
Unknown,Unknown,5.0,0.0,0.0022421999999999997,0.00023081746034474946,197.0,10.0,138.4
Unknown,Unknown,5.0,0.0,0.002242,0.00023099242411819484,197.0,10.0,138.6
Unknown,Unknown,5.0,0.0,0.002159,0.0001878962479667968,197.0,92.0,176.0
Unknown,Unknown,5.0,0.0,0.0021478,0.00019602091725119536,198.0,92.0,176.2
Unknown,Unknown,5.0,0.0,0.002052,3.402939905434696e-05,198.0,197.0,197.4
Unknown,Unknown,16.6,25.93838853899756,0.0024598,0.0009225037669299784,198.0,93.0,176.6
Unknown,Unknown,16.6,25.93838853899756,0.0025236,0.0009004372826577094,198.0,93.0,155.8
Unknown,Unknown,16.6,25.93838853899756,0.0024657999999999998,0.0009442413356764253,199.0,93.0,156.2
Unknown,Unknown,16.6,25.93838853899756,0.0024212000000000005,0.0009756603917347469,200.0,93.0,156.6
Unknown,Unknown,16.6,25.93838853899756,0.0023764000000000003,0.0010036587069317934,201.0,93.0,157.2
Unknown,Unknown,5.0,0.0,0.0019130000000000002,0.0002716827193621266,201.0,93.0,178.8
Unknown,Unknown,5.0,0.0,0.0018494,0.00012946930138067476,202.0,199.0,200.6
Unknown,Unknown,5.0,0.0,0.0019056000000000003,0.000156042622382476,202.0,200.0,201.2
Unknown,Unknown,5.0,0.0,0.0020464,0.00028832845853297236,202.0,94.0,180.0
Unknown,Unknown,5.0,0.0,0.0020464,0.00028832845853297236,203.0,94.0,180.4
Unknown,Unknown,5.0,0.0,0.0020448000000000003,0.00029010980679735726,203.0,94.0,180.8
Unknown,Unknown,5.0,0.0,0.0019872,0.0003090949692246704,203.0,94.0,181.0
Unknown,Unknown,5.0,0.0,0.0019757999999999998,0.00030622328454903613,204.0,94.0,181.4
Unknown,Unknown,5.0,0.0,0.0018801999999999998,0.00012401895016488407,204.0,203.0,203.4
Unknown,Unknown,5.0,0.0,0.0019232,0.00012306177310602995,204.0,203.0,203.6
Unknown,Unknown,5.0,0.0,0.0020462,0.00021905524417370153,204.0,95.0,182.0
Unknown,Unknown,5.0,0.0,0.002091,0.00017222659492656763,204.0,95.0,182.2
Unknown,Unknown,5.0,0.0,0.0020464,0.00021927562564042546,205.0,95.0,182.4
Unknown,Unknown,5.0,0.0,0.0019992,0.0002503801110312079,205.0,95.0,182.6
Unknown,Unknown,5.0,0.0,0.0019563999999999996,0.000266486022147504,205.0,95.0,182.8
Unknown,Unknown,5.0,0.0,0.0018349999999999998,0.00010186019831121481,205.0,204.0,204.8
Unknown,Unknown,5.0,0.0,0.0017886,5.319774431308172e-06,206.0,205.0,205.2
Unknown,Unknown,5.0,0.0,0.0017884,5.176871642217944e-06,206.0,205.0,205.4
Unknown,Unknown,5.0,0.0,0.0017904,3.130495168499768e-06,206.0,205.0,205.6
Unknown,Unknown,5.0,0.0,0.0017901999999999998,2.949576240750564e-06,206.0,205.0,205.8
Unknown,Unknown,5.0,0.0,0.0017906000000000003,3.361547262794365e-06,207.0,206.0,206.2
Unknown,Unknown,5.0,0.0,0.0017920000000000002,1.2247448713915746e-06,207.0,206.0,206.4
Unknown,Unknown,5.0,0.0,0.00179,5.147815070493488e-06,207.0,206.0,206.6
Unknown,Unknown,5.0,0.0,0.00179,5.147815070493488e-06,207.0,206.0,206.8
Unknown,Unknown,5.0,0.0,0.0017884,5.594640292279744e-06,208.0,207.0,207.2
Unknown,Unknown,5.0,0.0,0.001786,5.147815070493509e-06,208.0,207.0,207.4
Unknown,Unknown,5.0,0.0,0.0017839999999999998,4.062019202318012e-06,208.0,207.0,207.6
Unknown,Unknown,5.0,0.0,0.0017866,5.549774770204684e-06,208.0,207.0,207.8
Unknown,Unknown,5.0,0.0,0.0017869999999999997,6.000000000000055e-06,209.0,208.0,208.2
Unknown,Unknown,5.0,0.0,0.0017866,6.308724118235064e-06,209.0,208.0,208.4
Unknown,Unknown,5.0,0.0,0.0017864,6.503845016603685e-06,209.0,208.0,208.6
Unknown,Unknown,5.0,0.0,0.0017875999999999999,6.0249481325568626e-06,209.0,208.0,208.8
Unknown,Unknown,5.0,0.0,0.0017852,5.167204273105588e-06,210.0,209.0,209.2
Unknown,Unknown,5.0,0.0,0.0017828,2.949576240750564e-06,210.0,209.0,209.4
Unknown,Unknown,5.0,0.0,0.0017846000000000001,4.615192303685763e-06,210.0,209.0,209.6
Unknown,Unknown,5.0,0.0,0.0017858,4.207136793592556e-06,210.0,209.0,209.8
Unknown,Unknown,5.0,0.0,0.0017867999999999998,5.3103672189407464e-06,211.0,210.0,210.2
Unknown,Unknown,5.0,0.0,0.001789,5.099019513592824e-06,211.0,210.0,210.4
Unknown,Unknown,5.0,0.0,0.0017908,2.4899799195978155e-06,211.0,210.0,210.6
Unknown,Unknown,5.0,0.0,0.0017912000000000002,2.683281572999825e-06,212.0,210.0,211.0
Unknown,Unknown,5.0,0.0,0.0017918000000000003,1.6431676725155977e-06,212.0,211.0,211.4
Unknown,Unknown,5.0,0.0,0.0017916000000000002,1.516575088810397e-06,212.0,211.0,211.6
Unknown,Unknown,5.0,0.0,0.0017912000000000002,1.3038404810405946e-06,212.0,211.0,211.8
Unknown,Unknown,5.0,0.0,0.0018144,5.1218160841638934e-05,213.0,212.0,212.2
Unknown,Unknown,5.0,0.0,0.001833,5.794825277780168e-05,213.0,20.0,173.8
Unknown,Unknown,5.0,0.0,0.0018716,8.159840684719276e-05,213.0,20.0,147.6
Unknown,Unknown,5.0,0.0,0.0019326,0.00011456133728269754,214.0,20.0,148.0
Unknown,Unknown,5.0,0.0,0.00199,9.632497080196802e-05,214.0,20.0,109.8
Unknown,Unknown,5.0,0.0,0.0020051999999999995,8.509817859390407e-05,214.0,20.0,83.6
Unknown,Unknown,5.0,0.0,0.0020437999999999997,5.646857533177197e-05,214.0,21.0,119.6
Unknown,Unknown,5.0,0.0,0.0020054,0.00012805584719176237,215.0,21.0,146.4
Unknown,Unknown,5.0,0.0,0.0020145999999999996,0.0001375801584531723,215.0,21.0,108.2
Unknown,Unknown,5.0,0.0,0.0020468,0.00017092746999824225,215.0,23.0,108.8
Unknown,Unknown,5.0,0.0,0.0020124,0.0002017567842725493,216.0,23.0,135.6
Unknown,Unknown,5.0,0.0,0.0019904000000000002,0.0001986524603421765,217.0,23.0,139.0
Unknown,Unknown,5.0,0.0,0.0020608000000000002,0.00017073136794391362,217.0,23.0,101.0
Unknown,Unknown,5.0,0.0,0.0019968000000000004,0.00019099005209696136,217.0,24.0,101.6
Unknown,Unknown,6.0,2.23606797749979,0.14723340000000001,0.3248943322625065,217.0,25.0,139.0
Unknown,Unknown,10.6,9.964938534682489,0.1483588,0.32427382106207714,217.0,25.0,112.0
Unknown,Unknown,15.2,11.861703081766969,0.1482728,0.32432240411849445,211.0,25.0,103.8
Unknown,Unknown,19.8,11.366617790706258,0.1484366,0.3242303437562561,211.0,26.0,104.4
Unknown,Unknown,24.4,8.049844718999243,0.1496652,0.3235468118058035,211.0,28.0,139.4
Unknown,Unknown,28.0,0.0,0.0045598,0.0029296004335062488,201.0,28.0,107.6
Unknown,Unknown,28.0,0.0,0.004026,0.0024834748841089578,201.0,28.0,124.0
Unknown,Unknown,28.0,0.0,0.0057361999999999995,0.0031872243723967725,201.0,28.0,105.4
Unknown,Unknown,28.0,0.0,0.0054009999999999996,0.003611782662342794,201.0,52.0,119.2
Unknown,Unknown,28.0,0.0,0.013231799999999998,0.019231929757567233,170.0,52.0,113.0
Unknown,Unknown,28.0,0.0,0.016492600000000003,0.018405586429125265,218.0,83.0,146.2
Unknown,Unknown,28.0,0.0,0.017626600000000003,0.017662280452987945,218.0,11.0,115.8
Unknown,Unknown,23.4,10.285912696499032,0.0159896,0.018873222599757575,220.0,11.0,143.2
Unknown,Unknown,18.8,12.597618822618822,0.0161096,0.018757917029883674,220.0,11.0,129.2
Unknown,Unknown,14.2,12.597618822618822,0.007082199999999999,0.00771174381706239,220.0,11.0,112.0
Unknown,Unknown,9.6,10.28591269649903,0.003662,0.00378881703173959,221.0,11.0,112.6
Unknown,Unknown,5.0,0.0,0.0021836,0.0004892558635315472,221.0,27.0,116.4
Unknown,Unknown,5.0,0.0,0.0022176,0.00047060631104990506,221.0,27.0,78.4
Unknown,Unknown,5.0,0.0,0.0022367999999999997,0.00045540827836129644,221.0,30.0,90.0
Unknown,Unknown,5.0,0.0,0.0022212,0.00046745235051286253,222.0,30.0,117.6
Unknown,Unknown,5.0,0.0,0.0021788000000000003,0.0004904688573191983,222.0,30.0,79.6
Unknown,Unknown,5.0,0.0,0.0019662000000000004,7.507795948212762e-05,222.0,30.0,90.8
Unknown,Unknown,5.0,0.0,0.0019708000000000004,8.362834447721656e-05,223.0,31.0,129.4
Unknown,Unknown,5.0,0.0,0.0019898,9.65955485516801e-05,223.0,31.0,118.8
Unknown,Unknown,5.0,0.0,0.0020054,8.50899524033243e-05,223.0,31.0,91.8
Unknown,Unknown,6.0,2.23606797749979,0.0697094,0.151324008922246,223.0,32.0,127.8
Unknown,Unknown,10.6,9.964938534682489,0.07146899999999999,0.15038785922906142,223.0,32.0,130.2
Unknown,Unknown,15.2,11.861703081766969,0.0714144,0.15041938788201475,211.0,32.0,121.0
Unknown,Unknown,19.8,11.366617790706258,0.0717088,0.15025110076535214,211.0,29.0,120.4
Unknown,Unknown,24.4,8.049844718999243,0.0732438,0.14939746198881693,211.0,29.0,120.6
Unknown,Unknown,28.0,0.0,0.0104016,0.009626065696846245,177.0,29.0,111.2
Unknown,Unknown,28.0,0.0,0.009767000000000001,0.009699113799724178,224.0,29.0,136.4
Unknown,Unknown,28.0,0.0,0.0116504,0.008626347970027641,224.0,13.0,103.6
Unknown,Unknown,28.0,0.0,0.0132224,0.007411565104618592,224.0,13.0,132.0
Unknown,Unknown,28.0,0.0,0.0151358,0.007495764650787803,224.0,13.0,125.0
Unknown,Unknown,28.0,0.0,0.0113632,0.004800437136344981,224.0,13.0,132.8
Unknown,Unknown,23.4,10.285912696499032,0.0102572,0.006288362640624346,204.0,13.0,128.8
Unknown,Unknown,18.8,12.597618822618822,0.0083674,0.007262749981928333,225.0,53.0,171.2
Unknown,Unknown,14.2,12.597618822618822,0.006513999999999999,0.0074719302392353745,225.0,33.0,143.6
Unknown,Unknown,9.6,10.28591269649903,0.0030976,0.0023715048597884,225.0,33.0,139.6
Unknown,Unknown,5.0,0.0,0.002047,0.00014555239606409774,225.0,33.0,105.8
Unknown,Unknown,5.0,0.0,0.0019932,0.0001774491476451774,226.0,33.0,110.2
Unknown,Unknown,5.0,0.0,0.0020284,0.00014165380333757362,227.0,33.0,110.6
Unknown,Unknown,5.0,0.0,0.0020284,0.00014165380333757365,227.0,33.0,111.0
Unknown,Unknown,5.0,0.0,0.0019809999999999997,0.00013311461227077958,228.0,34.0,150.0
Unknown,Unknown,5.0,0.0,0.0019936,0.00014697040518417295,228.0,35.0,150.2
Unknown,Unknown,5.0,0.0,0.0020088,0.0001254619464220127,228.0,35.0,112.2
Unknown,Unknown,5.0,0.0,0.0020115999999999997,0.0001245042167960587,228.0,35.0,84.8
Unknown,Unknown,5.0,0.0,0.0019478,0.00012269759573846584,228.0,35.0,85.2
Unknown,Unknown,5.0,0.0,0.0019861999999999996,0.0001357007737634535,229.0,35.0,85.4
Unknown,Unknown,5.0,0.0,0.0019732,0.00011914780736547357,229.0,36.0,86.0
Unknown,Unknown,5.0,0.0,0.0019928,0.00010860570887388931,229.0,37.0,97.0
Unknown,Unknown,6.0,2.23606797749979,0.34694020000000003,0.7713203643219204,229.0,37.0,121.2
Unknown,Unknown,10.6,9.964938534682489,0.34788080000000005,0.770796980380502,229.0,38.0,124.6
Unknown,Unknown,15.2,11.861703081766969,0.34820799999999996,0.7706138267202971,211.0,31.0,85.0
Unknown,Unknown,19.8,11.366617790706258,0.3486694,0.7703554194485814,211.0,31.0,94.2
Unknown,Unknown,24.4,8.049844718999243,0.34902,0.770158565651256,211.0,31.0,111.6
Unknown,Unknown,28.0,0.0,0.0047456,0.0011943712990523509,178.0,14.0,72.2
Unknown,Unknown,28.0,0.0,0.0060398000000000006,0.0039448415937778794,205.0,14.0,102.4
Unknown,Unknown,28.0,0.0,0.006348200000000001,0.003776182755111304,205.0,14.0,116.0
Unknown,Unknown,28.0,0.0,0.007156599999999999,0.003682045735728985,205.0,14.0,133.6
Unknown,Unknown,28.0,0.0,0.008268000000000001,0.0031983391783861823,205.0,14.0,116.4
Unknown,Unknown,28.0,0.0,0.008129399999999998,0.0033670763727602017,230.0,92.0,159.6
Unknown,Unknown,23.4,10.285912696499032,0.005911,0.0029913185219899263,231.0,92.0,164.8
Unknown,Unknown,18.8,12.597618822618822,0.005233,0.0035103748375351594,231.0,39.0,152.8
Unknown,Unknown,14.2,12.597618822618822,0.003944399999999999,0.003215420936673766,231.0,39.0,137.0
Unknown,Unknown,9.6,10.28591269649903,0.0025052,0.0012046377878848066,232.0,39.0,165.0
Unknown,Unknown,5.0,0.0,0.0019898,9.6543772455814e-05,232.0,39.0,127.0
Unknown,Unknown,5.0,0.0,0.0020054,8.503117075520007e-05,232.0,39.0,99.6
Unknown,Unknown,5.0,0.0,0.002044,5.619608527290849e-05,232.0,40.0,133.0
Unknown,Unknown,5.0,0.0,0.0020036000000000003,0.00013221119468486773,233.0,40.0,161.0
Unknown,Unknown,5.0,0.0,0.0019654,0.00012592180113070177,234.0,40.0,161.4
Unknown,Unknown,5.0,0.0,0.0019267999999999998,0.00011153564452676107,234.0,41.0,161.6
Unknown,Unknown,5.0,0.0,0.0019268,0.00011153564452676107,234.0,41.0,161.8
Unknown,Unknown,5.0,0.0,0.0019304,0.00011779134093811816,235.0,41.0,167.6
Unknown,Unknown,5.0,0.0,0.0019879999999999997,9.460443964212253e-05,235.0,41.0,129.4
Unknown,Unknown,5.0,0.0,0.0020034,8.353921234965052e-05,235.0,41.0,101.8
Unknown,Unknown,6.0,2.23606797749979,0.06702999999999999,0.14533771927135777,235.0,42.0,135.8
Unknown,Unknown,10.6,9.964938534682489,0.06976740000000001,0.14392835124568057,235.0,42.0,152.8
Unknown,Unknown,15.2,11.861703081766969,0.070031,0.14377455589741875,211.0,32.0,112.2
Unknown,Unknown,19.8,11.366617790706258,0.0719698,0.142690244364147,211.0,32.0,137.0
Unknown,Unknown,24.4,8.049844718999243,0.07236980000000001,0.14244760102121765,211.0,15.0,120.8
Unknown,Unknown,28.0,0.0,0.0075732,0.005785499477141105,207.0,15.0,120.0
Unknown,Unknown,28.0,0.0,0.0156222,0.022810784011076866,207.0,15.0,103.4
Unknown,Unknown,28.0,0.0,0.015493799999999999,0.022898314593000072,207.0,15.0,108.0
Unknown,Unknown,28.0,0.0,0.0154852,0.0229000740872164,207.0,15.0,109.4
Unknown,Unknown,28.0,0.0,0.015110799999999999,0.02314908916566697,236.0,55.0,153.6
Unknown,Unknown,28.0,0.0,0.0179776,0.0221455589633678,236.0,55.0,132.2
Unknown,Unknown,23.4,10.285912696499032,0.0072104000000000005,0.006992126128725081,236.0,55.0,154.4
Unknown,Unknown,18.8,12.597618822618822,0.007013999999999999,0.007159710608676862,237.0,100.0,190.8
Unknown,Unknown,14.2,12.597618822618822,0.005051,0.006887205964685533,238.0,100.0,203.8
Unknown,Unknown,9.6,10.28591269649903,0.005006,0.006911908636548952,238.0,44.0,165.4
Unknown,Unknown,5.0,0.0,0.0019286000000000001,0.00010814018679473416,238.0,44.0,165.0
Unknown,Unknown,5.0,0.0,0.0019194,9.304998656636117e-05,239.0,44.0,171.2
Unknown,Unknown,5.0,0.0,0.0019642,6.567115043913876e-05,239.0,44.0,132.8
Unknown,Unknown,5.0,0.0,0.0019798,5.675121144081416e-05,239.0,44.0,105.0
Unknown,Unknown,5.0,0.0,0.0020311999999999995,6.61604111232692e-05,239.0,45.0,105.4
Unknown,Unknown,5.0,0.0,0.002076,9.43504107039286e-05,239.0,45.0,95.2
Unknown,Unknown,5.0,0.0,0.0020312,0.0001541207318954851,241.0,45.0,95.6
Unknown,Unknown,5.0,0.0,0.0019899999999999996,0.00018414396541836496,241.0,46.0,134.8
Unknown,Unknown,5.0,0.0,0.0019874,0.00018435916033655609,242.0,46.0,163.4
Unknown,Unknown,5.0,0.0,0.0019872,0.00018414858131411162,242.0,47.0,163.8
Unknown,Unknown,5.0,0.0,0.0019105999999999997,0.00014611057456597715,242.0,48.0,164.2
Unknown,Unknown,6.0,2.23606797749979,0.007341599999999999,0.012088038687065822,242.0,48.0,158.2
Unknown,Unknown,10.6,9.964938534682489,0.007725,0.011897590512368461,242.0,48.0,127.2
Unknown,Unknown,15.2,11.861703081766969,0.0076558,0.011940360890693379,211.0,33.0,85.4
Unknown,Unknown,19.8,11.366617790706258,0.0087908,0.011548503613022773,211.0,33.0,112.0
Unknown,Unknown,24.4,8.049844718999243,0.0109462,0.010911035294599683,211.0,33.0,135.6
Unknown,Unknown,28.0,0.0,0.005991399999999999,0.004314442930437254,181.0,33.0,104.6
Unknown,Unknown,28.0,0.0,0.005657799999999999,0.004589140028371329,181.0,33.0,107.4
Unknown,Unknown,28.0,0.0,0.0091688,0.006876709365677744,243.0,56.0,149.4
Unknown,Unknown,28.0,0.0,0.007908400000000001,0.007713085912914495,243.0,56.0,148.0
Unknown,Unknown,28.0,0.0,0.0060128000000000004,0.007431332229149765,243.0,56.0,156.6
Unknown,Unknown,28.0,0.0,0.00939,0.009841859453375668,243.0,100.0,165.8
Unknown,Unknown,23.4,10.285912696499032,0.0093594,0.00987055101298808,244.0,102.0,194.6
Unknown,Unknown,18.8,12.597618822618822,0.0059048,0.008502476562743352,244.0,102.0,194.8
Unknown,Unknown,14.2,12.597618822618822,0.005977400000000001,0.008457051069965228,244.0,50.0,170.0
Unknown,Unknown,9.6,10.28591269649903,0.005749400000000001,0.00856791752994857,244.0,50.0,148.2
Unknown,Unknown,5.0,0.0,0.0019408,6.448798337675015e-05,245.0,50.0,176.8
Unknown,Unknown,5.0,0.0,0.0019614,6.660930865877534e-05,245.0,50.0,138.2
Unknown,Unknown,5.0,0.0,0.0019768,5.9073682803766376e-05,245.0,50.0,109.8
Unknown,Unknown,5.0,0.0,0.0019822,4.7976035684495644e-05,246.0,51.0,149.0
Unknown,Unknown,5.0,0.0,0.0019630000000000003,6.445541094431091e-05,246.0,51.0,139.2
Unknown,Unknown,5.0,0.0,0.0019530000000000003,5.3893413326676474e-05,246.0,51.0,110.8
Unknown,Unknown,5.0,0.0,0.001958,6.096720429870472e-05,247.0,52.0,150.0
Unknown,Unknown,5.0,0.0,0.0019642,6.55492181494181e-05,247.0,52.0,140.2
Unknown,Unknown,5.0,0.0,0.0019795999999999998,5.6597703133607816e-05,247.0,52.0,111.8
Unknown,Unknown,6.0,2.23606797749979,0.0113078,0.02080617650362507,247.0,53.0,143.6
Unknown,Unknown,10.6,9.964938534682489,0.012189,0.02040188749846445,247.0,34.0,129.8
Unknown,Unknown,15.2,11.861703081766969,0.015906,0.019772274236920746,211.0,34.0,114.0
Unknown,Unknown,19.8,11.366617790706258,0.016860800000000002,0.019035252551516092,211.0,34.0,145.6
Unknown,Unknown,24.4,8.049844718999243,0.021039800000000004,0.017152690217572285,211.0,34.0,146.0
Unknown,Unknown,28.0,0.0,0.0131606,0.007948640091235734,211.0,18.0,107.4
Unknown,Unknown,28.0,0.0,0.01598,0.007429423833649553,211.0,18.0,135.6
Unknown,Unknown,28.0,0.0,0.0127298,0.008386254807719595,211.0,18.0,122.6
Unknown,Unknown,28.0,0.0,0.0168086,0.009639698247351938,248.0,18.0,130.0
Unknown,Unknown,28.0,0.0,0.0127856,0.010621369699808024,248.0,18.0,120.2
Unknown,Unknown,23.4,10.285912696499032,0.011375199999999999,0.01164670574454425,248.0,57.0,159.0
Unknown,Unknown,18.8,12.597618822618822,0.0076364,0.010971792665740637,249.0,57.0,173.8
Unknown,Unknown,14.2,12.597618822618822,0.007144,0.011207905892716979,250.0,57.0,203.2
Unknown,Unknown,9.6,10.28591269649903,0.0020848000000000004,0.0003924967515789144,250.0,54.0,164.4
Unknown,Unknown,5.0,0.0,0.0019290000000000002,0.0001079467461297468,250.0,54.0,174.4
Unknown,Unknown,5.0,0.0,0.0019198,9.287464670188523e-05,251.0,54.0,182.2
Unknown,Unknown,5.0,0.0,0.0019639999999999996,6.536053855347277e-05,251.0,54.0,143.4
Unknown,Unknown,5.0,0.0,0.0019796,5.6460605735326635e-05,251.0,54.0,115.0
Unknown,Unknown,6.0,2.23606797749979,0.5761598,1.2838536347190048,251.0,55.0,146.4
Unknown,Unknown,10.6,9.964938534682489,0.5763966,1.2837213572605233,251.0,55.0,158.8
Unknown,Unknown,15.2,11.861703081766969,0.5766732,1.2835668012204118,211.0,55.0,145.0
Unknown,Unknown,19.8,11.366617790706258,0.5769238000000001,1.2834266720703995,211.0,19.0,137.8
Unknown,Unknown,24.4,8.049844718999243,0.5773434,1.283192031616196,211.0,19.0,123.4
Unknown,Unknown,28.0,0.0,0.0035472000000000004,0.00038495415311436777,182.0,19.0,102.0
Unknown,Unknown,28.0,0.0,0.0061876000000000006,0.005700618413821434,252.0,19.0,118.6
Unknown,Unknown,28.0,0.0,0.0092346,0.007602988379578125,252.0,19.0,93.8
Unknown,Unknown,28.0,0.0,0.009066000000000001,0.007775816805969647,252.0,36.0,125.2
Unknown,Unknown,28.0,0.0,0.0087606,0.008045851123405156,252.0,58.0,139.8
Unknown,Unknown,28.0,0.0,0.015388400000000002,0.014222487117237968,252.0,58.0,161.6
Unknown,Unknown,23.4,10.285912696499032,0.0125752,0.015328178339254797,213.0,58.0,132.2
Unknown,Unknown,18.8,12.597618822618822,0.0092334,0.015492931171989372,253.0,105.0,171.2
Unknown,Unknown,14.2,12.597618822618822,0.009139,0.015546148317187765,253.0,105.0,186.6
Unknown,Unknown,9.6,10.28591269649903,0.008992799999999999,0.01562678524841242,253.0,105.0,186.0
Unknown,Unknown,5.0,0.0,0.0019684,0.00019700203044638906,253.0,105.0,164.8
Unknown,Unknown,5.0,0.0,0.001911,8.525549835641103e-05,254.0,106.0,194.6
Unknown,Unknown,5.0,0.0,0.0020024,0.00023690040101274632,254.0,106.0,186.8
Unknown,Unknown,5.0,0.0,0.0020152,0.00023515144056543652,255.0,106.0,187.2
Unknown,Unknown,5.0,0.0,0.0021304,0.00025748359171022924,255.0,20.0,170.0
Unknown,Unknown,5.0,0.0,0.0021252,0.0002653850033441981,255.0,0.0,148.6
Unknown,Unknown,5.0,0.0,0.002138,0.000260295985370501,255.0,0.0,98.0
Unknown,Unknown,5.0,0.0,0.0021572,0.0002865749465672113,255.0,0.0,98.2
Unknown,Unknown,5.0,0.0,0.0021128,0.0003282776264078927,215.0,0.0,47.6
Unknown,Unknown,5.0,0.0,0.0020489999999999996,0.0002871750337337839,215.0,0.0,44.2
Unknown,Unknown,5.0,0.0,0.0021885999999999997,0.0003032528647844896,215.0,1.0,48.4
Unknown,Unknown,5.0,0.0,0.0021888,0.00030316365217486073,215.0,2.0,49.0
Unknown,Unknown,5.0,0.0,0.002048,0.000288529028002383,21.0,2.0,7.0
Unknown,Unknown,5.0,0.0,0.0021884,0.0003038170502127883,109.0,3.0,28.4
Unknown,Unknown,5.0,0.0,0.0021748,0.00031131206208561844,109.0,4.0,29.0
Unknown,Unknown,5.0,0.0,0.0020916,0.00025480345366576165,216.0,4.0,68.0
Unknown,Unknown,16.6,25.93838853899756,0.0024579999999999997,0.0008523262286237587,216.0,5.0,89.4
Unknown,Unknown,28.2,31.76790833529963,0.0031246,0.0013552425244213672,216.0,6.0,110.6
Unknown,Unknown,28.2,31.76790833529963,0.0029838000000000004,0.0014688174495150854,216.0,6.0,90.2
Unknown,Unknown,28.2,31.76790833529963,0.0030612000000000005,0.001413978500543767,216.0,7.0,111.4
Unknown,Unknown,28.2,31.76790833529963,0.003004,0.0014683831243922686,112.0,7.0,69.8
Unknown,Unknown,16.6,25.93838853899756,0.0025802,0.0014460621355944566,112.0,7.0,49.2
Unknown,Unknown,5.0,0.0,0.0019140000000000001,0.0002711254322264881,112.0,7.0,28.6
Unknown,Unknown,5.0,0.0,0.0019718,0.00026914624277518716,112.0,8.0,29.0
Unknown,Unknown,5.0,0.0,0.0019084,0.0001575636379371839,9.0,8.0,8.4
Unknown,Unknown,5.0,0.0,0.0019068000000000002,0.00015906193762179558,10.0,8.0,8.8
Unknown,Unknown,5.0,0.0,0.002047,0.0002899042945525298,113.0,8.0,29.8
Unknown,Unknown,25.4,45.61578674099571,0.0026818000000000002,0.0013022295112613599,114.0,9.0,51.0
Unknown,Unknown,45.2,55.05633478538142,0.0033237999999999996,0.0016705486224591012,114.0,9.0,72.0
Unknown,Unknown,45.2,55.05633478538142,0.0034064000000000004,0.0016026274676293304,114.0,10.0,93.0
Unknown,Unknown,45.2,55.056334785381424,0.0034082,0.0016003545544659786,114.0,11.0,93.2
Unknown,Unknown,45.2,55.056334785381424,0.0034082,0.0016003545544659786,115.0,11.0,93.6
Unknown,Unknown,24.8,44.274145954495836,0.0027736,0.0014497186968512202,115.0,11.0,73.0
Unknown,Unknown,5.0,0.0,0.0021185999999999996,0.000355252445452526,115.0,11.0,52.6
Unknown,Unknown,5.0,0.0,0.0020215999999999997,0.00028630805088226204,115.0,11.0,32.2
Unknown,Unknown,5.0,0.0,0.0020659999999999997,0.00025800290696036734,115.0,11.0,32.4
Unknown,Unknown,16.6,25.93838853899756,0.0020206,0.0001678684008382757,116.0,11.0,32.6
Unknown,Unknown,16.6,25.93838853899756,0.0021416,0.00018121341009980476,116.0,12.0,53.6
Unknown,Unknown,16.6,25.93838853899756,0.002095,0.00024175400720567183,116.0,12.0,53.8
Unknown,Unknown,16.6,25.93838853899756,0.0020492,0.00028047406297196186,116.0,12.0,54.0
Unknown,Unknown,16.6,25.93838853899756,0.0020045999999999996,0.00030383103857242765,116.0,13.0,54.2
Unknown,Unknown,5.0,0.0,0.0019094,0.00027375043378961064,116.0,13.0,33.6
Unknown,Unknown,5.0,0.0,0.0017878000000000002,5.805170109480028e-06,14.0,13.0,13.2
Unknown,Unknown,5.0,0.0,0.001788,5.567764362830021e-06,14.0,13.0,13.4
Unknown,Unknown,5.0,0.0,0.00179,3.999999999999989e-06,14.0,13.0,13.6
Unknown,Unknown,5.0,0.0,0.0017896000000000001,3.7148351242013185e-06,14.0,13.0,13.8
Unknown,Unknown,5.0,0.0,0.0017896,3.7148351242013185e-06,15.0,14.0,14.2
Unknown,Unknown,5.0,0.0,0.0017896000000000001,3.7148351242013185e-06,15.0,14.0,14.4
Unknown,Unknown,5.0,0.0,0.0017916000000000002,8.944271909999255e-07,15.0,14.0,14.6
Unknown,Unknown,5.0,0.0,0.0017900000000000004,3.999999999999989e-06,16.0,14.0,15.0
Unknown,Unknown,5.0,0.0,0.0017904,4.219004621945795e-06,16.0,15.0,15.4
Unknown,Unknown,5.0,0.0,0.0017886000000000002,5.176871642217923e-06,16.0,15.0,15.6
Unknown,Unknown,5.0,0.0,0.0017888000000000001,5.310367218940696e-06,17.0,15.0,16.0
Unknown,Unknown,5.0,0.0,0.0017888000000000001,5.310367218940696e-06,17.0,16.0,16.4
Unknown,Unknown,5.0,0.0,0.0017906000000000003,4.2778499272414775e-06,18.0,16.0,16.8
Unknown,Unknown,5.0,0.0,0.0017906000000000003,4.2778499272414775e-06,18.0,16.0,17.2
Unknown,Unknown,5.0,0.0,0.0017926,5.477225575052388e-07,18.0,17.0,17.6
Unknown,Unknown,5.0,0.0,0.0017932,1.0954451150102995e-06,19.0,17.0,18.0
Unknown,Unknown,5.0,0.0,0.0017909999999999998,5.14781507049353e-06,19.0,18.0,18.4
Unknown,Unknown,5.0,0.0,0.0017912000000000002,5.215361924162159e-06,19.0,18.0,18.6
Unknown,Unknown,5.0,0.0,0.0017913999999999999,5.319774431308186e-06,20.0,18.0,19.0
Unknown,Unknown,5.0,0.0,0.0017913999999999999,5.319774431308186e-06,20.0,19.0,19.4
Unknown,Unknown,5.0,0.0,0.0017904000000000004,4.929503017546551e-06,20.0,19.0,19.6
Unknown,Unknown,5.0,0.0,0.0017928,1.643167672515545e-06,21.0,19.0,20.0
Unknown,Unknown,5.0,0.0,0.0017926,1.6733200530681982e-06,21.0,20.0,20.4
Unknown,Unknown,5.0,0.0,0.0017926,1.6733200530681982e-06,21.0,20.0,20.6
Unknown,Unknown,5.0,0.0,0.0017928,1.7888543819998753e-06,21.0,20.0,20.8
Unknown,Unknown,5.0,0.0,0.0017932,1.0954451150103588e-06,22.0,21.0,21.2
Unknown,Unknown,5.0,0.0,0.0017924,1.6733200530681918e-06,22.0,21.0,21.4
Unknown,Unknown,5.0,0.0,0.0017924,1.6733200530681918e-06,22.0,21.0,21.6
Unknown,Unknown,5.0,0.0,0.0018146,5.055492063093366e-05,23.0,21.0,22.0
Unknown,Unknown,5.0,0.0,0.0018334000000000002,5.792063535563125e-05,56.0,22.0,29.0
Unknown,Unknown,5.0,0.0,0.0018714,8.149723921704339e-05,110.0,22.0,46.6
Unknown,Unknown,5.0,0.0,0.0019327999999999997,0.00011400307013409767,110.0,22.0,47.0
Unknown,Unknown,5.0,0.0,0.0019904000000000002,9.648989584407266e-05,110.0,23.0,54.0
Unknown,Unknown,5.0,0.0,0.002006,8.483218728760916e-05,111.0,24.0,71.6
Unknown,Unknown,6.0,2.23606797749979,0.1247474,0.27439215523279814,211.0,24.0,102.6
Unknown,Unknown,10.6,9.964938534682489,0.1267252,0.27331959277958834,211.0,24.0,88.0
Unknown,Unknown,15.2,11.861703081766969,0.12784040000000002,0.272694618081839,211.0,37.0,120.0
Unknown,Unknown,19.8,11.366617790706258,0.129609,0.27170194120027924,211.0,37.0,120.4
Unknown,Unknown,24.4,8.049844718999243,0.1320328,0.2703293715769709,211.0,37.0,132.2
Unknown,Unknown,28.0,0.0,0.0099632,0.003506356399455138,184.0,22.0,94.4
Unknown,Unknown,28.0,0.0,0.011072000000000002,0.004871359563817888,184.0,22.0,109.4
Unknown,Unknown,28.0,0.0,0.016321,0.010811418570196973,177.0,22.0,108.0
Unknown,Unknown,28.0,0.0,0.0145596,0.01249678015730452,217.0,22.0,139.6
Unknown,Unknown,28.0,0.0,0.0136988,0.012683026164918213,217.0,22.0,110.6
Unknown,Unknown,28.0,0.0,0.014487,0.012137181592116022,217.0,25.0,129.8
Unknown,Unknown,23.4,10.285912696499032,0.011419799999999999,0.013110982121870198,219.0,25.0,151.2
Unknown,Unknown,18.8,12.597618822618822,0.0049944,0.004114224386199664,219.0,25.0,121.2
Unknown,Unknown,15.2,11.861703081766969,0.4499428,0.9933330113656246,219.0,25.0,120.0
Unknown,Unknown,15.2,11.861703081766969,0.4497966,0.9934140381861432,219.0,27.0,133.2
Unknown,Unknown,15.2,11.861703081766969,0.4484392,0.9941709456744349,219.0,27.0,146.6
Unknown,Unknown,19.8,11.366617790706258,0.44864219999999994,0.9940571147910466,211.0,27.0,110.4
Unknown,Unknown,24.4,8.049844718999243,0.44979959999999997,0.993409926160042,211.0,38.0,139.2
Unknown,Unknown,28.0,0.0,0.007192,0.004672854855439017,220.0,38.0,141.0
Unknown,Unknown,28.0,0.0,0.0057438,0.005053073440986189,220.0,38.0,158.4
Unknown,Unknown,28.0,0.0,0.0067848000000000006,0.004717236394330901,220.0,28.0,127.0
Unknown,Unknown,28.0,0.0,0.008444000000000002,0.0045505608445553175,220.0,28.0,143.2
Unknown,Unknown,28.0,0.0,0.0103212,0.005853449000375761,220.0,24.0,113.8
Unknown,Unknown,28.0,0.0,0.0079608,0.006440022298098044,178.0,24.0,92.4
Unknown,Unknown,28.0,0.0,0.0127654,0.009121767526088351,119.0,24.0,68.8
Unknown,Unknown,23.4,10.285912696499032,0.01166,0.010177140585645852,221.0,24.0,107.4
Unknown,Unknown,18.8,12.597618822618822,0.0097404,0.01110379400475351,221.0,24.0,89.4
Unknown,Unknown,14.2,12.597618822618822,0.0068082,0.010645685778755637,221.0,25.0,89.6
Unknown,Unknown,9.6,10.28591269649903,0.006795000000000001,0.010653148525201364,221.0,25.0,73.0
Unknown,Unknown,5.0,0.0,0.0019896000000000002,0.00020902224761972107,221.0,25.0,66.2
Unknown,Unknown,6.0,2.23606797749979,0.086787,0.18966283542908452,211.0,25.0,64.2
Unknown,Unknown,10.6,9.964938534682489,0.08720560000000001,0.1894305149792398,211.0,25.0,70.6
Unknown,Unknown,15.2,11.861703081766969,0.0871082,0.18948520053608406,211.0,26.0,102.8
Unknown,Unknown,19.8,11.366617790706258,0.0885138,0.18872011257997912,211.0,26.0,115.4
Unknown,Unknown,24.4,8.049844718999243,0.0889794,0.18845544713220683,211.0,61.0,134.2
Unknown,Unknown,28.0,0.0,0.0046666,0.002628507523291497,186.0,39.0,99.8
Unknown,Unknown,28.0,0.0,0.0073106,0.006057751711650123,186.0,39.0,122.0
Unknown,Unknown,28.0,0.0,0.0080028,0.005439085833115708,172.0,39.0,107.8
Unknown,Unknown,28.0,0.0,0.0086114,0.005737807447100329,172.0,27.0,94.6
Unknown,Unknown,28.0,0.0,0.0101392,0.005249093369335318,179.0,27.0,106.4
Unknown,Unknown,28.0,0.0,0.0126334,0.004848441894052149,179.0,27.0,104.8
Unknown,Unknown,28.0,0.0,0.0170806,0.013119092072243413,222.0,27.0,114.8
Unknown,Unknown,23.4,10.285912696499032,0.016406200000000003,0.013938634194209992,222.0,27.0,98.2
Unknown,Unknown,18.8,12.597618822618822,0.0143788,0.015396542670352977,222.0,31.0,104.6
Unknown,Unknown,14.2,12.597618822618822,0.012417599999999999,0.016400696412042996,222.0,31.0,92.0
Unknown,Unknown,9.6,10.28591269649903,0.0094386,0.016716121149955812,223.0,32.0,130.4
Unknown,Unknown,5.0,0.0,0.0019285999999999997,0.00010791802444448282,223.0,32.0,92.6
Unknown,Unknown,6.0,2.23606797749979,0.05826760000000001,0.12596468652086584,223.0,33.0,128.4
Unknown,Unknown,10.6,9.964938534682489,0.05874500000000001,0.1257018311899234,223.0,33.0,135.4
Unknown,Unknown,15.2,11.861703081766969,0.05863540000000002,0.12576391856689265,223.0,33.0,149.6
Unknown,Unknown,19.8,11.366617790706258,0.058862800000000014,0.12563705219878413,211.0,33.0,113.2
Unknown,Unknown,24.4,8.049844718999243,0.059157000000000015,0.12547161170758905,211.0,41.0,141.2
Unknown,Unknown,28.0,0.0,0.0027014000000000005,0.0012800876141889662,187.0,28.0,104.6
Unknown,Unknown,28.0,0.0,0.0024316,0.0009708451472814807,187.0,28.0,109.2
Unknown,Unknown,28.0,0.0,0.0112616,0.0192038302247234,173.0,28.0,78.6
Unknown,Unknown,28.0,0.0,0.0147312,0.018952084521234067,173.0,28.0,94.8
Unknown,Unknown,28.0,0.0,0.015087,0.01869793096842536,224.0,28.0,105.0
Unknown,Unknown,28.0,0.0,0.015492800000000001,0.018343156713063323,224.0,34.0,135.4
Unknown,Unknown,28.0,0.0,0.01773,0.01706456618259017,224.0,34.0,124.4
Unknown,Unknown,23.4,10.285912696499032,0.0090096,0.008009959101019181,224.0,35.0,124.6
Unknown,Unknown,18.8,12.597618822618822,0.0053256,0.005060821158665854,224.0,35.0,108.6
Unknown,Unknown,14.2,12.597618822618822,0.004733199999999999,0.005271441188138212,180.0,35.0,72.4
Unknown,Unknown,9.6,10.28591269649903,0.004459599999999999,0.005395164668478619,62.0,35.0,43.6
Unknown,Unknown,5.0,0.0,0.0020662,8.031936254727126e-05,44.0,35.0,40.0
Unknown,Unknown,5.0,0.0,0.0020854000000000003,6.558048490214141e-05,45.0,36.0,42.0
Unknown,Unknown,5.0,0.0,0.0020854,6.558048490214141e-05,61.0,36.0,45.8
Unknown,Unknown,5.0,0.0,0.002111,8.466404195406694e-05,62.0,36.0,49.6
Unknown,Unknown,5.0,0.0,0.0020762,0.00015607434126082352,62.0,38.0,50.0
Unknown,Unknown,5.0,0.0,0.0020414,0.00015685279723358462,62.0,38.0,49.0
Unknown,Unknown,5.0,0.0,0.0020542,0.0001631723015710694,63.0,38.0,52.6
Unknown,Unknown,5.0,0.0,0.0019902,0.0001813758528580914,64.0,38.0,53.2
Unknown,Unknown,5.0,0.0,0.0019298,0.00013565102284907396,64.0,38.0,48.8
Unknown,Unknown,5.0,0.0,0.0019966,0.00014331364205824926,65.0,39.0,54.2
Unknown,Unknown,5.0,0.0,0.0019994,0.00014277534801218308,66.0,40.0,59.6
Unknown,Unknown,5.0,0.0,0.0019327999999999997,0.00013657671836737035,66.0,40.0,55.2
Unknown,Unknown,5.0,0.0,0.0019876,0.0001364763715813107,66.0,40.0,50.8
Unknown,Unknown,5.0,0.0,0.0020351999999999996,0.0001418633144967366,67.0,41.0,56.2
Unknown,Unknown,5.0,0.0,0.0020029999999999996,0.00012896317303788706,68.0,41.0,56.8
Unknown,Unknown,5.0,0.0,0.0019682,0.00015629043476809445,68.0,41.0,52.2
Unknown,Unknown,5.0,0.0,0.0020322,0.0001399810701487883,68.0,42.0,52.8
Unknown,Unknown,5.0,0.0,0.0020414,0.00014665708302022098,69.0,43.0,58.2
Unknown,Unknown,5.0,0.0,0.0020094,0.0001360158079048167,70.0,43.0,58.8
Unknown,Unknown,5.0,0.0,0.0019749999999999998,0.00016362609816285417,70.0,43.0,54.2
Unknown,Unknown,6.0,2.23606797749979,0.1303064,0.28686496888309665,211.0,44.0,87.8
Unknown,Unknown,10.6,9.964938534682489,0.1305654,0.28672085999853586,211.0,45.0,91.6
Unknown,Unknown,15.2,11.861703081766969,0.13118100000000002,0.28637930145438234,211.0,45.0,114.0
Unknown,Unknown,19.8,11.366617790706258,0.131686,0.28609660422923583,211.0,45.0,137.8
Unknown,Unknown,24.4,8.049844718999243,0.1316456,0.2861195424788387,211.0,46.0,138.0
Unknown,Unknown,28.0,0.0,0.0040096,0.0015374109079878415,189.0,46.0,105.0
Unknown,Unknown,28.0,0.0,0.003769,0.001733410222653599,189.0,46.0,127.2
Unknown,Unknown,28.0,0.0,0.0042214,0.0023812290524013015,189.0,30.0,97.0
Unknown,Unknown,28.0,0.0,0.0152832,0.025008261189055105,226.0,30.0,104.4
Unknown,Unknown,28.0,0.0,0.017054800000000002,0.02409436655527595,226.0,30.0,119.8
Unknown,Unknown,28.0,0.0,0.016708,0.02431755334115667,226.0,30.0,134.2
Unknown,Unknown,23.4,10.285912696499032,0.0166448,0.024364978138713772,226.0,30.0,108.8
Unknown,Unknown,18.8,12.597618822618822,0.015576600000000001,0.024976468981823673,226.0,47.0,117.0
Unknown,Unknown,14.2,12.597618822618822,0.004009799999999999,0.003671330440044862,123.0,47.0,86.2
Unknown,Unknown,9.6,10.28591269649903,0.0022784,0.0007223124670113345,118.0,47.0,71.2
Unknown,Unknown,5.0,0.0,0.0019876,0.00013656976239270532,72.0,47.0,57.4
Unknown,Unknown,5.0,0.0,0.002035,0.00014218122238889347,73.0,48.0,62.6
Unknown,Unknown,5.0,0.0,0.0020032,0.00012948050046242483,74.0,48.0,63.2
Unknown,Unknown,5.0,0.0,0.0019686,0.0001565193278799778,74.0,48.0,58.8
Unknown,Unknown,5.0,0.0,0.0020353999999999997,0.00014197288473507887,75.0,49.0,64.2
Unknown,Unknown,5.0,0.0,0.0020634,0.00016869588021051373,76.0,50.0,69.6
Unknown,Unknown,5.0,0.0,0.0019966000000000003,0.00019358796450192866,76.0,50.0,65.2
Unknown,Unknown,5.0,0.0,0.0019938,0.00019393478285238054,76.0,50.0,60.8
Unknown,Unknown,5.0,0.0,0.0020602,0.00017071818883762792,77.0,51.0,66.2
Unknown,Unknown,5.0,0.0,0.0019962,0.0001907267679168291,78.0,51.0,66.8
Unknown,Unknown,5.0,0.0,0.0019644000000000003,0.00014902952727563753,227.0,51.0,97.0
Unknown,Unknown,5.0,0.0,0.0019608,0.00015386097620904393,227.0,52.0,97.4
Unknown,Unknown,5.0,0.0,0.001948,0.00015565988564816559,227.0,53.0,97.8
Unknown,Unknown,5.0,0.0,0.001948,0.00015565988564816559,227.0,53.0,98.2
Unknown,Unknown,5.0,0.0,0.00198,0.0001391042774324355,227.0,53.0,98.6
Unknown,Unknown,5.0,0.0,0.001926,0.00014340502083260532,80.0,53.0,64.2
Unknown,Unknown,5.0,0.0,0.0019872,0.00013651813066402563,80.0,54.0,64.8
Unknown,Unknown,5.0,0.0,0.0020348,0.00014207110895604348,81.0,55.0,70.2
Unknown,Unknown,5.0,0.0,0.0020030000000000004,0.00012929810516786386,82.0,55.0,70.8
Unknown,Unknown,5.0,0.0,0.0019682,0.0001565669186003224,82.0,55.0,66.2
Unknown,Unknown,6.0,2.23606797749979,0.17985900000000002,0.3976869467282023,211.0,56.0,97.4
Unknown,Unknown,10.6,9.964938534682489,0.18017160000000002,0.3975128616646259,228.0,57.0,131.8
Unknown,Unknown,15.2,11.861703081766969,0.180737,0.39719822525849735,228.0,57.0,153.6
Unknown,Unknown,19.8,11.366617790706258,0.180693,0.39722298872107087,228.0,57.0,156.4
Unknown,Unknown,24.4,8.049844718999243,0.1811096,0.3969894996851932,228.0,47.0,154.4
Unknown,Unknown,28.0,0.0,0.0048094,0.002999888964611857,228.0,47.0,147.2
Unknown,Unknown,28.0,0.0,0.0052049999999999996,0.0029402506695858435,190.0,31.0,107.8
Unknown,Unknown,28.0,0.0,0.005056,0.002973821867563691,175.0,31.0,81.4
Unknown,Unknown,28.0,0.0,0.009752199999999999,0.008969594316355673,175.0,31.0,75.0
Unknown,Unknown,28.0,0.0,0.011088,0.008354956163858672,175.0,31.0,89.6
Unknown,Unknown,28.0,0.0,0.0129442,0.008993296486828398,182.0,31.0,91.0
Unknown,Unknown,28.0,0.0,0.013372,0.008601189743285519,182.0,58.0,109.6
Unknown,Unknown,23.4,10.285912696499032,0.0129428,0.009204143588623549,182.0,32.0,104.4
Unknown,Unknown,18.8,12.597618822618822,0.0082526,0.007104112808789005,182.0,32.0,103.4
Unknown,Unknown,34.6,42.07493315502712,0.036764399999999996,0.06542428072053982,182.0,32.0,98.8
Unknown,Unknown,30.0,44.181444068749045,0.03333679999999999,0.06701442675424447,124.0,32.0,74.4
Unknown,Unknown,25.4,45.61578674099571,0.0322098,0.06759658848418312,97.0,32.0,66.2
Unknown,Unknown,25.4,45.61578674099571,0.0322226,0.06758946225781058,97.0,59.0,76.6
Unknown,Unknown,25.4,45.61578674099571,0.0322926,0.06755023855102214,97.0,60.0,81.8
Unknown,Unknown,5.0,0.0,0.0020632000000000003,0.00011225506670079525,86.0,60.0,79.6
Unknown,Unknown,5.0,0.0,0.0020916,7.349693871175853e-05,87.0,83.0,85.0
Unknown,Unknown,5.0,0.0,0.002025,0.0001385207565673823,87.0,61.0,80.6
Unknown,Unknown,5.0,0.0,0.0020058,0.0001239645110505422,88.0,61.0,81.4
Unknown,Unknown,5.0,0.0,0.0019390000000000002,0.00012151543111885014,88.0,61.0,76.8
Unknown,Unknown,5.0,0.0,0.0019042,0.00013035796868622962,88.0,61.0,72.2
Unknown,Unknown,5.0,0.0,0.0018886,0.00011243131236448325,88.0,61.0,67.6
Unknown,Unknown,5.0,0.0,0.0019206000000000002,0.00010673706010566338,88.0,62.0,68.4
Unknown,Unknown,5.0,0.0,0.0019396,0.00013857055964381455,89.0,62.0,68.6
Unknown,Unknown,5.0,0.0,0.0020063999999999998,0.00014036666270877848,90.0,63.0,74.2
Unknown,Unknown,5.0,0.0,0.0020092,0.00013549981549802935,91.0,64.0,79.8
Unknown,Unknown,5.0,0.0,0.0019798000000000003,0.00016011464642561585,92.0,65.0,85.4
Unknown,Unknown,6.0,2.23606797749979,0.0877444,0.1917695050269985,211.0,89.0,114.6
Unknown,Unknown,10.6,9.964938534682489,0.08970020000000001,0.1907252366408284,211.0,49.0,106.6
Unknown,Unknown,15.2,11.861703081766969,0.0898908,0.1906163070875627,211.0,49.0,126.8
Unknown,Unknown,19.8,11.366617790706258,0.0978446,0.18681463280696187,211.0,49.0,143.8
Unknown,Unknown,24.4,8.049844718999243,0.10179279999999999,0.18447183355108715,211.0,49.0,162.0
Unknown,Unknown,28.0,0.0,0.0163648,0.01597542330268591,191.0,49.0,144.8
Unknown,Unknown,28.0,0.0,0.0165642,0.015912187693714525,191.0,33.0,141.6
Unknown,Unknown,28.0,0.0,0.017162999999999998,0.015324119191653399,229.0,33.0,149.2
Unknown,Unknown,28.0,0.0,0.009755400000000001,0.007535958253599869,229.0,33.0,127.0
Unknown,Unknown,28.0,0.0,0.0087902,0.005740817293730919,229.0,33.0,103.6
Unknown,Unknown,23.4,10.285912696499032,0.0084884,0.006106486002604116,229.0,33.0,97.2
Unknown,Unknown,18.8,12.597618822618822,0.006314200000000001,0.0060702395916471035,229.0,65.0,109.4
Unknown,Unknown,14.2,12.597618822618822,0.005457999999999999,0.006402585493376874,94.0,65.0,77.0
Unknown,Unknown,9.6,10.28591269649903,0.004940999999999999,0.006595298780191841,94.0,66.0,77.6
Unknown,Unknown,5.0,0.0,0.002022,0.00013950268814614286,95.0,67.0,83.4
Unknown,Unknown,5.0,0.0,0.0019966000000000003,0.00012248795859185502,95.0,67.0,78.6
Unknown,Unknown,5.0,0.0,0.0020670000000000003,0.00022057765072645055,230.0,67.0,105.8
Unknown,Unknown,5.0,0.0,0.0021086,0.00017457176174857152,230.0,68.0,106.4
Unknown,Unknown,5.0,0.0,0.0020794,0.00021196532735331977,230.0,69.0,112.0
Unknown,Unknown,5.0,0.0,0.0021306,0.00025700058365692483,230.0,34.0,99.8
Unknown,Unknown,5.0,0.0,0.0021433999999999997,0.00025139868734740844,230.0,34.0,100.2
Unknown,Unknown,5.0,0.0,0.0021625999999999998,0.0002780526928479564,231.0,34.0,100.4
Unknown,Unknown,5.0,0.0,0.0021177999999999995,0.0003219560529016343,231.0,34.0,100.8
Unknown,Unknown,5.0,0.0,0.0021669999999999997,0.00028195478360900343,231.0,34.0,96.2
Unknown,Unknown,5.0,0.0,0.0021864000000000002,0.0003042758616781816,231.0,35.0,96.4
Unknown,Unknown,5.0,0.0,0.0021287999999999997,0.0003528373562989043,231.0,35.0,97.0
Unknown,Unknown,5.0,0.0,0.0020437999999999997,0.0002877528453378002,75.0,35.0,65.8
Unknown,Unknown,5.0,0.0,0.0020997999999999998,0.00025173339071327025,75.0,35.0,66.4
Unknown,Unknown,5.0,0.0,0.0020997999999999998,0.00025173339071327025,75.0,35.0,66.8
Unknown,Unknown,5.0,0.0,0.0020998,0.00025173339071327025,126.0,74.0,85.0
Unknown,Unknown,5.0,0.0,0.0021572,0.00018887614989722754,232.0,75.0,116.6
Unknown,Unknown,5.0,0.0,0.0021014,0.000251807069003235,232.0,75.0,116.8
Unknown,Unknown,5.0,0.0,0.0020902,0.00025461578898410827,232.0,75.0,117.2
Unknown,Unknown,16.6,25.93838853899756,0.0031826,0.002444099179656996,232.0,76.0,127.6
Unknown,Unknown,16.6,25.93838853899756,0.003042,0.00251279804202407,232.0,76.0,118.0
Unknown,Unknown,16.6,25.93838853899756,0.0031060000000000003,0.002486072002175319,127.0,76.0,97.0
Unknown,Unknown,28.2,31.76790833529963,0.0044988,0.0033617232485735646,128.0,77.0,107.4
Unknown,Unknown,28.2,31.76790833529963,0.0045752,0.0032948966903379538,128.0,78.0,117.6
Unknown,Unknown,16.6,25.93838853899756,0.0034273999999999997,0.0029936433154268732,128.0,78.0,108.0
Unknown,Unknown,16.6,25.93838853899756,0.0034273999999999997,0.0029936433154268732,128.0,79.0,108.4
Unknown,Unknown,16.6,25.93838853899756,0.0033638,0.003024176036542847,128.0,79.0,99.2
Unknown,Unknown,25.2,45.16857314549575,0.0031344,0.002513346235599067,129.0,79.0,99.4
Unknown,Unknown,25.2,45.16857314549575,0.0031536000000000003,0.002506681730894451,129.0,79.0,99.6
Unknown,Unknown,25.2,45.16857314549575,0.003152,0.0025077704241018555,129.0,80.0,100.4
Unknown,Unknown,25.2,45.16857314549575,0.00315,0.0025091298292435962,129.0,81.0,101.0
Unknown,Unknown,25.2,45.16857314549575,0.0030922000000000007,0.002543011443151603,129.0,83.0,101.4
Unknown,Unknown,5.0,0.0,0.0019289999999999997,0.0003164364075134212,129.0,83.0,92.2
Unknown,Unknown,5.0,0.0,0.0017882000000000002,4.816637831516934e-06,84.0,83.0,83.2
Unknown,Unknown,5.0,0.0,0.0017898,4.381780460041346e-06,84.0,83.0,83.4
Unknown,Unknown,5.0,0.0,0.0017918,4.472135954999203e-07,84.0,83.0,83.6
Unknown,Unknown,5.0,0.0,0.0017920000000000002,7.071067811865647e-07,84.0,83.0,83.8
Unknown,Unknown,5.0,0.0,0.0017896000000000001,5.412947441089803e-06,85.0,84.0,84.2
Unknown,Unknown,5.0,0.0,0.0017878000000000002,6.260990336999468e-06,85.0,84.0,84.4
Unknown,Unknown,5.0,0.0,0.0017877999999999998,6.260990336999468e-06,86.0,84.0,84.8
Unknown,Unknown,5.0,0.0,0.0017884,6.877499545619802e-06,86.0,84.0,85.2
Unknown,Unknown,5.0,0.0,0.0017884,6.877499545619802e-06,86.0,85.0,85.6
Unknown,Unknown,5.0,0.0,0.0017909999999999998,5.14781507049353e-06,86.0,85.0,85.8
Unknown,Unknown,5.0,0.0,0.0017928,1.4832396974191027e-06,87.0,86.0,86.2
Unknown,Unknown,5.0,0.0,0.0017928,1.483239697419103e-06,87.0,86.0,86.4
Unknown,Unknown,5.0,0.0,0.0017905999999999998,3.781534080237842e-06,87.0,86.0,86.6
Unknown,Unknown,5.0,0.0,0.0017902,3.563705936241118e-06,87.0,86.0,86.8
Unknown,Unknown,5.0,0.0,0.00179,3.3911649915626365e-06,88.0,87.0,87.2
Unknown,Unknown,5.0,0.0,0.0017904,3.646916505762111e-06,88.0,87.0,87.4
Unknown,Unknown,5.0,0.0,0.0017906000000000003,3.781534080237842e-06,88.0,87.0,87.6
Unknown,Unknown,5.0,0.0,0.0017902,4.658325879540901e-06,88.0,87.0,87.8
Unknown,Unknown,5.0,0.0,0.0017905999999999998,4.827007354458929e-06,89.0,88.0,88.2
Unknown,Unknown,5.0,0.0,0.0017886000000000002,6.024948132556914e-06,89.0,88.0,88.4
Unknown,Unknown,5.0,0.0,0.0017888000000000001,6.220932405998386e-06,89.0,88.0,88.6
Unknown,Unknown,5.0,0.0,0.0017887999999999997,6.220932405998386e-06,89.0,88.0,88.8
Unknown,Unknown,5.0,0.0,0.0017910000000000003,5.049752469181097e-06,90.0,89.0,89.2
Unknown,Unknown,5.0,0.0,0.0017908,4.96990945591572e-06,90.0,89.0,89.4
Unknown,Unknown,5.0,0.0,0.001793,7.071067811865647e-07,90.0,89.0,89.6
