Time,Delta Time,Length,Source IEEE,Destination IEEE,FCF IEEE,Sequence Number,Source Zigbee,Destination Zigbee,FCF Zigbee,Payload Length,Extended Source,File
"Oct 12, 2023 17:16:36.000000",0.000000,77,0x482d,0xffff,0x8841,79,0x482d,0xfffc,0x1209,,,idle2.pcapng
"Oct 12, 2023 17:16:38.715568",2.715568,12,0x2cae,0x482d,0x8863,225,,,,,,idle2.pcapng
"Oct 12, 2023 17:16:38.716335",0.000767,5,,,0x0002,225,,,,,,idle2.pcapng
"Oct 12, 2023 17:16:40.084308",1.367973,68,0xebe5,0xffff,0x8841,79,0xebe5,0xfffc,0x1209,,,idle2.pcapng
"Oct 12, 2023 17:16:41.091075",1.006767,77,0x82eb,0xffff,0x8841,37,0x82eb,0xfffc,0x1209,,,idle2.pcapng
"Oct 12, 2023 17:16:41.504944",0.413869,74,0x6e5f,0xffff,0x8841,55,0x6e5f,0xfffc,0x1209,,,idle2.pcapng
"Oct 12, 2023 17:16:42.226560",0.721616,77,0x054f,0xffff,0x8841,11,0x054f,0xfffc,0x1209,,,idle2.pcapng
"Oct 12, 2023 17:16:42.584434",,52,,,,,,,,,,idle2.pcapng
"Oct 12, 2023 17:16:42.586451",0.002017,5,,,0x0002,0,,,,,,idle2.pcapng
"Oct 12, 2023 17:16:42.594315",,63,,,,,,,,,,idle2.pcapng
"Oct 12, 2023 17:16:42.596714",0.002399,5,,,0x0002,222,,,,,,idle2.pcapng
"Oct 12, 2023 17:16:42.619278",,52,,,,,,,,,,idle2.pcapng
"Oct 12, 2023 17:16:42.621325",0.002047,5,,,0x0002,1,,,,,,idle2.pcapng
"Oct 12, 2023 17:16:42.625434",,52,,,,,,,,,,idle2.pcapng
"Oct 12, 2023 17:16:42.627450",0.002016,5,,,0x0002,80,,,,,,idle2.pcapng
"Oct 12, 2023 17:16:42.631835",,45,,,,,,,,,,idle2.pcapng
"Oct 12, 2023 17:16:42.633628",0.001793,5,,,0x0002,2,,,,,,idle2.pcapng
"Oct 12, 2023 17:16:42.635248",,63,,,,,,,,,,idle2.pcapng
"Oct 12, 2023 17:16:42.637647",0.002399,5,,,0x0002,56,,,,,,idle2.pcapng
"Oct 12, 2023 17:16:42.647193",,54,,,,,,,,,,idle2.pcapng
"Oct 12, 2023 17:16:42.649272",0.002079,5,,,0x0002,3,,,,,,idle2.pcapng
"Oct 12, 2023 17:16:42.657449",,66,,,,,,,,,,idle2.pcapng
"Oct 12, 2023 17:16:42.659944",0.002495,5,,,0x0002,223,,,,,,idle2.pcapng
"Oct 12, 2023 17:16:42.680592",,54,,,,,,,,,,idle2.pcapng
"Oct 12, 2023 17:16:42.682703",0.002111,5,,,0x0002,4,,,,,,idle2.pcapng
"Oct 12, 2023 17:16:42.687159",,54,,,,,,,,,,idle2.pcapng
"Oct 12, 2023 17:16:42.689241",0.002082,5,,,0x0002,81,,,,,,idle2.pcapng
"Oct 12, 2023 17:16:42.699514",0.010273,5,,,0x0002,57,,,,,,idle2.pcapng
"Oct 12, 2023 17:16:42.708827",,45,,,,,,,,,,idle2.pcapng
"Oct 12, 2023 17:16:42.710650",0.001823,5,,,0x0002,5,,,,,,idle2.pcapng
"Oct 12, 2023 17:16:42.715004",,45,,,,,,,,,,idle2.pcapng
"Oct 12, 2023 17:16:42.716796",0.001792,5,,,0x0002,82,,,,,,idle2.pcapng
"Oct 12, 2023 17:16:42.718418",,54,,,,,,,,,,idle2.pcapng
"Oct 12, 2023 17:16:42.720529",0.002111,5,,,0x0002,6,,,,,,idle2.pcapng
"Oct 12, 2023 17:16:42.724647",0.004118,54,0xa20b,0xccf0,0x8861,30,,,,,,idle2.pcapng
"Oct 12, 2023 17:16:42.726727",0.002080,5,,,0x0002,30,,,,,,idle2.pcapng
"Oct 12, 2023 17:16:42.731352",,45,,,,,,,,,,idle2.pcapng
"Oct 12, 2023 17:16:42.733144",0.001792,5,,,0x0002,7,,,,,,idle2.pcapng
"Oct 12, 2023 17:16:42.734595",0.001451,107,0xc8f0,0x0000,0x886b,31,,,,,,idle2.pcapng
"Oct 12, 2023 17:16:42.737090",0.002495,5,,,0x0002,31,,,,,,idle2.pcapng
"Oct 12, 2023 17:16:42.742397",,52,,,,,,,,,,idle2.pcapng
"Oct 12, 2023 17:16:42.744444",0.002047,5,,,0x0002,8,,,,,,idle2.pcapng
"Oct 12, 2023 17:16:42.748810",0.004366,52,0xa209,0xc8f0,0x8861,79,,,,,,idle2.pcapng
"Oct 12, 2023 17:16:42.750828",0.002018,5,,,0x0002,31,,,,,,idle2.pcapng
"Oct 12, 2023 17:16:42.757731",,45,,,,,,,,,,idle2.pcapng
"Oct 12, 2023 17:16:42.762602",,45,,,,,,,,,,idle2.pcapng
"Oct 12, 2023 17:16:42.767180",,45,,,,,,,,,,idle2.pcapng
"Oct 12, 2023 17:16:42.769003",0.001823,5,,,0x0002,9,,,,,,idle2.pcapng
"Oct 12, 2023 17:16:42.778709",,45,,,,,,,,,,idle2.pcapng
"Oct 12, 2023 17:16:42.780532",0.001823,5,,,0x0002,10,,,,,,idle2.pcapng
"Oct 12, 2023 17:16:42.782149",,63,,,,,,,,,,idle2.pcapng
"Oct 12, 2023 17:16:42.784548",0.002399,5,,,0x0002,33,,,,,,idle2.pcapng
"Oct 12, 2023 17:16:42.786634",0.002086,45,0x0248,0xc8f0,0x8831,32,,,,,,idle2.pcapng
"Oct 12, 2023 17:16:42.788419",0.001785,5,,,0x0002,32,,,,,,idle2.pcapng
"Oct 12, 2023 17:16:42.811172",,45,,,,,,,,,,idle2.pcapng
"Oct 12, 2023 17:16:42.812995",0.001823,5,,,0x0002,11,,,,,,idle2.pcapng
"Oct 12, 2023 17:16:42.815745",0.002750,35,0xa209,0xc8f0,0x8861,33,,,,,,idle2.pcapng
"Oct 12, 2023 17:16:43.483972",,60,,,,,,,,,,idle2.pcapng
"Oct 12, 2023 17:16:43.486275",0.002303,5,,,0x0002,34,,,,,,idle2.pcapng
"Oct 12, 2023 17:16:43.549129",,50,,,,,,,,,,idle2.pcapng
"Oct 12, 2023 17:16:43.551113",0.001984,5,,,0x0002,12,,,,,,idle2.pcapng
"Oct 12, 2023 17:16:43.563753",0.012640,5,,,0x0002,35,,,,,,idle2.pcapng
"Oct 12, 2023 17:16:43.777941",0.214188,12,0x2cae,0x482d,0x8863,226,,,,,,idle2.pcapng
"Oct 12, 2023 17:16:43.778708",0.000767,5,,,0x0002,226,,,,,,idle2.pcapng
"Oct 12, 2023 17:16:43.789220",0.010512,74,0x09ac,0xffff,0x8841,92,0x09ac,0xfffc,0x1209,,,idle2.pcapng
"Oct 12, 2023 17:16:44.360999",0.571779,77,0xe694,0xffff,0x8841,224,0xe694,0xfffc,0x1209,,,idle2.pcapng
"Oct 12, 2023 17:16:48.778482",4.417483,12,0x2cae,0x482d,0x8863,227,,,,,,idle2.pcapng
"Oct 12, 2023 17:16:48.779249",0.000767,5,,,0x0002,227,,,,,,idle2.pcapng
"Oct 12, 2023 17:16:49.089189",0.309940,77,0xe5c4,0xffff,0x8841,97,0xe5c4,0xfffc,0x1209,,,idle2.pcapng
"Oct 12, 2023 17:16:49.280317",0.191128,77,0x0000,0xffff,0x8841,13,0x0000,0xfffc,0x1209,,,idle2.pcapng
"Oct 12, 2023 17:16:51.202835",1.922518,106,0x482d,0xffff,0x886a,85,,,,,,idle2.pcapng
"Oct 12, 2023 17:16:52.367516",1.164681,71,0xa209,0xffff,0x8841,35,0xa209,0xfffc,0x1209,,,idle2.pcapng
"Oct 12, 2023 17:16:53.841578",1.474062,12,0x2cae,0x482d,0x8863,228,,,,,,idle2.pcapng
"Oct 12, 2023 17:16:53.842346",0.000768,5,,,0x0002,228,,,,,,idle2.pcapng
"Oct 12, 2023 17:16:55.145190",1.302844,68,0xebe5,0xffff,0x8841,80,0xebe5,0xfffc,0x1209,,,idle2.pcapng
"Oct 12, 2023 17:16:56.098144",0.952954,77,0x82eb,0xffff,0x8841,38,0x82eb,0xfffc,0x1209,,,idle2.pcapng
"Oct 12, 2023 17:16:58.004081",1.905937,77,0x054f,0xffff,0x8841,12,0x054f,0xfffc,0x1209,,,idle2.pcapng
"Oct 12, 2023 17:16:58.873865",0.869784,12,0x2cae,0x482d,0x8863,229,,,,,,idle2.pcapng
"Oct 12, 2023 17:16:59.347536",0.473671,77,0xe694,0xffff,0x8841,225,0xe694,0xfffc,0x1209,,,idle2.pcapng
"Oct 12, 2023 17:17:00.194575",0.847039,74,0xc8f0,0xffff,0x8841,37,0xc8f0,0xfffc,0x1209,,,idle2.pcapng
"Oct 12, 2023 17:17:00.216603",0.022028,74,0x09ac,0xffff,0x8841,93,0x09ac,0xfffc,0x1209,,,idle2.pcapng
"Oct 12, 2023 17:17:03.874345",3.657742,12,0x2cae,0x482d,0x8863,230,,,,,,idle2.pcapng
"Oct 12, 2023 17:17:03.875112",0.000767,5,,,0x0002,230,,,,,,idle2.pcapng
"Oct 12, 2023 17:17:04.548320",,50,,,,,,,,,,idle2.pcapng
"Oct 12, 2023 17:17:04.550303",0.001983,5,,,0x0002,14,,,,,,idle2.pcapng
"Oct 12, 2023 17:17:04.555028",0.004725,55,0x482d,0x0000,0x8861,86,0x482d,0x0000,0x1a09,,,idle2.pcapng
"Oct 12, 2023 17:17:04.557171",0.002143,5,,,0x0002,86,,,,,,idle2.pcapng
"Oct 12, 2023 17:17:04.601734",,53,,,,,,,,,,idle2.pcapng
"Oct 12, 2023 17:17:04.603812",0.002078,5,,,0x0002,87,,,,,,idle2.pcapng
"Oct 12, 2023 17:17:04.643960",,50,,,,,,,,,,idle2.pcapng
"Oct 12, 2023 17:17:04.645943",0.001983,5,,,0x0002,15,,,,,,idle2.pcapng
"Oct 12, 2023 17:17:04.649699",0.003756,55,0x482d,0x0000,0x8861,88,0x482d,0x0000,0x1a09,,,idle2.pcapng
"Oct 12, 2023 17:17:04.651842",0.002143,5,,,0x0002,88,,,,,,idle2.pcapng
"Oct 12, 2023 17:17:04.698657",,53,,,,,,,,,,idle2.pcapng
"Oct 12, 2023 17:17:04.700736",0.002079,5,,,0x0002,89,,,,,,idle2.pcapng
"Oct 12, 2023 17:17:06.335837",1.635101,77,0xe5c4,0xffff,0x8841,98,0xe5c4,0xfffc,0x1209,,,idle2.pcapng
"Oct 12, 2023 17:17:06.582643",0.246806,77,0x0000,0xffff,0x8841,16,0x0000,0xfffc,0x1209,,,idle2.pcapng
"Oct 12, 2023 17:17:06.932734",0.350091,77,0x482d,0xffff,0x8841,90,0x482d,0xfffc,0x1209,,,idle2.pcapng
"Oct 12, 2023 17:17:08.437957",,76,,,,,,,,,,idle2.pcapng
"Oct 12, 2023 17:17:08.440772",0.002815,5,,,0x0002,13,,,,,,idle2.pcapng
"Oct 12, 2023 17:17:08.458720",,45,,,,,,,,,,idle2.pcapng
"Oct 12, 2023 17:17:08.460511",0.001791,5,,,0x0002,17,,,,,,idle2.pcapng
"Oct 12, 2023 17:17:08.464428",,45,,,,,,,,,,idle2.pcapng
"Oct 12, 2023 17:17:08.466238",0.001810,5,,,0x0002,226,,,,,,idle2.pcapng
"Oct 12, 2023 17:17:08.487258",,50,,,,,,,,,,idle2.pcapng
"Oct 12, 2023 17:17:08.489201",0.001943,5,,,0x0002,18,,,,,,idle2.pcapng
"Oct 12, 2023 17:17:08.493038",,50,,,,,,,,,,idle2.pcapng
"Oct 12, 2023 17:17:08.495007",0.001969,5,,,0x0002,227,,,,,,idle2.pcapng
"Oct 12, 2023 17:17:08.497223",,45,,,,,,,,,,idle2.pcapng
"Oct 12, 2023 17:17:08.499046",0.001823,5,,,0x0002,14,,,,,,idle2.pcapng
"Oct 12, 2023 17:17:08.937073",0.438027,12,0x2cae,0x482d,0x8863,231,,,,,,idle2.pcapng
"Oct 12, 2023 17:17:08.937840",0.000767,5,,,0x0002,231,,,,,,idle2.pcapng
"Oct 12, 2023 17:17:10.097967",1.160127,68,0xebe5,0xffff,0x8841,81,0xebe5,0xfffc,0x1209,,,idle2.pcapng
"Oct 12, 2023 17:17:10.996639",,83,,,,,,,,,,idle2.pcapng
"Oct 12, 2023 17:17:10.999647",0.003008,5,,,0x0002,124,,,,,,idle2.pcapng
"Oct 12, 2023 17:17:11.003908",,83,,,,,,,,,,idle2.pcapng
"Oct 12, 2023 17:17:11.006947",0.003039,5,,,0x0002,228,,,,,,idle2.pcapng
"Oct 12, 2023 17:17:11.107773",0.100826,77,0x82eb,0xffff,0x8841,39,0x82eb,0xfffc,0x1209,,,idle2.pcapng
"Oct 12, 2023 17:17:11.507567",0.399794,12,0x772c,0xe694,0x8863,125,,,,,,idle2.pcapng
"Oct 12, 2023 17:17:11.508304",0.000737,5,,,0x0002,125,,,,,,idle2.pcapng
"Oct 12, 2023 17:17:11.522006",0.013702,74,0x6e5f,0xffff,0x8841,59,0x6e5f,0xfffc,0x1209,,,idle2.pcapng
"Oct 12, 2023 17:17:12.588483",,52,,,,,,,,,,idle2.pcapng
"Oct 12, 2023 17:17:12.590493",0.002010,5,,,0x0002,19,,,,,,idle2.pcapng
"Oct 12, 2023 17:17:12.598198",,63,,,,,,,,,,idle2.pcapng
"Oct 12, 2023 17:17:12.600596",0.002398,5,,,0x0002,229,,,,,,idle2.pcapng
"Oct 12, 2023 17:17:12.627312",,52,,,,,,,,,,idle2.pcapng
"Oct 12, 2023 17:17:12.629359",0.002047,5,,,0x0002,20,,,,,,idle2.pcapng
"Oct 12, 2023 17:17:12.633381",,52,,,,,,,,,,idle2.pcapng
"Oct 12, 2023 17:17:12.635399",0.002018,5,,,0x0002,91,,,,,,idle2.pcapng
"Oct 12, 2023 17:17:12.640217",,45,,,,,,,,,,idle2.pcapng
"Oct 12, 2023 17:17:12.642009",0.001792,5,,,0x0002,21,,,,,,idle2.pcapng
"Oct 12, 2023 17:17:12.643019",,63,,,,,,,,,,idle2.pcapng
"Oct 12, 2023 17:17:12.645417",0.002398,5,,,0x0002,60,,,,,,idle2.pcapng
"Oct 12, 2023 17:17:12.667210",,54,,,,,,,,,,idle2.pcapng
"Oct 12, 2023 17:17:12.669281",0.002071,5,,,0x0002,22,,,,,,idle2.pcapng
"Oct 12, 2023 17:17:12.677190",,66,,,,,,,,,,idle2.pcapng
"Oct 12, 2023 17:17:12.679685",0.002495,5,,,0x0002,230,,,,,,idle2.pcapng
"Oct 12, 2023 17:17:12.681082",,54,,,,,,,,,,idle2.pcapng
"Oct 12, 2023 17:17:12.685984",0.004902,54,0x482d,0x6e5f,0x8861,92,,,,,,idle2.pcapng
"Oct 12, 2023 17:17:12.688064",0.002080,5,,,0x0002,92,,,,,,idle2.pcapng
"Oct 12, 2023 17:17:12.695959",,66,,,,,,,,,,idle2.pcapng
"Oct 12, 2023 17:17:12.698454",0.002495,5,,,0x0002,61,,,,,,idle2.pcapng
"Oct 12, 2023 17:17:12.703667",,54,,,,,,,,,,idle2.pcapng
"Oct 12, 2023 17:17:12.705778",0.002111,5,,,0x0002,23,,,,,,idle2.pcapng
"Oct 12, 2023 17:17:12.719059",,45,,,,,,,,,,idle2.pcapng
"Oct 12, 2023 17:17:12.721994",,45,,,,,,,,,,idle2.pcapng
"Oct 12, 2023 17:17:12.723817",0.001823,5,,,0x0002,24,,,,,,idle2.pcapng
"Oct 12, 2023 17:17:12.726433",,45,,,,,,,,,,idle2.pcapng
"Oct 12, 2023 17:17:12.728226",0.001793,5,,,0x0002,93,,,,,,idle2.pcapng
"Oct 12, 2023 17:17:12.729934",,54,,,,,,,,,,idle2.pcapng
"Oct 12, 2023 17:17:12.732045",0.002111,5,,,0x0002,25,,,,,,idle2.pcapng
"Oct 12, 2023 17:17:12.736760",0.004715,54,0xa209,0xc8f0,0x8861,37,,,,,,idle2.pcapng
"Oct 12, 2023 17:17:12.742063",,45,,,,,,,,,,idle2.pcapng
"Oct 12, 2023 17:17:12.743853",0.001790,5,,,0x0002,26,,,,,,idle2.pcapng
"Oct 12, 2023 17:17:12.749669",0.005816,107,0xc8f0,0x6013,0x886b,38,,,,,,idle2.pcapng
"Oct 12, 2023 17:17:12.754878",,52,,,,,,,,,,idle2.pcapng
"Oct 12, 2023 17:17:12.759858",,52,,,,,,,,,,idle2.pcapng
"Oct 12, 2023 17:17:12.764191",,52,,,,,,,,,,idle2.pcapng
"Oct 12, 2023 17:17:12.769574",,52,,,,,,,,,,idle2.pcapng
"Oct 12, 2023 17:17:12.771621",0.002047,5,,,0x0002,27,,,,,,idle2.pcapng
"Oct 12, 2023 17:17:12.777007",0.005386,52,0xa209,0xc8f0,0x8861,38,,,,,,idle2.pcapng
"Oct 12, 2023 17:17:12.781329",,45,,,,,,,,,,idle2.pcapng
"Oct 12, 2023 17:17:12.783152",0.001823,5,,,0x0002,28,,,,,,idle2.pcapng
"Oct 12, 2023 17:17:12.783511",,66,,,,,,,,,,idle2.pcapng
"Oct 12, 2023 17:17:12.786006",0.002495,5,,,0x0002,39,,,,,,idle2.pcapng
"Oct 12, 2023 17:17:12.787542",0.001536,45,0x482d,0x6e5f,0x8861,94,,,,,,idle2.pcapng
"Oct 12, 2023 17:17:12.794776",,45,,,,,,,,,,idle2.pcapng
"Oct 12, 2023 17:17:12.796488",0.001712,106,0xc8f0,0x0000,0x886a,40,,,,,,idle2.pcapng
"Oct 12, 2023 17:17:12.801615",0.005127,18,0xc8f0,0x0000,0x8861,40,,,,,,idle2.pcapng
"Oct 12, 2023 17:17:12.804110",0.002495,5,,,0x0002,40,,,,,,idle2.pcapng
"Oct 12, 2023 17:17:12.813019",,45,,,,,,,,,,idle2.pcapng
"Oct 12, 2023 17:17:12.814842",0.001823,5,,,0x0002,29,,,,,,idle2.pcapng
"Oct 12, 2023 17:17:12.817990",0.003148,45,,,0xe861,71,,,,,,idle2.pcapng
"Oct 12, 2023 17:17:12.819772",0.001782,5,,,,,,,,,,idle2.pcapng
"Oct 12, 2023 17:17:12.822253",,45,,,,,,,,,,idle2.pcapng
"Oct 12, 2023 17:17:12.824076",0.001823,5,,,0x0002,30,,,,,,idle2.pcapng
"Oct 12, 2023 17:17:12.828481",0.004405,61,,,,,,,,,,idle2.pcapng
"Oct 12, 2023 17:17:12.833209",,52,,,,,,,,,,idle2.pcapng
"Oct 12, 2023 17:17:12.835226",0.002017,5,,,0x0002,41,,,,,,idle2.pcapng
"Oct 12, 2023 17:17:12.843020",,63,,,,,,,,,,idle2.pcapng
"Oct 12, 2023 17:17:12.845418",0.002398,5,,,0x0002,41,,,,,,idle2.pcapng
"Oct 12, 2023 17:17:12.860330",,45,,,,,,,,,,idle2.pcapng
"Oct 12, 2023 17:17:12.862153",0.001823,5,,,0x0002,31,,,,,,idle2.pcapng
"Oct 12, 2023 17:17:12.864977",,45,,,,,,,,,,idle2.pcapng
"Oct 12, 2023 17:17:12.866758",0.001781,5,,,0x0002,42,,,,,,idle2.pcapng
"Oct 12, 2023 17:17:13.967519",1.100761,12,0x2cae,0x482d,0x8863,232,,,,,,idle2.pcapng
"Oct 12, 2023 17:17:13.968286",0.000767,5,,,0x0002,232,,,,,,idle2.pcapng
"Oct 12, 2023 17:17:14.403713",0.435427,77,0xe694,0xffff,0x8841,231,0xe694,0xfffc,0x1209,,,idle2.pcapng
"Oct 12, 2023 17:17:15.249787",0.846074,74,0xc8f0,0xffff,0x8841,42,0xc8f0,0xfffc,0x1209,,,idle2.pcapng
"Oct 12, 2023 17:17:15.266001",0.016214,77,0x054f,0xffff,0x8841,15,0x054f,0xfffc,0x1209,,,idle2.pcapng
"Oct 12, 2023 17:17:15.661066",0.395065,104,0x09ac,0xffff,0x8868,94,,,,,,idle2.pcapng
"Oct 12, 2023 17:17:18.999311",3.338245,12,0x2cae,0x482d,0x8863,233,,,,,,idle2.pcapng
"Oct 12, 2023 17:17:19.000078",0.000767,5,,,0x0002,233,,,,,,idle2.pcapng
"Oct 12, 2023 17:17:20.796147",1.796069,77,0xe5c4,0xffff,0x8841,99,0xe5c4,0xfffc,0x1209,,,idle2.pcapng
"Oct 12, 2023 17:17:21.061926",0.265779,105,0x482d,0xffff,0x8869,95,,,,,,idle2.pcapng
"Oct 12, 2023 17:17:21.475977",0.414051,77,0x0000,0xffff,0x8841,32,0x0000,0xfffc,0x1209,,,idle2.pcapng
"Oct 12, 2023 17:17:24.061714",2.585737,12,0x2cae,0x482d,0x8863,234,,,,,,idle2.pcapng
"Oct 12, 2023 17:17:24.062481",0.000767,5,,,0x0002,234,,,,,,idle2.pcapng
"Oct 12, 2023 17:17:25.204937",1.142456,68,0xebe5,0xffff,0x8841,82,0xebe5,0xfffc,0x1209,,,idle2.pcapng
"Oct 12, 2023 17:17:26.102041",0.897104,77,0x82eb,0xffff,0x8841,40,0x82eb,0xfffc,0x1209,,,idle2.pcapng
"Oct 12, 2023 17:17:26.484560",0.382519,95,0x6e5f,0xffff,0x885f,62,,,,,,idle2.pcapng
"Oct 12, 2023 17:17:29.094054",2.609494,12,0x2cae,0x482d,0x8863,235,,,,,,idle2.pcapng
"Oct 12, 2023 17:17:29.094822",0.000768,5,,,0x0002,235,,,,,,idle2.pcapng
"Oct 12, 2023 17:17:29.298433",0.203611,77,0xe694,0xffff,0x8841,232,0xe694,0xfffc,0x1209,,,idle2.pcapng
"Oct 12, 2023 17:17:29.345981",0.047548,77,0x054f,0xffff,0x8841,16,0x054f,0xfffc,0x1209,,,idle2.pcapng
"Oct 12, 2023 17:17:30.228831",0.882850,71,0xc8f0,0xffff,0x8841,43,0xc8f0,0xfffc,0x1209,,,idle2.pcapng
"Oct 12, 2023 17:17:31.117744",0.888913,74,0x09ac,0xffff,0x8841,95,0x09ac,0xfffc,0x1209,,,idle2.pcapng
"Oct 12, 2023 17:17:34.123606",3.005862,12,0x2cae,0x482d,0x8863,236,,,,,,idle2.pcapng
"Oct 12, 2023 17:17:34.124373",0.000767,5,,,0x0002,236,,,,,,idle2.pcapng
"Oct 12, 2023 17:17:36.306138",2.181765,77,0xe5c4,0xffff,0x8841,100,0xe5c4,0xfffc,0x1209,,,idle2.pcapng
"Oct 12, 2023 17:17:38.857702",2.551564,77,0x0000,0xffff,0x8841,33,0x0000,0xfffc,0x1209,,,idle2.pcapng
"Oct 12, 2023 17:17:38.997380",0.139678,103,0x482d,0xffff,0x8867,96,,,,,,idle2.pcapng
"Oct 12, 2023 17:17:39.186764",0.189384,12,0x2cae,0x482d,0x8863,237,,,,,,idle2.pcapng
"Oct 12, 2023 17:17:40.146703",0.959939,68,0xebe5,0xffff,0x8841,83,0xebe5,0xfffc,0x1209,,,idle2.pcapng
"Oct 12, 2023 17:17:41.109749",0.963046,77,0x82eb,0xffff,0x8841,41,0x82eb,0xfffc,0x1209,,,idle2.pcapng
"Oct 12, 2023 17:17:41.560300",0.450551,71,0x6e5f,0xffff,0x8841,63,0x6e5f,0xfffc,0x1209,,,idle2.pcapng
"Oct 12, 2023 17:17:42.595794",,52,,,,,,,,,,idle2.pcapng
"Oct 12, 2023 17:17:42.597811",0.002017,5,,,0x0002,34,,,,,,idle2.pcapng
"Oct 12, 2023 17:17:42.606086",,63,,,,,,,,,,idle2.pcapng
"Oct 12, 2023 17:17:42.608485",0.002399,5,,,0x0002,233,,,,,,idle2.pcapng
"Oct 12, 2023 17:17:42.628595",,52,,,,,,,,,,idle2.pcapng
"Oct 12, 2023 17:17:42.630642",0.002047,5,,,0x0002,35,,,,,,idle2.pcapng
"Oct 12, 2023 17:17:42.633474",,52,,,,,,,,,,idle2.pcapng
"Oct 12, 2023 17:17:42.635489",0.002015,5,,,0x0002,97,,,,,,idle2.pcapng
"Oct 12, 2023 17:17:42.641398",,45,,,,,,,,,,idle2.pcapng
"Oct 12, 2023 17:17:42.643190",0.001792,5,,,0x0002,36,,,,,,idle2.pcapng
"Oct 12, 2023 17:17:42.648340",0.005150,63,0x6e5f,0x0000,0x8861,64,,,,,,idle2.pcapng
"Oct 12, 2023 17:17:42.650739",0.002399,5,,,0x0002,64,,,,,,idle2.pcapng
"Oct 12, 2023 17:17:42.653979",,54,,,,,,,,,,idle2.pcapng
"Oct 12, 2023 17:17:42.656059",0.002080,5,,,0x0002,37,,,,,,idle2.pcapng
"Oct 12, 2023 17:17:42.664195",,66,,,,,,,,,,idle2.pcapng
"Oct 12, 2023 17:17:42.666690",0.002495,5,,,0x0002,234,,,,,,idle2.pcapng
"Oct 12, 2023 17:17:42.692083",,54,,,,,,,,,,idle2.pcapng
"Oct 12, 2023 17:17:42.694195",0.002112,5,,,0x0002,38,,,,,,idle2.pcapng
"Oct 12, 2023 17:17:42.697625",,54,,,,,,,,,,idle2.pcapng
"Oct 12, 2023 17:17:42.699704",0.002079,5,,,0x0002,98,,,,,,idle2.pcapng
"Oct 12, 2023 17:17:42.709916",0.010212,5,,,0x0002,65,,,,,,idle2.pcapng
"Oct 12, 2023 17:17:42.712310",,45,,,,,,,,,,idle2.pcapng
"Oct 12, 2023 17:17:42.714133",0.001823,5,,,0xf002,45,,,,,,idle2.pcapng
"Oct 12, 2023 17:17:42.717498",0.003365,45,0x48fd,0x6d5f,0x8861,105,,,,,,idle2.pcapng
"Oct 12, 2023 17:17:42.719291",0.001793,5,,,0x0002,99,,,,,,idle2.pcapng
"Oct 12, 2023 17:17:42.731940",,45,,,,,,,,,,idle2.pcapng
"Oct 12, 2023 17:17:42.733721",0.001781,5,,,0x0002,40,,,,,,idle2.pcapng
"Oct 12, 2023 17:17:42.739775",,54,,,,,,,,,,idle2.pcapng
"Oct 12, 2023 17:17:42.741886",0.002111,5,,,0x0002,41,,,,,,idle2.pcapng
"Oct 12, 2023 17:17:42.744695",,54,,,,,,,,,,idle2.pcapng
"Oct 12, 2023 17:17:42.746777",0.002082,5,,,0x0002,44,,,,,,idle2.pcapng
"Oct 12, 2023 17:17:42.751462",,52,,,,,,,,,,idle2.pcapng
"Oct 12, 2023 17:17:42.753508",0.002046,5,,,0x0002,42,,,,,,idle2.pcapng
"Oct 12, 2023 17:17:42.754600",,66,,,,,,,,,,idle2.pcapng
"Oct 12, 2023 17:17:42.757095",0.002495,5,,,0x0002,44,,,,,,idle2.pcapng
"Oct 12, 2023 17:17:42.758221",0.001126,52,0xa209,0xc8f0,0x8861,45,,,,,,idle2.pcapng
"Oct 12, 2023 17:17:42.760231",0.002010,5,,,0x0002,45,,,,,,idle2.pcapng
"Oct 12, 2023 17:17:42.767846",0.007615,63,0xabf0,0x0000,0x8861,45,,,,,,idle2.pcapng
"Oct 12, 2023 17:17:42.772972",0.005126,63,0xc8f0,0x0000,0x8861,45,,,,,,idle2.pcapng
"Oct 12, 2023 17:17:42.777359",,45,,,,,,,,,,idle2.pcapng
"Oct 12, 2023 17:17:42.780815",,45,,,,,,,,,,idle2.pcapng
"Oct 12, 2023 17:17:42.782639",0.001824,5,,,0x0002,43,,,,,,idle2.pcapng
"Oct 12, 2023 17:17:42.783535",,63,,,,,,,,,,idle2.pcapng
"Oct 12, 2023 17:17:42.785934",0.002399,5,,,0x0002,45,,,,,,idle2.pcapng
"Oct 12, 2023 17:17:42.788341",,45,,,,,,,,,,idle2.pcapng
"Oct 12, 2023 17:17:42.790121",0.001780,5,,,0x0002,100,,,,,,idle2.pcapng
"Oct 12, 2023 17:17:42.791186",,45,,,,,,,,,,idle2.pcapng
"Oct 12, 2023 17:17:42.793009",0.001823,5,,,0x0002,44,,,,,,idle2.pcapng
"Oct 12, 2023 17:17:42.796924",,45,,,,,,,,,,idle2.pcapng
"Oct 12, 2023 17:17:42.798717",0.001793,5,,,0x0002,46,,,,,,idle2.pcapng
"Oct 12, 2023 17:17:42.802960",,45,,,,,,,,,,idle2.pcapng
"Oct 12, 2023 17:17:42.804783",0.001823,5,,,0x0002,45,,,,,,idle2.pcapng
"Oct 12, 2023 17:17:43.953190",1.148407,77,0x054f,0xffff,0x8841,17,0x054f,0xfffc,0x1209,,,idle2.pcapng
"Oct 12, 2023 17:17:44.218670",0.265480,12,0x2cae,0x482d,0x8863,238,,,,,,idle2.pcapng
"Oct 12, 2023 17:17:44.219437",0.000767,5,,,0x0002,238,,,,,,idle2.pcapng
"Oct 12, 2023 17:17:44.360557",0.141120,77,0xe694,0xffff,0x8841,235,0xe694,0xfffc,0x1209,,,idle2.pcapng
"Oct 12, 2023 17:17:45.083063",0.722506,74,0xa209,0xffff,0x8841,48,0xa209,0xfffc,0x1209,,,idle2.pcapng
"Oct 12, 2023 17:17:45.299534",0.216471,104,0xc8f0,0xffff,0x8868,46,,,,,,idle2.pcapng
"Oct 12, 2023 17:17:49.250431",3.950897,12,0x2cae,0x482d,0x8863,239,,,,,,idle2.pcapng
"Oct 12, 2023 17:17:49.251198",0.000767,5,,,0x0002,239,,,,,,idle2.pcapng
"Oct 12, 2023 17:17:52.021628",2.770430,77,0xe5c4,0xffff,0x8841,101,0xe5c4,0xfffc,0x1209,,,idle2.pcapng
"Oct 12, 2023 17:17:54.281969",2.260341,12,0x2cae,0x482d,0x8863,240,,,,,,idle2.pcapng
"Oct 12, 2023 17:17:54.282736",0.000767,5,,,0x0002,240,,,,,,idle2.pcapng
"Oct 12, 2023 17:17:54.347770",0.065034,77,0x0000,0xffff,0x8841,46,0x0000,0xfffc,0x1209,,,idle2.pcapng
"Oct 12, 2023 17:17:55.158721",0.810951,68,0xebe5,0xffff,0x8841,84,0xebe5,0xfffc,0x1209,,,idle2.pcapng
"Oct 12, 2023 17:17:56.076541",0.917820,77,0x482d,0xffff,0x8841,101,0x482d,0xfffc,0x1209,,,idle2.pcapng
"Oct 12, 2023 17:17:56.093777",0.017236,77,0x82eb,0xffff,0x8841,42,0x82eb,0xfffc,0x1209,,,idle2.pcapng
"Oct 12, 2023 17:17:56.567895",0.474118,71,0x6e5f,0xffff,0x8841,66,0x6e5f,0xfffc,0x1209,,,idle2.pcapng
"Oct 12, 2023 17:17:59.313664",2.745769,12,0x2cae,0x482d,0x8863,241,,,,,,idle2.pcapng
"Oct 12, 2023 17:17:59.314431",0.000767,5,,,0x0002,241,,,,,,idle2.pcapng
"Oct 12, 2023 17:17:59.353594",0.039163,77,0xe694,0xffff,0x8841,236,0xe694,0xfffc,0x1209,,,idle2.pcapng
"Oct 12, 2023 17:18:00.270679",,96,,,,,,,,,,idle2.pcapng
"Oct 12, 2023 17:18:00.499752",0.229073,77,0x054f,0xffff,0x8841,18,0x054f,0xfffc,0x1209,,,idle2.pcapng
"Oct 12, 2023 17:18:04.333033",3.833281,74,0x09ac,0xffff,0x8841,97,0x09ac,0xfffc,0x1209,,,idle2.pcapng
"Oct 12, 2023 17:18:04.344816",0.011783,12,0x2cae,0x482d,0x8863,242,,,,,,idle2.pcapng
"Oct 12, 2023 17:18:04.345583",0.000767,5,,,0x0002,242,,,,,,idle2.pcapng
"Oct 12, 2023 17:18:08.661945",4.316362,77,0xe5c4,0xffff,0x8841,102,0xe5c4,0xfffc,0x1209,,,idle2.pcapng
"Oct 12, 2023 17:18:09.375671",0.713726,12,0x2cae,0x482d,0x8863,243,,,,,,idle2.pcapng
"Oct 12, 2023 17:18:09.376438",0.000767,5,,,0x0002,243,,,,,,idle2.pcapng
"Oct 12, 2023 17:18:10.155505",0.779067,68,0xebe5,0xffff,0x8841,85,0xebe5,0xfffc,0x1209,,,idle2.pcapng
"Oct 12, 2023 17:18:10.723794",0.568289,77,0x482d,0xffff,0x8841,102,0x482d,0xfffc,0x1209,,,idle2.pcapng
"Oct 12, 2023 17:18:11.096685",0.372891,77,0x82eb,0xffff,0x8841,43,0x82eb,0xfffc,0x1209,,,idle2.pcapng
"Oct 12, 2023 17:18:11.464528",0.367843,74,0x6e5f,0xffff,0x8841,67,0x6e5f,0xfffc,0x1209,,,idle2.pcapng
"Oct 12, 2023 17:18:11.701970",0.237442,77,0x0000,0xffff,0x8841,47,0x0000,0xfffc,0x1209,,,idle2.pcapng
"Oct 12, 2023 17:18:12.590977",,52,,,,,,,,,,idle2.pcapng
"Oct 12, 2023 17:18:12.592994",0.002017,5,,,0x0002,48,,,,,,idle2.pcapng
"Oct 12, 2023 17:18:12.600988",,63,,,,,,,,,,idle2.pcapng
"Oct 12, 2023 17:18:12.603387",0.002399,5,,,0x0002,237,,,,,,idle2.pcapng
"Oct 12, 2023 17:18:12.627728",,52,,,,,,,,,,idle2.pcapng
"Oct 12, 2023 17:18:12.629775",0.002047,5,,,0x0002,49,,,,,,idle2.pcapng
"Oct 12, 2023 17:18:12.633825",,52,,,,,,,,,,idle2.pcapng
"Oct 12, 2023 17:18:12.635843",0.002018,5,,,0x0002,103,,,,,,idle2.pcapng
"Oct 12, 2023 17:18:12.640265",,45,,,,,,,,,,idle2.pcapng
"Oct 12, 2023 17:18:12.642047",0.001782,5,,,0x0002,50,,,,,,idle2.pcapng
"Oct 12, 2023 17:18:12.643730",,63,,,,,,,,,,idle2.pcapng
"Oct 12, 2023 17:18:12.646128",0.002398,5,,,0x0002,68,,,,,,idle2.pcapng
"Oct 12, 2023 17:18:12.662533",,54,,,,,,,,,,idle2.pcapng
"Oct 12, 2023 17:18:12.664613",0.002080,5,,,0x0002,51,,,,,,idle2.pcapng
"Oct 12, 2023 17:18:12.672581",,66,,,,,,,,,,idle2.pcapng
"Oct 12, 2023 17:18:12.675076",0.002495,5,,,0x0002,238,,,,,,idle2.pcapng
"Oct 12, 2023 17:18:12.681723",,54,,,,,,,,,,idle2.pcapng
"Oct 12, 2023 17:18:12.683834",0.002111,5,,,0x0002,52,,,,,,idle2.pcapng
"Oct 12, 2023 17:18:12.686872",,54,,,,,,,,,,idle2.pcapng
"Oct 12, 2023 17:18:12.688954",0.002082,5,,,0x0002,104,,,,,,idle2.pcapng
"Oct 12, 2023 17:18:12.696674",,66,,,,,,,,,,idle2.pcapng
"Oct 12, 2023 17:18:12.704299",0.007625,5,,,0x0002,69,,,,,,idle2.pcapng
"Oct 12, 2023 17:18:12.707959",,45,,,,,,,,,,idle2.pcapng
"Oct 12, 2023 17:18:12.720983",,54,,,,,,,,,,idle2.pcapng
"Oct 12, 2023 17:18:12.723094",0.002111,5,,,0x0002,54,,,,,,idle2.pcapng
"Oct 12, 2023 17:18:12.727133",,54,,,,,,,,,,idle2.pcapng
"Oct 12, 2023 17:18:12.729214",0.002081,5,,,0x0002,50,,,,,,idle2.pcapng
"Oct 12, 2023 17:18:12.734139",,45,,,,,,,,,,idle2.pcapng
"Oct 12, 2023 17:18:12.735931",0.001792,5,,,0x0002,55,,,,,,idle2.pcapng
"Oct 12, 2023 17:18:12.741552",,52,,,,,,,,,,idle2.pcapng
"Oct 12, 2023 17:18:12.745687",,52,,,,,,,,,,idle2.pcapng
"Oct 12, 2023 17:18:12.752746",,66,,,,,,,,,,idle2.pcapng
"Oct 12, 2023 17:18:12.755241",0.002495,5,,,0x0002,48,,,,,,idle2.pcapng
"Oct 12, 2023 17:18:12.760606",,52,,,,,,,,,,idle2.pcapng
"Oct 12, 2023 17:18:12.765603",,66,,,,,,,,,,idle2.pcapng
"Oct 12, 2023 17:18:12.768098",0.002495,5,,,0x0002,49,,,,,,idle2.pcapng
"Oct 12, 2023 17:18:12.775094",,52,,,,,,,,,,idle2.pcapng
"Oct 12, 2023 17:18:12.780132",,52,,,,,,,,,,idle2.pcapng
"Oct 12, 2023 17:18:12.782149",0.002017,5,,,0x0002,51,,,,,,idle2.pcapng
"Oct 12, 2023 17:18:12.783814",,45,,,,,,,,,,idle2.pcapng
"Oct 12, 2023 17:18:12.785637",0.001823,5,,,0x0002,57,,,,,,idle2.pcapng
"Oct 12, 2023 17:18:12.789629",0.003992,45,0x6129,0xcc59,0x8861,106,,,,,,idle2.pcapng
"Oct 12, 2023 17:18:12.795076",0.005447,59,0x0748,0x0070,0x8821,50,,,,,,idle2.pcapng
"Oct 12, 2023 17:18:12.797475",0.002399,5,,,0x0002,50,,,,,,idle2.pcapng
"Oct 12, 2023 17:18:12.798572",,45,,,,,,,,,,idle2.pcapng
"Oct 12, 2023 17:18:12.803201",,45,,,,,,,,,,idle2.pcapng
"Oct 12, 2023 17:18:12.805017",0.001816,5,,,0x0002,52,,,,,,idle2.pcapng
"Oct 12, 2023 17:18:12.806762",0.001745,45,0x482d,0x6e5f,0x8861,106,,,,,,idle2.pcapng
"Oct 12, 2023 17:18:12.810501",,45,,,,,,,,,,idle2.pcapng
"Oct 12, 2023 17:18:12.817953",0.007452,5,,,0x0002,51,,,,,,idle2.pcapng
"Oct 12, 2023 17:18:12.826418",,45,,,,,,,,,,idle2.pcapng
"Oct 12, 2023 17:18:12.828241",0.001823,5,,,0x0002,58,,,,,,idle2.pcapng
"Oct 12, 2023 17:18:12.835042",,45,,,,,,,,,,idle2.pcapng
"Oct 12, 2023 17:18:12.836865",0.001823,5,,,0x0002,59,,,,,,idle2.pcapng
"Oct 12, 2023 17:18:12.839577",,45,,,,,,,,,,idle2.pcapng
"Oct 12, 2023 17:18:12.841359",0.001782,5,,,0x0002,53,,,,,,idle2.pcapng
"Oct 12, 2023 17:18:12.842698",,45,,,,,,,,,,idle2.pcapng
"Oct 12, 2023 17:18:12.844521",0.001823,5,,,0x0002,60,,,,,,idle2.pcapng
"Oct 12, 2023 17:18:12.846994",,45,,,,,,,,,,idle2.pcapng
"Oct 12, 2023 17:18:12.848785",0.001791,5,,,0x0002,54,,,,,,idle2.pcapng
"Oct 12, 2023 17:18:12.852719",,52,,,,,,,,,,idle2.pcapng
"Oct 12, 2023 17:18:12.854766",0.002047,5,,,0x0002,61,,,,,,idle2.pcapng
"Oct 12, 2023 17:18:12.863283",,45,,,,,,,,,,idle2.pcapng
"Oct 12, 2023 17:18:12.865105",0.001822,5,,,0x0002,62,,,,,,idle2.pcapng
"Oct 12, 2023 17:18:12.869705",,45,,,,,,,,,,idle2.pcapng
"Oct 12, 2023 17:18:14.407668",1.537963,12,0x2cae,0x482d,0x8863,244,,,,,,idle2.pcapng
"Oct 12, 2023 17:18:14.411473",0.003805,77,0xe694,0xffff,0x8841,239,0xe694,0xfffc,0x1209,,,idle2.pcapng
"Oct 12, 2023 17:18:16.727681",2.316208,77,0x054f,0xffff,0x8841,19,0x054f,0xfffc,0x1209,,,idle2.pcapng
"Oct 12, 2023 17:18:19.233069",,54,,,,,,,,,,idle2.pcapng
"Oct 12, 2023 17:18:19.235166",0.002097,5,,,0x0002,63,,,,,,idle2.pcapng
"Oct 12, 2023 17:18:19.238089",,54,,,,,,,,,,idle2.pcapng
"Oct 12, 2023 17:18:19.240200",0.002111,5,,,0x0002,20,,,,,,idle2.pcapng
"Oct 12, 2023 17:18:19.244869",0.004669,55,0xe5c4,0x054f,0x8861,103,0xe5c4,0x0000,0x1a09,,,idle2.pcapng
"Oct 12, 2023 17:18:19.246998",0.002129,5,,,0x0002,103,,,,,,idle2.pcapng
"Oct 12, 2023 17:18:19.249988",0.002990,57,0x054f,0x0000,0x8861,21,0xe5c4,0x0000,0x1a09,,,idle2.pcapng
"Oct 12, 2023 17:18:19.252195",0.002207,5,,,0x0002,21,,,,,,idle2.pcapng
"Oct 12, 2023 17:18:19.293767",,53,,,,,,,,,,idle2.pcapng
"Oct 12, 2023 17:18:19.295832",0.002065,5,,,0x0002,104,,,,,,idle2.pcapng
"Oct 12, 2023 17:18:19.297773",,53,,,,,,,,,,idle2.pcapng
"Oct 12, 2023 17:18:19.299852",0.002079,5,,,0x0002,22,,,,,,idle2.pcapng
"Oct 12, 2023 17:18:19.338588",,54,,,,,,,,,,idle2.pcapng
"Oct 12, 2023 17:18:19.340686",0.002098,5,,,0x0002,64,,,,,,idle2.pcapng
"Oct 12, 2023 17:18:19.343292",,54,,,,,,,,,,idle2.pcapng
"Oct 12, 2023 17:18:19.345403",0.002111,5,,,0x0002,23,,,,,,idle2.pcapng
"Oct 12, 2023 17:18:19.350245",0.004842,55,0xe5c4,0x054f,0x8861,105,0xe5c4,0x0000,0x1a09,,,idle2.pcapng
"Oct 12, 2023 17:18:19.352375",0.002130,5,,,0x0002,105,,,,,,idle2.pcapng
"Oct 12, 2023 17:18:19.354720",0.002345,57,0x054f,0x0000,0x8861,24,0xe5c4,0x0000,0x1a09,,,idle2.pcapng
"Oct 12, 2023 17:18:19.356927",0.002207,5,,,0x0002,24,,,,,,idle2.pcapng
"Oct 12, 2023 17:18:19.398283",,53,,,,,,,,,,idle2.pcapng
"Oct 12, 2023 17:18:19.400348",0.002065,5,,,0x0002,106,,,,,,idle2.pcapng
"Oct 12, 2023 17:18:19.403278",,53,,,,,,,,,,idle2.pcapng
"Oct 12, 2023 17:18:19.405357",0.002079,5,,,0x0002,25,,,,,,idle2.pcapng
"Oct 12, 2023 17:18:19.439780",0.034423,12,0x2cae,0x482d,0x8863,245,,,,,,idle2.pcapng
"Oct 12, 2023 17:18:19.492798",0.053018,71,0xa209,0xffff,0x8841,56,0xa209,0xfffc,0x1209,,,idle2.pcapng
"Oct 12, 2023 17:18:24.470205",4.977407,12,0x2cae,0x482d,0x8863,246,,,,,,idle2.pcapng
"Oct 12, 2023 17:18:24.550247",0.080042,77,0xe5c4,0xffff,0x8841,107,0xe5c4,0xfffc,0x1209,,,idle2.pcapng
"Oct 12, 2023 17:18:25.131577",0.581330,68,0xebe5,0xffff,0x8841,86,0xebe5,0xfffc,0x1209,,,idle2.pcapng
"Oct 12, 2023 17:18:26.104713",0.973136,77,0x82eb,0xffff,0x8841,44,0x82eb,0xfffc,0x1209,,,idle2.pcapng
"Oct 12, 2023 17:18:26.513492",0.408779,74,0x6e5f,0xffff,0x8841,70,0x6e5f,0xfffc,0x1209,,,idle2.pcapng
"Oct 12, 2023 17:18:26.907357",0.393865,105,0x482d,0xffff,0x8869,107,,,,,,idle2.pcapng
"Oct 12, 2023 17:18:26.960303",0.052946,77,0x0000,0xffff,0x8841,65,0x0000,0xfffc,0x1209,,,idle2.pcapng
"Oct 12, 2023 17:18:29.377175",2.416872,77,0xe694,0xffff,0x8841,240,0xe694,0xfffc,0x1209,,,idle2.pcapng
"Oct 12, 2023 17:18:29.533273",0.156098,12,0x2cae,0x482d,0x8863,247,,,,,,idle2.pcapng
"Oct 12, 2023 17:18:29.534041",0.000768,5,,,0x0002,247,,,,,,idle2.pcapng
"Oct 12, 2023 17:18:30.265895",0.731854,71,0xc8f0,0xffff,0x8841,53,0xc8f0,0xfffc,0x1209,,,idle2.pcapng
"Oct 12, 2023 17:18:31.705304",1.439409,77,0x054f,0xffff,0x8841,26,0x054f,0xfffc,0x1209,,,idle2.pcapng
"Oct 12, 2023 17:18:34.531748",2.826444,12,0x2cae,0x482d,0x8863,248,,,,,,idle2.pcapng
"Oct 12, 2023 17:18:34.532515",0.000767,5,,,0x0002,248,,,,,,idle2.pcapng
"Oct 12, 2023 17:18:34.780574",0.248059,71,0xa209,0xffff,0x8841,57,0xa209,0xfffc,0x1209,,,idle2.pcapng
"Oct 12, 2023 17:18:35.156284",0.375710,74,0x09ac,0xffff,0x8841,99,0x09ac,0xfffc,0x1209,,,idle2.pcapng
"Oct 12, 2023 17:18:39.314994",4.158710,77,0xe5c4,0xffff,0x8841,108,0xe5c4,0xfffc,0x1209,,,idle2.pcapng
"Oct 12, 2023 17:18:39.596156",0.281162,12,0x2cae,0x482d,0x8863,249,,,,,,idle2.pcapng
"Oct 12, 2023 17:18:39.596923",0.000767,5,,,0x0002,249,,,,,,idle2.pcapng
"Oct 12, 2023 17:18:40.150383",0.553460,68,0xebe5,0xffff,0x8841,87,0xebe5,0xfffc,0x1209,,,idle2.pcapng
"Oct 12, 2023 17:18:41.114982",0.964599,77,0x82eb,0xffff,0x8841,45,0x82eb,0xfffc,0x1209,,,idle2.pcapng
"Oct 12, 2023 17:18:41.512260",0.397278,74,0x6e5f,0xffff,0x8841,71,0x6e5f,0xfffc,0x1209,,,idle2.pcapng
"Oct 12, 2023 17:18:41.632810",0.120550,104,0x482d,0xffff,0x8868,108,,,,,,idle2.pcapng
"Oct 12, 2023 17:18:42.592583",,52,,,,,,,,,,idle2.pcapng
"Oct 12, 2023 17:18:42.594599",0.002016,5,,,0x0002,66,,,,,,idle2.pcapng
"Oct 12, 2023 17:18:42.602852",,63,,,,,,,,,,idle2.pcapng
"Oct 12, 2023 17:18:42.605251",0.002399,5,,,0x0002,241,,,,,,idle2.pcapng
"Oct 12, 2023 17:18:42.629759",,52,,,,,,,,,,idle2.pcapng
"Oct 12, 2023 17:18:42.631806",0.002047,5,,,0x0002,67,,,,,,idle2.pcapng
"Oct 12, 2023 17:18:42.635215",0.003409,52,0x482d,0x6e5f,0x8861,109,,,,,,idle2.pcapng
"Oct 12, 2023 17:18:42.637222",0.002007,5,,,0x0002,109,,,,,,idle2.pcapng
"Oct 12, 2023 17:18:42.641891",,45,,,,,,,,,,idle2.pcapng
"Oct 12, 2023 17:18:42.643684",0.001793,5,,,0x0002,68,,,,,,idle2.pcapng
"Oct 12, 2023 17:18:42.645008",,63,,,,,,,,,,idle2.pcapng
"Oct 12, 2023 17:18:42.647407",0.002399,5,,,0x0002,72,,,,,,idle2.pcapng
"Oct 12, 2023 17:18:42.669850",,54,,,,,,,,,,idle2.pcapng
"Oct 12, 2023 17:18:42.671930",0.002080,5,,,0x0002,69,,,,,,idle2.pcapng
"Oct 12, 2023 17:18:42.679783",,66,,,,,,,,,,idle2.pcapng
"Oct 12, 2023 17:18:42.682278",0.002495,5,,,0x0002,242,,,,,,idle2.pcapng
"Oct 12, 2023 17:18:42.691280",,54,,,,,,,,,,idle2.pcapng
"Oct 12, 2023 17:18:42.693391",0.002111,5,,,0x0002,70,,,,,,idle2.pcapng
"Oct 12, 2023 17:18:42.695794",,54,,,,,,,,,,idle2.pcapng
"Oct 12, 2023 17:18:42.697874",0.002080,5,,,0x0002,110,,,,,,idle2.pcapng
"Oct 12, 2023 17:18:42.705531",,66,,,,,,,,,,idle2.pcapng
"Oct 12, 2023 17:18:42.708026",0.002495,5,,,0x0002,73,,,,,,idle2.pcapng
"Oct 12, 2023 17:18:42.725458",,45,,,,,,,,,,idle2.pcapng
"Oct 12, 2023 17:18:42.727281",0.001823,5,,,0x0002,71,,,,,,idle2.pcapng
"Oct 12, 2023 17:18:42.731355",0.004074,45,0x482d,0x6e5f,0x8861,111,,,,,,idle2.pcapng
"Oct 12, 2023 17:18:42.733281",,54,,,,,,,,,,idle2.pcapng
"Oct 12, 2023 17:18:42.735392",0.002111,5,,,0x0002,72,,,,,,idle2.pcapng
"Oct 12, 2023 17:18:42.739487",,54,,,,,,,,,,idle2.pcapng
"Oct 12, 2023 17:18:42.741557",0.002070,5,,,0x0002,58,,,,,,idle2.pcapng
"Oct 12, 2023 17:18:42.746310",,45,,,,,,,,,,idle2.pcapng
"Oct 12, 2023 17:18:42.748101",0.001791,5,,,0x0002,73,,,,,,idle2.pcapng
"Oct 12, 2023 17:18:42.749472",,66,,,,,,,,,,idle2.pcapng
"Oct 12, 2023 17:18:42.751966",0.002494,5,,,0x0002,54,,,,,,idle2.pcapng
"Oct 12, 2023 17:18:42.756939",,52,,,,,,,,,,idle2.pcapng
"Oct 12, 2023 17:18:42.758986",0.002047,5,,,0x0002,74,,,,,,idle2.pcapng
"Oct 12, 2023 17:18:42.761382",0.002396,52,0xa209,0xc8f0,0x8861,59,,,,,,idle2.pcapng
"Oct 12, 2023 17:18:42.771458",,45,,,,,,,,,,idle2.pcapng
"Oct 12, 2023 17:18:42.776206",,45,,,,,,,,,,idle2.pcapng
"Oct 12, 2023 17:18:42.786945",,63,,,,,,,,,,idle2.pcapng
"Oct 12, 2023 17:18:42.791919",,45,,,,,,,,,,idle2.pcapng
"Oct 12, 2023 17:18:42.793743",0.001824,5,,,0x0002,75,,,,,,idle2.pcapng
"Oct 12, 2023 17:18:42.794686",,63,,,,,,,,,,idle2.pcapng
"Oct 12, 2023 17:18:42.797085",0.002399,5,,,0x0002,56,,,,,,idle2.pcapng
"Oct 12, 2023 17:18:42.798531",,45,,,,,,,,,,idle2.pcapng
"Oct 12, 2023 17:18:42.800324",0.001793,5,,,0x0002,112,,,,,,idle2.pcapng
"Oct 12, 2023 17:18:42.800970",,45,,,,,,,,,,idle2.pcapng
"Oct 12, 2023 17:18:42.802793",0.001823,5,,,0x0002,76,,,,,,idle2.pcapng
"Oct 12, 2023 17:18:42.805359",,45,,,,,,,,,,idle2.pcapng
"Oct 12, 2023 17:18:42.807152",0.001793,5,,,0x0002,60,,,,,,idle2.pcapng
"Oct 12, 2023 17:18:42.811685",,45,,,,,,,,,,idle2.pcapng
"Oct 12, 2023 17:18:42.813508",0.001823,5,,,0x0002,77,,,,,,idle2.pcapng
"Oct 12, 2023 17:18:43.511063",0.697555,77,0x0000,0xffff,0x8841,78,0x0000,0xfffc,0x1209,,,idle2.pcapng
"Oct 12, 2023 17:18:44.429391",0.918328,77,0xe694,0xffff,0x8841,243,0xe694,0xfffc,0x1209,,,idle2.pcapng
"Oct 12, 2023 17:18:44.627567",0.198176,12,0x2cae,0x482d,0x8863,250,,,,,,idle2.pcapng
"Oct 12, 2023 17:18:44.628334",0.000767,5,,,0x0002,250,,,,,,idle2.pcapng
"Oct 12, 2023 17:18:45.264945",0.636611,107,0xc8f7,0x2fff,0x886b,57,,,,,,idle2.pcapng
"Oct 12, 2023 17:18:49.256743",3.991798,77,0x054f,0xffff,0x8841,27,0x054f,0xfffc,0x1209,,,idle2.pcapng
"Oct 12, 2023 17:18:49.524725",0.267982,74,0xa209,0xffff,0x8841,62,0xa209,0xfffc,0x1209,,,idle2.pcapng
"Oct 12, 2023 17:18:49.627757",0.103032,12,0x2cae,0x482d,0x8863,251,,,,,,idle2.pcapng
"Oct 12, 2023 17:18:49.628525",0.000768,5,,,0x0002,251,,,,,,idle2.pcapng
"Oct 12, 2023 17:18:50.731009",1.102484,74,0x09ac,0xffff,0x8841,100,0x09ac,0xfffc,0x1209,,,idle2.pcapng
"Oct 12, 2023 17:18:54.689762",3.958753,12,0x2cae,0x482d,0x8863,252,,,,,,idle2.pcapng
"Oct 12, 2023 17:18:54.690529",0.000767,5,,,0x0002,252,,,,,,idle2.pcapng
"Oct 12, 2023 17:18:55.195026",0.504497,68,0xebe5,0xffff,0x8841,88,0xebe5,0xfffc,0x1209,,,idle2.pcapng
"Oct 12, 2023 17:18:56.104129",0.909103,77,0x82eb,0xffff,0x8841,46,0x82eb,0xfffc,0x1209,,,idle2.pcapng
"Oct 12, 2023 17:18:56.184450",0.080321,77,0xe5c4,0xffff,0x8841,109,0xe5c4,0xfffc,0x1209,,,idle2.pcapng
"Oct 12, 2023 17:18:56.576682",0.392232,74,0x6e5f,0xffff,0x8841,74,0x6e5f,0xfffc,0x1209,,,idle2.pcapng
"Oct 12, 2023 17:18:58.162681",1.585999,77,0x482d,0xffff,0x8841,113,0x482d,0xfffc,0x1209,,,idle2.pcapng
"Oct 12, 2023 17:18:59.308820",1.146139,77,0xe694,0xffff,0x8841,244,0xe694,0xfffc,0x1209,,,idle2.pcapng
"Oct 12, 2023 17:18:59.659824",0.351004,77,0x0000,0xffff,0x8841,79,0x0000,0xfffc,0x1209,,,idle2.pcapng
"Oct 12, 2023 17:18:59.721251",0.061427,12,0x2cae,0x482d,0x8863,253,,,,,,idle2.pcapng
"Oct 12, 2023 17:18:59.722018",0.000767,5,,,0x0002,253,,,,,,idle2.pcapng
"Oct 12, 2023 17:19:00.271168",0.549150,71,0xc8f0,0xffff,0x8841,58,0xc8f0,0xfffc,0x1209,,,idle2.pcapng
"Oct 12, 2023 17:19:04.722721",4.451553,12,0x2cae,0x482d,0x8863,254,,,,,,idle2.pcapng
"Oct 12, 2023 17:19:05.233863",,60,,,,,,,,,,idle2.pcapng
"Oct 12, 2023 17:19:05.236166",0.002303,5,,,0x0002,75,,,,,,idle2.pcapng
"Oct 12, 2023 17:19:05.276725",,50,,,,,,,,,,idle2.pcapng
"Oct 12, 2023 17:19:05.278709",0.001984,5,,,0x0002,80,,,,,,idle2.pcapng
"Oct 12, 2023 17:19:05.282785",0.004076,50,0x482d,0x6e5f,0x8861,114,,,,,,idle2.pcapng
"Oct 12, 2023 17:19:05.284738",0.001953,5,,,0x0002,114,,,,,,idle2.pcapng
"Oct 12, 2023 17:19:05.289948",,45,,,,,,,,,,idle2.pcapng
"Oct 12, 2023 17:19:05.291771",0.001823,5,,,0x0002,76,,,,,,idle2.pcapng
"Oct 12, 2023 17:19:05.496069",0.204298,77,0x054f,0xffff,0x8841,28,0x054f,0xfffc,0x1209,,,idle2.pcapng
"Oct 12, 2023 17:19:07.247697",1.751628,74,0x09ac,0xffff,0x8841,101,0x09ac,0xfffc,0x1209,,,idle2.pcapng
"Oct 12, 2023 17:19:07.340852",0.093155,74,0xa209,0xffff,0x8841,63,0xa209,0xfffc,0x1209,,,idle2.pcapng
"Oct 12, 2023 17:19:08.234923",,59,,,,,,,,,,idle2.pcapng
"Oct 12, 2023 17:19:08.237194",0.002271,5,,,0x0002,29,,,,,,idle2.pcapng
"Oct 12, 2023 17:19:08.251343",,45,,,,,,,,,,idle2.pcapng
"Oct 12, 2023 17:19:08.253135",0.001792,5,,,0x0002,81,,,,,,idle2.pcapng
"Oct 12, 2023 17:19:08.256823",,45,,,,,,,,,,idle2.pcapng
"Oct 12, 2023 17:19:08.258632",0.001809,5,,,0x0002,245,,,,,,idle2.pcapng
"Oct 12, 2023 17:19:08.279024",,49,,,,,,,,,,idle2.pcapng
"Oct 12, 2023 17:19:08.280946",0.001922,5,,,0x0002,82,,,,,,idle2.pcapng
"Oct 12, 2023 17:19:08.284888",,49,,,,,,,,,,idle2.pcapng
"Oct 12, 2023 17:19:08.286825",0.001937,5,,,0x0002,246,,,,,,idle2.pcapng
"Oct 12, 2023 17:19:08.290462",,45,,,,,,,,,,idle2.pcapng
"Oct 12, 2023 17:19:08.292285",0.001823,5,,,0x0002,30,,,,,,idle2.pcapng
"Oct 12, 2023 17:19:09.785559",1.493274,12,0x2cae,0x482d,0x8863,255,,,,,,idle2.pcapng
"Oct 12, 2023 17:19:09.786326",0.000767,5,,,0x0002,255,,,,,,idle2.pcapng
"Oct 12, 2023 17:19:09.880142",,60,,,,,,,,,,idle2.pcapng
"Oct 12, 2023 17:19:09.882445",0.002303,5,,,0x0002,247,,,,,,idle2.pcapng
"Oct 12, 2023 17:19:09.923454",,50,,,,,,,,,,idle2.pcapng
"Oct 12, 2023 17:19:09.925406",0.001952,5,,,0x0002,83,,,,,,idle2.pcapng
"Oct 12, 2023 17:19:09.930772",,45,,,,,,,,,,idle2.pcapng
"Oct 12, 2023 17:19:09.932594",0.001822,5,,,0x0002,248,,,,,,idle2.pcapng
"Oct 12, 2023 17:19:10.108694",0.176100,68,0xebe5,0xffff,0x8841,89,0xebe5,0xfffc,0x1209,,,idle2.pcapng
"Oct 12, 2023 17:19:11.117918",1.009224,77,0x82eb,0xffff,0x8841,47,0x82eb,0xfffc,0x1209,,,idle2.pcapng
"Oct 12, 2023 17:19:11.583431",0.465513,103,0x6e5f,0xffff,0x8867,77,,,,,,idle2.pcapng
"Oct 12, 2023 17:19:12.597862",,52,,,,,,,,,,idle2.pcapng
"Oct 12, 2023 17:19:12.599874",0.002012,5,,,0x0002,84,,,,,,idle2.pcapng
"Oct 12, 2023 17:19:12.607897",,63,,,,,,,,,,idle2.pcapng
"Oct 12, 2023 17:19:12.610296",0.002399,5,,,0x0002,249,,,,,,idle2.pcapng
"Oct 12, 2023 17:19:12.633678",,52,,,,,,,,,,idle2.pcapng
"Oct 12, 2023 17:19:12.635725",0.002047,5,,,0x0002,85,,,,,,idle2.pcapng
"Oct 12, 2023 17:19:12.639532",0.003807,52,0x482d,0x6e5f,0x8861,115,,,,,,idle2.pcapng
"Oct 12, 2023 17:19:12.641548",0.002016,5,,,0x0002,115,,,,,,idle2.pcapng
"Oct 12, 2023 17:19:12.645100",,45,,,,,,,,,,idle2.pcapng
"Oct 12, 2023 17:19:12.646893",0.001793,5,,,0x0002,86,,,,,,idle2.pcapng
"Oct 12, 2023 17:19:12.649465",,63,,,,,,,,,,idle2.pcapng
"Oct 12, 2023 17:19:12.651864",0.002399,5,,,0x0002,78,,,,,,idle2.pcapng
"Oct 12, 2023 17:19:12.657660",,54,,,,,,,,,,idle2.pcapng
"Oct 12, 2023 17:19:12.659738",0.002078,5,,,0x0002,87,,,,,,idle2.pcapng
"Oct 12, 2023 17:19:12.667876",,66,,,,,,,,,,idle2.pcapng
"Oct 12, 2023 17:19:12.670371",0.002495,5,,,0x0002,250,,,,,,idle2.pcapng
"Oct 12, 2023 17:19:12.693489",,45,,,,,,,,,,idle2.pcapng
"Oct 12, 2023 17:19:12.695312",0.001823,5,,,0x0002,88,,,,,,idle2.pcapng
"Oct 12, 2023 17:19:12.698413",,45,,,,,,,,,,idle2.pcapng
"Oct 12, 2023 17:19:12.700204",0.001791,5,,,0x0002,116,,,,,,idle2.pcapng
"Oct 12, 2023 17:19:12.704087",,54,,,,,,,,,,idle2.pcapng
"Oct 12, 2023 17:19:12.706198",0.002111,5,,,0x0002,89,,,,,,idle2.pcapng
"Oct 12, 2023 17:19:12.708934",0.002736,54,0x482d,0x6e5f,0x8861,117,,,,,,idle2.pcapng
"Oct 12, 2023 17:19:12.711014",0.002080,5,,,0x0002,117,,,,,,idle2.pcapng
"Oct 12, 2023 17:19:12.715802",,54,,,,,,,,,,idle2.pcapng
"Oct 12, 2023 17:19:12.717914",0.002112,5,,,0x0002,90,,,,,,idle2.pcapng
"Oct 12, 2023 17:19:12.718879",,66,,,,,,,,,,idle2.pcapng
"Oct 12, 2023 17:19:12.721374",0.002495,5,,,0x0002,79,,,,,,idle2.pcapng
"Oct 12, 2023 17:19:12.729033",0.007659,5,,,0x0002,64,,,,,,idle2.pcapng
"Oct 12, 2023 17:19:12.736944",,66,,,,,,,,,,idle2.pcapng
"Oct 12, 2023 17:19:12.739439",0.002495,5,,,0x0002,59,,,,,,idle2.pcapng
"Oct 12, 2023 17:19:12.743099",,45,,,,,,,,,,idle2.pcapng
"Oct 12, 2023 17:19:12.744889",0.001790,5,,,0x0002,91,,,,,,idle2.pcapng
"Oct 12, 2023 17:19:12.756470",,52,,,,,,,,,,idle2.pcapng
"Oct 12, 2023 17:19:12.758517",0.002047,5,,,0x0002,92,,,,,,idle2.pcapng
"Oct 12, 2023 17:19:12.761861",,52,,,,,,,,,,idle2.pcapng
"Oct 12, 2023 17:19:12.763878",0.002017,5,,,0x0002,65,,,,,,idle2.pcapng
"Oct 12, 2023 17:19:12.767363",,45,,,,,,,,,,idle2.pcapng
"Oct 12, 2023 17:19:12.769186",0.001823,5,,,0x0002,93,,,,,,idle2.pcapng
"Oct 12, 2023 17:19:12.771476",,63,,,,,,,,,,idle2.pcapng
"Oct 12, 2023 17:19:12.773875",0.002399,5,,,0x0002,60,,,,,,idle2.pcapng
"Oct 12, 2023 17:19:12.774795",,45,,,,,,,,,,idle2.pcapng
"Oct 12, 2023 17:19:12.776588",0.001793,5,,,0x0002,118,,,,,,idle2.pcapng
"Oct 12, 2023 17:19:12.777855",,45,,,,,,,,,,idle2.pcapng
"Oct 12, 2023 17:19:12.779679",0.001824,5,,,0x0002,94,,,,,,idle2.pcapng
"Oct 12, 2023 17:19:12.782377",0.002698,45,,,,,,,,,,idle2.pcapng
"Oct 12, 2023 17:19:12.786531",,45,,,,,,,,,,idle2.pcapng
"Oct 12, 2023 17:19:12.788323",0.001792,5,,,0x0002,66,,,,,,idle2.pcapng
"Oct 12, 2023 17:19:12.793538",,45,,,,,,,,,,idle2.pcapng
"Oct 12, 2023 17:19:12.795362",0.001824,5,,,0x0002,95,,,,,,idle2.pcapng
"Oct 12, 2023 17:19:12.798308",,45,,,,,,,,,,idle2.pcapng
"Oct 12, 2023 17:19:12.800089",0.001781,5,,,0x0002,67,,,,,,idle2.pcapng
"Oct 12, 2023 17:19:13.139955",0.339866,77,0xe5c4,0xffff,0x8841,110,0xe5c4,0xfffc,0x1209,,,idle2.pcapng
"Oct 12, 2023 17:19:14.124014",0.984059,77,0x0000,0xffff,0x8841,96,0x0000,0xfffc,0x1209,,,idle2.pcapng
"Oct 12, 2023 17:19:14.391275",0.267261,77,0xe694,0xffff,0x8841,251,0xe694,0xfffc,0x1209,,,idle2.pcapng
"Oct 12, 2023 17:19:14.815286",0.424011,12,0x2cae,0x482d,0x8863,0,,,,,,idle2.pcapng
"Oct 12, 2023 17:19:14.816053",0.000767,5,,,0x0002,0,,,,,,idle2.pcapng
"Oct 12, 2023 17:19:15.046964",0.230911,77,0x482d,0xffff,0x8841,119,0x482d,0xfffc,0x1209,,,idle2.pcapng
"Oct 12, 2023 17:19:15.216134",0.169170,71,0xc8f0,0xffff,0x8841,61,0xc8f0,0xfffc,0x1209,,,idle2.pcapng
"Oct 12, 2023 17:19:17.185944",,50,,,,,,,,,,idle2.pcapng
"Oct 12, 2023 17:19:17.187927",0.001983,5,,,0x0002,97,,,,,,idle2.pcapng
"Oct 12, 2023 17:19:17.193832",0.005905,5,,,0x0002,68,,,,,,idle2.pcapng
"Oct 12, 2023 17:19:17.241231",,53,,,,,,,,,,idle2.pcapng
"Oct 12, 2023 17:19:17.243310",0.002079,5,,,0x0002,69,,,,,,idle2.pcapng
"Oct 12, 2023 17:19:17.282118",,50,,,,,,,,,,idle2.pcapng
"Oct 12, 2023 17:19:17.284101",0.001983,5,,,0x0002,98,,,,,,idle2.pcapng
"Oct 12, 2023 17:19:17.287451",0.003350,55,0xa209,0x0000,0x8861,70,0xa209,0x0000,0x1a09,,,idle2.pcapng
"Oct 12, 2023 17:19:17.289594",0.002143,5,,,0x0002,70,,,,,,idle2.pcapng
"Oct 12, 2023 17:19:17.337693",,53,,,,,,,,,,idle2.pcapng
"Oct 12, 2023 17:19:17.339772",0.002079,5,,,0x0002,71,,,,,,idle2.pcapng
"Oct 12, 2023 17:19:19.816725",2.476953,12,0x2cae,0x482d,0x8863,1,,,,,,idle2.pcapng
"Oct 12, 2023 17:19:19.817493",0.000768,5,,,0x0002,1,,,,,,idle2.pcapng
"Oct 12, 2023 17:19:20.518828",0.701335,77,0x054f,0xffff,0x8841,31,0x054f,0xfffc,0x1209,,,idle2.pcapng
"Oct 12, 2023 17:19:20.825977",0.307149,60,0xc8f0,0x0000,0x8861,62,,,,,,idle2.pcapng
"Oct 12, 2023 17:19:20.831107",,60,,,,,,,,,,idle2.pcapng
"Oct 12, 2023 17:19:20.833410",0.002303,5,,,0x0002,62,,,,,,idle2.pcapng
"Oct 12, 2023 17:19:20.879641",,50,,,,,,,,,,idle2.pcapng
"Oct 12, 2023 17:19:20.881624",0.001983,5,,,0x0002,99,,,,,,idle2.pcapng
"Oct 12, 2023 17:19:20.884292",,50,,,,,,,,,,idle2.pcapng
"Oct 12, 2023 17:19:20.886233",0.001941,5,,,0x0002,72,,,,,,idle2.pcapng
"Oct 12, 2023 17:19:20.891476",,45,,,,,,,,,,idle2.pcapng
"Oct 12, 2023 17:19:20.893298",0.001822,5,,,0x0002,63,,,,,,idle2.pcapng
"Oct 12, 2023 17:19:22.990305",2.097007,74,0x09ac,0xffff,0x8841,102,0x09ac,0xfffc,0x1209,,,idle2.pcapng
"Oct 12, 2023 17:19:24.879532",1.889227,12,0x2cae,0x482d,0x8863,2,,,,,,idle2.pcapng
"Oct 12, 2023 17:19:24.880299",0.000767,5,,,0x0002,2,,,,,,idle2.pcapng
"Oct 12, 2023 17:19:25.175718",0.295419,68,0xebe5,0xffff,0x8841,90,0xebe5,0xfffc,0x1209,,,idle2.pcapng
"Oct 12, 2023 17:19:26.121146",0.945428,77,0x82eb,0xffff,0x8841,48,0x82eb,0xfffc,0x1209,,,idle2.pcapng
"Oct 12, 2023 17:19:26.553312",0.432166,74,0x6e5f,0xffff,0x8841,80,0x6e5f,0xfffc,0x1209,,,idle2.pcapng
"Oct 12, 2023 17:19:29.368528",2.815216,77,0xe694,0xffff,0x8841,252,0xe694,0xfffc,0x1209,,,idle2.pcapng
"Oct 12, 2023 17:19:29.877633",0.509105,12,0x2cae,0x482d,0x8863,3,,,,,,idle2.pcapng
"Oct 12, 2023 17:19:29.878400",0.000767,5,,,0x0002,3,,,,,,idle2.pcapng
"Oct 12, 2023 17:19:30.243024",0.364624,71,0xc8f0,0xffff,0x8841,64,0xc8f0,0xfffc,0x1209,,,idle2.pcapng
"Oct 12, 2023 17:19:30.394404",0.151380,77,0xe5c4,0xffff,0x8841,111,0xe5c4,0xfffc,0x1209,,,idle2.pcapng
"Oct 12, 2023 17:19:31.373373",0.978969,77,0x0000,0xffff,0x8841,100,0x0000,0xfffc,0x1209,,,idle2.pcapng
"Oct 12, 2023 17:19:33.238636",1.865263,77,0x482d,0xffff,0x8841,120,0x482d,0xfffc,0x1209,,,idle2.pcapng
"Oct 12, 2023 17:19:34.910699",1.672063,12,0x2cae,0x482d,0x8863,4,,,,,,idle2.pcapng
"Oct 12, 2023 17:19:34.911466",0.000767,5,,,0x0002,4,,,,,,idle2.pcapng
"Oct 12, 2023 17:19:36.052209",1.140743,77,0x054f,0xffff,0x8841,32,0x054f,0xfffc,0x1209,,,idle2.pcapng
"Oct 12, 2023 17:19:37.205770",1.153561,74,0x09ac,0xffff,0x8841,103,0x09ac,0xfffc,0x1209,,,idle2.pcapng
"Oct 12, 2023 17:19:39.972177",2.766407,12,0x2cae,0x482d,0x8863,5,,,,,,idle2.pcapng
"Oct 12, 2023 17:19:39.972944",0.000767,5,,,0x0002,5,,,,,,idle2.pcapng
"Oct 12, 2023 17:19:40.098832",0.125888,68,0xebe5,0xffff,0x8841,91,0xebe5,0xfffc,0x1209,,,idle2.pcapng
"Oct 12, 2023 17:19:40.117038",0.018206,74,0xa209,0xffff,0x8841,74,0xa209,0xfffc,0x1209,,,idle2.pcapng
"Oct 12, 2023 17:19:41.106454",0.989416,77,0x82eb,0xffff,0x8841,49,0x82eb,0xfffc,0x1209,,,idle2.pcapng
"Oct 12, 2023 17:19:41.514836",0.408382,71,0x6e5f,0xffff,0x8841,81,0x6e5f,0xfffc,0x1209,,,idle2.pcapng
"Oct 12, 2023 17:19:42.598838",,52,,,,,,,,,,idle2.pcapng
"Oct 12, 2023 17:19:42.600853",0.002015,5,,,0x0002,101,,,,,,idle2.pcapng
"Oct 12, 2023 17:19:42.608579",,63,,,,,,,,,,idle2.pcapng
"Oct 12, 2023 17:19:42.610978",0.002399,5,,,0x0002,253,,,,,,idle2.pcapng
"Oct 12, 2023 17:19:42.633486",,52,,,,,,,,,,idle2.pcapng
"Oct 12, 2023 17:19:42.635533",0.002047,5,,,0x0002,102,,,,,,idle2.pcapng
"Oct 12, 2023 17:19:42.640232",0.004699,52,0x482d,0x6e5f,0x8861,121,,,,,,idle2.pcapng
"Oct 12, 2023 17:19:42.642238",0.002006,5,,,0x0002,121,,,,,,idle2.pcapng
"Oct 12, 2023 17:19:42.644253",,45,,,,,,,,,,idle2.pcapng
"Oct 12, 2023 17:19:42.646045",0.001792,5,,,0x0002,103,,,,,,idle2.pcapng
"Oct 12, 2023 17:19:42.650068",,63,,,,,,,,,,idle2.pcapng
"Oct 12, 2023 17:19:42.652467",0.002399,5,,,0x0002,82,,,,,,idle2.pcapng
"Oct 12, 2023 17:19:42.653567",,54,,,,,,,,,,idle2.pcapng
"Oct 12, 2023 17:19:42.655649",0.002082,5,,,0x0002,104,,,,,,idle2.pcapng
"Oct 12, 2023 17:19:42.663601",,66,,,,,,,,,,idle2.pcapng
"Oct 12, 2023 17:19:42.666096",0.002495,5,,,0x0002,254,,,,,,idle2.pcapng
"Oct 12, 2023 17:19:42.701898",,54,,,,,,,,,,idle2.pcapng
"Oct 12, 2023 17:19:42.704010",0.002112,5,,,0x0002,105,,,,,,idle2.pcapng
"Oct 12, 2023 17:19:42.706552",0.002542,54,0x482d,0x6e5f,0x8861,122,,,,,,idle2.pcapng
"Oct 12, 2023 17:19:42.708632",0.002080,5,,,0x0002,122,,,,,,idle2.pcapng
"Oct 12, 2023 17:19:42.713823",,45,,,,,,,,,,idle2.pcapng
"Oct 12, 2023 17:19:42.715647",0.001824,5,,,0x0002,106,,,,,,idle2.pcapng
"Oct 12, 2023 17:19:42.716371",0.000724,107,0x6e5f,0x0000,0x886b,83,,,,,,idle2.pcapng
"Oct 12, 2023 17:19:42.719992",0.003621,45,0x482d,0x6e5f,0x8861,123,,,,,,idle2.pcapng
"Oct 12, 2023 17:19:42.729294",0.009302,5,,,0x0002,83,,,,,,idle2.pcapng
"Oct 12, 2023 17:19:42.733909",,45,,,,,,,,,,idle2.pcapng
"Oct 12, 2023 17:19:42.735701",0.001792,5,,,0x0002,107,,,,,,idle2.pcapng
"Oct 12, 2023 17:19:42.737202",0.001501,45,0xb82d,0x6e5f,0x8861,123,,,,,,idle2.pcapng
"Oct 12, 2023 17:19:42.738993",0.001791,5,,,0x0002,123,,,,,,idle2.pcapng
"Oct 12, 2023 17:19:42.746503",,54,,,,,,,,,,idle2.pcapng
"Oct 12, 2023 17:19:42.748614",0.002111,5,,,0x0002,108,,,,,,idle2.pcapng
"Oct 12, 2023 17:19:42.752069",,54,,,,,,,,,,idle2.pcapng
"Oct 12, 2023 17:19:42.754149",0.002080,5,,,0x0002,75,,,,,,idle2.pcapng
"Oct 12, 2023 17:19:42.758826",,52,,,,,,,,,,idle2.pcapng
"Oct 12, 2023 17:19:42.760873",0.002047,5,,,0x0002,109,,,,,,idle2.pcapng
"Oct 12, 2023 17:19:42.764802",,52,,,,,,,,,,idle2.pcapng
"Oct 12, 2023 17:19:42.766820",0.002018,5,,,0x0002,76,,,,,,idle2.pcapng
"Oct 12, 2023 17:19:42.767802",,66,,,,,,,,,,idle2.pcapng
"Oct 12, 2023 17:19:42.770297",0.002495,5,,,0x0002,65,,,,,,idle2.pcapng
"Oct 12, 2023 17:19:42.774544",,52,,,,,,,,,,idle2.pcapng
"Oct 12, 2023 17:19:42.787071",,63,,,,,,,,,,idle2.pcapng
"Oct 12, 2023 17:19:42.789469",0.002398,5,,,0x0002,66,,,,,,idle2.pcapng
"Oct 12, 2023 17:19:42.790577",,45,,,,,,,,,,idle2.pcapng
"Oct 12, 2023 17:19:42.795061",,45,,,,,,,,,,idle2.pcapng
"Oct 12, 2023 17:19:42.796853",0.001792,5,,,0x0002,124,,,,,,idle2.pcapng
"Oct 12, 2023 17:19:42.802673",,45,,,,,,,,,,idle2.pcapng
"Oct 12, 2023 17:19:42.804496",0.001823,5,,,0x0002,110,,,,,,idle2.pcapng
"Oct 12, 2023 17:19:42.810689",,45,,,,,,,,,,idle2.pcapng
"Oct 12, 2023 17:19:42.812513",0.001824,5,,,0x0002,111,,,,,,idle2.pcapng
"Oct 12, 2023 17:19:42.815504",,45,,,,,,,,,,idle2.pcapng
"Oct 12, 2023 17:19:42.817287",0.001783,5,,,0x0002,77,,,,,,idle2.pcapng
"Oct 12, 2023 17:19:42.819091",,45,,,,,,,,,,idle2.pcapng
"Oct 12, 2023 17:19:42.820914",0.001823,5,,,0x0002,112,,,,,,idle2.pcapng
"Oct 12, 2023 17:19:42.824944",,45,,,,,,,,,,idle2.pcapng
"Oct 12, 2023 17:19:42.826738",0.001794,5,,,0x0002,78,,,,,,idle2.pcapng
"Oct 12, 2023 17:19:44.332784",1.506046,77,0xe694,0xffff,0x8841,255,0xe694,0xfffc,0x1209,,,idle2.pcapng
"Oct 12, 2023 17:19:44.791790",0.459006,77,0xe5c4,0xffff,0x8841,112,0xe5c4,0xfffc,0x1209,,,idle2.pcapng
"Oct 12, 2023 17:19:44.972911",0.181121,12,0x2cae,0x482d,0x8863,6,,,,,,idle2.pcapng
"Oct 12, 2023 17:19:44.973678",0.000767,5,,,0x0002,6,,,,,,idle2.pcapng
"Oct 12, 2023 17:19:45.316249",0.342571,71,0xc8f0,0xffff,0x8841,67,0xc8f0,0xfffc,0x1209,,,idle2.pcapng
"Oct 12, 2023 17:19:46.055635",,55,,,,,,,,,,idle2.pcapng
"Oct 12, 2023 17:19:46.057748",0.002113,5,,,0x0002,125,,,,,,idle2.pcapng
"Oct 12, 2023 17:19:46.061587",,55,,,,,,,,,,idle2.pcapng
"Oct 12, 2023 17:19:46.063730",0.002143,5,,,0x0002,0,,,,,,idle2.pcapng
"Oct 12, 2023 17:19:47.545523",1.481793,77,0x0000,0xffff,0x8841,113,0x0000,0xfffc,0x1209,,,idle2.pcapng
"Oct 12, 2023 17:19:50.035319",2.489796,12,0x2cae,0x482d,0x8863,7,,,,,,idle2.pcapng
"Oct 12, 2023 17:19:50.036086",0.000767,5,,,0x0002,7,,,,,,idle2.pcapng
"Oct 12, 2023 17:19:51.372110",1.336024,107,0x482d,0xffff,0x886b,221,,,,,,idle2.pcapng
"Oct 12, 2023 17:19:52.317845",0.945735,77,0x054f,0xffff,0x8841,33,0x054f,0xfffc,0x1209,,,idle2.pcapng
"Oct 12, 2023 17:19:53.564722",1.246877,107,0x09ac,0xffff,0x886b,104,,,,,,idle2.pcapng
"Oct 12, 2023 17:19:54.276660",0.711938,105,0xa209,0xffff,0x8869,79,,,,,,idle2.pcapng
"Oct 12, 2023 17:19:55.097686",0.821026,12,0x2cae,0x482d,0x8863,8,,,,,,idle2.pcapng
"Oct 12, 2023 17:19:55.098453",0.000767,5,,,0x0002,8,,,,,,idle2.pcapng
"Oct 12, 2023 17:19:55.156695",0.058242,68,0xebe5,0xffff,0x8841,92,0xebe5,0xfffc,0x1209,,,idle2.pcapng
"Oct 12, 2023 17:19:56.106161",0.949466,77,0x82eb,0xffff,0x8841,50,0x82eb,0xfffc,0x1209,,,idle2.pcapng
"Oct 12, 2023 17:19:56.554835",0.448674,74,0x6e5f,0xffff,0x8841,84,0x6e5f,0xfffc,0x1209,,,idle2.pcapng
"Oct 12, 2023 17:19:59.344843",2.790008,77,0xe694,0xffff,0x8841,1,0xe694,0xfffc,0x1209,,,idle2.pcapng
"Oct 12, 2023 17:20:00.047170",0.702327,77,0xe5c4,0xffff,0x8841,113,0xe5c4,0xfffc,0x1209,,,idle2.pcapng
"Oct 12, 2023 17:20:00.098196",0.051026,12,0x2cae,0x482d,0x8863,9,,,,,,idle2.pcapng
"Oct 12, 2023 17:20:00.098963",0.000767,5,,,0x0002,9,,,,,,idle2.pcapng
"Oct 12, 2023 17:20:00.259156",0.160193,71,0xc8f0,0xffff,0x8841,68,0xc8f0,0xfffc,0x1209,,,idle2.pcapng
"Oct 12, 2023 17:20:00.353713",,63,,,,,,,,,,idle2.pcapng
"Oct 12, 2023 17:20:00.356112",0.002399,5,,,0x0002,69,,,,,,idle2.pcapng
"Oct 12, 2023 17:20:00.400930",,50,,,,,,,,,,idle2.pcapng
"Oct 12, 2023 17:20:00.402914",0.001984,5,,,0x0002,114,,,,,,idle2.pcapng
"Oct 12, 2023 17:20:00.407006",,50,,,,,,,,,,idle2.pcapng
"Oct 12, 2023 17:20:00.408960",0.001954,5,,,0x0002,80,,,,,,idle2.pcapng
"Oct 12, 2023 17:20:00.414255",,45,,,,,,,,,,idle2.pcapng
"Oct 12, 2023 17:20:00.416078",0.001823,5,,,0x0002,70,,,,,,idle2.pcapng
"Oct 12, 2023 17:20:00.429332",,57,,,,,,,,,,idle2.pcapng
"Oct 12, 2023 17:20:00.431539",0.002207,5,,,0x0002,71,,,,,,idle2.pcapng
"Oct 12, 2023 17:20:00.470611",,50,,,,,,,,,,idle2.pcapng
"Oct 12, 2023 17:20:00.472594",0.001983,5,,,0x0002,115,,,,,,idle2.pcapng
"Oct 12, 2023 17:20:00.475030",,50,,,,,,,,,,idle2.pcapng
"Oct 12, 2023 17:20:00.476983",0.001953,5,,,0x0002,81,,,,,,idle2.pcapng
"Oct 12, 2023 17:20:00.482086",,45,,,,,,,,,,idle2.pcapng
"Oct 12, 2023 17:20:00.483909",0.001823,5,,,0x0002,72,,,,,,idle2.pcapng
"Oct 12, 2023 17:20:04.212460",3.728551,77,0x0000,0xffff,0x8841,116,0x0000,0xfffc,0x1209,,,idle2.pcapng
"Oct 12, 2023 17:20:05.161879",0.949419,12,0x2cae,0x482d,0x8863,10,,,,,,idle2.pcapng
"Oct 12, 2023 17:20:05.162646",0.000767,5,,,0x0002,10,,,,,,idle2.pcapng
"Oct 12, 2023 17:20:07.468583",2.305937,77,0x054f,0xffff,0x8841,34,0x054f,0xfffc,0x1209,,,idle2.pcapng
"Oct 12, 2023 17:20:08.345097",0.876514,74,0x09ac,0xffff,0x8841,105,0x09ac,0xfffc,0x1209,,,idle2.pcapng
"Oct 12, 2023 17:20:08.832179",0.487082,74,0xa209,0xffff,0x8841,82,0xa209,0xfffc,0x1209,,,idle2.pcapng
"Oct 12, 2023 17:20:08.916038",0.083859,77,0x482d,0xffff,0x8841,126,0x482d,0xfffc,0x1209,,,idle2.pcapng
"Oct 12, 2023 17:20:10.161399",1.245361,12,0x2cae,0x482d,0x8863,11,,,,,,idle2.pcapng
"Oct 12, 2023 17:20:10.226608",0.065209,68,0xebe5,0xffff,0x8841,93,0xebe5,0xfffc,0x1209,,,idle2.pcapng
"Oct 12, 2023 17:20:11.113550",0.886942,77,0x82eb,0xffff,0x8841,51,0x82eb,0xfffc,0x1209,,,idle2.pcapng
"Oct 12, 2023 17:20:11.578442",0.464892,74,0x6e5f,0xffff,0x8841,85,0x6e5f,0xfffc,0x1209,,,idle2.pcapng
"Oct 12, 2023 17:20:12.603605",,52,,,,,,,,,,idle2.pcapng
"Oct 12, 2023 17:20:12.605616",0.002011,5,,,0x0002,117,,,,,,idle2.pcapng
"Oct 12, 2023 17:20:12.613284",,63,,,,,,,,,,idle2.pcapng
"Oct 12, 2023 17:20:12.615683",0.002399,5,,,0x0002,2,,,,,,idle2.pcapng
"Oct 12, 2023 17:20:12.639575",,52,,,,,,,,,,idle2.pcapng
"Oct 12, 2023 17:20:12.641622",0.002047,5,,,0x0002,118,,,,,,idle2.pcapng
"Oct 12, 2023 17:20:12.644598",,52,,,,,,,,,,idle2.pcapng
"Oct 12, 2023 17:20:12.646605",0.002007,5,,,0x0002,127,,,,,,idle2.pcapng
"Oct 12, 2023 17:20:12.652468",,45,,,,,,,,,,idle2.pcapng
"Oct 12, 2023 17:20:12.654261",0.001793,5,,,0x0002,119,,,,,,idle2.pcapng
"Oct 12, 2023 17:20:12.659494",0.005233,63,0x6e5f,0x0000,0x8861,86,,,,,,idle2.pcapng
"Oct 12, 2023 17:20:12.664754",,63,,,,,,,,,,idle2.pcapng
"Oct 12, 2023 17:20:12.667153",0.002399,5,,,0x0002,86,,,,,,idle2.pcapng
"Oct 12, 2023 17:20:12.668788",,54,,,,,,,,,,idle2.pcapng
"Oct 12, 2023 17:20:12.670869",0.002081,5,,,0x0002,120,,,,,,idle2.pcapng
"Oct 12, 2023 17:20:12.679026",,66,,,,,,,,,,idle2.pcapng
"Oct 12, 2023 17:20:12.681520",0.002494,5,,,0x0002,3,,,,,,idle2.pcapng
"Oct 12, 2023 17:20:12.706922",,54,,,,,,,,,,idle2.pcapng
"Oct 12, 2023 17:20:12.709033",0.002111,5,,,0x0002,121,,,,,,idle2.pcapng
"Oct 12, 2023 17:20:12.712529",,54,,,,,,,,,,idle2.pcapng
"Oct 12, 2023 17:20:12.714598",0.002069,5,,,0x0002,128,,,,,,idle2.pcapng
"Oct 12, 2023 17:20:12.719912",,45,,,,,,,,,,idle2.pcapng
"Oct 12, 2023 17:20:12.721735",0.001823,5,,,0x0002,122,,,,,,idle2.pcapng
"Oct 12, 2023 17:20:12.722480",,66,,,,,,,,,,idle2.pcapng
"Oct 12, 2023 17:20:12.724975",0.002495,5,,,0x0002,87,,,,,,idle2.pcapng
"Oct 12, 2023 17:20:12.727061",,45,,,,,,,,,,idle2.pcapng
"Oct 12, 2023 17:20:12.734858",,54,,,,,,,,,,idle2.pcapng
"Oct 12, 2023 17:20:12.736969",0.002111,5,,,0x0002,123,,,,,,idle2.pcapng
"Oct 12, 2023 17:20:12.740147",,54,,,,,,,,,,idle2.pcapng
"Oct 12, 2023 17:20:12.742229",0.002082,5,,,0x0002,83,,,,,,idle2.pcapng
"Oct 12, 2023 17:20:12.748407",,45,,,,,,,,,,idle2.pcapng
"Oct 12, 2023 17:20:12.750199",0.001792,5,,,0x0002,124,,,,,,idle2.pcapng
"Oct 12, 2023 17:20:12.754764",,52,,,,,,,,,,idle2.pcapng
"Oct 12, 2023 17:20:12.759050",,52,,,,,,,,,,idle2.pcapng
"Oct 12, 2023 17:20:12.763896",,52,,,,,,,,,,idle2.pcapng
"Oct 12, 2023 17:20:12.765943",0.002047,5,,,0x2202,210,,,,,,idle2.pcapng
"Oct 12, 2023 17:20:12.769596",,52,,,,,,,,,,idle2.pcapng
"Oct 12, 2023 17:20:12.771606",0.002010,5,,,0x0002,84,,,,,,idle2.pcapng
"Oct 12, 2023 17:20:12.774217",,45,,,,,,,,,,idle2.pcapng
"Oct 12, 2023 17:20:12.776040",0.001823,5,,,,,,,,,,idle2.pcapng
"Oct 12, 2023 17:20:12.780463",,45,,,,,,,,,,idle2.pcapng
"Oct 12, 2023 17:20:12.787957",0.007494,107,0xc8f0,0x0000,0x886b,74,,,,,,idle2.pcapng
"Oct 12, 2023 17:20:12.793223",0.005266,103,0xc8f0,0x0000,0x8867,74,,,,,,idle2.pcapng
"Oct 12, 2023 17:20:12.798299",,63,,,,,,,,,,idle2.pcapng
"Oct 12, 2023 17:20:12.800698",0.002399,5,,,0x0002,75,,,,,,idle2.pcapng
"Oct 12, 2023 17:20:12.803537",0.002839,63,0xc8f0,0x0000,0x8861,75,,,,,,idle2.pcapng
"Oct 12, 2023 17:20:12.808807",,63,,,,,,,,,,idle2.pcapng
"Oct 12, 2023 17:20:12.811205",0.002398,5,,,0x0002,75,,,,,,idle2.pcapng
"Oct 12, 2023 17:20:12.812153",,66,,,,,,,,,,idle2.pcapng
"Oct 12, 2023 17:20:12.814648",0.002495,5,,,0x0002,76,,,,,,idle2.pcapng
"Oct 12, 2023 17:20:12.820141",,45,,,,,,,,,,idle2.pcapng
"Oct 12, 2023 17:20:12.821964",0.001823,5,,,0x0002,127,,,,,,idle2.pcapng
"Oct 12, 2023 17:20:12.825726",,45,,,,,,,,,,idle2.pcapng
"Oct 12, 2023 17:20:12.827520",0.001794,5,,,0x0002,85,,,,,,idle2.pcapng
"Oct 12, 2023 17:20:12.831917",,45,,,,,,,,,,idle2.pcapng
"Oct 12, 2023 17:20:12.833740",0.001823,5,,,0x0002,128,,,,,,idle2.pcapng
"Oct 12, 2023 17:20:12.836483",,45,,,,,,,,,,idle2.pcapng
"Oct 12, 2023 17:20:12.838277",0.001794,5,,,0x0002,86,,,,,,idle2.pcapng
"Oct 12, 2023 17:20:14.366090",1.527813,77,0xe694,0xffff,0x8841,4,0xe694,0xfffc,0x1209,,,idle2.pcapng
"Oct 12, 2023 17:20:14.724448",0.358358,77,0xe5c4,0xffff,0x8841,114,0xe5c4,0xfffc,0x1209,,,idle2.pcapng
"Oct 12, 2023 17:20:15.223137",0.498689,12,0x2cae,0x482d,0x8863,12,,,,,,idle2.pcapng
"Oct 12, 2023 17:20:15.223904",0.000767,5,,,0x0002,12,,,,,,idle2.pcapng
"Oct 12, 2023 17:20:15.245485",0.021581,71,0xc8f0,0xffff,0x8841,77,0xc8f0,0xfffc,0x1209,,,idle2.pcapng
"Oct 12, 2023 17:20:20.286494",5.041009,12,0x2cae,0x482d,0x8863,13,,,,,,idle2.pcapng
"Oct 12, 2023 17:20:20.744593",0.458099,77,0x0000,0xffff,0x8841,129,0x0000,0xfffc,0x1209,,,idle2.pcapng
"Oct 12, 2023 17:20:22.377119",1.632526,77,0x054f,0xffff,0x8841,35,0x054f,0xfffc,0x1209,,,idle2.pcapng
"Oct 12, 2023 17:20:22.495366",0.118247,74,0x09ac,0xffff,0x8841,106,0x09ac,0xfffc,0x1209,,,idle2.pcapng
"Oct 12, 2023 17:20:24.410537",1.915171,77,0x482d,0xffff,0x8841,131,0x482d,0xfffc,0x1209,,,idle2.pcapng
"Oct 12, 2023 17:20:25.052044",0.641507,74,0xa209,0xffff,0x8841,87,0xa209,0xfffc,0x1209,,,idle2.pcapng
"Oct 12, 2023 17:20:25.183522",0.131478,68,0xebe5,0xffff,0x8841,94,0xebe5,0xfffc,0x1209,,,idle2.pcapng
"Oct 12, 2023 17:20:25.289052",0.105530,5,,,0x0002,14,,,,,,idle2.pcapng
"Oct 12, 2023 17:20:26.117738",0.828686,77,0x82eb,0xffff,0x8841,52,0x82eb,0xfffc,0x1209,,,idle2.pcapng
"Oct 12, 2023 17:20:29.371397",3.253659,77,0xe694,0xffff,0x8841,5,0xe694,0xfffc,0x1209,,,idle2.pcapng
"Oct 12, 2023 17:20:30.332222",0.960825,74,0xc8f0,0xffff,0x8841,78,0xc8f0,0xfffc,0x1209,,,idle2.pcapng
"Oct 12, 2023 17:20:30.350022",0.017800,12,0x2cae,0x482d,0x8863,15,,,,,,idle2.pcapng
"Oct 12, 2023 17:20:30.350789",0.000767,5,,,0x0002,15,,,,,,idle2.pcapng
"Oct 12, 2023 17:20:31.277226",0.926437,77,0xe5c4,0xffff,0x8841,115,0xe5c4,0xfffc,0x1209,,,idle2.pcapng
"Oct 12, 2023 17:20:35.380498",4.103272,12,0x2cae,0x482d,0x8863,16,,,,,,idle2.pcapng
"Oct 12, 2023 17:20:35.381265",0.000767,5,,,0x0002,16,,,,,,idle2.pcapng
"Oct 12, 2023 17:20:36.481743",1.100478,77,0x0000,0xffff,0x8841,130,0x0000,0xfffc,0x1209,,,idle2.pcapng
"Oct 12, 2023 17:20:39.627409",3.145666,74,0x09ac,0xffff,0x8841,107,0x09ac,0xfffc,0x1209,,,idle2.pcapng
"Oct 12, 2023 17:20:40.136992",0.509583,77,0x054f,0xffff,0x8841,36,0x054f,0xfffc,0x1209,,,idle2.pcapng
"Oct 12, 2023 17:20:40.144381",0.007389,68,0xebe5,0xffff,0x8841,95,0xebe5,0xfffc,0x1209,,,idle2.pcapng
"Oct 12, 2023 17:20:40.382196",0.237815,12,0x2cae,0x482d,0x8863,17,,,,,,idle2.pcapng
"Oct 12, 2023 17:20:40.382964",0.000768,5,,,0x0002,17,,,,,,idle2.pcapng
"Oct 12, 2023 17:20:41.108081",0.725117,77,0x82eb,0xffff,0x8841,53,0x82eb,0xfffc,0x1209,,,idle2.pcapng
"Oct 12, 2023 17:20:41.457310",0.349229,103,0x482d,0xffff,0x8867,132,,,,,,idle2.pcapng
"Oct 12, 2023 17:20:41.539952",0.082642,74,0x6e5f,0xffff,0x8841,89,0x6e5f,0xfffc,0x1209,,,idle2.pcapng
"Oct 12, 2023 17:20:42.604469",,52,,,,,,,,,,idle2.pcapng
"Oct 12, 2023 17:20:42.606485",0.002016,5,,,0x0002,131,,,,,,idle2.pcapng
"Oct 12, 2023 17:20:42.614481",,63,,,,,,,,,,idle2.pcapng
"Oct 12, 2023 17:20:42.616880",0.002399,5,,,0x0002,6,,,,,,idle2.pcapng
"Oct 12, 2023 17:20:42.640589",,52,,,,,,,,,,idle2.pcapng
"Oct 12, 2023 17:20:42.642636",0.002047,5,,,0x0002,132,,,,,,idle2.pcapng
"Oct 12, 2023 17:20:42.647385",,52,,,,,,,,,,idle2.pcapng
"Oct 12, 2023 17:20:42.649391",0.002006,5,,,0x0002,133,,,,,,idle2.pcapng
"Oct 12, 2023 17:20:42.652671",,45,,,,,,,,,,idle2.pcapng
"Oct 12, 2023 17:20:42.654462",0.001791,5,,,0x0002,133,,,,,,idle2.pcapng
"Oct 12, 2023 17:20:42.657067",,63,,,,,,,,,,idle2.pcapng
"Oct 12, 2023 17:20:42.659466",0.002399,5,,,0x0002,90,,,,,,idle2.pcapng
"Oct 12, 2023 17:20:42.675614",,54,,,,,,,,,,idle2.pcapng
"Oct 12, 2023 17:20:42.677693",0.002079,5,,,0x0002,134,,,,,,idle2.pcapng
"Oct 12, 2023 17:20:42.685538",,66,,,,,,,,,,idle2.pcapng
"Oct 12, 2023 17:20:42.688033",0.002495,5,,,0x0002,7,,,,,,idle2.pcapng
"Oct 12, 2023 17:20:42.692119",,54,,,,,,,,,,idle2.pcapng
"Oct 12, 2023 17:20:42.694230",0.002111,5,,,0x0002,135,,,,,,idle2.pcapng
"Oct 12, 2023 17:20:42.696621",0.002391,54,0x482d,0x6e5f,0x8861,134,,,,,,idle2.pcapng
"Oct 12, 2023 17:20:42.699819",,54,,,,,,,,,,idle2.pcapng
"Oct 12, 2023 17:20:42.701899",0.002080,5,,,0x0002,134,,,,,,idle2.pcapng
"Oct 12, 2023 17:20:42.709728",,66,,,,,,,,,,idle2.pcapng
"Oct 12, 2023 17:20:42.712222",0.002494,5,,,0x0002,91,,,,,,idle2.pcapng
"Oct 12, 2023 17:20:42.718538",,45,,,,,,,,,,idle2.pcapng
"Oct 12, 2023 17:20:42.720361",0.001823,5,,,0x0002,136,,,,,,idle2.pcapng
"Oct 12, 2023 17:20:42.724020",,45,,,,,,,,,,idle2.pcapng
"Oct 12, 2023 17:20:42.725814",0.001794,5,,,0x0002,135,,,,,,idle2.pcapng
"Oct 12, 2023 17:20:42.731886",,54,,,,,,,,,,idle2.pcapng
"Oct 12, 2023 17:20:42.739223",0.007337,5,,,0x0002,88,,,,,,idle2.pcapng
"Oct 12, 2023 17:20:42.744031",,45,,,,,,,,,,idle2.pcapng
"Oct 12, 2023 17:20:42.745824",0.001793,5,,,0x0002,138,,,,,,idle2.pcapng
"Oct 12, 2023 17:20:42.751643",,52,,,,,,,,,,idle2.pcapng
"Oct 12, 2023 17:20:42.754992",,52,,,,,,,,,,idle2.pcapng
"Oct 12, 2023 17:20:42.757039",0.002047,5,,,0x0002,139,,,,,,idle2.pcapng
"Oct 12, 2023 17:20:42.757606",,66,,,,,,,,,,idle2.pcapng
"Oct 12, 2023 17:20:42.760101",0.002495,5,,,0x0002,79,,,,,,idle2.pcapng
"Oct 12, 2023 17:20:42.762868",,66,,,,,,,,,,idle2.pcapng
"Oct 12, 2023 17:20:42.765363",0.002495,5,,,0x0002,79,,,,,,idle2.pcapng
"Oct 12, 2023 17:20:42.767208",,52,,,,,,,,,,idle2.pcapng
"Oct 12, 2023 17:20:42.769226",0.002018,5,,,0x0002,89,,,,,,idle2.pcapng
"Oct 12, 2023 17:20:42.776934",,63,,,,,,,,,,idle2.pcapng
"Oct 12, 2023 17:20:42.779333",0.002399,5,,,0x0002,80,,,,,,idle2.pcapng
"Oct 12, 2023 17:20:42.781798",,45,,,,,,,,,,idle2.pcapng
"Oct 12, 2023 17:20:42.783621",0.001823,5,,,0x0002,112,,,,,,idle2.pcapng
"Oct 12, 2023 17:20:42.790984",0.007363,45,0x482d,0x6e5f,0x8861,136,,,,,,idle2.pcapng
"Oct 12, 2023 17:20:42.792778",0.001794,5,,,0x0002,136,,,,,,idle2.pcapng
"Oct 12, 2023 17:20:42.801331",,45,,,,,,,,,,idle2.pcapng
"Oct 12, 2023 17:20:42.803154",0.001823,5,,,0x0002,140,,,,,,idle2.pcapng
"Oct 12, 2023 17:20:42.807373",0.004219,74,0xa209,0xffff,0x8841,90,0xa209,0xfffc,0x1209,,,idle2.pcapng
"Oct 12, 2023 17:20:42.813955",,45,,,,,,,,,,idle2.pcapng
"Oct 12, 2023 17:20:42.815778",0.001823,5,,,0x0002,141,,,,,,idle2.pcapng
"Oct 12, 2023 17:20:42.818441",,45,,,,,,,,,,idle2.pcapng
"Oct 12, 2023 17:20:42.820233",0.001792,5,,,0x0002,91,,,,,,idle2.pcapng
"Oct 12, 2023 17:20:42.821458",,45,,,,,,,,,,idle2.pcapng
"Oct 12, 2023 17:20:42.823282",0.001824,5,,,0x0002,142,,,,,,idle2.pcapng
"Oct 12, 2023 17:20:42.827960",,45,,,,,,,,,,idle2.pcapng
"Oct 12, 2023 17:20:42.829750",0.001790,5,,,0x0002,92,,,,,,idle2.pcapng
"Oct 12, 2023 17:20:44.354244",1.524494,77,0xe694,0xffff,0x8841,8,0xe694,0xfffc,0x1209,,,idle2.pcapng
"Oct 12, 2023 17:20:45.276647",0.922403,74,0xc8f0,0xffff,0x8841,81,0xc8f0,0xfffc,0x1209,,,idle2.pcapng
"Oct 12, 2023 17:20:45.444371",0.167724,12,0x2cae,0x482d,0x8863,18,,,,,,idle2.pcapng
"Oct 12, 2023 17:20:45.445138",0.000767,5,,,0x0002,18,,,,,,idle2.pcapng
"Oct 12, 2023 17:20:47.141955",1.696817,77,0xe5c4,0xffff,0x8841,116,0xe5c4,0xfffc,0x1209,,,idle2.pcapng
"Oct 12, 2023 17:20:50.444561",3.302606,12,0x2cae,0x482d,0x8863,19,,,,,,idle2.pcapng
"Oct 12, 2023 17:20:50.445328",0.000767,5,,,0x0002,19,,,,,,idle2.pcapng
"Oct 12, 2023 17:20:53.577760",3.132432,77,0x0000,0xffff,0x8841,143,0x0000,0xfffc,0x1209,,,idle2.pcapng
"Oct 12, 2023 17:20:55.128110",1.550350,68,0xebe5,0xffff,0x8841,96,0xebe5,0xfffc,0x1209,,,idle2.pcapng
"Oct 12, 2023 17:20:55.475972",0.347862,12,0x2cae,0x482d,0x8863,20,,,,,,idle2.pcapng
"Oct 12, 2023 17:20:56.111768",0.635796,77,0x82eb,0xffff,0x8841,54,0x82eb,0xfffc,0x1209,,,idle2.pcapng
"Oct 12, 2023 17:20:56.568430",0.456662,74,0x6e5f,0xffff,0x8841,92,0x6e5f,0xfffc,0x1209,,,idle2.pcapng
"Oct 12, 2023 17:20:56.842450",0.274020,74,0x09ac,0xffff,0x8841,108,0x09ac,0xfffc,0x1209,,,idle2.pcapng
"Oct 12, 2023 17:20:57.068104",0.225654,74,0xa209,0xffff,0x8841,93,0xa209,0xfffc,0x1209,,,idle2.pcapng
"Oct 12, 2023 17:20:57.286009",0.217905,77,0x054f,0xffff,0x8841,37,0x054f,0xfffc,0x1209,,,idle2.pcapng
"Oct 12, 2023 17:20:58.423743",,57,,,,,,,,,,idle2.pcapng
"Oct 12, 2023 17:20:58.425950",0.002207,5,,,0x0002,9,,,,,,idle2.pcapng
"Oct 12, 2023 17:20:58.464769",,50,,,,,,,,,,idle2.pcapng
"Oct 12, 2023 17:20:58.466729",0.001960,5,,,0x0002,144,,,,,,idle2.pcapng
"Oct 12, 2023 17:20:58.472277",,45,,,,,,,,,,idle2.pcapng
"Oct 12, 2023 17:20:58.474100",0.001823,5,,,0x0002,10,,,,,,idle2.pcapng
"Oct 12, 2023 17:20:58.487827",,63,,,,,,,,,,idle2.pcapng
"Oct 12, 2023 17:20:58.490226",0.002399,5,,,0x0002,11,,,,,,idle2.pcapng
"Oct 12, 2023 17:20:58.537608",,50,,,,,,,,,,idle2.pcapng
"Oct 12, 2023 17:20:58.539561",0.001953,5,,,0x0002,145,,,,,,idle2.pcapng
"Oct 12, 2023 17:20:58.545222",,45,,,,,,,,,,idle2.pcapng
"Oct 12, 2023 17:20:58.547045",0.001823,5,,,0x0002,12,,,,,,idle2.pcapng
"Oct 12, 2023 17:20:59.113720",0.566675,77,0x482d,0xffff,0x8841,137,0x482d,0xfffc,0x1209,,,idle2.pcapng
"Oct 12, 2023 17:20:59.379999",0.266279,77,0xe694,0xffff,0x8841,13,0xe694,0xfffc,0x1209,,,idle2.pcapng
"Oct 12, 2023 17:21:00.280135",0.900136,74,0xc8f0,0xffff,0x8841,82,0xc8f0,0xfffc,0x1209,,,idle2.pcapng
"Oct 12, 2023 17:21:00.538664",0.258529,12,0x2cae,0x482d,0x8863,21,,,,,,idle2.pcapng
"Oct 12, 2023 17:21:00.539431",0.000767,5,,,0x0002,21,,,,,,idle2.pcapng
"Oct 12, 2023 17:21:04.222757",3.683326,77,0xe5c4,0xffff,0x8841,117,0xe5c4,0xfffc,0x1209,,,idle2.pcapng
"Oct 12, 2023 17:21:05.537864",1.315107,12,0x2cae,0x482d,0x8863,22,,,,,,idle2.pcapng
"Oct 12, 2023 17:21:05.538631",0.000767,5,,,0x0002,22,,,,,,idle2.pcapng
"Oct 12, 2023 17:21:10.178799",4.640168,68,0xebe5,0xffff,0x8841,97,0xebe5,0xfffc,0x1209,,,idle2.pcapng
"Oct 12, 2023 17:21:10.600592",0.421793,12,0x2cae,0x482d,0x8863,23,,,,,,idle2.pcapng
"Oct 12, 2023 17:21:10.601359",0.000767,5,,,0x0002,23,,,,,,idle2.pcapng
"Oct 12, 2023 17:21:11.113341",0.511982,77,0x82eb,0xffff,0x8841,55,0x82eb,0xfffc,0x1209,,,idle2.pcapng
"Oct 12, 2023 17:21:11.285477",0.172136,77,0x0000,0xffff,0x8841,146,0x0000,0xfffc,0x1209,,,idle2.pcapng
"Oct 12, 2023 17:21:11.517274",0.231797,95,0x6e5f,0xffff,0x885f,93,,,,,,idle2.pcapng
"Oct 12, 2023 17:21:11.818469",0.301195,77,0x054f,0xffff,0x8841,38,0x054f,0xfffc,0x1209,,,idle2.pcapng
"Oct 12, 2023 17:21:12.608074",,52,,,,,,,,,,idle2.pcapng
"Oct 12, 2023 17:21:12.610090",0.002016,5,,,0x0002,147,,,,,,idle2.pcapng
"Oct 12, 2023 17:21:12.618293",,63,,,,,,,,,,idle2.pcapng
"Oct 12, 2023 17:21:12.620692",0.002399,5,,,0x0002,14,,,,,,idle2.pcapng
"Oct 12, 2023 17:21:12.644295",,52,,,,,,,,,,idle2.pcapng
"Oct 12, 2023 17:21:12.646343",0.002048,5,,,0x0002,148,,,,,,idle2.pcapng
"Oct 12, 2023 17:21:12.649198",,52,,,,,,,,,,idle2.pcapng
"Oct 12, 2023 17:21:12.651216",0.002018,5,,,0x0002,138,,,,,,idle2.pcapng
"Oct 12, 2023 17:21:12.657235",,45,,,,,,,,,,idle2.pcapng
"Oct 12, 2023 17:21:12.659026",0.001791,5,,,0x0002,149,,,,,,idle2.pcapng
"Oct 12, 2023 17:21:12.664247",,63,,,,,,,,,,idle2.pcapng
"Oct 12, 2023 17:21:12.666646",0.002399,5,,,0x0002,94,,,,,,idle2.pcapng
"Oct 12, 2023 17:21:12.674492",,54,,,,,,,,,,idle2.pcapng
"Oct 12, 2023 17:21:12.676571",0.002079,5,,,0x0002,150,,,,,,idle2.pcapng
"Oct 12, 2023 17:21:12.685446",,66,,,,,,,,,,idle2.pcapng
"Oct 12, 2023 17:21:12.687941",0.002495,5,,,0x0002,15,,,,,,idle2.pcapng
"Oct 12, 2023 17:21:12.707166",,54,,,,,,,,,,idle2.pcapng
"Oct 12, 2023 17:21:12.709278",0.002112,5,,,0x0002,151,,,,,,idle2.pcapng
"Oct 12, 2023 17:21:12.713264",,54,,,,,,,,,,idle2.pcapng
"Oct 12, 2023 17:21:12.715343",0.002079,5,,,0x0002,139,,,,,,idle2.pcapng
"Oct 12, 2023 17:21:12.721455",,45,,,,,,,,,,idle2.pcapng
"Oct 12, 2023 17:21:12.723238",0.001783,107,0x6e5f,0x0000,0x886b,95,,,,,,idle2.pcapng
"Oct 12, 2023 17:21:12.726286",,45,,,,,,,,,,idle2.pcapng
"Oct 12, 2023 17:21:12.728109",0.001823,5,,,0x0002,40,,,,,,idle2.pcapng
"Oct 12, 2023 17:21:12.731431",,45,,,,,,,,,,idle2.pcapng
"Oct 12, 2023 17:21:12.733254",0.001823,5,,,0x0002,152,,,,,,idle2.pcapng
"Oct 12, 2023 17:21:12.741492",,54,,,,,,,,,,idle2.pcapng
"Oct 12, 2023 17:21:12.746675",,66,,,,,,,,,,idle2.pcapng
"Oct 12, 2023 17:21:12.749170",0.002495,5,,,0x0002,96,,,,,,idle2.pcapng
"Oct 12, 2023 17:21:12.750311",,54,,,,,,,,,,idle2.pcapng
"Oct 12, 2023 17:21:12.752382",0.002071,5,,,0x0002,94,,,,,,idle2.pcapng
"Oct 12, 2023 17:21:12.753470",,54,,,,,,,,,,idle2.pcapng
"Oct 12, 2023 17:21:12.755581",0.002111,5,,,0x0002,153,,,,,,idle2.pcapng
"Oct 12, 2023 17:21:12.759753",0.004172,45,0x482d,0x6e5f,0x8861,140,,,,,,idle2.pcapng
"Oct 12, 2023 17:21:12.764211",0.004458,45,0x482d,0x6e5f,0x8861,140,,,,,,idle2.pcapng
"Oct 12, 2023 17:21:12.770691",,66,,,,,,,,,,idle2.pcapng
"Oct 12, 2023 17:21:12.773186",0.002495,5,,,0x0002,83,,,,,,idle2.pcapng
"Oct 12, 2023 17:21:12.775977",0.002791,106,0xc8f0,0x0000,0x886a,83,,,,,,idle2.pcapng
"Oct 12, 2023 17:21:12.780010",,45,,,,,,,,,,idle2.pcapng
"Oct 12, 2023 17:21:12.781804",0.001794,5,,,0x0002,154,,,,,,idle2.pcapng
"Oct 12, 2023 17:21:12.788857",0.007053,107,0x7777,0x7777,0x886b,84,,,,,,idle2.pcapng
"Oct 12, 2023 17:21:12.794142",,66,,,,,,,,,,idle2.pcapng
"Oct 12, 2023 17:21:12.796637",0.002495,5,,,0x0002,84,,,,,,idle2.pcapng
"Oct 12, 2023 17:21:12.799086",,45,,,,,,,,,,idle2.pcapng
"Oct 12, 2023 17:21:12.800868",0.001782,5,,,0x0002,141,,,,,,idle2.pcapng
"Oct 12, 2023 17:21:12.807957",,52,,,,,,,,,,idle2.pcapng
"Oct 12, 2023 17:21:12.810004",0.002047,5,,,0x0002,155,,,,,,idle2.pcapng
"Oct 12, 2023 17:21:12.813398",,52,,,,,,,,,,idle2.pcapng
"Oct 12, 2023 17:21:12.815414",0.002016,5,,,0x0002,95,,,,,,idle2.pcapng
"Oct 12, 2023 17:21:12.819490",,45,,,,,,,,,,idle2.pcapng
"Oct 12, 2023 17:21:12.821314",0.001824,5,,,0x0002,156,,,,,,idle2.pcapng
"Oct 12, 2023 17:21:12.823320",,63,,,,,,,,,,idle2.pcapng
"Oct 12, 2023 17:21:12.825719",0.002399,5,,,0x0002,85,,,,,,idle2.pcapng
"Oct 12, 2023 17:21:12.826515",,45,,,,,,,,,,idle2.pcapng
"Oct 12, 2023 17:21:12.828337",0.001822,5,,,0x0002,157,,,,,,idle2.pcapng
"Oct 12, 2023 17:21:12.828951",,45,,,,,,,,,,idle2.pcapng
"Oct 12, 2023 17:21:12.830734",0.001783,5,,,0x0002,142,,,,,,idle2.pcapng
"Oct 12, 2023 17:21:12.832693",0.001959,45,0xa209,0xc8f0,0x8868,96,,,,,,idle2.pcapng
"Oct 12, 2023 17:21:12.834488",0.001795,5,,,0x0002,96,,,,,,idle2.pcapng
"Oct 12, 2023 17:21:12.840494",,45,,,,,,,,,,idle2.pcapng
"Oct 12, 2023 17:21:12.842317",0.001823,5,,,0x0002,158,,,,,,idle2.pcapng
"Oct 12, 2023 17:21:12.846916",0.004599,5,,,0x0002,97,,,,,,idle2.pcapng
"Oct 12, 2023 17:21:12.848204",,45,,,,,,,,,,idle2.pcapng
"Oct 12, 2023 17:21:12.850027",0.001823,5,,,0x0002,159,,,,,,idle2.pcapng
"Oct 12, 2023 17:21:12.853944",0.003917,45,0xa209,0xc8f0,0x8861,98,,,,,,idle2.pcapng
"Oct 12, 2023 17:21:12.855737",0.001793,5,,,0x0002,98,,,,,,idle2.pcapng
"Oct 12, 2023 17:21:13.342483",0.486746,77,0x482d,0xffff,0x8841,143,0x482d,0xfffc,0x1209,,,idle2.pcapng
"Oct 12, 2023 17:21:14.221750",0.879267,71,0xa209,0xffff,0x8841,99,0xa209,0xfffc,0x1209,,,idle2.pcapng
"Oct 12, 2023 17:21:14.254365",0.032615,74,0x09ac,0xffff,0x8841,109,0x09ac,0xfffc,0x1209,,,idle2.pcapng
"Oct 12, 2023 17:21:14.458806",0.204441,77,0xe694,0xffff,0x8841,16,0xe694,0xfffc,0x1209,,,idle2.pcapng
"Oct 12, 2023 17:21:15.281786",0.822980,74,0xc8f0,0xffff,0x8841,86,0xc8f0,0xfffc,0x1209,,,idle2.pcapng
"Oct 12, 2023 17:21:15.633611",0.351825,12,0x2cae,0x482d,0x8863,24,,,,,,idle2.pcapng
"Oct 12, 2023 17:21:20.632828",4.999217,12,0x2cae,0x482d,0x8863,25,,,,,,idle2.pcapng
"Oct 12, 2023 17:21:20.633595",0.000767,5,,,0x0002,25,,,,,,idle2.pcapng
"Oct 12, 2023 17:21:22.153312",1.519717,77,0xe5c4,0xffff,0x8841,118,0xe5c4,0xfffc,0x1209,,,idle2.pcapng
"Oct 12, 2023 17:21:25.140887",2.987575,68,0xebe5,0xffff,0x8841,98,0xebe5,0xfffc,0x1209,,,idle2.pcapng
"Oct 12, 2023 17:21:25.694911",0.554024,12,0x2cae,0x482d,0x8863,26,,,,,,idle2.pcapng
"Oct 12, 2023 17:21:25.695678",0.000767,5,,,0x0002,26,,,,,,idle2.pcapng
"Oct 12, 2023 17:21:26.130650",0.434972,77,0x82eb,0xffff,0x8841,56,0x82eb,0xfffc,0x1209,,,idle2.pcapng
"Oct 12, 2023 17:21:28.136839",2.006189,77,0x054f,0xffff,0x8841,39,0x054f,0xfffc,0x1209,,,idle2.pcapng
"Oct 12, 2023 17:21:28.695835",0.558996,77,0x0000,0xffff,0x8841,160,0x0000,0xfffc,0x1209,,,idle2.pcapng
"Oct 12, 2023 17:21:29.088284",0.392449,74,0x09ac,0xffff,0x8841,110,0x09ac,0xfffc,0x1209,,,idle2.pcapng
"Oct 12, 2023 17:21:29.424990",0.336706,77,0xe694,0xffff,0x8841,17,0xe694,0xfffc,0x1209,,,idle2.pcapng
"Oct 12, 2023 17:21:30.216321",,63,,,,,,,,,,idle2.pcapng
"Oct 12, 2023 17:21:30.218720",0.002399,5,,,0x0002,98,,,,,,idle2.pcapng
"Oct 12, 2023 17:21:30.264577",,50,,,,,,,,,,idle2.pcapng
"Oct 12, 2023 17:21:30.271133",,50,,,,,,,,,,idle2.pcapng
"Oct 12, 2023 17:21:30.273087",0.001954,5,,,0x0002,41,,,,,,idle2.pcapng
"Oct 12, 2023 17:21:30.278437",,45,,,,,,,,,,idle2.pcapng
"Oct 12, 2023 17:21:30.280259",0.001822,5,,,0x0002,99,,,,,,idle2.pcapng
"Oct 12, 2023 17:21:30.284339",0.004080,71,0xc8f0,0xffff,0x8841,87,0xc8f0,0xfffc,0x1209,,,idle2.pcapng
"Oct 12, 2023 17:21:30.293660",,57,,,,,,,,,,idle2.pcapng
"Oct 12, 2023 17:21:30.295866",0.002206,5,,,0x0002,100,,,,,,idle2.pcapng
"Oct 12, 2023 17:21:30.336326",,50,,,,,,,,,,idle2.pcapng
"Oct 12, 2023 17:21:30.338310",0.001984,5,,,0x0002,162,,,,,,idle2.pcapng
"Oct 12, 2023 17:21:30.340779",,50,,,,,,,,,,idle2.pcapng
"Oct 12, 2023 17:21:30.342720",0.001941,5,,,0x0002,145,,,,,,idle2.pcapng
"Oct 12, 2023 17:21:30.347989",,45,,,,,,,,,,idle2.pcapng
"Oct 12, 2023 17:21:30.349812",0.001823,5,,,0x0002,101,,,,,,idle2.pcapng
"Oct 12, 2023 17:21:30.727312",0.377500,12,0x2cae,0x482d,0x8863,27,,,,,,idle2.pcapng
"Oct 12, 2023 17:21:30.728079",0.000767,5,,,0x0002,27,,,,,,idle2.pcapng
"Oct 12, 2023 17:21:32.105890",1.377811,71,0xa209,0xffff,0x8841,100,0xa209,0xfffc,0x1209,,,idle2.pcapng
"Oct 12, 2023 17:21:35.759101",3.653211,12,0x2cae,0x482d,0x8863,28,,,,,,idle2.pcapng
"Oct 12, 2023 17:21:35.759868",0.000767,5,,,0x0002,28,,,,,,idle2.pcapng
"Oct 12, 2023 17:21:36.784365",,60,,,,,,,,,,idle2.pcapng
"Oct 12, 2023 17:21:36.786668",0.002303,5,,,0x0002,102,,,,,,idle2.pcapng
"Oct 12, 2023 17:21:36.828518",,50,,,,,,,,,,idle2.pcapng
"Oct 12, 2023 17:21:36.830501",0.001983,5,,,0x0002,163,,,,,,idle2.pcapng
"Oct 12, 2023 17:21:36.834743",0.004242,50,0x4823,0x6e5f,0x8861,147,,,,,,idle2.pcapng
"Oct 12, 2023 17:21:36.836696",0.001953,5,,,0x0002,147,,,,,,idle2.pcapng
"Oct 12, 2023 17:21:36.841895",,45,,,,,,,,,,idle2.pcapng
"Oct 12, 2023 17:21:36.843718",0.001823,5,,,0x0002,103,,,,,,idle2.pcapng
"Oct 12, 2023 17:21:39.180208",2.336490,77,0xe5c4,0xffff,0x8841,119,0xe5c4,0xfffc,0x1209,,,idle2.pcapng
"Oct 12, 2023 17:21:40.122804",0.942596,68,0xebe5,0xffff,0x8841,99,0xebe5,0xfffc,0x1209,,,idle2.pcapng
"Oct 12, 2023 17:21:40.822055",0.699251,12,0x2cae,0x482d,0x8863,29,,,,,,idle2.pcapng
"Oct 12, 2023 17:21:40.822823",0.000768,5,,,0x0002,29,,,,,,idle2.pcapng
"Oct 12, 2023 17:21:41.117554",0.294731,77,0x82eb,0xffff,0x8841,57,0x82eb,0xfffc,0x1209,,,idle2.pcapng
"Oct 12, 2023 17:21:41.556366",0.438812,74,0x6e5f,0xffff,0x8841,104,0x6e5f,0xfffc,0x1209,,,idle2.pcapng
"Oct 12, 2023 17:21:42.612111",,52,,,,,,,,,,idle2.pcapng
"Oct 12, 2023 17:21:42.614128",0.002017,5,,,0x0002,164,,,,,,idle2.pcapng
"Oct 12, 2023 17:21:42.621800",,63,,,,,,,,,,idle2.pcapng
"Oct 12, 2023 17:21:42.624199",0.002399,5,,,0x0002,18,,,,,,idle2.pcapng
"Oct 12, 2023 17:21:42.646678",,52,,,,,,,,,,idle2.pcapng
"Oct 12, 2023 17:21:42.648726",0.002048,5,,,0x0002,165,,,,,,idle2.pcapng
"Oct 12, 2023 17:21:42.652348",,52,,,,,,,,,,idle2.pcapng
"Oct 12, 2023 17:21:42.654353",0.002005,5,,,0x0002,148,,,,,,idle2.pcapng
"Oct 12, 2023 17:21:42.657915",,45,,,,,,,,,,idle2.pcapng
"Oct 12, 2023 17:21:42.659696",0.001781,5,,,0x0002,166,,,,,,idle2.pcapng
"Oct 12, 2023 17:21:42.662249",,63,,,,,,,,,,idle2.pcapng
"Oct 12, 2023 17:21:42.664648",0.002399,5,,,0x0002,105,,,,,,idle2.pcapng
"Oct 12, 2023 17:21:42.670228",,54,,,,,,,,,,idle2.pcapng
"Oct 12, 2023 17:21:42.672308",0.002080,5,,,0x0002,167,,,,,,idle2.pcapng
"Oct 12, 2023 17:21:42.680294",,66,,,,,,,,,,idle2.pcapng
"Oct 12, 2023 17:21:42.682789",0.002495,5,,,0x0002,19,,,,,,idle2.pcapng
"Oct 12, 2023 17:21:42.706640",,45,,,,,,,,,,idle2.pcapng
"Oct 12, 2023 17:21:42.712881",0.006241,5,,,0x0002,149,,,,,,idle2.pcapng
"Oct 12, 2023 17:21:42.714687",,45,,,,,,,,,,idle2.pcapng
"Oct 12, 2023 17:21:42.716511",0.001824,5,,,0x0002,168,,,,,,idle2.pcapng
"Oct 12, 2023 17:21:42.721942",,54,,,,,,,,,,idle2.pcapng
"Oct 12, 2023 17:21:42.724053",0.002111,5,,,0x0002,169,,,,,,idle2.pcapng
"Oct 12, 2023 17:21:42.727488",,54,,,,,,,,,,idle2.pcapng
"Oct 12, 2023 17:21:42.729563",0.002075,5,,,0x0002,150,,,,,,idle2.pcapng
"Oct 12, 2023 17:21:42.734672",,54,,,,,,,,,,idle2.pcapng
"Oct 12, 2023 17:21:42.736783",0.002111,5,,,0x0002,170,,,,,,idle2.pcapng
"Oct 12, 2023 17:21:42.737274",,66,,,,,,,,,,idle2.pcapng
"Oct 12, 2023 17:21:42.739769",0.002495,5,,,0x0002,106,,,,,,idle2.pcapng
"Oct 12, 2023 17:21:42.751821",,66,,,,,,,,,,idle2.pcapng
"Oct 12, 2023 17:21:42.754315",0.002494,5,,,0x0002,88,,,,,,idle2.pcapng
"Oct 12, 2023 17:21:42.759936",,45,,,,,,,,,,idle2.pcapng
"Oct 12, 2023 17:21:42.761718",0.001782,5,,,0x0002,171,,,,,,idle2.pcapng
"Oct 12, 2023 17:21:42.772801",,52,,,,,,,,,,idle2.pcapng
"Oct 12, 2023 17:21:42.774848",0.002047,5,,,0x0002,172,,,,,,idle2.pcapng
"Oct 12, 2023 17:21:42.777967",,52,,,,,,,,,,idle2.pcapng
"Oct 12, 2023 17:21:42.779983",0.002016,5,,,0x0002,102,,,,,,idle2.pcapng
"Oct 12, 2023 17:21:42.783978",,45,,,,,,,,,,idle2.pcapng
"Oct 12, 2023 17:21:42.785801",0.001823,5,,,0x0002,173,,,,,,idle2.pcapng
"Oct 12, 2023 17:21:42.791153",,45,,,,,,,,,,idle2.pcapng
"Oct 12, 2023 17:21:42.795434",,45,,,,,,,,,,idle2.pcapng
"Oct 12, 2023 17:21:42.797257",0.001823,5,,,0x0002,174,,,,,,idle2.pcapng
"Oct 12, 2023 17:21:42.798500",0.001243,63,0xc8f0,0x0000,0x8861,89,,,,,,idle2.pcapng
"Oct 12, 2023 17:21:42.803305",0.004805,45,0x9209,0xc8f0,0x8861,103,,,,,,idle2.pcapng
"Oct 12, 2023 17:21:42.806722",,45,,,,,,,,,,idle2.pcapng
"Oct 12, 2023 17:21:42.811138",0.004416,45,0x3206,0x6880,0x8861,103,,,,,,idle2.pcapng
"Oct 12, 2023 17:21:42.816156",0.005018,45,0x6709,0xc8f0,0x8861,103,,,,,,idle2.pcapng
"Oct 12, 2023 17:21:42.821860",,63,,,,,,,,,,idle2.pcapng
"Oct 12, 2023 17:21:42.827144",,63,,,,,,,,,,idle2.pcapng
"Oct 12, 2023 17:21:42.829543",0.002399,5,,,0x0002,90,,,,,,idle2.pcapng
"Oct 12, 2023 17:21:42.834867",,63,,,,,,,,,,idle2.pcapng
"Oct 12, 2023 17:21:42.837266",0.002399,5,,,0x0002,91,,,,,,idle2.pcapng
"Oct 12, 2023 17:21:42.854623",,45,,,,,,,,,,idle2.pcapng
"Oct 12, 2023 17:21:42.856446",0.001823,5,,,0x0002,175,,,,,,idle2.pcapng
"Oct 12, 2023 17:21:42.859376",,45,,,,,,,,,,idle2.pcapng
"Oct 12, 2023 17:21:42.861317",,45,,,,,,,,,,idle2.pcapng
"Oct 12, 2023 17:21:42.865927",,45,,,,,,,,,,idle2.pcapng
"Oct 12, 2023 17:21:42.867751",0.001824,5,,,0x0002,176,,,,,,idle2.pcapng
"Oct 12, 2023 17:21:42.869447",,45,,,,,,,,,,idle2.pcapng
"Oct 12, 2023 17:21:42.871240",0.001793,5,,,0x0002,105,,,,,,idle2.pcapng
"Oct 12, 2023 17:21:42.874868",,45,,,,,,,,,,idle2.pcapng
"Oct 12, 2023 17:21:42.876651",0.001783,5,,,0x0002,106,,,,,,idle2.pcapng
"Oct 12, 2023 17:21:43.478166",0.601515,77,0x054f,0xffff,0x8841,40,0x054f,0xfffc,0x1209,,,idle2.pcapng
"Oct 12, 2023 17:21:43.616030",0.137864,74,0x09ac,0xffff,0x8841,111,0x09ac,0xfffc,0x1209,,,idle2.pcapng
"Oct 12, 2023 17:21:44.386762",0.770732,77,0xe694,0xffff,0x8841,20,0xe694,0xfffc,0x1209,,,idle2.pcapng
"Oct 12, 2023 17:21:45.219424",0.832662,71,0xc8f0,0xffff,0x8841,92,0xc8f0,0xfffc,0x1209,,,idle2.pcapng
"Oct 12, 2023 17:21:45.278589",0.059165,77,0x0000,0xffff,0x8841,177,0x0000,0xfffc,0x1209,,,idle2.pcapng
"Oct 12, 2023 17:21:45.821285",0.542696,12,0x2cae,0x482d,0x8863,30,,,,,,idle2.pcapng
"Oct 12, 2023 17:21:45.822052",0.000767,5,,,0x0002,30,,,,,,idle2.pcapng
"Oct 12, 2023 17:21:46.508319",0.686267,77,0x482d,0xffff,0x8841,152,0x482d,0xfffc,0x1209,,,idle2.pcapng
"Oct 12, 2023 17:21:48.949645",2.441326,74,0xa209,0xffff,0x8841,107,0xa209,0xfffc,0x1209,,,idle2.pcapng
"Oct 12, 2023 17:21:49.802022",,60,,,,,,,,,,idle2.pcapng
"Oct 12, 2023 17:21:49.804325",0.002303,5,,,0x0002,21,,,,,,idle2.pcapng
"Oct 12, 2023 17:21:49.846137",,50,,,,,,,,,,idle2.pcapng
"Oct 12, 2023 17:21:49.848078",0.001941,5,,,0x0002,178,,,,,,idle2.pcapng
"Oct 12, 2023 17:21:49.853260",,45,,,,,,,,,,idle2.pcapng
"Oct 12, 2023 17:21:49.855083",0.001823,5,,,0x0002,22,,,,,,idle2.pcapng
"Oct 12, 2023 17:21:50.557178",,50,,,,,,,,,,idle2.pcapng
"Oct 12, 2023 17:21:50.559161",0.001983,5,,,0x0002,179,,,,,,idle2.pcapng
"Oct 12, 2023 17:21:50.562598",0.003437,55,0x482d,0x0000,0x8861,153,0x482d,0x0000,0x1a09,,,idle2.pcapng
"Oct 12, 2023 17:21:50.564741",0.002143,5,,,0x0002,153,,,,,,idle2.pcapng
"Oct 12, 2023 17:21:50.610819",,53,,,,,,,,,,idle2.pcapng
"Oct 12, 2023 17:21:50.612898",0.002079,5,,,0x0002,154,,,,,,idle2.pcapng
"Oct 12, 2023 17:21:50.653667",,50,,,,,,,,,,idle2.pcapng
"Oct 12, 2023 17:21:50.655650",0.001983,5,,,0x0002,180,,,,,,idle2.pcapng
"Oct 12, 2023 17:21:50.659270",0.003620,55,0x482d,0x0000,0x8861,155,0x482d,0x0000,0x1a09,,,idle2.pcapng
"Oct 12, 2023 17:21:50.661413",0.002143,5,,,0x0002,155,,,,,,idle2.pcapng
"Oct 12, 2023 17:21:50.708983",0.047570,53,0x482d,0x0000,0x8861,156,,,,,,idle2.pcapng
"Oct 12, 2023 17:21:50.712518",,53,,,,,,,,,,idle2.pcapng
"Oct 12, 2023 17:21:50.714596",0.002078,5,,,0x0002,156,,,,,,idle2.pcapng
"Oct 12, 2023 17:21:50.875023",,52,,,,,,,,,,idle2.pcapng
"Oct 12, 2023 17:21:50.877070",0.002047,5,,,0x0002,58,,,,,,idle2.pcapng
"Oct 12, 2023 17:21:50.884153",0.007083,12,0x2cae,0x482d,0x8863,31,,,,,,idle2.pcapng
"Oct 12, 2023 17:21:50.884921",0.000768,5,,,0x0002,31,,,,,,idle2.pcapng
"Oct 12, 2023 17:21:55.156667",4.271746,68,0xebe5,0xffff,0x8841,100,0xebe5,0xfffc,0x1209,,,idle2.pcapng
"Oct 12, 2023 17:21:55.914495",0.757828,12,0x2cae,0x482d,0x8863,32,,,,,,idle2.pcapng
"Oct 12, 2023 17:21:55.915263",0.000768,5,,,0x0002,32,,,,,,idle2.pcapng
"Oct 12, 2023 17:21:56.131663",0.216400,77,0x82eb,0xffff,0x8841,59,0x82eb,0xfffc,0x1209,,,idle2.pcapng
"Oct 12, 2023 17:21:56.545119",0.413456,74,0x6e5f,0xffff,0x8841,107,0x6e5f,0xfffc,0x1209,,,idle2.pcapng
"Oct 12, 2023 17:21:56.716882",0.171763,77,0xe5c4,0xffff,0x8841,120,0xe5c4,0xfffc,0x1209,,,idle2.pcapng
"Oct 12, 2023 17:21:59.058303",2.341421,77,0x054f,0xffff,0x8841,41,0x054f,0xfffc,0x1209,,,idle2.pcapng
"Oct 12, 2023 17:21:59.423651",0.365348,77,0xe694,0xffff,0x8841,23,0xe694,0xfffc,0x1209,,,idle2.pcapng
"Oct 12, 2023 17:21:59.446006",0.022355,107,0x09ac,0xffff,0x886b,112,,,,,,idle2.pcapng
"Oct 12, 2023 17:22:00.283878",0.837872,77,0x0000,0xffff,0x8841,181,0x0000,0xfffc,0x1209,,,idle2.pcapng
"Oct 12, 2023 17:22:00.326605",0.042727,71,0xc8f0,0xffff,0x8841,93,0xc8f0,0xfffc,0x1209,,,idle2.pcapng
"Oct 12, 2023 17:22:00.742477",0.415872,77,0x482d,0xffff,0x8841,157,0x482d,0xfffc,0x1209,,,idle2.pcapng
"Oct 12, 2023 17:22:00.915320",0.172843,12,0x2cae,0x482d,0x8863,33,,,,,,idle2.pcapng
"Oct 12, 2023 17:22:00.916087",0.000767,5,,,0x0002,33,,,,,,idle2.pcapng
"Oct 12, 2023 17:22:05.299919",4.383832,74,0xa209,0xffff,0x8841,108,0xa209,0xfffc,0x1209,,,idle2.pcapng
"Oct 12, 2023 17:22:05.978012",0.678093,12,0x2cae,0x482d,0x8863,34,,,,,,idle2.pcapng
"Oct 12, 2023 17:22:05.978779",0.000767,5,,,0x0002,34,,,,,,idle2.pcapng
"Oct 12, 2023 17:22:10.223391",4.244612,68,0xebe5,0xffff,0x8841,101,0xebe5,0xfffc,0x1209,,,idle2.pcapng
"Oct 12, 2023 17:22:11.008789",0.785398,12,0x2cae,0x482d,0x8863,35,,,,,,idle2.pcapng
"Oct 12, 2023 17:22:11.123365",0.114576,77,0x82eb,0xffff,0x8841,60,0x82eb,0xfffc,0x1209,,,idle2.pcapng
"Oct 12, 2023 17:22:11.518367",0.395002,74,0x6e5f,0xffff,0x8841,108,0x6e5f,0xfffc,0x1209,,,idle2.pcapng
"Oct 12, 2023 17:22:12.222639",0.704272,77,0xe5c4,0xffff,0x8841,121,0xe5c4,0xfffc,0x1209,,,idle2.pcapng
"Oct 12, 2023 17:22:12.612103",,52,,,,,,,,,,idle2.pcapng
"Oct 12, 2023 17:22:12.614109",0.002006,5,,,0x0002,182,,,,,,idle2.pcapng
"Oct 12, 2023 17:22:12.622184",,63,,,,,,,,,,idle2.pcapng
"Oct 12, 2023 17:22:12.624583",0.002399,5,,,0x0002,24,,,,,,idle2.pcapng
"Oct 12, 2023 17:22:12.655650",,52,,,,,,,,,,idle2.pcapng
"Oct 12, 2023 17:22:12.657697",0.002047,5,,,0x0002,183,,,,,,idle2.pcapng
"Oct 12, 2023 17:22:12.661330",,52,,,,,,,,,,idle2.pcapng
"Oct 12, 2023 17:22:12.663348",0.002018,5,,,0x0002,158,,,,,,idle2.pcapng
"Oct 12, 2023 17:22:12.670959",0.007611,63,0x6e5f,0x0000,0x8861,109,,,,,,idle2.pcapng
"Oct 12, 2023 17:22:12.674072",,45,,,,,,,,,,idle2.pcapng
"Oct 12, 2023 17:22:12.675864",0.001792,5,,,0x0002,184,,,,,,idle2.pcapng
"Oct 12, 2023 17:22:12.681382",,63,,,,,,,,,,idle2.pcapng
"Oct 12, 2023 17:22:12.683781",0.002399,5,,,0x0002,109,,,,,,idle2.pcapng
"Oct 12, 2023 17:22:12.688094",,54,,,,,,,,,,idle2.pcapng
"Oct 12, 2023 17:22:12.690170",0.002076,5,,,0x0002,185,,,,,,idle2.pcapng
"Oct 12, 2023 17:22:12.697926",,66,,,,,,,,,,idle2.pcapng
"Oct 12, 2023 17:22:12.700421",0.002495,5,,,0x0002,25,,,,,,idle2.pcapng
"Oct 12, 2023 17:22:12.723942",,54,,,,,,,,,,idle2.pcapng
"Oct 12, 2023 17:22:12.726053",0.002111,5,,,0x0002,186,,,,,,idle2.pcapng
"Oct 12, 2023 17:22:12.730188",,54,,,,,,,,,,idle2.pcapng
"Oct 12, 2023 17:22:12.732268",0.002080,5,,,0x0002,159,,,,,,idle2.pcapng
"Oct 12, 2023 17:22:12.737140",,54,,,,,,,,,,idle2.pcapng
"Oct 12, 2023 17:22:12.739252",0.002112,5,,,0x0002,187,,,,,,idle2.pcapng
"Oct 12, 2023 17:22:12.740114",,66,,,,,,,,,,idle2.pcapng
"Oct 12, 2023 17:22:12.742609",0.002495,5,,,0x0002,110,,,,,,idle2.pcapng
"Oct 12, 2023 17:22:12.743416",,54,,,,,,,,,,idle2.pcapng
"Oct 12, 2023 17:22:12.745497",0.002081,5,,,0x0002,109,,,,,,idle2.pcapng
"Oct 12, 2023 17:22:12.753336",,66,,,,,,,,,,idle2.pcapng
"Oct 12, 2023 17:22:12.755831",0.002495,5,,,0x0002,94,,,,,,idle2.pcapng
"Oct 12, 2023 17:22:12.764484",,45,,,,,,,,,,idle2.pcapng
"Oct 12, 2023 17:22:12.766307",0.001823,5,,,0x0002,188,,,,,,idle2.pcapng
"Oct 12, 2023 17:22:12.770323",,45,,,,,,,,,,idle2.pcapng
"Oct 12, 2023 17:22:12.772117",0.001794,5,,,0x0002,160,,,,,,idle2.pcapng
"Oct 12, 2023 17:22:12.775610",,52,,,,,,,,,,idle2.pcapng
"Oct 12, 2023 17:22:12.777657",0.002047,5,,,0x0002,189,,,,,,idle2.pcapng
"Oct 12, 2023 17:22:12.781061",,52,,,,,,,,,,idle2.pcapng
"Oct 12, 2023 17:22:12.787365",,45,,,,,,,,,,idle2.pcapng
"Oct 12, 2023 17:22:12.789151",0.001786,5,,,0x0002,190,,,,,,idle2.pcapng
"Oct 12, 2023 17:22:12.790900",0.001749,63,0xc8f0,0x0000,0x8861,95,,,,,,idle2.pcapng
"Oct 12, 2023 17:22:12.794978",,45,,,,,,,,,,idle2.pcapng
"Oct 12, 2023 17:22:12.801312",0.006334,63,,,0x4651,109,,,,,,idle2.pcapng
"Oct 12, 2023 17:22:12.805062",,45,,,,,,,,,,idle2.pcapng
"Oct 12, 2023 17:22:12.809877",,45,,,,,,,,,,idle2.pcapng
"Oct 12, 2023 17:22:12.811701",0.001824,5,,,0x0002,191,,,,,,idle2.pcapng
"Oct 12, 2023 17:22:12.814318",,63,,,,,,,,,,idle2.pcapng
"Oct 12, 2023 17:22:12.816717",0.002399,5,,,0x0002,96,,,,,,idle2.pcapng
"Oct 12, 2023 17:22:12.818207",,45,,,,,,,,,,idle2.pcapng
"Oct 12, 2023 17:22:12.819990",0.001783,5,,,0x0002,161,,,,,,idle2.pcapng
"Oct 12, 2023 17:22:12.827098",,45,,,,,,,,,,idle2.pcapng
"Oct 12, 2023 17:22:12.828921",0.001823,5,,,0x0002,192,,,,,,idle2.pcapng
"Oct 12, 2023 17:22:12.833672",,45,,,,,,,,,,idle2.pcapng
"Oct 12, 2023 17:22:12.835465",0.001793,5,,,0x0002,111,,,,,,idle2.pcapng
"Oct 12, 2023 17:22:12.836110",,45,,,,,,,,,,idle2.pcapng
"Oct 12, 2023 17:22:12.837934",0.001824,5,,,0x0002,193,,,,,,idle2.pcapng
"Oct 12, 2023 17:22:12.841079",0.003145,45,0xa209,0xc8f0,0x8861,112,,,,,,idle2.pcapng
"Oct 12, 2023 17:22:12.842859",0.001780,5,,,0x0002,112,,,,,,idle2.pcapng
"Oct 12, 2023 17:22:13.723202",0.880343,74,0x09ac,0xffff,0x8841,113,0x09ac,0xfffc,0x1209,,,idle2.pcapng
"Oct 12, 2023 17:22:14.403510",0.680308,77,0xe694,0xffff,0x8841,26,0xe694,0xfffc,0x1209,,,idle2.pcapng
"Oct 12, 2023 17:22:14.424459",0.020949,77,0x0000,0xffff,0x8841,194,0x0000,0xfffc,0x1209,,,idle2.pcapng
"Oct 12, 2023 17:22:15.256180",0.831721,71,0xc8f0,0xffff,0x8841,97,0xc8f0,0xfffc,0x1209,,,idle2.pcapng
"Oct 12, 2023 17:22:15.761549",0.505369,77,0x054f,0xffff,0x8841,42,0x054f,0xfffc,0x1209,,,idle2.pcapng
"Oct 12, 2023 17:22:16.040575",0.279026,12,0x2cae,0x482d,0x8863,36,,,,,,idle2.pcapng
"Oct 12, 2023 17:22:16.041342",0.000767,5,,,0x0002,36,,,,,,idle2.pcapng
"Oct 12, 2023 17:22:16.570959",0.529617,107,0x482d,0xffff,0x886b,162,,,,,,idle2.pcapng
"Oct 12, 2023 17:22:17.574070",,60,,,,,,,,,,idle2.pcapng
"Oct 12, 2023 17:22:17.576373",0.002303,5,,,0x0002,98,,,,,,idle2.pcapng
"Oct 12, 2023 17:22:17.618346",,50,,,,,,,,,,idle2.pcapng
"Oct 12, 2023 17:22:17.620329",0.001983,5,,,0x0002,195,,,,,,idle2.pcapng
"Oct 12, 2023 17:22:17.623321",,50,,,,,,,,,,idle2.pcapng
"Oct 12, 2023 17:22:17.625262",0.001941,5,,,0x0002,113,,,,,,idle2.pcapng
"Oct 12, 2023 17:22:17.630383",,45,,,,,,,,,,idle2.pcapng
"Oct 12, 2023 17:22:17.632206",0.001823,5,,,0x0002,99,,,,,,idle2.pcapng
"Oct 12, 2023 17:22:20.051559",2.419353,74,0xa209,0xffff,0x8841,114,0xa209,0xfffc,0x1209,,,idle2.pcapng
"Oct 12, 2023 17:22:21.072016",1.020457,12,0x2cae,0x482d,0x8863,37,,,,,,idle2.pcapng
"Oct 12, 2023 17:22:21.072783",0.000767,5,,,0x0002,37,,,,,,idle2.pcapng
"Oct 12, 2023 17:22:25.203351",4.130568,68,0xebe5,0xffff,0x8841,102,0xebe5,0xfffc,0x1209,,,idle2.pcapng
"Oct 12, 2023 17:22:26.104361",0.901010,12,0x2cae,0x482d,0x8863,38,,,,,,idle2.pcapng
"Oct 12, 2023 17:22:26.105128",0.000767,5,,,0x0002,38,,,,,,idle2.pcapng
"Oct 12, 2023 17:22:26.127875",0.022747,77,0x82eb,0xffff,0x8841,61,0x82eb,0xfffc,0x1209,,,idle2.pcapng
"Oct 12, 2023 17:22:26.575571",0.447696,74,0x6e5f,0xffff,0x8841,111,0x6e5f,0xfffc,0x1209,,,idle2.pcapng
"Oct 12, 2023 17:22:27.490872",0.915301,89,0x09ac,0xffff,0x8859,114,,,,,,idle2.pcapng
"Oct 12, 2023 17:22:28.064957",0.574085,77,0xe5c4,0xffff,0x8841,122,0xe5c4,0xfffc,0x1209,,,idle2.pcapng
"Oct 12, 2023 17:22:29.349530",1.284573,77,0xe694,0xffff,0x8841,27,0xe694,0xfffc,0x1209,,,idle2.pcapng
"Oct 12, 2023 17:22:30.578631",1.229101,77,0x0000,0xffff,0x8841,196,0x0000,0xfffc,0x1209,,,idle2.pcapng
"Oct 12, 2023 17:22:31.135538",0.556907,12,0x2cae,0x482d,0x8863,39,,,,,,idle2.pcapng
"Oct 12, 2023 17:22:31.136305",0.000767,5,,,0x0002,39,,,,,,idle2.pcapng
"Oct 12, 2023 17:22:32.565839",1.429534,77,0x054f,0xffff,0x8841,43,0x054f,0xfffc,0x1209,,,idle2.pcapng
"Oct 12, 2023 17:22:34.671521",2.105682,102,0x482d,0xffff,0x8866,163,,,,,,idle2.pcapng
"Oct 12, 2023 17:22:36.168259",1.496738,12,0x2cae,0x482d,0x8863,40,,,,,,idle2.pcapng
"Oct 12, 2023 17:22:36.169027",0.000768,5,,,0x0002,40,,,,,,idle2.pcapng
"Oct 12, 2023 17:22:37.546361",1.377334,74,0xa209,0xffff,0x8841,115,0xa209,0xfffc,0x1209,,,idle2.pcapng
"Oct 12, 2023 17:22:40.212201",2.665840,68,0xebe5,0xffff,0x8841,103,0xebe5,0xfffc,0x1209,,,idle2.pcapng
"Oct 12, 2023 17:22:41.124698",0.912497,77,0x82eb,0xffff,0x8841,62,0x82eb,0xfffc,0x1209,,,idle2.pcapng
"Oct 12, 2023 17:22:41.198886",0.074188,12,0x2cae,0x482d,0x8863,41,,,,,,idle2.pcapng
"Oct 12, 2023 17:22:41.199653",0.000767,5,,,0x0002,41,,,,,,idle2.pcapng
"Oct 12, 2023 17:22:41.556209",0.356556,74,0x6e5f,0xffff,0x8841,112,0x6e5f,0xfffc,0x1209,,,idle2.pcapng
"Oct 12, 2023 17:22:41.693366",0.137157,74,0x09ac,0xffff,0x8841,115,0x09ac,0xfffc,0x1209,,,idle2.pcapng
"Oct 12, 2023 17:22:42.614977",,52,,,,,,,,,,idle2.pcapng
"Oct 12, 2023 17:22:42.616994",0.002017,5,,,0x0002,197,,,,,,idle2.pcapng
"Oct 12, 2023 17:22:42.624862",,63,,,,,,,,,,idle2.pcapng
"Oct 12, 2023 17:22:42.627261",0.002399,5,,,0x0002,28,,,,,,idle2.pcapng
"Oct 12, 2023 17:22:42.649628",,52,,,,,,,,,,idle2.pcapng
"Oct 12, 2023 17:22:42.651675",0.002047,5,,,0x0002,198,,,,,,idle2.pcapng
"Oct 12, 2023 17:22:42.655483",,52,,,,,,,,,,idle2.pcapng
"Oct 12, 2023 17:22:42.657488",0.002005,5,,,0x0002,164,,,,,,idle2.pcapng
"Oct 12, 2023 17:22:42.667579",0.010091,5,,,0x0002,113,,,,,,idle2.pcapng
"Oct 12, 2023 17:22:42.673758",,45,,,,,,,,,,idle2.pcapng
"Oct 12, 2023 17:22:42.675545",0.001787,5,,,0x0002,199,,,,,,idle2.pcapng
"Oct 12, 2023 17:22:42.695186",,54,,,,,,,,,,idle2.pcapng
"Oct 12, 2023 17:22:42.697267",0.002081,5,,,0x0002,200,,,,,,idle2.pcapng
"Oct 12, 2023 17:22:42.705041",,66,,,,,,,,,,idle2.pcapng
"Oct 12, 2023 17:22:42.707536",0.002495,5,,,0x0002,29,,,,,,idle2.pcapng
"Oct 12, 2023 17:22:42.708636",,54,,,,,,,,,,idle2.pcapng
"Oct 12, 2023 17:22:42.710747",0.002111,5,,,0x0002,201,,,,,,idle2.pcapng
"Oct 12, 2023 17:22:42.727422",0.016675,54,0x482d,0x6e5f,0x8861,165,,,,,,idle2.pcapng
"Oct 12, 2023 17:22:42.729501",0.002079,5,,,0x0002,165,,,,,,idle2.pcapng
"Oct 12, 2023 17:22:42.733718",,45,,,,,,,,,,idle2.pcapng
"Oct 12, 2023 17:22:42.735541",0.001823,5,,,0x0002,202,,,,,,idle2.pcapng
"Oct 12, 2023 17:22:42.737544",0.002003,107,0x6e5f,0x0000,0x886b,114,,,,,,idle2.pcapng
"Oct 12, 2023 17:22:42.740321",,54,,,,,,,,,,idle2.pcapng
"Oct 12, 2023 17:22:42.742432",0.002111,5,,,0x0002,203,,,,,,idle2.pcapng
"Oct 12, 2023 17:22:42.742709",,66,,,,,,,,,,idle2.pcapng
"Oct 12, 2023 17:22:42.745325",0.002616,45,0x482d,0x6e5f,0x8861,166,,,,,,idle2.pcapng
"Oct 12, 2023 17:22:42.747118",0.001793,5,,,0x0002,166,,,,,,idle2.pcapng
"Oct 12, 2023 17:22:42.748167",,54,,,,,,,,,,idle2.pcapng
"Oct 12, 2023 17:22:42.750247",0.002080,5,,,0x0002,116,,,,,,idle2.pcapng
"Oct 12, 2023 17:22:42.751253",,66,,,,,,,,,,idle2.pcapng
"Oct 12, 2023 17:22:42.753748",0.002495,5,,,0x0002,114,,,,,,idle2.pcapng
"Oct 12, 2023 17:22:42.758220",,66,,,,,,,,,,idle2.pcapng
"Oct 12, 2023 17:22:42.760715",0.002495,5,,,0x0002,101,,,,,,idle2.pcapng
"Oct 12, 2023 17:22:42.765857",,54,,,,,,,,,,idle2.pcapng
"Oct 12, 2023 17:22:42.767968",0.002111,5,,,0x0002,203,,,,,,idle2.pcapng
"Oct 12, 2023 17:22:42.786470",,45,,,,,,,,,,idle2.pcapng
"Oct 12, 2023 17:22:42.788263",0.001793,5,,,0x0002,204,,,,,,idle2.pcapng
"Oct 12, 2023 17:22:42.794110",,52,,,,,,,,,,idle2.pcapng
"Oct 12, 2023 17:22:42.796157",0.002047,5,,,0x0002,205,,,,,,idle2.pcapng
"Oct 12, 2023 17:22:42.800454",,52,,,,,,,,,,idle2.pcapng
"Oct 12, 2023 17:22:42.802460",0.002006,5,,,0x0002,117,,,,,,idle2.pcapng
"Oct 12, 2023 17:22:42.806689",,45,,,,,,,,,,idle2.pcapng
"Oct 12, 2023 17:22:42.808513",0.001824,5,,,0x0002,206,,,,,,idle2.pcapng
"Oct 12, 2023 17:22:42.810135",0.001622,63,0x98f0,0x0000,0x8861,102,,,,,,idle2.pcapng
"Oct 12, 2023 17:22:42.813979",0.003844,45,0x482d,0x6e5f,0x8861,167,,,,,,idle2.pcapng
"Oct 12, 2023 17:22:42.818867",,45,,,,,,,,,,idle2.pcapng
"Oct 12, 2023 17:22:42.820525",0.001658,63,0xc6f0,0x3000,0x8861,102,,,,,,idle2.pcapng
"Oct 12, 2023 17:22:42.823049",,45,,,,,,,,,,idle2.pcapng
"Oct 12, 2023 17:22:42.825817",,63,,,,,,,,,,idle2.pcapng
"Oct 12, 2023 17:22:42.828216",0.002399,5,,,0x0002,102,,,,,,idle2.pcapng
"Oct 12, 2023 17:22:42.831937",0.003721,45,0xa209,0xc8f0,0x8861,118,,,,,,idle2.pcapng
"Oct 12, 2023 17:22:42.834869",,45,,,,,,,,,,idle2.pcapng
"Oct 12, 2023 17:22:42.836805",,45,,,,,,,,,,idle2.pcapng
"Oct 12, 2023 17:22:42.841851",,45,,,,,,,,,,idle2.pcapng
"Oct 12, 2023 17:22:42.843674",0.001823,5,,,0x0002,207,,,,,,idle2.pcapng
"Oct 12, 2023 17:22:42.847762",,45,,,,,,,,,,idle2.pcapng
"Oct 12, 2023 17:22:42.849585",0.001823,5,,,0x0002,208,,,,,,idle2.pcapng
"Oct 12, 2023 17:22:42.852861",,45,,,,,,,,,,idle2.pcapng
"Oct 12, 2023 17:22:42.866117",,45,,,,,,,,,,idle2.pcapng
"Oct 12, 2023 17:22:42.867911",0.001794,5,,,0x0002,168,,,,,,idle2.pcapng
"Oct 12, 2023 17:22:44.197001",,50,,,,,,,,,,idle2.pcapng
"Oct 12, 2023 17:22:44.198984",0.001983,5,,,0x0002,209,,,,,,idle2.pcapng
"Oct 12, 2023 17:22:44.203313",0.004329,55,0xa209,0x0000,0x8861,120,0xa209,0x0000,0x1a09,,,idle2.pcapng
"Oct 12, 2023 17:22:44.205456",0.002143,5,,,0x0002,120,,,,,,idle2.pcapng
"Oct 12, 2023 17:22:44.252011",,53,,,,,,,,,,idle2.pcapng
"Oct 12, 2023 17:22:44.254090",0.002079,5,,,0x0002,121,,,,,,idle2.pcapng
"Oct 12, 2023 17:22:44.294036",,50,,,,,,,,,,idle2.pcapng
"Oct 12, 2023 17:22:44.296020",0.001984,5,,,0x0002,210,,,,,,idle2.pcapng
"Oct 12, 2023 17:22:44.301662",0.005642,55,0xa209,0x0000,0x8861,122,0xa209,0x0000,0x1a09,,,idle2.pcapng
"Oct 12, 2023 17:22:44.303804",0.002142,5,,,0x0002,122,,,,,,idle2.pcapng
"Oct 12, 2023 17:22:44.357980",,53,,,,,,,,,,idle2.pcapng
"Oct 12, 2023 17:22:44.360059",0.002079,5,,,0x0002,123,,,,,,idle2.pcapng
"Oct 12, 2023 17:22:44.404512",0.044453,77,0xe694,0xffff,0x8841,30,0xe694,0xfffc,0x1209,,,idle2.pcapng
"Oct 12, 2023 17:22:45.023304",0.618792,77,0xe5c4,0xffff,0x8841,123,0xe5c4,0xfffc,0x1209,,,idle2.pcapng
"Oct 12, 2023 17:22:45.243162",0.219858,71,0xc8f0,0xffff,0x8841,103,0xc8f0,0xfffc,0x1209,,,idle2.pcapng
"Oct 12, 2023 17:22:45.865545",0.622383,77,0x0000,0xffff,0x8841,211,0x0000,0xfffc,0x1209,,,idle2.pcapng
"Oct 12, 2023 17:22:46.228938",0.363393,12,0x2cae,0x482d,0x8863,42,,,,,,idle2.pcapng
"Oct 12, 2023 17:22:46.229705",0.000767,5,,,0x0002,42,,,,,,idle2.pcapng
"Oct 12, 2023 17:22:46.469398",0.239693,107,,,,,,,,,,idle2.pcapng
"Oct 12, 2023 17:22:49.979716",3.510318,77,0x054f,0xffff,0x8841,44,0x054f,0xfffc,0x1209,,,idle2.pcapng
"Oct 12, 2023 17:22:51.262233",1.282517,12,0x2cae,0x482d,0x8863,43,,,,,,idle2.pcapng
"Oct 12, 2023 17:22:51.263000",0.000767,5,,,0x0002,43,,,,,,idle2.pcapng
"Oct 12, 2023 17:22:52.373876",1.110876,107,0x482d,0xffff,0x886b,169,,,,,,idle2.pcapng
"Oct 12, 2023 17:22:52.922201",0.548325,69,,,0x0045,136,,,,,,idle2.pcapng
"Oct 12, 2023 17:22:55.133909",2.211708,68,0xebe5,0xffff,0x8841,104,0xebe5,0xfffc,0x1209,,,idle2.pcapng
"Oct 12, 2023 17:22:56.122167",0.988258,77,0x82eb,0xffff,0x8841,63,0x82eb,0xfffc,0x1209,,,idle2.pcapng
"Oct 12, 2023 17:22:56.292689",0.170522,12,0x2cae,0x482d,0x8863,44,,,,,,idle2.pcapng
"Oct 12, 2023 17:22:56.580199",0.287510,74,0x6e5f,0xffff,0x8841,115,0x6e5f,0xfffc,0x1209,,,idle2.pcapng
"Oct 12, 2023 17:22:59.287257",2.707058,74,0x09ac,0xffff,0x8841,116,0x09ac,0xfffc,0x1209,,,idle2.pcapng
"Oct 12, 2023 17:22:59.455364",0.168107,77,0xe694,0xffff,0x8841,31,0xe694,0xfffc,0x1209,,,idle2.pcapng
"Oct 12, 2023 17:23:00.241129",0.785765,71,0xc8f0,0xffff,0x8841,104,0xc8f0,0xfffc,0x1209,,,idle2.pcapng
"Oct 12, 2023 17:23:01.324186",1.083057,12,0x2cae,0x482d,0x8863,45,,,,,,idle2.pcapng
"Oct 12, 2023 17:23:01.324952",0.000766,5,,,0xd002,45,,,,,,idle2.pcapng
"Oct 12, 2023 17:23:01.505051",0.180099,77,0x0000,0xffff,0x8841,212,0x0000,0xfffc,0x1209,,,idle2.pcapng
"Oct 12, 2023 17:23:02.247568",0.742517,77,0xe5c4,0xffff,0x8841,124,0xe5c4,0xfffc,0x1209,,,idle2.pcapng
"Oct 12, 2023 17:23:05.698160",3.450592,77,0x054f,0xffff,0x8841,45,0x054f,0xfffc,0x1209,,,idle2.pcapng
"Oct 12, 2023 17:23:06.324635",0.626475,12,0x2cae,0x482d,0x8863,46,,,,,,idle2.pcapng
"Oct 12, 2023 17:23:06.325402",0.000767,5,,,0x0002,46,,,,,,idle2.pcapng
"Oct 12, 2023 17:23:07.033692",0.708290,107,0x482d,0xffff,0x886b,170,,,,,,idle2.pcapng
"Oct 12, 2023 17:23:10.173705",3.140013,68,0xebe5,0xffff,0x8841,105,0xebe5,0xfffc,0x1209,,,idle2.pcapng
"Oct 12, 2023 17:23:11.134032",0.960327,77,0x82eb,0xffff,0x8841,64,0x82eb,0xfffc,0x1209,,,idle2.pcapng
"Oct 12, 2023 17:23:11.386748",0.252716,12,0x2cae,0x482d,0x8863,47,,,,,,idle2.pcapng
"Oct 12, 2023 17:23:11.387516",0.000768,5,,,0x0002,47,,,,,,idle2.pcapng
"Oct 12, 2023 17:23:11.624000",0.236484,74,0x6e5f,0xffff,0x8841,116,0x6e5f,0xfffc,0x1209,,,idle2.pcapng
"Oct 12, 2023 17:23:12.619463",,52,,,,,,,,,,idle2.pcapng
"Oct 12, 2023 17:23:12.621479",0.002016,5,,,0x0002,213,,,,,,idle2.pcapng
"Oct 12, 2023 17:23:12.629280",,63,,,,,,,,,,idle2.pcapng
"Oct 12, 2023 17:23:12.631679",0.002399,5,,,0x0002,32,,,,,,idle2.pcapng
"Oct 12, 2023 17:23:12.663165",,52,,,,,,,,,,idle2.pcapng
"Oct 12, 2023 17:23:12.665212",0.002047,5,,,0x0002,214,,,,,,idle2.pcapng
"Oct 12, 2023 17:23:12.669510",0.004298,52,0x482d,0x6e5f,0x8861,171,,,,,,idle2.pcapng
"Oct 12, 2023 17:23:12.671526",0.002016,5,,,0x0002,171,,,,,,idle2.pcapng
"Oct 12, 2023 17:23:12.679188",,63,,,,,,,,,,idle2.pcapng
"Oct 12, 2023 17:23:12.681586",0.002398,5,,,0x0002,117,,,,,,idle2.pcapng
"Oct 12, 2023 17:23:12.686625",,45,,,,,,,,,,idle2.pcapng
"Oct 12, 2023 17:23:12.688418",0.001793,5,,,0x0002,215,,,,,,idle2.pcapng
"Oct 12, 2023 17:23:12.702676",,54,,,,,,,,,,idle2.pcapng
"Oct 12, 2023 17:23:12.704745",0.002069,5,,,0x0002,216,,,,,,idle2.pcapng
"Oct 12, 2023 17:23:12.712656",,66,,,,,,,,,,idle2.pcapng
"Oct 12, 2023 17:23:12.715151",0.002495,5,,,0x0002,33,,,,,,idle2.pcapng
"Oct 12, 2023 17:23:12.716077",,54,,,,,,,,,,idle2.pcapng
"Oct 12, 2023 17:23:12.718187",0.002110,5,,,0x0002,217,,,,,,idle2.pcapng
"Oct 12, 2023 17:23:12.723631",0.005444,5,,,0x0002,172,,,,,,idle2.pcapng
"Oct 12, 2023 17:23:12.731320",,66,,,,,,,,,,idle2.pcapng
"Oct 12, 2023 17:23:12.733815",0.002495,5,,,0x0002,118,,,,,,idle2.pcapng
"Oct 12, 2023 17:23:12.752237",,45,,,,,,,,,,idle2.pcapng
"Oct 12, 2023 17:23:12.754060",0.001823,5,,,0x0002,218,,,,,,idle2.pcapng
"Oct 12, 2023 17:23:12.756395",,45,,,,,,,,,,idle2.pcapng
"Oct 12, 2023 17:23:12.758188",0.001793,5,,,0x0002,173,,,,,,idle2.pcapng
"Oct 12, 2023 17:23:12.759301",,54,,,,,,,,,,idle2.pcapng
"Oct 12, 2023 17:23:12.761412",0.002111,5,,,0x0002,219,,,,,,idle2.pcapng
"Oct 12, 2023 17:23:12.770365",0.008953,5,,,0x0002,126,,,,,,idle2.pcapng
"Oct 12, 2023 17:23:12.771990",,45,,,,,,,,,,idle2.pcapng
"Oct 12, 2023 17:23:12.773783",0.001793,5,,,0x0002,220,,,,,,idle2.pcapng
"Oct 12, 2023 17:23:12.778100",,66,,,,,,,,,,idle2.pcapng
"Oct 12, 2023 17:23:12.780595",0.002495,5,,,0x0002,105,,,,,,idle2.pcapng
"Oct 12, 2023 17:23:12.782266",,52,,,,,,,,,,idle2.pcapng
"Oct 12, 2023 17:23:12.784314",0.002048,5,,,0x0002,221,,,,,,idle2.pcapng
"Oct 12, 2023 17:23:12.786990",,52,,,,,,,,,,idle2.pcapng
"Oct 12, 2023 17:23:12.789006",0.002016,5,,,0x0002,127,,,,,,idle2.pcapng
"Oct 12, 2023 17:23:12.796778",,63,,,,,,,,,,idle2.pcapng
"Oct 12, 2023 17:23:12.799177",0.002399,5,,,0x0002,106,,,,,,idle2.pcapng
"Oct 12, 2023 17:23:12.805516",,45,,,,,,,,,,idle2.pcapng
"Oct 12, 2023 17:23:12.807339",0.001823,5,,,0x0002,222,,,,,,idle2.pcapng
"Oct 12, 2023 17:23:12.811069",0.003730,45,0x482d,0x6e5f,0x8861,174,,,,,,idle2.pcapng
"Oct 12, 2023 17:23:12.815409",,45,,,,,,,,,,idle2.pcapng
"Oct 12, 2023 17:23:12.817232",0.001823,5,,,0x0002,223,,,,,,idle2.pcapng
"Oct 12, 2023 17:23:12.820021",,45,,,,,,,,,,idle2.pcapng
"Oct 12, 2023 17:23:12.821802",0.001781,5,,,0x0002,240,,,,,,idle2.pcapng
"Oct 12, 2023 17:23:12.824721",,45,,,,,,,,,,idle2.pcapng
"Oct 12, 2023 17:23:12.828861",,45,,,,,,,,,,idle2.pcapng
"Oct 12, 2023 17:23:12.830642",0.001781,5,,,0x0002,129,,,,,,idle2.pcapng
"Oct 12, 2023 17:23:12.835137",0.004495,45,0x482d,0x6e5f,0x8861,174,,,,,,idle2.pcapng
"Oct 12, 2023 17:23:12.836919",0.001782,5,,,0x0002,174,,,,,,idle2.pcapng
"Oct 12, 2023 17:23:14.270017",,52,,,,,,,,,,idle2.pcapng
"Oct 12, 2023 17:23:14.272064",0.002047,5,,,0x0002,46,,,,,,idle2.pcapng
"Oct 12, 2023 17:23:14.285649",,45,,,,,,,,,,idle2.pcapng
"Oct 12, 2023 17:23:14.287441",0.001792,5,,,0x0002,225,,,,,,idle2.pcapng
"Oct 12, 2023 17:23:14.291285",,45,,,,,,,,,,idle2.pcapng
"Oct 12, 2023 17:23:14.293095",0.001810,5,,,0x0002,34,,,,,,idle2.pcapng
"Oct 12, 2023 17:23:14.311874",,50,,,,,,,,,,idle2.pcapng
"Oct 12, 2023 17:23:14.313815",0.001941,5,,,0x0002,226,,,,,,idle2.pcapng
"Oct 12, 2023 17:23:14.317617",,50,,,,,,,,,,idle2.pcapng
"Oct 12, 2023 17:23:14.319586",0.001969,5,,,0x0002,35,,,,,,idle2.pcapng
"Oct 12, 2023 17:23:14.321500",,45,,,,,,,,,,idle2.pcapng
"Oct 12, 2023 17:23:14.323322",0.001822,5,,,0x0002,47,,,,,,idle2.pcapng
"Oct 12, 2023 17:23:14.450766",0.127444,77,0xe694,0xffff,0x8841,36,0xe694,0xfffc,0x1209,,,idle2.pcapng
"Oct 12, 2023 17:23:15.053968",,52,,,,,,,,,,idle2.pcapng
"Oct 12, 2023 17:23:15.056015",0.002047,5,,,0x0002,48,,,,,,idle2.pcapng
"Oct 12, 2023 17:23:15.070268",,45,,,,,,,,,,idle2.pcapng
"Oct 12, 2023 17:23:15.072055",0.001787,5,,,0x0002,227,,,,,,idle2.pcapng
"Oct 12, 2023 17:23:15.075839",,45,,,,,,,,,,idle2.pcapng
"Oct 12, 2023 17:23:15.077648",0.001809,5,,,0x0002,37,,,,,,idle2.pcapng
"Oct 12, 2023 17:23:15.097346",,50,,,,,,,,,,idle2.pcapng
"Oct 12, 2023 17:23:15.099297",0.001951,5,,,0x0002,228,,,,,,idle2.pcapng
"Oct 12, 2023 17:23:15.103164",,50,,,,,,,,,,idle2.pcapng
"Oct 12, 2023 17:23:15.105133",0.001969,5,,,0x0002,38,,,,,,idle2.pcapng
"Oct 12, 2023 17:23:15.108341",,45,,,,,,,,,,idle2.pcapng
"Oct 12, 2023 17:23:15.110163",0.001822,5,,,0x0002,49,,,,,,idle2.pcapng
"Oct 12, 2023 17:23:15.244649",,54,,,,,,,,,,idle2.pcapng
"Oct 12, 2023 17:23:15.246747",0.002098,5,,,0x0002,229,,,,,,idle2.pcapng
"Oct 12, 2023 17:23:15.250003",,54,,,,,,,,,,idle2.pcapng
"Oct 12, 2023 17:23:15.252114",0.002111,5,,,0x0002,50,,,,,,idle2.pcapng
"Oct 12, 2023 17:23:15.256879",0.004765,55,0xe5c4,0x054f,0x8861,125,0xe5c4,0x0000,0x1a09,,,idle2.pcapng
"Oct 12, 2023 17:23:15.259008",0.002129,5,,,0x0002,125,,,,,,idle2.pcapng
"Oct 12, 2023 17:23:15.261344",0.002336,57,0x054f,0x0000,0x8861,51,0xe5c4,0x0000,0x1a09,,,idle2.pcapng
"Oct 12, 2023 17:23:15.263551",0.002207,5,,,0x0002,51,,,,,,idle2.pcapng
"Oct 12, 2023 17:23:15.282867",0.019316,71,0xc8f0,0xffff,0x8841,107,0xc8f0,0xfffc,0x1209,,,idle2.pcapng
"Oct 12, 2023 17:23:15.304827",,53,,,,,,,,,,idle2.pcapng
"Oct 12, 2023 17:23:15.306893",0.002066,5,,,0x0002,126,,,,,,idle2.pcapng
"Oct 12, 2023 17:23:15.310121",,53,,,,,,,,,,idle2.pcapng
"Oct 12, 2023 17:23:15.312199",0.002078,5,,,0x0002,52,,,,,,idle2.pcapng
"Oct 12, 2023 17:23:15.351624",,54,,,,,,,,,,idle2.pcapng
"Oct 12, 2023 17:23:15.353722",0.002098,5,,,0x0002,230,,,,,,idle2.pcapng
"Oct 12, 2023 17:23:15.357289",,54,,,,,,,,,,idle2.pcapng
"Oct 12, 2023 17:23:15.359400",0.002111,5,,,0x0002,53,,,,,,idle2.pcapng
"Oct 12, 2023 17:23:15.365128",0.005728,55,0xe5c4,0x054f,0x8861,127,0xe5c4,0x0000,0x1a09,,,idle2.pcapng
"Oct 12, 2023 17:23:15.367258",0.002130,5,,,0x0002,127,,,,,,idle2.pcapng
"Oct 12, 2023 17:23:15.370545",0.003287,57,0x054f,0x0000,0x8861,54,0xe5c4,0x0000,0x1a09,,,idle2.pcapng
"Oct 12, 2023 17:23:15.372751",0.002206,5,,,0x0002,54,,,,,,idle2.pcapng
"Oct 12, 2023 17:23:15.412206",,53,,,,,,,,,,idle2.pcapng
"Oct 12, 2023 17:23:15.414271",0.002065,5,,,0x0002,128,,,,,,idle2.pcapng
"Oct 12, 2023 17:23:15.416215",,53,,,,,,,,,,idle2.pcapng
"Oct 12, 2023 17:23:15.418293",0.002078,5,,,0x0002,55,,,,,,idle2.pcapng
"Oct 12, 2023 17:23:15.527197",0.108904,74,0x09ac,0xffff,0x8841,117,0x09ac,0xfffc,0x1209,,,idle2.pcapng
"Oct 12, 2023 17:23:16.334115",0.806918,77,0xe5c4,0xffff,0x8841,129,0xe5c4,0xfffc,0x1209,,,idle2.pcapng
"Oct 12, 2023 17:23:16.418189",0.084074,12,0x2cae,0x482d,0x8863,48,,,,,,idle2.pcapng
"Oct 12, 2023 17:23:16.418957",0.000768,5,,,0x0002,48,,,,,,idle2.pcapng
"Oct 12, 2023 17:23:18.103318",1.684361,77,0x0000,0xffff,0x8841,231,0x0000,0xfffc,0x1209,,,idle2.pcapng
"Oct 12, 2023 17:23:21.449895",3.346577,12,0x2cae,0x482d,0x8863,49,,,,,,idle2.pcapng
"Oct 12, 2023 17:23:21.450662",0.000767,5,,,0x0002,49,,,,,,idle2.pcapng
"Oct 12, 2023 17:23:22.824479",1.373817,77,0x054f,0xffff,0x8841,56,0x054f,0xfffc,0x1209,,,idle2.pcapng
"Oct 12, 2023 17:23:24.052395",1.227916,74,0xa209,0xffff,0x8841,130,0xa209,0xfffc,0x1209,,,idle2.pcapng
"Oct 12, 2023 17:23:25.227551",1.175156,68,0xebe5,0xffff,0x8841,106,0xebe5,0xfffc,0x1209,,,idle2.pcapng
"Oct 12, 2023 17:23:26.129314",0.901763,77,0x82eb,0xffff,0x8841,65,0x82eb,0xfffc,0x1209,,,idle2.pcapng
"Oct 12, 2023 17:23:26.513253",0.383939,12,0x2cae,0x482d,0x8863,50,,,,,,idle2.pcapng
"Oct 12, 2023 17:23:26.514020",0.000767,5,,,0x0002,50,,,,,,idle2.pcapng
"Oct 12, 2023 17:23:26.608158",0.094138,74,0x6e5f,0xffff,0x8841,119,0x6e5f,0xfffc,0x1209,,,idle2.pcapng
"Oct 12, 2023 17:23:29.387705",2.779547,77,0xe694,0xffff,0x8841,39,0xe694,0xfffc,0x1209,,,idle2.pcapng
"Oct 12, 2023 17:23:30.313248",0.925543,71,0xc8f0,0xffff,0x8841,108,0xc8f0,0xfffc,0x1209,,,idle2.pcapng
"Oct 12, 2023 17:23:31.544755",1.231507,12,0x2cae,0x482d,0x8863,51,,,,,,idle2.pcapng
"Oct 12, 2023 17:23:31.545523",0.000768,5,,,0x0002,51,,,,,,idle2.pcapng
"Oct 12, 2023 17:23:33.467851",1.922328,77,0xe5c4,0xffff,0x8841,130,0xe5c4,0xfffc,0x1209,,,idle2.pcapng
"Oct 12, 2023 17:23:35.207316",1.739465,77,0x0000,0xffff,0x8841,232,0x0000,0xfffc,0x1209,,,idle2.pcapng
"Oct 12, 2023 17:23:36.575351",1.368035,12,0x2cae,0x482d,0x8863,52,,,,,,idle2.pcapng
"Oct 12, 2023 17:23:36.576118",0.000767,5,,,0x0002,52,,,,,,idle2.pcapng
"Oct 12, 2023 17:23:37.762605",1.186487,107,0x482d,0xffff,0x886b,176,,,,,,idle2.pcapng
"Oct 12, 2023 17:23:39.532799",1.770194,107,0x054f,0xffff,0x886b,57,,,,,,idle2.pcapng
"Oct 12, 2023 17:23:40.209704",0.676905,68,0xebe5,0xffff,0x8841,107,0xebe5,0xfffc,0x1209,,,idle2.pcapng
"Oct 12, 2023 17:23:41.129343",0.919639,77,0x82eb,0xffff,0x8841,66,0x82eb,0xfffc,0x1209,,,idle2.pcapng
"Oct 12, 2023 17:23:41.456071",0.326728,71,0xa209,0xffff,0x8841,131,0xa209,0xfffc,0x1209,,,idle2.pcapng
"Oct 12, 2023 17:23:41.606013",0.149942,12,0x2cae,0x482d,0x8863,53,,,,,,idle2.pcapng
"Oct 12, 2023 17:23:41.606781",0.000768,5,,,0x0002,53,,,,,,idle2.pcapng
"Oct 12, 2023 17:23:42.622946",,52,,,,,,,,,,idle2.pcapng
"Oct 12, 2023 17:23:42.624963",0.002017,5,,,0x0002,233,,,,,,idle2.pcapng
"Oct 12, 2023 17:23:42.632990",,63,,,,,,,,,,idle2.pcapng
"Oct 12, 2023 17:23:42.635389",0.002399,5,,,0x0002,40,,,,,,idle2.pcapng
"Oct 12, 2023 17:23:42.657340",,52,,,,,,,,,,idle2.pcapng
"Oct 12, 2023 17:23:42.669109",,45,,,,,,,,,,idle2.pcapng
"Oct 12, 2023 17:23:42.670902",0.001793,5,,,0x0002,235,,,,,,idle2.pcapng
"Oct 12, 2023 17:23:42.673772",,63,,,,,,,,,,idle2.pcapng
"Oct 12, 2023 17:23:42.676171",0.002399,5,,,0x0002,121,,,,,,idle2.pcapng
"Oct 12, 2023 17:23:42.685749",,54,,,,,,,,,,idle2.pcapng
"Oct 12, 2023 17:23:42.687831",0.002082,5,,,0x0002,236,,,,,,idle2.pcapng
"Oct 12, 2023 17:23:42.696055",,66,,,,,,,,,,idle2.pcapng
"Oct 12, 2023 17:23:42.698550",0.002495,5,,,0x0002,41,,,,,,idle2.pcapng
"Oct 12, 2023 17:23:42.717848",,54,,,,,,,,,,idle2.pcapng
"Oct 12, 2023 17:23:42.719959",0.002111,5,,,0x0002,237,,,,,,idle2.pcapng
"Oct 12, 2023 17:23:42.728399",0.008440,54,0x482d,0x6e5f,0x8861,178,,,,,,idle2.pcapng
"Oct 12, 2023 17:23:42.730476",0.002077,5,,,0x0002,178,,,,,,idle2.pcapng
"Oct 12, 2023 17:23:42.733589",,45,,,,,,,,,,idle2.pcapng
"Oct 12, 2023 17:23:42.735412",0.001823,5,,,0x0002,238,,,,,,idle2.pcapng
"Oct 12, 2023 17:23:42.738465",,66,,,,,,,,,,idle2.pcapng
"Oct 12, 2023 17:23:42.740960",0.002495,5,,,0x0002,122,,,,,,idle2.pcapng
"Oct 12, 2023 17:23:42.741685",0.000725,45,,,0x7861,119,,,,,,idle2.pcapng
"Oct 12, 2023 17:23:42.746221",,54,,,,,,,,,,idle2.pcapng
"Oct 12, 2023 17:23:42.748332",0.002111,5,,,0x0002,239,,,,,,idle2.pcapng
"Oct 12, 2023 17:23:42.748889",,66,,,,,,,,,,idle2.pcapng
"Oct 12, 2023 17:23:42.751384",0.002495,5,,,0x0002,122,,,,,,idle2.pcapng
"Oct 12, 2023 17:23:42.752832",,54,,,,,,,,,,idle2.pcapng
"Oct 12, 2023 17:23:42.754901",0.002069,5,,,0x0002,132,,,,,,idle2.pcapng
"Oct 12, 2023 17:23:42.758456",,45,,,,,,,,,,idle2.pcapng
"Oct 12, 2023 17:23:42.760250",0.001794,5,,,0x0002,179,,,,,,idle2.pcapng
"Oct 12, 2023 17:23:42.765146",0.004896,5,,,0x0002,109,,,,,,idle2.pcapng
"Oct 12, 2023 17:23:42.774796",,45,,,,,,,,,,idle2.pcapng
"Oct 12, 2023 17:23:42.776588",0.001792,5,,,0x0002,240,,,,,,idle2.pcapng
"Oct 12, 2023 17:23:42.782325",,52,,,,,,,,,,idle2.pcapng
"Oct 12, 2023 17:23:42.784372",0.002047,5,,,0x0002,241,,,,,,idle2.pcapng
"Oct 12, 2023 17:23:42.790042",,52,,,,,,,,,,idle2.pcapng
"Oct 12, 2023 17:23:42.792049",0.002007,5,,,0x0002,133,,,,,,idle2.pcapng
"Oct 12, 2023 17:23:42.799804",,63,,,,,,,,,,idle2.pcapng
"Oct 12, 2023 17:23:42.802203",0.002399,5,,,0x0002,110,,,,,,idle2.pcapng
"Oct 12, 2023 17:23:42.805006",,45,,,,,,,,,,idle2.pcapng
"Oct 12, 2023 17:23:42.806830",0.001824,5,,,0x0002,242,,,,,,idle2.pcapng
"Oct 12, 2023 17:23:42.810447",,45,,,,,,,,,,idle2.pcapng
"Oct 12, 2023 17:23:42.812238",0.001791,5,,,0x0002,180,,,,,,idle2.pcapng
"Oct 12, 2023 17:23:42.817182",,45,,,,,,,,,,idle2.pcapng
"Oct 12, 2023 17:23:42.819005",0.001823,5,,,0x0002,243,,,,,,idle2.pcapng
"Oct 12, 2023 17:23:42.822971",,45,,,,,,,,,,idle2.pcapng
"Oct 12, 2023 17:23:42.824762",0.001791,5,,,0x0002,134,,,,,,idle2.pcapng
"Oct 12, 2023 17:23:42.828108",,45,,,,,,,,,,idle2.pcapng
"Oct 12, 2023 17:23:42.829931",0.001823,5,,,0x0002,244,,,,,,idle2.pcapng
"Oct 12, 2023 17:23:42.833239",,45,,,,,,,,,,idle2.pcapng
"Oct 12, 2023 17:23:42.835027",0.001788,5,,,0x0002,135,,,,,,idle2.pcapng
"Oct 12, 2023 17:23:42.969934",0.134907,74,0x09ac,0xffff,0x8841,119,0x09ac,0xfffc,0x1209,,,idle2.pcapng
"Oct 12, 2023 17:23:44.488745",1.518811,77,0xe694,0xffff,0x8841,42,0xe694,0xfffc,0x1209,,,idle2.pcapng
"Oct 12, 2023 17:23:45.363307",0.874562,71,0xc8f0,0xffff,0x8841,111,0xc8f0,0xfffc,0x1209,,,idle2.pcapng
"Oct 12, 2023 17:23:46.669660",1.306353,12,0x2cae,0x482d,0x8863,54,,,,,,idle2.pcapng
"Oct 12, 2023 17:23:46.670427",0.000767,5,,,0x0002,54,,,,,,idle2.pcapng
"Oct 12, 2023 17:23:49.461098",2.790671,77,0x0000,0xffff,0x8841,245,0x0000,0xfffc,0x1209,,,idle2.pcapng
"Oct 12, 2023 17:23:51.553565",2.092467,77,0xe5c4,0xffff,0x8841,131,0xe5c4,0xfffc,0x1209,,,idle2.pcapng
"Oct 12, 2023 17:23:51.701040",0.147475,12,0x2cae,0x482d,0x8863,55,,,,,,idle2.pcapng
"Oct 12, 2023 17:23:51.701808",0.000768,5,,,0x0002,55,,,,,,idle2.pcapng
"Oct 12, 2023 17:23:53.927428",2.225620,77,0x482d,0xffff,0x8841,181,0x482d,0xfffc,0x1209,,,idle2.pcapng
"Oct 12, 2023 17:23:55.150517",1.223089,68,0xebe5,0xffff,0x8841,108,0xebe5,0xfffc,0x1209,,,idle2.pcapng
"Oct 12, 2023 17:23:56.133532",0.983015,77,0x82eb,0xffff,0x8841,67,0x82eb,0xfffc,0x1209,,,idle2.pcapng
"Oct 12, 2023 17:23:56.211875",0.078343,71,0xa209,0xffff,0x8841,136,0xa209,0xfffc,0x1209,,,idle2.pcapng
"Oct 12, 2023 17:23:56.235419",0.023544,77,0x054f,0xffff,0x8841,58,0x054f,0xfffc,0x1209,,,idle2.pcapng
"Oct 12, 2023 17:23:56.528849",0.293430,74,0x6e5f,0xffff,0x8841,123,0x6e5f,0xfffc,0x1209,,,idle2.pcapng
"Oct 12, 2023 17:23:56.732863",0.204014,12,0x2cae,0x482d,0x8863,56,,,,,,idle2.pcapng
"Oct 12, 2023 17:23:56.733630",0.000767,5,,,0x0002,56,,,,,,idle2.pcapng
"Oct 12, 2023 17:23:57.137225",0.403595,74,0x09ac,0xffff,0x8841,120,0x09ac,0xfffc,0x1209,,,idle2.pcapng
"Oct 12, 2023 17:23:59.393584",2.256359,77,0xe694,0xffff,0x8841,43,0xe694,0xfffc,0x1209,,,idle2.pcapng
"Oct 12, 2023 17:24:00.352424",0.958840,71,0xc8f0,0xffff,0x8841,112,0xc8f0,0xfffc,0x1209,,,idle2.pcapng
"Oct 12, 2023 17:24:01.762999",1.410575,12,0x2cae,0x482d,0x8863,57,,,,,,idle2.pcapng
"Oct 12, 2023 17:24:01.763766",0.000767,5,,,0x0002,57,,,,,,idle2.pcapng
"Oct 12, 2023 17:24:04.478601",2.714835,77,0x0000,0xffff,0x8841,246,0x0000,0xfffc,0x1209,,,idle2.pcapng
"Oct 12, 2023 17:24:06.826067",2.347466,12,0x2cae,0x482d,0x8863,58,,,,,,idle2.pcapng
"Oct 12, 2023 17:24:07.293135",,59,,,,,,,,,,idle2.pcapng
"Oct 12, 2023 17:24:07.295406",0.002271,5,,,0x0002,59,,,,,,idle2.pcapng
"Oct 12, 2023 17:24:07.310125",,45,,,,,,,,,,idle2.pcapng
"Oct 12, 2023 17:24:07.311918",0.001793,5,,,0x0002,247,,,,,,idle2.pcapng
"Oct 12, 2023 17:24:07.315901",,45,,,,,,,,,,idle2.pcapng
"Oct 12, 2023 17:24:07.317710",0.001809,5,,,0x0002,44,,,,,,idle2.pcapng
"Oct 12, 2023 17:24:07.340234",,49,,,,,,,,,,idle2.pcapng
"Oct 12, 2023 17:24:07.342154",0.001920,5,,,0x0002,248,,,,,,idle2.pcapng
"Oct 12, 2023 17:24:07.346024",,49,,,,,,,,,,idle2.pcapng
"Oct 12, 2023 17:24:07.347962",0.001938,5,,,0x0002,45,,,,,,idle2.pcapng
"Oct 12, 2023 17:24:07.353849",,45,,,,,,,,,,idle2.pcapng
"Oct 12, 2023 17:24:07.358193",,45,,,,,,,,,,idle2.pcapng
"Oct 12, 2023 17:24:07.360016",0.001823,5,,,0x0002,60,,,,,,idle2.pcapng
"Oct 12, 2023 17:24:09.346067",1.986051,77,0xe5c4,0xffff,0x8841,132,0xe5c4,0xfffc,0x1209,,,idle2.pcapng
"Oct 12, 2023 17:24:10.156060",0.809993,68,0xebe5,0xffff,0x8841,109,0xebe5,0xfffc,0x1209,,,idle2.pcapng
"Oct 12, 2023 17:24:11.143160",0.987100,77,0x82eb,0xffff,0x8841,68,0x82eb,0xfffc,0x1209,,,idle2.pcapng
"Oct 12, 2023 17:24:11.283486",0.140326,77,0x482d,0xffff,0x8841,182,0x482d,0xfffc,0x1209,,,idle2.pcapng
"Oct 12, 2023 17:24:11.627755",0.344269,74,0x6e5f,0xffff,0x8841,124,0x6e5f,0xfffc,0x1209,,,idle2.pcapng
"Oct 12, 2023 17:24:11.857164",0.229409,12,0x2cae,0x482d,0x8863,59,,,,,,idle2.pcapng
"Oct 12, 2023 17:24:11.857930",0.000766,5,,,0x0002,59,,,,,,idle2.pcapng
"Oct 12, 2023 17:24:12.487248",0.629318,74,0xa209,0xffff,0x8841,137,0xa209,0xfffc,0x1209,,,idle2.pcapng
"Oct 12, 2023 17:24:12.624793",,52,,,,,,,,,,idle2.pcapng
"Oct 12, 2023 17:24:12.626810",0.002017,5,,,0x0002,249,,,,,,idle2.pcapng
"Oct 12, 2023 17:24:12.634768",,63,,,,,,,,,,idle2.pcapng
"Oct 12, 2023 17:24:12.637167",0.002399,5,,,0x0002,46,,,,,,idle2.pcapng
"Oct 12, 2023 17:24:12.660214",,52,,,,,,,,,,idle2.pcapng
"Oct 12, 2023 17:24:12.662261",0.002047,5,,,0x0002,250,,,,,,idle2.pcapng
"Oct 12, 2023 17:24:12.670869",,45,,,,,,,,,,idle2.pcapng
"Oct 12, 2023 17:24:12.672651",0.001782,5,,,0x0002,251,,,,,,idle2.pcapng
"Oct 12, 2023 17:24:12.677203",,54,,,,,,,,,,idle2.pcapng
"Oct 12, 2023 17:24:12.679283",0.002080,5,,,0x0002,252,,,,,,idle2.pcapng
"Oct 12, 2023 17:24:12.682926",,52,,,,,,,,,,idle2.pcapng
"Oct 12, 2023 17:24:12.684944",0.002018,5,,,0x0002,183,,,,,,idle2.pcapng
"Oct 12, 2023 17:24:12.687205",,66,,,,,,,,,,idle2.pcapng
"Oct 12, 2023 17:24:12.689700",0.002495,5,,,0x0002,47,,,,,,idle2.pcapng
"Oct 12, 2023 17:24:12.692888",,63,,,,,,,,,,idle2.pcapng
"Oct 12, 2023 17:24:12.695286",0.002398,5,,,0x0002,125,,,,,,idle2.pcapng
"Oct 12, 2023 17:24:12.712811",,54,,,,,,,,,,idle2.pcapng
"Oct 12, 2023 17:24:12.714922",0.002111,5,,,0x0002,253,,,,,,idle2.pcapng
"Oct 12, 2023 17:24:12.718136",,54,,,,,,,,,,idle2.pcapng
"Oct 12, 2023 17:24:12.720217",0.002081,5,,,0x0002,184,,,,,,idle2.pcapng
"Oct 12, 2023 17:24:12.728178",0.007961,107,0x6e5f,0x0000,0x886b,126,,,,,,idle2.pcapng
"Oct 12, 2023 17:24:12.733333",0.005155,84,0x6e5f,0x0000,0x8854,126,,,,,,idle2.pcapng
"Oct 12, 2023 17:24:12.736532",,45,,,,,,,,,,idle2.pcapng
"Oct 12, 2023 17:24:12.738325",0.001793,5,,,0x0002,254,,,,,,idle2.pcapng
"Oct 12, 2023 17:24:12.738611",,66,,,,,,,,,,idle2.pcapng
"Oct 12, 2023 17:24:12.743864",,66,,,,,,,,,,idle2.pcapng
"Oct 12, 2023 17:24:12.746359",0.002495,5,,,0x0002,126,,,,,,idle2.pcapng
"Oct 12, 2023 17:24:12.753553",,54,,,,,,,,,,idle2.pcapng
"Oct 12, 2023 17:24:12.755664",0.002111,5,,,0x0002,255,,,,,,idle2.pcapng
"Oct 12, 2023 17:24:12.758193",,54,,,,,,,,,,idle2.pcapng
"Oct 12, 2023 17:24:12.760262",0.002069,5,,,0x0002,138,,,,,,idle2.pcapng
"Oct 12, 2023 17:24:12.767820",,45,,,,,,,,,,idle2.pcapng
"Oct 12, 2023 17:24:12.773185",,66,,,,,,,,,,idle2.pcapng
"Oct 12, 2023 17:24:12.775680",0.002495,5,,,0x0002,113,,,,,,idle2.pcapng
"Oct 12, 2023 17:24:12.779709",,45,,,,,,,,,,idle2.pcapng
"Oct 12, 2023 17:24:12.781533",0.001824,5,,,0x0002,0,,,,,,idle2.pcapng
"Oct 12, 2023 17:24:12.785797",0.004264,45,0x482d,0x6e5f,0x8841,185,,,,,,idle2.pcapng
"Oct 12, 2023 17:24:12.787588",0.001791,5,,,0x0002,185,,,,,,idle2.pcapng
"Oct 12, 2023 17:24:12.792938",,52,,,,,,,,,,idle2.pcapng
"Oct 12, 2023 17:24:12.794986",0.002048,5,,,0x0002,1,,,,,,idle2.pcapng
"Oct 12, 2023 17:24:12.799044",0.004058,52,0xa209,0xc8f0,0x8861,139,,,,,,idle2.pcapng
"Oct 12, 2023 17:24:12.805414",,45,,,,,,,,,,idle2.pcapng
"Oct 12, 2023 17:24:12.807237",0.001823,5,,,0x0002,2,,,,,,idle2.pcapng
"Oct 12, 2023 17:24:12.808950",0.001713,63,0xc8f0,0x0000,0x8861,114,,,,,,idle2.pcapng
"Oct 12, 2023 17:24:12.813118",0.004168,45,0x482d,0x6e5f,0x8861,186,,,,,,idle2.pcapng
"Oct 12, 2023 17:24:12.816994",,45,,,,,,,,,,idle2.pcapng
"Oct 12, 2023 17:24:12.818785",0.001791,5,,,0x0002,186,,,,,,idle2.pcapng
"Oct 12, 2023 17:24:12.819344",,63,,,,,,,,,,idle2.pcapng
"Oct 12, 2023 17:24:12.821743",0.002399,5,,,0x0002,114,,,,,,idle2.pcapng
"Oct 12, 2023 17:24:12.825893",,45,,,,,,,,,,idle2.pcapng
"Oct 12, 2023 17:24:12.827716",0.001823,5,,,0x0002,3,,,,,,idle2.pcapng
"Oct 12, 2023 17:24:12.831740",,45,,,,,,,,,,idle2.pcapng
"Oct 12, 2023 17:24:12.833534",0.001794,5,,,0x0002,140,,,,,,idle2.pcapng
"Oct 12, 2023 17:24:12.838238",,45,,,,,,,,,,idle2.pcapng
"Oct 12, 2023 17:24:12.840061",0.001823,5,,,0x0002,4,,,,,,idle2.pcapng
"Oct 12, 2023 17:24:12.844309",0.004248,45,0xa209,0xc8f0,0x8861,141,,,,,,idle2.pcapng
"Oct 12, 2023 17:24:12.846101",0.001792,5,,,0x0002,141,,,,,,idle2.pcapng
"Oct 12, 2023 17:24:13.400499",0.554398,77,0x054f,0xffff,0x8841,61,0x054f,0xfffc,0x1209,,,idle2.pcapng
"Oct 12, 2023 17:24:14.442910",1.042411,77,0xe694,0xffff,0x8841,48,0xe694,0xfffc,0x1209,,,idle2.pcapng
"Oct 12, 2023 17:24:14.869453",0.426543,74,0x09ac,0xffff,0x8841,121,0x09ac,0xfffc,0x1209,,,idle2.pcapng
"Oct 12, 2023 17:24:15.298209",0.428756,71,0xc8f0,0xffff,0x8841,115,0xc8f0,0xfffc,0x1209,,,idle2.pcapng
"Oct 12, 2023 17:24:16.890138",1.591929,12,0x2cae,0x482d,0x8863,60,,,,,,idle2.pcapng
"Oct 12, 2023 17:24:16.890905",0.000767,5,,,0x0002,60,,,,,,idle2.pcapng
"Oct 12, 2023 17:24:18.463119",1.572214,77,0x0000,0xffff,0x8841,5,0x0000,0xfffc,0x1209,,,idle2.pcapng
"Oct 12, 2023 17:24:21.920016",3.456897,12,0x2cae,0x482d,0x8863,61,,,,,,idle2.pcapng
"Oct 12, 2023 17:24:21.920783",0.000767,5,,,0x0002,61,,,,,,idle2.pcapng
"Oct 12, 2023 17:24:24.956056",,60,,,,,,,,,,idle2.pcapng
"Oct 12, 2023 17:24:24.958359",0.002303,5,,,0x0002,49,,,,,,idle2.pcapng
"Oct 12, 2023 17:24:24.999869",,50,,,,,,,,,,idle2.pcapng
"Oct 12, 2023 17:24:25.001823",0.001954,5,,,0x0002,6,,,,,,idle2.pcapng
"Oct 12, 2023 17:24:25.007304",,45,,,,,,,,,,idle2.pcapng
"Oct 12, 2023 17:24:25.009127",0.001823,5,,,0x0002,50,,,,,,idle2.pcapng
"Oct 12, 2023 17:24:25.219838",0.210711,68,0xebe5,0xffff,0x8841,110,0xebe5,0xfffc,0x1209,,,idle2.pcapng
"Oct 12, 2023 17:24:25.843892",0.624054,77,0xe5c4,0xffff,0x8841,133,0xe5c4,0xfffc,0x1209,,,idle2.pcapng
"Oct 12, 2023 17:24:26.017440",0.173548,77,0x482d,0xffff,0x8841,187,0x482d,0xfffc,0x1209,,,idle2.pcapng
"Oct 12, 2023 17:24:26.128788",0.111348,77,0x82eb,0xffff,0x8841,69,0x82eb,0xfffc,0x1209,,,idle2.pcapng
"Oct 12, 2023 17:24:26.533729",0.404941,74,0x6e5f,0xffff,0x8841,127,0x6e5f,0xfffc,0x1209,,,idle2.pcapng
"Oct 12, 2023 17:24:26.983698",0.449969,12,0x2cae,0x482d,0x8863,62,,,,,,idle2.pcapng
"Oct 12, 2023 17:24:26.984465",0.000767,5,,,0x0002,62,,,,,,idle2.pcapng
"Oct 12, 2023 17:24:27.023004",0.038539,74,0xa209,0xffff,0x8841,142,0xa209,0xfffc,0x1209,,,idle2.pcapng
"Oct 12, 2023 17:24:29.490027",2.467023,77,0xe694,0xffff,0x8841,51,0xe694,0xfffc,0x1209,,,idle2.pcapng
"Oct 12, 2023 17:24:30.368939",0.878912,71,0xc8f0,0xffff,0x8841,116,0xc8f0,0xfffc,0x1209,,,idle2.pcapng
"Oct 12, 2023 17:24:31.235942",0.867003,77,0x054f,0xffff,0x8841,62,0x054f,0xfffc,0x1209,,,idle2.pcapng
"Oct 12, 2023 17:24:31.984173",0.748231,12,0x2cae,0x482d,0x8863,63,,,,,,idle2.pcapng
"Oct 12, 2023 17:24:32.524900",0.540727,74,0x09ac,0xffff,0x8841,122,0x09ac,0xfffc,0x1209,,,idle2.pcapng
"Oct 12, 2023 17:24:33.422221",,60,,,,,,,,,,idle2.pcapng
"Oct 12, 2023 17:24:33.424523",0.002302,5,,,0x0002,128,,,,,,idle2.pcapng
"Oct 12, 2023 17:24:33.464265",,50,,,,,,,,,,idle2.pcapng
"Oct 12, 2023 17:24:33.469654",0.005389,50,0x482d,0x6e5f,0x8861,188,,,,,,idle2.pcapng
"Oct 12, 2023 17:24:33.471605",0.001951,5,,,0x0002,188,,,,,,idle2.pcapng
"Oct 12, 2023 17:24:33.476932",,45,,,,,,,,,,idle2.pcapng
"Oct 12, 2023 17:24:33.478755",0.001823,5,,,0x0002,129,,,,,,idle2.pcapng
"Oct 12, 2023 17:24:35.977297",2.498542,77,0x0000,0xffff,0x8841,8,0x0000,0xfffc,0x1209,,,idle2.pcapng
"Oct 12, 2023 17:24:37.016635",1.039338,12,0x2cae,0x482d,0x8863,64,,,,,,idle2.pcapng
"Oct 12, 2023 17:24:37.017402",0.000767,5,,,0x0002,64,,,,,,idle2.pcapng
"Oct 12, 2023 17:24:40.140738",3.123336,68,0xebe5,0xffff,0x8841,111,0xebe5,0xfffc,0x1209,,,idle2.pcapng
"Oct 12, 2023 17:24:41.135536",0.994798,77,0x82eb,0xffff,0x8841,70,0x82eb,0xfffc,0x1209,,,idle2.pcapng
"Oct 12, 2023 17:24:41.381498",0.245962,77,0xe5c4,0xffff,0x8841,134,0xe5c4,0xfffc,0x1209,,,idle2.pcapng
"Oct 12, 2023 17:24:41.537866",0.156368,74,0x6e5f,0xffff,0x8841,130,0x6e5f,0xfffc,0x1209,,,idle2.pcapng
"Oct 12, 2023 17:24:42.047350",0.509484,12,0x2cae,0x482d,0x8863,65,,,,,,idle2.pcapng
"Oct 12, 2023 17:24:42.048117",0.000767,5,,,0x0002,65,,,,,,idle2.pcapng
"Oct 12, 2023 17:24:42.629000",,52,,,,,,,,,,idle2.pcapng
"Oct 12, 2023 17:24:42.631005",0.002005,5,,,0x0002,9,,,,,,idle2.pcapng
"Oct 12, 2023 17:24:42.639197",,63,,,,,,,,,,idle2.pcapng
"Oct 12, 2023 17:24:42.641596",0.002399,5,,,0x0002,52,,,,,,idle2.pcapng
"Oct 12, 2023 17:24:42.663363",,52,,,,,,,,,,idle2.pcapng
"Oct 12, 2023 17:24:42.665410",0.002047,5,,,0x0002,10,,,,,,idle2.pcapng
"Oct 12, 2023 17:24:42.679192",,63,,,,,,,,,,idle2.pcapng
"Oct 12, 2023 17:24:42.681591",0.002399,5,,,0x0002,131,,,,,,idle2.pcapng
"Oct 12, 2023 17:24:42.682558",,45,,,,,,,,,,idle2.pcapng
"Oct 12, 2023 17:24:42.684350",0.001792,5,,,0x0002,11,,,,,,idle2.pcapng
"Oct 12, 2023 17:24:42.707315",,54,,,,,,,,,,idle2.pcapng
"Oct 12, 2023 17:24:42.709395",0.002080,5,,,0x0002,12,,,,,,idle2.pcapng
"Oct 12, 2023 17:24:42.717736",,66,,,,,,,,,,idle2.pcapng
"Oct 12, 2023 17:24:42.720231",0.002495,5,,,0x0002,53,,,,,,idle2.pcapng
"Oct 12, 2023 17:24:42.729651",,45,,,,,,,,,,idle2.pcapng
"Oct 12, 2023 17:24:42.731475",0.001824,5,,,0x0002,13,,,,,,idle2.pcapng
"Oct 12, 2023 17:24:42.734532",,45,,,,,,,,,,idle2.pcapng
"Oct 12, 2023 17:24:42.736324",0.001792,5,,,0x0002,191,,,,,,idle2.pcapng
"Oct 12, 2023 17:24:42.742750",,54,,,,,,,,,,idle2.pcapng
"Oct 12, 2023 17:24:42.744862",0.002112,5,,,0x0002,14,,,,,,idle2.pcapng
"Oct 12, 2023 17:24:42.749641",,54,,,,,,,,,,idle2.pcapng
"Oct 12, 2023 17:24:42.751722",0.002081,5,,,0x0002,192,,,,,,idle2.pcapng
"Oct 12, 2023 17:24:42.754935",,54,,,,,,,,,,idle2.pcapng
"Oct 12, 2023 17:24:42.757046",0.002111,5,,,0x0002,15,,,,,,idle2.pcapng
"Oct 12, 2023 17:24:42.759692",,66,,,,,,,,,,idle2.pcapng
"Oct 12, 2023 17:24:42.762187",0.002495,5,,,0x0002,132,,,,,,idle2.pcapng
"Oct 12, 2023 17:24:42.774756",0.012569,5,,,0x0002,143,,,,,,idle2.pcapng
"Oct 12, 2023 17:24:42.778269",,52,,,,,,,,,,idle2.pcapng
"Oct 12, 2023 17:24:42.780316",0.002047,5,,,0x0002,16,,,,,,idle2.pcapng
"Oct 12, 2023 17:24:42.782661",0.002345,107,,,,,,,,,,idle2.pcapng
"Oct 12, 2023 17:24:42.786731",,52,,,,,,,,,,idle2.pcapng
"Oct 12, 2023 17:24:42.788739",0.002008,5,,,0x0002,144,,,,,,idle2.pcapng
"Oct 12, 2023 17:24:42.801613",,63,,,,,,,,,,idle2.pcapng
"Oct 12, 2023 17:24:42.804012",0.002399,5,,,0x0002,118,,,,,,idle2.pcapng
"Oct 12, 2023 17:24:42.807163",,45,,,,,,,,,,idle2.pcapng
"Oct 12, 2023 17:24:42.808945",0.001782,5,,,0x0002,17,,,,,,idle2.pcapng
"Oct 12, 2023 17:24:42.820651",,45,,,,,,,,,,idle2.pcapng
"Oct 12, 2023 17:24:42.822474",0.001823,5,,,0x0002,18,,,,,,idle2.pcapng
"Oct 12, 2023 17:24:42.827111",,45,,,,,,,,,,idle2.pcapng
"Oct 12, 2023 17:24:42.828902",0.001791,5,,,0x0002,193,,,,,,idle2.pcapng
"Oct 12, 2023 17:24:42.832009",,45,,,,,,,,,,idle2.pcapng
"Oct 12, 2023 17:24:42.833832",0.001823,5,,,0x0002,19,,,,,,idle2.pcapng
"Oct 12, 2023 17:24:42.837421",,45,,,,,,,,,,idle2.pcapng
"Oct 12, 2023 17:24:42.839214",0.001793,5,,,0x0002,145,,,,,,idle2.pcapng
"Oct 12, 2023 17:24:42.840151",,45,,,,,,,,,,idle2.pcapng
"Oct 12, 2023 17:24:42.841974",0.001823,5,,,0x0002,20,,,,,,idle2.pcapng
"Oct 12, 2023 17:24:42.845626",,45,,,,,,,,,,idle2.pcapng
"Oct 12, 2023 17:24:42.847419",0.001793,5,,,0x0002,146,,,,,,idle2.pcapng
"Oct 12, 2023 17:24:43.254295",0.406876,74,0xa209,0xffff,0x8841,147,0xa209,0xfffc,0x1209,,,idle2.pcapng
"Oct 12, 2023 17:24:43.981830",,55,,,,,,,,,,idle2.pcapng
"Oct 12, 2023 17:24:43.983944",0.002114,5,,,0x0002,126,,,,,,idle2.pcapng
"Oct 12, 2023 17:24:43.987666",,55,,,,,,,,,,idle2.pcapng
"Oct 12, 2023 17:24:43.989809",0.002143,5,,,0x0002,54,,,,,,idle2.pcapng
"Oct 12, 2023 17:24:44.490049",0.500240,77,0xe694,0xffff,0x8841,55,0xe694,0xfffc,0x1209,,,idle2.pcapng
"Oct 12, 2023 17:24:45.314677",0.824628,71,0xc8f0,0xffff,0x8841,119,0xc8f0,0xfffc,0x1209,,,idle2.pcapng
"Oct 12, 2023 17:24:47.078527",1.763850,12,0x2cae,0x482d,0x8863,66,,,,,,idle2.pcapng
"Oct 12, 2023 17:24:47.079294",0.000767,5,,,0x0002,66,,,,,,idle2.pcapng
"Oct 12, 2023 17:24:48.703560",1.624266,77,0x054f,0xffff,0x8841,63,0x054f,0xfffc,0x1209,,,idle2.pcapng
"Oct 12, 2023 17:24:50.560758",1.857198,77,0x0000,0xffff,0x8841,21,0x0000,0xfffc,0x1209,,,idle2.pcapng
"Oct 12, 2023 17:24:52.110577",1.549819,12,0x2cae,0x482d,0x8863,67,,,,,,idle2.pcapng
"Oct 12, 2023 17:24:52.111345",0.000768,5,,,0x0002,67,,,,,,idle2.pcapng
"Oct 12, 2023 17:24:55.243478",3.132133,68,0xebe5,0xffff,0x8841,112,0xebe5,0xfffc,0x1209,,,idle2.pcapng
"Oct 12, 2023 17:24:56.134604",0.891126,77,0x82eb,0xffff,0x8841,71,0x82eb,0xfffc,0x1209,,,idle2.pcapng
"Oct 12, 2023 17:24:56.636569",0.501965,74,0x6e5f,0xffff,0x8841,133,0x6e5f,0xfffc,0x1209,,,idle2.pcapng
"Oct 12, 2023 17:24:57.140564",0.503995,12,0x2cae,0x482d,0x8863,68,,,,,,idle2.pcapng
"Oct 12, 2023 17:24:57.141331",0.000767,5,,,0x0002,68,,,,,,idle2.pcapng
"Oct 12, 2023 17:24:57.163690",0.022359,77,0xe5c4,0xffff,0x8841,135,0xe5c4,0xfffc,0x1209,,,idle2.pcapng
"Oct 12, 2023 17:24:57.930243",0.766553,105,0x482d,0xffff,0x8869,194,,,,,,idle2.pcapng
"Oct 12, 2023 17:24:58.383966",0.453723,74,0xa209,0xffff,0x8841,148,0xa209,0xfffc,0x1209,,,idle2.pcapng
"Oct 12, 2023 17:24:59.481097",1.097131,77,0xe694,0xffff,0x8841,56,0xe694,0xfffc,0x1209,,,idle2.pcapng
"Oct 12, 2023 17:25:00.380394",0.899297,71,0xc8f0,0xffff,0x8841,120,0xc8f0,0xfffc,0x1209,,,idle2.pcapng
"Oct 12, 2023 17:25:00.811229",,60,,,,,,,,,,idle2.pcapng
"Oct 12, 2023 17:25:00.813532",0.002303,5,,,0x0002,121,,,,,,idle2.pcapng
"Oct 12, 2023 17:25:00.853322",,50,,,,,,,,,,idle2.pcapng
"Oct 12, 2023 17:25:00.855304",0.001982,5,,,0x0002,22,,,,,,idle2.pcapng
"Oct 12, 2023 17:25:00.857988",0.002684,50,0xa209,0xc8f0,0x8861,149,,,,,,idle2.pcapng
"Oct 12, 2023 17:25:00.862332",,50,,,,,,,,,,idle2.pcapng
"Oct 12, 2023 17:25:00.864280",0.001948,5,,,0x0002,149,,,,,,idle2.pcapng
"Oct 12, 2023 17:25:00.869569",,45,,,,,,,,,,idle2.pcapng
"Oct 12, 2023 17:25:00.871392",0.001823,5,,,0x0002,122,,,,,,idle2.pcapng
"Oct 12, 2023 17:25:02.173811",1.302419,12,0x2cae,0x482d,0x8863,69,,,,,,idle2.pcapng
"Oct 12, 2023 17:25:04.592658",2.418847,77,0x054f,0xffff,0x8841,64,0x054f,0xfffc,0x1209,,,idle2.pcapng
"Oct 12, 2023 17:25:05.437780",0.845122,107,0x09ac,0xffff,0x886b,124,,,,,,idle2.pcapng
"Oct 12, 2023 17:25:07.204612",1.766832,12,0x2cae,0x482d,0x8863,70,,,,,,idle2.pcapng
"Oct 12, 2023 17:25:07.205379",0.000767,5,,,0x0002,70,,,,,,idle2.pcapng
"Oct 12, 2023 17:25:07.771674",0.566295,77,0x0000,0xffff,0x8841,23,0x0000,0xfffc,0x1209,,,idle2.pcapng
"Oct 12, 2023 17:25:10.145190",2.373516,68,0xebe5,0xffff,0x8841,113,0xebe5,0xfffc,0x1209,,,idle2.pcapng
"Oct 12, 2023 17:25:11.140392",0.995202,77,0x82eb,0xffff,0x8841,72,0x82eb,0xfffc,0x1209,,,idle2.pcapng
"Oct 12, 2023 17:25:11.590475",0.450083,74,0x6e5f,0xffff,0x8841,134,0x6e5f,0xfffc,0x1209,,,idle2.pcapng
"Oct 12, 2023 17:25:12.235388",0.644913,12,0x2cae,0x482d,0x8863,71,,,,,,idle2.pcapng
"Oct 12, 2023 17:25:12.236155",0.000767,5,,,0x0002,71,,,,,,idle2.pcapng
"Oct 12, 2023 17:25:12.628762",,52,,,,,,,,,,idle2.pcapng
"Oct 12, 2023 17:25:12.630778",0.002016,5,,,0x0002,24,,,,,,idle2.pcapng
"Oct 12, 2023 17:25:12.638581",,63,,,,,,,,,,idle2.pcapng
"Oct 12, 2023 17:25:12.640980",0.002399,5,,,0x0002,57,,,,,,idle2.pcapng
"Oct 12, 2023 17:25:12.664877",,52,,,,,,,,,,idle2.pcapng
"Oct 12, 2023 17:25:12.666925",0.002048,5,,,0x0002,25,,,,,,idle2.pcapng
"Oct 12, 2023 17:25:12.671580",,52,,,,,,,,,,idle2.pcapng
"Oct 12, 2023 17:25:12.681282",,63,,,,,,,,,,idle2.pcapng
"Oct 12, 2023 17:25:12.685648",,45,,,,,,,,,,idle2.pcapng
"Oct 12, 2023 17:25:12.687431",0.001783,5,,,0x0002,26,,,,,,idle2.pcapng
"Oct 12, 2023 17:25:12.691711",,63,,,,,,,,,,idle2.pcapng
"Oct 12, 2023 17:25:12.694110",0.002399,5,,,0x0002,135,,,,,,idle2.pcapng
"Oct 12, 2023 17:25:12.696490",,54,,,,,,,,,,idle2.pcapng
"Oct 12, 2023 17:25:12.698569",0.002079,5,,,0x0002,27,,,,,,idle2.pcapng
"Oct 12, 2023 17:25:12.704714",0.006145,63,0x6e5f,0x0000,0x8861,136,,,,,,idle2.pcapng
"Oct 12, 2023 17:25:12.709840",0.005126,63,0x6e5f,0x0000,0x8861,136,,,,,,idle2.pcapng
"Oct 12, 2023 17:25:12.715100",0.005260,63,0x6e5f,0x0000,0x8861,136,,,,,,idle2.pcapng
"Oct 12, 2023 17:25:12.720385",0.005285,63,0x6e5f,0x0000,0x8861,136,,,,,,idle2.pcapng
"Oct 12, 2023 17:25:12.725681",,54,,,,,,,,,,idle2.pcapng
"Oct 12, 2023 17:25:12.727792",0.002111,5,,,0x0002,28,,,,,,idle2.pcapng
"Oct 12, 2023 17:25:12.728089",0.000297,63,0x6e5f,0x0000,0x8861,137,,,,,,idle2.pcapng
"Oct 12, 2023 17:25:12.732620",0.004531,5,,,0x0002,59,,,,,,idle2.pcapng
"Oct 12, 2023 17:25:12.733217",0.000597,63,0x6e5f,0x0000,0x8861,137,,,,,,idle2.pcapng
"Oct 12, 2023 17:25:12.740516",,66,,,,,,,,,,idle2.pcapng
"Oct 12, 2023 17:25:12.743781",0.003265,63,0x6e5f,0x0000,0x8861,137,,,,,,idle2.pcapng
"Oct 12, 2023 17:25:12.748303",0.004522,5,,,0x0002,59,,,,,,idle2.pcapng
"Oct 12, 2023 17:25:12.753901",0.005598,5,,,0x0002,138,,,,,,idle2.pcapng
"Oct 12, 2023 17:25:12.755069",,45,,,,,,,,,,idle2.pcapng
"Oct 12, 2023 17:25:12.756892",0.001823,5,,,0x0002,29,,,,,,idle2.pcapng
"Oct 12, 2023 17:25:12.759591",,54,,,,,,,,,,idle2.pcapng
"Oct 12, 2023 17:25:12.761670",0.002079,5,,,0x0002,196,,,,,,idle2.pcapng
"Oct 12, 2023 17:25:12.763729",0.002059,45,0x482d,0x6e5f,0x8861,197,,,,,,idle2.pcapng
"Oct 12, 2023 17:25:12.765517",0.001788,5,,,0x0002,197,,,,,,idle2.pcapng
"Oct 12, 2023 17:25:12.770534",,54,,,,,,,,,,idle2.pcapng
"Oct 12, 2023 17:25:12.772603",0.002069,84,0x6e5f,0x0000,0x8854,139,,,,,,idle2.pcapng
"Oct 12, 2023 17:25:12.783099",0.010496,55,,,,,,,,,,idle2.pcapng
"Oct 12, 2023 17:25:12.788389",0.005290,63,,,0xe83f,139,,,,,,idle2.pcapng
"Oct 12, 2023 17:25:12.790884",0.002495,5,,,0x0002,139,,,,,,idle2.pcapng
"Oct 12, 2023 17:25:12.792633",,54,,,,,,,,,,idle2.pcapng
"Oct 12, 2023 17:25:12.794744",0.002111,5,,,0x0002,30,,,,,,idle2.pcapng
"Oct 12, 2023 17:25:12.796167",0.001423,107,0xc8f0,0x0000,0x886b,123,,,,,,idle2.pcapng
"Oct 12, 2023 17:25:12.801321",,66,,,,,,,,,,idle2.pcapng
"Oct 12, 2023 17:25:12.803816",0.002495,5,,,0x0002,123,,,,,,idle2.pcapng
"Oct 12, 2023 17:25:12.821871",,52,,,,,,,,,,idle2.pcapng
"Oct 12, 2023 17:25:12.823919",0.002048,5,,,0x0002,31,,,,,,idle2.pcapng
"Oct 12, 2023 17:25:12.827313",,52,,,,,,,,,,idle2.pcapng
"Oct 12, 2023 17:25:12.829330",0.002017,5,,,0x0002,151,,,,,,idle2.pcapng
"Oct 12, 2023 17:25:12.833261",,45,,,,,,,,,,idle2.pcapng
"Oct 12, 2023 17:25:12.835052",0.001791,5,,,0x0002,32,,,,,,idle2.pcapng
"Oct 12, 2023 17:25:12.837035",,63,,,,,,,,,,idle2.pcapng
"Oct 12, 2023 17:25:12.839434",0.002399,5,,,0x0002,124,,,,,,idle2.pcapng
"Oct 12, 2023 17:25:12.845554",,45,,,,,,,,,,idle2.pcapng
"Oct 12, 2023 17:25:12.847377",0.001823,5,,,0x0002,33,,,,,,idle2.pcapng
"Oct 12, 2023 17:25:12.850803",,45,,,,,,,,,,idle2.pcapng
"Oct 12, 2023 17:25:12.852595",0.001792,5,,,0x0002,198,,,,,,idle2.pcapng
"Oct 12, 2023 17:25:12.855749",,45,,,,,,,,,,idle2.pcapng
"Oct 12, 2023 17:25:12.857572",0.001823,5,,,0x0002,34,,,,,,idle2.pcapng
"Oct 12, 2023 17:25:12.861872",,45,,,,,,,,,,idle2.pcapng
"Oct 12, 2023 17:25:12.863664",0.001792,5,,,0x0002,199,,,,,,idle2.pcapng
"Oct 12, 2023 17:25:12.867098",,45,,,,,,,,,,idle2.pcapng
"Oct 12, 2023 17:25:12.868921",0.001823,5,,,0x0002,35,,,,,,idle2.pcapng
"Oct 12, 2023 17:25:12.872646",,45,,,,,,,,,,idle2.pcapng
"Oct 12, 2023 17:25:12.874437",0.001791,5,,,0x0002,152,,,,,,idle2.pcapng
"Oct 12, 2023 17:25:12.884793",,45,,,,,,,,,,idle2.pcapng
"Oct 12, 2023 17:25:12.886617",0.001824,5,,,0x0002,36,,,,,,idle2.pcapng
"Oct 12, 2023 17:25:12.890977",,45,,,,,,,,,,idle2.pcapng
"Oct 12, 2023 17:25:12.892770",0.001793,5,,,0x0002,153,,,,,,idle2.pcapng
"Oct 12, 2023 17:25:14.003406",1.110636,77,0xe5c4,0xffff,0x8841,136,0xe5c4,0xfffc,0x1209,,,idle2.pcapng
"Oct 12, 2023 17:25:14.389404",0.385998,77,0xe694,0xffff,0x8841,60,0xe694,0xfffc,0x1209,,,idle2.pcapng
"Oct 12, 2023 17:25:15.213561",0.824157,77,0x482d,0xffff,0x8841,200,0x482d,0xfffc,0x1209,,,idle2.pcapng
"Oct 12, 2023 17:25:15.398784",0.185223,106,0xc8f0,0xffff,0x886a,125,,,,,,idle2.pcapng
"Oct 12, 2023 17:25:16.442206",1.043422,74,0xa209,0xffff,0x8841,154,0xa209,0xfffc,0x1209,,,idle2.pcapng
"Oct 12, 2023 17:25:17.266534",0.824328,12,0x2cae,0x482d,0x8863,72,,,,,,idle2.pcapng
"Oct 12, 2023 17:25:17.267301",0.000767,5,,,0x0002,72,,,,,,idle2.pcapng
"Oct 12, 2023 17:25:20.515018",3.247717,74,0x09ac,0xffff,0x8841,125,0x09ac,0xfffc,0x1209,,,idle2.pcapng
"Oct 12, 2023 17:25:21.701117",,63,,,,,,,,,,idle2.pcapng
"Oct 12, 2023 17:25:21.703516",0.002399,5,,,0x0002,126,,,,,,idle2.pcapng
"Oct 12, 2023 17:25:21.751135",,50,,,,,,,,,,idle2.pcapng
"Oct 12, 2023 17:25:21.753118",0.001983,5,,,0x0002,37,,,,,,idle2.pcapng
"Oct 12, 2023 17:25:21.757235",0.004117,50,0xa209,0xc8f0,0x8861,155,,,,,,idle2.pcapng
"Oct 12, 2023 17:25:21.759183",0.001948,5,,,0x0002,155,,,,,,idle2.pcapng
"Oct 12, 2023 17:25:21.764488",,45,,,,,,,,,,idle2.pcapng
"Oct 12, 2023 17:25:21.766311",0.001823,5,,,0x0002,127,,,,,,idle2.pcapng
"Oct 12, 2023 17:25:21.779581",,57,,,,,,,,,,idle2.pcapng
"Oct 12, 2023 17:25:21.781787",0.002206,5,,,0x0002,128,,,,,,idle2.pcapng
"Oct 12, 2023 17:25:21.820765",,50,,,,,,,,,,idle2.pcapng
"Oct 12, 2023 17:25:21.822748",0.001983,5,,,0x0002,38,,,,,,idle2.pcapng
"Oct 12, 2023 17:25:21.827369",,50,,,,,,,,,,idle2.pcapng
"Oct 12, 2023 17:25:21.829311",0.001942,5,,,0x0002,156,,,,,,idle2.pcapng
"Oct 12, 2023 17:25:21.834404",0.005093,45,0xc8f0,0x0000,0x8861,129,,,,,,idle2.pcapng
"Oct 12, 2023 17:25:21.836227",0.001823,5,,,0x0002,129,,,,,,idle2.pcapng
"Oct 12, 2023 17:25:22.266029",0.429802,12,0x2cae,0x482d,0x8863,73,,,,,,idle2.pcapng
"Oct 12, 2023 17:25:22.266796",0.000767,5,,,0x0002,73,,,,,,idle2.pcapng
"Oct 12, 2023 17:25:22.432600",0.165804,77,0x054f,0xffff,0x8841,65,0x054f,0xfffc,0x1209,,,idle2.pcapng
"Oct 12, 2023 17:25:23.248167",0.815567,77,0x0000,0xffff,0x8841,39,0x0000,0xfffc,0x1209,,,idle2.pcapng
"Oct 12, 2023 17:25:25.160177",1.912010,68,0xebe5,0xffff,0x8841,114,0xebe5,0xfffc,0x1209,,,idle2.pcapng
"Oct 12, 2023 17:25:26.148420",0.988243,77,0x82eb,0xffff,0x8841,73,0x82eb,0xfffc,0x1209,,,idle2.pcapng
"Oct 12, 2023 17:25:26.663903",0.515483,98,0x6e5f,0xffff,0x8862,140,,,,,,idle2.pcapng
"Oct 12, 2023 17:25:27.329066",0.665163,12,0x2cae,0x482d,0x8863,74,,,,,,idle2.pcapng
"Oct 12, 2023 17:25:27.329833",0.000767,5,,,0x0002,74,,,,,,idle2.pcapng
"Oct 12, 2023 17:25:29.461819",2.131986,77,0xe694,0xffff,0x8841,61,0xe694,0xfffc,0x1209,,,idle2.pcapng
"Oct 12, 2023 17:25:30.362891",0.901072,107,0xc8f0,0xffff,0x886b,130,,,,,,idle2.pcapng
"Oct 12, 2023 17:25:30.682657",0.319766,77,0x482d,0xffff,0x8841,201,0x482d,0xfffc,0x1209,,,idle2.pcapng
"Oct 12, 2023 17:25:30.879779",0.197122,77,0xe5c4,0xffff,0x8841,137,0xe5c4,0xfffc,0x1209,,,idle2.pcapng
"Oct 12, 2023 17:25:32.361849",1.482070,12,0x2cae,0x482d,0x8863,75,,,,,,idle2.pcapng
"Oct 12, 2023 17:25:32.362616",0.000767,5,,,0x0002,75,,,,,,idle2.pcapng
"Oct 12, 2023 17:25:33.618833",1.256217,107,0xa209,0xffff,0x886b,157,,,,,,idle2.pcapng
"Oct 12, 2023 17:25:36.898795",3.279962,74,0x09ac,0xffff,0x8841,126,0x09ac,0xfffc,0x1209,,,idle2.pcapng
"Oct 12, 2023 17:25:37.393905",0.495110,12,0x2cae,0x482d,0x8863,76,,,,,,idle2.pcapng
"Oct 12, 2023 17:25:37.394672",0.000767,5,,,0x0002,76,,,,,,idle2.pcapng
"Oct 12, 2023 17:25:38.298313",0.903641,77,0x0000,0xffff,0x8841,40,0x0000,0xfffc,0x1209,,,idle2.pcapng
"Oct 12, 2023 17:25:39.820973",1.522660,77,0x054f,0xffff,0x8841,66,0x054f,0xfffc,0x1209,,,idle2.pcapng
"Oct 12, 2023 17:25:40.181879",0.360906,68,0xebe5,0xffff,0x8841,115,0xebe5,0xfffc,0x1209,,,idle2.pcapng
"Oct 12, 2023 17:25:41.134368",0.952489,77,0x82eb,0xffff,0x8841,74,0x82eb,0xfffc,0x1209,,,idle2.pcapng
"Oct 12, 2023 17:25:41.606358",0.471990,74,0x6e5f,0xffff,0x8841,141,0x6e5f,0xfffc,0x1209,,,idle2.pcapng
"Oct 12, 2023 17:25:42.424381",0.818023,12,0x2cae,0x482d,0x8863,77,,,,,,idle2.pcapng
"Oct 12, 2023 17:25:42.425148",0.000767,5,,,0x0002,77,,,,,,idle2.pcapng
"Oct 12, 2023 17:25:42.632014",,52,,,,,,,,,,idle2.pcapng
"Oct 12, 2023 17:25:42.634031",0.002017,5,,,0x0002,41,,,,,,idle2.pcapng
"Oct 12, 2023 17:25:42.642123",,63,,,,,,,,,,idle2.pcapng
"Oct 12, 2023 17:25:42.644522",0.002399,5,,,0x0002,62,,,,,,idle2.pcapng
"Oct 12, 2023 17:25:42.666451",,52,,,,,,,,,,idle2.pcapng
"Oct 12, 2023 17:25:42.668498",0.002047,5,,,0x0002,42,,,,,,idle2.pcapng
"Oct 12, 2023 17:25:42.672235",,52,,,,,,,,,,idle2.pcapng
"Oct 12, 2023 17:25:42.674253",0.002018,5,,,0x0002,202,,,,,,idle2.pcapng
"Oct 12, 2023 17:25:42.684542",0.010289,5,,,0x0002,142,,,,,,idle2.pcapng
"Oct 12, 2023 17:25:42.691256",,45,,,,,,,,,,idle2.pcapng
"Oct 12, 2023 17:25:42.693048",0.001792,5,,,0x0002,43,,,,,,idle2.pcapng
"Oct 12, 2023 17:25:42.712796",,54,,,,,,,,,,idle2.pcapng
"Oct 12, 2023 17:25:42.714876",0.002080,5,,,0x0002,44,,,,,,idle2.pcapng
"Oct 12, 2023 17:25:42.722858",,66,,,,,,,,,,idle2.pcapng
"Oct 12, 2023 17:25:42.725353",0.002495,5,,,0x0002,63,,,,,,idle2.pcapng
"Oct 12, 2023 17:25:42.734366",,45,,,,,,,,,,idle2.pcapng
"Oct 12, 2023 17:25:42.736190",0.001824,5,,,0x0002,45,,,,,,idle2.pcapng
"Oct 12, 2023 17:25:42.739159",,45,,,,,,,,,,idle2.pcapng
"Oct 12, 2023 17:25:42.740951",0.001792,5,,,0x0002,203,,,,,,idle2.pcapng
"Oct 12, 2023 17:25:42.746421",,54,,,,,,,,,,idle2.pcapng
"Oct 12, 2023 17:25:42.748533",0.002112,5,,,0x0002,46,,,,,,idle2.pcapng
"Oct 12, 2023 17:25:42.751580",0.003047,54,0x482d,0x6e5f,0x8861,204,,,,,,idle2.pcapng
"Oct 12, 2023 17:25:42.753649",0.002069,5,,,0x0002,204,,,,,,idle2.pcapng
"Oct 12, 2023 17:25:42.759198",,54,,,,,,,,,,idle2.pcapng
"Oct 12, 2023 17:25:42.764171",,54,,,,,,,,,,idle2.pcapng
"Oct 12, 2023 17:25:42.766241",0.002070,5,,,0x0002,158,,,,,,idle2.pcapng
"Oct 12, 2023 17:25:42.766596",,66,,,,,,,,,,idle2.pcapng
"Oct 12, 2023 17:25:42.769091",0.002495,5,,,0x0002,143,,,,,,idle2.pcapng
"Oct 12, 2023 17:25:42.771886",,66,,,,,,,,,,idle2.pcapng
"Oct 12, 2023 17:25:42.774380",0.002494,5,,,0x0002,143,,,,,,idle2.pcapng
"Oct 12, 2023 17:25:42.777152",,66,,,,,,,,,,idle2.pcapng
"Oct 12, 2023 17:25:42.779647",0.002495,5,,,0x0002,143,,,,,,idle2.pcapng
"Oct 12, 2023 17:25:42.795272",,66,,,,,,,,,,idle2.pcapng
"Oct 12, 2023 17:25:42.797767",0.002495,5,,,0x0002,144,,,,,,idle2.pcapng
"Oct 12, 2023 17:25:42.807983",0.010216,107,0x98fd,0x0007,0x886b,132,,,,,,idle2.pcapng
"Oct 12, 2023 17:25:42.810478",,52,,,,,,,,,,idle2.pcapng
"Oct 12, 2023 17:25:42.812524",0.002046,5,,,0x0002,48,,,,,,idle2.pcapng
"Oct 12, 2023 17:25:42.813252",0.000728,107,0x188c,0x0c00,0x886b,132,,,,,,idle2.pcapng
"Oct 12, 2023 17:25:42.818152",0.004900,52,0xa209,0xc8f0,0x8861,159,,,,,,idle2.pcapng
"Oct 12, 2023 17:25:42.820993",,66,,,,,,,,,,idle2.pcapng
"Oct 12, 2023 17:25:42.823488",0.002495,5,,,0x0002,133,,,,,,idle2.pcapng
"Oct 12, 2023 17:25:42.823929",,66,,,,,,,,,,idle2.pcapng
"Oct 12, 2023 17:25:42.828724",0.004795,52,0xa209,0xc8f0,0x8861,159,,,,,,idle2.pcapng
"Oct 12, 2023 17:25:42.830740",0.002016,5,,,0x0002,159,,,,,,idle2.pcapng
"Oct 12, 2023 17:25:42.831648",,66,,,,,,,,,,idle2.pcapng
"Oct 12, 2023 17:25:42.834142",0.002494,5,,,0x0002,146,,,,,,idle2.pcapng
"Oct 12, 2023 17:25:42.838569",,63,,,,,,,,,,idle2.pcapng
"Oct 12, 2023 17:25:42.840968",0.002399,5,,,0x0002,134,,,,,,idle2.pcapng
"Oct 12, 2023 17:25:42.844877",,45,,,,,,,,,,idle2.pcapng
"Oct 12, 2023 17:25:42.846669",0.001792,5,,,0x0002,49,,,,,,idle2.pcapng
"Oct 12, 2023 17:25:42.862681",,45,,,,,,,,,,idle2.pcapng
"Oct 12, 2023 17:25:42.864504",0.001823,5,,,0x0002,50,,,,,,idle2.pcapng
"Oct 12, 2023 17:25:42.869186",0.004682,45,0x482d,0x6e5f,0x8861,205,,,,,,idle2.pcapng
"Oct 12, 2023 17:25:42.870980",0.001794,5,,,0x0002,205,,,,,,idle2.pcapng
"Oct 12, 2023 17:25:42.871942",,45,,,,,,,,,,idle2.pcapng
"Oct 12, 2023 17:25:42.873766",0.001824,5,,,0x0002,51,,,,,,idle2.pcapng
"Oct 12, 2023 17:25:42.876449",,45,,,,,,,,,,idle2.pcapng
"Oct 12, 2023 17:25:42.878240",0.001791,5,,,0x0002,206,,,,,,idle2.pcapng
"Oct 12, 2023 17:25:42.880710",,54,,,,,,,,,,idle2.pcapng
"Oct 12, 2023 17:25:42.893123",,45,,,,,,,,,,idle2.pcapng
"Oct 12, 2023 17:25:42.894946",0.001823,5,,,0x0002,53,,,,,,idle2.pcapng
"Oct 12, 2023 17:25:42.897456",,45,,,,,,,,,,idle2.pcapng
"Oct 12, 2023 17:25:42.899238",0.001782,5,,,0x0002,160,,,,,,idle2.pcapng
"Oct 12, 2023 17:25:42.903295",,45,,,,,,,,,,idle2.pcapng
"Oct 12, 2023 17:25:42.905118",0.001823,5,,,0x0002,54,,,,,,idle2.pcapng
"Oct 12, 2023 17:25:42.908816",0.003698,45,,,0xf861,207,,,,,,idle2.pcapng
"Oct 12, 2023 17:25:42.910608",0.001792,5,,,0x0002,207,,,,,,idle2.pcapng
"Oct 12, 2023 17:25:42.911651",,45,,,,,,,,,,idle2.pcapng
"Oct 12, 2023 17:25:42.913475",0.001824,5,,,0x0002,55,,,,,,idle2.pcapng
"Oct 12, 2023 17:25:42.917055",,45,,,,,,,,,,idle2.pcapng
"Oct 12, 2023 17:25:42.918847",0.001792,5,,,0x0002,161,,,,,,idle2.pcapng
"Oct 12, 2023 17:25:44.431119",1.512272,77,0xe694,0xffff,0x8841,64,0xe694,0xfffc,0x1209,,,idle2.pcapng
"Oct 12, 2023 17:25:45.394498",0.963379,71,0xc8f0,0xffff,0x8841,135,0xc8f0,0xfffc,0x1209,,,idle2.pcapng
"Oct 12, 2023 17:25:46.227962",0.833464,94,0x482d,0xffff,0x885e,208,,,,,,idle2.pcapng
"Oct 12, 2023 17:25:47.456112",1.228150,12,0x2cae,0x482d,0x8863,78,,,,,,idle2.pcapng
"Oct 12, 2023 17:25:47.456879",0.000767,5,,,0x0002,78,,,,,,idle2.pcapng
"Oct 12, 2023 17:25:47.844825",0.387946,77,0xe5c4,0xffff,0x8841,138,0xe5c4,0xfffc,0x1209,,,idle2.pcapng
"Oct 12, 2023 17:25:50.883590",3.038765,74,0xa209,0xffff,0x8841,162,0xa209,0xfffc,0x1209,,,idle2.pcapng
"Oct 12, 2023 17:25:52.081492",1.197902,74,0x09ac,0xffff,0x8841,127,0x09ac,0xfffc,0x1209,,,idle2.pcapng
"Oct 12, 2023 17:25:52.487987",0.406495,12,0x2cae,0x482d,0x8863,79,,,,,,idle2.pcapng
"Oct 12, 2023 17:25:52.488754",0.000767,5,,,0x0002,79,,,,,,idle2.pcapng
"Oct 12, 2023 17:25:52.604080",0.115326,77,0x0000,0xffff,0x8841,56,0x0000,0xfffc,0x1209,,,idle2.pcapng
"Oct 12, 2023 17:25:55.179920",2.575840,68,0xebe5,0xffff,0x8841,116,0xebe5,0xfffc,0x1209,,,idle2.pcapng
"Oct 12, 2023 17:25:55.409660",0.229740,77,0x054f,0xffff,0x8841,67,0x054f,0xfffc,0x1209,,,idle2.pcapng
"Oct 12, 2023 17:25:56.139516",0.729856,77,0x82eb,0xffff,0x8841,75,0x82eb,0xfffc,0x1209,,,idle2.pcapng
"Oct 12, 2023 17:25:56.573251",0.433735,104,0x6e5f,0xffff,0x8868,147,,,,,,idle2.pcapng
"Oct 12, 2023 17:25:57.519695",0.946444,12,0x2cae,0x482d,0x8863,80,,,,,,idle2.pcapng
"Oct 12, 2023 17:25:57.520463",0.000768,5,,,0x0002,80,,,,,,idle2.pcapng
"Oct 12, 2023 17:25:59.395215",1.874752,77,0xe694,0xffff,0x8841,65,0xe694,0xfffc,0x1209,,,idle2.pcapng
"Oct 12, 2023 17:26:00.373229",0.978014,71,0xc8f0,0xffff,0x8841,136,0xc8f0,0xfffc,0x1209,,,idle2.pcapng
"Oct 12, 2023 17:26:02.488118",,50,,,,,,,,,,idle2.pcapng
"Oct 12, 2023 17:26:02.490101",0.001983,5,,,0x0002,148,,,,,,idle2.pcapng
"Oct 12, 2023 17:26:02.519184",0.029083,12,0x2cae,0x482d,0x8863,81,,,,,,idle2.pcapng
"Oct 12, 2023 17:26:02.519951",0.000767,5,,,0x0002,81,,,,,,idle2.pcapng
"Oct 12, 2023 17:26:02.528988",,56,,,,,,,,,,idle2.pcapng
"Oct 12, 2023 17:26:02.531164",0.002176,5,,,0x0002,57,,,,,,idle2.pcapng
"Oct 12, 2023 17:26:02.535138",0.003974,56,0x482d,0x6e5f,0x8861,210,,,,,,idle2.pcapng
"Oct 12, 2023 17:26:02.537282",0.002144,5,,,0x0002,210,,,,,,idle2.pcapng
"Oct 12, 2023 17:26:02.542625",,45,,,,,,,,,,idle2.pcapng
"Oct 12, 2023 17:26:02.544448",0.001823,5,,,0x0002,149,,,,,,idle2.pcapng
"Oct 12, 2023 17:26:05.024278",2.479830,77,0xe5c4,0xffff,0x8841,139,0xe5c4,0xfffc,0x1209,,,idle2.pcapng
"Oct 12, 2023 17:26:07.141712",2.117434,74,0xa209,0xffff,0x8841,163,0xa209,0xfffc,0x1209,,,idle2.pcapng
"Oct 12, 2023 17:26:07.550016",0.408304,12,0x2cae,0x482d,0x8863,82,,,,,,idle2.pcapng
"Oct 12, 2023 17:26:07.550783",0.000767,5,,,0x0002,82,,,,,,idle2.pcapng
"Oct 12, 2023 17:26:07.681834",0.131051,77,0x0000,0xffff,0x8841,58,0x0000,0xfffc,0x1209,,,idle2.pcapng
"Oct 12, 2023 17:26:09.639950",1.958116,105,0x09ac,0xffff,0x8869,128,,,,,,idle2.pcapng
"Oct 12, 2023 17:26:10.168647",0.528697,68,0xebe5,0xffff,0x8841,117,0xebe5,0xfffc,0x1209,,,idle2.pcapng
"Oct 12, 2023 17:26:11.144664",0.976017,77,0x82eb,0xffff,0x8841,76,0x82eb,0xfffc,0x1209,,,idle2.pcapng
"Oct 12, 2023 17:26:11.207970",,50,,,,,,,,,,idle2.pcapng
"Oct 12, 2023 17:26:11.209953",0.001983,5,,,0x0002,59,,,,,,idle2.pcapng
"Oct 12, 2023 17:26:11.214280",0.004327,55,0xa209,0x0000,0x8861,164,0xa209,0x0000,0x1a09,,,idle2.pcapng
"Oct 12, 2023 17:26:11.216423",0.002143,5,,,0x0002,164,,,,,,idle2.pcapng
"Oct 12, 2023 17:26:11.263520",,53,,,,,,,,,,idle2.pcapng
"Oct 12, 2023 17:26:11.265598",0.002078,5,,,0x0002,165,,,,,,idle2.pcapng
"Oct 12, 2023 17:26:11.303651",,50,,,,,,,,,,idle2.pcapng
"Oct 12, 2023 17:26:11.305635",0.001984,5,,,0x0002,60,,,,,,idle2.pcapng
"Oct 12, 2023 17:26:11.310676",0.005041,55,0xa209,0x0000,0x8861,166,0xa209,0x0000,0x1a09,,,idle2.pcapng
"Oct 12, 2023 17:26:11.312819",0.002143,5,,,0x0002,166,,,,,,idle2.pcapng
"Oct 12, 2023 17:26:11.357888",,53,,,,,,,,,,idle2.pcapng
"Oct 12, 2023 17:26:11.359967",0.002079,5,,,0x0002,167,,,,,,idle2.pcapng
"Oct 12, 2023 17:26:11.636138",0.276171,74,0x6e5f,0xffff,0x8841,150,0x6e5f,0xfffc,0x1209,,,idle2.pcapng
"Oct 12, 2023 17:26:11.928898",0.292760,77,0x054f,0xffff,0x8841,68,0x054f,0xfffc,0x1209,,,idle2.pcapng
"Oct 12, 2023 17:26:12.613988",0.685090,12,0x2cae,0x482d,0x8863,83,,,,,,idle2.pcapng
"Oct 12, 2023 17:26:12.614756",0.000768,5,,,0x0002,83,,,,,,idle2.pcapng
"Oct 12, 2023 17:26:12.633945",,52,,,,,,,,,,idle2.pcapng
"Oct 12, 2023 17:26:12.635962",0.002017,5,,,0x0002,61,,,,,,idle2.pcapng
"Oct 12, 2023 17:26:12.643712",,63,,,,,,,,,,idle2.pcapng
"Oct 12, 2023 17:26:12.646110",0.002398,5,,,0x0002,66,,,,,,idle2.pcapng
"Oct 12, 2023 17:26:12.670388",,52,,,,,,,,,,idle2.pcapng
"Oct 12, 2023 17:26:12.672436",0.002048,5,,,,,,,,,,idle2.pcapng
"Oct 12, 2023 17:26:12.674871",,52,,,,,,,,,,idle2.pcapng
"Oct 12, 2023 17:26:12.676887",0.002016,5,,,0x0002,211,,,,,,idle2.pcapng
"Oct 12, 2023 17:26:12.684576",,63,,,,,,,,,,idle2.pcapng
"Oct 12, 2023 17:26:12.686975",0.002399,5,,,0x0002,151,,,,,,idle2.pcapng
"Oct 12, 2023 17:26:12.698765",,45,,,,,,,,,,idle2.pcapng
"Oct 12, 2023 17:26:12.700555",0.001790,5,,,0x0002,63,,,,,,idle2.pcapng
"Oct 12, 2023 17:26:12.712926",,54,,,,,,,,,,idle2.pcapng
"Oct 12, 2023 17:26:12.714994",0.002068,5,,,0x0002,64,,,,,,idle2.pcapng
"Oct 12, 2023 17:26:12.722997",,66,,,,,,,,,,idle2.pcapng
"Oct 12, 2023 17:26:12.725492",0.002495,5,,,0x0002,67,,,,,,idle2.pcapng
"Oct 12, 2023 17:26:12.726591",,54,,,,,,,,,,idle2.pcapng
"Oct 12, 2023 17:26:12.728702",0.002111,5,,,0x0002,65,,,,,,idle2.pcapng
"Oct 12, 2023 17:26:12.732477",0.003775,54,,,0xc861,212,,,,,,idle2.pcapng
"Oct 12, 2023 17:26:12.734559",0.002082,5,,,0x0002,212,,,,,,idle2.pcapng
"Oct 12, 2023 17:26:12.742367",,66,,,,,,,,,,idle2.pcapng
"Oct 12, 2023 17:26:12.744861",0.002494,5,,,0x0002,152,,,,,,idle2.pcapng
"Oct 12, 2023 17:26:12.754756",,45,,,,,,,,,,idle2.pcapng
"Oct 12, 2023 17:26:12.756579",0.001823,5,,,0x0002,66,,,,,,idle2.pcapng
"Oct 12, 2023 17:26:12.760601",,45,,,,,,,,,,idle2.pcapng
"Oct 12, 2023 17:26:12.762393",0.001792,5,,,0x0002,213,,,,,,idle2.pcapng
"Oct 12, 2023 17:26:12.766628",,54,,,,,,,,,,idle2.pcapng
"Oct 12, 2023 17:26:12.768739",0.002111,5,,,0x0002,67,,,,,,idle2.pcapng
"Oct 12, 2023 17:26:12.773036",0.004297,107,,,0xf86b,63,,,,,,idle2.pcapng
"Oct 12, 2023 17:26:12.778057",0.005021,67,,,0xf843,63,,,,,,idle2.pcapng
"Oct 12, 2023 17:26:12.784430",,52,,,,,,,,,,idle2.pcapng
"Oct 12, 2023 17:26:12.789594",,52,,,,,,,,,,idle2.pcapng
"Oct 12, 2023 17:26:12.791609",0.002015,5,,,0x0002,169,,,,,,idle2.pcapng
"Oct 12, 2023 17:26:12.792309",,52,,,,,,,,,,idle2.pcapng
"Oct 12, 2023 17:26:12.794356",0.002047,5,,,0x0002,68,,,,,,idle2.pcapng
"Oct 12, 2023 17:26:12.794884",,66,,,,,,,,,,idle2.pcapng
"Oct 12, 2023 17:26:12.802844",,66,,,,,,,,,,idle2.pcapng
"Oct 12, 2023 17:26:12.805339",0.002495,5,,,0x0002,137,,,,,,idle2.pcapng
"Oct 12, 2023 17:26:12.806292",,63,,,,,,,,,,idle2.pcapng
"Oct 12, 2023 17:26:12.808691",0.002399,5,,,0x0002,138,,,,,,idle2.pcapng
"Oct 12, 2023 17:26:12.814759",,45,,,,,,,,,,idle2.pcapng
"Oct 12, 2023 17:26:12.816551",0.001792,5,,,0x0002,69,,,,,,idle2.pcapng
"Oct 12, 2023 17:26:12.832910",,45,,,,,,,,,,idle2.pcapng
"Oct 12, 2023 17:26:12.834734",0.001824,5,,,0x0002,70,,,,,,idle2.pcapng
"Oct 12, 2023 17:26:12.837384",,45,,,,,,,,,,idle2.pcapng
"Oct 12, 2023 17:26:12.839169",0.001785,5,,,0x0002,214,,,,,,idle2.pcapng
"Oct 12, 2023 17:26:12.842023",,45,,,,,,,,,,idle2.pcapng
"Oct 12, 2023 17:26:12.843846",0.001823,5,,,0x0002,71,,,,,,idle2.pcapng
"Oct 12, 2023 17:26:12.847610",0.003764,45,0xa209,0xc8f0,0x8861,170,,,,,,idle2.pcapng
"Oct 12, 2023 17:26:12.851777",,45,,,,,,,,,,idle2.pcapng
"Oct 12, 2023 17:26:12.853559",0.001782,5,,,0x0002,170,,,,,,idle2.pcapng
"Oct 12, 2023 17:26:12.861716",,45,,,,,,,,,,idle2.pcapng
"Oct 12, 2023 17:26:12.863539",0.001823,5,,,0x0002,72,,,,,,idle2.pcapng
"Oct 12, 2023 17:26:12.866871",,45,,,,,,,,,,idle2.pcapng
"Oct 12, 2023 17:26:12.868653",0.001782,5,,,0x0002,171,,,,,,idle2.pcapng
"Oct 12, 2023 17:26:14.456631",1.587978,77,0xe694,0xffff,0x8841,68,0xe694,0xfffc,0x1209,,,idle2.pcapng
"Oct 12, 2023 17:26:15.393486",0.936855,71,0xc8f0,0xffff,0x8841,139,0xc8f0,0xfffc,0x1209,,,idle2.pcapng
"Oct 12, 2023 17:26:17.614117",2.220631,12,0x2cae,0x482d,0x8863,84,,,,,,idle2.pcapng
"Oct 12, 2023 17:26:17.614884",0.000767,5,,,0x0002,84,,,,,,idle2.pcapng
"Oct 12, 2023 17:26:19.266715",1.651831,77,0xe5c4,0xffff,0x8841,140,0xe5c4,0xfffc,0x1209,,,idle2.pcapng
"Oct 12, 2023 17:26:20.177181",0.910466,77,0x482d,0xffff,0x8841,215,0x482d,0xfffc,0x1209,,,idle2.pcapng
"Oct 12, 2023 17:26:21.538029",1.360848,74,0xa209,0xffff,0x8841,172,0xa209,0xfffc,0x1209,,,idle2.pcapng
"Oct 12, 2023 17:26:22.555082",1.017053,77,0x0000,0xffff,0x8841,73,0x0000,0xfffc,0x1209,,,idle2.pcapng
"Oct 12, 2023 17:26:22.644629",0.089547,12,0x2cae,0x482d,0x8863,85,,,,,,idle2.pcapng
"Oct 12, 2023 17:26:25.173393",2.528764,68,0xebe5,0xffff,0x8841,118,0xebe5,0xfffc,0x1209,,,idle2.pcapng
"Oct 12, 2023 17:26:26.138291",0.964898,77,0x82eb,0xffff,0x8841,77,0x82eb,0xfffc,0x1209,,,idle2.pcapng
"Oct 12, 2023 17:26:26.270516",0.132225,74,0x09ac,0xffff,0x8841,129,0x09ac,0xfffc,0x1209,,,idle2.pcapng
"Oct 12, 2023 17:26:26.589017",0.318501,74,0x6e5f,0xffff,0x8841,153,0x6e5f,0xfffc,0x1209,,,idle2.pcapng
"Oct 12, 2023 17:26:27.295369",,57,,,,,,,,,,idle2.pcapng
"Oct 12, 2023 17:26:27.297576",0.002207,5,,,0x0002,69,,,,,,idle2.pcapng
"Oct 12, 2023 17:26:27.339124",,50,,,,,,,,,,idle2.pcapng
"Oct 12, 2023 17:26:27.341077",0.001953,5,,,0x0002,74,,,,,,idle2.pcapng
"Oct 12, 2023 17:26:27.346700",,45,,,,,,,,,,idle2.pcapng
"Oct 12, 2023 17:26:27.348523",0.001823,5,,,0x0002,70,,,,,,idle2.pcapng
"Oct 12, 2023 17:26:27.362231",,63,,,,,,,,,,idle2.pcapng
"Oct 12, 2023 17:26:27.364630",0.002399,5,,,0x0002,71,,,,,,idle2.pcapng
"Oct 12, 2023 17:26:27.409257",,50,,,,,,,,,,idle2.pcapng
"Oct 12, 2023 17:26:27.411210",0.001953,5,,,0x0002,75,,,,,,idle2.pcapng
"Oct 12, 2023 17:26:27.416694",,45,,,,,,,,,,idle2.pcapng
"Oct 12, 2023 17:26:27.418517",0.001823,5,,,0x0002,72,,,,,,idle2.pcapng
"Oct 12, 2023 17:26:27.706392",0.287875,12,0x2cae,0x482d,0x8863,86,,,,,,idle2.pcapng
"Oct 12, 2023 17:26:27.707159",0.000767,5,,,0x0002,86,,,,,,idle2.pcapng
"Oct 12, 2023 17:26:27.918095",0.210936,77,0x054f,0xffff,0x8841,69,0x054f,0xfffc,0x1209,,,idle2.pcapng
"Oct 12, 2023 17:26:29.491120",1.573025,77,0xe694,0xffff,0x8841,73,0xe694,0xfffc,0x1209,,,idle2.pcapng
"Oct 12, 2023 17:26:30.367123",0.876003,71,0xc8f0,0xffff,0x8841,140,0xc8f0,0xfffc,0x1209,,,idle2.pcapng
"Oct 12, 2023 17:26:32.707192",2.340069,12,0x2cae,0x482d,0x8863,87,,,,,,idle2.pcapng
"Oct 12, 2023 17:26:32.707959",0.000767,5,,,0x0002,87,,,,,,idle2.pcapng
"Oct 12, 2023 17:26:34.011471",1.303512,77,0xe5c4,0xffff,0x8841,141,0xe5c4,0xfffc,0x1209,,,idle2.pcapng
"Oct 12, 2023 17:26:35.259125",1.247654,103,0x482d,0xffff,0x8867,216,,,,,,idle2.pcapng
"Oct 12, 2023 17:26:36.572077",,50,,,,,,,,,,idle2.pcapng
"Oct 12, 2023 17:26:36.574060",0.001983,5,,,0x0002,76,,,,,,idle2.pcapng
"Oct 12, 2023 17:26:36.579002",0.004942,55,0x482d,0x0000,0x8861,217,0x482d,0x0000,0x1a09,,,idle2.pcapng
"Oct 12, 2023 17:26:36.581145",0.002143,5,,,0x0002,217,,,,,,idle2.pcapng
"Oct 12, 2023 17:26:36.626612",0.045467,53,0x482d,0x0000,0x8861,218,,,,,,idle2.pcapng
"Oct 12, 2023 17:26:36.628691",0.002079,5,,,0x0002,218,,,,,,idle2.pcapng
"Oct 12, 2023 17:26:36.668997",,50,,,,,,,,,,idle2.pcapng
"Oct 12, 2023 17:26:36.670980",0.001983,5,,,0x0002,77,,,,,,idle2.pcapng
"Oct 12, 2023 17:26:36.675069",0.004089,55,0x482d,0x0000,0x8861,219,,,,,,idle2.pcapng
"Oct 12, 2023 17:26:36.678176",0.003107,55,0x482d,0x0000,0x8861,219,0x482d,0x0000,0x1a09,,,idle2.pcapng
"Oct 12, 2023 17:26:36.680318",0.002142,5,,,0x0002,219,,,,,,idle2.pcapng
"Oct 12, 2023 17:26:36.723901",0.043583,53,0x482d,0x0000,0x8861,220,,,,,,idle2.pcapng
"Oct 12, 2023 17:26:36.725979",0.002078,5,,,0x0002,220,,,,,,idle2.pcapng
"Oct 12, 2023 17:26:37.738091",1.012112,77,0x0000,0xffff,0x8841,78,0x0000,0xfffc,0x1209,,,idle2.pcapng
"Oct 12, 2023 17:26:37.767441",0.029350,74,0xa209,0xffff,0x8841,173,0xa209,0xfffc,0x1209,,,idle2.pcapng
"Oct 12, 2023 17:26:37.771169",0.003728,12,0x2cae,0x482d,0x8863,88,,,,,,idle2.pcapng
"Oct 12, 2023 17:26:40.255219",2.484050,68,0xebe5,0xffff,0x8841,119,0xebe5,0xfffc,0x1209,,,idle2.pcapng
"Oct 12, 2023 17:26:41.150800",0.895581,77,0x82eb,0xffff,0x8841,78,0x82eb,0xfffc,0x1209,,,idle2.pcapng
"Oct 12, 2023 17:26:41.689888",0.539088,74,0x6e5f,0xffff,0x8841,154,0x6e5f,0xfffc,0x1209,,,idle2.pcapng
"Oct 12, 2023 17:26:41.931401",0.241513,77,0x054f,0xffff,0x8841,70,0x054f,0xfffc,0x1209,,,idle2.pcapng
"Oct 12, 2023 17:26:42.635821",,52,,,,,,,,,,idle2.pcapng
"Oct 12, 2023 17:26:42.637837",0.002016,5,,,0x0002,79,,,,,,idle2.pcapng
"Oct 12, 2023 17:26:42.645782",,63,,,,,,,,,,idle2.pcapng
"Oct 12, 2023 17:26:42.648181",0.002399,5,,,0x0002,74,,,,,,idle2.pcapng
"Oct 12, 2023 17:26:42.672296",,52,,,,,,,,,,idle2.pcapng
"Oct 12, 2023 17:26:42.674343",0.002047,5,,,0x0002,80,,,,,,idle2.pcapng
"Oct 12, 2023 17:26:42.678984",,52,,,,,,,,,,idle2.pcapng
"Oct 12, 2023 17:26:42.681000",0.002016,5,,,0x0002,221,,,,,,idle2.pcapng
"Oct 12, 2023 17:26:42.684862",,45,,,,,,,,,,idle2.pcapng
"Oct 12, 2023 17:26:42.686644",0.001782,5,,,0x0002,81,,,,,,idle2.pcapng
"Oct 12, 2023 17:26:42.691166",0.004522,5,,,0x0002,155,,,,,,idle2.pcapng
"Oct 12, 2023 17:26:42.700889",,54,,,,,,,,,,idle2.pcapng
"Oct 12, 2023 17:26:42.702969",0.002080,5,,,0x0002,82,,,,,,idle2.pcapng
"Oct 12, 2023 17:26:42.710717",,66,,,,,,,,,,idle2.pcapng
"Oct 12, 2023 17:26:42.713212",0.002495,5,,,0x0002,75,,,,,,idle2.pcapng
"Oct 12, 2023 17:26:42.734834",,54,,,,,,,,,,idle2.pcapng
"Oct 12, 2023 17:26:42.736945",0.002111,5,,,0x0a02,83,,,,,,idle2.pcapng
"Oct 12, 2023 17:26:42.740033",,54,,,,,,,,,,idle2.pcapng
"Oct 12, 2023 17:26:42.742114",0.002081,5,,,0x0002,222,,,,,,idle2.pcapng
"Oct 12, 2023 17:26:42.747727",,45,,,,,,,,,,idle2.pcapng
"Oct 12, 2023 17:26:42.749550",0.001823,5,,,0x0002,84,,,,,,idle2.pcapng
"Oct 12, 2023 17:26:42.749965",0.000415,107,0x6e5f,0x0000,0x886b,156,,,,,,idle2.pcapng
"Oct 12, 2023 17:26:42.753888",0.003923,45,0x482d,0x6e5f,0x8861,223,,,,,,idle2.pcapng
"Oct 12, 2023 17:26:42.758495",0.004607,45,0x482d,0x6e5f,0x8861,223,,,,,,idle2.pcapng
"Oct 12, 2023 17:26:42.760411",,66,,,,,,,,,,idle2.pcapng
"Oct 12, 2023 17:26:42.762906",0.002495,5,,,0x0002,156,,,,,,idle2.pcapng
"Oct 12, 2023 17:26:42.764618",,54,,,,,,,,,,idle2.pcapng
"Oct 12, 2023 17:26:42.767479",0.002861,45,0x482d,0x6e5f,0x8861,223,,,,,,idle2.pcapng
"Oct 12, 2023 17:26:42.769271",0.001792,5,,,0x0002,223,,,,,,idle2.pcapng
"Oct 12, 2023 17:26:42.775738",,54,,,,,,,,,,idle2.pcapng
"Oct 12, 2023 17:26:42.777849",0.002111,5,,,0x0002,85,,,,,,idle2.pcapng
"Oct 12, 2023 17:26:42.780889",,54,,,,,,,,,,idle2.pcapng
"Oct 12, 2023 17:26:42.782964",0.002075,5,,,0x0002,174,,,,,,idle2.pcapng
"Oct 12, 2023 17:26:42.793141",0.010177,5,,,0x0002,141,,,,,,idle2.pcapng
"Oct 12, 2023 17:26:42.797973",,45,,,,,,,,,,idle2.pcapng
"Oct 12, 2023 17:26:42.799767",0.001794,5,,,0x0002,86,,,,,,idle2.pcapng
"Oct 12, 2023 17:26:42.809594",,52,,,,,,,,,,idle2.pcapng
"Oct 12, 2023 17:26:42.811641",0.002047,5,,,0x0002,87,,,,,,idle2.pcapng
"Oct 12, 2023 17:26:42.815101",,52,,,,,,,,,,idle2.pcapng
"Oct 12, 2023 17:26:42.817118",0.002017,5,,,0x0002,175,,,,,,idle2.pcapng
"Oct 12, 2023 17:26:42.821394",,45,,,,,,,,,,idle2.pcapng
"Oct 12, 2023 17:26:42.823217",0.001823,5,,,0x0002,88,,,,,,idle2.pcapng
"Oct 12, 2023 17:26:42.825011",0.001794,63,0x7777,0x7777,0x8861,142,,,,,,idle2.pcapng
"Oct 12, 2023 17:26:42.827802",,45,,,,,,,,,,idle2.pcapng
"Oct 12, 2023 17:26:42.829625",0.001823,5,,,0x0002,89,,,,,,idle2.pcapng
"Oct 12, 2023 17:26:42.830163",0.000538,63,0x77f0,0x0000,0x8861,142,,,,,,idle2.pcapng
"Oct 12, 2023 17:26:42.838266",,45,,,,,,,,,,idle2.pcapng
"Oct 12, 2023 17:26:42.840057",0.001791,5,,,0x0002,224,,,,,,idle2.pcapng
"Oct 12, 2023 17:26:42.840728",,63,,,,,,,,,,idle2.pcapng
"Oct 12, 2023 17:26:42.843126",0.002398,5,,,0x0002,142,,,,,,idle2.pcapng
"Oct 12, 2023 17:26:42.845131",0.002005,12,0x2cae,0x482d,0x8863,89,,,,,,idle2.pcapng
"Oct 12, 2023 17:26:42.845898",0.000767,5,,,0x0002,89,,,,,,idle2.pcapng
"Oct 12, 2023 17:26:42.847275",,45,,,,,,,,,,idle2.pcapng
"Oct 12, 2023 17:26:42.849069",0.001794,5,,,0x0002,176,,,,,,idle2.pcapng
"Oct 12, 2023 17:26:42.859085",,45,,,,,,,,,,idle2.pcapng
"Oct 12, 2023 17:26:42.860909",0.001824,5,,,0x0002,90,,,,,,idle2.pcapng
"Oct 12, 2023 17:26:42.864893",,45,,,,,,,,,,idle2.pcapng
"Oct 12, 2023 17:26:42.866685",0.001792,5,,,0x0002,177,,,,,,idle2.pcapng
"Oct 12, 2023 17:26:43.218986",,52,,,,,,,,,,idle2.pcapng
"Oct 12, 2023 17:26:43.223744",,52,,,,,,,,,,idle2.pcapng
"Oct 12, 2023 17:26:43.225791",0.002047,5,,,0x0002,120,,,,,,idle2.pcapng
"Oct 12, 2023 17:26:43.238524",,45,,,,,,,,,,idle2.pcapng
"Oct 12, 2023 17:26:43.240317",0.001793,5,,,0x0002,91,,,,,,idle2.pcapng
"Oct 12, 2023 17:26:43.244215",,45,,,,,,,,,,idle2.pcapng
"Oct 12, 2023 17:26:43.246001",0.001786,5,,,0x0002,76,,,,,,idle2.pcapng
"Oct 12, 2023 17:26:43.261567",0.015566,107,0x09ac,0xffff,0x886b,130,,,,,,idle2.pcapng
"Oct 12, 2023 17:26:44.405694",1.144127,77,0xe694,0xffff,0x8841,77,0xe694,0xfffc,0x1209,,,idle2.pcapng
"Oct 12, 2023 17:26:45.335681",0.929987,71,0xc8f0,0xffff,0x8841,143,0xc8f0,0xfffc,0x1209,,,idle2.pcapng
"Oct 12, 2023 17:26:47.012801",1.677120,55,0xa209,0x0000,0x8861,178,0xa209,0x0000,0x1a09,,,idle2.pcapng
"Oct 12, 2023 17:26:47.014944",0.002143,5,,,0x0002,178,,,,,,idle2.pcapng
"Oct 12, 2023 17:26:47.050806",,52,,,,,,,,,,idle2.pcapng
"Oct 12, 2023 17:26:47.052853",0.002047,5,,,0x0002,179,,,,,,idle2.pcapng
"Oct 12, 2023 17:26:47.833087",0.780234,12,0x2cae,0x482d,0x8863,90,,,,,,idle2.pcapng
"Oct 12, 2023 17:26:47.833854",0.000767,5,,,0x0002,90,,,,,,idle2.pcapng
"Oct 12, 2023 17:26:48.415653",0.581799,55,0x482d,0x0000,0x8861,225,0x482d,0x0000,0x1a09,,,idle2.pcapng
"Oct 12, 2023 17:26:48.417796",0.002143,5,,,0x0002,225,,,,,,idle2.pcapng
"Oct 12, 2023 17:26:48.454486",,52,,,,,,,,,,idle2.pcapng
"Oct 12, 2023 17:26:48.456532",0.002046,5,,,0x0002,226,,,,,,idle2.pcapng
"Oct 12, 2023 17:26:48.558644",,63,,,,,,,,,,idle2.pcapng
"Oct 12, 2023 17:26:48.561043",0.002399,5,,,0x0002,157,,,,,,idle2.pcapng
"Oct 12, 2023 17:26:48.586292",0.025249,55,0xe5c4,0x054f,0x8861,142,0xe5c4,0x0000,0x1a09,,,idle2.pcapng
"Oct 12, 2023 17:26:48.588421",0.002129,5,,,0x0002,142,,,,,,idle2.pcapng
"Oct 12, 2023 17:26:48.591101",0.002680,57,0x054f,0x0000,0x8861,71,0xe5c4,0x0000,0x1a09,,,idle2.pcapng
"Oct 12, 2023 17:26:48.593308",0.002207,5,,,0x0002,71,,,,,,idle2.pcapng
"Oct 12, 2023 17:26:48.611191",,50,,,,,,,,,,idle2.pcapng
"Oct 12, 2023 17:26:48.614539",,50,,,,,,,,,,idle2.pcapng
"Oct 12, 2023 17:26:48.616522",0.001983,5,,,0x0002,92,,,,,,idle2.pcapng
"Oct 12, 2023 17:26:48.619138",,50,,,,,,,,,,idle2.pcapng
"Oct 12, 2023 17:26:48.624488",0.005350,5,,,0x0002,227,,,,,,idle2.pcapng
"Oct 12, 2023 17:26:48.625819",,52,,,,,,,,,,idle2.pcapng
"Oct 12, 2023 17:26:48.627852",0.002033,5,,,0x0002,143,,,,,,idle2.pcapng
"Oct 12, 2023 17:26:48.633965",,52,,,,,,,,,,idle2.pcapng
"Oct 12, 2023 17:26:48.636012",0.002047,5,,,0x0002,72,,,,,,idle2.pcapng
"Oct 12, 2023 17:26:48.638798",0.002786,45,0x6e5f,0x0000,0x8861,158,,,,,,idle2.pcapng
"Oct 12, 2023 17:26:48.644405",0.005607,45,0x6e5f,0x0000,0x8861,158,,,,,,idle2.pcapng
"Oct 12, 2023 17:26:48.648888",,45,,,,,,,,,,idle2.pcapng
"Oct 12, 2023 17:26:48.650711",0.001823,5,,,0x0002,159,,,,,,idle2.pcapng
"Oct 12, 2023 17:26:48.651663",,57,,,,,,,,,,idle2.pcapng
"Oct 12, 2023 17:26:48.653870",0.002207,5,,,0x0002,160,,,,,,idle2.pcapng
"Oct 12, 2023 17:26:48.696488",,50,,,,,,,,,,idle2.pcapng
"Oct 12, 2023 17:26:48.698471",0.001983,5,,,0x0002,93,,,,,,idle2.pcapng
"Oct 12, 2023 17:26:48.703096",0.004625,50,0x482d,0x6e5f,0x8861,228,,,,,,idle2.pcapng
"Oct 12, 2023 17:26:48.705043",0.001947,5,,,0x0002,228,,,,,,idle2.pcapng
"Oct 12, 2023 17:26:48.710114",,45,,,,,,,,,,idle2.pcapng
"Oct 12, 2023 17:26:48.711937",0.001823,5,,,0x0002,161,,,,,,idle2.pcapng
"Oct 12, 2023 17:26:49.038596",0.326659,5,,,0x0002,180,,,,,,idle2.pcapng
"Oct 12, 2023 17:26:49.074397",,52,,,,,,,,,,idle2.pcapng
"Oct 12, 2023 17:26:49.076443",0.002046,5,,,0x0002,181,,,,,,idle2.pcapng
"Oct 12, 2023 17:26:49.426729",0.350286,55,0x482d,0x0000,0x8861,229,,,,,,idle2.pcapng
"Oct 12, 2023 17:26:49.428872",0.002143,5,,,0x0002,229,,,,,,idle2.pcapng
"Oct 12, 2023 17:26:49.464826",,52,,,,,,,,,,idle2.pcapng
"Oct 12, 2023 17:26:49.466872",0.002046,5,,,0x0002,230,,,,,,idle2.pcapng
"Oct 12, 2023 17:26:49.597771",0.130899,55,0xe5c4,0x054f,0x8861,144,0xe5c4,0x0000,0x1a09,,,idle2.pcapng
"Oct 12, 2023 17:26:49.599901",0.002130,5,,,0x0002,144,,,,,,idle2.pcapng
"Oct 12, 2023 17:26:49.604178",0.004277,57,0x054f,0x0000,0x8861,73,0xe5c4,0x0000,0x1a09,,,idle2.pcapng
"Oct 12, 2023 17:26:49.606385",0.002207,5,,,0x0002,73,,,,,,idle2.pcapng
"Oct 12, 2023 17:26:49.635246",,52,,,,,,,,,,idle2.pcapng
"Oct 12, 2023 17:26:49.637279",0.002033,5,,,0x0002,145,,,,,,idle2.pcapng
"Oct 12, 2023 17:26:49.640154",,52,,,,,,,,,,idle2.pcapng
"Oct 12, 2023 17:26:49.642201",0.002047,5,,,0x0002,74,,,,,,idle2.pcapng
"Oct 12, 2023 17:26:50.747204",1.105003,77,0xe5c4,0xffff,0x8841,146,0xe5c4,0xfffc,0x1209,,,idle2.pcapng
"Oct 12, 2023 17:26:52.029609",1.282405,74,0xa209,0xffff,0x8841,182,0xa209,0xfffc,0x1209,,,idle2.pcapng
"Oct 12, 2023 17:26:52.865198",0.835589,12,0x2cae,0x482d,0x8863,91,,,,,,idle2.pcapng
"Oct 12, 2023 17:26:52.865966",0.000768,5,,,0x0002,91,,,,,,idle2.pcapng
"Oct 12, 2023 17:26:53.281964",0.415998,107,0x482d,0xffff,0x886b,231,,,,,,idle2.pcapng
"Oct 12, 2023 17:26:53.377428",0.095464,77,0x0000,0xffff,0x8841,94,0x0000,0xfffc,0x1209,,,idle2.pcapng
"Oct 12, 2023 17:26:55.253980",1.876552,68,0xebe5,0xffff,0x8841,121,0xebe5,0xfffc,0x1209,,,idle2.pcapng
"Oct 12, 2023 17:26:56.152428",0.898448,77,0x82eb,0xffff,0x8841,79,0x82eb,0xfffc,0x1209,,,idle2.pcapng
"Oct 12, 2023 17:26:56.278145",0.125717,77,0x054f,0xffff,0x8841,75,0x054f,0xfffc,0x1209,,,idle2.pcapng
"Oct 12, 2023 17:26:56.612463",0.334318,107,0x6e5f,0xffff,0x886b,162,,,,,,idle2.pcapng
"Oct 12, 2023 17:26:57.896754",1.284291,12,0x2cae,0x482d,0x8863,92,,,,,,idle2.pcapng
"Oct 12, 2023 17:26:57.897521",0.000767,5,,,0x0002,92,,,,,,idle2.pcapng
"Oct 12, 2023 17:26:59.045201",1.147680,74,0x09ac,0xffff,0x8841,131,0x09ac,0xfffc,0x1209,,,idle2.pcapng
"Oct 12, 2023 17:26:59.506988",0.461787,77,0xe694,0xffff,0x8841,78,0xe694,0xfffc,0x1209,,,idle2.pcapng
"Oct 12, 2023 17:27:00.429825",0.922837,71,0xc8f0,0xffff,0x8841,144,0xc8f0,0xfffc,0x1209,,,idle2.pcapng
"Oct 12, 2023 17:27:02.926481",2.496656,12,0x2cae,0x482d,0x8863,93,,,,,,idle2.pcapng
"Oct 12, 2023 17:27:02.927248",0.000767,5,,,0x0002,93,,,,,,idle2.pcapng
"Oct 12, 2023 17:27:05.825601",2.898353,77,0xe5c4,0xffff,0x8841,147,0xe5c4,0xfffc,0x1209,,,idle2.pcapng
"Oct 12, 2023 17:27:07.958562",2.132961,12,0x2cae,0x482d,0x8863,94,,,,,,idle2.pcapng
"Oct 12, 2023 17:27:07.959329",0.000767,5,,,0x0002,94,,,,,,idle2.pcapng
"Oct 12, 2023 17:27:08.323798",0.364469,77,0x0000,0xffff,0x8841,95,0x0000,0xfffc,0x1209,,,idle2.pcapng
"Oct 12, 2023 17:27:09.065745",,96,,,,,,,,,,idle2.pcapng
"Oct 12, 2023 17:27:10.202848",1.137103,68,0xebe5,0xffff,0x8841,122,0xebe5,0xfffc,0x1209,,,idle2.pcapng
"Oct 12, 2023 17:27:11.146055",0.943207,77,0x82eb,0xffff,0x8841,80,0x82eb,0xfffc,0x1209,,,idle2.pcapng
"Oct 12, 2023 17:27:11.512363",,96,,,,,,,,,,idle2.pcapng
"Oct 12, 2023 17:27:11.641125",0.128762,106,0x6e5f,0xffff,0x886a,163,,,,,,idle2.pcapng
"Oct 12, 2023 17:27:12.638436",,52,,,,,,,,,,idle2.pcapng
"Oct 12, 2023 17:27:12.640451",0.002015,5,,,0x0002,96,,,,,,idle2.pcapng
"Oct 12, 2023 17:27:12.648256",,63,,,,,,,,,,idle2.pcapng
"Oct 12, 2023 17:27:12.650654",0.002398,5,,,0x0002,79,,,,,,idle2.pcapng
"Oct 12, 2023 17:27:12.664221",,60,,,,,,,,,,idle2.pcapng
"Oct 12, 2023 17:27:12.666524",0.002303,5,,,0x0002,80,,,,,,idle2.pcapng
"Oct 12, 2023 17:27:12.684241",,52,,,,,,,,,,idle2.pcapng
"Oct 12, 2023 17:27:12.688772",,52,,,,,,,,,,idle2.pcapng
"Oct 12, 2023 17:27:12.690787",0.002015,5,,,0x0002,233,,,,,,idle2.pcapng
"Oct 12, 2023 17:27:12.695961",,45,,,,,,,,,,idle2.pcapng
"Oct 12, 2023 17:27:12.697742",0.001781,5,,,0x0002,98,,,,,,idle2.pcapng
"Oct 12, 2023 17:27:12.700908",0.003166,5,,,0x0002,164,,,,,,idle2.pcapng
"Oct 12, 2023 17:27:12.717654",,54,,,,,,,,,,idle2.pcapng
"Oct 12, 2023 17:27:12.719734",0.002080,5,,,0x0002,99,,,,,,idle2.pcapng
"Oct 12, 2023 17:27:12.727986",,66,,,,,,,,,,idle2.pcapng
"Oct 12, 2023 17:27:12.730481",0.002495,5,,,0x0002,81,,,,,,idle2.pcapng
"Oct 12, 2023 17:27:12.738010",,54,,,,,,,,,,idle2.pcapng
"Oct 12, 2023 17:27:12.740122",0.002112,5,,,0x0002,100,,,,,,idle2.pcapng
"Oct 12, 2023 17:27:12.744283",0.004161,54,0x482d,0x6e5f,0x8861,234,,,,,,idle2.pcapng
"Oct 12, 2023 17:27:12.746358",0.002075,5,,,0x0002,234,,,,,,idle2.pcapng
"Oct 12, 2023 17:27:12.754052",0.007694,106,0x6e5f,0x0000,0x886a,165,,,,,,idle2.pcapng
"Oct 12, 2023 17:27:12.759182",,66,,,,,,,,,,idle2.pcapng
"Oct 12, 2023 17:27:12.761677",0.002495,5,,,0x0002,165,,,,,,idle2.pcapng
"Oct 12, 2023 17:27:12.771535",,45,,,,,,,,,,idle2.pcapng
"Oct 12, 2023 17:27:12.773358",0.001823,5,,,0x0002,101,,,,,,idle2.pcapng
"Oct 12, 2023 17:27:12.776036",,45,,,,,,,,,,idle2.pcapng
"Oct 12, 2023 17:27:12.777828",0.001792,5,,,0x0002,235,,,,,,idle2.pcapng
"Oct 12, 2023 17:27:12.784602",,54,,,,,,,,,,idle2.pcapng
"Oct 12, 2023 17:27:12.786713",0.002111,5,,,0x0002,102,,,,,,idle2.pcapng
"Oct 12, 2023 17:27:12.790496",,54,,,,,,,,,,idle2.pcapng
"Oct 12, 2023 17:27:12.792576",0.002080,5,,,0x0002,184,,,,,,idle2.pcapng
"Oct 12, 2023 17:27:12.800433",,66,,,,,,,,,,idle2.pcapng
"Oct 12, 2023 17:27:12.802928",0.002495,5,,,0x0002,145,,,,,,idle2.pcapng
"Oct 12, 2023 17:27:12.807170",,45,,,,,,,,,,idle2.pcapng
"Oct 12, 2023 17:27:12.808953",0.001783,5,,,0x0002,103,,,,,,idle2.pcapng
"Oct 12, 2023 17:27:12.820270",,52,,,,,,,,,,idle2.pcapng
"Oct 12, 2023 17:27:12.822318",0.002048,5,,,0x0002,104,,,,,,idle2.pcapng
"Oct 12, 2023 17:27:12.825679",,52,,,,,,,,,,idle2.pcapng
"Oct 12, 2023 17:27:12.827694",0.002015,5,,,0x0002,185,,,,,,idle2.pcapng
"Oct 12, 2023 17:27:12.832314",,45,,,,,,,,,,idle2.pcapng
"Oct 12, 2023 17:27:12.834138",0.001824,5,,,0x0002,105,,,,,,idle2.pcapng
"Oct 12, 2023 17:27:12.834889",0.000751,107,0x77ac,0xffff,0x886b,132,,,,,,idle2.pcapng
"Oct 12, 2023 17:27:12.839500",0.004611,45,0x482d,0x6e5f,0x8861,236,,,,,,idle2.pcapng
"Oct 12, 2023 17:27:12.843192",,50,,,,,,,,,,idle2.pcapng
"Oct 12, 2023 17:27:12.845145",0.001953,5,,,0x0002,106,,,,,,idle2.pcapng
"Oct 12, 2023 17:27:12.845761",,63,,,,,,,,,,idle2.pcapng
"Oct 12, 2023 17:27:12.848160",0.002399,5,,,0x0002,146,,,,,,idle2.pcapng
"Oct 12, 2023 17:27:12.850659",,45,,,,,,,,,,idle2.pcapng
"Oct 12, 2023 17:27:12.852482",0.001823,5,,,0x0002,82,,,,,,idle2.pcapng
"Oct 12, 2023 17:27:12.855182",,45,,,,,,,,,,idle2.pcapng
"Oct 12, 2023 17:27:12.857005",0.001823,5,,,0x0002,107,,,,,,idle2.pcapng
"Oct 12, 2023 17:27:12.859324",,45,,,,,,,,,,idle2.pcapng
"Oct 12, 2023 17:27:12.861105",0.001781,5,,,0x0002,186,,,,,,idle2.pcapng
"Oct 12, 2023 17:27:12.871235",,45,,,,,,,,,,idle2.pcapng
"Oct 12, 2023 17:27:12.875898",,45,,,,,,,,,,idle2.pcapng
"Oct 12, 2023 17:27:12.877721",0.001823,5,,,0x0002,108,,,,,,idle2.pcapng
"Oct 12, 2023 17:27:12.880280",0.002559,45,0xa209,0xc8f0,0x8861,187,,,,,,idle2.pcapng
"Oct 12, 2023 17:27:12.990262",0.109982,12,0x2cae,0x482d,0x8863,95,,,,,,idle2.pcapng
"Oct 12, 2023 17:27:12.991029",0.000767,5,,,0x0002,95,,,,,,idle2.pcapng
"Oct 12, 2023 17:27:13.228109",0.237080,77,0x054f,0xffff,0x8841,76,0x054f,0xfffc,0x1209,,,idle2.pcapng
"Oct 12, 2023 17:27:14.418782",1.190673,77,0xe694,0xffff,0x8841,83,0xe694,0xfffc,0x1209,,,idle2.pcapng
"Oct 12, 2023 17:27:15.369914",0.951132,71,0xc8f0,0xffff,0x8841,147,0xc8f0,0xfffc,0x1209,,,idle2.pcapng
"Oct 12, 2023 17:27:18.021094",2.651180,12,0x2cae,0x482d,0x8863,96,,,,,,idle2.pcapng
"Oct 12, 2023 17:27:18.021861",0.000767,5,,,0x0002,96,,,,,,idle2.pcapng
"Oct 12, 2023 17:27:20.173331",,52,,,,,,,,,,idle2.pcapng
"Oct 12, 2023 17:27:20.175378",0.002047,5,,,0x0002,133,,,,,,idle2.pcapng
"Oct 12, 2023 17:27:20.188503",,45,,,,,,,,,,idle2.pcapng
"Oct 12, 2023 17:27:20.190285",0.001782,5,,,0x0002,109,,,,,,idle2.pcapng
"Oct 12, 2023 17:27:20.194332",,45,,,,,,,,,,idle2.pcapng
"Oct 12, 2023 17:27:20.196155",0.001823,5,,,0x0002,84,,,,,,idle2.pcapng
"Oct 12, 2023 17:27:20.216195",,50,,,,,,,,,,idle2.pcapng
"Oct 12, 2023 17:27:20.218143",0.001948,5,,,0x0002,110,,,,,,idle2.pcapng
"Oct 12, 2023 17:27:20.222902",,50,,,,,,,,,,idle2.pcapng
"Oct 12, 2023 17:27:20.224885",0.001983,5,,,0x0002,85,,,,,,idle2.pcapng
"Oct 12, 2023 17:27:20.232250",0.007365,45,0x09ac,0x0000,0x8861,134,,,,,,idle2.pcapng
"Oct 12, 2023 17:27:20.237320",,45,,,,,,,,,,idle2.pcapng
"Oct 12, 2023 17:27:20.239143",0.001823,5,,,0x0002,134,,,,,,idle2.pcapng
"Oct 12, 2023 17:27:21.527314",,60,,,,,,,,,,idle2.pcapng
"Oct 12, 2023 17:27:21.529617",0.002303,5,,,0x0002,166,,,,,,idle2.pcapng
"Oct 12, 2023 17:27:21.570568",,50,,,,,,,,,,idle2.pcapng
"Oct 12, 2023 17:27:21.572551",0.001983,5,,,0x0002,111,,,,,,idle2.pcapng
"Oct 12, 2023 17:27:21.576522",,50,,,,,,,,,,idle2.pcapng
"Oct 12, 2023 17:27:21.578476",0.001954,5,,,0x0002,237,,,,,,idle2.pcapng
"Oct 12, 2023 17:27:21.583685",,45,,,,,,,,,,idle2.pcapng
"Oct 12, 2023 17:27:21.585508",0.001823,5,,,0x0002,167,,,,,,idle2.pcapng
"Oct 12, 2023 17:27:23.083786",1.498278,12,0x2cae,0x482d,0x8863,97,,,,,,idle2.pcapng
"Oct 12, 2023 17:27:23.084554",0.000768,5,,,0x0002,97,,,,,,idle2.pcapng
"Oct 12, 2023 17:27:23.980435",0.895881,77,0xe5c4,0xffff,0x8841,148,0xe5c4,0xfffc,0x1209,,,idle2.pcapng
"Oct 12, 2023 17:27:24.322498",,53,,,,,,,,,,idle2.pcapng
"Oct 12, 2023 17:27:24.324547",0.002049,5,,,0x0002,1,,,,,,idle2.pcapng
"Oct 12, 2023 17:27:24.328331",,53,,,,,,,,,,idle2.pcapng
"Oct 12, 2023 17:27:24.330409",0.002078,5,,,0x0002,148,,,,,,idle2.pcapng
"Oct 12, 2023 17:27:24.829876",0.499467,12,0x265e,0xc8f0,0x8863,2,,,,,,idle2.pcapng
"Oct 12, 2023 17:27:24.830613",0.000737,5,,,0x0002,2,,,,,,idle2.pcapng
"Oct 12, 2023 17:27:25.224955",,53,,,,,,,,,,idle2.pcapng
"Oct 12, 2023 17:27:25.227033",0.002078,5,,,0x0002,123,,,,,,idle2.pcapng
"Oct 12, 2023 17:27:25.227952",,53,,,,,,,,,,idle2.pcapng
"Oct 12, 2023 17:27:25.230031",0.002079,5,,,0x0002,124,,,,,,idle2.pcapng
"Oct 12, 2023 17:27:25.230977",0.000946,68,0xebe5,0xffff,0x8841,125,0xebe5,0xfffc,0x1209,,,idle2.pcapng
"Oct 12, 2023 17:27:25.248817",,45,,,,,,,,,,idle2.pcapng
"Oct 12, 2023 17:27:25.250598",0.001781,5,,,0x0002,112,,,,,,idle2.pcapng
"Oct 12, 2023 17:27:25.254394",,45,,,,,,,,,,idle2.pcapng
"Oct 12, 2023 17:27:25.256181",0.001787,5,,,0x0002,86,,,,,,idle2.pcapng
"Oct 12, 2023 17:27:25.257275",,45,,,,,,,,,,idle2.pcapng
"Oct 12, 2023 17:27:25.259065",0.001790,5,,,0x0002,113,,,,,,idle2.pcapng
"Oct 12, 2023 17:27:25.262816",,45,,,,,,,,,,idle2.pcapng
"Oct 12, 2023 17:27:25.264602",0.001786,5,,,0x0002,87,,,,,,idle2.pcapng
"Oct 12, 2023 17:27:26.120889",0.856287,77,0x0000,0xffff,0x8841,114,0x0000,0xfffc,0x1209,,,idle2.pcapng
"Oct 12, 2023 17:27:26.155044",0.034155,77,0x82eb,0xffff,0x8841,81,0x82eb,0xfffc,0x1209,,,idle2.pcapng
"Oct 12, 2023 17:27:26.224475",,52,,,,,,,,,,idle2.pcapng
"Oct 12, 2023 17:27:26.226522",0.002047,5,,,0x0002,126,,,,,,idle2.pcapng
"Oct 12, 2023 17:27:26.239711",,45,,,,,,,,,,idle2.pcapng
"Oct 12, 2023 17:27:26.241494",0.001783,5,,,0x0002,115,,,,,,idle2.pcapng
"Oct 12, 2023 17:27:26.245360",,45,,,,,,,,,,idle2.pcapng
"Oct 12, 2023 17:27:26.247145",0.001785,5,,,0x0002,88,,,,,,idle2.pcapng
"Oct 12, 2023 17:27:26.624157",0.377012,74,0x6e5f,0xffff,0x8841,168,0x6e5f,0xfffc,0x1209,,,idle2.pcapng
"Oct 12, 2023 17:27:26.766439",0.142282,74,0xa209,0xffff,0x8841,188,0xa209,0xfffc,0x1209,,,idle2.pcapng
"Oct 12, 2023 17:27:27.139418",0.372979,74,0x09ac,0xffff,0x8841,135,0x09ac,0xfffc,0x1209,,,idle2.pcapng
"Oct 12, 2023 17:27:28.116827",0.977409,12,0x2cae,0x482d,0x8863,98,,,,,,idle2.pcapng
"Oct 12, 2023 17:27:28.117595",0.000768,5,,,0x0002,98,,,,,,idle2.pcapng
"Oct 12, 2023 17:27:29.495227",1.377632,77,0xe694,0xffff,0x8841,89,0xe694,0xfffc,0x1209,,,idle2.pcapng
"Oct 12, 2023 17:27:30.403058",0.907831,71,0xc8f0,0xffff,0x8841,149,0xc8f0,0xfffc,0x1209,,,idle2.pcapng
"Oct 12, 2023 17:27:30.977418",0.574360,77,0x054f,0xffff,0x8841,77,0x054f,0xfffc,0x1209,,,idle2.pcapng
"Oct 12, 2023 17:27:33.147659",2.170241,12,0x2cae,0x482d,0x8863,99,,,,,,idle2.pcapng
"Oct 12, 2023 17:27:33.148427",0.000768,5,,,0x0002,99,,,,,,idle2.pcapng
"Oct 12, 2023 17:27:38.179710",5.031283,12,0x2cae,0x482d,0x8863,100,,,,,,idle2.pcapng
"Oct 12, 2023 17:27:38.180478",0.000768,5,,,0x0002,100,,,,,,idle2.pcapng
"Oct 12, 2023 17:27:40.196108",2.015630,68,0xebe5,0xffff,0x8841,127,0xebe5,0xfffc,0x1209,,,idle2.pcapng
"Oct 12, 2023 17:27:41.162432",0.966324,77,0x82eb,0xffff,0x8841,82,0x82eb,0xfffc,0x1209,,,idle2.pcapng
"Oct 12, 2023 17:27:41.599685",0.437253,74,0x6e5f,0xffff,0x8841,169,0x6e5f,0xfffc,0x1209,,,idle2.pcapng
"Oct 12, 2023 17:27:42.068964",0.469279,106,0xe5c4,0xffff,0x886a,149,,,,,,idle2.pcapng
"Oct 12, 2023 17:27:42.092596",0.023632,74,0x09ac,0xffff,0x8841,136,0x09ac,0xfffc,0x1209,,,idle2.pcapng
"Oct 12, 2023 17:27:42.303403",0.210807,74,0xa209,0xffff,0x8841,189,0xa209,0xfffc,0x1209,,,idle2.pcapng
"Oct 12, 2023 17:27:42.647908",,52,,,,,,,,,,idle2.pcapng
"Oct 12, 2023 17:27:42.649923",0.002015,5,,,0x0002,116,,,,,,idle2.pcapng
"Oct 12, 2023 17:27:42.657775",,63,,,,,,,,,,idle2.pcapng
"Oct 12, 2023 17:27:42.660174",0.002399,5,,,0x0002,90,,,,,,idle2.pcapng
"Oct 12, 2023 17:27:42.682990",,52,,,,,,,,,,idle2.pcapng
"Oct 12, 2023 17:27:42.685037",0.002047,5,,,0x0002,117,,,,,,idle2.pcapng
"Oct 12, 2023 17:27:42.689764",,52,,,,,,,,,,idle2.pcapng
"Oct 12, 2023 17:27:42.691770",0.002006,5,,,0x0002,239,,,,,,idle2.pcapng
"Oct 12, 2023 17:27:42.695257",,45,,,,,,,,,,idle2.pcapng
"Oct 12, 2023 17:27:42.697050",0.001793,5,,,0x0002,118,,,,,,idle2.pcapng
"Oct 12, 2023 17:27:42.702000",0.004950,5,,,0x0002,170,,,,,,idle2.pcapng
"Oct 12, 2023 17:27:42.712242",,54,,,,,,,,,,idle2.pcapng
"Oct 12, 2023 17:27:42.714311",0.002069,5,,,0x0002,119,,,,,,idle2.pcapng
"Oct 12, 2023 17:27:42.723285",,66,,,,,,,,,,idle2.pcapng
"Oct 12, 2023 17:27:42.725780",0.002495,5,,,0x0002,91,,,,,,idle2.pcapng
"Oct 12, 2023 17:27:42.745919",,54,,,,,,,,,,idle2.pcapng
"Oct 12, 2023 17:27:42.748030",0.002111,5,,,0x0002,120,,,,,,idle2.pcapng
"Oct 12, 2023 17:27:42.753962",0.005932,5,,,0x0002,240,,,,,,idle2.pcapng
"Oct 12, 2023 17:27:42.759488",,45,,,,,,,,,,idle2.pcapng
"Oct 12, 2023 17:27:42.761926",,66,,,,,,,,,,idle2.pcapng
"Oct 12, 2023 17:27:42.764421",0.002495,5,,,0x0002,171,,,,,,idle2.pcapng
"Oct 12, 2023 17:27:42.766507",,45,,,,,,,,,,idle2.pcapng
"Oct 12, 2023 17:27:42.768299",0.001792,5,,,0x0002,241,,,,,,idle2.pcapng
"Oct 12, 2023 17:27:42.769681",,45,,,,,,,,,,idle2.pcapng
"Oct 12, 2023 17:27:42.771504",0.001823,5,,,0x0002,121,,,,,,idle2.pcapng
"Oct 12, 2023 17:27:42.782001",,54,,,,,,,,,,idle2.pcapng
"Oct 12, 2023 17:27:42.784112",0.002111,5,,,0x0002,122,,,,,,idle2.pcapng
"Oct 12, 2023 17:27:42.788262",,54,,,,,,,,,,idle2.pcapng
"Oct 12, 2023 17:27:42.790342",0.002080,5,,,0x0002,190,,,,,,idle2.pcapng
"Oct 12, 2023 17:27:42.795036",,45,,,,,,,,,,idle2.pcapng
"Oct 12, 2023 17:27:42.796828",0.001792,5,,,0x0002,123,,,,,,idle2.pcapng
"Oct 12, 2023 17:27:42.801631",,52,,,,,,,,,,idle2.pcapng
"Oct 12, 2023 17:27:42.811118",0.009487,5,,,0x0002,150,,,,,,idle2.pcapng
"Oct 12, 2023 17:27:42.816408",0.005290,5,,,0x0002,150,,,,,,idle2.pcapng
"Oct 12, 2023 17:27:42.817646",,52,,,,,,,,,,idle2.pcapng
"Oct 12, 2023 17:27:42.819693",0.002047,5,,,0x0002,124,,,,,,idle2.pcapng
"Oct 12, 2023 17:27:42.823466",,52,,,,,,,,,,idle2.pcapng
"Oct 12, 2023 17:27:42.825483",0.002017,5,,,0x0002,191,,,,,,idle2.pcapng
"Oct 12, 2023 17:27:42.832354",,45,,,,,,,,,,idle2.pcapng
"Oct 12, 2023 17:27:42.836383",,45,,,,,,,,,,idle2.pcapng
"Oct 12, 2023 17:27:42.838230",,63,,,,,,,,,,idle2.pcapng
"Oct 12, 2023 17:27:42.842968",0.004738,5,,,0x0002,242,,,,,,idle2.pcapng
"Oct 12, 2023 17:27:42.846972",,45,,,,,,,,,,idle2.pcapng
"Oct 12, 2023 17:27:42.851397",,45,,,,,,,,,,idle2.pcapng
"Oct 12, 2023 17:27:42.853220",0.001823,107,,,,,,,,,,idle2.pcapng
"Oct 12, 2023 17:27:42.859321",,45,,,,,,,,,,idle2.pcapng
"Oct 12, 2023 17:27:42.861144",0.001823,5,,,0x0002,126,,,,,,idle2.pcapng
"Oct 12, 2023 17:27:42.861631",0.000487,63,0xc8f0,0x0000,0x8861,152,,,,,,idle2.pcapng
"Oct 12, 2023 17:27:42.866393",0.004762,45,0xa209,0xc8f0,0x8861,192,,,,,,idle2.pcapng
"Oct 12, 2023 17:27:42.870784",0.004391,45,0xa209,0xc8f0,0x8861,192,,,,,,idle2.pcapng
"Oct 12, 2023 17:27:42.876624",,45,,,,,,,,,,idle2.pcapng
"Oct 12, 2023 17:27:42.879894",,63,,,,,,,,,,idle2.pcapng
"Oct 12, 2023 17:27:42.882293",0.002399,5,,,0x0002,153,,,,,,idle2.pcapng
"Oct 12, 2023 17:27:42.898398",,45,,,,,,,,,,idle2.pcapng
"Oct 12, 2023 17:27:42.900221",0.001823,5,,,0x0002,127,,,,,,idle2.pcapng
"Oct 12, 2023 17:27:42.906118",0.005897,5,,,0x0002,193,,,,,,idle2.pcapng
"Oct 12, 2023 17:27:42.917737",,45,,,,,,,,,,idle2.pcapng
"Oct 12, 2023 17:27:42.919519",0.001782,5,,,0x0002,194,,,,,,idle2.pcapng
"Oct 12, 2023 17:27:43.241184",0.321665,12,0x2cae,0x482d,0x8863,101,,,,,,idle2.pcapng
"Oct 12, 2023 17:27:43.241951",0.000767,5,,,0x0002,107,,,,,,idle2.pcapng
"Oct 12, 2023 17:27:43.938100",0.696149,77,0x0000,0xffff,0x8841,128,0x0000,0xfffc,0x1209,,,idle2.pcapng
"Oct 12, 2023 17:27:44.505898",0.567798,77,0xe694,0xffff,0x8841,92,0xe694,0xfffc,0x1209,,,idle2.pcapng
"Oct 12, 2023 17:27:45.354513",0.848615,71,0xc8f0,0xffff,0x8841,154,0xc8f0,0xfffc,0x1209,,,idle2.pcapng
"Oct 12, 2023 17:27:46.151033",0.796520,103,0x482d,0xffff,0x8867,243,,,,,,idle2.pcapng
"Oct 12, 2023 17:27:48.079885",1.928852,77,0x054f,0xffff,0x8841,78,0x054f,0xfffc,0x1209,,,idle2.pcapng
"Oct 12, 2023 17:27:48.273585",0.193700,12,0x2cae,0x482d,0x8863,102,,,,,,idle2.pcapng
"Oct 12, 2023 17:27:48.274352",0.000767,5,,,0x0002,102,,,,,,idle2.pcapng
"Oct 12, 2023 17:27:53.271770",4.997418,12,0x2cae,0x482d,0x8863,103,,,,,,idle2.pcapng
"Oct 12, 2023 17:27:53.272537",0.000767,5,,,0x0002,103,,,,,,idle2.pcapng
"Oct 12, 2023 17:27:55.194926",1.922389,68,0xebe5,0xffff,0x8841,128,0xebe5,0xfffc,0x1209,,,idle2.pcapng
"Oct 12, 2023 17:27:55.229310",,52,,,,,,,,,,idle2.pcapng
"Oct 12, 2023 17:27:55.231357",0.002047,5,,,0x0002,129,,,,,,idle2.pcapng
"Oct 12, 2023 17:27:55.232984",,53,,,,,,,,,,idle2.pcapng
"Oct 12, 2023 17:27:55.235063",0.002079,5,,,0x0002,130,,,,,,idle2.pcapng
"Oct 12, 2023 17:27:55.236000",,52,,,,,,,,,,idle2.pcapng
"Oct 12, 2023 17:27:55.238047",0.002047,5,,,0x0002,131,,,,,,idle2.pcapng
"Oct 12, 2023 17:27:55.262846",,45,,,,,,,,,,idle2.pcapng
"Oct 12, 2023 17:27:55.264639",0.001793,5,,,0x0002,129,,,,,,idle2.pcapng
"Oct 12, 2023 17:27:55.268659",,45,,,,,,,,,,idle2.pcapng
"Oct 12, 2023 17:27:55.270446",0.001787,5,,,0x0002,93,,,,,,idle2.pcapng
"Oct 12, 2023 17:27:55.275158",,45,,,,,,,,,,idle2.pcapng
"Oct 12, 2023 17:27:55.276942",0.001784,5,,,0x0002,130,,,,,,idle2.pcapng
"Oct 12, 2023 17:27:55.280938",,45,,,,,,,,,,idle2.pcapng
"Oct 12, 2023 17:27:55.282601",0.001663,5,,,0x0002,94,,,,,,idle2.pcapng
"Oct 12, 2023 17:27:55.285690",,45,,,,,,,,,,idle2.pcapng
"Oct 12, 2023 17:27:55.287482",0.001792,5,,,0x0002,131,,,,,,idle2.pcapng
"Oct 12, 2023 17:27:55.291433",,45,,,,,,,,,,idle2.pcapng
"Oct 12, 2023 17:27:55.293217",0.001784,5,,,0x0002,95,,,,,,idle2.pcapng
"Oct 12, 2023 17:27:56.148699",0.855482,77,0x82eb,0xffff,0x8841,83,0x82eb,0xfffc,0x1209,,,idle2.pcapng
"Oct 12, 2023 17:27:56.622226",0.473527,74,0x6e5f,0xffff,0x8841,172,0x6e5f,0xfffc,0x1209,,,idle2.pcapng
"Oct 12, 2023 17:27:57.521921",0.899695,74,0x09ac,0xffff,0x8841,137,0x09ac,0xfffc,0x1209,,,idle2.pcapng
"Oct 12, 2023 17:27:57.882928",0.361007,74,0xa209,0xffff,0x8841,195,0xa209,0xfffc,0x1209,,,idle2.pcapng
"Oct 12, 2023 17:27:58.336757",0.453829,12,0x2cae,0x482d,0x8863,104,,,,,,idle2.pcapng
"Oct 12, 2023 17:27:58.337524",0.000767,5,,,0x0002,104,,,,,,idle2.pcapng
"Oct 12, 2023 17:27:58.761914",0.424390,77,0x0000,0xffff,0x8841,132,0x0000,0xfffc,0x1209,,,idle2.pcapng
"Oct 12, 2023 17:27:59.458998",0.697084,77,0xe694,0xffff,0x8841,96,0xe694,0xfffc,0x1209,,,idle2.pcapng
"Oct 12, 2023 17:27:59.783495",0.324497,77,0xe5c4,0xffff,0x8841,150,0xe5c4,0xfffc,0x1209,,,idle2.pcapng
"Oct 12, 2023 17:27:59.790224",0.006729,60,0xc8f0,0x0000,0x8861,155,,,,,,idle2.pcapng
"Oct 12, 2023 17:27:59.792527",0.002303,5,,,0x0002,155,,,,,,idle2.pcapng
"Oct 12, 2023 17:27:59.795210",,60,,,,,,,,,,idle2.pcapng
"Oct 12, 2023 17:27:59.797513",0.002303,5,,,0x0002,155,,,,,,idle2.pcapng
"Oct 12, 2023 17:27:59.835229",,50,,,,,,,,,,idle2.pcapng
"Oct 12, 2023 17:27:59.837212",0.001983,5,,,0x0002,133,,,,,,idle2.pcapng
"Oct 12, 2023 17:27:59.840320",,50,,,,,,,,,,idle2.pcapng
"Oct 12, 2023 17:27:59.842273",0.001953,5,,,0x0002,196,,,,,,idle2.pcapng
"Oct 12, 2023 17:27:59.847597",0.005324,45,0xc8f0,0x0000,0x8861,156,,,,,,idle2.pcapng
"Oct 12, 2023 17:27:59.849420",0.001823,5,,,0x0002,156,,,,,,idle2.pcapng
"Oct 12, 2023 17:28:00.347335",0.497915,71,0xc8f0,0xffff,0x8841,157,0xc8f0,0xfffc,0x1209,,,idle2.pcapng
"Oct 12, 2023 17:28:01.627940",1.280605,77,0x482d,0xffff,0x8841,244,0x482d,0xfffc,0x1209,,,idle2.pcapng
"Oct 12, 2023 17:28:02.519921",0.891981,77,0x054f,0xffff,0x8841,79,0x054f,0xfffc,0x1209,,,idle2.pcapng
"Oct 12, 2023 17:28:03.365934",0.846013,12,0x2cae,0x482d,0x8863,105,,,,,,idle2.pcapng
"Oct 12, 2023 17:28:03.366701",0.000767,5,,,0x0002,105,,,,,,idle2.pcapng
"Oct 12, 2023 17:28:08.398443",5.031742,12,0x2cae,0x482d,0x8863,106,,,,,,idle2.pcapng
"Oct 12, 2023 17:28:08.399211",0.000768,5,,,0x0002,106,,,,,,idle2.pcapng
"Oct 12, 2023 17:28:10.267635",1.868424,68,0xebe5,0xffff,0x8841,132,0xebe5,0xfffc,0x1209,,,idle2.pcapng
"Oct 12, 2023 17:28:11.158327",0.890692,77,0x82eb,0xffff,0x8841,84,0x82eb,0xfffc,0x1209,,,idle2.pcapng
"Oct 12, 2023 17:28:11.265626",,54,,,,,,,,,,idle2.pcapng
"Oct 12, 2023 17:28:11.267723",0.002097,5,,,0x0002,134,,,,,,idle2.pcapng
"Oct 12, 2023 17:28:11.270981",,54,,,,,,,,,,idle2.pcapng
"Oct 12, 2023 17:28:11.273092",0.002111,5,,,0x0002,80,,,,,,idle2.pcapng
"Oct 12, 2023 17:28:11.278697",0.005605,55,0xe5c4,0x054f,0x8861,151,0xe5c4,0x0000,0x1a09,,,idle2.pcapng
"Oct 12, 2023 17:28:11.280826",0.002129,5,,,0x0002,151,,,,,,idle2.pcapng
"Oct 12, 2023 17:28:11.283492",0.002666,57,0x054f,0x0000,0x8861,81,0xe5c4,0x0000,0x1a09,,,idle2.pcapng
"Oct 12, 2023 17:28:11.285699",0.002207,5,,,0x0002,81,,,,,,idle2.pcapng
"Oct 12, 2023 17:28:11.325777",,53,,,,,,,,,,idle2.pcapng
"Oct 12, 2023 17:28:11.327842",0.002065,5,,,0x0002,152,,,,,,idle2.pcapng
"Oct 12, 2023 17:28:11.331079",,53,,,,,,,,,,idle2.pcapng
"Oct 12, 2023 17:28:11.333157",0.002078,5,,,0x0002,82,,,,,,idle2.pcapng
"Oct 12, 2023 17:28:11.373715",,54,,,,,,,,,,idle2.pcapng
"Oct 12, 2023 17:28:11.375812",0.002097,5,,,0x0002,135,,,,,,idle2.pcapng
"Oct 12, 2023 17:28:11.379355",,54,,,,,,,,,,idle2.pcapng
"Oct 12, 2023 17:28:11.381466",0.002111,5,,,0x0002,83,,,,,,idle2.pcapng
"Oct 12, 2023 17:28:11.385502",0.004036,55,0xe5c4,0x054f,0x8861,153,0xe5c4,0x0000,0x1a09,,,idle2.pcapng
"Oct 12, 2023 17:28:11.387632",0.002130,5,,,0x0002,153,,,,,,idle2.pcapng
"Oct 12, 2023 17:28:11.390268",0.002636,57,0x054f,0x0000,0x8861,84,0xe5c4,0x0000,0x1a09,,,idle2.pcapng
"Oct 12, 2023 17:28:11.392474",0.002206,5,,,0x0002,84,,,,,,idle2.pcapng
"Oct 12, 2023 17:28:11.433068",,53,,,,,,,,,,idle2.pcapng
"Oct 12, 2023 17:28:11.435133",0.002065,5,,,0x0002,154,,,,,,idle2.pcapng
"Oct 12, 2023 17:28:11.437098",,53,,,,,,,,,,idle2.pcapng
"Oct 12, 2023 17:28:11.439176",0.002078,5,,,0x0002,85,,,,,,idle2.pcapng
"Oct 12, 2023 17:28:11.626845",0.187669,74,0x6e5f,0xffff,0x8841,173,0x6e5f,0xfffc,0x1209,,,idle2.pcapng
"Oct 12, 2023 17:28:12.650880",,52,,,,,,,,,,idle2.pcapng
"Oct 12, 2023 17:28:12.652898",0.002018,5,,,0x0002,136,,,,,,idle2.pcapng
"Oct 12, 2023 17:28:12.661196",,63,,,,,,,,,,idle2.pcapng
"Oct 12, 2023 17:28:12.663594",0.002398,5,,,0x0002,97,,,,,,idle2.pcapng
"Oct 12, 2023 17:28:12.682451",,52,,,,,,,,,,idle2.pcapng
"Oct 12, 2023 17:28:12.684499",0.002048,5,,,0x0002,137,,,,,,idle2.pcapng
"Oct 12, 2023 17:28:12.687615",,52,,,,,,,,,,idle2.pcapng
"Oct 12, 2023 17:28:12.689631",0.002016,5,,,0x0002,245,,,,,,idle2.pcapng
"Oct 12, 2023 17:28:12.697229",,63,,,,,,,,,,idle2.pcapng
"Oct 12, 2023 17:28:12.699628",0.002399,5,,,0x0002,174,,,,,,idle2.pcapng
"Oct 12, 2023 17:28:12.703731",,45,,,,,,,,,,idle2.pcapng
"Oct 12, 2023 17:28:12.705525",0.001794,5,,,0x0002,138,,,,,,idle2.pcapng
"Oct 12, 2023 17:28:12.722255",,54,,,,,,,,,,idle2.pcapng
"Oct 12, 2023 17:28:12.724323",0.002068,5,,,0x0002,139,,,,,,idle2.pcapng
"Oct 12, 2023 17:28:12.732517",,66,,,,,,,,,,idle2.pcapng
"Oct 12, 2023 17:28:12.735012",0.002495,5,,,0x0002,98,,,,,,idle2.pcapng
"Oct 12, 2023 17:28:12.741745",,54,,,,,,,,,,idle2.pcapng
"Oct 12, 2023 17:28:12.743856",0.002111,5,,,0x0002,140,,,,,,idle2.pcapng
"Oct 12, 2023 17:28:12.748623",,54,,,,,,,,,,idle2.pcapng
"Oct 12, 2023 17:28:12.750703",0.002080,5,,,0x0002,246,,,,,,idle2.pcapng
"Oct 12, 2023 17:28:12.758407",,66,,,,,,,,,,idle2.pcapng
"Oct 12, 2023 17:28:12.760902",0.002495,5,,,0x0002,175,,,,,,idle2.pcapng
"Oct 12, 2023 17:28:12.762382",,45,,,,,,,,,,idle2.pcapng
"Oct 12, 2023 17:28:12.764205",0.001823,5,,,0x0002,141,,,,,,idle2.pcapng
"Oct 12, 2023 17:28:12.768466",,45,,,,,,,,,,idle2.pcapng
"Oct 12, 2023 17:28:12.770249",0.001783,5,,,0x0002,247,,,,,,idle2.pcapng
"Oct 12, 2023 17:28:12.777641",,54,,,,,,,,,,idle2.pcapng
"Oct 12, 2023 17:28:12.779753",0.002112,5,,,0x0002,142,,,,,,idle2.pcapng
"Oct 12, 2023 17:28:12.782795",,54,,,,,,,,,,idle2.pcapng
"Oct 12, 2023 17:28:12.784864",0.002069,5,,,0x0002,197,,,,,,idle2.pcapng
"Oct 12, 2023 17:28:12.790455",,52,,,,,,,,,,idle2.pcapng
"Oct 12, 2023 17:28:12.792502",0.002047,5,,,0x0002,143,,,,,,idle2.pcapng
"Oct 12, 2023 17:28:12.796497",0.003995,52,0xa209,0xc8f0,0x8861,198,,,,,,idle2.pcapng
"Oct 12, 2023 17:28:12.802202",,45,,,,,,,,,,idle2.pcapng
"Oct 12, 2023 17:28:12.803996",0.001794,5,,,0x0002,144,,,,,,idle2.pcapng
"Oct 12, 2023 17:28:12.811870",,45,,,,,,,,,,idle2.pcapng
"Oct 12, 2023 17:28:12.813694",0.001824,5,,,0x0032,145,,,,,,idle2.pcapng
"Oct 12, 2023 17:28:12.816248",,66,,,,,,,,,,idle2.pcapng
"Oct 12, 2023 17:28:12.818743",0.002495,5,,,0x0002,159,,,,,,idle2.pcapng
"Oct 12, 2023 17:28:12.819558",,52,,,,,,,,,,idle2.pcapng
"Oct 12, 2023 17:28:12.821573",0.002015,5,,,0x0002,198,,,,,,idle2.pcapng
"Oct 12, 2023 17:28:12.824880",0.003307,74,0xa209,0xffff,0x8841,199,0xa209,0xfffc,0x1209,,,idle2.pcapng
"Oct 12, 2023 17:28:12.827705",0.002825,45,0x482d,0x6e5f,0x8861,248,,,,,,idle2.pcapng
"Oct 12, 2023 17:28:12.829309",,63,,,,,,,,,,idle2.pcapng
"Oct 12, 2023 17:28:12.831708",0.002399,5,,,0x0002,160,,,,,,idle2.pcapng
"Oct 12, 2023 17:28:12.839164",0.007456,45,0x482d,0x6e5f,0x8861,248,,,,,,idle2.pcapng
"Oct 12, 2023 17:28:12.842675",,45,,,,,,,,,,idle2.pcapng
"Oct 12, 2023 17:28:12.844466",0.001791,5,,,0x0002,248,,,,,,idle2.pcapng
"Oct 12, 2023 17:28:12.844962",,63,,,,,,,,,,idle2.pcapng
"Oct 12, 2023 17:28:12.847361",0.002399,5,,,0x0002,160,,,,,,idle2.pcapng
"Oct 12, 2023 17:28:12.848781",,45,,,,,,,,,,idle2.pcapng
"Oct 12, 2023 17:28:12.850605",0.001824,5,,,0x0002,146,,,,,,idle2.pcapng
"Oct 12, 2023 17:28:12.854541",,45,,,,,,,,,,idle2.pcapng
"Oct 12, 2023 17:28:12.856333",0.001792,5,,,0x0002,200,,,,,,idle2.pcapng
"Oct 12, 2023 17:28:12.859257",,45,,,,,,,,,,idle2.pcapng
"Oct 12, 2023 17:28:12.861080",0.001823,5,,,0x0002,147,,,,,,idle2.pcapng
"Oct 12, 2023 17:28:12.864415",,45,,,,,,,,,,idle2.pcapng
"Oct 12, 2023 17:28:12.866208",0.001793,5,,,0x0002,201,,,,,,idle2.pcapng
"Oct 12, 2023 17:28:13.021771",0.155563,74,0x09ac,0xffff,0x8841,138,0x09ac,0xfffc,0x1209,,,idle2.pcapng
"Oct 12, 2023 17:28:13.430121",0.408350,12,0x2cae,0x482d,0x8863,107,,,,,,idle2.pcapng
"Oct 12, 2023 17:28:14.453167",1.023046,77,0xe694,0xffff,0x8841,99,0xe694,0xfffc,0x1209,,,idle2.pcapng
"Oct 12, 2023 17:28:16.009987",1.556820,77,0xe5c4,0xffff,0x8841,155,0xe5c4,0xfffc,0x1209,,,idle2.pcapng
"Oct 12, 2023 17:28:16.646656",0.636669,77,0x0000,0xffff,0x8841,148,0x0000,0xfffc,0x1209,,,idle2.pcapng
"Oct 12, 2023 17:28:17.262067",0.615411,77,0x482d,0xffff,0x8841,249,0x482d,0xfffc,0x1209,,,idle2.pcapng
"Oct 12, 2023 17:28:18.430920",1.168853,12,0x2cae,0x482d,0x8863,108,,,,,,idle2.pcapng
"Oct 12, 2023 17:28:18.431688",0.000768,5,,,0x0002,108,,,,,,idle2.pcapng
"Oct 12, 2023 17:28:18.701908",0.270220,77,0x054f,0xffff,0x8841,86,0x054f,0xfffc,0x1209,,,idle2.pcapng
"Oct 12, 2023 17:28:23.494078",4.792170,12,0x2cae,0x482d,0x8863,109,,,,,,idle2.pcapng
"Oct 12, 2023 17:28:23.494845",0.000767,5,,,0x0002,109,,,,,,idle2.pcapng
"Oct 12, 2023 17:28:25.240234",1.745389,107,0xebe5,0xffff,0x886b,133,,,,,,idle2.pcapng
"Oct 12, 2023 17:28:26.153555",0.913321,77,0x82eb,0xffff,0x8841,85,0x82eb,0xfffc,0x1209,,,idle2.pcapng
"Oct 12, 2023 17:28:26.672307",0.518752,74,0x6e5f,0xffff,0x8841,176,0x6e5f,0xfffc,0x1209,,,idle2.pcapng
"Oct 12, 2023 17:28:28.524125",1.851818,12,0x2cae,0x482d,0x8863,110,,,,,,idle2.pcapng
"Oct 12, 2023 17:28:28.524892",0.000767,5,,,0x0002,110,,,,,,idle2.pcapng
"Oct 12, 2023 17:28:28.762354",0.237462,74,0x09ac,0xffff,0x8841,139,0x09ac,0xfffc,0x1209,,,idle2.pcapng
"Oct 12, 2023 17:28:28.792046",0.029692,74,0xa209,0xffff,0x8841,202,0xa209,0xfffc,0x1209,,,idle2.pcapng
"Oct 12, 2023 17:28:29.518930",0.726884,77,0xe694,0xffff,0x8841,100,0xe694,0xfffc,0x1209,,,idle2.pcapng
"Oct 12, 2023 17:28:30.415306",0.896376,71,0xc8f0,0xffff,0x8841,162,0xc8f0,0xfffc,0x1209,,,idle2.pcapng
"Oct 12, 2023 17:28:30.737707",0.322401,77,0xe5c4,0xffff,0x8841,156,0xe5c4,0xfffc,0x1209,,,idle2.pcapng
"Oct 12, 2023 17:28:31.498059",0.760352,77,0x0000,0xffff,0x8841,149,0x0000,0xfffc,0x1209,,,idle2.pcapng
"Oct 12, 2023 17:28:32.035732",0.537673,77,0x482d,0xffff,0x8841,250,0x482d,0xfffc,0x1209,,,idle2.pcapng
"Oct 12, 2023 17:28:33.523330",1.487598,12,0x2cae,0x482d,0x8863,111,,,,,,idle2.pcapng
"Oct 12, 2023 17:28:34.735969",1.212639,77,0x054f,0xffff,0x8841,87,0x054f,0xfffc,0x1209,,,idle2.pcapng
"Oct 12, 2023 17:28:38.586657",3.850688,12,0x2cae,0x482d,0x8863,112,,,,,,idle2.pcapng
"Oct 12, 2023 17:28:38.587424",0.000767,5,,,,,,,,,,idle2.pcapng
"Oct 12, 2023 17:28:40.288159",1.700735,68,0xebe5,0xffff,0x8841,134,0xebe5,0xfffc,0x1209,,,idle2.pcapng
"Oct 12, 2023 17:28:41.159664",0.871505,77,0x82eb,0xffff,0x8841,86,0x82eb,0xfffc,0x1209,,,idle2.pcapng
"Oct 12, 2023 17:28:41.665973",0.506309,74,0x6e5f,0xffff,0x8841,177,0x6e5f,0xfffc,0x1209,,,idle2.pcapng
"Oct 12, 2023 17:28:42.649595",,52,,,,,,,,,,idle2.pcapng
"Oct 12, 2023 17:28:42.651611",0.002016,5,,,0x0002,150,,,,,,idle2.pcapng
"Oct 12, 2023 17:28:42.659429",,63,,,,,,,,,,idle2.pcapng
"Oct 12, 2023 17:28:42.661828",0.002399,5,,,0x0002,101,,,,,,idle2.pcapng
"Oct 12, 2023 17:28:42.685711",,52,,,,,,,,,,idle2.pcapng
"Oct 12, 2023 17:28:42.687758",0.002047,5,,,0x0002,151,,,,,,idle2.pcapng
"Oct 12, 2023 17:28:42.690792",0.003034,52,0x482d,0x6e5f,0x8861,251,,,,,,idle2.pcapng
"Oct 12, 2023 17:28:42.692798",0.002006,5,,,0x0002,251,,,,,,idle2.pcapng
"Oct 12, 2023 17:28:42.697615",,45,,,,,,,,,,idle2.pcapng
"Oct 12, 2023 17:28:42.699409",0.001794,5,,,0x0002,152,,,,,,idle2.pcapng
"Oct 12, 2023 17:28:42.700659",0.001250,63,0x6e5f,0x0007,0x8861,178,,,,,,idle2.pcapng
"Oct 12, 2023 17:28:42.703058",0.002399,5,,,0x0002,178,,,,,,idle2.pcapng
"Oct 12, 2023 17:28:42.713901",,54,,,,,,,,,,idle2.pcapng
"Oct 12, 2023 17:28:42.715972",0.002071,5,,,0x0002,153,,,,,,idle2.pcapng
"Oct 12, 2023 17:28:42.723866",,66,,,,,,,,,,idle2.pcapng
"Oct 12, 2023 17:28:42.726361",0.002495,5,,,0x0002,102,,,,,,idle2.pcapng
"Oct 12, 2023 17:28:42.747489",,54,,,,,,,,,,idle2.pcapng
"Oct 12, 2023 17:28:42.749601",0.002112,5,,,0x0002,154,,,,,,idle2.pcapng
"Oct 12, 2023 17:28:42.752976",0.003375,54,0x482d,0x6e5f,0x8861,252,,,,,,idle2.pcapng
"Oct 12, 2023 17:28:42.755054",0.002078,5,,,0x0002,252,,,,,,idle2.pcapng
"Oct 12, 2023 17:28:42.761550",,45,,,,,,,,,,idle2.pcapng
"Oct 12, 2023 17:28:42.768119",0.006569,107,0x6e5f,0x0000,0x886b,179,,,,,,idle2.pcapng
"Oct 12, 2023 17:28:42.773385",,66,,,,,,,,,,idle2.pcapng
"Oct 12, 2023 17:28:42.775880",0.002495,5,,,0x0002,179,,,,,,idle2.pcapng
"Oct 12, 2023 17:28:42.778646",,66,,,,,,,,,,idle2.pcapng
"Oct 12, 2023 17:28:42.781141",0.002495,5,,,0x0002,179,,,,,,idle2.pcapng
"Oct 12, 2023 17:28:42.784020",,45,,,,,,,,,,idle2.pcapng
"Oct 12, 2023 17:28:42.785844",0.001824,5,,,0x0002,155,,,,,,idle2.pcapng
"Oct 12, 2023 17:28:42.788970",0.003126,45,0x482d,0x6e5f,0x8861,253,,,,,,idle2.pcapng
"Oct 12, 2023 17:28:42.790752",0.001782,5,,,0x0002,253,,,,,,idle2.pcapng
"Oct 12, 2023 17:28:42.793238",,54,,,,,,,,,,idle2.pcapng
"Oct 12, 2023 17:28:42.795349",0.002111,5,,,0x0002,156,,,,,,idle2.pcapng
"Oct 12, 2023 17:28:42.797776",,54,,,,,,,,,,idle2.pcapng
"Oct 12, 2023 17:28:42.799855",0.002079,5,,,0x0002,203,,,,,,idle2.pcapng
"Oct 12, 2023 17:28:42.804107",,45,,,,,,,,,,idle2.pcapng
"Oct 12, 2023 17:28:42.805899",0.001792,5,,,0x0002,157,,,,,,idle2.pcapng
"Oct 12, 2023 17:28:42.807577",0.001678,107,0x70f0,0x0000,0x886b,69,,,,,,idle2.pcapng
"Oct 12, 2023 17:28:42.815226",0.007649,5,,,0x0002,163,,,,,,idle2.pcapng
"Oct 12, 2023 17:28:42.822278",,52,,,,,,,,,,idle2.pcapng
"Oct 12, 2023 17:28:42.824325",0.002047,5,,,0x0002,158,,,,,,idle2.pcapng
"Oct 12, 2023 17:28:42.827162",,52,,,,,,,,,,idle2.pcapng
"Oct 12, 2023 17:28:42.829179",0.002017,5,,,0x0002,204,,,,,,idle2.pcapng
"Oct 12, 2023 17:28:42.837092",,63,,,,,,,,,,idle2.pcapng
"Oct 12, 2023 17:28:42.839491",0.002399,5,,,0x0002,164,,,,,,idle2.pcapng
"Oct 12, 2023 17:28:42.843560",,45,,,,,,,,,,idle2.pcapng
"Oct 12, 2023 17:28:42.845383",0.001823,5,,,0x0002,159,,,,,,idle2.pcapng
"Oct 12, 2023 17:28:42.849074",0.003691,45,0x482d,0x6e5f,0x8861,158,,,,,,idle2.pcapng
"Oct 12, 2023 17:28:42.852610",,45,,,,,,,,,,idle2.pcapng
"Oct 12, 2023 17:28:42.854404",0.001794,5,,,0x0002,254,,,,,,idle2.pcapng
"Oct 12, 2023 17:28:42.855540",,45,,,,,,,,,,idle2.pcapng
"Oct 12, 2023 17:28:42.860619",0.005079,45,0xa209,0xc8f0,0x8861,205,,,,,,idle2.pcapng
"Oct 12, 2023 17:28:42.862412",0.001793,5,,,0x0002,205,,,,,,idle2.pcapng
"Oct 12, 2023 17:28:42.864421",,45,,,,,,,,,,idle2.pcapng
"Oct 12, 2023 17:28:42.866245",0.001824,5,,,0x0002,161,,,,,,idle2.pcapng
"Oct 12, 2023 17:28:42.870882",0.004637,45,0xa209,0xc8f0,0x8861,206,,,,,,idle2.pcapng
"Oct 12, 2023 17:28:42.874744",,45,,,,,,,,,,idle2.pcapng
"Oct 12, 2023 17:28:42.876536",0.001792,5,,,0x0002,206,,,,,,idle2.pcapng
"Oct 12, 2023 17:28:43.618418",0.741882,12,0x2cae,0x482d,0x8863,113,,,,,,idle2.pcapng
"Oct 12, 2023 17:28:43.619185",0.000767,5,,,0x0002,113,,,,,,idle2.pcapng
"Oct 12, 2023 17:28:44.539518",0.920333,77,0xe694,0xffff,0x8841,103,0xe694,0xfffc,0x1209,,,idle2.pcapng
"Oct 12, 2023 17:28:45.452971",0.913453,71,0xc8f0,0xffff,0x8841,165,0xc8f0,0xfffc,0x1209,,,idle2.pcapng
"Oct 12, 2023 17:28:47.572229",2.119258,77,0xe5c4,0xffff,0x8841,157,0xe5c4,0xfffc,0x1209,,,idle2.pcapng
"Oct 12, 2023 17:28:48.651145",1.078916,12,,,0x100a,114,,,,,,idle2.pcapng
"Oct 12, 2023 17:28:48.651912",0.000767,5,,,0x0002,114,,,,,,idle2.pcapng
"Oct 12, 2023 17:28:48.735508",0.083596,77,0x482d,0xffff,0x8841,255,0x482d,0xfffc,0x1209,,,idle2.pcapng
"Oct 12, 2023 17:28:49.075583",0.340075,77,0x0000,0xffff,0x8841,162,0x0000,0xfffc,0x1209,,,idle2.pcapng
"Oct 12, 2023 17:28:49.148736",0.073153,59,,,,,,,,,,idle2.pcapng
"Oct 12, 2023 17:28:53.712596",4.563860,12,0x2cae,0x482d,0x8863,115,,,,,,idle2.pcapng
"Oct 12, 2023 17:28:53.713363",0.000767,5,,,0x0002,115,,,,,,idle2.pcapng
"Oct 12, 2023 17:28:53.780703",,53,,,,,,,,,,idle2.pcapng
"Oct 12, 2023 17:28:53.782781",0.002078,5,,,0x0002,116,,,,,,idle2.pcapng
"Oct 12, 2023 17:28:53.789823",0.007042,57,0x482d,0x0000,0x8861,0,0x2cae,0x0000,0x1a09,,,idle2.pcapng
"Oct 12, 2023 17:28:53.792030",0.002207,5,,,0x0002,0,,,,,,idle2.pcapng
"Oct 12, 2023 17:28:53.793218",0.001188,12,0x2cae,0x482d,0x8863,117,,,,,,idle2.pcapng
"Oct 12, 2023 17:28:53.793985",0.000767,5,,,0x0002,117,,,,,,idle2.pcapng
"Oct 12, 2023 17:28:53.835553",,53,,,,,,,,,,idle2.pcapng
"Oct 12, 2023 17:28:53.837632",0.002079,5,,,0x0002,1,,,,,,idle2.pcapng
"Oct 12, 2023 17:28:53.877656",,54,,,,,,,,,,idle2.pcapng
"Oct 12, 2023 17:28:53.879768",0.002112,5,,,0x0002,163,,,,,,idle2.pcapng
"Oct 12, 2023 17:28:55.264142",1.384374,68,0xebe5,0xffff,0x8841,135,0xebe5,0xfffc,0x1209,,,idle2.pcapng
"Oct 12, 2023 17:28:55.275405",0.011263,12,0x2cae,0x482d,0x8863,118,,,,,,idle2.pcapng
"Oct 12, 2023 17:28:55.276173",0.000768,5,,,0x0012,118,,,,,,idle2.pcapng
"Oct 12, 2023 17:28:55.279451",,50,,,,,,,,,,idle2.pcapng
"Oct 12, 2023 17:28:55.281437",0.001986,5,,,0x0002,2,,,,,,idle2.pcapng
"Oct 12, 2023 17:28:55.284979",0.003542,12,0x2cae,0x482d,0x8863,119,,,,,,idle2.pcapng
"Oct 12, 2023 17:28:55.285746",0.000767,5,,,0x0002,119,,,,,,idle2.pcapng
"Oct 12, 2023 17:28:55.292684",,45,,,,,,,,,,idle2.pcapng
"Oct 12, 2023 17:28:55.294507",0.001823,5,,,0x0002,120,,,,,,idle2.pcapng
"Oct 12, 2023 17:28:55.298198",0.003691,57,0x482d,0x0000,0x8861,3,0x2cae,0x0000,0x1a09,,,idle2.pcapng
"Oct 12, 2023 17:28:55.300404",0.002206,5,,,0x0002,3,,,,,,idle2.pcapng
"Oct 12, 2023 17:28:55.305754",0.005350,12,0x2cae,0x482d,0x8863,121,,,,,,idle2.pcapng
"Oct 12, 2023 17:28:55.306522",0.000768,5,,,0x0002,121,,,,,,idle2.pcapng
"Oct 12, 2023 17:28:55.346484",,45,,,,,,,,,,idle2.pcapng
"Oct 12, 2023 17:28:55.348307",0.001823,5,,,0x0002,4,,,,,,idle2.pcapng
"Oct 12, 2023 17:28:56.158731",0.810424,77,0x82eb,0xffff,0x8841,87,0x82eb,0xfffc,0x1209,,,idle2.pcapng
"Oct 12, 2023 17:28:56.697075",0.538344,74,0x6e5f,0xffff,0x8841,180,0x6e5f,0xfffc,0x1209,,,idle2.pcapng
"Oct 12, 2023 17:28:58.134539",1.437464,74,0x09ac,0xffff,0x8841,141,0x09ac,0xfffc,0x1209,,,idle2.pcapng
"Oct 12, 2023 17:28:59.472024",1.337485,77,0xe694,0xffff,0x8841,104,0xe694,0xfffc,0x1209,,,idle2.pcapng
"Oct 12, 2023 17:29:00.336850",0.864826,12,0x2cae,0x482d,0x8863,122,,,,,,idle2.pcapng
"Oct 12, 2023 17:29:00.337617",0.000767,5,,,0x0002,122,,,,,,idle2.pcapng
"Oct 12, 2023 17:29:00.429255",0.091638,71,0xc8f0,0xffff,0x8841,166,0xc8f0,0xfffc,0x1209,,,idle2.pcapng
"Oct 12, 2023 17:29:01.019282",0.590027,74,0xa209,0xffff,0x8841,208,0xa209,0xfffc,0x1209,,,idle2.pcapng
"Oct 12, 2023 17:29:04.251286",3.232004,77,0xe5c4,0xffff,0x8841,158,0xe5c4,0xfffc,0x1209,,,idle2.pcapng
"Oct 12, 2023 17:29:04.888497",0.637211,77,0x054f,0xffff,0x8841,89,0x054f,0xfffc,0x1209,,,idle2.pcapng
"Oct 12, 2023 17:29:05.339366",0.450869,12,0x2cae,0x482d,0x8863,123,,,,,,idle2.pcapng
"Oct 12, 2023 17:29:05.584207",0.244841,77,0x0000,0xffff,0x8841,164,0x0000,0xfffc,0x1209,,,idle2.pcapng
"Oct 12, 2023 17:29:05.675859",0.091652,77,0x482d,0xffff,0x8841,5,0x482d,0xfffc,0x1209,,,idle2.pcapng
"Oct 12, 2023 17:29:06.353673",,59,,,,,,,,,,idle2.pcapng
"Oct 12, 2023 17:29:06.355943",0.002270,5,,,0x0002,90,,,,,,idle2.pcapng
"Oct 12, 2023 17:29:06.371413",,45,,,,,,,,,,idle2.pcapng
"Oct 12, 2023 17:29:06.373198",0.001785,5,,,0x0002,165,,,,,,idle2.pcapng
"Oct 12, 2023 17:29:06.376873",,45,,,,,,,,,,idle2.pcapng
"Oct 12, 2023 17:29:06.378683",0.001810,5,,,0x0002,105,,,,,,idle2.pcapng
"Oct 12, 2023 17:29:06.396356",,49,,,,,,,,,,idle2.pcapng
"Oct 12, 2023 17:29:06.398266",0.001910,5,,,0x0002,166,,,,,,idle2.pcapng
"Oct 12, 2023 17:29:06.402003",,49,,,,,,,,,,idle2.pcapng
"Oct 12, 2023 17:29:06.403940",0.001937,5,,,0x0002,106,,,,,,idle2.pcapng
"Oct 12, 2023 17:29:06.409495",,45,,,,,,,,,,idle2.pcapng
"Oct 12, 2023 17:29:06.411318",0.001823,5,,,0x0002,91,,,,,,idle2.pcapng
"Oct 12, 2023 17:29:10.237688",3.826370,68,0xebe5,0xffff,0x8841,136,0xebe5,0xfffc,0x1209,,,idle2.pcapng
"Oct 12, 2023 17:29:10.400082",0.162394,12,0x2cae,0x482d,0x8863,124,,,,,,idle2.pcapng
"Oct 12, 2023 17:29:10.400849",0.000767,5,,,0x0002,124,,,,,,idle2.pcapng
"Oct 12, 2023 17:29:11.161000",0.760151,77,0x82eb,0xffff,0x8841,88,0x82eb,0xfffc,0x1209,,,idle2.pcapng
"Oct 12, 2023 17:29:11.630687",0.469687,74,0x6e5f,0xffff,0x8841,181,0x6e5f,0xfffc,0x1209,,,idle2.pcapng
"Oct 12, 2023 17:29:12.654705",,52,,,,,,,,,,idle2.pcapng
"Oct 12, 2023 17:29:12.656722",0.002017,5,,,0x0002,167,,,,,,idle2.pcapng
"Oct 12, 2023 17:29:12.664851",,63,,,,,,,,,,idle2.pcapng
"Oct 12, 2023 17:29:12.667250",0.002399,5,,,0x0002,107,,,,,,idle2.pcapng
"Oct 12, 2023 17:29:12.690628",,52,,,,,,,,,,idle2.pcapng
"Oct 12, 2023 17:29:12.692676",0.002048,5,,,0x0002,168,,,,,,idle2.pcapng
"Oct 12, 2023 17:29:12.696966",,52,,,,,,,,,,idle2.pcapng
"Oct 12, 2023 17:29:12.698981",0.002015,5,,,0x0002,6,,,,,,idle2.pcapng
"Oct 12, 2023 17:29:12.703334",,45,,,,,,,,,,idle2.pcapng
"Oct 12, 2023 17:29:12.705126",0.001792,5,,,0x0002,169,,,,,,idle2.pcapng
"Oct 12, 2023 17:29:12.706903",,63,,,,,,,,,,idle2.pcapng
"Oct 12, 2023 17:29:12.709302",0.002399,5,,,0x0002,182,,,,,,idle2.pcapng
"Oct 12, 2023 17:29:12.718324",,54,,,,,,,,,,idle2.pcapng
"Oct 12, 2023 17:29:12.720394",0.002070,5,,,0x0002,170,,,,,,idle2.pcapng
"Oct 12, 2023 17:29:12.728538",,66,,,,,,,,,,idle2.pcapng
"Oct 12, 2023 17:29:12.731033",0.002495,5,,,0x0002,108,,,,,,idle2.pcapng
"Oct 12, 2023 17:29:12.751972",,54,,,,,,,,,,idle2.pcapng
"Oct 12, 2023 17:29:12.754083",0.002111,5,,,0x0002,171,,,,,,idle2.pcapng
"Oct 12, 2023 17:29:12.756469",,54,,,,,,,,,,idle2.pcapng
"Oct 12, 2023 17:29:12.758551",0.002082,5,,,0x0002,7,,,,,,idle2.pcapng
"Oct 12, 2023 17:29:12.766413",,66,,,,,,,,,,idle2.pcapng
"Oct 12, 2023 17:29:12.768908",0.002495,5,,,0x0002,183,,,,,,idle2.pcapng
"Oct 12, 2023 17:29:12.770592",,45,,,,,,,,,,idle2.pcapng
"Oct 12, 2023 17:29:12.772415",0.001823,5,,,0x0002,172,,,,,,idle2.pcapng
"Oct 12, 2023 17:29:12.775817",,45,,,,,,,,,,idle2.pcapng
"Oct 12, 2023 17:29:12.777609",0.001792,5,,,0x0002,8,,,,,,idle2.pcapng
"Oct 12, 2023 17:29:12.786714",,54,,,,,,,,,,idle2.pcapng
"Oct 12, 2023 17:29:12.788825",0.002111,5,,,0x0002,173,,,,,,idle2.pcapng
"Oct 12, 2023 17:29:12.791992",,54,,,,,,,,,,idle2.pcapng
"Oct 12, 2023 17:29:12.794071",0.002079,5,,,0x0002,209,,,,,,idle2.pcapng
"Oct 12, 2023 17:29:12.799506",,45,,,,,,,,,,idle2.pcapng
"Oct 12, 2023 17:29:12.801289",0.001783,5,,,0x0002,174,,,,,,idle2.pcapng
"Oct 12, 2023 17:29:12.801852",,66,,,,,,,,,,idle2.pcapng
"Oct 12, 2023 17:29:12.804347",0.002495,5,,,0x0002,167,,,,,,idle2.pcapng
"Oct 12, 2023 17:29:12.810168",,52,,,,,,,,,,idle2.pcapng
"Oct 12, 2023 17:29:12.812216",0.002048,5,,,0x0002,175,,,,,,idle2.pcapng
"Oct 12, 2023 17:29:12.824440",,45,,,,,,,,,,idle2.pcapng
"Oct 12, 2023 17:29:12.829199",,45,,,,,,,,,,idle2.pcapng
"Oct 12, 2023 17:29:12.832759",,45,,,,,,,,,,idle2.pcapng
"Oct 12, 2023 17:29:12.834582",0.001823,5,,,0x0002,176,,,,,,idle2.pcapng
"Oct 12, 2023 17:29:12.834989",,63,,,,,,,,,,idle2.pcapng
"Oct 12, 2023 17:29:12.837387",0.002398,5,,,0x0002,168,,,,,,idle2.pcapng
"Oct 12, 2023 17:29:12.838959",0.001572,45,0x450a,0x6e5f,0x8861,9,,,,,,idle2.pcapng
"Oct 12, 2023 17:29:12.843225",,45,,,,,,,,,,idle2.pcapng
"Oct 12, 2023 17:29:12.845048",0.001823,5,,,0x0002,177,,,,,,idle2.pcapng
"Oct 12, 2023 17:29:12.846180",,45,,,,,,,,,,idle2.pcapng
"Oct 12, 2023 17:29:12.852654",0.006474,45,0x0209,0xc8f0,0x8861,211,,,,,,idle2.pcapng
"Oct 12, 2023 17:29:12.855942",,45,,,,,,,,,,idle2.pcapng
"Oct 12, 2023 17:29:12.857765",0.001823,5,,,0x0002,178,,,,,,idle2.pcapng
"Oct 12, 2023 17:29:12.858378",,63,,,,,,,,,,idle2.pcapng
"Oct 12, 2023 17:29:12.860776",0.002398,5,,,0x0002,169,,,,,,idle2.pcapng
"Oct 12, 2023 17:29:12.863488",,45,,,,,,,,,,idle2.pcapng
"Oct 12, 2023 17:29:12.865280",0.001792,5,,,0x0002,211,,,,,,idle2.pcapng
"Oct 12, 2023 17:29:12.868228",,45,,,,,,,,,,idle2.pcapng
"Oct 12, 2023 17:29:12.870021",0.001793,5,,,0x0002,212,,,,,,idle2.pcapng
"Oct 12, 2023 17:29:12.877121",,45,,,,,,,,,,idle2.pcapng
"Oct 12, 2023 17:29:12.878944",0.001823,5,,,0x0002,179,,,,,,idle2.pcapng
"Oct 12, 2023 17:29:12.882675",,45,,,,,,,,,,idle2.pcapng
"Oct 12, 2023 17:29:12.884457",0.001782,5,,,0x0002,213,,,,,,idle2.pcapng
"Oct 12, 2023 17:29:14.477060",1.592603,77,0xe694,0xffff,0x8841,109,0xe694,0xfffc,0x1209,,,idle2.pcapng
"Oct 12, 2023 17:29:15.463379",0.986319,12,0x2cae,0x482d,0x8863,125,,,,,,idle2.pcapng
"Oct 12, 2023 17:29:15.464146",0.000767,5,,,0x0002,125,,,,,,idle2.pcapng
"Oct 12, 2023 17:29:15.503209",0.039063,74,0x09ac,0xffff,0x8841,142,0x09ac,0xfffc,0x1209,,,idle2.pcapng
"Oct 12, 2023 17:29:18.131479",2.628270,74,0xa209,0xffff,0x8841,214,0xa209,0xfffc,0x1209,,,idle2.pcapng
"Oct 12, 2023 17:29:19.760086",1.628607,77,0x0000,0xffff,0x8841,180,0x0000,0xfffc,0x1209,,,idle2.pcapng
"Oct 12, 2023 17:29:20.463538",0.703452,12,0x2cae,0x482d,0x8863,126,,,,,,idle2.pcapng
"Oct 12, 2023 17:29:20.464306",0.000768,5,,,0x0002,126,,,,,,idle2.pcapng
"Oct 12, 2023 17:29:20.646858",0.182552,77,0xe5c4,0xffff,0x8841,159,0xe5c4,0xfffc,0x1209,,,idle2.pcapng
"Oct 12, 2023 17:29:22.022844",1.375986,77,0x054f,0xffff,0x8841,92,0x054f,0xfffc,0x1209,,,idle2.pcapng
"Oct 12, 2023 17:29:23.530905",1.508061,77,0x482d,0xffff,0x8841,10,0x482d,0xfffc,0x1209,,,idle2.pcapng
"Oct 12, 2023 17:29:25.261453",1.730548,68,0xebe5,0xffff,0x8841,137,0xebe5,0xfffc,0x1209,,,idle2.pcapng
"Oct 12, 2023 17:29:25.527283",0.265830,12,0x2cae,0x482d,0x8863,127,,,,,,idle2.pcapng
"Oct 12, 2023 17:29:25.528050",0.000767,5,,,0x0002,127,,,,,,idle2.pcapng
"Oct 12, 2023 17:29:26.171588",0.643538,77,0x82eb,0xffff,0x8841,89,0x82eb,0xfffc,0x1209,,,idle2.pcapng
"Oct 12, 2023 17:29:26.716499",0.544911,74,0x6e5f,0xffff,0x8841,184,0x6e5f,0xfffc,0x1209,,,idle2.pcapng
"Oct 12, 2023 17:29:29.474733",2.758234,77,0xe694,0xffff,0x8841,110,0xe694,0xfffc,0x1209,,,idle2.pcapng
"Oct 12, 2023 17:29:30.329341",0.854608,74,0x09ac,0xffff,0x8841,143,0x09ac,0xfffc,0x1209,,,idle2.pcapng
"Oct 12, 2023 17:29:30.449082",0.119741,71,0xc8f0,0xffff,0x8841,171,0xc8f0,0xfffc,0x1209,,,idle2.pcapng
"Oct 12, 2023 17:29:30.527701",0.078619,12,0x2cae,0x482d,0x8863,128,,,,,,idle2.pcapng
"Oct 12, 2023 17:29:30.528468",0.000767,5,,,0x0002,128,,,,,,idle2.pcapng
"Oct 12, 2023 17:29:33.236864",2.708396,74,0xa209,0xffff,0x8841,215,0xa209,0xfffc,0x1209,,,idle2.pcapng
"Oct 12, 2023 17:29:35.558914",2.322050,12,0x2cae,0x482d,0x8863,129,,,,,,idle2.pcapng
"Oct 12, 2023 17:29:35.703568",0.144654,77,0xe5c4,0xffff,0x8841,160,0xe5c4,0xfffc,0x1209,,,idle2.pcapng
"Oct 12, 2023 17:29:36.991381",1.287813,77,0x0000,0xffff,0x8841,181,0x0000,0xfffc,0x1209,,,idle2.pcapng
"Oct 12, 2023 17:29:38.128316",1.136935,77,0x054f,0xffff,0x8841,93,0x054f,0xfffc,0x1209,,,idle2.pcapng
"Oct 12, 2023 17:29:38.216414",,50,,,,,,,,,,idle2.pcapng
"Oct 12, 2023 17:29:38.218397",0.001983,5,,,0x0002,182,,,,,,idle2.pcapng
"Oct 12, 2023 17:29:38.222484",0.004087,55,0xa209,0x0000,0x8861,216,0xa209,0x0000,0x1a09,,,idle2.pcapng
"Oct 12, 2023 17:29:38.224627",0.002143,5,,,0x0002,216,,,,,,idle2.pcapng
"Oct 12, 2023 17:29:38.270590",0.045963,53,0xa209,0x0000,0x8861,217,,,,,,idle2.pcapng
"Oct 12, 2023 17:29:38.276001",,53,,,,,,,,,,idle2.pcapng
"Oct 12, 2023 17:29:38.278080",0.002079,5,,,0x0002,217,,,,,,idle2.pcapng
"Oct 12, 2023 17:29:38.319564",,50,,,,,,,,,,idle2.pcapng
"Oct 12, 2023 17:29:38.321547",0.001983,5,,,0x0002,183,,,,,,idle2.pcapng
"Oct 12, 2023 17:29:38.326877",0.005330,55,0xa209,0x0000,0x8861,218,0xa209,0x0000,0x1a09,,,idle2.pcapng
"Oct 12, 2023 17:29:38.329020",0.002143,5,,,0x0002,218,,,,,,idle2.pcapng
"Oct 12, 2023 17:29:38.373830",0.044810,53,0xa209,0x0000,0x8861,219,,,,,,idle2.pcapng
"Oct 12, 2023 17:29:38.379276",0.005446,53,0xa209,0x0000,0x8861,219,,,,,,idle2.pcapng
"Oct 12, 2023 17:29:38.381354",0.002078,5,,,0x0002,219,,,,,,idle2.pcapng
"Oct 12, 2023 17:29:40.212380",1.831026,68,0xebe5,0xffff,0x8841,138,0xebe5,0xfffc,0x1209,,,idle2.pcapng
"Oct 12, 2023 17:29:40.499572",0.287192,92,0x482d,0xffff,0x885c,11,,,,,,idle2.pcapng
"Oct 12, 2023 17:29:40.622010",0.122438,12,0x2cae,0x482d,0x8863,130,,,,,,idle2.pcapng
"Oct 12, 2023 17:29:40.622777",0.000767,5,,,0x0002,130,,,,,,idle2.pcapng
"Oct 12, 2023 17:29:41.162976",0.540199,77,0x82eb,0xffff,0x8841,90,0x82eb,0xfffc,0x1209,,,idle2.pcapng
"Oct 12, 2023 17:29:41.700875",0.537899,74,0x6e5f,0xffff,0x8841,185,0x6e5f,0xfffc,0x1209,,,idle2.pcapng
"Oct 12, 2023 17:29:42.655341",,52,,,,,,,,,,idle2.pcapng
"Oct 12, 2023 17:29:42.657356",0.002015,5,,,0x0002,184,,,,,,idle2.pcapng
"Oct 12, 2023 17:29:42.665279",,63,,,,,,,,,,idle2.pcapng
"Oct 12, 2023 17:29:42.667678",0.002399,5,,,0x0002,111,,,,,,idle2.pcapng
"Oct 12, 2023 17:29:42.688630",,52,,,,,,,,,,idle2.pcapng
"Oct 12, 2023 17:29:42.690677",0.002047,5,,,0x0002,185,,,,,,idle2.pcapng
"Oct 12, 2023 17:29:42.695002",,52,,,,,,,,,,idle2.pcapng
"Oct 12, 2023 17:29:42.697008",0.002006,5,,,0x0002,12,,,,,,idle2.pcapng
"Oct 12, 2023 17:29:42.699485",,45,,,,,,,,,,idle2.pcapng
"Oct 12, 2023 17:29:42.701278",0.001793,5,,,0x0002,186,,,,,,idle2.pcapng
"Oct 12, 2023 17:29:42.704727",,63,,,,,,,,,,idle2.pcapng
"Oct 12, 2023 17:29:42.707126",0.002399,5,,,0x0002,186,,,,,,idle2.pcapng
"Oct 12, 2023 17:29:42.709790",,54,,,,,,,,,,idle2.pcapng
"Oct 12, 2023 17:29:42.711861",0.002071,5,,,0x0002,187,,,,,,idle2.pcapng
"Oct 12, 2023 17:29:42.719715",,66,,,,,,,,,,idle2.pcapng
"Oct 12, 2023 17:29:42.722210",0.002495,5,,,0x0002,112,,,,,,idle2.pcapng
"Oct 12, 2023 17:29:42.749659",,54,,,,,,,,,,idle2.pcapng
"Oct 12, 2023 17:29:42.751770",0.002111,5,,,0x0002,188,,,,,,idle2.pcapng
"Oct 12, 2023 17:29:42.754311",,54,,,,,,,,,,idle2.pcapng
"Oct 12, 2023 17:29:42.756389",0.002078,5,,,0x0002,13,,,,,,idle2.pcapng
"Oct 12, 2023 17:29:42.764141",,66,,,,,,,,,,idle2.pcapng
"Oct 12, 2023 17:29:42.766636",0.002495,5,,,0x0002,187,,,,,,idle2.pcapng
"Oct 12, 2023 17:29:42.768794",,45,,,,,,,,,,idle2.pcapng
"Oct 12, 2023 17:29:42.770617",0.001823,5,,,0x0002,189,,,,,,idle2.pcapng
"Oct 12, 2023 17:29:42.776115",0.005498,5,,,0x0002,14,,,,,,idle2.pcapng
"Oct 12, 2023 17:29:42.784388",,45,,,,,,,,,,idle2.pcapng
"Oct 12, 2023 17:29:42.786181",0.001793,5,,,0x0002,190,,,,,,idle2.pcapng
"Oct 12, 2023 17:29:42.792381",,54,,,,,,,,,,idle2.pcapng
"Oct 12, 2023 17:29:42.794492",0.002111,5,,,0x0002,191,,,,,,idle2.pcapng
"Oct 12, 2023 17:29:42.797025",0.002533,54,,,0x0045,70,,,,,,idle2.pcapng
"Oct 12, 2023 17:29:42.800269",,54,,,,,,,,,,idle2.pcapng
"Oct 12, 2023 17:29:42.802349",0.002080,5,,,0x0002,220,,,,,,idle2.pcapng
"Oct 12, 2023 17:29:42.804579",,52,,,,,,,,,,idle2.pcapng
"Oct 12, 2023 17:29:42.806626",0.002047,5,,,0x0002,192,,,,,,idle2.pcapng
"Oct 12, 2023 17:29:42.810220",0.003594,103,0xc8f0,0x0000,0x8867,172,,,,,,idle2.pcapng
"Oct 12, 2023 17:29:42.817868",0.007648,5,,,0x0002,172,,,,,,idle2.pcapng
"Oct 12, 2023 17:29:42.820665",0.002797,107,0xc8f0,0x0000,0x886b,172,,,,,,idle2.pcapng
"Oct 12, 2023 17:29:42.823160",0.002495,5,,,0x0002,172,,,,,,idle2.pcapng
"Oct 12, 2023 17:29:42.825931",,66,,,,,,,,,,idle2.pcapng
"Oct 12, 2023 17:29:42.828426",0.002495,5,,,0x0002,172,,,,,,idle2.pcapng
"Oct 12, 2023 17:29:42.830932",,45,,,,,,,,,,idle2.pcapng
"Oct 12, 2023 17:29:42.832756",0.001824,5,,,0x0002,193,,,,,,idle2.pcapng
"Oct 12, 2023 17:29:42.833679",,66,,,,,,,,,,idle2.pcapng
"Oct 12, 2023 17:29:42.836174",0.002495,5,,,0x0002,173,,,,,,idle2.pcapng
"Oct 12, 2023 17:29:42.837620",,45,,,,,,,,,,idle2.pcapng
"Oct 12, 2023 17:29:42.839413",0.001793,5,,,0x0002,15,,,,,,idle2.pcapng
"Oct 12, 2023 17:29:42.841408",,45,,,,,,,,,,idle2.pcapng
"Oct 12, 2023 17:29:42.843231",0.001823,5,,,0x0002,194,,,,,,idle2.pcapng
"Oct 12, 2023 17:29:42.848031",0.004800,5,,,0x0002,222,,,,,,idle2.pcapng
"Oct 12, 2023 17:29:42.852834",,45,,,,,,,,,,idle2.pcapng
"Oct 12, 2023 17:29:42.854657",0.001823,5,,,0x0002,195,,,,,,idle2.pcapng
"Oct 12, 2023 17:29:42.859339",,45,,,,,,,,,,idle2.pcapng
"Oct 12, 2023 17:29:42.861132",0.001793,5,,,0x0002,223,,,,,,idle2.pcapng
"Oct 12, 2023 17:29:42.866723",,52,,,,,,,,,,idle2.pcapng
"Oct 12, 2023 17:29:42.868732",0.002009,5,,,0x0002,224,,,,,,idle2.pcapng
"Oct 12, 2023 17:29:42.876601",0.007869,63,0xc8f0,0x0000,0x8861,174,,,,,,idle2.pcapng
"Oct 12, 2023 17:29:42.881726",0.005125,63,,,0x2861,29,,,,,,idle2.pcapng
"Oct 12, 2023 17:29:42.886987",,63,,,,,,,,,,idle2.pcapng
"Oct 12, 2023 17:29:42.889386",0.002399,5,,,0x0002,174,,,,,,idle2.pcapng
"Oct 12, 2023 17:29:42.906129",,45,,,,,,,,,,idle2.pcapng
"Oct 12, 2023 17:29:42.907952",0.001823,5,,,0x0003,196,,,,,,idle2.pcapng
"Oct 12, 2023 17:29:42.910936",,45,,,,,,,,,,idle2.pcapng
"Oct 12, 2023 17:29:42.912718",0.001782,5,,,0x0002,225,,,,,,idle2.pcapng
"Oct 12, 2023 17:29:44.471198",1.558480,77,0xe694,0xffff,0x8841,113,0xe694,0xfffc,0x1209,,,idle2.pcapng
"Oct 12, 2023 17:29:44.819664",0.348466,74,0x09ac,0xffff,0x8841,144,0x09ac,0xfffc,0x1209,,,idle2.pcapng
"Oct 12, 2023 17:29:45.466644",0.646980,71,0xc8f0,0xffff,0x8841,175,0xc8f0,0xfffc,0x1209,,,idle2.pcapng
"Oct 12, 2023 17:29:45.620196",0.153552,12,0x2cae,0x482d,0x8863,131,,,,,,idle2.pcapng
"Oct 12, 2023 17:29:45.620963",0.000767,5,,,0x0002,131,,,,,,idle2.pcapng
"Oct 12, 2023 17:29:50.653527",5.032564,12,0x2cae,0x482d,0x8863,132,,,,,,idle2.pcapng
"Oct 12, 2023 17:29:50.654295",0.000768,5,,,0x0002,132,,,,,,idle2.pcapng
"Oct 12, 2023 17:29:51.289193",0.634898,74,0xa209,0xffff,0x8841,226,0xa209,0xfffc,0x1209,,,idle2.pcapng
"Oct 12, 2023 17:29:51.847551",0.558358,77,0x0000,0xffff,0x8841,197,0x0000,0xfffc,0x1209,,,idle2.pcapng
"Oct 12, 2023 17:29:52.770086",0.922535,77,0x054f,0xffff,0x8841,94,0x054f,0xfffc,0x1209,,,idle2.pcapng
"Oct 12, 2023 17:29:52.797178",,60,,,,,,,,,,idle2.pcapng
"Oct 12, 2023 17:29:52.799481",0.002303,5,,,0x0002,114,,,,,,idle2.pcapng
"Oct 12, 2023 17:29:52.840659",,50,,,,,,,,,,idle2.pcapng
"Oct 12, 2023 17:29:52.842610",0.001951,5,,,0x0002,198,,,,,,idle2.pcapng
"Oct 12, 2023 17:29:52.847919",,45,,,,,,,,,,idle2.pcapng
"Oct 12, 2023 17:29:52.849741",0.001822,5,,,0x0002,115,,,,,,idle2.pcapng
"Oct 12, 2023 17:29:53.792181",0.942440,77,0xe5c4,0xffff,0x8841,161,0xe5c4,0xfffc,0x1209,,,idle2.pcapng
"Oct 12, 2023 17:29:55.288960",1.496779,68,0xebe5,0xffff,0x8841,139,0xebe5,0xfffc,0x1209,,,idle2.pcapng
"Oct 12, 2023 17:29:55.714305",0.425345,12,0x2cae,0x482d,0x8863,133,,,,,,idle2.pcapng
"Oct 12, 2023 17:29:55.715072",0.000767,5,,,0x0002,133,,,,,,idle2.pcapng
"Oct 12, 2023 17:29:56.167484",0.452412,77,0x82eb,0xffff,0x8841,91,0x82eb,0xfffc,0x1209,,,idle2.pcapng
"Oct 12, 2023 17:29:56.626552",0.459068,107,0x6e5f,0xffff,0x886b,188,,,,,,idle2.pcapng
"Oct 12, 2023 17:29:57.720313",1.093761,77,0x482d,0xffff,0x8841,16,0x482d,0xfffc,0x1209,,,idle2.pcapng
"Oct 12, 2023 17:29:59.473477",1.753164,77,0xe694,0xffff,0x8841,116,0xe694,0xfffc,0x1209,,,idle2.pcapng
"Oct 12, 2023 17:30:00.382628",0.909151,71,0xc8f0,0xffff,0x8841,176,0xc8f0,0xfffc,0x1209,,,idle2.pcapng
"Oct 12, 2023 17:30:00.746640",0.364012,12,0x2cae,0x482d,0x8863,134,,,,,,idle2.pcapng
"Oct 12, 2023 17:30:00.747407",0.000767,5,,,0x0002,134,,,,,,idle2.pcapng
"Oct 12, 2023 17:30:00.760088",0.012681,74,0x09ac,0xffff,0x8841,145,0x09ac,0xfffc,0x1209,,,idle2.pcapng
"Oct 12, 2023 17:30:05.777152",5.017064,12,0x2cae,0x482d,0x8863,135,,,,,,idle2.pcapng
"Oct 12, 2023 17:30:05.881141",0.103989,77,0x0000,0xffff,0x8841,199,0x0000,0xfffc,0x1209,,,idle2.pcapng
"Oct 12, 2023 17:30:06.573419",0.692278,71,0xa209,0xffff,0x8841,227,0xa209,0xfffc,0x1209,,,idle2.pcapng
"Oct 12, 2023 17:30:09.347739",2.774320,5,,,0x0002,189,,,,,,idle2.pcapng
"Oct 12, 2023 17:30:09.389259",,50,,,,,,,,,,idle2.pcapng
"Oct 12, 2023 17:30:09.391242",0.001983,5,,,0x0002,200,,,,,,idle2.pcapng
"Oct 12, 2023 17:30:09.395636",,50,,,,,,,,,,idle2.pcapng
"Oct 12, 2023 17:30:09.397590",0.001954,5,,,0x0002,17,,,,,,idle2.pcapng
"Oct 12, 2023 17:30:09.402639",0.005049,45,0x6e5f,0x0000,0x8861,190,,,,,,idle2.pcapng
"Oct 12, 2023 17:30:09.407312",,45,,,,,,,,,,idle2.pcapng
"Oct 12, 2023 17:30:09.409134",0.001822,5,,,0x0002,190,,,,,,idle2.pcapng
"Oct 12, 2023 17:30:09.612590",0.203456,77,0x054f,0xffff,0x8841,95,0x054f,0xfffc,0x1209,,,idle2.pcapng
"Oct 12, 2023 17:30:10.277600",0.665010,68,0xebe5,0xffff,0x8841,140,0xebe5,0xfffc,0x1209,,,idle2.pcapng
"Oct 12, 2023 17:30:10.841154",0.563554,12,0x2cae,0x482d,0x8863,136,,,,,,idle2.pcapng
"Oct 12, 2023 17:30:11.163031",0.321877,77,0x82eb,0xffff,0x8841,92,0x82eb,0xfffc,0x1209,,,idle2.pcapng
"Oct 12, 2023 17:30:11.507542",0.344511,77,0xe5c4,0xffff,0x8841,162,0xe5c4,0xfffc,0x1209,,,idle2.pcapng
"Oct 12, 2023 17:30:11.695320",0.187778,74,0x6e5f,0xffff,0x8841,191,0x6e5f,0xfffc,0x1209,,,idle2.pcapng
"Oct 12, 2023 17:30:12.657075",,52,,,,,,,,,,idle2.pcapng
"Oct 12, 2023 17:30:12.659092",0.002017,5,,,0x0002,201,,,,,,idle2.pcapng
"Oct 12, 2023 17:30:12.666805",,63,,,,,,,,,,idle2.pcapng
"Oct 12, 2023 17:30:12.669204",0.002399,5,,,0x0002,117,,,,,,idle2.pcapng
"Oct 12, 2023 17:30:12.693316",,52,,,,,,,,,,idle2.pcapng
"Oct 12, 2023 17:30:12.695363",0.002047,5,,,0x0002,202,,,,,,idle2.pcapng
"Oct 12, 2023 17:30:12.697841",,52,,,,,,,,,,idle2.pcapng
"Oct 12, 2023 17:30:12.699857",0.002016,5,,,0x0002,18,,,,,,idle2.pcapng
"Oct 12, 2023 17:30:12.706535",,45,,,,,,,,,,idle2.pcapng
"Oct 12, 2023 17:30:12.708320",0.001785,5,,,0x0002,203,,,,,,idle2.pcapng
"Oct 12, 2023 17:30:12.712817",,63,,,,,,,,,,idle2.pcapng
"Oct 12, 2023 17:30:12.715216",0.002399,5,,,0x0002,192,,,,,,idle2.pcapng
"Oct 12, 2023 17:30:12.717629",,54,,,,,,,,,,idle2.pcapng
"Oct 12, 2023 17:30:12.719710",0.002081,5,,,0x0002,204,,,,,,idle2.pcapng
"Oct 12, 2023 17:30:12.725769",0.006059,5,,,0x0002,192,,,,,,idle2.pcapng
"Oct 12, 2023 17:30:12.727773",,66,,,,,,,,,,idle2.pcapng
"Oct 12, 2023 17:30:12.730268",0.002495,5,,,0x0002,118,,,,,,idle2.pcapng
"Oct 12, 2023 17:30:12.733499",0.003231,5,,,0x0002,193,,,,,,idle2.pcapng
"Oct 12, 2023 17:30:12.759432",,54,,,,,,,,,,idle2.pcapng
"Oct 12, 2023 17:30:12.761543",0.002111,5,,,0x0002,205,,,,,,idle2.pcapng
"Oct 12, 2023 17:30:12.764347",0.002804,54,0x482d,0x6e5f,0x8861,19,,,,,,idle2.pcapng
"Oct 12, 2023 17:30:12.766428",0.002081,5,,,0x0002,19,,,,,,idle2.pcapng
"Oct 12, 2023 17:30:12.774415",,66,,,,,,,,,,idle2.pcapng
"Oct 12, 2023 17:30:12.776910",0.002495,5,,,0x0002,194,,,,,,idle2.pcapng
"Oct 12, 2023 17:30:12.793494",,45,,,,,,,,,,idle2.pcapng
"Oct 12, 2023 17:30:12.795318",0.001824,5,,,0x0002,206,,,,,,idle2.pcapng
"Oct 12, 2023 17:30:12.798279",0.002961,45,0x482d,0x6e5f,0x8861,20,,,,,,idle2.pcapng
"Oct 12, 2023 17:30:12.800072",0.001793,5,,,0x0002,20,,,,,,idle2.pcapng
"Oct 12, 2023 17:30:12.800830",,54,,,,,,,,,,idle2.pcapng
"Oct 12, 2023 17:30:12.802942",0.002112,5,,,0x0002,207,,,,,,idle2.pcapng
"Oct 12, 2023 17:30:12.807091",,54,,,,,,,,,,idle2.pcapng
"Oct 12, 2023 17:30:12.809165",0.002074,5,,,0x0002,228,,,,,,idle2.pcapng
"Oct 12, 2023 17:30:12.812903",,45,,,,,,,,,,idle2.pcapng
"Oct 12, 2023 17:30:12.814697",0.001794,5,,,0x0002,208,,,,,,idle2.pcapng
"Oct 12, 2023 17:30:12.816864",,66,,,,,,,,,,idle2.pcapng
"Oct 12, 2023 17:30:12.819359",0.002495,5,,,0x0002,177,,,,,,idle2.pcapng
"Oct 12, 2023 17:30:12.820276",,45,,,,,,,,,,idle2.pcapng
"Oct 12, 2023 17:30:12.822099",0.001823,5,,,0x0002,209,,,,,,idle2.pcapng
"Oct 12, 2023 17:30:12.830804",0.008705,45,0x482d,0x6e5f,0x8861,21,,,,,,idle2.pcapng
"Oct 12, 2023 17:30:12.832598",0.001794,5,,,0x0002,21,,,,,,idle2.pcapng
"Oct 12, 2023 17:30:12.835159",,52,,,,,,,,,,idle2.pcapng
"Oct 12, 2023 17:30:12.837207",0.002048,5,,,0x0002,210,,,,,,idle2.pcapng
"Oct 12, 2023 17:30:12.840565",,52,,,,,,,,,,idle2.pcapng
"Oct 12, 2023 17:30:12.842582",0.002017,5,,,0x0002,229,,,,,,idle2.pcapng
"Oct 12, 2023 17:30:12.846392",,45,,,,,,,,,,idle2.pcapng
"Oct 12, 2023 17:30:12.848215",0.001823,5,,,0x0002,211,,,,,,idle2.pcapng
"Oct 12, 2023 17:30:12.850378",,63,,,,,,,,,,idle2.pcapng
"Oct 12, 2023 17:30:12.852776",0.002398,5,,,0x0002,178,,,,,,idle2.pcapng
"Oct 12, 2023 17:30:12.857358",0.004582,45,0x482d,0x6e5f,0x8861,22,,,,,,idle2.pcapng
"Oct 12, 2023 17:30:12.859151",0.001793,5,,,0x0002,22,,,,,,idle2.pcapng
"Oct 12, 2023 17:30:12.863445",,45,,,,,,,,,,idle2.pcapng
"Oct 12, 2023 17:30:12.865269",0.001824,5,,,0x0002,212,,,,,,idle2.pcapng
"Oct 12, 2023 17:30:12.868062",,45,,,,,,,,,,idle2.pcapng
"Oct 12, 2023 17:30:12.869854",0.001792,5,,,0x0002,230,,,,,,idle2.pcapng
"Oct 12, 2023 17:30:12.874971",,45,,,,,,,,,,idle2.pcapng
"Oct 12, 2023 17:30:12.876794",0.001823,5,,,0x0002,213,,,,,,idle2.pcapng
"Oct 12, 2023 17:30:12.881402",,45,,,,,,,,,,idle2.pcapng
"Oct 12, 2023 17:30:12.883185",0.001783,5,,,0x0002,231,,,,,,idle2.pcapng
"Oct 12, 2023 17:30:14.071621",1.188436,77,0x482d,0xffff,0x8841,23,0x482d,0xfffc,0x1209,,,idle2.pcapng
"Oct 12, 2023 17:30:14.544151",0.472530,77,0xe694,0xffff,0x8841,119,0xe694,0xfffc,0x1209,,,idle2.pcapng
"Oct 12, 2023 17:30:15.457074",0.912923,71,0xc8f0,0xffff,0x8841,179,0xc8f0,0xfffc,0x1209,,,idle2.pcapng
"Oct 12, 2023 17:30:15.840415",0.383341,12,0x2cae,0x482d,0x8863,137,,,,,,idle2.pcapng
"Oct 12, 2023 17:30:15.841182",0.000767,5,,,0x0002,137,,,,,,idle2.pcapng
"Oct 12, 2023 17:30:16.257916",0.416734,74,0x09ac,0xffff,0x8841,146,0x09ac,0xfffc,0x1209,,,idle2.pcapng
"Oct 12, 2023 17:30:20.815787",4.557871,77,0x0000,0xffff,0x8841,214,0x0000,0xfffc,0x1209,,,idle2.pcapng
"Oct 12, 2023 17:30:20.903722",0.087935,12,0x2cae,0x482d,0x8863,138,,,,,,idle2.pcapng
"Oct 12, 2023 17:30:20.904490",0.000768,5,,,0x0002,138,,,,,,idle2.pcapng
"Oct 12, 2023 17:30:21.204684",0.300194,74,0xa209,0xffff,0x8841,232,0xa209,0xfffc,0x1209,,,idle2.pcapng
"Oct 12, 2023 17:30:25.265405",4.060721,68,0xebe5,0xffff,0x8841,141,0xebe5,0xfffc,0x1209,,,idle2.pcapng
"Oct 12, 2023 17:30:25.934487",0.669082,12,0x2cae,0x482d,0x8863,139,,,,,,idle2.pcapng
"Oct 12, 2023 17:30:25.935254",0.000767,5,,,0x0002,139,,,,,,idle2.pcapng
"Oct 12, 2023 17:30:26.163379",0.228125,77,0x82eb,0xffff,0x8841,93,0x82eb,0xfffc,0x1209,,,idle2.pcapng
"Oct 12, 2023 17:30:27.191333",1.027954,77,0x054f,0xffff,0x8841,96,0x054f,0xfffc,0x1209,,,idle2.pcapng
"Oct 12, 2023 17:30:27.688018",0.496685,77,0xe5c4,0xffff,0x8841,163,0xe5c4,0xfffc,0x1209,,,idle2.pcapng
"Oct 12, 2023 17:30:29.551499",1.863481,77,0xe694,0xffff,0x8841,120,0xe694,0xfffc,0x1209,,,idle2.pcapng
"Oct 12, 2023 17:30:29.792631",0.241132,87,0x482d,0xffff,0x8857,24,,,,,,idle2.pcapng
"Oct 12, 2023 17:30:30.473202",0.680571,71,0xc8f0,0xffff,0x8841,180,0xc8f0,0xfffc,0x1209,,,idle2.pcapng
"Oct 12, 2023 17:30:30.965325",0.492123,12,0x2cae,0x482d,0x8863,140,,,,,,idle2.pcapng
"Oct 12, 2023 17:30:30.966093",0.000768,5,,,0x0002,140,,,,,,idle2.pcapng
"Oct 12, 2023 17:30:32.197969",1.231876,74,0x09ac,0xffff,0x8841,147,0x09ac,0xfffc,0x1209,,,idle2.pcapng
"Oct 12, 2023 17:30:35.669811",,60,,,,,,,,,,idle2.pcapng
"Oct 12, 2023 17:30:35.672113",0.002302,5,,,0x0002,181,,,,,,idle2.pcapng
"Oct 12, 2023 17:30:35.713075",,50,,,,,,,,,,idle2.pcapng
"Oct 12, 2023 17:30:35.715058",0.001983,5,,,0x0002,215,,,,,,idle2.pcapng
"Oct 12, 2023 17:30:35.717748",,50,,,,,,,,,,idle2.pcapng
"Oct 12, 2023 17:30:35.719699",0.001951,5,,,0x0002,233,,,,,,idle2.pcapng
"Oct 12, 2023 17:30:35.724990",,45,,,,,,,,,,idle2.pcapng
"Oct 12, 2023 17:30:35.726813",0.001823,5,,,0x0002,182,,,,,,idle2.pcapng
"Oct 12, 2023 17:30:36.029100",0.302287,5,,,0x0002,141,,,,,,idle2.pcapng
"Oct 12, 2023 17:30:36.475350",0.446250,77,0x0000,0xffff,0x8841,216,0x0000,0xfffc,0x1209,,,idle2.pcapng
"Oct 12, 2023 17:30:39.369866",2.894516,104,0xa009,0xffff,0x8868,234,,,,,,idle2.pcapng
"Oct 12, 2023 17:30:40.271336",0.901470,68,0xebe5,0xffff,0x8841,142,0xebe5,0xfffc,0x1209,,,idle2.pcapng
"Oct 12, 2023 17:30:41.029771",0.758435,12,0x2cae,0x482d,0x8863,142,,,,,,idle2.pcapng
"Oct 12, 2023 17:30:41.030538",0.000767,5,,,0x0002,142,,,,,,idle2.pcapng
"Oct 12, 2023 17:30:41.161487",0.130949,77,0x82eb,0xffff,0x8841,94,0x82eb,0xfffc,0x1209,,,idle2.pcapng
"Oct 12, 2023 17:30:41.661434",0.499947,74,0x6e5f,0xffff,0x8841,196,0x6e5f,0xfffc,0x1209,,,idle2.pcapng
"Oct 12, 2023 17:30:41.850552",0.189118,77,0xe5c4,0xffff,0x8841,164,0xe5c4,0xfffc,0x1209,,,idle2.pcapng
"Oct 12, 2023 17:30:42.658594",,52,,,,,,,,,,idle2.pcapng
"Oct 12, 2023 17:30:42.660599",0.002005,5,,,0x0002,217,,,,,,idle2.pcapng
"Oct 12, 2023 17:30:42.668508",,63,,,,,,,,,,idle2.pcapng
"Oct 12, 2023 17:30:42.670906",0.002398,5,,,0x0002,121,,,,,,idle2.pcapng
"Oct 12, 2023 17:30:42.694378",,52,,,,,,,,,,idle2.pcapng
"Oct 12, 2023 17:30:42.696426",0.002048,5,,,0x0002,218,,,,,,idle2.pcapng
"Oct 12, 2023 17:30:42.706765",,45,,,,,,,,,,idle2.pcapng
"Oct 12, 2023 17:30:42.708547",0.001782,5,,,0x0002,219,,,,,,idle2.pcapng
"Oct 12, 2023 17:30:42.709434",,63,,,,,,,,,,idle2.pcapng
"Oct 12, 2023 17:30:42.711833",0.002399,5,,,0x0002,197,,,,,,idle2.pcapng
"Oct 12, 2023 17:30:42.723404",,54,,,,,,,,,,idle2.pcapng
"Oct 12, 2023 17:30:42.725476",0.002072,5,,,0x0002,220,,,,,,idle2.pcapng
"Oct 12, 2023 17:30:42.733381",,66,,,,,,,,,,idle2.pcapng
"Oct 12, 2023 17:30:42.735876",0.002495,5,,,0x0002,122,,,,,,idle2.pcapng
"Oct 12, 2023 17:30:42.755392",,54,,,,,,,,,,idle2.pcapng
"Oct 12, 2023 17:30:42.757503",0.002111,5,,,0x0002,221,,,,,,idle2.pcapng
"Oct 12, 2023 17:30:42.762145",,54,,,,,,,,,,idle2.pcapng
"Oct 12, 2023 17:30:42.764225",0.002080,5,,,0x0002,26,,,,,,idle2.pcapng
"Oct 12, 2023 17:30:42.770916",,45,,,,,,,,,,idle2.pcapng
"Oct 12, 2023 17:30:42.773143",0.002227,107,,,0xbc6b,192,,,,,,idle2.pcapng
"Oct 12, 2023 17:30:42.777254",0.004111,51,,,,,,,,,,idle2.pcapng
"Oct 12, 2023 17:30:42.781629",0.004375,5,,,0x0002,222,,,,,,idle2.pcapng
"Oct 12, 2023 17:30:42.782554",,66,,,,,,,,,,idle2.pcapng
"Oct 12, 2023 17:30:42.785049",0.002495,5,,,0x0002,198,,,,,,idle2.pcapng
"Oct 12, 2023 17:30:42.790114",,54,,,,,,,,,,idle2.pcapng
"Oct 12, 2023 17:30:42.792225",0.002111,5,,,0x0002,223,,,,,,idle2.pcapng
"Oct 12, 2023 17:30:42.795476",,45,,,,,,,,,,idle2.pcapng
"Oct 12, 2023 17:30:42.797269",0.001793,5,,,0x0002,27,,,,,,idle2.pcapng
"Oct 12, 2023 17:30:42.801445",,54,,,,,,,,,,idle2.pcapng
"Oct 12, 2023 17:30:42.803516",0.002071,5,,,0x0002,235,,,,,,idle2.pcapng
"Oct 12, 2023 17:30:42.805400",,45,,,,,,,,,,idle2.pcapng
"Oct 12, 2023 17:30:42.807192",0.001792,5,,,0x0002,224,,,,,,idle2.pcapng
"Oct 12, 2023 17:30:42.811221",,66,,,,,,,,,,idle2.pcapng
"Oct 12, 2023 17:30:42.813716",0.002495,5,,,0x0002,183,,,,,,idle2.pcapng
"Oct 12, 2023 17:30:42.818655",,52,,,,,,,,,,idle2.pcapng
"Oct 12, 2023 17:30:42.820703",0.002048,5,,,0x0002,225,,,,,,idle2.pcapng
"Oct 12, 2023 17:30:42.825247",0.004544,5,,,0x0002,236,,,,,,idle2.pcapng
"Oct 12, 2023 17:30:42.833006",,63,,,,,,,,,,idle2.pcapng
"Oct 12, 2023 17:30:42.835405",0.002399,5,,,0x0002,184,,,,,,idle2.pcapng
"Oct 12, 2023 17:30:42.838733",,45,,,,,,,,,,idle2.pcapng
"Oct 12, 2023 17:30:42.840557",0.001824,5,,,0x0002,226,,,,,,idle2.pcapng
"Oct 12, 2023 17:30:42.844033",,45,,,,,,,,,,idle2.pcapng
"Oct 12, 2023 17:30:42.845815",0.001782,5,,,0x0002,28,,,,,,idle2.pcapng
"Oct 12, 2023 17:30:42.851514",,45,,,,,,,,,,idle2.pcapng
"Oct 12, 2023 17:30:42.853337",0.001823,5,,,0x0002,227,,,,,,idle2.pcapng
"Oct 12, 2023 17:30:42.856380",,45,,,,,,,,,,idle2.pcapng
"Oct 12, 2023 17:30:42.858173",0.001793,5,,,0x0002,237,,,,,,idle2.pcapng
"Oct 12, 2023 17:30:42.861462",,45,,,,,,,,,,idle2.pcapng
"Oct 12, 2023 17:30:42.863285",0.001823,5,,,0x0002,228,,,,,,idle2.pcapng
"Oct 12, 2023 17:30:42.866917",,45,,,,,,,,,,idle2.pcapng
"Oct 12, 2023 17:30:42.868710",0.001793,5,,,0x0002,238,,,,,,idle2.pcapng
"Oct 12, 2023 17:30:43.444723",0.576013,77,0x054f,0xffff,0x8841,97,0x054f,0xfffc,0x1209,,,idle2.pcapng
"Oct 12, 2023 17:30:44.546741",1.102018,77,0xe694,0xffff,0x8841,123,0xe694,0xfffc,0x1209,,,idle2.pcapng
"Oct 12, 2023 17:30:45.496444",0.949703,71,0xc8f0,0xffff,0x8841,185,0xc8f0,0xfffc,0x1209,,,idle2.pcapng
"Oct 12, 2023 17:30:46.091390",0.594946,12,0x2cae,0x482d,0x8863,143,,,,,,idle2.pcapng
"Oct 12, 2023 17:30:46.092158",0.000768,5,,,0x0002,143,,,,,,idle2.pcapng
"Oct 12, 2023 17:30:46.203176",,63,,,,,,,,,,idle2.pcapng
"Oct 12, 2023 17:30:46.205575",0.002399,5,,,0x0002,186,,,,,,idle2.pcapng
"Oct 12, 2023 17:30:46.251982",,50,,,,,,,,,,idle2.pcapng
"Oct 12, 2023 17:30:46.253965",0.001983,5,,,0x0002,229,,,,,,idle2.pcapng
"Oct 12, 2023 17:30:46.258055",,50,,,,,,,,,,idle2.pcapng
"Oct 12, 2023 17:30:46.260008",0.001953,5,,,0x0002,239,,,,,,idle2.pcapng
"Oct 12, 2023 17:30:46.265120",,45,,,,,,,,,,idle2.pcapng
"Oct 12, 2023 17:30:46.266943",0.001823,5,,,0x0002,187,,,,,,idle2.pcapng
"Oct 12, 2023 17:30:46.279333",,57,,,,,,,,,,idle2.pcapng
"Oct 12, 2023 17:30:46.281540",0.002207,5,,,0x0002,188,,,,,,idle2.pcapng
"Oct 12, 2023 17:30:46.320244",,50,,,,,,,,,,idle2.pcapng
"Oct 12, 2023 17:30:46.322227",0.001983,5,,,0x0002,230,,,,,,idle2.pcapng
"Oct 12, 2023 17:30:46.325858",,50,,,,,,,,,,idle2.pcapng
"Oct 12, 2023 17:30:46.327812",0.001954,5,,,0x0002,240,,,,,,idle2.pcapng
"Oct 12, 2023 17:30:46.332981",,45,,,,,,,,,,idle2.pcapng
"Oct 12, 2023 17:30:46.334804",0.001823,5,,,0x0002,189,,,,,,idle2.pcapng
"Oct 12, 2023 17:30:46.442776",0.107972,107,0x482d,0xffff,0x886b,29,,,,,,idle2.pcapng
"Oct 12, 2023 17:30:47.862073",1.419297,74,0x09ac,0xffff,0x8841,148,0x09ac,0xfffc,0x1209,,,idle2.pcapng
"Oct 12, 2023 17:30:50.940877",,53,,,,,,,,,,idle2.pcapng
"Oct 12, 2023 17:30:50.942956",0.002079,5,,,0x0002,144,,,,,,idle2.pcapng
"Oct 12, 2023 17:30:50.945598",0.002642,57,0x482d,0x0000,0x8861,30,0x2cae,0x0000,0x1a09,,,idle2.pcapng
"Oct 12, 2023 17:30:50.947805",0.002207,5,,,0x0002,30,,,,,,idle2.pcapng
"Oct 12, 2023 17:30:50.951649",0.003844,12,0x2cae,0x482d,0x8863,145,,,,,,idle2.pcapng
"Oct 12, 2023 17:30:50.952417",0.000768,5,,,0x0002,145,,,,,,idle2.pcapng
"Oct 12, 2023 17:30:50.995371",,53,,,,,,,,,,idle2.pcapng
"Oct 12, 2023 17:30:50.997450",0.002079,5,,,0x0002,31,,,,,,idle2.pcapng
"Oct 12, 2023 17:30:51.036215",,54,,,,,,,,,,idle2.pcapng
"Oct 12, 2023 17:30:51.038326",0.002111,5,,,0x0002,231,,,,,,idle2.pcapng
"Oct 12, 2023 17:30:51.948638",0.910312,77,0x0000,0xffff,0x8841,232,0x0000,0xfffc,0x1209,,,idle2.pcapng
"Oct 12, 2023 17:30:52.466729",0.518091,12,0x2cae,0x482d,0x8863,146,,,,,,idle2.pcapng
"Oct 12, 2023 17:30:52.467496",0.000767,5,,,0x0012,146,,,,,,idle2.pcapng
"Oct 12, 2023 17:30:52.470213",0.002717,50,0x0248,0x2cee,0x8821,32,,,,,,idle2.pcapng
"Oct 12, 2023 17:30:52.472199",0.001986,5,,,0x0002,32,,,,,,idle2.pcapng
"Oct 12, 2023 17:30:52.475730",0.003531,12,0x2cae,0x482d,0x8863,147,,,,,,idle2.pcapng
"Oct 12, 2023 17:30:52.476498",0.000768,5,,,0x0002,147,,,,,,idle2.pcapng
"Oct 12, 2023 17:30:52.483728",,45,,,,,,,,,,idle2.pcapng
"Oct 12, 2023 17:30:52.485551",0.001823,5,,,0x0002,148,,,,,,idle2.pcapng
"Oct 12, 2023 17:30:52.488535",0.002984,57,0x482d,0x0000,0x8861,33,0x2cae,0x0000,0x1a09,,,idle2.pcapng
"Oct 12, 2023 17:30:52.490742",0.002207,5,,,0x0002,33,,,,,,idle2.pcapng
"Oct 12, 2023 17:30:52.491469",0.000727,12,0x2cae,0x482d,0x8863,149,,,,,,idle2.pcapng
"Oct 12, 2023 17:30:52.492236",0.000767,5,,,0x0002,149,,,,,,idle2.pcapng
"Oct 12, 2023 17:30:52.538403",,45,,,,,,,,,,idle2.pcapng
"Oct 12, 2023 17:30:52.540225",0.001822,5,,,0x0002,34,,,,,,idle2.pcapng
"Oct 12, 2023 17:30:55.240017",2.699792,68,0xebe5,0xffff,0x8841,143,0xebe5,0xfffc,0x1209,,,idle2.pcapng
"Oct 12, 2023 17:30:56.179116",0.939099,77,0x82eb,0xffff,0x8841,95,0x82eb,0xfffc,0x1209,,,idle2.pcapng
"Oct 12, 2023 17:30:56.356479",0.177363,77,0xe5c4,0xffff,0x8841,165,0xe5c4,0xfffc,0x1209,,,idle2.pcapng
"Oct 12, 2023 17:30:56.654903",0.298424,97,0x6e5f,0xffff,0x8861,199,,,,,,idle2.pcapng
"Oct 12, 2023 17:30:56.839265",0.184362,102,0xa209,0xffff,0x8866,241,,,,,,idle2.pcapng
"Oct 12, 2023 17:30:57.499498",0.660233,12,0x2cae,0x482d,0x8863,150,,,,,,idle2.pcapng
"Oct 12, 2023 17:30:57.500265",0.000767,5,,,0x0002,150,,,,,,idle2.pcapng
"Oct 12, 2023 17:30:58.377228",0.876963,77,0x054f,0xffff,0x8841,98,0x054f,0xfffc,0x1209,,,idle2.pcapng
"Oct 12, 2023 17:30:59.494666",1.117438,77,0xe694,0xffff,0x8841,124,0xe694,0xfffc,0x1209,,,idle2.pcapng
"Oct 12, 2023 17:31:00.505767",1.011101,71,0xc8f0,0xffff,0x8841,190,0xc8f0,0xfffc,0x1209,,,idle2.pcapng
"Oct 12, 2023 17:31:02.561556",2.055789,12,0x2cae,0x482d,0x8863,151,,,,,,idle2.pcapng
"Oct 12, 2023 17:31:02.562323",0.000767,5,,,0x0002,151,,,,,,idle2.pcapng
"Oct 12, 2023 17:31:05.204738",2.642415,74,0x09ac,0xffff,0x8841,149,0x09ac,0xfffc,0x1209,,,idle2.pcapng
"Oct 12, 2023 17:31:07.593952",2.389214,12,0x2cae,0x482d,0x8863,152,,,,,,idle2.pcapng
"Oct 12, 2023 17:31:07.594719",0.000767,5,,,0x0002,152,,,,,,idle2.pcapng
"Oct 12, 2023 17:31:09.062199",1.467480,77,0x0000,0xffff,0x8841,233,0x0000,0xfffc,0x1209,,,idle2.pcapng
"Oct 12, 2023 17:31:10.232859",1.170660,68,0xebe5,0xffff,0x8841,144,0xebe5,0xfffc,0x1209,,,idle2.pcapng
"Oct 12, 2023 17:31:11.168903",0.936044,77,0x82eb,0xffff,0x8841,96,0x82eb,0xfffc,0x1209,,,idle2.pcapng
"Oct 12, 2023 17:31:11.323254",0.154351,74,0xa209,0xffff,0x8841,242,0xa209,0xfffc,0x1209,,,idle2.pcapng
"Oct 12, 2023 17:31:11.747737",0.424483,74,0x6e5f,0xffff,0x8841,200,0x6e5f,0xfffc,0x1209,,,idle2.pcapng
"Oct 12, 2023 17:31:12.134642",,53,,,,,,,,,,idle2.pcapng
"Oct 12, 2023 17:31:12.136686",0.002044,5,,,0x0002,3,,,,,,idle2.pcapng
"Oct 12, 2023 17:31:12.140678",,53,,,,,,,,,,idle2.pcapng
"Oct 12, 2023 17:31:12.142757",0.002079,5,,,0x0002,191,,,,,,idle2.pcapng
"Oct 12, 2023 17:31:12.153360",0.010603,77,0xe5c4,0xffff,0x8841,166,0xe5c4,0xfffc,0x1209,,,idle2.pcapng
"Oct 12, 2023 17:31:12.284390",0.131030,77,0x054f,0xffff,0x8841,99,0x054f,0xfffc,0x1209,,,idle2.pcapng
"Oct 12, 2023 17:31:12.592481",0.308091,12,0x2cae,0x482d,0x8863,153,,,,,,idle2.pcapng
"Oct 12, 2023 17:31:12.593248",0.000767,5,,,0x0002,153,,,,,,idle2.pcapng
"Oct 12, 2023 17:31:12.641833",0.048585,12,0x265e,0xc8f0,0x8863,4,,,,,,idle2.pcapng
"Oct 12, 2023 17:31:12.642569",0.000736,5,,,0x0002,4,,,,,,idle2.pcapng
"Oct 12, 2023 17:31:12.663535",,52,,,,,,,,,,idle2.pcapng
"Oct 12, 2023 17:31:12.665550",0.002015,5,,,0x0002,234,,,,,,idle2.pcapng
"Oct 12, 2023 17:31:12.673446",,63,,,,,,,,,,idle2.pcapng
"Oct 12, 2023 17:31:12.675845",0.002399,5,,,0x0002,125,,,,,,idle2.pcapng
"Oct 12, 2023 17:31:12.697827",,52,,,,,,,,,,idle2.pcapng
"Oct 12, 2023 17:31:12.699874",0.002047,5,,,0x0002,235,,,,,,idle2.pcapng
"Oct 12, 2023 17:31:12.704461",,52,,,,,,,,,,idle2.pcapng
"Oct 12, 2023 17:31:12.706466",0.002005,5,,,0x0002,36,,,,,,idle2.pcapng
"Oct 12, 2023 17:31:12.710646",,45,,,,,,,,,,idle2.pcapng
"Oct 12, 2023 17:31:12.712439",0.001793,5,,,0x0002,236,,,,,,idle2.pcapng
"Oct 12, 2023 17:31:12.714328",,63,,,,,,,,,,idle2.pcapng
"Oct 12, 2023 17:31:12.716727",0.002399,5,,,0x0002,201,,,,,,idle2.pcapng
"Oct 12, 2023 17:31:12.726862",,54,,,,,,,,,,idle2.pcapng
"Oct 12, 2023 17:31:12.728945",0.002083,5,,,0x0002,237,,,,,,idle2.pcapng
"Oct 12, 2023 17:31:12.736995",,66,,,,,,,,,,idle2.pcapng
"Oct 12, 2023 17:31:12.739490",0.002495,5,,,0x0002,126,,,,,,idle2.pcapng
"Oct 12, 2023 17:31:12.761582",,54,,,,,,,,,,idle2.pcapng
"Oct 12, 2023 17:31:12.763693",0.002111,5,,,0x0002,238,,,,,,idle2.pcapng
"Oct 12, 2023 17:31:12.768088",,54,,,,,,,,,,idle2.pcapng
"Oct 12, 2023 17:31:12.770168",0.002080,5,,,0x0002,37,,,,,,idle2.pcapng
"Oct 12, 2023 17:31:12.775376",,45,,,,,,,,,,idle2.pcapng
"Oct 12, 2023 17:31:12.777199",0.001823,5,,,0x0002,239,,,,,,idle2.pcapng
"Oct 12, 2023 17:31:12.777951",,66,,,,,,,,,,idle2.pcapng
"Oct 12, 2023 17:31:12.780446",0.002495,5,,,0x0002,202,,,,,,idle2.pcapng
"Oct 12, 2023 17:31:12.782852",,45,,,,,,,,,,idle2.pcapng
"Oct 12, 2023 17:31:12.784643",0.001791,5,,,0x0002,38,,,,,,idle2.pcapng
"Oct 12, 2023 17:31:12.786656",,54,,,,,,,,,,idle2.pcapng
"Oct 12, 2023 17:31:12.788768",0.002112,5,,,0x0002,240,,,,,,idle2.pcapng
"Oct 12, 2023 17:31:12.792140",,54,,,,,,,,,,idle2.pcapng
"Oct 12, 2023 17:31:12.794220",0.002080,5,,,0x0002,243,,,,,,idle2.pcapng
"Oct 12, 2023 17:31:12.801553",,45,,,,,,,,,,idle2.pcapng
"Oct 12, 2023 17:31:12.803344",0.001791,5,,,0x0002,241,,,,,,idle2.pcapng
"Oct 12, 2023 17:31:12.807013",,66,,,,,,,,,,idle2.pcapng
"Oct 12, 2023 17:31:12.809508",0.002495,5,,,0x0002,192,,,,,,idle2.pcapng
"Oct 12, 2023 17:31:12.812303",0.002795,106,0xc8f0,0x0000,0x886a,192,,,,,,idle2.pcapng
"Oct 12, 2023 17:31:12.815214",,52,,,,,,,,,,idle2.pcapng
"Oct 12, 2023 17:31:12.817261",0.002047,5,,,0x0002,242,,,,,,idle2.pcapng
"Oct 12, 2023 17:31:12.817599",,66,,,,,,,,,,idle2.pcapng
"Oct 12, 2023 17:31:12.820094",0.002495,5,,,0x0002,192,,,,,,idle2.pcapng
"Oct 12, 2023 17:31:12.821009",,52,,,,,,,,,,idle2.pcapng
"Oct 12, 2023 17:31:12.823027",0.002018,5,,,0x0002,244,,,,,,idle2.pcapng
"Oct 12, 2023 17:31:12.830177",0.007150,5,,,0x0002,193,,,,,,idle2.pcapng
"Oct 12, 2023 17:31:12.836263",0.006086,5,,,0x0002,194,,,,,,idle2.pcapng
"Oct 12, 2023 17:31:12.842834",,45,,,,,,,,,,idle2.pcapng
"Oct 12, 2023 17:31:12.844657",0.001823,5,,,0x0002,243,,,,,,idle2.pcapng
"Oct 12, 2023 17:31:12.848603",,45,,,,,,,,,,idle2.pcapng
"Oct 12, 2023 17:31:12.850385",0.001782,5,,,0x0002,39,,,,,,idle2.pcapng
"Oct 12, 2023 17:31:12.857494",,45,,,,,,,,,,idle2.pcapng
"Oct 12, 2023 17:31:12.859317",0.001823,5,,,0x0002,244,,,,,,idle2.pcapng
"Oct 12, 2023 17:31:12.863073",,45,,,,,,,,,,idle2.pcapng
"Oct 12, 2023 17:31:12.864855",0.001782,5,,,0x0002,245,,,,,,idle2.pcapng
"Oct 12, 2023 17:31:12.866986",,45,,,,,,,,,,idle2.pcapng
"Oct 12, 2023 17:31:12.868810",0.001824,5,,,0x0002,245,,,,,,idle2.pcapng
"Oct 12, 2023 17:31:12.872927",,45,,,,,,,,,,idle2.pcapng
"Oct 12, 2023 17:31:12.874750",0.001823,5,,,0x0002,246,,,,,,idle2.pcapng
"Oct 12, 2023 17:31:12.876334",,45,,,,,,,,,,idle2.pcapng
"Oct 12, 2023 17:31:12.878126",0.001792,5,,,0x0002,246,,,,,,idle2.pcapng
"Oct 12, 2023 17:31:12.881940",,45,,,,,,,,,,idle2.pcapng
"Oct 12, 2023 17:31:12.883732",0.001792,5,,,0x0002,247,,,,,,idle2.pcapng
"Oct 12, 2023 17:31:14.493587",1.609855,77,0xe694,0xffff,0x8841,127,0xe694,0xfffc,0x1209,,,idle2.pcapng
"Oct 12, 2023 17:31:15.447453",0.953866,71,0xc8f0,0xffff,0x8841,195,0xc8f0,0xfffc,0x1209,,,idle2.pcapng
"Oct 12, 2023 17:31:15.815366",,52,,,,,,,,,,idle2.pcapng
"Oct 12, 2023 17:31:15.817413",0.002047,5,,,0x0002,154,,,,,,idle2.pcapng
"Oct 12, 2023 17:31:15.821993",0.004580,57,0x482d,0x0000,0x8861,40,0x2cae,0x0000,0x1a09,,,idle2.pcapng
"Oct 12, 2023 17:31:15.824200",0.002207,5,,,0x0002,40,,,,,,idle2.pcapng
"Oct 12, 2023 17:31:15.831005",0.006805,12,0x2cae,0x482d,0x8863,155,,,,,,idle2.pcapng
"Oct 12, 2023 17:31:15.831772",0.000767,5,,,0x0002,155,,,,,,idle2.pcapng
"Oct 12, 2023 17:31:15.868613",0.036841,52,0x482d,0x0000,0x8861,41,,,,,,idle2.pcapng
"Oct 12, 2023 17:31:15.870660",0.002047,5,,,0x0002,41,,,,,,idle2.pcapng
"Oct 12, 2023 17:31:15.911930",,54,,,,,,,,,,idle2.pcapng
"Oct 12, 2023 17:31:15.914041",0.002111,5,,,0x0002,247,,,,,,idle2.pcapng
"Oct 12, 2023 17:31:17.311073",1.397032,12,0x2cae,0x482d,0x8863,156,,,,,,idle2.pcapng
"Oct 12, 2023 17:31:17.311841",0.000768,5,,,0x0012,156,,,,,,idle2.pcapng
"Oct 12, 2023 17:31:17.315528",,50,,,,,,,,,,idle2.pcapng
"Oct 12, 2023 17:31:17.317514",0.001986,5,,,0x0002,42,,,,,,idle2.pcapng
"Oct 12, 2023 17:31:17.321694",0.004180,12,0x2cae,0x482d,0x8863,157,,,,,,idle2.pcapng
"Oct 12, 2023 17:31:17.322461",0.000767,5,,,0x0002,157,,,,,,idle2.pcapng
"Oct 12, 2023 17:31:17.329532",,45,,,,,,,,,,idle2.pcapng
"Oct 12, 2023 17:31:17.331355",0.001823,5,,,0x0002,158,,,,,,idle2.pcapng
"Oct 12, 2023 17:31:17.335415",0.004060,57,0x482d,0x0000,0x8861,43,0x2cae,0x0000,0x1a09,,,idle2.pcapng
"Oct 12, 2023 17:31:17.337622",0.002207,5,,,0x0002,43,,,,,,idle2.pcapng
"Oct 12, 2023 17:31:17.340300",0.002678,12,0x2cae,0x482d,0x8863,159,,,,,,idle2.pcapng
"Oct 12, 2023 17:31:17.381935",,45,,,,,,,,,,idle2.pcapng
"Oct 12, 2023 17:31:17.383758",0.001823,5,,,0x0002,44,,,,,,idle2.pcapng
"Oct 12, 2023 17:31:19.479596",2.095838,74,0x09ac,0xffff,0x8841,150,0x09ac,0xfffc,0x1209,,,idle2.pcapng
"Oct 12, 2023 17:31:20.802039",1.322443,77,0x482d,0xffff,0x8841,45,0x482d,0xfffc,0x1209,,,idle2.pcapng
"Oct 12, 2023 17:31:22.342537",1.540498,12,0x2cae,0x482d,0x8863,160,,,,,,idle2.pcapng
"Oct 12, 2023 17:31:22.343304",0.000767,5,,,0x0002,160,,,,,,idle2.pcapng
"Oct 12, 2023 17:31:22.585680",,50,,,,,,,,,,idle2.pcapng
"Oct 12, 2023 17:31:22.587663",0.001983,5,,,0x0002,248,,,,,,idle2.pcapng
"Oct 12, 2023 17:31:22.591111",0.003448,55,0x482d,0x0000,0x8861,46,0x482d,0x0000,0x1a09,,,idle2.pcapng
"Oct 12, 2023 17:31:22.593254",0.002143,5,,,0x0002,46,,,,,,idle2.pcapng
"Oct 12, 2023 17:31:22.640282",,53,,,,,,,,,,idle2.pcapng
"Oct 12, 2023 17:31:22.642361",0.002079,5,,,0x0002,47,,,,,,idle2.pcapng
"Oct 12, 2023 17:31:22.683359",,50,,,,,,,,,,idle2.pcapng
"Oct 12, 2023 17:31:22.685342",0.001983,5,,,0x0002,249,,,,,,idle2.pcapng
"Oct 12, 2023 17:31:22.688810",0.003468,55,0x482d,0x0000,0x8861,48,,,,,,idle2.pcapng
"Oct 12, 2023 17:31:22.692400",0.003590,55,0x482d,0x0000,0x8861,48,0x482d,0x0000,0x1a09,,,idle2.pcapng
"Oct 12, 2023 17:31:22.694543",0.002143,5,,,0x0002,48,,,,,,idle2.pcapng
"Oct 12, 2023 17:31:22.738427",,53,,,,,,,,,,idle2.pcapng
"Oct 12, 2023 17:31:22.740506",0.002079,5,,,0x0002,49,,,,,,idle2.pcapng
"Oct 12, 2023 17:31:23.440237",0.699731,77,0x0000,0xffff,0x8841,250,0x0000,0xfffc,0x1209,,,idle2.pcapng
"Oct 12, 2023 17:31:25.219730",1.779493,68,0xebe5,0xffff,0x8841,145,0xebe5,0xfffc,0x1209,,,idle2.pcapng
"Oct 12, 2023 17:31:26.175012",0.955282,77,0x82eb,0xffff,0x8841,97,0x82eb,0xfffc,0x1209,,,idle2.pcapng
"Oct 12, 2023 17:31:26.301796",0.126784,77,0x054f,0xffff,0x8841,100,0x054f,0xfffc,0x1209,,,idle2.pcapng
"Oct 12, 2023 17:31:26.714912",0.413116,74,0x6e5f,0xffff,0x8841,203,0x6e5f,0xfffc,0x1209,,,idle2.pcapng
"Oct 12, 2023 17:31:26.824468",0.109556,74,0xa209,0xffff,0x8841,248,0xa209,0xfffc,0x1209,,,idle2.pcapng
"Oct 12, 2023 17:31:27.375603",0.551135,12,0x2cae,0x482d,0x8863,161,,,,,,idle2.pcapng
"Oct 12, 2023 17:31:28.981562",1.605959,77,0xe5c4,0xffff,0x8841,167,0xe5c4,0xfffc,0x1209,,,idle2.pcapng
"Oct 12, 2023 17:31:29.545584",0.564022,77,0xe694,0xffff,0x8841,128,0xe694,0xfffc,0x1209,,,idle2.pcapng
"Oct 12, 2023 17:31:32.406435",2.860851,12,0x2cae,0x482d,0x8863,162,,,,,,idle2.pcapng
"Oct 12, 2023 17:31:32.407202",0.000767,5,,,0x0002,162,,,,,,idle2.pcapng
"Oct 12, 2023 17:31:33.472276",1.065074,74,0x09ac,0xffff,0x8841,151,0x09ac,0xfffc,0x1209,,,idle2.pcapng
"Oct 12, 2023 17:31:37.437816",3.965540,12,0x2cae,0x482d,0x8863,163,,,,,,idle2.pcapng
"Oct 12, 2023 17:31:37.438583",0.000767,5,,,0x0002,163,,,,,,idle2.pcapng
"Oct 12, 2023 17:31:38.322339",0.883756,107,0x482d,0xffff,0x886b,50,,,,,,idle2.pcapng
"Oct 12, 2023 17:31:40.310926",1.988587,68,0xebe5,0xffff,0x8841,146,0xebe5,0xfffc,0x1209,,,idle2.pcapng
"Oct 12, 2023 17:31:40.436305",0.125379,77,0x0000,0xffff,0x8841,251,0x0000,0xfffc,0x1209,,,idle2.pcapng
"Oct 12, 2023 17:31:40.574873",0.138568,77,0x054f,0xffff,0x8841,101,0x054f,0xfffc,0x1209,,,idle2.pcapng
"Oct 12, 2023 17:31:41.180480",0.605607,77,0x82eb,0xffff,0x8841,98,0x82eb,0xfffc,0x1209,,,idle2.pcapng
"Oct 12, 2023 17:31:41.743076",0.562596,74,0x6e5f,0xffff,0x8841,204,0x6e5f,0xfffc,0x1209,,,idle2.pcapng
"Oct 12, 2023 17:31:42.469287",0.726211,12,0x2cae,0x482d,0x8863,164,,,,,,idle2.pcapng
"Oct 12, 2023 17:31:42.470055",0.000768,5,,,0x0002,164,,,,,,idle2.pcapng
"Oct 12, 2023 17:31:42.668361",,52,,,,,,,,,,idle2.pcapng
"Oct 12, 2023 17:31:42.670366",0.002005,5,,,0x0002,252,,,,,,idle2.pcapng
"Oct 12, 2023 17:31:42.678645",,63,,,,,,,,,,idle2.pcapng
"Oct 12, 2023 17:31:42.681044",0.002399,5,,,0x0002,129,,,,,,idle2.pcapng
"Oct 12, 2023 17:31:42.703633",,52,,,,,,,,,,idle2.pcapng
"Oct 12, 2023 17:31:42.705680",0.002047,5,,,0x0002,253,,,,,,idle2.pcapng
"Oct 12, 2023 17:31:42.710289",0.004609,52,0x482d,0x6e5f,0x8861,51,,,,,,idle2.pcapng
"Oct 12, 2023 17:31:42.712304",0.002015,5,,,0x0002,51,,,,,,idle2.pcapng
"Oct 12, 2023 17:31:42.714238",,45,,,,,,,,,,idle2.pcapng
"Oct 12, 2023 17:31:42.716030",0.001792,5,,,0x0002,254,,,,,,idle2.pcapng
"Oct 12, 2023 17:31:42.720026",,63,,,,,,,,,,idle2.pcapng
"Oct 12, 2023 17:31:42.722424",0.002398,5,,,0x0002,205,,,,,,idle2.pcapng
"Oct 12, 2023 17:31:42.723311",,54,,,,,,,,,,idle2.pcapng
"Oct 12, 2023 17:31:42.725389",0.002078,5,,,0x0002,255,,,,,,idle2.pcapng
"Oct 12, 2023 17:31:42.733755",,66,,,,,,,,,,idle2.pcapng
"Oct 12, 2023 17:31:42.736250",0.002495,5,,,0x0002,130,,,,,,idle2.pcapng
"Oct 12, 2023 17:31:42.763985",,45,,,,,,,,,,idle2.pcapng
"Oct 12, 2023 17:31:42.765808",0.001823,5,,,0x0002,0,,,,,,idle2.pcapng
"Oct 12, 2023 17:31:42.770650",0.004842,5,,,0x0002,52,,,,,,idle2.pcapng
"Oct 12, 2023 17:31:42.775023",,54,,,,,,,,,,idle2.pcapng
"Oct 12, 2023 17:31:42.777134",0.002111,5,,,0x0002,1,,,,,,idle2.pcapng
"Oct 12, 2023 17:31:42.780575",0.003441,54,0x5a2d,0x6e55,0x8861,59,,,,,,idle2.pcapng
"Oct 12, 2023 17:31:42.782654",0.002079,5,,,0x0002,53,,,,,,idle2.pcapng
"Oct 12, 2023 17:31:42.788023",,45,,,,,,,,,,idle2.pcapng
"Oct 12, 2023 17:31:42.789814",0.001791,5,,,0x0002,2,,,,,,idle2.pcapng
"Oct 12, 2023 17:31:42.790430",,66,,,,,,,,,,idle2.pcapng
"Oct 12, 2023 17:31:42.792925",0.002495,5,,,0x0002,206,,,,,,idle2.pcapng
"Oct 12, 2023 17:31:42.798321",,54,,,,,,,,,,idle2.pcapng
"Oct 12, 2023 17:31:42.800433",0.002112,5,,,0x0002,3,,,,,,idle2.pcapng
"Oct 12, 2023 17:31:42.803240",,54,,,,,,,,,,idle2.pcapng
"Oct 12, 2023 17:31:42.805310",0.002070,5,,,0x0002,249,,,,,,idle2.pcapng
"Oct 12, 2023 17:31:42.813057",,66,,,,,,,,,,idle2.pcapng
"Oct 12, 2023 17:31:42.815552",0.002495,5,,,0x0002,197,,,,,,idle2.pcapng
"Oct 12, 2023 17:31:42.820025",,52,,,,,,,,,,idle2.pcapng
"Oct 12, 2023 17:31:42.822072",0.002047,107,,,,,,,,,,idle2.pcapng
"Oct 12, 2023 17:31:42.826673",,52,,,,,,,,,,idle2.pcapng
"Oct 12, 2023 17:31:42.829726",,52,,,,,,,,,,idle2.pcapng
"Oct 12, 2023 17:31:42.831774",0.002048,5,,,0x0002,4,,,,,,idle2.pcapng
"Oct 12, 2023 17:31:42.836513",,63,,,,,,,,,,idle2.pcapng
"Oct 12, 2023 17:31:42.838911",0.002398,5,,,0x0002,198,,,,,,idle2.pcapng
"Oct 12, 2023 17:31:42.852600",,45,,,,,,,,,,idle2.pcapng
"Oct 12, 2023 17:31:42.858148",,45,,,,,,,,,,idle2.pcapng
"Oct 12, 2023 17:31:42.859928",0.001780,5,,,0x0002,54,,,,,,idle2.pcapng
"Oct 12, 2023 17:31:42.864275",,45,,,,,,,,,,idle2.pcapng
"Oct 12, 2023 17:31:42.866098",0.001823,5,,,0x0002,6,,,,,,idle2.pcapng
"Oct 12, 2023 17:31:42.869550",,45,,,,,,,,,,idle2.pcapng
"Oct 12, 2023 17:31:42.871341",0.001791,5,,,0x0002,251,,,,,,idle2.pcapng
"Oct 12, 2023 17:31:42.874929",,45,,,,,,,,,,idle2.pcapng
"Oct 12, 2023 17:31:42.876753",0.001824,5,,,0x0002,7,,,,,,idle2.pcapng
"Oct 12, 2023 17:31:42.880819",,45,,,,,,,,,,idle2.pcapng
"Oct 12, 2023 17:31:42.882611",0.001792,5,,,0x0002,252,,,,,,idle2.pcapng
"Oct 12, 2023 17:31:44.196497",1.313886,74,0xa209,0xffff,0x8841,253,0xa209,0xfffc,0x1209,,,idle2.pcapng
"Oct 12, 2023 17:31:44.481046",0.284549,77,0xe694,0xffff,0x8841,131,0xe694,0xfffc,0x1209,,,idle2.pcapng
"Oct 12, 2023 17:31:45.458965",0.977919,71,0xc8f0,0xffff,0x8841,199,0xc8f0,0xfffc,0x1209,,,idle2.pcapng
"Oct 12, 2023 17:31:45.891272",0.432307,77,0xe5c4,0xffff,0x8841,168,0xe5c4,0xfffc,0x1209,,,idle2.pcapng
"Oct 12, 2023 17:31:47.501430",1.610158,12,0x2cae,0x482d,0x8863,165,,,,,,idle2.pcapng
"Oct 12, 2023 17:31:47.502197",0.000767,5,,,0x0002,165,,,,,,idle2.pcapng
"Oct 12, 2023 17:31:49.606530",2.104333,74,0x09ac,0xffff,0x8841,152,0x09ac,0xfffc,0x1209,,,idle2.pcapng
"Oct 12, 2023 17:31:52.231617",,63,,,,,,,,,,idle2.pcapng
"Oct 12, 2023 17:31:52.234016",0.002399,5,,,0x0002,207,,,,,,idle2.pcapng
"Oct 12, 2023 17:31:52.280596",,50,,,,,,,,,,idle2.pcapng
"Oct 12, 2023 17:31:52.282580",0.001984,5,,,0x0002,8,,,,,,idle2.pcapng
"Oct 12, 2023 17:31:52.286549",,50,,,,,,,,,,idle2.pcapng
"Oct 12, 2023 17:31:52.288490",0.001941,5,,,0x0002,55,,,,,,idle2.pcapng
"Oct 12, 2023 17:31:52.293574",,45,,,,,,,,,,idle2.pcapng
"Oct 12, 2023 17:31:52.295397",0.001823,5,,,0x0002,208,,,,,,idle2.pcapng
"Oct 12, 2023 17:31:52.308662",,57,,,,,,,,,,idle2.pcapng
"Oct 12, 2023 17:31:52.310869",0.002207,5,,,0x0002,209,,,,,,idle2.pcapng
"Oct 12, 2023 17:31:52.349774",,50,,,,,,,,,,idle2.pcapng
"Oct 12, 2023 17:31:52.351756",0.001982,5,,,0x0002,9,,,,,,idle2.pcapng
"Oct 12, 2023 17:31:52.354832",,50,,,,,,,,,,idle2.pcapng
"Oct 12, 2023 17:31:52.356786",0.001954,5,,,0x0002,56,,,,,,idle2.pcapng
"Oct 12, 2023 17:31:52.363883",0.007097,5,,,0x0002,210,,,,,,idle2.pcapng
"Oct 12, 2023 17:31:52.531825",0.167942,12,0x2cae,0x482d,0x8863,166,,,,,,idle2.pcapng
"Oct 12, 2023 17:31:52.532592",0.000767,5,,,0x0002,166,,,,,,idle2.pcapng
"Oct 12, 2023 17:31:55.205322",2.672730,68,0xebe5,0xffff,0x8841,147,0xebe5,0xfffc,0x1209,,,idle2.pcapng
"Oct 12, 2023 17:31:55.960183",0.754861,77,0x054f,0xffff,0x8841,102,0x054f,0xfffc,0x1209,,,idle2.pcapng
"Oct 12, 2023 17:31:56.166719",,57,,,,,,,,,,idle2.pcapng
"Oct 12, 2023 17:31:56.168926",0.002207,5,,,0x0002,132,,,,,,idle2.pcapng
"Oct 12, 2023 17:31:56.173148",0.004222,77,0x82eb,0xffff,0x8841,99,0x82eb,0xfffc,0x1209,,,idle2.pcapng
"Oct 12, 2023 17:31:56.209945",,50,,,,,,,,,,idle2.pcapng
"Oct 12, 2023 17:31:56.211886",0.001941,5,,,0x0002,10,,,,,,idle2.pcapng
"Oct 12, 2023 17:31:56.217150",,45,,,,,,,,,,idle2.pcapng
"Oct 12, 2023 17:31:56.218973",0.001823,5,,,0x0002,133,,,,,,idle2.pcapng
"Oct 12, 2023 17:31:56.231357",,63,,,,,,,,,,idle2.pcapng
"Oct 12, 2023 17:31:56.233756",0.002399,5,,,0x0002,134,,,,,,idle2.pcapng
"Oct 12, 2023 17:31:56.277258",,50,,,,,,,,,,idle2.pcapng
"Oct 12, 2023 17:31:56.279211",0.001953,5,,,0x0002,11,,,,,,idle2.pcapng
"Oct 12, 2023 17:31:56.284650",,45,,,,,,,,,,idle2.pcapng
"Oct 12, 2023 17:31:56.286473",0.001823,5,,,0x0002,135,,,,,,idle2.pcapng
"Oct 12, 2023 17:31:56.682374",0.395901,74,0x6e5f,0xffff,0x8841,211,0x6e5f,0xfffc,0x1209,,,idle2.pcapng
"Oct 12, 2023 17:31:57.563322",0.880948,12,0x2cae,0x482d,0x8863,167,,,,,,idle2.pcapng
"Oct 12, 2023 17:31:57.564089",0.000767,5,,,0x0002,167,,,,,,idle2.pcapng
"Oct 12, 2023 17:31:58.289047",0.724958,77,0x0000,0xffff,0x8841,12,0x0000,0xfffc,0x1209,,,idle2.pcapng
"Oct 12, 2023 17:31:58.938113",0.649066,74,0xa209,0xffff,0x8841,254,0xa209,0xfffc,0x1209,,,idle2.pcapng
"Oct 12, 2023 17:31:59.512056",0.573943,77,0xe694,0xffff,0x8841,136,0xe694,0xfffc,0x1209,,,idle2.pcapng
"Oct 12, 2023 17:32:00.406057",0.894001,71,0xc8f0,0xffff,0x8841,200,0xc8f0,0xfffc,0x1209,,,idle2.pcapng
"Oct 12, 2023 17:32:02.562842",2.156785,12,0x2cae,0x482d,0x8863,168,,,,,,idle2.pcapng
"Oct 12, 2023 17:32:02.563609",0.000767,5,,,0x0002,168,,,,,,idle2.pcapng
"Oct 12, 2023 17:32:02.914929",0.351320,77,0xe5c4,0xffff,0x8841,169,0xe5c4,0xfffc,0x1209,,,idle2.pcapng
"Oct 12, 2023 17:32:05.421633",,76,,,,,,,,,,idle2.pcapng
"Oct 12, 2023 17:32:05.424448",0.002815,5,,,0x0002,103,,,,,,idle2.pcapng
"Oct 12, 2023 17:32:05.443001",,45,,,,,,,,,,idle2.pcapng
"Oct 12, 2023 17:32:05.444792",0.001791,5,,,0x0002,13,,,,,,idle2.pcapng
"Oct 12, 2023 17:32:05.448781",,45,,,,,,,,,,idle2.pcapng
"Oct 12, 2023 17:32:05.450591",0.001810,5,,,0x0002,137,,,,,,idle2.pcapng
"Oct 12, 2023 17:32:05.474298",,50,,,,,,,,,,idle2.pcapng
"Oct 12, 2023 17:32:05.476240",0.001942,5,,,0x0002,14,,,,,,idle2.pcapng
"Oct 12, 2023 17:32:05.480188",,50,,,,,,,,,,idle2.pcapng
"Oct 12, 2023 17:32:05.482158",0.001970,5,,,0x0002,138,,,,,,idle2.pcapng
"Oct 12, 2023 17:32:05.484738",,45,,,,,,,,,,idle2.pcapng
"Oct 12, 2023 17:32:05.486560",0.001822,5,,,0x0002,104,,,,,,idle2.pcapng
"Oct 12, 2023 17:32:06.785736",1.299176,74,0x09ac,0xffff,0x8841,153,0x09ac,0xfffc,0x1209,,,idle2.pcapng
"Oct 12, 2023 17:32:07.625534",0.839798,12,0x2cae,0x482d,0x8863,169,,,,,,idle2.pcapng
"Oct 12, 2023 17:32:07.626301",0.000767,5,,,0x0002,169,,,,,,idle2.pcapng
"Oct 12, 2023 17:32:10.299285",2.672984,68,0xebe5,0xffff,0x8841,148,0xebe5,0xfffc,0x1209,,,idle2.pcapng
"Oct 12, 2023 17:32:11.181817",0.882532,77,0x82eb,0xffff,0x8841,100,0x82eb,0xfffc,0x1209,,,idle2.pcapng
"Oct 12, 2023 17:32:11.760655",0.578838,74,0x6e5f,0xffff,0x8841,212,0x6e5f,0xfffc,0x1209,,,idle2.pcapng
"Oct 12, 2023 17:32:11.803081",0.042426,77,0x054f,0xffff,0x8841,105,0x054f,0xfffc,0x1209,,,idle2.pcapng
"Oct 12, 2023 17:32:12.658636",0.855555,12,0x2cae,0x482d,0x8863,170,,,,,,idle2.pcapng
"Oct 12, 2023 17:32:12.659404",0.000768,5,,,0x0002,170,,,,,,idle2.pcapng
"Oct 12, 2023 17:32:12.669561",,52,,,,,,,,,,idle2.pcapng
"Oct 12, 2023 17:32:12.671579",0.002018,5,,,0x0002,15,,,,,,idle2.pcapng
"Oct 12, 2023 17:32:12.679286",,63,,,,,,,,,,idle2.pcapng
"Oct 12, 2023 17:32:12.681685",0.002399,5,,,0x0002,139,,,,,,idle2.pcapng
"Oct 12, 2023 17:32:12.703974",,52,,,,,,,,,,idle2.pcapng
"Oct 12, 2023 17:32:12.706021",0.002047,5,,,0x0002,16,,,,,,idle2.pcapng
"Oct 12, 2023 17:32:12.710466",,52,,,,,,,,,,idle2.pcapng
"Oct 12, 2023 17:32:12.712471",0.002005,5,,,0x0002,59,,,,,,idle2.pcapng
"Oct 12, 2023 17:32:12.716716",,45,,,,,,,,,,idle2.pcapng
"Oct 12, 2023 17:32:12.718508",0.001792,5,,,0x0002,17,,,,,,idle2.pcapng
"Oct 12, 2023 17:32:12.720217",,63,,,,,,,,,,idle2.pcapng
"Oct 12, 2023 17:32:12.722616",0.002399,5,,,0x0002,213,,,,,,idle2.pcapng
"Oct 12, 2023 17:32:12.732087",,54,,,,,,,,,,idle2.pcapng
"Oct 12, 2023 17:32:12.734169",0.002082,5,,,0x0002,18,,,,,,idle2.pcapng
"Oct 12, 2023 17:32:12.742207",,66,,,,,,,,,,idle2.pcapng
"Oct 12, 2023 17:32:12.744701",0.002494,5,,,0x0002,140,,,,,,idle2.pcapng
"Oct 12, 2023 17:32:12.767116",,54,,,,,,,,,,idle2.pcapng
"Oct 12, 2023 17:32:12.769228",0.002112,5,,,0x0002,19,,,,,,idle2.pcapng
"Oct 12, 2023 17:32:12.771764",,54,,,,,,,,,,idle2.pcapng
"Oct 12, 2023 17:32:12.773843",0.002079,5,,,0x0002,60,,,,,,idle2.pcapng
"Oct 12, 2023 17:32:12.780000",,45,,,,,,,,,,idle2.pcapng
"Oct 12, 2023 17:32:12.784887",,45,,,,,,,,,,idle2.pcapng
"Oct 12, 2023 17:32:12.786710",0.001823,5,,,0x0002,20,,,,,,idle2.pcapng
"Oct 12, 2023 17:32:12.787232",,66,,,,,,,,,,idle2.pcapng
"Oct 12, 2023 17:32:12.789727",0.002495,5,,,0x0002,214,,,,,,idle2.pcapng
"Oct 12, 2023 17:32:12.790680",,45,,,,,,,,,,idle2.pcapng
"Oct 12, 2023 17:32:12.792463",0.001783,5,,,0x0002,61,,,,,,idle2.pcapng
"Oct 12, 2023 17:32:12.796393",,54,,,,,,,,,,idle2.pcapng
"Oct 12, 2023 17:32:12.798505",0.002112,5,,,0x0002,21,,,,,,idle2.pcapng
"Oct 12, 2023 17:32:12.801242",,54,,,,,,,,,,idle2.pcapng
"Oct 12, 2023 17:32:12.803311",0.002069,5,,,0x0002,255,,,,,,idle2.pcapng
"Oct 12, 2023 17:32:12.811256",,66,,,,,,,,,,idle2.pcapng
"Oct 12, 2023 17:32:12.813751",0.002495,5,,,0x0002,201,,,,,,idle2.pcapng
"Oct 12, 2023 17:32:12.816771",,45,,,,,,,,,,idle2.pcapng
"Oct 12, 2023 17:32:12.818565",0.001794,5,,,0x0002,22,,,,,,idle2.pcapng
"Oct 12, 2023 17:32:12.831150",,52,,,,,,,,,,idle2.pcapng
"Oct 12, 2023 17:32:12.833197",0.002047,5,,,0x0002,23,,,,,,idle2.pcapng
"Oct 12, 2023 17:32:12.836612",,52,,,,,,,,,,idle2.pcapng
"Oct 12, 2023 17:32:12.838628",0.002016,5,,,0x0002,0,,,,,,idle2.pcapng
"Oct 12, 2023 17:32:12.846476",,63,,,,,,,,,,idle2.pcapng
"Oct 12, 2023 17:32:12.848875",0.002399,5,,,0x0002,202,,,,,,idle2.pcapng
"Oct 12, 2023 17:32:12.854125",,45,,,,,,,,,,idle2.pcapng
"Oct 12, 2023 17:32:12.855949",0.001824,5,,,0x0002,24,,,,,,idle2.pcapng
"Oct 12, 2023 17:32:12.860298",,45,,,,,,,,,,idle2.pcapng
"Oct 12, 2023 17:32:12.862092",0.001794,5,,,0x0002,62,,,,,,idle2.pcapng
"Oct 12, 2023 17:32:12.863697",,45,,,,,,,,,,idle2.pcapng
"Oct 12, 2023 17:32:12.865520",0.001823,5,,,0x0002,25,,,,,,idle2.pcapng
"Oct 12, 2023 17:32:12.868568",,45,,,,,,,,,,idle2.pcapng
"Oct 12, 2023 17:32:12.870361",0.001793,37,,,,,,,,,,idle2.pcapng
"Oct 12, 2023 17:32:12.875334",,45,,,,,,,,,,idle2.pcapng
"Oct 12, 2023 17:32:12.877156",0.001822,5,,,0x0002,26,,,,,,idle2.pcapng
"Oct 12, 2023 17:32:12.879886",,45,,,,,,,,,,idle2.pcapng
"Oct 12, 2023 17:32:12.881672",0.001786,5,,,0x0002,2,,,,,,idle2.pcapng
"Oct 12, 2023 17:32:14.003939",1.122267,77,0x0000,0xffff,0x8841,27,0x0000,0xfffc,0x1209,,,idle2.pcapng
"Oct 12, 2023 17:32:14.544438",0.540499,77,0xe694,0xffff,0x8841,141,0xe694,0xfffc,0x1209,,,idle2.pcapng
"Oct 12, 2023 17:32:15.431138",0.886700,71,0xc8f0,0xffff,0x8841,203,0xc8f0,0xfffc,0x1209,,,idle2.pcapng
"Oct 12, 2023 17:32:15.638583",0.207445,71,0xa209,0xffff,0x8841,3,0xa209,0xfffc,0x1209,,,idle2.pcapng
"Oct 12, 2023 17:32:17.689031",2.050448,12,0x2cae,0x482d,0x8863,171,,,,,,idle2.pcapng
"Oct 12, 2023 17:32:17.689798",0.000767,5,,,0x0002,171,,,,,,idle2.pcapng
"Oct 12, 2023 17:32:20.468324",2.778526,77,0xe5c4,0xffff,0x8841,170,0xe5c4,0xfffc,0x1209,,,idle2.pcapng
"Oct 12, 2023 17:32:22.753060",2.284736,12,0x2cae,0x482d,0x8863,172,,,,,,idle2.pcapng
"Oct 12, 2023 17:32:22.753827",0.000767,5,,,0x0002,172,,,,,,idle2.pcapng
"Oct 12, 2023 17:32:24.719179",1.965352,77,0x482d,0xffff,0x8841,63,0x482d,0xfffc,0x1209,,,idle2.pcapng
"Oct 12, 2023 17:32:25.279046",0.559867,68,0xebe5,0xffff,0x8841,149,0xebe5,0xfffc,0x1209,,,idle2.pcapng
"Oct 12, 2023 17:32:26.181525",0.902479,77,0x82eb,0xffff,0x8841,101,0x82eb,0xfffc,0x1209,,,idle2.pcapng
"Oct 12, 2023 17:32:27.783541",1.602016,12,0x2cae,0x482d,0x8863,173,,,,,,idle2.pcapng
"Oct 12, 2023 17:32:27.784309",0.000768,5,,,0x0002,173,,,,,,idle2.pcapng
"Oct 12, 2023 17:32:28.745871",0.961562,77,0x054f,0xffff,0x8841,106,0x054f,0xfffc,0x1209,,,idle2.pcapng
"Oct 12, 2023 17:32:29.579918",0.834047,77,0xe694,0xffff,0x8841,142,0xe694,0xfffc,0x1209,,,idle2.pcapng
"Oct 12, 2023 17:32:30.080826",0.500908,71,0xa209,0xffff,0x8841,4,0xa209,0xfffc,0x1209,,,idle2.pcapng
"Oct 12, 2023 17:32:30.495602",0.414776,71,0xc8f0,0xffff,0x8841,204,0xc8f0,0xfffc,0x1209,,,idle2.pcapng
"Oct 12, 2023 17:32:30.619404",0.123802,77,0x0000,0xffff,0x8841,28,0x0000,0xfffc,0x1209,,,idle2.pcapng
"Oct 12, 2023 17:32:32.815978",2.196574,12,0x2cae,0x482d,0x8863,174,,,,,,idle2.pcapng
"Oct 12, 2023 17:32:32.816746",0.000768,5,,,0x0002,174,,,,,,idle2.pcapng
"Oct 12, 2023 17:32:36.039181",3.222435,77,0xe5c4,0xffff,0x8841,171,0xe5c4,0xfffc,0x1209,,,idle2.pcapng
"Oct 12, 2023 17:32:37.877004",1.837823,12,0x2cae,0x482d,0x8863,175,,,,,,idle2.pcapng
"Oct 12, 2023 17:32:37.877772",0.000768,5,,,0x0002,175,,,,,,idle2.pcapng
"Oct 12, 2023 17:32:37.920543",0.042771,74,0x09ac,0xffff,0x8841,155,0x09ac,0xfffc,0x1209,,,idle2.pcapng
"Oct 12, 2023 17:32:40.279086",2.358543,68,0xebe5,0xffff,0x8841,150,0xebe5,0xfffc,0x1209,,,idle2.pcapng
"Oct 12, 2023 17:32:41.174513",0.895427,77,0x82eb,0xffff,0x8841,102,0x82eb,0xfffc,0x1209,,,idle2.pcapng
"Oct 12, 2023 17:32:41.663847",0.489334,74,0x6e5f,0xffff,0x8841,216,0x6e5f,0xfffc,0x1209,,,idle2.pcapng
"Oct 12, 2023 17:32:42.116780",0.452933,77,0x482d,0xffff,0x8841,64,0x482d,0xfffc,0x1209,,,idle2.pcapng
"Oct 12, 2023 17:32:42.671543",,52,,,,,,,,,,idle2.pcapng
"Oct 12, 2023 17:32:42.673558",0.002015,5,,,0x0002,29,,,,,,idle2.pcapng
"Oct 12, 2023 17:32:42.681686",,63,,,,,,,,,,idle2.pcapng
"Oct 12, 2023 17:32:42.684085",0.002399,5,,,0x0002,143,,,,,,idle2.pcapng
"Oct 12, 2023 17:32:42.707079",,52,,,,,,,,,,idle2.pcapng
"Oct 12, 2023 17:32:42.709126",0.002047,5,,,0x0002,30,,,,,,idle2.pcapng
"Oct 12, 2023 17:32:42.713161",,52,,,,,,,,,,idle2.pcapng
"Oct 12, 2023 17:32:42.715177",0.002016,5,,,0x0002,65,,,,,,idle2.pcapng
"Oct 12, 2023 17:32:42.719424",,45,,,,,,,,,,idle2.pcapng
"Oct 12, 2023 17:32:42.721206",0.001782,5,,,0x0002,31,,,,,,idle2.pcapng
"Oct 12, 2023 17:32:42.723067",,63,,,,,,,,,,idle2.pcapng
"Oct 12, 2023 17:32:42.725466",0.002399,5,,,0x0002,217,,,,,,idle2.pcapng
"Oct 12, 2023 17:32:42.734822",,54,,,,,,,,,,idle2.pcapng
"Oct 12, 2023 17:32:42.736901",0.002079,5,,,0x0002,32,,,,,,idle2.pcapng
"Oct 12, 2023 17:32:42.745075",,66,,,,,,,,,,idle2.pcapng
"Oct 12, 2023 17:32:42.747570",0.002495,5,,,0x0002,144,,,,,,idle2.pcapng
"Oct 12, 2023 17:32:42.768491",,54,,,,,,,,,,idle2.pcapng
"Oct 12, 2023 17:32:42.770602",0.002111,5,,,0x0002,33,,,,,,idle2.pcapng
"Oct 12, 2023 17:32:42.773568",,54,,,,,,,,,,idle2.pcapng
"Oct 12, 2023 17:32:42.775648",0.002080,5,,,0x0002,66,,,,,,idle2.pcapng
"Oct 12, 2023 17:32:42.783629",,66,,,,,,,,,,idle2.pcapng
"Oct 12, 2023 17:32:42.786124",0.002495,5,,,0x0002,218,,,,,,idle2.pcapng
"Oct 12, 2023 17:32:42.787096",,45,,,,,,,,,,idle2.pcapng
"Oct 12, 2023 17:32:42.788919",0.001823,5,,,0x0002,34,,,,,,idle2.pcapng
"Oct 12, 2023 17:32:42.791556",0.002637,45,0x482d,0x6e5f,0x8861,67,,,,,,idle2.pcapng
"Oct 12, 2023 17:32:42.793349",0.001793,5,,,0x0002,67,,,,,,idle2.pcapng
"Oct 12, 2023 17:32:42.802393",,54,,,,,,,,,,idle2.pcapng
"Oct 12, 2023 17:32:42.804505",0.002112,5,,,0x0002,35,,,,,,idle2.pcapng
"Oct 12, 2023 17:32:42.808902",,54,,,,,,,,,,idle2.pcapng
"Oct 12, 2023 17:32:42.810981",0.002079,5,,,0x0002,5,,,,,,idle2.pcapng
"Oct 12, 2023 17:32:42.813693",,45,,,,,,,,,,idle2.pcapng
"Oct 12, 2023 17:32:42.815485",0.001792,5,,,0x0002,36,,,,,,idle2.pcapng
"Oct 12, 2023 17:32:42.818897",0.003412,106,0xc8f0,0x0000,0x886a,205,,,,,,idle2.pcapng
"Oct 12, 2023 17:32:42.826546",0.007649,5,,,0x0002,205,,,,,,idle2.pcapng
"Oct 12, 2023 17:32:42.830214",,52,,,,,,,,,,idle2.pcapng
"Oct 12, 2023 17:32:42.832261",0.002047,5,,,0x0002,37,,,,,,idle2.pcapng
"Oct 12, 2023 17:32:42.836849",,52,,,,,,,,,,idle2.pcapng
"Oct 12, 2023 17:32:42.838854",0.002005,5,,,0x0002,6,,,,,,idle2.pcapng
"Oct 12, 2023 17:32:42.849081",0.010227,5,,,0x0002,206,,,,,,idle2.pcapng
"Oct 12, 2023 17:32:42.855228",,45,,,,,,,,,,idle2.pcapng
"Oct 12, 2023 17:32:42.857051",0.001823,5,,,0x0002,38,,,,,,idle2.pcapng
"Oct 12, 2023 17:32:42.860067",,45,,,,,,,,,,idle2.pcapng
"Oct 12, 2023 17:32:42.861860",0.001793,5,,,0x0002,68,,,,,,idle2.pcapng
"Oct 12, 2023 17:32:42.865729",,45,,,,,,,,,,idle2.pcapng
"Oct 12, 2023 17:32:42.867552",0.001823,5,,,0x0002,39,,,,,,idle2.pcapng
"Oct 12, 2023 17:32:42.871002",,45,,,,,,,,,,idle2.pcapng
"Oct 12, 2023 17:32:42.872786",0.001784,5,,,0x0002,7,,,,,,idle2.pcapng
"Oct 12, 2023 17:32:42.876348",,45,,,,,,,,,,idle2.pcapng
"Oct 12, 2023 17:32:42.878172",0.001824,5,,,0x0002,40,,,,,,idle2.pcapng
"Oct 12, 2023 17:32:42.881954",,45,,,,,,,,,,idle2.pcapng
"Oct 12, 2023 17:32:42.883735",0.001781,5,,,0x0002,8,,,,,,idle2.pcapng
"Oct 12, 2023 17:32:42.908640",0.024905,5,,,0x0002,176,,,,,,idle2.pcapng
"Oct 12, 2023 17:32:44.173599",1.264959,51,,,0xb2f1,245,,,,,,idle2.pcapng
"Oct 12, 2023 17:32:44.588468",0.414869,77,0xe694,0xffff,0x8841,145,0xe694,0xfffc,0x1209,,,idle2.pcapng
"Oct 12, 2023 17:32:45.385154",0.796686,71,0xa209,0xffff,0x8841,9,0xa209,0xfffc,0x1209,,,idle2.pcapng
"Oct 12, 2023 17:32:45.506109",0.120955,71,0xc8f0,0xffff,0x8841,207,0xc8f0,0xfffc,0x1209,,,idle2.pcapng
"Oct 12, 2023 17:32:46.691352",1.185243,77,0x054f,0xffff,0x8841,107,0x054f,0xfffc,0x1209,,,idle2.pcapng
"Oct 12, 2023 17:32:46.900651",0.209299,77,0x0000,0xffff,0x8841,41,0x0000,0xfffc,0x1209,,,idle2.pcapng
"Oct 12, 2023 17:32:47.940878",1.040227,12,0x2cae,0x482d,0x8863,177,,,,,,idle2.pcapng
"Oct 12, 2023 17:32:47.941645",0.000767,5,,,0x0002,177,,,,,,idle2.pcapng
"Oct 12, 2023 17:32:49.947567",,60,,,,,,,,,,idle2.pcapng
"Oct 12, 2023 17:32:49.949870",0.002303,5,,,0x0002,146,,,,,,idle2.pcapng
"Oct 12, 2023 17:32:49.990890",,50,,,,,,,,,,idle2.pcapng
"Oct 12, 2023 17:32:49.992844",0.001954,5,,,0x0002,42,,,,,,idle2.pcapng
"Oct 12, 2023 17:32:49.997975",,45,,,,,,,,,,idle2.pcapng
"Oct 12, 2023 17:32:49.999797",0.001822,5,,,0x0002,147,,,,,,idle2.pcapng
"Oct 12, 2023 17:32:52.178832",2.179035,77,0xe5c4,0xffff,0x8841,172,0xe5c4,0xfffc,0x1209,,,idle2.pcapng
"Oct 12, 2023 17:32:52.827933",0.649101,74,0x09ac,0xffff,0x8841,156,0x09ac,0xfffc,0x1209,,,idle2.pcapng
"Oct 12, 2023 17:32:52.971999",0.144066,12,0x2cae,0x482d,0x8863,178,,,,,,idle2.pcapng
"Oct 12, 2023 17:32:52.972767",0.000768,5,,,0x0002,178,,,,,,idle2.pcapng
"Oct 12, 2023 17:32:55.261007",2.288240,68,0xebe5,0xffff,0x8841,151,0xebe5,0xfffc,0x1209,,,idle2.pcapng
"Oct 12, 2023 17:32:56.181901",0.920894,77,0x82eb,0xffff,0x8841,103,0x82eb,0xfffc,0x1209,,,idle2.pcapng
"Oct 12, 2023 17:32:56.707115",0.525214,74,0x6e5f,0xffff,0x8841,219,0x6e5f,0xfffc,0x1209,,,idle2.pcapng
"Oct 12, 2023 17:32:57.179303",0.472188,77,0x482d,0xffff,0x8841,69,0x482d,0xfffc,0x1209,,,idle2.pcapng
"Oct 12, 2023 17:32:57.520050",,60,,,,,,,,,,idle2.pcapng
"Oct 12, 2023 17:32:57.522353",0.002303,5,,,0x0002,220,,,,,,idle2.pcapng
"Oct 12, 2023 17:32:57.565591",,50,,,,,,,,,,idle2.pcapng
"Oct 12, 2023 17:32:57.567574",0.001983,5,,,0x0002,43,,,,,,idle2.pcapng
"Oct 12, 2023 17:32:57.571085",0.003511,50,0x4827,0x2369,0x8861,70,,,,,,idle2.pcapng
"Oct 12, 2023 17:32:57.573038",0.001953,5,,,0x0002,70,,,,,,idle2.pcapng
"Oct 12, 2023 17:32:57.578127",,45,,,,,,,,,,idle2.pcapng
"Oct 12, 2023 17:32:57.579950",0.001823,5,,,0x0002,221,,,,,,idle2.pcapng
"Oct 12, 2023 17:32:57.971839",0.391889,12,0x2cae,0x482d,0x8863,179,,,,,,idle2.pcapng
"Oct 12, 2023 17:32:57.972606",0.000767,5,,,0x0002,179,,,,,,idle2.pcapng
"Oct 12, 2023 17:32:59.493752",1.521146,77,0xe694,0xffff,0x8841,148,0xe694,0xfffc,0x1209,,,idle2.pcapng
"Oct 12, 2023 17:33:00.446655",0.952903,71,0xc8f0,0xffff,0x8841,208,0xc8f0,0xfffc,0x1209,,,idle2.pcapng
"Oct 12, 2023 17:33:02.796608",2.349953,77,0x0000,0xffff,0x8841,44,0x0000,0xfffc,0x1209,,,idle2.pcapng
"Oct 12, 2023 17:33:03.033983",0.237375,12,0x2cae,0x482d,0x8863,180,,,,,,idle2.pcapng
"Oct 12, 2023 17:33:03.034750",0.000767,5,,,0x0002,180,,,,,,idle2.pcapng
"Oct 12, 2023 17:33:03.496451",0.461701,71,0xa209,0xffff,0x8841,10,0xa209,0xfffc,0x1209,,,idle2.pcapng
"Oct 12, 2023 17:33:04.494036",0.997585,77,0x054f,0xffff,0x8841,108,0x054f,0xfffc,0x1209,,,idle2.pcapng
"Oct 12, 2023 17:33:05.222771",,50,,,,,,,,,,idle2.pcapng
"Oct 12, 2023 17:33:05.224754",0.001983,5,,,0x0002,45,,,,,,idle2.pcapng
"Oct 12, 2023 17:33:05.229356",0.004602,55,0xa209,0x0000,0x8861,11,0xa209,0x0000,0x1a09,,,idle2.pcapng
"Oct 12, 2023 17:33:05.231498",0.002142,5,,,0x0002,11,,,,,,idle2.pcapng
"Oct 12, 2023 17:33:05.278496",0.046998,5,,,0x0002,12,,,,,,idle2.pcapng
"Oct 12, 2023 17:33:05.319317",,50,,,,,,,,,,idle2.pcapng
"Oct 12, 2023 17:33:05.321301",0.001984,5,,,0x0002,46,,,,,,idle2.pcapng
"Oct 12, 2023 17:33:05.323213",,50,,,,,,,,,,idle2.pcapng
"Oct 12, 2023 17:33:05.325197",0.001984,5,,,0x0002,46,,,,,,idle2.pcapng
"Oct 12, 2023 17:33:05.326213",0.001016,55,0xa209,0x0000,0x8861,13,0xa209,0x0000,0x1a09,,,idle2.pcapng
"Oct 12, 2023 17:33:05.328356",0.002143,5,,,0x0002,13,,,,,,idle2.pcapng
"Oct 12, 2023 17:33:05.374146",,53,,,,,,,,,,idle2.pcapng
"Oct 12, 2023 17:33:05.376224",0.002078,5,,,0x0002,14,,,,,,idle2.pcapng
"Oct 12, 2023 17:33:07.268420",,54,,,,,,,,,,idle2.pcapng
"Oct 12, 2023 17:33:07.270517",0.002097,5,,,0x0002,47,,,,,,idle2.pcapng
"Oct 12, 2023 17:33:07.272816",,54,,,,,,,,,,idle2.pcapng
"Oct 12, 2023 17:33:07.274927",0.002111,5,,,0x0002,109,,,,,,idle2.pcapng
"Oct 12, 2023 17:33:07.278266",0.003339,55,0xe5c4,0x054f,0x8861,173,0xe5c4,0x0000,0x1a09,,,idle2.pcapng
"Oct 12, 2023 17:33:07.280395",0.002129,5,,,0x0002,173,,,,,,idle2.pcapng
"Oct 12, 2023 17:33:07.282430",0.002035,57,0x054f,0x0000,0x8861,110,0xe5c4,0x0000,0x1a09,,,idle2.pcapng
"Oct 12, 2023 17:33:07.284637",0.002207,5,,,0x0002,110,,,,,,idle2.pcapng
"Oct 12, 2023 17:33:07.327274",,53,,,,,,,,,,idle2.pcapng
"Oct 12, 2023 17:33:07.329339",0.002065,5,,,0x0002,174,,,,,,idle2.pcapng
"Oct 12, 2023 17:33:07.332582",,53,,,,,,,,,,idle2.pcapng
"Oct 12, 2023 17:33:07.334661",0.002079,5,,,0x0002,111,,,,,,idle2.pcapng
"Oct 12, 2023 17:33:07.373021",,54,,,,,,,,,,idle2.pcapng
"Oct 12, 2023 17:33:07.375119",0.002098,5,,,0x0002,48,,,,,,idle2.pcapng
"Oct 12, 2023 17:33:07.378671",,54,,,,,,,,,,idle2.pcapng
"Oct 12, 2023 17:33:07.380782",0.002111,5,,,0x0002,112,,,,,,idle2.pcapng
"Oct 12, 2023 17:33:07.386516",0.005734,55,0xe5c4,0x054f,0x8861,175,0xe5c4,0x0000,0x1a09,,,idle2.pcapng
"Oct 12, 2023 17:33:07.388645",0.002129,5,,,0x0002,175,,,,,,idle2.pcapng
"Oct 12, 2023 17:33:07.392561",0.003916,57,0x054f,0x0000,0x8861,113,0xe5c4,0x0000,0x1a09,,,idle2.pcapng
"Oct 12, 2023 17:33:07.394767",0.002206,5,,,0x0002,113,,,,,,idle2.pcapng
"Oct 12, 2023 17:33:07.433814",,53,,,,,,,,,,idle2.pcapng
"Oct 12, 2023 17:33:07.435880",0.002066,5,,,0x0002,176,,,,,,idle2.pcapng
"Oct 12, 2023 17:33:07.438807",,53,,,,,,,,,,idle2.pcapng
"Oct 12, 2023 17:33:07.440885",0.002078,5,,,0x0002,114,,,,,,idle2.pcapng
"Oct 12, 2023 17:33:07.962819",0.521934,74,0x09ac,0xffff,0x8841,157,0x09ac,0xfffc,0x1209,,,idle2.pcapng
"Oct 12, 2023 17:33:08.065972",0.103153,12,0x2cae,0x482d,0x8863,181,,,,,,idle2.pcapng
"Oct 12, 2023 17:33:08.066739",0.000767,5,,,0x0002,181,,,,,,idle2.pcapng
"Oct 12, 2023 17:33:10.208911",2.142172,68,0xebe5,0xffff,0x8841,152,0xebe5,0xfffc,0x1209,,,idle2.pcapng
"Oct 12, 2023 17:33:10.382476",0.173565,77,0xe5c4,0xffff,0x8841,177,0xe5c4,0xfffc,0x1209,,,idle2.pcapng
"Oct 12, 2023 17:33:11.193450",0.810974,77,0x82eb,0xffff,0x8841,104,0x82eb,0xfffc,0x1209,,,idle2.pcapng
"Oct 12, 2023 17:33:11.766037",0.572587,74,0x6e5f,0xffff,0x8841,222,0x6e5f,0xfffc,0x1209,,,idle2.pcapng
"Oct 12, 2023 17:33:12.124267",0.358230,100,0x482d,0xffff,0x8864,71,,,,,,idle2.pcapng
"Oct 12, 2023 17:33:12.382176",,60,,,,,,,,,,idle2.pcapng
"Oct 12, 2023 17:33:12.384479",0.002303,5,,,0x0002,209,,,,,,idle2.pcapng
"Oct 12, 2023 17:33:12.424385",,50,,,,,,,,,,idle2.pcapng
"Oct 12, 2023 17:33:12.426368",0.001983,5,,,0x0002,49,,,,,,idle2.pcapng
"Oct 12, 2023 17:33:12.430325",,50,,,,,,,,,,idle2.pcapng
"Oct 12, 2023 17:33:12.432277",0.001952,5,,,0x0002,15,,,,,,idle2.pcapng
"Oct 12, 2023 17:33:12.437464",,45,,,,,,,,,,idle2.pcapng
"Oct 12, 2023 17:33:12.439287",0.001823,5,,,0x0002,210,,,,,,idle2.pcapng
"Oct 12, 2023 17:33:12.672399",,52,,,,,,,,,,idle2.pcapng
"Oct 12, 2023 17:33:12.674415",0.002016,5,,,0x0002,50,,,,,,idle2.pcapng
"Oct 12, 2023 17:33:12.682131",,63,,,,,,,,,,idle2.pcapng
"Oct 12, 2023 17:33:12.684530",0.002399,5,,,0x0002,149,,,,,,idle2.pcapng
"Oct 12, 2023 17:33:12.711733",,52,,,,,,,,,,idle2.pcapng
"Oct 12, 2023 17:33:12.713780",0.002047,5,,,0x0002,51,,,,,,idle2.pcapng
"Oct 12, 2023 17:33:12.716584",,52,,,,,,,,,,idle2.pcapng
"Oct 12, 2023 17:33:12.718595",0.002011,5,,,0x0002,72,,,,,,idle2.pcapng
"Oct 12, 2023 17:33:12.726523",,63,,,,,,,,,,idle2.pcapng
"Oct 12, 2023 17:33:12.728922",0.002399,5,,,0x0002,223,,,,,,idle2.pcapng
"Oct 12, 2023 17:33:12.730018",,45,,,,,,,,,,idle2.pcapng
"Oct 12, 2023 17:33:12.731808",0.001790,5,,,0x0002,52,,,,,,idle2.pcapng
"Oct 12, 2023 17:33:12.755998",,54,,,,,,,,,,idle2.pcapng
"Oct 12, 2023 17:33:12.758077",0.002079,5,,,0x0002,53,,,,,,idle2.pcapng
"Oct 12, 2023 17:33:12.765927",,66,,,,,,,,,,idle2.pcapng
"Oct 12, 2023 17:33:12.768421",0.002494,5,,,0x0002,150,,,,,,idle2.pcapng
"Oct 12, 2023 17:33:12.777013",,54,,,,,,,,,,idle2.pcapng
"Oct 12, 2023 17:33:12.779124",0.002111,5,,,0x0002,54,,,,,,idle2.pcapng
"Oct 12, 2023 17:33:12.783928",0.004804,54,0x482d,0x3e5f,0x8861,73,,,,,,idle2.pcapng
"Oct 12, 2023 17:33:12.786007",0.002079,5,,,0x0002,73,,,,,,idle2.pcapng
"Oct 12, 2023 17:33:12.793903",,66,,,,,,,,,,idle2.pcapng
"Oct 12, 2023 17:33:12.796398",0.002495,5,,,0x0002,224,,,,,,idle2.pcapng
"Oct 12, 2023 17:33:12.797512",,45,,,,,,,,,,idle2.pcapng
"Oct 12, 2023 17:33:12.799335",0.001823,5,,,0x0002,55,,,,,,idle2.pcapng
"Oct 12, 2023 17:33:12.804062",0.004727,45,0x482d,0x6e5f,0x8861,74,,,,,,idle2.pcapng
"Oct 12, 2023 17:33:12.814060",,54,,,,,,,,,,idle2.pcapng
"Oct 12, 2023 17:33:12.816172",0.002112,5,,,0x0002,56,,,,,,idle2.pcapng
"Oct 12, 2023 17:33:12.820318",,54,,,,,,,,,,idle2.pcapng
"Oct 12, 2023 17:33:12.822399",0.002081,5,,,0x0002,16,,,,,,idle2.pcapng
"Oct 12, 2023 17:33:12.826222",,52,,,,,,,,,,idle2.pcapng
"Oct 12, 2023 17:33:12.828269",0.002047,5,,,0x0002,57,,,,,,idle2.pcapng
"Oct 12, 2023 17:33:12.830148",0.001879,106,0xc8f0,0x0000,0x886a,211,,,,,,idle2.pcapng
"Oct 12, 2023 17:33:12.835278",,66,,,,,,,,,,idle2.pcapng
"Oct 12, 2023 17:33:12.837773",0.002495,5,,,0x0002,211,,,,,,idle2.pcapng
"Oct 12, 2023 17:33:12.839613",,52,,,,,,,,,,idle2.pcapng
"Oct 12, 2023 17:33:12.841628",0.002015,5,,,0x0002,17,,,,,,idle2.pcapng
"Oct 12, 2023 17:33:12.849309",,45,,,,,,,,,,idle2.pcapng
"Oct 12, 2023 17:33:12.851103",0.001794,5,,,0x0002,58,,,,,,idle2.pcapng
"Oct 12, 2023 17:33:12.862177",0.011074,5,,,0x0002,212,,,,,,idle2.pcapng
"Oct 12, 2023 17:33:12.867658",,45,,,,,,,,,,idle2.pcapng
"Oct 12, 2023 17:33:12.875073",,45,,,,,,,,,,idle2.pcapng
"Oct 12, 2023 17:33:12.876896",0.001823,5,,,0x0002,59,,,,,,idle2.pcapng
"Oct 12, 2023 17:33:12.879342",0.002446,45,0x482d,0x6e5f,0x8861,75,,,,,,idle2.pcapng
"Oct 12, 2023 17:33:12.881134",0.001792,5,,,0x0002,75,,,,,,idle2.pcapng
"Oct 12, 2023 17:33:12.882985",,45,,,,,,,,,,idle2.pcapng
"Oct 12, 2023 17:33:12.884808",0.001823,5,,,0x0002,60,,,,,,idle2.pcapng
"Oct 12, 2023 17:33:12.888510",0.003702,45,0xa209,0xc8f0,0x8861,18,,,,,,idle2.pcapng
"Oct 12, 2023 17:33:12.890303",0.001793,5,,,0x0002,18,,,,,,idle2.pcapng
"Oct 12, 2023 17:33:12.894014",,45,,,,,,,,,,idle2.pcapng
"Oct 12, 2023 17:33:12.895838",0.001824,5,,,0x0002,61,,,,,,idle2.pcapng
"Oct 12, 2023 17:33:12.900484",,45,,,,,,,,,,idle2.pcapng
"Oct 12, 2023 17:33:12.902268",0.001784,5,,,0x0002,19,,,,,,idle2.pcapng
"Oct 12, 2023 17:33:13.097269",0.195001,12,0x2cae,0x482d,0x8863,182,,,,,,idle2.pcapng
"Oct 12, 2023 17:33:13.098036",0.000767,5,,,0x0002,182,,,,,,idle2.pcapng
"Oct 12, 2023 17:33:14.592605",1.494569,77,0xe694,0xffff,0x8841,151,0xe694,0xfffc,0x1209,,,idle2.pcapng
"Oct 12, 2023 17:33:15.438251",0.845646,71,0xc8f0,0xffff,0x8841,213,0xc8f0,0xfffc,0x1209,,,idle2.pcapng
"Oct 12, 2023 17:33:18.128627",2.690376,12,0x2cae,0x482d,0x8863,183,,,,,,idle2.pcapng
"Oct 12, 2023 17:33:19.755446",1.626819,77,0x0000,0xffff,0x8841,62,0x0000,0xfffc,0x1209,,,idle2.pcapng
"Oct 12, 2023 17:33:21.115297",1.359851,74,0xa209,0xffff,0x8841,20,0xa209,0xfffc,0x1209,,,idle2.pcapng
"Oct 12, 2023 17:33:21.880028",0.764731,77,0x054f,0xffff,0x8841,115,0x054f,0xfffc,0x1209,,,idle2.pcapng
"Oct 12, 2023 17:33:23.159373",1.279345,12,0x2cae,0x482d,0x8863,184,,,,,,idle2.pcapng
"Oct 12, 2023 17:33:23.160140",0.000767,5,,,0x0002,184,,,,,,idle2.pcapng
"Oct 12, 2023 17:33:24.716266",1.556126,74,0x09ac,0xffff,0x8841,158,0x09ac,0xfffc,0x1209,,,idle2.pcapng
"Oct 12, 2023 17:33:25.265470",0.549204,68,0xebe5,0xffff,0x8841,153,0xebe5,0xfffc,0x1209,,,idle2.pcapng
"Oct 12, 2023 17:33:26.181637",0.916167,77,0x82eb,0xffff,0x8841,105,0x82eb,0xfffc,0x1209,,,idle2.pcapng
"Oct 12, 2023 17:33:26.756921",0.575284,74,0x6e5f,0xffff,0x8841,225,0x6e5f,0xfffc,0x1209,,,idle2.pcapng
"Oct 12, 2023 17:33:27.788084",1.031163,77,0xe5c4,0xffff,0x8841,178,0xe5c4,0xfffc,0x1209,,,idle2.pcapng
"Oct 12, 2023 17:33:28.191067",0.402983,12,0x2cae,0x482d,0x8863,185,,,,,,idle2.pcapng
"Oct 12, 2023 17:33:28.191835",0.000768,5,,,0x0002,185,,,,,,idle2.pcapng
"Oct 12, 2023 17:33:29.201613",1.009778,77,0x482d,0xffff,0x8841,76,0x482d,0xfffc,0x1209,,,idle2.pcapng
"Oct 12, 2023 17:33:29.474273",0.272660,77,0xe694,0xffff,0x8841,152,0xe694,0xfffc,0x1209,,,idle2.pcapng
"Oct 12, 2023 17:33:30.456294",0.982021,71,0xc8f0,0xffff,0x8841,214,0xc8f0,0xfffc,0x1209,,,idle2.pcapng
"Oct 12, 2023 17:33:33.223591",2.767297,12,0x2cae,0x482d,0x8863,186,,,,,,idle2.pcapng
"Oct 12, 2023 17:33:33.224358",0.000767,5,,,0x0002,186,,,,,,idle2.pcapng
"Oct 12, 2023 17:33:33.851469",0.627111,77,0x0000,0xffff,0x8841,63,0x0000,0xfffc,0x1209,,,idle2.pcapng
"Oct 12, 2023 17:33:36.409912",2.558443,74,0xa209,0xffff,0x8841,21,0xa209,0xfffc,0x1209,,,idle2.pcapng
"Oct 12, 2023 17:33:37.632386",1.222474,77,0x054f,0xffff,0x8841,116,0x054f,0xfffc,0x1209,,,idle2.pcapng
"Oct 12, 2023 17:33:38.255393",0.623007,5,,,0x0002,187,,,,,,idle2.pcapng
"Oct 12, 2023 17:33:38.799316",0.543923,74,0x09ac,0xffff,0x8841,159,0x09ac,0xfffc,0x1209,,,idle2.pcapng
"Oct 12, 2023 17:33:40.277452",1.478136,68,0xebe5,0xffff,0x8841,154,0xebe5,0xfffc,0x1209,,,idle2.pcapng
"Oct 12, 2023 17:33:41.184545",0.907093,77,0x82eb,0xffff,0x8841,106,0x82eb,0xfffc,0x1209,,,idle2.pcapng
"Oct 12, 2023 17:33:41.770103",0.585558,74,0x6e5f,0xffff,0x8841,226,0x6e5f,0xfffc,0x1209,,,idle2.pcapng
"Oct 12, 2023 17:33:42.675516",,52,,,,,,,,,,idle2.pcapng
"Oct 12, 2023 17:33:42.677531",0.002015,5,,,0x0002,64,,,,,,idle2.pcapng
"Oct 12, 2023 17:33:42.685343",,63,,,,,,,,,,idle2.pcapng
"Oct 12, 2023 17:33:42.687742",0.002399,5,,,0x0002,153,,,,,,idle2.pcapng
"Oct 12, 2023 17:33:42.711421",,52,,,,,,,,,,idle2.pcapng
"Oct 12, 2023 17:33:42.716057",,52,,,,,,,,,,idle2.pcapng
"Oct 12, 2023 17:33:42.718104",0.002047,5,,,0x0002,65,,,,,,idle2.pcapng
"Oct 12, 2023 17:33:42.720305",,52,,,,,,,,,,idle2.pcapng
"Oct 12, 2023 17:33:42.722321",0.002016,5,,,0x0002,77,,,,,,idle2.pcapng
"Oct 12, 2023 17:33:42.730189",,63,,,,,,,,,,idle2.pcapng
"Oct 12, 2023 17:33:42.732588",0.002399,5,,,0x0002,227,,,,,,idle2.pcapng
"Oct 12, 2023 17:33:42.734440",,45,,,,,,,,,,idle2.pcapng
"Oct 12, 2023 17:33:42.736233",0.001793,5,,,0x0002,66,,,,,,idle2.pcapng
"Oct 12, 2023 17:33:42.759867",,54,,,,,,,,,,idle2.pcapng
"Oct 12, 2023 17:33:42.761940",0.002073,5,,,0x0002,67,,,,,,idle2.pcapng
"Oct 12, 2023 17:33:42.769708",,66,,,,,,,,,,idle2.pcapng
"Oct 12, 2023 17:33:42.772203",0.002495,5,,,0x0002,154,,,,,,idle2.pcapng
"Oct 12, 2023 17:33:42.781815",,54,,,,,,,,,,idle2.pcapng
"Oct 12, 2023 17:33:42.783927",0.002112,5,,,0x0002,68,,,,,,idle2.pcapng
"Oct 12, 2023 17:33:42.786774",0.002847,54,0x482d,0x6e5f,0x8861,78,,,,,,idle2.pcapng
"Oct 12, 2023 17:33:42.788854",0.002080,5,,,0x0002,78,,,,,,idle2.pcapng
"Oct 12, 2023 17:33:42.798213",,66,,,,,,,,,,idle2.pcapng
"Oct 12, 2023 17:33:42.800708",0.002495,5,,,0x0002,228,,,,,,idle2.pcapng
"Oct 12, 2023 17:33:42.802474",0.001766,77,0xe5c4,0xffff,0x8841,179,0xe5c4,0xfffc,0x1209,,,idle2.pcapng
"Oct 12, 2023 17:33:42.808527",,45,,,,,,,,,,idle2.pcapng
"Oct 12, 2023 17:33:42.810350",0.001823,5,,,,,,,,,,idle2.pcapng
"Oct 12, 2023 17:33:42.815058",,45,,,,,,,,,,idle2.pcapng
"Oct 12, 2023 17:33:42.816849",0.001791,5,,,0x0002,79,,,,,,idle2.pcapng
"Oct 12, 2023 17:33:42.820059",,45,,,,,,,,,,idle2.pcapng
"Oct 12, 2023 17:33:42.821882",0.001823,5,,,0x0002,69,,,,,,idle2.pcapng
"Oct 12, 2023 17:33:42.838193",,54,,,,,,,,,,idle2.pcapng
"Oct 12, 2023 17:33:42.840303",0.002110,5,,,0x0002,70,,,,,,idle2.pcapng
"Oct 12, 2023 17:33:42.843429",0.003126,54,,,0x8461,22,,,,,,idle2.pcapng
"Oct 12, 2023 17:33:42.845498",0.002069,5,,,0x0002,22,,,,,,idle2.pcapng
"Oct 12, 2023 17:33:42.849194",,52,,,,,,,,,,idle2.pcapng
"Oct 12, 2023 17:33:42.851241",0.002047,5,,,0x0002,71,,,,,,idle2.pcapng
"Oct 12, 2023 17:33:42.853296",,66,,,,,,,,,,idle2.pcapng
"Oct 12, 2023 17:33:42.855791",0.002495,5,,,0x0002,215,,,,,,idle2.pcapng
"Oct 12, 2023 17:33:42.868291",,63,,,,,,,,,,idle2.pcapng
"Oct 12, 2023 17:33:42.870690",0.002399,5,,,0x0002,216,,,,,,idle2.pcapng
"Oct 12, 2023 17:33:42.876568",,45,,,,,,,,,,idle2.pcapng
"Oct 12, 2023 17:33:42.878361",0.001793,5,,,0x0002,72,,,,,,idle2.pcapng
"Oct 12, 2023 17:33:42.886576",,45,,,,,,,,,,idle2.pcapng
"Oct 12, 2023 17:33:42.888399",0.001823,5,,,0x0002,73,,,,,,idle2.pcapng
"Oct 12, 2023 17:33:42.892807",,45,,,,,,,,,,idle2.pcapng
"Oct 12, 2023 17:33:42.894631",0.001824,5,,,0x0002,74,,,,,,idle2.pcapng
"Oct 12, 2023 17:33:42.896722",,45,,,,,,,,,,idle2.pcapng
"Oct 12, 2023 17:33:42.898514",0.001792,5,,,0x0002,80,,,,,,idle2.pcapng
"Oct 12, 2023 17:33:42.899997",,45,,,,,,,,,,idle2.pcapng
"Oct 12, 2023 17:33:42.901790",0.001793,5,,,0x0002,24,,,,,,idle2.pcapng
"Oct 12, 2023 17:33:42.905771",,45,,,,,,,,,,idle2.pcapng
"Oct 12, 2023 17:33:42.907594",0.001823,5,,,0x0002,75,,,,,,idle2.pcapng
"Oct 12, 2023 17:33:42.910589",,45,,,,,,,,,,idle2.pcapng
"Oct 12, 2023 17:33:42.912370",0.001781,5,,,0x0002,25,,,,,,idle2.pcapng
"Oct 12, 2023 17:33:43.285138",0.372768,12,0x2cae,0x482d,0x8863,188,,,,,,idle2.pcapng
"Oct 12, 2023 17:33:43.285905",0.000767,5,,,0x0002,188,,,,,,idle2.pcapng
"Oct 12, 2023 17:33:44.490922",1.205017,77,0xe694,0xffff,0x8841,155,0xe694,0xfffc,0x1209,,,idle2.pcapng
"Oct 12, 2023 17:33:45.464292",0.973370,71,0xc8f0,0xffff,0x8841,217,0xc8f0,0xfffc,0x1209,,,idle2.pcapng
"Oct 12, 2023 17:33:46.421528",0.957236,97,0x482d,0xffff,0x8861,33,,,,,,idle2.pcapng
"Oct 12, 2023 17:33:48.349460",1.927932,12,0x2cae,0x482d,0x8863,189,,,,,,idle2.pcapng
"Oct 12, 2023 17:33:48.350228",0.000768,5,,,0x0002,189,,,,,,idle2.pcapng
"Oct 12, 2023 17:33:48.535129",0.184901,77,0x0000,0xffff,0x8841,76,0x0000,0xfffc,0x1209,,,idle2.pcapng
"Oct 12, 2023 17:33:51.300759",2.765630,74,0xa209,0xffff,0x8841,26,0xa209,0xfffc,0x1209,,,idle2.pcapng
"Oct 12, 2023 17:33:53.380498",2.079739,12,0x2cae,0x482d,0x8863,190,,,,,,idle2.pcapng
"Oct 12, 2023 17:33:53.381266",0.000768,5,,,0x0002,190,,,,,,idle2.pcapng
"Oct 12, 2023 17:33:54.829832",1.448566,77,0x054f,0xffff,0x8841,117,0x054f,0xfffc,0x1209,,,idle2.pcapng
"Oct 12, 2023 17:33:55.252389",0.422557,74,0x09ac,0xffff,0x8841,160,0x09ac,0xfffc,0x1209,,,idle2.pcapng
"Oct 12, 2023 17:33:55.286380",0.033991,68,0xebe5,0xffff,0x8841,155,0xebe5,0xfffc,0x1209,,,idle2.pcapng
"Oct 12, 2023 17:33:56.190974",0.904594,77,0x82eb,0xffff,0x8841,107,0x82eb,0xfffc,0x1209,,,idle2.pcapng
"Oct 12, 2023 17:33:56.795015",0.604041,74,0x6e5f,0xffff,0x8841,229,0x6e5f,0xfffc,0x1209,,,idle2.pcapng
"Oct 12, 2023 17:33:58.411667",1.616652,12,0x2cae,0x482d,0x8863,191,,,,,,idle2.pcapng
"Oct 12, 2023 17:33:58.412434",0.000767,5,,,0x0002,191,,,,,,idle2.pcapng
"Oct 12, 2023 17:33:59.591528",1.179094,77,0xe694,0xffff,0x8841,156,0xe694,0xfffc,0x1209,,,idle2.pcapng
"Oct 12, 2023 17:34:00.484462",0.892934,71,0xc8f0,0xffff,0x8841,218,0xc8f0,0xfffc,0x1209,,,idle2.pcapng
"Oct 12, 2023 17:34:00.607729",0.123267,77,0xe5c4,0xffff,0x8841,180,0xe5c4,0xfffc,0x1209,,,idle2.pcapng
"Oct 12, 2023 17:34:03.473689",2.865960,12,0x2cae,0x482d,0x8863,192,,,,,,idle2.pcapng
"Oct 12, 2023 17:34:03.474456",0.000767,5,,,0x0002,192,,,,,,idle2.pcapng
"Oct 12, 2023 17:34:03.498037",0.023581,77,0x0000,0xffff,0x8841,77,0x0000,0xfffc,0x1209,,,idle2.pcapng
"Oct 12, 2023 17:34:05.408765",,59,,,,,,,,,,idle2.pcapng
"Oct 12, 2023 17:34:05.411036",0.002271,5,,,0x0002,118,,,,,,idle2.pcapng
"Oct 12, 2023 17:34:05.426550",,45,,,,,,,,,,idle2.pcapng
"Oct 12, 2023 17:34:05.428343",0.001793,5,,,0x0002,78,,,,,,idle2.pcapng
"Oct 12, 2023 17:34:05.432149",,45,,,,,,,,,,idle2.pcapng
"Oct 12, 2023 17:34:05.433959",0.001810,5,,,0x0002,157,,,,,,idle2.pcapng
"Oct 12, 2023 17:34:05.452608",,49,,,,,,,,,,idle2.pcapng
"Oct 12, 2023 17:34:05.454528",0.001920,5,,,0x0002,79,,,,,,idle2.pcapng
"Oct 12, 2023 17:34:05.458503",,49,,,,,,,,,,idle2.pcapng
"Oct 12, 2023 17:34:05.460441",0.001938,5,,,0x0002,158,,,,,,idle2.pcapng
"Oct 12, 2023 17:34:05.464396",,45,,,,,,,,,,idle2.pcapng
"Oct 12, 2023 17:34:05.466219",0.001823,5,,,0x0002,119,,,,,,idle2.pcapng
"Oct 12, 2023 17:34:08.505450",3.039231,12,0x2cae,0x482d,0x8863,193,,,,,,idle2.pcapng
"Oct 12, 2023 17:34:08.506218",0.000768,5,,,0x0002,193,,,,,,idle2.pcapng
"Oct 12, 2023 17:34:08.629845",0.123627,71,0xa209,0xffff,0x8841,27,0xa209,0xfffc,0x1209,,,idle2.pcapng
"Oct 12, 2023 17:34:09.591706",0.961861,77,0x054f,0xffff,0x8841,120,0x054f,0xfffc,0x1209,,,idle2.pcapng
"Oct 12, 2023 17:34:10.208734",0.617028,68,0xebe5,0xffff,0x8841,156,0xebe5,0xfffc,0x1209,,,idle2.pcapng
"Oct 12, 2023 17:34:10.499734",0.291000,74,0x09ac,0xffff,0x8841,161,0x09ac,0xfffc,0x1209,,,idle2.pcapng
"Oct 12, 2023 17:34:11.185562",0.685828,77,0x82eb,0xffff,0x8841,108,0x82eb,0xfffc,0x1209,,,idle2.pcapng
"Oct 12, 2023 17:34:11.714286",0.528724,74,0x6e5f,0xffff,0x8841,230,0x6e5f,0xfffc,0x1209,,,idle2.pcapng
"Oct 12, 2023 17:34:12.683390",,52,,,,,,,,,,idle2.pcapng
"Oct 12, 2023 17:34:12.685405",0.002015,5,,,0x0002,80,,,,,,idle2.pcapng
"Oct 12, 2023 17:34:12.693110",,63,,,,,,,,,,idle2.pcapng
"Oct 12, 2023 17:34:12.695509",0.002399,5,,,0x0002,159,,,,,,idle2.pcapng
"Oct 12, 2023 17:34:12.718843",,52,,,,,,,,,,idle2.pcapng
"Oct 12, 2023 17:34:12.720890",0.002047,5,,,0x0002,81,,,,,,idle2.pcapng
"Oct 12, 2023 17:34:12.724877",,52,,,,,,,,,,idle2.pcapng
"Oct 12, 2023 17:34:12.726892",0.002015,5,,,0x0002,83,,,,,,idle2.pcapng
"Oct 12, 2023 17:34:12.730737",,45,,,,,,,,,,idle2.pcapng
"Oct 12, 2023 17:34:12.732527",0.001790,5,,,0x0002,82,,,,,,idle2.pcapng
"Oct 12, 2023 17:34:12.734717",,63,,,,,,,,,,idle2.pcapng
"Oct 12, 2023 17:34:12.737116",0.002399,5,,,0x0002,231,,,,,,idle2.pcapng
"Oct 12, 2023 17:34:12.747598",,54,,,,,,,,,,idle2.pcapng
"Oct 12, 2023 17:34:12.749678",0.002080,5,,,0x0002,83,,,,,,idle2.pcapng
"Oct 12, 2023 17:34:12.757426",,66,,,,,,,,,,idle2.pcapng
"Oct 12, 2023 17:34:12.759920",0.002494,5,,,0x0002,160,,,,,,idle2.pcapng
"Oct 12, 2023 17:34:12.780039",,54,,,,,,,,,,idle2.pcapng
"Oct 12, 2023 17:34:12.782150",0.002111,5,,,0x0002,84,,,,,,idle2.pcapng
"Oct 12, 2023 17:34:12.786470",0.004320,54,0x482d,0x6e5f,0x8861,84,,,,,,idle2.pcapng
"Oct 12, 2023 17:34:12.788539",0.002069,5,,,0x0002,84,,,,,,idle2.pcapng
"Oct 12, 2023 17:34:12.795607",,45,,,,,,,,,,idle2.pcapng
"Oct 12, 2023 17:34:12.799829",,45,,,,,,,,,,idle2.pcapng
"Oct 12, 2023 17:34:12.805021",0.005192,45,0x482d,0x6e5f,0x8861,85,,,,,,idle2.pcapng
"Oct 12, 2023 17:34:12.806920",,66,,,,,,,,,,idle2.pcapng
"Oct 12, 2023 17:34:12.809415",0.002495,5,,,0x0002,232,,,,,,idle2.pcapng
"Oct 12, 2023 17:34:12.811147",,45,,,,,,,,,,idle2.pcapng
"Oct 12, 2023 17:34:12.812941",0.001794,5,,,0x0002,85,,,,,,idle2.pcapng
"Oct 12, 2023 17:34:12.814483",,45,,,,,,,,,,idle2.pcapng
"Oct 12, 2023 17:34:12.816306",0.001823,5,,,0x0002,85,,,,,,idle2.pcapng
"Oct 12, 2023 17:34:12.830714",,54,,,,,,,,,,idle2.pcapng
"Oct 12, 2023 17:34:12.832825",0.002111,5,,,0x0002,86,,,,,,idle2.pcapng
"Oct 12, 2023 17:34:12.836312",,54,,,,,,,,,,idle2.pcapng
"Oct 12, 2023 17:34:12.838392",0.002080,5,,,0x0002,28,,,,,,idle2.pcapng
"Oct 12, 2023 17:34:12.844702",,45,,,,,,,,,,idle2.pcapng
"Oct 12, 2023 17:34:12.846494",0.001792,5,,,0x0002,87,,,,,,idle2.pcapng
"Oct 12, 2023 17:34:12.850953",,52,,,,,,,,,,idle2.pcapng
"Oct 12, 2023 17:34:12.854619",,52,,,,,,,,,,idle2.pcapng
"Oct 12, 2023 17:34:12.856592",,66,,,,,,,,,,idle2.pcapng
"Oct 12, 2023 17:34:12.859045",,52,,,,,,,,,,idle2.pcapng
"Oct 12, 2023 17:34:12.867329",0.008284,5,,,0x0002,219,,,,,,idle2.pcapng
"Oct 12, 2023 17:34:12.868277",,52,,,,,,,,,,idle2.pcapng
"Oct 12, 2023 17:34:12.870409",,63,,,,,,,,,,idle2.pcapng
"Oct 12, 2023 17:34:12.875450",,63,,,,,,,,,,idle2.pcapng
"Oct 12, 2023 17:34:12.877849",0.002399,5,,,0x0002,220,,,,,,idle2.pcapng
"Oct 12, 2023 17:34:12.898842",,45,,,,,,,,,,idle2.pcapng
"Oct 12, 2023 17:34:12.900665",0.001823,5,,,0x0002,89,,,,,,idle2.pcapng
"Oct 12, 2023 17:34:12.905680",,45,,,,,,,,,,idle2.pcapng
"Oct 12, 2023 17:34:12.910210",,45,,,,,,,,,,idle2.pcapng
"Oct 12, 2023 17:34:12.911992",0.001782,5,,,0x0002,30,,,,,,idle2.pcapng
"Oct 12, 2023 17:34:12.916828",,45,,,,,,,,,,idle2.pcapng
"Oct 12, 2023 17:34:12.918651",0.001823,5,,,0x0002,90,,,,,,idle2.pcapng
"Oct 12, 2023 17:34:12.919826",0.001175,45,0x482d,0x6e5f,0x8861,86,,,,,,idle2.pcapng
"Oct 12, 2023 17:34:12.922580",,45,,,,,,,,,,idle2.pcapng
"Oct 12, 2023 17:34:12.924404",0.001824,5,,,0x0002,91,,,,,,idle2.pcapng
"Oct 12, 2023 17:34:12.927817",,45,,,,,,,,,,idle2.pcapng
"Oct 12, 2023 17:34:12.929603",0.001786,5,,,0x0002,31,,,,,,idle2.pcapng
"Oct 12, 2023 17:34:12.937493",,45,,,,,,,,,,idle2.pcapng
"Oct 12, 2023 17:34:12.939285",0.001792,5,,,0x0002,86,,,,,,idle2.pcapng
"Oct 12, 2023 17:34:13.537532",0.598247,12,0x2cae,0x482d,0x8863,194,,,,,,idle2.pcapng
"Oct 12, 2023 17:34:13.538299",0.000767,5,,,0x0002,194,,,,,,idle2.pcapng
"Oct 12, 2023 17:34:14.589551",1.051252,77,0xe694,0xffff,0x8841,161,0xe694,0xfffc,0x1209,,,idle2.pcapng
"Oct 12, 2023 17:34:15.492776",0.903225,71,0xc8f0,0xffff,0x8841,221,0xc8f0,0xfffc,0x1209,,,idle2.pcapng
"Oct 12, 2023 17:34:15.517349",0.024573,94,0x482d,0xffff,0x885e,87,,,,,,idle2.pcapng
"Oct 12, 2023 17:34:17.041123",1.523774,77,0xe5c4,0xffff,0x8841,181,0xe5c4,0xfffc,0x1209,,,idle2.pcapng
"Oct 12, 2023 17:34:17.610989",0.569866,77,0x0000,0xffff,0x8841,92,0x0000,0xfffc,0x1209,,,idle2.pcapng
"Oct 12, 2023 17:34:18.569329",0.958340,12,0x2cae,0x482d,0x8863,195,,,,,,idle2.pcapng
"Oct 12, 2023 17:34:18.570096",0.000767,5,,,0x0002,195,,,,,,idle2.pcapng
"Oct 12, 2023 17:34:23.042614",4.472518,71,0xa209,0xffff,0x8841,32,0xa209,0xfffc,0x1209,,,idle2.pcapng
"Oct 12, 2023 17:34:23.092990",,55,,,,,,,,,,idle2.pcapng
"Oct 12, 2023 17:34:23.095104",0.002114,5,,,0x0002,127,,,,,,idle2.pcapng
"Oct 12, 2023 17:34:23.099028",,55,,,,,,,,,,idle2.pcapng
"Oct 12, 2023 17:34:23.101171",0.002143,5,,,0x0002,162,,,,,,idle2.pcapng
"Oct 12, 2023 17:34:23.600415",0.499244,12,0x2cae,0x482d,0x8863,196,,,,,,idle2.pcapng
"Oct 12, 2023 17:34:23.601182",0.000767,5,,,0x0002,196,,,,,,idle2.pcapng
"Oct 12, 2023 17:34:24.678542",1.077360,74,0x09ac,0xffff,0x8841,162,0x09ac,0xfffc,0x1209,,,idle2.pcapng
"Oct 12, 2023 17:34:25.211563",0.533021,77,0x054f,0xffff,0x8841,121,0x054f,0xfffc,0x1209,,,idle2.pcapng
"Oct 12, 2023 17:34:25.272853",0.061290,68,0xebe5,0xffff,0x8841,157,0xebe5,0xfffc,0x1209,,,idle2.pcapng
"Oct 12, 2023 17:34:26.199671",0.926818,77,0x82eb,0xffff,0x8841,109,0x82eb,0xfffc,0x1209,,,idle2.pcapng
"Oct 12, 2023 17:34:28.631566",2.431895,12,0x2cae,0x482d,0x8863,197,,,,,,idle2.pcapng
"Oct 12, 2023 17:34:29.565096",0.933530,77,0xe694,0xffff,0x8841,163,0xe694,0xfffc,0x1209,,,idle2.pcapng
"Oct 12, 2023 17:34:30.485675",0.920579,71,0xc8f0,0xffff,0x8841,222,0xc8f0,0xfffc,0x1209,,,idle2.pcapng
"Oct 12, 2023 17:34:32.268747",1.783072,77,0xe5c4,0xffff,0x8841,182,0xe5c4,0xfffc,0x1209,,,idle2.pcapng
"Oct 12, 2023 17:34:32.587512",0.318765,77,0x0000,0xffff,0x8841,93,0x0000,0xfffc,0x1209,,,idle2.pcapng
"Oct 12, 2023 17:34:32.765865",0.178353,77,0x482d,0xffff,0x8841,88,0x482d,0xfffc,0x1209,,,idle2.pcapng
"Oct 12, 2023 17:34:33.663968",0.898103,12,0x2cae,0x482d,0x8863,198,,,,,,idle2.pcapng
"Oct 12, 2023 17:34:33.664735",0.000767,5,,,0x0002,198,,,,,,idle2.pcapng
"Oct 12, 2023 17:34:38.694129",5.029394,12,0x2cae,0x482d,0x8863,199,,,,,,idle2.pcapng
"Oct 12, 2023 17:34:38.694896",0.000767,5,,,0x0002,199,,,,,,idle2.pcapng
"Oct 12, 2023 17:34:39.327921",0.633025,74,0xa209,0xffff,0x8841,33,0xa209,0xfffc,0x1209,,,idle2.pcapng
"Oct 12, 2023 17:34:40.211640",0.883719,68,0xebe5,0xffff,0x8841,158,0xebe5,0xfffc,0x1209,,,idle2.pcapng
"Oct 12, 2023 17:34:41.189458",0.977818,77,0x82eb,0xffff,0x8841,110,0x82eb,0xfffc,0x1209,,,idle2.pcapng
"Oct 12, 2023 17:34:41.712807",0.523349,74,0x6e5f,0xffff,0x8841,234,0x6e5f,0xfffc,0x1209,,,idle2.pcapng
"Oct 12, 2023 17:34:41.865142",0.152335,77,0x054f,0xffff,0x8841,122,0x054f,0xfffc,0x1209,,,idle2.pcapng
"Oct 12, 2023 17:34:42.393572",0.528430,103,0x09ac,0xffff,0x8867,163,,,,,,idle2.pcapng
"Oct 12, 2023 17:34:42.684553",,52,,,,,,,,,,idle2.pcapng
"Oct 12, 2023 17:34:42.686558",0.002005,5,,,0x0002,94,,,,,,idle2.pcapng
"Oct 12, 2023 17:34:42.694514",,63,,,,,,,,,,idle2.pcapng
"Oct 12, 2023 17:34:42.696913",0.002399,5,,,0x0002,164,,,,,,idle2.pcapng
"Oct 12, 2023 17:34:42.727385",,45,,,,,,,,,,idle2.pcapng
"Oct 12, 2023 17:34:42.729178",0.001793,5,,,0x0002,95,,,,,,idle2.pcapng
"Oct 12, 2023 17:34:42.734612",,52,,,,,,,,,,idle2.pcapng
"Oct 12, 2023 17:34:42.736659",0.002047,5,,,0x0002,96,,,,,,idle2.pcapng
"Oct 12, 2023 17:34:42.740381",,52,,,,,,,,,,idle2.pcapng
"Oct 12, 2023 17:34:42.742396",0.002015,5,,,0x0002,89,,,,,,idle2.pcapng
"Oct 12, 2023 17:34:42.750082",,63,,,,,,,,,,idle2.pcapng
"Oct 12, 2023 17:34:42.752481",0.002399,5,,,0x0002,235,,,,,,idle2.pcapng
"Oct 12, 2023 17:34:42.758057",,54,,,,,,,,,,idle2.pcapng
"Oct 12, 2023 17:34:42.760136",0.002079,5,,,0x0002,97,,,,,,idle2.pcapng
"Oct 12, 2023 17:34:42.768304",,66,,,,,,,,,,idle2.pcapng
"Oct 12, 2023 17:34:42.770799",0.002495,5,,,0x0002,165,,,,,,idle2.pcapng
"Oct 12, 2023 17:34:42.789358",,45,,,,,,,,,,idle2.pcapng
"Oct 12, 2023 17:34:42.791181",0.001823,5,,,0x0002,98,,,,,,idle2.pcapng
"Oct 12, 2023 17:34:42.793967",0.002786,45,0x482d,0x6e5f,0x8861,90,,,,,,idle2.pcapng
"Oct 12, 2023 17:34:42.795759",0.001792,5,,,0x0002,90,,,,,,idle2.pcapng
"Oct 12, 2023 17:34:42.801608",,54,,,,,,,,,,idle2.pcapng
"Oct 12, 2023 17:34:42.803719",0.002111,5,,,0x0002,99,,,,,,idle2.pcapng
"Oct 12, 2023 17:34:42.807186",0.003467,54,0x482d,0x6e5f,0x8861,91,,,,,,idle2.pcapng
"Oct 12, 2023 17:34:42.810883",,54,,,,,,,,,,idle2.pcapng
"Oct 12, 2023 17:34:42.812965",0.002082,5,,,0x0002,91,,,,,,idle2.pcapng
"Oct 12, 2023 17:34:42.814470",,45,,,,,,,,,,idle2.pcapng
"Oct 12, 2023 17:34:42.816263",0.001793,5,,,0x0002,100,,,,,,idle2.pcapng
"Oct 12, 2023 17:34:42.820846",0.004583,106,0x6e5f,0x0000,0x886a,236,,,,,,idle2.pcapng
"Oct 12, 2023 17:34:42.825972",0.005126,106,0x6e5f,0x0000,0x886a,236,,,,,,idle2.pcapng
"Oct 12, 2023 17:34:42.828467",0.002495,5,,,0x0002,236,,,,,,idle2.pcapng
"Oct 12, 2023 17:34:42.837566",,54,,,,,,,,,,idle2.pcapng
"Oct 12, 2023 17:34:42.839677",0.002111,5,,,0x0002,101,,,,,,idle2.pcapng
"Oct 12, 2023 17:34:42.843521",,54,,,,,,,,,,idle2.pcapng
"Oct 12, 2023 17:34:42.845601",0.002080,5,,,0x0002,34,,,,,,idle2.pcapng
"Oct 12, 2023 17:34:42.848537",,52,,,,,,,,,,idle2.pcapng
"Oct 12, 2023 17:34:42.850584",0.002047,5,,,,,,,,,,idle2.pcapng
"Oct 12, 2023 17:34:42.853352",0.002768,107,0xc8f0,0x0000,0x886b,127,,,,,,idle2.pcapng
"Oct 12, 2023 17:34:42.858506",,66,,,,,,,,,,idle2.pcapng
"Oct 12, 2023 17:34:42.861001",0.002495,5,,,0x0002,223,,,,,,idle2.pcapng
"Oct 12, 2023 17:34:42.863507",,52,,,,,,,,,,idle2.pcapng
"Oct 12, 2023 17:34:42.872902",,45,,,,,,,,,,idle2.pcapng
"Oct 12, 2023 17:34:42.875732",,45,,,,,,,,,,idle2.pcapng
"Oct 12, 2023 17:34:42.877555",0.001823,5,,,0x0002,103,,,,,,idle2.pcapng
"Oct 12, 2023 17:34:42.878295",,63,,,,,,,,,,idle2.pcapng
"Oct 12, 2023 17:34:42.883578",0.005283,63,0xc8f2,0x0000,0x8861,224,,,,,,idle2.pcapng
"Oct 12, 2023 17:34:42.886079",,45,,,,,,,,,,idle2.pcapng
"Oct 12, 2023 17:34:42.887902",0.001823,5,,,0x0002,104,,,,,,idle2.pcapng
"Oct 12, 2023 17:34:42.888876",0.000974,63,0xc8f0,0x0000,0x8861,224,,,,,,idle2.pcapng
"Oct 12, 2023 17:34:42.893681",,45,,,,,,,,,,idle2.pcapng
"Oct 12, 2023 17:34:42.895473",0.001792,5,,,0x0002,36,,,,,,idle2.pcapng
"Oct 12, 2023 17:34:42.897077",0.001604,63,0xc528,0xc700,0x8861,225,,,,,,idle2.pcapng
"Oct 12, 2023 17:34:42.901066",0.003989,45,0x482d,0x6e5f,0x8861,92,,,,,,idle2.pcapng
"Oct 12, 2023 17:34:42.904830",,45,,,,,,,,,,idle2.pcapng
"Oct 12, 2023 17:34:42.906622",0.001792,5,,,0x0002,92,,,,,,idle2.pcapng
"Oct 12, 2023 17:34:42.907533",0.000911,63,0xc8f0,0x0000,0x8861,225,,,,,,idle2.pcapng
"Oct 12, 2023 17:34:42.909932",0.002399,5,,,0x0002,225,,,,,,idle2.pcapng
"Oct 12, 2023 17:34:42.924552",,45,,,,,,,,,,idle2.pcapng
"Oct 12, 2023 17:34:42.926375",0.001823,5,,,0x0002,105,,,,,,idle2.pcapng
"Oct 12, 2023 17:34:42.929336",,45,,,,,,,,,,idle2.pcapng
"Oct 12, 2023 17:34:42.931118",0.001782,5,,,0x0002,37,,,,,,idle2.pcapng
"Oct 12, 2023 17:34:43.726210",0.795092,12,0x2cae,0x482d,0x8863,200,,,,,,idle2.pcapng
"Oct 12, 2023 17:34:43.726977",0.000767,5,,,0x0002,200,,,,,,idle2.pcapng
"Oct 12, 2023 17:34:44.592468",0.865491,77,0xe694,0xffff,0x8841,166,0xe694,0xfffc,0x1209,,,idle2.pcapng
"Oct 12, 2023 17:34:45.496168",0.903700,71,0xc8f0,0xffff,0x8841,226,0xc8f0,0xfffc,0x1209,,,idle2.pcapng
"Oct 12, 2023 17:34:46.608795",1.112627,77,0xe5c4,0xffff,0x8841,183,0xe5c4,0xfffc,0x1209,,,idle2.pcapng
"Oct 12, 2023 17:34:46.652482",0.043687,77,0x0000,0xffff,0x8841,106,0x0000,0xfffc,0x1209,,,idle2.pcapng
"Oct 12, 2023 17:34:46.989520",0.337038,77,0x482d,0xffff,0x8841,93,0x482d,0xfffc,0x1209,,,idle2.pcapng
"Oct 12, 2023 17:34:48.757941",1.768421,12,0x2cae,0x482d,0x8863,201,,,,,,idle2.pcapng
"Oct 12, 2023 17:34:48.758708",0.000767,5,,,0x0002,201,,,,,,idle2.pcapng
"Oct 12, 2023 17:34:53.787789",5.029081,12,0x2cae,0x482d,0x8863,202,,,,,,idle2.pcapng
"Oct 12, 2023 17:34:53.788556",0.000767,5,,,0x0002,202,,,,,,idle2.pcapng
"Oct 12, 2023 17:34:53.887115",0.098559,74,0xa209,0xffff,0x8841,38,0xa209,0xfffc,0x1209,,,idle2.pcapng
"Oct 12, 2023 17:34:55.325431",1.438316,68,0xebe5,0xffff,0x8841,159,0xebe5,0xfffc,0x1209,,,idle2.pcapng
"Oct 12, 2023 17:34:56.185646",0.860215,77,0x82eb,0xffff,0x8841,111,0x82eb,0xfffc,0x1209,,,idle2.pcapng
"Oct 12, 2023 17:34:56.774283",0.588637,71,0x6e5f,0xffff,0x8841,237,0x6e5f,0xfffc,0x1209,,,idle2.pcapng
"Oct 12, 2023 17:34:58.674026",1.899743,77,0x054f,0xffff,0x8841,123,0x054f,0xfffc,0x1209,,,idle2.pcapng
"Oct 12, 2023 17:34:58.852751",0.178725,12,0x2cae,0x482d,0x8863,203,,,,,,idle2.pcapng
"Oct 12, 2023 17:34:58.853518",0.000767,5,,,0x0002,203,,,,,,idle2.pcapng
"Oct 12, 2023 17:34:59.605473",0.751955,77,0xe694,0xffff,0x8841,167,0xe694,0xfffc,0x1209,,,idle2.pcapng
"Oct 12, 2023 17:34:59.972825",0.367352,74,0x09ac,0xffff,0x8841,164,0x09ac,0xfffc,0x1209,,,idle2.pcapng
"Oct 12, 2023 17:35:00.487855",0.515030,71,0xc8f0,0xffff,0x8841,227,0xc8f0,0xfffc,0x1209,,,idle2.pcapng
"Oct 12, 2023 17:35:01.341041",0.853186,77,0x482d,0xffff,0x8841,94,0x482d,0xfffc,0x1209,,,idle2.pcapng
"Oct 12, 2023 17:35:01.882382",0.541341,77,0xe5c4,0xffff,0x8841,184,0xe5c4,0xfffc,0x1209,,,idle2.pcapng
"Oct 12, 2023 17:35:01.913093",0.030711,77,0x0000,0xffff,0x8841,107,0x0000,0xfffc,0x1209,,,idle2.pcapng
"Oct 12, 2023 17:35:03.852585",1.939492,12,0x2cae,0x482d,0x8863,204,,,,,,idle2.pcapng
"Oct 12, 2023 17:35:03.853352",0.000767,5,,,0x0002,204,,,,,,idle2.pcapng
"Oct 12, 2023 17:35:08.411017",4.557665,74,0xa209,0xffff,0x8841,39,0xa209,0xfffc,0x1209,,,idle2.pcapng
"Oct 12, 2023 17:35:08.883066",0.472049,12,0x2cae,0x482d,0x8863,205,,,,,,idle2.pcapng
"Oct 12, 2023 17:35:08.883834",0.000768,5,,,0x0002,205,,,,,,idle2.pcapng
"Oct 12, 2023 17:35:10.317166",1.433332,68,0xebe5,0xffff,0x8841,160,0xebe5,0xfffc,0x1209,,,idle2.pcapng
"Oct 12, 2023 17:35:11.197515",0.880349,77,0x82eb,0xffff,0x8841,112,0x82eb,0xfffc,0x1209,,,idle2.pcapng
"Oct 12, 2023 17:35:11.787007",0.589492,72,0x6e5f,0xfeff,0x8848,238,,,,,,idle2.pcapng
"Oct 12, 2023 17:35:12.681610",,52,,,,,,,,,,idle2.pcapng
"Oct 12, 2023 17:35:12.683626",0.002016,5,,,0x0002,108,,,,,,idle2.pcapng
"Oct 12, 2023 17:35:12.691900",,63,,,,,,,,,,idle2.pcapng
"Oct 12, 2023 17:35:12.694299",0.002399,5,,,0x0002,168,,,,,,idle2.pcapng
"Oct 12, 2023 17:35:12.716528",,52,,,,,,,,,,idle2.pcapng
"Oct 12, 2023 17:35:12.718575",0.002047,5,,,0x0002,109,,,,,,idle2.pcapng
"Oct 12, 2023 17:35:12.721103",,52,,,,,,,,,,idle2.pcapng
"Oct 12, 2023 17:35:12.723119",0.002016,58,,,0x0005,208,,,,,,idle2.pcapng
"Oct 12, 2023 17:35:12.729511",,45,,,,,,,,,,idle2.pcapng
"Oct 12, 2023 17:35:12.731297",0.001786,5,,,0x0002,110,,,,,,idle2.pcapng
"Oct 12, 2023 17:35:12.736075",,63,,,,,,,,,,idle2.pcapng
"Oct 12, 2023 17:35:12.738474",0.002399,5,,,0x0002,239,,,,,,idle2.pcapng
"Oct 12, 2023 17:35:12.741360",,63,,,,,,,,,,idle2.pcapng
"Oct 12, 2023 17:35:12.743759",0.002399,5,,,0x0002,239,,,,,,idle2.pcapng
"Oct 12, 2023 17:35:12.752374",,54,,,,,,,,,,idle2.pcapng
"Oct 12, 2023 17:35:12.754455",0.002081,5,,,0x0002,111,,,,,,idle2.pcapng
"Oct 12, 2023 17:35:12.762731",,66,,,,,,,,,,idle2.pcapng
"Oct 12, 2023 17:35:12.765226",0.002495,5,,,0x0002,169,,,,,,idle2.pcapng
"Oct 12, 2023 17:35:12.778155",,54,,,,,,,,,,idle2.pcapng
"Oct 12, 2023 17:35:12.780266",0.002111,5,,,0x0002,112,,,,,,idle2.pcapng
"Oct 12, 2023 17:35:12.785235",0.004969,5,,,0x0002,96,,,,,,idle2.pcapng
"Oct 12, 2023 17:35:12.793053",,66,,,,,,,,,,idle2.pcapng
"Oct 12, 2023 17:35:12.795548",0.002495,5,,,0x0002,240,,,,,,idle2.pcapng
"Oct 12, 2023 17:35:12.802959",,45,,,,,,,,,,idle2.pcapng
"Oct 12, 2023 17:35:12.807904",,45,,,,,,,,,,idle2.pcapng
"Oct 12, 2023 17:35:12.809685",0.001781,5,,,0x0002,97,,,,,,idle2.pcapng
"Oct 12, 2023 17:35:12.811944",,45,,,,,,,,,,idle2.pcapng
"Oct 12, 2023 17:35:12.813767",0.001823,5,,,0x0002,113,,,,,,idle2.pcapng
"Oct 12, 2023 17:35:12.820554",,54,,,,,,,,,,idle2.pcapng
"Oct 12, 2023 17:35:12.822665",0.002111,5,,,0x0002,114,,,,,,idle2.pcapng
"Oct 12, 2023 17:35:12.826496",0.003831,54,0xa209,0xc8f0,0x8861,40,,,,,,idle2.pcapng
"Oct 12, 2023 17:35:12.829622",0.003126,54,0xa209,0xc8f0,0x8861,40,,,,,,idle2.pcapng
"Oct 12, 2023 17:35:12.831702",0.002080,5,,,0x0002,40,,,,,,idle2.pcapng
"Oct 12, 2023 17:35:12.839596",,66,,,,,,,,,,idle2.pcapng
"Oct 12, 2023 17:35:12.842091",0.002495,5,,,0x0002,228,,,,,,idle2.pcapng
"Oct 12, 2023 17:35:12.851458",,45,,,,,,,,,,idle2.pcapng
"Oct 12, 2023 17:35:12.853249",0.001791,5,,,0x0002,115,,,,,,idle2.pcapng
"Oct 12, 2023 17:35:12.864515",,52,,,,,,,,,,idle2.pcapng
"Oct 12, 2023 17:35:12.866563",0.002048,5,,,0x0002,116,,,,,,idle2.pcapng
"Oct 12, 2023 17:35:12.869056",,52,,,,,,,,,,idle2.pcapng
"Oct 12, 2023 17:35:12.871071",0.002015,5,,,0x0002,41,,,,,,idle2.pcapng
"Oct 12, 2023 17:35:12.877623",,45,,,,,,,,,,idle2.pcapng
"Oct 12, 2023 17:35:12.882098",,45,,,,,,,,,,idle2.pcapng
"Oct 12, 2023 17:35:12.883892",0.001794,63,0xc8f0,0x0000,0x8866,229,,,,,,idle2.pcapng
"Oct 12, 2023 17:35:12.887069",,45,,,,,,,,,,idle2.pcapng
"Oct 12, 2023 17:35:12.888891",0.001822,5,,,0x0002,117,,,,,,idle2.pcapng
"Oct 12, 2023 17:35:12.889183",,63,,,,,,,,,,idle2.pcapng
"Oct 12, 2023 17:35:12.892680",,45,,,,,,,,,,idle2.pcapng
"Oct 12, 2023 17:35:12.902147",,63,,,,,,,,,,idle2.pcapng
"Oct 12, 2023 17:35:12.904546",0.002399,5,,,0x0002,230,,,,,,idle2.pcapng
"Oct 12, 2023 17:35:12.912490",,45,,,,,,,,,,idle2.pcapng
"Oct 12, 2023 17:35:12.914313",0.001823,5,,,0x0002,117,,,,,,idle2.pcapng
"Oct 12, 2023 17:35:12.920453",,45,,,,,,,,,,idle2.pcapng
"Oct 12, 2023 17:35:12.922276",0.001823,5,,,0x0002,118,,,,,,idle2.pcapng
"Oct 12, 2023 17:35:12.925968",,45,,,,,,,,,,idle2.pcapng
"Oct 12, 2023 17:35:12.927761",0.001793,5,,,0x0002,42,,,,,,idle2.pcapng
"Oct 12, 2023 17:35:12.928542",,45,,,,,,,,,,idle2.pcapng
"Oct 12, 2023 17:35:12.932701",,45,,,,,,,,,,idle2.pcapng
"Oct 12, 2023 17:35:12.936296",,45,,,,,,,,,,idle2.pcapng
"Oct 12, 2023 17:35:12.938088",0.001792,5,,,0x0002,43,,,,,,idle2.pcapng
"Oct 12, 2023 17:35:13.914013",0.975925,12,0x2cae,0x482d,0x8863,206,,,,,,idle2.pcapng
"Oct 12, 2023 17:35:13.914780",0.000767,5,,,0x0002,206,,,,,,idle2.pcapng
"Oct 12, 2023 17:35:14.602269",0.687489,77,0xe694,0xffff,0x8841,170,0xe694,0xfffc,0x1209,,,idle2.pcapng
"Oct 12, 2023 17:35:15.479397",0.877128,71,0xc8f0,0xffff,0x8841,231,0xc8f0,0xfffc,0x1209,,,idle2.pcapng
"Oct 12, 2023 17:35:15.981735",0.502338,77,0x054f,0xffff,0x8841,124,0x054f,0xfffc,0x1209,,,idle2.pcapng
"Oct 12, 2023 17:35:16.468953",0.487218,106,0x482d,0xffff,0x886a,99,,,,,,idle2.pcapng
"Oct 12, 2023 17:35:16.536691",0.067738,74,0x09ac,0xffff,0x8841,165,0x09ac,0xfffc,0x1209,,,idle2.pcapng
"Oct 12, 2023 17:35:16.542232",0.005541,77,0xe5c4,0xffff,0x8841,185,0xe5c4,0xfffc,0x1209,,,idle2.pcapng
"Oct 12, 2023 17:35:17.073665",0.531433,77,0x0000,0xffff,0x8841,120,0x0000,0xfffc,0x1209,,,idle2.pcapng
"Oct 12, 2023 17:35:18.947321",1.873656,12,0x2cae,0x482d,0x8863,207,,,,,,idle2.pcapng
"Oct 12, 2023 17:35:18.948088",0.000767,5,,,0x0002,207,,,,,,idle2.pcapng
"Oct 12, 2023 17:35:20.443615",,60,,,,,,,,,,idle2.pcapng
"Oct 12, 2023 17:35:20.445917",0.002302,5,,,0x0002,171,,,,,,idle2.pcapng
"Oct 12, 2023 17:35:20.487308",,50,,,,,,,,,,idle2.pcapng
"Oct 12, 2023 17:35:20.489260",0.001952,5,,,0x0002,121,,,,,,idle2.pcapng
"Oct 12, 2023 17:35:20.494467",,45,,,,,,,,,,idle2.pcapng
"Oct 12, 2023 17:35:20.496290",0.001823,5,,,0x0002,172,,,,,,idle2.pcapng
"Oct 12, 2023 17:35:23.978061",3.481771,12,0x2cae,0x482d,0x8863,208,,,,,,idle2.pcapng
"Oct 12, 2023 17:35:23.978828",0.000767,5,,,0x0002,208,,,,,,idle2.pcapng
"Oct 12, 2023 17:35:24.161720",0.182892,74,0xa209,0xffff,0x8841,44,0xa209,0xfffc,0x1209,,,idle2.pcapng
"Oct 12, 2023 17:35:25.339266",1.177546,68,0xebe5,0xffff,0x8841,161,0xebe5,0xfffc,0x1209,,,idle2.pcapng
"Oct 12, 2023 17:35:26.191783",0.852517,77,0x82eb,0xffff,0x8841,113,0x82eb,0xfffc,0x1209,,,idle2.pcapng
"Oct 12, 2023 17:35:26.691943",0.500160,74,0x6e5f,0xffff,0x8841,241,0x6e5f,0xfffc,0x1209,,,idle2.pcapng
"Oct 12, 2023 17:35:29.013991",2.322048,12,0x2cae,0x482d,0x8863,209,,,,,,idle2.pcapng
"Oct 12, 2023 17:35:29.014758",0.000767,5,,,0x0002,209,,,,,,idle2.pcapng
"Oct 12, 2023 17:35:29.499554",0.484796,77,0xe694,0xffff,0x8841,173,0xe694,0xfffc,0x1209,,,idle2.pcapng
"Oct 12, 2023 17:35:30.448886",0.949332,71,0xc8f0,0xffff,0x8841,232,0xc8f0,0xfffc,0x1209,,,idle2.pcapng
"Oct 12, 2023 17:35:31.314869",0.865983,77,0x054f,0xffff,0x8841,125,0x054f,0xfffc,0x1209,,,idle2.pcapng
"Oct 12, 2023 17:35:31.577196",0.262327,107,0x09ac,0xffff,0x886b,166,,,,,,idle2.pcapng
"Oct 12, 2023 17:35:32.824741",1.247545,77,0xe5c4,0xffff,0x8841,186,0xe5c4,0xfffc,0x1209,,,idle2.pcapng
"Oct 12, 2023 17:35:33.281117",0.456376,77,0x0000,0xffff,0x8841,122,0x0000,0xfffc,0x1209,,,idle2.pcapng
"Oct 12, 2023 17:35:33.541920",0.260803,95,0x482d,0xffff,0x885f,100,,,,,,idle2.pcapng
"Oct 12, 2023 17:35:34.041559",0.499639,12,0x2cae,0x482d,0x8863,210,,,,,,idle2.pcapng
"Oct 12, 2023 17:35:34.042326",0.000767,5,,,0x0002,210,,,,,,idle2.pcapng
"Oct 12, 2023 17:35:37.276227",3.233901,60,0x6e5f,0x0000,0x8861,242,,,,,,idle2.pcapng
"Oct 12, 2023 17:35:37.278530",0.002303,5,,,0x0002,242,,,,,,idle2.pcapng
"Oct 12, 2023 17:35:37.320557",,50,,,,,,,,,,idle2.pcapng
"Oct 12, 2023 17:35:37.322540",0.001983,5,,,0x0002,123,,,,,,idle2.pcapng
"Oct 12, 2023 17:35:37.325545",0.003005,50,0x482d,0x6e5f,0x8861,101,,,,,,idle2.pcapng
"Oct 12, 2023 17:35:37.327497",0.001952,5,,,0x0002,101,,,,,,idle2.pcapng
"Oct 12, 2023 17:35:37.332613",,45,,,,,,,,,,idle2.pcapng
"Oct 12, 2023 17:35:37.334436",0.001823,5,,,0x0002,243,,,,,,idle2.pcapng
"Oct 12, 2023 17:35:39.102042",1.767606,12,0x2cae,0x482d,0x8863,211,,,,,,idle2.pcapng
"Oct 12, 2023 17:35:39.102809",0.000767,5,,,0x0002,211,,,,,,idle2.pcapng
"Oct 12, 2023 17:35:40.313067",1.210258,68,0xebe5,0xffff,0x8841,162,0xebe5,0xfffc,0x1209,,,idle2.pcapng
"Oct 12, 2023 17:35:40.515902",0.202835,74,0xa209,0xffff,0x8841,45,0xa209,0xfffc,0x1209,,,idle2.pcapng
"Oct 12, 2023 17:35:41.203012",0.687110,77,0x82eb,0xffff,0x8841,114,0x82eb,0xfffc,0x1209,,,idle2.pcapng
"Oct 12, 2023 17:35:41.710848",0.507836,74,0x6e5f,0xffff,0x8841,244,0x6e5f,0xfffc,0x1209,,,idle2.pcapng
"Oct 12, 2023 17:35:42.687245",,52,,,,,,,,,,idle2.pcapng
"Oct 12, 2023 17:35:42.689260",0.002015,5,,,0x0002,124,,,,,,idle2.pcapng
"Oct 12, 2023 17:35:42.697027",,63,,,,,,,,,,idle2.pcapng
"Oct 12, 2023 17:35:42.699426",0.002399,5,,,0x0002,174,,,,,,idle2.pcapng
"Oct 12, 2023 17:35:42.721268",,52,,,,,,,,,,idle2.pcapng
"Oct 12, 2023 17:35:42.723315",0.002047,5,,,0x0002,125,,,,,,idle2.pcapng
"Oct 12, 2023 17:35:42.727944",0.004629,52,0x482d,0x6e5f,0x8861,102,,,,,,idle2.pcapng
"Oct 12, 2023 17:35:42.731707",0.003763,52,0x482d,0x6e5f,0x8861,102,,,,,,idle2.pcapng
"Oct 12, 2023 17:35:42.733725",0.002018,5,,,0x0002,102,,,,,,idle2.pcapng
"Oct 12, 2023 17:35:42.738550",,45,,,,,,,,,,idle2.pcapng
"Oct 12, 2023 17:35:42.740330",0.001780,5,,,0x0002,126,,,,,,idle2.pcapng
"Oct 12, 2023 17:35:42.741526",,63,,,,,,,,,,idle2.pcapng
"Oct 12, 2023 17:35:42.743925",0.002399,5,,,0x0002,245,,,,,,idle2.pcapng
"Oct 12, 2023 17:35:42.759641",,54,,,,,,,,,,idle2.pcapng
"Oct 12, 2023 17:35:42.761720",0.002079,5,,,0x0002,127,,,,,,idle2.pcapng
"Oct 12, 2023 17:35:42.769632",,66,,,,,,,,,,idle2.pcapng
"Oct 12, 2023 17:35:42.772127",0.002495,5,,,0x0002,175,,,,,,idle2.pcapng
"Oct 12, 2023 17:35:42.780090",,54,,,,,,,,,,idle2.pcapng
"Oct 12, 2023 17:35:42.782201",0.002111,5,,,0x0002,128,,,,,,idle2.pcapng
"Oct 12, 2023 17:35:42.786957",,54,,,,,,,,,,idle2.pcapng
"Oct 12, 2023 17:35:42.789036",0.002079,5,,,0x0002,103,,,,,,idle2.pcapng
"Oct 12, 2023 17:35:42.796806",,66,,,,,,,,,,idle2.pcapng
"Oct 12, 2023 17:35:42.799301",0.002495,5,,,0x0002,246,,,,,,idle2.pcapng
"Oct 12, 2023 17:35:42.801347",,45,,,,,,,,,,idle2.pcapng
"Oct 12, 2023 17:35:42.803170",0.001823,5,,,0x0002,129,,,,,,idle2.pcapng
"Oct 12, 2023 17:35:42.807177",,45,,,,,,,,,,idle2.pcapng
"Oct 12, 2023 17:35:42.808968",0.001791,5,,,0x0002,104,,,,,,idle2.pcapng
"Oct 12, 2023 17:35:42.817342",,54,,,,,,,,,,idle2.pcapng
"Oct 12, 2023 17:35:42.819453",0.002111,5,,,0x0002,130,,,,,,idle2.pcapng
"Oct 12, 2023 17:35:42.822799",,54,,,,,,,,,,idle2.pcapng
"Oct 12, 2023 17:35:42.824881",0.002082,5,,,0x0002,46,,,,,,idle2.pcapng
"Oct 12, 2023 17:35:42.829473",,45,,,,,,,,,,idle2.pcapng
"Oct 12, 2023 17:35:42.837505",,45,,,,,,,,,,idle2.pcapng
"Oct 12, 2023 17:35:42.839287",0.001782,5,,,0x0002,131,,,,,,idle2.pcapng
"Oct 12, 2023 17:35:42.843292",,66,,,,,,,,,,idle2.pcapng
"Oct 12, 2023 17:35:42.845787",0.002495,5,,,0x0002,233,,,,,,idle2.pcapng
"Oct 12, 2023 17:35:42.847935",,52,,,,,,,,,,idle2.pcapng
"Oct 12, 2023 17:35:42.856252",,66,,,,,,,,,,idle2.pcapng
"Oct 12, 2023 17:35:42.858747",0.002495,5,,,0x0002,234,,,,,,idle2.pcapng
"Oct 12, 2023 17:35:42.860487",,52,,,,,,,,,,idle2.pcapng
"Oct 12, 2023 17:35:42.866639",,66,,,,,,,,,,idle2.pcapng
"Oct 12, 2023 17:35:42.869134",0.002495,5,,,0x0002,234,,,,,,idle2.pcapng
"Oct 12, 2023 17:35:42.871561",,52,,,,,,,,,,idle2.pcapng
"Oct 12, 2023 17:35:42.876812",,52,,,,,,,,,,idle2.pcapng
"Oct 12, 2023 17:35:42.878859",0.002047,53,,,0x744e,129,,,,,,idle2.pcapng
"Oct 12, 2023 17:35:42.890053",,66,,,,,,,,,,idle2.pcapng
"Oct 12, 2023 17:35:42.893044",,52,,,,,,,,,,idle2.pcapng
"Oct 12, 2023 17:35:42.895327",,66,,,,,,,,,,idle2.pcapng
"Oct 12, 2023 17:35:42.897822",0.002495,5,,,0x0002,235,,,,,,idle2.pcapng
"Oct 12, 2023 17:35:42.901359",,45,,,,,,,,,,idle2.pcapng
"Oct 12, 2023 17:35:42.903182",0.001823,5,,,0x0002,133,,,,,,idle2.pcapng
"Oct 12, 2023 17:35:42.906663",,45,,,,,,,,,,idle2.pcapng
"Oct 12, 2023 17:35:42.908457",0.001794,5,,,0x0002,105,,,,,,idle2.pcapng
"Oct 12, 2023 17:35:42.913057",,45,,,,,,,,,,idle2.pcapng
"Oct 12, 2023 17:35:42.914880",0.001823,5,,,0x0002,134,,,,,,idle2.pcapng
"Oct 12, 2023 17:35:42.918158",,52,,,,,,,,,,idle2.pcapng
"Oct 12, 2023 17:35:42.920174",0.002016,5,,,0x0002,47,,,,,,idle2.pcapng
"Oct 12, 2023 17:35:42.923483",,45,,,,,,,,,,idle2.pcapng
"Oct 12, 2023 17:35:42.927512",,45,,,,,,,,,,idle2.pcapng
"Oct 12, 2023 17:35:42.930580",,45,,,,,,,,,,idle2.pcapng
"Oct 12, 2023 17:35:42.932554",,45,,,,,,,,,,idle2.pcapng
"Oct 12, 2023 17:35:42.936056",,45,,,,,,,,,,idle2.pcapng
"Oct 12, 2023 17:35:42.937879",0.001823,5,,,0x0002,135,,,,,,idle2.pcapng
"Oct 12, 2023 17:35:42.938372",,63,,,,,,,,,,idle2.pcapng
"Oct 12, 2023 17:35:42.940771",0.002399,5,,,0x0002,236,,,,,,idle2.pcapng
"Oct 12, 2023 17:35:42.946296",,45,,,,,,,,,,idle2.pcapng
"Oct 12, 2023 17:35:42.948120",0.001824,5,,,0x0002,136,,,,,,idle2.pcapng
"Oct 12, 2023 17:35:42.953688",,45,,,,,,,,,,idle2.pcapng
"Oct 12, 2023 17:35:42.955480",0.001792,5,,,0x0002,48,,,,,,idle2.pcapng
"Oct 12, 2023 17:35:42.958154",,45,,,,,,,,,,idle2.pcapng
"Oct 12, 2023 17:35:42.959947",0.001793,5,,,0x0002,49,,,,,,idle2.pcapng
"Oct 12, 2023 17:35:42.961122",,52,,,,,,,,,,idle2.pcapng
"Oct 12, 2023 17:35:42.963170",0.002048,5,,,0x0002,137,,,,,,idle2.pcapng
"Oct 12, 2023 17:35:42.964827",,45,,,,,,,,,,idle2.pcapng
"Oct 12, 2023 17:35:42.966611",0.001784,5,,,0x0002,50,,,,,,idle2.pcapng
"Oct 12, 2023 17:35:42.990996",,45,,,,,,,,,,idle2.pcapng
"Oct 12, 2023 17:35:42.992819",0.001823,5,,,0x0002,138,,,,,,idle2.pcapng
"Oct 12, 2023 17:35:42.998346",0.005527,5,,,0x0002,51,,,,,,idle2.pcapng
"Oct 12, 2023 17:35:44.104467",1.106121,12,0x2cae,0x482d,0x8863,212,,,,,,idle2.pcapng
"Oct 12, 2023 17:35:44.105234",0.000767,5,,,0x0002,212,,,,,,idle2.pcapng
"Oct 12, 2023 17:35:44.609128",0.503894,77,0xe694,0xffff,0x8841,176,0xe694,0xfffc,0x1209,,,idle2.pcapng
"Oct 12, 2023 17:35:45.450707",0.841579,71,0xc8f0,0xffff,0x8841,237,0xc8f0,0xfffc,0x1209,,,idle2.pcapng
"Oct 12, 2023 17:35:46.752286",1.301579,77,0x054f,0xffff,0x8841,126,0x054f,0xfffc,0x1209,,,idle2.pcapng
"Oct 12, 2023 17:35:47.489556",0.737270,77,0xe5c4,0xffff,0x8841,187,0xe5c4,0xfffc,0x1209,,,idle2.pcapng
"Oct 12, 2023 17:35:48.300699",0.811143,74,0x09ac,0xffff,0x8841,167,0x09ac,0xfffc,0x1209,,,idle2.pcapng
"Oct 12, 2023 17:35:48.788604",0.487905,77,0x0000,0xffff,0x8841,139,0x0000,0xfffc,0x1209,,,idle2.pcapng
"Oct 12, 2023 17:35:49.166524",0.377920,12,0x2cae,0x482d,0x8863,213,,,,,,idle2.pcapng
"Oct 12, 2023 17:35:50.631186",,60,,,,,,,,,,idle2.pcapng
"Oct 12, 2023 17:35:50.636345",,60,,,,,,,,,,idle2.pcapng
"Oct 12, 2023 17:35:50.638647",0.002302,5,,,0x0002,238,,,,,,idle2.pcapng
"Oct 12, 2023 17:35:50.678164",,50,,,,,,,,,,idle2.pcapng
"Oct 12, 2023 17:35:50.680148",0.001984,5,,,0x0002,140,,,,,,idle2.pcapng
"Oct 12, 2023 17:35:50.683324",0.003176,50,0xa209,0xc8f0,0x8861,52,,,,,,idle2.pcapng
"Oct 12, 2023 17:35:50.685277",0.001953,5,,,0x0002,52,,,,,,idle2.pcapng
"Oct 12, 2023 17:35:50.690434",,45,,,,,,,,,,idle2.pcapng
"Oct 12, 2023 17:35:50.692257",0.001823,5,,,0x0002,239,,,,,,idle2.pcapng
"Oct 12, 2023 17:35:54.196336",3.504079,12,0x2cae,0x482d,0x8863,214,,,,,,idle2.pcapng
"Oct 12, 2023 17:35:54.197103",0.000767,5,,,0x0002,214,,,,,,idle2.pcapng
"Oct 12, 2023 17:35:55.285343",1.088240,74,0xa209,0xffff,0x8841,53,0xa209,0xfffc,0x1209,,,idle2.pcapng
"Oct 12, 2023 17:35:55.336926",0.051583,68,0xebe5,0xffff,0x8841,163,0xebe5,0xfffc,0x1209,,,idle2.pcapng
"Oct 12, 2023 17:35:56.187999",0.851073,77,0x82eb,0xffff,0x8841,115,0x82eb,0xfffc,0x1209,,,idle2.pcapng
"Oct 12, 2023 17:35:56.791783",0.603784,74,0x6e5f,0xffff,0x8841,247,0x6e5f,0xfffc,0x1209,,,idle2.pcapng
"Oct 12, 2023 17:35:59.229082",2.437299,12,0x2cae,0x482d,0x8863,215,,,,,,idle2.pcapng
"Oct 12, 2023 17:35:59.229849",0.000767,5,,,0x0002,215,,,,,,idle2.pcapng
"Oct 12, 2023 17:35:59.564909",0.335060,77,0xe694,0xffff,0x8841,177,0xe694,0xfffc,0x1209,,,idle2.pcapng
"Oct 12, 2023 17:36:00.536275",0.971366,71,0xc8f0,0xffff,0x8841,240,0xc8f0,0xfffc,0x1209,,,idle2.pcapng
"Oct 12, 2023 17:36:02.891647",2.355372,77,0x054f,0xffff,0x8841,127,0x054f,0xfffc,0x1209,,,idle2.pcapng
"Oct 12, 2023 17:36:03.892093",1.000446,77,0xe5c4,0xffff,0x8841,188,0xe5c4,0xfffc,0x1209,,,idle2.pcapng
"Oct 12, 2023 17:36:04.291429",0.399336,12,0x2cae,0x482d,0x8863,216,,,,,,idle2.pcapng
"Oct 12, 2023 17:36:04.292196",0.000767,5,,,0x0002,216,,,,,,idle2.pcapng
"Oct 12, 2023 17:36:04.315672",0.023476,77,0x0000,0xffff,0x8841,141,0x0000,0xfffc,0x1209,,,idle2.pcapng
"Oct 12, 2023 17:36:05.939996",1.624324,105,0x0906,0xefff,0x8869,168,,,,,,idle2.pcapng
"Oct 12, 2023 17:36:08.483212",,63,,,,,,,,,,idle2.pcapng
"Oct 12, 2023 17:36:08.485611",0.002399,5,,,0x0002,241,,,,,,idle2.pcapng
"Oct 12, 2023 17:36:08.535027",,50,,,,,,,,,,idle2.pcapng
"Oct 12, 2023 17:36:08.539659",,50,,,,,,,,,,idle2.pcapng
"Oct 12, 2023 17:36:08.541642",0.001983,5,,,0x0002,142,,,,,,idle2.pcapng
"Oct 12, 2023 17:36:08.542560",0.000918,50,0xa209,0xc8f0,0x8861,54,,,,,,idle2.pcapng
"Oct 12, 2023 17:36:08.544512",0.001952,5,,,0x0002,54,,,,,,idle2.pcapng
"Oct 12, 2023 17:36:08.549773",,45,,,,,,,,,,idle2.pcapng
"Oct 12, 2023 17:36:08.551595",0.001822,5,,,0x0002,242,,,,,,idle2.pcapng
"Oct 12, 2023 17:36:08.564853",,57,,,,,,,,,,idle2.pcapng
"Oct 12, 2023 17:36:08.567060",0.002207,5,,,0x0002,243,,,,,,idle2.pcapng
"Oct 12, 2023 17:36:08.601498",,50,,,,,,,,,,idle2.pcapng
"Oct 12, 2023 17:36:08.603481",0.001983,5,,,0x0002,143,,,,,,idle2.pcapng
"Oct 12, 2023 17:36:08.608529",0.005048,55,0x482d,0x0000,0x8861,108,0x482d,0x0000,0x1a09,,,idle2.pcapng
"Oct 12, 2023 17:36:08.610671",0.002142,5,,,0x0002,108,,,,,,idle2.pcapng
"Oct 12, 2023 17:36:08.626247",,50,,,,,,,,,,idle2.pcapng
"Oct 12, 2023 17:36:08.628231",0.001984,5,,,0x0002,144,,,,,,idle2.pcapng
"Oct 12, 2023 17:36:08.631937",,50,,,,,,,,,,idle2.pcapng
"Oct 12, 2023 17:36:08.633879",0.001942,5,,,0x0002,55,,,,,,idle2.pcapng
"Oct 12, 2023 17:36:08.638979",,45,,,,,,,,,,idle2.pcapng
"Oct 12, 2023 17:36:08.640801",0.001822,5,,,0x0002,244,,,,,,idle2.pcapng
"Oct 12, 2023 17:36:08.656414",,53,,,,,,,,,,idle2.pcapng
"Oct 12, 2023 17:36:08.658493",0.002079,5,,,0x0002,109,,,,,,idle2.pcapng
"Oct 12, 2023 17:36:08.699338",,50,,,,,,,,,,idle2.pcapng
"Oct 12, 2023 17:36:08.701321",0.001983,5,,,0x0002,145,,,,,,idle2.pcapng
"Oct 12, 2023 17:36:08.705707",0.004386,55,0x482d,0x0000,0x8861,110,0x482d,0x0000,0x1a09,,,idle2.pcapng
"Oct 12, 2023 17:36:08.707850",0.002143,5,,,0x0002,110,,,,,,idle2.pcapng
"Oct 12, 2023 17:36:08.754819",,53,,,,,,,,,,idle2.pcapng
"Oct 12, 2023 17:36:08.756897",0.002078,5,,,0x0002,111,,,,,,idle2.pcapng
"Oct 12, 2023 17:36:09.292224",0.535327,12,0x2cae,0x482d,0x8863,217,,,,,,idle2.pcapng
"Oct 12, 2023 17:36:09.292991",0.000767,5,,,0x0002,217,,,,,,idle2.pcapng
"Oct 12, 2023 17:36:10.335850",1.042859,68,0xebe5,0xffff,0x8841,164,0xebe5,0xfffc,0x1209,,,idle2.pcapng
"Oct 12, 2023 17:36:11.202428",0.866578,77,0x82eb,0xffff,0x8841,116,0x82eb,0xfffc,0x1209,,,idle2.pcapng
"Oct 12, 2023 17:36:11.770692",0.568264,74,0x6e5f,0xffff,0x8841,248,0x6e5f,0xfffc,0x1209,,,idle2.pcapng
"Oct 12, 2023 17:36:12.646418",0.875726,106,0xa209,0xffff,0x886a,56,,,,,,idle2.pcapng
"Oct 12, 2023 17:36:12.687824",,52,,,,,,,,,,idle2.pcapng
"Oct 12, 2023 17:36:12.689829",0.002005,5,,,0x0002,146,,,,,,idle2.pcapng
"Oct 12, 2023 17:36:12.697910",,63,,,,,,,,,,idle2.pcapng
"Oct 12, 2023 17:36:12.700309",0.002399,5,,,0x0002,178,,,,,,idle2.pcapng
"Oct 12, 2023 17:36:12.722148",,52,,,,,,,,,,idle2.pcapng
"Oct 12, 2023 17:36:12.724196",0.002048,5,,,0xc002,147,,,,,,idle2.pcapng
"Oct 12, 2023 17:36:12.726903",,52,,,,,,,,,,idle2.pcapng
"Oct 12, 2023 17:36:12.728907",0.002004,5,,,0x0002,112,,,,,,idle2.pcapng
"Oct 12, 2023 17:36:12.733783",,45,,,,,,,,,,idle2.pcapng
"Oct 12, 2023 17:36:12.735576",0.001793,5,,,0x0002,148,,,,,,idle2.pcapng
"Oct 12, 2023 17:36:12.736595",0.001019,63,0x6e5f,0x0000,0x8861,249,,,,,,idle2.pcapng
"Oct 12, 2023 17:36:12.741695",,54,,,,,,,,,,idle2.pcapng
"Oct 12, 2023 17:36:12.743764",0.002069,5,,,0x0002,149,,,,,,idle2.pcapng
"Oct 12, 2023 17:36:12.746985",,63,,,,,,,,,,idle2.pcapng
"Oct 12, 2023 17:36:12.749384",0.002399,5,,,0x0002,249,,,,,,idle2.pcapng
"Oct 12, 2023 17:36:12.752079",,66,,,,,,,,,,idle2.pcapng
"Oct 12, 2023 17:36:12.754573",0.002494,5,,,0x0002,179,,,,,,idle2.pcapng
"Oct 12, 2023 17:36:12.789786",,54,,,,,,,,,,idle2.pcapng
"Oct 12, 2023 17:36:12.791897",0.002111,5,,,0x0002,150,,,,,,idle2.pcapng
"Oct 12, 2023 17:36:12.796355",,54,,,,,,,,,,idle2.pcapng
"Oct 12, 2023 17:36:12.798435",0.002080,5,,,0x0002,113,,,,,,idle2.pcapng
"Oct 12, 2023 17:36:12.801600",,45,,,,,,,,,,idle2.pcapng
"Oct 12, 2023 17:36:12.803423",0.001823,5,,,0x0002,151,,,,,,idle2.pcapng
"Oct 12, 2023 17:36:12.806231",0.002808,106,0x6e5f,0x0000,0x886a,250,,,,,,idle2.pcapng
"Oct 12, 2023 17:36:12.810658",0.004427,5,,,0x0002,114,,,,,,idle2.pcapng
"Oct 12, 2023 17:36:12.812414",,54,,,,,,,,,,idle2.pcapng
"Oct 12, 2023 17:36:12.817722",,54,,,,,,,,,,idle2.pcapng
"Oct 12, 2023 17:36:12.822209",0.004487,5,,,0x0002,250,,,,,,idle2.pcapng
"Oct 12, 2023 17:36:12.823551",,54,,,,,,,,,,idle2.pcapng
"Oct 12, 2023 17:36:12.827606",,66,,,,,,,,,,idle2.pcapng
"Oct 12, 2023 17:36:12.830101",0.002495,5,,,0x0002,245,,,,,,idle2.pcapng
"Oct 12, 2023 17:36:12.832742",,66,,,,,,,,,,idle2.pcapng
"Oct 12, 2023 17:36:12.835237",0.002495,5,,,0x0002,251,,,,,,idle2.pcapng
"Oct 12, 2023 17:36:12.839935",,54,,,,,,,,,,idle2.pcapng
"Oct 12, 2023 17:36:12.842046",0.002111,5,,,0x0002,152,,,,,,idle2.pcapng
"Oct 12, 2023 17:36:12.866534",,45,,,,,,,,,,idle2.pcapng
"Oct 12, 2023 17:36:12.868327",0.001793,5,,,0x0002,153,,,,,,idle2.pcapng
"Oct 12, 2023 17:36:12.872646",,52,,,,,,,,,,idle2.pcapng
"Oct 12, 2023 17:36:12.874693",0.002047,5,,,0x0002,154,,,,,,idle2.pcapng
"Oct 12, 2023 17:36:12.877664",,52,,,,,,,,,,idle2.pcapng
"Oct 12, 2023 17:36:12.879679",0.002015,5,,,0x0002,58,,,,,,idle2.pcapng
"Oct 12, 2023 17:36:12.885345",,45,,,,,,,,,,idle2.pcapng
"Oct 12, 2023 17:36:12.887168",0.001823,5,,,0x0002,155,,,,,,idle2.pcapng
"Oct 12, 2023 17:36:12.887506",,63,,,,,,,,,,idle2.pcapng
"Oct 12, 2023 17:36:12.889905",0.002399,5,,,0x0002,246,,,,,,idle2.pcapng
"Oct 12, 2023 17:36:12.892622",,63,,,,,,,,,,idle2.pcapng
"Oct 12, 2023 17:36:12.895021",0.002399,5,,,0x0002,246,,,,,,idle2.pcapng
"Oct 12, 2023 17:36:12.896021",,45,,,,,,,,,,idle2.pcapng
"Oct 12, 2023 17:36:12.897888",0.001867,63,0xc8f0,0x0000,0x8841,246,,,,,,idle2.pcapng
"Oct 12, 2023 17:36:12.900279",0.002391,45,0xa209,0xc8f0,0x8861,59,,,,,,idle2.pcapng
"Oct 12, 2023 17:36:12.905045",,45,,,,,,,,,,idle2.pcapng
"Oct 12, 2023 17:36:12.908700",,45,,,,,,,,,,idle2.pcapng
"Oct 12, 2023 17:36:12.910523",0.001823,5,,,0x0002,157,,,,,,idle2.pcapng
"Oct 12, 2023 17:36:12.911414",,45,,,,,,,,,,idle2.pcapng
"Oct 12, 2023 17:36:12.913722",,63,,,,,,,,,,idle2.pcapng
"Oct 12, 2023 17:36:12.916121",0.002399,5,,,0x0002,247,,,,,,idle2.pcapng
"Oct 12, 2023 17:36:12.920973",,45,,,,,,,,,,idle2.pcapng
"Oct 12, 2023 17:36:12.922796",0.001823,5,,,0x0002,158,,,,,,idle2.pcapng
"Oct 12, 2023 17:36:12.925975",0.003179,45,0xa209,0xc8f0,0x8861,60,,,,,,idle2.pcapng
"Oct 12, 2023 17:36:12.927767",0.001792,5,,,0x0002,60,,,,,,idle2.pcapng
"Oct 12, 2023 17:36:12.935640",,45,,,,,,,,,,idle2.pcapng
"Oct 12, 2023 17:36:12.937464",0.001824,5,,,0x0002,159,,,,,,idle2.pcapng
"Oct 12, 2023 17:36:12.941059",,45,,,,,,,,,,idle2.pcapng
"Oct 12, 2023 17:36:12.942852",0.001793,5,,,0x0002,61,,,,,,idle2.pcapng
"Oct 12, 2023 17:36:12.950711",,45,,,,,,,,,,idle2.pcapng
"Oct 12, 2023 17:36:12.952505",0.001794,5,,,0x0002,117,,,,,,idle2.pcapng
"Oct 12, 2023 17:36:14.322749",1.370244,12,0x2cae,0x482d,0x8863,218,,,,,,idle2.pcapng
"Oct 12, 2023 17:36:14.323516",0.000767,5,,,0x0002,218,,,,,,idle2.pcapng
"Oct 12, 2023 17:36:14.623264",0.299748,77,0xe694,0xffff,0x8841,180,0xe694,0xfffc,0x1209,,,idle2.pcapng
"Oct 12, 2023 17:36:15.526697",0.903433,71,0xc8f0,0xffff,0x8841,248,0xc8f0,0xfffc,0x1209,,,idle2.pcapng
"Oct 12, 2023 17:36:17.750124",2.223427,77,0x054f,0xffff,0x8841,128,0x054f,0xfffc,0x1209,,,idle2.pcapng
"Oct 12, 2023 17:36:18.342037",0.591913,77,0x0000,0xffff,0x8841,160,0x0000,0xfffc,0x1209,,,idle2.pcapng
"Oct 12, 2023 17:36:19.015864",0.673827,77,0xe5c4,0xffff,0x8841,189,0xe5c4,0xfffc,0x1209,,,idle2.pcapng
"Oct 12, 2023 17:36:19.353573",0.337709,12,0x2cae,0x482d,0x8863,219,,,,,,idle2.pcapng
"Oct 12, 2023 17:36:19.354340",0.000767,5,,,0x0002,219,,,,,,idle2.pcapng
"Oct 12, 2023 17:36:23.113955",3.759615,74,0x09ac,0xffff,0x8841,169,0x09ac,0xfffc,0x1209,,,idle2.pcapng
"Oct 12, 2023 17:36:24.353702",1.239747,12,0x2cae,0x482d,0x8863,220,,,,,,idle2.pcapng
"Oct 12, 2023 17:36:24.354470",0.000768,5,,,0x0002,220,,,,,,idle2.pcapng
"Oct 12, 2023 17:36:25.108349",0.753879,77,0x482d,0xffff,0x8841,118,0x482d,0xfffc,0x1209,,,idle2.pcapng
"Oct 12, 2023 17:36:25.347971",0.239622,68,0xebe5,0xffff,0x8841,165,0xebe5,0xfffc,0x1209,,,idle2.pcapng
"Oct 12, 2023 17:36:26.210137",0.862166,77,0x82eb,0xffff,0x8841,117,0x82eb,0xfffc,0x1209,,,idle2.pcapng
"Oct 12, 2023 17:36:26.821859",0.611722,74,0x6e5f,0xffff,0x8841,252,0x6e5f,0xfffc,0x1209,,,idle2.pcapng
"Oct 12, 2023 17:36:29.417791",2.595932,12,0x2cae,0x482d,0x8863,221,,,,,,idle2.pcapng
"Oct 12, 2023 17:36:29.418558",0.000767,5,,,0x0002,221,,,,,,idle2.pcapng
"Oct 12, 2023 17:36:29.570144",0.151586,77,0xe694,0xffff,0x8841,181,0xe694,0xfffc,0x1209,,,idle2.pcapng
"Oct 12, 2023 17:36:29.868954",0.298810,74,0xa209,0xffff,0x8841,62,0xa209,0xfffc,0x1209,,,idle2.pcapng
"Oct 12, 2023 17:36:30.526716",0.657762,71,0xc8f0,0xffff,0x8841,249,0xc8f0,0xfffc,0x1209,,,idle2.pcapng
"Oct 12, 2023 17:36:32.240222",,50,,,,,,,,,,idle2.pcapng
"Oct 12, 2023 17:36:32.245654",0.005432,55,0xa209,0x0000,0x8861,63,0xa209,0x0000,0x1a09,,,idle2.pcapng
"Oct 12, 2023 17:36:32.247797",0.002143,5,,,0x0002,63,,,,,,idle2.pcapng
"Oct 12, 2023 17:36:32.298977",,53,,,,,,,,,,idle2.pcapng
"Oct 12, 2023 17:36:32.301055",0.002078,5,,,0x0002,64,,,,,,idle2.pcapng
"Oct 12, 2023 17:36:32.344139",,50,,,,,,,,,,idle2.pcapng
"Oct 12, 2023 17:36:32.346122",0.001983,5,,,0x0002,162,,,,,,idle2.pcapng
"Oct 12, 2023 17:36:32.351803",0.005681,55,0xa209,0x0000,0x8861,65,0xa209,0x0000,0x1a09,,,idle2.pcapng
"Oct 12, 2023 17:36:32.353946",0.002143,5,,,0x0002,65,,,,,,idle2.pcapng
"Oct 12, 2023 17:36:32.398986",,53,,,,,,,,,,idle2.pcapng
"Oct 12, 2023 17:36:32.401065",0.002079,5,,,0x0002,66,,,,,,idle2.pcapng
"Oct 12, 2023 17:36:33.246090",0.845025,77,0xe5c4,0xffff,0x8841,190,0xe5c4,0xfffc,0x1209,,,idle2.pcapng
"Oct 12, 2023 17:36:34.417280",1.171190,12,0x2cae,0x482d,0x8863,222,,,,,,idle2.pcapng
"Oct 12, 2023 17:36:34.418048",0.000768,5,,,0x0002,222,,,,,,idle2.pcapng
"Oct 12, 2023 17:36:35.292377",0.874329,77,0x054f,0xffff,0x8841,129,0x054f,0xfffc,0x1209,,,idle2.pcapng
"Oct 12, 2023 17:36:35.440214",0.147837,77,0x0000,0xffff,0x8841,163,0x0000,0xfffc,0x1209,,,idle2.pcapng
"Oct 12, 2023 17:36:39.481398",4.041184,12,0x2cae,0x482d,0x8863,223,,,,,,idle2.pcapng
"Oct 12, 2023 17:36:39.482165",0.000767,5,,,0x0002,223,,,,,,idle2.pcapng
"Oct 12, 2023 17:36:40.025594",0.543429,74,0x482d,0xffff,0x8841,119,0x482d,0xfffc,0x1209,,,idle2.pcapng
"Oct 12, 2023 17:36:40.111814",0.086220,39,,,,,,,,,,idle2.pcapng
"Oct 12, 2023 17:36:40.344950",0.233136,68,0xebe5,0xffff,0x8841,166,0xebe5,0xfffc,0x1209,,,idle2.pcapng
"Oct 12, 2023 17:36:40.514239",0.169289,74,0x09ac,0xffff,0x8841,170,0x09ac,0xfffc,0x1209,,,idle2.pcapng
"Oct 12, 2023 17:36:41.191924",0.677685,77,0x82eb,0xffff,0x8841,118,0x82eb,0xfffc,0x1209,,,idle2.pcapng
"Oct 12, 2023 17:36:41.730329",0.538405,74,0x6e5f,0xffff,0x8841,253,0x6e5f,0xfffc,0x1209,,,idle2.pcapng
"Oct 12, 2023 17:36:42.689435",,52,,,,,,,,,,idle2.pcapng
"Oct 12, 2023 17:36:42.691450",0.002015,5,,,0x0002,164,,,,,,idle2.pcapng
"Oct 12, 2023 17:36:42.699140",,63,,,,,,,,,,idle2.pcapng
"Oct 12, 2023 17:36:42.701539",0.002399,5,,,0x0002,182,,,,,,idle2.pcapng
"Oct 12, 2023 17:36:42.725962",,52,,,,,,,,,,idle2.pcapng
"Oct 12, 2023 17:36:42.728010",0.002048,5,,,0x0002,165,,,,,,idle2.pcapng
"Oct 12, 2023 17:36:42.730493",,52,,,,,,,,,,idle2.pcapng
"Oct 12, 2023 17:36:42.732509",0.002016,5,,,0x0002,120,,,,,,idle2.pcapng
"Oct 12, 2023 17:36:42.736873",,45,,,,,,,,,,idle2.pcapng
"Oct 12, 2023 17:36:42.738664",0.001791,5,,,0x0002,166,,,,,,idle2.pcapng
"Oct 12, 2023 17:36:42.740428",,63,,,,,,,,,,idle2.pcapng
"Oct 12, 2023 17:36:42.742827",0.002399,5,,,0x0002,254,,,,,,idle2.pcapng
"Oct 12, 2023 17:36:42.752931",,54,,,,,,,,,,idle2.pcapng
"Oct 12, 2023 17:36:42.755010",0.002079,5,,,0x0002,167,,,,,,idle2.pcapng
"Oct 12, 2023 17:36:42.762880",,66,,,,,,,,,,idle2.pcapng
"Oct 12, 2023 17:36:42.765375",0.002495,5,,,0x0002,183,,,,,,idle2.pcapng
"Oct 12, 2023 17:36:42.788009",,54,,,,,,,,,,idle2.pcapng
"Oct 12, 2023 17:36:42.790120",0.002111,5,,,0x0002,168,,,,,,idle2.pcapng
"Oct 12, 2023 17:36:42.793916",,54,,,,,,,,,,idle2.pcapng
"Oct 12, 2023 17:36:42.795997",0.002081,5,,,0x0002,121,,,,,,idle2.pcapng
"Oct 12, 2023 17:36:42.800041",,45,,,,,,,,,,idle2.pcapng
"Oct 12, 2023 17:36:42.801864",0.001823,5,,,0x0002,169,,,,,,idle2.pcapng
"Oct 12, 2023 17:36:42.803943",,66,,,,,,,,,,idle2.pcapng
"Oct 12, 2023 17:36:42.806438",0.002495,5,,,0x0002,255,,,,,,idle2.pcapng
"Oct 12, 2023 17:36:42.807604",,54,,,,,,,,,,idle2.pcapng
"Oct 12, 2023 17:36:42.813066",,54,,,,,,,,,,idle2.pcapng
"Oct 12, 2023 17:36:42.815147",0.002081,5,,,0x0002,67,,,,,,idle2.pcapng
"Oct 12, 2023 17:36:42.821079",,54,,,,,,,,,,idle2.pcapng
"Oct 12, 2023 17:36:42.822979",,66,,,,,,,,,,idle2.pcapng
"Oct 12, 2023 17:36:42.828105",,66,,,,,,,,,,idle2.pcapng
"Oct 12, 2023 17:36:42.830600",0.002495,5,,,0x0002,250,,,,,,idle2.pcapng
"Oct 12, 2023 17:36:42.833371",0.002771,107,0xc8f0,0x0000,0x886b,250,,,,,,idle2.pcapng
"Oct 12, 2023 17:36:42.837055",,45,,,,,,,,,,idle2.pcapng
"Oct 12, 2023 17:36:42.838653",0.001598,107,,,,,,,,,,idle2.pcapng
"Oct 12, 2023 17:36:42.846356",,66,,,,,,,,,,idle2.pcapng
"Oct 12, 2023 17:36:42.848851",0.002495,5,,,0x0002,251,,,,,,idle2.pcapng
"Oct 12, 2023 17:36:42.851494",,66,,,,,,,,,,idle2.pcapng
"Oct 12, 2023 17:36:42.853989",0.002495,5,,,0x0002,251,,,,,,idle2.pcapng
"Oct 12, 2023 17:36:42.855710",,52,,,,,,,,,,idle2.pcapng
"Oct 12, 2023 17:36:42.857758",0.002048,5,,,0x0002,172,,,,,,idle2.pcapng
"Oct 12, 2023 17:36:42.861090",,52,,,,,,,,,,idle2.pcapng
"Oct 12, 2023 17:36:42.863106",0.002016,5,,,0x0002,68,,,,,,idle2.pcapng
"Oct 12, 2023 17:36:42.869377",,45,,,,,,,,,,idle2.pcapng
"Oct 12, 2023 17:36:42.871047",,63,,,,,,,,,,idle2.pcapng
"Oct 12, 2023 17:36:42.873683",,45,,,,,,,,,,idle2.pcapng
"Oct 12, 2023 17:36:42.875477",0.001794,5,,,0x0002,123,,,,,,idle2.pcapng
"Oct 12, 2023 17:36:42.876190",,63,,,,,,,,,,idle2.pcapng
"Oct 12, 2023 17:36:42.878589",0.002399,5,,,0x0002,252,,,,,,idle2.pcapng
"Oct 12, 2023 17:36:42.880969",,45,,,,,,,,,,idle2.pcapng
"Oct 12, 2023 17:36:42.882792",0.001823,5,,,0x0002,173,,,,,,idle2.pcapng
"Oct 12, 2023 17:36:42.892166",0.009374,5,,,0x0002,124,,,,,,idle2.pcapng
"Oct 12, 2023 17:36:42.895651",,45,,,,,,,,,,idle2.pcapng
"Oct 12, 2023 17:36:42.897474",0.001823,5,,,0x0002,174,,,,,,idle2.pcapng
"Oct 12, 2023 17:36:42.901875",,45,,,,,,,,,,idle2.pcapng
"Oct 12, 2023 17:36:42.903699",0.001824,5,,,0x0002,175,,,,,,idle2.pcapng
"Oct 12, 2023 17:36:42.905470",,45,,,,,,,,,,idle2.pcapng
"Oct 12, 2023 17:36:42.907252",0.001782,5,,,0x0002,69,,,,,,idle2.pcapng
"Oct 12, 2023 17:36:42.908306",,45,,,,,,,,,,idle2.pcapng
"Oct 12, 2023 17:36:42.910130",0.001824,5,,,0x0002,176,,,,,,idle2.pcapng
"Oct 12, 2023 17:36:42.911146",,45,,,,,,,,,,idle2.pcapng
"Oct 12, 2023 17:36:42.912938",0.001792,5,,,0x0002,70,,,,,,idle2.pcapng
"Oct 12, 2023 17:36:42.916223",,45,,,,,,,,,,idle2.pcapng
"Oct 12, 2023 17:36:42.918014",0.001791,5,,,0x0002,71,,,,,,idle2.pcapng
"Oct 12, 2023 17:36:44.511064",1.593050,12,0x2cae,0x482d,0x8863,224,,,,,,idle2.pcapng
"Oct 12, 2023 17:36:44.511831",0.000767,5,,,0x0002,224,,,,,,idle2.pcapng
"Oct 12, 2023 17:36:44.589258",0.077427,77,0xe694,0xffff,0x8841,184,0xe694,0xfffc,0x1209,,,idle2.pcapng
"Oct 12, 2023 17:36:45.036978",,52,,,,,,,,,,idle2.pcapng
"Oct 12, 2023 17:36:45.039025",0.002047,5,,,0x0002,119,,,,,,idle2.pcapng
"Oct 12, 2023 17:36:45.501317",0.462292,71,0xc8f0,0xffff,0x8841,253,0xc8f0,0xfffc,0x1209,,,idle2.pcapng
"Oct 12, 2023 17:36:47.344492",1.843175,93,,,0x885d,72,,,,,,idle2.pcapng
"Oct 12, 2023 17:36:47.929176",0.584684,77,0xe5c4,0xffff,0x8841,191,0xe5c4,0xfffc,0x1209,,,idle2.pcapng
"Oct 12, 2023 17:36:49.511284",1.582108,12,0x2cae,0x482d,0x8863,225,,,,,,idle2.pcapng
"Oct 12, 2023 17:36:49.512051",0.000767,5,,,0x0002,225,,,,,,idle2.pcapng
"Oct 12, 2023 17:36:50.895065",1.383014,77,0x0000,0xffff,0x8841,177,0x0000,0xfffc,0x1209,,,idle2.pcapng
"Oct 12, 2023 17:36:51.665716",0.770651,77,0x054f,0xffff,0x8841,130,0x054f,0xfffc,0x1209,,,idle2.pcapng
"Oct 12, 2023 17:36:54.575866",2.910150,12,0x2cae,0x482d,0x8863,226,,,,,,idle2.pcapng
"Oct 12, 2023 17:36:54.576633",0.000767,5,,,0x0002,226,,,,,,idle2.pcapng
"Oct 12, 2023 17:36:55.240435",0.663802,74,0x09ac,0xffff,0x8841,171,0x09ac,0xfffc,0x1209,,,idle2.pcapng
"Oct 12, 2023 17:36:55.269829",0.029394,68,0xebe5,0xffff,0x8841,167,0xebe5,0xfffc,0x1209,,,idle2.pcapng
"Oct 12, 2023 17:36:56.201553",0.931724,101,,,0x0065,136,,,,,,idle2.pcapng
"Oct 12, 2023 17:36:56.750366",0.548813,74,0x6e5f,0xffff,0x8841,0,0x6e5f,0xfffc,0x1209,,,idle2.pcapng
"Oct 12, 2023 17:36:57.333888",0.583522,77,0x482d,0xffff,0x8841,125,0x482d,0xfffc,0x1209,,,idle2.pcapng
"Oct 12, 2023 17:36:59.607338",2.273450,12,0x2cae,0x482d,0x8863,227,,,,,,idle2.pcapng
"Oct 12, 2023 17:36:59.608105",0.000767,5,,,0x0002,227,,,,,,idle2.pcapng
"Oct 12, 2023 17:36:59.619436",0.011331,77,0xe694,0xffff,0x8841,185,0xe694,0xfffc,0x1209,,,idle2.pcapng
"Oct 12, 2023 17:37:00.475960",0.856524,71,0xc8f0,0xffff,0x8841,254,0xc8f0,0xfffc,0x1209,,,idle2.pcapng
"Oct 12, 2023 17:37:04.453235",3.977275,77,0xe5c4,0xffff,0x8841,192,0xe5c4,0xfffc,0x1209,,,idle2.pcapng
"Oct 12, 2023 17:37:04.508879",0.055644,74,0xa209,0xffff,0x8841,73,0xa209,0xfffc,0x1209,,,idle2.pcapng
"Oct 12, 2023 17:37:04.607498",0.098619,12,0x2cae,0x482d,0x8863,228,,,,,,idle2.pcapng
"Oct 12, 2023 17:37:07.285811",2.678313,77,0x054f,0xffff,0x8841,131,0x054f,0xfffc,0x1209,,,idle2.pcapng
"Oct 12, 2023 17:37:08.585020",1.299209,77,0x0000,0xffff,0x8841,178,0x0000,0xfffc,0x1209,,,idle2.pcapng
"Oct 12, 2023 17:37:09.668657",1.083637,12,0x2cae,0x482d,0x8863,229,,,,,,idle2.pcapng
"Oct 12, 2023 17:37:09.669424",0.000767,5,,,0x0002,229,,,,,,idle2.pcapng
"Oct 12, 2023 17:37:10.329695",0.660271,68,0xebe5,0xffff,0x8841,168,0xebe5,0xfffc,0x1209,,,idle2.pcapng
"Oct 12, 2023 17:37:11.207981",0.878286,77,0x82eb,0xffff,0x8841,121,0x82eb,0xfffc,0x1209,,,idle2.pcapng
"Oct 12, 2023 17:37:11.787895",0.579914,74,0x6e5f,0xffff,0x8841,1,0x6e5f,0xfffc,0x1209,,,idle2.pcapng
"Oct 12, 2023 17:37:12.693885",,52,,,,,,,,,,idle2.pcapng
"Oct 12, 2023 17:37:12.695901",0.002016,5,,,0x0002,179,,,,,,idle2.pcapng
"Oct 12, 2023 17:37:12.703826",,63,,,,,,,,,,idle2.pcapng
"Oct 12, 2023 17:37:12.706225",0.002399,5,,,0x0002,186,,,,,,idle2.pcapng
"Oct 12, 2023 17:37:12.727303",,52,,,,,,,,,,idle2.pcapng
"Oct 12, 2023 17:37:12.729350",0.002047,5,,,0x0002,180,,,,,,idle2.pcapng
"Oct 12, 2023 17:37:12.732311",,52,,,,,,,,,,idle2.pcapng
"Oct 12, 2023 17:37:12.734326",0.002015,5,,,0x0002,126,,,,,,idle2.pcapng
"Oct 12, 2023 17:37:12.739136",,45,,,,,,,,,,idle2.pcapng
"Oct 12, 2023 17:37:12.740930",0.001794,5,,,0x0002,181,,,,,,idle2.pcapng
"Oct 12, 2023 17:37:12.742048",0.001118,63,0x6e5f,0x0000,0x8861,2,,,,,,idle2.pcapng
"Oct 12, 2023 17:37:12.746516",,54,,,,,,,,,,idle2.pcapng
"Oct 12, 2023 17:37:12.748598",0.002082,5,,,0x0002,182,,,,,,idle2.pcapng
"Oct 12, 2023 17:37:12.752477",,63,,,,,,,,,,idle2.pcapng
"Oct 12, 2023 17:37:12.754876",0.002399,5,,,0x0002,2,,,,,,idle2.pcapng
"Oct 12, 2023 17:37:12.756660",,66,,,,,,,,,,idle2.pcapng
"Oct 12, 2023 17:37:12.759154",0.002494,5,,,0x0002,187,,,,,,idle2.pcapng
"Oct 12, 2023 17:37:12.765466",,63,,,,,,,,,,idle2.pcapng
"Oct 12, 2023 17:37:12.767865",0.002399,5,,,0x0002,3,,,,,,idle2.pcapng
"Oct 12, 2023 17:37:12.770592",,63,,,,,,,,,,idle2.pcapng
"Oct 12, 2023 17:37:12.772991",0.002399,5,,,0x0002,3,,,,,,idle2.pcapng
"Oct 12, 2023 17:37:12.775860",0.002869,63,0x6e5f,0x0000,0x8861,3,,,,,,idle2.pcapng
"Oct 12, 2023 17:37:12.781145",,63,,,,,,,,,,idle2.pcapng
"Oct 12, 2023 17:37:12.783543",0.002398,5,,,0x0002,3,,,,,,idle2.pcapng
"Oct 12, 2023 17:37:12.798085",,54,,,,,,,,,,idle2.pcapng
"Oct 12, 2023 17:37:12.800196",0.002111,5,,,0x0042,183,,,,,,idle2.pcapng
"Oct 12, 2023 17:37:12.804552",,54,,,,,,,,,,idle2.pcapng
"Oct 12, 2023 17:37:12.806633",0.002081,5,,,0x0002,127,,,,,,idle2.pcapng
"Oct 12, 2023 17:37:12.814390",,66,,,,,,,,,,idle2.pcapng
"Oct 12, 2023 17:37:12.819516",0.005126,99,0x6596,0x2c00,0x8863,4,,,,,,idle2.pcapng
"Oct 12, 2023 17:37:12.830032",,66,,,,,,,,,,idle2.pcapng
"Oct 12, 2023 17:37:12.832527",0.002495,5,,,0x0002,4,,,,,,idle2.pcapng
"Oct 12, 2023 17:37:12.833608",,45,,,,,,,,,,idle2.pcapng
"Oct 12, 2023 17:37:12.835431",0.001823,5,,,0x0002,184,,,,,,idle2.pcapng
"Oct 12, 2023 17:37:12.840147",,45,,,,,,,,,,idle2.pcapng
"Oct 12, 2023 17:37:12.841936",0.001789,5,,,0x0002,128,,,,,,idle2.pcapng
"Oct 12, 2023 17:37:12.850595",,54,,,,,,,,,,idle2.pcapng
"Oct 12, 2023 17:37:12.852706",0.002111,5,,,0x0002,185,,,,,,idle2.pcapng
"Oct 12, 2023 17:37:12.863120",,45,,,,,,,,,,idle2.pcapng
"Oct 12, 2023 17:37:12.864914",0.001794,5,,,0x0002,186,,,,,,idle2.pcapng
"Oct 12, 2023 17:37:12.869658",,52,,,,,,,,,,idle2.pcapng
"Oct 12, 2023 17:37:12.871706",0.002048,5,,,0x0002,187,,,,,,idle2.pcapng
"Oct 12, 2023 17:37:12.873057",,66,,,,,,,,,,idle2.pcapng
"Oct 12, 2023 17:37:12.875552",0.002495,5,,,0x0002,255,,,,,,idle2.pcapng
"Oct 12, 2023 17:37:12.878219",,66,,,,,,,,,,idle2.pcapng
"Oct 12, 2023 17:37:12.880714",0.002495,5,,,0x0002,255,,,,,,idle2.pcapng
"Oct 12, 2023 17:37:12.882800",,52,,,,,,,,,,idle2.pcapng
"Oct 12, 2023 17:37:12.884806",0.002006,5,,,0x0002,75,,,,,,idle2.pcapng
"Oct 12, 2023 17:37:12.892611",,63,,,,,,,,,,idle2.pcapng
"Oct 12, 2023 17:37:12.895010",0.002399,5,,,0x0002,0,,,,,,idle2.pcapng
"Oct 12, 2023 17:37:12.896381",,45,,,,,,,,,,idle2.pcapng
"Oct 12, 2023 17:37:12.898205",0.001824,5,,,0x0002,188,,,,,,idle2.pcapng
"Oct 12, 2023 17:37:12.901938",,45,,,,,,,,,,idle2.pcapng
"Oct 12, 2023 17:37:12.903721",0.001783,5,,,0x0002,129,,,,,,idle2.pcapng
"Oct 12, 2023 17:37:12.911157",,45,,,,,,,,,,idle2.pcapng
"Oct 12, 2023 17:37:12.915738",,45,,,,,,,,,,idle2.pcapng
"Oct 12, 2023 17:37:12.917561",0.001823,5,,,0x0002,189,,,,,,idle2.pcapng
"Oct 12, 2023 17:37:12.921533",,45,,,,,,,,,,idle2.pcapng
"Oct 12, 2023 17:37:12.923356",0.001823,5,,,0x0002,190,,,,,,idle2.pcapng
"Oct 12, 2023 17:37:12.926246",0.002890,5,,,0x0002,130,,,,,,idle2.pcapng
"Oct 12, 2023 17:37:12.939984",,45,,,,,,,,,,idle2.pcapng
"Oct 12, 2023 17:37:12.941807",0.001823,5,,,0x0002,190,,,,,,idle2.pcapng
"Oct 12, 2023 17:37:12.946183",,45,,,,,,,,,,idle2.pcapng
"Oct 12, 2023 17:37:12.948006",0.001823,5,,,,,,,,,,idle2.pcapng
"Oct 12, 2023 17:37:12.949391",,45,,,,,,,,,,idle2.pcapng
"Oct 12, 2023 17:37:12.951214",0.001823,5,,,0x0002,191,,,,,,idle2.pcapng
"Oct 12, 2023 17:37:12.952550",,45,,,,,,,,,,idle2.pcapng
"Oct 12, 2023 17:37:12.954345",0.001795,5,,,0x0002,77,,,,,,idle2.pcapng
"Oct 12, 2023 17:37:13.378736",0.424391,77,0x482d,0xffff,0x8841,131,0x482d,0xfffc,0x1209,,,idle2.pcapng
"Oct 12, 2023 17:37:14.584431",1.205695,77,0xe694,0xffff,0x8841,188,0xe694,0xfffc,0x1209,,,idle2.pcapng
"Oct 12, 2023 17:37:14.730963",0.146532,12,0x2cae,0x482d,0x8863,230,,,,,,idle2.pcapng
"Oct 12, 2023 17:37:14.731730",0.000767,5,,,0x0002,230,,,,,,idle2.pcapng
"Oct 12, 2023 17:37:15.459143",0.727413,71,0xc8f0,0xffff,0x8841,1,0xc8f0,0xfffc,0x1209,,,idle2.pcapng
"Oct 12, 2023 17:37:19.731762",4.272619,12,0x2cae,0x482d,0x8863,231,,,,,,idle2.pcapng
"Oct 12, 2023 17:37:19.732530",0.000768,5,,,0x0002,231,,,,,,idle2.pcapng
"Oct 12, 2023 17:37:19.759610",,63,,,,,,,,,,idle2.pcapng
"Oct 12, 2023 17:37:19.762009",0.002399,5,,,0x0002,5,,,,,,idle2.pcapng
"Oct 12, 2023 17:37:19.810433",,50,,,,,,,,,,idle2.pcapng
"Oct 12, 2023 17:37:19.812415",0.001982,5,,,0x0002,192,,,,,,idle2.pcapng
"Oct 12, 2023 17:37:19.814900",,50,,,,,,,,,,idle2.pcapng
"Oct 12, 2023 17:37:19.816852",0.001952,5,,,0x0002,132,,,,,,idle2.pcapng
"Oct 12, 2023 17:37:19.821910",,45,,,,,,,,,,idle2.pcapng
"Oct 12, 2023 17:37:19.826391",,45,,,,,,,,,,idle2.pcapng
"Oct 12, 2023 17:37:19.828214",0.001823,5,,,0x0002,6,,,,,,idle2.pcapng
"Oct 12, 2023 17:37:19.837254",0.009040,57,0x6e5f,0x0000,0x8861,7,,,,,,idle2.pcapng
"Oct 12, 2023 17:37:19.842105",,57,,,,,,,,,,idle2.pcapng
"Oct 12, 2023 17:37:19.844312",0.002207,5,,,0x0002,7,,,,,,idle2.pcapng
"Oct 12, 2023 17:37:19.884198",,50,,,,,,,,,,idle2.pcapng
"Oct 12, 2023 17:37:19.886182",0.001984,5,,,0x0002,193,,,,,,idle2.pcapng
"Oct 12, 2023 17:37:19.889949",,50,,,,,,,,,,idle2.pcapng
"Oct 12, 2023 17:37:19.891903",0.001954,5,,,0x0002,133,,,,,,idle2.pcapng
"Oct 12, 2023 17:37:19.897144",,45,,,,,,,,,,idle2.pcapng
"Oct 12, 2023 17:37:19.898966",0.001822,5,,,0x0002,8,,,,,,idle2.pcapng
"Oct 12, 2023 17:37:20.011281",0.112315,77,0xe5c4,0xffff,0x8841,193,0xe5c4,0xfffc,0x1209,,,idle2.pcapng
"Oct 12, 2023 17:37:22.626408",2.615127,102,0xa209,0xffff,0x8866,78,,,,,,idle2.pcapng
"Oct 12, 2023 17:37:23.883580",1.257172,77,0x054f,0xffff,0x8841,132,0x054f,0xfffc,0x1209,,,idle2.pcapng
"Oct 12, 2023 17:37:24.794196",0.910616,12,0x2cae,0x482d,0x8863,232,,,,,,idle2.pcapng
"Oct 12, 2023 17:37:25.037947",,57,,,,,,,,,,idle2.pcapng
"Oct 12, 2023 17:37:25.040154",0.002207,5,,,0x0002,189,,,,,,idle2.pcapng
"Oct 12, 2023 17:37:25.081260",,50,,,,,,,,,,idle2.pcapng
"Oct 12, 2023 17:37:25.083211",0.001951,5,,,0x0002,194,,,,,,idle2.pcapng
"Oct 12, 2023 17:37:25.088552",,45,,,,,,,,,,idle2.pcapng
"Oct 12, 2023 17:37:25.090374",0.001822,5,,,0x0002,190,,,,,,idle2.pcapng
"Oct 12, 2023 17:37:25.102772",,63,,,,,,,,,,idle2.pcapng
"Oct 12, 2023 17:37:25.105171",0.002399,5,,,0x0002,191,,,,,,idle2.pcapng
"Oct 12, 2023 17:37:25.150773",,50,,,,,,,,,,idle2.pcapng
"Oct 12, 2023 17:37:25.152725",0.001952,5,,,0x0002,195,,,,,,idle2.pcapng
"Oct 12, 2023 17:37:25.157936",,45,,,,,,,,,,idle2.pcapng
"Oct 12, 2023 17:37:25.159759",0.001823,5,,,0x0002,192,,,,,,idle2.pcapng
"Oct 12, 2023 17:37:25.263470",0.103711,77,0x0000,0xffff,0x8841,196,0x0000,0xfffc,0x1209,,,idle2.pcapng
"Oct 12, 2023 17:37:25.737123",0.473653,74,0x09ac,0xffff,0x8841,173,0x09ac,0xfffc,0x1209,,,idle2.pcapng
"Oct 12, 2023 17:37:26.205449",0.468326,77,0x82eb,0xffff,0x8841,122,0x82eb,0xfffc,0x1209,,,idle2.pcapng
"Oct 12, 2023 17:37:26.745924",0.540475,74,0x6e5f,0xffff,0x8841,9,0x6e5f,0xfffc,0x1209,,,idle2.pcapng
"Oct 12, 2023 17:37:29.534350",2.788426,77,0xe694,0xffff,0x8841,193,0xe694,0xfffc,0x1209,,,idle2.pcapng
"Oct 12, 2023 17:37:29.794996",0.260646,12,0x2cae,0x482d,0x8863,233,,,,,,idle2.pcapng
"Oct 12, 2023 17:37:29.795763",0.000767,5,,,0x0002,233,,,,,,idle2.pcapng
"Oct 12, 2023 17:37:30.064800",0.269037,77,0x482d,0xffff,0x8841,134,0x482d,0xfffc,0x1209,,,idle2.pcapng
"Oct 12, 2023 17:37:30.530192",0.465392,71,0xc8f0,0xffff,0x8841,2,0xc8f0,0xfffc,0x1209,,,idle2.pcapng
"Oct 12, 2023 17:37:34.858395",4.328203,12,0x2cae,0x482d,0x8863,234,,,,,,idle2.pcapng
"Oct 12, 2023 17:37:34.859162",0.000767,5,,,0x0002,234,,,,,,idle2.pcapng
"Oct 12, 2023 17:37:35.868768",1.009606,77,0xe5c4,0xffff,0x8841,194,0xe5c4,0xfffc,0x1209,,,idle2.pcapng
"Oct 12, 2023 17:37:39.920472",4.051704,12,0x2cae,0x482d,0x8863,235,,,,,,idle2.pcapng
"Oct 12, 2023 17:37:39.921240",0.000768,5,,,0x0002,235,,,,,,idle2.pcapng
"Oct 12, 2023 17:37:40.245355",0.324115,68,0xebe5,0xffff,0x8841,170,0xebe5,0xfffc,0x1209,,,idle2.pcapng
"Oct 12, 2023 17:37:40.416847",0.171492,77,0x054f,0xffff,0x8841,133,0x054f,0xfffc,0x1209,,,idle2.pcapng
"Oct 12, 2023 17:37:40.593176",0.176329,74,0x09ac,0xffff,0x8841,174,0x09ac,0xfffc,0x1209,,,idle2.pcapng
"Oct 12, 2023 17:37:41.209958",0.616782,77,0x82eb,0xffff,0x8841,123,0x82eb,0xfffc,0x1209,,,idle2.pcapng
"Oct 12, 2023 17:37:41.746611",0.536653,74,0x6e5f,0xffff,0x8841,10,0x6e5f,0xfffc,0x1209,,,idle2.pcapng
"Oct 12, 2023 17:37:42.698616",,52,,,,,,,,,,idle2.pcapng
"Oct 12, 2023 17:37:42.700632",0.002016,5,,,0x0002,197,,,,,,idle2.pcapng
"Oct 12, 2023 17:37:42.708454",,63,,,,,,,,,,idle2.pcapng
"Oct 12, 2023 17:37:42.710853",0.002399,5,,,0x0002,194,,,,,,idle2.pcapng
"Oct 12, 2023 17:37:42.734125",,52,,,,,,,,,,idle2.pcapng
"Oct 12, 2023 17:37:42.736172",0.002047,5,,,0x0002,198,,,,,,idle2.pcapng
"Oct 12, 2023 17:37:42.738655",,52,,,,,,,,,,idle2.pcapng
"Oct 12, 2023 17:37:42.740671",0.002016,5,,,0x0002,135,,,,,,idle2.pcapng
"Oct 12, 2023 17:37:42.747023",,45,,,,,,,,,,idle2.pcapng
"Oct 12, 2023 17:37:42.748815",0.001792,5,,,0x0002,199,,,,,,idle2.pcapng
"Oct 12, 2023 17:37:42.753410",0.004595,63,0x6e5f,0x0000,0x8861,174,,,,,,idle2.pcapng
"Oct 12, 2023 17:37:42.758694",,63,,,,,,,,,,idle2.pcapng
"Oct 12, 2023 17:37:42.761093",0.002399,5,,,0x0002,11,,,,,,idle2.pcapng
"Oct 12, 2023 17:37:42.762735",,54,,,,,,,,,,idle2.pcapng
"Oct 12, 2023 17:37:42.764807",0.002072,5,,,0x0002,200,,,,,,idle2.pcapng
"Oct 12, 2023 17:37:42.771659",0.006852,63,0x6e5f,0x0000,0x8861,12,,,,,,idle2.pcapng
"Oct 12, 2023 17:37:42.776810",0.005151,63,0x6e5f,0x0000,0x8861,12,,,,,,idle2.pcapng
"Oct 12, 2023 17:37:42.782091",0.005281,63,0x6e5f,0x0000,0x8861,12,,,,,,idle2.pcapng
"Oct 12, 2023 17:37:42.787355",0.005264,63,0xdd1f,0x0000,0x8861,12,,,,,,idle2.pcapng
"Oct 12, 2023 17:37:42.791856",,54,,,,,,,,,,idle2.pcapng
"Oct 12, 2023 17:37:42.796415",,66,,,,,,,,,,idle2.pcapng
"Oct 12, 2023 17:37:42.801629",,66,,,,,,,,,,idle2.pcapng
"Oct 12, 2023 17:37:42.805495",0.003866,63,0x6e5f,0x0000,0x8861,13,,,,,,idle2.pcapng
"Oct 12, 2023 17:37:42.809768",0.004273,54,0x482d,0x6e5f,0x8861,136,,,,,,idle2.pcapng
"Oct 12, 2023 17:37:42.812358",,66,,,,,,,,,,idle2.pcapng
"Oct 12, 2023 17:37:42.815995",,54,,,,,,,,,,idle2.pcapng
"Oct 12, 2023 17:37:42.818494",0.002499,63,0x6e5f,0x0000,0x8861,14,,,,,,idle2.pcapng
"Oct 12, 2023 17:37:42.823646",0.005152,63,0x6e5f,0x0000,0x8861,14,,,,,,idle2.pcapng
"Oct 12, 2023 17:37:42.828620",,45,,,,,,,,,,idle2.pcapng
"Oct 12, 2023 17:37:42.830859",,66,,,,,,,,,,idle2.pcapng
"Oct 12, 2023 17:37:42.834170",0.003311,63,0x6e5f,0x0000,0x8861,14,,,,,,idle2.pcapng
"Oct 12, 2023 17:37:42.842880",0.008710,54,0x482d,0x6e5f,0x8861,136,,,,,,idle2.pcapng
"Oct 12, 2023 17:37:42.849361",,66,,,,,,,,,,idle2.pcapng
"Oct 12, 2023 17:37:42.851856",0.002495,5,,,0x0002,198,,,,,,idle2.pcapng
"Oct 12, 2023 17:37:42.854556",,54,,,,,,,,,,idle2.pcapng
"Oct 12, 2023 17:37:42.860109",,66,,,,,,,,,,idle2.pcapng
"Oct 12, 2023 17:37:42.862603",0.002494,5,,,0x0002,198,,,,,,idle2.pcapng
"Oct 12, 2023 17:37:42.864156",,54,,,,,,,,,,idle2.pcapng
"Oct 12, 2023 17:37:42.866226",0.002070,5,,,0x0002,80,,,,,,idle2.pcapng
"Oct 12, 2023 17:37:42.871709",,54,,,,,,,,,,idle2.pcapng
"Oct 12, 2023 17:37:42.873820",0.002111,107,,,0x506b,239,,,,,,idle2.pcapng
"Oct 12, 2023 17:37:42.877010",,54,,,,,,,,,,idle2.pcapng
"Oct 12, 2023 17:37:42.879089",,66,,,,,,,,,,idle2.pcapng
"Oct 12, 2023 17:37:42.882918",,54,,,,,,,,,,idle2.pcapng
"Oct 12, 2023 17:37:42.888737",0.005819,54,0x482d,0x6e5f,0x8861,137,,,,,,idle2.pcapng
"Oct 12, 2023 17:37:42.892164",,54,,,,,,,,,,idle2.pcapng
"Oct 12, 2023 17:37:42.894244",0.002080,5,,,0x0002,137,,,,,,idle2.pcapng
"Oct 12, 2023 17:37:42.895082",,52,,,,,,,,,,idle2.pcapng
"Oct 12, 2023 17:37:42.897357",0.002275,107,0xc8f0,0x0000,0x886b,4,,,,,,idle2.pcapng
"Oct 12, 2023 17:37:42.907803",0.010446,56,0x0116,0x0000,0x8838,4,,,,,,idle2.pcapng
"Oct 12, 2023 17:37:42.912365",0.004562,105,0x6e5f,0x0000,0x8869,15,,,,,,idle2.pcapng
"Oct 12, 2023 17:37:42.914860",0.002495,5,,,0x0002,15,,,,,,idle2.pcapng
"Oct 12, 2023 17:37:42.915561",,52,,,,,,,,,,idle2.pcapng
"Oct 12, 2023 17:37:42.917579",0.002018,5,,,0x0002,86,,,,,,idle2.pcapng
"Oct 12, 2023 17:37:42.923089",,45,,,,,,,,,,idle2.pcapng
"Oct 12, 2023 17:37:42.924872",0.001783,5,,,0x0002,205,,,,,,idle2.pcapng
"Oct 12, 2023 17:37:42.927868",0.002996,5,,,0x0002,16,,,,,,idle2.pcapng
"Oct 12, 2023 17:37:42.929688",,66,,,,,,,,,,idle2.pcapng
"Oct 12, 2023 17:37:42.932183",0.002495,5,,,0x0002,5,,,,,,idle2.pcapng
"Oct 12, 2023 17:37:42.933135",,63,,,,,,,,,,idle2.pcapng
"Oct 12, 2023 17:37:42.935534",0.002399,5,,,0x0002,6,,,,,,idle2.pcapng
"Oct 12, 2023 17:37:42.937521",,45,,,,,,,,,,idle2.pcapng
"Oct 12, 2023 17:37:42.939344",0.001823,5,,,0x0002,206,,,,,,idle2.pcapng
"Oct 12, 2023 17:37:42.943391",,45,,,,,,,,,,idle2.pcapng
"Oct 12, 2023 17:37:42.945183",0.001792,5,,,0x0002,138,,,,,,idle2.pcapng
"Oct 12, 2023 17:37:42.969181",,54,,,,,,,,,,idle2.pcapng
"Oct 12, 2023 17:37:42.971292",0.002111,5,,,0x0002,207,,,,,,idle2.pcapng
"Oct 12, 2023 17:37:42.981650",,45,,,,,,,,,,idle2.pcapng
"Oct 12, 2023 17:37:42.983473",0.001823,5,,,0x0002,208,,,,,,idle2.pcapng
"Oct 12, 2023 17:37:42.986802",,45,,,,,,,,,,idle2.pcapng
"Oct 12, 2023 17:37:42.988588",0.001786,5,,,0x0002,139,,,,,,idle2.pcapng
"Oct 12, 2023 17:37:42.989248",,45,,,,,,,,,,idle2.pcapng
"Oct 12, 2023 17:37:42.991071",0.001823,5,,,0x0002,209,,,,,,idle2.pcapng
"Oct 12, 2023 17:37:42.994169",,45,,,,,,,,,,idle2.pcapng
"Oct 12, 2023 17:37:42.995962",0.001793,5,,,0x0002,140,,,,,,idle2.pcapng
"Oct 12, 2023 17:37:43.007346",,45,,,,,,,,,,idle2.pcapng
"Oct 12, 2023 17:37:43.009169",0.001823,5,,,0x0002,210,,,,,,idle2.pcapng
"Oct 12, 2023 17:37:43.013329",,45,,,,,,,,,,idle2.pcapng
"Oct 12, 2023 17:37:43.015152",0.001823,5,,,0x0002,211,,,,,,idle2.pcapng
"Oct 12, 2023 17:37:43.020617",,45,,,,,,,,,,idle2.pcapng
"Oct 12, 2023 17:37:43.022412",0.001795,5,,,0x0002,82,,,,,,idle2.pcapng
"Oct 12, 2023 17:37:43.026596",,45,,,,,,,,,,idle2.pcapng
"Oct 12, 2023 17:37:43.028387",0.001791,5,,,0x0002,83,,,,,,idle2.pcapng
"Oct 12, 2023 17:37:43.153407",0.125020,77,0x0000,0xffff,0x8841,212,0x0000,0xfffc,0x1209,,,idle2.pcapng
"Oct 12, 2023 17:37:44.556861",1.403454,77,0x482d,0xffff,0x8841,141,0x482d,0xfffc,0x1209,,,idle2.pcapng
"Oct 12, 2023 17:37:44.600301",0.043440,77,0xe694,0xffff,0x8841,199,0xe694,0xfffc,0x1209,,,idle2.pcapng
"Oct 12, 2023 17:37:44.919901",0.319600,12,0x2cae,0x482d,0x8863,236,,,,,,idle2.pcapng
"Oct 12, 2023 17:37:44.920668",0.000767,5,,,0x0002,236,,,,,,idle2.pcapng
"Oct 12, 2023 17:37:45.490370",0.569702,71,0xc8f0,0xffff,0x8841,7,0xc8f0,0xfffc,0x1209,,,idle2.pcapng
"Oct 12, 2023 17:37:49.984430",4.494060,12,0x2cae,0x482d,0x8863,237,,,,,,idle2.pcapng
"Oct 12, 2023 17:37:49.985197",0.000767,5,,,0x0002,237,,,,,,idle2.pcapng
"Oct 12, 2023 17:37:53.018588",3.033391,77,0xe5c4,0xffff,0x8841,195,0xe5c4,0xfffc,0x1209,,,idle2.pcapng
"Oct 12, 2023 17:37:54.229526",1.210938,74,0xa209,0xffff,0x8841,84,0xa209,0xfffc,0x1209,,,idle2.pcapng
"Oct 12, 2023 17:37:55.013806",0.784280,12,0x2cae,0x482d,0x8863,238,,,,,,idle2.pcapng
"Oct 12, 2023 17:37:55.014573",0.000767,5,,,0x0002,238,,,,,,idle2.pcapng
"Oct 12, 2023 17:37:55.268276",0.253703,68,0xebe5,0xffff,0x8841,171,0xebe5,0xfffc,0x1209,,,idle2.pcapng
"Oct 12, 2023 17:37:55.586426",0.318150,74,0x09ac,0xffff,0x8841,175,0x09ac,0xfffc,0x1209,,,idle2.pcapng
"Oct 12, 2023 17:37:56.198461",0.612035,77,0x82eb,0xffff,0x8841,124,0x82eb,0xfffc,0x1209,,,idle2.pcapng
"Oct 12, 2023 17:37:56.757419",0.558958,74,0x6e5f,0xffff,0x8841,17,0x6e5f,0xfffc,0x1209,,,idle2.pcapng
"Oct 12, 2023 17:37:56.883733",0.126314,77,0x054f,0xffff,0x8841,134,0x054f,0xfffc,0x1209,,,idle2.pcapng
"Oct 12, 2023 17:37:57.713013",,60,,,,,,,,,,idle2.pcapng
"Oct 12, 2023 17:37:57.715316",0.002303,5,,,0x0002,200,,,,,,idle2.pcapng
"Oct 12, 2023 17:37:57.766251",,50,,,,,,,,,,idle2.pcapng
"Oct 12, 2023 17:37:57.768203",0.001952,5,,,0x0002,213,,,,,,idle2.pcapng
"Oct 12, 2023 17:37:57.773504",,45,,,,,,,,,,idle2.pcapng
"Oct 12, 2023 17:37:57.775327",0.001823,5,,,0x0002,201,,,,,,idle2.pcapng
"Oct 12, 2023 17:37:58.783687",1.008360,77,0x0000,0xffff,0x8841,214,0x0000,0xfffc,0x1209,,,idle2.pcapng
"Oct 12, 2023 17:37:59.612445",0.828758,77,0xe694,0xffff,0x8841,202,0xe694,0xfffc,0x1209,,,idle2.pcapng
"Oct 12, 2023 17:38:00.015505",0.403060,12,0x2cae,0x482d,0x8863,239,,,,,,idle2.pcapng
"Oct 12, 2023 17:38:00.016272",0.000767,5,,,0x0002,239,,,,,,idle2.pcapng
"Oct 12, 2023 17:38:00.363307",0.347035,77,0x482d,0xffff,0x8841,142,0x482d,0xfffc,0x1209,,,idle2.pcapng
"Oct 12, 2023 17:38:00.539748",0.176441,71,0xc8f0,0xffff,0x8841,8,0xc8f0,0xfffc,0x1209,,,idle2.pcapng
"Oct 12, 2023 17:38:03.279683",,54,,,,,,,,,,idle2.pcapng
"Oct 12, 2023 17:38:03.281780",0.002097,5,,,0x0002,215,,,,,,idle2.pcapng
"Oct 12, 2023 17:38:03.285669",,54,,,,,,,,,,idle2.pcapng
"Oct 12, 2023 17:38:03.287780",0.002111,5,,,0x0002,135,,,,,,idle2.pcapng
"Oct 12, 2023 17:38:03.291652",0.003872,55,0xe5c4,0x054f,0x8861,196,0xe5c4,0x0000,0x1a09,,,idle2.pcapng
"Oct 12, 2023 17:38:03.293781",0.002129,5,,,0x0002,196,,,,,,idle2.pcapng
"Oct 12, 2023 17:38:03.296431",0.002650,57,0x054f,0x0000,0x8861,136,0xe5c4,0x0000,0x1a09,,,idle2.pcapng
"Oct 12, 2023 17:38:03.298638",0.002207,5,,,0x0002,136,,,,,,idle2.pcapng
"Oct 12, 2023 17:38:03.339917",,53,,,,,,,,,,idle2.pcapng
"Oct 12, 2023 17:38:03.341982",0.002065,5,,,0x0002,197,,,,,,idle2.pcapng
"Oct 12, 2023 17:38:03.344573",,53,,,,,,,,,,idle2.pcapng
"Oct 12, 2023 17:38:03.346652",0.002079,5,,,0x0002,137,,,,,,idle2.pcapng
"Oct 12, 2023 17:38:03.389215",,54,,,,,,,,,,idle2.pcapng
"Oct 12, 2023 17:38:03.391313",0.002098,5,,,0x0002,216,,,,,,idle2.pcapng
"Oct 12, 2023 17:38:03.393893",,54,,,,,,,,,,idle2.pcapng
"Oct 12, 2023 17:38:03.396004",0.002111,5,,,0x0002,138,,,,,,idle2.pcapng
"Oct 12, 2023 17:38:03.399382",0.003378,55,0xe5c4,0x054f,0x8861,198,0xe5c4,0x0000,0x1a09,,,idle2.pcapng
"Oct 12, 2023 17:38:03.401511",0.002129,5,,,0x0002,198,,,,,,idle2.pcapng
"Oct 12, 2023 17:38:03.405779",0.004268,57,0x054f,0x0000,0x8861,139,0xe5c4,0x0000,0x1a09,,,idle2.pcapng
"Oct 12, 2023 17:38:03.407985",0.002206,5,,,0x0002,139,,,,,,idle2.pcapng
"Oct 12, 2023 17:38:03.448392",,53,,,,,,,,,,idle2.pcapng
"Oct 12, 2023 17:38:03.450457",0.002065,5,,,0x0002,199,,,,,,idle2.pcapng
"Oct 12, 2023 17:38:03.453368",,53,,,,,,,,,,idle2.pcapng
"Oct 12, 2023 17:38:03.455447",0.002079,5,,,0x0002,140,,,,,,idle2.pcapng
"Oct 12, 2023 17:38:05.078403",1.622956,12,0x2cae,0x482d,0x8863,240,,,,,,idle2.pcapng
"Oct 12, 2023 17:38:05.079171",0.000768,5,,,0x0002,240,,,,,,idle2.pcapng
"Oct 12, 2023 17:38:09.386490",,60,,,,,,,,,,idle2.pcapng
"Oct 12, 2023 17:38:09.388793",0.002303,5,,,0x0002,18,,,,,,idle2.pcapng
"Oct 12, 2023 17:38:09.429190",,50,,,,,,,,,,idle2.pcapng
"Oct 12, 2023 17:38:09.431173",0.001983,5,,,0x0002,217,,,,,,idle2.pcapng
"Oct 12, 2023 17:38:09.433983",,50,,,,,,,,,,idle2.pcapng
"Oct 12, 2023 17:38:09.435936",0.001953,5,,,0x0002,143,,,,,,idle2.pcapng
"Oct 12, 2023 17:38:09.441165",,45,,,,,,,,,,idle2.pcapng
"Oct 12, 2023 17:38:09.442988",0.001823,5,,,0x0002,19,,,,,,idle2.pcapng
"Oct 12, 2023 17:38:10.076818",0.633830,12,0x2cae,0x482d,0x8863,241,,,,,,idle2.pcapng
"Oct 12, 2023 17:38:10.077585",0.000767,5,,,0x0002,241,,,,,,idle2.pcapng
"Oct 12, 2023 17:38:10.301183",0.223598,68,0xebe5,0xffff,0x8841,172,0xebe5,0xfffc,0x1209,,,idle2.pcapng
"Oct 12, 2023 17:38:11.121885",0.820702,77,0xe5c4,0xffff,0x8841,200,0xe5c4,0xfffc,0x1209,,,idle2.pcapng
"Oct 12, 2023 17:38:11.207131",0.085246,77,0x82eb,0xffff,0x8841,125,0x82eb,0xfffc,0x1209,,,idle2.pcapng
"Oct 12, 2023 17:38:11.254977",,52,,,,,,,,,,idle2.pcapng
"Oct 12, 2023 17:38:11.257024",0.002047,5,,,0x0002,141,,,,,,idle2.pcapng
"Oct 12, 2023 17:38:11.271046",,45,,,,,,,,,,idle2.pcapng
"Oct 12, 2023 17:38:11.272838",0.001792,5,,,0x0002,218,,,,,,idle2.pcapng
"Oct 12, 2023 17:38:11.276791",,45,,,,,,,,,,idle2.pcapng
"Oct 12, 2023 17:38:11.278601",0.001810,5,,,0x0002,203,,,,,,idle2.pcapng
"Oct 12, 2023 17:38:11.296447",,50,,,,,,,,,,idle2.pcapng
"Oct 12, 2023 17:38:11.298399",0.001952,5,,,0x0002,219,,,,,,idle2.pcapng
"Oct 12, 2023 17:38:11.302556",,50,,,,,,,,,,idle2.pcapng
"Oct 12, 2023 17:38:11.304526",0.001970,5,,,0x0002,204,,,,,,idle2.pcapng
"Oct 12, 2023 17:38:11.308375",,45,,,,,,,,,,idle2.pcapng
"Oct 12, 2023 17:38:11.310198",0.001823,5,,,0x0002,142,,,,,,idle2.pcapng
"Oct 12, 2023 17:38:11.343080",0.032882,74,0x09ac,0xffff,0x8841,176,0x09ac,0xfffc,0x1209,,,idle2.pcapng
"Oct 12, 2023 17:38:11.711681",0.368601,74,0xa209,0xffff,0x8841,85,0xa209,0xfffc,0x1209,,,idle2.pcapng
"Oct 12, 2023 17:38:12.039674",,52,,,,,,,,,,idle2.pcapng
"Oct 12, 2023 17:38:12.041721",0.002047,5,,,0x0002,143,,,,,,idle2.pcapng
"Oct 12, 2023 17:38:12.054604",,45,,,,,,,,,,idle2.pcapng
"Oct 12, 2023 17:38:12.056386",0.001782,5,,,0x0002,220,,,,,,idle2.pcapng
"Oct 12, 2023 17:38:12.060146",,45,,,,,,,,,,idle2.pcapng
"Oct 12, 2023 17:38:12.061956",0.001810,5,,,0x0002,205,,,,,,idle2.pcapng
"Oct 12, 2023 17:38:12.091185",,50,,,,,,,,,,idle2.pcapng
"Oct 12, 2023 17:38:12.093129",0.001944,5,,,0x0002,221,,,,,,idle2.pcapng
"Oct 12, 2023 17:38:12.096969",,50,,,,,,,,,,idle2.pcapng
"Oct 12, 2023 17:38:12.098938",0.001969,5,,,0x0002,206,,,,,,idle2.pcapng
"Oct 12, 2023 17:38:12.102783",,45,,,,,,,,,,idle2.pcapng
"Oct 12, 2023 17:38:12.104605",0.001822,5,,,0x0002,144,,,,,,idle2.pcapng
"Oct 12, 2023 17:38:12.626496",0.521891,77,0x054f,0xffff,0x8841,145,0x054f,0xfffc,0x1209,,,idle2.pcapng
"Oct 12, 2023 17:38:12.697603",,52,,,,,,,,,,idle2.pcapng
"Oct 12, 2023 17:38:12.699619",0.002016,5,,,0x0002,222,,,,,,idle2.pcapng
"Oct 12, 2023 17:38:12.707528",,63,,,,,,,,,,idle2.pcapng
"Oct 12, 2023 17:38:12.709927",0.002399,5,,,0x0002,207,,,,,,idle2.pcapng
"Oct 12, 2023 17:38:12.712679",,63,,,,,,,,,,idle2.pcapng
"Oct 12, 2023 17:38:12.715078",0.002399,5,,,0x0002,207,,,,,,idle2.pcapng
"Oct 12, 2023 17:38:12.717968",,63,,,,,,,,,,idle2.pcapng
"Oct 12, 2023 17:38:12.720367",0.002399,5,,,0x0002,207,,,,,,idle2.pcapng
"Oct 12, 2023 17:38:12.734228",,52,,,,,,,,,,idle2.pcapng
"Oct 12, 2023 17:38:12.736275",0.002047,5,,,0x0002,223,,,,,,idle2.pcapng
"Oct 12, 2023 17:38:12.740582",,52,,,,,,,,,,idle2.pcapng
"Oct 12, 2023 17:38:12.742597",0.002015,5,,,0x0002,144,,,,,,idle2.pcapng
"Oct 12, 2023 17:38:12.745866",,45,,,,,,,,,,idle2.pcapng
"Oct 12, 2023 17:38:12.747659",0.001793,5,,,0x0002,224,,,,,,idle2.pcapng
"Oct 12, 2023 17:38:12.750451",0.002792,63,0x6e5f,0x0000,0x8861,21,,,,,,idle2.pcapng
"Oct 12, 2023 17:38:12.755575",,63,,,,,,,,,,idle2.pcapng
"Oct 12, 2023 17:38:12.757973",0.002398,5,,,0x0002,21,,,,,,idle2.pcapng
"Oct 12, 2023 17:38:12.770230",,54,,,,,,,,,,idle2.pcapng
"Oct 12, 2023 17:38:12.772298",0.002068,5,,,0x0002,225,,,,,,idle2.pcapng
"Oct 12, 2023 17:38:12.780274",,66,,,,,,,,,,idle2.pcapng
"Oct 12, 2023 17:38:12.782769",0.002495,5,,,0x0002,208,,,,,,idle2.pcapng
"Oct 12, 2023 17:38:12.792346",,54,,,,,,,,,,idle2.pcapng
"Oct 12, 2023 17:38:12.794457",0.002111,5,,,0x0002,226,,,,,,idle2.pcapng
"Oct 12, 2023 17:38:12.807253",,66,,,,,,,,,,idle2.pcapng
"Oct 12, 2023 17:38:12.809748",0.002495,5,,,0x0002,22,,,,,,idle2.pcapng
"Oct 12, 2023 17:38:12.813408",,45,,,,,,,,,,idle2.pcapng
"Oct 12, 2023 17:38:12.815231",0.001823,5,,,0x0002,227,,,,,,idle2.pcapng
"Oct 12, 2023 17:38:12.819176",,45,,,,,,,,,,idle2.pcapng
"Oct 12, 2023 17:38:12.820967",0.001791,5,,,0x0002,146,,,,,,idle2.pcapng
"Oct 12, 2023 17:38:12.827534",,54,,,,,,,,,,idle2.pcapng
"Oct 12, 2023 17:38:12.829645",0.002111,5,,,0x0002,228,,,,,,idle2.pcapng
"Oct 12, 2023 17:38:12.833532",,54,,,,,,,,,,idle2.pcapng
"Oct 12, 2023 17:38:12.835611",0.002079,5,,,0x0002,86,,,,,,idle2.pcapng
"Oct 12, 2023 17:38:12.840137",,52,,,,,,,,,,idle2.pcapng
"Oct 12, 2023 17:38:12.842185",0.002048,5,,,0x0002,229,,,,,,idle2.pcapng
"Oct 12, 2023 17:38:12.843535",,66,,,,,,,,,,idle2.pcapng
"Oct 12, 2023 17:38:12.846029",0.002494,5,,,0x0002,9,,,,,,idle2.pcapng
"Oct 12, 2023 17:38:12.848436",,52,,,,,,,,,,idle2.pcapng
"Oct 12, 2023 17:38:12.850442",0.002006,5,,,0x0002,87,,,,,,idle2.pcapng
"Oct 12, 2023 17:38:12.858240",,63,,,,,,,,,,idle2.pcapng
"Oct 12, 2023 17:38:12.860639",0.002399,5,,,0x0002,10,,,,,,idle2.pcapng
"Oct 12, 2023 17:38:12.865276",,45,,,,,,,,,,idle2.pcapng
"Oct 12, 2023 17:38:12.867069",0.001793,5,,,0x0002,230,,,,,,idle2.pcapng
"Oct 12, 2023 17:38:12.876449",,45,,,,,,,,,,idle2.pcapng
"Oct 12, 2023 17:38:12.878272",0.001823,5,,,0x0002,231,,,,,,idle2.pcapng
"Oct 12, 2023 17:38:12.882298",,45,,,,,,,,,,idle2.pcapng
"Oct 12, 2023 17:38:12.884079",0.001781,5,,,0x0002,147,,,,,,idle2.pcapng
"Oct 12, 2023 17:38:12.887187",,45,,,,,,,,,,idle2.pcapng
"Oct 12, 2023 17:38:12.889010",0.001823,5,,,0x0002,232,,,,,,idle2.pcapng
"Oct 12, 2023 17:38:12.892311",,45,,,,,,,,,,idle2.pcapng
"Oct 12, 2023 17:38:12.894105",0.001794,5,,,0x0002,88,,,,,,idle2.pcapng
"Oct 12, 2023 17:38:12.894911",,45,,,,,,,,,,idle2.pcapng
"Oct 12, 2023 17:38:12.896734",0.001823,5,,,0x0002,233,,,,,,idle2.pcapng
"Oct 12, 2023 17:38:12.903233",0.006499,5,,,0x0002,89,,,,,,idle2.pcapng
"Oct 12, 2023 17:38:14.051922",1.148689,77,0x0000,0xffff,0x8841,234,0x0000,0xfffc,0x1209,,,idle2.pcapng
"Oct 12, 2023 17:38:14.530294",0.478372,77,0xe694,0xffff,0x8841,209,0xe694,0xfffc,0x1209,,,idle2.pcapng
"Oct 12, 2023 17:38:15.109539",0.579245,12,0x2cae,0x482d,0x8863,242,,,,,,idle2.pcapng
"Oct 12, 2023 17:38:15.508002",0.398463,71,0xc8f0,0xffff,0x8841,11,0xc8f0,0xfffc,0x1209,,,idle2.pcapng
"Oct 12, 2023 17:38:17.221902",1.713900,77,0x482d,0xffff,0x8841,148,0x482d,0xfffc,0x1209,,,idle2.pcapng
"Oct 12, 2023 17:38:20.170987",2.949085,12,0x2cae,0x482d,0x8863,243,,,,,,idle2.pcapng
"Oct 12, 2023 17:38:20.171754",0.000767,5,,,0x0002,243,,,,,,idle2.pcapng
"Oct 12, 2023 17:38:25.170797",4.999043,12,0x2cae,0x482d,0x8863,244,,,,,,idle2.pcapng
"Oct 12, 2023 17:38:25.171564",0.000767,5,,,0x0002,244,,,,,,idle2.pcapng
"Oct 12, 2023 17:38:25.289059",0.117495,68,0xebe5,0xffff,0x8841,173,0xebe5,0xfffc,0x1209,,,idle2.pcapng
"Oct 12, 2023 17:38:25.373771",0.084712,74,0x09ac,0xffff,0x8841,177,0x09ac,0xfffc,0x1209,,,idle2.pcapng
"Oct 12, 2023 17:38:26.203635",0.829864,100,0x82eb,0xffff,0x8864,126,,,,,,idle2.pcapng
"Oct 12, 2023 17:38:26.754919",0.551284,74,0xa209,0xffff,0x884a,90,,,,,,idle2.pcapng
"Oct 12, 2023 17:38:26.792492",0.037573,72,,,,,,,,,,idle2.pcapng
"Oct 12, 2023 17:38:28.174585",1.382093,77,0x054f,0xffff,0x8841,146,0x054f,0xfffc,0x1209,,,idle2.pcapng
"Oct 12, 2023 17:38:28.552408",0.377823,77,0xe5c4,0xffff,0x8841,201,0xe5c4,0xfffc,0x1209,,,idle2.pcapng
"Oct 12, 2023 17:38:29.650372",1.097964,77,0xe694,0xffff,0x8841,210,0xe694,0xfffc,0x1209,,,idle2.pcapng
"Oct 12, 2023 17:38:30.235259",0.584887,12,0x2cae,0x482d,0x8863,245,,,,,,idle2.pcapng
"Oct 12, 2023 17:38:30.236026",0.000767,5,,,0x0002,245,,,,,,idle2.pcapng
"Oct 12, 2023 17:38:30.479200",0.243174,71,0xc8f0,0xffff,0x8841,12,0xc8f0,0xfffc,0x1209,,,idle2.pcapng
"Oct 12, 2023 17:38:30.930342",0.451142,77,0x0000,0xffff,0x8841,235,0x0000,0xfffc,0x1209,,,idle2.pcapng
"Oct 12, 2023 17:38:35.266617",4.336275,12,0x2cae,0x482d,0x8863,246,,,,,,idle2.pcapng
"Oct 12, 2023 17:38:35.294115",0.027498,107,0x482d,0xffff,0x886b,149,,,,,,idle2.pcapng
"Oct 12, 2023 17:38:40.267416",4.973301,12,0x2cae,0x482d,0x8863,247,,,,,,idle2.pcapng
"Oct 12, 2023 17:38:40.268184",0.000768,5,,,0x0002,247,,,,,,idle2.pcapng
"Oct 12, 2023 17:38:40.337060",0.068876,106,0xebe5,0xffff,0x886a,174,,,,,,idle2.pcapng
"Oct 12, 2023 17:38:41.202703",0.865643,77,0x82eb,0xffff,0x8841,127,0x82eb,0xfffc,0x1209,,,idle2.pcapng
"Oct 12, 2023 17:38:41.731670",0.528967,105,0x6e5f,0xffff,0x8869,24,,,,,,idle2.pcapng
"Oct 12, 2023 17:38:41.804252",0.072582,74,0xa209,0xffff,0x8841,91,0xa209,0xfffc,0x1209,,,idle2.pcapng
"Oct 12, 2023 17:38:41.812342",0.008090,74,0x09ac,0xffff,0x8841,178,0x09ac,0xfffc,0x1209,,,idle2.pcapng
"Oct 12, 2023 17:38:42.710967",,52,,,,,,,,,,idle2.pcapng
"Oct 12, 2023 17:38:42.712983",0.002016,5,,,0x0002,236,,,,,,idle2.pcapng
"Oct 12, 2023 17:38:42.721005",,63,,,,,,,,,,idle2.pcapng
"Oct 12, 2023 17:38:42.723404",0.002399,5,,,0x0002,211,,,,,,idle2.pcapng
"Oct 12, 2023 17:38:42.730751",,52,,,,,,,,,,idle2.pcapng
"Oct 12, 2023 17:38:42.732798",0.002047,5,,,0x0002,237,,,,,,idle2.pcapng
"Oct 12, 2023 17:38:42.736226",,52,,,,,,,,,,idle2.pcapng
"Oct 12, 2023 17:38:42.738241",0.002015,5,,,0x0002,150,,,,,,idle2.pcapng
"Oct 12, 2023 17:38:42.745860",,63,,,,,,,,,,idle2.pcapng
"Oct 12, 2023 17:38:42.748259",0.002399,5,,,0x0002,25,,,,,,idle2.pcapng
"Oct 12, 2023 17:38:42.763345",,54,,,,,,,,,,idle2.pcapng
"Oct 12, 2023 17:38:42.765426",0.002081,5,,,0x0002,238,,,,,,idle2.pcapng
"Oct 12, 2023 17:38:42.773858",,66,,,,,,,,,,idle2.pcapng
"Oct 12, 2023 17:38:42.776353",0.002495,5,,,0x0002,212,,,,,,idle2.pcapng
"Oct 12, 2023 17:38:42.783909",,45,,,,,,,,,,idle2.pcapng
"Oct 12, 2023 17:38:42.785690",0.001781,5,,,0x0002,239,,,,,,idle2.pcapng
"Oct 12, 2023 17:38:42.801170",,54,,,,,,,,,,idle2.pcapng
"Oct 12, 2023 17:38:42.809648",,54,,,,,,,,,,idle2.pcapng
"Oct 12, 2023 17:38:42.811729",0.002081,5,,,0x0002,151,,,,,,idle2.pcapng
"Oct 12, 2023 17:38:42.813585",,45,,,,,,,,,,idle2.pcapng
"Oct 12, 2023 17:38:42.815409",0.001824,5,,,0x0002,241,,,,,,idle2.pcapng
"Oct 12, 2023 17:38:42.818848",0.003439,45,0x482d,0x6e5f,0x8861,152,,,,,,idle2.pcapng
"Oct 12, 2023 17:38:42.822883",,54,,,,,,,,,,idle2.pcapng
"Oct 12, 2023 17:38:42.824818",,66,,,,,,,,,,idle2.pcapng
"Oct 12, 2023 17:38:42.827950",,54,,,,,,,,,,idle2.pcapng
"Oct 12, 2023 17:38:42.832855",,45,,,,,,,,,,idle2.pcapng
"Oct 12, 2023 17:38:42.834647",0.001792,5,,,0x0002,152,,,,,,idle2.pcapng
"Oct 12, 2023 17:38:42.836057",,54,,,,,,,,,,idle2.pcapng
"Oct 12, 2023 17:38:42.838137",0.002080,5,,,0x0002,92,,,,,,idle2.pcapng
"Oct 12, 2023 17:38:42.841074",0.002937,5,,,0x0002,26,,,,,,idle2.pcapng
"Oct 12, 2023 17:38:42.851234",0.010160,107,0xc8f0,0x0000,0x886b,13,,,,,,idle2.pcapng
"Oct 12, 2023 17:38:42.856489",0.005255,67,0xc8f0,0x000e,0x8843,13,,,,,,idle2.pcapng
"Oct 12, 2023 17:38:42.859087",0.002598,5,,,0x0002,27,,,,,,idle2.pcapng
"Oct 12, 2023 17:38:42.860538",,45,,,,,,,,,,idle2.pcapng
"Oct 12, 2023 17:38:42.862330",0.001792,5,,,0x0002,243,,,,,,idle2.pcapng
"Oct 12, 2023 17:38:42.869404",,66,,,,,,,,,,idle2.pcapng
"Oct 12, 2023 17:38:42.871899",0.002495,5,,,0x0002,14,,,,,,idle2.pcapng
"Oct 12, 2023 17:38:42.874537",0.002638,107,0xc8f0,0x0000,0x886b,14,,,,,,idle2.pcapng
"Oct 12, 2023 17:38:42.879796",,66,,,,,,,,,,idle2.pcapng
"Oct 12, 2023 17:38:42.882291",0.002495,5,,,0x0002,14,,,,,,idle2.pcapng
"Oct 12, 2023 17:38:42.887648",,52,,,,,,,,,,idle2.pcapng
"Oct 12, 2023 17:38:42.889695",0.002047,5,,,0x0002,244,,,,,,idle2.pcapng
"Oct 12, 2023 17:38:42.893154",,52,,,,,,,,,,idle2.pcapng
"Oct 12, 2023 17:38:42.895170",0.002016,5,,,0x0002,93,,,,,,idle2.pcapng
"Oct 12, 2023 17:38:42.900295",,45,,,,,,,,,,idle2.pcapng
"Oct 12, 2023 17:38:42.902118",0.001823,5,,,0x0002,245,,,,,,idle2.pcapng
"Oct 12, 2023 17:38:42.902794",0.000676,63,0xc8f0,0x0000,0x8861,15,,,,,,idle2.pcapng
"Oct 12, 2023 17:38:42.913212",,63,,,,,,,,,,idle2.pcapng
"Oct 12, 2023 17:38:42.915611",0.002399,5,,,0x0002,15,,,,,,idle2.pcapng
"Oct 12, 2023 17:38:42.917477",,45,,,,,,,,,,idle2.pcapng
"Oct 12, 2023 17:38:42.919300",0.001823,5,,,0x0002,246,,,,,,idle2.pcapng
"Oct 12, 2023 17:38:42.928210",,45,,,,,,,,,,idle2.pcapng
"Oct 12, 2023 17:38:42.930003",0.001793,5,,,0x0002,153,,,,,,idle2.pcapng
"Oct 12, 2023 17:38:42.932275",,45,,,,,,,,,,idle2.pcapng
"Oct 12, 2023 17:38:42.934098",0.001823,5,,,0x0044,23,,,,,,idle2.pcapng
"Oct 12, 2023 17:38:42.938048",,45,,,,,,,,,,idle2.pcapng
"Oct 12, 2023 17:38:42.939842",0.001794,5,,,0x0002,94,,,,,,idle2.pcapng
"Oct 12, 2023 17:38:42.941335",,45,,,,,,,,,,idle2.pcapng
"Oct 12, 2023 17:38:42.943126",0.001791,5,,,0x0002,154,,,,,,idle2.pcapng
"Oct 12, 2023 17:38:42.950171",,54,,,,,,,,,,idle2.pcapng
"Oct 12, 2023 17:38:42.952282",0.002111,5,,,0x0002,248,,,,,,idle2.pcapng
"Oct 12, 2023 17:38:42.964919",,45,,,,,,,,,,idle2.pcapng
"Oct 12, 2023 17:38:42.966742",0.001823,5,,,0x0002,249,,,,,,idle2.pcapng
"Oct 12, 2023 17:38:42.971424",,45,,,,,,,,,,idle2.pcapng
"Oct 12, 2023 17:38:42.973218",0.001794,5,,,0x0002,95,,,,,,idle2.pcapng
"Oct 12, 2023 17:38:43.464110",0.490892,77,0xe5c4,0xffff,0x8841,202,0xe5c4,0xfffc,0x1209,,,idle2.pcapng
"Oct 12, 2023 17:38:44.475823",1.011713,77,0x054f,0xffff,0x8841,147,0x054f,0xfffc,0x1209,,,idle2.pcapng
"Oct 12, 2023 17:38:44.605669",0.129846,77,0xe694,0xffff,0x8841,213,0xe694,0xfffc,0x1209,,,idle2.pcapng
"Oct 12, 2023 17:38:45.298201",,60,,,,,,,,,,idle2.pcapng
"Oct 12, 2023 17:38:45.300504",0.002303,5,,,0x0002,16,,,,,,idle2.pcapng
"Oct 12, 2023 17:38:45.328219",0.027715,12,0x2cae,0x482d,0x8863,248,,,,,,idle2.pcapng
"Oct 12, 2023 17:38:45.328987",0.000768,5,,,0x0002,248,,,,,,idle2.pcapng
"Oct 12, 2023 17:38:45.341172",,50,,,,,,,,,,idle2.pcapng
"Oct 12, 2023 17:38:45.343156",0.001984,5,,,0x0002,250,,,,,,idle2.pcapng
"Oct 12, 2023 17:38:45.347833",,50,,,,,,,,,,idle2.pcapng
"Oct 12, 2023 17:38:45.349774",0.001941,5,,,0x0002,96,,,,,,idle2.pcapng
"Oct 12, 2023 17:38:45.354874",0.005100,45,0xc8f0,0x0000,0x8861,45,,,,,,idle2.pcapng
"Oct 12, 2023 17:38:45.359641",0.004767,45,0xc8f0,0x0000,0x8861,17,,,,,,idle2.pcapng
"Oct 12, 2023 17:38:45.366152",0.006511,5,,,0x0002,17,,,,,,idle2.pcapng
"Oct 12, 2023 17:38:45.555291",0.189139,71,0xc8f0,0xffff,0x8841,18,0xc8f0,0xfffc,0x1209,,,idle2.pcapng
"Oct 12, 2023 17:38:48.450338",2.895047,77,0x0000,0xffff,0x8841,251,0x0000,0xfffc,0x1209,,,idle2.pcapng
"Oct 12, 2023 17:38:50.359859",1.909521,12,0x2cae,0x482d,0x8863,249,,,,,,idle2.pcapng
"Oct 12, 2023 17:38:50.360626",0.000767,5,,,0x0002,249,,,,,,idle2.pcapng
"Oct 12, 2023 17:38:52.937000",2.576374,77,0x482d,0xffff,0x8841,155,0x482d,0xfffc,0x1209,,,idle2.pcapng
"Oct 12, 2023 17:38:55.307858",2.370858,68,0xebe5,0xffff,0x8841,175,0xebe5,0xfffc,0x1209,,,idle2.pcapng
"Oct 12, 2023 17:38:55.360781",0.052923,12,0x2cae,0x482d,0x8863,250,,,,,,idle2.pcapng
"Oct 12, 2023 17:38:55.361548",0.000767,5,,,0x0002,250,,,,,,idle2.pcapng
"Oct 12, 2023 17:38:56.215848",0.854300,77,0x82eb,0xffff,0x8841,128,0x82eb,0xfffc,0x1209,,,idle2.pcapng
"Oct 12, 2023 17:38:56.837696",0.621848,74,0x6e5f,0xffff,0x8841,28,0x6e5f,0xfffc,0x1209,,,idle2.pcapng
"Oct 12, 2023 17:38:57.485787",0.648091,74,0x09ac,0xffff,0x8841,179,0x09ac,0xfffc,0x1209,,,idle2.pcapng
"Oct 12, 2023 17:38:59.472678",1.986891,31,,,0x0e1f,19,,,,,,idle2.pcapng
"Oct 12, 2023 17:38:59.577986",0.105308,77,0xe694,0xffff,0x8841,214,0xe694,0xfffc,0x1209,,,idle2.pcapng
"Oct 12, 2023 17:38:59.590059",0.012073,74,0xa209,0xffff,0x8841,97,0xa209,0xfffc,0x1209,,,idle2.pcapng
"Oct 12, 2023 17:38:59.793556",0.203497,77,0x054f,0xffff,0x8841,148,0x054f,0xfffc,0x1209,,,idle2.pcapng
"Oct 12, 2023 17:39:00.422374",0.628818,12,0x2cae,0x482d,0x8863,251,,,,,,idle2.pcapng
"Oct 12, 2023 17:39:00.423142",0.000768,5,,,0x0002,251,,,,,,idle2.pcapng
"Oct 12, 2023 17:39:00.483635",0.060493,71,0xc8f0,0xffff,0x8841,19,0xc8f0,0xfffc,0x1209,,,idle2.pcapng
"Oct 12, 2023 17:39:00.773199",0.289564,77,0xe5c4,0xffff,0x8841,203,0xe5c4,0xfffc,0x1209,,,idle2.pcapng
"Oct 12, 2023 17:39:03.481486",2.708287,77,0x0000,0xffff,0x8841,252,0x0000,0xfffc,0x1209,,,idle2.pcapng
"Oct 12, 2023 17:39:04.470308",,59,,,,,,,,,,idle2.pcapng
"Oct 12, 2023 17:39:04.472578",0.002270,5,,,0x0002,149,,,,,,idle2.pcapng
"Oct 12, 2023 17:39:04.487045",,45,,,,,,,,,,idle2.pcapng
"Oct 12, 2023 17:39:04.488833",0.001788,5,,,0x0002,253,,,,,,idle2.pcapng
"Oct 12, 2023 17:39:04.492539",,45,,,,,,,,,,idle2.pcapng
"Oct 12, 2023 17:39:04.494348",0.001809,5,,,0x0002,215,,,,,,idle2.pcapng
"Oct 12, 2023 17:39:04.515857",,49,,,,,,,,,,idle2.pcapng
"Oct 12, 2023 17:39:04.517766",0.001909,5,,,0x0002,254,,,,,,idle2.pcapng
"Oct 12, 2023 17:39:04.521585",,49,,,,,,,,,,idle2.pcapng
"Oct 12, 2023 17:39:04.523523",0.001938,5,,,0x0002,216,,,,,,idle2.pcapng
"Oct 12, 2023 17:39:04.527141",,45,,,,,,,,,,idle2.pcapng
"Oct 12, 2023 17:39:04.528964",0.001823,5,,,0x0002,150,,,,,,idle2.pcapng
"Oct 12, 2023 17:39:05.455493",0.926529,12,0x2cae,0x482d,0x8863,252,,,,,,idle2.pcapng
"Oct 12, 2023 17:39:10.340856",4.885363,77,0x482d,0xffff,0x8841,156,0x482d,0xfffc,0x1209,,,idle2.pcapng
"Oct 12, 2023 17:39:10.348503",0.007647,68,0xebe5,0xffff,0x8841,176,0xebe5,0xfffc,0x1209,,,idle2.pcapng
"Oct 12, 2023 17:39:10.485426",0.136923,12,0x2cae,0x4822,0x8863,253,,,,,,idle2.pcapng
"Oct 12, 2023 17:39:11.204997",0.719571,77,0x82eb,0xffff,0x8841,129,0x82eb,0xfffc,0x1209,,,idle2.pcapng
"Oct 12, 2023 17:39:11.842224",0.637227,74,0x6e5f,0xffff,0x8841,29,0x6e5f,0xfffc,0x1209,,,idle2.pcapng
"Oct 12, 2023 17:39:12.704905",,52,,,,,,,,,,idle2.pcapng
"Oct 12, 2023 17:39:12.706921",0.002016,5,,,0x0002,255,,,,,,idle2.pcapng
"Oct 12, 2023 17:39:12.714713",,63,,,,,,,,,,idle2.pcapng
"Oct 12, 2023 17:39:12.717112",0.002399,5,,,0x0002,217,,,,,,idle2.pcapng
"Oct 12, 2023 17:39:12.739632",,52,,,,,,,,,,idle2.pcapng
"Oct 12, 2023 17:39:12.744206",,52,,,,,,,,,,idle2.pcapng
"Oct 12, 2023 17:39:12.746221",0.002015,5,,,0x0002,157,,,,,,idle2.pcapng
"Oct 12, 2023 17:39:12.751934",,45,,,,,,,,,,idle2.pcapng
"Oct 12, 2023 17:39:12.753727",0.001793,5,,,0x0002,1,,,,,,idle2.pcapng
"Oct 12, 2023 17:39:12.759043",0.005316,63,0x6e5f,0x0000,0x8861,30,,,,,,idle2.pcapng
"Oct 12, 2023 17:39:12.764327",0.005284,63,0x6e5f,0x0000,0x8861,30,,,,,,idle2.pcapng
"Oct 12, 2023 17:39:12.766726",0.002399,5,,,0x0002,30,,,,,,idle2.pcapng
"Oct 12, 2023 17:39:12.771666",,54,,,,,,,,,,idle2.pcapng
"Oct 12, 2023 17:39:12.773747",0.002081,5,,,0x0002,2,,,,,,idle2.pcapng
"Oct 12, 2023 17:39:12.781662",,66,,,,,,,,,,idle2.pcapng
"Oct 12, 2023 17:39:12.784157",0.002495,5,,,0x0002,218,,,,,,idle2.pcapng
"Oct 12, 2023 17:39:12.805612",,54,,,,,,,,,,idle2.pcapng
"Oct 12, 2023 17:39:12.814276",,54,,,,,,,,,,idle2.pcapng
"Oct 12, 2023 17:39:12.816356",0.002080,5,,,0x0002,158,,,,,,idle2.pcapng
"Oct 12, 2023 17:39:12.818268",,45,,,,,,,,,,idle2.pcapng
"Oct 12, 2023 17:39:12.820091",0.001823,5,,,0x0002,4,,,,,,idle2.pcapng
"Oct 12, 2023 17:39:12.823808",0.003717,45,,,,,,,,,,idle2.pcapng
"Oct 12, 2023 17:39:12.828303",0.004495,45,0x7777,0x6e5f,0x8861,159,,,,,,idle2.pcapng
"Oct 12, 2023 17:39:12.832743",,45,,,,,,,,,,idle2.pcapng
"Oct 12, 2023 17:39:12.837776",0.005033,5,,,0x0002,31,,,,,,idle2.pcapng
"Oct 12, 2023 17:39:12.841134",,54,,,,,,,,,,idle2.pcapng
"Oct 12, 2023 17:39:12.843245",0.002111,5,,,0x0002,5,,,,,,idle2.pcapng
"Oct 12, 2023 17:39:12.845943",,54,,,,,,,,,,idle2.pcapng
"Oct 12, 2023 17:39:12.848016",0.002073,5,,,0x0002,98,,,,,,idle2.pcapng
"Oct 12, 2023 17:39:12.856396",,66,,,,,,,,,,idle2.pcapng
"Oct 12, 2023 17:39:12.858891",0.002495,5,,,0x0002,20,,,,,,idle2.pcapng
"Oct 12, 2023 17:39:12.859991",,45,,,,,,,,,,idle2.pcapng
"Oct 12, 2023 17:39:12.871750",,45,,,,,,,,,,idle2.pcapng
"Oct 12, 2023 17:39:12.873541",0.001791,5,,,0x0002,6,,,,,,idle2.pcapng
"Oct 12, 2023 17:39:12.880030",,52,,,,,,,,,,idle2.pcapng
"Oct 12, 2023 17:39:12.882077",0.002047,5,,,0x0002,7,,,,,,idle2.pcapng
"Oct 12, 2023 17:39:12.886633",,52,,,,,,,,,,idle2.pcapng
"Oct 12, 2023 17:39:12.888649",0.002016,5,,,0x0002,99,,,,,,idle2.pcapng
"Oct 12, 2023 17:39:12.892377",,45,,,,,,,,,,idle2.pcapng
"Oct 12, 2023 17:39:12.894200",0.001823,5,,,0x0002,8,,,,,,idle2.pcapng
"Oct 12, 2023 17:39:12.896340",,63,,,,,,,,,,idle2.pcapng
"Oct 12, 2023 17:39:12.898739",0.002399,5,,,0x0002,21,,,,,,idle2.pcapng
"Oct 12, 2023 17:39:12.900485",,45,,,,,,,,,,idle2.pcapng
"Oct 12, 2023 17:39:12.902276",0.001791,5,,,0x0002,160,,,,,,idle2.pcapng
"Oct 12, 2023 17:39:12.903039",,45,,,,,,,,,,idle2.pcapng
"Oct 12, 2023 17:39:12.904862",0.001823,5,,,0x0002,9,,,,,,idle2.pcapng
"Oct 12, 2023 17:39:12.910268",0.005406,5,,,0x0002,100,,,,,,idle2.pcapng
"Oct 12, 2023 17:39:12.914340",,45,,,,,,,,,,idle2.pcapng
"Oct 12, 2023 17:39:12.916163",0.001823,5,,,0x0002,10,,,,,,idle2.pcapng
"Oct 12, 2023 17:39:12.918571",,45,,,,,,,,,,idle2.pcapng
"Oct 12, 2023 17:39:12.920362",0.001791,5,,,0x0002,101,,,,,,idle2.pcapng
"Oct 12, 2023 17:39:14.358819",1.438457,74,0x09ac,0xffff,0x8841,180,0x09ac,0xfffc,0x1209,,,idle2.pcapng
"Oct 12, 2023 17:39:14.655476",0.296657,77,0xe694,0xffff,0x8841,219,0xe694,0xfffc,0x1209,,,idle2.pcapng
"Oct 12, 2023 17:39:15.362644",0.707168,77,0x054f,0xffff,0x8841,151,0x054f,0xfffc,0x1209,,,idle2.pcapng
"Oct 12, 2023 17:39:15.491620",0.128976,77,0xe5c4,0xffff,0x8841,204,0xe5c4,0xfffc,0x1209,,,idle2.pcapng
"Oct 12, 2023 17:39:15.526095",0.034475,56,,,0x2a38,165,,,,,,idle2.pcapng
"Oct 12, 2023 17:39:15.548088",0.021993,12,0x2cae,0x482d,0x8863,254,,,,,,idle2.pcapng
"Oct 12, 2023 17:39:15.548856",0.000768,5,,,0x0002,254,,,,,,idle2.pcapng
"Oct 12, 2023 17:39:17.740086",2.191230,77,0x0000,0xffff,0x8841,11,0x0000,0xfffc,0x1209,,,idle2.pcapng
"Oct 12, 2023 17:39:20.308657",,55,,,,,,,,,,idle2.pcapng
"Oct 12, 2023 17:39:20.310770",0.002113,5,,,0x0002,128,,,,,,idle2.pcapng
"Oct 12, 2023 17:39:20.314788",,55,,,,,,,,,,idle2.pcapng
"Oct 12, 2023 17:39:20.316931",0.002143,5,,,0x0002,220,,,,,,idle2.pcapng
"Oct 12, 2023 17:39:20.549208",0.232277,12,0x2cae,0x482d,0x8863,255,,,,,,idle2.pcapng
"Oct 12, 2023 17:39:20.549975",0.000767,5,,,0x0002,255,,,,,,idle2.pcapng
"Oct 12, 2023 17:39:21.531853",,100,,,,,,,,,,idle2.pcapng
"Oct 12, 2023 17:39:21.535396",0.003543,5,,,0x0002,129,,,,,,idle2.pcapng
"Oct 12, 2023 17:39:21.539661",,100,,,,,,,,,,idle2.pcapng
"Oct 12, 2023 17:39:21.543244",0.003583,5,,,0x0002,221,,,,,,idle2.pcapng
"Oct 12, 2023 17:39:22.042164",0.498920,12,0x61af,0xe694,0x8863,130,,,,,,idle2.pcapng
"Oct 12, 2023 17:39:22.042903",0.000739,5,,,0x0002,130,,,,,,idle2.pcapng
"Oct 12, 2023 17:39:25.271824",3.228921,107,0x482d,0xffff,0x886b,161,,,,,,idle2.pcapng
"Oct 12, 2023 17:39:25.330474",0.058650,68,0xebe5,0xffff,0x8841,177,0xebe5,0xfffc,0x1209,,,idle2.pcapng
"Oct 12, 2023 17:39:25.613864",0.283390,5,,,0x0002,0,,,,,,idle2.pcapng
"Oct 12, 2023 17:39:26.214996",0.601132,77,0x82eb,0xffff,0x8841,130,0x82eb,0xfffc,0x1209,,,idle2.pcapng
"Oct 12, 2023 17:39:26.857042",0.642046,74,0x6e5f,0xffff,0x8841,32,0x6e5f,0xfffc,0x1209,,,idle2.pcapng
"Oct 12, 2023 17:39:29.562870",2.705828,77,0xe694,0xffff,0x8841,222,0xe694,0xfffc,0x1209,,,idle2.pcapng
"Oct 12, 2023 17:39:30.547345",0.984475,71,0xc8f0,0xffff,0x8841,23,0xc8f0,0xfffc,0x1209,,,idle2.pcapng
"Oct 12, 2023 17:39:30.611542",0.064197,12,0x2cae,0x482d,0x8863,1,,,,,,idle2.pcapng
"Oct 12, 2023 17:39:30.612310",0.000768,5,,,,,,,,,,idle2.pcapng
"Oct 12, 2023 17:39:30.883509",0.271199,107,0x09ac,0xffff,0x886b,181,,,,,,idle2.pcapng
"Oct 12, 2023 17:39:31.566583",0.683074,77,0x054f,0xffff,0x8841,152,0x054f,0xfffc,0x1209,,,idle2.pcapng
"Oct 12, 2023 17:39:32.042714",0.476131,77,0xe5c4,0xffff,0x8841,205,0xe5c4,0xfffc,0x1209,,,idle2.pcapng
"Oct 12, 2023 17:39:33.274319",1.231605,77,0x0000,0xffff,0x8841,12,0x0000,0xfffc,0x1209,,,idle2.pcapng
"Oct 12, 2023 17:39:35.043225",1.768906,74,0xa209,0xffff,0x8841,103,0xa209,0xfffc,0x1209,,,idle2.pcapng
"Oct 12, 2023 17:39:35.611930",0.568705,12,0x2cae,0x482d,0x8863,2,,,,,,idle2.pcapng
"Oct 12, 2023 17:39:35.612698",0.000768,5,,,0x0002,2,,,,,,idle2.pcapng
"Oct 12, 2023 17:39:40.301131",4.688433,68,0xebe5,0xffff,0x8841,178,0xebe5,0xfffc,0x1209,,,idle2.pcapng
"Oct 12, 2023 17:39:40.673735",0.372604,12,0x2cae,0x482d,0x8863,3,,,,,,idle2.pcapng
"Oct 12, 2023 17:39:40.674502",0.000767,5,,,0x0002,3,,,,,,idle2.pcapng
"Oct 12, 2023 17:39:40.705929",0.031427,77,0x482d,0xffff,0x8841,162,0x482d,0xfffc,0x1209,,,idle2.pcapng
"Oct 12, 2023 17:39:41.222386",0.516457,77,0x82eb,0xffff,0x8841,131,0x82eb,0xfffc,0x1209,,,idle2.pcapng
"Oct 12, 2023 17:39:41.782101",0.559715,74,0x6e5f,0xffff,0x8841,33,0x6e5f,0xfffc,0x1209,,,idle2.pcapng
"Oct 12, 2023 17:39:42.707124",,52,,,,,,,,,,idle2.pcapng
"Oct 12, 2023 17:39:42.709140",0.002016,5,,,0x0002,13,,,,,,idle2.pcapng
"Oct 12, 2023 17:39:42.717528",,63,,,,,,,,,,idle2.pcapng
"Oct 12, 2023 17:39:42.719926",0.002398,5,,,0x0002,223,,,,,,idle2.pcapng
"Oct 12, 2023 17:39:42.742769",,52,,,,,,,,,,idle2.pcapng
"Oct 12, 2023 17:39:42.744816",0.002047,5,,,0x0002,14,,,,,,idle2.pcapng
"Oct 12, 2023 17:39:42.749543",,52,,,,,,,,,,idle2.pcapng
"Oct 12, 2023 17:39:42.751553",0.002010,5,,,0x0002,163,,,,,,idle2.pcapng
"Oct 12, 2023 17:39:42.755022",,45,,,,,,,,,,idle2.pcapng
"Oct 12, 2023 17:39:42.756813",0.001791,5,,,0x0002,15,,,,,,idle2.pcapng
"Oct 12, 2023 17:39:42.759199",,63,,,,,,,,,,idle2.pcapng
"Oct 12, 2023 17:39:42.761598",0.002399,5,,,0x0002,34,,,,,,idle2.pcapng
"Oct 12, 2023 17:39:42.774348",,54,,,,,,,,,,idle2.pcapng
"Oct 12, 2023 17:39:42.776417",0.002069,5,,,0x0002,16,,,,,,idle2.pcapng
"Oct 12, 2023 17:39:42.784579",,66,,,,,,,,,,idle2.pcapng
"Oct 12, 2023 17:39:42.787073",0.002494,5,,,0x0002,224,,,,,,idle2.pcapng
"Oct 12, 2023 17:39:42.803511",,45,,,,,,,,,,idle2.pcapng
"Oct 12, 2023 17:39:42.805334",0.001823,5,,,0x0002,17,,,,,,idle2.pcapng
"Oct 12, 2023 17:39:42.808960",0.003626,45,0x482d,0x6e5f,0x8861,164,,,,,,idle2.pcapng
"Oct 12, 2023 17:39:42.819965",,54,,,,,,,,,,idle2.pcapng
"Oct 12, 2023 17:39:42.822076",0.002111,5,,,0x0002,18,,,,,,idle2.pcapng
"Oct 12, 2023 17:39:42.825834",,54,,,,,,,,,,idle2.pcapng
"Oct 12, 2023 17:39:42.827914",0.002080,5,,,0x0002,165,,,,,,idle2.pcapng
"Oct 12, 2023 17:39:42.831474",,54,,,,,,,,,,idle2.pcapng
"Oct 12, 2023 17:39:42.833586",0.002112,5,,,0x0002,19,,,,,,idle2.pcapng
"Oct 12, 2023 17:39:42.835711",0.002125,107,0x3ebf,0x2604,0x886b,35,,,,,,idle2.pcapng
"Oct 12, 2023 17:39:42.838654",,54,,,,,,,,,,idle2.pcapng
"Oct 12, 2023 17:39:42.840736",0.002082,5,,,0x0002,104,,,,,,idle2.pcapng
"Oct 12, 2023 17:39:42.844930",,45,,,,,,,,,,idle2.pcapng
"Oct 12, 2023 17:39:42.846721",0.001791,5,,,0x0002,20,,,,,,idle2.pcapng
"Oct 12, 2023 17:39:42.851306",,52,,,,,,,,,,idle2.pcapng
"Oct 12, 2023 17:39:42.853821",,66,,,,,,,,,,idle2.pcapng
"Oct 12, 2023 17:39:42.856316",0.002495,5,,,0x0002,24,,,,,,idle2.pcapng
"Oct 12, 2023 17:39:42.859178",0.002862,107,0x775f,0x0000,0x886b,36,,,,,,idle2.pcapng
"Oct 12, 2023 17:39:42.861672",0.002494,5,,,0x0002,36,,,,,,idle2.pcapng
"Oct 12, 2023 17:39:42.862221",,52,,,,,,,,,,idle2.pcapng
"Oct 12, 2023 17:39:42.864304",0.002083,106,0x6e5f,0x0000,0x886a,36,,,,,,idle2.pcapng
"Oct 12, 2023 17:39:42.866799",0.002495,5,,,0x0002,36,,,,,,idle2.pcapng
"Oct 12, 2023 17:39:42.872607",,66,,,,,,,,,,idle2.pcapng
"Oct 12, 2023 17:39:42.877865",0.005258,61,,,0x883d,25,,,,,,idle2.pcapng
"Oct 12, 2023 17:39:42.881601",0.003736,52,0xa209,0xc8f0,0x8861,105,,,,,,idle2.pcapng
"Oct 12, 2023 17:39:42.887248",,45,,,,,,,,,,idle2.pcapng
"Oct 12, 2023 17:39:42.891367",,45,,,,,,,,,,idle2.pcapng
"Oct 12, 2023 17:39:42.895842",,45,,,,,,,,,,idle2.pcapng
"Oct 12, 2023 17:39:42.900766",0.004924,5,,,0x0002,37,,,,,,idle2.pcapng
"Oct 12, 2023 17:39:42.901296",0.000530,101,,,0x0065,136,,,,,,idle2.pcapng
"Oct 12, 2023 17:39:42.903791",0.002495,5,,,0x0002,26,,,,,,idle2.pcapng
"Oct 12, 2023 17:39:42.904745",0.000954,45,0xa209,0xc8f0,0x8861,106,,,,,,idle2.pcapng
"Oct 12, 2023 17:39:42.906562",,66,,,,,,,,,,idle2.pcapng
"Oct 12, 2023 17:39:42.909056",0.002494,5,,,0x0002,26,,,,,,idle2.pcapng
"Oct 12, 2023 17:39:42.910370",0.001314,45,0xa259,0xc8f0,0x8861,106,,,,,,idle2.pcapng
"Oct 12, 2023 17:39:42.912163",0.001793,5,,,0x0002,106,,,,,,idle2.pcapng
"Oct 12, 2023 17:39:42.925241",,52,,,,,,,,,,idle2.pcapng
"Oct 12, 2023 17:39:42.927247",0.002006,5,,,0x0002,107,,,,,,idle2.pcapng
"Oct 12, 2023 17:39:42.928537",,45,,,,,,,,,,idle2.pcapng
"Oct 12, 2023 17:39:42.930360",0.001823,5,,,0x0002,23,,,,,,idle2.pcapng
"Oct 12, 2023 17:39:42.934932",0.004572,45,0x482d,0x6e5f,0x8861,166,,,,,,idle2.pcapng
"Oct 12, 2023 17:39:42.939364",0.004432,45,0x482d,0x6e5f,0x8861,166,,,,,,idle2.pcapng
"Oct 12, 2023 17:39:42.945938",0.006574,45,,,0x6661,102,,,,,,idle2.pcapng
"Oct 12, 2023 17:39:42.950508",,52,,,,,,,,,,idle2.pcapng
"Oct 12, 2023 17:39:42.955577",,52,,,,,,,,,,idle2.pcapng
"Oct 12, 2023 17:39:42.957625",0.002048,5,,,0x0002,24,,,,,,idle2.pcapng
"Oct 12, 2023 17:39:42.964283",,63,,,,,,,,,,idle2.pcapng
"Oct 12, 2023 17:39:42.966682",0.002399,5,,,0x0002,28,,,,,,idle2.pcapng
"Oct 12, 2023 17:39:42.968352",,45,,,,,,,,,,idle2.pcapng
"Oct 12, 2023 17:39:42.970175",0.001823,5,,,0x0002,25,,,,,,idle2.pcapng
"Oct 12, 2023 17:39:42.972546",,45,,,,,,,,,,idle2.pcapng
"Oct 12, 2023 17:39:42.974329",0.001783,5,,,0x0002,167,,,,,,idle2.pcapng
"Oct 12, 2023 17:39:42.978858",,45,,,,,,,,,,idle2.pcapng
"Oct 12, 2023 17:39:42.980681",0.001823,5,,,0x0002,25,,,,,,idle2.pcapng
"Oct 12, 2023 17:39:42.985487",,45,,,,,,,,,,idle2.pcapng
"Oct 12, 2023 17:39:42.987310",0.001823,5,,,0x0002,26,,,,,,idle2.pcapng
"Oct 12, 2023 17:39:42.989396",,45,,,,,,,,,,idle2.pcapng
"Oct 12, 2023 17:39:42.991187",0.001791,5,,,0x0002,168,,,,,,idle2.pcapng
"Oct 12, 2023 17:39:42.992019",,45,,,,,,,,,,idle2.pcapng
"Oct 12, 2023 17:39:42.993810",0.001791,5,,,0x0002,108,,,,,,idle2.pcapng
"Oct 12, 2023 17:39:42.998427",,45,,,,,,,,,,idle2.pcapng
"Oct 12, 2023 17:39:43.000250",0.001823,5,,,0x0002,27,,,,,,idle2.pcapng
"Oct 12, 2023 17:39:43.004531",,45,,,,,,,,,,idle2.pcapng
"Oct 12, 2023 17:39:43.006354",0.001823,5,,,0x0002,28,,,,,,idle2.pcapng
"Oct 12, 2023 17:39:43.009006",,45,,,,,,,,,,idle2.pcapng
"Oct 12, 2023 17:39:43.010797",0.001791,5,,,0x0002,109,,,,,,idle2.pcapng
"Oct 12, 2023 17:39:44.559050",1.548253,77,0xe694,0xffff,0x8841,225,0xe694,0xfffc,0x1209,,,idle2.pcapng
"Oct 12, 2023 17:39:45.526248",0.967198,71,0xc8f0,0xffff,0x8841,29,0xc8f0,0xfffc,0x1209,,,idle2.pcapng
"Oct 12, 2023 17:39:45.673890",0.147642,12,0x2cae,0x482d,0x8863,4,,,,,,idle2.pcapng
"Oct 12, 2023 17:39:45.674657",0.000767,5,,,0x0002,4,,,,,,idle2.pcapng
"Oct 12, 2023 17:39:46.667173",0.992516,77,0x054f,0xffff,0x8841,153,0x054f,0xfffc,0x1209,,,idle2.pcapng
"Oct 12, 2023 17:39:46.829027",0.161854,74,0x09ac,0xffff,0x8841,182,0x09ac,0xfffc,0x1209,,,idle2.pcapng
"Oct 12, 2023 17:39:47.822249",0.993222,77,0xe5c4,0xffff,0x8841,206,0xe5c4,0xfffc,0x1209,,,idle2.pcapng
"Oct 12, 2023 17:39:49.630259",1.808010,77,0x0000,0xffff,0x8841,29,0x0000,0xfffc,0x1209,,,idle2.pcapng
"Oct 12, 2023 17:39:50.738883",1.108624,12,0x2cae,0x482d,0x8863,5,,,,,,idle2.pcapng
"Oct 12, 2023 17:39:50.739650",0.000767,5,,,0x0002,5,,,,,,idle2.pcapng
"Oct 12, 2023 17:39:51.087530",0.347880,74,0xa209,0xffff,0x8841,110,0xa209,0xfffc,0x1209,,,idle2.pcapng
"Oct 12, 2023 17:39:55.267242",4.179712,68,0xebe5,0xffff,0x8841,179,0xebe5,0xfffc,0x1209,,,idle2.pcapng
"Oct 12, 2023 17:39:55.770060",0.502818,12,0x2cae,0x482d,0x8863,6,,,,,,idle2.pcapng
"Oct 12, 2023 17:39:55.770827",0.000767,5,,,0x5a02,166,,,,,,idle2.pcapng
"Oct 12, 2023 17:39:56.037547",0.266720,77,0x482d,0xffff,0x8841,169,0x482d,0xfffc,0x1209,,,idle2.pcapng
"Oct 12, 2023 17:39:56.228175",0.190628,103,0x82eb,0xffff,0x8867,132,,,,,,idle2.pcapng
"Oct 12, 2023 17:39:56.773059",0.544884,74,0x6e5f,0xffff,0x8841,38,0x6e5f,0xfffc,0x1209,,,idle2.pcapng
"Oct 12, 2023 17:39:59.243504",,50,,,,,,,,,,idle2.pcapng
"Oct 12, 2023 17:39:59.245487",0.001983,5,,,0x0002,30,,,,,,idle2.pcapng
"Oct 12, 2023 17:39:59.251062",0.005575,55,0xa209,0x0000,0x8861,111,,,,,,idle2.pcapng
"Oct 12, 2023 17:39:59.254837",0.003775,55,0xa209,0x0000,0x8861,111,0xa209,0x0000,0x1a09,,,idle2.pcapng
"Oct 12, 2023 17:39:59.256980",0.002143,5,,,0x0002,111,,,,,,idle2.pcapng
"Oct 12, 2023 17:39:59.298855",0.041875,5,,,0x0002,112,,,,,,idle2.pcapng
"Oct 12, 2023 17:39:59.338686",,50,,,,,,,,,,idle2.pcapng
"Oct 12, 2023 17:39:59.340669",0.001983,5,,,0x0002,31,,,,,,idle2.pcapng
"Oct 12, 2023 17:39:59.345064",0.004395,55,0xa209,0x0000,0x8861,113,,,,,,idle2.pcapng
"Oct 12, 2023 17:39:59.347207",0.002143,5,,,0x0002,113,,,,,,idle2.pcapng
"Oct 12, 2023 17:39:59.393604",,53,,,,,,,,,,idle2.pcapng
"Oct 12, 2023 17:39:59.395683",0.002079,5,,,0x0002,114,,,,,,idle2.pcapng
"Oct 12, 2023 17:39:59.581923",0.186240,77,0xe694,0xffff,0x8841,226,0xe694,0xfffc,0x1209,,,idle2.pcapng
"Oct 12, 2023 17:40:00.566002",0.984079,71,0xc8f0,0xffff,0x8841,30,0xc8f0,0xfffc,0x1209,,,idle2.pcapng
"Oct 12, 2023 17:40:00.768214",0.202212,12,0x2cae,0x482d,0x8863,7,,,,,,idle2.pcapng
"Oct 12, 2023 17:40:00.768981",0.000767,5,,,0x0002,7,,,,,,idle2.pcapng
"Oct 12, 2023 17:40:01.102791",0.333810,77,0x054f,0xffff,0x8841,154,0x054f,0xfffc,0x1209,,,idle2.pcapng
"Oct 12, 2023 17:40:02.422489",1.319698,74,0x09ac,0xffff,0x8841,183,0x09ac,0xfffc,0x1209,,,idle2.pcapng
"Oct 12, 2023 17:40:04.528715",2.106226,77,0xe5c4,0xffff,0x8841,207,0xe5c4,0xfffc,0x1209,,,idle2.pcapng
"Oct 12, 2023 17:40:05.491281",0.962566,77,0x0000,0xffff,0x8841,32,0x0000,0xfffc,0x1209,,,idle2.pcapng
"Oct 12, 2023 17:40:05.833176",0.341895,12,0x2cae,0x482d,0x8863,8,,,,,,idle2.pcapng
"Oct 12, 2023 17:40:05.833943",0.000767,5,,,0x0002,8,,,,,,idle2.pcapng
"Oct 12, 2023 17:40:08.787941",2.953998,107,0xa209,0xffff,0x886b,115,,,,,,idle2.pcapng
"Oct 12, 2023 17:40:10.359999",1.572058,68,0xebe5,0xffff,0x8841,180,0xebe5,0xfffc,0x1209,,,idle2.pcapng
"Oct 12, 2023 17:40:10.863043",0.503044,12,0x2cae,0x482d,0x8863,9,,,,,,idle2.pcapng
"Oct 12, 2023 17:40:10.863810",0.000767,5,,,0x0002,9,,,,,,idle2.pcapng
"Oct 12, 2023 17:40:11.222763",0.358953,77,0x82eb,0xffff,0x8841,133,0x82eb,0xfffc,0x1209,,,idle2.pcapng
"Oct 12, 2023 17:40:11.782716",0.559953,74,0x6e5f,0xffff,0x8841,39,0x6e5f,0xfffc,0x1209,,,idle2.pcapng
"Oct 12, 2023 17:40:12.708451",,52,,,,,,,,,,idle2.pcapng
"Oct 12, 2023 17:40:12.710469",0.002018,5,,,0x0002,33,,,,,,idle2.pcapng
"Oct 12, 2023 17:40:12.718332",,63,,,,,,,,,,idle2.pcapng
"Oct 12, 2023 17:40:12.720730",0.002398,5,,,0x0002,227,,,,,,idle2.pcapng
"Oct 12, 2023 17:40:12.742994",,52,,,,,,,,,,idle2.pcapng
"Oct 12, 2023 17:40:12.745041",0.002047,5,,,0x0002,34,,,,,,idle2.pcapng
"Oct 12, 2023 17:40:12.748359",,52,,,,,,,,,,idle2.pcapng
"Oct 12, 2023 17:40:12.750376",0.002017,5,,,0x0002,170,,,,,,idle2.pcapng
"Oct 12, 2023 17:40:12.756716",,45,,,,,,,,,,idle2.pcapng
"Oct 12, 2023 17:40:12.758508",0.001792,5,,,0x0002,35,,,,,,idle2.pcapng
"Oct 12, 2023 17:40:12.763343",,63,,,,,,,,,,idle2.pcapng
"Oct 12, 2023 17:40:12.765742",0.002399,5,,,0x0002,40,,,,,,idle2.pcapng
"Oct 12, 2023 17:40:12.768617",0.002875,63,0x6e5f,0x0000,0x8861,40,,,,,,idle2.pcapng
"Oct 12, 2023 17:40:12.772179",,54,,,,,,,,,,idle2.pcapng
"Oct 12, 2023 17:40:12.774259",0.002080,5,,,0x0002,36,,,,,,idle2.pcapng
"Oct 12, 2023 17:40:12.781567",0.007308,63,0x6e5f,0x0000,0x8861,41,,,,,,idle2.pcapng
"Oct 12, 2023 17:40:12.786690",0.005123,63,0x6e5f,0x0000,0x8861,41,,,,,,idle2.pcapng
"Oct 12, 2023 17:40:12.791955",0.005265,63,0x6e5f,0x0000,0x8861,41,,,,,,idle2.pcapng
"Oct 12, 2023 17:40:12.796398",,54,,,,,,,,,,idle2.pcapng
"Oct 12, 2023 17:40:12.798815",,66,,,,,,,,,,idle2.pcapng
"Oct 12, 2023 17:40:12.802598",,54,,,,,,,,,,idle2.pcapng
"Oct 12, 2023 17:40:12.804710",0.002112,5,,,0x0002,101,,,,,,idle2.pcapng
"Oct 12, 2023 17:40:12.806717",,66,,,,,,,,,,idle2.pcapng
"Oct 12, 2023 17:40:12.810105",,54,,,,,,,,,,idle2.pcapng
"Oct 12, 2023 17:40:12.814035",,54,,,,,,,,,,idle2.pcapng
"Oct 12, 2023 17:40:12.817013",,66,,,,,,,,,,idle2.pcapng
"Oct 12, 2023 17:40:12.819507",0.002494,5,,,0x0002,229,,,,,,idle2.pcapng
"Oct 12, 2023 17:40:12.823035",0.003528,5,,,0x0002,42,,,,,,idle2.pcapng
"Oct 12, 2023 17:40:12.837204",,45,,,,,,,,,,idle2.pcapng
"Oct 12, 2023 17:40:12.843236",,45,,,,,,,,,,idle2.pcapng
"Oct 12, 2023 17:40:12.845022",0.001786,5,,,0x0002,172,,,,,,idle2.pcapng
"Oct 12, 2023 17:40:12.847503",,45,,,,,,,,,,idle2.pcapng
"Oct 12, 2023 17:40:12.849326",0.001823,5,,,0x0002,38,,,,,,idle2.pcapng
"Oct 12, 2023 17:40:12.855077",,54,,,,,,,,,,idle2.pcapng
"Oct 12, 2023 17:40:12.857189",0.002112,5,,,0x0002,39,,,,,,idle2.pcapng
"Oct 12, 2023 17:40:12.861188",,54,,,,,,,,,,idle2.pcapng
"Oct 12, 2023 17:40:12.863268",0.002080,5,,,0x0002,116,,,,,,idle2.pcapng
"Oct 12, 2023 17:40:12.866525",,52,,,,,,,,,,idle2.pcapng
"Oct 12, 2023 17:40:12.868686",0.002161,5,,,0x0002,173,,,,,,idle2.pcapng
"Oct 12, 2023 17:40:12.869624",,52,,,,,,,,,,idle2.pcapng
"Oct 12, 2023 17:40:12.874785",,52,,,,,,,,,,idle2.pcapng
"Oct 12, 2023 17:40:12.879729",,52,,,,,,,,,,idle2.pcapng
"Oct 12, 2023 17:40:12.885910",0.006181,52,0xa209,0xc8f0,0x8861,117,,,,,,idle2.pcapng
"Oct 12, 2023 17:40:12.890349",,52,,,,,,,,,,idle2.pcapng
"Oct 12, 2023 17:40:12.892186",0.001837,107,0x6e5f,0x0000,0x886b,43,,,,,,idle2.pcapng
"Oct 12, 2023 17:40:12.894681",0.002495,5,,,0x0002,43,,,,,,idle2.pcapng
"Oct 12, 2023 17:40:12.897478",,52,,,,,,,,,,idle2.pcapng
"Oct 12, 2023 17:40:12.899493",0.002015,5,,,0x0002,117,,,,,,idle2.pcapng
"Oct 12, 2023 17:40:12.899941",0.000448,107,0x6e5f,0x0000,0x886b,44,,,,,,idle2.pcapng
"Oct 12, 2023 17:40:12.902910",,45,,,,,,,,,,idle2.pcapng
"Oct 12, 2023 17:40:12.904691",0.001781,5,,,0x0002,41,,,,,,idle2.pcapng
"Oct 12, 2023 17:40:12.909407",0.004716,106,0xc8f0,0x0000,0x886a,32,,,,,,idle2.pcapng
"Oct 12, 2023 17:40:12.914041",,45,,,,,,,,,,idle2.pcapng
"Oct 12, 2023 17:40:12.922140",0.008099,5,,,0x0002,33,,,,,,idle2.pcapng
"Oct 12, 2023 17:40:12.928410",0.006270,108,0x78f0,0x0000,0x886c,34,,,,,,idle2.pcapng
"Oct 12, 2023 17:40:12.932315",,45,,,,,,,,,,idle2.pcapng
"Oct 12, 2023 17:40:12.938964",0.006649,107,,,0xe86b,34,,,,,,idle2.pcapng
"Oct 12, 2023 17:40:12.943564",,45,,,,,,,,,,idle2.pcapng
"Oct 12, 2023 17:40:12.945387",0.001823,5,,,0x0002,42,,,,,,idle2.pcapng
"Oct 12, 2023 17:40:12.946668",0.001281,108,0xc8f0,0x0000,0x886c,35,,,,,,idle2.pcapng
"Oct 12, 2023 17:40:12.949775",,45,,,,,,,,,,idle2.pcapng
"Oct 12, 2023 17:40:12.951568",0.001793,5,,,0x1002,113,,,,,,idle2.pcapng
"Oct 12, 2023 17:40:12.954937",0.003369,5,,,0x0002,46,,,,,,idle2.pcapng
"Oct 12, 2023 17:40:12.957121",,66,,,,,,,,,,idle2.pcapng
"Oct 12, 2023 17:40:12.959616",0.002495,5,,,0x0002,35,,,,,,idle2.pcapng
"Oct 12, 2023 17:40:12.960516",,54,,,,,,,,,,idle2.pcapng
"Oct 12, 2023 17:40:12.962628",0.002112,5,,,0x0002,43,,,,,,idle2.pcapng
"Oct 12, 2023 17:40:12.985551",,45,,,,,,,,,,idle2.pcapng
"Oct 12, 2023 17:40:12.990173",,45,,,,,,,,,,idle2.pcapng
"Oct 12, 2023 17:40:12.991957",0.001784,5,,,0x0002,175,,,,,,idle2.pcapng
"Oct 12, 2023 17:40:12.993737",,52,,,,,,,,,,idle2.pcapng
"Oct 12, 2023 17:40:12.995784",0.002047,5,,,0x0002,45,,,,,,idle2.pcapng
"Oct 12, 2023 17:40:13.006489",,45,,,,,,,,,,idle2.pcapng
"Oct 12, 2023 17:40:13.008312",0.001823,5,,,0x0002,46,,,,,,idle2.pcapng
"Oct 12, 2023 17:40:13.012492",,45,,,,,,,,,,idle2.pcapng
"Oct 12, 2023 17:40:13.014315",0.001823,5,,,0x0002,47,,,,,,idle2.pcapng
"Oct 12, 2023 17:40:13.016440",,45,,,,,,,,,,idle2.pcapng
"Oct 12, 2023 17:40:13.018232",0.001792,5,,,0x0002,118,,,,,,idle2.pcapng
"Oct 12, 2023 17:40:13.018982",,45,,,,,,,,,,idle2.pcapng
"Oct 12, 2023 17:40:13.020774",0.001792,5,,,0x0002,176,,,,,,idle2.pcapng
"Oct 12, 2023 17:40:13.029862",,45,,,,,,,,,,idle2.pcapng
"Oct 12, 2023 17:40:13.035642",,45,,,,,,,,,,idle2.pcapng
"Oct 12, 2023 17:40:13.037433",0.001791,5,,,0x0002,119,,,,,,idle2.pcapng
"Oct 12, 2023 17:40:13.793395",0.755962,106,0x482d,0xffff,0x886a,177,,,,,,idle2.pcapng
"Oct 12, 2023 17:40:14.569703",0.776308,77,0xe694,0xffff,0x8841,230,0xe694,0xfffc,0x1209,,,idle2.pcapng
"Oct 12, 2023 17:40:15.616258",1.046555,71,0xc8f0,0xffff,0x8841,36,0xc8f0,0xfffc,0x1209,,,idle2.pcapng
"Oct 12, 2023 17:40:15.864452",0.248194,12,0x2cae,0x482d,0x8863,10,,,,,,idle2.pcapng
"Oct 12, 2023 17:40:15.865220",0.000768,5,,,0x0002,10,,,,,,idle2.pcapng
"Oct 12, 2023 17:40:17.193419",1.328199,77,0x054f,0xffff,0x8841,155,0x054f,0xfffc,0x1209,,,idle2.pcapng
"Oct 12, 2023 17:40:18.952511",1.759092,74,0x09ac,0xffff,0x8841,184,0x09ac,0xfffc,0x1209,,,idle2.pcapng
"Oct 12, 2023 17:40:20.681470",1.728959,77,0xe5c4,0xffff,0x8841,208,0xe5c4,0xfffc,0x1209,,,idle2.pcapng
"Oct 12, 2023 17:40:20.926860",0.245390,12,0x2cae,0x482d,0x8863,11,,,,,,idle2.pcapng
"Oct 12, 2023 17:40:20.927628",0.000768,5,,,0x0002,11,,,,,,idle2.pcapng
"Oct 12, 2023 17:40:22.183678",1.256050,77,0x0000,0xffff,0x8841,49,0x0000,0xfffc,0x1209,,,idle2.pcapng
"Oct 12, 2023 17:40:23.749058",1.565380,74,0xa209,0xffff,0x8841,120,0xa209,0xfffc,0x1209,,,idle2.pcapng
"Oct 12, 2023 17:40:25.252886",1.503828,68,0xebe5,0xffff,0x8841,181,0xebe5,0xfffc,0x1209,,,idle2.pcapng
"Oct 12, 2023 17:40:25.927335",0.674449,12,0x2cae,0x482d,0x8863,12,,,,,,idle2.pcapng
"Oct 12, 2023 17:40:25.928102",0.000767,5,,,0x0002,12,,,,,,idle2.pcapng
"Oct 12, 2023 17:40:26.225671",0.297569,77,0x82eb,0xffff,0x8841,134,0x82eb,0xfffc,0x1209,,,idle2.pcapng
"Oct 12, 2023 17:40:26.784955",0.559284,74,0x6e5f,0xffff,0x8841,47,0x6e5f,0xfffc,0x1209,,,idle2.pcapng
"Oct 12, 2023 17:40:29.683746",2.898791,77,0xe694,0xffff,0x8841,231,0xe694,0xfffc,0x1209,,,idle2.pcapng
"Oct 12, 2023 17:40:30.542267",0.858521,71,0xc8f0,0xffff,0x8841,37,0xc8f0,0xfffc,0x1209,,,idle2.pcapng
"Oct 12, 2023 17:40:30.920508",0.378241,77,0x482d,0xffff,0x8841,178,0x482d,0xfffc,0x1209,,,idle2.pcapng
"Oct 12, 2023 17:40:30.958197",0.037689,12,0x2cae,0x482d,0x8863,13,,,,,,idle2.pcapng
"Oct 12, 2023 17:40:30.958964",0.000767,5,,,0x0002,13,,,,,,idle2.pcapng
"Oct 12, 2023 17:40:31.749378",0.790414,77,0x054f,0xffff,0x8841,156,0x054f,0xfffc,0x1209,,,idle2.pcapng
"Oct 12, 2023 17:40:34.839973",3.090595,77,0xe5c4,0xffff,0x8841,209,0xe5c4,0xfffc,0x1209,,,idle2.pcapng
"Oct 12, 2023 17:40:34.866172",0.026199,74,0x09ac,0xffff,0x8841,185,0x09ac,0xfffc,0x1209,,,idle2.pcapng
"Oct 12, 2023 17:40:36.021705",1.155533,12,0x2cae,0x482d,0x8863,14,,,,,,idle2.pcapng
"Oct 12, 2023 17:40:36.080932",,60,,,,,,,,,,idle2.pcapng
"Oct 12, 2023 17:40:36.083235",0.002303,5,,,0x0002,232,,,,,,idle2.pcapng
"Oct 12, 2023 17:40:36.124206",,50,,,,,,,,,,idle2.pcapng
"Oct 12, 2023 17:40:36.126158",0.001952,5,,,0x0002,50,,,,,,idle2.pcapng
"Oct 12, 2023 17:40:36.131410",,45,,,,,,,,,,idle2.pcapng
"Oct 12, 2023 17:40:36.133233",0.001823,5,,,0x0002,233,,,,,,idle2.pcapng
"Oct 12, 2023 17:40:40.194058",4.060825,77,0x0000,0xffff,0x8841,51,0x0000,0xfffc,0x1209,,,idle2.pcapng
"Oct 12, 2023 17:40:40.365704",0.171646,68,0xebe5,0xffff,0x8841,182,0xebe5,0xfffc,0x1209,,,idle2.pcapng
"Oct 12, 2023 17:40:41.019714",0.654010,12,0x2cae,0x482d,0x8863,15,,,,,,idle2.pcapng
"Oct 12, 2023 17:40:41.020482",0.000768,5,,,0x0002,15,,,,,,idle2.pcapng
"Oct 12, 2023 17:40:41.156488",0.136006,71,0xa209,0xffff,0x8841,121,0xa209,0xfffc,0x1209,,,idle2.pcapng
"Oct 12, 2023 17:40:41.219619",0.063131,77,0x82eb,0xffff,0x8841,135,0x82eb,0xfffc,0x1209,,,idle2.pcapng
"Oct 12, 2023 17:40:41.815770",0.596151,74,0x6e5f,0xffff,0x8841,48,0x6e5f,0xfffc,0x1209,,,idle2.pcapng
"Oct 12, 2023 17:40:42.711533",,52,,,,,,,,,,idle2.pcapng
"Oct 12, 2023 17:40:42.713550",0.002017,5,,,0x0002,52,,,,,,idle2.pcapng
"Oct 12, 2023 17:40:42.721331",,63,,,,,,,,,,idle2.pcapng
"Oct 12, 2023 17:40:42.723730",0.002399,5,,,0x0002,234,,,,,,idle2.pcapng
"Oct 12, 2023 17:40:42.747785",,52,,,,,,,,,,idle2.pcapng
"Oct 12, 2023 17:40:42.749832",0.002047,5,,,0x0002,53,,,,,,idle2.pcapng
"Oct 12, 2023 17:40:42.753463",,52,,,,,,,,,,idle2.pcapng
"Oct 12, 2023 17:40:42.755469",0.002006,5,,,0x0002,179,,,,,,idle2.pcapng
"Oct 12, 2023 17:40:42.760551",,45,,,,,,,,,,idle2.pcapng
"Oct 12, 2023 17:40:42.762343",0.001792,5,,,0x0002,54,,,,,,idle2.pcapng
"Oct 12, 2023 17:40:42.763254",,63,,,,,,,,,,idle2.pcapng
"Oct 12, 2023 17:40:42.765653",0.002399,5,,,0x0002,49,,,,,,idle2.pcapng
"Oct 12, 2023 17:40:42.776061",,54,,,,,,,,,,idle2.pcapng
"Oct 12, 2023 17:40:42.778130",0.002069,5,,,0x0002,55,,,,,,idle2.pcapng
"Oct 12, 2023 17:40:42.786010",,66,,,,,,,,,,idle2.pcapng
"Oct 12, 2023 17:40:42.788505",0.002495,5,,,0x0002,235,,,,,,idle2.pcapng
"Oct 12, 2023 17:40:42.810089",,54,,,,,,,,,,idle2.pcapng
"Oct 12, 2023 17:40:42.812200",0.002111,5,,,0x0002,56,,,,,,idle2.pcapng
"Oct 12, 2023 17:40:42.816344",,54,,,,,,,,,,idle2.pcapng
"Oct 12, 2023 17:40:42.818424",0.002080,5,,,0x0002,180,,,,,,idle2.pcapng
"Oct 12, 2023 17:40:42.824873",,45,,,,,,,,,,idle2.pcapng
"Oct 12, 2023 17:40:42.830138",,45,,,,,,,,,,idle2.pcapng
"Oct 12, 2023 17:40:42.835333",,45,,,,,,,,,,idle2.pcapng
"Oct 12, 2023 17:40:42.839763",,45,,,,,,,,,,idle2.pcapng
"Oct 12, 2023 17:40:42.841586",0.001823,5,,,0x0002,57,,,,,,idle2.pcapng
"Oct 12, 2023 17:40:42.846147",,45,,,,,,,,,,idle2.pcapng
"Oct 12, 2023 17:40:42.847928",0.001781,5,,,0x0002,181,,,,,,idle2.pcapng
"Oct 12, 2023 17:40:42.850017",,66,,,,,,,,,,idle2.pcapng
"Oct 12, 2023 17:40:42.852512",0.002495,5,,,0x0002,51,,,,,,idle2.pcapng
"Oct 12, 2023 17:40:42.856599",,54,,,,,,,,,,idle2.pcapng
"Oct 12, 2023 17:40:42.858710",0.002111,5,,,0x0002,58,,,,,,idle2.pcapng
"Oct 12, 2023 17:40:42.863524",,54,,,,,,,,,,idle2.pcapng
"Oct 12, 2023 17:40:42.865604",0.002080,5,,,0x0002,122,,,,,,idle2.pcapng
"Oct 12, 2023 17:40:42.872559",,45,,,,,,,,,,idle2.pcapng
"Oct 12, 2023 17:40:42.874351",0.001792,5,,,0x0002,59,,,,,,idle2.pcapng
"Oct 12, 2023 17:40:42.878662",,66,,,,,,,,,,idle2.pcapng
"Oct 12, 2023 17:40:42.881157",0.002495,5,,,0x0002,38,,,,,,idle2.pcapng
"Oct 12, 2023 17:40:42.882104",,52,,,,,,,,,,idle2.pcapng
"Oct 12, 2023 17:40:42.883928",,66,,,,,,,,,,idle2.pcapng
"Oct 12, 2023 17:40:42.889187",,66,,,,,,,,,,idle2.pcapng
"Oct 12, 2023 17:40:42.891682",0.002495,5,,,0x0002,38,,,,,,idle2.pcapng
"Oct 12, 2023 17:40:42.895442",,52,,,,,,,,,,idle2.pcapng
"Oct 12, 2023 17:40:42.899784",,52,,,,,,,,,,idle2.pcapng
"Oct 12, 2023 17:40:42.901830",0.002046,5,,,0x0202,57,,,,,,idle2.pcapng
"Oct 12, 2023 17:40:42.905483",0.003653,52,0xa209,0xc8f0,0x8861,123,,,,,,idle2.pcapng
"Oct 12, 2023 17:40:42.907290",,66,,,,,,,,,,idle2.pcapng
"Oct 12, 2023 17:40:42.911907",0.004617,52,0xa209,0xc8f0,0x8861,123,,,,,,idle2.pcapng
"Oct 12, 2023 17:40:42.915459",,45,,,,,,,,,,idle2.pcapng
"Oct 12, 2023 17:40:42.917281",0.001822,5,,,0x0002,61,,,,,,idle2.pcapng
"Oct 12, 2023 17:40:42.919738",0.002457,52,0xa209,0xc8f0,0x8861,123,,,,,,idle2.pcapng
"Oct 12, 2023 17:40:42.926537",,66,,,,,,,,,,idle2.pcapng
"Oct 12, 2023 17:40:42.929032",0.002495,5,,,0x0002,40,,,,,,idle2.pcapng
"Oct 12, 2023 17:40:42.932784",,45,,,,,,,,,,idle2.pcapng
"Oct 12, 2023 17:40:42.934607",0.001823,5,,,0x0002,62,,,,,,idle2.pcapng
"Oct 12, 2023 17:40:42.943641",,45,,,,,,,,,,idle2.pcapng
"Oct 12, 2023 17:40:42.945464",0.001823,5,,,0x0002,63,,,,,,idle2.pcapng
"Oct 12, 2023 17:40:42.948169",,45,,,,,,,,,,idle2.pcapng
"Oct 12, 2023 17:40:42.949952",0.001783,5,,,0x0002,124,,,,,,idle2.pcapng
"Oct 12, 2023 17:40:42.950943",,45,,,,,,,,,,idle2.pcapng
"Oct 12, 2023 17:40:42.952766",0.001823,5,,,0x0002,64,,,,,,idle2.pcapng
"Oct 12, 2023 17:40:42.955278",,45,,,,,,,,,,idle2.pcapng
"Oct 12, 2023 17:40:42.957073",0.001795,5,,,0x0002,125,,,,,,idle2.pcapng
"Oct 12, 2023 17:40:42.969703",,52,,,,,,,,,,idle2.pcapng
"Oct 12, 2023 17:40:42.971719",0.002016,5,,,0x0002,126,,,,,,idle2.pcapng
"Oct 12, 2023 17:40:42.976274",0.004555,45,0x482d,0x6e5f,0x8861,183,,,,,,idle2.pcapng
"Oct 12, 2023 17:40:42.978068",0.001794,5,,,0x0002,183,,,,,,idle2.pcapng
"Oct 12, 2023 17:40:42.980320",,63,,,,,,,,,,idle2.pcapng
"Oct 12, 2023 17:40:42.982719",0.002399,5,,,0x0002,41,,,,,,idle2.pcapng
"Oct 12, 2023 17:40:42.997668",,45,,,,,,,,,,idle2.pcapng
"Oct 12, 2023 17:40:42.999491",0.001823,5,,,0x0002,65,,,,,,idle2.pcapng
"Oct 12, 2023 17:40:43.003261",,45,,,,,,,,,,idle2.pcapng
"Oct 12, 2023 17:40:43.005043",0.001782,5,,,0x0002,127,,,,,,idle2.pcapng
"Oct 12, 2023 17:40:44.642326",1.637283,77,0xe694,0xffff,0x8841,236,0xe694,0xfffc,0x1209,,,idle2.pcapng
"Oct 12, 2023 17:40:45.552062",0.909736,71,0xc8f0,0xffff,0x8841,42,0xc8f0,0xfffc,0x1209,,,idle2.pcapng
"Oct 12, 2023 17:40:46.052811",0.500749,12,0x2cae,0x482d,0x8863,16,,,,,,idle2.pcapng
"Oct 12, 2023 17:40:46.053578",0.000767,5,,,0x0002,16,,,,,,idle2.pcapng
"Oct 12, 2023 17:40:48.255030",2.201452,77,0x054f,0xffff,0x8841,157,0x054f,0xfffc,0x1209,,,idle2.pcapng
"Oct 12, 2023 17:40:48.768769",0.513739,77,0x482d,0xffff,0x8841,184,0x482d,0xfffc,0x1209,,,idle2.pcapng
"Oct 12, 2023 17:40:49.326636",0.557867,77,0xe5c4,0xffff,0x8841,210,0xe5c4,0xfffc,0x1209,,,idle2.pcapng
"Oct 12, 2023 17:40:50.047953",0.721317,74,0x09ac,0xffff,0x8841,186,0x09ac,0xfffc,0x1209,,,idle2.pcapng
"Oct 12, 2023 17:40:51.114894",1.066941,12,0x2cae,0x482d,0x8863,17,,,,,,idle2.pcapng
"Oct 12, 2023 17:40:54.609390",,50,,,,,,,,,,idle2.pcapng
"Oct 12, 2023 17:40:54.611373",0.001983,5,,,0x0002,66,,,,,,idle2.pcapng
"Oct 12, 2023 17:40:54.615959",0.004586,55,0x482d,0x0000,0x8861,185,0x482d,0x0000,0x1a09,,,idle2.pcapng
"Oct 12, 2023 17:40:54.618102",0.002143,5,,,0x0002,185,,,,,,idle2.pcapng
"Oct 12, 2023 17:40:54.671114",,53,,,,,,,,,,idle2.pcapng
"Oct 12, 2023 17:40:54.673193",0.002079,5,,,0x0002,186,,,,,,idle2.pcapng
"Oct 12, 2023 17:40:54.715359",,50,,,,,,,,,,idle2.pcapng
"Oct 12, 2023 17:40:54.718655",,50,,,,,,,,,,idle2.pcapng
"Oct 12, 2023 17:40:54.720638",0.001983,5,,,0x0002,67,,,,,,idle2.pcapng
"Oct 12, 2023 17:40:54.726307",0.005669,55,0x482d,0x0000,0x8861,187,0x482d,0x0000,0x1a09,,,idle2.pcapng
"Oct 12, 2023 17:40:54.728449",0.002142,5,,,0x0002,187,,,,,,idle2.pcapng
"Oct 12, 2023 17:40:54.773932",,53,,,,,,,,,,idle2.pcapng
"Oct 12, 2023 17:40:54.777686",,53,,,,,,,,,,idle2.pcapng
"Oct 12, 2023 17:40:54.779765",0.002079,5,,,0x0002,188,,,,,,idle2.pcapng
"Oct 12, 2023 17:40:55.262569",0.482804,68,0xebe5,0xffff,0x8841,183,0xebe5,0xfffc,0x1209,,,idle2.pcapng
"Oct 12, 2023 17:40:55.819635",0.557066,74,0xa209,0xffff,0x8841,128,0xa209,0xfffc,0x1209,,,idle2.pcapng
"Oct 12, 2023 17:40:56.115953",0.296318,12,0x2cae,0x482d,0x8863,18,,,,,,idle2.pcapng
"Oct 12, 2023 17:40:56.116720",0.000767,5,,,0x0002,18,,,,,,idle2.pcapng
"Oct 12, 2023 17:40:56.220287",0.103567,77,0x82eb,0xffff,0x8841,136,0x82eb,0xfffc,0x1209,,,idle2.pcapng
"Oct 12, 2023 17:40:56.761558",0.541271,74,0x6e5f,0xffff,0x8841,52,0x6e5f,0xfffc,0x1209,,,idle2.pcapng
"Oct 12, 2023 17:40:57.752123",0.990565,77,0x0000,0xffff,0x8841,68,0x0000,0xfffc,0x1209,,,idle2.pcapng
"Oct 12, 2023 17:40:57.928100",,60,,,,,,,,,,idle2.pcapng
"Oct 12, 2023 17:40:57.930402",0.002302,5,,,0x0002,53,,,,,,idle2.pcapng
"Oct 12, 2023 17:40:57.971750",,50,,,,,,,,,,idle2.pcapng
"Oct 12, 2023 17:40:57.973733",0.001983,5,,,0x0002,69,,,,,,idle2.pcapng
"Oct 12, 2023 17:40:57.982320",0.008587,50,0x482d,0x6e5f,0x8861,189,,,,,,idle2.pcapng
"Oct 12, 2023 17:40:57.984272",0.001952,5,,,0x0002,189,,,,,,idle2.pcapng
"Oct 12, 2023 17:40:57.989572",,45,,,,,,,,,,idle2.pcapng
"Oct 12, 2023 17:40:57.991395",0.001823,5,,,0x0002,54,,,,,,idle2.pcapng
"Oct 12, 2023 17:40:59.608954",1.617559,77,0xe694,0xffff,0x8841,237,0xe694,0xfffc,0x1209,,,idle2.pcapng
"Oct 12, 2023 17:41:00.529905",0.920951,71,0xc8f0,0xffff,0x8841,43,0xc8f0,0xfffc,0x1209,,,idle2.pcapng
"Oct 12, 2023 17:41:01.146876",0.616971,12,0x2cae,0x482d,0x8863,19,,,,,,idle2.pcapng
"Oct 12, 2023 17:41:01.147643",0.000767,5,,,0x0002,19,,,,,,idle2.pcapng
"Oct 12, 2023 17:41:04.378529",3.230886,77,0x054f,0xffff,0x8841,158,0x054f,0xfffc,0x1209,,,idle2.pcapng
"Oct 12, 2023 17:41:05.165944",0.787415,77,0xe5c4,0xffff,0x8841,211,0xe5c4,0xfffc,0x1209,,,idle2.pcapng
"Oct 12, 2023 17:41:06.092842",0.926898,77,0x482d,0xffff,0x8841,190,0x482d,0xfffc,0x1209,,,idle2.pcapng
"Oct 12, 2023 17:41:06.177235",0.084393,12,0x2cae,0x482d,0x8863,20,,,,,,idle2.pcapng
"Oct 12, 2023 17:41:06.178003",0.000768,5,,,0x0002,20,,,,,,idle2.pcapng
"Oct 12, 2023 17:41:07.729899",1.551896,74,0x09ac,0xffff,0x8841,187,0x09ac,0xfffc,0x1209,,,idle2.pcapng
"Oct 12, 2023 17:41:10.155947",2.426048,74,0xa209,0xffff,0x8841,129,0xa209,0xfffc,0x1209,,,idle2.pcapng
"Oct 12, 2023 17:41:10.316392",0.160445,68,0xebe5,0xffff,0x8841,184,0xebe5,0xfffc,0x1209,,,idle2.pcapng
"Oct 12, 2023 17:41:11.209088",0.892696,12,0x2cae,0x482d,0x8863,21,,,,,,idle2.pcapng
"Oct 12, 2023 17:41:11.209856",0.000768,5,,,0x0002,21,,,,,,idle2.pcapng
"Oct 12, 2023 17:41:11.219996",0.010140,77,0x82eb,0xffff,0x8841,137,0x82eb,0xfffc,0x1209,,,idle2.pcapng
"Oct 12, 2023 17:41:11.784256",0.564260,74,0x6e5f,0xffff,0x8841,55,0x6e5f,0xfffc,0x1209,,,idle2.pcapng
"Oct 12, 2023 17:41:12.713611",,52,,,,,,,,,,idle2.pcapng
"Oct 12, 2023 17:41:12.715615",0.002004,5,,,0x0002,70,,,,,,idle2.pcapng
"Oct 12, 2023 17:41:12.723381",,63,,,,,,,,,,idle2.pcapng
"Oct 12, 2023 17:41:12.725780",0.002399,5,,,0x0002,238,,,,,,idle2.pcapng
"Oct 12, 2023 17:41:12.747829",,52,,,,,,,,,,idle2.pcapng
"Oct 12, 2023 17:41:12.749876",0.002047,5,,,0x0002,71,,,,,,idle2.pcapng
"Oct 12, 2023 17:41:12.753647",,52,,,,,,,,,,idle2.pcapng
"Oct 12, 2023 17:41:12.755662",0.002015,5,,,0x0002,191,,,,,,idle2.pcapng
"Oct 12, 2023 17:41:12.759993",,45,,,,,,,,,,idle2.pcapng
"Oct 12, 2023 17:41:12.761780",0.001787,5,,,0x0002,72,,,,,,idle2.pcapng
"Oct 12, 2023 17:41:12.763356",,63,,,,,,,,,,idle2.pcapng
"Oct 12, 2023 17:41:12.765755",0.002399,5,,,0x0002,56,,,,,,idle2.pcapng
"Oct 12, 2023 17:41:12.775529",,54,,,,,,,,,,idle2.pcapng
"Oct 12, 2023 17:41:12.777601",0.002072,5,,,0x0002,73,,,,,,idle2.pcapng
"Oct 12, 2023 17:41:12.785443",,66,,,,,,,,,,idle2.pcapng
"Oct 12, 2023 17:41:12.787938",0.002495,5,,,0x0002,239,,,,,,idle2.pcapng
"Oct 12, 2023 17:41:12.810512",,54,,,,,,,,,,idle2.pcapng
"Oct 12, 2023 17:41:12.812623",0.002111,5,,,0x0002,74,,,,,,idle2.pcapng
"Oct 12, 2023 17:41:12.815807",,54,,,,,,,,,,idle2.pcapng
"Oct 12, 2023 17:41:12.817889",0.002082,5,,,0x0002,192,,,,,,idle2.pcapng
"Oct 12, 2023 17:41:12.828259",0.010370,5,,,0x0002,57,,,,,,idle2.pcapng
"Oct 12, 2023 17:41:12.831006",,45,,,,,,,,,,idle2.pcapng
"Oct 12, 2023 17:41:12.832829",0.001823,5,,,0x0002,75,,,,,,idle2.pcapng
"Oct 12, 2023 17:41:12.837228",,45,,,,,,,,,,idle2.pcapng
"Oct 12, 2023 17:41:12.839011",0.001783,5,,,0x0002,193,,,,,,idle2.pcapng
"Oct 12, 2023 17:41:12.844860",,54,,,,,,,,,,idle2.pcapng
"Oct 12, 2023 17:41:12.846972",0.002112,5,,,0x0002,76,,,,,,idle2.pcapng
"Oct 12, 2023 17:41:12.851796",,54,,,,,,,,,,idle2.pcapng
"Oct 12, 2023 17:41:12.853875",0.002079,5,,,0x0002,130,,,,,,idle2.pcapng
"Oct 12, 2023 17:41:12.857122",,45,,,,,,,,,,idle2.pcapng
"Oct 12, 2023 17:41:12.858916",0.001794,5,,,0x0002,77,,,,,,idle2.pcapng
"Oct 12, 2023 17:41:12.861636",,66,,,,,,,,,,idle2.pcapng
"Oct 12, 2023 17:41:12.864131",0.002495,5,,,0x0002,44,,,,,,idle2.pcapng
"Oct 12, 2023 17:41:12.865464",,52,,,,,,,,,,idle2.pcapng
"Oct 12, 2023 17:41:12.867511",0.002047,5,,,0x0002,78,,,,,,idle2.pcapng
"Oct 12, 2023 17:41:12.870565",,52,,,,,,,,,,idle2.pcapng
"Oct 12, 2023 17:41:12.872581",0.002016,5,,,0x0002,131,,,,,,idle2.pcapng
"Oct 12, 2023 17:41:12.880390",0.007809,63,0xc8f0,0x0000,0x8861,45,,,,,,idle2.pcapng
"Oct 12, 2023 17:41:12.883355",,45,,,,,,,,,,idle2.pcapng
"Oct 12, 2023 17:41:12.885178",0.001823,5,,,0x0002,72,,,,,,idle2.pcapng
"Oct 12, 2023 17:41:12.885530",,63,,,,,,,,,,idle2.pcapng
"Oct 12, 2023 17:41:12.887929",0.002399,5,,,0x0002,45,,,,,,idle2.pcapng
"Oct 12, 2023 17:41:12.889335",0.001406,45,0x482d,0x6e5f,0x8861,194,,,,,,idle2.pcapng
"Oct 12, 2023 17:41:12.895847",0.006512,45,0x482d,0x1e3f,0x8861,101,,,,,,idle2.pcapng
"Oct 12, 2023 17:41:12.899067",,45,,,,,,,,,,idle2.pcapng
"Oct 12, 2023 17:41:12.900860",0.001793,5,,,0x0002,194,,,,,,idle2.pcapng
"Oct 12, 2023 17:41:12.902532",,45,,,,,,,,,,idle2.pcapng
"Oct 12, 2023 17:41:12.907175",,45,,,,,,,,,,idle2.pcapng
"Oct 12, 2023 17:41:12.908931",,63,,,,,,,,,,idle2.pcapng
"Oct 12, 2023 17:41:12.911472",0.002541,45,0xa209,0xc8f0,0x8861,132,,,,,,idle2.pcapng
"Oct 12, 2023 17:41:12.914198",,63,,,,,,,,,,idle2.pcapng
"Oct 12, 2023 17:41:12.916597",0.002399,5,,,0x0002,46,,,,,,idle2.pcapng
"Oct 12, 2023 17:41:12.917526",,45,,,,,,,,,,idle2.pcapng
"Oct 12, 2023 17:41:12.919307",0.001781,5,,,0x0002,132,,,,,,idle2.pcapng
"Oct 12, 2023 17:41:12.923880",,45,,,,,,,,,,idle2.pcapng
"Oct 12, 2023 17:41:12.925703",0.001823,5,,,0x0002,81,,,,,,idle2.pcapng
"Oct 12, 2023 17:41:12.929063",,45,,,,,,,,,,idle2.pcapng
"Oct 12, 2023 17:41:12.930854",0.001791,5,,,0x0002,133,,,,,,idle2.pcapng
"Oct 12, 2023 17:41:12.935292",,45,,,,,,,,,,idle2.pcapng
"Oct 12, 2023 17:41:12.937116",0.001824,5,,,0x0002,82,,,,,,idle2.pcapng
"Oct 12, 2023 17:41:12.940877",,45,,,,,,,,,,idle2.pcapng
"Oct 12, 2023 17:41:12.942669",0.001792,5,,,0x0002,134,,,,,,idle2.pcapng
"Oct 12, 2023 17:41:14.583349",1.640680,77,0x0000,0xffff,0x8841,83,0x0000,0xfffc,0x1209,,,idle2.pcapng
"Oct 12, 2023 17:41:14.656086",0.072737,77,0xe694,0xffff,0x8841,240,0xe694,0xfffc,0x1209,,,idle2.pcapng
"Oct 12, 2023 17:41:15.537687",0.881601,71,0xc8f0,0xffff,0x8841,47,0xc8f0,0xfffc,0x1209,,,idle2.pcapng
"Oct 12, 2023 17:41:16.209832",0.672145,12,0x2cae,0x482d,0x8863,22,,,,,,idle2.pcapng
"Oct 12, 2023 17:41:16.210599",0.000767,5,,,0x0002,22,,,,,,idle2.pcapng
"Oct 12, 2023 17:41:17.967483",,63,,,,,,,,,,idle2.pcapng
"Oct 12, 2023 17:41:17.972611",,63,,,,,,,,,,idle2.pcapng
"Oct 12, 2023 17:41:17.975010",0.002399,5,,,0x0002,48,,,,,,idle2.pcapng
"Oct 12, 2023 17:41:18.019204",,50,,,,,,,,,,idle2.pcapng
"Oct 12, 2023 17:41:18.021187",0.001983,5,,,0x0002,84,,,,,,idle2.pcapng
"Oct 12, 2023 17:41:18.024473",,50,,,,,,,,,,idle2.pcapng
"Oct 12, 2023 17:41:18.026426",0.001953,5,,,0x0002,135,,,,,,idle2.pcapng
"Oct 12, 2023 17:41:18.031524",,45,,,,,,,,,,idle2.pcapng
"Oct 12, 2023 17:41:18.033347",0.001823,5,,,0x0002,49,,,,,,idle2.pcapng
"Oct 12, 2023 17:41:18.046619",,57,,,,,,,,,,idle2.pcapng
"Oct 12, 2023 17:41:18.048826",0.002207,5,,,0x0002,50,,,,,,idle2.pcapng
"Oct 12, 2023 17:41:18.088159",,50,,,,,,,,,,idle2.pcapng
"Oct 12, 2023 17:41:18.090142",0.001983,5,,,0x0002,85,,,,,,idle2.pcapng
"Oct 12, 2023 17:41:18.093547",,50,,,,,,,,,,idle2.pcapng
"Oct 12, 2023 17:41:18.095500",0.001953,5,,,0x0002,136,,,,,,idle2.pcapng
"Oct 12, 2023 17:41:18.100826",,45,,,,,,,,,,idle2.pcapng
"Oct 12, 2023 17:41:18.102648",0.001822,5,,,0x0002,51,,,,,,idle2.pcapng
"Oct 12, 2023 17:41:18.207566",,50,,,,,,,,,,idle2.pcapng
"Oct 12, 2023 17:41:18.209518",0.001952,5,,,0x0002,86,,,,,,idle2.pcapng
"Oct 12, 2023 17:41:18.213297",,50,,,,,,,,,,idle2.pcapng
"Oct 12, 2023 17:41:18.215266",0.001969,5,,,0x0002,241,,,,,,idle2.pcapng
"Oct 12, 2023 17:41:18.220134",,53,,,,,,,,,,idle2.pcapng
"Oct 12, 2023 17:41:18.222213",0.002079,5,,,0x0002,159,,,,,,idle2.pcapng
"Oct 12, 2023 17:41:18.236287",,45,,,,,,,,,,idle2.pcapng
"Oct 12, 2023 17:41:18.238080",0.001793,5,,,0x0002,87,,,,,,idle2.pcapng
"Oct 12, 2023 17:41:18.241952",,45,,,,,,,,,,idle2.pcapng
"Oct 12, 2023 17:41:18.243762",0.001810,5,,,0x0002,242,,,,,,idle2.pcapng
"Oct 12, 2023 17:41:18.262023",,50,,,,,,,,,,idle2.pcapng
"Oct 12, 2023 17:41:18.263964",0.001941,5,,,0x0002,88,,,,,,idle2.pcapng
"Oct 12, 2023 17:41:18.267687",,50,,,,,,,,,,idle2.pcapng
"Oct 12, 2023 17:41:18.269656",0.001969,5,,,0x0002,243,,,,,,idle2.pcapng
"Oct 12, 2023 17:41:18.274533",,53,,,,,,,,,,idle2.pcapng
"Oct 12, 2023 17:41:18.276612",0.002079,5,,,0x0002,160,,,,,,idle2.pcapng
"Oct 12, 2023 17:41:18.290952",,45,,,,,,,,,,idle2.pcapng
"Oct 12, 2023 17:41:18.292736",0.001784,5,,,0x0002,89,,,,,,idle2.pcapng
"Oct 12, 2023 17:41:18.296651",,45,,,,,,,,,,idle2.pcapng
"Oct 12, 2023 17:41:18.298460",0.001809,5,,,0x0002,244,,,,,,idle2.pcapng
"Oct 12, 2023 17:41:18.318191",,58,,,,,,,,,,idle2.pcapng
"Oct 12, 2023 17:41:18.320401",0.002210,5,,,0x0002,90,,,,,,idle2.pcapng
"Oct 12, 2023 17:41:18.324273",,58,,,,,,,,,,idle2.pcapng
"Oct 12, 2023 17:41:18.326499",0.002226,5,,,0x0002,245,,,,,,idle2.pcapng
"Oct 12, 2023 17:41:18.329472",,76,,,,,,,,,,idle2.pcapng
"Oct 12, 2023 17:41:18.332286",0.002814,5,,,0x0002,161,,,,,,idle2.pcapng
"Oct 12, 2023 17:41:18.350699",,45,,,,,,,,,,idle2.pcapng
"Oct 12, 2023 17:41:18.352490",0.001791,5,,,0x0002,91,,,,,,idle2.pcapng
"Oct 12, 2023 17:41:18.356216",,45,,,,,,,,,,idle2.pcapng
"Oct 12, 2023 17:41:18.358026",0.001810,5,,,0x0002,246,,,,,,idle2.pcapng
"Oct 12, 2023 17:41:18.986221",0.628195,77,0x054f,0xffff,0x8841,162,0x054f,0xfffc,0x1209,,,idle2.pcapng
"Oct 12, 2023 17:41:20.354670",1.368449,95,0x482d,0xffff,0x885f,195,,,,,,idle2.pcapng
"Oct 12, 2023 17:41:21.209438",0.854768,12,0x2cae,0x482d,0x8863,23,,,,,,idle2.pcapng
"Oct 12, 2023 17:41:21.210205",0.000767,5,,,0x0002,23,,,,,,idle2.pcapng
"Oct 12, 2023 17:41:22.327134",1.116929,77,0xe5c4,0xffff,0x8841,212,0xe5c4,0xfffc,0x1209,,,idle2.pcapng
"Oct 12, 2023 17:41:22.712050",0.384916,60,0x2e53,0x90e0,0x8861,52,,,,,,idle2.pcapng
"Oct 12, 2023 17:41:22.717209",,60,,,,,,,,,,idle2.pcapng
"Oct 12, 2023 17:41:22.719511",0.002302,5,,,0x0002,52,,,,,,idle2.pcapng
"Oct 12, 2023 17:41:22.766739",,50,,,,,,,,,,idle2.pcapng
"Oct 12, 2023 17:41:22.768723",0.001984,5,,,0x0002,92,,,,,,idle2.pcapng
"Oct 12, 2023 17:41:22.772408",,50,,,,,,,,,,idle2.pcapng
"Oct 12, 2023 17:41:22.774359",0.001951,5,,,0x0002,137,,,,,,idle2.pcapng
"Oct 12, 2023 17:41:22.779584",,45,,,,,,,,,,idle2.pcapng
"Oct 12, 2023 17:41:22.781407",0.001823,5,,,0x0002,53,,,,,,idle2.pcapng
"Oct 12, 2023 17:41:25.182737",2.401330,107,0x09ac,0xffff,0x886b,188,,,,,,idle2.pcapng
"Oct 12, 2023 17:41:25.307288",0.124551,74,0xa209,0xffff,0x8841,138,0xa209,0xfffc,0x1209,,,idle2.pcapng
"Oct 12, 2023 17:41:25.380133",0.072845,68,0xebe5,0xffff,0x8841,185,0xebe5,0xfffc,0x1209,,,idle2.pcapng
"Oct 12, 2023 17:41:26.216824",0.836691,77,0x82eb,0xffff,0x8841,138,0x82eb,0xfffc,0x1209,,,idle2.pcapng
"Oct 12, 2023 17:41:26.240215",0.023391,12,0x2cae,0x482d,0x8863,24,,,,,,idle2.pcapng
"Oct 12, 2023 17:41:26.240982",0.000767,5,,,0x0002,24,,,,,,idle2.pcapng
"Oct 12, 2023 17:41:26.835582",0.594600,74,0x6e5f,0xffff,0x8841,58,0x6e5f,0xfffc,0x1209,,,idle2.pcapng
"Oct 12, 2023 17:41:29.689598",2.854016,77,0xe694,0xffff,0x8841,247,0xe694,0xfffc,0x1209,,,idle2.pcapng
"Oct 12, 2023 17:41:30.524582",0.834984,71,0xc8f0,0xffff,0x8841,54,0xc8f0,0xfffc,0x1209,,,idle2.pcapng
"Oct 12, 2023 17:41:31.303541",0.778959,12,0x2cae,0x482d,0x8863,25,,,,,,idle2.pcapng
"Oct 12, 2023 17:41:31.304309",0.000768,5,,,0x0002,25,,,,,,idle2.pcapng
"Oct 12, 2023 17:41:31.496452",0.192143,77,0x0000,0xffff,0x8841,93,0x0000,0xfffc,0x1209,,,idle2.pcapng
"Oct 12, 2023 17:41:32.751844",1.255392,34,0xabcd,,0x9e22,219,,,,,,idle2.pcapng
"Oct 12, 2023 17:41:34.841457",2.089613,77,0x054f,0xffff,0x8841,163,0x054f,0xfffc,0x1209,,,idle2.pcapng
"Oct 12, 2023 17:41:36.303731",1.462274,12,0x2cae,0x482d,0x8863,26,,,,,,idle2.pcapng
"Oct 12, 2023 17:41:36.304498",0.000767,5,,,0x0002,26,,,,,,idle2.pcapng
"Oct 12, 2023 17:41:37.353656",1.049158,107,0x482d,0xffff,0x886b,196,,,,,,idle2.pcapng
"Oct 12, 2023 17:41:40.303860",2.950204,68,0xebe5,0xffff,0x8841,186,0xebe5,0xfffc,0x1209,,,idle2.pcapng
"Oct 12, 2023 17:41:40.392189",0.088329,77,0xe5c4,0xffff,0x8841,213,0xe5c4,0xfffc,0x1209,,,idle2.pcapng
"Oct 12, 2023 17:41:40.487865",0.095676,74,0x09ac,0xffff,0x8841,189,0x09ac,0xfffc,0x1209,,,idle2.pcapng
"Oct 12, 2023 17:41:41.229972",0.742107,77,0x82eb,0xffff,0x8841,139,0x82eb,0xfffc,0x1209,,,idle2.pcapng
"Oct 12, 2023 17:41:41.365825",0.135853,12,0x2cae,0x482d,0x8863,27,,,,,,idle2.pcapng
"Oct 12, 2023 17:41:41.366593",0.000768,5,,,0x0002,27,,,,,,idle2.pcapng
"Oct 12, 2023 17:41:41.828526",0.461933,74,0x6e5f,0xffff,0x8841,59,0x6e5f,0xfffc,0x1209,,,idle2.pcapng
"Oct 12, 2023 17:41:42.660867",0.832341,74,0xa209,0xffff,0x8841,139,0xa209,0xfffc,0x1209,,,idle2.pcapng
"Oct 12, 2023 17:41:42.720648",,52,,,,,,,,,,idle2.pcapng
"Oct 12, 2023 17:41:42.722664",0.002016,5,,,0x0002,94,,,,,,idle2.pcapng
"Oct 12, 2023 17:41:42.730308",,63,,,,,,,,,,idle2.pcapng
"Oct 12, 2023 17:41:42.732707",0.002399,5,,,0x0002,248,,,,,,idle2.pcapng
"Oct 12, 2023 17:41:42.755667",,52,,,,,,,,,,idle2.pcapng
"Oct 12, 2023 17:41:42.760900",,52,,,,,,,,,,idle2.pcapng
"Oct 12, 2023 17:41:42.764090",,52,,,,,,,,,,idle2.pcapng
"Oct 12, 2023 17:41:42.767439",,52,,,,,,,,,,idle2.pcapng
"Oct 12, 2023 17:41:42.772811",,52,,,,,,,,,,idle2.pcapng
"Oct 12, 2023 17:41:42.774817",0.002006,5,,,0x0002,197,,,,,,idle2.pcapng
"Oct 12, 2023 17:41:42.776096",,52,,,,,,,,,,idle2.pcapng
"Oct 12, 2023 17:41:42.778143",0.002047,5,,,0x0002,95,,,,,,idle2.pcapng
"Oct 12, 2023 17:41:42.782458",0.004315,63,0x6e5f,0x0000,0x8861,60,,,,,,idle2.pcapng
"Oct 12, 2023 17:41:42.787588",0.005130,63,0x6e5f,0x0000,0x8861,60,,,,,,idle2.pcapng
"Oct 12, 2023 17:41:42.792872",,63,,,,,,,,,,idle2.pcapng
"Oct 12, 2023 17:41:42.795271",0.002399,5,,,0x0002,60,,,,,,idle2.pcapng
"Oct 12, 2023 17:41:42.799077",,45,,,,,,,,,,idle2.pcapng
"Oct 12, 2023 17:41:42.800871",0.001794,5,,,0x0002,96,,,,,,idle2.pcapng
"Oct 12, 2023 17:41:42.819893",,54,,,,,,,,,,idle2.pcapng
"Oct 12, 2023 17:41:42.821964",0.002071,5,,,0x0002,97,,,,,,idle2.pcapng
"Oct 12, 2023 17:41:42.829942",,66,,,,,,,,,,idle2.pcapng
"Oct 12, 2023 17:41:42.832437",0.002495,5,,,0x0002,249,,,,,,idle2.pcapng
"Oct 12, 2023 17:41:42.836737",,54,,,,,,,,,,idle2.pcapng
"Oct 12, 2023 17:41:42.838848",0.002111,5,,,0x5262,117,,,,,,idle2.pcapng
"Oct 12, 2023 17:41:42.843165",,54,,,,,,,,,,idle2.pcapng
"Oct 12, 2023 17:41:42.845245",0.002080,5,,,0x0002,198,,,,,,idle2.pcapng
"Oct 12, 2023 17:41:42.847347",,54,,,,,,,,,,idle2.pcapng
"Oct 12, 2023 17:41:42.849459",0.002112,5,,,0x0002,98,,,,,,idle2.pcapng
"Oct 12, 2023 17:41:42.853213",,66,,,,,,,,,,idle2.pcapng
"Oct 12, 2023 17:41:42.855708",0.002495,5,,,0x0002,61,,,,,,idle2.pcapng
"Oct 12, 2023 17:41:42.869864",,54,,,,,,,,,,idle2.pcapng
"Oct 12, 2023 17:41:42.871975",0.002111,5,,,0x0002,99,,,,,,idle2.pcapng
"Oct 12, 2023 17:41:42.875675",,54,,,,,,,,,,idle2.pcapng
"Oct 12, 2023 17:41:42.877746",0.002071,5,,,0x0002,140,,,,,,idle2.pcapng
"Oct 12, 2023 17:41:42.882356",,45,,,,,,,,,,idle2.pcapng
"Oct 12, 2023 17:41:42.884179",0.001823,5,,,0x0002,100,,,,,,idle2.pcapng
"Oct 12, 2023 17:41:42.885534",0.001355,107,0xc8f0,0x0000,0x886b,55,,,,,,idle2.pcapng
"Oct 12, 2023 17:41:42.888515",,45,,,,,,,,,,idle2.pcapng
"Oct 12, 2023 17:41:42.890309",0.001794,5,,,0x0002,199,,,,,,idle2.pcapng
"Oct 12, 2023 17:41:42.890677",,66,,,,,,,,,,idle2.pcapng
"Oct 12, 2023 17:41:42.893172",0.002495,5,,,0x0002,55,,,,,,idle2.pcapng
"Oct 12, 2023 17:41:42.894389",,52,,,,,,,,,,idle2.pcapng
"Oct 12, 2023 17:41:42.901233",,66,,,,,,,,,,idle2.pcapng
"Oct 12, 2023 17:41:42.903728",0.002495,5,,,0x0002,55,,,,,,idle2.pcapng
"Oct 12, 2023 17:41:42.905310",,52,,,,,,,,,,idle2.pcapng
"Oct 12, 2023 17:41:42.907357",0.002047,5,,,0x0002,101,,,,,,idle2.pcapng
"Oct 12, 2023 17:41:42.908952",,66,,,,,,,,,,idle2.pcapng
"Oct 12, 2023 17:41:42.911447",0.002495,5,,,0x0002,56,,,,,,idle2.pcapng
"Oct 12, 2023 17:41:42.915133",,52,,,,,,,,,,idle2.pcapng
"Oct 12, 2023 17:41:42.917150",0.002017,5,,,0x2602,101,,,,,,idle2.pcapng
"Oct 12, 2023 17:41:42.924817",,63,,,,,,,,,,idle2.pcapng
"Oct 12, 2023 17:41:42.927216",0.002399,5,,,0x0002,57,,,,,,idle2.pcapng
"Oct 12, 2023 17:41:42.929002",,45,,,,,,,,,,idle2.pcapng
"Oct 12, 2023 17:41:42.930783",0.001781,5,,,0x0002,102,,,,,,idle2.pcapng
"Oct 12, 2023 17:41:42.944557",,45,,,,,,,,,,idle2.pcapng
"Oct 12, 2023 17:41:42.946381",0.001824,5,,,0x0002,103,,,,,,idle2.pcapng
"Oct 12, 2023 17:41:42.949371",,45,,,,,,,,,,idle2.pcapng
"Oct 12, 2023 17:41:42.951162",0.001791,5,,,0x0002,200,,,,,,idle2.pcapng
"Oct 12, 2023 17:41:42.953328",,45,,,,,,,,,,idle2.pcapng
"Oct 12, 2023 17:41:42.955151",0.001823,5,,,0x0002,104,,,,,,idle2.pcapng
"Oct 12, 2023 17:41:42.958267",,45,,,,,,,,,,idle2.pcapng
"Oct 12, 2023 17:41:42.960060",0.001793,5,,,0x0002,142,,,,,,idle2.pcapng
"Oct 12, 2023 17:41:42.960915",,45,,,,,,,,,,idle2.pcapng
"Oct 12, 2023 17:41:42.962738",0.001823,5,,,0x0002,105,,,,,,idle2.pcapng
"Oct 12, 2023 17:41:42.966488",,45,,,,,,,,,,idle2.pcapng
"Oct 12, 2023 17:41:42.968281",0.001793,5,,,0x0002,143,,,,,,idle2.pcapng
"Oct 12, 2023 17:41:42.972530",,45,,,,,,,,,,idle2.pcapng
"Oct 12, 2023 17:41:42.974354",0.001824,5,,,0x0002,106,,,,,,idle2.pcapng
"Oct 12, 2023 17:41:42.977725",,45,,,,,,,,,,idle2.pcapng
"Oct 12, 2023 17:41:42.979516",0.001791,5,,,0x0002,144,,,,,,idle2.pcapng
"Oct 12, 2023 17:41:43.334797",,52,,,,,,,,,,idle2.pcapng
"Oct 12, 2023 17:41:43.339555",,52,,,,,,,,,,idle2.pcapng
"Oct 12, 2023 17:41:43.341602",0.002047,5,,,0x0002,187,,,,,,idle2.pcapng
"Oct 12, 2023 17:41:43.368120",,45,,,,,,,,,,idle2.pcapng
"Oct 12, 2023 17:41:43.369900",0.001780,5,,,0x0002,107,,,,,,idle2.pcapng
"Oct 12, 2023 17:41:43.373720",,45,,,,,,,,,,idle2.pcapng
"Oct 12, 2023 17:41:43.375507",0.001787,5,,,0x0002,250,,,,,,idle2.pcapng
"Oct 12, 2023 17:41:44.663798",1.288291,77,0xe694,0xffff,0x8841,251,0xe694,0xfffc,0x1209,,,idle2.pcapng
"Oct 12, 2023 17:41:45.579879",0.916081,104,0xc8f0,0xffff,0x8868,58,,,,,,idle2.pcapng
"Oct 12, 2023 17:41:46.201711",0.621832,77,0x0000,0xffff,0x8841,108,0x0000,0xfffc,0x1209,,,idle2.pcapng
"Oct 12, 2023 17:41:46.366583",0.164872,12,0x2cae,0x482d,0x8863,28,,,,,,idle2.pcapng
"Oct 12, 2023 17:41:46.367350",0.000767,5,,,0x0002,28,,,,,,idle2.pcapng
"Oct 12, 2023 17:41:47.874344",1.506994,55,0xa209,0x0000,0x8861,145,0xa209,0x0000,0x1a09,,,idle2.pcapng
"Oct 12, 2023 17:41:47.876487",0.002143,5,,,0x0002,145,,,,,,idle2.pcapng
"Oct 12, 2023 17:41:47.911745",,52,,,,,,,,,,idle2.pcapng
"Oct 12, 2023 17:41:47.913792",0.002047,5,,,0x0002,146,,,,,,idle2.pcapng
"Oct 12, 2023 17:41:49.271188",1.357396,55,0x482d,0x0000,0x8861,201,0x482d,0x0000,0x1a09,,,idle2.pcapng
"Oct 12, 2023 17:41:49.273331",0.002143,5,,,0x0002,201,,,,,,idle2.pcapng
"Oct 12, 2023 17:41:49.308108",,52,,,,,,,,,,idle2.pcapng
"Oct 12, 2023 17:41:49.310155",0.002047,5,,,0x0002,202,,,,,,idle2.pcapng
"Oct 12, 2023 17:41:49.440712",0.130557,55,0xe5c4,0x054f,0x8861,214,0xe5c4,0x0000,0x1a09,,,idle2.pcapng
"Oct 12, 2023 17:41:49.442841",0.002129,5,,,0x0002,214,,,,,,idle2.pcapng
"Oct 12, 2023 17:41:49.446436",0.003595,57,0x054f,0x0000,0x8861,164,0xe5c4,0x0000,0x1a09,,,idle2.pcapng
"Oct 12, 2023 17:41:49.448643",0.002207,5,,,0x0002,164,,,,,,idle2.pcapng
"Oct 12, 2023 17:41:49.479408",,52,,,,,,,,,,idle2.pcapng
"Oct 12, 2023 17:41:49.481441",0.002033,5,,,0x0002,215,,,,,,idle2.pcapng
"Oct 12, 2023 17:41:49.484309",,52,,,,,,,,,,idle2.pcapng
"Oct 12, 2023 17:41:49.486356",0.002047,5,,,0x0002,165,,,,,,idle2.pcapng
"Oct 12, 2023 17:41:49.903319",0.416963,55,0xa209,0x0000,0x8861,147,0xa209,0x0000,0x1a09,,,idle2.pcapng
"Oct 12, 2023 17:41:49.905462",0.002143,5,,,0x0002,147,,,,,,idle2.pcapng
"Oct 12, 2023 17:41:49.934641",,52,,,,,,,,,,idle2.pcapng
"Oct 12, 2023 17:41:49.936688",0.002047,5,,,0x0002,148,,,,,,idle2.pcapng
"Oct 12, 2023 17:41:50.282421",0.345733,55,0x482d,0x0000,0x8861,203,0x482d,0x0000,0x1a09,,,idle2.pcapng
"Oct 12, 2023 17:41:50.284563",0.002142,5,,,0x0002,203,,,,,,idle2.pcapng
"Oct 12, 2023 17:41:50.321253",0.036690,52,0x482d,0x0000,0x8861,204,,,,,,idle2.pcapng
"Oct 12, 2023 17:41:50.323300",0.002047,5,,,0x0002,204,,,,,,idle2.pcapng
"Oct 12, 2023 17:41:50.453772",0.130472,55,0xe5c4,0x054f,0x8861,216,0xe5c4,0x0000,0x1a09,,,idle2.pcapng
"Oct 12, 2023 17:41:50.455901",0.002129,5,,,0x0002,216,,,,,,idle2.pcapng
"Oct 12, 2023 17:41:50.458564",0.002663,57,0x054f,0x0000,0x8861,78,,,,,,idle2.pcapng
"Oct 12, 2023 17:41:50.463945",0.005381,57,0x054f,0x0000,0x8861,166,0xe5c4,0x0000,0x1a09,,,idle2.pcapng
"Oct 12, 2023 17:41:50.466152",0.002207,5,,,0x0002,166,,,,,,idle2.pcapng
"Oct 12, 2023 17:41:50.491893",,52,,,,,,,,,,idle2.pcapng
"Oct 12, 2023 17:41:50.493926",0.002033,5,,,0x0002,217,,,,,,idle2.pcapng
"Oct 12, 2023 17:41:50.497435",,52,,,,,,,,,,idle2.pcapng
"Oct 12, 2023 17:41:50.499482",0.002047,5,,,0x0002,167,,,,,,idle2.pcapng
"Oct 12, 2023 17:41:51.430152",0.930670,12,0x2cae,0x482d,0x8863,29,,,,,,idle2.pcapng
"Oct 12, 2023 17:41:51.430919",0.000767,5,,,0x0002,29,,,,,,idle2.pcapng
"Oct 12, 2023 17:41:52.467633",1.036714,77,0x054f,0xffff,0x8841,168,0x054f,0xfffc,0x1209,,,idle2.pcapng
"Oct 12, 2023 17:41:54.656328",2.188695,77,0x482d,0xffff,0x8841,205,0x482d,0xfffc,0x1209,,,idle2.pcapng
"Oct 12, 2023 17:41:54.720379",0.064051,74,0x09ac,0xffff,0x8841,190,0x09ac,0xfffc,0x1209,,,idle2.pcapng
"Oct 12, 2023 17:41:55.314791",0.594412,68,0xebe5,0xffff,0x8841,188,0xebe5,0xfffc,0x1209,,,idle2.pcapng
"Oct 12, 2023 17:41:56.220400",0.905609,77,0x82eb,0xffff,0x8841,140,0x82eb,0xfffc,0x1209,,,idle2.pcapng
"Oct 12, 2023 17:41:56.462348",0.241948,12,0x2cae,0x482d,0x8863,30,,,,,,idle2.pcapng
"Oct 12, 2023 17:41:56.463115",0.000767,5,,,0x0002,30,,,,,,idle2.pcapng
"Oct 12, 2023 17:41:56.788432",0.325317,71,0x6e5f,0xffff,0x8841,62,0x6e5f,0xfffc,0x1209,,,idle2.pcapng
"Oct 12, 2023 17:41:57.127175",0.338743,74,0xa209,0xffff,0x8841,149,0xa209,0xfffc,0x1209,,,idle2.pcapng
"Oct 12, 2023 17:41:57.943029",0.815854,77,0xe5c4,0xffff,0x8841,218,0xe5c4,0xfffc,0x1209,,,idle2.pcapng
"Oct 12, 2023 17:41:59.642876",1.699847,77,0xe694,0xffff,0x8841,252,0xe694,0xfffc,0x1209,,,idle2.pcapng
"Oct 12, 2023 17:42:00.555694",0.912818,71,0xc8f0,0xffff,0x8841,59,0xc8f0,0xfffc,0x1209,,,idle2.pcapng
"Oct 12, 2023 17:42:01.462538",0.906844,12,0x2cae,0x482d,0x8863,31,,,,,,idle2.pcapng
"Oct 12, 2023 17:42:01.463305",0.000767,5,,,0x0002,31,,,,,,idle2.pcapng
"Oct 12, 2023 17:42:02.525541",1.062236,77,0x0000,0xffff,0x8841,109,0x0000,0xfffc,0x1209,,,idle2.pcapng
"Oct 12, 2023 17:42:06.492699",3.967158,12,0x2cae,0x482d,0x8863,32,,,,,,idle2.pcapng
"Oct 12, 2023 17:42:06.493466",0.000767,5,,,0x0002,32,,,,,,idle2.pcapng
"Oct 12, 2023 17:42:08.565518",2.072052,74,0x09ac,0xffff,0x8841,191,0x09ac,0xfffc,0x1209,,,idle2.pcapng
"Oct 12, 2023 17:42:09.811553",1.246035,77,0x054f,0xffff,0x8841,169,0x054f,0xfffc,0x1209,,,idle2.pcapng
"Oct 12, 2023 17:42:10.293565",0.482012,68,0xebe5,0xffff,0x8841,189,0xebe5,0xfffc,0x1209,,,idle2.pcapng
"Oct 12, 2023 17:42:11.223948",0.930383,77,0x82eb,0xffff,0x8841,141,0x82eb,0xfffc,0x1209,,,idle2.pcapng
"Oct 12, 2023 17:42:11.555391",0.331443,12,0x2cae,0x482d,0x8863,33,,,,,,idle2.pcapng
"Oct 12, 2023 17:42:11.556159",0.000768,5,,,0x0002,33,,,,,,idle2.pcapng
"Oct 12, 2023 17:42:11.845510",0.289351,71,0x6e5f,0xffff,0x8841,63,0x6e5f,0xfffc,0x1209,,,idle2.pcapng
"Oct 12, 2023 17:42:11.886684",0.041174,77,0x482d,0xffff,0x8841,206,0x482d,0xfffc,0x1209,,,idle2.pcapng
"Oct 12, 2023 17:42:12.120995",0.234311,74,0xa209,0xffff,0x8841,150,0xa209,0xfffc,0x1209,,,idle2.pcapng
"Oct 12, 2023 17:42:12.349485",0.228490,77,0xe5c4,0xffff,0x8841,219,0xe5c4,0xfffc,0x1209,,,idle2.pcapng
"Oct 12, 2023 17:42:12.718020",,52,,,,,,,,,,idle2.pcapng
"Oct 12, 2023 17:42:12.720036",0.002016,5,,,0x0002,110,,,,,,idle2.pcapng
"Oct 12, 2023 17:42:12.728155",,63,,,,,,,,,,idle2.pcapng
"Oct 12, 2023 17:42:12.730553",0.002398,5,,,0x0002,253,,,,,,idle2.pcapng
"Oct 12, 2023 17:42:12.753267",,52,,,,,,,,,,idle2.pcapng
"Oct 12, 2023 17:42:12.755314",0.002047,5,,,0x0002,111,,,,,,idle2.pcapng
"Oct 12, 2023 17:42:12.759748",,52,,,,,,,,,,idle2.pcapng
"Oct 12, 2023 17:42:12.761764",0.002016,5,,,0x0002,207,,,,,,idle2.pcapng
"Oct 12, 2023 17:42:12.764292",,45,,,,,,,,,,idle2.pcapng
"Oct 12, 2023 17:42:12.766086",0.001794,5,,,0x0002,112,,,,,,idle2.pcapng
"Oct 12, 2023 17:42:12.769996",,63,,,,,,,,,,idle2.pcapng
"Oct 12, 2023 17:42:12.772395",0.002399,5,,,0x0002,64,,,,,,idle2.pcapng
"Oct 12, 2023 17:42:12.779291",,54,,,,,,,,,,idle2.pcapng
"Oct 12, 2023 17:42:12.781362",0.002071,5,,,0x0002,113,,,,,,idle2.pcapng
"Oct 12, 2023 17:42:12.789701",,66,,,,,,,,,,idle2.pcapng
"Oct 12, 2023 17:42:12.792196",0.002495,5,,,0x0002,254,,,,,,idle2.pcapng
"Oct 12, 2023 17:42:12.813605",,54,,,,,,,,,,idle2.pcapng
"Oct 12, 2023 17:42:12.815716",0.002111,5,,,0x0002,114,,,,,,idle2.pcapng
"Oct 12, 2023 17:42:12.818835",,54,,,,,,,,,,idle2.pcapng
"Oct 12, 2023 17:42:12.820917",0.002082,5,,,0x0002,208,,,,,,idle2.pcapng
"Oct 12, 2023 17:42:12.827427",,45,,,,,,,,,,idle2.pcapng
"Oct 12, 2023 17:42:12.832086",,45,,,,,,,,,,idle2.pcapng
"Oct 12, 2023 17:42:12.836592",,45,,,,,,,,,,idle2.pcapng
"Oct 12, 2023 17:42:12.839340",,66,,,,,,,,,,idle2.pcapng
"Oct 12, 2023 17:42:12.841835",0.002495,5,,,0x0002,65,,,,,,idle2.pcapng
"Oct 12, 2023 17:42:12.845646",,45,,,,,,,,,,idle2.pcapng
"Oct 12, 2023 17:42:12.847470",0.001824,5,,,0x0002,115,,,,,,idle2.pcapng
"Oct 12, 2023 17:42:12.850002",,45,,,,,,,,,,idle2.pcapng
"Oct 12, 2023 17:42:12.851795",0.001793,5,,,0x0002,209,,,,,,idle2.pcapng
"Oct 12, 2023 17:42:12.859521",,54,,,,,,,,,,idle2.pcapng
"Oct 12, 2023 17:42:12.861632",0.002111,5,,,0x0002,116,,,,,,idle2.pcapng
"Oct 12, 2023 17:42:12.865137",,54,,,,,,,,,,idle2.pcapng
"Oct 12, 2023 17:42:12.867215",0.002078,5,,,0x0002,151,,,,,,idle2.pcapng
"Oct 12, 2023 17:42:12.871649",,45,,,,,,,,,,idle2.pcapng
"Oct 12, 2023 17:42:12.873446",0.001797,5,,,0x0002,117,,,,,,idle2.pcapng
"Oct 12, 2023 17:42:12.875178",0.001732,106,0x57f0,0x3ae0,0x886a,60,,,,,,idle2.pcapng
"Oct 12, 2023 17:42:12.879010",,52,,,,,,,,,,idle2.pcapng
"Oct 12, 2023 17:42:12.885610",0.006600,107,0xc8f0,0x0000,0x886b,60,,,,,,idle2.pcapng
"Oct 12, 2023 17:42:12.889422",,52,,,,,,,,,,idle2.pcapng
"Oct 12, 2023 17:42:12.895124",,52,,,,,,,,,,idle2.pcapng
"Oct 12, 2023 17:42:12.897171",0.002047,5,,,0x0002,118,,,,,,idle2.pcapng
"Oct 12, 2023 17:42:12.898601",,66,,,,,,,,,,idle2.pcapng
"Oct 12, 2023 17:42:12.901096",0.002495,5,,,0x0002,61,,,,,,idle2.pcapng
"Oct 12, 2023 17:42:12.906383",0.005287,52,0xa209,0xc8f0,0x8861,152,,,,,,idle2.pcapng
"Oct 12, 2023 17:42:12.908400",0.002017,5,,,0x0002,152,,,,,,idle2.pcapng
"Oct 12, 2023 17:42:12.916119",0.007719,63,0xc8f0,0x0000,0x8861,62,,,,,,idle2.pcapng
"Oct 12, 2023 17:42:12.926537",,63,,,,,,,,,,idle2.pcapng
"Oct 12, 2023 17:42:12.928936",0.002399,5,,,0x0002,62,,,,,,idle2.pcapng
"Oct 12, 2023 17:42:12.929786",,45,,,,,,,,,,idle2.pcapng
"Oct 12, 2023 17:42:12.931610",0.001824,5,,,0x0002,119,,,,,,idle2.pcapng
"Oct 12, 2023 17:42:12.940183",0.008573,5,,,0x0002,210,,,,,,idle2.pcapng
"Oct 12, 2023 17:42:12.946413",,45,,,,,,,,,,idle2.pcapng
"Oct 12, 2023 17:42:12.948237",0.001824,5,,,0x0002,120,,,,,,idle2.pcapng
"Oct 12, 2023 17:42:12.950870",,45,,,,,,,,,,idle2.pcapng
"Oct 12, 2023 17:42:12.952662",0.001792,5,,,0x0002,153,,,,,,idle2.pcapng
"Oct 12, 2023 17:42:12.953475",,45,,,,,,,,,,idle2.pcapng
"Oct 12, 2023 17:42:12.955299",0.001824,5,,,0x0002,121,,,,,,idle2.pcapng
"Oct 12, 2023 17:42:12.959518",,45,,,,,,,,,,idle2.pcapng
"Oct 12, 2023 17:42:12.961313",0.001795,5,,,0x0002,154,,,,,,idle2.pcapng
"Oct 12, 2023 17:42:14.634835",1.673522,77,0xe694,0xffff,0x8841,255,0xe694,0xfffc,0x1209,,,idle2.pcapng
"Oct 12, 2023 17:42:15.623848",0.989013,71,0xc8f0,0xffff,0x8841,63,0xc8f0,0xfffc,0x1209,,,idle2.pcapng
"Oct 12, 2023 17:42:16.555871",0.932023,12,0x2cae,0x482d,0x8863,34,,,,,,idle2.pcapng
"Oct 12, 2023 17:42:16.556638",0.000767,5,,,0x0002,34,,,,,,idle2.pcapng
"Oct 12, 2023 17:42:17.961362",1.404724,77,0x0000,0xffff,0x8841,122,0x0000,0xfffc,0x1209,,,idle2.pcapng
"Oct 12, 2023 17:42:21.617810",3.656448,12,0x2cae,0x482d,0x8863,35,,,,,,idle2.pcapng
"Oct 12, 2023 17:42:21.618577",0.000767,5,,,0x0002,35,,,,,,idle2.pcapng
"Oct 12, 2023 17:42:23.229978",,52,,,,,,,,,,idle2.pcapng
"Oct 12, 2023 17:42:23.232025",0.002047,5,,,0x0002,192,,,,,,idle2.pcapng
"Oct 12, 2023 17:42:23.245310",,45,,,,,,,,,,idle2.pcapng
"Oct 12, 2023 17:42:23.247104",0.001794,5,,,0x0002,123,,,,,,idle2.pcapng
"Oct 12, 2023 17:42:23.251017",,45,,,,,,,,,,idle2.pcapng
"Oct 12, 2023 17:42:23.252840",0.001823,5,,,0x0002,0,,,,,,idle2.pcapng
"Oct 12, 2023 17:42:23.272258",,50,,,,,,,,,,idle2.pcapng
"Oct 12, 2023 17:42:23.274210",0.001952,5,,,0x0002,124,,,,,,idle2.pcapng
"Oct 12, 2023 17:42:23.278039",,50,,,,,,,,,,idle2.pcapng
"Oct 12, 2023 17:42:23.287382",,45,,,,,,,,,,idle2.pcapng
"Oct 12, 2023 17:42:23.289205",0.001823,5,,,0x0002,193,,,,,,idle2.pcapng
"Oct 12, 2023 17:42:23.652962",0.363757,74,0x09ac,0xffff,0x8841,194,0x09ac,0xfffc,0x1209,,,idle2.pcapng
"Oct 12, 2023 17:42:24.339447",,53,,,,,,,,,,idle2.pcapng
"Oct 12, 2023 17:42:24.341485",0.002038,5,,,0x0002,5,,,,,,idle2.pcapng
"Oct 12, 2023 17:42:24.345341",,53,,,,,,,,,,idle2.pcapng
"Oct 12, 2023 17:42:24.347420",0.002079,5,,,0x0002,64,,,,,,idle2.pcapng
"Oct 12, 2023 17:42:24.805396",,63,,,,,,,,,,idle2.pcapng
"Oct 12, 2023 17:42:24.807795",0.002399,5,,,0x0002,66,,,,,,idle2.pcapng
"Oct 12, 2023 17:42:24.846370",0.038575,12,0x265e,0xc8f0,0x8863,6,,,,,,idle2.pcapng
"Oct 12, 2023 17:42:24.847107",0.000737,5,,,0x0002,6,,,,,,idle2.pcapng
"Oct 12, 2023 17:42:24.857718",,50,,,,,,,,,,idle2.pcapng
"Oct 12, 2023 17:42:24.859702",0.001984,5,,,0x0002,125,,,,,,idle2.pcapng
"Oct 12, 2023 17:42:24.862846",,50,,,,,,,,,,idle2.pcapng
"Oct 12, 2023 17:42:24.864789",0.001943,5,,,0x0002,211,,,,,,idle2.pcapng
"Oct 12, 2023 17:42:24.869956",,45,,,,,,,,,,idle2.pcapng
"Oct 12, 2023 17:42:24.871779",0.001823,5,,,0x0002,67,,,,,,idle2.pcapng
"Oct 12, 2023 17:42:24.884172",,57,,,,,,,,,,idle2.pcapng
"Oct 12, 2023 17:42:24.886379",0.002207,5,,,0x0002,68,,,,,,idle2.pcapng
"Oct 12, 2023 17:42:24.924152",,50,,,,,,,,,,idle2.pcapng
"Oct 12, 2023 17:42:24.926135",0.001983,5,,,0x0002,126,,,,,,idle2.pcapng
"Oct 12, 2023 17:42:24.929237",,50,,,,,,,,,,idle2.pcapng
"Oct 12, 2023 17:42:24.931187",0.001950,5,,,0x0002,212,,,,,,idle2.pcapng
"Oct 12, 2023 17:42:24.936484",,45,,,,,,,,,,idle2.pcapng
"Oct 12, 2023 17:42:24.938307",0.001823,5,,,0x0002,69,,,,,,idle2.pcapng
"Oct 12, 2023 17:42:25.132129",0.193822,77,0x054f,0xffff,0x8841,170,0x054f,0xfffc,0x1209,,,idle2.pcapng
"Oct 12, 2023 17:42:25.310661",0.178532,68,0xebe5,0xffff,0x8841,190,0xebe5,0xfffc,0x1209,,,idle2.pcapng
"Oct 12, 2023 17:42:25.340908",,53,,,,,,,,,,idle2.pcapng
"Oct 12, 2023 17:42:25.342987",0.002079,5,,,0x0002,191,,,,,,idle2.pcapng
"Oct 12, 2023 17:42:25.343906",,53,,,,,,,,,,idle2.pcapng
"Oct 12, 2023 17:42:25.345985",0.002079,5,,,0x0002,192,,,,,,idle2.pcapng
"Oct 12, 2023 17:42:25.364503",,45,,,,,,,,,,idle2.pcapng
"Oct 12, 2023 17:42:25.366294",0.001791,5,,,0x0002,127,,,,,,idle2.pcapng
"Oct 12, 2023 17:42:25.369986",,45,,,,,,,,,,idle2.pcapng
"Oct 12, 2023 17:42:25.371773",0.001787,5,,,0x0002,2,,,,,,idle2.pcapng
"Oct 12, 2023 17:42:25.373432",,45,,,,,,,,,,idle2.pcapng
"Oct 12, 2023 17:42:25.375223",0.001791,5,,,0x0002,128,,,,,,idle2.pcapng
"Oct 12, 2023 17:42:25.378981",,45,,,,,,,,,,idle2.pcapng
"Oct 12, 2023 17:42:25.380768",0.001787,5,,,0x0002,3,,,,,,idle2.pcapng
"Oct 12, 2023 17:42:26.151961",0.771193,77,0x482d,0xffff,0x8841,213,0x482d,0xfffc,0x1209,,,idle2.pcapng
"Oct 12, 2023 17:42:26.226216",0.074255,77,0x82eb,0xffff,0x8841,142,0x82eb,0xfffc,0x1209,,,idle2.pcapng
"Oct 12, 2023 17:42:26.340428",,52,,,,,,,,,,idle2.pcapng
"Oct 12, 2023 17:42:26.342474",0.002046,5,,,0x0002,193,,,,,,idle2.pcapng
"Oct 12, 2023 17:42:26.360282",,45,,,,,,,,,,idle2.pcapng
"Oct 12, 2023 17:42:26.362063",0.001781,5,,,0x0002,129,,,,,,idle2.pcapng
"Oct 12, 2023 17:42:26.366097",,45,,,,,,,,,,idle2.pcapng
"Oct 12, 2023 17:42:26.367885",0.001788,5,,,0x0002,4,,,,,,idle2.pcapng
"Oct 12, 2023 17:42:26.619165",0.251280,12,0x2cae,0x482d,0x8863,36,,,,,,idle2.pcapng
"Oct 12, 2023 17:42:26.619933",0.000768,5,,,0x0002,36,,,,,,idle2.pcapng
"Oct 12, 2023 17:42:26.785184",0.165251,74,0x6e5f,0xffff,0x8841,70,0x6e5f,0xfffc,0x1209,,,idle2.pcapng
"Oct 12, 2023 17:42:27.881214",1.096030,77,0xe5c4,0xffff,0x8841,220,0xe5c4,0xfffc,0x1209,,,idle2.pcapng
"Oct 12, 2023 17:42:29.643590",1.762376,77,0xe694,0xffff,0x8841,5,0xe694,0xfffc,0x1209,,,idle2.pcapng
"Oct 12, 2023 17:42:30.523683",0.880093,71,0xc8f0,0xffff,0x8841,65,0xc8f0,0xfffc,0x1209,,,idle2.pcapng
"Oct 12, 2023 17:42:31.618654",1.094971,12,0x2cae,0x482d,0x8863,37,,,,,,idle2.pcapng
"Oct 12, 2023 17:42:31.619421",0.000767,5,,,0x0002,37,,,,,,idle2.pcapng
"Oct 12, 2023 17:42:35.374290",3.754869,77,0x0000,0xffff,0x8841,130,0x0000,0xfffc,0x1209,,,idle2.pcapng
"Oct 12, 2023 17:42:36.681987",1.307697,12,0x2cae,0x482d,0x8863,38,,,,,,idle2.pcapng
"Oct 12, 2023 17:42:36.682754",0.000767,5,,,0x0002,38,,,,,,idle2.pcapng
"Oct 12, 2023 17:42:40.336585",3.653831,74,0x09ac,0xffff,0x8841,195,0x09ac,0xfffc,0x1209,,,idle2.pcapng
"Oct 12, 2023 17:42:40.379460",0.042875,68,0xebe5,0xffff,0x8841,194,0xebe5,0xfffc,0x1209,,,idle2.pcapng
"Oct 12, 2023 17:42:40.541237",0.161777,77,0x482d,0xffff,0x8841,214,0x482d,0xfffc,0x1209,,,idle2.pcapng
"Oct 12, 2023 17:42:40.634224",0.092987,77,0x054f,0xffff,0x8841,171,0x054f,0xfffc,0x1209,,,idle2.pcapng
"Oct 12, 2023 17:42:41.231684",0.597460,77,0x82eb,0xffff,0x8841,143,0x82eb,0xfffc,0x1209,,,idle2.pcapng
"Oct 12, 2023 17:42:41.680866",0.449182,12,0x2cae,0x482d,0x8863,39,,,,,,idle2.pcapng
"Oct 12, 2023 17:42:41.681633",0.000767,5,,,0x0002,39,,,,,,idle2.pcapng
"Oct 12, 2023 17:42:41.835334",0.153701,74,0x6e5f,0xffff,0x8841,71,0x6e5f,0xfffc,0x1209,,,idle2.pcapng
"Oct 12, 2023 17:42:42.721551",,52,,,,,,,,,,idle2.pcapng
"Oct 12, 2023 17:42:42.723567",0.002016,5,,,0x0002,131,,,,,,idle2.pcapng
"Oct 12, 2023 17:42:42.731551",,63,,,,,,,,,,idle2.pcapng
"Oct 12, 2023 17:42:42.733950",0.002399,5,,,0x0002,6,,,,,,idle2.pcapng
"Oct 12, 2023 17:42:42.759840",,52,,,,,,,,,,idle2.pcapng
"Oct 12, 2023 17:42:42.761888",0.002048,5,,,0x0002,132,,,,,,idle2.pcapng
"Oct 12, 2023 17:42:42.764241",,52,,,,,,,,,,idle2.pcapng
"Oct 12, 2023 17:42:42.766258",0.002017,5,,,0x0002,215,,,,,,idle2.pcapng
"Oct 12, 2023 17:42:42.770524",,45,,,,,,,,,,idle2.pcapng
"Oct 12, 2023 17:42:42.772318",0.001794,5,,,0x0002,133,,,,,,idle2.pcapng
"Oct 12, 2023 17:42:42.774037",,63,,,,,,,,,,idle2.pcapng
"Oct 12, 2023 17:42:42.776436",0.002399,5,,,0x0002,72,,,,,,idle2.pcapng
"Oct 12, 2023 17:42:42.782115",,54,,,,,,,,,,idle2.pcapng
"Oct 12, 2023 17:42:42.784196",0.002081,5,,,0x0002,134,,,,,,idle2.pcapng
"Oct 12, 2023 17:42:42.791949",,66,,,,,,,,,,idle2.pcapng
"Oct 12, 2023 17:42:42.794444",0.002495,5,,,0x0002,7,,,,,,idle2.pcapng
"Oct 12, 2023 17:42:42.819902",,54,,,,,,,,,,idle2.pcapng
"Oct 12, 2023 17:42:42.822013",0.002111,5,,,0x0002,135,,,,,,idle2.pcapng
"Oct 12, 2023 17:42:42.825170",,54,,,,,,,,,,idle2.pcapng
"Oct 12, 2023 17:42:42.827249",0.002079,5,,,0x0002,216,,,,,,idle2.pcapng
"Oct 12, 2023 17:42:42.833112",,45,,,,,,,,,,idle2.pcapng
"Oct 12, 2023 17:42:42.834935",0.001823,5,,,0x0002,136,,,,,,idle2.pcapng
"Oct 12, 2023 17:42:42.835279",0.000344,107,0x6e5f,0x0000,0x886b,73,,,,,,idle2.pcapng
"Oct 12, 2023 17:42:42.837774",0.002495,5,,,0x0002,73,,,,,,idle2.pcapng
"Oct 12, 2023 17:42:42.845671",,66,,,,,,,,,,idle2.pcapng
"Oct 12, 2023 17:42:42.848166",0.002495,5,,,0x0002,73,,,,,,idle2.pcapng
"Oct 12, 2023 17:42:42.861800",,66,,,,,,,,,,idle2.pcapng
"Oct 12, 2023 17:42:42.864295",0.002495,5,,,0x0002,74,,,,,,idle2.pcapng
"Oct 12, 2023 17:42:42.866006",,54,,,,,,,,,,idle2.pcapng
"Oct 12, 2023 17:42:42.868117",0.002111,5,,,0x0002,137,,,,,,idle2.pcapng
"Oct 12, 2023 17:42:42.872512",,54,,,,,,,,,,idle2.pcapng
"Oct 12, 2023 17:42:42.874591",0.002079,5,,,0x0002,156,,,,,,idle2.pcapng
"Oct 12, 2023 17:42:42.882357",,66,,,,,,,,,,idle2.pcapng
"Oct 12, 2023 17:42:42.884852",0.002495,5,,,0x0002,66,,,,,,idle2.pcapng
"Oct 12, 2023 17:42:42.885647",,45,,,,,,,,,,idle2.pcapng
"Oct 12, 2023 17:42:42.887439",0.001792,5,,,0x0002,138,,,,,,idle2.pcapng
"Oct 12, 2023 17:42:42.900407",,52,,,,,,,,,,idle2.pcapng
"Oct 12, 2023 17:42:42.902454",0.002047,5,,,0x0002,139,,,,,,idle2.pcapng
"Oct 12, 2023 17:42:42.905903",,52,,,,,,,,,,idle2.pcapng
"Oct 12, 2023 17:42:42.907920",0.002017,5,,,0x0002,157,,,,,,idle2.pcapng
"Oct 12, 2023 17:42:42.912766",,45,,,,,,,,,,idle2.pcapng
"Oct 12, 2023 17:42:42.914590",0.001824,5,,,0x0002,140,,,,,,idle2.pcapng
"Oct 12, 2023 17:42:42.915535",,63,,,,,,,,,,idle2.pcapng
"Oct 12, 2023 17:42:42.917934",0.002399,5,,,0x0002,67,,,,,,idle2.pcapng
"Oct 12, 2023 17:42:42.918740",,45,,,,,,,,,,idle2.pcapng
"Oct 12, 2023 17:42:42.920523",0.001783,5,,,0x0002,218,,,,,,idle2.pcapng
"Oct 12, 2023 17:42:42.923252",,45,,,,,,,,,,idle2.pcapng
"Oct 12, 2023 17:42:42.925075",0.001823,5,,,0x0002,141,,,,,,idle2.pcapng
"Oct 12, 2023 17:42:42.929144",0.004069,45,0x482d,0x6e5f,0x8861,219,,,,,,idle2.pcapng
"Oct 12, 2023 17:42:42.930933",0.001789,5,,,0x0002,219,,,,,,idle2.pcapng
"Oct 12, 2023 17:42:42.932823",,45,,,,,,,,,,idle2.pcapng
"Oct 12, 2023 17:42:42.934646",0.001823,5,,,0x0002,142,,,,,,idle2.pcapng
"Oct 12, 2023 17:42:42.937417",,45,,,,,,,,,,idle2.pcapng
"Oct 12, 2023 17:42:42.939210",0.001793,5,,,0x0002,158,,,,,,idle2.pcapng
"Oct 12, 2023 17:42:42.956188",,45,,,,,,,,,,idle2.pcapng
"Oct 12, 2023 17:42:42.958011",0.001823,5,,,0x0002,143,,,,,,idle2.pcapng
"Oct 12, 2023 17:42:42.962687",,45,,,,,,,,,,idle2.pcapng
"Oct 12, 2023 17:42:42.964476",0.001789,5,,,0x0002,159,,,,,,idle2.pcapng
"Oct 12, 2023 17:42:43.716898",0.752422,77,0xe5c4,0xffff,0x8841,221,0xe5c4,0xfffc,0x1209,,,idle2.pcapng
"Oct 12, 2023 17:42:44.320041",0.603143,74,0xa209,0xffff,0x8841,160,0xa209,0xfffc,0x1209,,,idle2.pcapng
"Oct 12, 2023 17:42:44.675494",0.355453,77,0xe694,0xffff,0x8841,8,0xe694,0xfffc,0x1209,,,idle2.pcapng
"Oct 12, 2023 17:42:45.588187",0.912693,104,0xc8f0,0xffff,0x8868,68,,,,,,idle2.pcapng
"Oct 12, 2023 17:42:46.744296",1.156109,12,0x2cae,0x482d,0x8863,40,,,,,,idle2.pcapng
"Oct 12, 2023 17:42:46.745063",0.000767,5,,,0x0002,40,,,,,,idle2.pcapng
"Oct 12, 2023 17:42:50.972312",4.227249,77,0x0000,0xffff,0x8841,144,0x0000,0xfffc,0x1209,,,idle2.pcapng
"Oct 12, 2023 17:42:51.806312",0.834000,12,0x2cae,0x482d,0x8863,41,,,,,,idle2.pcapng
"Oct 12, 2023 17:42:51.807079",0.000767,5,,,0x0002,41,,,,,,idle2.pcapng
"Oct 12, 2023 17:42:53.909652",,57,,,,,,,,,,idle2.pcapng
"Oct 12, 2023 17:42:53.911859",0.002207,5,,,0x0002,9,,,,,,idle2.pcapng
"Oct 12, 2023 17:42:53.952103",,50,,,,,,,,,,idle2.pcapng
"Oct 12, 2023 17:42:53.954044",0.001941,5,,,0x0002,145,,,,,,idle2.pcapng
"Oct 12, 2023 17:42:53.959414",,45,,,,,,,,,,idle2.pcapng
"Oct 12, 2023 17:42:53.961237",0.001823,5,,,0x0002,10,,,,,,idle2.pcapng
"Oct 12, 2023 17:42:53.974714",,63,,,,,,,,,,idle2.pcapng
"Oct 12, 2023 17:42:53.977112",0.002398,5,,,0x0002,11,,,,,,idle2.pcapng
"Oct 12, 2023 17:42:54.023558",,50,,,,,,,,,,idle2.pcapng
"Oct 12, 2023 17:42:54.025509",0.001951,5,,,0x0002,146,,,,,,idle2.pcapng
"Oct 12, 2023 17:42:54.030764",,45,,,,,,,,,,idle2.pcapng
"Oct 12, 2023 17:42:54.032587",0.001823,5,,,0x0002,12,,,,,,idle2.pcapng
"Oct 12, 2023 17:42:55.296973",1.264386,68,0xebe5,0xffff,0x8841,195,0xebe5,0xfffc,0x1209,,,idle2.pcapng
"Oct 12, 2023 17:42:55.346662",,52,,,,,,,,,,idle2.pcapng
"Oct 12, 2023 17:42:55.348709",0.002047,5,,,0x0002,196,,,,,,idle2.pcapng
"Oct 12, 2023 17:42:55.350331",,53,,,,,,,,,,idle2.pcapng
"Oct 12, 2023 17:42:55.352410",0.002079,5,,,0x0002,197,,,,,,idle2.pcapng
"Oct 12, 2023 17:42:55.353347",,52,,,,,,,,,,idle2.pcapng
"Oct 12, 2023 17:42:55.357942",,52,,,,,,,,,,idle2.pcapng
"Oct 12, 2023 17:42:55.359989",0.002047,5,,,0x0002,198,,,,,,idle2.pcapng
"Oct 12, 2023 17:42:55.380979",,45,,,,,,,,,,idle2.pcapng
"Oct 12, 2023 17:42:55.382772",0.001793,5,,,0x0002,147,,,,,,idle2.pcapng
"Oct 12, 2023 17:42:55.386486",,45,,,,,,,,,,idle2.pcapng
"Oct 12, 2023 17:42:55.388272",0.001786,5,,,0x0002,13,,,,,,idle2.pcapng
"Oct 12, 2023 17:42:55.391561",,45,,,,,,,,,,idle2.pcapng
"Oct 12, 2023 17:42:55.393344",0.001783,5,,,0x0002,148,,,,,,idle2.pcapng
"Oct 12, 2023 17:42:55.397207",,45,,,,,,,,,,idle2.pcapng
"Oct 12, 2023 17:42:55.398992",0.001785,5,,,0x0002,14,,,,,,idle2.pcapng
"Oct 12, 2023 17:42:55.399682",,45,,,,,,,,,,idle2.pcapng
"Oct 12, 2023 17:42:55.401475",0.001793,5,,,0x0002,149,,,,,,idle2.pcapng
"Oct 12, 2023 17:42:55.405387",,45,,,,,,,,,,idle2.pcapng
"Oct 12, 2023 17:42:55.407173",0.001786,5,,,0x0002,15,,,,,,idle2.pcapng
"Oct 12, 2023 17:42:55.729580",0.322407,108,0x482d,0xffff,0x886c,220,,,,,,idle2.pcapng
"Oct 12, 2023 17:42:56.235872",0.506292,77,0x82eb,0xffff,0x8841,144,0x82eb,0xfffc,0x1209,,,idle2.pcapng
"Oct 12, 2023 17:42:56.806441",0.570569,12,0x2cae,0x482d,0x8863,42,,,,,,idle2.pcapng
"Oct 12, 2023 17:42:56.807208",0.000767,5,,,0x0002,42,,,,,,idle2.pcapng
"Oct 12, 2023 17:42:56.849110",0.041902,74,0x6e5f,0xffff,0x8841,75,0x6e5f,0xfffc,0x1209,,,idle2.pcapng
"Oct 12, 2023 17:42:56.934246",0.085136,77,0x054f,0xffff,0x8841,172,0x054f,0xfffc,0x1209,,,idle2.pcapng
"Oct 12, 2023 17:42:57.835251",0.901005,74,0x09ac,0xffff,0x8841,196,0x09ac,0xfffc,0x1209,,,idle2.pcapng
"Oct 12, 2023 17:42:59.295319",,54,,,,,,,,,,idle2.pcapng
"Oct 12, 2023 17:42:59.297416",0.002097,5,,,0x0002,150,,,,,,idle2.pcapng
"Oct 12, 2023 17:42:59.301287",,54,,,,,,,,,,idle2.pcapng
"Oct 12, 2023 17:42:59.303397",0.002110,5,,,0x0002,173,,,,,,idle2.pcapng
"Oct 12, 2023 17:42:59.308447",0.005050,55,0xe5c4,0x054f,0x8861,222,0xe5c4,0x0000,0x1a09,,,idle2.pcapng
"Oct 12, 2023 17:42:59.310577",0.002130,5,,,0x0002,222,,,,,,idle2.pcapng
"Oct 12, 2023 17:42:59.314530",0.003953,57,0x054f,0x0000,0x8861,174,0xe5c4,0x0000,0x1a09,,,idle2.pcapng
"Oct 12, 2023 17:42:59.316737",0.002207,5,,,0x0002,174,,,,,,idle2.pcapng
"Oct 12, 2023 17:42:59.355367",,53,,,,,,,,,,idle2.pcapng
"Oct 12, 2023 17:42:59.357433",0.002066,5,,,0x0002,223,,,,,,idle2.pcapng
"Oct 12, 2023 17:42:59.360352",,53,,,,,,,,,,idle2.pcapng
"Oct 12, 2023 17:42:59.362430",0.002078,5,,,0x0002,175,,,,,,idle2.pcapng
"Oct 12, 2023 17:42:59.401692",,54,,,,,,,,,,idle2.pcapng
"Oct 12, 2023 17:42:59.403790",0.002098,5,,,0x0002,151,,,,,,idle2.pcapng
"Oct 12, 2023 17:42:59.407689",,54,,,,,,,,,,idle2.pcapng
"Oct 12, 2023 17:42:59.409800",0.002111,5,,,0x0002,176,,,,,,idle2.pcapng
"Oct 12, 2023 17:42:59.414430",0.004630,55,0xe5c4,0x054f,0x8861,224,0xe5c4,0x0000,0x1a09,,,idle2.pcapng
"Oct 12, 2023 17:42:59.416560",0.002130,5,,,0x0002,224,,,,,,idle2.pcapng
"Oct 12, 2023 17:42:59.420506",0.003946,57,0x054f,0x0000,0x8861,177,0xe5c4,0x0000,0x1a09,,,idle2.pcapng
"Oct 12, 2023 17:42:59.422712",0.002206,5,,,0x0002,177,,,,,,idle2.pcapng
"Oct 12, 2023 17:42:59.462059",,53,,,,,,,,,,idle2.pcapng
"Oct 12, 2023 17:42:59.464125",0.002066,5,,,0x0002,225,,,,,,idle2.pcapng
"Oct 12, 2023 17:42:59.466415",,53,,,,,,,,,,idle2.pcapng
"Oct 12, 2023 17:42:59.468494",0.002079,5,,,0x0002,178,,,,,,idle2.pcapng
"Oct 12, 2023 17:42:59.641233",0.172739,77,0xe694,0xffff,0x8841,16,0xe694,0xfffc,0x1209,,,idle2.pcapng
"Oct 12, 2023 17:42:59.971178",0.329945,74,0xa209,0xffff,0x8841,161,0xa209,0xfffc,0x1209,,,idle2.pcapng
"Oct 12, 2023 17:43:00.651565",0.680387,71,0xc8f0,0xffff,0x8841,69,0xc8f0,0xfffc,0x1209,,,idle2.pcapng
"Oct 12, 2023 17:43:00.894403",0.242838,77,0xe5c4,0xffff,0x8841,226,0xe5c4,0xfffc,0x1209,,,idle2.pcapng
"Oct 12, 2023 17:43:01.870795",0.976392,12,0x2cae,0x482d,0x8863,43,,,,,,idle2.pcapng
"Oct 12, 2023 17:43:01.871562",0.000767,5,,,0x0002,43,,,,,,idle2.pcapng
"Oct 12, 2023 17:43:06.900956",5.029394,12,0x2cae,0x482d,0x8863,44,,,,,,idle2.pcapng
"Oct 12, 2023 17:43:06.901724",0.000768,5,,,0x0002,44,,,,,,idle2.pcapng
"Oct 12, 2023 17:43:07.428086",0.526362,77,0x0000,0xffff,0x8841,152,0x0000,0xfffc,0x1209,,,idle2.pcapng
"Oct 12, 2023 17:43:10.315883",2.887797,68,0xebe5,0xffff,0x8841,199,0xebe5,0xfffc,0x1209,,,idle2.pcapng
"Oct 12, 2023 17:43:11.240701",0.924818,77,0x82eb,0xffff,0x8841,145,0x82eb,0xfffc,0x1209,,,idle2.pcapng
"Oct 12, 2023 17:43:11.874829",0.634128,100,0x6e5f,0xffff,0x8864,76,,,,,,idle2.pcapng
"Oct 12, 2023 17:43:11.933302",0.058473,12,0x2cae,0x482d,0x8863,45,,,,,,idle2.pcapng
"Oct 12, 2023 17:43:11.934069",0.000767,5,,,0x0002,45,,,,,,idle2.pcapng
"Oct 12, 2023 17:43:12.152900",0.218831,74,0x054f,0xffff,0x8841,179,0x054f,0xfffc,0x1209,,,idle2.pcapng
"Oct 12, 2023 17:43:12.320844",0.167944,77,0x482d,0xffff,0x8841,221,0x482d,0xfffc,0x1209,,,idle2.pcapng
"Oct 12, 2023 17:43:12.724293",,52,,,,,,,,,,idle2.pcapng
"Oct 12, 2023 17:43:12.726298",0.002005,5,,,0x0002,153,,,,,,idle2.pcapng
"Oct 12, 2023 17:43:12.734379",,63,,,,,,,,,,idle2.pcapng
"Oct 12, 2023 17:43:12.736778",0.002399,5,,,0x0002,17,,,,,,idle2.pcapng
"Oct 12, 2023 17:43:12.759772",,52,,,,,,,,,,idle2.pcapng
"Oct 12, 2023 17:43:12.761818",0.002046,5,,,0x0002,154,,,,,,idle2.pcapng
"Oct 12, 2023 17:43:12.766560",0.004742,52,0x482d,0x6e5f,0x8861,222,,,,,,idle2.pcapng
"Oct 12, 2023 17:43:12.768576",0.002016,5,,,0x0002,222,,,,,,idle2.pcapng
"Oct 12, 2023 17:43:12.771433",,45,,,,,,,,,,idle2.pcapng
"Oct 12, 2023 17:43:12.773226",0.001793,5,,,0x0002,155,,,,,,idle2.pcapng
"Oct 12, 2023 17:43:12.776175",,63,,,,,,,,,,idle2.pcapng
"Oct 12, 2023 17:43:12.778574",0.002399,5,,,0x0002,77,,,,,,idle2.pcapng
"Oct 12, 2023 17:43:12.788033",,54,,,,,,,,,,idle2.pcapng
"Oct 12, 2023 17:43:12.790113",0.002080,5,,,0x0002,156,,,,,,idle2.pcapng
"Oct 12, 2023 17:43:12.798501",,66,,,,,,,,,,idle2.pcapng
"Oct 12, 2023 17:43:12.800996",0.002495,5,,,0x0002,18,,,,,,idle2.pcapng
"Oct 12, 2023 17:43:12.821230",,54,,,,,,,,,,idle2.pcapng
"Oct 12, 2023 17:43:12.823341",0.002111,5,,,0x0002,157,,,,,,idle2.pcapng
"Oct 12, 2023 17:43:12.826733",0.003392,54,,,0x5861,208,,,,,,idle2.pcapng
"Oct 12, 2023 17:43:12.836503",,66,,,,,,,,,,idle2.pcapng
"Oct 12, 2023 17:43:12.838998",0.002495,5,,,0x0002,78,,,,,,idle2.pcapng
"Oct 12, 2023 17:43:12.842712",,45,,,,,,,,,,idle2.pcapng
"Oct 12, 2023 17:43:12.848652",0.005940,5,,,0x0002,224,,,,,,idle2.pcapng
"Oct 12, 2023 17:43:12.857440",,54,,,,,,,,,,idle2.pcapng
"Oct 12, 2023 17:43:12.859551",0.002111,5,,,0x0002,159,,,,,,idle2.pcapng
"Oct 12, 2023 17:43:12.862667",,54,,,,,,,,,,idle2.pcapng
"Oct 12, 2023 17:43:12.864736",0.002069,5,,,0x0002,162,,,,,,idle2.pcapng
"Oct 12, 2023 17:43:12.868914",,45,,,,,,,,,,idle2.pcapng
"Oct 12, 2023 17:43:12.870706",0.001792,5,,,0x0002,160,,,,,,idle2.pcapng
"Oct 12, 2023 17:43:12.872502",,66,,,,,,,,,,idle2.pcapng
"Oct 12, 2023 17:43:12.874997",0.002495,5,,,0x0002,70,,,,,,idle2.pcapng
"Oct 12, 2023 17:43:12.879706",,52,,,,,,,,,,idle2.pcapng
"Oct 12, 2023 17:43:12.881753",0.002047,5,,,0x0002,161,,,,,,idle2.pcapng
"Oct 12, 2023 17:43:12.884186",,52,,,,,,,,,,idle2.pcapng
"Oct 12, 2023 17:43:12.886202",0.002016,5,,,0x0002,163,,,,,,idle2.pcapng
"Oct 12, 2023 17:43:12.894004",,63,,,,,,,,,,idle2.pcapng
"Oct 12, 2023 17:43:12.896403",0.002399,5,,,0x0002,71,,,,,,idle2.pcapng
"Oct 12, 2023 17:43:12.898680",,45,,,,,,,,,,idle2.pcapng
"Oct 12, 2023 17:43:12.904835",,45,,,,,,,,,,idle2.pcapng
"Oct 12, 2023 17:43:12.906626",0.001791,5,,,0x0002,225,,,,,,idle2.pcapng
"Oct 12, 2023 17:43:12.909316",,45,,,,,,,,,,idle2.pcapng
"Oct 12, 2023 17:43:12.911139",0.001823,5,,,0x0002,162,,,,,,idle2.pcapng
"Oct 12, 2023 17:43:12.917351",,45,,,,,,,,,,idle2.pcapng
"Oct 12, 2023 17:43:12.919175",0.001824,5,,,0x0002,163,,,,,,idle2.pcapng
"Oct 12, 2023 17:43:12.922260",,45,,,,,,,,,,idle2.pcapng
"Oct 12, 2023 17:43:12.924051",0.001791,5,,,0x0002,164,,,,,,idle2.pcapng
"Oct 12, 2023 17:43:12.926185",,45,,,,,,,,,,idle2.pcapng
"Oct 12, 2023 17:43:12.928009",0.001824,5,,,0x0002,164,,,,,,idle2.pcapng
"Oct 12, 2023 17:43:12.931439",,45,,,,,,,,,,idle2.pcapng
"Oct 12, 2023 17:43:12.933232",0.001793,5,,,0x0002,165,,,,,,idle2.pcapng
"Oct 12, 2023 17:43:13.960176",1.026944,74,0x09ac,0xffff,0x8841,197,0x09ac,0xfffc,0x1209,,,idle2.pcapng
"Oct 12, 2023 17:43:14.679827",0.719651,77,0xe694,0xffff,0x8841,19,0xe694,0xfffc,0x1209,,,idle2.pcapng
"Oct 12, 2023 17:43:15.612909",0.933082,71,0xc8f0,0xffff,0x8841,72,0xc8f0,0xfffc,0x1209,,,idle2.pcapng
"Oct 12, 2023 17:43:16.082172",0.469263,74,0xa209,0xffff,0x8841,166,0xa209,0xfffc,0x1209,,,idle2.pcapng
"Oct 12, 2023 17:43:16.996690",0.914518,12,0x2cae,0x482d,0x8863,46,,,,,,idle2.pcapng
"Oct 12, 2023 17:43:16.997457",0.000767,5,,,0x3002,46,,,,,,idle2.pcapng
"Oct 12, 2023 17:43:17.720069",0.722612,77,0xe5c4,0xffff,0x8841,227,0xe5c4,0xfffc,0x1209,,,idle2.pcapng
"Oct 12, 2023 17:43:21.996271",4.276202,12,0x2cae,0x482d,0x8863,47,,,,,,idle2.pcapng
"Oct 12, 2023 17:43:24.974874",2.978603,77,0x0000,0xffff,0x8841,165,0x0000,0xfffc,0x1209,,,idle2.pcapng
"Oct 12, 2023 17:43:25.391510",0.416636,68,0xebe5,0xffff,0x8841,200,0xebe5,0xfffc,0x1209,,,idle2.pcapng
"Oct 12, 2023 17:43:26.238489",0.846979,77,0x82eb,0xffff,0x8841,146,0x82eb,0xfffc,0x1209,,,idle2.pcapng
"Oct 12, 2023 17:43:26.254534",,50,,,,,,,,,,idle2.pcapng
"Oct 12, 2023 17:43:26.256518",0.001984,5,,,0x0002,166,,,,,,idle2.pcapng
"Oct 12, 2023 17:43:26.262735",0.006217,5,,,0x0002,167,,,,,,idle2.pcapng
"Oct 12, 2023 17:43:26.309645",0.046910,53,0xa209,0x0000,0x8861,168,,,,,,idle2.pcapng
"Oct 12, 2023 17:43:26.311724",0.002079,5,,,0x0002,168,,,,,,idle2.pcapng
"Oct 12, 2023 17:43:26.352024",,50,,,,,,,,,,idle2.pcapng
"Oct 12, 2023 17:43:26.354008",0.001984,5,,,0x0002,167,,,,,,idle2.pcapng
"Oct 12, 2023 17:43:26.357708",0.003700,55,0xa209,0x0000,0x8861,169,0xa209,0x0000,0x1a09,,,idle2.pcapng
"Oct 12, 2023 17:43:26.359851",0.002143,5,,,0x0002,169,,,,,,idle2.pcapng
"Oct 12, 2023 17:43:26.406382",,53,,,,,,,,,,idle2.pcapng
"Oct 12, 2023 17:43:26.408460",0.002078,5,,,0x0002,170,,,,,,idle2.pcapng
"Oct 12, 2023 17:43:26.804287",0.395827,74,0x6e5f,0xffff,0x8841,79,0x6e5f,0xfffc,0x1209,,,idle2.pcapng
"Oct 12, 2023 17:43:27.028261",0.223974,12,0x2cae,0x482d,0x8863,48,,,,,,idle2.pcapng
"Oct 12, 2023 17:43:27.029028",0.000767,5,,,0x0002,48,,,,,,idle2.pcapng
"Oct 12, 2023 17:43:28.067841",1.038813,77,0x482d,0xffff,0x8841,226,0x482d,0xfffc,0x1209,,,idle2.pcapng
"Oct 12, 2023 17:43:28.154147",,60,,,,,,,,,,idle2.pcapng
"Oct 12, 2023 17:43:28.156450",0.002303,5,,,0x0002,20,,,,,,idle2.pcapng
"Oct 12, 2023 17:43:28.196800",,50,,,,,,,,,,idle2.pcapng
"Oct 12, 2023 17:43:28.198741",0.001941,5,,,0x0002,168,,,,,,idle2.pcapng
"Oct 12, 2023 17:43:28.204030",,45,,,,,,,,,,idle2.pcapng
"Oct 12, 2023 17:43:28.205853",0.001823,5,,,0x0002,21,,,,,,idle2.pcapng
"Oct 12, 2023 17:43:29.683483",1.477630,77,0x054f,0xffff,0x8841,180,0x054f,0xfffc,0x1209,,,idle2.pcapng
"Oct 12, 2023 17:43:29.688720",0.005237,77,0xe694,0xffff,0x8841,22,0xe694,0xfffc,0x1209,,,idle2.pcapng
"Oct 12, 2023 17:43:30.608733",0.920013,71,0xc8f0,0xffff,0x8841,73,0xc8f0,0xfffc,0x1209,,,idle2.pcapng
"Oct 12, 2023 17:43:30.798259",0.189526,74,0x09ac,0xffff,0x8841,198,0x09ac,0xfffc,0x1209,,,idle2.pcapng
"Oct 12, 2023 17:43:32.089765",1.291506,12,0x2cae,0x482d,0x8863,49,,,,,,idle2.pcapng
"Oct 12, 2023 17:43:32.090532",0.000767,5,,,0x0002,49,,,,,,idle2.pcapng
"Oct 12, 2023 17:43:32.691364",0.600832,60,0x79c7,0x0000,0x8861,80,,,,,,idle2.pcapng
"Oct 12, 2023 17:43:32.693667",0.002303,5,,,0x0002,80,,,,,,idle2.pcapng
"Oct 12, 2023 17:43:32.734772",,50,,,,,,,,,,idle2.pcapng
"Oct 12, 2023 17:43:32.736755",0.001983,5,,,0x0002,169,,,,,,idle2.pcapng
"Oct 12, 2023 17:43:32.741164",,50,,,,,,,,,,idle2.pcapng
"Oct 12, 2023 17:43:32.743106",0.001942,5,,,0x0002,227,,,,,,idle2.pcapng
"Oct 12, 2023 17:43:32.748313",,45,,,,,,,,,,idle2.pcapng
"Oct 12, 2023 17:43:32.750136",0.001823,5,,,0x0002,81,,,,,,idle2.pcapng
"Oct 12, 2023 17:43:34.437634",1.687498,77,0xe5c4,0xffff,0x8841,228,0xe5c4,0xfffc,0x1209,,,idle2.pcapng
"Oct 12, 2023 17:43:37.090854",2.653220,12,0x2cae,0x482d,0x8863,50,,,,,,idle2.pcapng
"Oct 12, 2023 17:43:37.091622",0.000768,5,,,0x0002,50,,,,,,idle2.pcapng
"Oct 12, 2023 17:43:40.355465",3.263843,68,0xebe5,0xffff,0x8841,201,0xebe5,0xfffc,0x1209,,,idle2.pcapng
"Oct 12, 2023 17:43:41.232757",0.877292,77,0x82eb,0xffff,0x8841,147,0x82eb,0xfffc,0x1209,,,idle2.pcapng
"Oct 12, 2023 17:43:41.905368",0.672611,74,0x6e5f,0xffff,0x8841,82,0x6e5f,0xfffc,0x1209,,,idle2.pcapng
"Oct 12, 2023 17:43:42.055491",,57,,,,,,,,,,idle2.pcapng
"Oct 12, 2023 17:43:42.057698",0.002207,5,,,0x0002,148,,,,,,idle2.pcapng
"Oct 12, 2023 17:43:42.072380",,45,,,,,,,,,,idle2.pcapng
"Oct 12, 2023 17:43:42.074172",0.001792,5,,,0x0002,170,,,,,,idle2.pcapng
"Oct 12, 2023 17:43:42.078002",,45,,,,,,,,,,idle2.pcapng
"Oct 12, 2023 17:43:42.079829",0.001827,5,,,0x0002,23,,,,,,idle2.pcapng
"Oct 12, 2023 17:43:42.098343",,49,,,,,,,,,,idle2.pcapng
"Oct 12, 2023 17:43:42.100265",0.001922,5,,,0x0002,171,,,,,,idle2.pcapng
"Oct 12, 2023 17:43:42.103961",,49,,,,,,,,,,idle2.pcapng
"Oct 12, 2023 17:43:42.105916",0.001955,5,,,0x0002,24,,,,,,idle2.pcapng
"Oct 12, 2023 17:43:42.122326",0.016410,12,0x2cae,0x482d,0x8863,51,,,,,,idle2.pcapng
"Oct 12, 2023 17:43:42.123093",0.000767,5,,,0x0002,51,,,,,,idle2.pcapng
"Oct 12, 2023 17:43:42.155891",,45,,,,,,,,,,idle2.pcapng
"Oct 12, 2023 17:43:42.164806",0.008915,45,,,,,,,,,,idle2.pcapng
"Oct 12, 2023 17:43:42.170840",,45,,,,,,,,,,idle2.pcapng
"Oct 12, 2023 17:43:42.172663",0.001823,5,,,0x0002,149,,,,,,idle2.pcapng
"Oct 12, 2023 17:43:42.179115",0.006452,45,,,0x8461,149,,,,,,idle2.pcapng
"Oct 12, 2023 17:43:42.488394",0.309279,77,0x0000,0xffff,0x8841,172,0x0000,0xfffc,0x1209,,,idle2.pcapng
"Oct 12, 2023 17:43:42.726939",,52,,,,,,,,,,idle2.pcapng
"Oct 12, 2023 17:43:42.728956",0.002017,5,,,0x0002,173,,,,,,idle2.pcapng
"Oct 12, 2023 17:43:42.736902",,63,,,,,,,,,,idle2.pcapng
"Oct 12, 2023 17:43:42.739301",0.002399,5,,,0x0002,25,,,,,,idle2.pcapng
"Oct 12, 2023 17:43:42.762767",,52,,,,,,,,,,idle2.pcapng
"Oct 12, 2023 17:43:42.764815",0.002048,5,,,0x0002,174,,,,,,idle2.pcapng
"Oct 12, 2023 17:43:42.767212",,52,,,,,,,,,,idle2.pcapng
"Oct 12, 2023 17:43:42.769227",0.002015,5,,,0x0002,228,,,,,,idle2.pcapng
"Oct 12, 2023 17:43:42.774269",,45,,,,,,,,,,idle2.pcapng
"Oct 12, 2023 17:43:42.776063",0.001794,5,,,0x0002,175,,,,,,idle2.pcapng
"Oct 12, 2023 17:43:42.777092",,63,,,,,,,,,,idle2.pcapng
"Oct 12, 2023 17:43:42.779491",0.002399,5,,,0x0002,83,,,,,,idle2.pcapng
"Oct 12, 2023 17:43:42.790445",,54,,,,,,,,,,idle2.pcapng
"Oct 12, 2023 17:43:42.792516",0.002071,5,,,0x0002,176,,,,,,idle2.pcapng
"Oct 12, 2023 17:43:42.800490",,66,,,,,,,,,,idle2.pcapng
"Oct 12, 2023 17:43:42.802985",0.002495,5,,,0x0002,26,,,,,,idle2.pcapng
"Oct 12, 2023 17:43:42.823435",,54,,,,,,,,,,idle2.pcapng
"Oct 12, 2023 17:43:42.825546",0.002111,5,,,0x0002,177,,,,,,idle2.pcapng
"Oct 12, 2023 17:43:42.829786",0.004240,54,0x482d,0x695f,0x8861,231,,,,,,idle2.pcapng
"Oct 12, 2023 17:43:42.831860",0.002074,5,,,0x0002,229,,,,,,idle2.pcapng
"Oct 12, 2023 17:43:42.834862",,45,,,,,,,,,,idle2.pcapng
"Oct 12, 2023 17:43:42.836686",0.001824,5,,,0x0002,178,,,,,,idle2.pcapng
"Oct 12, 2023 17:43:42.839601",,66,,,,,,,,,,idle2.pcapng
"Oct 12, 2023 17:43:42.842096",0.002495,5,,,0x0002,84,,,,,,idle2.pcapng
"Oct 12, 2023 17:43:42.844156",,45,,,,,,,,,,idle2.pcapng
"Oct 12, 2023 17:43:42.845949",0.001793,5,,,0x0002,230,,,,,,idle2.pcapng
"Oct 12, 2023 17:43:42.847356",,54,,,,,,,,,,idle2.pcapng
"Oct 12, 2023 17:43:42.857625",0.010269,54,0xa209,0xc8f0,0x8861,172,,,,,,idle2.pcapng
"Oct 12, 2023 17:43:42.867335",,66,,,,,,,,,,idle2.pcapng
"Oct 12, 2023 17:43:42.869830",0.002495,5,,,0x0002,74,,,,,,idle2.pcapng
"Oct 12, 2023 17:43:42.872283",,45,,,,,,,,,,idle2.pcapng
"Oct 12, 2023 17:43:42.874075",0.001792,5,,,0x0002,180,,,,,,idle2.pcapng
"Oct 12, 2023 17:43:42.887442",,45,,,,,,,,,,idle2.pcapng
"Oct 12, 2023 17:43:42.889265",0.001823,5,,,0x0002,181,,,,,,idle2.pcapng
"Oct 12, 2023 17:43:42.894155",,45,,,,,,,,,,idle2.pcapng
"Oct 12, 2023 17:43:42.895946",0.001791,5,,,0x0002,231,,,,,,idle2.pcapng
"Oct 12, 2023 17:43:42.900407",,52,,,,,,,,,,idle2.pcapng
"Oct 12, 2023 17:43:42.902454",0.002047,5,,,0x0002,182,,,,,,idle2.pcapng
"Oct 12, 2023 17:43:42.907073",,52,,,,,,,,,,idle2.pcapng
"Oct 12, 2023 17:43:42.909079",0.002006,5,,,0x0002,173,,,,,,idle2.pcapng
"Oct 12, 2023 17:43:42.912584",,45,,,,,,,,,,idle2.pcapng
"Oct 12, 2023 17:43:42.914407",0.001823,5,,,0x0002,183,,,,,,idle2.pcapng
"Oct 12, 2023 17:43:42.916832",,63,,,,,,,,,,idle2.pcapng
"Oct 12, 2023 17:43:42.919231",0.002399,5,,,0x0002,75,,,,,,idle2.pcapng
"Oct 12, 2023 17:43:42.922602",,45,,,,,,,,,,idle2.pcapng
"Oct 12, 2023 17:43:42.924394",0.001792,5,,,0x0002,174,,,,,,idle2.pcapng
"Oct 12, 2023 17:43:42.933609",,45,,,,,,,,,,idle2.pcapng
"Oct 12, 2023 17:43:42.935432",0.001823,5,,,0x0002,184,,,,,,idle2.pcapng
"Oct 12, 2023 17:43:42.940130",,45,,,,,,,,,,idle2.pcapng
"Oct 12, 2023 17:43:42.941913",0.001783,5,,,0x0002,175,,,,,,idle2.pcapng
"Oct 12, 2023 17:43:44.705887",1.763974,77,0xe694,0xffff,0x8841,27,0xe694,0xfffc,0x1209,,,idle2.pcapng
"Oct 12, 2023 17:43:45.297581",0.591694,105,0x482d,0xffff,0x8869,232,,,,,,idle2.pcapng
"Oct 12, 2023 17:43:45.509815",0.212234,74,0x09ac,0xffff,0x8841,199,0x09ac,0xfffc,0x1209,,,idle2.pcapng
"Oct 12, 2023 17:43:45.611317",0.101502,71,0xc8f0,0xffff,0x8841,76,0xc8f0,0xfffc,0x1209,,,idle2.pcapng
"Oct 12, 2023 17:43:45.840126",0.228809,74,0x054f,0xffff,0x8841,181,0x054f,0xfffc,0x1209,,,idle2.pcapng
"Oct 12, 2023 17:43:47.183454",1.343328,12,0x2cae,0x482d,0x8863,52,,,,,,idle2.pcapng
"Oct 12, 2023 17:43:47.184221",0.000767,5,,,0x0002,52,,,,,,idle2.pcapng
"Oct 12, 2023 17:43:48.503517",1.319296,74,0xa209,0xffff,0x8841,176,0xa209,0xfffc,0x1209,,,idle2.pcapng
"Oct 12, 2023 17:43:50.770401",2.266884,77,0xe5c4,0xffff,0x8841,229,0xe5c4,0xfffc,0x1209,,,idle2.pcapng
"Oct 12, 2023 17:43:52.187873",1.417472,12,0x2cae,0x482d,0x8863,53,,,,,,idle2.pcapng
"Oct 12, 2023 17:43:52.533882",0.346009,53,0x2cae,0x482d,0x8861,54,,,,,,idle2.pcapng
"Oct 12, 2023 17:43:52.535962",0.002080,5,,,0x0002,54,,,,,,idle2.pcapng
"Oct 12, 2023 17:43:52.538641",0.002679,57,0x482d,0x0000,0x8861,233,,,,,,idle2.pcapng
"Oct 12, 2023 17:43:52.543153",0.004512,57,0x482d,0x0000,0x8861,233,0x2cae,0x0000,0x1a09,,,idle2.pcapng
"Oct 12, 2023 17:43:52.545360",0.002207,5,,,0x0002,233,,,,,,idle2.pcapng
"Oct 12, 2023 17:43:52.549180",0.003820,12,0x2cae,0x482d,0x8863,55,,,,,,idle2.pcapng
"Oct 12, 2023 17:43:52.549947",0.000767,5,,,0x0002,55,,,,,,idle2.pcapng
"Oct 12, 2023 17:43:52.587500",,53,,,,,,,,,,idle2.pcapng
"Oct 12, 2023 17:43:52.589579",0.002079,5,,,0x0002,234,,,,,,idle2.pcapng
"Oct 12, 2023 17:43:52.628578",,54,,,,,,,,,,idle2.pcapng
"Oct 12, 2023 17:43:52.630689",0.002111,5,,,0x0002,185,,,,,,idle2.pcapng
"Oct 12, 2023 17:43:54.028021",1.397332,12,0x2cae,0x482d,0x8863,56,,,,,,idle2.pcapng
"Oct 12, 2023 17:43:54.028788",0.000767,5,,,0x0012,56,,,,,,idle2.pcapng
"Oct 12, 2023 17:43:54.031083",,50,,,,,,,,,,idle2.pcapng
"Oct 12, 2023 17:43:54.033068",0.001985,5,,,0x0002,235,,,,,,idle2.pcapng
"Oct 12, 2023 17:43:54.036344",0.003276,12,0x2cae,0x482d,0x8863,57,,,,,,idle2.pcapng
"Oct 12, 2023 17:43:54.037111",0.000767,5,,,0x0002,57,,,,,,idle2.pcapng
"Oct 12, 2023 17:43:54.044237",,45,,,,,,,,,,idle2.pcapng
"Oct 12, 2023 17:43:54.046060",0.001823,5,,,0x0002,58,,,,,,idle2.pcapng
"Oct 12, 2023 17:43:54.049638",0.003578,57,0x482d,0x0000,0x8861,236,0x2cae,0x0000,0x1a09,,,idle2.pcapng
"Oct 12, 2023 17:43:54.051845",0.002207,5,,,0x0002,236,,,,,,idle2.pcapng
"Oct 12, 2023 17:43:54.057313",0.005468,12,0x2cae,0x482d,0x8863,59,,,,,,idle2.pcapng
"Oct 12, 2023 17:43:54.058081",0.000768,5,,,0x0002,59,,,,,,idle2.pcapng
"Oct 12, 2023 17:43:54.098341",,45,,,,,,,,,,idle2.pcapng
"Oct 12, 2023 17:43:54.100164",0.001823,5,,,0x0002,237,,,,,,idle2.pcapng
"Oct 12, 2023 17:43:55.389205",1.289041,68,0xebe5,0xffff,0x8841,202,0xebe5,0xfffc,0x1209,,,idle2.pcapng
"Oct 12, 2023 17:43:56.242386",0.853181,77,0x82eb,0xffff,0x8841,150,0x82eb,0xfffc,0x1209,,,idle2.pcapng
"Oct 12, 2023 17:43:56.842435",0.600049,74,0x6e5f,0xffff,0x8841,85,0x6e5f,0xfffc,0x1209,,,idle2.pcapng
"Oct 12, 2023 17:43:57.784091",0.941656,77,0x0000,0xffff,0x8841,186,0x0000,0xfffc,0x1209,,,idle2.pcapng
"Oct 12, 2023 17:43:59.092102",1.308011,12,0x2cae,0x482d,0x8863,60,,,,,,idle2.pcapng
"Oct 12, 2023 17:43:59.092869",0.000767,5,,,0x0002,60,,,,,,idle2.pcapng
"Oct 12, 2023 17:43:59.608746",0.515877,77,0xe694,0xffff,0x8841,28,0xe694,0xfffc,0x1209,,,idle2.pcapng
"Oct 12, 2023 17:43:59.612138",0.003392,77,0x482d,0xffff,0x8841,238,0x482d,0xfffc,0x1209,,,idle2.pcapng
"Oct 12, 2023 17:44:00.544080",0.931942,71,0xc8f0,0xffff,0x8841,77,0xc8f0,0xfffc,0x1209,,,idle2.pcapng
"Oct 12, 2023 17:44:00.641168",0.097088,77,0x054f,0xffff,0x8841,182,0x054f,0xfffc,0x1209,,,idle2.pcapng
"Oct 12, 2023 17:44:03.173929",2.532761,74,0x09ac,0xffff,0x8841,200,0x09ac,0xfffc,0x1209,,,idle2.pcapng
"Oct 12, 2023 17:44:03.528571",,59,,,,,,,,,,idle2.pcapng
"Oct 12, 2023 17:44:03.530842",0.002271,5,,,0x0002,183,,,,,,idle2.pcapng
"Oct 12, 2023 17:44:03.559926",,45,,,,,,,,,,idle2.pcapng
"Oct 12, 2023 17:44:03.561719",0.001793,5,,,0x0002,187,,,,,,idle2.pcapng
"Oct 12, 2023 17:44:03.570789",,49,,,,,,,,,,idle2.pcapng
"Oct 12, 2023 17:44:03.572709",0.001920,5,,,0x0002,188,,,,,,idle2.pcapng
"Oct 12, 2023 17:44:03.587688",,45,,,,,,,,,,idle2.pcapng
"Oct 12, 2023 17:44:03.589497",0.001809,5,,,0x0002,29,,,,,,idle2.pcapng
"Oct 12, 2023 17:44:03.593761",,49,,,,,,,,,,idle2.pcapng
"Oct 12, 2023 17:44:03.595698",0.001937,5,,,0x0002,30,,,,,,idle2.pcapng
"Oct 12, 2023 17:44:03.609948",,45,,,,,,,,,,idle2.pcapng
"Oct 12, 2023 17:44:03.611771",0.001823,5,,,0x0002,184,,,,,,idle2.pcapng
"Oct 12, 2023 17:44:04.152683",0.540912,12,0x2cae,0x482d,0x8863,61,,,,,,idle2.pcapng
"Oct 12, 2023 17:44:05.526679",1.373996,77,0xe5c4,0xffff,0x8841,230,0xe5c4,0xfffc,0x1209,,,idle2.pcapng
"Oct 12, 2023 17:44:05.961799",0.435120,74,0xa209,0xffff,0x8841,177,0xa209,0xfffc,0x1209,,,idle2.pcapng
"Oct 12, 2023 17:44:06.154288",,60,,,,,,,,,,idle2.pcapng
"Oct 12, 2023 17:44:06.156591",0.002303,5,,,0x0002,78,,,,,,idle2.pcapng
"Oct 12, 2023 17:44:06.204421",,50,,,,,,,,,,idle2.pcapng
"Oct 12, 2023 17:44:06.206405",0.001984,5,,,0x0002,189,,,,,,idle2.pcapng
"Oct 12, 2023 17:44:06.210124",,50,,,,,,,,,,idle2.pcapng
"Oct 12, 2023 17:44:06.212065",0.001941,5,,,0x0002,178,,,,,,idle2.pcapng
"Oct 12, 2023 17:44:06.217177",,45,,,,,,,,,,idle2.pcapng
"Oct 12, 2023 17:44:06.219000",0.001823,5,,,0x0002,79,,,,,,idle2.pcapng
"Oct 12, 2023 17:44:09.153293",2.934293,12,0x2cae,0x482d,0x8863,62,,,,,,idle2.pcapng
"Oct 12, 2023 17:44:09.154060",0.000767,5,,,0x0002,62,,,,,,idle2.pcapng
"Oct 12, 2023 17:44:10.335161",1.181101,68,0xebe5,0xffff,0x8841,203,0xebe5,0xfffc,0x1209,,,idle2.pcapng
"Oct 12, 2023 17:44:11.247214",0.912053,77,0x82eb,0xffff,0x8841,151,0x82eb,0xfffc,0x1209,,,idle2.pcapng
"Oct 12, 2023 17:44:11.846152",0.598938,74,0x6e5f,0xffff,0x8841,86,0x6e5f,0xfffc,0x1209,,,idle2.pcapng
"Oct 12, 2023 17:44:12.727569",,52,,,,,,,,,,idle2.pcapng
"Oct 12, 2023 17:44:12.729586",0.002017,5,,,0x0002,190,,,,,,idle2.pcapng
"Oct 12, 2023 17:44:12.737612",,63,,,,,,,,,,idle2.pcapng
"Oct 12, 2023 17:44:12.740011",0.002399,5,,,0x0002,31,,,,,,idle2.pcapng
"Oct 12, 2023 17:44:12.763085",,52,,,,,,,,,,idle2.pcapng
"Oct 12, 2023 17:44:12.765133",0.002048,5,,,0x0002,191,,,,,,idle2.pcapng
"Oct 12, 2023 17:44:12.769124",,52,,,,,,,,,,idle2.pcapng
"Oct 12, 2023 17:44:12.771141",0.002017,5,,,0x0002,239,,,,,,idle2.pcapng
"Oct 12, 2023 17:44:12.776338",,45,,,,,,,,,,idle2.pcapng
"Oct 12, 2023 17:44:12.778131",0.001793,5,,,0x0002,192,,,,,,idle2.pcapng
"Oct 12, 2023 17:44:12.778759",,63,,,,,,,,,,idle2.pcapng
"Oct 12, 2023 17:44:12.781157",0.002398,5,,,0x0002,87,,,,,,idle2.pcapng
"Oct 12, 2023 17:44:12.798566",,54,,,,,,,,,,idle2.pcapng
"Oct 12, 2023 17:44:12.800645",0.002079,5,,,0x0002,193,,,,,,idle2.pcapng
"Oct 12, 2023 17:44:12.808523",,66,,,,,,,,,,idle2.pcapng
"Oct 12, 2023 17:44:12.811018",0.002495,5,,,0x0002,32,,,,,,idle2.pcapng
"Oct 12, 2023 17:44:12.817155",,54,,,,,,,,,,idle2.pcapng
"Oct 12, 2023 17:44:12.819266",0.002111,5,,,0x0002,194,,,,,,idle2.pcapng
"Oct 12, 2023 17:44:12.823893",,54,,,,,,,,,,idle2.pcapng
"Oct 12, 2023 17:44:12.825975",0.002082,5,,,0x0002,240,,,,,,idle2.pcapng
"Oct 12, 2023 17:44:12.833773",,66,,,,,,,,,,idle2.pcapng
"Oct 12, 2023 17:44:12.836268",0.002495,5,,,0x0002,88,,,,,,idle2.pcapng
"Oct 12, 2023 17:44:12.842092",,45,,,,,,,,,,idle2.pcapng
"Oct 12, 2023 17:44:12.843916",0.001824,5,,,0x0002,195,,,,,,idle2.pcapng
"Oct 12, 2023 17:44:12.846580",,45,,,,,,,,,,idle2.pcapng
"Oct 12, 2023 17:44:12.848362",0.001782,5,,,0x0002,241,,,,,,idle2.pcapng
"Oct 12, 2023 17:44:12.856746",,54,,,,,,,,,,idle2.pcapng
"Oct 12, 2023 17:44:12.862034",,54,,,,,,,,,,idle2.pcapng
"Oct 12, 2023 17:44:12.865805",,54,,,,,,,,,,idle2.pcapng
"Oct 12, 2023 17:44:12.867916",0.002111,5,,,,,,,,,,idle2.pcapng
"Oct 12, 2023 17:44:12.871942",,66,,,,,,,,,,idle2.pcapng
"Oct 12, 2023 17:44:12.874437",0.002495,5,,,0x0002,80,,,,,,idle2.pcapng
"Oct 12, 2023 17:44:12.890145",,45,,,,,,,,,,idle2.pcapng
"Oct 12, 2023 17:44:12.891928",0.001783,5,,,0x0002,197,,,,,,idle2.pcapng
"Oct 12, 2023 17:44:12.898420",,52,,,,,,,,,,idle2.pcapng
"Oct 12, 2023 17:44:12.900468",0.002048,5,,,0x0002,198,,,,,,idle2.pcapng
"Oct 12, 2023 17:44:12.903294",,52,,,,,,,,,,idle2.pcapng
"Oct 12, 2023 17:44:12.905300",0.002006,5,,,0x0002,180,,,,,,idle2.pcapng
"Oct 12, 2023 17:44:12.911122",,45,,,,,,,,,,idle2.pcapng
"Oct 12, 2023 17:44:12.913079",0.001957,106,,,0x766a,86,,,,,,idle2.pcapng
"Oct 12, 2023 17:44:12.920647",,45,,,,,,,,,,idle2.pcapng
"Oct 12, 2023 17:44:12.922470",0.001823,5,,,0x0002,199,,,,,,idle2.pcapng
"Oct 12, 2023 17:44:12.923487",,63,,,,,,,,,,idle2.pcapng
"Oct 12, 2023 17:44:12.925886",0.002399,5,,,0x0002,81,,,,,,idle2.pcapng
"Oct 12, 2023 17:44:12.928293",,45,,,,,,,,,,idle2.pcapng
"Oct 12, 2023 17:44:12.930085",0.001792,5,,,0x0002,242,,,,,,idle2.pcapng
"Oct 12, 2023 17:44:12.934504",,45,,,,,,,,,,idle2.pcapng
"Oct 12, 2023 17:44:12.936327",0.001823,5,,,0x0002,200,,,,,,idle2.pcapng
"Oct 12, 2023 17:44:12.940166",,45,,,,,,,,,,idle2.pcapng
"Oct 12, 2023 17:44:12.941989",0.001823,5,,,0x0002,201,,,,,,idle2.pcapng
"Oct 12, 2023 17:44:12.949478",,45,,,,,,,,,,idle2.pcapng
"Oct 12, 2023 17:44:12.951260",0.001782,5,,,0x0002,181,,,,,,idle2.pcapng
"Oct 12, 2023 17:44:12.963129",,45,,,,,,,,,,idle2.pcapng
"Oct 12, 2023 17:44:12.964921",0.001792,5,,,0x0002,182,,,,,,idle2.pcapng
"Oct 12, 2023 17:44:14.215991",1.251070,12,0x2cae,0x482d,0x8863,63,,,,,,idle2.pcapng
"Oct 12, 2023 17:44:14.216758",0.000767,5,,,0x0002,63,,,,,,idle2.pcapng
"Oct 12, 2023 17:44:14.668507",0.451749,77,0xe694,0xffff,0x8841,33,0xe694,0xfffc,0x1209,,,idle2.pcapng
"Oct 12, 2023 17:44:15.409672",0.741165,77,0x0000,0xffff,0x8841,202,0x0000,0xfffc,0x1209,,,idle2.pcapng
"Oct 12, 2023 17:44:15.540725",0.131053,71,0xc8f0,0xffff,0x8841,82,0xc8f0,0xfffc,0x1209,,,idle2.pcapng
"Oct 12, 2023 17:44:17.005932",1.465207,77,0x482d,0xffff,0x8841,243,0x482d,0xfffc,0x1209,,,idle2.pcapng
"Oct 12, 2023 17:44:18.126109",1.120177,77,0x054f,0xffff,0x8841,185,0x054f,0xfffc,0x1209,,,idle2.pcapng
"Oct 12, 2023 17:44:19.133954",,55,,,,,,,,,,idle2.pcapng
"Oct 12, 2023 17:44:19.136058",0.002104,5,,,0x0002,131,,,,,,idle2.pcapng
"Oct 12, 2023 17:44:19.140167",,55,,,,,,,,,,idle2.pcapng
"Oct 12, 2023 17:44:19.142309",0.002142,5,,,0x0002,34,,,,,,idle2.pcapng
"Oct 12, 2023 17:44:19.248829",0.106520,12,0x2cae,0x482d,0x8863,64,,,,,,idle2.pcapng
"Oct 12, 2023 17:44:19.249596",0.000767,5,,,0x0002,64,,,,,,idle2.pcapng
"Oct 12, 2023 17:44:20.231670",0.982074,74,0x09ac,0xffff,0x8841,201,0x09ac,0xfffc,0x1209,,,idle2.pcapng
"Oct 12, 2023 17:44:21.016687",0.785017,74,0xa209,0xffff,0x8841,183,0xa209,0xfffc,0x1209,,,idle2.pcapng
"Oct 12, 2023 17:44:22.234228",1.217541,77,0xe5c4,0xffff,0x8841,231,0xe5c4,0xfffc,0x1209,,,idle2.pcapng
"Oct 12, 2023 17:44:24.248608",2.014380,12,0x2cae,0x482d,0x8863,65,,,,,,idle2.pcapng
"Oct 12, 2023 17:44:24.249375",0.000767,5,,,0x0002,65,,,,,,idle2.pcapng
"Oct 12, 2023 17:44:25.379000",1.129625,68,0xebe5,0xffff,0x8841,204,0xebe5,0xfffc,0x1209,,,idle2.pcapng
"Oct 12, 2023 17:44:26.233802",0.854802,77,0x82eb,0xffff,0x8841,152,0x82eb,0xfffc,0x1209,,,idle2.pcapng
"Oct 12, 2023 17:44:26.906882",0.673080,74,0x6e5f,0xffff,0x8841,89,0x6e5f,0xfffc,0x1209,,,idle2.pcapng
"Oct 12, 2023 17:44:29.310955",2.404073,12,0x2cae,0x482d,0x8863,66,,,,,,idle2.pcapng
"Oct 12, 2023 17:44:29.311722",0.000767,5,,,0x0002,66,,,,,,idle2.pcapng
"Oct 12, 2023 17:44:29.411990",0.100268,77,0x0000,0xffff,0x8841,203,0x0000,0xfffc,0x1209,,,idle2.pcapng
"Oct 12, 2023 17:44:29.701116",0.289126,77,0xe694,0xffff,0x8841,35,0xe694,0xfffc,0x1209,,,idle2.pcapng
"Oct 12, 2023 17:44:30.644999",0.943883,71,0xc8f0,0xffff,0x8841,83,0xc8f0,0xfffc,0x1209,,,idle2.pcapng
"Oct 12, 2023 17:44:32.758178",2.113179,77,0x054f,0xffff,0x8841,186,0x054f,0xfffc,0x1209,,,idle2.pcapng
"Oct 12, 2023 17:44:34.310470",1.552292,12,0x2cae,0x482d,0x8863,67,,,,,,idle2.pcapng
"Oct 12, 2023 17:44:35.064823",0.754353,77,0x482d,0xffff,0x8841,244,0x482d,0xfffc,0x1209,,,idle2.pcapng
"Oct 12, 2023 17:44:36.577615",1.512792,74,0x09ac,0xffff,0x8841,202,0x09ac,0xfffc,0x1209,,,idle2.pcapng
"Oct 12, 2023 17:44:36.735688",0.158073,74,0xa209,0xffff,0x8841,184,0xa209,0xfffc,0x1209,,,idle2.pcapng
"Oct 12, 2023 17:44:38.395563",1.659875,77,0xe5c4,0xffff,0x8841,232,0xe5c4,0xfffc,0x1209,,,idle2.pcapng
"Oct 12, 2023 17:44:39.341972",0.946409,12,0x2cae,0x482d,0x8863,68,,,,,,idle2.pcapng
"Oct 12, 2023 17:44:39.342739",0.000767,5,,,0x0002,68,,,,,,idle2.pcapng
"Oct 12, 2023 17:44:40.350731",1.007992,68,0xebe5,0xffff,0x8841,205,0xebe5,0xfffc,0x1209,,,idle2.pcapng
"Oct 12, 2023 17:44:41.238310",0.887579,77,0x82eb,0xffff,0x8841,153,0x82eb,0xfffc,0x1209,,,idle2.pcapng
"Oct 12, 2023 17:44:41.851017",0.612707,99,0x6e5f,0xffff,0x8863,90,,,,,,idle2.pcapng
"Oct 12, 2023 17:44:42.730375",,52,,,,,,,,,,idle2.pcapng
"Oct 12, 2023 17:44:42.732391",0.002016,5,,,0x0002,204,,,,,,idle2.pcapng
"Oct 12, 2023 17:44:42.740333",,63,,,,,,,,,,idle2.pcapng
"Oct 12, 2023 17:44:42.742731",0.002398,5,,,0x0002,36,,,,,,idle2.pcapng
"Oct 12, 2023 17:44:42.765930",,52,,,,,,,,,,idle2.pcapng
"Oct 12, 2023 17:44:42.767978",0.002048,5,,,0x0002,205,,,,,,idle2.pcapng
"Oct 12, 2023 17:44:42.771722",,52,,,,,,,,,,idle2.pcapng
"Oct 12, 2023 17:44:42.773727",0.002005,5,,,0x0002,245,,,,,,idle2.pcapng
"Oct 12, 2023 17:44:42.777849",,45,,,,,,,,,,idle2.pcapng
"Oct 12, 2023 17:44:42.779642",0.001793,5,,,0x0002,206,,,,,,idle2.pcapng
"Oct 12, 2023 17:44:42.781532",,63,,,,,,,,,,idle2.pcapng
"Oct 12, 2023 17:44:42.783930",0.002398,5,,,0x0002,91,,,,,,idle2.pcapng
"Oct 12, 2023 17:44:42.799382",,54,,,,,,,,,,idle2.pcapng
"Oct 12, 2023 17:44:42.801460",0.002078,5,,,0x0002,207,,,,,,idle2.pcapng
"Oct 12, 2023 17:44:42.809218",,66,,,,,,,,,,idle2.pcapng
"Oct 12, 2023 17:44:42.811713",0.002495,5,,,0x0002,37,,,,,,idle2.pcapng
"Oct 12, 2023 17:44:42.816068",,54,,,,,,,,,,idle2.pcapng
"Oct 12, 2023 17:44:42.818179",0.002111,5,,,0x0002,208,,,,,,idle2.pcapng
"Oct 12, 2023 17:44:42.822916",0.004737,54,0x482d,0x6e5f,0x8861,246,,,,,,idle2.pcapng
"Oct 12, 2023 17:44:42.824995",0.002079,5,,,0x0002,246,,,,,,idle2.pcapng
"Oct 12, 2023 17:44:42.832922",,66,,,,,,,,,,idle2.pcapng
"Oct 12, 2023 17:44:42.835417",0.002495,5,,,0x0002,92,,,,,,idle2.pcapng
"Oct 12, 2023 17:44:42.841831",,45,,,,,,,,,,idle2.pcapng
"Oct 12, 2023 17:44:42.843654",0.001823,5,,,0x0002,209,,,,,,idle2.pcapng
"Oct 12, 2023 17:44:42.846749",,45,,,,,,,,,,idle2.pcapng
"Oct 12, 2023 17:44:42.848542",0.001793,5,,,0x0002,247,,,,,,idle2.pcapng
"Oct 12, 2023 17:44:42.854253",,54,,,,,,,,,,idle2.pcapng
"Oct 12, 2023 17:44:42.856364",0.002111,5,,,0x0002,210,,,,,,idle2.pcapng
"Oct 12, 2023 17:44:42.870681",,66,,,,,,,,,,idle2.pcapng
"Oct 12, 2023 17:44:42.873176",0.002495,5,,,0x0002,84,,,,,,idle2.pcapng
"Oct 12, 2023 17:44:42.875554",,45,,,,,,,,,,idle2.pcapng
"Oct 12, 2023 17:44:42.877341",0.001787,5,,,0x0002,211,,,,,,idle2.pcapng
"Oct 12, 2023 17:44:42.889204",,52,,,,,,,,,,idle2.pcapng
"Oct 12, 2023 17:44:42.891251",0.002047,5,,,0x0002,212,,,,,,idle2.pcapng
"Oct 12, 2023 17:44:42.893717",,52,,,,,,,,,,idle2.pcapng
"Oct 12, 2023 17:44:42.895733",0.002016,5,,,0x0002,186,,,,,,idle2.pcapng
"Oct 12, 2023 17:44:42.900115",,45,,,,,,,,,,idle2.pcapng
"Oct 12, 2023 17:44:42.901938",0.001823,5,,,0x0002,213,,,,,,idle2.pcapng
"Oct 12, 2023 17:44:42.903650",,63,,,,,,,,,,idle2.pcapng
"Oct 12, 2023 17:44:42.906048",0.002398,5,,,0x0002,85,,,,,,idle2.pcapng
"Oct 12, 2023 17:44:42.906854",,45,,,,,,,,,,idle2.pcapng
"Oct 12, 2023 17:44:42.908636",0.001782,5,,,0x0002,248,,,,,,idle2.pcapng
"Oct 12, 2023 17:44:42.914509",,45,,,,,,,,,,idle2.pcapng
"Oct 12, 2023 17:44:42.916332",0.001823,5,,,0x0002,214,,,,,,idle2.pcapng
"Oct 12, 2023 17:44:42.919127",,45,,,,,,,,,,idle2.pcapng
"Oct 12, 2023 17:44:42.920920",0.001793,5,,,0x0002,187,,,,,,idle2.pcapng
"Oct 12, 2023 17:44:42.922967",,45,,,,,,,,,,idle2.pcapng
"Oct 12, 2023 17:44:42.924790",0.001823,5,,,0x0002,215,,,,,,idle2.pcapng
"Oct 12, 2023 17:44:42.927282",0.002492,45,0xa209,0xc8f0,0x8861,188,,,,,,idle2.pcapng
"Oct 12, 2023 17:44:42.929075",0.001793,5,,,0x0002,188,,,,,,idle2.pcapng
"Oct 12, 2023 17:44:43.701243",0.772168,77,0x0000,0xffff,0x8841,216,0x0000,0xfffc,0x1209,,,idle2.pcapng
"Oct 12, 2023 17:44:44.404954",0.703711,12,0x2cae,0x482d,0x8863,69,,,,,,idle2.pcapng
"Oct 12, 2023 17:44:44.405722",0.000768,5,,,0x0002,69,,,,,,idle2.pcapng
"Oct 12, 2023 17:44:44.668247",0.262525,77,0xe694,0xffff,0x8841,38,0xe694,0xfffc,0x1209,,,idle2.pcapng
"Oct 12, 2023 17:44:45.615724",0.947477,71,0xc8f0,0xffff,0x8841,86,0xc8f0,0xfffc,0x1209,,,idle2.pcapng
"Oct 12, 2023 17:44:49.404855",3.789131,12,0x2cae,0x482d,0x8863,70,,,,,,idle2.pcapng
"Oct 12, 2023 17:44:49.405622",0.000767,5,,,0x0002,70,,,,,,idle2.pcapng
"Oct 12, 2023 17:44:49.570582",0.164960,77,0x054f,0xffff,0x8841,187,0x054f,0xfffc,0x1209,,,idle2.pcapng
"Oct 12, 2023 17:44:51.209924",1.639342,107,0x09ac,0xffff,0x886b,203,,,,,,idle2.pcapng
"Oct 12, 2023 17:44:52.725286",1.515362,77,0xe5c4,0xffff,0x8841,233,0xe5c4,0xfffc,0x1209,,,idle2.pcapng
"Oct 12, 2023 17:44:53.103642",0.378356,74,0xa209,0xffff,0x8841,189,0xa209,0xfffc,0x1209,,,idle2.pcapng
"Oct 12, 2023 17:44:54.467693",1.364051,12,0x2cae,0x482d,0x8863,71,,,,,,idle2.pcapng
"Oct 12, 2023 17:44:54.468460",0.000767,5,,,0x0002,71,,,,,,idle2.pcapng
"Oct 12, 2023 17:44:55.291362",0.822902,68,0xebe5,0xffff,0x8841,206,0xebe5,0xfffc,0x1209,,,idle2.pcapng
"Oct 12, 2023 17:44:56.252099",0.960737,77,0x82eb,0xffff,0x8841,154,0x82eb,0xfffc,0x1209,,,idle2.pcapng
"Oct 12, 2023 17:44:56.894293",0.642194,74,0x6e5f,0xffff,0x8841,93,0x6e5f,0xfffc,0x1209,,,idle2.pcapng
"Oct 12, 2023 17:44:59.386619",2.492326,77,0x0000,0xffff,0x8841,217,0x0000,0xfffc,0x1209,,,idle2.pcapng
"Oct 12, 2023 17:44:59.498699",0.112080,12,0x2cae,0x482d,0x8863,72,,,,,,idle2.pcapng
"Oct 12, 2023 17:44:59.499466",0.000767,5,,,0x0002,72,,,,,,idle2.pcapng
"Oct 12, 2023 17:44:59.622356",0.122890,77,0xe694,0xffff,0x8841,39,0xe694,0xfffc,0x1209,,,idle2.pcapng
"Oct 12, 2023 17:45:00.660562",1.038206,71,0xc8f0,0xffff,0x8841,87,0xc8f0,0xfffc,0x1209,,,idle2.pcapng
"Oct 12, 2023 17:45:04.500718",3.840156,12,0x2cae,0x482d,0x8863,73,,,,,,idle2.pcapng
"Oct 12, 2023 17:45:04.501485",0.000767,5,,,0x0002,73,,,,,,idle2.pcapng
"Oct 12, 2023 17:45:07.030907",2.529422,77,0x054f,0xffff,0x8841,188,0x054f,0xfffc,0x1209,,,idle2.pcapng
"Oct 12, 2023 17:45:07.624608",0.593701,77,0xe5c4,0xffff,0x8841,234,0xe5c4,0xfffc,0x1209,,,idle2.pcapng
"Oct 12, 2023 17:45:07.875421",0.250813,77,0x482d,0xffff,0x8841,250,0x482d,0xfffc,0x1209,,,idle2.pcapng
"Oct 12, 2023 17:45:08.161832",0.286411,74,0x09ac,0xffff,0x8841,204,0x09ac,0xfffc,0x1209,,,idle2.pcapng
"Oct 12, 2023 17:45:08.954854",0.793022,74,0xa209,0xffff,0x8841,190,0xa209,0xfffc,0x1209,,,idle2.pcapng
"Oct 12, 2023 17:45:09.563156",0.608302,12,0x2cae,0x482d,0x8863,74,,,,,,idle2.pcapng
"Oct 12, 2023 17:45:09.563924",0.000768,5,,,0x0002,74,,,,,,idle2.pcapng
"Oct 12, 2023 17:45:10.378972",0.815048,68,0xebe5,0xffff,0x8841,207,0xebe5,0xfffc,0x1209,,,idle2.pcapng
"Oct 12, 2023 17:45:11.256287",0.877315,77,0x82eb,0xffff,0x8841,155,0x82eb,0xfffc,0x1209,,,idle2.pcapng
"Oct 12, 2023 17:45:11.873576",0.617289,74,0x6e5f,0xffff,0x8841,94,0x6e5f,0xfffc,0x1209,,,idle2.pcapng
"Oct 12, 2023 17:45:12.734300",,52,,,,,,,,,,idle2.pcapng
"Oct 12, 2023 17:45:12.736316",0.002016,5,,,0x0002,218,,,,,,idle2.pcapng
"Oct 12, 2023 17:45:12.743960",,63,,,,,,,,,,idle2.pcapng
"Oct 12, 2023 17:45:12.746359",0.002399,5,,,0x0002,40,,,,,,idle2.pcapng
"Oct 12, 2023 17:45:12.769313",,52,,,,,,,,,,idle2.pcapng
"Oct 12, 2023 17:45:12.771360",0.002047,5,,,0x0002,219,,,,,,idle2.pcapng
"Oct 12, 2023 17:45:12.774454",,52,,,,,,,,,,idle2.pcapng
"Oct 12, 2023 17:45:12.776460",0.002006,5,,,0x0002,251,,,,,,idle2.pcapng
"Oct 12, 2023 17:45:12.781382",,45,,,,,,,,,,idle2.pcapng
"Oct 12, 2023 17:45:12.783176",0.001794,5,,,0x0002,220,,,,,,idle2.pcapng
"Oct 12, 2023 17:45:12.786620",0.003444,5,,,0x0002,95,,,,,,idle2.pcapng
"Oct 12, 2023 17:45:12.792746",,54,,,,,,,,,,idle2.pcapng
"Oct 12, 2023 17:45:12.794825",0.002079,5,,,0x0002,221,,,,,,idle2.pcapng
"Oct 12, 2023 17:45:12.802699",,66,,,,,,,,,,idle2.pcapng
"Oct 12, 2023 17:45:12.805194",0.002495,5,,,0x0002,41,,,,,,idle2.pcapng
"Oct 12, 2023 17:45:12.829746",,45,,,,,,,,,,idle2.pcapng
"Oct 12, 2023 17:45:12.831569",0.001823,5,,,0x0002,222,,,,,,idle2.pcapng
"Oct 12, 2023 17:45:12.835227",,45,,,,,,,,,,idle2.pcapng
"Oct 12, 2023 17:45:12.837018",0.001791,5,,,0x0002,252,,,,,,idle2.pcapng
"Oct 12, 2023 17:45:12.840127",,54,,,,,,,,,,idle2.pcapng
"Oct 12, 2023 17:45:12.842238",0.002111,5,,,0x0002,255,,,,,,idle2.pcapng
"Oct 12, 2023 17:45:12.844715",0.002477,54,0x482d,0x6e5f,0x8861,253,,,,,,idle2.pcapng
"Oct 12, 2023 17:45:12.846796",0.002081,5,,,0x0002,253,,,,,,idle2.pcapng
"Oct 12, 2023 17:45:12.851967",,54,,,,,,,,,,idle2.pcapng
"Oct 12, 2023 17:45:12.854078",0.002111,5,,,0x0002,224,,,,,,idle2.pcapng
"Oct 12, 2023 17:45:12.854524",,66,,,,,,,,,,idle2.pcapng
"Oct 12, 2023 17:45:12.857019",0.002495,5,,,0x0002,96,,,,,,idle2.pcapng
"Oct 12, 2023 17:45:12.858110",0.001091,54,0xa209,0xc8f0,0x8861,191,,,,,,idle2.pcapng
"Oct 12, 2023 17:45:12.864953",0.006843,106,0x6e5f,0x0000,0x886a,96,,,,,,idle2.pcapng
"Oct 12, 2023 17:45:12.868152",0.003199,54,0xa209,0xc8f0,0x8861,191,,,,,,idle2.pcapng
"Oct 12, 2023 17:45:12.872702",0.004550,5,,,0x0002,96,,,,,,idle2.pcapng
"Oct 12, 2023 17:45:12.877946",,45,,,,,,,,,,idle2.pcapng
"Oct 12, 2023 17:45:12.879727",0.001781,5,,,0x0002,225,,,,,,idle2.pcapng
"Oct 12, 2023 17:45:12.883288",,66,,,,,,,,,,idle2.pcapng
"Oct 12, 2023 17:45:12.885783",0.002495,5,,,0x0002,88,,,,,,idle2.pcapng
"Oct 12, 2023 17:45:12.889832",,52,,,,,,,,,,idle2.pcapng
"Oct 12, 2023 17:45:12.894335",,52,,,,,,,,,,idle2.pcapng
"Oct 12, 2023 17:45:12.896351",0.002016,5,,,0x0002,192,,,,,,idle2.pcapng
"Oct 12, 2023 17:45:12.899075",,52,,,,,,,,,,idle2.pcapng
"Oct 12, 2023 17:45:12.901122",0.002047,5,,,0x0002,226,,,,,,idle2.pcapng
"Oct 12, 2023 17:45:12.904239",,63,,,,,,,,,,idle2.pcapng
"Oct 12, 2023 17:45:12.906637",0.002398,5,,,0x0002,89,,,,,,idle2.pcapng
"Oct 12, 2023 17:45:12.922681",,45,,,,,,,,,,idle2.pcapng
"Oct 12, 2023 17:45:12.924504",0.001823,5,,,0x0002,227,,,,,,idle2.pcapng
"Oct 12, 2023 17:45:12.928714",,45,,,,,,,,,,idle2.pcapng
"Oct 12, 2023 17:45:12.930520",0.001806,5,,,0x0002,254,,,,,,idle2.pcapng
"Oct 12, 2023 17:45:12.931842",,45,,,,,,,,,,idle2.pcapng
"Oct 12, 2023 17:45:12.933665",0.001823,5,,,0x0002,228,,,,,,idle2.pcapng
"Oct 12, 2023 17:45:12.937320",0.003655,45,0xa209,0xc8f0,0x8861,193,,,,,,idle2.pcapng
"Oct 12, 2023 17:45:12.939114",0.001794,5,,,0x1002,193,,,,,,idle2.pcapng
"Oct 12, 2023 17:45:12.940651",,45,,,,,,,,,,idle2.pcapng
"Oct 12, 2023 17:45:12.942474",0.001823,5,,,0x0002,229,,,,,,idle2.pcapng
"Oct 12, 2023 17:45:12.945273",,45,,,,,,,,,,idle2.pcapng
"Oct 12, 2023 17:45:12.947065",0.001792,5,,,0x0002,194,,,,,,idle2.pcapng
"Oct 12, 2023 17:45:14.562961",1.615896,12,0x2cae,0x482d,0x8863,75,,,,,,idle2.pcapng
"Oct 12, 2023 17:45:14.563728",0.000767,5,,,0x0002,75,,,,,,idle2.pcapng
"Oct 12, 2023 17:45:14.648294",0.084566,77,0xe694,0xffff,0x8841,42,0xe694,0xfffc,0x1209,,,idle2.pcapng
"Oct 12, 2023 17:45:15.556513",0.908219,71,0xc8f0,0xffff,0x8841,90,0xc8f0,0xfffc,0x1209,,,idle2.pcapng
"Oct 12, 2023 17:45:16.249239",0.692726,77,0x0000,0xffff,0x8841,230,0x0000,0xfffc,0x1209,,,idle2.pcapng
"Oct 12, 2023 17:45:19.593853",3.344614,12,0x2cae,0x482d,0x8863,76,,,,,,idle2.pcapng
"Oct 12, 2023 17:45:19.594621",0.000768,5,,,0x0002,76,,,,,,idle2.pcapng
"Oct 12, 2023 17:45:22.935490",3.340869,77,0x054f,0xffff,0x8841,189,0x054f,0xfffc,0x1209,,,idle2.pcapng
"Oct 12, 2023 17:45:23.618476",0.682986,74,0x09ac,0xffff,0x8841,205,0x09ac,0xfffc,0x1209,,,idle2.pcapng
"Oct 12, 2023 17:45:24.656841",1.038365,12,0x2cae,0x482d,0x8863,77,,,,,,idle2.pcapng
"Oct 12, 2023 17:45:24.657608",0.000767,5,,,0x0002,77,,,,,,idle2.pcapng
"Oct 12, 2023 17:45:25.018492",0.360884,77,0xe5c4,0xffff,0x8841,235,0xe5c4,0xfffc,0x1209,,,idle2.pcapng
"Oct 12, 2023 17:45:25.324942",0.306450,68,0xebe5,0xffff,0x8841,208,0xebe5,0xfffc,0x1209,,,idle2.pcapng
"Oct 12, 2023 17:45:25.855004",0.530062,74,0xa209,0xffff,0x8841,195,0xa209,0xfffc,0x1209,,,idle2.pcapng
"Oct 12, 2023 17:45:26.105647",0.250643,106,0x482d,0xffff,0x886a,255,,,,,,idle2.pcapng
"Oct 12, 2023 17:45:26.247355",0.141708,77,0x82eb,0xffff,0x8841,156,0x82eb,0xfffc,0x1209,,,idle2.pcapng
"Oct 12, 2023 17:45:26.252281",0.004926,55,0xe5c4,0x054f,0x8861,236,0xe5c4,0x0000,0x1a09,,,idle2.pcapng
"Oct 12, 2023 17:45:26.254410",0.002129,5,,,0x0002,236,,,,,,idle2.pcapng
"Oct 12, 2023 17:45:26.258049",0.003639,57,0x054f,0x0000,0x8861,190,0xe5c4,0x0000,0x1a09,,,idle2.pcapng
"Oct 12, 2023 17:45:26.260256",0.002207,5,,,0x0002,190,,,,,,idle2.pcapng
"Oct 12, 2023 17:45:26.293914",,57,,,,,,,,,,idle2.pcapng
"Oct 12, 2023 17:45:26.296108",0.002194,5,,,0x0002,237,,,,,,idle2.pcapng
"Oct 12, 2023 17:45:26.298132",,57,,,,,,,,,,idle2.pcapng
"Oct 12, 2023 17:45:26.300339",0.002207,5,,,0x0002,191,,,,,,idle2.pcapng
"Oct 12, 2023 17:45:26.340612",,53,,,,,,,,,,idle2.pcapng
"Oct 12, 2023 17:45:26.342677",0.002065,5,,,0x0002,231,,,,,,idle2.pcapng
"Oct 12, 2023 17:45:26.346233",,53,,,,,,,,,,idle2.pcapng
"Oct 12, 2023 17:45:26.348312",0.002079,5,,,0x0002,192,,,,,,idle2.pcapng
"Oct 12, 2023 17:45:26.351677",0.003365,55,0xe5c4,0x054f,0x8861,238,0xe5c4,0x0000,0x1a09,,,idle2.pcapng
"Oct 12, 2023 17:45:26.353806",0.002129,5,,,0x0002,238,,,,,,idle2.pcapng
"Oct 12, 2023 17:45:26.356792",0.002986,57,0x054f,0x0000,0x8861,193,0xe5c4,0x0000,0x1a09,,,idle2.pcapng
"Oct 12, 2023 17:45:26.358999",0.002207,5,,,0x0002,193,,,,,,idle2.pcapng
"Oct 12, 2023 17:45:26.400152",,45,,,,,,,,,,idle2.pcapng
"Oct 12, 2023 17:45:26.401962",0.001810,5,,,0x0002,239,,,,,,idle2.pcapng
"Oct 12, 2023 17:45:26.404212",,45,,,,,,,,,,idle2.pcapng
"Oct 12, 2023 17:45:26.406035",0.001823,5,,,0x0002,194,,,,,,idle2.pcapng
"Oct 12, 2023 17:45:26.881006",0.474971,74,0x6e5f,0xffff,0x8841,97,0x6e5f,0xfffc,0x1209,,,idle2.pcapng
"Oct 12, 2023 17:45:29.657574",2.776568,12,0x2cae,0x482d,0x8863,78,,,,,,idle2.pcapng
"Oct 12, 2023 17:45:29.694735",0.037161,77,0xe694,0xffff,0x8841,43,0xe694,0xfffc,0x1209,,,idle2.pcapng
"Oct 12, 2023 17:45:30.668613",0.973878,102,0xc8f0,0xffff,0x8866,91,,,,,,idle2.pcapng
"Oct 12, 2023 17:45:31.096462",0.427849,77,0x0000,0xffff,0x8841,232,0x0000,0xfffc,0x1209,,,idle2.pcapng
"Oct 12, 2023 17:45:34.689427",3.592965,12,0x2cae,0x482d,0x8863,79,,,,,,idle2.pcapng
"Oct 12, 2023 17:45:34.690195",0.000768,5,,,0x0002,79,,,,,,idle2.pcapng
"Oct 12, 2023 17:45:39.087972",4.397777,74,0x09ac,0xffff,0x8841,206,0x09ac,0xfffc,0x1209,,,idle2.pcapng
"Oct 12, 2023 17:45:39.751805",0.663833,12,0x2cae,0x482d,0x8863,80,,,,,,idle2.pcapng
"Oct 12, 2023 17:45:39.752572",0.000767,5,,,0x0002,80,,,,,,idle2.pcapng
"Oct 12, 2023 17:45:39.917020",0.164448,77,0xe5c4,0xffff,0x8841,240,0xe5c4,0xfffc,0x1209,,,idle2.pcapng
"Oct 12, 2023 17:45:40.401608",0.484588,68,0xebe5,0xffff,0x8841,209,0xebe5,0xfffc,0x1209,,,idle2.pcapng
"Oct 12, 2023 17:45:40.449236",0.047628,74,0xa209,0xffff,0x8841,196,0xa209,0xfffc,0x1209,,,idle2.pcapng
"Oct 12, 2023 17:45:40.620835",,50,,,,,,,,,,idle2.pcapng
"Oct 12, 2023 17:45:40.622818",0.001983,5,,,0x0002,233,,,,,,idle2.pcapng
"Oct 12, 2023 17:45:40.627578",0.004760,55,0x482d,0x0000,0x8861,0,0x482d,0x0000,0x1a09,,,idle2.pcapng
"Oct 12, 2023 17:45:40.629721",0.002143,5,,,0x0002,0,,,,,,idle2.pcapng
"Oct 12, 2023 17:45:40.676193",,53,,,,,,,,,,idle2.pcapng
"Oct 12, 2023 17:45:40.678271",0.002078,5,,,0x0002,1,,,,,,idle2.pcapng
"Oct 12, 2023 17:45:40.722748",,50,,,,,,,,,,idle2.pcapng
"Oct 12, 2023 17:45:40.724731",0.001983,5,,,0x0002,234,,,,,,idle2.pcapng
"Oct 12, 2023 17:45:40.730067",0.005336,55,0x482d,0x0000,0x8861,2,0x482d,0x0000,0x1a09,,,idle2.pcapng
"Oct 12, 2023 17:45:40.732209",0.002142,5,,,0x0002,2,,,,,,idle2.pcapng
"Oct 12, 2023 17:45:40.778000",,53,,,,,,,,,,idle2.pcapng
"Oct 12, 2023 17:45:40.780079",0.002079,5,,,0x0002,3,,,,,,idle2.pcapng
"Oct 12, 2023 17:45:40.908869",0.128790,77,0x054f,0xffff,0x8841,195,0x054f,0xfffc,0x1209,,,idle2.pcapng
"Oct 12, 2023 17:45:41.240023",0.331154,77,0x82eb,0xffff,0x8841,157,0x82eb,0xfffc,0x1209,,,idle2.pcapng
"Oct 12, 2023 17:45:41.852575",0.612552,74,0x6e5f,0xffff,0x8841,98,0x6e5f,0xfffc,0x1209,,,idle2.pcapng
"Oct 12, 2023 17:45:41.867713",0.015138,107,0x477e,0xd69f,0x886b,4,,,,,,idle2.pcapng
"Oct 12, 2023 17:45:42.734471",,52,,,,,,,,,,idle2.pcapng
"Oct 12, 2023 17:45:42.736488",0.002017,5,,,0x0002,235,,,,,,idle2.pcapng
"Oct 12, 2023 17:45:42.744530",,63,,,,,,,,,,idle2.pcapng
"Oct 12, 2023 17:45:42.746929",0.002399,5,,,0x0002,44,,,,,,idle2.pcapng
"Oct 12, 2023 17:45:42.772588",,52,,,,,,,,,,idle2.pcapng
"Oct 12, 2023 17:45:42.774635",0.002047,5,,,0x0002,236,,,,,,idle2.pcapng
"Oct 12, 2023 17:45:42.777446",,52,,,,,,,,,,idle2.pcapng
"Oct 12, 2023 17:45:42.779461",0.002015,5,,,0x0002,5,,,,,,idle2.pcapng
"Oct 12, 2023 17:45:42.785634",,45,,,,,,,,,,idle2.pcapng
"Oct 12, 2023 17:45:42.787426",0.001792,5,,,0x0002,237,,,,,,idle2.pcapng
"Oct 12, 2023 17:45:42.792418",,63,,,,,,,,,,idle2.pcapng
"Oct 12, 2023 17:45:42.794817",0.002399,5,,,0x0002,99,,,,,,idle2.pcapng
"Oct 12, 2023 17:45:42.796123",,54,,,,,,,,,,idle2.pcapng
"Oct 12, 2023 17:45:42.798191",0.002068,5,,,0x0002,238,,,,,,idle2.pcapng
"Oct 12, 2023 17:45:42.802944",,63,,,,,,,,,,idle2.pcapng
"Oct 12, 2023 17:45:42.805343",0.002399,5,,,0x0002,99,,,,,,idle2.pcapng
"Oct 12, 2023 17:45:42.806373",,66,,,,,,,,,,idle2.pcapng
"Oct 12, 2023 17:45:42.808868",0.002495,5,,,0x0002,45,,,,,,idle2.pcapng
"Oct 12, 2023 17:45:42.810679",,63,,,,,,,,,,idle2.pcapng
"Oct 12, 2023 17:45:42.813078",0.002399,5,,,0x0002,100,,,,,,idle2.pcapng
"Oct 12, 2023 17:45:42.840419",,54,,,,,,,,,,idle2.pcapng
"Oct 12, 2023 17:45:42.842530",0.002111,5,,,0x0002,239,,,,,,idle2.pcapng
"Oct 12, 2023 17:45:42.846613",,54,,,,,,,,,,idle2.pcapng
"Oct 12, 2023 17:45:42.848693",0.002080,5,,,0x0002,6,,,,,,idle2.pcapng
"Oct 12, 2023 17:45:42.856499",0.007806,107,0x628f,0x0000,0x886b,101,,,,,,idle2.pcapng
"Oct 12, 2023 17:45:42.860621",,45,,,,,,,,,,idle2.pcapng
"Oct 12, 2023 17:45:42.865645",,45,,,,,,,,,,idle2.pcapng
"Oct 12, 2023 17:45:42.869388",,45,,,,,,,,,,idle2.pcapng
"Oct 12, 2023 17:45:42.874678",0.005290,5,,,0x0002,101,,,,,,idle2.pcapng
"Oct 12, 2023 17:45:42.876444",,45,,,,,,,,,,idle2.pcapng
"Oct 12, 2023 17:45:42.878236",0.001792,5,,,0x0002,7,,,,,,idle2.pcapng
"Oct 12, 2023 17:45:42.880534",,54,,,,,,,,,,idle2.pcapng
"Oct 12, 2023 17:45:42.882645",0.002111,5,,,0x0002,241,,,,,,idle2.pcapng
"Oct 12, 2023 17:45:42.885826",,54,,,,,,,,,,idle2.pcapng
"Oct 12, 2023 17:45:42.887907",0.002081,5,,,0x0002,197,,,,,,idle2.pcapng
"Oct 12, 2023 17:45:42.895891",,66,,,,,,,,,,idle2.pcapng
"Oct 12, 2023 17:45:42.898386",0.002495,5,,,0x0002,92,,,,,,idle2.pcapng
"Oct 12, 2023 17:45:42.901108",,52,,,,,,,,,,idle2.pcapng
"Oct 12, 2023 17:45:42.903155",0.002047,5,,,,,,,,,,idle2.pcapng
"Oct 12, 2023 17:45:42.906480",0.003325,52,0xa209,0xc8f0,0x8861,198,,,,,,idle2.pcapng
"Oct 12, 2023 17:45:42.909816",0.003336,52,0xa209,0xc8f0,0x8861,198,,,,,,idle2.pcapng
"Oct 12, 2023 17:45:42.916088",,52,,,,,,,,,,idle2.pcapng
"Oct 12, 2023 17:45:42.918135",0.002047,5,,,0x0002,242,,,,,,idle2.pcapng
"Oct 12, 2023 17:45:42.919696",,63,,,,,,,,,,idle2.pcapng
"Oct 12, 2023 17:45:42.922094",0.002398,5,,,0x0002,93,,,,,,idle2.pcapng
"Oct 12, 2023 17:45:42.924812",,63,,,,,,,,,,idle2.pcapng
"Oct 12, 2023 17:45:42.927211",0.002399,5,,,0x0002,93,,,,,,idle2.pcapng
"Oct 12, 2023 17:45:42.937639",,45,,,,,,,,,,idle2.pcapng
"Oct 12, 2023 17:45:42.939431",0.001792,5,,,0x0002,243,,,,,,idle2.pcapng
"Oct 12, 2023 17:45:42.944364",,45,,,,,,,,,,idle2.pcapng
"Oct 12, 2023 17:45:42.946187",0.001823,5,,,0x0002,244,,,,,,idle2.pcapng
"Oct 12, 2023 17:45:42.949629",0.003442,45,0x482d,0x6e5f,0x8861,8,,,,,,idle2.pcapng
"Oct 12, 2023 17:45:42.951420",0.001791,5,,,0x0002,72,,,,,,idle2.pcapng
"Oct 12, 2023 17:45:42.959833",,45,,,,,,,,,,idle2.pcapng
"Oct 12, 2023 17:45:42.961656",0.001823,5,,,0x0002,245,,,,,,idle2.pcapng
"Oct 12, 2023 17:45:42.966244",,45,,,,,,,,,,idle2.pcapng
"Oct 12, 2023 17:45:42.968036",0.001792,5,,,0x0002,9,,,,,,idle2.pcapng
"Oct 12, 2023 17:45:42.976018",,45,,,,,,,,,,idle2.pcapng
"Oct 12, 2023 17:45:42.977842",0.001824,5,,,0x0002,246,,,,,,idle2.pcapng
"Oct 12, 2023 17:45:42.980310",,45,,,,,,,,,,idle2.pcapng
"Oct 12, 2023 17:45:42.982094",0.001784,5,,,0x0002,199,,,,,,idle2.pcapng
"Oct 12, 2023 17:45:42.982942",,45,,,,,,,,,,idle2.pcapng
"Oct 12, 2023 17:45:42.984765",0.001823,5,,,0x0002,247,,,,,,idle2.pcapng
"Oct 12, 2023 17:45:42.987446",,45,,,,,,,,,,idle2.pcapng
"Oct 12, 2023 17:45:42.989234",0.001788,5,,,0x0002,200,,,,,,idle2.pcapng
"Oct 12, 2023 17:45:44.676427",1.687193,77,0xe694,0xffff,0x8841,46,0xe694,0xfffc,0x1209,,,idle2.pcapng
"Oct 12, 2023 17:45:44.781296",0.104869,12,0x2cae,0x482d,0x8863,81,,,,,,idle2.pcapng
"Oct 12, 2023 17:45:44.782064",0.000768,5,,,0x0002,81,,,,,,idle2.pcapng
"Oct 12, 2023 17:45:45.616358",0.834294,71,0xc8f0,0xffff,0x8841,94,0xc8f0,0xfffc,0x1209,,,idle2.pcapng
"Oct 12, 2023 17:45:48.514609",2.898251,77,0x0000,0xffff,0x8841,248,0x0000,0xfffc,0x1209,,,idle2.pcapng
"Oct 12, 2023 17:45:49.724111",,53,,,,,,,,,,idle2.pcapng
"Oct 12, 2023 17:45:49.726190",0.002079,5,,,0x0002,82,,,,,,idle2.pcapng
"Oct 12, 2023 17:45:49.732327",0.006137,5,,,0x0002,10,,,,,,idle2.pcapng
"Oct 12, 2023 17:45:49.733354",0.001027,12,0x2cae,0x482d,0x8863,83,,,,,,idle2.pcapng
"Oct 12, 2023 17:45:49.734121",0.000767,5,,,0x0002,83,,,,,,idle2.pcapng
"Oct 12, 2023 17:45:49.776790",,53,,,,,,,,,,idle2.pcapng
"Oct 12, 2023 17:45:49.778869",0.002079,5,,,0x0002,11,,,,,,idle2.pcapng
"Oct 12, 2023 17:45:49.819807",,54,,,,,,,,,,idle2.pcapng
"Oct 12, 2023 17:45:49.821918",0.002111,5,,,0x0002,249,,,,,,idle2.pcapng
"Oct 12, 2023 17:45:51.219978",1.398060,12,0x2cae,0x482d,0x8863,84,,,,,,idle2.pcapng
"Oct 12, 2023 17:45:51.220746",0.000768,5,,,0x0012,84,,,,,,idle2.pcapng
"Oct 12, 2023 17:45:51.222428",,50,,,,,,,,,,idle2.pcapng
"Oct 12, 2023 17:45:51.224413",0.001985,5,,,0x0002,12,,,,,,idle2.pcapng
"Oct 12, 2023 17:45:51.227200",0.002787,12,0x2cae,0x482d,0x8863,85,,,,,,idle2.pcapng
"Oct 12, 2023 17:45:51.227967",0.000767,5,,,0x0002,85,,,,,,idle2.pcapng
"Oct 12, 2023 17:45:51.236958",,45,,,,,,,,,,idle2.pcapng
"Oct 12, 2023 17:45:51.238781",0.001823,5,,,0x0002,86,,,,,,idle2.pcapng
"Oct 12, 2023 17:45:51.241866",0.003085,57,0x482d,0x056f,0x8861,13,,,,,,idle2.pcapng
"Oct 12, 2023 17:45:51.246156",0.004290,57,0x48d1,0x3000,0x8861,13,,,,,,idle2.pcapng
"Oct 12, 2023 17:45:51.249482",0.003326,12,0x2cae,0x482d,0x8863,87,,,,,,idle2.pcapng
"Oct 12, 2023 17:45:51.250249",0.000767,5,,,0x0002,87,,,,,,idle2.pcapng
"Oct 12, 2023 17:45:51.253137",0.002888,57,0x482d,0x0000,0x8861,13,0x2cae,0x0000,0x1a09,,,idle2.pcapng
"Oct 12, 2023 17:45:51.255344",0.002207,5,,,0x0002,13,,,,,,idle2.pcapng
"Oct 12, 2023 17:45:51.291833",,45,,,,,,,,,,idle2.pcapng
"Oct 12, 2023 17:45:51.293655",0.001822,5,,,0x0002,14,,,,,,idle2.pcapng
"Oct 12, 2023 17:45:54.500528",3.206873,74,0x09ac,0xffff,0x8841,207,0x09ac,0xfffc,0x1209,,,idle2.pcapng
"Oct 12, 2023 17:45:55.344292",0.843764,68,0xebe5,0xffff,0x8841,210,0xebe5,0xfffc,0x1209,,,idle2.pcapng
"Oct 12, 2023 17:45:55.480839",0.136547,77,0xe5c4,0xffff,0x8841,241,0xe5c4,0xfffc,0x1209,,,idle2.pcapng
"Oct 12, 2023 17:45:55.983763",0.502924,106,0x482d,0xffff,0x886a,15,,,,,,idle2.pcapng
"Oct 12, 2023 17:45:56.258932",0.275169,77,0x82eb,0xffff,0x8841,158,0x82eb,0xfffc,0x1209,,,idle2.pcapng
"Oct 12, 2023 17:45:56.283976",0.025044,12,0x2cae,0x482d,0x8863,88,,,,,,idle2.pcapng
"Oct 12, 2023 17:45:56.428820",0.144844,74,0xa209,0xffff,0x8841,201,0xa209,0xfffc,0x1209,,,idle2.pcapng
"Oct 12, 2023 17:45:56.823558",0.394738,71,0x6e5f,0xffff,0x8841,102,0x6e5f,0xfffc,0x1209,,,idle2.pcapng
"Oct 12, 2023 17:45:58.161223",1.337665,77,0x054f,0xffff,0x8841,196,0x054f,0xfffc,0x1209,,,idle2.pcapng
"Oct 12, 2023 17:45:59.651986",1.490763,77,0xe694,0xffff,0x8841,47,0xe694,0xfffc,0x1209,,,idle2.pcapng
"Oct 12, 2023 17:46:00.626378",0.974392,71,0xc8f0,0xffff,0x8841,95,0xc8f0,0xfffc,0x1209,,,idle2.pcapng
"Oct 12, 2023 17:46:01.283930",0.657552,12,0x2cae,0x482d,0x8863,89,,,,,,idle2.pcapng
"Oct 12, 2023 17:46:01.284698",0.000768,5,,,0x0002,89,,,,,,idle2.pcapng
"Oct 12, 2023 17:46:04.985410",3.700712,77,0x0000,0xffff,0x8841,250,0x0000,0xfffc,0x1209,,,idle2.pcapng
"Oct 12, 2023 17:46:06.314670",1.329260,12,0x2cae,0x482d,0x8863,90,,,,,,idle2.pcapng
"Oct 12, 2023 17:46:06.315437",0.000767,5,,,0x0002,90,,,,,,idle2.pcapng
"Oct 12, 2023 17:46:07.551691",,60,,,,,,,,,,idle2.pcapng
"Oct 12, 2023 17:46:07.553994",0.002303,5,,,0x0002,48,,,,,,idle2.pcapng
"Oct 12, 2023 17:46:07.596627",,50,,,,,,,,,,idle2.pcapng
"Oct 12, 2023 17:46:07.598580",0.001953,5,,,0x0002,251,,,,,,idle2.pcapng
"Oct 12, 2023 17:46:07.604210",,45,,,,,,,,,,idle2.pcapng
"Oct 12, 2023 17:46:07.606033",0.001823,5,,,0x0002,49,,,,,,idle2.pcapng
"Oct 12, 2023 17:46:10.207599",2.601566,74,0x09ac,0xffff,0x8841,208,0x09ac,0xfffc,0x1209,,,idle2.pcapng
"Oct 12, 2023 17:46:10.309042",0.101443,68,0xebe5,0xffff,0x8841,211,0xebe5,0xfffc,0x1209,,,idle2.pcapng
"Oct 12, 2023 17:46:11.259281",0.950239,77,0x82eb,0xffff,0x8841,159,0x82eb,0xfffc,0x1209,,,idle2.pcapng
"Oct 12, 2023 17:46:11.378008",0.118727,12,0x2cae,0x482d,0x8863,91,,,,,,idle2.pcapng
"Oct 12, 2023 17:46:11.378775",0.000767,5,,,0x0002,91,,,,,,idle2.pcapng
"Oct 12, 2023 17:46:11.475564",0.096789,77,0xe5c4,0xffff,0x8841,242,0xe5c4,0xfffc,0x1209,,,idle2.pcapng
"Oct 12, 2023 17:46:11.948129",0.472565,71,0x6e5f,0xffff,0x8841,103,0x6e5f,0xfffc,0x1209,,,idle2.pcapng
"Oct 12, 2023 17:46:12.049292",0.101163,77,0x482d,0xffff,0x8841,16,0x482d,0xfffc,0x1209,,,idle2.pcapng
"Oct 12, 2023 17:46:12.179494",,53,,,,,,,,,,idle2.pcapng
"Oct 12, 2023 17:46:12.181530",0.002036,5,,,0x0002,7,,,,,,idle2.pcapng
"Oct 12, 2023 17:46:12.185462",,53,,,,,,,,,,idle2.pcapng
"Oct 12, 2023 17:46:12.187541",0.002079,5,,,0x0002,96,,,,,,idle2.pcapng
"Oct 12, 2023 17:46:12.690002",0.502461,12,0x265e,0xc8f0,0x8863,8,,,,,,idle2.pcapng
"Oct 12, 2023 17:46:12.690730",0.000728,5,,,0x0002,8,,,,,,idle2.pcapng
"Oct 12, 2023 17:46:12.760040",0.069310,52,0x0000,0xe694,0x8861,252,,,,,,idle2.pcapng
"Oct 12, 2023 17:46:12.762055",0.002015,5,,,0x0002,252,,,,,,idle2.pcapng
"Oct 12, 2023 17:46:12.769768",,63,,,,,,,,,,idle2.pcapng
"Oct 12, 2023 17:46:12.772167",0.002399,5,,,0x0002,50,,,,,,idle2.pcapng
"Oct 12, 2023 17:46:12.794777",0.022610,52,0x0000,0x482d,0x8861,253,,,,,,idle2.pcapng
"Oct 12, 2023 17:46:12.797653",,52,,,,,,,,,,idle2.pcapng
"Oct 12, 2023 17:46:12.801027",0.003374,52,0x0000,0x482d,0x8861,253,,,,,,idle2.pcapng
"Oct 12, 2023 17:46:12.804055",,52,,,,,,,,,,idle2.pcapng
"Oct 12, 2023 17:46:12.806102",0.002047,5,,,0x0002,253,,,,,,idle2.pcapng
"Oct 12, 2023 17:46:12.817889",,54,,,,,,,,,,idle2.pcapng
"Oct 12, 2023 17:46:12.819968",0.002079,5,,,0x0002,254,,,,,,idle2.pcapng
"Oct 12, 2023 17:46:12.826537",,54,,,,,,,,,,idle2.pcapng
"Oct 12, 2023 17:46:12.828613",0.002076,5,,,0x0002,254,,,,,,idle2.pcapng
"Oct 12, 2023 17:46:12.848903",0.020290,108,0xe694,0x0000,0x886c,52,,,,,,idle2.pcapng
"Oct 12, 2023 17:46:12.851398",0.002495,5,,,0x0002,52,,,,,,idle2.pcapng
"Oct 12, 2023 17:46:12.863740",,54,,,,,,,,,,idle2.pcapng
"Oct 12, 2023 17:46:12.870682",,54,,,,,,,,,,idle2.pcapng
"Oct 12, 2023 17:46:12.873737",,54,,,,,,,,,,idle2.pcapng
"Oct 12, 2023 17:46:12.882687",0.008950,5,,,0x0002,19,,,,,,idle2.pcapng
"Oct 12, 2023 17:46:12.898344",,45,,,,,,,,,,idle2.pcapng
"Oct 12, 2023 17:46:12.900137",0.001793,5,,,0x0002,0,,,,,,idle2.pcapng
"Oct 12, 2023 17:46:12.905825",,54,,,,,,,,,,idle2.pcapng
"Oct 12, 2023 17:46:12.919183",,66,,,,,,,,,,idle2.pcapng
"Oct 12, 2023 17:46:12.921678",0.002495,5,,,0x0002,105,,,,,,idle2.pcapng
"Oct 12, 2023 17:46:12.934883",,54,,,,,,,,,,idle2.pcapng
"Oct 12, 2023 17:46:12.995735",0.060852,5,,,0x0002,202,,,,,,idle2.pcapng
"Oct 12, 2023 17:46:13.029529",,45,,,,,,,,,,idle2.pcapng
"Oct 12, 2023 17:46:13.031309",0.001780,5,,,0x0002,4,,,,,,idle2.pcapng
"Oct 12, 2023 17:46:13.032016",0.000707,107,,,0x546b,75,,,,,,idle2.pcapng
"Oct 12, 2023 17:46:13.037318",,63,,,,,,,,,,idle2.pcapng
"Oct 12, 2023 17:46:13.039717",0.002399,5,,,0x0002,98,,,,,,idle2.pcapng
"Oct 12, 2023 17:46:13.059232",,45,,,,,,,,,,idle2.pcapng
"Oct 12, 2023 17:46:13.062006",,45,,,,,,,,,,idle2.pcapng
"Oct 12, 2023 17:46:13.065073",,45,,,,,,,,,,idle2.pcapng
"Oct 12, 2023 17:46:13.068138",0.003065,45,0x0000,0x482d,0x8861,5,,,,,,idle2.pcapng
"Oct 12, 2023 17:46:13.076894",,45,,,,,,,,,,idle2.pcapng
"Oct 12, 2023 17:46:13.088335",,45,,,,,,,,,,idle2.pcapng
"Oct 12, 2023 17:46:13.094323",0.005988,5,,,0x0002,203,,,,,,idle2.pcapng
"Oct 12, 2023 17:46:13.096774",0.002451,45,0x482d,0x6e5f,0x8861,24,,,,,,idle2.pcapng
"Oct 12, 2023 17:46:13.123458",,45,,,,,,,,,,idle2.pcapng
"Oct 12, 2023 17:46:13.125282",0.001824,5,,,0x0002,7,,,,,,idle2.pcapng
"Oct 12, 2023 17:46:13.166008",,45,,,,,,,,,,idle2.pcapng
"Oct 12, 2023 17:46:13.194246",0.028238,77,0x054f,0xffff,0x8841,197,0x054f,0xfffc,0x1209,,,idle2.pcapng
"Oct 12, 2023 17:46:13.232980",,45,,,,,,,,,,idle2.pcapng
"Oct 12, 2023 17:46:13.234803",0.001823,5,,,0x0002,9,,,,,,idle2.pcapng
"Oct 12, 2023 17:46:13.235567",,45,,,,,,,,,,idle2.pcapng
"Oct 12, 2023 17:46:13.238237",,45,,,,,,,,,,idle2.pcapng
"Oct 12, 2023 17:46:13.240907",,45,,,,,,,,,,idle2.pcapng
"Oct 12, 2023 17:46:13.289097",,45,,,,,,,,,,idle2.pcapng
"Oct 12, 2023 17:46:13.291739",,45,,,,,,,,,,idle2.pcapng
"Oct 12, 2023 17:46:13.293562",0.001823,5,,,0x0002,10,,,,,,idle2.pcapng
"Oct 12, 2023 17:46:13.320736",0.027174,57,0x482d,0x0000,0x8861,29,0x482d,0x0000,0x1a09,,,idle2.pcapng
"Oct 12, 2023 17:46:13.322942",0.002206,5,,,0x0002,29,,,,,,idle2.pcapng
"Oct 12, 2023 17:46:13.324351",0.001409,57,0x482d,0x0000,0x8861,29,0x482d,0x0000,0x1a09,,,idle2.pcapng
"Oct 12, 2023 17:46:13.329771",0.005420,57,0x482d,0x0000,0x8861,29,0x482d,0x0000,0x1a09,,,idle2.pcapng
"Oct 12, 2023 17:46:13.331978",0.002207,5,,,0x0002,29,,,,,,idle2.pcapng
"Oct 12, 2023 17:46:13.368058",0.036080,57,,,,,,,,,,idle2.pcapng
"Oct 12, 2023 17:46:13.425741",0.057683,107,,,0x406b,103,,,,,,idle2.pcapng
"Oct 12, 2023 17:46:13.435241",0.009500,57,0x482d,0x0000,0x8861,31,0x482d,0x0000,0x1a09,,,idle2.pcapng
"Oct 12, 2023 17:46:13.437448",0.002207,5,,,0x0002,31,,,,,,idle2.pcapng
"Oct 12, 2023 17:46:14.562570",1.125122,106,0xa209,0xffff,0x886a,204,,,,,,idle2.pcapng
"Oct 12, 2023 17:46:14.600505",,52,,,,,,,,,,idle2.pcapng
"Oct 12, 2023 17:46:14.602552",0.002047,5,,,0x0002,92,,,,,,idle2.pcapng
"Oct 12, 2023 17:46:14.606274",0.003722,57,0x482d,0x0000,0x8861,32,0x2cae,0x0000,0x1a09,,,idle2.pcapng
"Oct 12, 2023 17:46:14.608481",0.002207,5,,,0x0002,32,,,,,,idle2.pcapng
"Oct 12, 2023 17:46:14.609162",0.000681,12,0x2cae,0x482d,0x8863,93,,,,,,idle2.pcapng
"Oct 12, 2023 17:46:14.655437",,52,,,,,,,,,,idle2.pcapng
"Oct 12, 2023 17:46:14.657484",0.002047,5,,,0x0002,33,,,,,,idle2.pcapng
"Oct 12, 2023 17:46:14.675165",0.017681,77,0xe694,0xffff,0x8841,53,0xe694,0xfffc,0x1209,,,idle2.pcapng
"Oct 12, 2023 17:46:14.696390",,54,,,,,,,,,,idle2.pcapng
"Oct 12, 2023 17:46:14.698502",0.002112,5,,,0x0002,11,,,,,,idle2.pcapng
"Oct 12, 2023 17:46:15.685069",0.986567,71,0xc8f0,0xffff,0x8841,99,0xc8f0,0xfffc,0x1209,,,idle2.pcapng
"Oct 12, 2023 17:46:16.097174",0.412105,12,0x2cae,0x482d,0x8863,94,,,,,,idle2.pcapng
"Oct 12, 2023 17:46:16.097941",0.000767,5,,,0x0012,94,,,,,,idle2.pcapng
"Oct 12, 2023 17:46:16.099749",0.001808,50,0x482d,0x2cae,0x8871,34,,,,,,idle2.pcapng
"Oct 12, 2023 17:46:16.101735",0.001986,5,,,0x0002,34,,,,,,idle2.pcapng
"Oct 12, 2023 17:46:16.104605",0.002870,12,0x2cae,0x482d,0x8863,95,,,,,,idle2.pcapng
"Oct 12, 2023 17:46:16.105372",0.000767,5,,,0x0002,95,,,,,,idle2.pcapng
"Oct 12, 2023 17:46:16.114074",,45,,,,,,,,,,idle2.pcapng
"Oct 12, 2023 17:46:16.115898",0.001824,5,,,0x0002,96,,,,,,idle2.pcapng
"Oct 12, 2023 17:46:16.124184",0.008286,57,0x482d,0x0000,0x8861,35,0x2cae,0x0000,0x1a09,,,idle2.pcapng
"Oct 12, 2023 17:46:16.126391",0.002207,5,,,0x0002,35,,,,,,idle2.pcapng
"Oct 12, 2023 17:46:16.129407",0.003016,12,0x2cae,0x482d,0x8863,97,,,,,,idle2.pcapng
"Oct 12, 2023 17:46:16.130174",0.000767,5,,,0x0002,97,,,,,,idle2.pcapng
"Oct 12, 2023 17:46:16.177705",0.047531,45,0x482d,0x0000,0x8861,36,,,,,,idle2.pcapng
"Oct 12, 2023 17:46:16.193351",,45,,,,,,,,,,idle2.pcapng
"Oct 12, 2023 17:46:16.195174",0.001823,5,,,0x0002,36,,,,,,idle2.pcapng
"Oct 12, 2023 17:46:21.157994",4.962820,12,0x2cae,0x482d,0x8863,98,,,,,,idle2.pcapng
"Oct 12, 2023 17:46:21.158762",0.000768,5,,,0x0002,98,,,,,,idle2.pcapng
"Oct 12, 2023 17:46:22.618642",1.459880,77,0x0000,0xffff,0x8841,12,0x0000,0xfffc,0x1209,,,idle2.pcapng
"Oct 12, 2023 17:46:25.422124",2.803482,68,0xebe5,0xffff,0x8841,212,0xebe5,0xfffc,0x1209,,,idle2.pcapng
"Oct 12, 2023 17:46:26.190396",0.768272,12,0x2cae,0x482d,0x8863,99,,,,,,idle2.pcapng
"Oct 12, 2023 17:46:26.191163",0.000767,5,,,0x0002,99,,,,,,idle2.pcapng
"Oct 12, 2023 17:46:26.255789",0.064626,77,0x82eb,0xffff,0x8841,160,0x82eb,0xfffc,0x1209,,,idle2.pcapng
"Oct 12, 2023 17:46:26.852323",0.596534,103,0x6e5f,0xffff,0x8867,106,,,,,,idle2.pcapng
"Oct 12, 2023 17:46:27.488158",0.635835,107,0x054f,0xffff,0x886b,198,,,,,,idle2.pcapng
"Oct 12, 2023 17:46:27.647696",0.159538,74,0x09ac,0xffff,0x8841,209,0x09ac,0xfffc,0x1209,,,idle2.pcapng
"Oct 12, 2023 17:46:29.020953",1.373257,77,0xe5c4,0xffff,0x8841,243,0xe5c4,0xfffc,0x1209,,,idle2.pcapng
"Oct 12, 2023 17:46:29.221167",,60,,,,,,,,,,idle2.pcapng
"Oct 12, 2023 17:46:29.223470",0.002303,5,,,0x0002,107,,,,,,idle2.pcapng
"Oct 12, 2023 17:46:29.264703",0.041233,59,0x0000,0xffff,0x8841,13,0x0000,0xfffc,0x1209,,,idle2.pcapng
"Oct 12, 2023 17:46:29.270474",0.005771,45,0x6e5f,0x0000,0x8861,108,0x6e5f,0x0000,0x0209,,,idle2.pcapng
"Oct 12, 2023 17:46:29.272297",0.001823,5,,,0x0002,108,,,,,,idle2.pcapng
"Oct 12, 2023 17:46:29.289996",0.017699,59,0x82eb,0xffff,0x8841,161,0x0000,0xfffc,0x1209,,,idle2.pcapng
"Oct 12, 2023 17:46:29.338724",0.048728,59,0xebe5,0xffff,0x8841,213,0x0000,0xfffc,0x1209,,,idle2.pcapng
"Oct 12, 2023 17:46:29.348898",0.010174,59,0xa209,0xffff,0x8841,205,0x0000,0xfffc,0x1209,,,idle2.pcapng
"Oct 12, 2023 17:46:29.355916",0.007018,59,0x054f,0xffff,0x8841,199,0x0000,0xfffc,0x1209,,,idle2.pcapng
"Oct 12, 2023 17:46:29.370605",0.014689,59,0xe5c4,0xffff,0x8841,244,0x0000,0xfffc,0x1209,,,idle2.pcapng
"Oct 12, 2023 17:46:29.393866",0.023261,59,0x09ac,0xffff,0x8841,210,0x0000,0xfffc,0x1209,,,idle2.pcapng
"Oct 12, 2023 17:46:29.399922",0.006056,59,0x482d,0xffff,0x8841,37,0x0000,0xfffc,0x1209,,,idle2.pcapng
"Oct 12, 2023 17:46:29.421686",,60,,,,,,,,,,idle2.pcapng
"Oct 12, 2023 17:46:29.423989",0.002303,5,,,0x0002,109,,,,,,idle2.pcapng
"Oct 12, 2023 17:46:29.476124",,50,,,,,,,,,,idle2.pcapng
"Oct 12, 2023 17:46:29.478077",0.001953,5,,,0x0002,14,,,,,,idle2.pcapng
"Oct 12, 2023 17:46:29.483238",,45,,,,,,,,,,idle2.pcapng
"Oct 12, 2023 17:46:29.485060",0.001822,5,,,0x0002,110,,,,,,idle2.pcapng
"Oct 12, 2023 17:46:29.520891",0.035831,59,0xc8f0,0xffff,0x8841,100,0x0000,0xfffc,0x1209,,,idle2.pcapng
"Oct 12, 2023 17:46:29.523031",0.002140,59,0xe694,0xffff,0x8841,54,0x0000,0xfffc,0x1209,,,idle2.pcapng
"Oct 12, 2023 17:46:29.585556",0.062525,59,0x82eb,0xffff,0x8841,162,0x0000,0xfffc,0x1209,,,idle2.pcapng
"Oct 12, 2023 17:46:29.650103",0.064547,59,0x0000,0xffff,0x8841,15,0x0000,0xfffc,0x1209,,,idle2.pcapng
"Oct 12, 2023 17:46:29.652767",0.002664,59,0x054f,0xffff,0x8841,200,0x0000,0xfffc,0x1209,,,idle2.pcapng
"Oct 12, 2023 17:46:29.656523",0.003756,77,0xe694,0xffff,0x8841,55,0xe694,0xfffc,0x1209,,,idle2.pcapng
"Oct 12, 2023 17:46:29.659915",0.003392,59,0xe5c4,0xffff,0x8841,245,0x0000,0xfffc,0x1209,,,idle2.pcapng
"Oct 12, 2023 17:46:29.670310",0.010395,59,0xa209,0xffff,0x8841,206,0x0000,0xfffc,0x1209,,,idle2.pcapng
"Oct 12, 2023 17:46:29.677726",0.007416,59,0x482d,0xffff,0x8841,38,0x0000,0xfffc,0x1209,,,idle2.pcapng
"Oct 12, 2023 17:46:29.742480",0.064754,59,0x09ac,0xffff,0x8841,211,0x0000,0xfffc,0x1209,,,idle2.pcapng
"Oct 12, 2023 17:46:29.774968",0.032488,59,0x7c20,0xffff,0x8841,101,,,,,,idle2.pcapng
"Oct 12, 2023 17:46:29.779828",0.004860,59,0xe694,0xffff,0x8841,56,0x0000,0xfffc,0x1209,,,idle2.pcapng
"Oct 12, 2023 17:46:29.846898",0.067070,59,0xebe5,0xffff,0x8841,215,0x0000,0xfffc,0x1209,,,idle2.pcapng
"Oct 12, 2023 17:46:29.954929",0.108031,59,0xe5c4,0xffff,0x8841,246,0x0000,0xfffc,0x1209,,,idle2.pcapng
"Oct 12, 2023 17:46:29.988630",0.033701,59,0x054f,0xffff,0x8841,201,0x0000,0xfffc,0x1209,,,idle2.pcapng
"Oct 12, 2023 17:46:29.999003",0.010373,59,0x09ac,0xffff,0x8841,212,0x0000,0xfffc,0x1209,,,idle2.pcapng
"Oct 12, 2023 17:46:30.008091",0.009088,59,0x0000,0xffff,0x8841,16,0x0000,0xfffc,0x1209,,,idle2.pcapng
"Oct 12, 2023 17:46:30.015060",0.006969,59,0xa209,0xffff,0x8841,208,,,,,,idle2.pcapng
"Oct 12, 2023 17:46:30.029749",0.014689,59,0xc8f0,0xffff,0x8841,102,,,,,,idle2.pcapng
"Oct 12, 2023 17:46:30.382505",0.352756,59,0x0000,0xffff,0x8841,17,0x0000,0xfffc,0x1209,,,idle2.pcapng
"Oct 12, 2023 17:46:30.619776",0.237271,71,0xc8f0,0xffff,0x8841,103,0xc8f0,0xfffc,0x1209,,,idle2.pcapng
"Oct 12, 2023 17:46:31.253759",0.633983,12,0x2cae,0x482d,0x8863,100,,,,,,idle2.pcapng
"Oct 12, 2023 17:46:31.254526",0.000767,5,,,0x0002,100,,,,,,idle2.pcapng
"Oct 12, 2023 17:46:38.946435",7.691909,77,0x0000,0xffff,0x8841,18,0x0000,0xfffc,0x1209,,,idle2.pcapng
"Oct 12, 2023 17:46:40.190929",1.244494,63,0xc8f0,0x0007,0x8861,104,,,,,,idle2.pcapng
"Oct 12, 2023 17:46:40.206608",,63,,,,,,,,,,idle2.pcapng
"Oct 12, 2023 17:46:40.209007",0.002399,5,,,0x0002,104,,,,,,idle2.pcapng
"Oct 12, 2023 17:46:40.255413",0.046406,59,0x0000,0xffff,0x8841,19,0x0000,0xfffc,0x1209,,,idle2.pcapng
"Oct 12, 2023 17:46:40.351319",0.095906,98,0xd5c4,0xffff,0x8862,247,,,,,,idle2.pcapng
"Oct 12, 2023 17:46:40.375074",0.023755,59,0x82eb,0xffff,0x8841,163,0x0000,0xfffc,0x1209,,,idle2.pcapng
"Oct 12, 2023 17:46:40.407512",0.032438,59,0x0178,0x49ff,0x8841,213,,,,,,idle2.pcapng
"Oct 12, 2023 17:46:40.439722",0.032210,59,0xa694,0xffff,0x8841,58,,,,,,idle2.pcapng
"Oct 12, 2023 17:46:40.547493",0.107771,59,0xa209,0xffff,0x8841,209,0x0000,0xfffc,0x1209,,,idle2.pcapng
"Oct 12, 2023 17:46:40.553133",0.005640,45,0xc8f0,0xa209,0x8861,106,0xc8f0,0xa209,0x0209,,,idle2.pcapng
"Oct 12, 2023 17:46:40.554957",0.001824,5,,,0x0002,106,,,,,,idle2.pcapng
"Oct 12, 2023 17:46:40.557783",0.002826,45,0xa209,0x82eb,0x8861,210,0xa209,0x82eb,0x0209,,,idle2.pcapng
"Oct 12, 2023 17:46:40.559612",0.001829,5,,,0x0002,210,,,,,,idle2.pcapng
"Oct 12, 2023 17:46:40.568464",0.008852,61,0x82eb,0xe5c4,0x8861,164,0x82eb,0xe5c4,0x1a09,,,idle2.pcapng
"Oct 12, 2023 17:46:40.570800",0.002336,5,,,0x0002,164,,,,,,idle2.pcapng
"Oct 12, 2023 17:46:40.576240",0.005440,61,0xe5c4,0x0000,0x8861,248,0xe5c4,0x0000,0x1a09,,,idle2.pcapng
"Oct 12, 2023 17:46:40.578575",0.002335,5,,,0x0002,248,,,,,,idle2.pcapng
"Oct 12, 2023 17:46:40.592039",0.013464,59,0x0000,0xffff,0x8841,20,0x0000,0xfffc,0x1209,,,idle2.pcapng
"Oct 12, 2023 17:46:40.597589",,63,,,,,,,,,,idle2.pcapng
"Oct 12, 2023 17:46:40.599988",0.002399,5,,,0x0002,107,,,,,,idle2.pcapng
"Oct 12, 2023 17:46:40.602857",,63,,,,,,,,,,idle2.pcapng
"Oct 12, 2023 17:46:40.608141",,63,,,,,,,,,,idle2.pcapng
"Oct 12, 2023 17:46:40.610540",0.002399,5,,,0x0002,107,,,,,,idle2.pcapng
"Oct 12, 2023 17:46:40.615463",0.004923,59,0x82eb,0xffff,0x8841,165,0x0000,0xfffc,0x1209,,,idle2.pcapng
"Oct 12, 2023 17:46:40.625393",0.009930,59,0x6e5f,0xffff,0x8841,112,0x0000,0xfffc,0x1209,,,idle2.pcapng
"Oct 12, 2023 17:46:40.631209",0.005816,45,0xc8f0,0x6e5f,0x8861,108,0xc8f0,0x6e5f,0x0209,,,idle2.pcapng
"Oct 12, 2023 17:46:40.633002",0.001793,5,,,0x0002,108,,,,,,idle2.pcapng
"Oct 12, 2023 17:46:40.636968",0.003966,45,0x6e5f,0xe5c4,0x8861,113,0x6e5f,0xe5c4,0x0209,,,idle2.pcapng
"Oct 12, 2023 17:46:40.638792",0.001824,5,,,0x0002,113,,,,,,idle2.pcapng
"Oct 12, 2023 17:46:40.639726",0.000934,59,0x054f,0xffff,0x8841,203,0x0000,0xfffc,0x1209,,,idle2.pcapng
"Oct 12, 2023 17:46:40.643178",0.003452,45,0xe5c4,0x0000,0x8861,249,0xe5c4,0x0000,0x0209,,,idle2.pcapng
"Oct 12, 2023 17:46:40.645001",0.001823,5,,,0x0002,249,,,,,,idle2.pcapng
"Oct 12, 2023 17:46:40.655057",,50,,,,,,,,,,idle2.pcapng
"Oct 12, 2023 17:46:40.657040",0.001983,5,,,0x0002,21,,,,,,idle2.pcapng
"Oct 12, 2023 17:46:40.660512",,50,,,,,,,,,,idle2.pcapng
"Oct 12, 2023 17:46:40.662465",0.001953,5,,,0x0002,250,,,,,,idle2.pcapng
"Oct 12, 2023 17:46:40.665974",0.003509,59,0xe5c4,0xffff,0x8841,251,0x0000,0xfffc,0x1209,,,idle2.pcapng
"Oct 12, 2023 17:46:40.671040",,50,,,,,,,,,,idle2.pcapng
"Oct 12, 2023 17:46:40.672993",0.001953,5,,,0x0002,114,,,,,,idle2.pcapng
"Oct 12, 2023 17:46:40.676633",0.003640,59,0xebe5,0xffff,0x8841,218,0x0000,0xfffc,0x1209,,,idle2.pcapng
"Oct 12, 2023 17:46:40.682866",,45,,,,,,,,,,idle2.pcapng
"Oct 12, 2023 17:46:40.684689",0.001823,5,,,0x0002,109,,,,,,idle2.pcapng
"Oct 12, 2023 17:46:40.687577",,45,,,,,,,,,,idle2.pcapng
"Oct 12, 2023 17:46:40.689400",0.001823,5,,,0x0002,109,,,,,,idle2.pcapng
"Oct 12, 2023 17:46:40.693228",0.003828,57,0xc8f0,0x0000,0x8861,110,,,,,,idle2.pcapng
"Oct 12, 2023 17:46:40.698201",,57,,,,,,,,,,idle2.pcapng
"Oct 12, 2023 17:46:40.700408",0.002207,5,,,0x0002,110,,,,,,idle2.pcapng
"Oct 12, 2023 17:46:40.718749",0.018341,59,0x09ac,0xffff,0x8841,214,0x0000,0xfffc,0x1209,,,idle2.pcapng
"Oct 12, 2023 17:46:40.740396",,50,,,,,,,,,,idle2.pcapng
"Oct 12, 2023 17:46:40.742379",0.001983,5,,,0x0002,22,,,,,,idle2.pcapng
"Oct 12, 2023 17:46:40.743741",0.001362,59,0x482d,0xffff,0x8841,42,0x0000,0xfffc,0x1209,,,idle2.pcapng
"Oct 12, 2023 17:46:40.747194",,50,,,,,,,,,,idle2.pcapng
"Oct 12, 2023 17:46:40.749492",0.002298,45,0xc8f0,0x482d,0x8861,111,0xc8f0,0x482d,0x0209,,,idle2.pcapng
"Oct 12, 2023 17:46:40.751315",0.001823,5,,,0x0002,111,,,,,,idle2.pcapng
"Oct 12, 2023 17:46:40.752995",,50,,,,,,,,,,idle2.pcapng
"Oct 12, 2023 17:46:40.754947",0.001952,5,,,0x0002,252,,,,,,idle2.pcapng
"Oct 12, 2023 17:46:40.756423",0.001476,45,0x482d,0xe5c4,0x8861,43,0x482d,0xe5c4,0x0209,,,idle2.pcapng
"Oct 12, 2023 17:46:40.758247",0.001824,5,,,0x0002,43,,,,,,idle2.pcapng
"Oct 12, 2023 17:46:40.758843",,50,,,,,,,,,,idle2.pcapng
"Oct 12, 2023 17:46:40.760785",0.001942,5,,,0x0002,115,,,,,,idle2.pcapng
"Oct 12, 2023 17:46:40.763232",0.002447,45,0xe5c4,0x0000,0x8861,253,0xe5c4,0x0000,0x0209,,,idle2.pcapng
"Oct 12, 2023 17:46:40.765055",0.001823,5,,,0x0002,253,,,,,,idle2.pcapng
"Oct 12, 2023 17:46:40.766132",,45,,,,,,,,,,idle2.pcapng
"Oct 12, 2023 17:46:40.767955",0.001823,5,,,0x0002,112,,,,,,idle2.pcapng
"Oct 12, 2023 17:46:40.951693",0.183738,59,0xe694,0xffff,0x8841,60,0x0000,0xfffc,0x1209,,,idle2.pcapng
"Oct 12, 2023 17:46:40.959231",0.007538,5,,,0x0002,113,,,,,,idle2.pcapng
"Oct 12, 2023 17:46:40.976432",0.017201,59,0x000a,0xffff,0x8841,23,,,,,,idle2.pcapng
"Oct 12, 2023 17:46:41.084178",0.107746,45,0xa209,0x482d,0x8861,214,,,,,,idle2.pcapng
"Oct 12, 2023 17:46:41.172198",0.088020,45,0x557a,0x6564,0x8861,215,,,,,,idle2.pcapng
"Oct 12, 2023 17:46:41.250377",0.078179,102,,,0x4266,80,,,,,,idle2.pcapng
"Oct 12, 2023 17:46:41.262890",0.012513,59,0x0000,0xffff,0x8841,24,0x0000,0xfffc,0x1209,,,idle2.pcapng
"Oct 12, 2023 17:46:41.933378",0.670488,107,0x6e5f,0xffff,0x886b,117,,,,,,idle2.pcapng
"Oct 12, 2023 17:46:42.741191",,52,,,,,,,,,,idle2.pcapng
"Oct 12, 2023 17:46:42.743208",0.002017,5,,,0x0002,25,,,,,,idle2.pcapng
"Oct 12, 2023 17:46:42.751526",,63,,,,,,,,,,idle2.pcapng
"Oct 12, 2023 17:46:42.753925",0.002399,5,,,0x0002,61,,,,,,idle2.pcapng
"Oct 12, 2023 17:46:42.784748",,52,,,,,,,,,,idle2.pcapng
"Oct 12, 2023 17:46:42.786764",0.002016,5,,,0x0002,26,,,,,,idle2.pcapng
"Oct 12, 2023 17:46:42.794590",,63,,,,,,,,,,idle2.pcapng
"Oct 12, 2023 17:46:42.796988",0.002398,5,,,0x0002,118,,,,,,idle2.pcapng
"Oct 12, 2023 17:46:42.803950",,45,,,,,,,,,,idle2.pcapng
"Oct 12, 2023 17:46:42.805742",0.001792,5,,,0x0002,27,,,,,,idle2.pcapng
"Oct 12, 2023 17:46:42.821500",,54,,,,,,,,,,idle2.pcapng
"Oct 12, 2023 17:46:42.823583",0.002083,5,,,0x0002,28,,,,,,idle2.pcapng
"Oct 12, 2023 17:46:42.831834",,66,,,,,,,,,,idle2.pcapng
"Oct 12, 2023 17:46:42.834329",0.002495,5,,,0x0002,62,,,,,,idle2.pcapng
"Oct 12, 2023 17:46:42.836069",,54,,,,,,,,,,idle2.pcapng
"Oct 12, 2023 17:46:42.838149",0.002080,5,,,0x0002,29,,,,,,idle2.pcapng
"Oct 12, 2023 17:46:42.846054",,66,,,,,,,,,,idle2.pcapng
"Oct 12, 2023 17:46:42.848549",0.002495,5,,,0x0002,119,,,,,,idle2.pcapng
"Oct 12, 2023 17:46:42.872581",,45,,,,,,,,,,idle2.pcapng
"Oct 12, 2023 17:46:42.874373",0.001792,5,,,0x0002,30,,,,,,idle2.pcapng
"Oct 12, 2023 17:46:42.880348",,54,,,,,,,,,,idle2.pcapng
"Oct 12, 2023 17:46:42.882460",0.002112,5,,,0x0002,31,,,,,,idle2.pcapng
"Oct 12, 2023 17:46:42.884840",,54,,,,,,,,,,idle2.pcapng
"Oct 12, 2023 17:46:42.886952",0.002112,5,,,0x0002,255,,,,,,idle2.pcapng
"Oct 12, 2023 17:46:42.890692",,54,,,,,,,,,,idle2.pcapng
"Oct 12, 2023 17:46:42.892762",0.002070,5,,,0x0002,45,,,,,,idle2.pcapng
"Oct 12, 2023 17:46:42.895101",,45,,,,,,,,,,idle2.pcapng
"Oct 12, 2023 17:46:42.896887",0.001786,5,,,0x0002,32,,,,,,idle2.pcapng
"Oct 12, 2023 17:46:42.900715",,52,,,,,,,,,,idle2.pcapng
"Oct 12, 2023 17:46:42.902762",0.002047,5,,,0x0002,33,,,,,,idle2.pcapng
"Oct 12, 2023 17:46:42.905749",,66,,,,,,,,,,idle2.pcapng
"Oct 12, 2023 17:46:42.908244",0.002495,5,,,0x0002,114,,,,,,idle2.pcapng
"Oct 12, 2023 17:46:42.909342",,52,,,,,,,,,,idle2.pcapng
"Oct 12, 2023 17:46:42.911390",0.002048,5,,,0x0002,0,,,,,,idle2.pcapng
"Oct 12, 2023 17:46:42.915173",,52,,,,,,,,,,idle2.pcapng
"Oct 12, 2023 17:46:42.917189",0.002016,5,,,0x0002,46,,,,,,idle2.pcapng
"Oct 12, 2023 17:46:42.924028",,45,,,,,,,,,,idle2.pcapng
"Oct 12, 2023 17:46:42.928724",,45,,,,,,,,,,idle2.pcapng
"Oct 12, 2023 17:46:42.934007",,45,,,,,,,,,,idle2.pcapng
"Oct 12, 2023 17:46:42.939298",,45,,,,,,,,,,idle2.pcapng
"Oct 12, 2023 17:46:42.947059",,45,,,,,,,,,,idle2.pcapng
"Oct 12, 2023 17:46:42.948882",0.001823,5,,,0x0002,35,,,,,,idle2.pcapng
"Oct 12, 2023 17:46:42.953205",,45,,,,,,,,,,idle2.pcapng
"Oct 12, 2023 17:46:42.958747",,63,,,,,,,,,,idle2.pcapng
"Oct 12, 2023 17:46:42.961146",0.002399,5,,,0x0002,116,,,,,,idle2.pcapng
"Oct 12, 2023 17:46:42.962838",0.001692,45,0x482d,0xc8f0,0x8861,47,,,,,,idle2.pcapng
"Oct 12, 2023 17:46:42.966404",,45,,,,,,,,,,idle2.pcapng
"Oct 12, 2023 17:46:42.969242",,45,,,,,,,,,,idle2.pcapng
"Oct 12, 2023 17:46:42.971027",0.001785,5,,,0x0002,47,,,,,,idle2.pcapng
"Oct 12, 2023 17:46:42.972268",,63,,,,,,,,,,idle2.pcapng
"Oct 12, 2023 17:46:42.974667",0.002399,5,,,0x0002,117,,,,,,idle2.pcapng
"Oct 12, 2023 17:46:42.988743",,45,,,,,,,,,,idle2.pcapng
"Oct 12, 2023 17:46:42.990566",0.001823,5,,,0x0002,36,,,,,,idle2.pcapng
"Oct 12, 2023 17:46:42.993351",,45,,,,,,,,,,idle2.pcapng
"Oct 12, 2023 17:46:42.995175",0.001824,5,,,0x0002,2,,,,,,idle2.pcapng
"Oct 12, 2023 17:46:42.998639",,45,,,,,,,,,,idle2.pcapng
"Oct 12, 2023 17:46:43.000431",0.001792,5,,,0x0002,48,,,,,,idle2.pcapng
"Oct 12, 2023 17:46:43.007571",,45,,,,,,,,,,idle2.pcapng
"Oct 12, 2023 17:46:43.009364",0.001793,5,,,0x0002,37,,,,,,idle2.pcapng
"Oct 12, 2023 17:46:43.013482",,45,,,,,,,,,,idle2.pcapng
"Oct 12, 2023 17:46:43.015305",0.001823,5,,,0x0002,38,,,,,,idle2.pcapng
"Oct 12, 2023 17:46:43.018096",,45,,,,,,,,,,idle2.pcapng
"Oct 12, 2023 17:46:43.019919",0.001823,5,,,0x0002,3,,,,,,idle2.pcapng
"Oct 12, 2023 17:46:43.024313",0.004394,77,0x054f,0xffff,0x8841,205,0x054f,0xfffc,0x1209,,,idle2.pcapng
"Oct 12, 2023 17:46:43.030292",0.005979,5,,,0x0002,49,,,,,,idle2.pcapng
"Oct 12, 2023 17:46:43.263573",0.233281,74,0x09ac,0xffff,0x8841,217,0x09ac,0xfffc,0x1209,,,idle2.pcapng
"Oct 12, 2023 17:46:44.601684",1.338111,77,0xe5c4,0xffff,0x8841,4,0xe5c4,0xfffc,0x1209,,,idle2.pcapng
"Oct 12, 2023 17:46:44.677762",0.076078,77,0xe694,0xffff,0x8841,63,0xe694,0xfffc,0x1209,,,idle2.pcapng
"Oct 12, 2023 17:46:45.754295",1.076533,74,0xa209,0xffff,0x8841,218,0xa209,0xfffc,0x1209,,,idle2.pcapng
"Oct 12, 2023 17:46:46.184788",0.430493,77,0x482d,0xffff,0x8841,50,0x482d,0xfffc,0x1209,,,idle2.pcapng
"Oct 12, 2023 17:46:46.316161",0.131373,12,0x2cae,0x482d,0x8863,104,,,,,,idle2.pcapng
"Oct 12, 2023 17:46:46.316929",0.000768,5,,,0x0002,104,,,,,,idle2.pcapng
"Oct 12, 2023 17:46:51.378915",5.061986,12,0x2cae,0x482d,0x8863,105,,,,,,idle2.pcapng
"Oct 12, 2023 17:46:51.379682",0.000767,5,,,0x0002,105,,,,,,idle2.pcapng
"Oct 12, 2023 17:46:53.262355",,50,,,,,,,,,,idle2.pcapng
"Oct 12, 2023 17:46:53.278316",0.015961,107,,,0xf86b,177,,,,,,idle2.pcapng
"Oct 12, 2023 17:46:53.282605",0.004289,55,0xa209,0x482d,0x8861,219,,,,,,idle2.pcapng
"Oct 12, 2023 17:46:53.284748",0.002143,5,,,0x0002,219,,,,,,idle2.pcapng
"Oct 12, 2023 17:46:53.317683",0.032935,5,,,0x0002,220,,,,,,idle2.pcapng
"Oct 12, 2023 17:46:53.340736",,50,,,,,,,,,,idle2.pcapng
"Oct 12, 2023 17:46:53.342719",0.001983,5,,,0x0002,40,,,,,,idle2.pcapng
"Oct 12, 2023 17:46:53.343332",0.000613,53,0x482d,0xe5c4,0x8861,52,,,,,,idle2.pcapng
"Oct 12, 2023 17:46:53.354954",0.011622,53,0x482d,0xe5c4,0x8861,52,,,,,,idle2.pcapng
"Oct 12, 2023 17:46:53.358813",,53,,,,,,,,,,idle2.pcapng
"Oct 12, 2023 17:46:53.360892",0.002079,5,,,0x0002,52,,,,,,idle2.pcapng
"Oct 12, 2023 17:46:53.368759",0.007867,57,0x482d,0xe5c4,0x8861,53,,,,,,idle2.pcapng
"Oct 12, 2023 17:46:53.382735",0.013976,53,0xe5c4,0x0000,0x8861,84,,,,,,idle2.pcapng
"Oct 12, 2023 17:46:53.395916",,53,,,,,,,,,,idle2.pcapng
"Oct 12, 2023 17:46:53.397995",0.002079,5,,,0x0002,5,,,,,,idle2.pcapng
"Oct 12, 2023 17:46:53.425770",0.027775,5,,,0x0002,54,,,,,,idle2.pcapng
"Oct 12, 2023 17:46:53.437195",0.011425,57,0x482d,0xe5c4,0x8861,55,0xa209,0x0000,0x1a09,,,idle2.pcapng
"Oct 12, 2023 17:46:53.439402",0.002207,5,,,0x0002,55,,,,,,idle2.pcapng
"Oct 12, 2023 17:46:53.452671",,50,,,,,,,,,,idle2.pcapng
"Oct 12, 2023 17:46:53.460188",0.007517,59,0xe576,0xf958,0x8861,102,,,,,,idle2.pcapng
"Oct 12, 2023 17:46:53.462234",0.002046,55,0xa209,0x482d,0x8861,221,,,,,,idle2.pcapng
"Oct 12, 2023 17:46:53.468964",,50,,,,,,,,,,idle2.pcapng
"Oct 12, 2023 17:46:53.505209",0.036245,55,0xa209,0x482d,0x8861,222,,,,,,idle2.pcapng
"Oct 12, 2023 17:46:53.509232",,53,,,,,,,,,,idle2.pcapng
"Oct 12, 2023 17:46:53.511311",0.002079,5,,,0x0002,223,,,,,,idle2.pcapng
"Oct 12, 2023 17:46:53.540634",0.029323,57,0x482d,0xe5c4,0x8861,57,,,,,,idle2.pcapng
"Oct 12, 2023 17:46:53.555199",0.014565,50,0x0000,0xa257,0x8861,42,,,,,,idle2.pcapng
"Oct 12, 2023 17:46:53.558363",,50,,,,,,,,,,idle2.pcapng
"Oct 12, 2023 17:46:53.561554",,50,,,,,,,,,,idle2.pcapng
"Oct 12, 2023 17:46:53.564745",0.003191,50,0x0000,0xa209,0x8861,42,,,,,,idle2.pcapng
"Oct 12, 2023 17:46:53.566729",0.001984,5,,,0x0002,42,,,,,,idle2.pcapng
"Oct 12, 2023 17:46:53.567623",0.000894,57,0x482d,0xe5c4,0x8861,57,0xa209,0x0000,0x1a09,,,idle2.pcapng
"Oct 12, 2023 17:46:53.569830",0.002207,5,,,0x0002,57,,,,,,idle2.pcapng
"Oct 12, 2023 17:46:53.575642",0.005812,59,0xe5c4,0x0000,0x8861,8,0xa209,0x0000,0x1a09,,,idle2.pcapng
"Oct 12, 2023 17:46:53.577912",0.002270,5,,,0x0002,8,,,,,,idle2.pcapng
"Oct 12, 2023 17:46:53.608880",0.030968,59,0xe5c4,0x0000,0x8861,9,0xa209,0x0000,0x1a09,,,idle2.pcapng
"Oct 12, 2023 17:46:53.611150",0.002270,5,,,0x0002,9,,,,,,idle2.pcapng
"Oct 12, 2023 17:46:53.818005",0.206855,57,0x482d,0x82eb,0x8861,62,0x482d,0xa209,0x1a09,,,idle2.pcapng
"Oct 12, 2023 17:46:53.820217",0.002212,5,,,0x0002,62,,,,,,idle2.pcapng
"Oct 12, 2023 17:46:53.823023",0.002806,57,0x482d,0xc8f0,0x8861,63,0x482d,0x0000,0x1a09,,,idle2.pcapng
"Oct 12, 2023 17:46:53.825199",0.002176,5,,,0x0002,63,,,,,,idle2.pcapng
"Oct 12, 2023 17:46:53.828832",0.003633,57,0xc8f0,0x0000,0x8861,119,,,,,,idle2.pcapng
"Oct 12, 2023 17:46:53.831039",0.002207,5,,,0x0002,119,,,,,,idle2.pcapng
"Oct 12, 2023 17:46:53.843283",0.012244,57,0x82eb,0xa209,0x8861,167,0x482d,0xa209,0x1a09,,,idle2.pcapng
"Oct 12, 2023 17:46:53.845490",0.002207,5,,,0x0002,167,,,,,,idle2.pcapng
"Oct 12, 2023 17:46:56.265448",2.419958,77,0x82eb,0xffff,0x8841,168,0x82eb,0xfffc,0x1209,,,idle2.pcapng
"Oct 12, 2023 17:46:56.378053",0.112605,12,0x2cae,0x482d,0x8863,106,,,,,,idle2.pcapng
"Oct 12, 2023 17:46:56.378821",0.000768,5,,,0x0002,106,,,,,,idle2.pcapng
"Oct 12, 2023 17:46:56.442188",0.063367,77,0x0000,0xffff,0x8841,43,0x0000,0xfffc,0x1209,,,idle2.pcapng
"Oct 12, 2023 17:46:56.886007",0.443819,74,0x6e5f,0xffff,0x8841,120,0x6e5f,0xfffc,0x1209,,,idle2.pcapng
"Oct 12, 2023 17:46:58.015907",1.129900,59,,,,,,,,,,idle2.pcapng
"Oct 12, 2023 17:46:58.664829",0.648922,98,0x09ac,0xffff,0x8862,218,,,,,,idle2.pcapng
"Oct 12, 2023 17:46:59.726964",1.062135,77,0xe694,0xffff,0x8841,64,0xe694,0xfffc,0x1209,,,idle2.pcapng
"Oct 12, 2023 17:47:00.326055",,60,,,,,,,,,,idle2.pcapng
"Oct 12, 2023 17:47:00.328358",0.002303,5,,,0x0002,120,,,,,,idle2.pcapng
"Oct 12, 2023 17:47:00.369446",,50,,,,,,,,,,idle2.pcapng
"Oct 12, 2023 17:47:00.371429",0.001983,5,,,0x0002,44,,,,,,idle2.pcapng
"Oct 12, 2023 17:47:00.374116",,50,,,,,,,,,,idle2.pcapng
"Oct 12, 2023 17:47:00.376099",0.001983,5,,,0x0002,10,,,,,,idle2.pcapng
"Oct 12, 2023 17:47:00.379287",,50,,,,,,,,,,idle2.pcapng
"Oct 12, 2023 17:47:00.381241",0.001954,5,,,0x0002,64,,,,,,idle2.pcapng
"Oct 12, 2023 17:47:00.386444",,45,,,,,,,,,,idle2.pcapng
"Oct 12, 2023 17:47:00.388267",0.001823,5,,,0x0002,121,,,,,,idle2.pcapng
"Oct 12, 2023 17:47:01.441483",1.053216,12,0x2cae,0x482d,0x8863,107,,,,,,idle2.pcapng
"Oct 12, 2023 17:47:01.442250",0.000767,5,,,0x0002,107,,,,,,idle2.pcapng
"Oct 12, 2023 17:47:02.403211",,76,,,,,,,,,,idle2.pcapng
"Oct 12, 2023 17:47:02.406026",0.002815,5,,,0x0002,207,,,,,,idle2.pcapng
"Oct 12, 2023 17:47:02.423210",,45,,,,,,,,,,idle2.pcapng
"Oct 12, 2023 17:47:02.425003",0.001793,5,,,0x0002,45,,,,,,idle2.pcapng
"Oct 12, 2023 17:47:02.428686",,45,,,,,,,,,,idle2.pcapng
"Oct 12, 2023 17:47:02.430496",0.001810,5,,,0x0002,65,,,,,,idle2.pcapng
"Oct 12, 2023 17:47:02.452643",,50,,,,,,,,,,idle2.pcapng
"Oct 12, 2023 17:47:02.454585",0.001942,5,,,0x0002,46,,,,,,idle2.pcapng
"Oct 12, 2023 17:47:02.458424",,50,,,,,,,,,,idle2.pcapng
"Oct 12, 2023 17:47:02.460393",0.001969,5,,,0x0002,66,,,,,,idle2.pcapng
"Oct 12, 2023 17:47:02.462306",,45,,,,,,,,,,idle2.pcapng
"Oct 12, 2023 17:47:02.464129",0.001823,5,,,0x0002,208,,,,,,idle2.pcapng
"Oct 12, 2023 17:47:02.479160",0.015031,77,0xe5c4,0xffff,0x8841,11,0xe5c4,0xfffc,0x1209,,,idle2.pcapng
"Oct 12, 2023 17:47:06.473498",3.994338,12,0x2cae,0x482d,0x8863,108,,,,,,idle2.pcapng
"Oct 12, 2023 17:47:06.474266",0.000768,5,,,0x0002,108,,,,,,idle2.pcapng
"Oct 12, 2023 17:47:10.320986",3.846720,68,0xebe5,0xffff,0x8841,221,0xebe5,0xfffc,0x1209,,,idle2.pcapng
"Oct 12, 2023 17:47:10.750606",0.429620,77,0x0000,0xffff,0x8841,47,0x0000,0xfffc,0x1209,,,idle2.pcapng
"Oct 12, 2023 17:47:11.255557",0.504951,77,0x82eb,0xffff,0x8841,169,0x82eb,0xfffc,0x1209,,,idle2.pcapng
"Oct 12, 2023 17:47:11.504330",0.248773,12,0x2cae,0x482d,0x8863,109,,,,,,idle2.pcapng
"Oct 12, 2023 17:47:11.505097",0.000767,5,,,0x0002,109,,,,,,idle2.pcapng
"Oct 12, 2023 17:47:12.390247",0.885150,77,0x054f,0xffff,0x8841,209,0x054f,0xfffc,0x1209,,,idle2.pcapng
"Oct 12, 2023 17:47:12.750670",,52,,,,,,,,,,idle2.pcapng
"Oct 12, 2023 17:47:12.752686",0.002016,5,,,0x0002,48,,,,,,idle2.pcapng
"Oct 12, 2023 17:47:12.760386",,63,,,,,,,,,,idle2.pcapng
"Oct 12, 2023 17:47:12.762785",0.002399,5,,,0x0002,67,,,,,,idle2.pcapng
"Oct 12, 2023 17:47:12.788410",,52,,,,,,,,,,idle2.pcapng
"Oct 12, 2023 17:47:12.790427",0.002017,5,,,0x0002,49,,,,,,idle2.pcapng
"Oct 12, 2023 17:47:12.811308",,54,,,,,,,,,,idle2.pcapng
"Oct 12, 2023 17:47:12.813386",0.002078,5,,,0x0002,50,,,,,,idle2.pcapng
"Oct 12, 2023 17:47:12.821166",0.007780,107,0xe694,0x6476,0x886b,68,,,,,,idle2.pcapng
"Oct 12, 2023 17:47:12.829787",,45,,,,,,,,,,idle2.pcapng
"Oct 12, 2023 17:47:12.831581",0.001794,5,,,0x0002,51,,,,,,idle2.pcapng
"Oct 12, 2023 17:47:12.832103",0.000522,63,0x53d7,0x0000,0x8861,123,,,,,,idle2.pcapng
"Oct 12, 2023 17:47:12.842749",,66,,,,,,,,,,idle2.pcapng
"Oct 12, 2023 17:47:12.845243",0.002494,5,,,0x0002,68,,,,,,idle2.pcapng
"Oct 12, 2023 17:47:12.855481",0.010238,63,0x3e51,0x0000,0x8861,124,,,,,,idle2.pcapng
"Oct 12, 2023 17:47:12.860765",,63,,,,,,,,,,idle2.pcapng
"Oct 12, 2023 17:47:12.863164",0.002399,5,,,0x0002,124,,,,,,idle2.pcapng
"Oct 12, 2023 17:47:12.866027",,54,,,,,,,,,,idle2.pcapng
"Oct 12, 2023 17:47:12.868109",0.002082,5,,,0x0002,52,,,,,,idle2.pcapng
"Oct 12, 2023 17:47:12.876257",0.008148,106,,,0x726a,118,,,,,,idle2.pcapng
"Oct 12, 2023 17:47:12.883878",0.007621,5,,,0x0002,125,,,,,,idle2.pcapng
"Oct 12, 2023 17:47:12.886512",,54,,,,,,,,,,idle2.pcapng
"Oct 12, 2023 17:47:12.888623",0.002111,5,,,0x0002,53,,,,,,idle2.pcapng
"Oct 12, 2023 17:47:12.893068",,54,,,,,,,,,,idle2.pcapng
"Oct 12, 2023 17:47:12.895179",0.002111,5,,,,,,,,,,idle2.pcapng
"Oct 12, 2023 17:47:12.897476",,54,,,,,,,,,,idle2.pcapng
"Oct 12, 2023 17:47:12.899587",0.002111,5,,,0x0002,12,,,,,,idle2.pcapng
"Oct 12, 2023 17:47:12.928170",,52,,,,,,,,,,idle2.pcapng
"Oct 12, 2023 17:47:12.930217",0.002047,5,,,0x0002,54,,,,,,idle2.pcapng
"Oct 12, 2023 17:47:12.945880",0.015663,5,,,0x0002,66,,,,,,idle2.pcapng
"Oct 12, 2023 17:47:12.946633",,66,,,,,,,,,,idle2.pcapng
"Oct 12, 2023 17:47:12.949128",0.002495,5,,,0x0002,124,,,,,,idle2.pcapng
"Oct 12, 2023 17:47:12.952871",,45,,,,,,,,,,idle2.pcapng
"Oct 12, 2023 17:47:12.954662",0.001791,5,,,0x0002,55,,,,,,idle2.pcapng
"Oct 12, 2023 17:47:12.961058",,45,,,,,,,,,,idle2.pcapng
"Oct 12, 2023 17:47:12.962852",0.001794,5,,,0x0002,55,,,,,,idle2.pcapng
"Oct 12, 2023 17:47:12.984665",,45,,,,,,,,,,idle2.pcapng
"Oct 12, 2023 17:47:12.987454",,45,,,,,,,,,,idle2.pcapng
"Oct 12, 2023 17:47:12.990270",,45,,,,,,,,,,idle2.pcapng
"Oct 12, 2023 17:47:13.001513",,45,,,,,,,,,,idle2.pcapng
"Oct 12, 2023 17:47:13.003306",0.001793,5,,,0x0002,57,,,,,,idle2.pcapng
"Oct 12, 2023 17:47:13.024600",,45,,,,,,,,,,idle2.pcapng
"Oct 12, 2023 17:47:13.026423",0.001823,5,,,0x0002,58,,,,,,idle2.pcapng
"Oct 12, 2023 17:47:13.054663",,45,,,,,,,,,,idle2.pcapng
"Oct 12, 2023 17:47:13.057305",,45,,,,,,,,,,idle2.pcapng
"Oct 12, 2023 17:47:13.059096",0.001791,5,,,0x0002,59,,,,,,idle2.pcapng
"Oct 12, 2023 17:47:13.074035",,45,,,,,,,,,,idle2.pcapng
"Oct 12, 2023 17:47:13.075858",0.001823,5,,,0x0002,17,,,,,,idle2.pcapng
"Oct 12, 2023 17:47:13.080444",,45,,,,,,,,,,idle2.pcapng
"Oct 12, 2023 17:47:13.082225",0.001781,5,,,0x0002,67,,,,,,idle2.pcapng
"Oct 12, 2023 17:47:13.176677",,52,,,,,,,,,,idle2.pcapng
"Oct 12, 2023 17:47:13.181755",0.005078,52,0x482d,0xc8f0,0x8861,68,,,,,,idle2.pcapng
"Oct 12, 2023 17:47:13.190959",0.009204,52,0x782d,0xc8f0,0x8861,68,,,,,,idle2.pcapng
"Oct 12, 2023 17:47:13.204348",0.013389,52,0xe5c4,0x482d,0x8861,20,,,,,,idle2.pcapng
"Oct 12, 2023 17:47:13.206395",0.002047,5,,,0x0002,20,,,,,,idle2.pcapng
"Oct 12, 2023 17:47:13.213564",0.007169,52,0x482d,0xc8f0,0x8861,68,,,,,,idle2.pcapng
"Oct 12, 2023 17:47:13.220257",0.006693,63,0xc8f0,0x0000,0x8861,126,,,,,,idle2.pcapng
"Oct 12, 2023 17:47:13.225541",,63,,,,,,,,,,idle2.pcapng
"Oct 12, 2023 17:47:13.227940",0.002399,5,,,0x0002,126,,,,,,idle2.pcapng
"Oct 12, 2023 17:47:13.230807",,63,,,,,,,,,,idle2.pcapng
"Oct 12, 2023 17:47:13.233206",0.002399,5,,,0x0002,126,,,,,,idle2.pcapng
"Oct 12, 2023 17:47:13.257107",,52,,,,,,,,,,idle2.pcapng
"Oct 12, 2023 17:47:13.260069",,45,,,,,,,,,,idle2.pcapng
"Oct 12, 2023 17:47:13.261892",0.001823,5,,,0x0002,60,,,,,,idle2.pcapng
"Oct 12, 2023 17:47:13.266810",0.004918,5,,,0x0002,128,,,,,,idle2.pcapng
"Oct 12, 2023 17:47:13.303387",,45,,,,,,,,,,idle2.pcapng
"Oct 12, 2023 17:47:13.305211",0.001824,5,,,0x0002,61,,,,,,idle2.pcapng
"Oct 12, 2023 17:47:13.327182",0.021971,45,0xe5c4,0x3c37,0x8861,22,,,,,,idle2.pcapng
"Oct 12, 2023 17:47:13.346930",0.019748,45,,,0x4e61,81,,,,,,idle2.pcapng
"Oct 12, 2023 17:47:13.358909",,45,,,,,,,,,,idle2.pcapng
"Oct 12, 2023 17:47:13.368143",0.009234,5,,,0x0002,23,,,,,,idle2.pcapng
"Oct 12, 2023 17:47:13.371588",,45,,,,,,,,,,idle2.pcapng
"Oct 12, 2023 17:47:13.383531",0.011943,52,0x972d,0xc8f0,0x8861,97,,,,,,idle2.pcapng
"Oct 12, 2023 17:47:13.386604",0.003073,52,0x482d,0xc8f0,0x8861,72,,,,,,idle2.pcapng
"Oct 12, 2023 17:47:13.391370",,45,,,,,,,,,,idle2.pcapng
"Oct 12, 2023 17:47:13.393193",0.001823,5,,,0x0002,24,,,,,,idle2.pcapng
"Oct 12, 2023 17:47:13.430317",,45,,,,,,,,,,idle2.pcapng
"Oct 12, 2023 17:47:13.432108",0.001791,5,,,0x0002,73,,,,,,idle2.pcapng
"Oct 12, 2023 17:47:13.434221",,45,,,,,,,,,,idle2.pcapng
"Oct 12, 2023 17:47:13.440427",0.006206,57,0x482d,0xe5c4,0x8861,75,0x482d,0x0000,0x1a09,,,idle2.pcapng
"Oct 12, 2023 17:47:13.442634",0.002207,5,,,0x0002,75,,,,,,idle2.pcapng
"Oct 12, 2023 17:47:13.446892",0.004258,57,0xe5c4,0x0000,0x8861,25,0x482d,0x0000,0x1a09,,,idle2.pcapng
"Oct 12, 2023 17:47:13.449098",0.002206,5,,,0x0002,25,,,,,,idle2.pcapng
"Oct 12, 2023 17:47:14.681989",1.232891,77,0xe694,0xffff,0x8841,69,0xe694,0xfffc,0x1209,,,idle2.pcapng
"Oct 12, 2023 17:47:15.977814",1.295825,77,0x482d,0xffff,0x8841,76,0x482d,0xfffc,0x1209,,,idle2.pcapng
"Oct 12, 2023 17:47:16.567759",0.589945,12,0x2cae,0x482d,0x8863,110,,,,,,idle2.pcapng
"Oct 12, 2023 17:47:16.720268",0.152509,77,0xe5c4,0xffff,0x8841,26,0xe5c4,0xfffc,0x1209,,,idle2.pcapng
"Oct 12, 2023 17:47:19.755127",3.034859,74,0xa209,0xffff,0x8841,225,0xa209,0xfffc,0x1209,,,idle2.pcapng
"Oct 12, 2023 17:47:21.567563",1.812436,12,0x2cae,0x482d,0x8863,111,,,,,,idle2.pcapng
"Oct 12, 2023 17:47:21.568330",0.000767,5,,,0x0002,111,,,,,,idle2.pcapng
"Oct 12, 2023 17:47:25.187454",,63,,,,,,,,,,idle2.pcapng
"Oct 12, 2023 17:47:25.189853",0.002399,5,,,0x0002,126,,,,,,idle2.pcapng
"Oct 12, 2023 17:47:25.239540",,50,,,,,,,,,,idle2.pcapng
"Oct 12, 2023 17:47:25.241493",0.001953,5,,,0x0002,62,,,,,,idle2.pcapng
"Oct 12, 2023 17:47:25.246723",,45,,,,,,,,,,idle2.pcapng
"Oct 12, 2023 17:47:25.248546",0.001823,5,,,0x0002,127,,,,,,idle2.pcapng
"Oct 12, 2023 17:47:25.260934",,57,,,,,,,,,,idle2.pcapng
"Oct 12, 2023 17:47:25.263141",0.002207,5,,,0x0002,128,,,,,,idle2.pcapng
"Oct 12, 2023 17:47:25.301896",,50,,,,,,,,,,idle2.pcapng
"Oct 12, 2023 17:47:25.303849",0.001953,5,,,0x0002,63,,,,,,idle2.pcapng
"Oct 12, 2023 17:47:25.309306",,45,,,,,,,,,,idle2.pcapng
"Oct 12, 2023 17:47:25.311129",0.001823,5,,,0x0002,129,,,,,,idle2.pcapng
"Oct 12, 2023 17:47:25.374129",0.063000,68,0xebe5,0xffff,0x8841,222,0xebe5,0xfffc,0x1209,,,idle2.pcapng
"Oct 12, 2023 17:47:26.254946",,64,,,,,,,,,,idle2.pcapng
"Oct 12, 2023 17:47:26.599934",0.344988,12,0x2cae,0x482d,0x8863,112,,,,,,idle2.pcapng
"Oct 12, 2023 17:47:26.600701",0.000767,5,,,0x0002,112,,,,,,idle2.pcapng
"Oct 12, 2023 17:47:26.904583",0.303882,74,0x6e5f,0xffff,0x8841,130,0x6e5f,0xfffc,0x1209,,,idle2.pcapng
"Oct 12, 2023 17:47:27.695360",0.790777,77,0x0000,0xffff,0x8841,64,0x0000,0xfffc,0x1209,,,idle2.pcapng
"Oct 12, 2023 17:47:29.739789",2.044429,77,0xe694,0xffff,0x8841,70,0xe694,0xfffc,0x1209,,,idle2.pcapng
"Oct 12, 2023 17:47:29.879813",0.140024,74,0x054f,0xffff,0x8841,210,0x054f,0xfffc,0x1209,,,idle2.pcapng
"Oct 12, 2023 17:47:30.623207",0.743394,68,0xc8f0,0xffff,0x8841,130,0xc8f0,0xfffc,0x1209,,,idle2.pcapng
"Oct 12, 2023 17:47:31.334624",0.711417,74,0x482d,0xffff,0x8841,77,0x482d,0xfffc,0x1209,,,idle2.pcapng
"Oct 12, 2023 17:47:31.661032",0.326408,12,0x2cae,0x482d,0x8863,113,,,,,,idle2.pcapng
"Oct 12, 2023 17:47:31.661799",0.000767,5,,,0x0002,113,,,,,,idle2.pcapng
"Oct 12, 2023 17:47:33.088240",1.426441,77,0xe5c4,0xffff,0x8841,27,0xe5c4,0xfffc,0x1209,,,idle2.pcapng
"Oct 12, 2023 17:47:36.692437",3.604197,12,0x2cae,0x482d,0x8863,114,,,,,,idle2.pcapng
"Oct 12, 2023 17:47:36.693204",0.000767,5,,,,,,,,,,idle2.pcapng
"Oct 12, 2023 17:47:40.438158",3.744954,68,0xebe5,0xffff,0x8841,223,0xebe5,0xfffc,0x1209,,,idle2.pcapng
"Oct 12, 2023 17:47:41.260415",0.822257,77,0x82eb,0xffff,0x8841,171,0x82eb,0xfffc,0x1209,,,idle2.pcapng
"Oct 12, 2023 17:47:41.755450",0.495035,12,0x2cae,0x482d,0x8863,115,,,,,,idle2.pcapng
"Oct 12, 2023 17:47:41.756217",0.000767,5,,,0x0002,115,,,,,,idle2.pcapng
"Oct 12, 2023 17:47:42.745587",,52,,,,,,,,,,idle2.pcapng
"Oct 12, 2023 17:47:42.747604",0.002017,5,,,0x0002,65,,,,,,idle2.pcapng
"Oct 12, 2023 17:47:42.755569",,63,,,,,,,,,,idle2.pcapng
"Oct 12, 2023 17:47:42.757968",0.002399,5,,,0x0002,71,,,,,,idle2.pcapng
"Oct 12, 2023 17:47:42.780397",,52,,,,,,,,,,idle2.pcapng
"Oct 12, 2023 17:47:42.782412",0.002015,5,,,0x0002,66,,,,,,idle2.pcapng
"Oct 12, 2023 17:47:42.801442",,45,,,,,,,,,,idle2.pcapng
"Oct 12, 2023 17:47:42.803234",0.001792,5,,,0x0002,67,,,,,,idle2.pcapng
"Oct 12, 2023 17:47:42.815561",,54,,,,,,,,,,idle2.pcapng
"Oct 12, 2023 17:47:42.817633",0.002072,5,,,0x0002,68,,,,,,idle2.pcapng
"Oct 12, 2023 17:47:42.832026",,45,,,,,,,,,,idle2.pcapng
"Oct 12, 2023 17:47:42.833809",0.001783,5,,,0x0002,69,,,,,,idle2.pcapng
"Oct 12, 2023 17:47:42.834879",,66,,,,,,,,,,idle2.pcapng
"Oct 12, 2023 17:47:42.837374",0.002495,5,,,0x0002,72,,,,,,idle2.pcapng
"Oct 12, 2023 17:47:42.841879",,54,,,,,,,,,,idle2.pcapng
"Oct 12, 2023 17:47:42.843950",0.002071,5,,,0x0002,70,,,,,,idle2.pcapng
"Oct 12, 2023 17:47:42.851851",,66,,,,,,,,,,idle2.pcapng
"Oct 12, 2023 17:47:42.854346",0.002495,5,,,0x0002,133,,,,,,idle2.pcapng
"Oct 12, 2023 17:47:42.874700",0.020354,59,0x0000,0xffff,0x8841,71,0x0000,0xfffc,0x1209,,,idle2.pcapng
"Oct 12, 2023 17:47:42.880563",0.005863,45,0xc8f0,0x0000,0x8861,131,0xc8f0,0x0000,0x0209,,,idle2.pcapng
"Oct 12, 2023 17:47:42.882386",0.001823,5,,,0x0002,131,,,,,,idle2.pcapng
"Oct 12, 2023 17:47:42.883182",,45,,,,,,,,,,idle2.pcapng
"Oct 12, 2023 17:47:42.884973",0.001791,5,,,0x0002,72,,,,,,idle2.pcapng
"Oct 12, 2023 17:47:42.890178",,45,,,,,,,,,,idle2.pcapng
"Oct 12, 2023 17:47:42.894660",0.004482,59,0x7777,0x7677,0x8841,172,,,,,,idle2.pcapng
"Oct 12, 2023 17:47:42.904583",,45,,,,,,,,,,idle2.pcapng
"Oct 12, 2023 17:47:42.906376",0.001793,5,,,0x0002,73,,,,,,idle2.pcapng
"Oct 12, 2023 17:47:42.908818",0.002442,59,0xe5c4,0xffff,0x8841,28,0x0000,0xfffc,0x1209,,,idle2.pcapng
"Oct 12, 2023 17:47:42.916735",0.007917,59,0x054f,0xffff,0x8841,211,0x0000,0xfffc,0x1209,,,idle2.pcapng
"Oct 12, 2023 17:47:42.929023",0.012288,59,0xe694,0xffff,0x8841,73,0x0000,0xfffc,0x1209,,,idle2.pcapng
"Oct 12, 2023 17:47:42.979030",0.050007,59,0x09ac,0xffff,0x8841,221,0x0000,0xfffc,0x1209,,,idle2.pcapng
"Oct 12, 2023 17:47:43.010416",0.031386,59,0x482d,0xffff,0x8841,78,0x0000,0xfffc,0x1209,,,idle2.pcapng
"Oct 12, 2023 17:47:43.036121",,54,,,,,,,,,,idle2.pcapng
"Oct 12, 2023 17:47:43.038201",0.002080,5,,,0x0002,74,,,,,,idle2.pcapng
"Oct 12, 2023 17:47:43.046098",,66,,,,,,,,,,idle2.pcapng
"Oct 12, 2023 17:47:43.048593",0.002495,5,,,0x0002,132,,,,,,idle2.pcapng
"Oct 12, 2023 17:47:43.053353",,52,,,,,,,,,,idle2.pcapng
"Oct 12, 2023 17:47:43.055370",0.002017,5,,,0x0002,75,,,,,,idle2.pcapng
"Oct 12, 2023 17:47:43.061908",0.006538,59,0xa209,0xffff,0x8841,227,,,,,,idle2.pcapng
"Oct 12, 2023 17:47:43.064333",0.002425,60,,,0x1a52,98,,,,,,idle2.pcapng
"Oct 12, 2023 17:47:43.068281",,63,,,,,,,,,,idle2.pcapng
"Oct 12, 2023 17:47:43.070680",0.002399,5,,,0x0002,133,,,,,,idle2.pcapng
"Oct 12, 2023 17:47:43.073553",,63,,,,,,,,,,idle2.pcapng
"Oct 12, 2023 17:47:43.075952",0.002399,5,,,0x0002,133,,,,,,idle2.pcapng
"Oct 12, 2023 17:47:43.078130",,45,,,,,,,,,,idle2.pcapng
"Oct 12, 2023 17:47:43.079922",0.001792,5,,,0x0002,76,,,,,,idle2.pcapng
"Oct 12, 2023 17:47:43.087208",,45,,,,,,,,,,idle2.pcapng
"Oct 12, 2023 17:47:43.089002",0.001794,5,,,0x0002,77,,,,,,idle2.pcapng
"Oct 12, 2023 17:47:43.153033",0.064031,59,0x6e5f,0xffff,0x8841,135,0x0000,0xfffc,0x1209,,,idle2.pcapng
"Oct 12, 2023 17:47:43.163009",0.009976,59,0xebe5,0xffff,0x8841,225,0x0000,0xfffc,0x1209,,,idle2.pcapng
"Oct 12, 2023 17:47:43.183240",0.020231,59,0xe694,0xffff,0x8841,74,0x0000,0xfffc,0x1209,,,idle2.pcapng
"Oct 12, 2023 17:47:43.197632",0.014392,59,0x82eb,0xffff,0x8841,173,0x0000,0xfffc,0x1209,,,idle2.pcapng
"Oct 12, 2023 17:47:43.247230",0.049598,59,0x054f,0xffff,0x8841,212,0x0000,0xfffc,0x1209,,,idle2.pcapng
"Oct 12, 2023 17:47:43.254034",0.006804,59,0x09ac,0xffff,0x8841,222,0x0000,0xfffc,0x1209,,,idle2.pcapng
"Oct 12, 2023 17:47:43.260530",0.006496,59,0x0000,0xffff,0x8841,78,0x0000,0xfffc,0x1209,,,idle2.pcapng
"Oct 12, 2023 17:47:43.285128",0.024598,59,0xe5c4,0xffff,0x8841,29,0x0000,0xfffc,0x1209,,,idle2.pcapng
"Oct 12, 2023 17:47:43.301638",0.016510,59,0x482d,0xffff,0x8841,79,0x0000,0xfffc,0x1209,,,idle2.pcapng
"Oct 12, 2023 17:47:43.338685",0.037047,59,0xa209,0xffff,0x8841,228,0x0000,0xfffc,0x1209,,,idle2.pcapng
"Oct 12, 2023 17:47:43.344358",0.005673,45,0xc8f0,0xa209,0x8861,134,0xc8f0,0xa209,0x0209,,,idle2.pcapng
"Oct 12, 2023 17:47:43.346181",0.001823,5,,,0x0002,134,,,,,,idle2.pcapng
"Oct 12, 2023 17:47:43.349059",0.002878,45,0xa209,0x0000,0x8861,229,,,,,,idle2.pcapng
"Oct 12, 2023 17:47:43.353244",0.004185,45,0xa209,0x0000,0x8861,229,0xa209,0x0000,0x0209,,,idle2.pcapng
"Oct 12, 2023 17:47:43.355067",0.001823,5,,,0x0002,229,,,,,,idle2.pcapng
"Oct 12, 2023 17:47:43.407157",0.052090,59,0x6e5f,0xffff,0x8841,136,0x0000,0xfffc,0x1209,,,idle2.pcapng
"Oct 12, 2023 17:47:43.417204",0.010047,59,0xebe5,0xffff,0x8841,226,0x0000,0xfffc,0x1209,,,idle2.pcapng
"Oct 12, 2023 17:47:43.437497",0.020293,59,0xe694,0xffff,0x8841,75,0x0000,0xfffc,0x1209,,,idle2.pcapng
"Oct 12, 2023 17:47:43.544121",0.106624,59,0x0000,0xffff,0x8841,79,0x0000,0xfffc,0x1209,,,idle2.pcapng
"Oct 12, 2023 17:47:43.550219",0.006098,59,0x09ac,0xffff,0x8841,223,0x0000,0xfffc,0x1209,,,idle2.pcapng
"Oct 12, 2023 17:47:43.563869",0.013650,59,0x054f,0xffff,0x8841,213,0x0000,0xfffc,0x1209,,,idle2.pcapng
"Oct 12, 2023 17:47:43.616373",0.052504,77,0x0000,0xffff,0x8841,80,0x0000,0xfffc,0x1209,,,idle2.pcapng
"Oct 12, 2023 17:47:43.630169",0.013796,59,0xa209,0xffff,0x8841,230,0x0000,0xfffc,0x1209,,,idle2.pcapng
"Oct 12, 2023 17:47:43.643432",0.013263,59,0x482d,0xffff,0x8841,80,0x0000,0xfffc,0x1209,,,idle2.pcapng
"Oct 12, 2023 17:47:43.666612",0.023180,59,0xe5c4,0xffff,0x8841,30,0x0000,0xfffc,0x1209,,,idle2.pcapng
"Oct 12, 2023 17:47:43.865957",0.199345,59,0x0000,0xffff,0x8841,81,0x0000,0xfffc,0x1209,,,idle2.pcapng
"Oct 12, 2023 17:47:43.958899",0.092942,59,0xa209,0xffff,0x8841,231,0x0000,0xfffc,0x1209,,,idle2.pcapng
"Oct 12, 2023 17:47:44.026878",0.067979,59,0x482d,0xffff,0x8841,81,0x0000,0xfffc,0x1209,,,idle2.pcapng
"Oct 12, 2023 17:47:44.648117",0.621239,77,0xe694,0xffff,0x8841,76,0xe694,0xfffc,0x1209,,,idle2.pcapng
"Oct 12, 2023 17:47:45.608118",0.960001,71,0xc8f0,0xffff,0x8841,135,0xc8f0,0xfffc,0x1209,,,idle2.pcapng
"Oct 12, 2023 17:47:45.789704",0.181586,77,0x054f,0xffff,0x8841,214,0x054f,0xfffc,0x1209,,,idle2.pcapng
"Oct 12, 2023 17:47:46.331192",0.541488,92,0x482d,0xffff,0x885c,82,,,,,,idle2.pcapng
"Oct 12, 2023 17:47:46.819133",0.487941,12,0x2cae,0x482d,0x8863,116,,,,,,idle2.pcapng
"Oct 12, 2023 17:47:46.819900",0.000767,5,,,0x0002,116,,,,,,idle2.pcapng
"Oct 12, 2023 17:47:47.734741",0.914841,74,0x09ac,0xffff,0x8841,224,0x09ac,0xfffc,0x1209,,,idle2.pcapng
"Oct 12, 2023 17:47:48.069894",0.335153,77,0xe5c4,0xffff,0x8841,31,0xe5c4,0xfffc,0x1209,,,idle2.pcapng
"Oct 12, 2023 17:47:51.096169",,52,,,,,,,,,,idle2.pcapng
"Oct 12, 2023 17:47:51.098186",0.002017,5,,,0x0002,189,,,,,,idle2.pcapng
"Oct 12, 2023 17:47:51.100995",0.002809,52,0xb815,0xc8f0,0x8861,190,,,,,,idle2.pcapng
"Oct 12, 2023 17:47:51.104421",,52,,,,,,,,,,idle2.pcapng
"Oct 12, 2023 17:47:51.106812",,52,,,,,,,,,,idle2.pcapng
"Oct 12, 2023 17:47:51.108858",0.002046,5,,,0x0002,136,,,,,,idle2.pcapng
"Oct 12, 2023 17:47:51.110157",,52,,,,,,,,,,idle2.pcapng
"Oct 12, 2023 17:47:51.112174",0.002017,5,,,0x0002,190,,,,,,idle2.pcapng
"Oct 12, 2023 17:47:51.115860",,52,,,,,,,,,,idle2.pcapng
"Oct 12, 2023 17:47:51.117907",0.002047,5,,,0x0002,137,,,,,,idle2.pcapng
"Oct 12, 2023 17:47:51.617227",0.499320,12,0xb815,0xc8f0,0x8863,191,,,,,,idle2.pcapng
"Oct 12, 2023 17:47:51.617953",0.000726,5,,,0x0002,191,,,,,,idle2.pcapng
"Oct 12, 2023 17:47:51.819323",0.201370,12,0x2cae,0x482d,0x8863,117,,,,,,idle2.pcapng
"Oct 12, 2023 17:47:51.820091",0.000768,5,,,0x0002,117,,,,,,idle2.pcapng
"Oct 12, 2023 17:47:52.978087",1.157996,71,0xa209,0xffff,0x8841,232,0xa209,0xfffc,0x1209,,,idle2.pcapng
"Oct 12, 2023 17:47:55.322031",2.343944,50,0x0000,0xe5c4,0x8861,82,,,,,,idle2.pcapng
"Oct 12, 2023 17:47:55.325195",,50,,,,,,,,,,idle2.pcapng
"Oct 12, 2023 17:47:55.327178",0.001983,5,,,0x0002,82,,,,,,idle2.pcapng
"Oct 12, 2023 17:47:55.342735",0.015557,55,0xe5c4,0x0000,0x8861,32,0xe5c4,0x0000,0x1a09,,,idle2.pcapng
"Oct 12, 2023 17:47:55.344877",0.002142,5,,,0x0002,32,,,,,,idle2.pcapng
"Oct 12, 2023 17:47:55.376170",0.031293,107,,,0xc46b,33,,,,,,idle2.pcapng
"Oct 12, 2023 17:47:55.386248",,53,,,,,,,,,,idle2.pcapng
"Oct 12, 2023 17:47:55.388327",0.002079,5,,,0x0002,33,,,,,,idle2.pcapng
"Oct 12, 2023 17:47:55.448384",,50,,,,,,,,,,idle2.pcapng
"Oct 12, 2023 17:47:55.450368",0.001984,5,,,0x0002,83,,,,,,idle2.pcapng
"Oct 12, 2023 17:47:55.458178",0.007810,55,0xe5c4,0x0000,0x8861,34,0xe5c4,0x0000,0x1a09,,,idle2.pcapng
"Oct 12, 2023 17:47:55.460321",0.002143,5,,,0x0002,34,,,,,,idle2.pcapng
"Oct 12, 2023 17:47:55.507093",,53,,,,,,,,,,idle2.pcapng
"Oct 12, 2023 17:47:55.509172",0.002079,5,,,0x0002,35,,,,,,idle2.pcapng
"Oct 12, 2023 17:47:56.258525",0.749353,77,0x82eb,0xffff,0x8841,174,0x82eb,0xfffc,0x1209,,,idle2.pcapng
"Oct 12, 2023 17:47:56.849484",0.590959,12,0x2cae,0x482d,0x8863,118,,,,,,idle2.pcapng
"Oct 12, 2023 17:47:56.850252",0.000768,5,,,0x0002,118,,,,,,idle2.pcapng
"Oct 12, 2023 17:47:59.650380",2.800128,77,0xe694,0xffff,0x8841,77,0xe694,0xfffc,0x1209,,,idle2.pcapng
"Oct 12, 2023 17:48:00.481230",0.830850,77,0x482d,0xffff,0x8841,83,0x482d,0xfffc,0x1209,,,idle2.pcapng
"Oct 12, 2023 17:48:00.658778",0.177548,71,0xc8f0,0xffff,0x8841,138,0xc8f0,0xfffc,0x1209,,,idle2.pcapng
"Oct 12, 2023 17:48:01.292864",0.634086,77,0x0000,0xffff,0x8841,84,0x0000,0xfffc,0x1209,,,idle2.pcapng
"Oct 12, 2023 17:48:01.880865",0.588001,12,0x2cae,0x482d,0x8863,119,,,,,,idle2.pcapng
"Oct 12, 2023 17:48:01.881632",0.000767,5,,,0x0002,119,,,,,,idle2.pcapng
"Oct 12, 2023 17:48:02.042033",0.160401,74,0x09ac,0xffff,0x8841,225,0x09ac,0xfffc,0x1209,,,idle2.pcapng
"Oct 12, 2023 17:48:02.567772",0.525739,77,0x054f,0xffff,0x8841,215,0x054f,0xfffc,0x1209,,,idle2.pcapng
"Oct 12, 2023 17:48:03.830331",1.262559,77,0xe5c4,0xffff,0x8841,36,0xe5c4,0xfffc,0x1209,,,idle2.pcapng
"Oct 12, 2023 17:48:06.913678",3.083347,12,0x2cae,0x482d,0x8863,120,,,,,,idle2.pcapng
"Oct 12, 2023 17:48:08.241110",1.327432,71,0xa209,0xffff,0x8841,233,0xa209,0xfffc,0x1209,,,idle2.pcapng
"Oct 12, 2023 17:48:10.323393",2.082283,68,0xebe5,0xffff,0x8841,228,0xebe5,0xfffc,0x1209,,,idle2.pcapng
"Oct 12, 2023 17:48:11.259514",0.936121,77,0x82eb,0xffff,0x8841,175,0x82eb,0xfffc,0x1209,,,idle2.pcapng
"Oct 12, 2023 17:48:11.915501",0.655987,74,0x6e5f,0xffff,0x8841,138,0x6e5f,0xfffc,0x1209,,,idle2.pcapng
"Oct 12, 2023 17:48:11.975700",0.060199,12,0x2cae,0x482d,0x8863,121,,,,,,idle2.pcapng
"Oct 12, 2023 17:48:11.976467",0.000767,5,,,0x0002,121,,,,,,idle2.pcapng
"Oct 12, 2023 17:48:12.746417",,52,,,,,,,,,,idle2.pcapng
"Oct 12, 2023 17:48:12.748433",0.002016,5,,,0x0002,85,,,,,,idle2.pcapng
"Oct 12, 2023 17:48:12.756199",,63,,,,,,,,,,idle2.pcapng
"Oct 12, 2023 17:48:12.758598",0.002399,5,,,0x0002,78,,,,,,idle2.pcapng
"Oct 12, 2023 17:48:12.782947",,52,,,,,,,,,,idle2.pcapng
"Oct 12, 2023 17:48:12.784964",0.002017,5,,,0x0002,86,,,,,,idle2.pcapng
"Oct 12, 2023 17:48:12.797831",,63,,,,,,,,,,idle2.pcapng
"Oct 12, 2023 17:48:12.800230",0.002399,5,,,0x0002,139,,,,,,idle2.pcapng
"Oct 12, 2023 17:48:12.805191",,45,,,,,,,,,,idle2.pcapng
"Oct 12, 2023 17:48:12.806973",0.001782,5,,,0x0002,87,,,,,,idle2.pcapng
"Oct 12, 2023 17:48:12.827542",,54,,,,,,,,,,idle2.pcapng
"Oct 12, 2023 17:48:12.829622",0.002080,5,,,0x0002,88,,,,,,idle2.pcapng
"Oct 12, 2023 17:48:12.837656",,66,,,,,,,,,,idle2.pcapng
"Oct 12, 2023 17:48:12.840150",0.002494,5,,,0x0002,79,,,,,,idle2.pcapng
"Oct 12, 2023 17:48:12.847546",,45,,,,,,,,,,idle2.pcapng
"Oct 12, 2023 17:48:12.849338",0.001792,5,,,0x0002,89,,,,,,idle2.pcapng
"Oct 12, 2023 17:48:12.861534",,54,,,,,,,,,,idle2.pcapng
"Oct 12, 2023 17:48:12.863611",0.002077,5,,,0x0002,90,,,,,,idle2.pcapng
"Oct 12, 2023 17:48:12.871701",,66,,,,,,,,,,idle2.pcapng
"Oct 12, 2023 17:48:12.874196",0.002495,5,,,0x0002,140,,,,,,idle2.pcapng
"Oct 12, 2023 17:48:12.877175",,54,,,,,,,,,,idle2.pcapng
"Oct 12, 2023 17:48:12.879286",0.002111,5,,,0x0002,91,,,,,,idle2.pcapng
"Oct 12, 2023 17:48:12.882735",,54,,,,,,,,,,idle2.pcapng
"Oct 12, 2023 17:48:12.884812",0.002077,5,,,0x0002,234,,,,,,idle2.pcapng
"Oct 12, 2023 17:48:12.892749",,66,,,,,,,,,,idle2.pcapng
"Oct 12, 2023 17:48:12.895244",0.002495,5,,,0x0002,139,,,,,,idle2.pcapng
"Oct 12, 2023 17:48:12.897879",,52,,,,,,,,,,idle2.pcapng
"Oct 12, 2023 17:48:12.899926",0.002047,5,,,0x0002,92,,,,,,idle2.pcapng
"Oct 12, 2023 17:48:12.903923",,52,,,,,,,,,,idle2.pcapng
"Oct 12, 2023 17:48:12.905929",0.002006,5,,,0x0002,235,,,,,,idle2.pcapng
"Oct 12, 2023 17:48:12.913701",,63,,,,,,,,,,idle2.pcapng
"Oct 12, 2023 17:48:12.916100",0.002399,5,,,0x0002,140,,,,,,idle2.pcapng
"Oct 12, 2023 17:48:12.917421",,45,,,,,,,,,,idle2.pcapng
"Oct 12, 2023 17:48:12.919214",0.001793,5,,,0x0002,93,,,,,,idle2.pcapng
"Oct 12, 2023 17:48:12.932740",,45,,,,,,,,,,idle2.pcapng
"Oct 12, 2023 17:48:12.934520",0.001780,5,,,0x0002,94,,,,,,idle2.pcapng
"Oct 12, 2023 17:48:12.940203",,45,,,,,,,,,,idle2.pcapng
"Oct 12, 2023 17:48:12.942026",0.001823,5,,,0x0002,95,,,,,,idle2.pcapng
"Oct 12, 2023 17:48:12.945992",,45,,,,,,,,,,idle2.pcapng
"Oct 12, 2023 17:48:12.947786",0.001794,5,,,0x0002,236,,,,,,idle2.pcapng
"Oct 12, 2023 17:48:12.952657",,45,,,,,,,,,,idle2.pcapng
"Oct 12, 2023 17:48:12.954481",0.001824,5,,,0x0002,96,,,,,,idle2.pcapng
"Oct 12, 2023 17:48:12.958861",,45,,,,,,,,,,idle2.pcapng
"Oct 12, 2023 17:48:12.960654",0.001793,5,,,0x0002,237,,,,,,idle2.pcapng
"Oct 12, 2023 17:48:14.688311",1.727657,77,0xe694,0xffff,0x8841,80,0xe694,0xfffc,0x1209,,,idle2.pcapng
"Oct 12, 2023 17:48:14.760938",0.072627,77,0x482d,0xffff,0x8841,84,0x482d,0xfffc,0x1209,,,idle2.pcapng
"Oct 12, 2023 17:48:15.691530",0.930592,71,0xc8f0,0xffff,0x8841,141,0xc8f0,0xfffc,0x1209,,,idle2.pcapng
"Oct 12, 2023 17:48:16.657221",0.965691,74,0x09ac,0xffff,0x8841,226,0x09ac,0xfffc,0x1209,,,idle2.pcapng
"Oct 12, 2023 17:48:17.007720",0.350499,12,0x2cae,0x482d,0x8863,122,,,,,,idle2.pcapng
"Oct 12, 2023 17:48:17.008488",0.000768,5,,,0x0002,122,,,,,,idle2.pcapng
"Oct 12, 2023 17:48:17.161263",0.152775,77,0x0000,0xffff,0x8841,97,0x0000,0xfffc,0x1209,,,idle2.pcapng
"Oct 12, 2023 17:48:18.033247",0.871984,77,0xe5c4,0xffff,0x8841,37,0xe5c4,0xfffc,0x1209,,,idle2.pcapng
"Oct 12, 2023 17:48:19.793155",1.759908,77,0x054f,0xffff,0x8841,216,0x054f,0xfffc,0x1209,,,idle2.pcapng
"Oct 12, 2023 17:48:22.039192",2.246037,12,0x2cae,0x482d,0x8863,123,,,,,,idle2.pcapng
"Oct 12, 2023 17:48:22.039959",0.000767,5,,,0x0002,123,,,,,,idle2.pcapng
"Oct 12, 2023 17:48:22.780892",,57,,,,,,,,,,idle2.pcapng
"Oct 12, 2023 17:48:22.783099",0.002207,5,,,0x0002,81,,,,,,idle2.pcapng
"Oct 12, 2023 17:48:22.797565",0.014466,71,0xa209,0xffff,0x8841,238,0xa209,0xfffc,0x1209,,,idle2.pcapng
"Oct 12, 2023 17:48:22.823265",,50,,,,,,,,,,idle2.pcapng
"Oct 12, 2023 17:48:22.825218",0.001953,5,,,0x0002,98,,,,,,idle2.pcapng
"Oct 12, 2023 17:48:22.830618",,45,,,,,,,,,,idle2.pcapng
"Oct 12, 2023 17:48:22.832441",0.001823,5,,,0x0002,82,,,,,,idle2.pcapng
"Oct 12, 2023 17:48:22.844798",,63,,,,,,,,,,idle2.pcapng
"Oct 12, 2023 17:48:22.847197",0.002399,5,,,0x0002,83,,,,,,idle2.pcapng
"Oct 12, 2023 17:48:22.890809",,50,,,,,,,,,,idle2.pcapng
"Oct 12, 2023 17:48:22.892762",0.001953,5,,,0x0002,99,,,,,,idle2.pcapng
"Oct 12, 2023 17:48:22.897900",,45,,,,,,,,,,idle2.pcapng
"Oct 12, 2023 17:48:22.899723",0.001823,5,,,0x0002,84,,,,,,idle2.pcapng
"Oct 12, 2023 17:48:25.442577",2.542854,68,0xebe5,0xffff,0x8841,229,0xebe5,0xfffc,0x1209,,,idle2.pcapng
"Oct 12, 2023 17:48:26.266262",0.823685,77,0x82eb,0xffff,0x8841,176,0x82eb,0xfffc,0x1209,,,idle2.pcapng
"Oct 12, 2023 17:48:26.900115",0.633853,74,0x6e5f,0xffff,0x8841,141,0x6e5f,0xfffc,0x1209,,,idle2.pcapng
"Oct 12, 2023 17:48:27.068719",0.168604,12,0x2cae,0x482d,0x8863,124,,,,,,idle2.pcapng
"Oct 12, 2023 17:48:27.069487",0.000768,5,,,0x0002,124,,,,,,idle2.pcapng
"Oct 12, 2023 17:48:29.562115",2.492628,77,0x482d,0xffff,0x8841,85,0x482d,0xfffc,0x1209,,,idle2.pcapng
"Oct 12, 2023 17:48:29.658563",0.096448,77,0xe694,0xffff,0x8841,85,0xe694,0xfffc,0x1209,,,idle2.pcapng
"Oct 12, 2023 17:48:30.667759",1.009196,104,0xc8f0,0xfff4,0x8868,142,,,,,,idle2.pcapng
"Oct 12, 2023 17:48:32.108182",1.440423,5,,,0x0002,125,,,,,,idle2.pcapng
"Oct 12, 2023 17:48:32.609607",0.501425,77,0xe5c4,0xffff,0x8841,38,0xe5c4,0xfffc,0x1209,,,idle2.pcapng
"Oct 12, 2023 17:48:34.743134",2.133527,77,0x054f,0xffff,0x8841,217,0x054f,0xfffc,0x1209,,,idle2.pcapng
"Oct 12, 2023 17:48:34.886863",0.143729,77,0x0000,0xffff,0x8841,100,0x0000,0xfffc,0x1209,,,idle2.pcapng
"Oct 12, 2023 17:48:37.131747",2.244884,12,0x2cae,0x482d,0x8863,126,,,,,,idle2.pcapng
"Oct 12, 2023 17:48:37.132514",0.000767,5,,,0x0002,126,,,,,,idle2.pcapng
"Oct 12, 2023 17:48:40.357362",3.224848,68,0xebe5,0xffff,0x8841,230,0xebe5,0xfffc,0x1209,,,idle2.pcapng
"Oct 12, 2023 17:48:41.261490",0.904128,77,0x82eb,0xffff,0x8841,177,0x82eb,0xfffc,0x1209,,,idle2.pcapng
"Oct 12, 2023 17:48:41.917202",0.655712,74,0x6e5f,0xffff,0x8841,142,0x6e5f,0xfffc,0x1209,,,idle2.pcapng
"Oct 12, 2023 17:48:42.133097",0.215895,12,0x2cae,0x482d,0x8863,127,,,,,,idle2.pcapng
"Oct 12, 2023 17:48:42.133864",0.000767,5,,,0x0002,127,,,,,,idle2.pcapng
"Oct 12, 2023 17:48:42.752911",,52,,,,,,,,,,idle2.pcapng
"Oct 12, 2023 17:48:42.754927",0.002016,5,,,0x0002,101,,,,,,idle2.pcapng
"Oct 12, 2023 17:48:42.762744",,63,,,,,,,,,,idle2.pcapng
"Oct 12, 2023 17:48:42.765143",0.002399,5,,,0x0002,86,,,,,,idle2.pcapng
"Oct 12, 2023 17:48:42.789273",,52,,,,,,,,,,idle2.pcapng
"Oct 12, 2023 17:48:42.791280",0.002007,5,,,0x0002,102,,,,,,idle2.pcapng
"Oct 12, 2023 17:48:42.799054",,63,,,,,,,,,,idle2.pcapng
"Oct 12, 2023 17:48:42.801453",0.002399,5,,,0x0002,143,,,,,,idle2.pcapng
"Oct 12, 2023 17:48:42.802404",,45,,,,,,,,,,idle2.pcapng
"Oct 12, 2023 17:48:42.804198",0.001794,5,,,0x0002,103,,,,,,idle2.pcapng
"Oct 12, 2023 17:48:42.822692",,54,,,,,,,,,,idle2.pcapng
"Oct 12, 2023 17:48:42.824772",0.002080,5,,,0x0002,104,,,,,,idle2.pcapng
"Oct 12, 2023 17:48:42.832743",,66,,,,,,,,,,idle2.pcapng
"Oct 12, 2023 17:48:42.835238",0.002495,5,,,0x0002,87,,,,,,idle2.pcapng
"Oct 12, 2023 17:48:42.837298",,45,,,,,,,,,,idle2.pcapng
"Oct 12, 2023 17:48:42.839082",0.001784,5,,,0x0002,105,,,,,,idle2.pcapng
"Oct 12, 2023 17:48:42.856989",,54,,,,,,,,,,idle2.pcapng
"Oct 12, 2023 17:48:42.859057",0.002068,5,,,0x0002,106,,,,,,idle2.pcapng
"Oct 12, 2023 17:48:42.866936",,66,,,,,,,,,,idle2.pcapng
"Oct 12, 2023 17:48:42.869431",0.002495,5,,,0x0002,144,,,,,,idle2.pcapng
"Oct 12, 2023 17:48:42.870762",,45,,,,,,,,,,idle2.pcapng
"Oct 12, 2023 17:48:42.872554",0.001792,5,,,0x0002,107,,,,,,idle2.pcapng
"Oct 12, 2023 17:48:42.891300",,54,,,,,,,,,,idle2.pcapng
"Oct 12, 2023 17:48:42.893411",0.002111,5,,,0x0002,108,,,,,,idle2.pcapng
"Oct 12, 2023 17:48:42.900300",0.006889,5,,,0x0002,240,,,,,,idle2.pcapng
"Oct 12, 2023 17:48:42.904167",,45,,,,,,,,,,idle2.pcapng
"Oct 12, 2023 17:48:42.905950",0.001783,5,,,0x0002,109,,,,,,idle2.pcapng
"Oct 12, 2023 17:48:42.908241",,66,,,,,,,,,,idle2.pcapng
"Oct 12, 2023 17:48:42.910736",0.002495,5,,,0x0002,143,,,,,,idle2.pcapng
"Oct 12, 2023 17:48:42.911802",,52,,,,,,,,,,idle2.pcapng
"Oct 12, 2023 17:48:42.913850",0.002048,5,,,0x0002,110,,,,,,idle2.pcapng
"Oct 12, 2023 17:48:42.917314",,52,,,,,,,,,,idle2.pcapng
"Oct 12, 2023 17:48:42.919326",0.002012,5,,,0x0002,241,,,,,,idle2.pcapng
"Oct 12, 2023 17:48:42.927262",,63,,,,,,,,,,idle2.pcapng
"Oct 12, 2023 17:48:42.929661",0.002399,5,,,0x0002,144,,,,,,idle2.pcapng
"Oct 12, 2023 17:48:42.934666",,45,,,,,,,,,,idle2.pcapng
"Oct 12, 2023 17:48:42.936489",0.001823,5,,,0x0002,111,,,,,,idle2.pcapng
"Oct 12, 2023 17:48:42.940598",,45,,,,,,,,,,idle2.pcapng
"Oct 12, 2023 17:48:42.942393",0.001795,5,,,0x0002,242,,,,,,idle2.pcapng
"Oct 12, 2023 17:48:42.946471",,45,,,,,,,,,,idle2.pcapng
"Oct 12, 2023 17:48:42.948294",0.001823,5,,,0x0002,112,,,,,,idle2.pcapng
"Oct 12, 2023 17:48:42.952033",,45,,,,,,,,,,idle2.pcapng
"Oct 12, 2023 17:48:42.953825",0.001792,5,,,0x0002,243,,,,,,idle2.pcapng
"Oct 12, 2023 17:48:43.629088",,80,,,,,,,,,,idle2.pcapng
"Oct 12, 2023 17:48:43.632000",0.002912,5,,,0x0002,92,,,,,,idle2.pcapng
"Oct 12, 2023 17:48:43.635987",,80,,,,,,,,,,idle2.pcapng
"Oct 12, 2023 17:48:43.638930",0.002943,5,,,0x0002,88,,,,,,idle2.pcapng
"Oct 12, 2023 17:48:44.138432",0.499502,12,0xe011,0xe694,0x8863,93,,,,,,idle2.pcapng
"Oct 12, 2023 17:48:44.139168",0.000736,5,,,0x0002,93,,,,,,idle2.pcapng
"Oct 12, 2023 17:48:44.726855",0.587687,77,0xe694,0xffff,0x8841,89,0xe694,0xfffc,0x1209,,,idle2.pcapng
"Oct 12, 2023 17:48:46.294884",1.568029,77,0x482d,0xffff,0x8841,86,0x482d,0xfffc,0x1209,,,idle2.pcapng
"Oct 12, 2023 17:48:47.164858",0.869974,12,0x2cae,0x482d,0x8863,128,,,,,,idle2.pcapng
"Oct 12, 2023 17:48:47.165626",0.000768,5,,,0x0002,128,,,,,,idle2.pcapng
"Oct 12, 2023 17:48:48.715992",1.550366,77,0xe5c4,0xffff,0x8841,39,0xe5c4,0xfffc,0x1209,,,idle2.pcapng
"Oct 12, 2023 17:48:48.772502",0.056510,77,0x054f,0xffff,0x8841,218,0x054f,0xfffc,0x1209,,,idle2.pcapng
"Oct 12, 2023 17:48:52.147206",3.374704,74,0x0000,0xffff,0x8841,113,0x0000,0xfffc,0x1209,,,idle2.pcapng
"Oct 12, 2023 17:48:52.228195",0.080989,12,0x2cae,0x482d,0x8863,129,,,,,,idle2.pcapng
"Oct 12, 2023 17:48:52.228963",0.000768,5,,,0x0002,129,,,,,,idle2.pcapng
"Oct 12, 2023 17:48:52.753050",0.524087,74,0xa209,0xffff,0x8841,244,0xa209,0xfffc,0x1209,,,idle2.pcapng
"Oct 12, 2023 17:48:52.995526",,60,,,,,,,,,,idle2.pcapng
"Oct 12, 2023 17:48:52.997829",0.002303,5,,,0x0002,90,,,,,,idle2.pcapng
"Oct 12, 2023 17:48:53.038154",,50,,,,,,,,,,idle2.pcapng
"Oct 12, 2023 17:48:53.040106",0.001952,5,,,0x0002,114,,,,,,idle2.pcapng
"Oct 12, 2023 17:48:53.045393",,45,,,,,,,,,,idle2.pcapng
"Oct 12, 2023 17:48:53.047216",0.001823,5,,,0x0002,91,,,,,,idle2.pcapng
"Oct 12, 2023 17:48:55.429431",2.382215,108,,,0xe86c,180,,,,,,idle2.pcapng
"Oct 12, 2023 17:48:56.265359",0.835928,77,0x82eb,0xffff,0x8841,178,0x82eb,0xfffc,0x1209,,,idle2.pcapng
"Oct 12, 2023 17:48:57.233707",0.968348,12,0x2cae,0x482d,0x8863,130,,,,,,idle2.pcapng
"Oct 12, 2023 17:48:59.754589",2.520882,77,0xe694,0xffff,0x8841,92,0xe694,0xfffc,0x1209,,,idle2.pcapng
"Oct 12, 2023 17:49:00.718717",0.964128,71,0xc8f0,0xffff,0x8841,146,0xc8f0,0xfffc,0x1209,,,idle2.pcapng
"Oct 12, 2023 17:49:02.258228",1.539511,12,0x2cae,0x482d,0x8863,131,,,,,,idle2.pcapng
"Oct 12, 2023 17:49:02.258995",0.000767,5,,,0x0002,131,,,,,,idle2.pcapng
"Oct 12, 2023 17:49:02.597221",,59,,,,,,,,,,idle2.pcapng
"Oct 12, 2023 17:49:02.599492",0.002271,5,,,0x0002,219,,,,,,idle2.pcapng
"Oct 12, 2023 17:49:02.613125",,45,,,,,,,,,,idle2.pcapng
"Oct 12, 2023 17:49:02.614916",0.001791,5,,,0x0002,115,,,,,,idle2.pcapng
"Oct 12, 2023 17:49:02.619052",,45,,,,,,,,,,idle2.pcapng
"Oct 12, 2023 17:49:02.620861",0.001809,5,,,0x0002,93,,,,,,idle2.pcapng
"Oct 12, 2023 17:49:02.640308",,49,,,,,,,,,,idle2.pcapng
"Oct 12, 2023 17:49:02.642223",0.001915,5,,,0x0002,116,,,,,,idle2.pcapng
"Oct 12, 2023 17:49:02.646052",,49,,,,,,,,,,idle2.pcapng
"Oct 12, 2023 17:49:02.647990",0.001938,5,,,0x0002,94,,,,,,idle2.pcapng
"Oct 12, 2023 17:49:02.651949",,45,,,,,,,,,,idle2.pcapng
"Oct 12, 2023 17:49:02.653772",0.001823,5,,,0x0002,220,,,,,,idle2.pcapng
"Oct 12, 2023 17:49:03.397763",0.743991,77,0x054f,0xffff,0x8841,221,0x054f,0xfffc,0x1209,,,idle2.pcapng
"Oct 12, 2023 17:49:04.533877",1.136114,74,0x09ac,0xffff,0x8841,229,0x09ac,0xfffc,0x1209,,,idle2.pcapng
"Oct 12, 2023 17:49:06.725977",2.192100,77,0xe5c4,0xffff,0x8841,40,0xe5c4,0xfffc,0x1209,,,idle2.pcapng
"Oct 12, 2023 17:49:07.322576",0.596599,12,0x2cae,0x482d,0x8863,132,,,,,,idle2.pcapng
"Oct 12, 2023 17:49:07.323343",0.000767,5,,,0x0002,132,,,,,,idle2.pcapng
"Oct 12, 2023 17:49:07.939723",0.616380,107,,,0xd86b,245,,,,,,idle2.pcapng
"Oct 12, 2023 17:49:08.681099",0.741376,77,0x0000,0xffff,0x8841,117,0x0000,0xfffc,0x1209,,,idle2.pcapng
"Oct 12, 2023 17:49:10.408157",1.727058,68,0xebe5,0xffff,0x8841,232,0xebe5,0xfffc,0x1209,,,idle2.pcapng
"Oct 12, 2023 17:49:11.277228",0.869071,77,0x82eb,0xffff,0x8841,179,0x82eb,0xfffc,0x1209,,,idle2.pcapng
"Oct 12, 2023 17:49:11.894786",0.617558,74,0x6e5f,0xffff,0x8841,146,0x6e5f,0xfffc,0x1209,,,idle2.pcapng
"Oct 12, 2023 17:49:12.320410",0.425624,12,0x2cae,0x482d,0x8863,133,,,,,,idle2.pcapng
"Oct 12, 2023 17:49:12.321177",0.000767,5,,,0x0002,133,,,,,,idle2.pcapng
"Oct 12, 2023 17:49:12.753247",,52,,,,,,,,,,idle2.pcapng
"Oct 12, 2023 17:49:12.755262",0.002015,5,,,0x0002,118,,,,,,idle2.pcapng
"Oct 12, 2023 17:49:12.763371",,63,,,,,,,,,,idle2.pcapng
"Oct 12, 2023 17:49:12.765770",0.002399,5,,,0x0002,95,,,,,,idle2.pcapng
"Oct 12, 2023 17:49:12.791745",,52,,,,,,,,,,idle2.pcapng
"Oct 12, 2023 17:49:12.793761",0.002016,5,,,0x0002,119,,,,,,idle2.pcapng
"Oct 12, 2023 17:49:12.801762",,63,,,,,,,,,,idle2.pcapng
"Oct 12, 2023 17:49:12.804161",0.002399,5,,,0x0002,147,,,,,,idle2.pcapng
"Oct 12, 2023 17:49:12.805041",,45,,,,,,,,,,idle2.pcapng
"Oct 12, 2023 17:49:12.806833",0.001792,5,,,0x0002,120,,,,,,idle2.pcapng
"Oct 12, 2023 17:49:12.826250",,54,,,,,,,,,,idle2.pcapng
"Oct 12, 2023 17:49:12.828329",0.002079,5,,,0x0002,121,,,,,,idle2.pcapng
"Oct 12, 2023 17:49:12.836629",,66,,,,,,,,,,idle2.pcapng
"Oct 12, 2023 17:49:12.839124",0.002495,5,,,0x0002,96,,,,,,idle2.pcapng
"Oct 12, 2023 17:49:12.847603",,54,,,,,,,,,,idle2.pcapng
"Oct 12, 2023 17:49:12.849674",0.002071,5,,,0x0002,122,,,,,,idle2.pcapng
"Oct 12, 2023 17:49:12.857939",,66,,,,,,,,,,idle2.pcapng
"Oct 12, 2023 17:49:12.860434",0.002495,5,,,0x0002,148,,,,,,idle2.pcapng
"Oct 12, 2023 17:49:12.874340",,45,,,,,,,,,,idle2.pcapng
"Oct 12, 2023 17:49:12.876132",0.001792,5,,,0x0002,123,,,,,,idle2.pcapng
"Oct 12, 2023 17:49:12.882110",,54,,,,,,,,,,idle2.pcapng
"Oct 12, 2023 17:49:12.884221",0.002111,5,,,0x0002,124,,,,,,idle2.pcapng
"Oct 12, 2023 17:49:12.887356",,54,,,,,,,,,,idle2.pcapng
"Oct 12, 2023 17:49:12.889426",0.002070,5,,,0x0002,246,,,,,,idle2.pcapng
"Oct 12, 2023 17:49:12.897334",,66,,,,,,,,,,idle2.pcapng
"Oct 12, 2023 17:49:12.899829",0.002495,5,,,0x0002,147,,,,,,idle2.pcapng
"Oct 12, 2023 17:49:12.912282",,52,,,,,,,,,,idle2.pcapng
"Oct 12, 2023 17:49:12.914329",0.002047,5,,,0x0002,125,,,,,,idle2.pcapng
"Oct 12, 2023 17:49:12.917504",,52,,,,,,,,,,idle2.pcapng
"Oct 12, 2023 17:49:12.919511",0.002007,5,,,0x0002,247,,,,,,idle2.pcapng
"Oct 12, 2023 17:49:12.924931",,45,,,,,,,,,,idle2.pcapng
"Oct 12, 2023 17:49:12.927396",0.002465,63,0xc8f0,0x0000,0x8861,148,,,,,,idle2.pcapng
"Oct 12, 2023 17:49:12.929794",0.002398,5,,,0x0002,148,,,,,,idle2.pcapng
"Oct 12, 2023 17:49:12.934550",,45,,,,,,,,,,idle2.pcapng
"Oct 12, 2023 17:49:12.936344",0.001794,5,,,0x0002,126,,,,,,idle2.pcapng
"Oct 12, 2023 17:49:12.945406",,45,,,,,,,,,,idle2.pcapng
"Oct 12, 2023 17:49:12.947200",0.001794,5,,,0x0002,127,,,,,,idle2.pcapng
"Oct 12, 2023 17:49:12.951542",,45,,,,,,,,,,idle2.pcapng
"Oct 12, 2023 17:49:12.953365",0.001823,5,,,0x0002,128,,,,,,idle2.pcapng
"Oct 12, 2023 17:49:12.956543",,45,,,,,,,,,,idle2.pcapng
"Oct 12, 2023 17:49:12.958367",0.001824,5,,,0x0002,128,,,,,,idle2.pcapng
"Oct 12, 2023 17:49:12.959338",,45,,,,,,,,,,idle2.pcapng
"Oct 12, 2023 17:49:12.961132",0.001794,5,,,0x0002,248,,,,,,idle2.pcapng
"Oct 12, 2023 17:49:12.962781",,45,,,,,,,,,,idle2.pcapng
"Oct 12, 2023 17:49:12.964604",0.001823,5,,,0x0002,129,,,,,,idle2.pcapng
"Oct 12, 2023 17:49:12.968542",,45,,,,,,,,,,idle2.pcapng
"Oct 12, 2023 17:49:12.970328",0.001786,5,,,0x0002,249,,,,,,idle2.pcapng
"Oct 12, 2023 17:49:14.746967",1.776639,77,0xe694,0xffff,0x8841,97,0xe694,0xfffc,0x1209,,,idle2.pcapng
"Oct 12, 2023 17:49:15.648468",0.901501,71,0xc8f0,0xffff,0x8841,149,0xc8f0,0xfffc,0x1209,,,idle2.pcapng
"Oct 12, 2023 17:49:17.332965",1.684497,77,0x482d,0xffff,0x8841,88,0x482d,0xfffc,0x1209,,,idle2.pcapng
"Oct 12, 2023 17:49:17.383828",0.050863,12,0x2cae,0x482d,0x8863,134,,,,,,idle2.pcapng
"Oct 12, 2023 17:49:17.384596",0.000768,5,,,0x0002,134,,,,,,idle2.pcapng
"Oct 12, 2023 17:49:20.176610",2.792014,74,0x09ac,0xffff,0x8841,230,0x09ac,0xfffc,0x1209,,,idle2.pcapng
"Oct 12, 2023 17:49:20.510523",0.333913,77,0x054f,0xffff,0x8841,222,0x054f,0xfffc,0x1209,,,idle2.pcapng
"Oct 12, 2023 17:49:22.247134",1.736611,74,0xa209,0xffff,0x8841,250,0xa209,0xfffc,0x1209,,,idle2.pcapng
"Oct 12, 2023 17:49:22.385207",0.138073,12,0x2cae,0x482d,0x8863,135,,,,,,idle2.pcapng
"Oct 12, 2023 17:49:22.385974",0.000767,5,,,0x0002,135,,,,,,idle2.pcapng
"Oct 12, 2023 17:49:22.702475",0.316501,77,0x0000,0xffff,0x8841,130,0x0000,0xfffc,0x1209,,,idle2.pcapng
"Oct 12, 2023 17:49:24.072141",1.369666,77,0xe5c4,0xffff,0x8841,41,0xe5c4,0xfffc,0x1209,,,idle2.pcapng
"Oct 12, 2023 17:49:25.380124",1.307983,68,0xebe5,0xffff,0x8841,233,0xebe5,0xfffc,0x1209,,,idle2.pcapng
"Oct 12, 2023 17:49:26.269576",0.889452,77,0x82eb,0xffff,0x8841,180,0x82eb,0xfffc,0x1209,,,idle2.pcapng
"Oct 12, 2023 17:49:26.927207",0.657631,51,,,0xe433,54,,,,,,idle2.pcapng
"Oct 12, 2023 17:49:27.435233",0.508026,12,0x2cae,0x482d,0x8863,137,,,,,,idle2.pcapng
"Oct 12, 2023 17:49:27.436001",0.000768,5,,,0x0002,137,,,,,,idle2.pcapng
"Oct 12, 2023 17:49:27.984884",,60,,,,,,,,,,idle2.pcapng
"Oct 12, 2023 17:49:27.987187",0.002303,5,,,0x0002,150,,,,,,idle2.pcapng
"Oct 12, 2023 17:49:28.034998",,50,,,,,,,,,,idle2.pcapng
"Oct 12, 2023 17:49:28.044541",,50,,,,,,,,,,idle2.pcapng
"Oct 12, 2023 17:49:28.105423",,50,,,,,,,,,,idle2.pcapng
"Oct 12, 2023 17:49:28.107364",0.001941,5,,,0x0002,132,,,,,,idle2.pcapng
"Oct 12, 2023 17:49:29.640292",,50,,,,,,,,,,idle2.pcapng
"Oct 12, 2023 17:49:29.643512",,50,,,,,,,,,,idle2.pcapng
"Oct 12, 2023 17:49:29.646703",,50,,,,,,,,,,idle2.pcapng
"Oct 12, 2023 17:49:29.649894",,50,,,,,,,,,,idle2.pcapng
"Oct 12, 2023 17:49:29.666477",,45,,,,,,,,,,idle2.pcapng
"Oct 12, 2023 17:49:29.668300",0.001823,5,,,0x0002,153,,,,,,idle2.pcapng
"Oct 12, 2023 17:49:29.678892",0.010592,77,0xe694,0xffff,0x8841,98,0xe694,0xfffc,0x1209,,,idle2.pcapng
"Oct 12, 2023 17:49:30.687037",1.008145,71,0xc8f0,0xffff,0x8841,150,0xc8f0,0xfffc,0x1209,,,idle2.pcapng
"Oct 12, 2023 17:49:32.459672",1.772635,12,0x2cae,0x482d,0x8863,138,,,,,,idle2.pcapng
"Oct 12, 2023 17:49:33.177139",,52,,,,,,,,,,idle2.pcapng
"Oct 12, 2023 17:49:33.179173",0.002034,5,,,0x0002,102,,,,,,idle2.pcapng
"Oct 12, 2023 17:49:33.181000",,52,,,,,,,,,,idle2.pcapng
"Oct 12, 2023 17:49:33.183034",0.002034,5,,,0x0002,103,,,,,,idle2.pcapng
"Oct 12, 2023 17:49:33.187440",,52,,,,,,,,,,idle2.pcapng
"Oct 12, 2023 17:49:33.189487",0.002047,5,,,0x0002,223,,,,,,idle2.pcapng
"Oct 12, 2023 17:49:33.192017",,52,,,,,,,,,,idle2.pcapng
"Oct 12, 2023 17:49:33.194064",0.002047,5,,,0x0002,224,,,,,,idle2.pcapng
"Oct 12, 2023 17:49:33.689735",0.495671,12,0x3181,0x054f,0x8863,104,,,,,,idle2.pcapng
"Oct 12, 2023 17:49:33.690488",0.000753,5,,,0x0002,104,,,,,,idle2.pcapng
"Oct 12, 2023 17:49:35.084630",1.394142,77,,,0xf84d,126,,,,,,idle2.pcapng
"Oct 12, 2023 17:49:37.040879",1.956249,74,0x09ac,0xffff,0x8841,231,0x09ac,0xfffc,0x1209,,,idle2.pcapng
"Oct 12, 2023 17:49:37.448600",0.407721,12,0x2cae,0x482d,0x8863,139,,,,,,idle2.pcapng
"Oct 12, 2023 17:49:37.449367",0.000767,5,,,0x0002,139,,,,,,idle2.pcapng
"Oct 12, 2023 17:49:38.446312",0.996945,74,0xa209,0xffff,0x8841,251,0xa209,0xfffc,0x1209,,,idle2.pcapng
"Oct 12, 2023 17:49:38.875212",0.428900,77,0xe5c4,0xffff,0x8841,42,0xe5c4,0xfffc,0x1209,,,idle2.pcapng
"Oct 12, 2023 17:49:39.153462",0.278250,77,0x0000,0xffff,0x8841,134,0x0000,0xfffc,0x1209,,,idle2.pcapng
"Oct 12, 2023 17:49:40.383090",1.229628,68,0xebe5,0xffff,0x8841,234,0xebe5,0xfffc,0x1209,,,idle2.pcapng
"Oct 12, 2023 17:49:41.268644",0.885554,77,0x82eb,0xffff,0x8841,181,0x82eb,0xfffc,0x1209,,,idle2.pcapng
"Oct 12, 2023 17:49:42.498983",1.230339,12,0x2cae,0x482d,0x8863,140,,,,,,idle2.pcapng
"Oct 12, 2023 17:49:42.752645",,52,,,,,,,,,,idle2.pcapng
"Oct 12, 2023 17:49:42.754662",0.002017,5,,,0x0002,135,,,,,,idle2.pcapng
"Oct 12, 2023 17:49:42.762640",,63,,,,,,,,,,idle2.pcapng
"Oct 12, 2023 17:49:42.765039",0.002399,5,,,0x0002,99,,,,,,idle2.pcapng
"Oct 12, 2023 17:49:42.789017",,52,,,,,,,,,,idle2.pcapng
"Oct 12, 2023 17:49:42.791033",0.002016,5,,,0x0002,136,,,,,,idle2.pcapng
"Oct 12, 2023 17:49:42.798815",,63,,,,,,,,,,idle2.pcapng
"Oct 12, 2023 17:49:42.801214",0.002399,5,,,0x0002,156,,,,,,idle2.pcapng
"Oct 12, 2023 17:49:42.809926",,45,,,,,,,,,,idle2.pcapng
"Oct 12, 2023 17:49:42.811719",0.001793,5,,,0x0002,137,,,,,,idle2.pcapng
"Oct 12, 2023 17:49:42.829788",,54,,,,,,,,,,idle2.pcapng
"Oct 12, 2023 17:49:42.831868",0.002080,5,,,0x0002,138,,,,,,idle2.pcapng
"Oct 12, 2023 17:49:42.839755",,66,,,,,,,,,,idle2.pcapng
"Oct 12, 2023 17:49:42.842250",0.002495,5,,,0x0002,100,,,,,,idle2.pcapng
"Oct 12, 2023 17:49:42.849476",,45,,,,,,,,,,idle2.pcapng
"Oct 12, 2023 17:49:42.851268",0.001792,5,,,0x0002,139,,,,,,idle2.pcapng
"Oct 12, 2023 17:49:42.862052",,54,,,,,,,,,,idle2.pcapng
"Oct 12, 2023 17:49:42.864132",0.002080,5,,,0x0002,140,,,,,,idle2.pcapng
"Oct 12, 2023 17:49:42.872210",,66,,,,,,,,,,idle2.pcapng
"Oct 12, 2023 17:49:42.874705",0.002495,5,,,0x0002,157,,,,,,idle2.pcapng
"Oct 12, 2023 17:49:42.876439",,54,,,,,,,,,,idle2.pcapng
"Oct 12, 2023 17:49:42.882631",,66,,,,,,,,,,idle2.pcapng
"Oct 12, 2023 17:49:42.885125",0.002494,5,,,0x0002,157,,,,,,idle2.pcapng
"Oct 12, 2023 17:49:42.887584",,54,,,,,,,,,,idle2.pcapng
"Oct 12, 2023 17:49:42.891974",,54,,,,,,,,,,idle2.pcapng
"Oct 12, 2023 17:49:42.894085",0.002111,5,,,0x0002,141,,,,,,idle2.pcapng
"Oct 12, 2023 17:49:42.895639",,66,,,,,,,,,,idle2.pcapng
"Oct 12, 2023 17:49:42.898134",0.002495,5,,,0x0002,158,,,,,,idle2.pcapng
"Oct 12, 2023 17:49:42.901122",,54,,,,,,,,,,idle2.pcapng
"Oct 12, 2023 17:49:42.903203",0.002081,5,,,0x0002,252,,,,,,idle2.pcapng
"Oct 12, 2023 17:49:42.911147",,66,,,,,,,,,,idle2.pcapng
"Oct 12, 2023 17:49:42.913642",0.002495,5,,,0x0002,151,,,,,,idle2.pcapng
"Oct 12, 2023 17:49:42.915822",,52,,,,,,,,,,idle2.pcapng
"Oct 12, 2023 17:49:42.917869",0.002047,5,,,0x0002,142,,,,,,idle2.pcapng
"Oct 12, 2023 17:49:42.922571",,52,,,,,,,,,,idle2.pcapng
"Oct 12, 2023 17:49:42.924588",0.002017,5,,,0x0002,253,,,,,,idle2.pcapng
"Oct 12, 2023 17:49:42.932476",,63,,,,,,,,,,idle2.pcapng
"Oct 12, 2023 17:49:42.934875",0.002399,5,,,0x0002,152,,,,,,idle2.pcapng
"Oct 12, 2023 17:49:42.940135",,45,,,,,,,,,,idle2.pcapng
"Oct 12, 2023 17:49:42.941917",0.001782,5,,,0x0002,143,,,,,,idle2.pcapng
"Oct 12, 2023 17:49:42.950142",,45,,,,,,,,,,idle2.pcapng
"Oct 12, 2023 17:49:42.951937",0.001795,5,,,0x0002,144,,,,,,idle2.pcapng
"Oct 12, 2023 17:49:42.957669",,45,,,,,,,,,,idle2.pcapng
"Oct 12, 2023 17:49:42.962266",,45,,,,,,,,,,idle2.pcapng
"Oct 12, 2023 17:49:42.964048",0.001782,5,,,0x0002,145,,,,,,idle2.pcapng
"Oct 12, 2023 17:49:42.969943",,45,,,,,,,,,,idle2.pcapng
"Oct 12, 2023 17:49:42.971766",0.001823,5,,,0x0002,146,,,,,,idle2.pcapng
"Oct 12, 2023 17:49:42.975677",,45,,,,,,,,,,idle2.pcapng
"Oct 12, 2023 17:49:42.979149",,45,,,,,,,,,,idle2.pcapng
"Oct 12, 2023 17:49:42.980973",0.001824,5,,,0x0002,147,,,,,,idle2.pcapng
"Oct 12, 2023 17:49:42.985989",,45,,,,,,,,,,idle2.pcapng
"Oct 12, 2023 17:49:42.987782",0.001793,5,,,0x0002,254,,,,,,idle2.pcapng
"Oct 12, 2023 17:49:42.992844",,45,,,,,,,,,,idle2.pcapng
"Oct 12, 2023 17:49:42.994635",0.001791,5,,,0x0002,255,,,,,,idle2.pcapng
"Oct 12, 2023 17:49:44.670078",1.675443,77,0xe694,0xffff,0x8841,101,0xe694,0xfffc,0x1209,,,idle2.pcapng
"Oct 12, 2023 17:49:45.684959",1.014881,71,0xc8f0,0xffff,0x8841,153,0xc8f0,0xfffc,0x1209,,,idle2.pcapng
"Oct 12, 2023 17:49:47.511018",1.826059,12,0x2cae,0x482d,0x8863,141,,,,,,idle2.pcapng
"Oct 12, 2023 17:49:47.511786",0.000768,5,,,0x0002,141,,,,,,idle2.pcapng
"Oct 12, 2023 17:49:48.738814",1.227028,77,0x482d,0xffff,0x8841,90,0x482d,0xfffc,0x1209,,,idle2.pcapng
"Oct 12, 2023 17:49:51.827523",3.088709,77,0x054f,0xffff,0x8841,226,0x054f,0xfffc,0x1209,,,idle2.pcapng
"Oct 12, 2023 17:49:52.510165",0.682642,12,0x2cae,0x482d,0x8863,142,,,,,,idle2.pcapng
"Oct 12, 2023 17:49:52.510932",0.000767,5,,,0x0002,142,,,,,,idle2.pcapng
"Oct 12, 2023 17:49:52.766569",0.255637,74,0xa209,0xffff,0x8841,0,0xa209,0xfffc,0x1209,,,idle2.pcapng
"Oct 12, 2023 17:49:52.792902",0.026333,74,0x09ac,0xffff,0x8841,232,0x09ac,0xfffc,0x1209,,,idle2.pcapng
"Oct 12, 2023 17:49:55.375849",2.582947,68,0xebe5,0xffff,0x8841,235,0xebe5,0xfffc,0x1209,,,idle2.pcapng
"Oct 12, 2023 17:49:55.608685",0.232836,77,0x0000,0xffff,0x8841,148,0x0000,0xfffc,0x1209,,,idle2.pcapng
"Oct 12, 2023 17:49:55.847673",0.238988,77,0xe5c4,0xffff,0x8841,43,0xe5c4,0xfffc,0x1209,,,idle2.pcapng
"Oct 12, 2023 17:49:56.122566",,60,,,,,,,,,,idle2.pcapng
"Oct 12, 2023 17:49:56.124869",0.002303,5,,,0x0002,154,,,,,,idle2.pcapng
"Oct 12, 2023 17:49:56.165987",,50,,,,,,,,,,idle2.pcapng
"Oct 12, 2023 17:49:56.167970",0.001983,5,,,0x0002,149,,,,,,idle2.pcapng
"Oct 12, 2023 17:49:56.170821",0.002851,50,0xe209,0xc8f0,0x8861,1,,,,,,idle2.pcapng
"Oct 12, 2023 17:49:56.176127",,50,,,,,,,,,,idle2.pcapng
"Oct 12, 2023 17:49:56.178078",0.001951,5,,,0x0075,119,,,,,,idle2.pcapng
"Oct 12, 2023 17:49:56.187935",,45,,,,,,,,,,idle2.pcapng
"Oct 12, 2023 17:49:56.189757",0.001822,5,,,0x0002,155,,,,,,idle2.pcapng
"Oct 12, 2023 17:49:56.192629",0.002872,45,0xc8f0,0x0000,0x8861,155,,,,,,idle2.pcapng
"Oct 12, 2023 17:49:56.272513",0.079884,77,0x82eb,0xffff,0x8841,182,0x82eb,0xfffc,0x1209,,,idle2.pcapng
"Oct 12, 2023 17:49:56.922273",0.649760,74,0x6e5f,0xffff,0x8841,159,0x6e5f,0xfffc,0x1209,,,idle2.pcapng
"Oct 12, 2023 17:49:57.542215",0.619942,12,0x2cae,0x482d,0x8863,143,,,,,,idle2.pcapng
"Oct 12, 2023 17:49:57.542983",0.000768,5,,,0x0002,143,,,,,,idle2.pcapng
"Oct 12, 2023 17:49:59.682744",2.139761,77,0xe694,0xffff,0x8841,102,0xe694,0xfffc,0x1209,,,idle2.pcapng
"Oct 12, 2023 17:50:00.731202",1.048458,105,0xc8f0,0xffff,0x8869,156,,,,,,idle2.pcapng
"Oct 12, 2023 17:50:02.572672",1.841470,12,0x2cae,0x482d,0x8863,144,,,,,,idle2.pcapng
"Oct 12, 2023 17:50:02.573438",0.000766,5,,,0x0002,144,,,,,,idle2.pcapng
"Oct 12, 2023 17:50:06.300402",3.726964,77,0x482d,0xffff,0x8841,91,0x482d,0xfffc,0x1209,,,idle2.pcapng
"Oct 12, 2023 17:50:06.566221",0.265819,74,0x09ac,0xffff,0x8841,233,0x09ac,0xfffc,0x1209,,,idle2.pcapng
"Oct 12, 2023 17:50:07.605418",1.039197,12,0x2cae,0x482d,0x8863,145,,,,,,idle2.pcapng
"Oct 12, 2023 17:50:07.939391",,55,,,,,,,,,,idle2.pcapng
"Oct 12, 2023 17:50:07.941503",0.002112,5,,,0x0002,132,,,,,,idle2.pcapng
"Oct 12, 2023 17:50:07.945393",,55,,,,,,,,,,idle2.pcapng
"Oct 12, 2023 17:50:07.947536",0.002143,5,,,0x0002,103,,,,,,idle2.pcapng
"Oct 12, 2023 17:50:09.024503",1.076967,77,0x054f,0xffff,0x8841,227,0x054f,0xfffc,0x1209,,,idle2.pcapng
"Oct 12, 2023 17:50:09.680434",0.655931,74,0xa209,0xffff,0x8841,2,0xa209,0xfffc,0x1209,,,idle2.pcapng
"Oct 12, 2023 17:50:10.442618",0.762184,68,0xebe5,0xffff,0x8841,236,0xebe5,0xfffc,0x1209,,,idle2.pcapng
"Oct 12, 2023 17:50:11.270941",0.828323,77,0x82eb,0xffff,0x8841,183,0x82eb,0xfffc,0x1209,,,idle2.pcapng
"Oct 12, 2023 17:50:11.976647",0.705706,107,0x6253,0x852f,0x886b,160,,,,,,idle2.pcapng
"Oct 12, 2023 17:50:12.637180",0.660533,12,0x2cae,0x482d,0x8863,146,,,,,,idle2.pcapng
"Oct 12, 2023 17:50:12.637947",0.000767,5,,,0x0002,146,,,,,,idle2.pcapng
"Oct 12, 2023 17:50:12.757703",,52,,,,,,,,,,idle2.pcapng
"Oct 12, 2023 17:50:12.759721",0.002018,5,,,0x0002,150,,,,,,idle2.pcapng
"Oct 12, 2023 17:50:12.767923",,63,,,,,,,,,,idle2.pcapng
"Oct 12, 2023 17:50:12.770322",0.002399,5,,,0x0002,104,,,,,,idle2.pcapng
"Oct 12, 2023 17:50:12.793734",,52,,,,,,,,,,idle2.pcapng
"Oct 12, 2023 17:50:12.795741",0.002007,5,,,0x0002,151,,,,,,idle2.pcapng
"Oct 12, 2023 17:50:12.803521",,63,,,,,,,,,,idle2.pcapng
"Oct 12, 2023 17:50:12.805919",0.002398,5,,,0x0002,161,,,,,,idle2.pcapng
"Oct 12, 2023 17:50:12.815746",,45,,,,,,,,,,idle2.pcapng
"Oct 12, 2023 17:50:12.817541",0.001795,5,,,0x0002,152,,,,,,idle2.pcapng
"Oct 12, 2023 17:50:12.832599",,54,,,,,,,,,,idle2.pcapng
"Oct 12, 2023 17:50:12.834686",0.002087,5,,,0x0002,153,,,,,,idle2.pcapng
"Oct 12, 2023 17:50:12.843076",,66,,,,,,,,,,idle2.pcapng
"Oct 12, 2023 17:50:12.845571",0.002495,5,,,0x0002,105,,,,,,idle2.pcapng
"Oct 12, 2023 17:50:12.846947",,45,,,,,,,,,,idle2.pcapng
"Oct 12, 2023 17:50:12.848731",0.001784,5,,,0x0002,154,,,,,,idle2.pcapng
"Oct 12, 2023 17:50:12.866177",,54,,,,,,,,,,idle2.pcapng
"Oct 12, 2023 17:50:12.868257",0.002080,5,,,0x0002,155,,,,,,idle2.pcapng
"Oct 12, 2023 17:50:12.878760",0.010503,5,,,0x0002,162,,,,,,idle2.pcapng
"Oct 12, 2023 17:50:12.882765",,54,,,,,,,,,,idle2.pcapng
"Oct 12, 2023 17:50:12.889371",,54,,,,,,,,,,idle2.pcapng
"Oct 12, 2023 17:50:12.891452",0.002081,5,,,0x0002,3,,,,,,idle2.pcapng
"Oct 12, 2023 17:50:12.892234",,54,,,,,,,,,,idle2.pcapng
"Oct 12, 2023 17:50:12.894345",0.002111,5,,,0x0002,156,,,,,,idle2.pcapng
"Oct 12, 2023 17:50:12.899348",,66,,,,,,,,,,idle2.pcapng
"Oct 12, 2023 17:50:12.901843",0.002495,5,,,0x0002,157,,,,,,idle2.pcapng
"Oct 12, 2023 17:50:12.907131",,52,,,,,,,,,,idle2.pcapng
"Oct 12, 2023 17:50:12.922572",,63,,,,,,,,,,idle2.pcapng
"Oct 12, 2023 17:50:12.924970",0.002398,5,,,0x0002,158,,,,,,idle2.pcapng
"Oct 12, 2023 17:50:12.931620",,45,,,,,,,,,,idle2.pcapng
"Oct 12, 2023 17:50:12.933415",0.001795,5,,,0x0002,158,,,,,,idle2.pcapng
"Oct 12, 2023 17:50:12.939989",,45,,,,,,,,,,idle2.pcapng
"Oct 12, 2023 17:50:12.941782",0.001793,5,,,0x0002,159,,,,,,idle2.pcapng
"Oct 12, 2023 17:50:12.946037",,45,,,,,,,,,,idle2.pcapng
"Oct 12, 2023 17:50:12.947860",0.001823,5,,,0x0002,160,,,,,,idle2.pcapng
"Oct 12, 2023 17:50:12.951557",0.003697,45,0xa209,0xc8f0,0x8861,5,,,,,,idle2.pcapng
"Oct 12, 2023 17:50:12.953339",0.001782,5,,,0x0002,5,,,,,,idle2.pcapng
"Oct 12, 2023 17:50:12.956478",,45,,,,,,,,,,idle2.pcapng
"Oct 12, 2023 17:50:12.958301",0.001823,5,,,0x0002,161,,,,,,idle2.pcapng
"Oct 12, 2023 17:50:12.967771",,45,,,,,,,,,,idle2.pcapng
"Oct 12, 2023 17:50:12.969563",0.001792,5,,,0x0002,6,,,,,,idle2.pcapng
"Oct 12, 2023 17:50:13.138097",0.168534,77,0xe5c4,0xffff,0x8841,44,0xe5c4,0xfffc,0x1209,,,idle2.pcapng
"Oct 12, 2023 17:50:13.463428",0.325331,77,0x0000,0xffff,0x8841,162,0x0000,0xfffc,0x1209,,,idle2.pcapng
"Oct 12, 2023 17:50:14.732318",1.268890,77,0xe694,0xffff,0x8841,106,0xe694,0xfffc,0x1209,,,idle2.pcapng
"Oct 12, 2023 17:50:15.618600",0.886282,71,0xc8f0,0xffff,0x8841,159,0xc8f0,0xfffc,0x1209,,,idle2.pcapng
"Oct 12, 2023 17:50:17.668276",2.049676,12,0x2cae,0x482d,0x8863,147,,,,,,idle2.pcapng
"Oct 12, 2023 17:50:20.270207",,56,,,,,,,,,,idle2.pcapng
"Oct 12, 2023 17:50:20.272382",0.002175,5,,,0x0002,163,,,,,,idle2.pcapng
"Oct 12, 2023 17:50:20.275235",,56,,,,,,,,,,idle2.pcapng
"Oct 12, 2023 17:50:20.277410",0.002175,5,,,0x0002,45,,,,,,idle2.pcapng
"Oct 12, 2023 17:50:20.281822",,56,,,,,,,,,,idle2.pcapng
"Oct 12, 2023 17:50:20.294944",0.013122,55,0xa209,0x0000,0x8861,7,0xa209,0x0000,0x1a09,,,idle2.pcapng
"Oct 12, 2023 17:50:20.297087",0.002143,5,,,0x0002,7,,,,,,idle2.pcapng
"Oct 12, 2023 17:50:20.336402",,53,,,,,,,,,,idle2.pcapng
"Oct 12, 2023 17:50:20.338480",0.002078,5,,,0x0002,8,,,,,,idle2.pcapng
"Oct 12, 2023 17:50:20.379275",,50,,,,,,,,,,idle2.pcapng
"Oct 12, 2023 17:50:20.381258",0.001983,5,,,0x0002,164,,,,,,idle2.pcapng
"Oct 12, 2023 17:50:20.386778",0.005520,5,,,0x0002,9,,,,,,idle2.pcapng
"Oct 12, 2023 17:50:20.434246",,53,,,,,,,,,,idle2.pcapng
"Oct 12, 2023 17:50:20.436324",0.002078,5,,,0x0002,10,,,,,,idle2.pcapng
"Oct 12, 2023 17:50:21.852754",1.416430,107,0x482d,0xffff,0x886b,93,,,,,,idle2.pcapng
"Oct 12, 2023 17:50:22.699102",0.846348,12,0x2cae,0x482d,0x8863,148,,,,,,idle2.pcapng
"Oct 12, 2023 17:50:22.699870",0.000768,5,,,0x0002,148,,,,,,idle2.pcapng
"Oct 12, 2023 17:50:23.880434",1.180564,77,0x054f,0xffff,0x8841,228,0x054f,0xfffc,0x1209,,,idle2.pcapng
"Oct 12, 2023 17:50:25.422537",1.542103,68,0xebe5,0xffff,0x8841,237,0xebe5,0xfffc,0x1209,,,idle2.pcapng
"Oct 12, 2023 17:50:25.788860",0.366323,74,0xa209,0xffff,0x8841,11,0xa209,0xfffc,0x1209,,,idle2.pcapng
"Oct 12, 2023 17:50:26.282170",0.493310,77,0x82eb,0xffff,0x8841,184,0x82eb,0xfffc,0x1209,,,idle2.pcapng
"Oct 12, 2023 17:50:26.661903",,54,,,,,,,,,,idle2.pcapng
"Oct 12, 2023 17:50:26.664014",0.002111,107,,,0x006b,165,,,,,,idle2.pcapng
"Oct 12, 2023 17:50:26.670372",0.006358,5,,,0x0002,165,,,,,,idle2.pcapng
"Oct 12, 2023 17:50:26.890926",0.220554,54,0xe5c7,0xb6ed,0x8861,50,,,,,,idle2.pcapng
"Oct 12, 2023 17:50:26.893037",0.002111,5,,,0x0002,50,,,,,,idle2.pcapng
"Oct 12, 2023 17:50:26.931476",0.038439,55,0x482d,0xe5c4,0x8861,94,0x482d,0x0000,0x1a09,,,idle2.pcapng
"Oct 12, 2023 17:50:26.933619",0.002143,5,,,0x0002,94,,,,,,idle2.pcapng
"Oct 12, 2023 17:50:26.963778",,53,,,,,,,,,,idle2.pcapng
"Oct 12, 2023 17:50:26.965857",0.002079,5,,,0x0002,95,,,,,,idle2.pcapng
"Oct 12, 2023 17:50:26.972605",,53,,,,,,,,,,idle2.pcapng
"Oct 12, 2023 17:50:26.974683",0.002078,5,,,0x0002,52,,,,,,idle2.pcapng
"Oct 12, 2023 17:50:26.998238",0.023555,57,0xe5c4,0x0000,0x8861,53,0x482d,0x0000,0x1a09,,,idle2.pcapng
"Oct 12, 2023 17:50:27.000445",0.002207,5,,,0x0002,53,,,,,,idle2.pcapng
"Oct 12, 2023 17:50:27.025776",,54,,,,,,,,,,idle2.pcapng
"Oct 12, 2023 17:50:27.027887",0.002111,5,,,0x0002,166,,,,,,idle2.pcapng
"Oct 12, 2023 17:50:27.104392",,54,,,,,,,,,,idle2.pcapng
"Oct 12, 2023 17:50:27.106504",0.002112,5,,,0x0002,55,,,,,,idle2.pcapng
"Oct 12, 2023 17:50:27.148380",0.041876,5,,,0x0002,96,,,,,,idle2.pcapng
"Oct 12, 2023 17:50:27.171107",0.022727,57,0xe5c4,0x0000,0x8861,56,0x482d,0x0000,0x1a09,,,idle2.pcapng
"Oct 12, 2023 17:50:27.173313",0.002206,5,,,0x0002,56,,,,,,idle2.pcapng
"Oct 12, 2023 17:50:27.185749",,53,,,,,,,,,,idle2.pcapng
"Oct 12, 2023 17:50:27.187828",0.002079,5,,,0x0002,97,,,,,,idle2.pcapng
"Oct 12, 2023 17:50:27.193992",0.006164,53,0xe5c4,0x0069,0x8861,57,,,,,,idle2.pcapng
"Oct 12, 2023 17:50:27.197787",0.003795,53,0xe5c4,0x0000,0x8861,57,,,,,,idle2.pcapng
"Oct 12, 2023 17:50:27.284631",,53,,,,,,,,,,idle2.pcapng
"Oct 12, 2023 17:50:27.286710",0.002079,5,,,0x0002,58,,,,,,idle2.pcapng
"Oct 12, 2023 17:50:27.519618",0.232908,77,0x0000,0xffff,0x8841,167,0x0000,0xfffc,0x1209,,,idle2.pcapng
"Oct 12, 2023 17:50:27.682243",0.162625,77,0xe5c4,0xffff,0x8841,59,0xe5c4,0xfffc,0x1209,,,idle2.pcapng
"Oct 12, 2023 17:50:27.730833",0.048590,12,0x2cae,0x482d,0x8863,149,,,,,,idle2.pcapng
"Oct 12, 2023 17:50:27.731601",0.000768,5,,,0x0002,149,,,,,,idle2.pcapng
"Oct 12, 2023 17:50:30.715156",2.983555,71,0xc8f0,0xffff,0x8841,160,0xc8f0,0xfffc,0x1209,,,idle2.pcapng
"Oct 12, 2023 17:50:32.783304",2.068148,12,0x2cae,0x482d,0x8863,150,,,,,,idle2.pcapng
"Oct 12, 2023 17:50:32.784071",0.000767,5,,,0x0002,150,,,,,,idle2.pcapng
"Oct 12, 2023 17:50:34.236187",1.452116,74,0x09ac,0xffff,0x8841,235,0x09ac,0xfffc,0x1209,,,idle2.pcapng
"Oct 12, 2023 17:50:37.800667",3.564480,12,0x2cae,0x482d,0x8863,151,,,,,,idle2.pcapng
"Oct 12, 2023 17:50:39.308838",1.508171,77,0x482d,0xffff,0x8841,98,0x482d,0xfffc,0x1209,,,idle2.pcapng
"Oct 12, 2023 17:50:40.409458",1.100620,68,0xebe5,0xffff,0x8841,238,0xebe5,0xfffc,0x1209,,,idle2.pcapng
"Oct 12, 2023 17:50:40.587733",0.178275,74,0xa209,0xffff,0x8841,12,0xa209,0xfffc,0x1209,,,idle2.pcapng
"Oct 12, 2023 17:50:41.279638",0.691905,77,0x82eb,0xffff,0x8841,185,0x82eb,0xfffc,0x1209,,,idle2.pcapng
"Oct 12, 2023 17:50:41.401910",0.122272,77,0x054f,0xffff,0x8841,229,0x054f,0xfffc,0x1209,,,idle2.pcapng
"Oct 12, 2023 17:50:41.996998",0.595088,74,0x6e5f,0xffff,0x8841,164,0x6e5f,0xfffc,0x1209,,,idle2.pcapng
"Oct 12, 2023 17:50:42.761731",,52,,,,,,,,,,idle2.pcapng
"Oct 12, 2023 17:50:42.763736",0.002005,5,,,0x0002,168,,,,,,idle2.pcapng
"Oct 12, 2023 17:50:42.771652",,63,,,,,,,,,,idle2.pcapng
"Oct 12, 2023 17:50:42.774050",0.002398,5,,,0x0002,108,,,,,,idle2.pcapng
"Oct 12, 2023 17:50:42.796830",,52,,,,,,,,,,idle2.pcapng
"Oct 12, 2023 17:50:42.798846",0.002016,5,,,0x0002,169,,,,,,idle2.pcapng
"Oct 12, 2023 17:50:42.806903",,63,,,,,,,,,,idle2.pcapng
"Oct 12, 2023 17:50:42.809302",0.002399,5,,,0x0002,165,,,,,,idle2.pcapng
"Oct 12, 2023 17:50:42.826153",0.016851,12,0x2cae,0x482d,0x8863,152,,,,,,idle2.pcapng
"Oct 12, 2023 17:50:42.826920",0.000767,5,,,0x0002,152,,,,,,idle2.pcapng
"Oct 12, 2023 17:50:42.832439",,45,,,,,,,,,,idle2.pcapng
"Oct 12, 2023 17:50:42.834232",0.001793,5,,,0x0002,170,,,,,,idle2.pcapng
"Oct 12, 2023 17:50:42.840334",,54,,,,,,,,,,idle2.pcapng
"Oct 12, 2023 17:50:42.842415",0.002081,5,,,0x0002,171,,,,,,idle2.pcapng
"Oct 12, 2023 17:50:42.850180",,66,,,,,,,,,,idle2.pcapng
"Oct 12, 2023 17:50:42.852675",0.002495,5,,,0x0002,109,,,,,,idle2.pcapng
"Oct 12, 2023 17:50:42.860003",,54,,,,,,,,,,idle2.pcapng
"Oct 12, 2023 17:50:42.862084",0.002081,5,,,0x0002,172,,,,,,idle2.pcapng
"Oct 12, 2023 17:50:42.872458",0.010374,5,,,0x0002,166,,,,,,idle2.pcapng
"Oct 12, 2023 17:50:42.888860",,45,,,,,,,,,,idle2.pcapng
"Oct 12, 2023 17:50:42.890653",0.001793,5,,,0x0002,173,,,,,,idle2.pcapng
"Oct 12, 2023 17:50:42.896123",,54,,,,,,,,,,idle2.pcapng
"Oct 12, 2023 17:50:42.898234",0.002111,5,,,0x0002,174,,,,,,idle2.pcapng
"Oct 12, 2023 17:50:42.902967",,54,,,,,,,,,,idle2.pcapng
"Oct 12, 2023 17:50:42.905048",0.002081,5,,,0x0002,13,,,,,,idle2.pcapng
"Oct 12, 2023 17:50:42.909433",,52,,,,,,,,,,idle2.pcapng
"Oct 12, 2023 17:50:42.911480",0.002047,5,,,0x0002,175,,,,,,idle2.pcapng
"Oct 12, 2023 17:50:42.912940",,66,,,,,,,,,,idle2.pcapng
"Oct 12, 2023 17:50:42.915435",0.002495,5,,,0x0002,161,,,,,,idle2.pcapng
"Oct 12, 2023 17:50:42.929058",,63,,,,,,,,,,idle2.pcapng
"Oct 12, 2023 17:50:42.931457",0.002399,5,,,0x0002,162,,,,,,idle2.pcapng
"Oct 12, 2023 17:50:42.941966",,45,,,,,,,,,,idle2.pcapng
"Oct 12, 2023 17:50:42.943747",0.001781,5,,,0x0002,176,,,,,,idle2.pcapng
"Oct 12, 2023 17:50:42.948936",0.005189,77,0x0000,0xffff,0x8841,177,0x0000,0xfffc,0x1209,,,idle2.pcapng
"Oct 12, 2023 17:50:42.956171",,45,,,,,,,,,,idle2.pcapng
"Oct 12, 2023 17:50:42.957962",0.001791,5,,,0x0002,178,,,,,,idle2.pcapng
"Oct 12, 2023 17:50:42.961758",,45,,,,,,,,,,idle2.pcapng
"Oct 12, 2023 17:50:42.963581",0.001823,5,,,0x0002,179,,,,,,idle2.pcapng
"Oct 12, 2023 17:50:42.967681",,45,,,,,,,,,,idle2.pcapng
"Oct 12, 2023 17:50:42.969463",0.001782,5,,,0x0002,15,,,,,,idle2.pcapng
"Oct 12, 2023 17:50:42.971516",,45,,,,,,,,,,idle2.pcapng
"Oct 12, 2023 17:50:42.973339",0.001823,5,,,0x0002,180,,,,,,idle2.pcapng
"Oct 12, 2023 17:50:42.976979",,45,,,,,,,,,,idle2.pcapng
"Oct 12, 2023 17:50:42.978772",0.001793,5,,,0x0002,16,,,,,,idle2.pcapng
"Oct 12, 2023 17:50:43.777069",0.798297,77,0xe5c4,0xffff,0x8841,60,0xe5c4,0xfffc,0x1209,,,idle2.pcapng
"Oct 12, 2023 17:50:44.696235",0.919166,77,0xe694,0xffff,0x8841,110,0xe694,0xfffc,0x1209,,,idle2.pcapng
"Oct 12, 2023 17:50:45.632352",0.936117,71,0xc8f0,0xffff,0x8841,163,0xc8f0,0xfffc,0x1209,,,idle2.pcapng
"Oct 12, 2023 17:50:47.825637",2.193285,12,0x2cae,0x482d,0x8863,153,,,,,,idle2.pcapng
"Oct 12, 2023 17:50:47.826404",0.000767,5,,,0x0002,153,,,,,,idle2.pcapng
"Oct 12, 2023 17:50:49.695074",1.868670,107,0x09ac,0xffff,0x886b,236,,,,,,idle2.pcapng
"Oct 12, 2023 17:50:52.857109",3.162035,12,0x2cae,0x482d,0x8863,154,,,,,,idle2.pcapng
"Oct 12, 2023 17:50:52.857876",0.000767,5,,,0x0002,154,,,,,,idle2.pcapng
"Oct 12, 2023 17:50:54.762291",1.904415,77,0x482d,0xffff,0x8841,99,0x482d,0xfffc,0x1209,,,idle2.pcapng
"Oct 12, 2023 17:50:55.355355",0.593064,68,0xebe5,0xffff,0x8841,239,0xebe5,0xfffc,0x1209,,,idle2.pcapng
"Oct 12, 2023 17:50:56.280306",0.924951,77,0x82eb,0xffff,0x8841,186,0x82eb,0xfffc,0x1209,,,idle2.pcapng
"Oct 12, 2023 17:50:56.888377",0.608071,74,0x6e5f,0xffff,0x8841,167,0x6e5f,0xfffc,0x1209,,,idle2.pcapng
"Oct 12, 2023 17:50:57.510933",0.622556,74,0xa209,0xffff,0x8841,17,0xa209,0xfffc,0x1209,,,idle2.pcapng
"Oct 12, 2023 17:50:57.556653",0.045720,77,0x054f,0xffff,0x8841,230,0x054f,0xfffc,0x1209,,,idle2.pcapng
"Oct 12, 2023 17:50:57.887885",0.331232,12,0x2cae,0x482d,0x8863,155,,,,,,idle2.pcapng
"Oct 12, 2023 17:50:57.888652",0.000767,5,,,0x0002,155,,,,,,idle2.pcapng
"Oct 12, 2023 17:50:58.077324",0.188672,77,0x0000,0xffff,0x8841,181,0x0000,0xfffc,0x1209,,,idle2.pcapng
"Oct 12, 2023 17:50:59.779444",1.702120,77,0xe694,0xffff,0x8841,111,0xe694,0xfffc,0x1209,,,idle2.pcapng
"Oct 12, 2023 17:51:00.717455",0.938011,71,0xc8f0,0xffff,0x8841,164,0xc8f0,0xfffc,0x1209,,,idle2.pcapng
"Oct 12, 2023 17:51:01.769543",1.052088,77,0xe5c4,0xffff,0x8841,61,0xe5c4,0xfffc,0x1209,,,idle2.pcapng
"Oct 12, 2023 17:51:02.951274",1.181731,12,0x2cae,0x482d,0x8863,156,,,,,,idle2.pcapng
"Oct 12, 2023 17:51:02.952041",0.000767,5,,,0x0002,156,,,,,,idle2.pcapng
"Oct 12, 2023 17:51:06.852261",3.900220,74,0x09ac,0xffff,0x8841,237,0x09ac,0xfffc,0x1209,,,idle2.pcapng
"Oct 12, 2023 17:51:07.982395",1.130134,12,0x2cae,0x482d,0x8863,157,,,,,,idle2.pcapng
"Oct 12, 2023 17:51:07.983162",0.000767,5,,,0x0002,157,,,,,,idle2.pcapng
"Oct 12, 2023 17:51:09.967901",1.984739,77,0x482d,0xffff,0x8841,100,0x482d,0xfffc,0x1209,,,idle2.pcapng
"Oct 12, 2023 17:51:10.434319",0.466418,68,0xebe5,0xffff,0x8841,240,0xebe5,0xfffc,0x1209,,,idle2.pcapng
"Oct 12, 2023 17:51:11.269454",0.835135,77,0x82eb,0xffff,0x8841,187,0x82eb,0xfffc,0x1209,,,idle2.pcapng
"Oct 12, 2023 17:51:12.287989",1.018535,77,0x054f,0xffff,0x8841,231,0x054f,0xfffc,0x1209,,,idle2.pcapng
"Oct 12, 2023 17:51:12.291463",0.003474,77,0x0000,0xffff,0x8841,182,0x0000,0xfffc,0x1209,,,idle2.pcapng
"Oct 12, 2023 17:51:12.763419",,52,,,,,,,,,,idle2.pcapng
"Oct 12, 2023 17:51:12.765434",0.002015,5,,,0x0002,183,,,,,,idle2.pcapng
"Oct 12, 2023 17:51:12.773243",,63,,,,,,,,,,idle2.pcapng
"Oct 12, 2023 17:51:12.775642",0.002399,5,,,0x0002,112,,,,,,idle2.pcapng
"Oct 12, 2023 17:51:12.800405",,52,,,,,,,,,,idle2.pcapng
"Oct 12, 2023 17:51:12.802421",0.002016,5,,,0x0002,184,,,,,,idle2.pcapng
"Oct 12, 2023 17:51:12.810361",0.007940,63,0x6e5f,0x0000,0x8861,169,,,,,,idle2.pcapng
"Oct 12, 2023 17:51:12.814796",,45,,,,,,,,,,idle2.pcapng
"Oct 12, 2023 17:51:12.816590",0.001794,5,,,0x0002,185,,,,,,idle2.pcapng
"Oct 12, 2023 17:51:12.823146",0.006556,5,,,0x0002,169,,,,,,idle2.pcapng
"Oct 12, 2023 17:51:12.826039",,63,,,,,,,,,,idle2.pcapng
"Oct 12, 2023 17:51:12.828438",0.002399,5,,,0x0002,169,,,,,,idle2.pcapng
"Oct 12, 2023 17:51:12.839622",,54,,,,,,,,,,idle2.pcapng
"Oct 12, 2023 17:51:12.841703",0.002081,5,,,0x0002,186,,,,,,idle2.pcapng
"Oct 12, 2023 17:51:12.849484",,66,,,,,,,,,,idle2.pcapng
"Oct 12, 2023 17:51:12.851979",0.002495,5,,,0x0002,113,,,,,,idle2.pcapng
"Oct 12, 2023 17:51:12.854109",,54,,,,,,,,,,idle2.pcapng
"Oct 12, 2023 17:51:12.856189",0.002080,5,,,0x0002,187,,,,,,idle2.pcapng
"Oct 12, 2023 17:51:12.864294",,66,,,,,,,,,,idle2.pcapng
"Oct 12, 2023 17:51:12.866788",0.002494,5,,,0x0002,170,,,,,,idle2.pcapng
"Oct 12, 2023 17:51:12.889673",,45,,,,,,,,,,idle2.pcapng
"Oct 12, 2023 17:51:12.891465",0.001792,5,,,0x0002,188,,,,,,idle2.pcapng
"Oct 12, 2023 17:51:12.897580",,54,,,,,,,,,,idle2.pcapng
"Oct 12, 2023 17:51:12.899691",0.002111,5,,,0x0002,189,,,,,,idle2.pcapng
"Oct 12, 2023 17:51:12.902406",,54,,,,,,,,,,idle2.pcapng
"Oct 12, 2023 17:51:12.904486",0.002080,5,,,0x0002,18,,,,,,idle2.pcapng
"Oct 12, 2023 17:51:12.909363",,45,,,,,,,,,,idle2.pcapng
"Oct 12, 2023 17:51:12.911145",0.001782,5,,,0x0002,190,,,,,,idle2.pcapng
"Oct 12, 2023 17:51:12.912274",,66,,,,,,,,,,idle2.pcapng
"Oct 12, 2023 17:51:12.914768",0.002494,5,,,0x0002,165,,,,,,idle2.pcapng
"Oct 12, 2023 17:51:12.922972",,52,,,,,,,,,,idle2.pcapng
"Oct 12, 2023 17:51:12.925019",0.002047,5,,,0x0002,191,,,,,,idle2.pcapng
"Oct 12, 2023 17:51:12.927994",,52,,,,,,,,,,idle2.pcapng
"Oct 12, 2023 17:51:12.930010",0.002016,5,,,0x0002,19,,,,,,idle2.pcapng
"Oct 12, 2023 17:51:12.935143",,45,,,,,,,,,,idle2.pcapng
"Oct 12, 2023 17:51:12.936932",0.001789,5,,,0x0002,192,,,,,,idle2.pcapng
"Oct 12, 2023 17:51:12.937804",,63,,,,,,,,,,idle2.pcapng
"Oct 12, 2023 17:51:12.940202",0.002398,5,,,0x0002,166,,,,,,idle2.pcapng
"Oct 12, 2023 17:51:12.945922",,45,,,,,,,,,,idle2.pcapng
"Oct 12, 2023 17:51:12.947745",0.001823,5,,,0x0002,193,,,,,,idle2.pcapng
"Oct 12, 2023 17:51:12.951799",,45,,,,,,,,,,idle2.pcapng
"Oct 12, 2023 17:51:12.953592",0.001793,5,,,0x0002,20,,,,,,idle2.pcapng
"Oct 12, 2023 17:51:12.955941",,45,,,,,,,,,,idle2.pcapng
"Oct 12, 2023 17:51:12.957764",0.001823,5,,,0x0002,194,,,,,,idle2.pcapng
"Oct 12, 2023 17:51:12.961810",,45,,,,,,,,,,idle2.pcapng
"Oct 12, 2023 17:51:12.963603",0.001793,5,,,0x0002,21,,,,,,idle2.pcapng
"Oct 12, 2023 17:51:13.014192",0.050589,12,0x2cae,0x482d,0x8863,158,,,,,,idle2.pcapng
"Oct 12, 2023 17:51:13.014959",0.000767,5,,,0x0002,158,,,,,,idle2.pcapng
"Oct 12, 2023 17:51:14.221939",,50,,,,,,,,,,idle2.pcapng
"Oct 12, 2023 17:51:14.223891",0.001952,5,,,0x0002,195,,,,,,idle2.pcapng
"Oct 12, 2023 17:51:14.227854",,50,,,,,,,,,,idle2.pcapng
"Oct 12, 2023 17:51:14.229801",0.001947,5,,,0x0002,114,,,,,,idle2.pcapng
"Oct 12, 2023 17:51:14.236896",,53,,,,,,,,,,idle2.pcapng
"Oct 12, 2023 17:51:14.238975",0.002079,5,,,0x0002,241,,,,,,idle2.pcapng
"Oct 12, 2023 17:51:14.256850",,45,,,,,,,,,,idle2.pcapng
"Oct 12, 2023 17:51:14.258643",0.001793,5,,,0x0002,196,,,,,,idle2.pcapng
"Oct 12, 2023 17:51:14.262305",,45,,,,,,,,,,idle2.pcapng
"Oct 12, 2023 17:51:14.264090",0.001785,5,,,0x0002,115,,,,,,idle2.pcapng
"Oct 12, 2023 17:51:14.278411",,50,,,,,,,,,,idle2.pcapng
"Oct 12, 2023 17:51:14.280354",0.001943,5,,,0x0002,197,,,,,,idle2.pcapng
"Oct 12, 2023 17:51:14.284074",,50,,,,,,,,,,idle2.pcapng
"Oct 12, 2023 17:51:14.286017",0.001943,5,,,0x0002,116,,,,,,idle2.pcapng
"Oct 12, 2023 17:51:14.293195",,53,,,,,,,,,,idle2.pcapng
"Oct 12, 2023 17:51:14.295274",0.002079,5,,,0x0002,242,,,,,,idle2.pcapng
"Oct 12, 2023 17:51:14.309519",,45,,,,,,,,,,idle2.pcapng
"Oct 12, 2023 17:51:14.311302",0.001783,5,,,0x0002,198,,,,,,idle2.pcapng
"Oct 12, 2023 17:51:14.315132",,45,,,,,,,,,,idle2.pcapng
"Oct 12, 2023 17:51:14.316918",0.001786,5,,,0x0002,117,,,,,,idle2.pcapng
"Oct 12, 2023 17:51:14.335650",,56,,,,,,,,,,idle2.pcapng
"Oct 12, 2023 17:51:14.337795",0.002145,5,,,0x0002,199,,,,,,idle2.pcapng
"Oct 12, 2023 17:51:14.341792",,56,,,,,,,,,,idle2.pcapng
"Oct 12, 2023 17:51:14.343932",0.002140,5,,,0x0002,118,,,,,,idle2.pcapng
"Oct 12, 2023 17:51:14.351524",,71,,,,,,,,,,idle2.pcapng
"Oct 12, 2023 17:51:14.354179",0.002655,5,,,0x0002,243,,,,,,idle2.pcapng
"Oct 12, 2023 17:51:14.372011",,45,,,,,,,,,,idle2.pcapng
"Oct 12, 2023 17:51:14.373804",0.001793,5,,,0x0002,200,,,,,,idle2.pcapng
"Oct 12, 2023 17:51:14.377702",,45,,,,,,,,,,idle2.pcapng
"Oct 12, 2023 17:51:14.379488",0.001786,5,,,0x0002,119,,,,,,idle2.pcapng
"Oct 12, 2023 17:51:14.715289",0.335801,77,0xe694,0xffff,0x8841,120,0xe694,0xfffc,0x1209,,,idle2.pcapng
"Oct 12, 2023 17:51:15.645358",0.930069,74,0xa209,0xffff,0x8841,22,0xa209,0xfffc,0x1209,,,idle2.pcapng
"Oct 12, 2023 17:51:15.745483",0.100125,71,0xc8f0,0xffff,0x8841,167,0xc8f0,0xfffc,0x1209,,,idle2.pcapng
"Oct 12, 2023 17:51:18.014956",2.269473,12,0x2cae,0x482d,0x8863,159,,,,,,idle2.pcapng
"Oct 12, 2023 17:51:18.015723",0.000767,5,,,0x0002,159,,,,,,idle2.pcapng
"Oct 12, 2023 17:51:18.969297",0.953574,77,0xe5c4,0xffff,0x8841,62,0xe5c4,0xfffc,0x1209,,,idle2.pcapng
"Oct 12, 2023 17:51:21.372096",2.402799,74,0x09ac,0xffff,0x8841,238,0x09ac,0xfffc,0x1209,,,idle2.pcapng
"Oct 12, 2023 17:51:23.044194",1.672098,12,0x2cae,0x482d,0x8863,160,,,,,,idle2.pcapng
"Oct 12, 2023 17:51:23.044961",0.000767,5,,,0x0002,160,,,,,,idle2.pcapng
"Oct 12, 2023 17:51:24.461842",1.416881,108,0x482d,0xffff,0x886c,101,,,,,,idle2.pcapng
"Oct 12, 2023 17:51:25.382261",0.920419,68,0xebe5,0xffff,0x8841,244,0xebe5,0xfffc,0x1209,,,idle2.pcapng
"Oct 12, 2023 17:51:27.462505",2.080244,107,0x0000,0x30ff,0x886b,201,,,,,,idle2.pcapng
"Oct 12, 2023 17:51:28.078636",0.616131,5,,,0x0002,161,,,,,,idle2.pcapng
"Oct 12, 2023 17:51:29.815295",1.736659,77,0xe694,0xffff,0x8841,121,0xe694,0xfffc,0x1209,,,idle2.pcapng
"Oct 12, 2023 17:51:31.359560",1.544265,74,0xa209,0xffff,0x8841,23,0xa209,0xfffc,0x1209,,,idle2.pcapng
"Oct 12, 2023 17:51:31.722667",0.363107,55,0x482d,0xe5c4,0x8861,102,0x482d,0x0000,0x1a09,,,idle2.pcapng
"Oct 12, 2023 17:51:31.724811",0.002144,5,,,0x0002,102,,,,,,idle2.pcapng
"Oct 12, 2023 17:51:31.730305",0.005494,57,0xe5c4,0x0000,0x8861,63,0x482d,0x0000,0x1a09,,,idle2.pcapng
"Oct 12, 2023 17:51:31.732512",0.002207,5,,,0x0002,63,,,,,,idle2.pcapng
"Oct 12, 2023 17:51:31.769535",0.037023,5,,,0x0002,103,,,,,,idle2.pcapng
"Oct 12, 2023 17:51:31.776254",,57,,,,,,,,,,idle2.pcapng
"Oct 12, 2023 17:51:31.778461",0.002207,5,,,0x0002,64,,,,,,idle2.pcapng
"Oct 12, 2023 17:51:31.793033",0.014572,55,0x482d,0xe5c4,0x8861,104,0x482d,0x0000,0x1a09,,,idle2.pcapng
"Oct 12, 2023 17:51:31.795176",0.002143,5,,,0x0002,104,,,,,,idle2.pcapng
"Oct 12, 2023 17:51:31.830528",,53,,,,,,,,,,idle2.pcapng
"Oct 12, 2023 17:51:31.833694",,53,,,,,,,,,,idle2.pcapng
"Oct 12, 2023 17:51:31.835773",0.002079,5,,,0x0002,202,,,,,,idle2.pcapng
"Oct 12, 2023 17:51:31.843447",,53,,,,,,,,,,idle2.pcapng
"Oct 12, 2023 17:51:31.845526",0.002079,5,,,0x0002,65,,,,,,idle2.pcapng
"Oct 12, 2023 17:51:31.860396",0.014870,55,0x2617,0xe5c4,0x8861,105,,,,,,idle2.pcapng
"Oct 12, 2023 17:51:31.867426",0.007030,5,,,0x0002,105,,,,,,idle2.pcapng
"Oct 12, 2023 17:51:31.872430",0.005004,57,0xe5c4,0x0000,0x8861,66,0x482d,0x0000,0x1a09,,,idle2.pcapng
"Oct 12, 2023 17:51:31.874637",0.002207,5,,,0x0002,66,,,,,,idle2.pcapng
"Oct 12, 2023 17:51:31.973911",,45,,,,,,,,,,idle2.pcapng
"Oct 12, 2023 17:51:31.975735",0.001824,5,,,0x0002,107,,,,,,idle2.pcapng
"Oct 12, 2023 17:51:31.987754",,45,,,,,,,,,,idle2.pcapng
"Oct 12, 2023 17:51:31.989577",0.001823,5,,,0x0002,67,,,,,,idle2.pcapng
"Oct 12, 2023 17:51:32.849586",,60,,,,,,,,,,idle2.pcapng
"Oct 12, 2023 17:51:32.851888",0.002302,5,,,0x0002,122,,,,,,idle2.pcapng
"Oct 12, 2023 17:51:32.901542",,50,,,,,,,,,,idle2.pcapng
"Oct 12, 2023 17:51:32.908942",,45,,,,,,,,,,idle2.pcapng
"Oct 12, 2023 17:51:32.913042",,50,,,,,,,,,,idle2.pcapng
"Oct 12, 2023 17:51:32.914995",0.001953,5,,,0x0002,203,,,,,,idle2.pcapng
"Oct 12, 2023 17:51:32.920299",0.005304,45,0xe694,0x0000,0x8861,124,,,,,,idle2.pcapng
"Oct 12, 2023 17:51:32.943371",0.023072,45,0xe694,0x1e00,0x8861,124,,,,,,idle2.pcapng
"Oct 12, 2023 17:51:32.945194",0.001823,5,,,0x0002,124,,,,,,idle2.pcapng
"Oct 12, 2023 17:51:33.151536",0.206342,12,,,0xf863,4,,,,,,idle2.pcapng
"Oct 12, 2023 17:51:33.178092",0.026556,101,,,0x0065,136,,,,,,idle2.pcapng
"Oct 12, 2023 17:51:37.449311",4.271219,74,0x09ac,0xffff,0x8841,239,0x09ac,0xfffc,0x1209,,,idle2.pcapng
"Oct 12, 2023 17:51:38.108891",0.659580,12,0x2cae,0x482d,0x8863,165,,,,,,idle2.pcapng
"Oct 12, 2023 17:51:38.109658",0.000767,5,,,0x0002,165,,,,,,idle2.pcapng
"Oct 12, 2023 17:51:39.213524",,52,,,,,,,,,,idle2.pcapng
"Oct 12, 2023 17:51:39.215570",0.002046,5,,,0x0002,189,,,,,,idle2.pcapng
"Oct 12, 2023 17:51:40.217189",1.001619,77,0x482d,0xffff,0x8841,108,0x482d,0xfffc,0x1209,,,idle2.pcapng
"Oct 12, 2023 17:51:40.369302",0.152113,68,0xebe5,0xffff,0x8841,245,0xebe5,0xfffc,0x1209,,,idle2.pcapng
"Oct 12, 2023 17:51:41.986003",1.616701,74,0x6e5f,0xffff,0x8841,172,0x6e5f,0xfffc,0x1209,,,idle2.pcapng
"Oct 12, 2023 17:51:42.422765",0.436762,77,0x0000,0xffff,0x8841,204,0x0000,0xfffc,0x1209,,,idle2.pcapng
"Oct 12, 2023 17:51:42.768502",,52,,,,,,,,,,idle2.pcapng
"Oct 12, 2023 17:51:42.770508",0.002006,5,,,0x0002,205,,,,,,idle2.pcapng
"Oct 12, 2023 17:51:42.778373",,63,,,,,,,,,,idle2.pcapng
"Oct 12, 2023 17:51:42.780772",0.002399,5,,,0x0002,125,,,,,,idle2.pcapng
"Oct 12, 2023 17:51:42.803212",,52,,,,,,,,,,idle2.pcapng
"Oct 12, 2023 17:51:42.805218",0.002006,5,,,0x0002,206,,,,,,idle2.pcapng
"Oct 12, 2023 17:51:42.813219",,63,,,,,,,,,,idle2.pcapng
"Oct 12, 2023 17:51:42.815618",0.002399,5,,,0x0002,173,,,,,,idle2.pcapng
"Oct 12, 2023 17:51:42.816547",,45,,,,,,,,,,idle2.pcapng
"Oct 12, 2023 17:51:42.818340",0.001793,5,,,0x0002,207,,,,,,idle2.pcapng
"Oct 12, 2023 17:51:42.836574",,54,,,,,,,,,,idle2.pcapng
"Oct 12, 2023 17:51:42.838650",0.002076,5,,,0x0002,208,,,,,,idle2.pcapng
"Oct 12, 2023 17:51:42.846726",,66,,,,,,,,,,idle2.pcapng
"Oct 12, 2023 17:51:42.849221",0.002495,5,,,0x0002,126,,,,,,idle2.pcapng
"Oct 12, 2023 17:51:42.850270",,45,,,,,,,,,,idle2.pcapng
"Oct 12, 2023 17:51:42.852062",0.001792,5,,,0x0002,209,,,,,,idle2.pcapng
"Oct 12, 2023 17:51:42.876536",,54,,,,,,,,,,idle2.pcapng
"Oct 12, 2023 17:51:42.878617",0.002081,5,,,0x0002,210,,,,,,idle2.pcapng
"Oct 12, 2023 17:51:42.886712",,66,,,,,,,,,,idle2.pcapng
"Oct 12, 2023 17:51:42.889207",0.002495,5,,,0x0002,174,,,,,,idle2.pcapng
"Oct 12, 2023 17:51:42.891584",,54,,,,,,,,,,idle2.pcapng
"Oct 12, 2023 17:51:42.893696",0.002112,5,,,0x0002,211,,,,,,idle2.pcapng
"Oct 12, 2023 17:51:42.898419",,54,,,,,,,,,,idle2.pcapng
"Oct 12, 2023 17:51:42.900499",0.002080,5,,,0x0002,24,,,,,,idle2.pcapng
"Oct 12, 2023 17:51:42.908383",,66,,,,,,,,,,idle2.pcapng
"Oct 12, 2023 17:51:42.910878",0.002495,5,,,0x0002,169,,,,,,idle2.pcapng
"Oct 12, 2023 17:51:42.913650",,45,,,,,,,,,,idle2.pcapng
"Oct 12, 2023 17:51:42.915441",0.001791,5,,,0x0002,212,,,,,,idle2.pcapng
"Oct 12, 2023 17:51:42.931519",,52,,,,,,,,,,idle2.pcapng
"Oct 12, 2023 17:51:42.933566",0.002047,5,,,0x0002,213,,,,,,idle2.pcapng
"Oct 12, 2023 17:51:42.937319",,52,,,,,,,,,,idle2.pcapng
"Oct 12, 2023 17:51:42.939335",0.002016,5,,,0x0002,25,,,,,,idle2.pcapng
"Oct 12, 2023 17:51:42.944313",,45,,,,,,,,,,idle2.pcapng
"Oct 12, 2023 17:51:42.946105",0.001792,5,,,0x0002,214,,,,,,idle2.pcapng
"Oct 12, 2023 17:51:42.947058",,63,,,,,,,,,,idle2.pcapng
"Oct 12, 2023 17:51:42.949457",0.002399,5,,,0x0002,170,,,,,,idle2.pcapng
"Oct 12, 2023 17:51:42.953662",,45,,,,,,,,,,idle2.pcapng
"Oct 12, 2023 17:51:42.955486",0.001824,5,,,0x0002,215,,,,,,idle2.pcapng
"Oct 12, 2023 17:51:42.959453",,45,,,,,,,,,,idle2.pcapng
"Oct 12, 2023 17:51:42.961236",0.001783,5,,,0x0002,26,,,,,,idle2.pcapng
"Oct 12, 2023 17:51:42.964326",,45,,,,,,,,,,idle2.pcapng
"Oct 12, 2023 17:51:42.966149",0.001823,5,,,0x0002,216,,,,,,idle2.pcapng
"Oct 12, 2023 17:51:42.970164",,45,,,,,,,,,,idle2.pcapng
"Oct 12, 2023 17:51:42.971957",0.001793,5,,,0x0002,27,,,,,,idle2.pcapng
"Oct 12, 2023 17:51:43.140942",0.168985,12,0x2cae,0x482d,0x8863,166,,,,,,idle2.pcapng
"Oct 12, 2023 17:51:43.141710",0.000768,5,,,0x0002,166,,,,,,idle2.pcapng
"Oct 12, 2023 17:51:44.266201",1.124491,77,0x054f,0xffff,0x8841,233,0x054f,0xfffc,0x1209,,,idle2.pcapng
"Oct 12, 2023 17:51:44.701248",0.435047,107,0xe694,0xffff,0x886b,127,,,,,,idle2.pcapng
"Oct 12, 2023 17:51:45.733598",1.032350,71,0xc8f0,0xffff,0x8841,171,0xc8f0,0xfffc,0x1209,,,idle2.pcapng
"Oct 12, 2023 17:51:47.754817",2.021219,74,0xa209,0xffff,0x8841,28,0xa209,0xfffc,0x1209,,,idle2.pcapng
"Oct 12, 2023 17:51:48.203140",0.448323,12,0x2cae,0x482d,0x8863,167,,,,,,idle2.pcapng
"Oct 12, 2023 17:51:48.203907",0.000767,5,,,0x0002,167,,,,,,idle2.pcapng
"Oct 12, 2023 17:51:49.214707",1.010800,77,0xe5c4,0xffff,0x8841,69,0xe5c4,0xfffc,0x1209,,,idle2.pcapng
"Oct 12, 2023 17:51:53.202194",3.987487,12,0x2cae,0x482d,0x8863,168,,,,,,idle2.pcapng
"Oct 12, 2023 17:51:53.202962",0.000768,5,,,0x0002,168,,,,,,idle2.pcapng
"Oct 12, 2023 17:51:53.974280",0.771318,74,0x09ac,0xffff,0x8841,240,0x09ac,0xfffc,0x1209,,,idle2.pcapng
"Oct 12, 2023 17:51:55.143355",1.169075,77,0x482d,0xffff,0x8841,109,0x482d,0xfffc,0x1209,,,idle2.pcapng
"Oct 12, 2023 17:51:55.398135",0.254780,68,0xebe5,0xffff,0x8841,246,0xebe5,0xfffc,0x1209,,,idle2.pcapng
"Oct 12, 2023 17:51:56.285222",0.887087,77,0x82eb,0xffff,0x8841,191,0x82eb,0xfffc,0x1209,,,idle2.pcapng
"Oct 12, 2023 17:51:56.896963",0.611741,106,0x0000,0xffff,0x886a,217,,,,,,idle2.pcapng
"Oct 12, 2023 17:51:58.235266",1.338303,12,0x2cae,0x482d,0x8863,169,,,,,,idle2.pcapng
"Oct 12, 2023 17:51:59.785966",1.550700,77,0xe694,0xffff,0x8841,128,0xe694,0xfffc,0x1209,,,idle2.pcapng
"Oct 12, 2023 17:52:00.677980",0.892014,71,0xc8f0,0xffff,0x8841,172,0xc8f0,0xfffc,0x1209,,,idle2.pcapng
"Oct 12, 2023 17:52:01.728081",1.050101,77,0x054f,0xffff,0x8841,234,0x054f,0xfffc,0x1209,,,idle2.pcapng
"Oct 12, 2023 17:52:03.296504",1.568423,12,0x2cae,0x482d,0x8863,170,,,,,,idle2.pcapng
"Oct 12, 2023 17:52:03.297271",0.000767,5,,,0x0002,170,,,,,,idle2.pcapng
"Oct 12, 2023 17:52:04.727130",1.429859,74,0xa209,0xffff,0x8841,29,0xa209,0xfffc,0x1209,,,idle2.pcapng
"Oct 12, 2023 17:52:07.140633",2.413503,77,0xe5c4,0xffff,0x8841,70,0xe5c4,0xfffc,0x1209,,,idle2.pcapng
"Oct 12, 2023 17:52:07.353318",,63,,,,,,,,,,idle2.pcapng
"Oct 12, 2023 17:52:07.355716",0.002398,5,,,0x0002,173,,,,,,idle2.pcapng
"Oct 12, 2023 17:52:07.400615",,50,,,,,,,,,,idle2.pcapng
"Oct 12, 2023 17:52:07.402598",0.001983,5,,,0x0002,218,,,,,,idle2.pcapng
"Oct 12, 2023 17:52:07.408858",0.006260,5,,,0x0002,30,,,,,,idle2.pcapng
"Oct 12, 2023 17:52:07.413978",,45,,,,,,,,,,idle2.pcapng
"Oct 12, 2023 17:52:07.415801",0.001823,5,,,0x0002,174,,,,,,idle2.pcapng
"Oct 12, 2023 17:52:07.429058",,57,,,,,,,,,,idle2.pcapng
"Oct 12, 2023 17:52:07.431265",0.002207,5,,,0x0002,175,,,,,,idle2.pcapng
"Oct 12, 2023 17:52:07.471632",,50,,,,,,,,,,idle2.pcapng
"Oct 12, 2023 17:52:07.473615",0.001983,5,,,0x0002,219,,,,,,idle2.pcapng
"Oct 12, 2023 17:52:07.478183",,50,,,,,,,,,,idle2.pcapng
"Oct 12, 2023 17:52:07.480124",0.001941,5,,,0x0002,31,,,,,,idle2.pcapng
"Oct 12, 2023 17:52:07.485371",0.005247,45,0xc8f0,0x0000,0x8861,176,,,,,,idle2.pcapng
"Oct 12, 2023 17:52:07.487194",0.001823,5,,,0x0002,176,,,,,,idle2.pcapng
"Oct 12, 2023 17:52:07.636450",0.149256,60,0x6e5f,0x0000,0x8861,176,,,,,,idle2.pcapng
"Oct 12, 2023 17:52:07.638753",0.002303,5,,,0x0002,176,,,,,,idle2.pcapng
"Oct 12, 2023 17:52:07.678715",,50,,,,,,,,,,idle2.pcapng
"Oct 12, 2023 17:52:07.680658",0.001943,5,,,0x0002,220,,,,,,idle2.pcapng
"Oct 12, 2023 17:52:07.685873",0.005215,45,0x6ebf,0x0000,0x8861,177,,,,,,idle2.pcapng
"Oct 12, 2023 17:52:07.692368",0.006495,5,,,0x0002,177,,,,,,idle2.pcapng
"Oct 12, 2023 17:52:08.297448",0.605080,12,0x2cae,0x482d,0x8863,171,,,,,,idle2.pcapng
"Oct 12, 2023 17:52:08.298215",0.000767,5,,,0x0002,171,,,,,,idle2.pcapng
"Oct 12, 2023 17:52:09.795353",1.497138,74,0x09ac,0xffff,0x8841,241,0x09ac,0xfffc,0x1209,,,idle2.pcapng
"Oct 12, 2023 17:52:10.428699",0.633346,68,0xebe5,0xffff,0x8841,247,0xebe5,0xfffc,0x1209,,,idle2.pcapng
"Oct 12, 2023 17:52:11.283651",0.854952,77,0x82eb,0xffff,0x8841,192,0x82eb,0xfffc,0x1209,,,idle2.pcapng
"Oct 12, 2023 17:52:12.533893",1.250242,77,0x482d,0xffff,0x8841,110,0x482d,0xfffc,0x1209,,,idle2.pcapng
"Oct 12, 2023 17:52:12.767459",,52,,,,,,,,,,idle2.pcapng
"Oct 12, 2023 17:52:12.769476",0.002017,5,,,0x0002,221,,,,,,idle2.pcapng
"Oct 12, 2023 17:52:12.777385",,63,,,,,,,,,,idle2.pcapng
"Oct 12, 2023 17:52:12.779784",0.002399,5,,,0x0002,129,,,,,,idle2.pcapng
"Oct 12, 2023 17:52:12.800520",,45,,,,,,,,,,idle2.pcapng
"Oct 12, 2023 17:52:12.802312",0.001792,5,,,0x0002,222,,,,,,idle2.pcapng
"Oct 12, 2023 17:52:12.808189",,52,,,,,,,,,,idle2.pcapng
"Oct 12, 2023 17:52:12.810207",0.002018,5,,,0x0002,223,,,,,,idle2.pcapng
"Oct 12, 2023 17:52:12.818079",,63,,,,,,,,,,idle2.pcapng
"Oct 12, 2023 17:52:12.820478",0.002399,5,,,0x0002,179,,,,,,idle2.pcapng
"Oct 12, 2023 17:52:12.841600",,54,,,,,,,,,,idle2.pcapng
"Oct 12, 2023 17:52:12.843682",0.002082,5,,,0x0002,224,,,,,,idle2.pcapng
"Oct 12, 2023 17:52:12.851770",,66,,,,,,,,,,idle2.pcapng
"Oct 12, 2023 17:52:12.854265",0.002495,5,,,0x0002,130,,,,,,idle2.pcapng
"Oct 12, 2023 17:52:12.855788",,45,,,,,,,,,,idle2.pcapng
"Oct 12, 2023 17:52:12.867627",,45,,,,,,,,,,idle2.pcapng
"Oct 12, 2023 17:52:12.869418",0.001791,5,,,0x0002,225,,,,,,idle2.pcapng
"Oct 12, 2023 17:52:12.877937",,54,,,,,,,,,,idle2.pcapng
"Oct 12, 2023 17:52:12.881390",,54,,,,,,,,,,idle2.pcapng
"Oct 12, 2023 17:52:12.883460",0.002070,5,,,0x0002,226,,,,,,idle2.pcapng
"Oct 12, 2023 17:52:12.891949",,66,,,,,,,,,,idle2.pcapng
"Oct 12, 2023 17:52:12.894444",0.002495,5,,,0x0002,180,,,,,,idle2.pcapng
"Oct 12, 2023 17:52:12.895496",,54,,,,,,,,,,idle2.pcapng
"Oct 12, 2023 17:52:12.897607",0.002111,5,,,0x0002,227,,,,,,idle2.pcapng
"Oct 12, 2023 17:52:12.902266",,54,,,,,,,,,,idle2.pcapng
"Oct 12, 2023 17:52:12.904334",0.002068,5,,,0x0002,32,,,,,,idle2.pcapng
"Oct 12, 2023 17:52:12.912238",,66,,,,,,,,,,idle2.pcapng
"Oct 12, 2023 17:52:12.914733",0.002495,5,,,0x0002,177,,,,,,idle2.pcapng
"Oct 12, 2023 17:52:12.916398",,45,,,,,,,,,,idle2.pcapng
"Oct 12, 2023 17:52:12.918181",0.001783,5,,,0x0002,228,,,,,,idle2.pcapng
"Oct 12, 2023 17:52:12.933995",,52,,,,,,,,,,idle2.pcapng
"Oct 12, 2023 17:52:12.936043",0.002048,5,,,0x0002,229,,,,,,idle2.pcapng
"Oct 12, 2023 17:52:12.940673",,52,,,,,,,,,,idle2.pcapng
"Oct 12, 2023 17:52:12.942691",0.002018,5,,,0x0002,33,,,,,,idle2.pcapng
"Oct 12, 2023 17:52:12.945426",,45,,,,,,,,,,idle2.pcapng
"Oct 12, 2023 17:52:12.947218",0.001792,5,,,0x0002,230,,,,,,idle2.pcapng
"Oct 12, 2023 17:52:12.950581",,63,,,,,,,,,,idle2.pcapng
"Oct 12, 2023 17:52:12.952979",0.002398,5,,,0x0002,178,,,,,,idle2.pcapng
"Oct 12, 2023 17:52:12.961909",,45,,,,,,,,,,idle2.pcapng
"Oct 12, 2023 17:52:12.963733",0.001824,5,,,0x0002,231,,,,,,idle2.pcapng
"Oct 12, 2023 17:52:12.967467",,45,,,,,,,,,,idle2.pcapng
"Oct 12, 2023 17:52:12.969260",0.001793,5,,,0x0002,34,,,,,,idle2.pcapng
"Oct 12, 2023 17:52:12.970383",,45,,,,,,,,,,idle2.pcapng
"Oct 12, 2023 17:52:12.972206",0.001823,5,,,0x0002,232,,,,,,idle2.pcapng
"Oct 12, 2023 17:52:12.974884",0.002678,45,0xa209,0xc8f0,0x8861,35,,,,,,idle2.pcapng
"Oct 12, 2023 17:52:13.329560",0.354676,12,0x2cae,0x482d,0x8863,172,,,,,,idle2.pcapng
"Oct 12, 2023 17:52:13.330327",0.000767,5,,,0x0002,172,,,,,,idle2.pcapng
"Oct 12, 2023 17:52:14.367650",1.037323,77,0x0000,0xffff,0x8841,233,0x0000,0xfffc,0x1209,,,idle2.pcapng
"Oct 12, 2023 17:52:14.752126",0.384476,77,0xe694,0xffff,0x8841,131,0xe694,0xfffc,0x1209,,,idle2.pcapng
"Oct 12, 2023 17:52:15.750671",0.998545,106,0xc8f0,0xffff,0x886a,179,,,,,,idle2.pcapng
"Oct 12, 2023 17:52:17.546026",1.795355,77,0x054f,0xffff,0x8841,235,0x054f,0xfffc,0x1209,,,idle2.pcapng
"Oct 12, 2023 17:52:18.360156",0.814130,12,0x2cae,0x482d,0x8863,173,,,,,,idle2.pcapng
"Oct 12, 2023 17:52:18.360923",0.000767,5,,,0x0002,173,,,,,,idle2.pcapng
"Oct 12, 2023 17:52:22.128898",3.767975,107,0xa209,0xffff,0x886b,36,,,,,,idle2.pcapng
"Oct 12, 2023 17:52:23.421835",1.292937,12,0x2cae,0x482d,0x8863,174,,,,,,idle2.pcapng
"Oct 12, 2023 17:52:23.422602",0.000767,5,,,0x0002,174,,,,,,idle2.pcapng
"Oct 12, 2023 17:52:24.120700",0.698098,77,0xe5c4,0xffff,0x8841,71,0xe5c4,0xfffc,0x1209,,,idle2.pcapng
"Oct 12, 2023 17:52:24.487249",0.366549,74,0x09ac,0xffff,0x8841,242,0x09ac,0xfffc,0x1209,,,idle2.pcapng
"Oct 12, 2023 17:52:25.416157",0.928908,68,0xebe5,0xffff,0x8841,248,0xebe5,0xfffc,0x1209,,,idle2.pcapng
"Oct 12, 2023 17:52:26.276320",0.860163,77,0x82eb,0xffff,0x8841,193,0x82eb,0xfffc,0x1209,,,idle2.pcapng
"Oct 12, 2023 17:52:28.454556",2.178236,12,0x2cae,0x482d,0x8863,175,,,,,,idle2.pcapng
"Oct 12, 2023 17:52:28.455323",0.000767,5,,,0x0002,175,,,,,,idle2.pcapng
"Oct 12, 2023 17:52:29.081928",0.626605,77,0x0000,0xffff,0x8841,234,0x0000,0xfffc,0x1209,,,idle2.pcapng
"Oct 12, 2023 17:52:29.756159",0.674231,77,0xe694,0xffff,0x8841,132,0xe694,0xfffc,0x1209,,,idle2.pcapng
"Oct 12, 2023 17:52:30.699934",0.943775,71,0xc8f0,0xffff,0x8841,180,0xc8f0,0xfffc,0x1209,,,idle2.pcapng
"Oct 12, 2023 17:52:32.240680",1.540746,5,,,0x0002,182,,,,,,idle2.pcapng
"Oct 12, 2023 17:52:32.293407",,50,,,,,,,,,,idle2.pcapng
"Oct 12, 2023 17:52:32.295359",0.001952,5,,,0x0002,235,,,,,,idle2.pcapng
"Oct 12, 2023 17:52:32.300641",0.005282,45,0x0248,0x0000,0x8891,183,,,,,,idle2.pcapng
"Oct 12, 2023 17:52:32.302464",0.001823,5,,,0x0002,183,,,,,,idle2.pcapng
"Oct 12, 2023 17:52:32.315747",,57,,,,,,,,,,idle2.pcapng
"Oct 12, 2023 17:52:32.320593",,57,,,,,,,,,,idle2.pcapng
"Oct 12, 2023 17:52:32.322800",0.002207,5,,,0x0002,184,,,,,,idle2.pcapng
"Oct 12, 2023 17:52:32.363074",,50,,,,,,,,,,idle2.pcapng
"Oct 12, 2023 17:52:32.365027",0.001953,5,,,0x0002,236,,,,,,idle2.pcapng
"Oct 12, 2023 17:52:32.370342",0.005315,45,0x6e5f,0x0000,0x8861,185,,,,,,idle2.pcapng
"Oct 12, 2023 17:52:32.374837",,45,,,,,,,,,,idle2.pcapng
"Oct 12, 2023 17:52:32.376660",0.001823,5,,,0x0002,185,,,,,,idle2.pcapng
"Oct 12, 2023 17:52:33.485622",1.108962,12,0x2cae,0x482d,0x8863,176,,,,,,idle2.pcapng
"Oct 12, 2023 17:52:33.486389",0.000767,5,,,0x0002,176,,,,,,idle2.pcapng
"Oct 12, 2023 17:52:34.824966",1.338577,77,0x054f,0xffff,0x8841,236,0x054f,0xfffc,0x1209,,,idle2.pcapng
"Oct 12, 2023 17:52:35.568210",0.743244,5,,,0x0002,181,,,,,,idle2.pcapng
"Oct 12, 2023 17:52:35.608024",,50,,,,,,,,,,idle2.pcapng
"Oct 12, 2023 17:52:35.610007",0.001983,5,,,0x0002,237,,,,,,idle2.pcapng
"Oct 12, 2023 17:52:35.612671",,50,,,,,,,,,,idle2.pcapng
"Oct 12, 2023 17:52:35.614614",0.001943,5,,,0x0002,37,,,,,,idle2.pcapng
"Oct 12, 2023 17:52:35.619725",,45,,,,,,,,,,idle2.pcapng
"Oct 12, 2023 17:52:35.621548",0.001823,5,,,0x0002,182,,,,,,idle2.pcapng
"Oct 12, 2023 17:52:37.833389",2.211841,107,,,,,,,,,,idle2.pcapng
"Oct 12, 2023 17:52:38.516799",0.683410,12,0x2cae,0x482d,0x8863,177,,,,,,idle2.pcapng
"Oct 12, 2023 17:52:38.517566",0.000767,5,,,0x0002,177,,,,,,idle2.pcapng
"Oct 12, 2023 17:52:40.409420",1.891854,68,0xebe5,0xffff,0x8841,249,0xebe5,0xfffc,0x1209,,,idle2.pcapng
"Oct 12, 2023 17:52:41.290110",0.880690,77,0x82eb,0xffff,0x8841,194,0x82eb,0xfffc,0x1209,,,idle2.pcapng
"Oct 12, 2023 17:52:41.946096",0.655986,74,0x6e5f,0xffff,0x8841,186,0x6e5f,0xfffc,0x1209,,,idle2.pcapng
"Oct 12, 2023 17:52:41.994721",0.048625,74,0x09ac,0xffff,0x8841,243,0x09ac,0xfffc,0x1209,,,idle2.pcapng
"Oct 12, 2023 17:52:42.781300",,52,,,,,,,,,,idle2.pcapng
"Oct 12, 2023 17:52:42.783316",0.002016,5,,,0x0002,238,,,,,,idle2.pcapng
"Oct 12, 2023 17:52:42.791676",,63,,,,,,,,,,idle2.pcapng
"Oct 12, 2023 17:52:42.794075",0.002399,5,,,0x0002,133,,,,,,idle2.pcapng
"Oct 12, 2023 17:52:42.799014",,52,,,,,,,,,,idle2.pcapng
"Oct 12, 2023 17:52:42.801030",0.002016,5,,,0x0002,239,,,,,,idle2.pcapng
"Oct 12, 2023 17:52:42.808720",,63,,,,,,,,,,idle2.pcapng
"Oct 12, 2023 17:52:42.811119",0.002399,5,,,0x0002,187,,,,,,idle2.pcapng
"Oct 12, 2023 17:52:42.837281",,45,,,,,,,,,,idle2.pcapng
"Oct 12, 2023 17:52:42.839074",0.001793,5,,,0x0002,240,,,,,,idle2.pcapng
"Oct 12, 2023 17:52:42.847877",,54,,,,,,,,,,idle2.pcapng
"Oct 12, 2023 17:52:42.849959",0.002082,5,,,0x0002,241,,,,,,idle2.pcapng
"Oct 12, 2023 17:52:42.858129",,66,,,,,,,,,,idle2.pcapng
"Oct 12, 2023 17:52:42.860624",0.002495,5,,,0x0002,134,,,,,,idle2.pcapng
"Oct 12, 2023 17:52:42.868678",,45,,,,,,,,,,idle2.pcapng
"Oct 12, 2023 17:52:42.870460",0.001782,5,,,0x0002,242,,,,,,idle2.pcapng
"Oct 12, 2023 17:52:42.881658",,54,,,,,,,,,,idle2.pcapng
"Oct 12, 2023 17:52:42.885917",,54,,,,,,,,,,idle2.pcapng
"Oct 12, 2023 17:52:42.887997",0.002080,5,,,0x0002,243,,,,,,idle2.pcapng
"Oct 12, 2023 17:52:42.894478",,66,,,,,,,,,,idle2.pcapng
"Oct 12, 2023 17:52:42.896973",0.002495,5,,,0x0002,188,,,,,,idle2.pcapng
"Oct 12, 2023 17:52:42.902268",,54,,,,,,,,,,idle2.pcapng
"Oct 12, 2023 17:52:42.904379",0.002111,5,,,0x0002,244,,,,,,idle2.pcapng
"Oct 12, 2023 17:52:42.908539",,54,,,,,,,,,,idle2.pcapng
"Oct 12, 2023 17:52:42.910620",0.002081,5,,,0x0002,39,,,,,,idle2.pcapng
"Oct 12, 2023 17:52:42.918405",,66,,,,,,,,,,idle2.pcapng
"Oct 12, 2023 17:52:42.920900",0.002495,5,,,0x0002,183,,,,,,idle2.pcapng
"Oct 12, 2023 17:52:42.922186",,52,,,,,,,,,,idle2.pcapng
"Oct 12, 2023 17:52:42.924233",0.002047,5,,,0x0002,140,,,,,,idle2.pcapng
"Oct 12, 2023 17:52:42.928919",0.004686,52,0xa209,0xc8f0,0x8861,40,,,,,,idle2.pcapng
"Oct 12, 2023 17:52:42.940779",,52,,,,,,,,,,idle2.pcapng
"Oct 12, 2023 17:52:42.946159",,52,,,,,,,,,,idle2.pcapng
"Oct 12, 2023 17:52:42.958176",,63,,,,,,,,,,idle2.pcapng
"Oct 12, 2023 17:52:42.960575",0.002399,5,,,0x0002,184,,,,,,idle2.pcapng
"Oct 12, 2023 17:52:42.962213",,52,,,,,,,,,,idle2.pcapng
"Oct 12, 2023 17:52:42.975521",,45,,,,,,,,,,idle2.pcapng
"Oct 12, 2023 17:52:42.977314",0.001793,5,,,0x0002,246,,,,,,idle2.pcapng
"Oct 12, 2023 17:52:42.982857",,45,,,,,,,,,,idle2.pcapng
"Oct 12, 2023 17:52:42.984649",0.001792,5,,,0x0002,247,,,,,,idle2.pcapng
"Oct 12, 2023 17:52:42.989295",,45,,,,,,,,,,idle2.pcapng
"Oct 12, 2023 17:52:42.991119",0.001824,5,,,0x0002,248,,,,,,idle2.pcapng
"Oct 12, 2023 17:52:42.994751",,45,,,,,,,,,,idle2.pcapng
"Oct 12, 2023 17:52:42.996545",0.001794,5,,,0x0002,41,,,,,,idle2.pcapng
"Oct 12, 2023 17:52:42.997265",,45,,,,,,,,,,idle2.pcapng
"Oct 12, 2023 17:52:43.001248",,45,,,,,,,,,,idle2.pcapng
"Oct 12, 2023 17:52:43.003071",0.001823,5,,,0x0002,249,,,,,,idle2.pcapng
"Oct 12, 2023 17:52:43.005693",,45,,,,,,,,,,idle2.pcapng
"Oct 12, 2023 17:52:43.007486",0.001793,5,,,0x0002,42,,,,,,idle2.pcapng
"Oct 12, 2023 17:52:43.014592",,52,,,,,,,,,,idle2.pcapng
"Oct 12, 2023 17:52:43.016639",0.002047,5,,,0x0002,250,,,,,,idle2.pcapng
"Oct 12, 2023 17:52:43.549490",0.532851,12,0x2cae,0x482d,0x8863,178,,,,,,idle2.pcapng
"Oct 12, 2023 17:52:44.419330",0.869840,15,,,0x8c50,42,,,,,,idle2.pcapng
"Oct 12, 2023 17:52:44.775885",0.356555,77,0xe694,0xffff,0x8841,135,0xe694,0xfffc,0x1209,,,idle2.pcapng
"Oct 12, 2023 17:52:46.163679",1.387794,77,0x0000,0xffff,0x8841,251,0x0000,0xfffc,0x1209,,,idle2.pcapng
"Oct 12, 2023 17:52:48.581076",2.417397,12,0x2cae,0x482d,0x8863,179,,,,,,idle2.pcapng
"Oct 12, 2023 17:52:48.581843",0.000767,5,,,0x0002,179,,,,,,idle2.pcapng
"Oct 12, 2023 17:52:49.976937",1.395094,77,0x054f,0xffff,0x8841,237,0x054f,0xfffc,0x1209,,,idle2.pcapng
"Oct 12, 2023 17:52:51.318023",,50,,,,,,,,,,idle2.pcapng
"Oct 12, 2023 17:52:51.320006",0.001983,5,,,0x0002,252,,,,,,idle2.pcapng
"Oct 12, 2023 17:52:51.324577",0.004571,55,0xe5c4,0x0000,0x8861,73,0xe5c4,0x0000,0x1a09,,,idle2.pcapng
"Oct 12, 2023 17:52:51.326720",0.002143,5,,,0x0002,73,,,,,,idle2.pcapng
"Oct 12, 2023 17:52:51.373238",,53,,,,,,,,,,idle2.pcapng
"Oct 12, 2023 17:52:51.375317",0.002079,5,,,0x0002,74,,,,,,idle2.pcapng
"Oct 12, 2023 17:52:51.432234",,50,,,,,,,,,,idle2.pcapng
"Oct 12, 2023 17:52:51.434217",0.001983,5,,,0x0002,253,,,,,,idle2.pcapng
"Oct 12, 2023 17:52:51.486213",0.051996,53,0xe56a,0x5a52,0x8861,76,,,,,,idle2.pcapng
"Oct 12, 2023 17:52:51.510456",,53,,,,,,,,,,idle2.pcapng
"Oct 12, 2023 17:52:51.512535",0.002079,5,,,0x0002,76,,,,,,idle2.pcapng
"Oct 12, 2023 17:52:51.519438",0.006903,55,0xe5c4,0x0000,0x8861,77,0xe5c4,0x0000,0x1a09,,,idle2.pcapng
"Oct 12, 2023 17:52:51.521581",0.002143,5,,,0x0002,77,,,,,,idle2.pcapng
"Oct 12, 2023 17:52:52.150824",0.629243,107,0xa209,0xffff,0x886b,43,,,,,,idle2.pcapng
"Oct 12, 2023 17:52:53.627868",1.477044,12,0x2cae,0x482d,0x8863,180,,,,,,idle2.pcapng
"Oct 12, 2023 17:52:53.628636",0.000768,5,,,0x0002,180,,,,,,idle2.pcapng
"Oct 12, 2023 17:52:56.619035",2.990399,107,0xe505,0xffff,0x886b,78,,,,,,idle2.pcapng
"Oct 12, 2023 17:52:57.869689",1.250654,74,0x09ac,0xffff,0x8841,244,0x09ac,0xfffc,0x1209,,,idle2.pcapng
"Oct 12, 2023 17:52:58.610534",0.740845,12,0x2cae,0x482d,0x8863,181,,,,,,idle2.pcapng
"Oct 12, 2023 17:52:58.611302",0.000768,5,,,0x0002,181,,,,,,idle2.pcapng
"Oct 12, 2023 17:52:59.813748",1.202446,77,0xe694,0xffff,0x8841,136,0xe694,0xfffc,0x1209,,,idle2.pcapng
"Oct 12, 2023 17:53:00.658326",0.844578,71,0xc8f0,0xffff,0x8841,186,0xc8f0,0xfffc,0x1209,,,idle2.pcapng
"Oct 12, 2023 17:53:02.072544",1.414218,77,0x0000,0xffff,0x8841,254,0x0000,0xfffc,0x1209,,,idle2.pcapng
"Oct 12, 2023 17:53:02.250516",0.177972,77,0x482d,0xffff,0x8841,113,0x482d,0xfffc,0x1209,,,idle2.pcapng
"Oct 12, 2023 17:53:04.803380",2.552864,77,0x054f,0xffff,0x8841,238,0x054f,0xfffc,0x1209,,,idle2.pcapng
"Oct 12, 2023 17:53:08.233610",,52,,,,,,,,,,idle2.pcapng
"Oct 12, 2023 17:53:08.235656",0.002046,5,,,0x0002,239,,,,,,idle2.pcapng
"Oct 12, 2023 17:53:08.249153",,45,,,,,,,,,,idle2.pcapng
"Oct 12, 2023 17:53:08.250944",0.001791,5,,,0x0002,255,,,,,,idle2.pcapng
"Oct 12, 2023 17:53:08.254851",,45,,,,,,,,,,idle2.pcapng
"Oct 12, 2023 17:53:08.256660",0.001809,5,,,0x0002,137,,,,,,idle2.pcapng
"Oct 12, 2023 17:53:08.276984",,50,,,,,,,,,,idle2.pcapng
"Oct 12, 2023 17:53:08.278938",0.001954,5,,,0x0002,0,,,,,,idle2.pcapng
"Oct 12, 2023 17:53:08.282902",,50,,,,,,,,,,idle2.pcapng
"Oct 12, 2023 17:53:08.284872",0.001970,5,,,0x0002,138,,,,,,idle2.pcapng
"Oct 12, 2023 17:53:08.288732",,45,,,,,,,,,,idle2.pcapng
"Oct 12, 2023 17:53:08.290555",0.001823,5,,,0x0002,240,,,,,,idle2.pcapng
"Oct 12, 2023 17:53:08.736028",0.445473,12,0x2cae,0x482d,0x8863,184,,,,,,idle2.pcapng
"Oct 12, 2023 17:53:08.736795",0.000767,5,,,0x0002,184,,,,,,idle2.pcapng
"Oct 12, 2023 17:53:09.018318",,52,,,,,,,,,,idle2.pcapng
"Oct 12, 2023 17:53:09.020365",0.002047,5,,,0x0002,241,,,,,,idle2.pcapng
"Oct 12, 2023 17:53:09.033310",,45,,,,,,,,,,idle2.pcapng
"Oct 12, 2023 17:53:09.035102",0.001792,5,,,0x0002,1,,,,,,idle2.pcapng
"Oct 12, 2023 17:53:09.038861",,45,,,,,,,,,,idle2.pcapng
"Oct 12, 2023 17:53:09.040670",0.001809,5,,,0x0002,139,,,,,,idle2.pcapng
"Oct 12, 2023 17:53:09.058637",,50,,,,,,,,,,idle2.pcapng
"Oct 12, 2023 17:53:09.060578",0.001941,5,,,0x0002,2,,,,,,idle2.pcapng
"Oct 12, 2023 17:53:09.064326",,50,,,,,,,,,,idle2.pcapng
"Oct 12, 2023 17:53:09.066295",0.001969,5,,,0x0002,140,,,,,,idle2.pcapng
"Oct 12, 2023 17:53:09.069163",,45,,,,,,,,,,idle2.pcapng
"Oct 12, 2023 17:53:09.070986",0.001823,5,,,0x0002,242,,,,,,idle2.pcapng
"Oct 12, 2023 17:53:10.367554",1.296568,71,0xa209,0xffff,0x8841,44,0xa209,0xfffc,0x1209,,,idle2.pcapng
"Oct 12, 2023 17:53:10.395466",0.027912,68,0xebe5,0xffff,0x8841,251,0xebe5,0xfffc,0x1209,,,idle2.pcapng
"Oct 12, 2023 17:53:11.293368",0.897902,54,,,0x6e36,196,,,,,,idle2.pcapng
"Oct 12, 2023 17:53:12.783010",,52,,,,,,,,,,idle2.pcapng
"Oct 12, 2023 17:53:12.785025",0.002015,5,,,0x0002,3,,,,,,idle2.pcapng
"Oct 12, 2023 17:53:12.792907",,63,,,,,,,,,,idle2.pcapng
"Oct 12, 2023 17:53:12.795306",0.002399,5,,,0x0002,141,,,,,,idle2.pcapng
"Oct 12, 2023 17:53:12.820068",,52,,,,,,,,,,idle2.pcapng
"Oct 12, 2023 17:53:12.822084",0.002016,5,,,0x0002,4,,,,,,idle2.pcapng
"Oct 12, 2023 17:53:12.835208",,63,,,,,,,,,,idle2.pcapng
"Oct 12, 2023 17:53:12.837606",0.002398,5,,,0x0002,191,,,,,,idle2.pcapng
"Oct 12, 2023 17:53:12.855878",0.018272,54,0x0000,0xe694,0x8861,5,,,,,,idle2.pcapng
"Oct 12, 2023 17:53:12.857949",0.002071,5,,,0x0002,5,,,,,,idle2.pcapng
"Oct 12, 2023 17:53:12.867414",0.009465,107,0xe694,0x0000,0x886b,142,,,,,,idle2.pcapng
"Oct 12, 2023 17:53:12.869909",0.002495,5,,,0x0002,142,,,,,,idle2.pcapng
"Oct 12, 2023 17:53:12.876503",,45,,,,,,,,,,idle2.pcapng
"Oct 12, 2023 17:53:12.878296",0.001793,5,,,0x0002,6,,,,,,idle2.pcapng
"Oct 12, 2023 17:53:12.886068",,54,,,,,,,,,,idle2.pcapng
"Oct 12, 2023 17:53:12.910117",,45,,,,,,,,,,idle2.pcapng
"Oct 12, 2023 17:53:12.911932",,66,,,,,,,,,,idle2.pcapng
"Oct 12, 2023 17:53:12.927338",,45,,,,,,,,,,idle2.pcapng
"Oct 12, 2023 17:53:12.929124",0.001786,5,,,0x0002,8,,,,,,idle2.pcapng
"Oct 12, 2023 17:53:12.950742",,54,,,,,,,,,,idle2.pcapng
"Oct 12, 2023 17:53:12.953871",,54,,,,,,,,,,idle2.pcapng
"Oct 12, 2023 17:53:12.958863",0.004992,5,,,0x0002,194,,,,,,idle2.pcapng
"Oct 12, 2023 17:53:12.980005",0.021142,107,0x6e5f,0x0000,0x886b,195,,,,,,idle2.pcapng
"Oct 12, 2023 17:53:12.983514",,52,,,,,,,,,,idle2.pcapng
"Oct 12, 2023 17:53:12.988242",,52,,,,,,,,,,idle2.pcapng
"Oct 12, 2023 17:53:12.991683",,52,,,,,,,,,,idle2.pcapng
"Oct 12, 2023 17:53:13.016935",,45,,,,,,,,,,idle2.pcapng
"Oct 12, 2023 17:53:13.018717",0.001782,5,,,0x0002,11,,,,,,idle2.pcapng
"Oct 12, 2023 17:53:13.026043",0.007326,54,0x0000,0x6e5f,0x8861,12,,,,,,idle2.pcapng
"Oct 12, 2023 17:53:13.050617",,66,,,,,,,,,,idle2.pcapng
"Oct 12, 2023 17:53:13.053112",0.002495,5,,,0x0002,188,,,,,,idle2.pcapng
"Oct 12, 2023 17:53:13.065165",,45,,,,,,,,,,idle2.pcapng
"Oct 12, 2023 17:53:13.067743",,45,,,,,,,,,,idle2.pcapng
"Oct 12, 2023 17:53:13.070909",,45,,,,,,,,,,idle2.pcapng
"Oct 12, 2023 17:53:13.074018",,45,,,,,,,,,,idle2.pcapng
"Oct 12, 2023 17:53:13.075801",0.001783,5,,,0x0002,13,,,,,,idle2.pcapng
"Oct 12, 2023 17:53:13.076649",,63,,,,,,,,,,idle2.pcapng
"Oct 12, 2023 17:53:13.079048",0.002399,5,,,0x0002,189,,,,,,idle2.pcapng
"Oct 12, 2023 17:53:13.090424",0.011376,107,0xc8f0,0x0000,0x886b,190,,,,,,idle2.pcapng
"Oct 12, 2023 17:53:13.093629",,45,,,,,,,,,,idle2.pcapng
"Oct 12, 2023 17:53:13.101372",,45,,,,,,,,,,idle2.pcapng
"Oct 12, 2023 17:53:13.122891",,52,,,,,,,,,,idle2.pcapng
"Oct 12, 2023 17:53:13.134730",,52,,,,,,,,,,idle2.pcapng
"Oct 12, 2023 17:53:13.192316",,45,,,,,,,,,,idle2.pcapng
"Oct 12, 2023 17:53:13.194139",0.001823,5,,,,,,,,,,idle2.pcapng
"Oct 12, 2023 17:53:13.195121",,45,,,,,,,,,,idle2.pcapng
"Oct 12, 2023 17:53:13.198027",0.002906,45,0x0000,0xa209,0x8861,16,,,,,,idle2.pcapng
"Oct 12, 2023 17:53:13.236464",0.038437,45,,,,,,,,,,idle2.pcapng
"Oct 12, 2023 17:53:13.241001",,45,,,,,,,,,,idle2.pcapng
"Oct 12, 2023 17:53:13.242923",,45,,,,,,,,,,idle2.pcapng
"Oct 12, 2023 17:53:13.252016",,45,,,,,,,,,,idle2.pcapng
"Oct 12, 2023 17:53:13.253840",0.001824,5,,,0x0002,17,,,,,,idle2.pcapng
"Oct 12, 2023 17:53:13.258216",0.004376,77,0xe5c4,0xffff,0x8841,79,0xe5c4,0xfffc,0x1209,,,idle2.pcapng
"Oct 12, 2023 17:53:13.737117",0.478901,12,0x2cae,0x482d,0x8863,185,,,,,,idle2.pcapng
"Oct 12, 2023 17:53:13.737884",0.000767,5,,,0x0002,185,,,,,,idle2.pcapng
"Oct 12, 2023 17:53:14.826931",1.089047,107,0xe694,0xffff,0x886b,143,,,,,,idle2.pcapng
"Oct 12, 2023 17:53:15.740062",0.913131,71,0xc8f0,0xffff,0x8841,193,0xc8f0,0xfffc,0x1209,,,idle2.pcapng
"Oct 12, 2023 17:53:18.698324",2.958262,106,0x5363,0x243f,0x886a,114,,,,,,idle2.pcapng
"Oct 12, 2023 17:53:18.800541",0.102217,12,0x2cae,0x482d,0x8863,186,,,,,,idle2.pcapng
"Oct 12, 2023 17:53:18.801308",0.000767,5,,,0x0002,186,,,,,,idle2.pcapng
"Oct 12, 2023 17:53:19.304506",0.503198,77,0x0000,0xffff,0x8841,18,0x0000,0xfffc,0x1209,,,idle2.pcapng
"Oct 12, 2023 17:53:22.387548",3.083042,77,0x054f,0xffff,0x8841,243,0x054f,0xfffc,0x1209,,,idle2.pcapng
"Oct 12, 2023 17:53:23.830352",1.442804,12,0x2cae,0x482d,0x8863,187,,,,,,idle2.pcapng
"Oct 12, 2023 17:53:23.831119",0.000767,5,,,0x0002,187,,,,,,idle2.pcapng
"Oct 12, 2023 17:53:25.412344",1.581225,68,0xebe5,0xffff,0x8841,252,0xebe5,0xfffc,0x1209,,,idle2.pcapng
"Oct 12, 2023 17:53:26.279552",0.867208,77,0x82eb,0xffff,0x8841,197,0x82eb,0xfffc,0x1209,,,idle2.pcapng
"Oct 12, 2023 17:53:26.959404",0.679852,74,0x6e5f,0xffff,0x8841,196,0x6e5f,0xfffc,0x1209,,,idle2.pcapng
"Oct 12, 2023 17:53:28.617487",1.658083,74,0xa209,0xffff,0x8841,52,0xa209,0xfffc,0x1209,,,idle2.pcapng
"Oct 12, 2023 17:53:28.831563",0.214076,12,0x2cae,0x482d,0x8863,188,,,,,,idle2.pcapng
"Oct 12, 2023 17:53:28.832331",0.000768,5,,,0x0002,188,,,,,,idle2.pcapng
"Oct 12, 2023 17:53:29.169116",0.336785,77,0xe5c4,0xffff,0x8841,80,0xe5c4,0xfffc,0x1209,,,idle2.pcapng
"Oct 12, 2023 17:53:29.753441",0.584325,77,0xe694,0xffff,0x8841,144,0xe694,0xfffc,0x1209,,,idle2.pcapng
"Oct 12, 2023 17:53:30.062444",0.309003,74,0x09ac,0xffff,0x8841,246,0x09ac,0xfffc,0x1209,,,idle2.pcapng
"Oct 12, 2023 17:53:30.770749",0.708305,71,0xc8f0,0xffff,0x8841,194,0xc8f0,0xfffc,0x1209,,,idle2.pcapng
"Oct 12, 2023 17:53:33.882010",3.111261,77,0x482d,0xffff,0x8841,115,0x482d,0xfffc,0x1209,,,idle2.pcapng
"Oct 12, 2023 17:53:33.893235",0.011225,12,0x2cae,0x482d,0x8863,189,,,,,,idle2.pcapng
"Oct 12, 2023 17:53:33.894002",0.000767,5,,,0x0002,189,,,,,,idle2.pcapng
"Oct 12, 2023 17:53:35.304901",1.410899,77,0x0000,0xffff,0x8841,19,0x0000,0xfffc,0x1209,,,idle2.pcapng
"Oct 12, 2023 17:53:36.310475",1.005574,77,0x054f,0xffff,0x8841,244,0x054f,0xfffc,0x1209,,,idle2.pcapng
"Oct 12, 2023 17:53:38.925956",2.615481,12,0x2cae,0x482d,0x8863,190,,,,,,idle2.pcapng
"Oct 12, 2023 17:53:38.926723",0.000767,5,,,0x0002,190,,,,,,idle2.pcapng
"Oct 12, 2023 17:53:40.433386",1.506663,107,0xebe5,0xffff,0x886b,253,,,,,,idle2.pcapng
"Oct 12, 2023 17:53:41.286065",0.852679,77,0x82eb,0xffff,0x8841,198,0x82eb,0xfffc,0x1209,,,idle2.pcapng
"Oct 12, 2023 17:53:41.948127",0.662062,74,0x6e5f,0xffff,0x8841,197,0x6e5f,0xfffc,0x1209,,,idle2.pcapng
"Oct 12, 2023 17:53:42.777547",,52,,,,,,,,,,idle2.pcapng
"Oct 12, 2023 17:53:42.779563",0.002016,5,,,0x0002,20,,,,,,idle2.pcapng
"Oct 12, 2023 17:53:42.787887",,63,,,,,,,,,,idle2.pcapng
"Oct 12, 2023 17:53:42.790286",0.002399,5,,,0x0002,145,,,,,,idle2.pcapng
"Oct 12, 2023 17:53:42.813174",0.022888,59,0x0000,0xffff,0x8841,21,0x0000,0xfffc,0x1209,,,idle2.pcapng
"Oct 12, 2023 17:53:42.818974",0.005800,45,0x6e5f,0x0000,0x8861,198,0x6e5f,0x0000,0x0209,,,idle2.pcapng
"Oct 12, 2023 17:53:42.820796",0.001822,5,,,0x0002,198,,,,,,idle2.pcapng
"Oct 12, 2023 17:53:42.822216",,45,,,,,,,,,,idle2.pcapng
"Oct 12, 2023 17:53:42.823998",0.001782,5,,,0x0002,22,,,,,,idle2.pcapng
"Oct 12, 2023 17:53:42.828018",0.004020,59,0xe5c4,0xffff,0x8841,81,0x0000,0xfffc,0x1209,,,idle2.pcapng
"Oct 12, 2023 17:53:42.834022",0.006004,59,0x82eb,0xffff,0x8841,199,0x0000,0xfffc,0x1209,,,idle2.pcapng
"Oct 12, 2023 17:53:42.838937",,54,,,,,,,,,,idle2.pcapng
"Oct 12, 2023 17:53:42.841017",0.002080,5,,,0x0002,23,,,,,,idle2.pcapng
"Oct 12, 2023 17:53:42.849120",,66,,,,,,,,,,idle2.pcapng
"Oct 12, 2023 17:53:42.851614",0.002494,5,,,0x0002,146,,,,,,idle2.pcapng
"Oct 12, 2023 17:53:42.859950",0.008336,59,0x482d,0xffff,0x8841,116,0x0000,0xfffc,0x1209,,,idle2.pcapng
"Oct 12, 2023 17:53:42.869312",,54,,,,,,,,,,idle2.pcapng
"Oct 12, 2023 17:53:42.871383",0.002071,5,,,0x0002,24,,,,,,idle2.pcapng
"Oct 12, 2023 17:53:42.872298",0.000915,59,0x054f,0xffff,0x8841,245,0x0000,0xfffc,0x1209,,,idle2.pcapng
"Oct 12, 2023 17:53:42.875730",0.003432,59,0xe694,0xffff,0x8841,147,0x0000,0xfffc,0x1209,,,idle2.pcapng
"Oct 12, 2023 17:53:42.883724",,66,,,,,,,,,,idle2.pcapng
"Oct 12, 2023 17:53:42.886219",0.002495,5,,,0x0002,199,,,,,,idle2.pcapng
"Oct 12, 2023 17:53:42.893121",0.006902,59,0x0000,0xffff,0x8841,25,0x0000,0xfffc,0x1209,,,idle2.pcapng
"Oct 12, 2023 17:53:42.903574",0.010453,45,0xc8f0,0x0000,0x8861,195,0xc8f0,0x0000,0x0209,,,idle2.pcapng
"Oct 12, 2023 17:53:42.905397",0.001823,5,,,0x0002,195,,,,,,idle2.pcapng
"Oct 12, 2023 17:53:42.907137",,45,,,,,,,,,,idle2.pcapng
"Oct 12, 2023 17:53:42.908928",0.001791,5,,,0x0002,26,,,,,,idle2.pcapng
"Oct 12, 2023 17:53:42.913799",,45,,,,,,,,,,idle2.pcapng
"Oct 12, 2023 17:53:42.915591",0.001792,5,,,0x0002,27,,,,,,idle2.pcapng
"Oct 12, 2023 17:53:42.939647",0.024056,59,0x09ac,0xffff,0x8841,247,0x0000,0xfffc,0x1209,,,idle2.pcapng
"Oct 12, 2023 17:53:42.947029",0.007382,59,0x482d,0xffff,0x8841,117,,,,,,idle2.pcapng
"Oct 12, 2023 17:53:42.956110",0.009081,59,0x054f,0xffff,0x8841,246,0x0000,0xfffc,0x1209,,,idle2.pcapng
"Oct 12, 2023 17:53:42.975326",0.019216,59,0x09ac,0xffff,0x8841,248,0x0000,0xfffc,0x1209,,,idle2.pcapng
"Oct 12, 2023 17:53:42.980058",0.004732,59,0xe5c4,0xffff,0x8841,82,0x0000,0xfffc,0x1209,,,idle2.pcapng
"Oct 12, 2023 17:53:42.988652",0.008594,59,0xa209,0xffff,0x8841,54,0x0000,0xfffc,0x1209,,,idle2.pcapng
"Oct 12, 2023 17:53:42.992440",,52,,,,,,,,,,idle2.pcapng
"Oct 12, 2023 17:53:42.996435",,52,,,,,,,,,,idle2.pcapng
"Oct 12, 2023 17:53:42.998576",0.002141,45,0xc8f0,0xa209,0x8861,197,0xc8f0,0xa209,0x0209,,,idle2.pcapng
"Oct 12, 2023 17:53:43.000399",0.001823,5,,,0x0002,197,,,,,,idle2.pcapng
"Oct 12, 2023 17:53:43.004617",0.004218,45,0xa209,0x0000,0x8861,55,,,,,,idle2.pcapng
"Oct 12, 2023 17:53:43.006191",0.001574,63,0x6e5f,0x0000,0x8861,201,,,,,,idle2.pcapng
"Oct 12, 2023 17:53:43.008374",0.002183,45,0xa209,0x0000,0x8861,55,0xa209,0x0000,0x0209,,,idle2.pcapng
"Oct 12, 2023 17:53:43.010196",0.001822,5,,,0x0002,55,,,,,,idle2.pcapng
"Oct 12, 2023 17:53:43.011328",,63,,,,,,,,,,idle2.pcapng
"Oct 12, 2023 17:53:43.013727",0.002399,5,,,0x0002,201,,,,,,idle2.pcapng
"Oct 12, 2023 17:53:43.029902",,45,,,,,,,,,,idle2.pcapng
"Oct 12, 2023 17:53:43.031695",0.001793,5,,,0x0002,29,,,,,,idle2.pcapng
"Oct 12, 2023 17:53:43.051795",,54,,,,,,,,,,idle2.pcapng
"Oct 12, 2023 17:53:43.053906",0.002111,5,,,0x0002,30,,,,,,idle2.pcapng
"Oct 12, 2023 17:53:43.057724",,54,,,,,,,,,,idle2.pcapng
"Oct 12, 2023 17:53:43.059804",0.002080,5,,,0x0002,56,,,,,,idle2.pcapng
"Oct 12, 2023 17:53:43.067472",,66,,,,,,,,,,idle2.pcapng
"Oct 12, 2023 17:53:43.069966",0.002494,5,,,0x0002,198,,,,,,idle2.pcapng
"Oct 12, 2023 17:53:43.075564",0.005598,59,0xe694,0xffff,0x8841,148,0x0000,0xfffc,0x1209,,,idle2.pcapng
"Oct 12, 2023 17:53:43.088549",,45,,,,,,,,,,idle2.pcapng
"Oct 12, 2023 17:53:43.093912",,45,,,,,,,,,,idle2.pcapng
"Oct 12, 2023 17:53:43.095735",0.001823,5,,,0x0002,31,,,,,,idle2.pcapng
"Oct 12, 2023 17:53:43.099831",,45,,,,,,,,,,idle2.pcapng
"Oct 12, 2023 17:53:43.101616",0.001785,5,,,0x0002,57,,,,,,idle2.pcapng
"Oct 12, 2023 17:53:43.106826",0.005210,59,0x82eb,0xffff,0x8841,201,0x0000,0xfffc,0x1209,,,idle2.pcapng
"Oct 12, 2023 17:53:43.110426",,52,,,,,,,,,,idle2.pcapng
"Oct 12, 2023 17:53:43.112473",0.002047,5,,,0x0002,32,,,,,,idle2.pcapng
"Oct 12, 2023 17:53:43.115992",,52,,,,,,,,,,idle2.pcapng
"Oct 12, 2023 17:53:43.118009",0.002017,5,,,0x0002,58,,,,,,idle2.pcapng
"Oct 12, 2023 17:53:43.121347",0.003338,59,0x0000,0xffff,0x8841,33,0x0000,0xfffc,0x1209,,,idle2.pcapng
"Oct 12, 2023 17:53:43.125669",,63,,,,,,,,,,idle2.pcapng
"Oct 12, 2023 17:53:43.128068",0.002399,5,,,0x0002,199,,,,,,idle2.pcapng
"Oct 12, 2023 17:53:43.129784",0.001716,59,0xe694,0xffff,0x8841,149,0x0000,0xfffc,0x1209,,,idle2.pcapng
"Oct 12, 2023 17:53:43.133495",0.003711,59,0xebe5,0xffff,0x8841,0,0x0000,0xfffc,0x1209,,,idle2.pcapng
"Oct 12, 2023 17:53:43.152673",,45,,,,,,,,,,idle2.pcapng
"Oct 12, 2023 17:53:43.154496",0.001823,5,,,0x0002,34,,,,,,idle2.pcapng
"Oct 12, 2023 17:53:43.156262",0.001766,59,0xe5c4,0xffff,0x8841,83,0x0000,0xfffc,0x1209,,,idle2.pcapng
"Oct 12, 2023 17:53:43.158754",,45,,,,,,,,,,idle2.pcapng
"Oct 12, 2023 17:53:43.160535",0.001781,5,,,0x0002,59,,,,,,idle2.pcapng
"Oct 12, 2023 17:53:43.161773",0.001238,59,0x482d,0xffff,0x8841,118,0x0000,0xfffc,0x1209,,,idle2.pcapng
"Oct 12, 2023 17:53:43.168851",0.007078,59,0xa209,0xffff,0x8841,60,,,,,,idle2.pcapng
"Oct 12, 2023 17:53:43.175895",0.007044,59,0xc8f0,0xffff,0x8841,200,0x0000,0xfffc,0x1209,,,idle2.pcapng
"Oct 12, 2023 17:53:43.197931",0.022036,59,0x09ac,0xffff,0x8841,249,,,,,,idle2.pcapng
"Oct 12, 2023 17:53:43.201360",0.003429,59,0x6e5f,0xffff,0x8841,202,0x0000,0xfffc,0x1209,,,idle2.pcapng
"Oct 12, 2023 17:53:43.232127",0.030767,59,0x054f,0xffff,0x8841,247,0x0000,0xfffc,0x1209,,,idle2.pcapng
"Oct 12, 2023 17:53:43.243947",0.011820,59,0x0000,0xffff,0x8841,35,0x0000,0xfffc,0x1209,,,idle2.pcapng
"Oct 12, 2023 17:53:43.286468",0.042521,59,0x09ac,0xffff,0x8841,250,0x0000,0xfffc,0x1209,,,idle2.pcapng
"Oct 12, 2023 17:53:43.289102",0.002634,59,0x482d,0xffff,0x8841,119,0x0000,0xfffc,0x1209,,,idle2.pcapng
"Oct 12, 2023 17:53:43.297900",0.008798,59,0x054f,0xffff,0x8841,248,0x0000,0xfffc,0x1209,,,idle2.pcapng
"Oct 12, 2023 17:53:43.312150",0.014250,59,0xe5c4,0xffff,0x8841,84,0x0000,0xfffc,0x1209,,,idle2.pcapng
"Oct 12, 2023 17:53:43.329828",0.017678,59,0xe694,0xffff,0x8841,150,0x0000,0xfffc,0x1209,,,idle2.pcapng
"Oct 12, 2023 17:53:43.343410",0.013582,59,0xebe5,0xffff,0x8841,1,0x0000,0xfffc,0x1209,,,idle2.pcapng
"Oct 12, 2023 17:53:43.357692",0.014282,59,0xa209,0xffff,0x8841,61,0x0000,0xfffc,0x1209,,,idle2.pcapng
"Oct 12, 2023 17:53:43.383827",0.026135,59,0xe694,0xffff,0x8841,151,0x0000,0xfffc,0x1209,,,idle2.pcapng
"Oct 12, 2023 17:53:43.387600",0.003773,59,0xebe5,0xffff,0x8841,2,0x0000,0xfffc,0x1209,,,idle2.pcapng
"Oct 12, 2023 17:53:43.430033",0.042433,59,0xc8f0,0xffff,0x8841,201,0x0000,0xfffc,0x1209,,,idle2.pcapng
"Oct 12, 2023 17:53:43.451742",0.021709,59,0x0000,0xffff,0x8841,36,0x0000,0xfffc,0x1209,,,idle2.pcapng
"Oct 12, 2023 17:53:43.468781",0.017039,59,0xa209,0xffff,0x8841,62,0x0000,0xfffc,0x1209,,,idle2.pcapng
"Oct 12, 2023 17:53:43.485437",0.016656,59,0xe5c4,0xffff,0x8841,85,0x0000,0xfffc,0x1209,,,idle2.pcapng
"Oct 12, 2023 17:53:43.490093",0.004656,59,0x09ac,0xffff,0x8841,251,0x0000,0xfffc,0x1209,,,idle2.pcapng
"Oct 12, 2023 17:53:43.512573",0.022480,59,0x054f,0xffff,0x8841,249,0x0000,0xfffc,0x1209,,,idle2.pcapng
"Oct 12, 2023 17:53:43.525429",0.012856,59,0x482d,0xffff,0x8841,120,,,,,,idle2.pcapng
"Oct 12, 2023 17:53:43.536977",0.011548,59,0x0000,0xffff,0x8841,37,0x0000,0xfffc,0x1209,,,idle2.pcapng
"Oct 12, 2023 17:53:43.584002",0.047025,59,0xe694,0xffff,0x8841,152,0x0000,0xfffc,0x1209,,,idle2.pcapng
"Oct 12, 2023 17:53:43.647374",0.063372,59,0x7209,0xffff,0x8841,63,,,,,,idle2.pcapng
"Oct 12, 2023 17:53:43.716448",0.069074,59,0xe5c4,0xffff,0x8841,86,0x0000,0xfffc,0x1209,,,idle2.pcapng
"Oct 12, 2023 17:53:43.784719",0.068271,59,0x0000,0xffff,0x8841,38,0x0000,0xfffc,0x1209,,,idle2.pcapng
"Oct 12, 2023 17:53:43.845892",0.061173,59,0x0000,0xffff,0x8841,39,0x0000,0xfffc,0x1209,,,idle2.pcapng
"Oct 12, 2023 17:53:43.980252",0.134360,12,0x2cae,0x482d,0x8863,191,,,,,,idle2.pcapng
"Oct 12, 2023 17:53:43.981020",0.000768,5,,,0x0002,191,,,,,,idle2.pcapng
"Oct 12, 2023 17:53:44.224336",0.243316,107,0xa209,0xffff,0x886b,64,,,,,,idle2.pcapng
"Oct 12, 2023 17:53:47.229282",3.004946,74,0x09ac,0xffff,0x8841,253,0x09ac,0xfffc,0x1209,,,idle2.pcapng
"Oct 12, 2023 17:53:47.278575",,50,,,,,,,,,,idle2.pcapng
"Oct 12, 2023 17:53:47.280558",0.001983,5,,,0x0002,40,,,,,,idle2.pcapng
"Oct 12, 2023 17:53:47.286263",0.005705,55,0xa209,0x0000,0x8861,65,0xa209,0x0000,0x1a09,,,idle2.pcapng
"Oct 12, 2023 17:53:47.288406",0.002143,5,,,0x0002,65,,,,,,idle2.pcapng
"Oct 12, 2023 17:53:47.331911",,53,,,,,,,,,,idle2.pcapng
"Oct 12, 2023 17:53:47.333990",0.002079,5,,,0x0002,66,,,,,,idle2.pcapng
"Oct 12, 2023 17:53:47.372497",,50,,,,,,,,,,idle2.pcapng
"Oct 12, 2023 17:53:47.374480",0.001983,5,,,0x0002,41,,,,,,idle2.pcapng
"Oct 12, 2023 17:53:47.379822",0.005342,55,0xa209,0x0000,0x8861,67,0xa209,0x0000,0x1a09,,,idle2.pcapng
"Oct 12, 2023 17:53:47.381965",0.002143,5,,,0x0002,67,,,,,,idle2.pcapng
"Oct 12, 2023 17:53:47.428251",,53,,,,,,,,,,idle2.pcapng
"Oct 12, 2023 17:53:47.430330",0.002079,5,,,0x0002,68,,,,,,idle2.pcapng
"Oct 12, 2023 17:53:48.199948",0.769618,107,0x7d7d,0xffff,0x886b,122,,,,,,idle2.pcapng
"Oct 12, 2023 17:53:48.995215",0.795267,12,0x2cae,0x482d,0x8863,192,,,,,,idle2.pcapng
"Oct 12, 2023 17:53:49.278399",0.283184,77,0x0000,0xffff,0x8841,42,0x0000,0xfffc,0x1209,,,idle2.pcapng
"Oct 12, 2023 17:53:50.355748",1.077349,77,0x054f,0xffff,0x8841,251,0x054f,0xfffc,0x1209,,,idle2.pcapng
"Oct 12, 2023 17:53:51.651624",,57,,,,,,,,,,idle2.pcapng
"Oct 12, 2023 17:53:51.653831",0.002207,5,,,0x0002,154,,,,,,idle2.pcapng
"Oct 12, 2023 17:53:51.695434",,50,,,,,,,,,,idle2.pcapng
"Oct 12, 2023 17:53:51.697377",0.001943,5,,,0x0002,43,,,,,,idle2.pcapng
"Oct 12, 2023 17:53:51.702749",,45,,,,,,,,,,idle2.pcapng
"Oct 12, 2023 17:53:51.704572",0.001823,5,,,0x0002,155,,,,,,idle2.pcapng
"Oct 12, 2023 17:53:51.708378",,45,,,,,,,,,,idle2.pcapng
"Oct 12, 2023 17:53:51.710201",0.001823,5,,,0x0002,155,,,,,,idle2.pcapng
"Oct 12, 2023 17:53:51.720916",,63,,,,,,,,,,idle2.pcapng
"Oct 12, 2023 17:53:51.723315",0.002399,5,,,0x0002,156,,,,,,idle2.pcapng
"Oct 12, 2023 17:53:51.770288",,50,,,,,,,,,,idle2.pcapng
"Oct 12, 2023 17:53:51.772240",0.001952,5,,,0x0002,44,,,,,,idle2.pcapng
"Oct 12, 2023 17:53:51.777599",,45,,,,,,,,,,idle2.pcapng
"Oct 12, 2023 17:53:51.779422",0.001823,5,,,0x0002,157,,,,,,idle2.pcapng
"Oct 12, 2023 17:53:53.987688",2.208266,12,0x2cae,0x482d,0x8863,193,,,,,,idle2.pcapng
"Oct 12, 2023 17:53:53.988456",0.000768,5,,,0x0002,193,,,,,,idle2.pcapng
"Oct 12, 2023 17:53:55.396285",1.407829,68,0xebe5,0xffff,0x8841,4,0xebe5,0xfffc,0x1209,,,idle2.pcapng
"Oct 12, 2023 17:53:56.295877",0.899592,77,0x82eb,0xffff,0x8841,203,0x82eb,0xfffc,0x1209,,,idle2.pcapng
"Oct 12, 2023 17:53:57.032875",0.736998,74,0x6e5f,0xffff,0x8841,204,0x6e5f,0xfffc,0x1209,,,idle2.pcapng
"Oct 12, 2023 17:53:59.050164",2.017289,12,0x2cae,0x482d,0x8863,194,,,,,,idle2.pcapng
"Oct 12, 2023 17:53:59.050931",0.000767,5,,,0x0002,194,,,,,,idle2.pcapng
"Oct 12, 2023 17:53:59.824879",0.773948,77,0xe694,0xffff,0x8841,158,0xe694,0xfffc,0x1209,,,idle2.pcapng
"Oct 12, 2023 17:54:00.751779",0.926900,71,0xc8f0,0xffff,0x8841,203,0xc8f0,0xfffc,0x1209,,,idle2.pcapng
"Oct 12, 2023 17:54:01.654232",,59,,,,,,,,,,idle2.pcapng
"Oct 12, 2023 17:54:01.656503",0.002271,5,,,0x0002,252,,,,,,idle2.pcapng
"Oct 12, 2023 17:54:01.671912",,45,,,,,,,,,,idle2.pcapng
"Oct 12, 2023 17:54:01.673704",0.001792,5,,,0x0002,45,,,,,,idle2.pcapng
"Oct 12, 2023 17:54:01.677697",,45,,,,,,,,,,idle2.pcapng
"Oct 12, 2023 17:54:01.679507",0.001810,5,,,0x0002,159,,,,,,idle2.pcapng
"Oct 12, 2023 17:54:01.712115",,49,,,,,,,,,,idle2.pcapng
"Oct 12, 2023 17:54:01.714034",0.001919,5,,,0x0002,46,,,,,,idle2.pcapng
"Oct 12, 2023 17:54:01.718028",,49,,,,,,,,,,idle2.pcapng
"Oct 12, 2023 17:54:01.719965",0.001937,5,,,0x0002,160,,,,,,idle2.pcapng
"Oct 12, 2023 17:54:01.735833",0.015868,45,0x0543,0xb275,0x8861,253,,,,,,idle2.pcapng
"Oct 12, 2023 17:54:01.841848",,45,,,,,,,,,,idle2.pcapng
"Oct 12, 2023 17:54:01.843671",0.001823,5,,,0x0002,255,,,,,,idle2.pcapng
"Oct 12, 2023 17:54:02.927971",1.084300,77,0xe5c4,0xffff,0x8841,88,0xe5c4,0xfffc,0x1209,,,idle2.pcapng
"Oct 12, 2023 17:54:03.383425",0.455454,74,0x09ac,0xffff,0x8841,254,0x09ac,0xfffc,0x1209,,,idle2.pcapng
"Oct 12, 2023 17:54:04.037084",0.653659,77,0x0000,0xffff,0x8841,47,0x0000,0xfffc,0x1209,,,idle2.pcapng
"Oct 12, 2023 17:54:04.083484",0.046400,12,0x2cae,0x482d,0x8863,195,,,,,,idle2.pcapng
"Oct 12, 2023 17:54:04.084251",0.000767,5,,,0x0002,195,,,,,,idle2.pcapng
"Oct 12, 2023 17:54:07.602722",3.518471,77,0x054f,0xffff,0x8841,0,0x054f,0xfffc,0x1209,,,idle2.pcapng
"Oct 12, 2023 17:54:09.083933",1.481211,12,0x2cae,0x482d,0x8863,196,,,,,,idle2.pcapng
"Oct 12, 2023 17:54:09.084700",0.000767,5,,,0x0002,196,,,,,,idle2.pcapng
"Oct 12, 2023 17:54:10.376183",1.291483,68,0xebe5,0xffff,0x8841,5,0xebe5,0xfffc,0x1209,,,idle2.pcapng
"Oct 12, 2023 17:54:11.302459",0.926276,77,0x82eb,0xffff,0x8841,204,0x82eb,0xfffc,0x1209,,,idle2.pcapng
"Oct 12, 2023 17:54:12.781059",,52,,,,,,,,,,idle2.pcapng
"Oct 12, 2023 17:54:12.783074",0.002015,5,,,0x0002,48,,,,,,idle2.pcapng
"Oct 12, 2023 17:54:12.791000",,63,,,,,,,,,,idle2.pcapng
"Oct 12, 2023 17:54:12.793399",0.002399,5,,,0x0002,161,,,,,,idle2.pcapng
"Oct 12, 2023 17:54:12.816650",,52,,,,,,,,,,idle2.pcapng
"Oct 12, 2023 17:54:12.818667",0.002017,5,,,0x0002,49,,,,,,idle2.pcapng
"Oct 12, 2023 17:54:12.826357",,63,,,,,,,,,,idle2.pcapng
"Oct 12, 2023 17:54:12.828756",0.002399,5,,,0x0002,206,,,,,,idle2.pcapng
"Oct 12, 2023 17:54:12.832149",,45,,,,,,,,,,idle2.pcapng
"Oct 12, 2023 17:54:12.833942",0.001793,5,,,0x0002,50,,,,,,idle2.pcapng
"Oct 12, 2023 17:54:12.851644",,54,,,,,,,,,,idle2.pcapng
"Oct 12, 2023 17:54:12.853723",0.002079,5,,,0x0002,51,,,,,,idle2.pcapng
"Oct 12, 2023 17:54:12.861600",,66,,,,,,,,,,idle2.pcapng
"Oct 12, 2023 17:54:12.864095",0.002495,5,,,0x0002,162,,,,,,idle2.pcapng
"Oct 12, 2023 17:54:12.871535",,45,,,,,,,,,,idle2.pcapng
"Oct 12, 2023 17:54:12.873326",0.001791,5,,,0x0002,52,,,,,,idle2.pcapng
"Oct 12, 2023 17:54:12.889622",,54,,,,,,,,,,idle2.pcapng
"Oct 12, 2023 17:54:12.891704",0.002082,5,,,0x0002,53,,,,,,idle2.pcapng
"Oct 12, 2023 17:54:12.899656",0.007952,107,0x6e5f,0x0000,0x886b,207,,,,,,idle2.pcapng
"Oct 12, 2023 17:54:12.904783",0.005127,105,0x6e5f,0x0000,0x8869,207,,,,,,idle2.pcapng
"Oct 12, 2023 17:54:12.910041",,66,,,,,,,,,,idle2.pcapng
"Oct 12, 2023 17:54:12.912536",0.002495,5,,,0x0002,207,,,,,,idle2.pcapng
"Oct 12, 2023 17:54:12.919789",,54,,,,,,,,,,idle2.pcapng
"Oct 12, 2023 17:54:12.921900",0.002111,5,,,0x0002,54,,,,,,idle2.pcapng
"Oct 12, 2023 17:54:12.926622",,54,,,,,,,,,,idle2.pcapng
"Oct 12, 2023 17:54:12.928692",0.002070,5,,,0x0002,70,,,,,,idle2.pcapng
"Oct 12, 2023 17:54:12.933623",,45,,,,,,,,,,idle2.pcapng
"Oct 12, 2023 17:54:12.935412",0.001789,5,,,0x0002,55,,,,,,idle2.pcapng
"Oct 12, 2023 17:54:12.936638",0.001226,107,0xc8f0,0x0000,0x886b,204,,,,,,idle2.pcapng
"Oct 12, 2023 17:54:12.939132",0.002494,5,,,0x0002,204,,,,,,idle2.pcapng
"Oct 12, 2023 17:54:12.944620",,52,,,,,,,,,,idle2.pcapng
"Oct 12, 2023 17:54:12.946668",0.002048,5,,,0x0002,56,,,,,,idle2.pcapng
"Oct 12, 2023 17:54:12.959276",0.012608,45,,,0x2222,34,,,,,,idle2.pcapng
"Oct 12, 2023 17:54:12.962828",,45,,,,,,,,,,idle2.pcapng
"Oct 12, 2023 17:54:12.967562",,45,,,,,,,,,,idle2.pcapng
"Oct 12, 2023 17:54:12.969354",0.001792,5,,,0x0002,57,,,,,,idle2.pcapng
"Oct 12, 2023 17:54:12.969665",0.000311,63,0x18f0,0x0000,0x8861,205,,,,,,idle2.pcapng
"Oct 12, 2023 17:54:12.974410",,45,,,,,,,,,,idle2.pcapng
"Oct 12, 2023 17:54:12.979512",,45,,,,,,,,,,idle2.pcapng
"Oct 12, 2023 17:54:12.981335",0.001823,5,,,0x0002,58,,,,,,idle2.pcapng
"Oct 12, 2023 17:54:12.982652",,63,,,,,,,,,,idle2.pcapng
"Oct 12, 2023 17:54:12.985050",0.002398,5,,,0x0002,206,,,,,,idle2.pcapng
"Oct 12, 2023 17:54:12.985857",,45,,,,,,,,,,idle2.pcapng
"Oct 12, 2023 17:54:12.987641",0.001784,5,,,0x0002,72,,,,,,idle2.pcapng
"Oct 12, 2023 17:54:12.999474",,45,,,,,,,,,,idle2.pcapng
"Oct 12, 2023 17:54:13.001297",0.001823,5,,,0x0002,59,,,,,,idle2.pcapng
"Oct 12, 2023 17:54:13.007605",0.006308,45,0xa209,0xc8f0,0x8861,73,,,,,,idle2.pcapng
"Oct 12, 2023 17:54:13.009399",0.001794,5,,,0x0002,73,,,,,,idle2.pcapng
"Oct 12, 2023 17:54:14.144457",1.135058,12,0x2cae,0x482d,0x8863,197,,,,,,idle2.pcapng
"Oct 12, 2023 17:54:14.145225",0.000768,106,,,0x006a,197,,,,,,idle2.pcapng
"Oct 12, 2023 17:54:14.764000",0.618775,77,0xe694,0xffff,0x8841,163,0xe694,0xfffc,0x1209,,,idle2.pcapng
"Oct 12, 2023 17:54:15.710277",0.946277,71,0xc8f0,0xffff,0x8841,207,0xc8f0,0xfffc,0x1209,,,idle2.pcapng
"Oct 12, 2023 17:54:18.345356",2.635079,77,0xe5c4,0xffff,0x8841,89,0xe5c4,0xfffc,0x1209,,,idle2.pcapng
"Oct 12, 2023 17:54:18.957191",0.611835,77,0x0000,0xffff,0x8841,60,0x0000,0xfffc,0x1209,,,idle2.pcapng
"Oct 12, 2023 17:54:19.177488",0.220297,12,0x2cae,0x482d,0x8863,198,,,,,,idle2.pcapng
"Oct 12, 2023 17:54:19.178255",0.000767,5,,,0x0002,198,,,,,,idle2.pcapng
"Oct 12, 2023 17:54:20.376982",1.198727,74,0x09ac,0xffff,0x8841,255,0x09ac,0xfffc,0x1209,,,idle2.pcapng
"Oct 12, 2023 17:54:23.903211",3.526229,77,0x054f,0xffff,0x8841,1,0x054f,0xfffc,0x1209,,,idle2.pcapng
"Oct 12, 2023 17:54:24.177327",0.274116,12,0x2cae,0x482d,0x8863,199,,,,,,idle2.pcapng
"Oct 12, 2023 17:54:24.178095",0.000768,5,,,0x0002,199,,,,,,idle2.pcapng
"Oct 12, 2023 17:54:24.601044",0.422949,77,0x482d,0xffff,0x8841,124,0x482d,0xfffc,0x1209,,,idle2.pcapng
"Oct 12, 2023 17:54:25.387222",0.786178,68,0xebe5,0xffff,0x8841,6,0xebe5,0xfffc,0x1209,,,idle2.pcapng
"Oct 12, 2023 17:54:26.290648",0.903426,77,0x82eb,0xffff,0x8841,205,0x82eb,0xfffc,0x1209,,,idle2.pcapng
"Oct 12, 2023 17:54:26.983319",0.692671,74,0x6e5f,0xffff,0x8841,208,0x6e5f,0xfffc,0x1209,,,idle2.pcapng
"Oct 12, 2023 17:54:29.240721",2.257402,12,0x2cae,0x482d,0x8863,200,,,,,,idle2.pcapng
"Oct 12, 2023 17:54:29.241488",0.000767,5,,,0x0002,200,,,,,,idle2.pcapng
"Oct 12, 2023 17:54:29.722838",0.481350,77,0xe694,0xffff,0x8841,164,0xe694,0xfffc,0x1209,,,idle2.pcapng
"Oct 12, 2023 17:54:30.735108",1.012270,71,0xc8f0,0xffff,0x8841,208,0xc8f0,0xfffc,0x1209,,,idle2.pcapng
"Oct 12, 2023 17:54:32.353975",,60,,,,,,,,,,idle2.pcapng
"Oct 12, 2023 17:54:32.356278",0.002303,5,,,0x0002,165,,,,,,idle2.pcapng
"Oct 12, 2023 17:54:32.397070",,50,,,,,,,,,,idle2.pcapng
"Oct 12, 2023 17:54:32.399021",0.001951,5,,,0x0002,61,,,,,,idle2.pcapng
"Oct 12, 2023 17:54:32.404548",,45,,,,,,,,,,idle2.pcapng
"Oct 12, 2023 17:54:32.406371",0.001823,5,,,0x0002,166,,,,,,idle2.pcapng
"Oct 12, 2023 17:54:33.487892",1.081521,74,0xe5c4,0xffff,0x8841,90,0xe5c4,0xfffc,0x1209,,,idle2.pcapng
"Oct 12, 2023 17:54:34.240850",0.752958,12,0x2cae,0x482d,0x8863,201,,,,,,idle2.pcapng
"Oct 12, 2023 17:54:34.241617",0.000767,5,,,0x0002,201,,,,,,idle2.pcapng
"Oct 12, 2023 17:54:36.421462",2.179845,77,0x0000,0xffff,0x8841,62,0x0000,0xfffc,0x1209,,,idle2.pcapng
"Oct 12, 2023 17:54:36.431280",0.009818,74,0xa209,0xffff,0x8841,75,0xa209,0xfffc,0x1209,,,idle2.pcapng
"Oct 12, 2023 17:54:36.581398",0.150118,74,0x09ac,0xffff,0x8841,0,0x09ac,0xfffc,0x1209,,,idle2.pcapng
"Oct 12, 2023 17:54:39.271073",2.689675,12,0x2cae,0x482d,0x8863,202,,,,,,idle2.pcapng
"Oct 12, 2023 17:54:39.271840",0.000767,5,,,0x0002,202,,,,,,idle2.pcapng
"Oct 12, 2023 17:54:39.324597",0.052757,77,0x054f,0xffff,0x8841,2,0x054f,0xfffc,0x1209,,,idle2.pcapng
"Oct 12, 2023 17:54:40.429051",1.104454,68,0xebe5,0xffff,0x8841,7,0xebe5,0xfffc,0x1209,,,idle2.pcapng
"Oct 12, 2023 17:54:41.291957",0.862906,77,0x82eb,0xffff,0x8841,206,0x82eb,0xfffc,0x1209,,,idle2.pcapng
"Oct 12, 2023 17:54:41.973356",0.681399,74,0x6e5f,0xffff,0x8841,209,0x6e5f,0xfffc,0x1209,,,idle2.pcapng
"Oct 12, 2023 17:54:42.382823",0.409467,60,0x6e5f,0x0000,0x8861,210,,,,,,idle2.pcapng
"Oct 12, 2023 17:54:42.387981",0.005158,60,0x6e5f,0x0000,0x8861,210,,,,,,idle2.pcapng
"Oct 12, 2023 17:54:42.392946",,60,,,,,,,,,,idle2.pcapng
"Oct 12, 2023 17:54:42.397931",,60,,,,,,,,,,idle2.pcapng
"Oct 12, 2023 17:54:42.400234",0.002303,5,,,0x0002,210,,,,,,idle2.pcapng
"Oct 12, 2023 17:54:42.454460",,50,,,,,,,,,,idle2.pcapng
"Oct 12, 2023 17:54:42.456405",0.001945,5,,,0x0002,63,,,,,,idle2.pcapng
"Oct 12, 2023 17:54:42.461816",,45,,,,,,,,,,idle2.pcapng
"Oct 12, 2023 17:54:42.463639",0.001823,5,,,0x0002,211,,,,,,idle2.pcapng
"Oct 12, 2023 17:54:42.780247",,52,,,,,,,,,,idle2.pcapng
"Oct 12, 2023 17:54:42.782265",0.002018,5,,,0x0002,64,,,,,,idle2.pcapng
"Oct 12, 2023 17:54:42.790125",,63,,,,,,,,,,idle2.pcapng
"Oct 12, 2023 17:54:42.792524",0.002399,5,,,0x0002,167,,,,,,idle2.pcapng
"Oct 12, 2023 17:54:42.816178",,52,,,,,,,,,,idle2.pcapng
"Oct 12, 2023 17:54:42.818196",0.002018,5,,,0x0002,65,,,,,,idle2.pcapng
"Oct 12, 2023 17:54:42.826071",,63,,,,,,,,,,idle2.pcapng
"Oct 12, 2023 17:54:42.828470",0.002399,5,,,0x0002,212,,,,,,idle2.pcapng
"Oct 12, 2023 17:54:42.830322",,45,,,,,,,,,,idle2.pcapng
"Oct 12, 2023 17:54:42.832113",0.001791,5,,,0x0002,66,,,,,,idle2.pcapng
"Oct 12, 2023 17:54:42.858516",,54,,,,,,,,,,idle2.pcapng
"Oct 12, 2023 17:54:42.860597",0.002081,5,,,0x0002,67,,,,,,idle2.pcapng
"Oct 12, 2023 17:54:42.868311",,66,,,,,,,,,,idle2.pcapng
"Oct 12, 2023 17:54:42.870806",0.002495,5,,,0x0002,168,,,,,,idle2.pcapng
"Oct 12, 2023 17:54:42.887601",,45,,,,,,,,,,idle2.pcapng
"Oct 12, 2023 17:54:42.889383",0.001782,5,,,0x0002,68,,,,,,idle2.pcapng
"Oct 12, 2023 17:54:42.897981",,54,,,,,,,,,,idle2.pcapng
"Oct 12, 2023 17:54:42.900062",0.002081,5,,,0x0002,69,,,,,,idle2.pcapng
"Oct 12, 2023 17:54:42.908139",,66,,,,,,,,,,idle2.pcapng
"Oct 12, 2023 17:54:42.910634",0.002495,5,,,0x0002,213,,,,,,idle2.pcapng
"Oct 12, 2023 17:54:42.911797",,54,,,,,,,,,,idle2.pcapng
"Oct 12, 2023 17:54:42.913908",0.002111,5,,,0x0002,70,,,,,,idle2.pcapng
"Oct 12, 2023 17:54:42.918029",,54,,,,,,,,,,idle2.pcapng
"Oct 12, 2023 17:54:42.920098",0.002069,5,,,0x0002,76,,,,,,idle2.pcapng
"Oct 12, 2023 17:54:42.927806",,66,,,,,,,,,,idle2.pcapng
"Oct 12, 2023 17:54:42.930301",0.002495,5,,,0x0002,209,,,,,,idle2.pcapng
"Oct 12, 2023 17:54:42.931283",,45,,,,,,,,,,idle2.pcapng
"Oct 12, 2023 17:54:42.933076",0.001793,5,,,0x0002,71,,,,,,idle2.pcapng
"Oct 12, 2023 17:54:42.946307",,52,,,,,,,,,,idle2.pcapng
"Oct 12, 2023 17:54:42.948354",0.002047,5,,,0x0002,72,,,,,,idle2.pcapng
"Oct 12, 2023 17:54:42.954860",0.006506,5,,,0x0002,77,,,,,,idle2.pcapng
"Oct 12, 2023 17:54:42.957915",,45,,,,,,,,,,idle2.pcapng
"Oct 12, 2023 17:54:42.959700",0.001785,5,,,0x0002,73,,,,,,idle2.pcapng
"Oct 12, 2023 17:54:42.962763",0.003063,63,0xc8f0,0x0000,0x8861,210,,,,,,idle2.pcapng
"Oct 12, 2023 17:54:42.967889",0.005126,63,0xc8f0,0x0000,0x8861,210,,,,,,idle2.pcapng
"Oct 12, 2023 17:54:42.973149",,63,,,,,,,,,,idle2.pcapng
"Oct 12, 2023 17:54:42.975548",0.002399,5,,,0x0002,210,,,,,,idle2.pcapng
"Oct 12, 2023 17:54:42.979192",,45,,,,,,,,,,idle2.pcapng
"Oct 12, 2023 17:54:42.981015",0.001823,5,,,0x0002,74,,,,,,idle2.pcapng
"Oct 12, 2023 17:54:42.984381",,45,,,,,,,,,,idle2.pcapng
"Oct 12, 2023 17:54:42.986167",0.001786,5,,,0x0002,78,,,,,,idle2.pcapng
"Oct 12, 2023 17:54:42.991923",,45,,,,,,,,,,idle2.pcapng
"Oct 12, 2023 17:54:42.993746",0.001823,5,,,0x0002,75,,,,,,idle2.pcapng
"Oct 12, 2023 17:54:42.998358",,45,,,,,,,,,,idle2.pcapng
"Oct 12, 2023 17:54:43.000139",0.001781,5,,,0x0002,79,,,,,,idle2.pcapng
"Oct 12, 2023 17:54:44.333735",1.333596,12,0x2cae,0x482d,0x8863,203,,,,,,idle2.pcapng
"Oct 12, 2023 17:54:44.334502",0.000767,5,,,0x0002,203,,,,,,idle2.pcapng
"Oct 12, 2023 17:54:44.779227",0.444725,74,0xe694,0xffff,0x8841,169,0xe694,0xfffc,0x1209,,,idle2.pcapng
"Oct 12, 2023 17:54:47.740958",2.961731,77,0xe5c4,0xffff,0x8841,91,0xe5c4,0xfffc,0x1209,,,idle2.pcapng
"Oct 12, 2023 17:54:49.352722",1.611764,12,0x2cae,0x482d,0x8863,204,,,,,,idle2.pcapng
"Oct 12, 2023 17:54:49.353489",0.000767,5,,,0x0002,204,,,,,,idle2.pcapng
"Oct 12, 2023 17:54:54.217341",4.863852,106,0xa609,0xffff,0x886a,80,,,,,,idle2.pcapng
"Oct 12, 2023 17:54:54.236156",0.018815,77,0x0000,0xffff,0x8841,76,0x0000,0xfffc,0x1209,,,idle2.pcapng
"Oct 12, 2023 17:54:54.365686",0.129530,12,0x2cae,0x482d,0x8863,205,,,,,,idle2.pcapng
"Oct 12, 2023 17:54:54.366453",0.000767,5,,,0x0002,205,,,,,,idle2.pcapng
"Oct 12, 2023 17:54:55.022761",0.656308,77,0x054f,0xffff,0x8841,3,0x054f,0xfffc,0x1209,,,idle2.pcapng
"Oct 12, 2023 17:54:56.305107",1.282346,77,0x82eb,0xffff,0x8841,207,0x82eb,0xfffc,0x1209,,,idle2.pcapng
"Oct 12, 2023 17:54:57.045695",0.740588,74,0x6e5f,0xffff,0x8841,214,0x6e5f,0xfffc,0x1209,,,idle2.pcapng
"Oct 12, 2023 17:54:59.397128",2.351433,12,0x2cae,0x482d,0x8863,206,,,,,,idle2.pcapng
"Oct 12, 2023 17:54:59.397895",0.000767,5,,,0x0002,206,,,,,,idle2.pcapng
"Oct 12, 2023 17:54:59.799434",0.401539,77,0xe694,0xffff,0x8841,170,0xe694,0xfffc,0x1209,,,idle2.pcapng
"Oct 12, 2023 17:54:59.845211",0.045777,104,0x7777,0xfff7,0x8868,126,,,,,,idle2.pcapng
"Oct 12, 2023 17:55:00.706727",0.861516,71,0xc8f0,0xffff,0x8841,212,0xc8f0,0xfffc,0x1209,,,idle2.pcapng
"Oct 12, 2023 17:55:02.439858",1.733131,77,0xe5c4,0xffff,0x8841,92,0xe5c4,0xfffc,0x1209,,,idle2.pcapng
"Oct 12, 2023 17:55:04.427899",1.988041,12,0x2cae,0x482d,0x8863,207,,,,,,idle2.pcapng
"Oct 12, 2023 17:55:04.428666",0.000767,5,,,0x0002,207,,,,,,idle2.pcapng
"Oct 12, 2023 17:55:09.490591",5.061925,12,0x2cae,0x482d,0x8863,208,,,,,,idle2.pcapng
"Oct 12, 2023 17:55:09.491359",0.000768,5,,,0x0002,208,,,,,,idle2.pcapng
"Oct 12, 2023 17:55:09.997891",0.506532,74,0xa209,0xffff,0x8841,81,0xa209,0xfffc,0x1209,,,idle2.pcapng
"Oct 12, 2023 17:55:10.386586",0.388695,68,0xebe5,0xffff,0x8841,9,0xebe5,0xfffc,0x1209,,,idle2.pcapng
"Oct 12, 2023 17:55:11.290096",0.903510,77,0x82eb,0xffff,0x8841,208,0x82eb,0xfffc,0x1209,,,idle2.pcapng
"Oct 12, 2023 17:55:11.327266",0.037170,74,0x09ac,0xffff,0x8841,2,0x09ac,0xfffc,0x1209,,,idle2.pcapng
"Oct 12, 2023 17:55:12.048136",0.720870,74,0x6e5f,0xffff,0x8841,215,0x6e5f,0xfffc,0x1209,,,idle2.pcapng
"Oct 12, 2023 17:55:12.174741",0.126605,77,0x054f,0xffff,0x8841,4,0x054f,0xfffc,0x1209,,,idle2.pcapng
"Oct 12, 2023 17:55:12.202226",0.027485,77,0x0000,0xffff,0x8841,77,0x0000,0xfffc,0x1209,,,idle2.pcapng
"Oct 12, 2023 17:55:12.641423",,54,,,,,,,,,,idle2.pcapng
"Oct 12, 2023 17:55:12.643535",0.002112,5,,,0x0002,78,,,,,,idle2.pcapng
"Oct 12, 2023 17:55:12.646746",,54,,,,,,,,,,idle2.pcapng
"Oct 12, 2023 17:55:12.648857",0.002111,5,,,0x0002,93,,,,,,idle2.pcapng
"Oct 12, 2023 17:55:12.656010",0.007153,55,0x482d,0xe5c4,0x8861,127,0x482d,0x0000,0x1a09,,,idle2.pcapng
"Oct 12, 2023 17:55:12.658153",0.002143,5,,,0x0002,127,,,,,,idle2.pcapng
"Oct 12, 2023 17:55:12.662185",0.004032,57,0xe5c4,0x0000,0x8861,94,0x482d,0x0000,0x1a09,,,idle2.pcapng
"Oct 12, 2023 17:55:12.664391",0.002206,5,,,0x0002,94,,,,,,idle2.pcapng
"Oct 12, 2023 17:55:12.702014",,53,,,,,,,,,,idle2.pcapng
"Oct 12, 2023 17:55:12.704093",0.002079,5,,,0x0002,128,,,,,,idle2.pcapng
"Oct 12, 2023 17:55:12.708062",,53,,,,,,,,,,idle2.pcapng
"Oct 12, 2023 17:55:12.710141",0.002079,5,,,0x0002,95,,,,,,idle2.pcapng
"Oct 12, 2023 17:55:12.750531",,54,,,,,,,,,,idle2.pcapng
"Oct 12, 2023 17:55:12.752643",0.002112,5,,,0x0002,79,,,,,,idle2.pcapng
"Oct 12, 2023 17:55:12.764134",,54,,,,,,,,,,idle2.pcapng
"Oct 12, 2023 17:55:12.766245",0.002111,5,,,0x0002,96,,,,,,idle2.pcapng
"Oct 12, 2023 17:55:12.771276",0.005031,55,0x482d,0xe5c4,0x8861,129,0x482d,0x0000,0x1a09,,,idle2.pcapng
"Oct 12, 2023 17:55:12.773419",0.002143,5,,,0x0002,129,,,,,,idle2.pcapng
"Oct 12, 2023 17:55:12.776864",0.003445,57,0xe5c4,0x0000,0x8861,97,0x482d,0x0000,0x1a09,,,idle2.pcapng
"Oct 12, 2023 17:55:12.779070",0.002206,5,,,0x0002,97,,,,,,idle2.pcapng
"Oct 12, 2023 17:55:12.790300",,52,,,,,,,,,,idle2.pcapng
"Oct 12, 2023 17:55:12.792305",0.002005,5,,,0x0002,80,,,,,,idle2.pcapng
"Oct 12, 2023 17:55:12.800250",,63,,,,,,,,,,idle2.pcapng
"Oct 12, 2023 17:55:12.802648",0.002398,5,,,0x0002,171,,,,,,idle2.pcapng
"Oct 12, 2023 17:55:12.806767",,52,,,,,,,,,,idle2.pcapng
"Oct 12, 2023 17:55:12.808783",0.002016,5,,,0x0002,81,,,,,,idle2.pcapng
"Oct 12, 2023 17:55:12.816655",,63,,,,,,,,,,idle2.pcapng
"Oct 12, 2023 17:55:12.819054",0.002399,5,,,0x0002,216,,,,,,idle2.pcapng
"Oct 12, 2023 17:55:12.821141",,53,,,,,,,,,,idle2.pcapng
"Oct 12, 2023 17:55:12.823220",0.002079,5,,,0x0002,130,,,,,,idle2.pcapng
"Oct 12, 2023 17:55:12.827279",,53,,,,,,,,,,idle2.pcapng
"Oct 12, 2023 17:55:12.829358",0.002079,5,,,0x0002,98,,,,,,idle2.pcapng
"Oct 12, 2023 17:55:12.846861",,45,,,,,,,,,,idle2.pcapng
"Oct 12, 2023 17:55:12.848654",0.001793,5,,,0x0002,82,,,,,,idle2.pcapng
"Oct 12, 2023 17:55:12.864737",,54,,,,,,,,,,idle2.pcapng
"Oct 12, 2023 17:55:12.866817",0.002080,5,,,0x0002,83,,,,,,idle2.pcapng
"Oct 12, 2023 17:55:12.874549",,66,,,,,,,,,,idle2.pcapng
"Oct 12, 2023 17:55:12.877044",0.002495,5,,,0x0002,172,,,,,,idle2.pcapng
"Oct 12, 2023 17:55:12.885117",,45,,,,,,,,,,idle2.pcapng
"Oct 12, 2023 17:55:12.886910",0.001793,5,,,0x0002,84,,,,,,idle2.pcapng
"Oct 12, 2023 17:55:12.898276",,54,,,,,,,,,,idle2.pcapng
"Oct 12, 2023 17:55:12.900356",0.002080,5,,,0x0002,85,,,,,,idle2.pcapng
"Oct 12, 2023 17:55:12.908352",,66,,,,,,,,,,idle2.pcapng
"Oct 12, 2023 17:55:12.910847",0.002495,5,,,0x0002,217,,,,,,idle2.pcapng
"Oct 12, 2023 17:55:12.913652",,54,,,,,,,,,,idle2.pcapng
"Oct 12, 2023 17:55:12.915764",0.002112,5,,,0x0002,86,,,,,,idle2.pcapng
"Oct 12, 2023 17:55:12.920110",,54,,,,,,,,,,idle2.pcapng
"Oct 12, 2023 17:55:12.922190",0.002080,5,,,0x0002,82,,,,,,idle2.pcapng
"Oct 12, 2023 17:55:12.930199",,66,,,,,,,,,,idle2.pcapng
"Oct 12, 2023 17:55:12.932693",0.002494,5,,,0x0002,213,,,,,,idle2.pcapng
"Oct 12, 2023 17:55:12.935581",,52,,,,,,,,,,idle2.pcapng
"Oct 12, 2023 17:55:12.937628",0.002047,5,,,0x0002,87,,,,,,idle2.pcapng
"Oct 12, 2023 17:55:12.942317",0.004689,52,0xa209,0xc8f0,0x8861,82,,,,,,idle2.pcapng
"Oct 12, 2023 17:55:12.944333",0.002016,5,,,0x0002,83,,,,,,idle2.pcapng
"Oct 12, 2023 17:55:12.951982",,63,,,,,,,,,,idle2.pcapng
"Oct 12, 2023 17:55:12.954380",0.002398,5,,,0x0002,214,,,,,,idle2.pcapng
"Oct 12, 2023 17:55:12.963804",,45,,,,,,,,,,idle2.pcapng
"Oct 12, 2023 17:55:12.965596",0.001792,5,,,0x0002,88,,,,,,idle2.pcapng
"Oct 12, 2023 17:55:12.971915",,45,,,,,,,,,,idle2.pcapng
"Oct 12, 2023 17:55:12.973709",0.001794,5,,,0x0002,89,,,,,,idle2.pcapng
"Oct 12, 2023 17:55:12.979858",,45,,,,,,,,,,idle2.pcapng
"Oct 12, 2023 17:55:12.981681",0.001823,5,,,0x0002,90,,,,,,idle2.pcapng
"Oct 12, 2023 17:55:12.984139",,45,,,,,,,,,,idle2.pcapng
"Oct 12, 2023 17:55:12.985932",0.001793,5,,,0x0002,84,,,,,,idle2.pcapng
"Oct 12, 2023 17:55:12.990872",,45,,,,,,,,,,idle2.pcapng
"Oct 12, 2023 17:55:12.992695",0.001823,5,,,0x0002,91,,,,,,idle2.pcapng
"Oct 12, 2023 17:55:12.995322",,45,,,,,,,,,,idle2.pcapng
"Oct 12, 2023 17:55:12.997115",0.001793,5,,,0x0002,85,,,,,,idle2.pcapng
"Oct 12, 2023 17:55:14.118163",1.121048,77,0x482d,0xffff,0x8841,131,0x482d,0xfffc,0x1209,,,idle2.pcapng
"Oct 12, 2023 17:55:14.492671",0.374508,12,0x2cae,0x482d,0x8863,209,,,,,,idle2.pcapng
"Oct 12, 2023 17:55:14.777804",0.285133,77,0xe694,0xffff,0x8841,173,0xe694,0xfffc,0x1209,,,idle2.pcapng
"Oct 12, 2023 17:55:18.982449",4.204645,77,0xe5c4,0xffff,0x8841,99,0xe5c4,0xfffc,0x1209,,,idle2.pcapng
"Oct 12, 2023 17:55:19.555080",0.572631,12,0x2cae,0x482d,0x8863,210,,,,,,idle2.pcapng
"Oct 12, 2023 17:55:19.555847",0.000767,5,,,0x0002,210,,,,,,idle2.pcapng
"Oct 12, 2023 17:55:24.585906",5.030059,12,0x2cae,0x482d,0x8863,211,,,,,,idle2.pcapng
"Oct 12, 2023 17:55:24.586673",0.000767,5,,,0x0002,211,,,,,,idle2.pcapng
"Oct 12, 2023 17:55:25.486226",0.899553,68,0xebe5,0xffff,0x8841,10,0xebe5,0xfffc,0x1209,,,idle2.pcapng
"Oct 12, 2023 17:55:26.309326",0.823100,77,0x82eb,0xffff,0x8841,209,0x82eb,0xfffc,0x1209,,,idle2.pcapng
"Oct 12, 2023 17:55:26.648937",0.339611,77,0x054f,0xffff,0x8841,5,0x054f,0xfffc,0x1209,,,idle2.pcapng
"Oct 12, 2023 17:55:26.966437",0.317500,74,0x6e5f,0xffff,0x8841,218,0x6e5f,0xfffc,0x1209,,,idle2.pcapng
"Oct 12, 2023 17:55:27.079641",,60,,,,,,,,,,idle2.pcapng
"Oct 12, 2023 17:55:27.081944",0.002303,5,,,0x0002,216,,,,,,idle2.pcapng
"Oct 12, 2023 17:55:27.124392",,50,,,,,,,,,,idle2.pcapng
"Oct 12, 2023 17:55:27.126375",0.001983,5,,,0x0002,92,,,,,,idle2.pcapng
"Oct 12, 2023 17:55:27.129343",,50,,,,,,,,,,idle2.pcapng
"Oct 12, 2023 17:55:27.136560",,45,,,,,,,,,,idle2.pcapng
"Oct 12, 2023 17:55:27.138383",0.001823,5,,,0x0002,217,,,,,,idle2.pcapng
"Oct 12, 2023 17:55:27.842107",0.703724,74,0x09ac,0xffff,0x8841,3,0x09ac,0xfffc,0x1209,,,idle2.pcapng
"Oct 12, 2023 17:55:29.586386",1.744279,12,0x2cae,0x482d,0x8863,212,,,,,,idle2.pcapng
"Oct 12, 2023 17:55:29.587153",0.000767,5,,,0x0002,212,,,,,,idle2.pcapng
"Oct 12, 2023 17:55:29.770686",0.183533,77,0xe694,0xffff,0x8841,174,0xe694,0xfffc,0x1209,,,idle2.pcapng
"Oct 12, 2023 17:55:30.009770",0.239084,77,0x0000,0xffff,0x8841,93,0x0000,0xfffc,0x1209,,,idle2.pcapng
"Oct 12, 2023 17:55:30.773618",0.763848,106,0xc8f0,0xffff,0x886a,218,,,,,,idle2.pcapng
"Oct 12, 2023 17:55:31.864736",1.091118,77,0x482d,0xffff,0x8841,132,0x482d,0xfffc,0x1209,,,idle2.pcapng
"Oct 12, 2023 17:55:33.078886",1.214150,77,0xe5c4,0xffff,0x8841,100,0xe5c4,0xfffc,0x1209,,,idle2.pcapng
"Oct 12, 2023 17:55:34.649404",1.570518,12,0x2cae,0x482d,0x8863,213,,,,,,idle2.pcapng
"Oct 12, 2023 17:55:34.650171",0.000767,5,,,0x0002,213,,,,,,idle2.pcapng
"Oct 12, 2023 17:55:39.678987",5.028816,12,0x2cae,0x482d,0x8863,214,,,,,,idle2.pcapng
"Oct 12, 2023 17:55:39.679754",0.000767,5,,,0x0002,214,,,,,,idle2.pcapng
"Oct 12, 2023 17:55:41.299114",1.619360,77,0x82eb,0xffff,0x8841,210,0x82eb,0xfffc,0x1209,,,idle2.pcapng
"Oct 12, 2023 17:55:41.981884",0.682770,71,0x6e5f,0xffff,0x8841,219,0x6e5f,0xfffc,0x1209,,,idle2.pcapng
"Oct 12, 2023 17:55:42.236355",0.254471,71,0xa209,0xffff,0x8841,88,0xa209,0xfffc,0x1209,,,idle2.pcapng
"Oct 12, 2023 17:55:42.640809",0.404454,77,0x054f,0xffff,0x8841,6,0x054f,0xfffc,0x1209,,,idle2.pcapng
"Oct 12, 2023 17:55:42.786468",,52,,,,,,,,,,idle2.pcapng
"Oct 12, 2023 17:55:42.788485",0.002017,5,,,0x0002,94,,,,,,idle2.pcapng
"Oct 12, 2023 17:55:42.796270",,63,,,,,,,,,,idle2.pcapng
"Oct 12, 2023 17:55:42.798668",0.002398,5,,,0x0002,175,,,,,,idle2.pcapng
"Oct 12, 2023 17:55:42.823696",,52,,,,,,,,,,idle2.pcapng
"Oct 12, 2023 17:55:42.825712",0.002016,5,,,0x0002,95,,,,,,idle2.pcapng
"Oct 12, 2023 17:55:42.833709",,63,,,,,,,,,,idle2.pcapng
"Oct 12, 2023 17:55:42.836108",0.002399,5,,,0x0002,220,,,,,,idle2.pcapng
"Oct 12, 2023 17:55:42.840728",,45,,,,,,,,,,idle2.pcapng
"Oct 12, 2023 17:55:42.842520",0.001792,5,,,0x0002,96,,,,,,idle2.pcapng
"Oct 12, 2023 17:55:42.864979",,54,,,,,,,,,,idle2.pcapng
"Oct 12, 2023 17:55:42.867059",0.002080,5,,,0x0002,97,,,,,,idle2.pcapng
"Oct 12, 2023 17:55:42.875027",,66,,,,,,,,,,idle2.pcapng
"Oct 12, 2023 17:55:42.877521",0.002494,5,,,0x0002,176,,,,,,idle2.pcapng
"Oct 12, 2023 17:55:42.886273",,45,,,,,,,,,,idle2.pcapng
"Oct 12, 2023 17:55:42.888065",0.001792,5,,,0x0002,98,,,,,,idle2.pcapng
"Oct 12, 2023 17:55:42.897353",,54,,,,,,,,,,idle2.pcapng
"Oct 12, 2023 17:55:42.899432",0.002079,5,,,0x0002,99,,,,,,idle2.pcapng
"Oct 12, 2023 17:55:42.907259",,66,,,,,,,,,,idle2.pcapng
"Oct 12, 2023 17:55:42.909754",0.002495,5,,,0x0002,221,,,,,,idle2.pcapng
"Oct 12, 2023 17:55:42.910739",,54,,,,,,,,,,idle2.pcapng
"Oct 12, 2023 17:55:42.915233",,54,,,,,,,,,,idle2.pcapng
"Oct 12, 2023 17:55:42.917314",0.002081,5,,,0x0002,89,,,,,,idle2.pcapng
"Oct 12, 2023 17:55:42.917651",,66,,,,,,,,,,idle2.pcapng
"Oct 12, 2023 17:55:42.920146",0.002495,5,,,0x0002,221,,,,,,idle2.pcapng
"Oct 12, 2023 17:55:42.922941",0.002795,106,0x6e5f,0x0000,0x886a,221,,,,,,idle2.pcapng
"Oct 12, 2023 17:55:42.925436",0.002495,5,,,0x0002,221,,,,,,idle2.pcapng
"Oct 12, 2023 17:55:42.930239",0.004803,107,0xc8f0,0x0000,0x886b,219,,,,,,idle2.pcapng
"Oct 12, 2023 17:55:42.933716",,54,,,,,,,,,,idle2.pcapng
"Oct 12, 2023 17:55:42.940557",,54,,,,,,,,,,idle2.pcapng
"Oct 12, 2023 17:55:42.945226",,54,,,,,,,,,,idle2.pcapng
"Oct 12, 2023 17:55:42.948530",,66,,,,,,,,,,idle2.pcapng
"Oct 12, 2023 17:55:42.951870",,52,,,,,,,,,,idle2.pcapng
"Oct 12, 2023 17:55:42.957155",,52,,,,,,,,,,idle2.pcapng
"Oct 12, 2023 17:55:42.971935",,66,,,,,,,,,,idle2.pcapng
"Oct 12, 2023 17:55:42.975417",,52,,,,,,,,,,idle2.pcapng
"Oct 12, 2023 17:55:42.980016",,52,,,,,,,,,,idle2.pcapng
"Oct 12, 2023 17:55:42.982367",0.002351,8,,,0x0000,0,,,,,,idle2.pcapng
"Oct 12, 2023 17:55:42.987620",0.005253,108,0xc8f0,0x0000,0x886c,221,,,,,,idle2.pcapng
"Oct 12, 2023 17:55:42.990786",,45,,,,,,,,,,idle2.pcapng
"Oct 12, 2023 17:55:42.992567",0.001781,5,,,0x0002,102,,,,,,idle2.pcapng
"Oct 12, 2023 17:55:42.993471",0.000904,107,0x6e5f,0x0000,0x886b,224,,,,,,idle2.pcapng
"Oct 12, 2023 17:55:42.995966",0.002495,5,,,0x0002,224,,,,,,idle2.pcapng
"Oct 12, 2023 17:55:42.996721",0.000755,15,,,0x0035,141,,,,,,idle2.pcapng
"Oct 12, 2023 17:55:43.000497",,66,,,,,,,,,,idle2.pcapng
"Oct 12, 2023 17:55:43.002992",0.002495,5,,,0x0002,222,,,,,,idle2.pcapng
"Oct 12, 2023 17:55:43.004073",,45,,,,,,,,,,idle2.pcapng
"Oct 12, 2023 17:55:43.005763",,66,,,,,,,,,,idle2.pcapng
"Oct 12, 2023 17:55:43.011045",0.005282,105,0xc8f0,0x0000,0x8869,222,,,,,,idle2.pcapng
"Oct 12, 2023 17:55:43.014321",,52,,,,,,,,,,idle2.pcapng
"Oct 12, 2023 17:55:43.017412",,52,,,,,,,,,,idle2.pcapng
"Oct 12, 2023 17:55:43.019430",0.002018,5,,,0x0002,91,,,,,,idle2.pcapng
"Oct 12, 2023 17:55:43.023760",,54,,,,,,,,,,idle2.pcapng
"Oct 12, 2023 17:55:43.025871",0.002111,5,,,0x0002,104,,,,,,idle2.pcapng
"Oct 12, 2023 17:55:43.027245",,63,,,,,,,,,,idle2.pcapng
"Oct 12, 2023 17:55:43.029644",0.002399,5,,,0x0002,223,,,,,,idle2.pcapng
"Oct 12, 2023 17:55:43.047351",,45,,,,,,,,,,idle2.pcapng
"Oct 12, 2023 17:55:43.053919",,45,,,,,,,,,,idle2.pcapng
"Oct 12, 2023 17:55:43.055743",0.001824,5,,,0x0002,106,,,,,,idle2.pcapng
"Oct 12, 2023 17:55:43.058688",,45,,,,,,,,,,idle2.pcapng
"Oct 12, 2023 17:55:43.060480",0.001792,5,,,0x0002,92,,,,,,idle2.pcapng
"Oct 12, 2023 17:55:43.062457",,52,,,,,,,,,,idle2.pcapng
"Oct 12, 2023 17:55:43.073482",,45,,,,,,,,,,idle2.pcapng
"Oct 12, 2023 17:55:43.075305",0.001823,5,,,0x0002,108,,,,,,idle2.pcapng
"Oct 12, 2023 17:55:43.078414",,45,,,,,,,,,,idle2.pcapng
"Oct 12, 2023 17:55:43.080206",0.001792,5,,,0x0002,93,,,,,,idle2.pcapng
"Oct 12, 2023 17:55:44.680451",1.600245,12,0x2cae,0x482d,0x8863,215,,,,,,idle2.pcapng
"Oct 12, 2023 17:55:44.681218",0.000767,5,,,0x0002,215,,,,,,idle2.pcapng
"Oct 12, 2023 17:55:44.766617",0.085399,77,0xe694,0xffff,0x8841,177,0xe694,0xfffc,0x1209,,,idle2.pcapng
"Oct 12, 2023 17:55:45.726719",0.960102,71,0xc8f0,0xffff,0x8841,224,0xc8f0,0xfffc,0x1209,,,idle2.pcapng
"Oct 12, 2023 17:55:47.206603",1.479884,77,0x0000,0xffff,0x8841,109,0x0000,0xfffc,0x1209,,,idle2.pcapng
"Oct 12, 2023 17:55:47.403556",0.196953,77,0xe5c4,0xffff,0x8841,101,0xe5c4,0xfffc,0x1209,,,idle2.pcapng
"Oct 12, 2023 17:55:48.263126",0.859570,77,0x482d,0xffff,0x8841,133,0x482d,0xfffc,0x1209,,,idle2.pcapng
"Oct 12, 2023 17:55:49.744048",1.480922,12,0x2cae,0x482d,0x8863,216,,,,,,idle2.pcapng
"Oct 12, 2023 17:55:49.744816",0.000768,5,,,0x0002,216,,,,,,idle2.pcapng
"Oct 12, 2023 17:55:54.773946",5.029130,12,0x2cae,0x482d,0x8863,217,,,,,,idle2.pcapng
"Oct 12, 2023 17:55:54.774713",0.000767,5,,,0x0002,217,,,,,,idle2.pcapng
"Oct 12, 2023 17:55:55.431648",0.656935,68,0xebe5,0xffff,0x8841,12,0xebe5,0xfffc,0x1209,,,idle2.pcapng
"Oct 12, 2023 17:55:56.301063",0.869415,77,0x82eb,0xffff,0x8841,211,0x82eb,0xfffc,0x1209,,,idle2.pcapng
"Oct 12, 2023 17:55:56.661460",0.360397,77,0x054f,0xffff,0x8841,7,0x054f,0xfffc,0x1209,,,idle2.pcapng
"Oct 12, 2023 17:55:56.950622",0.289162,71,0x6e5f,0xffff,0x8841,225,0x6e5f,0xfffc,0x1209,,,idle2.pcapng
"Oct 12, 2023 17:55:59.129563",2.178941,74,0x09ac,0xffff,0x8841,5,0x09ac,0xfffc,0x1209,,,idle2.pcapng
"Oct 12, 2023 17:55:59.775035",0.645472,12,0x2cae,0x482d,0x8863,218,,,,,,idle2.pcapng
"Oct 12, 2023 17:55:59.775802",0.000767,5,,,0x0002,218,,,,,,idle2.pcapng
"Oct 12, 2023 17:55:59.861465",0.085663,77,0xe694,0xffff,0x8841,178,0xe694,0xfffc,0x1209,,,idle2.pcapng
"Oct 12, 2023 17:56:00.114248",0.252783,74,0xa209,0xffff,0x8841,94,0xa209,0xfffc,0x1209,,,idle2.pcapng
"Oct 12, 2023 17:56:00.712606",0.598358,107,0xc8f0,0xffff,0x886b,225,,,,,,idle2.pcapng
"Oct 12, 2023 17:56:02.376624",1.664018,77,0xe5c4,0xffff,0x8841,102,0xe5c4,0xfffc,0x1209,,,idle2.pcapng
"Oct 12, 2023 17:56:04.837763",2.461139,12,0x2cae,0x482d,0x8863,219,,,,,,idle2.pcapng
"Oct 12, 2023 17:56:04.838530",0.000767,5,,,0x0002,219,,,,,,idle2.pcapng
"Oct 12, 2023 17:56:04.899383",0.060853,77,0x0000,0xffff,0x8841,110,0x0000,0xfffc,0x1209,,,idle2.pcapng
"Oct 12, 2023 17:56:09.836637",4.937254,12,0x2cae,0x482d,0x8863,220,,,,,,idle2.pcapng
"Oct 12, 2023 17:56:09.837405",0.000768,5,,,0x0002,220,,,,,,idle2.pcapng
"Oct 12, 2023 17:56:10.482412",0.645007,107,0xe629,0xd0f2,0x886b,13,,,,,,idle2.pcapng
"Oct 12, 2023 17:56:10.833923",0.351511,77,0x054f,0xffff,0x8841,8,0x054f,0xfffc,0x1209,,,idle2.pcapng
"Oct 12, 2023 17:56:11.296931",0.463008,77,0x82eb,0xffff,0x8841,212,0x82eb,0xfffc,0x1209,,,idle2.pcapng
"Oct 12, 2023 17:56:12.030252",0.733321,71,0x6e5f,0xffff,0x8841,226,0x6e5f,0xfffc,0x1209,,,idle2.pcapng
"Oct 12, 2023 17:56:12.790188",,52,,,,,,,,,,idle2.pcapng
"Oct 12, 2023 17:56:12.792194",0.002006,5,,,0x0002,111,,,,,,idle2.pcapng
"Oct 12, 2023 17:56:12.800281",,63,,,,,,,,,,idle2.pcapng
"Oct 12, 2023 17:56:12.802680",0.002399,5,,,0x0002,179,,,,,,idle2.pcapng
"Oct 12, 2023 17:56:12.824302",,52,,,,,,,,,,idle2.pcapng
"Oct 12, 2023 17:56:12.826318",0.002016,5,,,0x0002,112,,,,,,idle2.pcapng
"Oct 12, 2023 17:56:12.834326",,63,,,,,,,,,,idle2.pcapng
"Oct 12, 2023 17:56:12.836725",0.002399,5,,,0x0002,227,,,,,,idle2.pcapng
"Oct 12, 2023 17:56:12.841985",,45,,,,,,,,,,idle2.pcapng
"Oct 12, 2023 17:56:12.843779",0.001794,5,,,0x0002,113,,,,,,idle2.pcapng
"Oct 12, 2023 17:56:12.858526",,54,,,,,,,,,,idle2.pcapng
"Oct 12, 2023 17:56:12.860607",0.002081,5,,,0x0002,114,,,,,,idle2.pcapng
"Oct 12, 2023 17:56:12.868885",,66,,,,,,,,,,idle2.pcapng
"Oct 12, 2023 17:56:12.871380",0.002495,5,,,0x0002,180,,,,,,idle2.pcapng
"Oct 12, 2023 17:56:12.873010",,45,,,,,,,,,,idle2.pcapng
"Oct 12, 2023 17:56:12.874802",0.001792,5,,,0x0002,115,,,,,,idle2.pcapng
"Oct 12, 2023 17:56:12.896585",,54,,,,,,,,,,idle2.pcapng
"Oct 12, 2023 17:56:12.901714",,54,,,,,,,,,,idle2.pcapng
"Oct 12, 2023 17:56:12.903793",0.002079,5,,,0x0002,116,,,,,,idle2.pcapng
"Oct 12, 2023 17:56:12.913669",,54,,,,,,,,,,idle2.pcapng
"Oct 12, 2023 17:56:12.917500",,54,,,,,,,,,,idle2.pcapng
"Oct 12, 2023 17:56:12.919612",0.002112,5,,,0x0a02,213,,,,,,idle2.pcapng
"Oct 12, 2023 17:56:12.924627",,54,,,,,,,,,,idle2.pcapng
"Oct 12, 2023 17:56:12.929252",,54,,,,,,,,,,idle2.pcapng
"Oct 12, 2023 17:56:12.931363",0.002111,5,,,0x0002,117,,,,,,idle2.pcapng
"Oct 12, 2023 17:56:12.932697",,66,,,,,,,,,,idle2.pcapng
"Oct 12, 2023 17:56:12.935192",0.002495,5,,,0x0002,229,,,,,,idle2.pcapng
"Oct 12, 2023 17:56:12.943653",,54,,,,,,,,,,idle2.pcapng
"Oct 12, 2023 17:56:12.945734",0.002081,5,,,0x0002,95,,,,,,idle2.pcapng
"Oct 12, 2023 17:56:12.953101",,45,,,,,,,,,,idle2.pcapng
"Oct 12, 2023 17:56:12.954893",0.001792,5,,,0x0002,118,,,,,,idle2.pcapng
"Oct 12, 2023 17:56:12.958870",,66,,,,,,,,,,idle2.pcapng
"Oct 12, 2023 17:56:12.961365",0.002495,5,,,0x0002,226,,,,,,idle2.pcapng
"Oct 12, 2023 17:56:12.964172",,52,,,,,,,,,,idle2.pcapng
"Oct 12, 2023 17:56:12.971926",0.007754,5,,,0x0002,226,,,,,,idle2.pcapng
"Oct 12, 2023 17:56:12.973786",,52,,,,,,,,,,idle2.pcapng
"Oct 12, 2023 17:56:12.975834",0.002048,5,,,0x0002,119,,,,,,idle2.pcapng
"Oct 12, 2023 17:56:12.979612",0.003778,52,0xa209,0xc8f0,0x8861,96,,,,,,idle2.pcapng
"Oct 12, 2023 17:56:12.981629",0.002017,5,,,0x0002,96,,,,,,idle2.pcapng
"Oct 12, 2023 17:56:12.984393",,45,,,,,,,,,,idle2.pcapng
"Oct 12, 2023 17:56:12.986174",0.001781,5,,,0x0002,120,,,,,,idle2.pcapng
"Oct 12, 2023 17:56:12.989524",0.003350,63,0xc8f0,0x0000,0x8861,227,,,,,,idle2.pcapng
"Oct 12, 2023 17:56:12.994640",,63,,,,,,,,,,idle2.pcapng
"Oct 12, 2023 17:56:12.997039",0.002399,5,,,0x0002,227,,,,,,idle2.pcapng
"Oct 12, 2023 17:56:12.998492",,45,,,,,,,,,,idle2.pcapng
"Oct 12, 2023 17:56:13.000315",0.001823,5,,,0x0002,121,,,,,,idle2.pcapng
"Oct 12, 2023 17:56:13.003065",,45,,,,,,,,,,idle2.pcapng
"Oct 12, 2023 17:56:13.014137",,45,,,,,,,,,,idle2.pcapng
"Oct 12, 2023 17:56:13.015960",0.001823,5,,,0x0002,122,,,,,,idle2.pcapng
"Oct 12, 2023 17:56:13.019017",,45,,,,,,,,,,idle2.pcapng
"Oct 12, 2023 17:56:13.020811",0.001794,5,,,0x0002,98,,,,,,idle2.pcapng
"Oct 12, 2023 17:56:14.827312",1.806501,77,0xe694,0xffff,0x8841,181,0xe694,0xfffc,0x1209,,,idle2.pcapng
"Oct 12, 2023 17:56:14.837793",0.010481,12,0x2cae,0x482d,0x8863,221,,,,,,idle2.pcapng
"Oct 12, 2023 17:56:14.838560",0.000767,5,,,0x0002,221,,,,,,idle2.pcapng
"Oct 12, 2023 17:56:15.748334",0.909774,71,0xc8f0,0xffff,0x8841,228,0xc8f0,0xfffc,0x1209,,,idle2.pcapng
"Oct 12, 2023 17:56:16.280083",0.531749,74,0x09ac,0xffff,0x8841,6,0x09ac,0xfffc,0x1209,,,idle2.pcapng
"Oct 12, 2023 17:56:16.376017",0.095934,74,0xa209,0xffff,0x8841,99,0xa209,0xfffc,0x1209,,,idle2.pcapng
"Oct 12, 2023 17:56:19.899551",3.523534,12,0x2cae,0x482d,0x8863,222,,,,,,idle2.pcapng
"Oct 12, 2023 17:56:19.900318",0.000767,5,,,0x0002,222,,,,,,idle2.pcapng
"Oct 12, 2023 17:56:19.992716",0.092398,77,0xe5c4,0xffff,0x8841,103,0xe5c4,0xfffc,0x1209,,,idle2.pcapng
"Oct 12, 2023 17:56:21.386019",1.393303,77,0x482d,0xffff,0x8841,135,0x482d,0xfffc,0x1209,,,idle2.pcapng
"Oct 12, 2023 17:56:21.488320",0.102301,77,0x0000,0xffff,0x8841,123,0x0000,0xfffc,0x1209,,,idle2.pcapng
"Oct 12, 2023 17:56:24.899772",3.411452,12,0x2cae,0x482d,0x8863,223,,,,,,idle2.pcapng
"Oct 12, 2023 17:56:25.828010",0.928238,77,0x054f,0xffff,0x8841,9,0x054f,0xfffc,0x1209,,,idle2.pcapng
"Oct 12, 2023 17:56:26.297280",0.469270,77,0x82eb,0xffff,0x8841,213,0x82eb,0xfffc,0x1209,,,idle2.pcapng
"Oct 12, 2023 17:56:26.951198",0.653918,53,0x6950,0xfe5d,0x8851,233,,,,,,idle2.pcapng
"Oct 12, 2023 17:56:29.842947",2.891749,37,,,0x0025,136,,,,,,idle2.pcapng
"Oct 12, 2023 17:56:29.967488",0.124541,12,0x2cae,0x482d,0x8863,224,,,,,,idle2.pcapng
"Oct 12, 2023 17:56:30.488213",0.520725,74,0xa209,0xffff,0x8841,100,0xa209,0xfffc,0x1209,,,idle2.pcapng
"Oct 12, 2023 17:56:30.687139",0.198926,71,0xc8f0,0xffff,0x8841,229,0xc8f0,0xfffc,0x1209,,,idle2.pcapng
"Oct 12, 2023 17:56:33.202060",2.514921,74,0x09ac,0xffff,0x8841,7,0x09ac,0xfffc,0x1209,,,idle2.pcapng
"Oct 12, 2023 17:56:35.796833",2.594773,77,0xe5c4,0xffff,0x8841,104,0xe5c4,0xfffc,0x1209,,,idle2.pcapng
"Oct 12, 2023 17:56:36.626512",0.829679,77,0x0000,0xffff,0x8841,124,0x0000,0xfffc,0x1209,,,idle2.pcapng
"Oct 12, 2023 17:56:38.975402",2.348890,77,0x482d,0xffff,0x8841,136,0x482d,0xfffc,0x1209,,,idle2.pcapng
"Oct 12, 2023 17:56:40.005531",1.030129,12,0x2cae,0x482d,0x8863,227,,,,,,idle2.pcapng
"Oct 12, 2023 17:56:40.016071",0.010540,71,0x054f,0xffff,0x8847,10,,,,,,idle2.pcapng
"Oct 12, 2023 17:56:41.303069",1.286998,77,0x82eb,0xffff,0x8841,214,0x82eb,0xfffc,0x1209,,,idle2.pcapng
"Oct 12, 2023 17:56:42.796346",,52,,,,,,,,,,idle2.pcapng
"Oct 12, 2023 17:56:42.798361",0.002015,5,,,0x0002,125,,,,,,idle2.pcapng
"Oct 12, 2023 17:56:42.806322",,63,,,,,,,,,,idle2.pcapng
"Oct 12, 2023 17:56:42.808721",0.002399,5,,,0x0002,183,,,,,,idle2.pcapng
"Oct 12, 2023 17:56:42.830185",,52,,,,,,,,,,idle2.pcapng
"Oct 12, 2023 17:56:42.832203",0.002018,5,,,0x0002,126,,,,,,idle2.pcapng
"Oct 12, 2023 17:56:42.840026",,63,,,,,,,,,,idle2.pcapng
"Oct 12, 2023 17:56:42.842424",0.002398,5,,,0x0002,232,,,,,,idle2.pcapng
"Oct 12, 2023 17:56:42.844772",,45,,,,,,,,,,idle2.pcapng
"Oct 12, 2023 17:56:42.846553",0.001781,5,,,0x0002,127,,,,,,idle2.pcapng
"Oct 12, 2023 17:56:42.864698",,54,,,,,,,,,,idle2.pcapng
"Oct 12, 2023 17:56:42.866779",0.002081,5,,,0x0002,128,,,,,,idle2.pcapng
"Oct 12, 2023 17:56:42.874583",,66,,,,,,,,,,idle2.pcapng
"Oct 12, 2023 17:56:42.877078",0.002495,5,,,0x0002,184,,,,,,idle2.pcapng
"Oct 12, 2023 17:56:42.888127",,45,,,,,,,,,,idle2.pcapng
"Oct 12, 2023 17:56:42.889918",0.001791,5,,,0x0002,129,,,,,,idle2.pcapng
"Oct 12, 2023 17:56:42.903288",,54,,,,,,,,,,idle2.pcapng
"Oct 12, 2023 17:56:42.905368",0.002080,5,,,0x0002,130,,,,,,idle2.pcapng
"Oct 12, 2023 17:56:42.913446",,66,,,,,,,,,,idle2.pcapng
"Oct 12, 2023 17:56:42.915941",0.002495,5,,,0x0002,233,,,,,,idle2.pcapng
"Oct 12, 2023 17:56:42.917937",,54,,,,,,,,,,idle2.pcapng
"Oct 12, 2023 17:56:42.923091",,54,,,,,,,,,,idle2.pcapng
"Oct 12, 2023 17:56:42.925172",0.002081,5,,,0x0002,101,,,,,,idle2.pcapng
"Oct 12, 2023 17:56:42.930895",,54,,,,,,,,,,idle2.pcapng
"Oct 12, 2023 17:56:42.938289",,66,,,,,,,,,,idle2.pcapng
"Oct 12, 2023 17:56:42.940784",0.002495,5,,,0x0002,230,,,,,,idle2.pcapng
"Oct 12, 2023 17:56:42.945057",,45,,,,,,,,,,idle2.pcapng
"Oct 12, 2023 17:56:42.946849",0.001792,5,,,0x0002,132,,,,,,idle2.pcapng
"Oct 12, 2023 17:56:42.957222",,52,,,,,,,,,,idle2.pcapng
"Oct 12, 2023 17:56:42.959269",0.002047,5,,,0x0002,133,,,,,,idle2.pcapng
"Oct 12, 2023 17:56:42.962371",,52,,,,,,,,,,idle2.pcapng
"Oct 12, 2023 17:56:42.964380",0.002009,5,,,0x0002,102,,,,,,idle2.pcapng
"Oct 12, 2023 17:56:42.970038",,45,,,,,,,,,,idle2.pcapng
"Oct 12, 2023 17:56:42.977075",,45,,,,,,,,,,idle2.pcapng
"Oct 12, 2023 17:56:42.980411",,45,,,,,,,,,,idle2.pcapng
"Oct 12, 2023 17:56:42.985238",,45,,,,,,,,,,idle2.pcapng
"Oct 12, 2023 17:56:42.987030",0.001792,5,,,0x0002,103,,,,,,idle2.pcapng
"Oct 12, 2023 17:56:42.990860",,63,,,,,,,,,,idle2.pcapng
"Oct 12, 2023 17:56:42.993259",0.002399,5,,,0x0002,231,,,,,,idle2.pcapng
"Oct 12, 2023 17:56:43.008924",,45,,,,,,,,,,idle2.pcapng
"Oct 12, 2023 17:56:43.010748",0.001824,5,,,0x0002,136,,,,,,idle2.pcapng
"Oct 12, 2023 17:56:43.015217",,45,,,,,,,,,,idle2.pcapng
"Oct 12, 2023 17:56:43.017009",0.001792,5,,,0x0002,104,,,,,,idle2.pcapng
"Oct 12, 2023 17:56:43.451893",,52,,,,,,,,,,idle2.pcapng
"Oct 12, 2023 17:56:43.453939",0.002046,5,,,0x0002,16,,,,,,idle2.pcapng
"Oct 12, 2023 17:56:43.468627",,45,,,,,,,,,,idle2.pcapng
"Oct 12, 2023 17:56:43.470409",0.001782,5,,,0x0002,137,,,,,,idle2.pcapng
"Oct 12, 2023 17:56:43.474114",,45,,,,,,,,,,idle2.pcapng
"Oct 12, 2023 17:56:43.475900",0.001786,5,,,0x0002,185,,,,,,idle2.pcapng
"Oct 12, 2023 17:56:44.782872",1.306972,74,0xa209,0xffff,0x8841,105,0xa209,0xfffc,0x1209,,,idle2.pcapng
"Oct 12, 2023 17:56:44.859684",0.076812,77,0xe694,0xffff,0x8841,186,0xe694,0xfffc,0x1209,,,idle2.pcapng
"Oct 12, 2023 17:56:45.025194",0.165510,12,0x2cae,0x482d,0x8863,228,,,,,,idle2.pcapng
"Oct 12, 2023 17:56:48.391627",3.366433,74,0x09ac,0xffff,0x8841,8,0x09ac,0xfffc,0x1209,,,idle2.pcapng
"Oct 12, 2023 17:56:48.732518",0.340891,55,0xa209,0x0000,0x8861,106,0xa209,0x0000,0x1a09,,,idle2.pcapng
"Oct 12, 2023 17:56:48.734661",0.002143,5,,,0x0002,106,,,,,,idle2.pcapng
"Oct 12, 2023 17:56:48.768887",,52,,,,,,,,,,idle2.pcapng
"Oct 12, 2023 17:56:48.770934",0.002047,5,,,0x0002,107,,,,,,idle2.pcapng
"Oct 12, 2023 17:56:50.252307",1.481373,5,,,0x0002,140,,,,,,idle2.pcapng
"Oct 12, 2023 17:56:50.320210",0.067903,55,0xe5c4,0x0000,0x8861,106,,,,,,idle2.pcapng
"Oct 12, 2023 17:56:50.329308",0.009098,55,0xe5c4,0x0004,0x8861,106,,,,,,idle2.pcapng
"Oct 12, 2023 17:56:50.334441",0.005133,55,0xe5c4,0x0000,0x8861,106,,,,,,idle2.pcapng
"Oct 12, 2023 17:56:50.337647",0.003206,55,0xe5c4,0x0000,0x8861,106,0xe5c4,0x0000,0x1a09,,,idle2.pcapng
"Oct 12, 2023 17:56:50.339790",0.002143,5,,,0x0002,106,,,,,,idle2.pcapng
"Oct 12, 2023 17:56:50.342709",,52,,,,,,,,,,idle2.pcapng
"Oct 12, 2023 17:56:50.344756",0.002047,5,,,0x0002,107,,,,,,idle2.pcapng
"Oct 12, 2023 17:56:50.352104",0.007348,5,,,0x0002,142,,,,,,idle2.pcapng
"Oct 12, 2023 17:56:50.355581",0.003477,52,0xe5c4,0x0000,0x8861,108,,,,,,idle2.pcapng
"Oct 12, 2023 17:56:50.358603",,52,,,,,,,,,,idle2.pcapng
"Oct 12, 2023 17:56:50.360649",0.002046,5,,,0x0002,108,,,,,,idle2.pcapng
"Oct 12, 2023 17:56:50.362936",0.002287,57,0xe5c4,0x0000,0x8861,109,0x482d,0x0000,0x1a09,,,idle2.pcapng
"Oct 12, 2023 17:56:50.365143",0.002207,5,,,0x0002,109,,,,,,idle2.pcapng
"Oct 12, 2023 17:56:50.756394",0.391251,5,,,0x0002,108,,,,,,idle2.pcapng
"Oct 12, 2023 17:56:50.791797",,52,,,,,,,,,,idle2.pcapng
"Oct 12, 2023 17:56:50.793843",0.002046,5,,,0x0002,109,,,,,,idle2.pcapng
"Oct 12, 2023 17:56:51.137568",0.343725,55,0x482d,0xe5c4,0x8861,143,0x482d,0x0000,0x1a09,,,idle2.pcapng
"Oct 12, 2023 17:56:51.139711",0.002143,5,,,0x0002,143,,,,,,idle2.pcapng
"Oct 12, 2023 17:56:51.144121",0.004410,57,0xe5c4,0x0000,0x8861,110,0x482d,0x0000,0x1a09,,,idle2.pcapng
"Oct 12, 2023 17:56:51.146328",0.002207,5,,,0x0002,110,,,,,,idle2.pcapng
"Oct 12, 2023 17:56:51.174199",,52,,,,,,,,,,idle2.pcapng
"Oct 12, 2023 17:56:51.176247",0.002048,5,,,0x0002,144,,,,,,idle2.pcapng
"Oct 12, 2023 17:56:51.180603",,52,,,,,,,,,,idle2.pcapng
"Oct 12, 2023 17:56:51.182650",0.002047,5,,,0x0002,111,,,,,,idle2.pcapng
"Oct 12, 2023 17:56:51.237235",0.054585,74,0x0000,0xffff,0x8841,138,0x0000,0xfffc,0x1209,,,idle2.pcapng
"Oct 12, 2023 17:56:51.309465",0.072230,55,0xe5c4,0x0000,0x8861,112,0xe5c4,0x0000,0x1a09,,,idle2.pcapng
"Oct 12, 2023 17:56:51.311608",0.002143,5,,,0x0002,112,,,,,,idle2.pcapng
"Oct 12, 2023 17:56:51.348431",,52,,,,,,,,,,idle2.pcapng
"Oct 12, 2023 17:56:51.350478",0.002047,5,,,0x0002,113,,,,,,idle2.pcapng
"Oct 12, 2023 17:56:52.582409",1.231931,77,0xe5c4,0xffff,0x8841,114,0xe5c4,0xfffc,0x1209,,,idle2.pcapng
"Oct 12, 2023 17:56:54.516773",1.934364,106,0x482d,0xffff,0x886a,145,,,,,,idle2.pcapng
"Oct 12, 2023 17:56:54.984465",0.467692,74,0x054f,0xffff,0x8841,11,0x054f,0xfffc,0x1209,,,idle2.pcapng
"Oct 12, 2023 17:56:55.090021",0.105556,12,0x2cae,0x482d,0x8863,230,,,,,,idle2.pcapng
"Oct 12, 2023 17:56:55.090788",0.000767,5,,,0x0002,230,,,,,,idle2.pcapng
"Oct 12, 2023 17:56:55.493845",0.403057,68,0xebe5,0xffff,0x8841,17,0xebe5,0xfffc,0x1209,,,idle2.pcapng
"Oct 12, 2023 17:56:56.302777",0.808932,77,0x82eb,0xffff,0x8841,215,0x82eb,0xfffc,0x1209,,,idle2.pcapng
"Oct 12, 2023 17:56:57.063793",0.761016,71,0x6e5f,0xffff,0x8841,234,0x6e5f,0xfffc,0x1209,,,idle2.pcapng
"Oct 12, 2023 17:56:59.814150",2.750357,77,0xe694,0xffff,0x8841,187,0xe694,0xfffc,0x1209,,,idle2.pcapng
"Oct 12, 2023 17:57:00.150914",0.336764,12,0x2cae,0x482d,0x8863,231,,,,,,idle2.pcapng
"Oct 12, 2023 17:57:00.151681",0.000767,5,,,0x0002,231,,,,,,idle2.pcapng
"Oct 12, 2023 17:57:00.976121",0.824440,71,0xa209,0xffff,0x8841,110,0xa209,0xfffc,0x1209,,,idle2.pcapng
"Oct 12, 2023 17:57:05.152873",4.176752,12,0x2cae,0x482d,0x8863,232,,,,,,idle2.pcapng
"Oct 12, 2023 17:57:05.153641",0.000768,5,,,0x0002,232,,,,,,idle2.pcapng
"Oct 12, 2023 17:57:05.720933",0.567292,74,0x09ac,0xffff,0x8841,9,0x09ac,0xfffc,0x1209,,,idle2.pcapng
"Oct 12, 2023 17:57:07.743478",2.022545,77,0x0000,0xffff,0x8841,139,0x0000,0xfffc,0x1209,,,idle2.pcapng
"Oct 12, 2023 17:57:08.753168",1.009690,77,0x482d,0xffff,0x8841,146,0x482d,0xfffc,0x1209,,,idle2.pcapng
"Oct 12, 2023 17:57:09.066910",0.313742,74,0x054f,0xffff,0x8841,12,0x054f,0xfffc,0x1209,,,idle2.pcapng
"Oct 12, 2023 17:57:10.184315",1.117405,12,0x2cae,0x482d,0x8863,233,,,,,,idle2.pcapng
"Oct 12, 2023 17:57:10.185082",0.000767,5,,,0x0002,233,,,,,,idle2.pcapng
"Oct 12, 2023 17:57:10.480648",0.295566,68,0xebe5,0xffff,0x8841,18,0xebe5,0xfffc,0x1209,,,idle2.pcapng
"Oct 12, 2023 17:57:10.777172",0.296524,77,0xe5c4,0xffff,0x8841,115,0xe5c4,0xfffc,0x1209,,,idle2.pcapng
"Oct 12, 2023 17:57:11.305686",0.528514,77,0x82eb,0xffff,0x8841,216,0x82eb,0xfffc,0x1209,,,idle2.pcapng
"Oct 12, 2023 17:57:11.998150",0.692464,71,0x6e5f,0xffff,0x8841,235,0x6e5f,0xfffc,0x1209,,,idle2.pcapng
"Oct 12, 2023 17:57:12.797131",,52,,,,,,,,,,idle2.pcapng
"Oct 12, 2023 17:57:12.799146",0.002015,5,,,0x0002,140,,,,,,idle2.pcapng
"Oct 12, 2023 17:57:12.807190",,63,,,,,,,,,,idle2.pcapng
"Oct 12, 2023 17:57:12.809589",0.002399,5,,,0x0002,188,,,,,,idle2.pcapng
"Oct 12, 2023 17:57:12.832607",,52,,,,,,,,,,idle2.pcapng
"Oct 12, 2023 17:57:12.834623",0.002016,5,,,0x0002,141,,,,,,idle2.pcapng
"Oct 12, 2023 17:57:12.842481",0.007858,63,0x6e5f,0x0000,0x8861,236,,,,,,idle2.pcapng
"Oct 12, 2023 17:57:12.852913",,63,,,,,,,,,,idle2.pcapng
"Oct 12, 2023 17:57:12.855312",0.002399,5,,,0x0002,236,,,,,,idle2.pcapng
"Oct 12, 2023 17:57:12.857367",,45,,,,,,,,,,idle2.pcapng
"Oct 12, 2023 17:57:12.859159",0.001792,5,,,0x0002,142,,,,,,idle2.pcapng
"Oct 12, 2023 17:57:12.881383",,54,,,,,,,,,,idle2.pcapng
"Oct 12, 2023 17:57:12.883463",0.002080,5,,,0x0002,143,,,,,,idle2.pcapng
"Oct 12, 2023 17:57:12.891641",,66,,,,,,,,,,idle2.pcapng
"Oct 12, 2023 17:57:12.894136",0.002495,5,,,0x0002,189,,,,,,idle2.pcapng
"Oct 12, 2023 17:57:12.903261",,54,,,,,,,,,,idle2.pcapng
"Oct 12, 2023 17:57:12.905332",0.002071,5,,,0x0002,144,,,,,,idle2.pcapng
"Oct 12, 2023 17:57:12.913192",,66,,,,,,,,,,idle2.pcapng
"Oct 12, 2023 17:57:12.915687",0.002495,5,,,0x0002,237,,,,,,idle2.pcapng
"Oct 12, 2023 17:57:12.930257",,45,,,,,,,,,,idle2.pcapng
"Oct 12, 2023 17:57:12.932038",0.001781,5,,,0x0002,145,,,,,,idle2.pcapng
"Oct 12, 2023 17:57:12.938987",,54,,,,,,,,,,idle2.pcapng
"Oct 12, 2023 17:57:12.941098",0.002111,5,,,0x0002,146,,,,,,idle2.pcapng
"Oct 12, 2023 17:57:12.943593",,54,,,,,,,,,,idle2.pcapng
"Oct 12, 2023 17:57:12.945662",0.002069,5,,,0x0002,111,,,,,,idle2.pcapng
"Oct 12, 2023 17:57:12.950428",,52,,,,,,,,,,idle2.pcapng
"Oct 12, 2023 17:57:12.952475",0.002047,5,,,0x0002,147,,,,,,idle2.pcapng
"Oct 12, 2023 17:57:12.953594",,66,,,,,,,,,,idle2.pcapng
"Oct 12, 2023 17:57:12.956089",0.002495,5,,,0x0002,234,,,,,,idle2.pcapng
"Oct 12, 2023 17:57:12.957855",,52,,,,,,,,,,idle2.pcapng
"Oct 12, 2023 17:57:12.959874",0.002019,5,,,0x0002,112,,,,,,idle2.pcapng
"Oct 12, 2023 17:57:12.967723",0.007849,63,0xc8f0,0x0000,0x8861,235,,,,,,idle2.pcapng
"Oct 12, 2023 17:57:12.972135",,45,,,,,,,,,,idle2.pcapng
"Oct 12, 2023 17:57:12.973915",0.001780,5,,,0x0002,148,,,,,,idle2.pcapng
"Oct 12, 2023 17:57:12.980533",0.006618,5,,,0x0002,235,,,,,,idle2.pcapng
"Oct 12, 2023 17:57:12.982156",,45,,,,,,,,,,idle2.pcapng
"Oct 12, 2023 17:57:12.991142",0.008986,63,0xc8f0,0x0000,0x8861,236,,,,,,idle2.pcapng
"Oct 12, 2023 17:57:12.994881",,45,,,,,,,,,,idle2.pcapng
"Oct 12, 2023 17:57:12.999253",,45,,,,,,,,,,idle2.pcapng
"Oct 12, 2023 17:57:13.001036",0.001783,5,,,0x0002,149,,,,,,idle2.pcapng
"Oct 12, 2023 17:57:13.006822",,63,,,,,,,,,,idle2.pcapng
"Oct 12, 2023 17:57:13.009221",0.002399,5,,,0x0002,236,,,,,,idle2.pcapng
"Oct 12, 2023 17:57:13.017157",,45,,,,,,,,,,idle2.pcapng
"Oct 12, 2023 17:57:13.018941",0.001784,5,,,0x0002,149,,,,,,idle2.pcapng
"Oct 12, 2023 17:57:13.024715",,45,,,,,,,,,,idle2.pcapng
"Oct 12, 2023 17:57:13.031032",0.006317,5,,,0x0002,113,,,,,,idle2.pcapng
"Oct 12, 2023 17:57:13.040434",,45,,,,,,,,,,idle2.pcapng
"Oct 12, 2023 17:57:13.042258",0.001824,5,,,0x0002,150,,,,,,idle2.pcapng
"Oct 12, 2023 17:57:13.047663",,45,,,,,,,,,,idle2.pcapng
"Oct 12, 2023 17:57:13.049486",0.001823,5,,,0x0002,151,,,,,,idle2.pcapng
"Oct 12, 2023 17:57:13.052237",,45,,,,,,,,,,idle2.pcapng
"Oct 12, 2023 17:57:13.054028",0.001791,5,,,0x0002,114,,,,,,idle2.pcapng
"Oct 12, 2023 17:57:13.058624",,45,,,,,,,,,,idle2.pcapng
"Oct 12, 2023 17:57:13.060448",0.001824,5,,,0x0002,152,,,,,,idle2.pcapng
"Oct 12, 2023 17:57:13.062819",,45,,,,,,,,,,idle2.pcapng
"Oct 12, 2023 17:57:13.064601",0.001782,5,,,0x0002,115,,,,,,idle2.pcapng
"Oct 12, 2023 17:57:14.286147",,50,,,,,,,,,,idle2.pcapng
"Oct 12, 2023 17:57:14.288131",0.001984,5,,,0x0002,153,,,,,,idle2.pcapng
"Oct 12, 2023 17:57:14.292507",0.004376,55,0xa209,0x0000,0x8861,116,0xa209,0x0000,0x1a09,,,idle2.pcapng
"Oct 12, 2023 17:57:14.294650",0.002143,5,,,0x0002,116,,,,,,idle2.pcapng
"Oct 12, 2023 17:57:14.344533",,53,,,,,,,,,,idle2.pcapng
"Oct 12, 2023 17:57:14.346612",0.002079,5,,,0x0002,117,,,,,,idle2.pcapng
"Oct 12, 2023 17:57:14.387273",,50,,,,,,,,,,idle2.pcapng
"Oct 12, 2023 17:57:14.389256",0.001983,5,,,0x0002,154,,,,,,idle2.pcapng
"Oct 12, 2023 17:57:14.394543",0.005287,55,0xa209,0x0000,0x8861,118,0xa209,0x0000,0x1a09,,,idle2.pcapng
"Oct 12, 2023 17:57:14.396686",0.002143,5,,,0x0002,118,,,,,,idle2.pcapng
"Oct 12, 2023 17:57:14.442828",0.046142,53,0xa209,0x0000,0x8861,119,,,,,,idle2.pcapng
"Oct 12, 2023 17:57:14.447608",,53,,,,,,,,,,idle2.pcapng
"Oct 12, 2023 17:57:14.449687",0.002079,5,,,0x0002,119,,,,,,idle2.pcapng
"Oct 12, 2023 17:57:14.873921",0.424234,77,0xe694,0xffff,0x8841,190,0xe694,0xfffc,0x1209,,,idle2.pcapng
"Oct 12, 2023 17:57:15.245443",0.371522,12,0x2cae,0x482d,0x8863,234,,,,,,idle2.pcapng
"Oct 12, 2023 17:57:15.246210",0.000767,5,,,0x0002,234,,,,,,idle2.pcapng
"Oct 12, 2023 17:57:15.800740",0.554530,71,0xc8f0,0xffff,0x8841,237,0xc8f0,0xfffc,0x1209,,,idle2.pcapng
"Oct 12, 2023 17:57:16.418938",0.618198,104,0xa209,0xffff,0x8868,120,,,,,,idle2.pcapng
"Oct 12, 2023 17:57:16.626117",,63,,,,,,,,,,idle2.pcapng
"Oct 12, 2023 17:57:16.631269",,63,,,,,,,,,,idle2.pcapng
"Oct 12, 2023 17:57:16.633668",0.002399,5,,,0x0002,238,,,,,,idle2.pcapng
"Oct 12, 2023 17:57:16.681568",,50,,,,,,,,,,idle2.pcapng
"Oct 12, 2023 17:57:16.683552",0.001984,5,,,0x0002,155,,,,,,idle2.pcapng
"Oct 12, 2023 17:57:16.686879",,50,,,,,,,,,,idle2.pcapng
"Oct 12, 2023 17:57:16.688831",0.001952,5,,,0x0002,121,,,,,,idle2.pcapng
"Oct 12, 2023 17:57:16.694131",,45,,,,,,,,,,idle2.pcapng
"Oct 12, 2023 17:57:16.695953",0.001822,5,,,0x0002,239,,,,,,idle2.pcapng
"Oct 12, 2023 17:57:16.708352",,57,,,,,,,,,,idle2.pcapng
"Oct 12, 2023 17:57:16.710559",0.002207,5,,,0x0002,240,,,,,,idle2.pcapng
"Oct 12, 2023 17:57:16.750857",,50,,,,,,,,,,idle2.pcapng
"Oct 12, 2023 17:57:16.752840",0.001983,5,,,0x0002,156,,,,,,idle2.pcapng
"Oct 12, 2023 17:57:16.755210",,50,,,,,,,,,,idle2.pcapng
"Oct 12, 2023 17:57:16.757162",0.001952,5,,,0x0002,122,,,,,,idle2.pcapng
"Oct 12, 2023 17:57:16.762284",,45,,,,,,,,,,idle2.pcapng
"Oct 12, 2023 17:57:16.764107",0.001823,5,,,0x0002,241,,,,,,idle2.pcapng
"Oct 12, 2023 17:57:20.245314",3.481207,12,0x2cae,0x482d,0x8863,235,,,,,,idle2.pcapng
"Oct 12, 2023 17:57:20.246081",0.000767,5,,,0x0002,235,,,,,,idle2.pcapng
"Oct 12, 2023 17:57:20.254804",0.008723,74,0x09ac,0xffff,0x8841,10,0x09ac,0xfffc,0x1209,,,idle2.pcapng
"Oct 12, 2023 17:57:22.016840",,60,,,,,,,,,,idle2.pcapng
"Oct 12, 2023 17:57:22.019143",0.002303,5,,,0x0002,238,,,,,,idle2.pcapng
"Oct 12, 2023 17:57:22.060664",,50,,,,,,,,,,idle2.pcapng
"Oct 12, 2023 17:57:22.062606",0.001942,5,,,0x0002,157,,,,,,idle2.pcapng
"Oct 12, 2023 17:57:22.067914",,45,,,,,,,,,,idle2.pcapng
"Oct 12, 2023 17:57:22.069736",0.001822,5,,,0x0002,239,,,,,,idle2.pcapng
"Oct 12, 2023 17:57:23.404546",1.334810,77,0x482d,0xffff,0x8841,147,0x482d,0xfffc,0x1209,,,idle2.pcapng
"Oct 12, 2023 17:57:23.691044",0.286498,77,0x054f,0xffff,0x8841,13,0x054f,0xfffc,0x1209,,,idle2.pcapng
"Oct 12, 2023 17:57:23.948152",0.257108,77,0x0000,0xffff,0x8841,158,0x0000,0xfffc,0x1209,,,idle2.pcapng
"Oct 12, 2023 17:57:24.442612",,53,,,,,,,,,,idle2.pcapng
"Oct 12, 2023 17:57:24.444659",0.002047,5,,,0x0002,9,,,,,,idle2.pcapng
"Oct 12, 2023 17:57:24.450710",0.006051,5,,,0x0002,242,,,,,,idle2.pcapng
"Oct 12, 2023 17:57:24.949773",0.499063,12,0x265e,0xc8f0,0x8863,10,,,,,,idle2.pcapng
"Oct 12, 2023 17:57:24.950510",0.000737,5,,,0x0002,10,,,,,,idle2.pcapng
"Oct 12, 2023 17:57:25.310355",0.359845,12,0x2cae,0x482d,0x8863,236,,,,,,idle2.pcapng
"Oct 12, 2023 17:57:25.311123",0.000768,5,,,0x0002,236,,,,,,idle2.pcapng
"Oct 12, 2023 17:57:25.387725",0.076602,68,0xebe5,0xffff,0x8841,19,0xebe5,0xfffc,0x1209,,,idle2.pcapng
"Oct 12, 2023 17:57:25.457786",,53,,,,,,,,,,idle2.pcapng
"Oct 12, 2023 17:57:25.459865",0.002079,5,,,0x0002,20,,,,,,idle2.pcapng
"Oct 12, 2023 17:57:25.460785",,53,,,,,,,,,,idle2.pcapng
"Oct 12, 2023 17:57:25.462863",0.002078,5,,,0x0002,21,,,,,,idle2.pcapng
"Oct 12, 2023 17:57:25.483420",,45,,,,,,,,,,idle2.pcapng
"Oct 12, 2023 17:57:25.485214",0.001794,5,,,0x0002,159,,,,,,idle2.pcapng
"Oct 12, 2023 17:57:25.489219",,45,,,,,,,,,,idle2.pcapng
"Oct 12, 2023 17:57:25.491005",0.001786,5,,,0x0002,191,,,,,,idle2.pcapng
"Oct 12, 2023 17:57:25.492089",,45,,,,,,,,,,idle2.pcapng
"Oct 12, 2023 17:57:25.493881",0.001792,5,,,0x0002,160,,,,,,idle2.pcapng
"Oct 12, 2023 17:57:25.497586",,45,,,,,,,,,,idle2.pcapng
"Oct 12, 2023 17:57:25.499369",0.001783,5,,,0x0002,192,,,,,,idle2.pcapng
"Oct 12, 2023 17:57:26.308275",0.808906,77,0x82eb,0xffff,0x8841,217,0x82eb,0xfffc,0x1209,,,idle2.pcapng
"Oct 12, 2023 17:57:26.457408",,52,,,,,,,,,,idle2.pcapng
"Oct 12, 2023 17:57:26.459455",0.002047,5,,,0x0002,22,,,,,,idle2.pcapng
"Oct 12, 2023 17:57:26.472683",,45,,,,,,,,,,idle2.pcapng
"Oct 12, 2023 17:57:26.474474",0.001791,5,,,0x0002,161,,,,,,idle2.pcapng
"Oct 12, 2023 17:57:26.478574",,45,,,,,,,,,,idle2.pcapng
"Oct 12, 2023 17:57:26.480358",0.001784,5,,,0x0002,193,,,,,,idle2.pcapng
"Oct 12, 2023 17:57:27.021783",0.541425,71,0x6e5f,0xffff,0x8841,240,0x6e5f,0xfffc,0x1209,,,idle2.pcapng
"Oct 12, 2023 17:57:27.288398",,52,,,,,,,,,,idle2.pcapng
"Oct 12, 2023 17:57:27.290445",0.002047,5,,,0x0002,11,,,,,,idle2.pcapng
"Oct 12, 2023 17:57:27.303950",,45,,,,,,,,,,idle2.pcapng
"Oct 12, 2023 17:57:27.305744",0.001794,5,,,0x0002,162,,,,,,idle2.pcapng
"Oct 12, 2023 17:57:27.309517",,45,,,,,,,,,,idle2.pcapng
"Oct 12, 2023 17:57:27.311340",0.001823,5,,,0x0002,194,,,,,,idle2.pcapng
"Oct 12, 2023 17:57:27.331511",,50,,,,,,,,,,idle2.pcapng
"Oct 12, 2023 17:57:27.333453",0.001942,5,,,0x0002,163,,,,,,idle2.pcapng
"Oct 12, 2023 17:57:27.337237",,50,,,,,,,,,,idle2.pcapng
"Oct 12, 2023 17:57:27.339220",0.001983,5,,,0x0002,195,,,,,,idle2.pcapng
"Oct 12, 2023 17:57:27.345909",,45,,,,,,,,,,idle2.pcapng
"Oct 12, 2023 17:57:27.347732",0.001823,5,,,0x0002,12,,,,,,idle2.pcapng
"Oct 12, 2023 17:57:28.739419",1.391687,77,0xe5c4,0xffff,0x8841,116,0xe5c4,0xfffc,0x1209,,,idle2.pcapng
"Oct 12, 2023 17:57:29.755599",1.016180,77,0xe694,0xffff,0x8841,196,0xe694,0xfffc,0x1209,,,idle2.pcapng
"Oct 12, 2023 17:57:30.309410",0.553811,12,0x2cae,0x482d,0x8863,237,,,,,,idle2.pcapng
"Oct 12, 2023 17:57:30.310177",0.000767,5,,,0x0002,237,,,,,,idle2.pcapng
"Oct 12, 2023 17:57:30.823625",0.513448,71,0xc8f0,0xffff,0x8841,243,0xc8f0,0xfffc,0x1209,,,idle2.pcapng
"Oct 12, 2023 17:57:31.650243",,60,,,,,,,,,,idle2.pcapng
"Oct 12, 2023 17:57:31.652546",0.002303,5,,,0x0002,197,,,,,,idle2.pcapng
"Oct 12, 2023 17:57:31.695066",,50,,,,,,,,,,idle2.pcapng
"Oct 12, 2023 17:57:31.697018",0.001952,5,,,0x0002,164,,,,,,idle2.pcapng
"Oct 12, 2023 17:57:31.702414",,45,,,,,,,,,,idle2.pcapng
"Oct 12, 2023 17:57:31.704237",0.001823,5,,,0x0002,198,,,,,,idle2.pcapng
"Oct 12, 2023 17:57:33.994449",2.290212,108,0xa209,0xffff,0x886c,123,,,,,,idle2.pcapng
"Oct 12, 2023 17:57:35.341583",1.347134,12,0x2cae,0x482d,0x8863,238,,,,,,idle2.pcapng
"Oct 12, 2023 17:57:35.342350",0.000767,5,,,0x0002,238,,,,,,idle2.pcapng
"Oct 12, 2023 17:57:36.597976",1.255626,74,0x09ac,0xffff,0x8841,13,0x09ac,0xfffc,0x1209,,,idle2.pcapng
"Oct 12, 2023 17:57:39.816002",3.218026,77,0x482d,0xffff,0x8841,148,0x482d,0xfffc,0x1209,,,idle2.pcapng
"Oct 12, 2023 17:57:40.404245",0.588243,12,0x2cae,0x482d,0x8863,239,,,,,,idle2.pcapng
"Oct 12, 2023 17:57:40.405012",0.000767,5,,,0x0002,239,,,,,,idle2.pcapng
"Oct 12, 2023 17:57:40.442314",0.037302,77,0x054f,0xffff,0x8841,14,0x054f,0xfffc,0x1209,,,idle2.pcapng
"Oct 12, 2023 17:57:40.500879",0.058565,68,0xebe5,0xffff,0x8841,23,0xebe5,0xfffc,0x1209,,,idle2.pcapng
"Oct 12, 2023 17:57:40.630579",0.129700,5,,,0x0002,241,,,,,,idle2.pcapng
"Oct 12, 2023 17:57:40.676034",,50,,,,,,,,,,idle2.pcapng
"Oct 12, 2023 17:57:40.679972",,50,,,,,,,,,,idle2.pcapng
"Oct 12, 2023 17:57:40.681923",0.001951,5,,,0x0002,165,,,,,,idle2.pcapng
"Oct 12, 2023 17:57:40.687126",,45,,,,,,,,,,idle2.pcapng
"Oct 12, 2023 17:57:40.688949",0.001823,5,,,0x0002,242,,,,,,idle2.pcapng
"Oct 12, 2023 17:57:40.701320",,57,,,,,,,,,,idle2.pcapng
"Oct 12, 2023 17:57:40.703527",0.002207,5,,,0x0002,243,,,,,,idle2.pcapng
"Oct 12, 2023 17:57:40.743673",,50,,,,,,,,,,idle2.pcapng
"Oct 12, 2023 17:57:40.745615",0.001942,5,,,0x0002,166,,,,,,idle2.pcapng
"Oct 12, 2023 17:57:40.750802",0.005187,45,0x6e5f,0x0000,0x8861,244,,,,,,idle2.pcapng
"Oct 12, 2023 17:57:40.752625",0.001823,5,,,0x0002,244,,,,,,idle2.pcapng
"Oct 12, 2023 17:57:41.178807",0.426182,77,0x0000,0xffff,0x8841,167,0x0000,0xfffc,0x1209,,,idle2.pcapng
"Oct 12, 2023 17:57:41.309903",0.131096,77,0x82eb,0xffff,0x8841,218,0x82eb,0xfffc,0x1209,,,idle2.pcapng
"Oct 12, 2023 17:57:41.958386",0.648483,74,0x6e5f,0xffff,0x8841,245,0x6e5f,0xfffc,0x1209,,,idle2.pcapng
"Oct 12, 2023 17:57:42.799910",,52,,,,,,,,,,idle2.pcapng
"Oct 12, 2023 17:57:42.801928",0.002018,5,,,0x0002,168,,,,,,idle2.pcapng
"Oct 12, 2023 17:57:42.809946",,63,,,,,,,,,,idle2.pcapng
"Oct 12, 2023 17:57:42.812345",0.002399,5,,,0x0002,199,,,,,,idle2.pcapng
"Oct 12, 2023 17:57:42.835617",,52,,,,,,,,,,idle2.pcapng
"Oct 12, 2023 17:57:42.837633",0.002016,5,,,0x0002,169,,,,,,idle2.pcapng
"Oct 12, 2023 17:57:42.845347",,63,,,,,,,,,,idle2.pcapng
"Oct 12, 2023 17:57:42.847746",0.002399,5,,,0x0002,246,,,,,,idle2.pcapng
"Oct 12, 2023 17:57:42.849268",,45,,,,,,,,,,idle2.pcapng
"Oct 12, 2023 17:57:42.851052",0.001784,5,,,0x0002,170,,,,,,idle2.pcapng
"Oct 12, 2023 17:57:42.869606",,54,,,,,,,,,,idle2.pcapng
"Oct 12, 2023 17:57:42.871685",0.002079,5,,,0x0002,171,,,,,,idle2.pcapng
"Oct 12, 2023 17:57:42.879669",,66,,,,,,,,,,idle2.pcapng
"Oct 12, 2023 17:57:42.882163",0.002494,5,,,0x0002,200,,,,,,idle2.pcapng
"Oct 12, 2023 17:57:42.885824",,45,,,,,,,,,,idle2.pcapng
"Oct 12, 2023 17:57:42.887616",0.001792,5,,,0x0002,172,,,,,,idle2.pcapng
"Oct 12, 2023 17:57:42.908603",,54,,,,,,,,,,idle2.pcapng
"Oct 12, 2023 17:57:42.910673",0.002070,5,,,0x0002,173,,,,,,idle2.pcapng
"Oct 12, 2023 17:57:42.919534",,66,,,,,,,,,,idle2.pcapng
"Oct 12, 2023 17:57:42.922029",0.002495,5,,,0x0002,247,,,,,,idle2.pcapng
"Oct 12, 2023 17:57:42.931971",,54,,,,,,,,,,idle2.pcapng
"Oct 12, 2023 17:57:42.934083",0.002112,5,,,0x0002,174,,,,,,idle2.pcapng
"Oct 12, 2023 17:57:42.936875",,54,,,,,,,,,,idle2.pcapng
"Oct 12, 2023 17:57:42.938946",0.002071,5,,,0x0002,124,,,,,,idle2.pcapng
"Oct 12, 2023 17:57:42.943392",,45,,,,,,,,,,idle2.pcapng
"Oct 12, 2023 17:57:42.945178",0.001786,5,,,0x0002,175,,,,,,idle2.pcapng
"Oct 12, 2023 17:57:42.946780",,66,,,,,,,,,,idle2.pcapng
"Oct 12, 2023 17:57:42.950940",,52,,,,,,,,,,idle2.pcapng
"Oct 12, 2023 17:57:42.955649",,52,,,,,,,,,,idle2.pcapng
"Oct 12, 2023 17:57:42.960710",,52,,,,,,,,,,idle2.pcapng
"Oct 12, 2023 17:57:42.965363",,52,,,,,,,,,,idle2.pcapng
"Oct 12, 2023 17:57:42.967410",0.002047,5,,,0x0002,176,,,,,,idle2.pcapng
"Oct 12, 2023 17:57:42.970185",0.002775,108,0xc8f0,0x0000,0x886c,244,,,,,,idle2.pcapng
"Oct 12, 2023 17:57:42.972680",0.002495,5,,,0x0002,245,,,,,,idle2.pcapng
"Oct 12, 2023 17:57:42.975004",,52,,,,,,,,,,idle2.pcapng
"Oct 12, 2023 17:57:42.977021",0.002017,5,,,0x0002,125,,,,,,idle2.pcapng
"Oct 12, 2023 17:57:42.984899",,63,,,,,,,,,,idle2.pcapng
"Oct 12, 2023 17:57:42.987298",0.002399,5,,,0x0002,246,,,,,,idle2.pcapng
"Oct 12, 2023 17:57:42.988879",,45,,,,,,,,,,idle2.pcapng
"Oct 12, 2023 17:57:42.990660",0.001781,5,,,0x0002,177,,,,,,idle2.pcapng
"Oct 12, 2023 17:57:43.004685",,45,,,,,,,,,,idle2.pcapng
"Oct 12, 2023 17:57:43.006509",0.001824,5,,,0x0002,178,,,,,,idle2.pcapng
"Oct 12, 2023 17:57:43.010564",,45,,,,,,,,,,idle2.pcapng
"Oct 12, 2023 17:57:43.012358",0.001794,5,,,0x0002,126,,,,,,idle2.pcapng
"Oct 12, 2023 17:57:43.015647",,45,,,,,,,,,,idle2.pcapng
"Oct 12, 2023 17:57:43.020876",,45,,,,,,,,,,idle2.pcapng
"Oct 12, 2023 17:57:43.022699",0.001823,5,,,0x0002,179,,,,,,idle2.pcapng
"Oct 12, 2023 17:57:43.026331",,45,,,,,,,,,,idle2.pcapng
"Oct 12, 2023 17:57:43.028126",0.001795,5,,,0x0002,127,,,,,,idle2.pcapng
"Oct 12, 2023 17:57:44.882403",1.854277,77,0xe694,0xffff,0x8841,201,0xe694,0xfffc,0x1209,,,idle2.pcapng
"Oct 12, 2023 17:57:45.434376",0.551973,12,0x2cae,0x482d,0x8863,240,,,,,,idle2.pcapng
"Oct 12, 2023 17:57:45.435143",0.000767,5,,,0x0002,240,,,,,,idle2.pcapng
"Oct 12, 2023 17:57:45.759912",0.324769,71,0xc8f0,0xffff,0x8841,247,0xc8f0,0xfffc,0x1209,,,idle2.pcapng
"Oct 12, 2023 17:57:46.014410",0.254498,77,0xe5c4,0xffff,0x8841,117,0xe5c4,0xfffc,0x1209,,,idle2.pcapng
"Oct 12, 2023 17:57:47.328203",,50,,,,,,,,,,idle2.pcapng
"Oct 12, 2023 17:57:47.330186",0.001983,5,,,0x0002,180,,,,,,idle2.pcapng
"Oct 12, 2023 17:57:47.333911",0.003725,55,0xe5c4,0x0000,0x8861,118,0xe5c4,0x0000,0x1a09,,,idle2.pcapng
"Oct 12, 2023 17:57:47.336053",0.002142,5,,,0x0002,118,,,,,,idle2.pcapng
"Oct 12, 2023 17:57:47.383209",,53,,,,,,,,,,idle2.pcapng
"Oct 12, 2023 17:57:47.385288",0.002079,5,,,0x0002,119,,,,,,idle2.pcapng
"Oct 12, 2023 17:57:47.426034",,50,,,,,,,,,,idle2.pcapng
"Oct 12, 2023 17:57:47.428017",0.001983,5,,,0x0002,181,,,,,,idle2.pcapng
"Oct 12, 2023 17:57:47.433049",0.005032,55,0xe5c4,0x0000,0x8861,120,0xe5c4,0x0000,0x1a09,,,idle2.pcapng
"Oct 12, 2023 17:57:47.435192",0.002143,5,,,0x0002,120,,,,,,idle2.pcapng
"Oct 12, 2023 17:57:47.480467",,53,,,,,,,,,,idle2.pcapng
"Oct 12, 2023 17:57:47.482546",0.002079,5,,,0x0002,121,,,,,,idle2.pcapng
"Oct 12, 2023 17:57:49.814072",2.331526,74,0xa209,0xffff,0x8841,128,0xa209,0xfffc,0x1209,,,idle2.pcapng
"Oct 12, 2023 17:57:50.467097",0.653025,12,0x2cae,0x482d,0x8863,241,,,,,,idle2.pcapng
"Oct 12, 2023 17:57:50.467865",0.000768,5,,,0x0002,241,,,,,,idle2.pcapng
"Oct 12, 2023 17:57:51.405786",0.937921,74,0x09ac,0xffff,0x8841,14,0x09ac,0xfffc,0x1209,,,idle2.pcapng
"Oct 12, 2023 17:57:54.874839",3.469053,77,0x482d,0xffff,0x8841,149,0x482d,0xfffc,0x1209,,,idle2.pcapng
"Oct 12, 2023 17:57:55.305101",0.430262,77,0x0000,0xffff,0x8841,182,0x0000,0xfffc,0x1209,,,idle2.pcapng
"Oct 12, 2023 17:57:55.463354",,52,,,,,,,,,,idle2.pcapng
"Oct 12, 2023 17:57:55.465401",0.002047,5,,,0x0002,24,,,,,,idle2.pcapng
"Oct 12, 2023 17:57:55.467048",,53,,,,,,,,,,idle2.pcapng
"Oct 12, 2023 17:57:55.469127",0.002079,5,,,0x0002,25,,,,,,idle2.pcapng
"Oct 12, 2023 17:57:55.470065",,52,,,,,,,,,,idle2.pcapng
"Oct 12, 2023 17:57:55.472112",0.002047,5,,,0x0002,26,,,,,,idle2.pcapng
"Oct 12, 2023 17:57:55.495415",0.023303,68,0xebe5,0xffff,0x8841,27,0xebe5,0xfffc,0x1209,,,idle2.pcapng
"Oct 12, 2023 17:57:55.505197",,45,,,,,,,,,,idle2.pcapng
"Oct 12, 2023 17:57:55.506989",0.001792,5,,,0x0002,183,,,,,,idle2.pcapng
"Oct 12, 2023 17:57:55.510764",,45,,,,,,,,,,idle2.pcapng
"Oct 12, 2023 17:57:55.512547",0.001783,5,,,0x0002,202,,,,,,idle2.pcapng
"Oct 12, 2023 17:57:55.515468",,45,,,,,,,,,,idle2.pcapng
"Oct 12, 2023 17:57:55.517261",0.001793,5,,,0x0002,184,,,,,,idle2.pcapng
"Oct 12, 2023 17:57:55.521197",,45,,,,,,,,,,idle2.pcapng
"Oct 12, 2023 17:57:55.522985",0.001788,5,,,0x0002,203,,,,,,idle2.pcapng
"Oct 12, 2023 17:57:55.523916",,45,,,,,,,,,,idle2.pcapng
"Oct 12, 2023 17:57:55.525710",0.001794,5,,,0x0002,185,,,,,,idle2.pcapng
"Oct 12, 2023 17:57:55.527845",0.002135,12,0x2cae,0x482d,0x8863,242,,,,,,idle2.pcapng
"Oct 12, 2023 17:57:55.528612",0.000767,5,,,0x0002,242,,,,,,idle2.pcapng
"Oct 12, 2023 17:57:55.529701",,45,,,,,,,,,,idle2.pcapng
"Oct 12, 2023 17:57:55.531488",0.001787,5,,,0x0002,204,,,,,,idle2.pcapng
"Oct 12, 2023 17:57:56.311212",0.779724,77,0x82eb,0xffff,0x8841,219,0x82eb,0xfffc,0x1209,,,idle2.pcapng
"Oct 12, 2023 17:57:56.976337",0.665125,74,0x6e5f,0xffff,0x8841,248,0x6e5f,0xfffc,0x1209,,,idle2.pcapng
"Oct 12, 2023 17:57:57.200559",,60,,,,,,,,,,idle2.pcapng
"Oct 12, 2023 17:57:57.202862",0.002303,5,,,0x0002,248,,,,,,idle2.pcapng
"Oct 12, 2023 17:57:57.242307",,50,,,,,,,,,,idle2.pcapng
"Oct 12, 2023 17:57:57.244291",0.001984,5,,,0x0002,186,,,,,,idle2.pcapng
"Oct 12, 2023 17:57:57.248701",,50,,,,,,,,,,idle2.pcapng
"Oct 12, 2023 17:57:57.250641",0.001940,5,,,0x0002,129,,,,,,idle2.pcapng
"Oct 12, 2023 17:57:57.255756",,45,,,,,,,,,,idle2.pcapng
"Oct 12, 2023 17:57:57.257579",0.001823,5,,,0x0002,249,,,,,,idle2.pcapng
"Oct 12, 2023 17:57:57.500960",0.243381,77,0x054f,0xffff,0x8841,15,0x054f,0xfffc,0x1209,,,idle2.pcapng
"Oct 12, 2023 17:57:59.782194",2.281234,77,0xe694,0xffff,0x8841,205,0xe694,0xfffc,0x1209,,,idle2.pcapng
"Oct 12, 2023 17:58:00.353635",0.571441,77,0xe5c4,0xffff,0x8841,122,0xe5c4,0xfffc,0x1209,,,idle2.pcapng
"Oct 12, 2023 17:58:00.561171",0.207536,12,0x2cae,0x482d,0x8863,243,,,,,,idle2.pcapng
"Oct 12, 2023 17:58:00.561938",0.000767,5,,,0x0002,243,,,,,,idle2.pcapng
"Oct 12, 2023 17:58:00.759395",0.197457,71,0xc8f0,0xffff,0x8841,250,0xc8f0,0xfffc,0x1209,,,idle2.pcapng
"Oct 12, 2023 17:58:05.592292",4.832897,12,0x2cae,0x482d,0x8863,244,,,,,,idle2.pcapng
"Oct 12, 2023 17:58:05.593059",0.000767,5,,,0x0002,244,,,,,,idle2.pcapng
"Oct 12, 2023 17:58:05.702327",0.109268,74,0x09ac,0xffff,0x8841,15,0x09ac,0xfffc,0x1209,,,idle2.pcapng
"Oct 12, 2023 17:58:07.692420",1.990093,74,0xa209,0xffff,0x8841,130,0xa209,0xfffc,0x1209,,,idle2.pcapng
"Oct 12, 2023 17:58:10.427152",2.734732,68,0xebe5,0xffff,0x8841,28,0xebe5,0xfffc,0x1209,,,idle2.pcapng
"Oct 12, 2023 17:58:10.623559",0.196407,12,0x2cae,0x482d,0x8863,245,,,,,,idle2.pcapng
"Oct 12, 2023 17:58:10.624326",0.000767,5,,,0x0002,245,,,,,,idle2.pcapng
"Oct 12, 2023 17:58:11.323081",0.698755,77,0x82eb,0xffff,0x8841,220,0x82eb,0xfffc,0x1209,,,idle2.pcapng
"Oct 12, 2023 17:58:11.680589",0.357508,77,0x054f,0xffff,0x8841,16,0x054f,0xfffc,0x1209,,,idle2.pcapng
"Oct 12, 2023 17:58:11.784740",0.104151,77,0x0000,0xffff,0x8841,187,0x0000,0xfffc,0x1209,,,idle2.pcapng
"Oct 12, 2023 17:58:12.054068",0.269328,107,0x6e5f,0xffff,0x886b,249,,,,,,idle2.pcapng
"Oct 12, 2023 17:58:12.717572",0.663504,77,0x482d,0xffff,0x8841,150,0x482d,0xfffc,0x1209,,,idle2.pcapng
"Oct 12, 2023 17:58:12.804331",,52,,,,,,,,,,idle2.pcapng
"Oct 12, 2023 17:58:12.806344",0.002013,5,,,0x0002,188,,,,,,idle2.pcapng
"Oct 12, 2023 17:58:12.814313",,63,,,,,,,,,,idle2.pcapng
"Oct 12, 2023 17:58:12.816712",0.002399,5,,,0x0002,206,,,,,,idle2.pcapng
"Oct 12, 2023 17:58:12.844385",,52,,,,,,,,,,idle2.pcapng
"Oct 12, 2023 17:58:12.846403",0.002018,5,,,0x0002,189,,,,,,idle2.pcapng
"Oct 12, 2023 17:58:12.854234",,63,,,,,,,,,,idle2.pcapng
"Oct 12, 2023 17:58:12.856633",0.002399,5,,,0x0002,250,,,,,,idle2.pcapng
"Oct 12, 2023 17:58:12.857429",,45,,,,,,,,,,idle2.pcapng
"Oct 12, 2023 17:58:12.859222",0.001793,5,,,0x0002,190,,,,,,idle2.pcapng
"Oct 12, 2023 17:58:12.890332",,54,,,,,,,,,,idle2.pcapng
"Oct 12, 2023 17:58:12.892413",0.002081,5,,,0x0002,191,,,,,,idle2.pcapng
"Oct 12, 2023 17:58:12.900193",,66,,,,,,,,,,idle2.pcapng
"Oct 12, 2023 17:58:12.902688",0.002495,5,,,0x0002,207,,,,,,idle2.pcapng
"Oct 12, 2023 17:58:12.906838",,54,,,,,,,,,,idle2.pcapng
"Oct 12, 2023 17:58:12.908918",0.002080,5,,,0x0002,192,,,,,,idle2.pcapng
"Oct 12, 2023 17:58:12.916921",,66,,,,,,,,,,idle2.pcapng
"Oct 12, 2023 17:58:12.919416",0.002495,5,,,0x0002,251,,,,,,idle2.pcapng
"Oct 12, 2023 17:58:12.934745",,45,,,,,,,,,,idle2.pcapng
"Oct 12, 2023 17:58:12.936533",0.001788,5,,,0x0002,193,,,,,,idle2.pcapng
"Oct 12, 2023 17:58:12.942242",,54,,,,,,,,,,idle2.pcapng
"Oct 12, 2023 17:58:12.944353",0.002111,5,,,0x0002,194,,,,,,idle2.pcapng
"Oct 12, 2023 17:58:12.947145",,54,,,,,,,,,,idle2.pcapng
"Oct 12, 2023 17:58:12.949215",0.002070,5,,,0x0002,131,,,,,,idle2.pcapng
"Oct 12, 2023 17:58:12.955097",,52,,,,,,,,,,idle2.pcapng
"Oct 12, 2023 17:58:12.957147",,66,,,,,,,,,,idle2.pcapng
"Oct 12, 2023 17:58:12.960274",,52,,,,,,,,,,idle2.pcapng
"Oct 12, 2023 17:58:12.966063",,52,,,,,,,,,,idle2.pcapng
"Oct 12, 2023 17:58:12.971371",,52,,,,,,,,,,idle2.pcapng
"Oct 12, 2023 17:58:12.977737",,45,,,,,,,,,,idle2.pcapng
"Oct 12, 2023 17:58:12.979519",0.001782,5,,,0x0002,196,,,,,,idle2.pcapng
"Oct 12, 2023 17:58:12.980572",0.001053,107,0xc8f0,0x0000,0x886b,252,,,,,,idle2.pcapng
"Oct 12, 2023 17:58:12.984238",,45,,,,,,,,,,idle2.pcapng
"Oct 12, 2023 17:58:12.993498",0.009260,5,,,0x0002,252,,,,,,idle2.pcapng
"Oct 12, 2023 17:58:12.996265",,66,,,,,,,,,,idle2.pcapng
"Oct 12, 2023 17:58:12.998759",0.002494,5,,,0x0002,252,,,,,,idle2.pcapng
"Oct 12, 2023 17:58:13.002599",,45,,,,,,,,,,idle2.pcapng
"Oct 12, 2023 17:58:13.004389",0.001790,5,,,0x0002,197,,,,,,idle2.pcapng
"Oct 12, 2023 17:58:13.009571",,52,,,,,,,,,,idle2.pcapng
"Oct 12, 2023 17:58:13.011619",0.002048,5,,,0x0002,198,,,,,,idle2.pcapng
"Oct 12, 2023 17:58:13.020987",,45,,,,,,,,,,idle2.pcapng
"Oct 12, 2023 17:58:13.022810",0.001823,5,,,0x0002,199,,,,,,idle2.pcapng
"Oct 12, 2023 17:58:13.025467",,45,,,,,,,,,,idle2.pcapng
"Oct 12, 2023 17:58:13.027254",0.001787,5,,,0x0002,133,,,,,,idle2.pcapng
"Oct 12, 2023 17:58:13.029574",0.002320,52,0xa209,0xc8f0,0x8861,134,,,,,,idle2.pcapng
"Oct 12, 2023 17:58:13.039238",,63,,,,,,,,,,idle2.pcapng
"Oct 12, 2023 17:58:13.041637",0.002399,5,,,0x0002,253,,,,,,idle2.pcapng
"Oct 12, 2023 17:58:13.057473",,45,,,,,,,,,,idle2.pcapng
"Oct 12, 2023 17:58:13.059296",0.001823,5,,,0x0002,200,,,,,,idle2.pcapng
"Oct 12, 2023 17:58:13.062102",,45,,,,,,,,,,idle2.pcapng
"Oct 12, 2023 17:58:13.063892",0.001790,5,,,0x0002,135,,,,,,idle2.pcapng
"Oct 12, 2023 17:58:14.785744",1.721852,77,0xe694,0xffff,0x8841,208,0xe694,0xfffc,0x1209,,,idle2.pcapng
"Oct 12, 2023 17:58:15.653673",0.867929,12,0x2cae,0x482d,0x8863,246,,,,,,idle2.pcapng
"Oct 12, 2023 17:58:15.654440",0.000767,5,,,0x0002,246,,,,,,idle2.pcapng
"Oct 12, 2023 17:58:15.812157",0.157717,71,0xc8f0,0xffff,0x8841,254,0xc8f0,0xfffc,0x1209,,,idle2.pcapng
"Oct 12, 2023 17:58:15.941781",0.129624,77,0xe5c4,0xffff,0x8841,123,0xe5c4,0xfffc,0x1209,,,idle2.pcapng
"Oct 12, 2023 17:58:20.046363",4.104582,74,0x09ac,0xffff,0x8841,16,0x09ac,0xfffc,0x1209,,,idle2.pcapng
"Oct 12, 2023 17:58:20.687287",0.640924,12,0x2cae,0x482d,0x8863,247,,,,,,idle2.pcapng
"Oct 12, 2023 17:58:20.688054",0.000767,5,,,0x0002,247,,,,,,idle2.pcapng
"Oct 12, 2023 17:58:25.412844",4.724790,68,0xebe5,0xffff,0x8841,29,0xebe5,0xfffc,0x1209,,,idle2.pcapng
"Oct 12, 2023 17:58:25.718203",0.305359,12,0x2cae,0x482d,0x8863,248,,,,,,idle2.pcapng
"Oct 12, 2023 17:58:25.718970",0.000767,5,,,0x0002,248,,,,,,idle2.pcapng
"Oct 12, 2023 17:58:26.314469",0.595499,77,0x82eb,0xffff,0x8841,221,0x82eb,0xfffc,0x1209,,,idle2.pcapng
"Oct 12, 2023 17:58:26.854238",0.539769,77,0x054f,0xffff,0x8841,17,0x054f,0xfffc,0x1209,,,idle2.pcapng
"Oct 12, 2023 17:58:27.023873",0.169635,74,0x6e5f,0xffff,0x8841,252,0x6e5f,0xfffc,0x1209,,,idle2.pcapng
"Oct 12, 2023 17:58:27.334691",0.310818,77,0x0000,0xffff,0x8841,201,0x0000,0xfffc,0x1209,,,idle2.pcapng
"Oct 12, 2023 17:58:29.297198",1.962507,77,0x482d,0xffff,0x8841,151,0x482d,0xfffc,0x1209,,,idle2.pcapng
"Oct 12, 2023 17:58:29.804610",0.507412,77,0xe694,0xffff,0x8841,209,0xe694,0xfffc,0x1209,,,idle2.pcapng
"Oct 12, 2023 17:58:30.748631",0.944021,12,0x2cae,0x482d,0x8863,249,,,,,,idle2.pcapng
"Oct 12, 2023 17:58:30.749398",0.000767,5,,,0x0002,249,,,,,,idle2.pcapng
"Oct 12, 2023 17:58:30.753716",0.004318,71,0xc8f0,0xffff,0x8841,255,0xc8f0,0xfffc,0x1209,,,idle2.pcapng
"Oct 12, 2023 17:58:30.957684",,55,,,,,,,,,,idle2.pcapng
"Oct 12, 2023 17:58:30.959798",0.002114,5,,,0x0002,133,,,,,,idle2.pcapng
"Oct 12, 2023 17:58:30.963623",,55,,,,,,,,,,idle2.pcapng
"Oct 12, 2023 17:58:30.965766",0.002143,5,,,0x0002,210,,,,,,idle2.pcapng
"Oct 12, 2023 17:58:31.982169",1.016403,77,0xe5c4,0xffff,0x8841,124,0xe5c4,0xfffc,0x1209,,,idle2.pcapng
"Oct 12, 2023 17:58:34.348494",2.366325,74,0x09ac,0xffff,0x8841,17,0x09ac,0xfffc,0x1209,,,idle2.pcapng
"Oct 12, 2023 17:58:35.780011",1.431517,12,0x2cae,0x482d,0x8863,250,,,,,,idle2.pcapng
"Oct 12, 2023 17:58:35.780778",0.000767,5,,,0x0002,250,,,,,,idle2.pcapng
"Oct 12, 2023 17:58:40.430835",4.650057,68,0xebe5,0xffff,0x8841,30,0xebe5,0xfffc,0x1209,,,idle2.pcapng
"Oct 12, 2023 17:58:40.810849",0.380014,12,0x2cae,0x482d,0x8863,251,,,,,,idle2.pcapng
"Oct 12, 2023 17:58:40.832105",0.021256,74,0xa209,0xffff,0x8841,137,0xa209,0xfffc,0x1209,,,idle2.pcapng
"Oct 12, 2023 17:58:41.312578",0.480473,77,0x82eb,0xffff,0x8841,222,0x82eb,0xfffc,0x1209,,,idle2.pcapng
"Oct 12, 2023 17:58:41.735567",0.422989,77,0x0000,0xffff,0x8841,202,0x0000,0xfffc,0x1209,,,idle2.pcapng
"Oct 12, 2023 17:58:41.777464",0.041897,77,0x054f,0xffff,0x8841,18,0x054f,0xfffc,0x1209,,,idle2.pcapng
"Oct 12, 2023 17:58:42.088982",0.311518,71,0x6e5f,0xffff,0x8841,253,0x6e5f,0xfffc,0x1209,,,idle2.pcapng
"Oct 12, 2023 17:58:42.808259",,52,,,,,,,,,,idle2.pcapng
"Oct 12, 2023 17:58:42.810275",0.002016,5,,,0x0002,203,,,,,,idle2.pcapng
"Oct 12, 2023 17:58:42.818007",,63,,,,,,,,,,idle2.pcapng
"Oct 12, 2023 17:58:42.820406",0.002399,5,,,0x0002,211,,,,,,idle2.pcapng
"Oct 12, 2023 17:58:42.844206",,52,,,,,,,,,,idle2.pcapng
"Oct 12, 2023 17:58:42.846222",0.002016,5,,,0x0002,204,,,,,,idle2.pcapng
"Oct 12, 2023 17:58:42.854205",0.007983,62,0x6e5f,0x0000,0x8861,254,,,,,,idle2.pcapng
"Oct 12, 2023 17:58:42.856604",0.002399,5,,,0x0002,254,,,,,,idle2.pcapng
"Oct 12, 2023 17:58:42.863784",,45,,,,,,,,,,idle2.pcapng
"Oct 12, 2023 17:58:42.865578",0.001794,5,,,0x0002,205,,,,,,idle2.pcapng
"Oct 12, 2023 17:58:42.900151",,54,,,,,,,,,,idle2.pcapng
"Oct 12, 2023 17:58:42.902230",0.002079,5,,,0x0002,206,,,,,,idle2.pcapng
"Oct 12, 2023 17:58:42.910212",,66,,,,,,,,,,idle2.pcapng
"Oct 12, 2023 17:58:42.912707",0.002495,5,,,0x0002,212,,,,,,idle2.pcapng
"Oct 12, 2023 17:58:42.928881",,45,,,,,,,,,,idle2.pcapng
"Oct 12, 2023 17:58:42.930664",0.001783,5,,,0x0002,207,,,,,,idle2.pcapng
"Oct 12, 2023 17:58:42.937302",,54,,,,,,,,,,idle2.pcapng
"Oct 12, 2023 17:58:42.939384",0.002082,5,,,0x0002,208,,,,,,idle2.pcapng
"Oct 12, 2023 17:58:42.947376",0.007992,107,0x6e5f,0x0000,0x886b,255,,,,,,idle2.pcapng
"Oct 12, 2023 17:58:42.952503",,66,,,,,,,,,,idle2.pcapng
"Oct 12, 2023 17:58:42.954997",0.002494,5,,,0x0002,255,,,,,,idle2.pcapng
"Oct 12, 2023 17:58:42.961151",,54,,,,,,,,,,idle2.pcapng
"Oct 12, 2023 17:58:42.963262",0.002111,5,,,0x0002,209,,,,,,idle2.pcapng
"Oct 12, 2023 17:58:42.967901",,54,,,,,,,,,,idle2.pcapng
"Oct 12, 2023 17:58:42.969981",0.002080,5,,,0x0002,138,,,,,,idle2.pcapng
"Oct 12, 2023 17:58:42.977372",,52,,,,,,,,,,idle2.pcapng
"Oct 12, 2023 17:58:42.980645",,52,,,,,,,,,,idle2.pcapng
"Oct 12, 2023 17:58:42.982692",0.002047,5,,,0x0002,210,,,,,,idle2.pcapng
"Oct 12, 2023 17:58:42.983042",,66,,,,,,,,,,idle2.pcapng
"Oct 12, 2023 17:58:42.985537",0.002495,5,,,0x0002,0,,,,,,idle2.pcapng
"Oct 12, 2023 17:58:42.988328",0.002791,107,0xc8f0,0x0000,0x886b,0,,,,,,idle2.pcapng
"Oct 12, 2023 17:58:42.996301",0.007973,52,0xa209,0xc8f0,0x8861,139,,,,,,idle2.pcapng
"Oct 12, 2023 17:58:43.001081",0.004780,52,,,0xe861,138,,,,,,idle2.pcapng
"Oct 12, 2023 17:58:43.004409",,52,,,,,,,,,,idle2.pcapng
"Oct 12, 2023 17:58:43.006440",,66,,,,,,,,,,idle2.pcapng
"Oct 12, 2023 17:58:43.008935",0.002495,5,,,0x0002,1,,,,,,idle2.pcapng
"Oct 12, 2023 17:58:43.014515",,45,,,,,,,,,,idle2.pcapng
"Oct 12, 2023 17:58:43.016306",0.001791,5,,,0x0002,211,,,,,,idle2.pcapng
"Oct 12, 2023 17:58:43.024337",,45,,,,,,,,,,idle2.pcapng
"Oct 12, 2023 17:58:43.026129",0.001792,5,,,0x0002,212,,,,,,idle2.pcapng
"Oct 12, 2023 17:58:43.030333",,45,,,,,,,,,,idle2.pcapng
"Oct 12, 2023 17:58:43.032157",0.001824,5,,,0x0002,213,,,,,,idle2.pcapng
"Oct 12, 2023 17:58:43.036433",,45,,,,,,,,,,idle2.pcapng
"Oct 12, 2023 17:58:43.038227",0.001794,5,,,0x0002,140,,,,,,idle2.pcapng
"Oct 12, 2023 17:58:43.041165",,45,,,,,,,,,,idle2.pcapng
"Oct 12, 2023 17:58:43.042988",0.001823,5,,,0x0002,214,,,,,,idle2.pcapng
"Oct 12, 2023 17:58:43.045924",,52,,,,,,,,,,idle2.pcapng
"Oct 12, 2023 17:58:43.047940",0.002016,5,,,0x0002,141,,,,,,idle2.pcapng
"Oct 12, 2023 17:58:43.053690",0.005750,5,,,0x0002,142,,,,,,idle2.pcapng
"Oct 12, 2023 17:58:43.056224",,63,,,,,,,,,,idle2.pcapng
"Oct 12, 2023 17:58:43.061333",,63,,,,,,,,,,idle2.pcapng
"Oct 12, 2023 17:58:43.063732",0.002399,5,,,0x0002,2,,,,,,idle2.pcapng
"Oct 12, 2023 17:58:43.078251",,45,,,,,,,,,,idle2.pcapng
"Oct 12, 2023 17:58:43.080075",0.001824,5,,,0x0002,215,,,,,,idle2.pcapng
"Oct 12, 2023 17:58:43.083252",,45,,,,,,,,,,idle2.pcapng
"Oct 12, 2023 17:58:43.085044",0.001792,5,,,0x0002,143,,,,,,idle2.pcapng
"Oct 12, 2023 17:58:44.870420",1.785376,77,0xe694,0xffff,0x8841,213,0xe694,0xfffc,0x1209,,,idle2.pcapng
"Oct 12, 2023 17:58:44.999835",0.129415,105,0x482d,0xffff,0x8869,152,,,,,,idle2.pcapng
"Oct 12, 2023 17:58:45.844266",0.844431,12,0x2cae,0x482d,0x8863,252,,,,,,idle2.pcapng
"Oct 12, 2023 17:58:45.845033",0.000767,5,,,0x0002,252,,,,,,idle2.pcapng
"Oct 12, 2023 17:58:49.797548",3.952515,77,0xe5c4,0xffff,0x8841,125,0xe5c4,0xfffc,0x1209,,,idle2.pcapng
"Oct 12, 2023 17:58:49.808181",0.010633,74,0x09ac,0xffff,0x8841,18,0x09ac,0xfffc,0x1209,,,idle2.pcapng
"Oct 12, 2023 17:58:50.906902",1.098721,12,0x2cae,0x482d,0x8863,253,,,,,,idle2.pcapng
"Oct 12, 2023 17:58:50.907669",0.000767,5,,,0x0002,253,,,,,,idle2.pcapng
"Oct 12, 2023 17:58:51.098853",,53,,,,,,,,,,idle2.pcapng
"Oct 12, 2023 17:58:51.100932",0.002079,5,,,0x0002,254,,,,,,idle2.pcapng
"Oct 12, 2023 17:58:51.104564",0.003632,57,0x482d,0xe5c4,0x8861,153,0x2cae,0x0000,0x1a09,,,idle2.pcapng
"Oct 12, 2023 17:58:51.106771",0.002207,5,,,0x0002,153,,,,,,idle2.pcapng
"Oct 12, 2023 17:58:51.108908",0.002137,12,0x2cae,0x482d,0x8863,255,,,,,,idle2.pcapng
"Oct 12, 2023 17:58:51.109675",0.000767,5,,,0x0002,255,,,,,,idle2.pcapng
"Oct 12, 2023 17:58:51.111120",0.001445,59,0xe5c4,0x0000,0x8861,126,0x2cae,0x0000,0x1a09,,,idle2.pcapng
"Oct 12, 2023 17:58:51.113391",0.002271,5,,,0x0002,126,,,,,,idle2.pcapng
"Oct 12, 2023 17:58:51.153024",,53,,,,,,,,,,idle2.pcapng
"Oct 12, 2023 17:58:51.155103",0.002079,5,,,0x0002,154,,,,,,idle2.pcapng
"Oct 12, 2023 17:58:51.157524",,53,,,,,,,,,,idle2.pcapng
"Oct 12, 2023 17:58:51.159602",0.002078,5,,,0x0002,127,,,,,,idle2.pcapng
"Oct 12, 2023 17:58:51.198123",,56,,,,,,,,,,idle2.pcapng
"Oct 12, 2023 17:58:51.200298",0.002175,5,,,0x0002,216,,,,,,idle2.pcapng
"Oct 12, 2023 17:58:51.204832",,56,,,,,,,,,,idle2.pcapng
"Oct 12, 2023 17:58:51.207008",0.002176,5,,,0x0002,128,,,,,,idle2.pcapng
"Oct 12, 2023 17:58:52.592491",1.385483,12,0x2cae,0x482d,0x8863,0,,,,,,idle2.pcapng
"Oct 12, 2023 17:58:52.593258",0.000767,5,,,0x0012,0,,,,,,idle2.pcapng
"Oct 12, 2023 17:58:52.594698",,50,,,,,,,,,,idle2.pcapng
"Oct 12, 2023 17:58:52.596684",0.001986,5,,,0x0002,155,,,,,,idle2.pcapng
"Oct 12, 2023 17:58:52.600496",0.003812,12,0x2cae,0x482d,0x8863,1,,,,,,idle2.pcapng
"Oct 12, 2023 17:58:52.601264",0.000768,5,,,0x0002,1,,,,,,idle2.pcapng
"Oct 12, 2023 17:58:52.608688",,45,,,,,,,,,,idle2.pcapng
"Oct 12, 2023 17:58:52.610511",0.001823,5,,,0x0002,2,,,,,,idle2.pcapng
"Oct 12, 2023 17:58:52.617646",0.007135,5,,,0x0002,156,,,,,,idle2.pcapng
"Oct 12, 2023 17:58:52.620858",0.003212,12,0x2cae,0x482d,0x8863,3,,,,,,idle2.pcapng
"Oct 12, 2023 17:58:52.621626",0.000768,5,,,0x0002,3,,,,,,idle2.pcapng
"Oct 12, 2023 17:58:52.622389",0.000763,59,0xe5c4,0x0000,0x8861,129,0x2cae,0x0000,0x1a09,,,idle2.pcapng
"Oct 12, 2023 17:58:52.624660",0.002271,5,,,0x0002,129,,,,,,idle2.pcapng
"Oct 12, 2023 17:58:52.662199",,45,,,,,,,,,,idle2.pcapng
"Oct 12, 2023 17:58:52.664022",0.001823,5,,,0x0002,157,,,,,,idle2.pcapng
"Oct 12, 2023 17:58:52.668666",,45,,,,,,,,,,idle2.pcapng
"Oct 12, 2023 17:58:52.670489",0.001823,5,,,0x0002,130,,,,,,idle2.pcapng
"Oct 12, 2023 17:58:54.286584",,56,,,,,,,,,,idle2.pcapng
"Oct 12, 2023 17:58:54.288759",0.002175,5,,,0x0002,4,,,,,,idle2.pcapng
"Oct 12, 2023 17:58:54.291696",0.002937,12,0x2cae,0x482d,0x8863,5,,,,,,idle2.pcapng
"Oct 12, 2023 17:58:54.292463",0.000767,5,,,0x0002,5,,,,,,idle2.pcapng
"Oct 12, 2023 17:58:54.293637",,56,,,,,,,,,,idle2.pcapng
"Oct 12, 2023 17:58:54.303922",,56,,,,,,,,,,idle2.pcapng
"Oct 12, 2023 17:58:54.306420",,56,,,,,,,,,,idle2.pcapng
"Oct 12, 2023 17:58:54.311190",,63,,,,,,,,,,idle2.pcapng
"Oct 12, 2023 17:58:54.313588",0.002398,5,,,0x0002,217,,,,,,idle2.pcapng
"Oct 12, 2023 17:58:54.317830",,63,,,,,,,,,,idle2.pcapng
"Oct 12, 2023 17:58:54.320229",0.002399,5,,,0x0002,131,,,,,,idle2.pcapng
"Oct 12, 2023 17:58:54.327527",,56,,,,,,,,,,idle2.pcapng
"Oct 12, 2023 17:58:54.330657",,56,,,,,,,,,,idle2.pcapng
"Oct 12, 2023 17:58:54.334674",0.004017,56,0x09ac,0xffff,0x8841,19,,,,,,idle2.pcapng
"Oct 12, 2023 17:58:54.339144",,65,,,,,,,,,,idle2.pcapng
"Oct 12, 2023 17:58:54.343326",,65,,,,,,,,,,idle2.pcapng
"Oct 12, 2023 17:58:54.345789",0.002463,5,,,0x0002,218,,,,,,idle2.pcapng
"Oct 12, 2023 17:58:54.347040",,56,,,,,,,,,,idle2.pcapng
"Oct 12, 2023 17:58:54.350076",,65,,,,,,,,,,idle2.pcapng
"Oct 12, 2023 17:58:54.352539",0.002463,5,,,0x0002,133,,,,,,idle2.pcapng
"Oct 12, 2023 17:58:54.355144",,56,,,,,,,,,,idle2.pcapng
"Oct 12, 2023 17:58:54.549904",,56,,,,,,,,,,idle2.pcapng
"Oct 12, 2023 17:58:54.558905",,56,,,,,,,,,,idle2.pcapng
"Oct 12, 2023 17:58:54.582737",,56,,,,,,,,,,idle2.pcapng
"Oct 12, 2023 17:58:54.586337",,56,,,,,,,,,,idle2.pcapng
"Oct 12, 2023 17:58:54.748565",,56,,,,,,,,,,idle2.pcapng
"Oct 12, 2023 17:58:54.795791",,56,,,,,,,,,,idle2.pcapng
"Oct 12, 2023 17:58:54.804903",,56,,,,,,,,,,idle2.pcapng
"Oct 12, 2023 17:58:54.832036",,56,,,,,,,,,,idle2.pcapng
"Oct 12, 2023 17:58:54.836378",,56,,,,,,,,,,idle2.pcapng
"Oct 12, 2023 17:58:54.844304",,56,,,,,,,,,,idle2.pcapng
"Oct 12, 2023 17:58:54.880775",,56,,,,,,,,,,idle2.pcapng
"Oct 12, 2023 17:58:55.219315",,56,,,,,,,,,,idle2.pcapng
"Oct 12, 2023 17:58:55.313392",,56,,,,,,,,,,idle2.pcapng
"Oct 12, 2023 17:58:55.322478",,56,,,,,,,,,,idle2.pcapng
"Oct 12, 2023 17:58:55.524821",0.202343,68,0xebe5,0xffff,0x8841,34,0xebe5,0xfffc,0x1209,,,idle2.pcapng
"Oct 12, 2023 17:58:55.782132",0.257311,12,0x2cae,0x482d,0x8863,6,,,,,,idle2.pcapng
"Oct 12, 2023 17:58:55.782899",0.000767,5,,,0x0012,6,,,,,,idle2.pcapng
"Oct 12, 2023 17:58:55.786222",,57,,,,,,,,,,idle2.pcapng
"Oct 12, 2023 17:58:55.788432",0.002210,5,,,0x0002,159,,,,,,idle2.pcapng
"Oct 12, 2023 17:58:55.790979",0.002547,12,0x2cae,0x482d,0x8863,7,,,,,,idle2.pcapng
"Oct 12, 2023 17:58:55.796811",,59,,,,,,,,,,idle2.pcapng
"Oct 12, 2023 17:58:55.799084",0.002273,5,,,0x0002,160,,,,,,idle2.pcapng
"Oct 12, 2023 17:58:55.802274",,45,,,,,,,,,,idle2.pcapng
"Oct 12, 2023 17:58:55.804097",0.001823,5,,,0x0002,8,,,,,,idle2.pcapng
"Oct 12, 2023 17:58:55.807611",0.003514,12,0x2cae,0x482d,0x8863,9,,,,,,idle2.pcapng
"Oct 12, 2023 17:58:55.808379",0.000768,5,,,0x0002,9,,,,,,idle2.pcapng
"Oct 12, 2023 17:58:55.813616",,45,,,,,,,,,,idle2.pcapng
"Oct 12, 2023 17:58:55.815439",0.001823,5,,,0x0002,10,,,,,,idle2.pcapng
"Oct 12, 2023 17:58:55.817601",0.002162,12,0x2cae,0x482d,0x8863,11,,,,,,idle2.pcapng
"Oct 12, 2023 17:58:55.818369",0.000768,5,,,0x0002,11,,,,,,idle2.pcapng
"Oct 12, 2023 17:58:55.823578",0.005209,5,,,0x0002,161,,,,,,idle2.pcapng
"Oct 12, 2023 17:58:55.826502",0.002924,59,0xe5c4,0x0000,0x8861,134,0x2cae,0x0000,0x1a09,,,idle2.pcapng
"Oct 12, 2023 17:58:55.828773",0.002271,5,,,0x0002,134,,,,,,idle2.pcapng
"Oct 12, 2023 17:58:55.838233",0.009460,59,0xe5c4,0x0000,0x8861,135,0x2cae,0x0000,0x1a09,,,idle2.pcapng
"Oct 12, 2023 17:58:55.840503",0.002270,5,,,0x0002,135,,,,,,idle2.pcapng
"Oct 12, 2023 17:58:55.857184",,45,,,,,,,,,,idle2.pcapng
"Oct 12, 2023 17:58:55.859007",0.001823,5,,,0x0002,163,,,,,,idle2.pcapng
"Oct 12, 2023 17:58:55.863351",,45,,,,,,,,,,idle2.pcapng
"Oct 12, 2023 17:58:55.865174",0.001823,5,,,0x0002,136,,,,,,idle2.pcapng
"Oct 12, 2023 17:58:55.866401",,45,,,,,,,,,,idle2.pcapng
"Oct 12, 2023 17:58:55.868225",0.001824,5,,,0x0002,164,,,,,,idle2.pcapng
"Oct 12, 2023 17:58:55.870563",,45,,,,,,,,,,idle2.pcapng
"Oct 12, 2023 17:58:55.872385",0.001822,5,,,0x0002,137,,,,,,idle2.pcapng
"Oct 12, 2023 17:58:56.311408",0.439023,12,0x2cae,0x482d,0x8863,12,,,,,,idle2.pcapng
"Oct 12, 2023 17:58:56.322526",0.011118,77,0x82eb,0xffff,0x8841,225,0x82eb,0xfffc,0x1209,,,idle2.pcapng
"Oct 12, 2023 17:58:56.566563",0.244037,74,0xa209,0xffff,0x8841,147,0xa209,0xfffc,0x1209,,,idle2.pcapng
"Oct 12, 2023 17:58:56.812351",0.245788,12,0x2cae,0x482d,0x8863,13,,,,,,idle2.pcapng
"Oct 12, 2023 17:58:56.813118",0.000767,5,,,0x0002,13,,,,,,idle2.pcapng
"Oct 12, 2023 17:58:57.033152",0.220034,74,0x6e5f,0xffff,0x8841,3,0x6e5f,0xfffc,0x1209,,,idle2.pcapng
"Oct 12, 2023 17:58:57.343971",0.310819,12,0x2cae,0x482d,0x8863,14,,,,,,idle2.pcapng
"Oct 12, 2023 17:58:57.344739",0.000768,5,,,0x0002,14,,,,,,idle2.pcapng
"Oct 12, 2023 17:58:57.596540",0.251801,77,0x0000,0xffff,0x8841,222,0x0000,0xfffc,0x1209,,,idle2.pcapng
"Oct 12, 2023 17:58:57.844600",0.248060,12,0x2cae,0x482d,0x8863,15,,,,,,idle2.pcapng
"Oct 12, 2023 17:58:58.342736",0.498136,12,0x2cae,0x482d,0x8863,16,,,,,,idle2.pcapng
"Oct 12, 2023 17:58:58.343503",0.000767,5,,,0x0002,16,,,,,,idle2.pcapng
"Oct 12, 2023 17:58:58.905257",0.561754,12,0x2cae,0x482d,0x8863,17,,,,,,idle2.pcapng
"Oct 12, 2023 17:58:58.906024",0.000767,5,,,0x0002,17,,,,,,idle2.pcapng
"Oct 12, 2023 17:58:59.407510",0.501486,12,0x2cae,0x482d,0x8863,18,,,,,,idle2.pcapng
"Oct 12, 2023 17:58:59.408277",0.000767,5,,,0x0002,18,,,,,,idle2.pcapng
"Oct 12, 2023 17:58:59.579553",0.171276,77,0x054f,0xffff,0x8841,22,0x054f,0xfffc,0x1209,,,idle2.pcapng
"Oct 12, 2023 17:58:59.805221",0.225668,77,0xe694,0xffff,0x8841,217,0xe694,0xfffc,0x1209,,,idle2.pcapng
"Oct 12, 2023 17:58:59.937645",0.132424,12,0x2cae,0x482d,0x8863,19,,,,,,idle2.pcapng
"Oct 12, 2023 17:58:59.938412",0.000767,5,,,0x0002,19,,,,,,idle2.pcapng
"Oct 12, 2023 17:59:00.446292",0.507880,5,,,0x0002,20,,,,,,idle2.pcapng
"Oct 12, 2023 17:59:00.725083",,59,,,,,,,,,,idle2.pcapng
"Oct 12, 2023 17:59:00.727354",0.002271,5,,,0x0002,23,,,,,,idle2.pcapng
"Oct 12, 2023 17:59:00.738720",0.011366,68,0xc8f0,0xffff,0x8841,7,0xc8f0,0xfffc,0x1209,,,idle2.pcapng
"Oct 12, 2023 17:59:00.742463",,45,,,,,,,,,,idle2.pcapng
"Oct 12, 2023 17:59:00.744257",0.001794,5,,,0x0002,223,,,,,,idle2.pcapng
"Oct 12, 2023 17:59:00.748246",,45,,,,,,,,,,idle2.pcapng
"Oct 12, 2023 17:59:00.750055",0.001809,5,,,0x0002,218,,,,,,idle2.pcapng
"Oct 12, 2023 17:59:00.767610",,49,,,,,,,,,,idle2.pcapng
"Oct 12, 2023 17:59:00.769529",0.001919,5,,,0x0002,224,,,,,,idle2.pcapng
"Oct 12, 2023 17:59:00.773584",,49,,,,,,,,,,idle2.pcapng
"Oct 12, 2023 17:59:00.775521",0.001937,5,,,0x0002,219,,,,,,idle2.pcapng
"Oct 12, 2023 17:59:00.780756",,45,,,,,,,,,,idle2.pcapng
"Oct 12, 2023 17:59:00.782579",0.001823,5,,,0x0002,24,,,,,,idle2.pcapng
"Oct 12, 2023 17:59:00.937833",0.155254,12,0x2cae,0x482d,0x8863,21,,,,,,idle2.pcapng
"Oct 12, 2023 17:59:00.938601",0.000768,5,,,0x0002,21,,,,,,idle2.pcapng
"Oct 12, 2023 17:59:01.269160",0.330559,77,0x482d,0xffff,0x8841,165,0x482d,0xfffc,0x1209,,,idle2.pcapng
"Oct 12, 2023 17:59:01.468519",0.199359,12,0x2cae,0x482d,0x8863,22,,,,,,idle2.pcapng
"Oct 12, 2023 17:59:01.469286",0.000767,5,,,0x0002,22,,,,,,idle2.pcapng
"Oct 12, 2023 17:59:01.969757",0.500471,12,0x2cae,0x482d,0x8863,23,,,,,,idle2.pcapng
"Oct 12, 2023 17:59:01.970524",0.000767,5,,,0x0002,23,,,,,,idle2.pcapng
"Oct 12, 2023 17:59:02.500103",0.529579,12,0x2cae,0x482d,0x8863,24,,,,,,idle2.pcapng
"Oct 12, 2023 17:59:02.500870",0.000767,5,,,0x0002,24,,,,,,idle2.pcapng
"Oct 12, 2023 17:59:03.001016",0.500146,12,0x2cae,0x482d,0x8863,25,,,,,,idle2.pcapng
"Oct 12, 2023 17:59:03.001783",0.000767,5,,,0x0002,25,,,,,,idle2.pcapng
"Oct 12, 2023 17:59:03.499212",0.497429,12,0x2cae,0x482d,0x8863,26,,,,,,idle2.pcapng
"Oct 12, 2023 17:59:03.499979",0.000767,5,,,0x0002,26,,,,,,idle2.pcapng
"Oct 12, 2023 17:59:04.030735",0.530756,12,0x2cae,0x482d,0x8863,27,,,,,,idle2.pcapng
"Oct 12, 2023 17:59:04.031502",0.000767,5,,,0x0002,27,,,,,,idle2.pcapng
"Oct 12, 2023 17:59:04.532034",0.500532,12,0x2cae,0x482d,0x8863,28,,,,,,idle2.pcapng
"Oct 12, 2023 17:59:04.532801",0.000767,5,,,0x0002,28,,,,,,idle2.pcapng
"Oct 12, 2023 17:59:05.062581",0.529780,12,0x2cae,0x482d,0x8863,29,,,,,,idle2.pcapng
"Oct 12, 2023 17:59:05.063348",0.000767,5,,,0x0002,29,,,,,,idle2.pcapng
"Oct 12, 2023 17:59:05.229405",0.166057,74,0x09ac,0xffff,0x8841,20,0x09ac,0xfffc,0x1209,,,idle2.pcapng
"Oct 12, 2023 17:59:05.595198",0.365793,12,0x2cae,0x482d,0x8863,30,,,,,,idle2.pcapng
"Oct 12, 2023 17:59:05.595965",0.000767,5,,,0x0002,30,,,,,,idle2.pcapng
"Oct 12, 2023 17:59:05.687625",0.091660,12,0x2cae,0x482d,0x8863,31,,,,,,idle2.pcapng
"Oct 12, 2023 17:59:05.688392",0.000767,5,,,0x0002,31,,,,,,idle2.pcapng
"Oct 12, 2023 17:59:06.328123",0.639731,77,0xe5c4,0xffff,0x8841,138,0xe5c4,0xfffc,0x1209,,,idle2.pcapng
"Oct 12, 2023 17:59:10.410006",4.081883,68,0xebe5,0xffff,0x8841,35,0xebe5,0xfffc,0x1209,,,idle2.pcapng
"Oct 12, 2023 17:59:10.751438",0.341432,12,0x2cae,0x482d,0x8863,32,,,,,,idle2.pcapng
"Oct 12, 2023 17:59:11.311356",0.559918,77,0x82eb,0xffff,0x8841,226,0x82eb,0xfffc,0x1209,,,idle2.pcapng
"Oct 12, 2023 17:59:11.546596",0.235240,74,0xa209,0xffff,0x8841,148,0xa209,0xfffc,0x1209,,,idle2.pcapng
"Oct 12, 2023 17:59:12.089057",0.542461,74,0x6e5f,0xffff,0x8841,4,0x6e5f,0xfffc,0x1209,,,idle2.pcapng
"Oct 12, 2023 17:59:12.819584",,52,,,,,,,,,,idle2.pcapng
"Oct 12, 2023 17:59:12.821601",0.002017,5,,,0x0002,225,,,,,,idle2.pcapng
"Oct 12, 2023 17:59:12.829574",,63,,,,,,,,,,idle2.pcapng
"Oct 12, 2023 17:59:12.831973",0.002399,5,,,0x0002,220,,,,,,idle2.pcapng
"Oct 12, 2023 17:59:12.854321",,52,,,,,,,,,,idle2.pcapng
"Oct 12, 2023 17:59:12.856326",0.002005,5,,,0x0002,226,,,,,,idle2.pcapng
"Oct 12, 2023 17:59:12.864162",,63,,,,,,,,,,idle2.pcapng
"Oct 12, 2023 17:59:12.866560",0.002398,5,,,0x0002,5,,,,,,idle2.pcapng
"Oct 12, 2023 17:59:12.868903",,45,,,,,,,,,,idle2.pcapng
"Oct 12, 2023 17:59:12.870697",0.001794,5,,,0x0002,227,,,,,,idle2.pcapng
"Oct 12, 2023 17:59:12.888397",,54,,,,,,,,,,idle2.pcapng
"Oct 12, 2023 17:59:12.890471",0.002074,5,,,0x0002,228,,,,,,idle2.pcapng
"Oct 12, 2023 17:59:12.898229",,66,,,,,,,,,,idle2.pcapng
"Oct 12, 2023 17:59:12.900724",0.002495,5,,,0x0002,221,,,,,,idle2.pcapng
"Oct 12, 2023 17:59:12.903951",,45,,,,,,,,,,idle2.pcapng
"Oct 12, 2023 17:59:12.905746",0.001795,5,,,0x0002,229,,,,,,idle2.pcapng
"Oct 12, 2023 17:59:12.928164",,54,,,,,,,,,,idle2.pcapng
"Oct 12, 2023 17:59:12.930235",0.002071,5,,,0x0002,230,,,,,,idle2.pcapng
"Oct 12, 2023 17:59:12.938230",,66,,,,,,,,,,idle2.pcapng
"Oct 12, 2023 17:59:12.940725",0.002495,5,,,0x0002,6,,,,,,idle2.pcapng
"Oct 12, 2023 17:59:12.942098",,54,,,,,,,,,,idle2.pcapng
"Oct 12, 2023 17:59:12.944209",0.002111,5,,,0x0002,231,,,,,,idle2.pcapng
"Oct 12, 2023 17:59:12.948693",0.004484,5,,,0x0002,149,,,,,,idle2.pcapng
"Oct 12, 2023 17:59:12.956637",,66,,,,,,,,,,idle2.pcapng
"Oct 12, 2023 17:59:12.959131",0.002494,5,,,0x0002,8,,,,,,idle2.pcapng
"Oct 12, 2023 17:59:12.966008",,45,,,,,,,,,,idle2.pcapng
"Oct 12, 2023 17:59:12.967801",0.001793,5,,,0x0002,232,,,,,,idle2.pcapng
"Oct 12, 2023 17:59:12.976029",,52,,,,,,,,,,idle2.pcapng
"Oct 12, 2023 17:59:12.978076",0.002047,5,,,0x0002,233,,,,,,idle2.pcapng
"Oct 12, 2023 17:59:12.982866",,52,,,,,,,,,,idle2.pcapng
"Oct 12, 2023 17:59:12.984873",0.002007,5,,,0x0002,150,,,,,,idle2.pcapng
"Oct 12, 2023 17:59:12.988699",,45,,,,,,,,,,idle2.pcapng
"Oct 12, 2023 17:59:12.990493",0.001794,5,,,0x0002,234,,,,,,idle2.pcapng
"Oct 12, 2023 17:59:12.992715",0.002222,63,0xc8f0,0x0000,0x8861,9,,,,,,idle2.pcapng
"Oct 12, 2023 17:59:13.000240",0.007525,5,,,0x0002,9,,,,,,idle2.pcapng
"Oct 12, 2023 17:59:13.003679",,45,,,,,,,,,,idle2.pcapng
"Oct 12, 2023 17:59:13.005502",0.001823,5,,,0x0002,235,,,,,,idle2.pcapng
"Oct 12, 2023 17:59:13.008896",,45,,,,,,,,,,idle2.pcapng
"Oct 12, 2023 17:59:13.010689",0.001793,5,,,0x0002,151,,,,,,idle2.pcapng
"Oct 12, 2023 17:59:13.016937",,45,,,,,,,,,,idle2.pcapng
"Oct 12, 2023 17:59:13.018760",0.001823,5,,,0x0002,236,,,,,,idle2.pcapng
"Oct 12, 2023 17:59:13.023116",,45,,,,,,,,,,idle2.pcapng
"Oct 12, 2023 17:59:13.024897",0.001781,5,,,0x0002,152,,,,,,idle2.pcapng
"Oct 12, 2023 17:59:14.815964",1.791067,77,0xe694,0xffff,0x8841,222,0xe694,0xfffc,0x1209,,,idle2.pcapng
"Oct 12, 2023 17:59:15.040541",0.224577,77,0x0000,0xffff,0x8841,237,0x0000,0xfffc,0x1209,,,idle2.pcapng
"Oct 12, 2023 17:59:15.782523",0.741982,12,0x2cae,0x482d,0x8863,33,,,,,,idle2.pcapng
"Oct 12, 2023 17:59:15.783290",0.000767,5,,,0x0002,33,,,,,,idle2.pcapng
"Oct 12, 2023 17:59:17.254561",1.471271,77,0x054f,0xffff,0x8841,25,0x054f,0xfffc,0x1209,,,idle2.pcapng
"Oct 12, 2023 17:59:18.616993",1.362432,77,0x482d,0xffff,0x8841,166,0x482d,0xfffc,0x1209,,,idle2.pcapng
"Oct 12, 2023 17:59:20.522995",,57,,,,,,,,,,idle2.pcapng
"Oct 12, 2023 17:59:20.525201",0.002206,5,,,0x0002,223,,,,,,idle2.pcapng
"Oct 12, 2023 17:59:20.566903",,50,,,,,,,,,,idle2.pcapng
"Oct 12, 2023 17:59:20.568856",0.001953,5,,,0x0002,238,,,,,,idle2.pcapng
"Oct 12, 2023 17:59:20.574206",,45,,,,,,,,,,idle2.pcapng
"Oct 12, 2023 17:59:20.576028",0.001822,5,,,0x0002,224,,,,,,idle2.pcapng
"Oct 12, 2023 17:59:20.588436",,63,,,,,,,,,,idle2.pcapng
"Oct 12, 2023 17:59:20.590835",0.002399,5,,,0x0002,225,,,,,,idle2.pcapng
"Oct 12, 2023 17:59:20.634179",,50,,,,,,,,,,idle2.pcapng
"Oct 12, 2023 17:59:20.636132",0.001953,5,,,0x0002,239,,,,,,idle2.pcapng
"Oct 12, 2023 17:59:20.641335",,45,,,,,,,,,,idle2.pcapng
"Oct 12, 2023 17:59:20.643157",0.001822,5,,,0x0002,226,,,,,,idle2.pcapng
"Oct 12, 2023 17:59:20.693961",0.050804,77,0xe5c4,0xffff,0x8841,139,0xe5c4,0xfffc,0x1209,,,idle2.pcapng
"Oct 12, 2023 17:59:20.782363",0.088402,12,0x2cae,0x482d,0x8863,34,,,,,,idle2.pcapng
"Oct 12, 2023 17:59:20.783130",0.000767,5,,,0x0002,34,,,,,,idle2.pcapng
"Oct 12, 2023 17:59:21.454421",0.671291,74,0x09ac,0xffff,0x8841,21,0x09ac,0xfffc,0x1209,,,idle2.pcapng
"Oct 12, 2023 17:59:25.435660",3.981239,68,0xebe5,0xffff,0x8841,36,0xebe5,0xfffc,0x1209,,,idle2.pcapng
"Oct 12, 2023 17:59:25.845762",0.410102,12,0x2cae,0x482d,0x8863,35,,,,,,idle2.pcapng
"Oct 12, 2023 17:59:26.324186",0.478424,77,0x82eb,0xffff,0x8841,227,0x82eb,0xfffc,0x1209,,,idle2.pcapng
"Oct 12, 2023 17:59:27.003782",0.679596,74,0x6e5f,0xffff,0x8841,7,0x6e5f,0xfffc,0x1209,,,idle2.pcapng
"Oct 12, 2023 17:59:29.096886",2.093104,100,0xa209,0xffff,0x8864,153,,,,,,idle2.pcapng
"Oct 12, 2023 17:59:29.785579",0.688693,77,0xe694,0xffff,0x8841,227,0xe694,0xfffc,0x1209,,,idle2.pcapng
"Oct 12, 2023 17:59:30.801233",1.015654,71,0xc8f0,0xffff,0x8841,11,0xc8f0,0xfffc,0x1209,,,idle2.pcapng
"Oct 12, 2023 17:59:30.876817",0.075584,12,0x2cae,0x482d,0x8863,36,,,,,,idle2.pcapng
"Oct 12, 2023 17:59:30.877584",0.000767,5,,,0x0002,36,,,,,,idle2.pcapng
"Oct 12, 2023 17:59:31.617495",0.739911,77,0x0000,0xffff,0x8841,240,0x0000,0xfffc,0x1209,,,idle2.pcapng
"Oct 12, 2023 17:59:33.378637",1.761142,77,0x482d,0xffff,0x8841,167,0x482d,0xfffc,0x1209,,,idle2.pcapng
"Oct 12, 2023 17:59:34.458424",1.079787,77,0x054f,0xffff,0x8841,26,0x054f,0xfffc,0x1209,,,idle2.pcapng
"Oct 12, 2023 17:59:35.876657",1.418233,12,0x2cae,0x482d,0x8863,37,,,,,,idle2.pcapng
"Oct 12, 2023 17:59:35.877424",0.000767,5,,,0x0002,37,,,,,,idle2.pcapng
"Oct 12, 2023 17:59:35.974236",0.096812,77,0xe5c4,0xffff,0x8841,140,0xe5c4,0xfffc,0x1209,,,idle2.pcapng
"Oct 12, 2023 17:59:39.016936",3.042700,74,0x09ac,0xffff,0x8841,22,0x09ac,0xfffc,0x1209,,,idle2.pcapng
"Oct 12, 2023 17:59:40.454530",1.437594,68,0xebe5,0xffff,0x8841,37,0xebe5,0xfffc,0x1209,,,idle2.pcapng
"Oct 12, 2023 17:59:40.938946",0.484416,12,0x2cae,0x482d,0x8863,38,,,,,,idle2.pcapng
"Oct 12, 2023 17:59:40.939713",0.000767,5,,,0x0002,38,,,,,,idle2.pcapng
"Oct 12, 2023 17:59:41.317495",0.377782,77,0x82eb,0xffff,0x8841,228,0x82eb,0xfffc,0x1209,,,idle2.pcapng
"Oct 12, 2023 17:59:42.103009",0.785514,106,0x6e5f,0xffff,0x886a,8,,,,,,idle2.pcapng
"Oct 12, 2023 17:59:42.811734",,52,,,,,,,,,,idle2.pcapng
"Oct 12, 2023 17:59:42.813738",0.002004,5,,,0x0002,241,,,,,,idle2.pcapng
"Oct 12, 2023 17:59:42.822039",,63,,,,,,,,,,idle2.pcapng
"Oct 12, 2023 17:59:42.824438",0.002399,5,,,0x0002,228,,,,,,idle2.pcapng
"Oct 12, 2023 17:59:42.848666",,52,,,,,,,,,,idle2.pcapng
"Oct 12, 2023 17:59:42.850673",0.002007,5,,,0x0002,242,,,,,,idle2.pcapng
"Oct 12, 2023 17:59:42.858564",,63,,,,,,,,,,idle2.pcapng
"Oct 12, 2023 17:59:42.860963",0.002399,5,,,0x0002,9,,,,,,idle2.pcapng
"Oct 12, 2023 17:59:42.864320",,45,,,,,,,,,,idle2.pcapng
"Oct 12, 2023 17:59:42.866112",0.001792,5,,,0x0002,243,,,,,,idle2.pcapng
"Oct 12, 2023 17:59:42.882352",,54,,,,,,,,,,idle2.pcapng
"Oct 12, 2023 17:59:42.884433",0.002081,5,,,0x0002,244,,,,,,idle2.pcapng
"Oct 12, 2023 17:59:42.892836",,66,,,,,,,,,,idle2.pcapng
"Oct 12, 2023 17:59:42.895331",0.002495,5,,,0x0002,229,,,,,,idle2.pcapng
"Oct 12, 2023 17:59:42.905153",,45,,,,,,,,,,idle2.pcapng
"Oct 12, 2023 17:59:42.906940",0.001787,5,,,0x0002,245,,,,,,idle2.pcapng
"Oct 12, 2023 17:59:42.922675",,54,,,,,,,,,,idle2.pcapng
"Oct 12, 2023 17:59:42.924744",0.002069,5,,,0x0002,246,,,,,,idle2.pcapng
"Oct 12, 2023 17:59:42.937800",,66,,,,,,,,,,idle2.pcapng
"Oct 12, 2023 17:59:42.940295",0.002495,5,,,0x0002,10,,,,,,idle2.pcapng
"Oct 12, 2023 17:59:42.943606",,45,,,,,,,,,,idle2.pcapng
"Oct 12, 2023 17:59:42.945400",0.001794,5,,,0x0002,247,,,,,,idle2.pcapng
"Oct 12, 2023 17:59:42.957812",,54,,,,,,,,,,idle2.pcapng
"Oct 12, 2023 17:59:42.959923",0.002111,5,,,0x0002,248,,,,,,idle2.pcapng
"Oct 12, 2023 17:59:42.964379",,54,,,,,,,,,,idle2.pcapng
"Oct 12, 2023 17:59:42.966452",0.002073,5,,,0x0002,154,,,,,,idle2.pcapng
"Oct 12, 2023 17:59:42.968468",,52,,,,,,,,,,idle2.pcapng
"Oct 12, 2023 17:59:42.970515",0.002047,5,,,0x0002,249,,,,,,idle2.pcapng
"Oct 12, 2023 17:59:42.973843",0.003328,52,0xf809,0xcdf4,0x8861,155,,,,,,idle2.pcapng
"Oct 12, 2023 17:59:42.979099",0.005256,52,0xae1d,0x18f0,0x885c,156,,,,,,idle2.pcapng
"Oct 12, 2023 17:59:42.983205",0.004106,52,0xa209,0xc8f0,0x8861,155,,,,,,idle2.pcapng
"Oct 12, 2023 17:59:42.987842",,52,,,,,,,,,,idle2.pcapng
"Oct 12, 2023 17:59:42.989889",,45,,,,,,,,,,idle2.pcapng
"Oct 12, 2023 17:59:42.992898",,45,,,,,,,,,,idle2.pcapng
"Oct 12, 2023 17:59:42.994680",0.001782,5,,,0x0002,250,,,,,,idle2.pcapng
"Oct 12, 2023 17:59:42.997594",,66,,,,,,,,,,idle2.pcapng
"Oct 12, 2023 17:59:43.000089",0.002495,5,,,0x0002,13,,,,,,idle2.pcapng
"Oct 12, 2023 17:59:43.015014",,45,,,,,,,,,,idle2.pcapng
"Oct 12, 2023 17:59:43.016837",0.001823,5,,,0x0002,251,,,,,,idle2.pcapng
"Oct 12, 2023 17:59:43.019959",,45,,,,,,,,,,idle2.pcapng
"Oct 12, 2023 17:59:43.021752",0.001793,5,,,0x0002,156,,,,,,idle2.pcapng
"Oct 12, 2023 17:59:43.023959",,52,,,,,,,,,,idle2.pcapng
"Oct 12, 2023 17:59:43.025977",0.002018,5,,,0x0002,157,,,,,,idle2.pcapng
"Oct 12, 2023 17:59:43.033846",,63,,,,,,,,,,idle2.pcapng
"Oct 12, 2023 17:59:43.036245",0.002399,5,,,0x0002,14,,,,,,idle2.pcapng
"Oct 12, 2023 17:59:43.052931",,45,,,,,,,,,,idle2.pcapng
"Oct 12, 2023 17:59:43.054754",0.001823,5,,,0x0002,252,,,,,,idle2.pcapng
"Oct 12, 2023 17:59:43.058507",,45,,,,,,,,,,idle2.pcapng
"Oct 12, 2023 17:59:43.060300",0.001793,5,,,0x0002,158,,,,,,idle2.pcapng
"Oct 12, 2023 17:59:44.833449",1.773149,77,0xe694,0xffff,0x8841,230,0xe694,0xfffc,0x1209,,,idle2.pcapng
"Oct 12, 2023 17:59:45.806324",0.972875,71,0xc8f0,0xffff,0x8841,15,0xc8f0,0xfffc,0x1209,,,idle2.pcapng
"Oct 12, 2023 17:59:45.938580",0.132256,12,0x2cae,0x482d,0x8863,39,,,,,,idle2.pcapng
"Oct 12, 2023 17:59:45.939347",0.000767,5,,,0x0002,39,,,,,,idle2.pcapng
"Oct 12, 2023 17:59:46.876968",0.937621,77,0x0000,0xffff,0x8841,253,0x0000,0xfffc,0x1209,,,idle2.pcapng
"Oct 12, 2023 17:59:49.139877",2.262909,77,0x054f,0xffff,0x8841,27,0x054f,0xfffc,0x1209,,,idle2.pcapng
"Oct 12, 2023 17:59:50.117768",0.977891,77,0x482d,0xffff,0x8841,168,0x482d,0xfffc,0x1209,,,idle2.pcapng
"Oct 12, 2023 17:59:50.582923",0.465155,77,0xe5c4,0xffff,0x8841,141,0xe5c4,0xfffc,0x1209,,,idle2.pcapng
"Oct 12, 2023 17:59:50.969768",0.386845,12,0x2cae,0x482d,0x8863,40,,,,,,idle2.pcapng
"Oct 12, 2023 17:59:50.970535",0.000767,5,,,0x0002,40,,,,,,idle2.pcapng
"Oct 12, 2023 17:59:55.468281",4.497746,68,0xebe5,0xffff,0x8841,38,0xebe5,0xfffc,0x1209,,,idle2.pcapng
"Oct 12, 2023 17:59:55.740587",0.272306,74,0x09ac,0xffff,0x8841,23,0x09ac,0xfffc,0x1209,,,idle2.pcapng
"Oct 12, 2023 17:59:56.034695",0.294108,12,0x2cae,0x482d,0x8863,41,,,,,,idle2.pcapng
"Oct 12, 2023 17:59:56.035462",0.000767,5,,,0x0002,41,,,,,,idle2.pcapng
"Oct 12, 2023 17:59:56.318165",0.282703,77,0x82eb,0xffff,0x8841,229,0x82eb,0xfffc,0x1209,,,idle2.pcapng
"Oct 12, 2023 17:59:57.026697",0.708532,74,0x6e5f,0xffff,0x8841,11,0x6e5f,0xfffc,0x1209,,,idle2.pcapng
"Oct 12, 2023 17:59:58.652886",,54,,,,,,,,,,idle2.pcapng
"Oct 12, 2023 17:59:58.654997",0.002111,5,,,0x0002,254,,,,,,idle2.pcapng
"Oct 12, 2023 17:59:58.657786",,54,,,,,,,,,,idle2.pcapng
"Oct 12, 2023 17:59:58.659897",0.002111,5,,,0x0002,142,,,,,,idle2.pcapng
"Oct 12, 2023 17:59:58.663781",0.003884,55,0x482d,0xe5c4,0x8861,169,0x482d,0x0000,0x1a09,,,idle2.pcapng
"Oct 12, 2023 17:59:58.665924",0.002143,5,,,0x0002,169,,,,,,idle2.pcapng
"Oct 12, 2023 17:59:58.671660",0.005736,57,0xe5c4,0x0000,0x8861,143,0x482d,0x0000,0x1a09,,,idle2.pcapng
"Oct 12, 2023 17:59:58.673866",0.002206,5,,,0x0002,143,,,,,,idle2.pcapng
"Oct 12, 2023 17:59:58.711809",,53,,,,,,,,,,idle2.pcapng
"Oct 12, 2023 17:59:58.713887",0.002078,5,,,0x0002,170,,,,,,idle2.pcapng
"Oct 12, 2023 17:59:58.717952",,53,,,,,,,,,,idle2.pcapng
"Oct 12, 2023 17:59:58.720031",0.002079,5,,,0x0002,144,,,,,,idle2.pcapng
"Oct 12, 2023 17:59:58.758341",,54,,,,,,,,,,idle2.pcapng
"Oct 12, 2023 17:59:58.760452",0.002111,5,,,0x0002,255,,,,,,idle2.pcapng
"Oct 12, 2023 17:59:58.764481",,54,,,,,,,,,,idle2.pcapng
"Oct 12, 2023 17:59:58.766592",0.002111,5,,,0x0002,145,,,,,,idle2.pcapng
"Oct 12, 2023 17:59:58.773813",0.007221,5,,,0x0002,171,,,,,,idle2.pcapng
"Oct 12, 2023 17:59:58.776895",0.003082,57,0xe5c4,0x0000,0x8861,146,0x482d,0x0000,0x1a09,,,idle2.pcapng
"Oct 12, 2023 17:59:58.779102",0.002207,5,,,0x0002,146,,,,,,idle2.pcapng
"Oct 12, 2023 17:59:58.818133",0.039031,108,,,,,,,,,,idle2.pcapng
"Oct 12, 2023 17:59:58.822470",,53,,,,,,,,,,idle2.pcapng
"Oct 12, 2023 17:59:58.824549",0.002079,5,,,0x0002,172,,,,,,idle2.pcapng
"Oct 12, 2023 17:59:58.829146",,53,,,,,,,,,,idle2.pcapng
"Oct 12, 2023 17:59:58.831225",0.002079,5,,,0x0002,147,,,,,,idle2.pcapng
"Oct 12, 2023 17:59:59.814625",0.983400,77,0xe694,0xffff,0x8841,231,0xe694,0xfffc,0x1209,,,idle2.pcapng
"Oct 12, 2023 18:00:00.330524",0.515899,74,0xa209,0xffff,0x8841,160,0xa209,0xfffc,0x1209,,,idle2.pcapng
"Oct 12, 2023 18:00:00.755527",0.425003,71,0xc8f0,0xffff,0x8841,16,0xc8f0,0xfffc,0x1209,,,idle2.pcapng
"Oct 12, 2023 18:00:01.033255",0.277728,12,0x2cae,0x482d,0x8863,42,,,,,,idle2.pcapng
"Oct 12, 2023 18:00:01.034022",0.000767,5,,,0x0002,42,,,,,,idle2.pcapng
"Oct 12, 2023 18:00:02.192819",1.158797,77,0x0000,0xffff,0x8841,0,0x0000,0xfffc,0x1209,,,idle2.pcapng
"Oct 12, 2023 18:00:06.096943",3.904124,12,0x2cae,0x482d,0x8863,43,,,,,,idle2.pcapng
"Oct 12, 2023 18:00:06.097710",0.000767,5,,,0x0002,43,,,,,,idle2.pcapng
"Oct 12, 2023 18:00:06.259013",0.161303,77,0x054f,0xffff,0x8841,28,0x054f,0xfffc,0x1209,,,idle2.pcapng
"Oct 12, 2023 18:00:06.390113",0.131100,77,0x482d,0xffff,0x8841,173,0x482d,0xfffc,0x1209,,,idle2.pcapng
"Oct 12, 2023 18:00:06.960193",0.570080,77,0xe5c4,0xffff,0x8841,148,0xe5c4,0xfffc,0x1209,,,idle2.pcapng
"Oct 12, 2023 18:00:08.052764",,60,,,,,,,,,,idle2.pcapng
"Oct 12, 2023 18:00:08.055067",0.002303,5,,,0x0002,12,,,,,,idle2.pcapng
"Oct 12, 2023 18:00:08.095529",,50,,,,,,,,,,idle2.pcapng
"Oct 12, 2023 18:00:08.097482",0.001953,5,,,0x0002,1,,,,,,idle2.pcapng
"Oct 12, 2023 18:00:08.102687",,45,,,,,,,,,,idle2.pcapng
"Oct 12, 2023 18:00:08.104509",0.001822,5,,,0x0002,13,,,,,,idle2.pcapng
"Oct 12, 2023 18:00:10.512065",2.407556,68,0xebe5,0xffff,0x8841,39,0xebe5,0xfffc,0x1209,,,idle2.pcapng
"Oct 12, 2023 18:00:11.127770",0.615705,12,0x2cae,0x482d,0x8863,44,,,,,,idle2.pcapng
"Oct 12, 2023 18:00:11.128537",0.000767,5,,,0x0002,44,,,,,,idle2.pcapng
"Oct 12, 2023 18:00:11.316589",0.188052,77,0x82eb,0xffff,0x8841,230,0x82eb,0xfffc,0x1209,,,idle2.pcapng
"Oct 12, 2023 18:00:12.046698",0.730109,104,0x6e5f,0xffff,0x8868,14,,,,,,idle2.pcapng
"Oct 12, 2023 18:00:12.416771",0.370073,104,0x09ac,0xffff,0x8868,24,,,,,,idle2.pcapng
"Oct 12, 2023 18:00:12.817316",,52,,,,,,,,,,idle2.pcapng
"Oct 12, 2023 18:00:12.819335",0.002019,5,,,0x0002,2,,,,,,idle2.pcapng
"Oct 12, 2023 18:00:12.827195",,63,,,,,,,,,,idle2.pcapng
"Oct 12, 2023 18:00:12.829593",0.002398,5,,,0x0002,232,,,,,,idle2.pcapng
"Oct 12, 2023 18:00:12.852543",,52,,,,,,,,,,idle2.pcapng
"Oct 12, 2023 18:00:12.854561",0.002018,5,,,0x0002,3,,,,,,idle2.pcapng
"Oct 12, 2023 18:00:12.862448",,63,,,,,,,,,,idle2.pcapng
"Oct 12, 2023 18:00:12.864847",0.002399,5,,,0x0002,15,,,,,,idle2.pcapng
"Oct 12, 2023 18:00:12.867189",,45,,,,,,,,,,idle2.pcapng
"Oct 12, 2023 18:00:12.868982",0.001793,5,,,0x0002,4,,,,,,idle2.pcapng
"Oct 12, 2023 18:00:12.887132",,54,,,,,,,,,,idle2.pcapng
"Oct 12, 2023 18:00:12.889212",0.002080,5,,,0x0002,5,,,,,,idle2.pcapng
"Oct 12, 2023 18:00:12.897227",,66,,,,,,,,,,idle2.pcapng
"Oct 12, 2023 18:00:12.899722",0.002495,5,,,0x0002,233,,,,,,idle2.pcapng
"Oct 12, 2023 18:00:12.916486",,45,,,,,,,,,,idle2.pcapng
"Oct 12, 2023 18:00:12.918267",0.001781,5,,,0x0002,6,,,,,,idle2.pcapng
"Oct 12, 2023 18:00:12.924944",,54,,,,,,,,,,idle2.pcapng
"Oct 12, 2023 18:00:12.927026",0.002082,5,,,0x0002,7,,,,,,idle2.pcapng
"Oct 12, 2023 18:00:12.934818",,66,,,,,,,,,,idle2.pcapng
"Oct 12, 2023 18:00:12.937313",0.002495,5,,,0x0002,16,,,,,,idle2.pcapng
"Oct 12, 2023 18:00:12.954114",,45,,,,,,,,,,idle2.pcapng
"Oct 12, 2023 18:00:12.955907",0.001793,5,,,0x0002,8,,,,,,idle2.pcapng
"Oct 12, 2023 18:00:12.980281",,54,,,,,,,,,,idle2.pcapng
"Oct 12, 2023 18:00:12.992012",,52,,,,,,,,,,idle2.pcapng
"Oct 12, 2023 18:00:12.994059",0.002047,5,,,0x0002,10,,,,,,idle2.pcapng
"Oct 12, 2023 18:00:12.999384",0.005325,5,,,0x0002,17,,,,,,idle2.pcapng
"Oct 12, 2023 18:00:13.009628",0.010244,5,,,0x0002,162,,,,,,idle2.pcapng
"Oct 12, 2023 18:00:13.015780",,45,,,,,,,,,,idle2.pcapng
"Oct 12, 2023 18:00:13.024773",0.008993,5,,,0x0002,18,,,,,,idle2.pcapng
"Oct 12, 2023 18:00:13.030045",0.005272,5,,,0x0002,18,,,,,,idle2.pcapng
"Oct 12, 2023 18:00:13.031517",,45,,,,,,,,,,idle2.pcapng
"Oct 12, 2023 18:00:13.033298",0.001781,5,,,0x0002,11,,,,,,idle2.pcapng
"Oct 12, 2023 18:00:13.040265",,45,,,,,,,,,,idle2.pcapng
"Oct 12, 2023 18:00:13.042088",0.001823,5,,,0x0002,12,,,,,,idle2.pcapng
"Oct 12, 2023 18:00:13.046690",,45,,,,,,,,,,idle2.pcapng
"Oct 12, 2023 18:00:13.048473",0.001783,107,,,,,,,,,,idle2.pcapng
"Oct 12, 2023 18:00:13.052004",,45,,,,,,,,,,idle2.pcapng
"Oct 12, 2023 18:00:13.056145",,45,,,,,,,,,,idle2.pcapng
"Oct 12, 2023 18:00:13.057968",0.001823,5,,,0x0002,13,,,,,,idle2.pcapng
"Oct 12, 2023 18:00:13.061066",,45,,,,,,,,,,idle2.pcapng
"Oct 12, 2023 18:00:13.062858",0.001792,5,,,0x0002,164,,,,,,idle2.pcapng
"Oct 12, 2023 18:00:14.840135",1.777277,77,0xe694,0xffff,0x8841,234,0xe694,0xfffc,0x1209,,,idle2.pcapng
"Oct 12, 2023 18:00:15.836067",0.995932,71,0xc8f0,0xffff,0x8841,19,0xc8f0,0xfffc,0x1209,,,idle2.pcapng
"Oct 12, 2023 18:00:16.129148",0.293081,12,0x2cae,0x482d,0x8863,45,,,,,,idle2.pcapng
"Oct 12, 2023 18:00:16.129916",0.000768,5,,,0x0002,45,,,,,,idle2.pcapng
"Oct 12, 2023 18:00:17.009935",0.880019,71,0xa209,0xffff,0x8841,165,0xa209,0xfffc,0x1209,,,idle2.pcapng
"Oct 12, 2023 18:00:17.440597",0.430662,77,0x0000,0xffff,0x8841,14,0x0000,0xfffc,0x1209,,,idle2.pcapng
"Oct 12, 2023 18:00:20.911645",3.471048,77,0x054f,0xffff,0x8841,29,0x054f,0xfffc,0x1209,,,idle2.pcapng
"Oct 12, 2023 18:00:21.190798",0.279153,12,0x2cae,0x482d,0x8863,46,,,,,,idle2.pcapng
"Oct 12, 2023 18:00:21.191565",0.000767,5,,,0x0002,46,,,,,,idle2.pcapng
"Oct 12, 2023 18:00:22.153110",0.961545,77,0x482d,0xffff,0x8841,174,0x482d,0xfffc,0x1209,,,idle2.pcapng
"Oct 12, 2023 18:00:24.216782",2.063672,77,0xe5c4,0xffff,0x8841,149,0xe5c4,0xfffc,0x1209,,,idle2.pcapng
"Oct 12, 2023 18:00:25.420086",1.203304,68,0xebe5,0xffff,0x8841,40,0xebe5,0xfffc,0x1209,,,idle2.pcapng
"Oct 12, 2023 18:00:26.191452",0.771366,12,0x2cae,0x482d,0x8863,47,,,,,,idle2.pcapng
"Oct 12, 2023 18:00:26.323979",0.132527,77,0x82eb,0xffff,0x8841,231,0x82eb,0xfffc,0x1209,,,idle2.pcapng
"Oct 12, 2023 18:00:26.991261",0.667282,95,0x6e5f,0xffff,0x885f,17,,,,,,idle2.pcapng
"Oct 12, 2023 18:00:28.396627",,60,,,,,,,,,,idle2.pcapng
"Oct 12, 2023 18:00:28.398930",0.002303,5,,,0x0002,235,,,,,,idle2.pcapng
"Oct 12, 2023 18:00:28.441209",,50,,,,,,,,,,idle2.pcapng
"Oct 12, 2023 18:00:28.443164",0.001955,5,,,0x0002,15,,,,,,idle2.pcapng
"Oct 12, 2023 18:00:28.449848",,45,,,,,,,,,,idle2.pcapng
"Oct 12, 2023 18:00:28.451671",0.001823,5,,,0x0002,236,,,,,,idle2.pcapng
"Oct 12, 2023 18:00:29.799201",1.347530,77,0xe694,0xffff,0x8841,237,0xe694,0xfffc,0x1209,,,idle2.pcapng
"Oct 12, 2023 18:00:29.900118",0.100917,101,,,0x0065,136,,,,,,idle2.pcapng
"Oct 12, 2023 18:00:30.772585",0.872467,71,0xc8f0,0xffff,0x8841,20,0xc8f0,0xfffc,0x1209,,,idle2.pcapng
"Oct 12, 2023 18:00:31.223534",0.450949,12,0x2cae,0x482d,0x8863,48,,,,,,idle2.pcapng
"Oct 12, 2023 18:00:31.224301",0.000767,5,,,0x0002,48,,,,,,idle2.pcapng
"Oct 12, 2023 18:00:32.941381",1.717080,74,0xa209,0xffff,0x8841,166,0xa209,0xfffc,0x1209,,,idle2.pcapng
"Oct 12, 2023 18:00:33.184320",0.242939,77,0x0000,0xffff,0x8841,16,0x0000,0xfffc,0x1209,,,idle2.pcapng
"Oct 12, 2023 18:00:33.841797",,60,,,,,,,,,,idle2.pcapng
"Oct 12, 2023 18:00:33.844099",0.002302,5,,,0x0002,21,,,,,,idle2.pcapng
"Oct 12, 2023 18:00:33.884910",,50,,,,,,,,,,idle2.pcapng
"Oct 12, 2023 18:00:33.886893",0.001983,5,,,0x0002,17,,,,,,idle2.pcapng
"Oct 12, 2023 18:00:33.891511",0.004618,50,0xae09,0xc8f0,0x8861,167,,,,,,idle2.pcapng
"Oct 12, 2023 18:00:33.893453",0.001942,5,,,0x0002,167,,,,,,idle2.pcapng
"Oct 12, 2023 18:00:33.898738",,45,,,,,,,,,,idle2.pcapng
"Oct 12, 2023 18:00:33.900560",0.001822,5,,,0x0002,22,,,,,,idle2.pcapng
"Oct 12, 2023 18:00:36.286231",2.385671,12,0x2cae,0x482d,0x8863,49,,,,,,idle2.pcapng
"Oct 12, 2023 18:00:36.286999",0.000768,5,,,0x0002,49,,,,,,idle2.pcapng
"Oct 12, 2023 18:00:37.738295",1.451296,77,0x054f,0xffff,0x8841,30,0x054f,0xfffc,0x1209,,,idle2.pcapng
"Oct 12, 2023 18:00:38.601584",0.863289,77,0xe5c4,0xffff,0x8841,150,0xe5c4,0xfffc,0x1209,,,idle2.pcapng
"Oct 12, 2023 18:00:40.453894",1.852310,68,0xebe5,0xffff,0x8841,41,0xebe5,0xfffc,0x1209,,,idle2.pcapng
"Oct 12, 2023 18:00:41.295038",,50,,,,,,,,,,idle2.pcapng
"Oct 12, 2023 18:00:41.297021",0.001983,5,,,0x0002,18,,,,,,idle2.pcapng
"Oct 12, 2023 18:00:41.301641",0.004620,55,0xa209,0x0000,0x8861,168,0xa209,0x0000,0x1a09,,,idle2.pcapng
"Oct 12, 2023 18:00:41.303784",0.002143,5,,,0x0002,168,,,,,,idle2.pcapng
"Oct 12, 2023 18:00:41.317637",0.013853,12,0x2cae,0x482d,0x8863,50,,,,,,idle2.pcapng
"Oct 12, 2023 18:00:41.318404",0.000767,5,,,0x0002,50,,,,,,idle2.pcapng
"Oct 12, 2023 18:00:41.331684",0.013280,77,0x82eb,0xffff,0x8841,232,0x82eb,0xfffc,0x1209,,,idle2.pcapng
"Oct 12, 2023 18:00:41.349446",,53,,,,,,,,,,idle2.pcapng
"Oct 12, 2023 18:00:41.351525",0.002079,5,,,0x0002,169,,,,,,idle2.pcapng
"Oct 12, 2023 18:00:41.390737",,50,,,,,,,,,,idle2.pcapng
"Oct 12, 2023 18:00:41.392720",0.001983,5,,,0x0002,19,,,,,,idle2.pcapng
"Oct 12, 2023 18:00:41.396991",0.004271,55,0xa209,0x0000,0x8861,170,0xa209,0x0000,0x1a09,,,idle2.pcapng
"Oct 12, 2023 18:00:41.399133",0.002142,5,,,0x0002,170,,,,,,idle2.pcapng
"Oct 12, 2023 18:00:41.446708",0.047575,53,0xa209,0x0000,0x8861,171,,,,,,idle2.pcapng
"Oct 12, 2023 18:00:41.450235",,53,,,,,,,,,,idle2.pcapng
"Oct 12, 2023 18:00:41.452314",0.002079,5,,,0x0002,171,,,,,,idle2.pcapng
"Oct 12, 2023 18:00:42.009011",0.556697,74,0x6e5f,0xffff,0x8841,18,0x6e5f,0xfffc,0x1209,,,idle2.pcapng
"Oct 12, 2023 18:00:42.824791",,52,,,,,,,,,,idle2.pcapng
"Oct 12, 2023 18:00:42.826808",0.002017,5,,,0x0002,20,,,,,,idle2.pcapng
"Oct 12, 2023 18:00:42.835148",,63,,,,,,,,,,idle2.pcapng
"Oct 12, 2023 18:00:42.837547",0.002399,5,,,0x0002,238,,,,,,idle2.pcapng
"Oct 12, 2023 18:00:42.858465",,52,,,,,,,,,,idle2.pcapng
"Oct 12, 2023 18:00:42.860482",0.002017,5,,,0x0002,21,,,,,,idle2.pcapng
"Oct 12, 2023 18:00:42.868425",,63,,,,,,,,,,idle2.pcapng
"Oct 12, 2023 18:00:42.870824",0.002399,5,,,0x0002,19,,,,,,idle2.pcapng
"Oct 12, 2023 18:00:42.871924",,45,,,,,,,,,,idle2.pcapng
"Oct 12, 2023 18:00:42.873718",0.001794,5,,,0x0002,22,,,,,,idle2.pcapng
"Oct 12, 2023 18:00:42.893519",,54,,,,,,,,,,idle2.pcapng
"Oct 12, 2023 18:00:42.895587",0.002068,5,,,0x0002,23,,,,,,idle2.pcapng
"Oct 12, 2023 18:00:42.903753",,66,,,,,,,,,,idle2.pcapng
"Oct 12, 2023 18:00:42.906248",0.002495,5,,,0x0002,239,,,,,,idle2.pcapng
"Oct 12, 2023 18:00:42.914478",,45,,,,,,,,,,idle2.pcapng
"Oct 12, 2023 18:00:42.916272",0.001794,5,,,0x0002,24,,,,,,idle2.pcapng
"Oct 12, 2023 18:00:42.923025",,45,,,,,,,,,,idle2.pcapng
"Oct 12, 2023 18:00:42.932552",,54,,,,,,,,,,idle2.pcapng
"Oct 12, 2023 18:00:42.934633",0.002081,5,,,0x0002,25,,,,,,idle2.pcapng
"Oct 12, 2023 18:00:42.942583",0.007950,107,0x6e5f,0x0000,0x886b,20,,,,,,idle2.pcapng
"Oct 12, 2023 18:00:42.947709",,66,,,,,,,,,,idle2.pcapng
"Oct 12, 2023 18:00:42.950204",0.002495,5,,,0x0002,20,,,,,,idle2.pcapng
"Oct 12, 2023 18:00:42.956489",,54,,,,,,,,,,idle2.pcapng
"Oct 12, 2023 18:00:42.958600",0.002111,5,,,0x0002,26,,,,,,idle2.pcapng
"Oct 12, 2023 18:00:42.961466",,54,,,,,,,,,,idle2.pcapng
"Oct 12, 2023 18:00:42.963547",0.002081,5,,,0x0002,172,,,,,,idle2.pcapng
"Oct 12, 2023 18:00:42.970754",,45,,,,,,,,,,idle2.pcapng
"Oct 12, 2023 18:00:42.972537",0.001783,5,,,0x0002,27,,,,,,idle2.pcapng
"Oct 12, 2023 18:00:42.976443",,66,,,,,,,,,,idle2.pcapng
"Oct 12, 2023 18:00:42.978938",0.002495,5,,,0x0002,23,,,,,,idle2.pcapng
"Oct 12, 2023 18:00:42.981212",,52,,,,,,,,,,idle2.pcapng
"Oct 12, 2023 18:00:42.986993",,66,,,,,,,,,,idle2.pcapng
"Oct 12, 2023 18:00:42.989488",0.002495,5,,,0x0002,23,,,,,,idle2.pcapng
"Oct 12, 2023 18:00:42.992015",,52,,,,,,,,,,idle2.pcapng
"Oct 12, 2023 18:00:42.994062",0.002047,5,,,0x0002,28,,,,,,idle2.pcapng
"Oct 12, 2023 18:00:42.994745",,66,,,,,,,,,,idle2.pcapng
"Oct 12, 2023 18:00:42.997240",0.002495,5,,,0x0002,24,,,,,,idle2.pcapng
"Oct 12, 2023 18:00:42.998686",0.001446,52,0xa209,0xc8f0,0x8861,173,,,,,,idle2.pcapng
"Oct 12, 2023 18:00:43.000703",0.002017,5,,,0x0002,173,,,,,,idle2.pcapng
"Oct 12, 2023 18:00:43.013571",,45,,,,,,,,,,idle2.pcapng
"Oct 12, 2023 18:00:43.019065",,45,,,,,,,,,,idle2.pcapng
"Oct 12, 2023 18:00:43.022492",,45,,,,,,,,,,idle2.pcapng
"Oct 12, 2023 18:00:43.024289",,63,,,,,,,,,,idle2.pcapng
"Oct 12, 2023 18:00:43.029716",,45,,,,,,,,,,idle2.pcapng
"Oct 12, 2023 18:00:43.031540",0.001824,5,,,0x0002,30,,,,,,idle2.pcapng
"Oct 12, 2023 18:00:43.031992",,63,,,,,,,,,,idle2.pcapng
"Oct 12, 2023 18:00:43.034391",0.002399,5,,,0x0002,26,,,,,,idle2.pcapng
"Oct 12, 2023 18:00:43.037128",,63,,,,,,,,,,idle2.pcapng
"Oct 12, 2023 18:00:43.039527",0.002399,5,,,0x0002,26,,,,,,idle2.pcapng
"Oct 12, 2023 18:00:43.041966",,45,,,,,,,,,,idle2.pcapng
"Oct 12, 2023 18:00:43.043790",0.001824,5,,,0x0002,31,,,,,,idle2.pcapng
"Oct 12, 2023 18:00:43.047334",,45,,,,,,,,,,idle2.pcapng
"Oct 12, 2023 18:00:43.049115",0.001781,5,,,0x0002,174,,,,,,idle2.pcapng
"Oct 12, 2023 18:00:43.051637",,45,,,,,,,,,,idle2.pcapng
"Oct 12, 2023 18:00:43.055465",0.003828,45,0xa209,0xc8f0,0x8861,175,,,,,,idle2.pcapng
"Oct 12, 2023 18:00:43.059367",,45,,,,,,,,,,idle2.pcapng
"Oct 12, 2023 18:00:43.061160",0.001793,5,,,0x0002,175,,,,,,idle2.pcapng
"Oct 12, 2023 18:00:43.063818",,45,,,,,,,,,,idle2.pcapng
"Oct 12, 2023 18:00:43.065612",0.001794,5,,,0x0002,176,,,,,,idle2.pcapng
"Oct 12, 2023 18:00:44.912433",1.846821,77,0xe694,0xffff,0x8841,240,0xe694,0xfffc,0x1209,,,idle2.pcapng
"Oct 12, 2023 18:00:45.374028",0.461595,74,0x09ac,0xffff,0x8841,26,0x09ac,0xfffc,0x1209,,,idle2.pcapng
"Oct 12, 2023 18:00:45.860627",0.486599,71,0xc8f0,0xffff,0x8841,27,0xc8f0,0xfffc,0x1209,,,idle2.pcapng
"Oct 12, 2023 18:00:46.349109",0.488482,12,0x2cae,0x482d,0x8863,51,,,,,,idle2.pcapng
"Oct 12, 2023 18:00:46.349876",0.000767,5,,,0x0002,51,,,,,,idle2.pcapng
"Oct 12, 2023 18:00:48.134767",,53,,,,,,,,,,idle2.pcapng
"Oct 12, 2023 18:00:48.136846",0.002079,5,,,0x0002,52,,,,,,idle2.pcapng
"Oct 12, 2023 18:00:48.141784",0.004938,57,0x482d,0xe5c4,0x8861,176,0x2cae,0x0000,0x1a09,,,idle2.pcapng
"Oct 12, 2023 18:00:48.143991",0.002207,5,,,0x0002,176,,,,,,idle2.pcapng
"Oct 12, 2023 18:00:48.148198",0.004207,59,0xe5c4,0x0000,0x8861,151,0x2cae,0x0000,0x1a09,,,idle2.pcapng
"Oct 12, 2023 18:00:48.150469",0.002271,5,,,0x0002,151,,,,,,idle2.pcapng
"Oct 12, 2023 18:00:48.152005",0.001536,12,0x2cae,0x482d,0x8863,53,,,,,,idle2.pcapng
"Oct 12, 2023 18:00:48.152773",0.000768,5,,,0x0002,53,,,,,,idle2.pcapng
"Oct 12, 2023 18:00:48.188793",,53,,,,,,,,,,idle2.pcapng
"Oct 12, 2023 18:00:48.190872",0.002079,5,,,0x0002,177,,,,,,idle2.pcapng
"Oct 12, 2023 18:00:48.193943",,53,,,,,,,,,,idle2.pcapng
"Oct 12, 2023 18:00:48.196021",0.002078,5,,,0x0002,152,,,,,,idle2.pcapng
"Oct 12, 2023 18:00:48.240864",,56,,,,,,,,,,idle2.pcapng
"Oct 12, 2023 18:00:48.243039",0.002175,5,,,0x0002,33,,,,,,idle2.pcapng
"Oct 12, 2023 18:00:48.247819",,56,,,,,,,,,,idle2.pcapng
"Oct 12, 2023 18:00:48.249994",0.002175,5,,,0x0002,153,,,,,,idle2.pcapng
"Oct 12, 2023 18:00:49.368526",1.118532,77,0x0000,0xffff,0x8841,34,0x0000,0xfffc,0x1209,,,idle2.pcapng
"Oct 12, 2023 18:00:49.628516",0.259990,12,0x2cae,0x482d,0x8863,54,,,,,,idle2.pcapng
"Oct 12, 2023 18:00:49.629283",0.000767,5,,,0x0012,54,,,,,,idle2.pcapng
"Oct 12, 2023 18:00:49.631380",,50,,,,,,,,,,idle2.pcapng
"Oct 12, 2023 18:00:49.633365",0.001985,5,,,0x0002,178,,,,,,idle2.pcapng
"Oct 12, 2023 18:00:49.637713",0.004348,12,0x2cae,0x482d,0x8863,55,,,,,,idle2.pcapng
"Oct 12, 2023 18:00:49.638480",0.000767,5,,,0x0002,55,,,,,,idle2.pcapng
"Oct 12, 2023 18:00:49.645216",,45,,,,,,,,,,idle2.pcapng
"Oct 12, 2023 18:00:49.647039",0.001823,5,,,0x0002,56,,,,,,idle2.pcapng
"Oct 12, 2023 18:00:49.652106",0.005067,57,0x482d,0xe5c4,0x8861,179,0x2cae,0x0000,0x1a09,,,idle2.pcapng
"Oct 12, 2023 18:00:49.654313",0.002207,5,,,0x0002,179,,,,,,idle2.pcapng
"Oct 12, 2023 18:00:49.659159",0.004846,59,0xe5c4,0x0000,0x8861,154,0x2cae,0x0000,0x1a09,,,idle2.pcapng
"Oct 12, 2023 18:00:49.661429",0.002270,5,,,0x0002,154,,,,,,idle2.pcapng
"Oct 12, 2023 18:00:49.670279",0.008850,12,0x2cae,0x482d,0x8863,57,,,,,,idle2.pcapng
"Oct 12, 2023 18:00:49.671046",0.000767,5,,,0x0002,57,,,,,,idle2.pcapng
"Oct 12, 2023 18:00:49.698785",,45,,,,,,,,,,idle2.pcapng
"Oct 12, 2023 18:00:49.700608",0.001823,5,,,0x0002,180,,,,,,idle2.pcapng
"Oct 12, 2023 18:00:49.705161",,45,,,,,,,,,,idle2.pcapng
"Oct 12, 2023 18:00:49.706984",0.001823,5,,,0x0002,155,,,,,,idle2.pcapng
"Oct 12, 2023 18:00:53.738930",4.031946,77,0xe5c4,0xffff,0x8841,156,0xe5c4,0xfffc,0x1209,,,idle2.pcapng
"Oct 12, 2023 18:00:53.933475",0.194545,77,0x482d,0xffff,0x8841,181,0x482d,0xfffc,0x1209,,,idle2.pcapng
"Oct 12, 2023 18:00:54.691607",0.758132,12,0x2cae,0x482d,0x8863,58,,,,,,idle2.pcapng
"Oct 12, 2023 18:00:55.087066",0.395459,77,0x054f,0xffff,0x8841,31,0x054f,0xfffc,0x1209,,,idle2.pcapng
"Oct 12, 2023 18:00:55.520682",0.433616,68,0xebe5,0xffff,0x8841,42,0xebe5,0xfffc,0x1209,,,idle2.pcapng
"Oct 12, 2023 18:00:56.325953",0.805271,77,0x82eb,0xffff,0x8841,233,0x82eb,0xfffc,0x1209,,,idle2.pcapng
"Oct 12, 2023 18:00:57.014886",0.688933,74,0x6e5f,0xffff,0x8841,21,0x6e5f,0xfffc,0x1209,,,idle2.pcapng
"Oct 12, 2023 18:00:59.755869",2.740983,12,0x2cae,0x482d,0x8863,59,,,,,,idle2.pcapng
"Oct 12, 2023 18:00:59.756636",0.000767,5,,,0x0002,59,,,,,,idle2.pcapng
"Oct 12, 2023 18:00:59.855495",0.098859,77,0xe694,0xffff,0x8841,241,0xe694,0xfffc,0x1209,,,idle2.pcapng
"Oct 12, 2023 18:01:00.839492",0.983997,71,0xc8f0,0xffff,0x8841,28,0xc8f0,0xfffc,0x1209,,,idle2.pcapng
"Oct 12, 2023 18:01:04.754109",3.914617,12,0x2cae,0x482d,0x8863,60,,,,,,idle2.pcapng
"Oct 12, 2023 18:01:04.754876",0.000767,5,,,0x0002,60,,,,,,idle2.pcapng
"Oct 12, 2023 18:01:05.670556",0.915680,74,0xa209,0xffff,0x8841,178,0xa209,0xfffc,0x1209,,,idle2.pcapng
"Oct 12, 2023 18:01:05.898889",0.228333,77,0x0000,0xffff,0x8841,35,0x0000,0xfffc,0x1209,,,idle2.pcapng
"Oct 12, 2023 18:01:08.284992",2.386103,77,0xe5c4,0xffff,0x8841,157,0xe5c4,0xfffc,0x1209,,,idle2.pcapng
"Oct 12, 2023 18:01:09.357149",1.072157,77,0x482d,0xffff,0x8841,182,0x482d,0xfffc,0x1209,,,idle2.pcapng
"Oct 12, 2023 18:01:09.786830",0.429681,12,0x2cae,0x482d,0x8863,61,,,,,,idle2.pcapng
"Oct 12, 2023 18:01:09.787598",0.000768,5,,,0x0002,61,,,,,,idle2.pcapng
"Oct 12, 2023 18:01:10.464597",0.676999,68,0xebe5,0xffff,0x8841,43,0xebe5,0xfffc,0x1209,,,idle2.pcapng
"Oct 12, 2023 18:01:10.522359",0.057762,77,0x054f,0xffff,0x8841,32,0x054f,0xfffc,0x1209,,,idle2.pcapng
"Oct 12, 2023 18:01:11.325018",0.802659,77,0x82eb,0xffff,0x8841,234,0x82eb,0xfffc,0x1209,,,idle2.pcapng
"Oct 12, 2023 18:01:12.011822",0.686804,74,0x6e5f,0xffff,0x8841,22,0x6e5f,0xfffc,0x1209,,,idle2.pcapng
"Oct 12, 2023 18:01:12.293449",,53,,,,,,,,,,idle2.pcapng
"Oct 12, 2023 18:01:12.295497",0.002048,5,,,0x0002,11,,,,,,idle2.pcapng
"Oct 12, 2023 18:01:12.304177",,53,,,,,,,,,,idle2.pcapng
"Oct 12, 2023 18:01:12.306256",0.002079,5,,,0x0002,29,,,,,,idle2.pcapng
"Oct 12, 2023 18:01:12.800482",0.494226,12,0x265e,0xc8f0,0x8863,12,,,,,,idle2.pcapng
"Oct 12, 2023 18:01:12.801208",0.000726,5,,,0x0002,12,,,,,,idle2.pcapng
"Oct 12, 2023 18:01:12.820665",,52,,,,,,,,,,idle2.pcapng
"Oct 12, 2023 18:01:12.822681",0.002016,5,,,0x0002,36,,,,,,idle2.pcapng
"Oct 12, 2023 18:01:12.830470",,63,,,,,,,,,,idle2.pcapng
"Oct 12, 2023 18:01:12.832869",0.002399,5,,,0x0002,242,,,,,,idle2.pcapng
"Oct 12, 2023 18:01:12.861420",,52,,,,,,,,,,idle2.pcapng
"Oct 12, 2023 18:01:12.863425",0.002005,5,,,0x0002,37,,,,,,idle2.pcapng
"Oct 12, 2023 18:01:12.871355",,63,,,,,,,,,,idle2.pcapng
"Oct 12, 2023 18:01:12.873754",0.002399,5,,,0x0002,23,,,,,,idle2.pcapng
"Oct 12, 2023 18:01:12.882228",,45,,,,,,,,,,idle2.pcapng
"Oct 12, 2023 18:01:12.884020",0.001792,5,,,0x0002,38,,,,,,idle2.pcapng
"Oct 12, 2023 18:01:12.900188",,54,,,,,,,,,,idle2.pcapng
"Oct 12, 2023 18:01:12.902267",0.002079,5,,,0x0002,39,,,,,,idle2.pcapng
"Oct 12, 2023 18:01:12.910153",,66,,,,,,,,,,idle2.pcapng
"Oct 12, 2023 18:01:12.912648",0.002495,5,,,0x0002,243,,,,,,idle2.pcapng
"Oct 12, 2023 18:01:12.922981",,54,,,,,,,,,,idle2.pcapng
"Oct 12, 2023 18:01:12.932958",,66,,,,,,,,,,idle2.pcapng
"Oct 12, 2023 18:01:12.935453",0.002495,5,,,0x0002,24,,,,,,idle2.pcapng
"Oct 12, 2023 18:01:12.946174",,45,,,,,,,,,,idle2.pcapng
"Oct 12, 2023 18:01:12.947967",0.001793,5,,,0x0002,41,,,,,,idle2.pcapng
"Oct 12, 2023 18:01:12.954159",,54,,,,,,,,,,idle2.pcapng
"Oct 12, 2023 18:01:12.956270",0.002111,5,,,0x0002,42,,,,,,idle2.pcapng
"Oct 12, 2023 18:01:12.958830",0.002560,54,0x7531,0x9041,0x8861,179,,,,,,idle2.pcapng
"Oct 12, 2023 18:01:12.962663",,54,,,,,,,,,,idle2.pcapng
"Oct 12, 2023 18:01:12.964744",0.002081,5,,,0x0002,179,,,,,,idle2.pcapng
"Oct 12, 2023 18:01:12.965645",,52,,,,,,,,,,idle2.pcapng
"Oct 12, 2023 18:01:12.967693",0.002048,5,,,0x0002,43,,,,,,idle2.pcapng
"Oct 12, 2023 18:01:12.971985",0.004292,52,0xa209,0xc8f0,0x8861,180,,,,,,idle2.pcapng
"Oct 12, 2023 18:01:12.975776",0.003791,52,0x4777,0x78f0,0x8861,180,,,,,,idle2.pcapng
"Oct 12, 2023 18:01:12.981311",0.005535,52,0xa209,0xc8f0,0x8861,180,,,,,,idle2.pcapng
"Oct 12, 2023 18:01:12.985051",,52,,,,,,,,,,idle2.pcapng
"Oct 12, 2023 18:01:12.987098",0.002047,5,,,0x0022,49,,,,,,idle2.pcapng
"Oct 12, 2023 18:01:12.988305",,66,,,,,,,,,,idle2.pcapng
"Oct 12, 2023 18:01:12.990799",0.002494,5,,,0x0002,30,,,,,,idle2.pcapng
"Oct 12, 2023 18:01:12.994356",0.003557,12,0x2cae,0x482d,0x8863,63,,,,,,idle2.pcapng
"Oct 12, 2023 18:01:12.995123",0.000767,5,,,0x0002,63,,,,,,idle2.pcapng
"Oct 12, 2023 18:01:12.996058",,66,,,,,,,,,,idle2.pcapng
"Oct 12, 2023 18:01:12.998553",0.002495,5,,,0x0002,31,,,,,,idle2.pcapng
"Oct 12, 2023 18:01:13.003634",0.005081,57,0x482d,0xe5c4,0x8861,183,0x2cae,0x0000,0x1a09,,,idle2.pcapng
"Oct 12, 2023 18:01:13.005841",,45,,,,,,,,,,idle2.pcapng
"Oct 12, 2023 18:01:13.008681",0.002840,59,0xe5c4,0x0000,0x8861,158,0x2cae,0x0000,0x1a09,,,idle2.pcapng
"Oct 12, 2023 18:01:13.010952",0.002271,5,,,0x0002,158,,,,,,idle2.pcapng
"Oct 12, 2023 18:01:13.016660",,45,,,,,,,,,,idle2.pcapng
"Oct 12, 2023 18:01:13.018454",0.001794,5,,,0x0002,44,,,,,,idle2.pcapng
"Oct 12, 2023 18:01:13.024863",,45,,,,,,,,,,idle2.pcapng
"Oct 12, 2023 18:01:13.026656",0.001793,5,,,,,,,,,,idle2.pcapng
"Oct 12, 2023 18:01:13.029719",,45,,,,,,,,,,idle2.pcapng
"Oct 12, 2023 18:01:13.031512",0.001793,5,,,0x0002,45,,,,,,idle2.pcapng
"Oct 12, 2023 18:01:13.035946",,45,,,,,,,,,,idle2.pcapng
"Oct 12, 2023 18:01:13.037769",0.001823,5,,,0x0002,46,,,,,,idle2.pcapng
"Oct 12, 2023 18:01:13.043237",0.005468,5,,,0x0002,181,,,,,,idle2.pcapng
"Oct 12, 2023 18:01:13.044418",,45,,,,,,,,,,idle2.pcapng
"Oct 12, 2023 18:01:13.046241",0.001823,5,,,0x0002,47,,,,,,idle2.pcapng
"Oct 12, 2023 18:01:13.048219",,45,,,,,,,,,,idle2.pcapng
"Oct 12, 2023 18:01:13.050004",0.001785,5,,,0x0002,182,,,,,,idle2.pcapng
"Oct 12, 2023 18:01:13.051469",,63,,,,,,,,,,idle2.pcapng
"Oct 12, 2023 18:01:13.053868",0.002399,5,,,0x0002,32,,,,,,idle2.pcapng
"Oct 12, 2023 18:01:13.057107",0.003239,5,,,0x0002,253,,,,,,idle2.pcapng
"Oct 12, 2023 18:01:13.060140",,52,,,,,,,,,,idle2.pcapng
"Oct 12, 2023 18:01:13.062187",0.002047,5,,,0x0002,159,,,,,,idle2.pcapng
"Oct 12, 2023 18:01:13.077348",,45,,,,,,,,,,idle2.pcapng
"Oct 12, 2023 18:01:13.079171",0.001823,5,,,0x0002,48,,,,,,idle2.pcapng
"Oct 12, 2023 18:01:13.082273",,45,,,,,,,,,,idle2.pcapng
"Oct 12, 2023 18:01:13.084065",0.001792,5,,,0x0002,184,,,,,,idle2.pcapng
"Oct 12, 2023 18:01:13.104120",,56,,,,,,,,,,idle2.pcapng
"Oct 12, 2023 18:01:13.106295",0.002175,5,,,0x0002,49,,,,,,idle2.pcapng
"Oct 12, 2023 18:01:13.109036",,56,,,,,,,,,,idle2.pcapng
"Oct 12, 2023 18:01:13.111212",0.002176,5,,,0x0002,160,,,,,,idle2.pcapng
"Oct 12, 2023 18:01:14.474202",1.362990,12,0x2cae,0x482d,0x8863,64,,,,,,idle2.pcapng
"Oct 12, 2023 18:01:14.474969",0.000767,5,,,0x0012,64,,,,,,idle2.pcapng
"Oct 12, 2023 18:01:14.478615",,50,,,,,,,,,,idle2.pcapng
"Oct 12, 2023 18:01:14.480601",0.001986,5,,,0x0002,185,,,,,,idle2.pcapng
"Oct 12, 2023 18:01:14.482917",0.002316,12,0x2cae,0x482d,0x8863,65,,,,,,idle2.pcapng
"Oct 12, 2023 18:01:14.483684",0.000767,5,,,0x0002,65,,,,,,idle2.pcapng
"Oct 12, 2023 18:01:14.492066",,45,,,,,,,,,,idle2.pcapng
"Oct 12, 2023 18:01:14.493889",0.001823,5,,,0x0002,66,,,,,,idle2.pcapng
"Oct 12, 2023 18:01:14.497426",0.003537,12,0x2cae,0x482d,0x8863,67,,,,,,idle2.pcapng
"Oct 12, 2023 18:01:14.502162",0.004736,57,0x482d,0xe5c4,0x8861,186,0x2cae,0x0000,0x1a09,,,idle2.pcapng
"Oct 12, 2023 18:01:14.504369",0.002207,5,,,0x0002,186,,,,,,idle2.pcapng
"Oct 12, 2023 18:01:14.507828",0.003459,59,0xe5c4,0x0000,0x8861,161,0x2cae,0x0000,0x1a09,,,idle2.pcapng
"Oct 12, 2023 18:01:14.510099",0.002271,5,,,0x0002,161,,,,,,idle2.pcapng
"Oct 12, 2023 18:01:14.547027",,45,,,,,,,,,,idle2.pcapng
"Oct 12, 2023 18:01:14.548850",0.001823,5,,,0x0002,187,,,,,,idle2.pcapng
"Oct 12, 2023 18:01:14.554249",,45,,,,,,,,,,idle2.pcapng
"Oct 12, 2023 18:01:14.556072",0.001823,5,,,0x0002,162,,,,,,idle2.pcapng
"Oct 12, 2023 18:01:14.911560",0.355488,77,0xe694,0xffff,0x8841,244,0xe694,0xfffc,0x1209,,,idle2.pcapng
"Oct 12, 2023 18:01:15.051730",0.140170,107,0x09ac,0xffff,0x886b,28,,,,,,idle2.pcapng
"Oct 12, 2023 18:01:15.846604",0.794874,71,0xc8f0,0xffff,0x8841,33,0xc8f0,0xfffc,0x1209,,,idle2.pcapng
"Oct 12, 2023 18:01:19.506621",3.660017,12,0x2cae,0x482d,0x8863,68,,,,,,idle2.pcapng
"Oct 12, 2023 18:01:19.507388",0.000767,5,,,0x0002,68,,,,,,idle2.pcapng
"Oct 12, 2023 18:01:21.636440",2.129052,74,0xa209,0xffff,0x8841,185,0xa209,0xfffc,0x1209,,,idle2.pcapng
"Oct 12, 2023 18:01:21.951502",0.315062,77,0x0000,0xffff,0x8841,50,0x0000,0xfffc,0x1209,,,idle2.pcapng
"Oct 12, 2023 18:01:23.652320",,102,,,,,,,,,,idle2.pcapng
"Oct 12, 2023 18:01:23.655935",0.003615,5,,,0x0002,230,,,,,,idle2.pcapng
"Oct 12, 2023 18:01:23.660246",,102,,,,,,,,,,idle2.pcapng
"Oct 12, 2023 18:01:23.663893",0.003647,5,,,0x0002,245,,,,,,idle2.pcapng
"Oct 12, 2023 18:01:24.425108",0.761215,77,0xe5c4,0xffff,0x8841,163,0xe5c4,0xfffc,0x1209,,,idle2.pcapng
"Oct 12, 2023 18:01:24.567508",0.142400,12,0x2cae,0x482d,0x8863,69,,,,,,idle2.pcapng
"Oct 12, 2023 18:01:24.661167",0.093659,12,0x9989,0xe694,0x8863,231,,,,,,idle2.pcapng
"Oct 12, 2023 18:01:24.661903",0.000736,5,,,0x0002,231,,,,,,idle2.pcapng
"Oct 12, 2023 18:01:24.664967",0.003064,99,0x482d,0xffff,0x8863,188,,,,,,idle2.pcapng
"Oct 12, 2023 18:01:25.533461",0.868494,68,0xebe5,0xffff,0x8841,44,0xebe5,0xfffc,0x1209,,,idle2.pcapng
"Oct 12, 2023 18:01:25.669910",0.136449,12,0x9989,0xe694,0x8863,232,,,,,,idle2.pcapng
"Oct 12, 2023 18:01:25.670641",0.000731,5,,,0x0002,232,,,,,,idle2.pcapng
"Oct 12, 2023 18:01:26.304537",0.633896,77,0x054f,0xffff,0x8841,33,0x054f,0xfffc,0x1209,,,idle2.pcapng
"Oct 12, 2023 18:01:26.325367",0.020830,77,0x82eb,0xffff,0x8841,235,0x82eb,0xfffc,0x1209,,,idle2.pcapng
"Oct 12, 2023 18:01:26.678590",0.353223,12,0x9989,0xe694,0x8863,233,,,,,,idle2.pcapng
"Oct 12, 2023 18:01:26.679326",0.000736,5,,,0x0002,233,,,,,,idle2.pcapng
"Oct 12, 2023 18:01:27.115631",0.436305,74,0x6e5f,0xffff,0x8841,25,0x6e5f,0xfffc,0x1209,,,idle2.pcapng
"Oct 12, 2023 18:01:29.567812",2.452181,12,0x2cae,0x482d,0x8863,70,,,,,,idle2.pcapng
"Oct 12, 2023 18:01:29.568579",0.000767,5,,,0x0002,70,,,,,,idle2.pcapng
"Oct 12, 2023 18:01:29.854358",0.285779,107,0x09ac,0xffff,0x886b,29,,,,,,idle2.pcapng
"Oct 12, 2023 18:01:29.887270",0.032912,77,0xe694,0xffff,0x8841,246,0xe694,0xfffc,0x1209,,,idle2.pcapng
"Oct 12, 2023 18:01:30.795588",0.908318,71,0xc8f0,0xffff,0x8841,34,0xc8f0,0xfffc,0x1209,,,idle2.pcapng
"Oct 12, 2023 18:01:32.753754",1.958166,55,0xa209,0x0000,0x8861,186,0xa209,0x0000,0x1a09,,,idle2.pcapng
"Oct 12, 2023 18:01:32.755897",0.002143,5,,,0x0002,186,,,,,,idle2.pcapng
"Oct 12, 2023 18:01:32.801044",,57,,,,,,,,,,idle2.pcapng
"Oct 12, 2023 18:01:32.803251",0.002207,5,,,0x0002,187,,,,,,idle2.pcapng
"Oct 12, 2023 18:01:32.843333",,49,,,,,,,,,,idle2.pcapng
"Oct 12, 2023 18:01:32.845284",0.001951,5,,,0x0002,51,,,,,,idle2.pcapng
"Oct 12, 2023 18:01:32.850413",0.005129,55,0xa209,0x0000,0x8861,188,0xa209,0x0000,0x1a09,,,idle2.pcapng
"Oct 12, 2023 18:01:32.852556",0.002143,5,,,0x0002,188,,,,,,idle2.pcapng
"Oct 12, 2023 18:01:32.896185",,45,,,,,,,,,,idle2.pcapng
"Oct 12, 2023 18:01:32.898008",0.001823,5,,,0x0002,189,,,,,,idle2.pcapng
"Oct 12, 2023 18:01:34.599314",1.701306,12,0x2cae,0x482d,0x8863,71,,,,,,idle2.pcapng
"Oct 12, 2023 18:01:34.600081",0.000767,5,,,0x0002,71,,,,,,idle2.pcapng
"Oct 12, 2023 18:01:36.716191",2.116110,77,0x0000,0xffff,0x8841,52,0x0000,0xfffc,0x1209,,,idle2.pcapng
"Oct 12, 2023 18:01:37.853364",1.137173,74,0xa209,0xffff,0x8841,190,0xa209,0xfffc,0x1209,,,idle2.pcapng
"Oct 12, 2023 18:01:39.540750",1.687386,77,0xe5c4,0xffff,0x8841,164,0xe5c4,0xfffc,0x1209,,,idle2.pcapng
"Oct 12, 2023 18:01:39.662997",0.122247,12,0x2cae,0x482d,0x8863,72,,,,,,idle2.pcapng
"Oct 12, 2023 18:01:39.663764",0.000767,5,,,0x0002,72,,,,,,idle2.pcapng
"Oct 12, 2023 18:01:40.429422",0.765658,68,0xebe5,0xffff,0x8841,45,0xebe5,0xfffc,0x1209,,,idle2.pcapng
"Oct 12, 2023 18:01:41.337552",0.908130,77,0x82eb,0xffff,0x8841,236,0x82eb,0xfffc,0x1209,,,idle2.pcapng
"Oct 12, 2023 18:01:42.073707",0.736155,102,0x4e5f,0xffff,0x8866,26,,,,,,idle2.pcapng
"Oct 12, 2023 18:01:42.700760",0.627053,95,0x482d,0xffff,0x885f,189,,,,,,idle2.pcapng
"Oct 12, 2023 18:01:42.826578",,52,,,,,,,,,,idle2.pcapng
"Oct 12, 2023 18:01:42.828594",0.002016,5,,,0x0002,53,,,,,,idle2.pcapng
"Oct 12, 2023 18:01:42.836430",,63,,,,,,,,,,idle2.pcapng
"Oct 12, 2023 18:01:42.838829",0.002399,5,,,0x0002,247,,,,,,idle2.pcapng
"Oct 12, 2023 18:01:42.863833",,52,,,,,,,,,,idle2.pcapng
"Oct 12, 2023 18:01:42.865851",0.002018,5,,,0x0002,54,,,,,,idle2.pcapng
"Oct 12, 2023 18:01:42.873898",,63,,,,,,,,,,idle2.pcapng
"Oct 12, 2023 18:01:42.876297",0.002399,5,,,0x0002,27,,,,,,idle2.pcapng
"Oct 12, 2023 18:01:42.880477",,45,,,,,,,,,,idle2.pcapng
"Oct 12, 2023 18:01:42.882259",0.001782,5,,,0x0002,55,,,,,,idle2.pcapng
"Oct 12, 2023 18:01:42.905135",,54,,,,,,,,,,idle2.pcapng
"Oct 12, 2023 18:01:42.907215",0.002080,5,,,0x0002,56,,,,,,idle2.pcapng
"Oct 12, 2023 18:01:42.915246",,66,,,,,,,,,,idle2.pcapng
"Oct 12, 2023 18:01:42.917741",0.002495,5,,,0x0002,248,,,,,,idle2.pcapng
"Oct 12, 2023 18:01:42.925056",,45,,,,,,,,,,idle2.pcapng
"Oct 12, 2023 18:01:42.926848",0.001792,5,,,0x0002,57,,,,,,idle2.pcapng
"Oct 12, 2023 18:01:42.937418",,54,,,,,,,,,,idle2.pcapng
"Oct 12, 2023 18:01:42.939499",0.002081,5,,,0x0002,58,,,,,,idle2.pcapng
"Oct 12, 2023 18:01:42.947444",,66,,,,,,,,,,idle2.pcapng
"Oct 12, 2023 18:01:42.949939",0.002495,5,,,0x0002,28,,,,,,idle2.pcapng
"Oct 12, 2023 18:01:42.951039",,54,,,,,,,,,,idle2.pcapng
"Oct 12, 2023 18:01:42.953150",0.002111,5,,,0x0002,59,,,,,,idle2.pcapng
"Oct 12, 2023 18:01:42.956863",,54,,,,,,,,,,idle2.pcapng
"Oct 12, 2023 18:01:42.958943",0.002080,5,,,0x0002,191,,,,,,idle2.pcapng
"Oct 12, 2023 18:01:42.966683",,66,,,,,,,,,,idle2.pcapng
"Oct 12, 2023 18:01:42.969178",0.002495,5,,,0x0002,35,,,,,,idle2.pcapng
"Oct 12, 2023 18:01:42.973958",,52,,,,,,,,,,idle2.pcapng
"Oct 12, 2023 18:01:42.976005",0.002047,5,,,0x0002,60,,,,,,idle2.pcapng
"Oct 12, 2023 18:01:42.980363",,52,,,,,,,,,,idle2.pcapng
"Oct 12, 2023 18:01:42.982379",0.002016,5,,,0x0002,192,,,,,,idle2.pcapng
"Oct 12, 2023 18:01:42.990193",,45,,,,,,,,,,idle2.pcapng
"Oct 12, 2023 18:01:42.991985",0.001792,5,,,0x0002,61,,,,,,idle2.pcapng
"Oct 12, 2023 18:01:42.997749",0.005764,5,,,0x0002,36,,,,,,idle2.pcapng
"Oct 12, 2023 18:01:43.003008",,45,,,,,,,,,,idle2.pcapng
"Oct 12, 2023 18:01:43.014879",,45,,,,,,,,,,idle2.pcapng
"Oct 12, 2023 18:01:43.016703",0.001824,5,,,0x0002,63,,,,,,idle2.pcapng
"Oct 12, 2023 18:01:43.019965",0.003262,45,0xa209,0xc8f0,0x8861,193,,,,,,idle2.pcapng
"Oct 12, 2023 18:01:43.021753",0.001788,5,,,0x0002,193,,,,,,idle2.pcapng
"Oct 12, 2023 18:01:43.025490",,45,,,,,,,,,,idle2.pcapng
"Oct 12, 2023 18:01:43.027313",0.001823,5,,,0x0002,64,,,,,,idle2.pcapng
"Oct 12, 2023 18:01:43.030405",,45,,,,,,,,,,idle2.pcapng
"Oct 12, 2023 18:01:43.032198",0.001793,5,,,0x0002,194,,,,,,idle2.pcapng
"Oct 12, 2023 18:01:43.737535",0.705337,77,0x054f,0xffff,0x8841,34,0x054f,0xfffc,0x1209,,,idle2.pcapng
"Oct 12, 2023 18:01:44.492670",0.755135,74,0x09ac,0xffff,0x8841,30,0x09ac,0xfffc,0x1209,,,idle2.pcapng
"Oct 12, 2023 18:01:44.662837",0.170167,12,0x2cae,0x482d,0x8863,73,,,,,,idle2.pcapng
"Oct 12, 2023 18:01:44.663604",0.000767,5,,,0x0002,73,,,,,,idle2.pcapng
"Oct 12, 2023 18:01:44.892762",0.229158,77,0xe694,0xffff,0x8841,249,0xe694,0xfffc,0x1209,,,idle2.pcapng
"Oct 12, 2023 18:01:45.803695",0.910933,71,0xc8f0,0xffff,0x8841,37,0xc8f0,0xfffc,0x1209,,,idle2.pcapng
"Oct 12, 2023 18:01:49.726200",3.922505,12,0x2cae,0x482d,0x8863,74,,,,,,idle2.pcapng
"Oct 12, 2023 18:01:49.726968",0.000768,5,,,0x0002,74,,,,,,idle2.pcapng
"Oct 12, 2023 18:01:52.424083",2.697115,74,0xa209,0xffff,0x8841,195,0xa209,0xfffc,0x1209,,,idle2.pcapng
"Oct 12, 2023 18:01:53.213773",0.789690,77,0x0000,0xffff,0x8841,65,0x0000,0xfffc,0x1209,,,idle2.pcapng
"Oct 12, 2023 18:01:54.787903",1.574130,12,0x2cae,0x482d,0x8863,75,,,,,,idle2.pcapng
"Oct 12, 2023 18:01:54.788670",0.000767,5,,,0x0002,75,,,,,,idle2.pcapng
"Oct 12, 2023 18:01:55.502116",0.713446,68,0xebe5,0xffff,0x8841,46,0xebe5,0xfffc,0x1209,,,idle2.pcapng
"Oct 12, 2023 18:01:56.327076",0.824960,77,0x82eb,0xffff,0x8841,237,0x82eb,0xfffc,0x1209,,,idle2.pcapng
"Oct 12, 2023 18:01:57.090071",0.762995,74,0x6e5f,0xffff,0x8841,29,0x6e5f,0xfffc,0x1209,,,idle2.pcapng
"Oct 12, 2023 18:01:59.385053",,76,,,,,,,,,,idle2.pcapng
"Oct 12, 2023 18:01:59.387868",0.002815,5,,,0x0002,35,,,,,,idle2.pcapng
"Oct 12, 2023 18:01:59.415256",,45,,,,,,,,,,idle2.pcapng
"Oct 12, 2023 18:01:59.417037",0.001781,5,,,0x0002,66,,,,,,idle2.pcapng
"Oct 12, 2023 18:01:59.420919",,45,,,,,,,,,,idle2.pcapng
"Oct 12, 2023 18:01:59.422729",0.001810,5,,,0x0002,250,,,,,,idle2.pcapng
"Oct 12, 2023 18:01:59.431855",,50,,,,,,,,,,idle2.pcapng
"Oct 12, 2023 18:01:59.433807",0.001952,5,,,0x0002,67,,,,,,idle2.pcapng
"Oct 12, 2023 18:01:59.437745",,50,,,,,,,,,,idle2.pcapng
"Oct 12, 2023 18:01:59.439714",0.001969,5,,,0x0002,251,,,,,,idle2.pcapng
"Oct 12, 2023 18:01:59.442921",,45,,,,,,,,,,idle2.pcapng
"Oct 12, 2023 18:01:59.444743",0.001822,5,,,0x0002,36,,,,,,idle2.pcapng
"Oct 12, 2023 18:01:59.511973",0.067230,77,0x054f,0xffff,0x8841,37,0x054f,0xfffc,0x1209,,,idle2.pcapng
"Oct 12, 2023 18:01:59.789053",0.277080,12,0x2cae,0x482d,0x8863,76,,,,,,idle2.pcapng
"Oct 12, 2023 18:01:59.789820",0.000767,5,,,0x0002,76,,,,,,idle2.pcapng
"Oct 12, 2023 18:01:59.875188",0.085368,77,0xe694,0xffff,0x8841,252,0xe694,0xfffc,0x1209,,,idle2.pcapng
"Oct 12, 2023 18:02:00.053011",0.177823,106,0x482d,0xffff,0x886a,190,,,,,,idle2.pcapng
"Oct 12, 2023 18:02:00.802960",,96,,,,,,,,,,idle2.pcapng
"Oct 12, 2023 18:02:01.506206",0.703246,74,0x09ac,0xffff,0x8841,31,0x09ac,0xfffc,0x1209,,,idle2.pcapng
"Oct 12, 2023 18:02:04.818986",3.312780,12,0x2cae,0x482d,0x8863,77,,,,,,idle2.pcapng
"Oct 12, 2023 18:02:04.819753",0.000767,5,,,0x0002,77,,,,,,idle2.pcapng
"Oct 12, 2023 18:02:07.073835",2.254082,107,0xa209,0xffff,0x886b,196,,,,,,idle2.pcapng
"Oct 12, 2023 18:02:08.852707",1.778872,77,0xe5c4,0xffff,0x8841,166,0xe5c4,0xfffc,0x1209,,,idle2.pcapng
"Oct 12, 2023 18:02:09.518631",0.665924,77,0x0000,0xffff,0x8841,68,0x0000,0xfffc,0x1209,,,idle2.pcapng
"Oct 12, 2023 18:02:09.850945",0.332314,12,0x2cae,0x482d,0x8863,78,,,,,,idle2.pcapng
"Oct 12, 2023 18:02:10.459781",0.608836,68,0xebe5,0xffff,0x8841,47,0xebe5,0xfffc,0x1209,,,idle2.pcapng
"Oct 12, 2023 18:02:11.342787",0.883006,77,0x82eb,0xffff,0x8841,238,0x82eb,0xfffc,0x1209,,,idle2.pcapng
"Oct 12, 2023 18:02:12.159620",0.816833,74,0x6e5f,0xffff,0x8841,30,0x6e5f,0xfffc,0x1209,,,idle2.pcapng
"Oct 12, 2023 18:02:12.826624",,52,,,,,,,,,,idle2.pcapng
"Oct 12, 2023 18:02:12.828629",0.002005,5,,,0x0002,69,,,,,,idle2.pcapng
"Oct 12, 2023 18:02:12.836475",,63,,,,,,,,,,idle2.pcapng
"Oct 12, 2023 18:02:12.838874",0.002399,5,,,0x0002,253,,,,,,idle2.pcapng
"Oct 12, 2023 18:02:12.862301",,52,,,,,,,,,,idle2.pcapng
"Oct 12, 2023 18:02:12.864307",0.002006,5,,,0x0002,70,,,,,,idle2.pcapng
"Oct 12, 2023 18:02:12.865507",,52,,,,,,,,,,idle2.pcapng
"Oct 12, 2023 18:02:12.869164",,52,,,,,,,,,,idle2.pcapng
"Oct 12, 2023 18:02:12.871169",0.002005,5,,,0x0002,70,,,,,,idle2.pcapng
"Oct 12, 2023 18:02:12.878318",0.007149,63,0x6e5f,0x0000,0x8861,31,,,,,,idle2.pcapng
"Oct 12, 2023 18:02:12.880716",0.002398,5,,,0x0002,31,,,,,,idle2.pcapng
"Oct 12, 2023 18:02:12.889488",,45,,,,,,,,,,idle2.pcapng
"Oct 12, 2023 18:02:12.891281",0.001793,5,,,0x0002,71,,,,,,idle2.pcapng
"Oct 12, 2023 18:02:12.906739",,54,,,,,,,,,,idle2.pcapng
"Oct 12, 2023 18:02:12.908821",0.002082,5,,,0x0002,72,,,,,,idle2.pcapng
"Oct 12, 2023 18:02:12.916728",,66,,,,,,,,,,idle2.pcapng
"Oct 12, 2023 18:02:12.919223",0.002495,5,,,0x0002,254,,,,,,idle2.pcapng
"Oct 12, 2023 18:02:12.922437",,54,,,,,,,,,,idle2.pcapng
"Oct 12, 2023 18:02:12.924507",0.002070,5,,,0x0002,73,,,,,,idle2.pcapng
"Oct 12, 2023 18:02:12.934885",0.010378,5,,,0x0002,32,,,,,,idle2.pcapng
"Oct 12, 2023 18:02:12.957578",,45,,,,,,,,,,idle2.pcapng
"Oct 12, 2023 18:02:12.959360",0.001782,5,,,0x0002,74,,,,,,idle2.pcapng
"Oct 12, 2023 18:02:12.966242",,54,,,,,,,,,,idle2.pcapng
"Oct 12, 2023 18:02:12.971721",,54,,,,,,,,,,idle2.pcapng
"Oct 12, 2023 18:02:12.973832",0.002111,5,,,0x0002,75,,,,,,idle2.pcapng
"Oct 12, 2023 18:02:12.976916",,54,,,,,,,,,,idle2.pcapng
"Oct 12, 2023 18:02:12.978986",0.002070,5,,,0x0002,197,,,,,,idle2.pcapng
"Oct 12, 2023 18:02:12.983461",,45,,,,,,,,,,idle2.pcapng
"Oct 12, 2023 18:02:12.985252",0.001791,5,,,0x0002,76,,,,,,idle2.pcapng
"Oct 12, 2023 18:02:12.986810",,66,,,,,,,,,,idle2.pcapng
"Oct 12, 2023 18:02:12.989305",0.002495,5,,,0x0002,39,,,,,,idle2.pcapng
"Oct 12, 2023 18:02:12.993044",,52,,,,,,,,,,idle2.pcapng
"Oct 12, 2023 18:02:12.995092",0.002048,5,,,0x0002,77,,,,,,idle2.pcapng
"Oct 12, 2023 18:02:13.000672",0.005580,52,0xa209,0xc8f0,0x8861,198,,,,,,idle2.pcapng
"Oct 12, 2023 18:02:13.002689",0.002017,5,,,0x0002,198,,,,,,idle2.pcapng
"Oct 12, 2023 18:02:13.009707",,45,,,,,,,,,,idle2.pcapng
"Oct 12, 2023 18:02:13.013521",,45,,,,,,,,,,idle2.pcapng
"Oct 12, 2023 18:02:13.019142",,45,,,,,,,,,,idle2.pcapng
"Oct 12, 2023 18:02:13.028881",,45,,,,,,,,,,idle2.pcapng
"Oct 12, 2023 18:02:13.030704",0.001823,5,,,0x0002,79,,,,,,idle2.pcapng
"Oct 12, 2023 18:02:13.033696",,63,,,,,,,,,,idle2.pcapng
"Oct 12, 2023 18:02:13.036094",0.002398,5,,,0x0002,41,,,,,,idle2.pcapng
"Oct 12, 2023 18:02:13.037349",,45,,,,,,,,,,idle2.pcapng
"Oct 12, 2023 18:02:13.039134",0.001785,5,,,0x0002,199,,,,,,idle2.pcapng
"Oct 12, 2023 18:02:13.051335",,45,,,,,,,,,,idle2.pcapng
"Oct 12, 2023 18:02:13.053159",0.001824,5,,,0x0002,80,,,,,,idle2.pcapng
"Oct 12, 2023 18:02:13.056099",,45,,,,,,,,,,idle2.pcapng
"Oct 12, 2023 18:02:13.057881",0.001782,5,,,0x0002,200,,,,,,idle2.pcapng
"Oct 12, 2023 18:02:14.299877",,83,,,,,,,,,,idle2.pcapng
"Oct 12, 2023 18:02:14.302879",0.003002,5,,,0x0002,131,,,,,,idle2.pcapng
"Oct 12, 2023 18:02:14.306830",,83,,,,,,,,,,idle2.pcapng
"Oct 12, 2023 18:02:14.309869",0.003039,5,,,0x0002,255,,,,,,idle2.pcapng
"Oct 12, 2023 18:02:14.799705",0.489836,77,0x482d,0xffff,0x8841,191,0x482d,0xfffc,0x1209,,,idle2.pcapng
"Oct 12, 2023 18:02:14.811151",0.011446,12,0x5db6,0xe694,0x8863,132,,,,,,idle2.pcapng
"Oct 12, 2023 18:02:14.811884",0.000733,5,,,0x0002,132,,,,,,idle2.pcapng
"Oct 12, 2023 18:02:14.814295",0.002411,12,0x5db6,0xe694,0x8863,132,,,,,,idle2.pcapng
"Oct 12, 2023 18:02:14.815032",0.000737,5,,,0x0002,132,,,,,,idle2.pcapng
"Oct 12, 2023 18:02:14.881808",0.066776,12,0x2cae,0x482d,0x8863,79,,,,,,idle2.pcapng
"Oct 12, 2023 18:02:14.882575",0.000767,5,,,0x0002,79,,,,,,idle2.pcapng
"Oct 12, 2023 18:02:14.920496",0.037921,77,0xe694,0xffff,0x8841,0,0xe694,0xfffc,0x1209,,,idle2.pcapng
"Oct 12, 2023 18:02:15.179285",0.258789,77,0x054f,0xffff,0x8841,38,0x054f,0xfffc,0x1209,,,idle2.pcapng
"Oct 12, 2023 18:02:15.799956",0.620671,71,0xc8f0,0xffff,0x8841,42,0xc8f0,0xfffc,0x1209,,,idle2.pcapng
"Oct 12, 2023 18:02:17.379078",1.579122,74,0x09ac,0xffff,0x8841,32,0x09ac,0xfffc,0x1209,,,idle2.pcapng
"Oct 12, 2023 18:02:19.944222",2.565144,12,0x2cae,0x482d,0x8863,80,,,,,,idle2.pcapng
"Oct 12, 2023 18:02:19.944989",0.000767,5,,,0x0002,80,,,,,,idle2.pcapng
"Oct 12, 2023 18:02:23.346785",,63,,,,,,,,,,idle2.pcapng
"Oct 12, 2023 18:02:23.349184",0.002399,5,,,0x0002,43,,,,,,idle2.pcapng
"Oct 12, 2023 18:02:23.397659",,50,,,,,,,,,,idle2.pcapng
"Oct 12, 2023 18:02:23.399643",0.001984,5,,,0x0002,81,,,,,,idle2.pcapng
"Oct 12, 2023 18:02:23.403313",,50,,,,,,,,,,idle2.pcapng
"Oct 12, 2023 18:02:23.405256",0.001943,5,,,0x0002,201,,,,,,idle2.pcapng
"Oct 12, 2023 18:02:23.410536",,45,,,,,,,,,,idle2.pcapng
"Oct 12, 2023 18:02:23.412359",0.001823,5,,,0x0002,44,,,,,,idle2.pcapng
"Oct 12, 2023 18:02:23.425658",0.013299,57,0xc8f0,0x0000,0x8861,45,,,,,,idle2.pcapng
"Oct 12, 2023 18:02:23.430509",,57,,,,,,,,,,idle2.pcapng
"Oct 12, 2023 18:02:23.432716",0.002207,5,,,0x0002,45,,,,,,idle2.pcapng
"Oct 12, 2023 18:02:23.472419",,50,,,,,,,,,,idle2.pcapng
"Oct 12, 2023 18:02:23.474403",0.001984,5,,,0x0002,82,,,,,,idle2.pcapng
"Oct 12, 2023 18:02:23.477399",,50,,,,,,,,,,idle2.pcapng
"Oct 12, 2023 18:02:23.479352",0.001953,5,,,0x0002,202,,,,,,idle2.pcapng
"Oct 12, 2023 18:02:23.484387",,45,,,,,,,,,,idle2.pcapng
"Oct 12, 2023 18:02:23.486210",0.001823,5,,,0x0002,46,,,,,,idle2.pcapng
"Oct 12, 2023 18:02:23.495549",0.009339,105,0xa209,0xffff,0x8869,203,,,,,,idle2.pcapng
"Oct 12, 2023 18:02:24.944629",1.449080,12,0x2cae,0x482d,0x8863,81,,,,,,idle2.pcapng
"Oct 12, 2023 18:02:24.945396",0.000767,5,,,0x0002,81,,,,,,idle2.pcapng
"Oct 12, 2023 18:02:25.169942",0.224546,77,0x0000,0xffff,0x8841,83,0x0000,0xfffc,0x1209,,,idle2.pcapng
"Oct 12, 2023 18:02:25.431621",0.261679,68,0xebe5,0xffff,0x8841,48,0xebe5,0xfffc,0x1209,,,idle2.pcapng
"Oct 12, 2023 18:02:26.333564",0.901943,77,0x82eb,0xffff,0x8841,239,0x82eb,0xfffc,0x1209,,,idle2.pcapng
"Oct 12, 2023 18:02:26.677745",0.344181,77,0xe5c4,0xffff,0x8841,167,0xe5c4,0xfffc,0x1209,,,idle2.pcapng
"Oct 12, 2023 18:02:29.851797",3.174052,77,0xe694,0xffff,0x8841,1,0xe694,0xfffc,0x1209,,,idle2.pcapng
"Oct 12, 2023 18:02:30.009128",0.157331,12,0x2cae,0x482d,0x8863,82,,,,,,idle2.pcapng
"Oct 12, 2023 18:02:30.009896",0.000768,5,,,0x0002,82,,,,,,idle2.pcapng
"Oct 12, 2023 18:02:30.852529",0.842633,71,0xc8f0,0xffff,0x8841,47,0xc8f0,0xfffc,0x1209,,,idle2.pcapng
"Oct 12, 2023 18:02:31.653958",0.801429,77,0x482d,0xffff,0x8841,192,0x482d,0xfffc,0x1209,,,idle2.pcapng
"Oct 12, 2023 18:02:31.905969",0.252011,77,0x054f,0xffff,0x8841,39,0x054f,0xfffc,0x1209,,,idle2.pcapng
"Oct 12, 2023 18:02:32.390601",0.484632,107,0x09ac,0xffff,0x886b,33,,,,,,idle2.pcapng
"Oct 12, 2023 18:02:35.039785",2.649184,12,0x2cae,0x482d,0x8863,83,,,,,,idle2.pcapng
"Oct 12, 2023 18:02:38.572800",3.533015,104,0xa209,0xffff,0x8868,204,,,,,,idle2.pcapng
"Oct 12, 2023 18:02:40.038701",1.465901,12,0x2cae,0x482d,0x8863,84,,,,,,idle2.pcapng
"Oct 12, 2023 18:02:40.039468",0.000767,5,,,0x0002,84,,,,,,idle2.pcapng
"Oct 12, 2023 18:02:40.111560",0.072092,77,0x0000,0xffff,0x8841,84,0x0000,0xfffc,0x1209,,,idle2.pcapng
"Oct 12, 2023 18:02:40.520516",0.408956,68,0xebe5,0xffff,0x8841,49,0xebe5,0xfffc,0x1209,,,idle2.pcapng
"Oct 12, 2023 18:02:41.334232",0.813716,77,0x82eb,0xffff,0x8841,240,0x82eb,0xfffc,0x1209,,,idle2.pcapng
"Oct 12, 2023 18:02:41.812709",,60,,,,,,,,,,idle2.pcapng
"Oct 12, 2023 18:02:41.815012",0.002303,5,,,0x0002,34,,,,,,idle2.pcapng
"Oct 12, 2023 18:02:41.855083",,50,,,,,,,,,,idle2.pcapng
"Oct 12, 2023 18:02:41.857025",0.001942,5,,,0x0002,85,,,,,,idle2.pcapng
"Oct 12, 2023 18:02:41.862343",,45,,,,,,,,,,idle2.pcapng
"Oct 12, 2023 18:02:41.864166",0.001823,5,,,0x0002,35,,,,,,idle2.pcapng
"Oct 12, 2023 18:02:42.150995",0.286829,106,0x6e5f,0xffff,0x886a,36,,,,,,idle2.pcapng
"Oct 12, 2023 18:02:42.831630",,52,,,,,,,,,,idle2.pcapng
"Oct 12, 2023 18:02:42.833647",0.002017,5,,,0x0002,86,,,,,,idle2.pcapng
"Oct 12, 2023 18:02:42.841317",,63,,,,,,,,,,idle2.pcapng
"Oct 12, 2023 18:02:42.843716",0.002399,5,,,0x0002,2,,,,,,idle2.pcapng
"Oct 12, 2023 18:02:42.864175",,52,,,,,,,,,,idle2.pcapng
"Oct 12, 2023 18:02:42.866191",0.002016,5,,,0x0002,87,,,,,,idle2.pcapng
"Oct 12, 2023 18:02:42.874183",,63,,,,,,,,,,idle2.pcapng
"Oct 12, 2023 18:02:42.876582",0.002399,5,,,0x0002,37,,,,,,idle2.pcapng
"Oct 12, 2023 18:02:42.881403",,45,,,,,,,,,,idle2.pcapng
"Oct 12, 2023 18:02:42.883196",0.001793,5,,,0x0002,88,,,,,,idle2.pcapng
"Oct 12, 2023 18:02:42.899110",,54,,,,,,,,,,idle2.pcapng
"Oct 12, 2023 18:02:42.901190",0.002080,5,,,0x0002,89,,,,,,idle2.pcapng
"Oct 12, 2023 18:02:42.909165",,66,,,,,,,,,,idle2.pcapng
"Oct 12, 2023 18:02:42.911659",0.002494,5,,,0x0002,3,,,,,,idle2.pcapng
"Oct 12, 2023 18:02:42.919522",,54,,,,,,,,,,idle2.pcapng
"Oct 12, 2023 18:02:42.921602",0.002080,5,,,0x0002,90,,,,,,idle2.pcapng
"Oct 12, 2023 18:02:42.929555",,66,,,,,,,,,,idle2.pcapng
"Oct 12, 2023 18:02:42.932050",0.002495,5,,,0x0002,38,,,,,,idle2.pcapng
"Oct 12, 2023 18:02:42.946729",,45,,,,,,,,,,idle2.pcapng
"Oct 12, 2023 18:02:42.948522",0.001793,5,,,0x0002,91,,,,,,idle2.pcapng
"Oct 12, 2023 18:02:42.957244",,54,,,,,,,,,,idle2.pcapng
"Oct 12, 2023 18:02:42.959356",0.002112,5,,,0x0002,92,,,,,,idle2.pcapng
"Oct 12, 2023 18:02:42.962517",,54,,,,,,,,,,idle2.pcapng
"Oct 12, 2023 18:02:42.964596",0.002079,5,,,0x0002,205,,,,,,idle2.pcapng
"Oct 12, 2023 18:02:42.969275",,52,,,,,,,,,,idle2.pcapng
"Oct 12, 2023 18:02:42.972352",0.003077,107,0x2ed5,0x0155,0x886b,176,,,,,,idle2.pcapng
"Oct 12, 2023 18:02:42.975333",,52,,,,,,,,,,idle2.pcapng
"Oct 12, 2023 18:02:42.977349",0.002016,5,,,0x0002,206,,,,,,idle2.pcapng
"Oct 12, 2023 18:02:42.978002",,66,,,,,,,,,,idle2.pcapng
"Oct 12, 2023 18:02:42.980497",0.002495,5,,,0x0002,48,,,,,,idle2.pcapng
"Oct 12, 2023 18:02:42.984783",,52,,,,,,,,,,idle2.pcapng
"Oct 12, 2023 18:02:42.986861",0.002078,63,0xc8f0,0x0000,0x8861,49,,,,,,idle2.pcapng
"Oct 12, 2023 18:02:42.991985",,63,,,,,,,,,,idle2.pcapng
"Oct 12, 2023 18:02:42.994384",0.002399,5,,,0x0002,49,,,,,,idle2.pcapng
"Oct 12, 2023 18:02:43.012477",,45,,,,,,,,,,idle2.pcapng
"Oct 12, 2023 18:02:43.014269",0.001792,5,,,0x0002,94,,,,,,idle2.pcapng
"Oct 12, 2023 18:02:43.018644",,45,,,,,,,,,,idle2.pcapng
"Oct 12, 2023 18:02:43.020438",0.001794,5,,,0x0002,95,,,,,,idle2.pcapng
"Oct 12, 2023 18:02:43.025685",,45,,,,,,,,,,idle2.pcapng
"Oct 12, 2023 18:02:43.033069",0.007384,5,,,0x0002,207,,,,,,idle2.pcapng
"Oct 12, 2023 18:02:43.033929",,45,,,,,,,,,,idle2.pcapng
"Oct 12, 2023 18:02:43.040467",,45,,,,,,,,,,idle2.pcapng
"Oct 12, 2023 18:02:43.042249",0.001782,5,,,0x0002,208,,,,,,idle2.pcapng
"Oct 12, 2023 18:02:43.134752",0.092503,77,0xe5c4,0xffff,0x8841,168,0xe5c4,0xfffc,0x1209,,,idle2.pcapng
"Oct 12, 2023 18:02:43.339407",,50,,,,,,,,,,idle2.pcapng
"Oct 12, 2023 18:02:43.341390",0.001983,5,,,0x0002,98,,,,,,idle2.pcapng
"Oct 12, 2023 18:02:43.347011",0.005621,55,0xe5c4,0x0000,0x8861,169,0xe5c4,0x0000,0x1a09,,,idle2.pcapng
"Oct 12, 2023 18:02:43.349153",0.002142,5,,,0x0002,169,,,,,,idle2.pcapng
"Oct 12, 2023 18:02:43.394531",,53,,,,,,,,,,idle2.pcapng
"Oct 12, 2023 18:02:43.396610",0.002079,5,,,0x0002,170,,,,,,idle2.pcapng
"Oct 12, 2023 18:02:43.433985",,50,,,,,,,,,,idle2.pcapng
"Oct 12, 2023 18:02:43.435969",0.001984,5,,,0x0002,99,,,,,,idle2.pcapng
"Oct 12, 2023 18:02:43.441625",0.005656,55,0xe5c4,0x0000,0x8861,171,0xe5c4,0x0000,0x1a09,,,idle2.pcapng
"Oct 12, 2023 18:02:43.443768",0.002143,5,,,0x0002,171,,,,,,idle2.pcapng
"Oct 12, 2023 18:02:43.486855",,53,,,,,,,,,,idle2.pcapng
"Oct 12, 2023 18:02:43.488934",0.002079,5,,,0x0002,172,,,,,,idle2.pcapng
"Oct 12, 2023 18:02:44.904902",1.415968,77,0xe694,0xffff,0x8841,4,0xe694,0xfffc,0x1209,,,idle2.pcapng
"Oct 12, 2023 18:02:45.103277",0.198375,12,0x2cae,0x482d,0x8863,85,,,,,,idle2.pcapng
"Oct 12, 2023 18:02:45.104044",0.000767,5,,,0x0002,85,,,,,,idle2.pcapng
"Oct 12, 2023 18:02:45.902311",0.798267,71,0xc8f0,0xffff,0x8841,50,0xc8f0,0xfffc,0x1209,,,idle2.pcapng
"Oct 12, 2023 18:02:48.314495",2.412184,106,0x09ac,0xffff,0x886a,34,,,,,,idle2.pcapng
"Oct 12, 2023 18:02:48.576848",0.262353,77,0x482d,0xffff,0x8841,193,0x482d,0xfffc,0x1209,,,idle2.pcapng
"Oct 12, 2023 18:02:48.946997",0.370149,77,0x054f,0xffff,0x8841,40,0x054f,0xfffc,0x1209,,,idle2.pcapng
"Oct 12, 2023 18:02:50.103787",1.156790,12,0x2cae,0x482d,0x8863,86,,,,,,idle2.pcapng
"Oct 12, 2023 18:02:50.104554",0.000767,5,,,0x0002,86,,,,,,idle2.pcapng
"Oct 12, 2023 18:02:55.134939",5.030385,12,0x2cae,0x482d,0x8863,87,,,,,,idle2.pcapng
"Oct 12, 2023 18:02:55.135706",0.000767,5,,,0x0002,87,,,,,,idle2.pcapng
"Oct 12, 2023 18:02:55.495379",0.359673,68,0xebe5,0xffff,0x8841,50,0xebe5,0xfffc,0x1209,,,idle2.pcapng
"Oct 12, 2023 18:02:56.344476",0.849097,102,0xa209,0xffff,0x8866,209,,,,,,idle2.pcapng
"Oct 12, 2023 18:02:57.102150",0.757674,102,0x6e5f,0xffff,0x8866,39,,,,,,idle2.pcapng
"Oct 12, 2023 18:02:57.982330",0.880180,77,0x0000,0xffff,0x8841,100,0x0000,0xfffc,0x1209,,,idle2.pcapng
"Oct 12, 2023 18:02:58.428026",0.445696,77,0xe5c4,0xffff,0x8841,173,0xe5c4,0xfffc,0x1209,,,idle2.pcapng
"Oct 12, 2023 18:02:59.894097",1.466071,77,0xe694,0xffff,0x8841,5,0xe694,0xfffc,0x1209,,,idle2.pcapng
"Oct 12, 2023 18:03:00.197487",0.303390,12,0x2cae,0x482d,0x8863,88,,,,,,idle2.pcapng
"Oct 12, 2023 18:03:00.198255",0.000768,5,,,0x0002,88,,,,,,idle2.pcapng
"Oct 12, 2023 18:03:00.816728",0.618473,71,0xc8f0,0xffff,0x8841,51,0xc8f0,0xfffc,0x1209,,,idle2.pcapng
"Oct 12, 2023 18:03:02.739639",,63,,,,,,,,,,idle2.pcapng
"Oct 12, 2023 18:03:02.742038",0.002399,5,,,0x0002,40,,,,,,idle2.pcapng
"Oct 12, 2023 18:03:02.790977",,50,,,,,,,,,,idle2.pcapng
"Oct 12, 2023 18:03:02.792921",0.001944,5,,,0x0002,101,,,,,,idle2.pcapng
"Oct 12, 2023 18:03:02.798323",,45,,,,,,,,,,idle2.pcapng
"Oct 12, 2023 18:03:02.800146",0.001823,5,,,0x0002,41,,,,,,idle2.pcapng
"Oct 12, 2023 18:03:02.812584",,57,,,,,,,,,,idle2.pcapng
"Oct 12, 2023 18:03:02.814791",0.002207,5,,,0x0002,42,,,,,,idle2.pcapng
"Oct 12, 2023 18:03:02.854192",,50,,,,,,,,,,idle2.pcapng
"Oct 12, 2023 18:03:02.856145",0.001953,5,,,0x0002,102,,,,,,idle2.pcapng
"Oct 12, 2023 18:03:02.861571",,45,,,,,,,,,,idle2.pcapng
"Oct 12, 2023 18:03:02.863393",0.001822,5,,,0x0002,43,,,,,,idle2.pcapng
"Oct 12, 2023 18:03:03.361574",0.498181,74,0x054f,0xffff,0x8841,41,0x054f,0xfffc,0x1209,,,idle2.pcapng
"Oct 12, 2023 18:03:03.771930",0.410356,74,0x09ac,0xffff,0x8841,35,0x09ac,0xfffc,0x1209,,,idle2.pcapng
"Oct 12, 2023 18:03:05.197182",1.425252,12,0x2cae,0x482d,0x8863,89,,,,,,idle2.pcapng
"Oct 12, 2023 18:03:05.197949",0.000767,5,,,0x0002,89,,,,,,idle2.pcapng
"Oct 12, 2023 18:03:05.519948",0.321999,77,0x482d,0xffff,0x8841,194,0x482d,0xfffc,0x1209,,,idle2.pcapng
"Oct 12, 2023 18:03:09.442427",,60,,,,,,,,,,idle2.pcapng
"Oct 12, 2023 18:03:09.444729",0.002302,5,,,0x0002,52,,,,,,idle2.pcapng
"Oct 12, 2023 18:03:09.485769",,50,,,,,,,,,,idle2.pcapng
"Oct 12, 2023 18:03:09.487753",0.001984,5,,,0x0002,103,,,,,,idle2.pcapng
"Oct 12, 2023 18:03:09.492314",,50,,,,,,,,,,idle2.pcapng
"Oct 12, 2023 18:03:09.494267",0.001953,5,,,0x0002,210,,,,,,idle2.pcapng
"Oct 12, 2023 18:03:09.499310",,45,,,,,,,,,,idle2.pcapng
"Oct 12, 2023 18:03:09.501133",0.001823,5,,,0x0002,53,,,,,,idle2.pcapng
"Oct 12, 2023 18:03:10.227410",0.726277,12,0x2cae,0x482d,0x8863,90,,,,,,idle2.pcapng
"Oct 12, 2023 18:03:10.228178",0.000768,5,,,0x0002,90,,,,,,idle2.pcapng
"Oct 12, 2023 18:03:10.482327",0.254149,68,0xebe5,0xffff,0x8841,51,0xebe5,0xfffc,0x1209,,,idle2.pcapng
"Oct 12, 2023 18:03:11.332051",0.849724,77,0x82eb,0xffff,0x8841,242,0x82eb,0xfffc,0x1209,,,idle2.pcapng
"Oct 12, 2023 18:03:12.086159",0.754108,74,0x6e5f,0xffff,0x8841,44,0x6e5f,0xfffc,0x1209,,,idle2.pcapng
"Oct 12, 2023 18:03:12.835845",,52,,,,,,,,,,idle2.pcapng
"Oct 12, 2023 18:03:12.837863",0.002018,5,,,0x0002,104,,,,,,idle2.pcapng
"Oct 12, 2023 18:03:12.845868",,63,,,,,,,,,,idle2.pcapng
"Oct 12, 2023 18:03:12.848266",0.002398,5,,,0x0002,6,,,,,,idle2.pcapng
"Oct 12, 2023 18:03:12.850059",,52,,,,,,,,,,idle2.pcapng
"Oct 12, 2023 18:03:12.852075",0.002016,5,,,0x0002,105,,,,,,idle2.pcapng
"Oct 12, 2023 18:03:12.859978",,63,,,,,,,,,,idle2.pcapng
"Oct 12, 2023 18:03:12.862377",0.002399,5,,,0x0002,45,,,,,,idle2.pcapng
"Oct 12, 2023 18:03:12.889938",,45,,,,,,,,,,idle2.pcapng
"Oct 12, 2023 18:03:12.891730",0.001792,5,,,0x0002,106,,,,,,idle2.pcapng
"Oct 12, 2023 18:03:12.901804",,54,,,,,,,,,,idle2.pcapng
"Oct 12, 2023 18:03:12.903885",0.002081,5,,,0x0002,107,,,,,,idle2.pcapng
"Oct 12, 2023 18:03:12.911990",,66,,,,,,,,,,idle2.pcapng
"Oct 12, 2023 18:03:12.914485",0.002495,5,,,0x0002,7,,,,,,idle2.pcapng
"Oct 12, 2023 18:03:12.923565",,45,,,,,,,,,,idle2.pcapng
"Oct 12, 2023 18:03:12.925358",0.001793,5,,,0x0002,108,,,,,,idle2.pcapng
"Oct 12, 2023 18:03:12.937355",,54,,,,,,,,,,idle2.pcapng
"Oct 12, 2023 18:03:12.939425",0.002070,5,,,0x0002,109,,,,,,idle2.pcapng
"Oct 12, 2023 18:03:12.947417",0.007992,107,0x6e5f,0x0000,0x886b,46,,,,,,idle2.pcapng
"Oct 12, 2023 18:03:12.952372",,54,,,,,,,,,,idle2.pcapng
"Oct 12, 2023 18:03:12.957375",,54,,,,,,,,,,idle2.pcapng
"Oct 12, 2023 18:03:12.961150",,54,,,,,,,,,,idle2.pcapng
"Oct 12, 2023 18:03:12.963096",0.001946,107,0x6e5f,0x0050,0x886b,45,,,,,,idle2.pcapng
"Oct 12, 2023 18:03:12.968218",,54,,,,,,,,,,idle2.pcapng
"Oct 12, 2023 18:03:12.970300",0.002082,5,,,0x0002,211,,,,,,idle2.pcapng
"Oct 12, 2023 18:03:12.970782",,66,,,,,,,,,,idle2.pcapng
"Oct 12, 2023 18:03:12.973277",0.002495,5,,,0x0002,47,,,,,,idle2.pcapng
"Oct 12, 2023 18:03:12.977967",,66,,,,,,,,,,idle2.pcapng
"Oct 12, 2023 18:03:12.980461",0.002494,5,,,0x0002,54,,,,,,idle2.pcapng
"Oct 12, 2023 18:03:13.000331",,52,,,,,,,,,,idle2.pcapng
"Oct 12, 2023 18:03:13.002378",0.002047,5,,,0x0002,111,,,,,,idle2.pcapng
"Oct 12, 2023 18:03:13.005991",,52,,,,,,,,,,idle2.pcapng
"Oct 12, 2023 18:03:13.008008",0.002017,5,,,0x0002,212,,,,,,idle2.pcapng
"Oct 12, 2023 18:03:13.011169",,45,,,,,,,,,,idle2.pcapng
"Oct 12, 2023 18:03:13.012962",0.001793,5,,,0x0002,112,,,,,,idle2.pcapng
"Oct 12, 2023 18:03:13.015784",,63,,,,,,,,,,idle2.pcapng
"Oct 12, 2023 18:03:13.018183",0.002399,5,,,0x0002,55,,,,,,idle2.pcapng
"Oct 12, 2023 18:03:13.019211",,45,,,,,,,,,,idle2.pcapng
"Oct 12, 2023 18:03:13.021003",0.001792,5,,,0x0002,113,,,,,,idle2.pcapng
"Oct 12, 2023 18:03:13.037481",,45,,,,,,,,,,idle2.pcapng
"Oct 12, 2023 18:03:13.039305",0.001824,5,,,0x0002,114,,,,,,idle2.pcapng
"Oct 12, 2023 18:03:13.043356",,45,,,,,,,,,,idle2.pcapng
"Oct 12, 2023 18:03:13.045149",0.001793,5,,,0x0002,213,,,,,,idle2.pcapng
"Oct 12, 2023 18:03:13.046143",,54,,,,,,,,,,idle2.pcapng
"Oct 12, 2023 18:03:13.051772",,54,,,,,,,,,,idle2.pcapng
"Oct 12, 2023 18:03:13.053883",0.002111,5,,,0x0002,115,,,,,,idle2.pcapng
"Oct 12, 2023 18:03:13.063985",,45,,,,,,,,,,idle2.pcapng
"Oct 12, 2023 18:03:13.065808",0.001823,5,,,0x0002,116,,,,,,idle2.pcapng
"Oct 12, 2023 18:03:13.070166",,45,,,,,,,,,,idle2.pcapng
"Oct 12, 2023 18:03:13.071958",0.001792,5,,,0x0002,214,,,,,,idle2.pcapng
"Oct 12, 2023 18:03:13.382559",,60,,,,,,,,,,idle2.pcapng
"Oct 12, 2023 18:03:13.384862",0.002303,5,,,0x0002,8,,,,,,idle2.pcapng
"Oct 12, 2023 18:03:13.425939",,50,,,,,,,,,,idle2.pcapng
"Oct 12, 2023 18:03:13.427891",0.001952,5,,,0x0002,117,,,,,,idle2.pcapng
"Oct 12, 2023 18:03:13.441330",,45,,,,,,,,,,idle2.pcapng
"Oct 12, 2023 18:03:13.443152",0.001822,5,,,0x0002,9,,,,,,idle2.pcapng
"Oct 12, 2023 18:03:13.885895",0.442743,74,0x0000,0xffff,0x8841,118,0x0000,0xfffc,0x1209,,,idle2.pcapng
"Oct 12, 2023 18:03:14.135641",0.249746,74,0xa209,0xffff,0x8841,215,0xa209,0xfffc,0x1209,,,idle2.pcapng
"Oct 12, 2023 18:03:14.918700",0.783059,77,0xe694,0xffff,0x8841,10,0xe694,0xfffc,0x1209,,,idle2.pcapng
"Oct 12, 2023 18:03:15.064577",0.145877,77,0xe5c4,0xffff,0x8841,174,0xe5c4,0xfffc,0x1209,,,idle2.pcapng
"Oct 12, 2023 18:03:15.292276",0.227699,12,0x2cae,0x482d,0x8863,91,,,,,,idle2.pcapng
"Oct 12, 2023 18:03:15.293043",0.000767,5,,,0x0002,91,,,,,,idle2.pcapng
"Oct 12, 2023 18:03:15.891837",0.598794,71,0xc8f0,0xffff,0x8841,56,0xc8f0,0xfffc,0x1209,,,idle2.pcapng
"Oct 12, 2023 18:03:19.291297",3.399460,77,0x054f,0xffff,0x8841,42,0x054f,0xfffc,0x1209,,,idle2.pcapng
"Oct 12, 2023 18:03:19.325676",0.034379,105,0x09ac,0xffff,0x8869,36,,,,,,idle2.pcapng
"Oct 12, 2023 18:03:20.291156",0.965480,12,0x2cae,0x482d,0x8863,92,,,,,,idle2.pcapng
"Oct 12, 2023 18:03:20.291923",0.000767,5,,,0x0002,92,,,,,,idle2.pcapng
"Oct 12, 2023 18:03:22.750057",2.458134,77,0x482d,0xffff,0x8841,195,0x482d,0xfffc,0x1209,,,idle2.pcapng
"Oct 12, 2023 18:03:25.322917",2.572860,12,0x2cae,0x482d,0x8863,93,,,,,,idle2.pcapng
"Oct 12, 2023 18:03:25.447307",0.124390,68,0xebe5,0xffff,0x8841,52,0xebe5,0xfffc,0x1209,,,idle2.pcapng
"Oct 12, 2023 18:03:26.331997",0.884690,77,0x82eb,0xffff,0x8841,243,0x82eb,0xfffc,0x1209,,,idle2.pcapng
"Oct 12, 2023 18:03:27.081424",0.749427,71,0x6e5f,0xffff,0x8841,48,0x6e5f,0xfffc,0x1209,,,idle2.pcapng
"Oct 12, 2023 18:03:29.380816",2.299392,74,0xa209,0xffff,0x8841,216,0xa209,0xfffc,0x1209,,,idle2.pcapng
"Oct 12, 2023 18:03:29.941494",0.560678,77,0xe694,0xffff,0x8841,11,0xe694,0xfffc,0x1209,,,idle2.pcapng
"Oct 12, 2023 18:03:30.354973",0.413479,12,0x2cae,0x482d,0x8863,94,,,,,,idle2.pcapng
"Oct 12, 2023 18:03:30.355741",0.000768,5,,,0x0002,94,,,,,,idle2.pcapng
"Oct 12, 2023 18:03:30.800142",0.444401,71,0xc8f0,0xffff,0x8841,57,0xc8f0,0xfffc,0x1209,,,idle2.pcapng
"Oct 12, 2023 18:03:31.183170",0.383028,77,0xe5c4,0xffff,0x8841,175,0xe5c4,0xfffc,0x1209,,,idle2.pcapng
"Oct 12, 2023 18:03:31.385338",0.202168,77,0x0000,0xffff,0x8841,119,0x0000,0xfffc,0x1209,,,idle2.pcapng
"Oct 12, 2023 18:03:35.384526",3.999188,12,0x2cae,0x482d,0x8863,95,,,,,,idle2.pcapng
"Oct 12, 2023 18:03:35.385293",0.000767,5,,,0x0002,95,,,,,,idle2.pcapng
"Oct 12, 2023 18:03:35.947433",0.562140,74,0x09ac,0xffff,0x8841,37,0x09ac,0xfffc,0x1209,,,idle2.pcapng
"Oct 12, 2023 18:03:36.874513",0.927080,77,0x482d,0xffff,0x8841,196,0x482d,0xfffc,0x1209,,,idle2.pcapng
"Oct 12, 2023 18:03:37.189925",0.315412,77,0x054f,0xffff,0x8841,43,0x054f,0xfffc,0x1209,,,idle2.pcapng
"Oct 12, 2023 18:03:40.448843",3.258918,12,0x2cae,0x482d,0x8863,96,,,,,,idle2.pcapng
"Oct 12, 2023 18:03:40.449610",0.000767,5,,,0x0002,96,,,,,,idle2.pcapng
"Oct 12, 2023 18:03:40.556951",0.107341,68,0xebe5,0xffff,0x8841,53,0xebe5,0xfffc,0x1209,,,idle2.pcapng
"Oct 12, 2023 18:03:41.333306",0.776355,77,0x82eb,0xffff,0x8841,244,0x82eb,0xfffc,0x1209,,,idle2.pcapng
"Oct 12, 2023 18:03:42.153232",0.819926,74,0x6e5f,0xffff,0x8841,49,0x6e5f,0xfffc,0x1209,,,idle2.pcapng
"Oct 12, 2023 18:03:42.850192",,52,,,,,,,,,,idle2.pcapng
"Oct 12, 2023 18:03:42.852210",0.002018,5,,,0x0002,120,,,,,,idle2.pcapng
"Oct 12, 2023 18:03:42.859879",,63,,,,,,,,,,idle2.pcapng
"Oct 12, 2023 18:03:42.862278",0.002399,5,,,0x0002,12,,,,,,idle2.pcapng
"Oct 12, 2023 18:03:42.870439",,52,,,,,,,,,,idle2.pcapng
"Oct 12, 2023 18:03:42.872454",0.002015,5,,,0x0002,121,,,,,,idle2.pcapng
"Oct 12, 2023 18:03:42.880407",,63,,,,,,,,,,idle2.pcapng
"Oct 12, 2023 18:03:42.882806",0.002399,5,,,0x0002,50,,,,,,idle2.pcapng
"Oct 12, 2023 18:03:42.904472",,54,,,,,,,,,,idle2.pcapng
"Oct 12, 2023 18:03:42.906548",0.002076,5,,,0x0002,122,,,,,,idle2.pcapng
"Oct 12, 2023 18:03:42.914594",,66,,,,,,,,,,idle2.pcapng
"Oct 12, 2023 18:03:42.917089",0.002495,5,,,0x0002,13,,,,,,idle2.pcapng
"Oct 12, 2023 18:03:42.933148",,45,,,,,,,,,,idle2.pcapng
"Oct 12, 2023 18:03:42.934930",0.001782,5,,,0x0002,123,,,,,,idle2.pcapng
"Oct 12, 2023 18:03:42.941314",,54,,,,,,,,,,idle2.pcapng
"Oct 12, 2023 18:03:42.943394",0.002080,5,,,0x0002,124,,,,,,idle2.pcapng
"Oct 12, 2023 18:03:42.951434",,66,,,,,,,,,,idle2.pcapng
"Oct 12, 2023 18:03:42.953928",0.002494,5,,,0x0002,51,,,,,,idle2.pcapng
"Oct 12, 2023 18:03:42.957464",,45,,,,,,,,,,idle2.pcapng
"Oct 12, 2023 18:03:42.959258",0.001794,5,,,0x0002,125,,,,,,idle2.pcapng
"Oct 12, 2023 18:03:42.971965",,54,,,,,,,,,,idle2.pcapng
"Oct 12, 2023 18:03:42.974076",0.002111,5,,,0x0002,126,,,,,,idle2.pcapng
"Oct 12, 2023 18:03:42.978119",,54,,,,,,,,,,idle2.pcapng
"Oct 12, 2023 18:03:42.980200",0.002081,5,,,0x0002,217,,,,,,idle2.pcapng
"Oct 12, 2023 18:03:42.982814",,45,,,,,,,,,,idle2.pcapng
"Oct 12, 2023 18:03:42.984608",0.001794,5,,,0x0002,127,,,,,,idle2.pcapng
"Oct 12, 2023 18:03:42.987954",,66,,,,,,,,,,idle2.pcapng
"Oct 12, 2023 18:03:42.990449",0.002495,5,,,0x0002,58,,,,,,idle2.pcapng
"Oct 12, 2023 18:03:42.991878",,52,,,,,,,,,,idle2.pcapng
"Oct 12, 2023 18:03:42.993925",0.002047,5,,,0x0002,128,,,,,,idle2.pcapng
"Oct 12, 2023 18:03:42.996940",,52,,,,,,,,,,idle2.pcapng
"Oct 12, 2023 18:03:42.998947",0.002007,5,,,0x0002,218,,,,,,idle2.pcapng
"Oct 12, 2023 18:03:43.006646",,63,,,,,,,,,,idle2.pcapng
"Oct 12, 2023 18:03:43.009045",0.002399,5,,,0x0002,59,,,,,,idle2.pcapng
"Oct 12, 2023 18:03:43.015530",,45,,,,,,,,,,idle2.pcapng
"Oct 12, 2023 18:03:43.017324",0.001794,5,,,0x0002,129,,,,,,idle2.pcapng
"Oct 12, 2023 18:03:43.025784",,45,,,,,,,,,,idle2.pcapng
"Oct 12, 2023 18:03:43.031209",,45,,,,,,,,,,idle2.pcapng
"Oct 12, 2023 18:03:43.033032",0.001823,5,,,0x0002,130,,,,,,idle2.pcapng
"Oct 12, 2023 18:03:43.033844",,45,,,,,,,,,,idle2.pcapng
"Oct 12, 2023 18:03:43.035635",0.001791,5,,,0x0002,219,,,,,,idle2.pcapng
"Oct 12, 2023 18:03:43.038953",,45,,,,,,,,,,idle2.pcapng
"Oct 12, 2023 18:03:43.040776",0.001823,5,,,0x0002,131,,,,,,idle2.pcapng
"Oct 12, 2023 18:03:43.047234",0.006458,5,,,0x0002,220,,,,,,idle2.pcapng
"Oct 12, 2023 18:03:44.000878",0.953644,74,0xa209,0xffff,0x8841,221,0xa209,0xfffc,0x1209,,,idle2.pcapng
"Oct 12, 2023 18:03:44.932344",0.931466,77,0xe694,0xffff,0x8841,14,0xe694,0xfffc,0x1209,,,idle2.pcapng
"Oct 12, 2023 18:03:45.479583",0.547239,12,0x2cae,0x482d,0x8863,97,,,,,,idle2.pcapng
"Oct 12, 2023 18:03:45.480351",0.000768,5,,,0x0002,97,,,,,,idle2.pcapng
"Oct 12, 2023 18:03:45.901612",0.421261,71,0xc8f0,0xffff,0x8841,60,0xc8f0,0xfffc,0x1209,,,idle2.pcapng
"Oct 12, 2023 18:03:47.227971",1.326359,77,0x0000,0xffff,0x8841,132,0x0000,0xfffc,0x1209,,,idle2.pcapng
"Oct 12, 2023 18:03:49.294683",2.066712,77,0xe5c4,0xffff,0x8841,176,0xe5c4,0xfffc,0x1209,,,idle2.pcapng
"Oct 12, 2023 18:03:50.511419",1.216736,12,0x2cae,0x482d,0x8863,98,,,,,,idle2.pcapng
"Oct 12, 2023 18:03:50.512186",0.000767,5,,,0x0002,98,,,,,,idle2.pcapng
"Oct 12, 2023 18:03:51.097611",0.585425,77,0x482d,0xffff,0x8841,197,0x482d,0xfffc,0x1209,,,idle2.pcapng
"Oct 12, 2023 18:03:52.873889",1.776278,74,0x09ac,0xffff,0x8841,38,0x09ac,0xfffc,0x1209,,,idle2.pcapng
"Oct 12, 2023 18:03:55.484949",2.611060,68,0xebe5,0xffff,0x8841,54,0xebe5,0xfffc,0x1209,,,idle2.pcapng
"Oct 12, 2023 18:03:55.543457",0.058508,12,0x2cae,0x482d,0x8863,99,,,,,,idle2.pcapng
"Oct 12, 2023 18:03:55.544224",0.000767,5,,,0x0002,99,,,,,,idle2.pcapng
"Oct 12, 2023 18:03:56.353580",0.809356,77,0x82eb,0xffff,0x8841,245,0x82eb,0xfffc,0x1209,,,idle2.pcapng
"Oct 12, 2023 18:03:57.122633",0.769053,105,0x6e5f,0xffff,0x8869,52,,,,,,idle2.pcapng
"Oct 12, 2023 18:03:58.750458",,96,,,,,,,,,,idle2.pcapng
"Oct 12, 2023 18:03:59.782745",,59,,,,,,,,,,idle2.pcapng
"Oct 12, 2023 18:03:59.785015",0.002270,5,,,0x0002,45,,,,,,idle2.pcapng
"Oct 12, 2023 18:03:59.799609",,45,,,,,,,,,,idle2.pcapng
"Oct 12, 2023 18:03:59.801403",0.001794,5,,,0x0002,133,,,,,,idle2.pcapng
"Oct 12, 2023 18:03:59.805358",,45,,,,,,,,,,idle2.pcapng
"Oct 12, 2023 18:03:59.807168",0.001810,5,,,0x0002,15,,,,,,idle2.pcapng
"Oct 12, 2023 18:03:59.824108",,49,,,,,,,,,,idle2.pcapng
"Oct 12, 2023 18:03:59.826029",0.001921,5,,,0x0002,134,,,,,,idle2.pcapng
"Oct 12, 2023 18:03:59.829879",,49,,,,,,,,,,idle2.pcapng
"Oct 12, 2023 18:03:59.831816",0.001937,5,,,0x0002,16,,,,,,idle2.pcapng
"Oct 12, 2023 18:03:59.835458",,45,,,,,,,,,,idle2.pcapng
"Oct 12, 2023 18:03:59.837281",0.001823,5,,,0x0002,46,,,,,,idle2.pcapng
"Oct 12, 2023 18:03:59.856472",0.019191,77,0xe694,0xffff,0x8841,17,0xe694,0xfffc,0x1209,,,idle2.pcapng
"Oct 12, 2023 18:04:00.573913",0.717441,12,0x2cae,0x482d,0x8863,100,,,,,,idle2.pcapng
"Oct 12, 2023 18:04:00.574680",0.000767,5,,,0x0002,100,,,,,,idle2.pcapng
"Oct 12, 2023 18:04:00.819871",0.245191,71,0xc8f0,0xffff,0x8841,61,0xc8f0,0xfffc,0x1209,,,idle2.pcapng
"Oct 12, 2023 18:04:01.817912",0.998041,77,0x0000,0xffff,0x8841,135,0x0000,0xfffc,0x1209,,,idle2.pcapng
"Oct 12, 2023 18:04:05.606020",3.788108,12,0x2cae,0x482d,0x8863,101,,,,,,idle2.pcapng
"Oct 12, 2023 18:04:05.606787",0.000767,5,,,0x0002,101,,,,,,idle2.pcapng
"Oct 12, 2023 18:04:05.682439",0.075652,77,0x482d,0xffff,0x8841,198,0x482d,0xfffc,0x1209,,,idle2.pcapng
"Oct 12, 2023 18:04:07.009279",1.326840,77,0xe5c4,0xffff,0x8841,177,0xe5c4,0xfffc,0x1209,,,idle2.pcapng
"Oct 12, 2023 18:04:08.303203",,50,,,,,,,,,,idle2.pcapng
"Oct 12, 2023 18:04:08.305187",0.001984,5,,,0x0002,136,,,,,,idle2.pcapng
"Oct 12, 2023 18:04:08.310483",0.005296,55,0xa209,0x0000,0x8861,223,0xa209,0x0000,0x1a09,,,idle2.pcapng
"Oct 12, 2023 18:04:08.312626",0.002143,5,,,0x0002,223,,,,,,idle2.pcapng
"Oct 12, 2023 18:04:08.356631",,53,,,,,,,,,,idle2.pcapng
"Oct 12, 2023 18:04:08.358709",0.002078,5,,,0x0002,224,,,,,,idle2.pcapng
"Oct 12, 2023 18:04:08.397839",,50,,,,,,,,,,idle2.pcapng
"Oct 12, 2023 18:04:08.399822",0.001983,5,,,0x0002,137,,,,,,idle2.pcapng
"Oct 12, 2023 18:04:08.406088",0.006266,5,,,0x0002,225,,,,,,idle2.pcapng
"Oct 12, 2023 18:04:08.453281",,53,,,,,,,,,,idle2.pcapng
"Oct 12, 2023 18:04:08.455360",0.002079,5,,,0x0002,226,,,,,,idle2.pcapng
"Oct 12, 2023 18:04:10.460963",2.005603,68,0xebe5,0xffff,0x8841,55,0xebe5,0xfffc,0x1209,,,idle2.pcapng
"Oct 12, 2023 18:04:10.606499",0.145536,12,0x2cae,0x482d,0x8863,102,,,,,,idle2.pcapng
"Oct 12, 2023 18:04:10.607266",0.000767,5,,,0x0002,102,,,,,,idle2.pcapng
"Oct 12, 2023 18:04:10.900361",0.293095,77,0x054f,0xffff,0x8841,47,0x054f,0xfffc,0x1209,,,idle2.pcapng
"Oct 12, 2023 18:04:11.344329",0.443968,77,0x82eb,0xffff,0x8841,246,0x82eb,0xfffc,0x1209,,,idle2.pcapng
"Oct 12, 2023 18:04:12.187782",0.843453,74,0x6e5f,0xffff,0x8841,53,0x6e5f,0xfffc,0x1209,,,idle2.pcapng
"Oct 12, 2023 18:04:12.850404",,52,,,,,,,,,,idle2.pcapng
"Oct 12, 2023 18:04:12.852420",0.002016,5,,,0x0002,138,,,,,,idle2.pcapng
"Oct 12, 2023 18:04:12.860568",,63,,,,,,,,,,idle2.pcapng
"Oct 12, 2023 18:04:12.862966",0.002398,5,,,0x0002,18,,,,,,idle2.pcapng
"Oct 12, 2023 18:04:12.869897",,52,,,,,,,,,,idle2.pcapng
"Oct 12, 2023 18:04:12.871912",0.002015,5,,,0x0002,139,,,,,,idle2.pcapng
"Oct 12, 2023 18:04:12.879880",,63,,,,,,,,,,idle2.pcapng
"Oct 12, 2023 18:04:12.882279",0.002399,5,,,0x0002,54,,,,,,idle2.pcapng
"Oct 12, 2023 18:04:12.902463",,54,,,,,,,,,,idle2.pcapng
"Oct 12, 2023 18:04:12.904542",0.002079,5,,,0x0002,140,,,,,,idle2.pcapng
"Oct 12, 2023 18:04:12.912597",,66,,,,,,,,,,idle2.pcapng
"Oct 12, 2023 18:04:12.915092",0.002495,5,,,0x0002,19,,,,,,idle2.pcapng
"Oct 12, 2023 18:04:12.931773",,45,,,,,,,,,,idle2.pcapng
"Oct 12, 2023 18:04:12.933563",0.001790,5,,,0x0002,141,,,,,,idle2.pcapng
"Oct 12, 2023 18:04:12.940336",,54,,,,,,,,,,idle2.pcapng
"Oct 12, 2023 18:04:12.950340",,66,,,,,,,,,,idle2.pcapng
"Oct 12, 2023 18:04:12.952834",0.002494,5,,,0x0002,55,,,,,,idle2.pcapng
"Oct 12, 2023 18:04:12.962575",,45,,,,,,,,,,idle2.pcapng
"Oct 12, 2023 18:04:12.964367",0.001792,5,,,0x0002,143,,,,,,idle2.pcapng
"Oct 12, 2023 18:04:12.970919",,54,,,,,,,,,,idle2.pcapng
"Oct 12, 2023 18:04:12.973030",0.002111,5,,,0x0002,144,,,,,,idle2.pcapng
"Oct 12, 2023 18:04:12.977806",,54,,,,,,,,,,idle2.pcapng
"Oct 12, 2023 18:04:12.979888",0.002082,5,,,0x0002,227,,,,,,idle2.pcapng
"Oct 12, 2023 18:04:12.983602",,45,,,,,,,,,,idle2.pcapng
"Oct 12, 2023 18:04:12.985387",0.001785,5,,,0x0002,145,,,,,,idle2.pcapng
"Oct 12, 2023 18:04:12.987693",0.002306,107,0xc8f0,0x0000,0x886b,62,,,,,,idle2.pcapng
"Oct 12, 2023 18:04:12.995342",0.007649,5,,,0x0002,62,,,,,,idle2.pcapng
"Oct 12, 2023 18:04:12.999569",,52,,,,,,,,,,idle2.pcapng
"Oct 12, 2023 18:04:13.001616",0.002047,5,,,0x0002,146,,,,,,idle2.pcapng
"Oct 12, 2023 18:04:13.005226",,52,,,,,,,,,,idle2.pcapng
"Oct 12, 2023 18:04:13.007233",0.002007,5,,,0x0002,228,,,,,,idle2.pcapng
"Oct 12, 2023 18:04:13.014708",,45,,,,,,,,,,idle2.pcapng
"Oct 12, 2023 18:04:13.018761",,45,,,,,,,,,,idle2.pcapng
"Oct 12, 2023 18:04:13.022891",,45,,,,,,,,,,idle2.pcapng
"Oct 12, 2023 18:04:13.024683",0.001792,5,,,0x0002,147,,,,,,idle2.pcapng
"Oct 12, 2023 18:04:13.025278",,63,,,,,,,,,,idle2.pcapng
"Oct 12, 2023 18:04:13.027677",0.002399,5,,,0x0002,63,,,,,,idle2.pcapng
"Oct 12, 2023 18:04:13.031964",,45,,,,,,,,,,idle2.pcapng
"Oct 12, 2023 18:04:13.033787",0.001823,5,,,0x0002,148,,,,,,idle2.pcapng
"Oct 12, 2023 18:04:13.037760",,45,,,,,,,,,,idle2.pcapng
"Oct 12, 2023 18:04:13.039553",0.001793,5,,,0x0002,229,,,,,,idle2.pcapng
"Oct 12, 2023 18:04:13.048301",,45,,,,,,,,,,idle2.pcapng
"Oct 12, 2023 18:04:13.050124",0.001823,5,,,0x0002,149,,,,,,idle2.pcapng
"Oct 12, 2023 18:04:13.052624",0.002500,45,0xa209,0xc8f0,0x8861,230,,,,,,idle2.pcapng
"Oct 12, 2023 18:04:13.056429",,45,,,,,,,,,,idle2.pcapng
"Oct 12, 2023 18:04:13.058210",0.001781,5,,,0x0002,230,,,,,,idle2.pcapng
"Oct 12, 2023 18:04:14.878723",1.820513,77,0xe694,0xffff,0x8841,20,0xe694,0xfffc,0x1209,,,idle2.pcapng
"Oct 12, 2023 18:04:15.385980",0.507257,74,0xa209,0xffff,0x8841,231,0xa209,0xfffc,0x1209,,,idle2.pcapng
"Oct 12, 2023 18:04:15.669029",0.283049,12,0x2cae,0x482d,0x8863,103,,,,,,idle2.pcapng
"Oct 12, 2023 18:04:15.669797",0.000768,5,,,0x0002,103,,,,,,idle2.pcapng
"Oct 12, 2023 18:04:15.918774",0.248977,71,0xc8f0,0xffff,0x8841,64,0xc8f0,0xfffc,0x1209,,,idle2.pcapng
"Oct 12, 2023 18:04:18.652895",2.734121,77,0x0000,0xffff,0x8841,150,0x0000,0xfffc,0x1209,,,idle2.pcapng
"Oct 12, 2023 18:04:20.701014",2.048119,12,0x2cae,0x482d,0x8863,104,,,,,,idle2.pcapng
"Oct 12, 2023 18:04:20.701781",0.000767,5,,,0x0002,104,,,,,,idle2.pcapng
"Oct 12, 2023 18:04:21.688137",0.986356,77,0x482d,0xffff,0x8841,199,0x482d,0xfffc,0x1209,,,idle2.pcapng
"Oct 12, 2023 18:04:23.296205",1.608068,77,0xe5c4,0xffff,0x8841,178,0xe5c4,0xfffc,0x1209,,,idle2.pcapng
"Oct 12, 2023 18:04:25.329128",2.032923,74,0x09ac,0xffff,0x8841,40,0x09ac,0xfffc,0x1209,,,idle2.pcapng
"Oct 12, 2023 18:04:25.467672",0.138544,68,0xebe5,0xffff,0x8841,56,0xebe5,0xfffc,0x1209,,,idle2.pcapng
"Oct 12, 2023 18:04:25.698970",0.231298,12,0x2cae,0x482d,0x8863,105,,,,,,idle2.pcapng
"Oct 12, 2023 18:04:25.699738",0.000768,5,,,0x0002,105,,,,,,idle2.pcapng
"Oct 12, 2023 18:04:26.347878",0.648140,77,0x82eb,0xffff,0x8841,247,0x82eb,0xfffc,0x1209,,,idle2.pcapng
"Oct 12, 2023 18:04:27.127573",0.779695,74,0x6e5f,0xffff,0x8841,56,0x6e5f,0xfffc,0x1209,,,idle2.pcapng
"Oct 12, 2023 18:04:28.418612",1.291039,77,0x054f,0xffff,0x8841,48,0x054f,0xfffc,0x1209,,,idle2.pcapng
"Oct 12, 2023 18:04:29.861778",1.443166,77,0xe694,0xffff,0x8841,21,0xe694,0xfffc,0x1209,,,idle2.pcapng
"Oct 12, 2023 18:04:30.761632",0.899854,12,0x2cae,0x482d,0x8863,106,,,,,,idle2.pcapng
"Oct 12, 2023 18:04:32.210185",1.448553,102,0xa209,0xffff,0x8866,232,,,,,,idle2.pcapng
"Oct 12, 2023 18:04:35.794379",3.584194,12,0x2cae,0x482d,0x8863,107,,,,,,idle2.pcapng
"Oct 12, 2023 18:04:35.795145",0.000766,5,,,0x0002,107,,,,,,idle2.pcapng
"Oct 12, 2023 18:04:36.422748",0.627603,77,0x0000,0xffff,0x8841,151,0x0000,0xfffc,0x1209,,,idle2.pcapng
"Oct 12, 2023 18:04:38.139693",1.716945,77,0xe5c4,0xffff,0x8841,179,0xe5c4,0xfffc,0x1209,,,idle2.pcapng
"Oct 12, 2023 18:04:39.160987",1.021294,77,0x482d,0xffff,0x8841,200,0x482d,0xfffc,0x1209,,,idle2.pcapng
"Oct 12, 2023 18:04:39.685423",0.524436,74,0x09ac,0xffff,0x8841,41,0x09ac,0xfffc,0x1209,,,idle2.pcapng
"Oct 12, 2023 18:04:40.518392",0.832969,68,0xebe5,0xffff,0x8841,57,0xebe5,0xfffc,0x1209,,,idle2.pcapng
"Oct 12, 2023 18:04:40.825475",0.307083,12,0x2cae,0x482d,0x8863,108,,,,,,idle2.pcapng
"Oct 12, 2023 18:04:40.826242",0.000767,5,,,0x0002,108,,,,,,idle2.pcapng
"Oct 12, 2023 18:04:41.358467",0.532225,77,0x82eb,0xffff,0x8841,248,0x82eb,0xfffc,0x1209,,,idle2.pcapng
"Oct 12, 2023 18:04:42.089633",0.731166,74,0x6e5f,0xffff,0x8841,57,0x6e5f,0xfffc,0x1209,,,idle2.pcapng
"Oct 12, 2023 18:04:42.840556",,52,,,,,,,,,,idle2.pcapng
"Oct 12, 2023 18:04:42.842568",0.002012,5,,,0x0002,152,,,,,,idle2.pcapng
"Oct 12, 2023 18:04:42.850574",,63,,,,,,,,,,idle2.pcapng
"Oct 12, 2023 18:04:42.852973",0.002399,5,,,0x0002,22,,,,,,idle2.pcapng
"Oct 12, 2023 18:04:42.874317",,52,,,,,,,,,,idle2.pcapng
"Oct 12, 2023 18:04:42.876334",0.002017,5,,,0x0002,153,,,,,,idle2.pcapng
"Oct 12, 2023 18:04:42.884150",,63,,,,,,,,,,idle2.pcapng
"Oct 12, 2023 18:04:42.886548",0.002398,5,,,0x0002,58,,,,,,idle2.pcapng
"Oct 12, 2023 18:04:42.889063",,45,,,,,,,,,,idle2.pcapng
"Oct 12, 2023 18:04:42.890855",0.001792,5,,,0x0002,154,,,,,,idle2.pcapng
"Oct 12, 2023 18:04:42.908127",,54,,,,,,,,,,idle2.pcapng
"Oct 12, 2023 18:04:42.910209",0.002082,5,,,0x0002,155,,,,,,idle2.pcapng
"Oct 12, 2023 18:04:42.917964",,66,,,,,,,,,,idle2.pcapng
"Oct 12, 2023 18:04:42.920459",0.002495,5,,,0x0002,23,,,,,,idle2.pcapng
"Oct 12, 2023 18:04:42.921547",,45,,,,,,,,,,idle2.pcapng
"Oct 12, 2023 18:04:42.923341",0.001794,5,,,0x0002,156,,,,,,idle2.pcapng
"Oct 12, 2023 18:04:42.947511",,54,,,,,,,,,,idle2.pcapng
"Oct 12, 2023 18:04:42.949593",0.002082,5,,,0x0002,157,,,,,,idle2.pcapng
"Oct 12, 2023 18:04:42.957398",0.007805,106,0x6e5f,0x0000,0x886a,59,,,,,,idle2.pcapng
"Oct 12, 2023 18:04:42.961896",,45,,,,,,,,,,idle2.pcapng
"Oct 12, 2023 18:04:42.963684",0.001788,5,,,0x0002,158,,,,,,idle2.pcapng
"Oct 12, 2023 18:04:42.967829",0.004145,107,0x6e5f,0x0000,0x886b,59,,,,,,idle2.pcapng
"Oct 12, 2023 18:04:42.970324",0.002495,5,,,0x0002,59,,,,,,idle2.pcapng
"Oct 12, 2023 18:04:42.971744",,54,,,,,,,,,,idle2.pcapng
"Oct 12, 2023 18:04:42.978674",,54,,,,,,,,,,idle2.pcapng
"Oct 12, 2023 18:04:42.980744",0.002070,5,,,0x0002,234,,,,,,idle2.pcapng
"Oct 12, 2023 18:04:42.984121",,54,,,,,,,,,,idle2.pcapng
"Oct 12, 2023 18:04:42.989187",0.005066,107,0xc8f0,0x0000,0x886b,66,,,,,,idle2.pcapng
"Oct 12, 2023 18:04:42.994314",,66,,,,,,,,,,idle2.pcapng
"Oct 12, 2023 18:04:42.999572",,66,,,,,,,,,,idle2.pcapng
"Oct 12, 2023 18:04:43.002067",0.002495,5,,,0x0002,66,,,,,,idle2.pcapng
"Oct 12, 2023 18:04:43.004225",,66,,,,,,,,,,idle2.pcapng
"Oct 12, 2023 18:04:43.006720",0.002495,5,,,0x0002,61,,,,,,idle2.pcapng
"Oct 12, 2023 18:04:43.008927",,54,,,,,,,,,,idle2.pcapng
"Oct 12, 2023 18:04:43.011038",0.002111,5,,,0x0002,159,,,,,,idle2.pcapng
"Oct 12, 2023 18:04:43.034071",,52,,,,,,,,,,idle2.pcapng
"Oct 12, 2023 18:04:43.038292",,52,,,,,,,,,,idle2.pcapng
"Oct 12, 2023 18:04:43.040340",0.002048,5,,,0x0002,160,,,,,,idle2.pcapng
"Oct 12, 2023 18:04:43.052374",,45,,,,,,,,,,idle2.pcapng
"Oct 12, 2023 18:04:43.054155",0.001781,5,,,0x0002,161,,,,,,idle2.pcapng
"Oct 12, 2023 18:04:43.057185",,63,,,,,,,,,,idle2.pcapng
"Oct 12, 2023 18:04:43.059584",0.002399,5,,,0x0002,67,,,,,,idle2.pcapng
"Oct 12, 2023 18:04:43.064204",,45,,,,,,,,,,idle2.pcapng
"Oct 12, 2023 18:04:43.066027",0.001823,5,,,0x0002,162,,,,,,idle2.pcapng
"Oct 12, 2023 18:04:43.069985",,45,,,,,,,,,,idle2.pcapng
"Oct 12, 2023 18:04:43.071778",0.001793,5,,,0x0002,235,,,,,,idle2.pcapng
"Oct 12, 2023 18:04:43.075858",,45,,,,,,,,,,idle2.pcapng
"Oct 12, 2023 18:04:43.077650",0.001792,5,,,0x0002,163,,,,,,idle2.pcapng
"Oct 12, 2023 18:04:43.083689",,45,,,,,,,,,,idle2.pcapng
"Oct 12, 2023 18:04:43.085513",0.001824,5,,,0x0002,164,,,,,,idle2.pcapng
"Oct 12, 2023 18:04:43.088319",,45,,,,,,,,,,idle2.pcapng
"Oct 12, 2023 18:04:43.090110",0.001791,5,,,0x0002,236,,,,,,idle2.pcapng
"Oct 12, 2023 18:04:44.398829",1.308719,77,0x054f,0xffff,0x8841,49,0x054f,0xfffc,0x1209,,,idle2.pcapng
"Oct 12, 2023 18:04:44.664489",,54,,,,,,,,,,idle2.pcapng
"Oct 12, 2023 18:04:44.666600",0.002111,5,,,0x0002,165,,,,,,idle2.pcapng
"Oct 12, 2023 18:04:44.670152",,54,,,,,,,,,,idle2.pcapng
"Oct 12, 2023 18:04:44.672263",0.002111,5,,,0x0002,180,,,,,,idle2.pcapng
"Oct 12, 2023 18:04:44.676620",0.004357,55,0x482d,0xe5c4,0x8861,201,0x482d,0x0000,0x1a09,,,idle2.pcapng
"Oct 12, 2023 18:04:44.678763",0.002143,5,,,0x0002,201,,,,,,idle2.pcapng
"Oct 12, 2023 18:04:44.683013",0.004250,57,0xe5c4,0x0000,0x8861,181,0x482d,0x0000,0x1a09,,,idle2.pcapng
"Oct 12, 2023 18:04:44.685220",0.002207,5,,,0x0002,181,,,,,,idle2.pcapng
"Oct 12, 2023 18:04:44.724419",,53,,,,,,,,,,idle2.pcapng
"Oct 12, 2023 18:04:44.726498",0.002079,5,,,0x0002,202,,,,,,idle2.pcapng
"Oct 12, 2023 18:04:44.729649",,53,,,,,,,,,,idle2.pcapng
"Oct 12, 2023 18:04:44.731727",0.002078,5,,,0x0002,182,,,,,,idle2.pcapng
"Oct 12, 2023 18:04:44.773220",,54,,,,,,,,,,idle2.pcapng
"Oct 12, 2023 18:04:44.775331",0.002111,5,,,0x0002,166,,,,,,idle2.pcapng
"Oct 12, 2023 18:04:44.780142",,54,,,,,,,,,,idle2.pcapng
"Oct 12, 2023 18:04:44.782254",0.002112,5,,,0x0002,183,,,,,,idle2.pcapng
"Oct 12, 2023 18:04:44.787542",0.005288,55,0x482d,0xe5c4,0x8861,203,0x482d,0x0000,0x1a09,,,idle2.pcapng
"Oct 12, 2023 18:04:44.789685",0.002143,5,,,0x0002,203,,,,,,idle2.pcapng
"Oct 12, 2023 18:04:44.800898",0.011213,57,0xe5c4,0x0000,0x8861,184,0x482d,0x0000,0x1a09,,,idle2.pcapng
"Oct 12, 2023 18:04:44.803105",0.002207,5,,,0x0002,184,,,,,,idle2.pcapng
"Oct 12, 2023 18:04:44.835344",,53,,,,,,,,,,idle2.pcapng
"Oct 12, 2023 18:04:44.837423",0.002079,5,,,0x0002,204,,,,,,idle2.pcapng
"Oct 12, 2023 18:04:44.841091",,53,,,,,,,,,,idle2.pcapng
"Oct 12, 2023 18:04:44.843170",0.002079,5,,,0x0002,185,,,,,,idle2.pcapng
"Oct 12, 2023 18:04:44.893667",0.050497,77,0xe694,0xffff,0x8841,24,0xe694,0xfffc,0x1209,,,idle2.pcapng
"Oct 12, 2023 18:04:45.888513",0.994846,12,0x2cae,0x482d,0x8863,109,,,,,,idle2.pcapng
"Oct 12, 2023 18:04:45.889280",0.000767,5,,,0x0002,109,,,,,,idle2.pcapng
"Oct 12, 2023 18:04:45.899584",0.010304,71,0xc8f0,0xffff,0x8841,68,0xc8f0,0xfffc,0x1209,,,idle2.pcapng
"Oct 12, 2023 18:04:48.667936",2.768352,74,0xa209,0xffff,0x8841,237,0xa209,0xfffc,0x1209,,,idle2.pcapng
"Oct 12, 2023 18:04:49.394304",,57,,,,,,,,,,idle2.pcapng
"Oct 12, 2023 18:04:49.396511",0.002207,5,,,0x0002,25,,,,,,idle2.pcapng
"Oct 12, 2023 18:04:49.437633",,50,,,,,,,,,,idle2.pcapng
"Oct 12, 2023 18:04:49.439586",0.001953,5,,,0x0002,167,,,,,,idle2.pcapng
"Oct 12, 2023 18:04:49.444979",,45,,,,,,,,,,idle2.pcapng
"Oct 12, 2023 18:04:49.446802",0.001823,5,,,0x0002,26,,,,,,idle2.pcapng
"Oct 12, 2023 18:04:49.460318",,63,,,,,,,,,,idle2.pcapng
"Oct 12, 2023 18:04:49.462716",0.002398,5,,,0x0002,27,,,,,,idle2.pcapng
"Oct 12, 2023 18:04:49.511409",,50,,,,,,,,,,idle2.pcapng
"Oct 12, 2023 18:04:49.513362",0.001953,5,,,0x0002,168,,,,,,idle2.pcapng
"Oct 12, 2023 18:04:49.518748",,45,,,,,,,,,,idle2.pcapng
"Oct 12, 2023 18:04:49.520571",0.001823,5,,,0x0002,28,,,,,,idle2.pcapng
"Oct 12, 2023 18:04:50.918680",1.398109,12,0x2cae,0x482d,0x8863,110,,,,,,idle2.pcapng
"Oct 12, 2023 18:04:50.919447",0.000767,5,,,0x0002,110,,,,,,idle2.pcapng
"Oct 12, 2023 18:04:53.547086",2.627639,77,0x0000,0xffff,0x8841,169,0x0000,0xfffc,0x1209,,,idle2.pcapng
"Oct 12, 2023 18:04:54.354598",0.807512,77,0x482d,0xffff,0x8841,205,0x482d,0xfffc,0x1209,,,idle2.pcapng
"Oct 12, 2023 18:04:54.494115",0.139517,74,0x09ac,0xffff,0x8841,42,0x09ac,0xfffc,0x1209,,,idle2.pcapng
"Oct 12, 2023 18:04:55.563943",1.069828,68,0xebe5,0xffff,0x8841,58,0xebe5,0xfffc,0x1209,,,idle2.pcapng
"Oct 12, 2023 18:04:55.950405",0.386462,12,0x2cae,0x482d,0x8863,111,,,,,,idle2.pcapng
"Oct 12, 2023 18:04:56.349215",0.398810,77,0x82eb,0xffff,0x8841,249,0x82eb,0xfffc,0x1209,,,idle2.pcapng
"Oct 12, 2023 18:04:57.133891",0.784676,74,0x6e5f,0xffff,0x8841,62,0x6e5f,0xfffc,0x1209,,,idle2.pcapng
"Oct 12, 2023 18:04:58.308450",1.174559,77,0x054f,0xffff,0x8841,50,0x054f,0xfffc,0x1209,,,idle2.pcapng
"Oct 12, 2023 18:04:59.889689",1.581239,77,0xe694,0xffff,0x8841,29,0xe694,0xfffc,0x1209,,,idle2.pcapng
"Oct 12, 2023 18:05:00.865621",0.975932,71,0xc8f0,0xffff,0x8841,69,0xc8f0,0xfffc,0x1209,,,idle2.pcapng
"Oct 12, 2023 18:05:00.981624",0.116003,12,0x2cae,0x482d,0x8863,112,,,,,,idle2.pcapng
"Oct 12, 2023 18:05:00.982391",0.000767,5,,,0x0002,112,,,,,,idle2.pcapng
"Oct 12, 2023 18:05:06.013928",5.031537,12,0x2cae,0x482d,0x8863,113,,,,,,idle2.pcapng
"Oct 12, 2023 18:05:06.014695",0.000767,5,,,0x0002,113,,,,,,idle2.pcapng
"Oct 12, 2023 18:05:08.347919",2.333224,77,0x0000,0xffff,0x8841,170,0x0000,0xfffc,0x1209,,,idle2.pcapng
"Oct 12, 2023 18:05:09.092010",0.744091,74,0x09ac,0xffff,0x8841,43,0x09ac,0xfffc,0x1209,,,idle2.pcapng
"Oct 12, 2023 18:05:10.528633",1.436623,68,0xebe5,0xffff,0x8841,59,0xebe5,0xfffc,0x1209,,,idle2.pcapng
"Oct 12, 2023 18:05:11.046329",0.517696,12,0x2cae,0x482d,0x8863,114,,,,,,idle2.pcapng
"Oct 12, 2023 18:05:11.047097",0.000768,5,,,0x0002,114,,,,,,idle2.pcapng
"Oct 12, 2023 18:05:11.347964",0.300867,77,0x82eb,0xffff,0x8841,250,0x82eb,0xfffc,0x1209,,,idle2.pcapng
"Oct 12, 2023 18:05:12.148239",0.800275,74,0x6e5f,0xffff,0x8841,63,0x6e5f,0xfffc,0x1209,,,idle2.pcapng
"Oct 12, 2023 18:05:12.397067",0.248828,77,0x054f,0xffff,0x8841,51,0x054f,0xfffc,0x1209,,,idle2.pcapng
"Oct 12, 2023 18:05:12.573659",0.176592,77,0x482d,0xffff,0x8841,206,0x482d,0xfffc,0x1209,,,idle2.pcapng
"Oct 12, 2023 18:05:12.842910",,52,,,,,,,,,,idle2.pcapng
"Oct 12, 2023 18:05:12.844915",0.002005,5,,,0x0002,171,,,,,,idle2.pcapng
"Oct 12, 2023 18:05:12.852724",,63,,,,,,,,,,idle2.pcapng
"Oct 12, 2023 18:05:12.855123",0.002399,5,,,0x0002,30,,,,,,idle2.pcapng
"Oct 12, 2023 18:05:12.876951",,52,,,,,,,,,,idle2.pcapng
"Oct 12, 2023 18:05:12.878967",0.002016,5,,,0x0002,172,,,,,,idle2.pcapng
"Oct 12, 2023 18:05:12.886863",,63,,,,,,,,,,idle2.pcapng
"Oct 12, 2023 18:05:12.889262",0.002399,5,,,0x0002,64,,,,,,idle2.pcapng
"Oct 12, 2023 18:05:12.890721",,45,,,,,,,,,,idle2.pcapng
"Oct 12, 2023 18:05:12.892514",0.001793,5,,,0x0002,173,,,,,,idle2.pcapng
"Oct 12, 2023 18:05:12.912315",,54,,,,,,,,,,idle2.pcapng
"Oct 12, 2023 18:05:12.914397",0.002082,5,,,0x0002,174,,,,,,idle2.pcapng
"Oct 12, 2023 18:05:12.922161",,66,,,,,,,,,,idle2.pcapng
"Oct 12, 2023 18:05:12.924656",0.002495,5,,,0x0002,31,,,,,,idle2.pcapng
"Oct 12, 2023 18:05:12.933023",,45,,,,,,,,,,idle2.pcapng
"Oct 12, 2023 18:05:12.934816",0.001793,5,,,0x0002,175,,,,,,idle2.pcapng
"Oct 12, 2023 18:05:12.956710",,54,,,,,,,,,,idle2.pcapng
"Oct 12, 2023 18:05:12.958781",0.002071,5,,,0x0002,176,,,,,,idle2.pcapng
"Oct 12, 2023 18:05:12.966677",,66,,,,,,,,,,idle2.pcapng
"Oct 12, 2023 18:05:12.970514",,54,,,,,,,,,,idle2.pcapng
"Oct 12, 2023 18:05:12.974377",,54,,,,,,,,,,idle2.pcapng
"Oct 12, 2023 18:05:12.976489",0.002112,5,,,0x0002,177,,,,,,idle2.pcapng
"Oct 12, 2023 18:05:12.977097",0.000608,107,0x6e5e,0xc000,0x886b,65,,,,,,idle2.pcapng
"Oct 12, 2023 18:05:12.982381",,66,,,,,,,,,,idle2.pcapng
"Oct 12, 2023 18:05:12.984876",0.002495,5,,,0x0002,65,,,,,,idle2.pcapng
"Oct 12, 2023 18:05:12.988795",,45,,,,,,,,,,idle2.pcapng
"Oct 12, 2023 18:05:12.990588",0.001793,5,,,0x0002,178,,,,,,idle2.pcapng
"Oct 12, 2023 18:05:12.994871",0.004283,54,0x9498,0x8f9a,0x8861,239,,,,,,idle2.pcapng
"Oct 12, 2023 18:05:12.999967",,52,,,,,,,,,,idle2.pcapng
"Oct 12, 2023 18:05:13.002014",0.002047,5,,,0x0002,179,,,,,,idle2.pcapng
"Oct 12, 2023 18:05:13.005162",,54,,,,,,,,,,idle2.pcapng
"Oct 12, 2023 18:05:13.007243",0.002081,5,,,0x0002,239,,,,,,idle2.pcapng
"Oct 12, 2023 18:05:13.011205",,45,,,,,,,,,,idle2.pcapng
"Oct 12, 2023 18:05:13.015532",,66,,,,,,,,,,idle2.pcapng
"Oct 12, 2023 18:05:13.018027",0.002495,5,,,0x0002,70,,,,,,idle2.pcapng
"Oct 12, 2023 18:05:13.024113",,63,,,,,,,,,,idle2.pcapng
"Oct 12, 2023 18:05:13.026512",0.002399,5,,,0x0002,71,,,,,,idle2.pcapng
"Oct 12, 2023 18:05:13.045699",,45,,,,,,,,,,idle2.pcapng
"Oct 12, 2023 18:05:13.047521",0.001822,5,,,0x0002,181,,,,,,idle2.pcapng
"Oct 12, 2023 18:05:13.056498",,45,,,,,,,,,,idle2.pcapng
"Oct 12, 2023 18:05:13.062915",,45,,,,,,,,,,idle2.pcapng
"Oct 12, 2023 18:05:13.064706",0.001791,5,,,0x0002,242,,,,,,idle2.pcapng
"Oct 12, 2023 18:05:13.067471",,45,,,,,,,,,,idle2.pcapng
"Oct 12, 2023 18:05:13.069294",0.001823,5,,,0x0002,182,,,,,,idle2.pcapng
"Oct 12, 2023 18:05:13.220608",0.151314,77,0xe5c4,0xffff,0x8841,187,0xe5c4,0xfffc,0x1209,,,idle2.pcapng
"Oct 12, 2023 18:05:14.916778",1.696170,77,0xe694,0xffff,0x8841,32,0xe694,0xfffc,0x1209,,,idle2.pcapng
"Oct 12, 2023 18:05:15.834733",0.917955,71,0xc8f0,0xffff,0x8841,72,0xc8f0,0xfffc,0x1209,,,idle2.pcapng
"Oct 12, 2023 18:05:16.078121",0.243388,12,0x2cae,0x482d,0x8863,115,,,,,,idle2.pcapng
"Oct 12, 2023 18:05:16.078888",0.000767,5,,,0x0002,115,,,,,,idle2.pcapng
"Oct 12, 2023 18:05:16.543041",0.464153,106,,,,,,,,,,idle2.pcapng
"Oct 12, 2023 18:05:21.108809",4.565768,12,0x2cae,0x482d,0x8863,116,,,,,,idle2.pcapng
"Oct 12, 2023 18:05:21.109576",0.000767,5,,,0x0002,116,,,,,,idle2.pcapng
"Oct 12, 2023 18:05:23.191681",2.082105,107,,,0x646b,112,,,,,,idle2.pcapng
"Oct 12, 2023 18:05:25.470119",2.278438,68,0xebe5,0xffff,0x8841,60,0xebe5,0xfffc,0x1209,,,idle2.pcapng
"Oct 12, 2023 18:05:25.828123",0.358004,77,0x0000,0xffff,0x8841,183,0x0000,0xfffc,0x1209,,,idle2.pcapng
"Oct 12, 2023 18:05:25.878660",0.050537,74,0x09ac,0xffff,0x8841,44,0x09ac,0xfffc,0x1209,,,idle2.pcapng
"Oct 12, 2023 18:05:26.140044",0.261384,12,0x2cae,0x482d,0x8863,117,,,,,,idle2.pcapng
"Oct 12, 2023 18:05:26.140811",0.000767,5,,,0x0002,117,,,,,,idle2.pcapng
"Oct 12, 2023 18:05:26.355673",0.214862,77,0x82eb,0xffff,0x8841,251,0x82eb,0xfffc,0x1209,,,idle2.pcapng
"Oct 12, 2023 18:05:27.003911",0.648238,77,0x054f,0xffff,0x8841,52,0x054f,0xfffc,0x1209,,,idle2.pcapng
"Oct 12, 2023 18:05:27.147815",0.143904,74,0x6e5f,0xffff,0x8841,66,0x6e5f,0xfffc,0x1209,,,idle2.pcapng
"Oct 12, 2023 18:05:29.894752",2.746937,77,0xe694,0xffff,0x8841,33,0xe694,0xfffc,0x1209,,,idle2.pcapng
"Oct 12, 2023 18:05:30.583094",0.688342,77,0x482d,0xffff,0x8841,207,0x482d,0xfffc,0x1209,,,idle2.pcapng
"Oct 12, 2023 18:05:30.891148",0.308054,74,0xc8f0,0xffff,0x8841,73,0xc8f0,0xfffc,0x1209,,,idle2.pcapng
"Oct 12, 2023 18:05:31.170242",0.279094,12,0x2cae,0x482d,0x8863,118,,,,,,idle2.pcapng
"Oct 12, 2023 18:05:31.171009",0.000767,5,,,0x0002,118,,,,,,idle2.pcapng
"Oct 12, 2023 18:05:31.209386",0.038377,77,0xe5c4,0xffff,0x8841,188,0xe5c4,0xfffc,0x1209,,,idle2.pcapng
"Oct 12, 2023 18:05:31.279891",,60,,,,,,,,,,idle2.pcapng
"Oct 12, 2023 18:05:31.282194",0.002303,5,,,0x0002,67,,,,,,idle2.pcapng
"Oct 12, 2023 18:05:31.323433",,50,,,,,,,,,,idle2.pcapng
"Oct 12, 2023 18:05:31.327496",,50,,,,,,,,,,idle2.pcapng
"Oct 12, 2023 18:05:31.329448",0.001952,5,,,0x0002,184,,,,,,idle2.pcapng
"Oct 12, 2023 18:05:31.331194",,45,,,,,,,,,,idle2.pcapng
"Oct 12, 2023 18:05:31.333017",0.001823,5,,,0x0002,68,,,,,,idle2.pcapng
"Oct 12, 2023 18:05:31.339808",,45,,,,,,,,,,idle2.pcapng
"Oct 12, 2023 18:05:31.341631",0.001823,5,,,0x0002,69,,,,,,idle2.pcapng
"Oct 12, 2023 18:05:36.203186",4.861555,12,0x2cae,0x482d,0x8863,119,,,,,,idle2.pcapng
"Oct 12, 2023 18:05:36.203953",0.000767,5,,,0x0002,119,,,,,,idle2.pcapng
"Oct 12, 2023 18:05:38.080156",1.876203,98,0xa209,0xffff,0x8862,244,,,,,,idle2.pcapng
"Oct 12, 2023 18:05:39.768298",1.688142,102,0x09ac,0xffff,0x8866,45,,,,,,idle2.pcapng
"Oct 12, 2023 18:05:40.466835",0.698537,68,0xebe5,0xffff,0x8841,61,0xebe5,0xfffc,0x1209,,,idle2.pcapng
"Oct 12, 2023 18:05:41.234978",0.768143,12,0x2cae,0x482d,0x8863,120,,,,,,idle2.pcapng
"Oct 12, 2023 18:05:41.235745",0.000767,5,,,0x0002,120,,,,,,idle2.pcapng
"Oct 12, 2023 18:05:41.361141",0.125396,77,0x82eb,0xffff,0x8841,252,0x82eb,0xfffc,0x1209,,,idle2.pcapng
"Oct 12, 2023 18:05:42.185016",0.823875,103,0x6e5f,0xffff,0x8867,70,,,,,,idle2.pcapng
"Oct 12, 2023 18:05:42.844299",,52,,,,,,,,,,idle2.pcapng
"Oct 12, 2023 18:05:42.846308",0.002009,5,,,0x0002,185,,,,,,idle2.pcapng
"Oct 12, 2023 18:05:42.854009",,63,,,,,,,,,,idle2.pcapng
"Oct 12, 2023 18:05:42.856408",0.002399,5,,,0x0002,34,,,,,,idle2.pcapng
"Oct 12, 2023 18:05:42.881361",,52,,,,,,,,,,idle2.pcapng
"Oct 12, 2023 18:05:42.883377",0.002016,5,,,0x0002,186,,,,,,idle2.pcapng
"Oct 12, 2023 18:05:42.891252",,63,,,,,,,,,,idle2.pcapng
"Oct 12, 2023 18:05:42.893650",0.002398,5,,,0x0002,71,,,,,,idle2.pcapng
"Oct 12, 2023 18:05:42.895736",,45,,,,,,,,,,idle2.pcapng
"Oct 12, 2023 18:05:42.897524",0.001788,5,,,0x0002,187,,,,,,idle2.pcapng
"Oct 12, 2023 18:05:42.924734",,54,,,,,,,,,,idle2.pcapng
"Oct 12, 2023 18:05:42.926815",0.002081,5,,,0x0002,188,,,,,,idle2.pcapng
"Oct 12, 2023 18:05:42.934845",,66,,,,,,,,,,idle2.pcapng
"Oct 12, 2023 18:05:42.937340",0.002495,5,,,0x0002,35,,,,,,idle2.pcapng
"Oct 12, 2023 18:05:42.946219",,45,,,,,,,,,,idle2.pcapng
"Oct 12, 2023 18:05:42.948011",0.001792,5,,,0x0002,189,,,,,,idle2.pcapng
"Oct 12, 2023 18:05:42.962931",,54,,,,,,,,,,idle2.pcapng
"Oct 12, 2023 18:05:42.964999",0.002068,5,,,0x0002,190,,,,,,idle2.pcapng
"Oct 12, 2023 18:05:42.973040",,66,,,,,,,,,,idle2.pcapng
"Oct 12, 2023 18:05:42.975535",0.002495,5,,,0x0002,72,,,,,,idle2.pcapng
"Oct 12, 2023 18:05:42.978374",,54,,,,,,,,,,idle2.pcapng
"Oct 12, 2023 18:05:42.980485",0.002111,5,,,0x0002,191,,,,,,idle2.pcapng
"Oct 12, 2023 18:05:42.984596",,54,,,,,,,,,,idle2.pcapng
"Oct 12, 2023 18:05:42.986676",0.002080,5,,,0x0002,245,,,,,,idle2.pcapng
"Oct 12, 2023 18:05:42.994577",,66,,,,,,,,,,idle2.pcapng
"Oct 12, 2023 18:05:42.997072",0.002495,5,,,0x0002,74,,,,,,idle2.pcapng
"Oct 12, 2023 18:05:43.001491",,52,,,,,,,,,,idle2.pcapng
"Oct 12, 2023 18:05:43.003538",0.002047,5,,,0x0002,192,,,,,,idle2.pcapng
"Oct 12, 2023 18:05:43.006514",0.002976,52,0xb719,0xc8f0,0x8861,246,,,,,,idle2.pcapng
"Oct 12, 2023 18:05:43.008532",0.002018,5,,,0x0002,246,,,,,,idle2.pcapng
"Oct 12, 2023 18:05:43.016172",,63,,,,,,,,,,idle2.pcapng
"Oct 12, 2023 18:05:43.018571",0.002399,5,,,0x0002,75,,,,,,idle2.pcapng
"Oct 12, 2023 18:05:43.020929",,45,,,,,,,,,,idle2.pcapng
"Oct 12, 2023 18:05:43.022721",0.001792,5,,,0x0002,193,,,,,,idle2.pcapng
"Oct 12, 2023 18:05:43.035240",0.012519,77,0x0000,0xffff,0x8841,194,0x0000,0xfffc,0x1209,,,idle2.pcapng
"Oct 12, 2023 18:05:43.042198",,45,,,,,,,,,,idle2.pcapng
"Oct 12, 2023 18:05:43.043990",0.001792,5,,,0x0002,195,,,,,,idle2.pcapng
"Oct 12, 2023 18:05:43.048118",,45,,,,,,,,,,idle2.pcapng
"Oct 12, 2023 18:05:43.049941",0.001823,5,,,0x0002,196,,,,,,idle2.pcapng
"Oct 12, 2023 18:05:43.054331",,45,,,,,,,,,,idle2.pcapng
"Oct 12, 2023 18:05:43.056122",0.001791,5,,,0x0002,247,,,,,,idle2.pcapng
"Oct 12, 2023 18:05:43.057272",,45,,,,,,,,,,idle2.pcapng
"Oct 12, 2023 18:05:43.063778",,45,,,,,,,,,,idle2.pcapng
"Oct 12, 2023 18:05:43.065571",0.001793,5,,,0x0002,248,,,,,,idle2.pcapng
"Oct 12, 2023 18:05:43.878637",0.813066,77,0x054f,0xffff,0x8841,53,0x054f,0xfffc,0x1209,,,idle2.pcapng
"Oct 12, 2023 18:05:44.902099",1.023462,77,0xe694,0xffff,0x8841,36,0xe694,0xfffc,0x1209,,,idle2.pcapng
"Oct 12, 2023 18:05:45.847337",0.945238,74,0xc8f0,0xffff,0x8841,76,0xc8f0,0xfffc,0x1209,,,idle2.pcapng
"Oct 12, 2023 18:05:46.233857",0.386520,12,0x2cae,0x482d,0x8863,121,,,,,,idle2.pcapng
"Oct 12, 2023 18:05:47.949234",1.715377,105,0x482d,0xffff,0x8869,208,,,,,,idle2.pcapng
"Oct 12, 2023 18:05:47.955271",,60,,,,,,,,,,idle2.pcapng
"Oct 12, 2023 18:05:47.957574",0.002303,5,,,0x0002,77,,,,,,idle2.pcapng
"Oct 12, 2023 18:05:47.960255",,60,,,,,,,,,,idle2.pcapng
"Oct 12, 2023 18:05:47.962558",0.002303,5,,,0x0002,77,,,,,,idle2.pcapng
"Oct 12, 2023 18:05:47.997862",,50,,,,,,,,,,idle2.pcapng
"Oct 12, 2023 18:05:47.999845",0.001983,5,,,0x0002,198,,,,,,idle2.pcapng
"Oct 12, 2023 18:05:48.002695",,50,,,,,,,,,,idle2.pcapng
"Oct 12, 2023 18:05:48.004636",0.001941,5,,,0x0002,249,,,,,,idle2.pcapng
"Oct 12, 2023 18:05:48.009676",,45,,,,,,,,,,idle2.pcapng
"Oct 12, 2023 18:05:48.011499",0.001823,5,,,0x0002,78,,,,,,idle2.pcapng
"Oct 12, 2023 18:05:48.532943",0.521444,77,0xe5c4,0xffff,0x8841,189,0xe5c4,0xfffc,0x1209,,,idle2.pcapng
"Oct 12, 2023 18:05:51.298242",2.765299,12,0x2cae,0x482d,0x8863,122,,,,,,idle2.pcapng
"Oct 12, 2023 18:05:51.299009",0.000767,5,,,0x0002,122,,,,,,idle2.pcapng
"Oct 12, 2023 18:05:52.980956",,60,,,,,,,,,,idle2.pcapng
"Oct 12, 2023 18:05:52.983258",0.002302,5,,,0x0002,37,,,,,,idle2.pcapng
"Oct 12, 2023 18:05:53.022804",,50,,,,,,,,,,idle2.pcapng
"Oct 12, 2023 18:05:53.024746",0.001942,5,,,0x0002,199,,,,,,idle2.pcapng
"Oct 12, 2023 18:05:53.029959",,45,,,,,,,,,,idle2.pcapng
"Oct 12, 2023 18:05:53.031782",0.001823,5,,,0x0002,38,,,,,,idle2.pcapng
"Oct 12, 2023 18:05:54.800041",1.768259,74,0x09ac,0xffff,0x8841,46,0x09ac,0xfffc,0x1209,,,idle2.pcapng
"Oct 12, 2023 18:05:55.174591",0.374550,74,0xa209,0xffff,0x8841,250,0xa209,0xfffc,0x1209,,,idle2.pcapng
"Oct 12, 2023 18:05:55.500520",0.325929,68,0xebe5,0xffff,0x8841,62,0xebe5,0xfffc,0x1209,,,idle2.pcapng
"Oct 12, 2023 18:05:56.329394",0.828874,12,0x2cae,0x482d,0x8863,123,,,,,,idle2.pcapng
"Oct 12, 2023 18:05:56.330161",0.000767,5,,,0x0002,123,,,,,,idle2.pcapng
"Oct 12, 2023 18:05:56.355090",0.024929,77,0x82eb,0xffff,0x8841,253,0x82eb,0xfffc,0x1209,,,idle2.pcapng
"Oct 12, 2023 18:05:57.045134",0.690044,77,0x0000,0xffff,0x8841,200,0x0000,0xfffc,0x1209,,,idle2.pcapng
"Oct 12, 2023 18:05:57.197564",0.152430,71,0x6e5f,0xffff,0x8841,73,0x6e5f,0xfffc,0x1209,,,idle2.pcapng
"Oct 12, 2023 18:05:59.859017",2.661453,77,0xe694,0xffff,0x8841,39,0xe694,0xfffc,0x1209,,,idle2.pcapng
"Oct 12, 2023 18:06:00.831391",0.972374,74,0xc8f0,0xffff,0x8841,79,0xc8f0,0xfffc,0x1209,,,idle2.pcapng
"Oct 12, 2023 18:06:01.328532",0.497141,12,0x2cae,0x482d,0x8863,124,,,,,,idle2.pcapng
"Oct 12, 2023 18:06:01.329299",0.000767,5,,,0x0002,124,,,,,,idle2.pcapng
"Oct 12, 2023 18:06:01.515613",0.186314,77,0x054f,0xffff,0x8841,54,0x054f,0xfffc,0x1209,,,idle2.pcapng
"Oct 12, 2023 18:06:02.816938",1.301325,77,0x482d,0xffff,0x8841,209,0x482d,0xfffc,0x1209,,,idle2.pcapng
"Oct 12, 2023 18:06:03.386756",0.569818,77,0xe5c4,0xffff,0x8841,190,0xe5c4,0xfffc,0x1209,,,idle2.pcapng
"Oct 12, 2023 18:06:06.392215",3.005459,12,0x2cae,0x482d,0x8863,125,,,,,,idle2.pcapng
"Oct 12, 2023 18:06:06.392982",0.000767,5,,,0x0002,125,,,,,,idle2.pcapng
"Oct 12, 2023 18:06:10.474191",4.081209,68,0xebe5,0xffff,0x8841,63,0xebe5,0xfffc,0x1209,,,idle2.pcapng
"Oct 12, 2023 18:06:10.916793",0.442602,74,0x09ac,0xffff,0x8841,47,0x09ac,0xfffc,0x1209,,,idle2.pcapng
"Oct 12, 2023 18:06:11.348398",0.431605,77,0x82eb,0xffff,0x8841,254,0x82eb,0xfffc,0x1209,,,idle2.pcapng
"Oct 12, 2023 18:06:11.423626",0.075228,12,0x2cae,0x482d,0x8863,126,,,,,,idle2.pcapng
"Oct 12, 2023 18:06:11.640016",0.216390,77,0x0000,0xffff,0x8841,201,0x0000,0xfffc,0x1209,,,idle2.pcapng
"Oct 12, 2023 18:06:11.967208",0.327192,74,0xa209,0xffff,0x8841,251,0xa209,0xfffc,0x1209,,,idle2.pcapng
"Oct 12, 2023 18:06:12.159366",0.192158,74,0x6e5f,0xffff,0x8841,74,0x6e5f,0xfffc,0x1209,,,idle2.pcapng
"Oct 12, 2023 18:06:12.850031",,52,,,,,,,,,,idle2.pcapng
"Oct 12, 2023 18:06:12.852046",0.002015,5,,,0x0002,202,,,,,,idle2.pcapng
"Oct 12, 2023 18:06:12.859993",,63,,,,,,,,,,idle2.pcapng
"Oct 12, 2023 18:06:12.862392",0.002399,5,,,0x0002,40,,,,,,idle2.pcapng
"Oct 12, 2023 18:06:12.886236",,52,,,,,,,,,,idle2.pcapng
"Oct 12, 2023 18:06:12.888251",0.002015,5,,,0x0002,203,,,,,,idle2.pcapng
"Oct 12, 2023 18:06:12.896180",,63,,,,,,,,,,idle2.pcapng
"Oct 12, 2023 18:06:12.898579",0.002399,5,,,0x0002,75,,,,,,idle2.pcapng
"Oct 12, 2023 18:06:12.899648",,45,,,,,,,,,,idle2.pcapng
"Oct 12, 2023 18:06:12.901439",0.001791,5,,,0x0002,204,,,,,,idle2.pcapng
"Oct 12, 2023 18:06:12.927742",,54,,,,,,,,,,idle2.pcapng
"Oct 12, 2023 18:06:12.929811",0.002069,5,,,0x0002,205,,,,,,idle2.pcapng
"Oct 12, 2023 18:06:12.937685",,66,,,,,,,,,,idle2.pcapng
"Oct 12, 2023 18:06:12.940180",0.002495,5,,,0x0002,41,,,,,,idle2.pcapng
"Oct 12, 2023 18:06:12.947929",,45,,,,,,,,,,idle2.pcapng
"Oct 12, 2023 18:06:12.949716",0.001787,5,,,0x0002,206,,,,,,idle2.pcapng
"Oct 12, 2023 18:06:12.965196",,54,,,,,,,,,,idle2.pcapng
"Oct 12, 2023 18:06:12.967275",0.002079,5,,,0x0002,207,,,,,,idle2.pcapng
"Oct 12, 2023 18:06:12.975101",,66,,,,,,,,,,idle2.pcapng
"Oct 12, 2023 18:06:12.977596",0.002495,5,,,0x0002,76,,,,,,idle2.pcapng
"Oct 12, 2023 18:06:12.987656",,54,,,,,,,,,,idle2.pcapng
"Oct 12, 2023 18:06:12.989767",0.002111,5,,,0x0002,208,,,,,,idle2.pcapng
"Oct 12, 2023 18:06:12.992594",,54,,,,,,,,,,idle2.pcapng
"Oct 12, 2023 18:06:12.994664",0.002070,5,,,0x0002,252,,,,,,idle2.pcapng
"Oct 12, 2023 18:06:13.000460",,52,,,,,,,,,,idle2.pcapng
"Oct 12, 2023 18:06:13.005640",,52,,,,,,,,,,idle2.pcapng
"Oct 12, 2023 18:06:13.007571",,66,,,,,,,,,,idle2.pcapng
"Oct 12, 2023 18:06:13.010066",0.002495,5,,,0x0002,80,,,,,,idle2.pcapng
"Oct 12, 2023 18:06:13.010739",,52,,,,,,,,,,idle2.pcapng
"Oct 12, 2023 18:06:13.017296",,52,,,,,,,,,,idle2.pcapng
"Oct 12, 2023 18:06:13.019343",0.002047,5,,,0x0002,209,,,,,,idle2.pcapng
"Oct 12, 2023 18:06:13.020555",,63,,,,,,,,,,idle2.pcapng
"Oct 12, 2023 18:06:13.022954",0.002399,5,,,0x0002,81,,,,,,idle2.pcapng
"Oct 12, 2023 18:06:13.042730",,45,,,,,,,,,,idle2.pcapng
"Oct 12, 2023 18:06:13.044521",0.001791,5,,,0x0002,210,,,,,,idle2.pcapng
"Oct 12, 2023 18:06:13.048842",,45,,,,,,,,,,idle2.pcapng
"Oct 12, 2023 18:06:13.050634",0.001792,5,,,0x0002,211,,,,,,idle2.pcapng
"Oct 12, 2023 18:06:13.057140",,45,,,,,,,,,,idle2.pcapng
"Oct 12, 2023 18:06:13.069060",,45,,,,,,,,,,idle2.pcapng
"Oct 12, 2023 18:06:13.070883",0.001823,5,,,0x0002,212,,,,,,idle2.pcapng
"Oct 12, 2023 18:06:13.076520",,45,,,,,,,,,,idle2.pcapng
"Oct 12, 2023 18:06:13.078343",0.001823,5,,,0x0002,213,,,,,,idle2.pcapng
"Oct 12, 2023 18:06:13.081755",,45,,,,,,,,,,idle2.pcapng
"Oct 12, 2023 18:06:13.083536",0.001781,5,,,0x0002,255,,,,,,idle2.pcapng
"Oct 12, 2023 18:06:14.939174",1.855638,77,0xe694,0xffff,0x8841,42,0xe694,0xfffc,0x1209,,,idle2.pcapng
"Oct 12, 2023 18:06:15.944729",1.005555,74,0xc8f0,0xffff,0x8841,82,0xc8f0,0xfffc,0x1209,,,idle2.pcapng
"Oct 12, 2023 18:06:16.423237",0.478508,12,0x2cae,0x482d,0x8863,127,,,,,,idle2.pcapng
"Oct 12, 2023 18:06:16.424005",0.000768,5,,,0x0002,127,,,,,,idle2.pcapng
"Oct 12, 2023 18:06:18.167080",1.743075,77,0x054f,0xffff,0x8841,55,0x054f,0xfffc,0x1209,,,idle2.pcapng
"Oct 12, 2023 18:06:19.896512",1.729432,77,0x482d,0xffff,0x8841,210,0x482d,0xfffc,0x1209,,,idle2.pcapng
"Oct 12, 2023 18:06:20.353615",0.457103,77,0xe5c4,0xffff,0x8841,191,0xe5c4,0xfffc,0x1209,,,idle2.pcapng
"Oct 12, 2023 18:06:21.486829",1.133214,12,0x2cae,0x482d,0x8863,128,,,,,,idle2.pcapng
"Oct 12, 2023 18:06:21.487596",0.000767,5,,,0x0002,128,,,,,,idle2.pcapng
"Oct 12, 2023 18:06:25.483862",3.996266,68,0xebe5,0xffff,0x8841,64,0xebe5,0xfffc,0x1209,,,idle2.pcapng
"Oct 12, 2023 18:06:26.350986",0.867124,77,0x82eb,0xffff,0x8841,255,0x82eb,0xfffc,0x1209,,,idle2.pcapng
"Oct 12, 2023 18:06:26.486349",0.135363,12,0x2cae,0x482d,0x8863,129,,,,,,idle2.pcapng
"Oct 12, 2023 18:06:26.487116",0.000767,5,,,0x0002,129,,,,,,idle2.pcapng
"Oct 12, 2023 18:06:27.117184",0.630068,74,0x6e5f,0xffff,0x8841,77,0x6e5f,0xfffc,0x1209,,,idle2.pcapng
"Oct 12, 2023 18:06:27.715790",0.598606,74,0x09ac,0xffff,0x8841,48,0x09ac,0xfffc,0x1209,,,idle2.pcapng
"Oct 12, 2023 18:06:28.214177",0.498387,77,0x0000,0xffff,0x8841,214,0x0000,0xfffc,0x1209,,,idle2.pcapng
"Oct 12, 2023 18:06:28.480257",0.266080,74,0xa209,0xffff,0x8841,0,0xa209,0xfffc,0x1209,,,idle2.pcapng
"Oct 12, 2023 18:06:29.927831",1.447574,77,0xe694,0xffff,0x8841,43,0xe694,0xfffc,0x1209,,,idle2.pcapng
"Oct 12, 2023 18:06:30.905046",,96,,,,,,,,,,idle2.pcapng
"Oct 12, 2023 18:06:31.517852",0.612806,12,0x2cae,0x482d,0x8863,130,,,,,,idle2.pcapng
"Oct 12, 2023 18:06:31.518619",0.000767,5,,,0x0002,130,,,,,,idle2.pcapng
"Oct 12, 2023 18:06:33.382921",,52,,,,,,,,,,idle2.pcapng
"Oct 12, 2023 18:06:33.384968",0.002047,5,,,0x0002,0,,,,,,idle2.pcapng
"Oct 12, 2023 18:06:35.101951",1.716983,77,0x054f,0xffff,0x8841,56,0x054f,0xfffc,0x1209,,,idle2.pcapng
"Oct 12, 2023 18:06:36.579940",1.477989,12,0x2cae,0x482d,0x8863,131,,,,,,idle2.pcapng
"Oct 12, 2023 18:06:36.580707",0.000767,5,,,0x0002,131,,,,,,idle2.pcapng
"Oct 12, 2023 18:06:37.720994",1.140287,77,0xe5c4,0xffff,0x8841,192,0xe5c4,0xfffc,0x1209,,,idle2.pcapng
"Oct 12, 2023 18:06:37.793865",0.072871,77,0x482d,0xffff,0x8841,211,0x482d,0xfffc,0x1209,,,idle2.pcapng
"Oct 12, 2023 18:06:40.513438",2.719573,68,0xebe5,0xffff,0x8841,65,0xebe5,0xfffc,0x1209,,,idle2.pcapng
"Oct 12, 2023 18:06:41.355815",0.842377,77,0x82eb,0xffff,0x8841,1,0x82eb,0xfffc,0x1209,,,idle2.pcapng
"Oct 12, 2023 18:06:41.579140",0.223325,12,0x2cae,0x482d,0x8863,132,,,,,,idle2.pcapng
"Oct 12, 2023 18:06:41.579908",0.000768,5,,,0x0002,132,,,,,,idle2.pcapng
"Oct 12, 2023 18:06:42.178485",0.598577,74,0x6e5f,0xffff,0x8841,78,0x6e5f,0xfffc,0x1209,,,idle2.pcapng
"Oct 12, 2023 18:06:42.850968",,52,,,,,,,,,,idle2.pcapng
"Oct 12, 2023 18:06:42.852985",0.002017,5,,,0x0002,215,,,,,,idle2.pcapng
"Oct 12, 2023 18:06:42.861657",,63,,,,,,,,,,idle2.pcapng
"Oct 12, 2023 18:06:42.864056",0.002399,5,,,0x0002,44,,,,,,idle2.pcapng
"Oct 12, 2023 18:06:42.885852",,52,,,,,,,,,,idle2.pcapng
"Oct 12, 2023 18:06:42.887868",0.002016,5,,,0x0002,216,,,,,,idle2.pcapng
"Oct 12, 2023 18:06:42.901040",,63,,,,,,,,,,idle2.pcapng
"Oct 12, 2023 18:06:42.903439",0.002399,5,,,0x0002,79,,,,,,idle2.pcapng
"Oct 12, 2023 18:06:42.905657",,45,,,,,,,,,,idle2.pcapng
"Oct 12, 2023 18:06:42.907450",0.001793,5,,,0x0002,217,,,,,,idle2.pcapng
"Oct 12, 2023 18:06:42.929939",,54,,,,,,,,,,idle2.pcapng
"Oct 12, 2023 18:06:42.932020",0.002081,5,,,0x0002,218,,,,,,idle2.pcapng
"Oct 12, 2023 18:06:42.940100",,66,,,,,,,,,,idle2.pcapng
"Oct 12, 2023 18:06:42.942595",0.002495,5,,,0x0002,45,,,,,,idle2.pcapng
"Oct 12, 2023 18:06:42.950587",,45,,,,,,,,,,idle2.pcapng
"Oct 12, 2023 18:06:42.952368",0.001781,5,,,0x0002,219,,,,,,idle2.pcapng
"Oct 12, 2023 18:06:42.963176",,54,,,,,,,,,,idle2.pcapng
"Oct 12, 2023 18:06:42.972634",0.009458,107,0x09ac,0xffff,0x886b,49,,,,,,idle2.pcapng
"Oct 12, 2023 18:06:42.978469",0.005835,90,0x6e5f,0x0000,0x885a,80,,,,,,idle2.pcapng
"Oct 12, 2023 18:06:42.983751",,66,,,,,,,,,,idle2.pcapng
"Oct 12, 2023 18:06:42.986246",0.002495,5,,,0x0002,80,,,,,,idle2.pcapng
"Oct 12, 2023 18:06:42.990079",,54,,,,,,,,,,idle2.pcapng
"Oct 12, 2023 18:06:42.992190",0.002111,5,,,0x0002,221,,,,,,idle2.pcapng
"Oct 12, 2023 18:06:42.998977",0.006787,5,,,0x0002,1,,,,,,idle2.pcapng
"Oct 12, 2023 18:06:43.006685",0.007708,107,0xc8f0,0x0000,0x886b,84,,,,,,idle2.pcapng
"Oct 12, 2023 18:06:43.010019",,52,,,,,,,,,,idle2.pcapng
"Oct 12, 2023 18:06:43.014965",,52,,,,,,,,,,idle2.pcapng
"Oct 12, 2023 18:06:43.017012",0.002047,5,,,0x0002,222,,,,,,idle2.pcapng
"Oct 12, 2023 18:06:43.017351",,66,,,,,,,,,,idle2.pcapng
"Oct 12, 2023 18:06:43.019846",0.002495,5,,,0x0002,84,,,,,,idle2.pcapng
"Oct 12, 2023 18:06:43.020596",,52,,,,,,,,,,idle2.pcapng
"Oct 12, 2023 18:06:43.022643",0.002047,107,0xc8f0,0x0000,0x886b,84,,,,,,idle2.pcapng
"Oct 12, 2023 18:06:43.027429",,52,,,,,,,,,,idle2.pcapng
"Oct 12, 2023 18:06:43.029434",0.002005,5,,,0x0002,2,,,,,,idle2.pcapng
"Oct 12, 2023 18:06:43.030883",,66,,,,,,,,,,idle2.pcapng
"Oct 12, 2023 18:06:43.033378",0.002495,5,,,0x0002,85,,,,,,idle2.pcapng
"Oct 12, 2023 18:06:43.039494",,63,,,,,,,,,,idle2.pcapng
"Oct 12, 2023 18:06:43.041893",0.002399,5,,,0x0002,86,,,,,,idle2.pcapng
"Oct 12, 2023 18:06:43.046406",,45,,,,,,,,,,idle2.pcapng
"Oct 12, 2023 18:06:43.048188",0.001782,5,,,0x0002,223,,,,,,idle2.pcapng
"Oct 12, 2023 18:06:43.063374",,45,,,,,,,,,,idle2.pcapng
"Oct 12, 2023 18:06:43.065167",0.001793,5,,,0x0002,224,,,,,,idle2.pcapng
"Oct 12, 2023 18:06:43.071189",,45,,,,,,,,,,idle2.pcapng
"Oct 12, 2023 18:06:43.073012",0.001823,5,,,0x0002,225,,,,,,idle2.pcapng
"Oct 12, 2023 18:06:43.076375",,45,,,,,,,,,,idle2.pcapng
"Oct 12, 2023 18:06:43.078168",0.001793,5,,,0x0002,119,,,,,,idle2.pcapng
"Oct 12, 2023 18:06:43.085350",,45,,,,,,,,,,idle2.pcapng
"Oct 12, 2023 18:06:43.087173",0.001823,5,,,0x0002,226,,,,,,idle2.pcapng
"Oct 12, 2023 18:06:43.089502",,45,,,,,,,,,,idle2.pcapng
"Oct 12, 2023 18:06:43.091293",0.001791,5,,,0x0002,4,,,,,,idle2.pcapng
"Oct 12, 2023 18:06:43.099297",,45,,,,,,,,,,idle2.pcapng
"Oct 12, 2023 18:06:43.101120",0.001823,5,,,0x0002,227,,,,,,idle2.pcapng
"Oct 12, 2023 18:06:43.107239",0.006119,5,,,0x0002,5,,,,,,idle2.pcapng
"Oct 12, 2023 18:06:44.607079",1.499840,77,0x0000,0xffff,0x8841,228,0x0000,0xfffc,0x1209,,,idle2.pcapng
"Oct 12, 2023 18:06:44.917429",0.310350,77,0xe694,0xffff,0x8841,46,0xe694,0xfffc,0x1209,,,idle2.pcapng
"Oct 12, 2023 18:06:45.491091",0.573662,74,0xa209,0xffff,0x8841,6,0xa209,0xfffc,0x1209,,,idle2.pcapng
"Oct 12, 2023 18:06:45.883576",0.392485,71,0xc8f0,0xffff,0x8841,87,0xc8f0,0xfffc,0x1209,,,idle2.pcapng
"Oct 12, 2023 18:06:46.643143",0.759567,12,0x2cae,0x482d,0x8863,133,,,,,,idle2.pcapng
"Oct 12, 2023 18:06:46.643910",0.000767,5,,,0x0002,133,,,,,,idle2.pcapng
"Oct 12, 2023 18:06:51.706440",5.062530,12,0x2cae,0x482d,0x8863,134,,,,,,idle2.pcapng
"Oct 12, 2023 18:06:51.707207",0.000767,5,,,0x0002,134,,,,,,idle2.pcapng
"Oct 12, 2023 18:06:52.518984",0.811777,77,0xe5c4,0xffff,0x8841,193,0xe5c4,0xfffc,0x1209,,,idle2.pcapng
"Oct 12, 2023 18:06:52.953799",0.434815,77,0x054f,0xffff,0x8841,57,0x054f,0xfffc,0x1209,,,idle2.pcapng
"Oct 12, 2023 18:06:54.651290",1.697491,77,0x482d,0xffff,0x8841,212,0x482d,0xfffc,0x1209,,,idle2.pcapng
"Oct 12, 2023 18:06:55.478535",0.827245,68,0xebe5,0xffff,0x8841,66,0xebe5,0xfffc,0x1209,,,idle2.pcapng
"Oct 12, 2023 18:06:56.367044",0.888509,77,0x82eb,0xffff,0x8841,2,0x82eb,0xfffc,0x1209,,,idle2.pcapng
"Oct 12, 2023 18:06:56.706569",0.339525,12,0x2cae,0x482d,0x8863,135,,,,,,idle2.pcapng
"Oct 12, 2023 18:06:56.707336",0.000767,5,,,0x0002,135,,,,,,idle2.pcapng
"Oct 12, 2023 18:06:56.763519",0.056183,74,0x09ac,0xffff,0x8841,50,0x09ac,0xfffc,0x1209,,,idle2.pcapng
"Oct 12, 2023 18:06:57.210256",0.446737,74,0x6e5f,0xffff,0x8841,81,0x6e5f,0xfffc,0x1209,,,idle2.pcapng
"Oct 12, 2023 18:06:59.553716",2.343460,77,0x0000,0xffff,0x8841,229,0x0000,0xfffc,0x1209,,,idle2.pcapng
"Oct 12, 2023 18:06:59.938097",0.384381,77,0xe694,0xffff,0x8841,47,0xe694,0xfffc,0x1209,,,idle2.pcapng
"Oct 12, 2023 18:07:00.954180",1.016083,71,0xc8f0,0xffff,0x8841,88,0xc8f0,0xfffc,0x1209,,,idle2.pcapng
"Oct 12, 2023 18:07:01.768682",0.814502,12,0x2cae,0x482d,0x8863,136,,,,,,idle2.pcapng
"Oct 12, 2023 18:07:01.769450",0.000768,5,,,0x0002,136,,,,,,idle2.pcapng
"Oct 12, 2023 18:07:02.228235",0.458785,74,0xa209,0xffff,0x8841,7,0xa209,0xfffc,0x1209,,,idle2.pcapng
"Oct 12, 2023 18:07:06.831726",4.603491,12,0x2cae,0x482d,0x8863,137,,,,,,idle2.pcapng
"Oct 12, 2023 18:07:06.832493",0.000767,5,,,0x0002,137,,,,,,idle2.pcapng
"Oct 12, 2023 18:07:09.441670",2.609177,77,0xe5c4,0xffff,0x8841,194,0xe5c4,0xfffc,0x1209,,,idle2.pcapng
"Oct 12, 2023 18:07:10.234301",0.792631,77,0x054f,0xffff,0x8841,58,0x054f,0xfffc,0x1209,,,idle2.pcapng
"Oct 12, 2023 18:07:10.464146",0.229845,68,0xebe5,0xffff,0x8841,67,0xebe5,0xfffc,0x1209,,,idle2.pcapng
"Oct 12, 2023 18:07:11.353952",0.889806,77,0x82eb,0xffff,0x8841,3,0x82eb,0xfffc,0x1209,,,idle2.pcapng
"Oct 12, 2023 18:07:11.391571",0.037619,74,0x09ac,0xffff,0x8841,51,0x09ac,0xfffc,0x1209,,,idle2.pcapng
"Oct 12, 2023 18:07:11.526704",0.135133,77,0x482d,0xffff,0x8841,213,0x482d,0xfffc,0x1209,,,idle2.pcapng
"Oct 12, 2023 18:07:11.830383",0.303679,12,0x2cae,0x482d,0x8863,138,,,,,,idle2.pcapng
"Oct 12, 2023 18:07:11.831150",0.000767,5,,,0x0002,138,,,,,,idle2.pcapng
"Oct 12, 2023 18:07:12.197769",0.366619,74,0x6e5f,0xffff,0x8841,82,0x6e5f,0xfffc,0x1209,,,idle2.pcapng
"Oct 12, 2023 18:07:12.853960",,52,,,,,,,,,,idle2.pcapng
"Oct 12, 2023 18:07:12.855976",0.002016,5,,,0x0002,230,,,,,,idle2.pcapng
"Oct 12, 2023 18:07:12.864271",,63,,,,,,,,,,idle2.pcapng
"Oct 12, 2023 18:07:12.866670",0.002399,5,,,0x0002,48,,,,,,idle2.pcapng
"Oct 12, 2023 18:07:12.888517",,52,,,,,,,,,,idle2.pcapng
"Oct 12, 2023 18:07:12.890533",0.002016,5,,,0x0002,231,,,,,,idle2.pcapng
"Oct 12, 2023 18:07:12.898437",,63,,,,,,,,,,idle2.pcapng
"Oct 12, 2023 18:07:12.900836",0.002399,5,,,0x0002,83,,,,,,idle2.pcapng
"Oct 12, 2023 18:07:12.901781",,45,,,,,,,,,,idle2.pcapng
"Oct 12, 2023 18:07:12.903575",0.001794,5,,,0x0002,232,,,,,,idle2.pcapng
"Oct 12, 2023 18:07:12.922300",,54,,,,,,,,,,idle2.pcapng
"Oct 12, 2023 18:07:12.924370",0.002070,5,,,0x0002,233,,,,,,idle2.pcapng
"Oct 12, 2023 18:07:12.932301",,66,,,,,,,,,,idle2.pcapng
"Oct 12, 2023 18:07:12.934796",0.002495,5,,,0x0002,49,,,,,,idle2.pcapng
"Oct 12, 2023 18:07:12.935607",,45,,,,,,,,,,idle2.pcapng
"Oct 12, 2023 18:07:12.937400",0.001793,5,,,0x0002,234,,,,,,idle2.pcapng
"Oct 12, 2023 18:07:12.960568",,54,,,,,,,,,,idle2.pcapng
"Oct 12, 2023 18:07:12.962648",0.002080,5,,,0x0002,235,,,,,,idle2.pcapng
"Oct 12, 2023 18:07:12.973071",0.010423,5,,,0x0002,84,,,,,,idle2.pcapng
"Oct 12, 2023 18:07:12.981020",,54,,,,,,,,,,idle2.pcapng
"Oct 12, 2023 18:07:12.983131",0.002111,5,,,0x0002,236,,,,,,idle2.pcapng
"Oct 12, 2023 18:07:12.987891",,54,,,,,,,,,,idle2.pcapng
"Oct 12, 2023 18:07:12.989970",0.002079,5,,,0x0002,8,,,,,,idle2.pcapng
"Oct 12, 2023 18:07:12.994483",,45,,,,,,,,,,idle2.pcapng
"Oct 12, 2023 18:07:12.996275",0.001792,5,,,0x0002,237,,,,,,idle2.pcapng
"Oct 12, 2023 18:07:12.997927",,66,,,,,,,,,,idle2.pcapng
"Oct 12, 2023 18:07:13.000422",0.002495,5,,,0x0002,89,,,,,,idle2.pcapng
"Oct 12, 2023 18:07:13.006096",,52,,,,,,,,,,idle2.pcapng
"Oct 12, 2023 18:07:13.008144",0.002048,5,,,0x0002,238,,,,,,idle2.pcapng
"Oct 12, 2023 18:07:13.010593",,52,,,,,,,,,,idle2.pcapng
"Oct 12, 2023 18:07:13.012608",0.002015,5,,,0x0002,9,,,,,,idle2.pcapng
"Oct 12, 2023 18:07:13.021004",,63,,,,,,,,,,idle2.pcapng
"Oct 12, 2023 18:07:13.023403",0.002399,5,,,0x0002,90,,,,,,idle2.pcapng
"Oct 12, 2023 18:07:13.028663",,45,,,,,,,,,,idle2.pcapng
"Oct 12, 2023 18:07:13.030458",0.001795,5,,,0x0002,239,,,,,,idle2.pcapng
"Oct 12, 2023 18:07:13.040885",,45,,,,,,,,,,idle2.pcapng
"Oct 12, 2023 18:07:13.042709",0.001824,5,,,0x0002,240,,,,,,idle2.pcapng
"Oct 12, 2023 18:07:13.046025",,45,,,,,,,,,,idle2.pcapng
"Oct 12, 2023 18:07:13.047818",0.001793,5,,,0x0002,10,,,,,,idle2.pcapng
"Oct 12, 2023 18:07:13.049039",,45,,,,,,,,,,idle2.pcapng
"Oct 12, 2023 18:07:13.050862",0.001823,5,,,0x0002,241,,,,,,idle2.pcapng
"Oct 12, 2023 18:07:13.054838",,45,,,,,,,,,,idle2.pcapng
"Oct 12, 2023 18:07:13.056630",0.001792,5,,,0x0002,11,,,,,,idle2.pcapng
"Oct 12, 2023 18:07:14.989904",1.933274,77,0xe694,0xffff,0x8841,50,0xe694,0xfffc,0x1209,,,idle2.pcapng
"Oct 12, 2023 18:07:15.928163",0.938259,102,0xc8f0,0xffff,0x8866,91,,,,,,idle2.pcapng
"Oct 12, 2023 18:07:16.893334",0.965171,12,0x2cae,0x482d,0x8863,139,,,,,,idle2.pcapng
"Oct 12, 2023 18:07:16.894101",0.000767,5,,,0x0002,139,,,,,,idle2.pcapng
"Oct 12, 2023 18:07:17.540960",0.646859,77,0x0000,0xffff,0x8841,242,0x0000,0xfffc,0x1209,,,idle2.pcapng
"Oct 12, 2023 18:07:18.591062",1.050102,74,0xa209,0xffff,0x8841,12,0xa209,0xfffc,0x1209,,,idle2.pcapng
"Oct 12, 2023 18:07:21.780574",,83,,,,,,,,,,idle2.pcapng
"Oct 12, 2023 18:07:21.783581",0.003007,5,,,0x0002,126,,,,,,idle2.pcapng
"Oct 12, 2023 18:07:21.787821",,83,,,,,,,,,,idle2.pcapng
"Oct 12, 2023 18:07:21.790860",0.003039,5,,,0x0002,51,,,,,,idle2.pcapng
"Oct 12, 2023 18:07:21.893458",0.102598,12,0x2cae,0x482d,0x8863,140,,,,,,idle2.pcapng
"Oct 12, 2023 18:07:21.894225",0.000767,5,,,0x0002,140,,,,,,idle2.pcapng
"Oct 12, 2023 18:07:22.294736",0.400511,12,0x772c,0xe694,0x8863,127,,,,,,idle2.pcapng
"Oct 12, 2023 18:07:22.295474",0.000738,5,,,0x0002,127,,,,,,idle2.pcapng
"Oct 12, 2023 18:07:25.319636",3.024162,107,0x054f,0xffff,0x886b,59,,,,,,idle2.pcapng
"Oct 12, 2023 18:07:25.539235",0.219599,68,0xebe5,0xffff,0x8841,68,0xebe5,0xfffc,0x1209,,,idle2.pcapng
"Oct 12, 2023 18:07:26.357501",0.818266,77,0x82eb,0xffff,0x8841,4,0x82eb,0xfffc,0x1209,,,idle2.pcapng
"Oct 12, 2023 18:07:26.635153",0.277652,77,0xe5c4,0xffff,0x8841,195,0xe5c4,0xfffc,0x1209,,,idle2.pcapng
"Oct 12, 2023 18:07:26.960067",0.324914,12,0x2327,0xb26e,0x8863,141,,,,,,idle2.pcapng
"Oct 12, 2023 18:07:27.231350",0.271283,108,0x6e5f,0xffff,0x886c,102,,,,,,idle2.pcapng
"Oct 12, 2023 18:07:28.352666",1.121316,74,0x09ac,0xffff,0x8841,52,0x09ac,0xfffc,0x1209,,,idle2.pcapng
"Oct 12, 2023 18:07:29.917867",1.565201,77,0xe694,0xffff,0x8841,52,0xe694,0xfffc,0x1209,,,idle2.pcapng
"Oct 12, 2023 18:07:32.020159",2.102292,12,0x2cae,0x482d,0x8863,142,,,,,,idle2.pcapng
"Oct 12, 2023 18:07:34.107185",2.087026,98,0xa209,0xffff,0x8862,13,,,,,,idle2.pcapng
"Oct 12, 2023 18:07:35.175100",1.067915,77,0x0000,0xffff,0x8841,243,0x0000,0xfffc,0x1209,,,idle2.pcapng
"Oct 12, 2023 18:07:35.315919",,50,,,,,,,,,,idle2.pcapng
"Oct 12, 2023 18:07:35.317903",0.001984,5,,,0x0002,244,,,,,,idle2.pcapng
"Oct 12, 2023 18:07:35.323234",0.005331,55,0xa209,0x0000,0x8861,14,0xa209,0x0000,0x1a09,,,idle2.pcapng
"Oct 12, 2023 18:07:35.325377",0.002143,5,,,0x0002,14,,,,,,idle2.pcapng
"Oct 12, 2023 18:07:35.369407",,53,,,,,,,,,,idle2.pcapng
"Oct 12, 2023 18:07:35.371485",0.002078,5,,,0x0002,15,,,,,,idle2.pcapng
"Oct 12, 2023 18:07:35.411192",,50,,,,,,,,,,idle2.pcapng
"Oct 12, 2023 18:07:35.413175",0.001983,5,,,0x0002,245,,,,,,idle2.pcapng
"Oct 12, 2023 18:07:35.416615",0.003440,55,0xa209,0x0000,0x8861,16,0xa209,0x0000,0x1a09,,,idle2.pcapng
"Oct 12, 2023 18:07:35.418758",0.002143,5,,,0x0002,16,,,,,,idle2.pcapng
"Oct 12, 2023 18:07:35.466439",,53,,,,,,,,,,idle2.pcapng
"Oct 12, 2023 18:07:35.468518",0.002079,5,,,0x0002,17,,,,,,idle2.pcapng
"Oct 12, 2023 18:07:37.019064",1.550546,12,0x2cae,0x482d,0x8863,143,,,,,,idle2.pcapng
"Oct 12, 2023 18:07:37.019831",0.000767,5,,,0x0002,143,,,,,,idle2.pcapng
"Oct 12, 2023 18:07:39.351420",,50,,,,,,,,,,idle2.pcapng
"Oct 12, 2023 18:07:39.353403",0.001983,5,,,0x0002,246,,,,,,idle2.pcapng
"Oct 12, 2023 18:07:39.357382",0.003979,55,0xe5c4,0x0000,0x8861,196,0xe5c4,0x0000,0x1a09,,,idle2.pcapng
"Oct 12, 2023 18:07:39.359524",0.002142,5,,,0x0002,196,,,,,,idle2.pcapng
"Oct 12, 2023 18:07:39.406211",,53,,,,,,,,,,idle2.pcapng
"Oct 12, 2023 18:07:39.408290",0.002079,5,,,0x0002,197,,,,,,idle2.pcapng
"Oct 12, 2023 18:07:39.448159",,50,,,,,,,,,,idle2.pcapng
"Oct 12, 2023 18:07:39.450142",0.001983,5,,,0x0002,247,,,,,,idle2.pcapng
"Oct 12, 2023 18:07:39.453591",0.003449,55,0xe5c4,0x0000,0x8861,198,0xe5c4,0x0000,0x1a09,,,idle2.pcapng
"Oct 12, 2023 18:07:39.455734",0.002143,5,,,0x0002,198,,,,,,idle2.pcapng
"Oct 12, 2023 18:07:39.503665",,53,,,,,,,,,,idle2.pcapng
"Oct 12, 2023 18:07:39.505744",0.002079,5,,,0x0002,199,,,,,,idle2.pcapng
"Oct 12, 2023 18:07:39.849384",0.343640,77,0x054f,0xffff,0x8841,60,0x054f,0xfffc,0x1209,,,idle2.pcapng
"Oct 12, 2023 18:07:40.958170",1.108786,77,0xe5c4,0xffff,0x8841,200,0xe5c4,0xfffc,0x1209,,,idle2.pcapng
"Oct 12, 2023 18:07:41.367770",0.409600,77,0x82eb,0xffff,0x8841,5,0x82eb,0xfffc,0x1209,,,idle2.pcapng
"Oct 12, 2023 18:07:42.051176",0.683406,12,0x2cae,0x482d,0x8863,144,,,,,,idle2.pcapng
"Oct 12, 2023 18:07:42.194239",0.143063,74,0x6e5f,0xffff,0x8841,86,0x6e5f,0xfffc,0x1209,,,idle2.pcapng
"Oct 12, 2023 18:07:42.880553",,52,,,,,,,,,,idle2.pcapng
"Oct 12, 2023 18:07:42.882570",0.002017,5,,,0x0002,248,,,,,,idle2.pcapng
"Oct 12, 2023 18:07:42.890762",,63,,,,,,,,,,idle2.pcapng
"Oct 12, 2023 18:07:42.893161",0.002399,5,,,0x0002,53,,,,,,idle2.pcapng
"Oct 12, 2023 18:07:42.907774",,52,,,,,,,,,,idle2.pcapng
"Oct 12, 2023 18:07:42.909789",0.002015,5,,,0x0002,249,,,,,,idle2.pcapng
"Oct 12, 2023 18:07:42.917706",,63,,,,,,,,,,idle2.pcapng
"Oct 12, 2023 18:07:42.920105",0.002399,5,,,0x0002,87,,,,,,idle2.pcapng
"Oct 12, 2023 18:07:42.934938",,54,,,,,,,,,,idle2.pcapng
"Oct 12, 2023 18:07:42.937018",0.002080,5,,,0x0002,250,,,,,,idle2.pcapng
"Oct 12, 2023 18:07:42.945256",,66,,,,,,,,,,idle2.pcapng
"Oct 12, 2023 18:07:42.947751",0.002495,5,,,0x0002,54,,,,,,idle2.pcapng
"Oct 12, 2023 18:07:42.954159",,54,,,,,,,,,,idle2.pcapng
"Oct 12, 2023 18:07:42.956230",0.002071,5,,,0x0002,251,,,,,,idle2.pcapng
"Oct 12, 2023 18:07:42.972290",,45,,,,,,,,,,idle2.pcapng
"Oct 12, 2023 18:07:42.974082",0.001792,5,,,0x0002,252,,,,,,idle2.pcapng
"Oct 12, 2023 18:07:43.007261",,54,,,,,,,,,,idle2.pcapng
"Oct 12, 2023 18:07:43.010300",,54,,,,,,,,,,idle2.pcapng
"Oct 12, 2023 18:07:43.013367",0.003067,54,0x0000,0xa209,0x8861,253,,,,,,idle2.pcapng
"Oct 12, 2023 18:07:43.016434",,54,,,,,,,,,,idle2.pcapng
"Oct 12, 2023 18:07:43.019801",0.003367,54,0xa209,0xc8f0,0x8861,18,,,,,,idle2.pcapng
"Oct 12, 2023 18:07:43.025203",0.005402,54,0xa209,0xc8f0,0x8861,18,,,,,,idle2.pcapng
"Oct 12, 2023 18:07:43.038696",,45,,,,,,,,,,idle2.pcapng
"Oct 12, 2023 18:07:43.041734",0.003038,45,0x0000,0x6e5f,0x8861,254,,,,,,idle2.pcapng
"Oct 12, 2023 18:07:43.044800",,45,,,,,,,,,,idle2.pcapng
"Oct 12, 2023 18:07:43.047939",0.003139,45,0x0000,0x6e5f,0x8861,254,,,,,,idle2.pcapng
"Oct 12, 2023 18:07:43.054801",,54,,,,,,,,,,idle2.pcapng
"Oct 12, 2023 18:07:43.068556",,52,,,,,,,,,,idle2.pcapng
"Oct 12, 2023 18:07:43.074579",,52,,,,,,,,,,idle2.pcapng
"Oct 12, 2023 18:07:43.078203",,52,,,,,,,,,,idle2.pcapng
"Oct 12, 2023 18:07:43.080250",0.002047,5,,,,,,,,,,idle2.pcapng
"Oct 12, 2023 18:07:43.086038",0.005788,5,,,0x0002,19,,,,,,idle2.pcapng
"Oct 12, 2023 18:07:43.104527",0.018489,45,0x0000,0xe694,0x8861,80,,,,,,idle2.pcapng
"Oct 12, 2023 18:07:43.107405",,45,,,,,,,,,,idle2.pcapng
"Oct 12, 2023 18:07:43.109198",0.001793,5,,,0x0002,0,,,,,,idle2.pcapng
"Oct 12, 2023 18:07:43.126448",,54,,,,,,,,,,idle2.pcapng
"Oct 12, 2023 18:07:43.128559",0.002111,5,,,,,,,,,,idle2.pcapng
"Oct 12, 2023 18:07:43.144336",,66,,,,,,,,,,idle2.pcapng
"Oct 12, 2023 18:07:43.146830",0.002494,5,,,0x0002,96,,,,,,idle2.pcapng
"Oct 12, 2023 18:07:43.163410",0.016580,45,0x0000,0x6e5f,0x8861,2,,,,,,idle2.pcapng
"Oct 12, 2023 18:07:43.165136",0.001726,63,0xc8f0,0x0000,0x8861,97,,,,,,idle2.pcapng
"Oct 12, 2023 18:07:43.168814",,45,,,,,,,,,,idle2.pcapng
"Oct 12, 2023 18:07:43.170397",0.001583,63,0xc8f0,0x0000,0x8861,97,,,,,,idle2.pcapng
"Oct 12, 2023 18:07:43.175452",,66,,,,,,,,,,idle2.pcapng
"Oct 12, 2023 18:07:43.177947",0.002495,5,,,0x0002,98,,,,,,idle2.pcapng
"Oct 12, 2023 18:07:43.191756",0.013809,5,,,0x0002,99,,,,,,idle2.pcapng
"Oct 12, 2023 18:07:43.203217",,45,,,,,,,,,,idle2.pcapng
"Oct 12, 2023 18:07:43.205988",0.002771,45,0x0000,0xa209,0x8861,3,,,,,,idle2.pcapng
"Oct 12, 2023 18:07:43.208869",,45,,,,,,,,,,idle2.pcapng
"Oct 12, 2023 18:07:43.211522",,45,,,,,,,,,,idle2.pcapng
"Oct 12, 2023 18:07:43.231979",0.020457,45,0x0000,0xa209,0x8861,4,,,,,,idle2.pcapng
"Oct 12, 2023 18:07:43.233973",0.001994,45,,,0x2671,23,,,,,,idle2.pcapng
"Oct 12, 2023 18:07:43.238241",0.004268,5,,,0x0002,4,,,,,,idle2.pcapng
"Oct 12, 2023 18:07:43.254812",,45,,,,,,,,,,idle2.pcapng
"Oct 12, 2023 18:07:43.278391",0.023579,63,0xc8f0,0x0005,0x8861,100,,,,,,idle2.pcapng
"Oct 12, 2023 18:07:43.282367",,45,,,,,,,,,,idle2.pcapng
"Oct 12, 2023 18:07:43.291205",0.008838,5,,,0x0002,100,,,,,,idle2.pcapng
"Oct 12, 2023 18:07:43.296719",,45,,,,,,,,,,idle2.pcapng
"Oct 12, 2023 18:07:43.324114",,45,,,,,,,,,,idle2.pcapng
"Oct 12, 2023 18:07:43.332770",,45,,,,,,,,,,idle2.pcapng
"Oct 12, 2023 18:07:43.334594",0.001824,5,,,0x0002,6,,,,,,idle2.pcapng
"Oct 12, 2023 18:07:43.342310",,45,,,,,,,,,,idle2.pcapng
"Oct 12, 2023 18:07:43.354045",,50,,,,,,,,,,idle2.pcapng
"Oct 12, 2023 18:07:43.360731",0.006686,50,0xa209,0xc8f0,0x8861,24,,,,,,idle2.pcapng
"Oct 12, 2023 18:07:43.362677",0.001946,5,,,0x0002,24,,,,,,idle2.pcapng
"Oct 12, 2023 18:07:43.370888",,50,,,,,,,,,,idle2.pcapng
"Oct 12, 2023 18:07:43.376897",0.006009,45,0xc8f0,0x7235,0x8861,101,,,,,,idle2.pcapng
"Oct 12, 2023 18:07:43.383617",,45,,,,,,,,,,idle2.pcapng
"Oct 12, 2023 18:07:43.385440",0.001823,5,,,0x0002,101,,,,,,idle2.pcapng
"Oct 12, 2023 18:07:43.388119",,57,,,,,,,,,,idle2.pcapng
"Oct 12, 2023 18:07:43.390326",0.002207,5,,,0x0002,102,,,,,,idle2.pcapng
"Oct 12, 2023 18:07:43.426828",,45,,,,,,,,,,idle2.pcapng
"Oct 12, 2023 18:07:43.428651",0.001823,107,,,0x366b,97,,,,,,idle2.pcapng
"Oct 12, 2023 18:07:43.432947",,45,,,,,,,,,,idle2.pcapng
"Oct 12, 2023 18:07:43.435813",,45,,,,,,,,,,idle2.pcapng
"Oct 12, 2023 18:07:43.437620",0.001807,5,,,0x0002,246,,,,,,idle2.pcapng
"Oct 12, 2023 18:07:43.465530",0.027910,59,0x0000,0xffff,0x8841,10,0x0000,0xfffc,0x1209,,,idle2.pcapng
"Oct 12, 2023 18:07:43.471364",0.005834,45,0xc8f0,0x0000,0x8861,103,0xc8f0,0x0000,0x0209,,,idle2.pcapng
"Oct 12, 2023 18:07:43.473186",0.001822,5,,,0x0002,103,,,,,,idle2.pcapng
"Oct 12, 2023 18:07:43.482570",0.009384,59,0x82eb,0xffff,0x8841,6,0x0000,0xfffc,0x1209,,,idle2.pcapng
"Oct 12, 2023 18:07:43.519858",0.037288,59,0xe694,0xffff,0x8841,55,0x0000,0xfffc,0x1209,,,idle2.pcapng
"Oct 12, 2023 18:07:43.525086",0.005228,59,0x09ac,0xffff,0x8841,53,0x0000,0xfffc,0x1209,,,idle2.pcapng
"Oct 12, 2023 18:07:43.577136",0.052050,59,0xe5c4,0xffff,0x8841,201,0x0000,0xfffc,0x1209,,,idle2.pcapng
"Oct 12, 2023 18:07:43.588138",0.011002,59,0x482d,0xffff,0x8841,215,,,,,,idle2.pcapng
"Oct 12, 2023 18:07:43.598724",0.010586,57,0xc8f0,0x0000,0x8861,104,,,,,,idle2.pcapng
"Oct 12, 2023 18:07:43.604125",0.005401,59,0x054f,0xffff,0x8841,61,,,,,,idle2.pcapng
"Oct 12, 2023 18:07:43.633048",,50,,,,,,,,,,idle2.pcapng
"Oct 12, 2023 18:07:43.636183",,50,,,,,,,,,,idle2.pcapng
"Oct 12, 2023 18:07:43.638129",0.001946,5,,,0x0002,11,,,,,,idle2.pcapng
"Oct 12, 2023 18:07:43.647989",,45,,,,,,,,,,idle2.pcapng
"Oct 12, 2023 18:07:43.649812",0.001823,5,,,0x0002,105,,,,,,idle2.pcapng
"Oct 12, 2023 18:07:43.773974",0.124162,59,0xe694,0xffff,0x8841,56,0x0000,0xfffc,0x1209,,,idle2.pcapng
"Oct 12, 2023 18:07:43.788542",0.014568,59,0x81db,0xffff,0x8841,7,,,,,,idle2.pcapng
"Oct 12, 2023 18:07:43.804298",0.015756,59,0x0000,0xffff,0x8841,12,,,,,,idle2.pcapng
"Oct 12, 2023 18:07:43.876092",0.071794,59,0x054f,0xffff,0x8841,62,0x0000,0xfffc,0x1209,,,idle2.pcapng
"Oct 12, 2023 18:07:43.895049",0.018957,59,0xe5c4,0xffff,0x8841,202,0x0000,0xfffc,0x1209,,,idle2.pcapng
"Oct 12, 2023 18:07:43.931678",0.036629,59,0xebe5,0xffff,0x8841,71,0x0000,0xfffc,0x1209,,,idle2.pcapng
"Oct 12, 2023 18:07:43.946419",0.014741,59,0x482d,0xffff,0x8841,216,0x0000,0xfffc,0x1209,,,idle2.pcapng
"Oct 12, 2023 18:07:43.981879",0.035460,59,0xa209,0xffff,0x8841,27,0x0000,0xfffc,0x1209,,,idle2.pcapng
"Oct 12, 2023 18:07:44.006286",0.024407,5,,,0x0002,28,,,,,,idle2.pcapng
"Oct 12, 2023 18:07:44.028002",0.021716,59,0xe694,0xffff,0x8841,57,0x0000,0xfffc,0x1209,,,idle2.pcapng
"Oct 12, 2023 18:07:44.132474",0.104472,59,0x0000,0xffff,0x8841,13,0x0000,0xfffc,0x1209,,,idle2.pcapng
"Oct 12, 2023 18:07:44.199661",0.067187,59,0x09ac,0xffff,0x8841,56,0x0000,0xfffc,0x1209,,,idle2.pcapng
"Oct 12, 2023 18:07:44.214028",0.014367,59,0x054f,0xffff,0x8841,63,,,,,,idle2.pcapng
"Oct 12, 2023 18:07:44.443056",0.229028,59,0x0000,0xffff,0x8841,14,0x0000,0xfffc,0x1209,,,idle2.pcapng
"Oct 12, 2023 18:07:44.935561",0.492505,77,0xe694,0xffff,0x8841,58,0xe694,0xfffc,0x1209,,,idle2.pcapng
"Oct 12, 2023 18:07:45.114000",,63,,,,,,,,,,idle2.pcapng
"Oct 12, 2023 18:07:45.116399",0.002399,5,,,0x0002,95,,,,,,idle2.pcapng
"Oct 12, 2023 18:07:45.132267",0.015868,59,0x0000,0xffff,0x8841,15,0x0000,0xfffc,0x1209,,,idle2.pcapng
"Oct 12, 2023 18:07:45.144041",0.011774,59,,,0xe841,64,,,,,,idle2.pcapng
"Oct 12, 2023 18:07:45.167615",0.023574,59,0x82eb,0xffff,0x8841,8,0x0000,0xfffc,0x1209,,,idle2.pcapng
"Oct 12, 2023 18:07:45.208397",0.040782,59,0xe694,0xffff,0x8841,59,0x0000,0xfffc,0x1209,,,idle2.pcapng
"Oct 12, 2023 18:07:45.462554",0.254157,59,0x0000,0xffff,0x8841,16,0x0000,0xfffc,0x1209,,,idle2.pcapng
"Oct 12, 2023 18:07:45.499954",0.037400,59,0xe5c4,0xffff,0x8841,205,0x0000,0xfffc,0x1209,,,idle2.pcapng
"Oct 12, 2023 18:07:45.506131",0.006177,59,0xb0ef,0xffff,0x8841,65,,,,,,idle2.pcapng
"Oct 12, 2023 18:07:45.615425",0.109294,59,0x482d,0xffff,0x8841,220,,,,,,idle2.pcapng
"Oct 12, 2023 18:07:45.716645",0.101220,59,0xe694,0xffff,0x8841,61,0x0000,0xfffc,0x1209,,,idle2.pcapng
"Oct 12, 2023 18:07:45.845522",0.128877,59,0x0000,0xffff,0x8841,17,0x0000,0xfffc,0x1209,,,idle2.pcapng
"Oct 12, 2023 18:07:45.989000",0.143478,59,0x09ac,0xffff,0x8841,59,,,,,,idle2.pcapng
"Oct 12, 2023 18:07:46.023102",0.034102,59,0x6209,0xffff,0x8841,32,,,,,,idle2.pcapng
"Oct 12, 2023 18:07:46.111833",0.088731,59,0x0000,0xffff,0x8841,18,0x0000,0xfffc,0x1209,,,idle2.pcapng
"Oct 12, 2023 18:07:46.195029",0.083196,59,0xc8f0,0xffff,0x8841,111,0x0000,0xfffc,0x1209,,,idle2.pcapng
"Oct 12, 2023 18:07:46.301994",0.106965,59,0xa209,0xffff,0x8841,33,0x0000,0xfffc,0x1209,,,idle2.pcapng
"Oct 12, 2023 18:07:46.351241",0.049247,59,0x09ac,0xffff,0x8841,60,0x0000,0xfffc,0x1209,,,idle2.pcapng
"Oct 12, 2023 18:07:46.406256",0.055015,59,0x482d,0xffff,0x8841,222,0x0000,0xfffc,0x1209,,,idle2.pcapng
"Oct 12, 2023 18:07:46.679731",0.273475,59,0x09ac,0xffff,0x8841,61,0x0000,0xfffc,0x1209,,,idle2.pcapng
"Oct 12, 2023 18:07:46.735610",0.055879,59,0x482d,0xffff,0x8841,223,0x0000,0xfffc,0x1209,,,idle2.pcapng
"Oct 12, 2023 18:07:47.113488",0.377878,12,0x25fd,0xd696,0x8863,145,,,,,,idle2.pcapng
"Oct 12, 2023 18:07:47.114255",0.000767,5,,,0x0002,145,,,,,,idle2.pcapng
"Oct 12, 2023 18:07:48.124800",1.010545,63,0x6e5f,0x0000,0x8861,97,,,,,,idle2.pcapng
"Oct 12, 2023 18:07:48.130084",,63,,,,,,,,,,idle2.pcapng
"Oct 12, 2023 18:07:48.132483",0.002399,5,,,0x0002,97,,,,,,idle2.pcapng
"Oct 12, 2023 18:07:49.670353",1.537870,74,0xa209,0xffff,0x8841,34,0xa209,0xfffc,0x1209,,,idle2.pcapng
"Oct 12, 2023 18:07:51.553966",1.883613,77,0x0000,0xffff,0x8841,19,0x0000,0xfffc,0x1209,,,idle2.pcapng
"Oct 12, 2023 18:07:52.114927",0.560961,12,0x2cae,0x482d,0x8863,146,,,,,,idle2.pcapng
"Oct 12, 2023 18:07:52.115694",0.000767,5,,,0x0002,146,,,,,,idle2.pcapng
"Oct 12, 2023 18:07:56.355554",4.239860,107,0x82eb,0xffff,0x886b,11,,,,,,idle2.pcapng
"Oct 12, 2023 18:07:56.506063",0.150509,77,0x054f,0xffff,0x8841,67,0x054f,0xfffc,0x1209,,,idle2.pcapng
"Oct 12, 2023 18:07:56.557682",0.051619,77,0xe5c4,0xffff,0x8841,207,0xe5c4,0xfffc,0x1209,,,idle2.pcapng
"Oct 12, 2023 18:07:57.177773",0.620091,12,0x2cae,0x482d,0x8863,147,,,,,,idle2.pcapng
"Oct 12, 2023 18:07:59.985835",2.808062,77,0xe694,0xffff,0x8841,62,0xe694,0xfffc,0x1209,,,idle2.pcapng
"Oct 12, 2023 18:08:02.226436",2.240601,12,0x2cae,0x482d,0x8863,148,,,,,,idle2.pcapng
"Oct 12, 2023 18:08:02.227203",0.000767,5,,,0x0002,148,,,,,,idle2.pcapng
"Oct 12, 2023 18:08:03.404953",1.177750,77,0x482d,0xffff,0x8841,224,0x482d,0xfffc,0x1209,,,idle2.pcapng
"Oct 12, 2023 18:08:04.933001",1.528048,98,0xa209,0xffff,0x8862,35,,,,,,idle2.pcapng
"Oct 12, 2023 18:08:05.216004",,52,,,,,,,,,,idle2.pcapng
"Oct 12, 2023 18:08:05.218051",0.002047,5,,,0x0002,68,,,,,,idle2.pcapng
"Oct 12, 2023 18:08:05.231417",,45,,,,,,,,,,idle2.pcapng
"Oct 12, 2023 18:08:05.233208",0.001791,5,,,0x0002,20,,,,,,idle2.pcapng
"Oct 12, 2023 18:08:05.236984",,45,,,,,,,,,,idle2.pcapng
"Oct 12, 2023 18:08:05.238793",0.001809,5,,,0x0002,63,,,,,,idle2.pcapng
"Oct 12, 2023 18:08:05.257508",,50,,,,,,,,,,idle2.pcapng
"Oct 12, 2023 18:08:05.259460",0.001952,5,,,0x0002,21,,,,,,idle2.pcapng
"Oct 12, 2023 18:08:05.263313",,50,,,,,,,,,,idle2.pcapng
"Oct 12, 2023 18:08:05.265282",0.001969,5,,,0x0002,64,,,,,,idle2.pcapng
"Oct 12, 2023 18:08:05.268490",,45,,,,,,,,,,idle2.pcapng
"Oct 12, 2023 18:08:05.270312",0.001822,5,,,0x0002,69,,,,,,idle2.pcapng
"Oct 12, 2023 18:08:06.005587",,52,,,,,,,,,,idle2.pcapng
"Oct 12, 2023 18:08:06.007634",0.002047,5,,,0x0002,70,,,,,,idle2.pcapng
"Oct 12, 2023 18:08:06.034638",,45,,,,,,,,,,idle2.pcapng
"Oct 12, 2023 18:08:06.036429",0.001791,5,,,0x0002,22,,,,,,idle2.pcapng
"Oct 12, 2023 18:08:06.040225",,45,,,,,,,,,,idle2.pcapng
"Oct 12, 2023 18:08:06.042034",0.001809,5,,,0x0002,65,,,,,,idle2.pcapng
"Oct 12, 2023 18:08:06.061777",0.019743,50,0x0000,0xe694,0x8861,23,,,,,,idle2.pcapng
"Oct 12, 2023 18:08:06.063730",0.001953,5,,,0x0002,23,,,,,,idle2.pcapng
"Oct 12, 2023 18:08:06.067716",,50,,,,,,,,,,idle2.pcapng
"Oct 12, 2023 18:08:06.069685",0.001969,5,,,0x0002,66,,,,,,idle2.pcapng
"Oct 12, 2023 18:08:06.076751",,45,,,,,,,,,,idle2.pcapng
"Oct 12, 2023 18:08:06.078573",0.001822,5,,,0x0002,71,,,,,,idle2.pcapng
"Oct 12, 2023 18:08:07.240214",1.161641,12,0x2cae,0x482d,0x8863,149,,,,,,idle2.pcapng
"Oct 12, 2023 18:08:07.240981",0.000767,5,,,0x0002,149,,,,,,idle2.pcapng
"Oct 12, 2023 18:08:07.723503",,63,,,,,,,,,,idle2.pcapng
"Oct 12, 2023 18:08:07.725902",0.002399,5,,,0x0002,100,,,,,,idle2.pcapng
"Oct 12, 2023 18:08:07.775879",0.049977,59,0x0000,0xffff,0x8841,24,0x0000,0xfffc,0x1209,,,idle2.pcapng
"Oct 12, 2023 18:08:07.781817",0.005938,45,0x6e5f,0x0000,0x8861,101,0x6e5f,0x0000,0x0209,,,idle2.pcapng
"Oct 12, 2023 18:08:07.783639",0.001822,5,,,0x0002,101,,,,,,idle2.pcapng
"Oct 12, 2023 18:08:07.784391",0.000752,59,0x82eb,0xffff,0x8841,12,0x0000,0xfffc,0x1209,,,idle2.pcapng
"Oct 12, 2023 18:08:07.787524",0.003133,59,0xe5c4,0xffff,0x8841,208,0x0000,0xfffc,0x1209,,,idle2.pcapng
"Oct 12, 2023 18:08:07.814129",0.026605,59,0xa209,0xffff,0x8841,36,0x0000,0xfffc,0x1209,,,idle2.pcapng
"Oct 12, 2023 18:08:07.816521",0.002392,59,0x054f,0xffff,0x8841,72,0x0000,0xfffc,0x1209,,,idle2.pcapng
"Oct 12, 2023 18:08:07.873378",0.056857,59,0x482d,0xffff,0x8841,225,0x0000,0xfffc,0x1209,,,idle2.pcapng
"Oct 12, 2023 18:08:07.878777",0.005399,59,0x09ac,0xffff,0x8841,63,,,,,,idle2.pcapng
"Oct 12, 2023 18:08:07.924093",0.045316,63,0x6e5f,0x0000,0x8861,102,,,,,,idle2.pcapng
"Oct 12, 2023 18:08:07.926492",0.002399,5,,,0x0002,102,,,,,,idle2.pcapng
"Oct 12, 2023 18:08:07.970306",0.043814,59,0xe694,0xffff,0x8841,67,0x0000,0xfffc,0x1209,,,idle2.pcapng
"Oct 12, 2023 18:08:07.982827",,50,,,,,,,,,,idle2.pcapng
"Oct 12, 2023 18:08:07.984779",0.001952,5,,,0x0002,25,,,,,,idle2.pcapng
"Oct 12, 2023 18:08:07.990174",,45,,,,,,,,,,idle2.pcapng
"Oct 12, 2023 18:08:07.991997",0.001823,5,,,0x0002,103,,,,,,idle2.pcapng
"Oct 12, 2023 18:08:08.014464",,57,,,,,,,,,,idle2.pcapng
"Oct 12, 2023 18:08:08.016671",0.002207,5,,,0x0002,104,,,,,,idle2.pcapng
"Oct 12, 2023 18:08:08.058158",,50,,,,,,,,,,idle2.pcapng
"Oct 12, 2023 18:08:08.060111",0.001953,5,,,0x0002,26,,,,,,idle2.pcapng
"Oct 12, 2023 18:08:08.067112",0.007001,5,,,0x0002,105,,,,,,idle2.pcapng
"Oct 12, 2023 18:08:08.069356",0.002244,59,0x0000,0xffff,0x8841,27,0x0000,0xfffc,0x1209,,,idle2.pcapng
"Oct 12, 2023 18:08:08.083565",0.014209,59,0x82eb,0xffff,0x8841,13,0x0000,0xfffc,0x1209,,,idle2.pcapng
"Oct 12, 2023 18:08:08.086220",0.002655,59,0x054f,0xffff,0x8841,73,0x0000,0xfffc,0x1209,,,idle2.pcapng
"Oct 12, 2023 18:08:08.127701",0.041481,71,0x0000,0xffff,0x8841,28,0x0000,0xfffc,0x1209,,,idle2.pcapng
"Oct 12, 2023 18:08:08.134095",0.006394,59,0xebe5,0xffff,0x8841,78,0x0000,0xfffc,0x1209,,,idle2.pcapng
"Oct 12, 2023 18:08:08.171423",0.037328,59,0xe5c4,0xffff,0x8841,209,0x0000,0xfffc,0x1209,,,idle2.pcapng
"Oct 12, 2023 18:08:08.179064",0.007641,59,0x482d,0xffff,0x8841,226,0x0000,0xfffc,0x1209,,,idle2.pcapng
"Oct 12, 2023 18:08:08.182055",0.002991,59,0xa209,0xffff,0x8841,37,0x0000,0xfffc,0x1209,,,idle2.pcapng
"Oct 12, 2023 18:08:08.215505",0.033450,59,0x09ac,0xffff,0x8841,64,0x0000,0xfffc,0x1209,,,idle2.pcapng
"Oct 12, 2023 18:08:08.224347",0.008842,59,0xe694,0xffff,0x8841,68,0x0000,0xfffc,0x1209,,,idle2.pcapng
"Oct 12, 2023 18:08:08.357517",0.133170,59,0x0000,0xffff,0x8841,29,0x0000,0xfffc,0x1209,,,idle2.pcapng
"Oct 12, 2023 18:08:08.388306",0.030789,59,0xebe5,0xffff,0x8841,79,0x0000,0xfffc,0x1209,,,idle2.pcapng
"Oct 12, 2023 18:08:08.447332",0.059026,59,0xe5c4,0xffff,0x8841,210,0x0000,0xfffc,0x1209,,,idle2.pcapng
"Oct 12, 2023 18:08:08.451745",0.004413,59,0x99c9,0xe5ff,0x8841,38,,,,,,idle2.pcapng
"Oct 12, 2023 18:08:08.460880",0.009135,59,0x054f,0xffff,0x8841,74,0x0000,0xfffc,0x1209,,,idle2.pcapng
"Oct 12, 2023 18:08:08.478419",0.017539,59,0xe694,0xffff,0x8841,69,0x0000,0xfffc,0x1209,,,idle2.pcapng
"Oct 12, 2023 18:08:08.529020",0.050601,59,0x482d,0xffff,0x8841,227,0x0000,0xfffc,0x1209,,,idle2.pcapng
"Oct 12, 2023 18:08:08.538846",0.009826,59,0x09ac,0xffff,0x8841,65,0x0000,0xfffc,0x1209,,,idle2.pcapng
"Oct 12, 2023 18:08:08.649034",0.110188,59,0x0000,0xffff,0x8841,30,0x0000,0xfffc,0x1209,,,idle2.pcapng
"Oct 12, 2023 18:08:11.440197",2.791163,77,0x054f,0xffff,0x8841,75,0x054f,0xfffc,0x1209,,,idle2.pcapng
"Oct 12, 2023 18:08:12.168460",0.728263,74,0x6e5f,0xffff,0x8841,106,0x6e5f,0xfffc,0x1209,,,idle2.pcapng
"Oct 12, 2023 18:08:12.303262",0.134802,12,0x2cae,0x482d,0x8863,150,,,,,,idle2.pcapng
"Oct 12, 2023 18:08:12.304029",0.000767,5,,,0x0002,150,,,,,,idle2.pcapng
"Oct 12, 2023 18:08:12.867904",,52,,,,,,,,,,idle2.pcapng
"Oct 12, 2023 18:08:12.869922",0.002018,5,,,0x0002,31,,,,,,idle2.pcapng
"Oct 12, 2023 18:08:12.878072",,63,,,,,,,,,,idle2.pcapng
"Oct 12, 2023 18:08:12.880471",0.002399,5,,,0x0002,70,,,,,,idle2.pcapng
"Oct 12, 2023 18:08:12.904170",0.023699,52,0x0000,0x4e5f,0x8861,32,,,,,,idle2.pcapng
"Oct 12, 2023 18:08:12.907387",,52,,,,,,,,,,idle2.pcapng
"Oct 12, 2023 18:08:12.910550",,52,,,,,,,,,,idle2.pcapng
"Oct 12, 2023 18:08:12.912565",0.002015,5,,,0x0002,32,,,,,,idle2.pcapng
"Oct 12, 2023 18:08:12.943648",0.031083,63,0x6e5f,0x0000,0x8861,108,,,,,,idle2.pcapng
"Oct 12, 2023 18:08:12.950924",,54,,,,,,,,,,idle2.pcapng
"Oct 12, 2023 18:08:12.953004",0.002080,5,,,0x0002,33,,,,,,idle2.pcapng
"Oct 12, 2023 18:08:12.954172",,54,,,,,,,,,,idle2.pcapng
"Oct 12, 2023 18:08:12.956242",0.002070,5,,,0x0002,33,,,,,,idle2.pcapng
"Oct 12, 2023 18:08:12.964384",,66,,,,,,,,,,idle2.pcapng
"Oct 12, 2023 18:08:12.971584",0.007200,5,,,0x0002,34,,,,,,idle2.pcapng
"Oct 12, 2023 18:08:12.972198",0.000614,63,0x6e5f,0x0000,0x8861,109,,,,,,idle2.pcapng
"Oct 12, 2023 18:08:12.977465",,63,,,,,,,,,,idle2.pcapng
"Oct 12, 2023 18:08:12.979864",0.002399,5,,,0x0002,109,,,,,,idle2.pcapng
"Oct 12, 2023 18:08:12.996294",,54,,,,,,,,,,idle2.pcapng
"Oct 12, 2023 18:08:12.998376",0.002082,5,,,0x0002,35,,,,,,idle2.pcapng
"Oct 12, 2023 18:08:13.030561",,54,,,,,,,,,,idle2.pcapng
"Oct 12, 2023 18:08:13.033600",,54,,,,,,,,,,idle2.pcapng
"Oct 12, 2023 18:08:13.036667",,54,,,,,,,,,,idle2.pcapng
"Oct 12, 2023 18:08:13.039734",,54,,,,,,,,,,idle2.pcapng
"Oct 12, 2023 18:08:13.063224",,52,,,,,,,,,,idle2.pcapng
"Oct 12, 2023 18:08:13.066264",,52,,,,,,,,,,idle2.pcapng
"Oct 12, 2023 18:08:13.068311",0.002047,5,,,0x0002,37,,,,,,idle2.pcapng
"Oct 12, 2023 18:08:13.068668",0.000357,107,,,0x686b,119,,,,,,idle2.pcapng
"Oct 12, 2023 18:08:13.071622",0.002954,52,0xa209,0xc8f0,0x8861,40,,,,,,idle2.pcapng
"Oct 12, 2023 18:08:13.073638",0.002016,5,,,0x0002,40,,,,,,idle2.pcapng
"Oct 12, 2023 18:08:13.080699",,45,,,,,,,,,,idle2.pcapng
"Oct 12, 2023 18:08:13.082490",0.001791,5,,,0x0002,38,,,,,,idle2.pcapng
"Oct 12, 2023 18:08:13.104386",0.021896,63,0x7864,0x0101,0x8861,41,,,,,,idle2.pcapng
"Oct 12, 2023 18:08:13.106976",,45,,,,,,,,,,idle2.pcapng
"Oct 12, 2023 18:08:13.108768",0.001792,5,,,0x0002,39,,,,,,idle2.pcapng
"Oct 12, 2023 18:08:13.109983",,63,,,,,,,,,,idle2.pcapng
"Oct 12, 2023 18:08:13.112382",0.002399,5,,,0x0002,117,,,,,,idle2.pcapng
"Oct 12, 2023 18:08:13.116843",0.004461,5,,,0x0002,42,,,,,,idle2.pcapng
"Oct 12, 2023 18:08:13.119101",,54,,,,,,,,,,idle2.pcapng
"Oct 12, 2023 18:08:13.121449",,63,,,,,,,,,,idle2.pcapng
"Oct 12, 2023 18:08:13.135986",,54,,,,,,,,,,idle2.pcapng
"Oct 12, 2023 18:08:13.138098",0.002112,5,,,0x0002,40,,,,,,idle2.pcapng
"Oct 12, 2023 18:08:13.152264",0.014166,104,0xa209,0x0000,0x8868,44,,,,,,idle2.pcapng
"Oct 12, 2023 18:08:13.157786",,66,,,,,,,,,,idle2.pcapng
"Oct 12, 2023 18:08:13.160280",0.002494,5,,,0x0002,44,,,,,,idle2.pcapng
"Oct 12, 2023 18:08:13.181877",0.021597,5,,,0x0002,41,,,,,,idle2.pcapng
"Oct 12, 2023 18:08:13.192185",0.010308,5,,,0x0002,45,,,,,,idle2.pcapng
"Oct 12, 2023 18:08:13.195190",,63,,,,,,,,,,idle2.pcapng
"Oct 12, 2023 18:08:13.197589",0.002399,5,,,0x0002,46,,,,,,idle2.pcapng
"Oct 12, 2023 18:08:13.226791",0.029202,13,,,,,,,,,,idle2.pcapng
"Oct 12, 2023 18:08:13.234829",,45,,,,,,,,,,idle2.pcapng
"Oct 12, 2023 18:08:13.249301",,45,,,,,,,,,,idle2.pcapng
"Oct 12, 2023 18:08:13.251124",0.001823,5,,,0x0002,42,,,,,,idle2.pcapng
"Oct 12, 2023 18:08:13.266783",,45,,,,,,,,,,idle2.pcapng
"Oct 12, 2023 18:08:13.268667",,45,,,,,,,,,,idle2.pcapng
"Oct 12, 2023 18:08:13.281040",0.012373,45,0x03b6,0x0c60,0x8861,49,,,,,,idle2.pcapng
"Oct 12, 2023 18:08:13.283578",,45,,,,,,,,,,idle2.pcapng
"Oct 12, 2023 18:08:13.285401",0.001823,5,,,0x0002,43,,,,,,idle2.pcapng
"Oct 12, 2023 18:08:13.293204",0.007803,5,,,0x0002,50,,,,,,idle2.pcapng
"Oct 12, 2023 18:08:14.320863",1.027659,71,0x09ac,0xffff,0x8841,66,0x09ac,0xfffc,0x1209,,,idle2.pcapng
"Oct 12, 2023 18:08:14.887755",0.566892,77,0xe694,0xffff,0x8841,72,0xe694,0xfffc,0x1209,,,idle2.pcapng
"Oct 12, 2023 18:08:15.916204",1.028449,71,0xc8f0,0xffff,0x8841,119,0xc8f0,0xfffc,0x1209,,,idle2.pcapng
"Oct 12, 2023 18:08:17.301533",1.385329,12,0x2cae,0x482d,0x8863,151,,,,,,idle2.pcapng
"Oct 12, 2023 18:08:17.302300",0.000767,5,,,0x0002,151,,,,,,idle2.pcapng
"Oct 12, 2023 18:08:19.426170",2.123870,74,0xa209,0xffff,0x8841,51,0xa209,0xfffc,0x1209,,,idle2.pcapng
"Oct 12, 2023 18:08:19.998232",0.572062,77,0x482d,0xffff,0x8841,228,0x482d,0xfffc,0x1209,,,idle2.pcapng
"Oct 12, 2023 18:08:22.333928",2.335696,12,0x2cae,0x482d,0x8863,152,,,,,,idle2.pcapng
"Oct 12, 2023 18:08:22.334696",0.000768,5,,,0x0002,152,,,,,,idle2.pcapng
"Oct 12, 2023 18:08:24.156901",1.822205,77,0x0000,0xffff,0x8841,44,0x0000,0xfffc,0x1209,,,idle2.pcapng
"Oct 12, 2023 18:08:25.522016",1.365115,68,0xebe5,0xffff,0x8841,81,0xebe5,0xfffc,0x1209,,,idle2.pcapng
"Oct 12, 2023 18:08:25.764719",0.242703,77,0x054f,0xffff,0x8841,76,0x054f,0xfffc,0x1209,,,idle2.pcapng
"Oct 12, 2023 18:08:27.138886",1.374167,74,0x6e5f,0xffff,0x8841,114,0x6e5f,0xfffc,0x1209,,,idle2.pcapng
"Oct 12, 2023 18:08:27.243170",0.104284,77,0xe5c4,0xffff,0x8841,212,0xe5c4,0xfffc,0x1209,,,idle2.pcapng
"Oct 12, 2023 18:08:27.397901",0.154731,12,0x2cae,0x482d,0x8863,153,,,,,,idle2.pcapng
"Oct 12, 2023 18:08:27.398668",0.000767,5,,,0x0002,153,,,,,,idle2.pcapng
"Oct 12, 2023 18:08:29.909145",2.510477,77,0xe694,0xffff,0x8841,73,0xe694,0xfffc,0x1209,,,idle2.pcapng
"Oct 12, 2023 18:08:30.231038",,60,,,,,,,,,,idle2.pcapng
"Oct 12, 2023 18:08:30.233341",0.002303,5,,,0x0002,115,,,,,,idle2.pcapng
"Oct 12, 2023 18:08:30.274753",,50,,,,,,,,,,idle2.pcapng
"Oct 12, 2023 18:08:30.276707",0.001954,5,,,0x0002,45,,,,,,idle2.pcapng
"Oct 12, 2023 18:08:30.282128",,45,,,,,,,,,,idle2.pcapng
"Oct 12, 2023 18:08:30.283951",0.001823,5,,,0x0002,116,,,,,,idle2.pcapng
"Oct 12, 2023 18:08:30.536004",0.252053,74,0x09ac,0xffff,0x8841,67,0x09ac,0xfffc,0x1209,,,idle2.pcapng
"Oct 12, 2023 18:08:30.865593",0.329589,89,0xc8f0,0xffff,0x8859,120,,,,,,idle2.pcapng
"Oct 12, 2023 18:08:35.463616",4.598023,71,0xa209,0xffff,0x8841,52,0xa209,0xfffc,0x1209,,,idle2.pcapng
"Oct 12, 2023 18:08:37.428893",1.965277,12,0x2cae,0x482d,0x8863,156,,,,,,idle2.pcapng
"Oct 12, 2023 18:08:37.429660",0.000767,5,,,0x0002,156,,,,,,idle2.pcapng
"Oct 12, 2023 18:08:37.776501",0.346841,77,0x482d,0xffff,0x8841,229,0x482d,0xfffc,0x1209,,,idle2.pcapng
"Oct 12, 2023 18:08:40.532025",2.755524,68,0xebe5,0xffff,0x8841,82,0xebe5,0xfffc,0x1209,,,idle2.pcapng
"Oct 12, 2023 18:08:41.370128",0.838103,77,0x82eb,0xffff,0x8841,16,0x82eb,0xfffc,0x1209,,,idle2.pcapng
"Oct 12, 2023 18:08:41.410735",0.040607,77,0xe5c4,0xffff,0x8841,213,0xe5c4,0xfffc,0x1209,,,idle2.pcapng
"Oct 12, 2023 18:08:41.414212",0.003477,77,0x054f,0xffff,0x8841,77,0x054f,0xfffc,0x1209,,,idle2.pcapng
"Oct 12, 2023 18:08:41.705140",0.290928,77,0x0000,0xffff,0x8841,46,0x0000,0xfffc,0x1209,,,idle2.pcapng
"Oct 12, 2023 18:08:42.257037",0.551897,74,0x6e5f,0xffff,0x8841,117,0x6e5f,0xfffc,0x1209,,,idle2.pcapng
"Oct 12, 2023 18:08:42.459060",0.202023,12,0x2cae,0x482d,0x8863,157,,,,,,idle2.pcapng
"Oct 12, 2023 18:08:42.459827",0.000767,5,,,0x0002,157,,,,,,idle2.pcapng
"Oct 12, 2023 18:08:42.861697",,52,,,,,,,,,,idle2.pcapng
"Oct 12, 2023 18:08:42.863709",0.002012,5,,,0x0002,47,,,,,,idle2.pcapng
"Oct 12, 2023 18:08:42.871717",,63,,,,,,,,,,idle2.pcapng
"Oct 12, 2023 18:08:42.874116",0.002399,5,,,0x0002,74,,,,,,idle2.pcapng
"Oct 12, 2023 18:08:42.900746",,52,,,,,,,,,,idle2.pcapng
"Oct 12, 2023 18:08:42.902761",0.002015,5,,,0x0002,48,,,,,,idle2.pcapng
"Oct 12, 2023 18:08:42.910691",,63,,,,,,,,,,idle2.pcapng
"Oct 12, 2023 18:08:42.913090",0.002399,5,,,0x0002,118,,,,,,idle2.pcapng
"Oct 12, 2023 18:08:42.916209",,45,,,,,,,,,,idle2.pcapng
"Oct 12, 2023 18:08:42.918002",0.001793,5,,,0x0002,49,,,,,,idle2.pcapng
"Oct 12, 2023 18:08:42.936259",,54,,,,,,,,,,idle2.pcapng
"Oct 12, 2023 18:08:42.938341",0.002082,5,,,0x0002,50,,,,,,idle2.pcapng
"Oct 12, 2023 18:08:42.946121",,66,,,,,,,,,,idle2.pcapng
"Oct 12, 2023 18:08:42.948616",0.002495,5,,,0x0002,75,,,,,,idle2.pcapng
"Oct 12, 2023 18:08:42.957427",,54,,,,,,,,,,idle2.pcapng
"Oct 12, 2023 18:08:42.959506",0.002079,5,,,0x0002,51,,,,,,idle2.pcapng
"Oct 12, 2023 18:08:42.967562",,66,,,,,,,,,,idle2.pcapng
"Oct 12, 2023 18:08:42.970057",0.002495,5,,,0x0002,119,,,,,,idle2.pcapng
"Oct 12, 2023 18:08:42.994632",,45,,,,,,,,,,idle2.pcapng
"Oct 12, 2023 18:08:42.996413",0.001781,5,,,0x0002,52,,,,,,idle2.pcapng
"Oct 12, 2023 18:08:43.001819",,54,,,,,,,,,,idle2.pcapng
"Oct 12, 2023 18:08:43.003930",0.002111,5,,,0x0002,53,,,,,,idle2.pcapng
"Oct 12, 2023 18:08:43.006740",0.002810,54,0xa209,0xc8f0,0x8861,53,,,,,,idle2.pcapng
"Oct 12, 2023 18:08:43.008820",0.002080,5,,,0x0002,53,,,,,,idle2.pcapng
"Oct 12, 2023 18:08:43.014586",,52,,,,,,,,,,idle2.pcapng
"Oct 12, 2023 18:08:43.019480",,52,,,,,,,,,,idle2.pcapng
"Oct 12, 2023 18:08:43.021527",0.002047,107,,,,,,,,,,idle2.pcapng
"Oct 12, 2023 18:08:43.024572",,52,,,,,,,,,,idle2.pcapng
"Oct 12, 2023 18:08:43.027491",,66,,,,,,,,,,idle2.pcapng
"Oct 12, 2023 18:08:43.029986",0.002495,5,,,0x0002,121,,,,,,idle2.pcapng
"Oct 12, 2023 18:08:43.034120",,45,,,,,,,,,,idle2.pcapng
"Oct 12, 2023 18:08:43.035914",0.001794,5,,,0x0002,55,,,,,,idle2.pcapng
"Oct 12, 2023 18:08:43.036324",,63,,,,,,,,,,idle2.pcapng
"Oct 12, 2023 18:08:43.041476",0.005152,63,0xc8f0,0x0000,0x8861,122,,,,,,idle2.pcapng
"Oct 12, 2023 18:08:43.045835",,45,,,,,,,,,,idle2.pcapng
"Oct 12, 2023 18:08:43.049481",,45,,,,,,,,,,idle2.pcapng
"Oct 12, 2023 18:08:43.051273",0.001792,5,,,0x0002,56,,,,,,idle2.pcapng
"Oct 12, 2023 18:08:43.052029",,63,,,,,,,,,,idle2.pcapng
"Oct 12, 2023 18:08:43.054428",0.002399,5,,,0x0002,122,,,,,,idle2.pcapng
"Oct 12, 2023 18:08:43.059073",,45,,,,,,,,,,idle2.pcapng
"Oct 12, 2023 18:08:43.060896",0.001823,5,,,0x0002,57,,,,,,idle2.pcapng
"Oct 12, 2023 18:08:43.063970",,45,,,,,,,,,,idle2.pcapng
"Oct 12, 2023 18:08:43.065762",0.001792,5,,,0x0002,119,,,,,,idle2.pcapng
"Oct 12, 2023 18:08:43.069860",,45,,,,,,,,,,idle2.pcapng
"Oct 12, 2023 18:08:43.074107",,45,,,,,,,,,,idle2.pcapng
"Oct 12, 2023 18:08:43.075900",0.001793,5,,,0x0002,56,,,,,,idle2.pcapng
"Oct 12, 2023 18:08:44.944586",1.868686,77,0xe694,0xffff,0x8841,76,0xe694,0xfffc,0x1209,,,idle2.pcapng
"Oct 12, 2023 18:08:45.306519",,60,,,,,,,,,,idle2.pcapng
"Oct 12, 2023 18:08:45.308822",0.002303,5,,,0x0002,123,,,,,,idle2.pcapng
"Oct 12, 2023 18:08:45.352611",,50,,,,,,,,,,idle2.pcapng
"Oct 12, 2023 18:08:45.354595",0.001984,5,,,0x0002,59,,,,,,idle2.pcapng
"Oct 12, 2023 18:08:45.359326",,50,,,,,,,,,,idle2.pcapng
"Oct 12, 2023 18:08:45.361271",0.001945,5,,,0x0002,57,,,,,,idle2.pcapng
"Oct 12, 2023 18:08:45.368388",0.007117,5,,,0x0002,124,,,,,,idle2.pcapng
"Oct 12, 2023 18:08:45.909191",0.540803,71,0xc8f0,0xffff,0x8841,125,0xc8f0,0xfffc,0x1209,,,idle2.pcapng
"Oct 12, 2023 18:08:47.523027",1.613836,12,0x2cae,0x482d,0x8863,158,,,,,,idle2.pcapng
"Oct 12, 2023 18:08:47.523794",0.000767,5,,,0x0002,158,,,,,,idle2.pcapng
"Oct 12, 2023 18:08:47.527477",,60,,,,,,,,,,idle2.pcapng
"Oct 12, 2023 18:08:47.529780",0.002303,5,,,0x0002,77,,,,,,idle2.pcapng
"Oct 12, 2023 18:08:47.569776",,50,,,,,,,,,,idle2.pcapng
"Oct 12, 2023 18:08:47.571719",0.001943,5,,,0x0002,60,,,,,,idle2.pcapng
"Oct 12, 2023 18:08:47.577055",,45,,,,,,,,,,idle2.pcapng
"Oct 12, 2023 18:08:47.578878",0.001823,5,,,0x0002,78,,,,,,idle2.pcapng
"Oct 12, 2023 18:08:47.944672",0.365794,74,0x09ac,0xffff,0x8841,68,0x09ac,0xfffc,0x1209,,,idle2.pcapng
"Oct 12, 2023 18:08:52.554758",4.610086,12,0x2cae,0x482d,0x8863,159,,,,,,idle2.pcapng
"Oct 12, 2023 18:08:52.555525",0.000767,5,,,0x0002,159,,,,,,idle2.pcapng
"Oct 12, 2023 18:08:52.972338",0.416813,74,0xa209,0xffff,0x8841,58,0xa209,0xfffc,0x1209,,,idle2.pcapng
"Oct 12, 2023 18:08:54.079465",1.107127,77,0x482d,0xffff,0x8841,230,0x482d,0xfffc,0x1209,,,idle2.pcapng
"Oct 12, 2023 18:08:55.768068",1.688603,77,0xe5c4,0xffff,0x8841,214,0xe5c4,0xfffc,0x1209,,,idle2.pcapng
"Oct 12, 2023 18:08:55.900894",0.132826,77,0x0000,0xffff,0x8841,61,0x0000,0xfffc,0x1209,,,idle2.pcapng
"Oct 12, 2023 18:08:57.233684",1.332790,74,0x6e5f,0xffff,0x8841,120,0x6e5f,0xfffc,0x1209,,,idle2.pcapng
"Oct 12, 2023 18:08:57.555009",0.321325,12,0x2cae,0x482d,0x8863,160,,,,,,idle2.pcapng
"Oct 12, 2023 18:08:57.555776",0.000767,5,,,0x0002,160,,,,,,idle2.pcapng
"Oct 12, 2023 18:08:58.370010",0.814234,77,0x054f,0xffff,0x8841,78,0x054f,0xfffc,0x1209,,,idle2.pcapng
"Oct 12, 2023 18:08:58.837814",,59,,,,,,,,,,idle2.pcapng
"Oct 12, 2023 18:08:58.840084",0.002270,5,,,0x0002,79,,,,,,idle2.pcapng
"Oct 12, 2023 18:08:58.855593",,45,,,,,,,,,,idle2.pcapng
"Oct 12, 2023 18:08:58.857377",0.001784,5,,,0x0002,62,,,,,,idle2.pcapng
"Oct 12, 2023 18:08:58.861283",,45,,,,,,,,,,idle2.pcapng
"Oct 12, 2023 18:08:58.863092",0.001809,5,,,0x0002,79,,,,,,idle2.pcapng
"Oct 12, 2023 18:08:58.881065",,49,,,,,,,,,,idle2.pcapng
"Oct 12, 2023 18:08:58.882984",0.001919,5,,,0x0002,63,,,,,,idle2.pcapng
"Oct 12, 2023 18:08:58.886832",,49,,,,,,,,,,idle2.pcapng
"Oct 12, 2023 18:08:58.888769",0.001937,5,,,0x0002,80,,,,,,idle2.pcapng
"Oct 12, 2023 18:08:58.893051",,45,,,,,,,,,,idle2.pcapng
"Oct 12, 2023 18:08:58.894874",0.001823,5,,,0x0002,80,,,,,,idle2.pcapng
"Oct 12, 2023 18:08:59.889768",0.994894,77,0xe694,0xffff,0x8841,81,0xe694,0xfffc,0x1209,,,idle2.pcapng
"Oct 12, 2023 18:09:02.616422",2.726654,12,0x2cae,0x482d,0x8863,161,,,,,,idle2.pcapng
"Oct 12, 2023 18:09:02.617190",0.000768,5,,,0x0002,161,,,,,,idle2.pcapng
"Oct 12, 2023 18:09:02.792559",0.175369,74,0x09ac,0xffff,0x8841,69,0x09ac,0xfffc,0x1209,,,idle2.pcapng
"Oct 12, 2023 18:09:07.668212",4.875653,12,0x2cae,0x482d,0x8863,162,,,,,,idle2.pcapng
"Oct 12, 2023 18:09:08.509235",0.841023,74,0xa209,0xffff,0x8841,59,0xa209,0xfffc,0x1209,,,idle2.pcapng
"Oct 12, 2023 18:09:10.207230",1.697995,77,0x0000,0xffff,0x8841,64,0x0000,0xfffc,0x1209,,,idle2.pcapng
"Oct 12, 2023 18:09:10.586461",0.379231,68,0xebe5,0xffff,0x8841,84,0xebe5,0xfffc,0x1209,,,idle2.pcapng
"Oct 12, 2023 18:09:10.972057",0.385596,77,0xe5c4,0xffff,0x8841,215,0xe5c4,0xfffc,0x1209,,,idle2.pcapng
"Oct 12, 2023 18:09:11.373387",0.401330,77,0x82eb,0xffff,0x8841,18,0x82eb,0xfffc,0x1209,,,idle2.pcapng
"Oct 12, 2023 18:09:12.648958",1.275571,12,0x2cae,0x482d,0x8863,163,,,,,,idle2.pcapng
"Oct 12, 2023 18:09:12.649725",0.000767,5,,,0x0002,163,,,,,,idle2.pcapng
"Oct 12, 2023 18:09:12.860649",,52,,,,,,,,,,idle2.pcapng
"Oct 12, 2023 18:09:12.862664",0.002015,5,,,0x0002,65,,,,,,idle2.pcapng
"Oct 12, 2023 18:09:12.870303",,63,,,,,,,,,,idle2.pcapng
"Oct 12, 2023 18:09:12.872702",0.002399,5,,,0x0002,82,,,,,,idle2.pcapng
"Oct 12, 2023 18:09:12.895174",,52,,,,,,,,,,idle2.pcapng
"Oct 12, 2023 18:09:12.897191",0.002017,5,,,0x0002,66,,,,,,idle2.pcapng
"Oct 12, 2023 18:09:12.905161",,63,,,,,,,,,,idle2.pcapng
"Oct 12, 2023 18:09:12.907560",0.002399,5,,,0x0002,122,,,,,,idle2.pcapng
"Oct 12, 2023 18:09:12.913293",,45,,,,,,,,,,idle2.pcapng
"Oct 12, 2023 18:09:12.915079",0.001786,5,,,0x0002,67,,,,,,idle2.pcapng
"Oct 12, 2023 18:09:12.929323",,54,,,,,,,,,,idle2.pcapng
"Oct 12, 2023 18:09:12.931403",0.002080,5,,,0x0002,68,,,,,,idle2.pcapng
"Oct 12, 2023 18:09:12.939267",,66,,,,,,,,,,idle2.pcapng
"Oct 12, 2023 18:09:12.941762",0.002495,5,,,0x0002,83,,,,,,idle2.pcapng
"Oct 12, 2023 18:09:12.943757",,45,,,,,,,,,,idle2.pcapng
"Oct 12, 2023 18:09:12.945550",0.001793,5,,,0x0002,69,,,,,,idle2.pcapng
"Oct 12, 2023 18:09:12.968084",,54,,,,,,,,,,idle2.pcapng
"Oct 12, 2023 18:09:12.970164",0.002080,5,,,0x0002,70,,,,,,idle2.pcapng
"Oct 12, 2023 18:09:12.978158",,66,,,,,,,,,,idle2.pcapng
"Oct 12, 2023 18:09:12.980653",0.002495,5,,,0x0002,123,,,,,,idle2.pcapng
"Oct 12, 2023 18:09:12.994362",,54,,,,,,,,,,idle2.pcapng
"Oct 12, 2023 18:09:12.996473",0.002111,5,,,0x0002,71,,,,,,idle2.pcapng
"Oct 12, 2023 18:09:13.003160",,54,,,,,,,,,,idle2.pcapng
"Oct 12, 2023 18:09:13.005239",0.002079,5,,,0x0002,60,,,,,,idle2.pcapng
"Oct 12, 2023 18:09:13.018098",,54,,,,,,,,,,idle2.pcapng
"Oct 12, 2023 18:09:13.027033",,54,,,,,,,,,,idle2.pcapng
"Oct 12, 2023 18:09:13.041579",,66,,,,,,,,,,idle2.pcapng
"Oct 12, 2023 18:09:13.044074",0.002495,5,,,0x0002,128,,,,,,idle2.pcapng
"Oct 12, 2023 18:09:13.065052",,45,,,,,,,,,,idle2.pcapng
"Oct 12, 2023 18:09:13.087513",,45,,,,,,,,,,idle2.pcapng
"Oct 12, 2023 18:09:13.089307",0.001794,5,,,0x0002,72,,,,,,idle2.pcapng
"Oct 12, 2023 18:09:13.096143",0.006836,5,,,0x0002,130,,,,,,idle2.pcapng
"Oct 12, 2023 18:09:13.101432",0.005289,5,,,0x0002,130,,,,,,idle2.pcapng
"Oct 12, 2023 18:09:13.115281",,52,,,,,,,,,,idle2.pcapng
"Oct 12, 2023 18:09:13.117328",0.002047,5,,,0x0002,73,,,,,,idle2.pcapng
"Oct 12, 2023 18:09:13.123432",0.006104,52,0xa209,0xc8f0,0x8861,61,,,,,,idle2.pcapng
"Oct 12, 2023 18:09:13.125448",0.002016,5,,,0x0002,61,,,,,,idle2.pcapng
"Oct 12, 2023 18:09:13.127540",,45,,,,,,,,,,idle2.pcapng
"Oct 12, 2023 18:09:13.131730",,45,,,,,,,,,,idle2.pcapng
"Oct 12, 2023 18:09:13.138503",,63,,,,,,,,,,idle2.pcapng
"Oct 12, 2023 18:09:13.140902",0.002399,5,,,0x0002,131,,,,,,idle2.pcapng
"Oct 12, 2023 18:09:13.149062",,63,,,,,,,,,,idle2.pcapng
"Oct 12, 2023 18:09:13.151461",0.002399,5,,,0x0002,131,,,,,,idle2.pcapng
"Oct 12, 2023 18:09:13.160236",,45,,,,,,,,,,idle2.pcapng
"Oct 12, 2023 18:09:13.177629",,45,,,,,,,,,,idle2.pcapng
"Oct 12, 2023 18:09:13.180431",0.002802,63,0xc8f0,0x0000,0x8861,133,,,,,,idle2.pcapng
"Oct 12, 2023 18:09:13.193577",,45,,,,,,,,,,idle2.pcapng
"Oct 12, 2023 18:09:13.198531",0.004954,5,,,0x0002,133,,,,,,idle2.pcapng
"Oct 12, 2023 18:09:13.219181",,45,,,,,,,,,,idle2.pcapng
"Oct 12, 2023 18:09:13.229274",,45,,,,,,,,,,idle2.pcapng
"Oct 12, 2023 18:09:13.231064",0.001790,5,,,0x0002,63,,,,,,idle2.pcapng
"Oct 12, 2023 18:09:13.239972",,45,,,,,,,,,,idle2.pcapng
"Oct 12, 2023 18:09:13.241766",0.001794,5,,,0x0002,64,,,,,,idle2.pcapng
"Oct 12, 2023 18:09:13.249601",,45,,,,,,,,,,idle2.pcapng
"Oct 12, 2023 18:09:13.251424",0.001823,5,,,0x0002,77,,,,,,idle2.pcapng
"Oct 12, 2023 18:09:13.274409",0.022985,59,0x0000,0xffff,0x8841,78,0x0000,0xfffc,0x1209,,,idle2.pcapng
"Oct 12, 2023 18:09:13.284571",0.010162,45,0x364c,0xe480,0x8861,149,,,,,,idle2.pcapng
"Oct 12, 2023 18:09:13.294140",0.009569,59,,,0x3841,23,,,,,,idle2.pcapng
"Oct 12, 2023 18:09:13.299280",,45,,,,,,,,,,idle2.pcapng
"Oct 12, 2023 18:09:13.302043",,45,,,,,,,,,,idle2.pcapng
"Oct 12, 2023 18:09:13.307900",0.005857,5,,,0x0002,66,,,,,,idle2.pcapng
"Oct 12, 2023 18:09:13.347606",0.039706,59,0x054f,0xffff,0x8841,81,0x0000,0xfffc,0x1209,,,idle2.pcapng
"Oct 12, 2023 18:09:13.448796",0.101190,59,0xe694,0xffff,0x8841,84,0x0000,0xfffc,0x1209,,,idle2.pcapng
"Oct 12, 2023 18:09:13.623538",0.174742,59,0xe5c4,0xffff,0x8841,217,,,,,,idle2.pcapng
"Oct 12, 2023 18:09:13.634084",0.010546,59,0x054f,0xffff,0x8841,82,0x0000,0xfffc,0x1209,,,idle2.pcapng
"Oct 12, 2023 18:09:13.649484",0.015400,59,0x0000,0xffff,0x8841,80,,,,,,idle2.pcapng
"Oct 12, 2023 18:09:13.700709",0.051225,45,,,0x7861,210,,,,,,idle2.pcapng
"Oct 12, 2023 18:09:13.704271",0.003562,45,0xa209,0x0000,0x8861,70,0xa209,0x0000,0x0209,,,idle2.pcapng
"Oct 12, 2023 18:09:13.706094",0.001823,5,,,0x0002,70,,,,,,idle2.pcapng
"Oct 12, 2023 18:09:13.707250",0.001156,59,0xe694,0xffff,0x8841,85,0x0000,0xfffc,0x1209,,,idle2.pcapng
"Oct 12, 2023 18:09:13.812289",,45,,,,,,,,,,idle2.pcapng
"Oct 12, 2023 18:09:13.814112",0.001823,5,,,0x0002,81,,,,,,idle2.pcapng
"Oct 12, 2023 18:09:13.816934",,45,,,,,,,,,,idle2.pcapng
"Oct 12, 2023 18:09:13.818727",0.001793,5,,,0x0002,71,,,,,,idle2.pcapng
"Oct 12, 2023 18:09:13.897708",0.078981,59,0x67e2,0xe07f,0x8841,83,,,,,,idle2.pcapng
"Oct 12, 2023 18:09:13.903944",0.006236,59,0xe5c4,0xffff,0x8841,218,0x0000,0xfffc,0x1209,,,idle2.pcapng
"Oct 12, 2023 18:09:13.938630",0.034686,59,0xebe5,0xffff,0x8841,87,0x0000,0xfffc,0x1209,,,idle2.pcapng
"Oct 12, 2023 18:09:13.956981",0.018351,59,0xe694,0xffff,0x8841,86,0x0000,0xfffc,0x1209,,,idle2.pcapng
"Oct 12, 2023 18:09:14.003490",0.046509,59,0x0000,0xffff,0x8841,82,,,,,,idle2.pcapng
"Oct 12, 2023 18:09:14.009649",0.006159,59,0xa209,0xffff,0x8841,72,0x0000,0xfffc,0x1209,,,idle2.pcapng
"Oct 12, 2023 18:09:14.040842",0.031193,59,0x09ac,0xffff,0x8841,72,0x0000,0xfffc,0x1209,,,idle2.pcapng
"Oct 12, 2023 18:09:14.129974",0.089132,59,0x9e2d,0xffff,0x8841,234,,,,,,idle2.pcapng
"Oct 12, 2023 18:09:14.293276",0.163302,59,0x0000,0xffff,0x8841,83,0x0000,0xfffc,0x1209,,,idle2.pcapng
"Oct 12, 2023 18:09:14.940333",0.647057,77,0xe694,0xffff,0x8841,87,0xe694,0xfffc,0x1209,,,idle2.pcapng
"Oct 12, 2023 18:09:15.901509",0.961176,71,0xc8f0,0xffff,0x8841,136,0xc8f0,0xfffc,0x1209,,,idle2.pcapng
"Oct 12, 2023 18:09:16.224319",0.322810,77,0x054f,0xffff,0x8841,84,0x054f,0xfffc,0x1209,,,idle2.pcapng
"Oct 12, 2023 18:09:17.711356",1.487037,12,0x2cae,0x482d,0x8863,164,,,,,,idle2.pcapng
"Oct 12, 2023 18:09:17.712123",0.000767,5,,,0x0002,164,,,,,,idle2.pcapng
"Oct 12, 2023 18:09:17.894358",0.182235,74,0x09ac,0xffff,0x8841,73,0x09ac,0xfffc,0x1209,,,idle2.pcapng
"Oct 12, 2023 18:09:22.742798",4.848440,12,0x2cae,0x482d,0x8863,165,,,,,,idle2.pcapng
"Oct 12, 2023 18:09:22.743565",0.000767,5,,,0x0002,165,,,,,,idle2.pcapng
"Oct 12, 2023 18:09:24.094281",1.350716,74,0xa209,0xffff,0x8841,73,0xa209,0xfffc,0x1209,,,idle2.pcapng
"Oct 12, 2023 18:09:25.417977",1.323696,77,0xe5c4,0xffff,0x8841,219,0xe5c4,0xfffc,0x1209,,,idle2.pcapng
"Oct 12, 2023 18:09:25.560401",0.142424,68,0xebe5,0xffff,0x8841,88,0xebe5,0xfffc,0x1209,,,idle2.pcapng
"Oct 12, 2023 18:09:25.692476",0.132075,77,0x0000,0xffff,0x8841,84,0x0000,0xfffc,0x1209,,,idle2.pcapng
"Oct 12, 2023 18:09:26.107769",0.415293,77,0x482d,0xffff,0x8841,235,0x482d,0xfffc,0x1209,,,idle2.pcapng
"Oct 12, 2023 18:09:26.382378",0.274609,77,0x82eb,0xffff,0x8841,21,0x82eb,0xfffc,0x1209,,,idle2.pcapng
"Oct 12, 2023 18:09:27.190770",0.808392,74,0x6e5f,0xffff,0x8841,127,0x6e5f,0xfffc,0x1209,,,idle2.pcapng
"Oct 12, 2023 18:09:30.012863",2.822093,77,0xe694,0xffff,0x8841,88,0xe694,0xfffc,0x1209,,,idle2.pcapng
"Oct 12, 2023 18:09:30.674197",,54,,,,,,,,,,idle2.pcapng
"Oct 12, 2023 18:09:30.676308",0.002111,5,,,0x0002,85,,,,,,idle2.pcapng
"Oct 12, 2023 18:09:30.681161",,54,,,,,,,,,,idle2.pcapng
"Oct 12, 2023 18:09:30.683272",0.002111,5,,,0x0002,220,,,,,,idle2.pcapng
"Oct 12, 2023 18:09:30.688159",0.004887,55,0x482d,0xe5c4,0x8861,236,0x482d,0x0000,0x1a09,,,idle2.pcapng
"Oct 12, 2023 18:09:30.690301",0.002142,5,,,0x0002,236,,,,,,idle2.pcapng
"Oct 12, 2023 18:09:30.693994",0.003693,57,0xe5c4,0x0000,0x8861,221,0x482d,0x0000,0x1a09,,,idle2.pcapng
"Oct 12, 2023 18:09:30.696201",0.002207,5,,,0x0002,221,,,,,,idle2.pcapng
"Oct 12, 2023 18:09:30.736457",0.040256,5,,,0x0002,237,,,,,,idle2.pcapng
"Oct 12, 2023 18:09:30.739899",,53,,,,,,,,,,idle2.pcapng
"Oct 12, 2023 18:09:30.741978",0.002079,5,,,0x0002,222,,,,,,idle2.pcapng
"Oct 12, 2023 18:09:30.782008",,54,,,,,,,,,,idle2.pcapng
"Oct 12, 2023 18:09:30.784119",0.002111,5,,,0x0002,86,,,,,,idle2.pcapng
"Oct 12, 2023 18:09:30.787008",,54,,,,,,,,,,idle2.pcapng
"Oct 12, 2023 18:09:30.789119",0.002111,5,,,0x0002,223,,,,,,idle2.pcapng
"Oct 12, 2023 18:09:30.792903",0.003784,55,0x482d,0xe5c4,0x8861,238,0x482d,0x0000,0x1a09,,,idle2.pcapng
"Oct 12, 2023 18:09:30.795046",0.002143,5,,,0x0002,238,,,,,,idle2.pcapng
"Oct 12, 2023 18:09:30.799712",0.004666,57,0xe5c4,0x0000,0x8861,224,0x482d,0x0000,0x1a09,,,idle2.pcapng
"Oct 12, 2023 18:09:30.801919",0.002207,5,,,0x0002,224,,,,,,idle2.pcapng
"Oct 12, 2023 18:09:30.842639",,53,,,,,,,,,,idle2.pcapng
"Oct 12, 2023 18:09:30.844718",0.002079,5,,,0x0002,239,,,,,,idle2.pcapng
"Oct 12, 2023 18:09:30.847154",,53,,,,,,,,,,idle2.pcapng
"Oct 12, 2023 18:09:30.849233",0.002079,5,,,0x0002,225,,,,,,idle2.pcapng
"Oct 12, 2023 18:09:30.926582",0.077349,71,0xc8f0,0xffff,0x8841,137,0xc8f0,0xfffc,0x1209,,,idle2.pcapng
"Oct 12, 2023 18:09:32.618602",1.692020,77,0x054f,0xffff,0x8841,85,0x054f,0xfffc,0x1209,,,idle2.pcapng
"Oct 12, 2023 18:09:32.804407",0.185805,12,0x2cae,0x482d,0x8863,167,,,,,,idle2.pcapng
"Oct 12, 2023 18:09:32.805174",0.000767,5,,,0x0002,167,,,,,,idle2.pcapng
"Oct 12, 2023 18:09:33.339311",0.534137,74,0x09ac,0xffff,0x8841,74,0x09ac,0xfffc,0x1209,,,idle2.pcapng
"Oct 12, 2023 18:09:37.835787",4.496476,12,0x2cae,0x482d,0x8863,168,,,,,,idle2.pcapng
"Oct 12, 2023 18:09:37.836554",0.000767,5,,,0x0002,168,,,,,,idle2.pcapng
"Oct 12, 2023 18:09:40.170378",2.333824,77,0x0000,0xffff,0x8841,87,0x0000,0xfffc,0x1209,,,idle2.pcapng
"Oct 12, 2023 18:09:40.600823",0.430445,68,0xebe5,0xffff,0x8841,89,0xebe5,0xfffc,0x1209,,,idle2.pcapng
"Oct 12, 2023 18:09:40.828510",0.227687,77,0xe5c4,0xffff,0x8841,226,0xe5c4,0xfffc,0x1209,,,idle2.pcapng
"Oct 12, 2023 18:09:41.374727",0.546217,77,0x82eb,0xffff,0x8841,22,0x82eb,0xfffc,0x1209,,,idle2.pcapng
"Oct 12, 2023 18:09:42.234184",0.859457,74,0xa209,0xffff,0x8841,74,0xa209,0xfffc,0x1209,,,idle2.pcapng
"Oct 12, 2023 18:09:42.243918",0.009734,74,0x6e5f,0xffff,0x8841,128,0x6e5f,0xfffc,0x1209,,,idle2.pcapng
"Oct 12, 2023 18:09:42.887255",,52,,,,,,,,,,idle2.pcapng
"Oct 12, 2023 18:09:42.889261",0.002006,5,,,0x0002,88,,,,,,idle2.pcapng
"Oct 12, 2023 18:09:42.897343",,63,,,,,,,,,,idle2.pcapng
"Oct 12, 2023 18:09:42.899742",0.002399,5,,,0x0002,89,,,,,,idle2.pcapng
"Oct 12, 2023 18:09:42.934225",0.034483,59,0x0000,0xffff,0x8841,89,0x0000,0xfffc,0x1209,,,idle2.pcapng
"Oct 12, 2023 18:09:42.967179",,54,,,,,,,,,,idle2.pcapng
"Oct 12, 2023 18:09:42.969259",0.002080,5,,,0x0002,90,,,,,,idle2.pcapng
"Oct 12, 2023 18:09:42.977310",,66,,,,,,,,,,idle2.pcapng
"Oct 12, 2023 18:09:42.979805",0.002495,5,,,0x0002,90,,,,,,idle2.pcapng
"Oct 12, 2023 18:09:42.993103",,45,,,,,,,,,,idle2.pcapng
"Oct 12, 2023 18:09:43.003601",,45,,,,,,,,,,idle2.pcapng
"Oct 12, 2023 18:09:43.005388",0.001787,5,,,0x0002,91,,,,,,idle2.pcapng
"Oct 12, 2023 18:09:43.017324",,54,,,,,,,,,,idle2.pcapng
"Oct 12, 2023 18:09:43.021836",,54,,,,,,,,,,idle2.pcapng
"Oct 12, 2023 18:09:43.025934",,54,,,,,,,,,,idle2.pcapng
"Oct 12, 2023 18:09:43.028045",0.002111,5,,,0x0002,92,,,,,,idle2.pcapng
"Oct 12, 2023 18:09:43.032831",,54,,,,,,,,,,idle2.pcapng
"Oct 12, 2023 18:09:43.042781",0.009950,107,0xc8f0,0x0000,0x886b,138,,,,,,idle2.pcapng
"Oct 12, 2023 18:09:43.046323",,52,,,,,,,,,,idle2.pcapng
"Oct 12, 2023 18:09:43.068688",,52,,,,,,,,,,idle2.pcapng
"Oct 12, 2023 18:09:43.070735",0.002047,5,,,0x0002,93,,,,,,idle2.pcapng
"Oct 12, 2023 18:09:43.071323",0.000588,107,,,,,,,,,,idle2.pcapng
"Oct 12, 2023 18:09:43.074625",,52,,,,,,,,,,idle2.pcapng
"Oct 12, 2023 18:09:43.076607",,66,,,,,,,,,,idle2.pcapng
"Oct 12, 2023 18:09:43.079102",0.002495,5,,,0x0002,139,,,,,,idle2.pcapng
"Oct 12, 2023 18:09:43.084835",,45,,,,,,,,,,idle2.pcapng
"Oct 12, 2023 18:09:43.086629",0.001794,5,,,0x0002,94,,,,,,idle2.pcapng
"Oct 12, 2023 18:09:43.094727",0.008098,106,0xc8f0,0x0000,0x886a,140,,,,,,idle2.pcapng
"Oct 12, 2023 18:09:43.097222",0.002495,5,,,0x0002,140,,,,,,idle2.pcapng
"Oct 12, 2023 18:09:43.105275",,66,,,,,,,,,,idle2.pcapng
"Oct 12, 2023 18:09:43.107770",0.002495,5,,,0x0002,140,,,,,,idle2.pcapng
"Oct 12, 2023 18:09:43.117671",,45,,,,,,,,,,idle2.pcapng
"Oct 12, 2023 18:09:43.119494",0.001823,5,,,0x0002,95,,,,,,idle2.pcapng
"Oct 12, 2023 18:09:43.129279",,45,,,,,,,,,,idle2.pcapng
"Oct 12, 2023 18:09:43.134605",,45,,,,,,,,,,idle2.pcapng
"Oct 12, 2023 18:09:43.136640",0.002035,5,,,0x0002,77,,,,,,idle2.pcapng
"Oct 12, 2023 18:09:43.145305",,45,,,,,,,,,,idle2.pcapng
"Oct 12, 2023 18:09:43.163880",0.018575,59,0x09ac,0xffff,0x8841,75,0x0000,0xfffc,0x1209,,,idle2.pcapng
"Oct 12, 2023 18:09:43.195076",,45,,,,,,,,,,idle2.pcapng
"Oct 12, 2023 18:09:43.202615",,45,,,,,,,,,,idle2.pcapng
"Oct 12, 2023 18:09:43.208392",,63,,,,,,,,,,idle2.pcapng
"Oct 12, 2023 18:09:43.210790",0.002398,5,,,0x0002,143,,,,,,idle2.pcapng
"Oct 12, 2023 18:09:43.211408",,45,,,,,,,,,,idle2.pcapng
"Oct 12, 2023 18:09:43.213200",0.001792,5,,,0x0002,79,,,,,,idle2.pcapng
"Oct 12, 2023 18:09:43.258178",0.044978,45,0x0000,0xa209,0x8861,98,,,,,,idle2.pcapng
"Oct 12, 2023 18:09:43.261345",,45,,,,,,,,,,idle2.pcapng
"Oct 12, 2023 18:09:43.263955",,45,,,,,,,,,,idle2.pcapng
"Oct 12, 2023 18:09:43.265778",0.001823,5,,,0x0002,98,,,,,,idle2.pcapng
"Oct 12, 2023 18:09:43.266795",,45,,,,,,,,,,idle2.pcapng
"Oct 12, 2023 18:09:43.268587",0.001792,5,,,0x0002,80,,,,,,idle2.pcapng
"Oct 12, 2023 18:09:43.271626",,45,,,,,,,,,,idle2.pcapng
"Oct 12, 2023 18:09:43.273449",0.001823,5,,,0x0002,99,,,,,,idle2.pcapng
"Oct 12, 2023 18:09:43.286555",0.013106,45,0xa209,0xc8f0,0x8861,81,,,,,,idle2.pcapng
"Oct 12, 2023 18:09:43.288349",0.001794,5,,,0x0002,81,,,,,,idle2.pcapng
"Oct 12, 2023 18:09:43.299719",0.011370,59,0x0000,0xffff,0x8841,100,0x0000,0xfffc,0x1209,,,idle2.pcapng
"Oct 12, 2023 18:09:43.312026",0.012307,5,,,0x0002,129,,,,,,idle2.pcapng
"Oct 12, 2023 18:09:43.319048",0.007022,5,,,0x0002,129,,,,,,idle2.pcapng
"Oct 12, 2023 18:09:43.368637",0.049589,59,0xe694,0xffff,0x8841,92,0x0000,0xfffc,0x1209,,,idle2.pcapng
"Oct 12, 2023 18:09:43.447133",0.078496,59,0x054f,0xffff,0x8841,87,0x0000,0xfffc,0x1209,,,idle2.pcapng
"Oct 12, 2023 18:09:43.497524",,52,,,,,,,,,,idle2.pcapng
"Oct 12, 2023 18:09:43.499531",0.002007,5,,,0x0002,101,,,,,,idle2.pcapng
"Oct 12, 2023 18:09:43.511928",,54,,,,,,,,,,idle2.pcapng
"Oct 12, 2023 18:09:43.515293",,54,,,,,,,,,,idle2.pcapng
"Oct 12, 2023 18:09:43.523219",,63,,,,,,,,,,idle2.pcapng
"Oct 12, 2023 18:09:43.525618",0.002399,5,,,0x0002,130,,,,,,idle2.pcapng
"Oct 12, 2023 18:09:43.555280",0.029662,45,0x0000,0x6e5f,0x8861,103,,,,,,idle2.pcapng
"Oct 12, 2023 18:09:43.558241",,45,,,,,,,,,,idle2.pcapng
"Oct 12, 2023 18:09:43.560037",0.001796,5,,,0x0002,103,,,,,,idle2.pcapng
"Oct 12, 2023 18:09:43.572030",0.011993,54,0x0000,0x6e5f,0x8861,104,,,,,,idle2.pcapng
"Oct 12, 2023 18:09:43.575332",,54,,,,,,,,,,idle2.pcapng
"Oct 12, 2023 18:09:43.578662",,54,,,,,,,,,,idle2.pcapng
"Oct 12, 2023 18:09:43.581496",0.002834,54,0x0000,0x6e14,0x8861,104,,,,,,idle2.pcapng
"Oct 12, 2023 18:09:43.621085",0.039589,59,0x0000,0xffff,0x8841,105,0x0000,0xfffc,0x1209,,,idle2.pcapng
"Oct 12, 2023 18:09:43.650757",,54,,,,,,,,,,idle2.pcapng
"Oct 12, 2023 18:09:43.654059",0.003302,54,0x5730,0x6e5f,0x8861,106,,,,,,idle2.pcapng
"Oct 12, 2023 18:09:43.657390",,54,,,,,,,,,,idle2.pcapng
"Oct 12, 2023 18:09:43.659460",0.002070,5,,,0x0002,106,,,,,,idle2.pcapng
"Oct 12, 2023 18:09:43.753314",,66,,,,,,,,,,idle2.pcapng
"Oct 12, 2023 18:09:43.755809",0.002495,5,,,0x0002,134,,,,,,idle2.pcapng
"Oct 12, 2023 18:09:43.756506",0.000697,59,0xe5c4,0xffff,0x8841,229,0x0000,0xfffc,0x1209,,,idle2.pcapng
"Oct 12, 2023 18:09:43.761971",0.005465,59,0x09ac,0xffff,0x8841,77,0x0000,0xfffc,0x1209,,,idle2.pcapng
"Oct 12, 2023 18:09:43.776435",,45,,,,,,,,,,idle2.pcapng
"Oct 12, 2023 18:09:43.780169",,45,,,,,,,,,,idle2.pcapng
"Oct 12, 2023 18:09:43.781962",0.001793,5,,,0x0002,107,,,,,,idle2.pcapng
"Oct 12, 2023 18:09:43.820434",0.038472,59,0xc8f0,0xffff,0x8841,146,0x0000,0xfffc,0x1209,,,idle2.pcapng
"Oct 12, 2023 18:09:44.002781",0.182347,59,0x0000,0xffff,0x8841,108,0x0000,0xfffc,0x1209,,,idle2.pcapng
"Oct 12, 2023 18:09:44.034601",0.031820,59,0x482d,0xffff,0x8841,242,,,,,,idle2.pcapng
"Oct 12, 2023 18:09:44.167335",0.132734,107,,,,,,,,,,idle2.pcapng
"Oct 12, 2023 18:09:44.939765",0.772430,77,0xe694,0xffff,0x8841,94,0xe694,0xfffc,0x1209,,,idle2.pcapng
"Oct 12, 2023 18:09:45.933281",0.993516,71,0xc8f0,0xffff,0x8841,147,0xc8f0,0xfffc,0x1209,,,idle2.pcapng
"Oct 12, 2023 18:09:47.939699",2.006418,12,0x2cae,0x482d,0x8863,171,,,,,,idle2.pcapng
"Oct 12, 2023 18:09:48.316410",0.376711,107,0x054f,0xffff,0x886b,89,,,,,,idle2.pcapng
"Oct 12, 2023 18:09:49.023165",0.706755,74,0x09ac,0xffff,0x8841,79,0x09ac,0xfffc,0x1209,,,idle2.pcapng
"Oct 12, 2023 18:09:52.930746",3.907581,12,0x2cae,0x482d,0x8863,172,,,,,,idle2.pcapng
"Oct 12, 2023 18:09:52.931513",0.000767,5,,,0x0002,172,,,,,,idle2.pcapng
"Oct 12, 2023 18:09:54.688139",1.756626,77,0x0000,0xffff,0x8841,109,0x0000,0xfffc,0x1209,,,idle2.pcapng
"Oct 12, 2023 18:09:55.541831",0.853692,68,0xebe5,0xffff,0x8841,93,0xebe5,0xfffc,0x1209,,,idle2.pcapng
"Oct 12, 2023 18:09:55.775222",0.233391,77,0xe5c4,0xffff,0x8841,230,0xe5c4,0xfffc,0x1209,,,idle2.pcapng
"Oct 12, 2023 18:09:56.377636",0.602414,103,0x8e75,0xffff,0x8867,26,,,,,,idle2.pcapng
"Oct 12, 2023 18:09:57.265521",0.887885,74,0x6e5f,0xffff,0x8841,135,0x6e5f,0xfffc,0x1209,,,idle2.pcapng
"Oct 12, 2023 18:09:57.993819",0.728298,12,0x2cae,0x482d,0x8863,173,,,,,,idle2.pcapng
"Oct 12, 2023 18:09:57.994587",0.000768,5,,,0x0002,173,,,,,,idle2.pcapng
"Oct 12, 2023 18:09:59.904270",1.909683,77,0xe694,0xffff,0x8841,95,0xe694,0xfffc,0x1209,,,idle2.pcapng
"Oct 12, 2023 18:10:01.552691",1.648421,77,0x482d,0xffff,0x8841,244,0x482d,0xfffc,0x1209,,,idle2.pcapng
"Oct 12, 2023 18:10:03.055527",1.502836,12,0x2cae,0x482d,0x8863,174,,,,,,idle2.pcapng
"Oct 12, 2023 18:10:03.056294",0.000767,5,,,0x0002,174,,,,,,idle2.pcapng
"Oct 12, 2023 18:10:03.801294",0.745000,74,0x09ac,0xffff,0x8841,80,0x09ac,0xfffc,0x1209,,,idle2.pcapng
"Oct 12, 2023 18:10:04.719377",0.918083,108,0x054f,0xffff,0x886c,90,,,,,,idle2.pcapng
"Oct 12, 2023 18:10:08.056032",3.336655,12,0x2cae,0x482d,0x8863,175,,,,,,idle2.pcapng
"Oct 12, 2023 18:10:08.056799",0.000767,5,,,0x0002,175,,,,,,idle2.pcapng
"Oct 12, 2023 18:10:09.228825",1.172026,77,0x0000,0xffff,0x8841,110,0x0000,0xfffc,0x1209,,,idle2.pcapng
"Oct 12, 2023 18:10:10.194336",0.965511,77,0xe5c4,0xffff,0x8841,231,0xe5c4,0xfffc,0x1209,,,idle2.pcapng
"Oct 12, 2023 18:10:10.486609",0.292273,68,0xebe5,0xffff,0x8841,94,0xebe5,0xfffc,0x1209,,,idle2.pcapng
"Oct 12, 2023 18:10:11.374464",0.887855,77,0x82eb,0xffff,0x8841,27,0x82eb,0xfffc,0x1209,,,idle2.pcapng
"Oct 12, 2023 18:10:12.268210",0.893746,74,0x6e5f,0xffff,0x8841,136,0x6e5f,0xfffc,0x1209,,,idle2.pcapng
"Oct 12, 2023 18:10:12.874220",,52,,,,,,,,,,idle2.pcapng
"Oct 12, 2023 18:10:12.876235",0.002015,5,,,0x0002,111,,,,,,idle2.pcapng
"Oct 12, 2023 18:10:12.891735",,63,,,,,,,,,,idle2.pcapng
"Oct 12, 2023 18:10:12.896921",,63,,,,,,,,,,idle2.pcapng
"Oct 12, 2023 18:10:12.899320",0.002399,5,,,0x0002,96,,,,,,idle2.pcapng
"Oct 12, 2023 18:10:12.901571",,52,,,,,,,,,,idle2.pcapng
"Oct 12, 2023 18:10:12.919756",,52,,,,,,,,,,idle2.pcapng
"Oct 12, 2023 18:10:12.921780",0.002024,5,,,0x0002,112,,,,,,idle2.pcapng
"Oct 12, 2023 18:10:12.922457",,63,,,,,,,,,,idle2.pcapng
"Oct 12, 2023 18:10:12.924856",0.002399,5,,,0x0002,137,,,,,,idle2.pcapng
"Oct 12, 2023 18:10:12.951711",,54,,,,,,,,,,idle2.pcapng
"Oct 12, 2023 18:10:12.953783",0.002072,5,,,0x0002,113,,,,,,idle2.pcapng
"Oct 12, 2023 18:10:12.962054",,66,,,,,,,,,,idle2.pcapng
"Oct 12, 2023 18:10:12.964549",0.002495,5,,,0x0002,97,,,,,,idle2.pcapng
"Oct 12, 2023 18:10:12.966609",,54,,,,,,,,,,idle2.pcapng
"Oct 12, 2023 18:10:12.979182",,54,,,,,,,,,,idle2.pcapng
"Oct 12, 2023 18:10:12.981261",0.002079,5,,,0x0002,114,,,,,,idle2.pcapng
"Oct 12, 2023 18:10:12.982236",,66,,,,,,,,,,idle2.pcapng
"Oct 12, 2023 18:10:12.984731",0.002495,5,,,0x0002,138,,,,,,idle2.pcapng
"Oct 12, 2023 18:10:13.006519",,45,,,,,,,,,,idle2.pcapng
"Oct 12, 2023 18:10:13.024469",,45,,,,,,,,,,idle2.pcapng
"Oct 12, 2023 18:10:13.026260",0.001791,5,,,0x0002,115,,,,,,idle2.pcapng
"Oct 12, 2023 18:10:13.031165",,54,,,,,,,,,,idle2.pcapng
"Oct 12, 2023 18:10:13.036855",,54,,,,,,,,,,idle2.pcapng
"Oct 12, 2023 18:10:13.038967",0.002112,5,,,0x0002,116,,,,,,idle2.pcapng
"Oct 12, 2023 18:10:13.052608",0.013641,54,0xa209,0xc8f0,0x8861,85,,,,,,idle2.pcapng
"Oct 12, 2023 18:10:13.054689",0.002081,5,,,0x0002,85,,,,,,idle2.pcapng
"Oct 12, 2023 18:10:13.062426",,45,,,,,,,,,,idle2.pcapng
"Oct 12, 2023 18:10:13.072772",0.010346,106,0xc8f0,0x0000,0x886a,149,,,,,,idle2.pcapng
"Oct 12, 2023 18:10:13.093364",,52,,,,,,,,,,idle2.pcapng
"Oct 12, 2023 18:10:13.095412",0.002048,5,,,0x0002,118,,,,,,idle2.pcapng
"Oct 12, 2023 18:10:13.105898",,52,,,,,,,,,,idle2.pcapng
"Oct 12, 2023 18:10:13.114269",0.008371,104,0xc8f0,0x0000,0x8868,151,,,,,,idle2.pcapng
"Oct 12, 2023 18:10:13.117373",,52,,,,,,,,,,idle2.pcapng
"Oct 12, 2023 18:10:13.119558",0.002185,101,,,0x0065,136,,,,,,idle2.pcapng
"Oct 12, 2023 18:10:13.128082",0.008524,12,0x2cae,0x482d,0x8863,176,,,,,,idle2.pcapng
"Oct 12, 2023 18:10:13.128849",0.000767,5,,,0x0002,176,,,,,,idle2.pcapng
"Oct 12, 2023 18:10:13.134036",0.005187,45,0x7000,0xe694,0x8861,119,,,,,,idle2.pcapng
"Oct 12, 2023 18:10:13.136826",,45,,,,,,,,,,idle2.pcapng
"Oct 12, 2023 18:10:13.138618",0.001792,5,,,0x0002,119,,,,,,idle2.pcapng
"Oct 12, 2023 18:10:13.156327",0.017709,52,0x7777,0x7777,0x8861,87,,,,,,idle2.pcapng
"Oct 12, 2023 18:10:13.163398",0.007071,52,0xa209,0xc8f0,0x8861,87,,,,,,idle2.pcapng
"Oct 12, 2023 18:10:13.165445",,45,,,,,,,,,,idle2.pcapng
"Oct 12, 2023 18:10:13.168194",,45,,,,,,,,,,idle2.pcapng
"Oct 12, 2023 18:10:13.170938",,45,,,,,,,,,,idle2.pcapng
"Oct 12, 2023 18:10:13.173243",0.002305,63,0xc8f0,0x0000,0x8861,153,,,,,,idle2.pcapng
"Oct 12, 2023 18:10:13.175642",,45,,,,,,,,,,idle2.pcapng
"Oct 12, 2023 18:10:13.186783",,45,,,,,,,,,,idle2.pcapng
"Oct 12, 2023 18:10:13.188576",0.001793,5,,,0x0002,121,,,,,,idle2.pcapng
"Oct 12, 2023 18:10:13.188969",,63,,,,,,,,,,idle2.pcapng
"Oct 12, 2023 18:10:13.191395",,45,,,,,,,,,,idle2.pcapng
"Oct 12, 2023 18:10:13.193183",0.001788,5,,,0x0002,121,,,,,,idle2.pcapng
"Oct 12, 2023 18:10:13.201975",0.008792,63,,,0x4861,85,,,,,,idle2.pcapng
"Oct 12, 2023 18:10:13.225700",0.023725,63,0xc8f0,0x0000,0x8861,155,,,,,,idle2.pcapng
"Oct 12, 2023 18:10:13.228099",0.002399,5,,,0x0002,155,,,,,,idle2.pcapng
"Oct 12, 2023 18:10:13.261353",,45,,,,,,,,,,idle2.pcapng
"Oct 12, 2023 18:10:13.263995",,45,,,,,,,,,,idle2.pcapng
"Oct 12, 2023 18:10:13.266665",,45,,,,,,,,,,idle2.pcapng
"Oct 12, 2023 18:10:13.269280",,45,,,,,,,,,,idle2.pcapng
"Oct 12, 2023 18:10:13.313551",,45,,,,,,,,,,idle2.pcapng
"Oct 12, 2023 18:10:13.316139",,45,,,,,,,,,,idle2.pcapng
"Oct 12, 2023 18:10:13.326596",,45,,,,,,,,,,idle2.pcapng
"Oct 12, 2023 18:10:15.001688",1.675092,77,0xe694,0xffff,0x8841,98,0xe694,0xfffc,0x1209,,,idle2.pcapng
"Oct 12, 2023 18:10:15.805693",0.804005,74,0xa209,0xffff,0x8841,89,0xa209,0xfffc,0x1209,,,idle2.pcapng
"Oct 12, 2023 18:10:15.904833",0.099140,71,0xc8f0,0xffff,0x8841,157,0xc8f0,0xfffc,0x1209,,,idle2.pcapng
"Oct 12, 2023 18:10:16.326102",0.421269,105,0x482d,0xffff,0x8869,245,,,,,,idle2.pcapng
"Oct 12, 2023 18:10:18.120515",1.794413,12,0x2cae,0x482d,0x8863,177,,,,,,idle2.pcapng
"Oct 12, 2023 18:10:18.265039",,57,,,,,,,,,,idle2.pcapng
"Oct 12, 2023 18:10:18.267246",0.002207,5,,,0x0002,99,,,,,,idle2.pcapng
"Oct 12, 2023 18:10:18.305992",,50,,,,,,,,,,idle2.pcapng
"Oct 12, 2023 18:10:18.307939",0.001947,5,,,0x0002,124,,,,,,idle2.pcapng
"Oct 12, 2023 18:10:18.313312",,45,,,,,,,,,,idle2.pcapng
"Oct 12, 2023 18:10:18.315135",0.001823,5,,,0x0002,100,,,,,,idle2.pcapng
"Oct 12, 2023 18:10:18.327471",,63,,,,,,,,,,idle2.pcapng
"Oct 12, 2023 18:10:18.329869",0.002398,5,,,0x0002,101,,,,,,idle2.pcapng
"Oct 12, 2023 18:10:18.372886",,50,,,,,,,,,,idle2.pcapng
"Oct 12, 2023 18:10:18.374829",0.001943,5,,,0x0002,125,,,,,,idle2.pcapng
"Oct 12, 2023 18:10:18.380097",,45,,,,,,,,,,idle2.pcapng
"Oct 12, 2023 18:10:18.381920",0.001823,5,,,0x0002,102,,,,,,idle2.pcapng
"Oct 12, 2023 18:10:20.472102",2.090182,77,0x054f,0xffff,0x8841,91,0x054f,0xfffc,0x1209,,,idle2.pcapng
"Oct 12, 2023 18:10:23.183764",2.711662,12,0x2cae,0x482d,0x8863,178,,,,,,idle2.pcapng
"Oct 12, 2023 18:10:23.184532",0.000768,5,,,0x0002,178,,,,,,idle2.pcapng
"Oct 12, 2023 18:10:25.542867",2.358335,68,0xebe5,0xffff,0x8841,95,0xebe5,0xfffc,0x1209,,,idle2.pcapng
"Oct 12, 2023 18:10:25.714492",0.171625,77,0x0000,0xffff,0x8841,126,0x0000,0xfffc,0x1209,,,idle2.pcapng
"Oct 12, 2023 18:10:25.810233",0.095741,106,0x45c4,0xffff,0x886a,232,,,,,,idle2.pcapng
"Oct 12, 2023 18:10:28.213491",2.403258,12,0x2cae,0x482d,0x8863,179,,,,,,idle2.pcapng
"Oct 12, 2023 18:10:28.214259",0.000768,5,,,0x0002,179,,,,,,idle2.pcapng
"Oct 12, 2023 18:10:30.017973",1.803714,77,0xe694,0xffff,0x8841,103,0xe694,0xfffc,0x1209,,,idle2.pcapng
"Oct 12, 2023 18:10:30.959842",0.941869,98,0xc8f0,0xffff,0x8862,158,,,,,,idle2.pcapng
"Oct 12, 2023 18:10:32.345010",1.385168,74,0x09ac,0xffff,0x8841,82,0x09ac,0xfffc,0x1209,,,idle2.pcapng
"Oct 12, 2023 18:10:33.214550",0.869540,12,0x2cae,0x482d,0x8863,180,,,,,,idle2.pcapng
"Oct 12, 2023 18:10:33.215317",0.000767,5,,,0x0002,180,,,,,,idle2.pcapng
"Oct 12, 2023 18:10:33.447696",0.232379,74,0xa209,0xffff,0x8841,90,0xa209,0xfffc,0x1209,,,idle2.pcapng
"Oct 12, 2023 18:10:37.485269",4.037573,77,0x054f,0xffff,0x8841,92,0x054f,0xfffc,0x1209,,,idle2.pcapng
"Oct 12, 2023 18:10:38.276428",0.791159,12,0x2cae,0x482d,0x8863,181,,,,,,idle2.pcapng
"Oct 12, 2023 18:10:38.277195",0.000767,5,,,0x0002,181,,,,,,idle2.pcapng
"Oct 12, 2023 18:10:41.384122",3.106927,77,0x82eb,0xffff,0x8841,29,0x82eb,0xfffc,0x1209,,,idle2.pcapng
"Oct 12, 2023 18:10:41.997690",0.613568,77,0x0000,0xffff,0x8841,127,0x0000,0xfffc,0x1209,,,idle2.pcapng
"Oct 12, 2023 18:10:42.868780",,52,,,,,,,,,,idle2.pcapng
"Oct 12, 2023 18:10:42.870797",0.002017,5,,,0x0002,128,,,,,,idle2.pcapng
"Oct 12, 2023 18:10:42.878816",,63,,,,,,,,,,idle2.pcapng
"Oct 12, 2023 18:10:42.881215",0.002399,5,,,0x0002,104,,,,,,idle2.pcapng
"Oct 12, 2023 18:10:42.905756",,52,,,,,,,,,,idle2.pcapng
"Oct 12, 2023 18:10:42.907766",0.002010,5,,,0x0002,129,,,,,,idle2.pcapng
"Oct 12, 2023 18:10:42.915488",,63,,,,,,,,,,idle2.pcapng
"Oct 12, 2023 18:10:42.917886",0.002398,5,,,0x0002,141,,,,,,idle2.pcapng
"Oct 12, 2023 18:10:42.923147",,45,,,,,,,,,,idle2.pcapng
"Oct 12, 2023 18:10:42.924941",0.001794,5,,,0x0002,130,,,,,,idle2.pcapng
"Oct 12, 2023 18:10:42.945448",,54,,,,,,,,,,idle2.pcapng
"Oct 12, 2023 18:10:42.947530",0.002082,5,,,0x0002,131,,,,,,idle2.pcapng
"Oct 12, 2023 18:10:42.955431",,66,,,,,,,,,,idle2.pcapng
"Oct 12, 2023 18:10:42.957926",0.002495,5,,,0x0002,105,,,,,,idle2.pcapng
"Oct 12, 2023 18:10:42.964753",,45,,,,,,,,,,idle2.pcapng
"Oct 12, 2023 18:10:42.966535",0.001782,5,,,0x0002,132,,,,,,idle2.pcapng
"Oct 12, 2023 18:10:42.978630",,54,,,,,,,,,,idle2.pcapng
"Oct 12, 2023 18:10:42.980710",0.002080,5,,,0x0002,133,,,,,,idle2.pcapng
"Oct 12, 2023 18:10:42.988766",0.008056,107,0x6e5f,0x0000,0x886b,142,,,,,,idle2.pcapng
"Oct 12, 2023 18:10:42.992368",,54,,,,,,,,,,idle2.pcapng
"Oct 12, 2023 18:10:42.998287",0.005919,54,0xa209,0xc8f0,0x8861,91,,,,,,idle2.pcapng
"Oct 12, 2023 18:10:43.003706",,54,,,,,,,,,,idle2.pcapng
"Oct 12, 2023 18:10:43.009411",,54,,,,,,,,,,idle2.pcapng
"Oct 12, 2023 18:10:43.014676",0.005265,5,,,0x0002,143,,,,,,idle2.pcapng
"Oct 12, 2023 18:10:43.019011",,54,,,,,,,,,,idle2.pcapng
"Oct 12, 2023 18:10:43.021091",0.002080,5,,,0x0002,91,,,,,,idle2.pcapng
"Oct 12, 2023 18:10:43.028848",,66,,,,,,,,,,idle2.pcapng
"Oct 12, 2023 18:10:43.031343",0.002495,5,,,0x0002,159,,,,,,idle2.pcapng
"Oct 12, 2023 18:10:43.032535",,52,,,,,,,,,,idle2.pcapng
"Oct 12, 2023 18:10:43.034581",0.002046,5,,,0x0002,135,,,,,,idle2.pcapng
"Oct 12, 2023 18:10:43.038984",,52,,,,,,,,,,idle2.pcapng
"Oct 12, 2023 18:10:43.041001",0.002017,5,,,0x0002,92,,,,,,idle2.pcapng
"Oct 12, 2023 18:10:43.048736",,63,,,,,,,,,,idle2.pcapng
"Oct 12, 2023 18:10:43.051134",0.002398,5,,,0x0002,160,,,,,,idle2.pcapng
"Oct 12, 2023 18:10:43.053194",,45,,,,,,,,,,idle2.pcapng
"Oct 12, 2023 18:10:43.054977",0.001783,5,,,0x0002,136,,,,,,idle2.pcapng
"Oct 12, 2023 18:10:43.066773",,45,,,,,,,,,,idle2.pcapng
"Oct 12, 2023 18:10:43.068567",0.001794,5,,,0x0002,137,,,,,,idle2.pcapng
"Oct 12, 2023 18:10:43.074674",,45,,,,,,,,,,idle2.pcapng
"Oct 12, 2023 18:10:43.076497",0.001823,5,,,0x0002,138,,,,,,idle2.pcapng
"Oct 12, 2023 18:10:43.078828",,45,,,,,,,,,,idle2.pcapng
"Oct 12, 2023 18:10:43.080610",0.001782,5,,,0x0002,93,,,,,,idle2.pcapng
"Oct 12, 2023 18:10:43.082159",,45,,,,,,,,,,idle2.pcapng
"Oct 12, 2023 18:10:43.083982",0.001823,5,,,0x0002,139,,,,,,idle2.pcapng
"Oct 12, 2023 18:10:43.088311",0.004329,45,0xa209,0xc8f0,0x8861,94,,,,,,idle2.pcapng
"Oct 12, 2023 18:10:43.090104",0.001793,5,,,0x0002,94,,,,,,idle2.pcapng
"Oct 12, 2023 18:10:43.307877",0.217773,12,0x2cae,0x482d,0x8863,182,,,,,,idle2.pcapng
"Oct 12, 2023 18:10:43.308644",0.000767,5,,,0x0002,182,,,,,,idle2.pcapng
"Oct 12, 2023 18:10:44.957015",1.648371,77,0xe694,0xffff,0x8841,106,0xe694,0xfffc,0x1209,,,idle2.pcapng
"Oct 12, 2023 18:10:45.886639",0.929624,71,0xc8f0,0xffff,0x8841,161,0xc8f0,0xfffc,0x1209,,,idle2.pcapng
"Oct 12, 2023 18:10:48.309606",2.422967,12,0x2cae,0x482d,0x8863,183,,,,,,idle2.pcapng
"Oct 12, 2023 18:10:48.310373",0.000767,5,,,0x0002,183,,,,,,idle2.pcapng
"Oct 12, 2023 18:10:48.925856",0.615483,74,0x09ac,0xffff,0x8841,83,0x09ac,0xfffc,0x1209,,,idle2.pcapng
"Oct 12, 2023 18:10:49.242872",0.317016,74,0xa209,0xffff,0x8841,95,0xa209,0xfffc,0x1209,,,idle2.pcapng
"Oct 12, 2023 18:10:49.766614",0.523742,77,0x482d,0xffff,0x8841,247,0x482d,0xfffc,0x1209,,,idle2.pcapng
"Oct 12, 2023 18:10:51.409824",1.643210,77,0x054f,0xffff,0x8841,93,0x054f,0xfffc,0x1209,,,idle2.pcapng
"Oct 12, 2023 18:10:53.371362",1.961538,12,0x2cae,0x482d,0x8863,184,,,,,,idle2.pcapng
"Oct 12, 2023 18:10:53.372129",0.000767,5,,,0x0002,184,,,,,,idle2.pcapng
"Oct 12, 2023 18:10:56.373911",3.001782,77,0x82eb,0xffff,0x8841,30,0x82eb,0xfffc,0x1209,,,idle2.pcapng
"Oct 12, 2023 18:10:57.077585",0.703674,77,0x0000,0xffff,0x8841,140,0x0000,0xfffc,0x1209,,,idle2.pcapng
"Oct 12, 2023 18:10:57.179245",0.101660,71,0x6e5f,0xffff,0x8841,144,0x6e5f,0xfffc,0x1209,,,idle2.pcapng
"Oct 12, 2023 18:10:58.371758",1.192513,12,0x2cae,0x482d,0x8863,185,,,,,,idle2.pcapng
"Oct 12, 2023 18:10:58.372525",0.000767,5,,,0x0002,185,,,,,,idle2.pcapng
"Oct 12, 2023 18:10:59.951310",1.578785,77,0xe5c4,0xffff,0x8841,234,0xe5c4,0xfffc,0x1209,,,idle2.pcapng
"Oct 12, 2023 18:11:00.003654",0.052344,77,0xe694,0xffff,0x8841,107,0xe694,0xfffc,0x1209,,,idle2.pcapng
"Oct 12, 2023 18:11:02.322218",,50,,,,,,,,,,idle2.pcapng
"Oct 12, 2023 18:11:02.326282",,50,,,,,,,,,,idle2.pcapng
"Oct 12, 2023 18:11:02.328265",0.001983,5,,,0x0002,141,,,,,,idle2.pcapng
"Oct 12, 2023 18:11:02.329281",0.001016,55,0xa209,0x0000,0x8861,96,0xa209,0x0000,0x1a09,,,idle2.pcapng
"Oct 12, 2023 18:11:02.331424",0.002143,5,,,0x0002,96,,,,,,idle2.pcapng
"Oct 12, 2023 18:11:02.376786",,53,,,,,,,,,,idle2.pcapng
"Oct 12, 2023 18:11:02.378864",0.002078,5,,,0x0002,97,,,,,,idle2.pcapng
"Oct 12, 2023 18:11:02.420215",,50,,,,,,,,,,idle2.pcapng
"Oct 12, 2023 18:11:02.422199",0.001984,5,,,0x0002,142,,,,,,idle2.pcapng
"Oct 12, 2023 18:11:02.426484",0.004285,55,0xa209,0x0000,0x8861,98,0xa209,0x0000,0x1a09,,,idle2.pcapng
"Oct 12, 2023 18:11:02.428627",0.002143,5,,,0x0002,98,,,,,,idle2.pcapng
"Oct 12, 2023 18:11:02.473694",0.045067,53,0xa209,0x0000,0x8861,99,,,,,,idle2.pcapng
"Oct 12, 2023 18:11:02.475773",0.002079,5,,,0x0002,99,,,,,,idle2.pcapng
"Oct 12, 2023 18:11:03.378316",0.902543,107,0xa209,0xffff,0x886b,100,,,,,,idle2.pcapng
"Oct 12, 2023 18:11:03.401950",0.023634,12,0x2cae,0x482d,0x8863,186,,,,,,idle2.pcapng
"Oct 12, 2023 18:11:03.402717",0.000767,5,,,0x0002,186,,,,,,idle2.pcapng
"Oct 12, 2023 18:11:05.208356",1.805639,74,0x09ac,0xffff,0x8841,84,0x09ac,0xfffc,0x1209,,,idle2.pcapng
"Oct 12, 2023 18:11:05.563376",0.355020,77,0x054f,0xffff,0x8841,94,0x054f,0xfffc,0x1209,,,idle2.pcapng
"Oct 12, 2023 18:11:05.784861",0.221485,106,0x482d,0xffff,0x886a,248,,,,,,idle2.pcapng
"Oct 12, 2023 18:11:08.464901",2.680040,12,0x2cae,0x482d,0x8863,187,,,,,,idle2.pcapng
"Oct 12, 2023 18:11:08.465668",0.000767,5,,,0x0002,187,,,,,,idle2.pcapng
"Oct 12, 2023 18:11:09.752687",,55,,,,,,,,,,idle2.pcapng
"Oct 12, 2023 18:11:09.754801",0.002114,5,,,0x0002,134,,,,,,idle2.pcapng
"Oct 12, 2023 18:11:09.758506",,55,,,,,,,,,,idle2.pcapng
"Oct 12, 2023 18:11:09.760649",0.002143,5,,,0x0002,108,,,,,,idle2.pcapng
"Oct 12, 2023 18:11:10.567152",0.806503,68,0xebe5,0xffff,0x8841,98,0xebe5,0xfffc,0x1209,,,idle2.pcapng
"Oct 12, 2023 18:11:11.385780",0.818628,77,0x82eb,0xffff,0x8841,31,0x82eb,0xfffc,0x1209,,,idle2.pcapng
"Oct 12, 2023 18:11:12.283195",0.897415,71,0x6e5f,0xffff,0x8841,145,0x6e5f,0xfffc,0x1209,,,idle2.pcapng
"Oct 12, 2023 18:11:12.870331",,52,,,,,,,,,,idle2.pcapng
"Oct 12, 2023 18:11:12.872347",0.002016,5,,,0x0002,143,,,,,,idle2.pcapng
"Oct 12, 2023 18:11:12.889135",0.016788,63,0xe694,0x0000,0x8861,109,,,,,,idle2.pcapng
"Oct 12, 2023 18:11:12.894321",0.005186,63,0xe694,0x0000,0x8861,109,,,,,,idle2.pcapng
"Oct 12, 2023 18:11:12.925934",,52,,,,,,,,,,idle2.pcapng
"Oct 12, 2023 18:11:12.927952",0.002018,5,,,0x0002,144,,,,,,idle2.pcapng
"Oct 12, 2023 18:11:12.935722",0.007770,63,0x6757,0x2800,0x8861,146,,,,,,idle2.pcapng
"Oct 12, 2023 18:11:12.959657",,54,,,,,,,,,,idle2.pcapng
"Oct 12, 2023 18:11:12.961727",0.002070,5,,,0x0002,145,,,,,,idle2.pcapng
"Oct 12, 2023 18:11:12.973260",,45,,,,,,,,,,idle2.pcapng
"Oct 12, 2023 18:11:12.975053",0.001793,5,,,0x0002,146,,,,,,idle2.pcapng
"Oct 12, 2023 18:11:12.977901",,66,,,,,,,,,,idle2.pcapng
"Oct 12, 2023 18:11:12.980396",0.002495,5,,,0x0002,110,,,,,,idle2.pcapng
"Oct 12, 2023 18:11:12.982510",,63,,,,,,,,,,idle2.pcapng
"Oct 12, 2023 18:11:12.984909",0.002399,5,,,0x0002,148,,,,,,idle2.pcapng
"Oct 12, 2023 18:11:12.995453",,54,,,,,,,,,,idle2.pcapng
"Oct 12, 2023 18:11:13.003430",,54,,,,,,,,,,idle2.pcapng
"Oct 12, 2023 18:11:13.006424",,54,,,,,,,,,,idle2.pcapng
"Oct 12, 2023 18:11:13.008505",0.002081,5,,,0x0002,147,,,,,,idle2.pcapng
"Oct 12, 2023 18:11:13.009699",,54,,,,,,,,,,idle2.pcapng
"Oct 12, 2023 18:11:13.043504",,66,,,,,,,,,,idle2.pcapng
"Oct 12, 2023 18:11:13.045999",0.002495,5,,,0x0002,150,,,,,,idle2.pcapng
"Oct 12, 2023 18:11:13.049579",,54,,,,,,,,,,idle2.pcapng
"Oct 12, 2023 18:11:13.057872",,54,,,,,,,,,,idle2.pcapng
"Oct 12, 2023 18:11:13.060771",,54,,,,,,,,,,idle2.pcapng
"Oct 12, 2023 18:11:13.064345",0.003574,54,0x0000,0xa209,0x8861,148,,,,,,idle2.pcapng
"Oct 12, 2023 18:11:13.093633",,52,,,,,,,,,,idle2.pcapng
"Oct 12, 2023 18:11:13.103381",,63,,,,,,,,,,idle2.pcapng
"Oct 12, 2023 18:11:13.105780",0.002399,5,,,0x0002,111,,,,,,idle2.pcapng
"Oct 12, 2023 18:11:13.111934",,52,,,,,,,,,,idle2.pcapng
"Oct 12, 2023 18:11:13.113951",0.002017,5,,,0x0002,149,,,,,,idle2.pcapng
"Oct 12, 2023 18:11:13.125682",,54,,,,,,,,,,idle2.pcapng
"Oct 12, 2023 18:11:13.127764",0.002082,5,,,0x0002,102,,,,,,idle2.pcapng
"Oct 12, 2023 18:11:13.129818",,45,,,,,,,,,,idle2.pcapng
"Oct 12, 2023 18:11:13.131600",0.001782,5,,,0x0002,150,,,,,,idle2.pcapng
"Oct 12, 2023 18:11:13.135740",,66,,,,,,,,,,idle2.pcapng
"Oct 12, 2023 18:11:13.138235",0.002495,5,,,0x0002,163,,,,,,idle2.pcapng
"Oct 12, 2023 18:11:13.151158",,45,,,,,,,,,,idle2.pcapng
"Oct 12, 2023 18:11:13.154862",,45,,,,,,,,,,idle2.pcapng
"Oct 12, 2023 18:11:13.162324",,45,,,,,,,,,,idle2.pcapng
"Oct 12, 2023 18:11:13.164104",0.001780,5,,,0x0002,151,,,,,,idle2.pcapng
"Oct 12, 2023 18:11:13.202370",0.038266,52,0x0000,0xa209,0x8861,152,,,,,,idle2.pcapng
"Oct 12, 2023 18:11:13.205744",,52,,,,,,,,,,idle2.pcapng
"Oct 12, 2023 18:11:13.207791",0.002047,107,,,0x066b,40,,,,,,idle2.pcapng
"Oct 12, 2023 18:11:13.219808",0.012017,52,0xa209,0xc8f0,0x8861,103,,,,,,idle2.pcapng
"Oct 12, 2023 18:11:13.221824",0.002016,5,,,0x0002,103,,,,,,idle2.pcapng
"Oct 12, 2023 18:11:13.222873",,45,,,,,,,,,,idle2.pcapng
"Oct 12, 2023 18:11:13.229739",,63,,,,,,,,,,idle2.pcapng
"Oct 12, 2023 18:11:13.232138",0.002399,5,,,0x0002,164,,,,,,idle2.pcapng
"Oct 12, 2023 18:11:13.238830",,45,,,,,,,,,,idle2.pcapng
"Oct 12, 2023 18:11:13.240622",0.001792,5,,,0x0002,154,,,,,,idle2.pcapng
"Oct 12, 2023 18:11:13.269296",,45,,,,,,,,,,idle2.pcapng
"Oct 12, 2023 18:11:13.276912",0.007616,45,0xa209,0xc8f0,0x8861,104,,,,,,idle2.pcapng
"Oct 12, 2023 18:11:13.278705",0.001793,5,,,0x0002,104,,,,,,idle2.pcapng
"Oct 12, 2023 18:11:13.284545",,45,,,,,,,,,,idle2.pcapng
"Oct 12, 2023 18:11:13.286368",0.001823,5,,,0x0002,155,,,,,,idle2.pcapng
"Oct 12, 2023 18:11:13.306135",0.019767,59,0x0000,0xffff,0x8841,156,,,,,,idle2.pcapng
"Oct 12, 2023 18:11:13.362345",0.056210,59,0xe694,0xff6f,0x8841,112,,,,,,idle2.pcapng
"Oct 12, 2023 18:11:13.389170",0.026825,59,0xe5c4,0xffff,0x8841,235,,,,,,idle2.pcapng
"Oct 12, 2023 18:11:13.438589",0.049419,59,0x09ac,0xffff,0x8841,85,0x0000,0xfffc,0x1209,,,idle2.pcapng
"Oct 12, 2023 18:11:13.443978",0.005389,77,0x0000,0xffff,0x8841,157,0x0000,0xfffc,0x1209,,,idle2.pcapng
"Oct 12, 2023 18:11:13.467482",0.023504,12,0x2cae,0x482d,0x8863,188,,,,,,idle2.pcapng
"Oct 12, 2023 18:11:13.468249",0.000767,5,,,0x0002,188,,,,,,idle2.pcapng
"Oct 12, 2023 18:11:13.568128",0.099879,59,0xa209,0xffff,0x8841,105,0x0000,0xfffc,0x1209,,,idle2.pcapng
"Oct 12, 2023 18:11:13.580055",0.011927,5,,,0x0002,165,,,,,,idle2.pcapng
"Oct 12, 2023 18:11:13.581144",0.001089,45,0xa209,0x482d,0x8861,106,0xa209,0x482d,0x0209,,,idle2.pcapng
"Oct 12, 2023 18:11:13.582967",0.001823,5,,,0x0002,106,,,,,,idle2.pcapng
"Oct 12, 2023 18:11:13.586718",0.003751,45,0x482d,0xe5c4,0x8861,250,0x482d,0xe5c4,0x0209,,,idle2.pcapng
"Oct 12, 2023 18:11:13.588542",0.001824,5,,,0x0002,250,,,,,,idle2.pcapng
"Oct 12, 2023 18:11:13.591438",0.002896,59,0x0000,0xffff,0x8841,158,0x0000,0xfffc,0x1209,,,idle2.pcapng
"Oct 12, 2023 18:11:13.616622",0.025184,59,0xe694,0xffff,0x8841,113,0x0000,0xfffc,0x1209,,,idle2.pcapng
"Oct 12, 2023 18:11:13.673646",0.057024,45,0xe5c4,0x0000,0x8861,237,0xe5c4,0x0000,0x0209,,,idle2.pcapng
"Oct 12, 2023 18:11:13.675469",0.001823,5,,,0x0002,237,,,,,,idle2.pcapng
"Oct 12, 2023 18:11:13.732265",0.056796,59,0x054f,0xffff,0x8841,96,0x0000,0xfffc,0x1209,,,idle2.pcapng
"Oct 12, 2023 18:11:13.768323",0.036058,59,0xe5c4,0xffff,0x8841,238,,,,,,idle2.pcapng
"Oct 12, 2023 18:11:13.771456",0.003133,59,0x482d,0xffff,0x8841,251,0x0000,0xfffc,0x1209,,,idle2.pcapng
"Oct 12, 2023 18:11:13.789182",0.017726,59,0x6e5f,0xffff,0x8841,152,0x0000,0xfffc,0x1209,,,idle2.pcapng
"Oct 12, 2023 18:11:13.844364",,45,,,,,,,,,,idle2.pcapng
"Oct 12, 2023 18:11:13.846188",0.001824,5,,,0x0002,159,,,,,,idle2.pcapng
"Oct 12, 2023 18:11:13.852669",,45,,,,,,,,,,idle2.pcapng
"Oct 12, 2023 18:11:13.854493",0.001824,5,,,0x0002,239,,,,,,idle2.pcapng
"Oct 12, 2023 18:11:13.857031",,45,,,,,,,,,,idle2.pcapng
"Oct 12, 2023 18:11:13.858854",0.001823,5,,,0x0002,252,,,,,,idle2.pcapng
"Oct 12, 2023 18:11:13.861307",,45,,,,,,,,,,idle2.pcapng
"Oct 12, 2023 18:11:13.863098",0.001791,5,,,0x0002,107,,,,,,idle2.pcapng
"Oct 12, 2023 18:11:13.870844",0.007746,59,0xe694,0xffff,0x8841,114,0x0000,0xfffc,0x1209,,,idle2.pcapng
"Oct 12, 2023 18:11:13.898123",0.027279,59,0xa209,0xffff,0x8841,108,0x0000,0xfffc,0x1209,,,idle2.pcapng
"Oct 12, 2023 18:11:13.903610",0.005487,45,0xc8f0,0xa209,0x8861,167,0xc8f0,0xa209,0x0209,,,idle2.pcapng
"Oct 12, 2023 18:11:13.905433",0.001823,5,,,0x0002,167,,,,,,idle2.pcapng
"Oct 12, 2023 18:11:13.910004",0.004571,45,0xa209,0x0000,0x8861,109,0xa209,0x0000,0x0209,,,idle2.pcapng
"Oct 12, 2023 18:11:13.911827",0.001823,5,,,0x0002,109,,,,,,idle2.pcapng
"Oct 12, 2023 18:11:13.920263",0.008436,59,0x0000,0xffff,0x8841,160,0x0000,0xfffc,0x1209,,,idle2.pcapng
"Oct 12, 2023 18:11:13.938268",0.018005,59,0x82eb,0xffff,0x8841,34,0x0000,0xfffc,0x1209,,,idle2.pcapng
"Oct 12, 2023 18:11:13.996677",0.058409,59,0xebe5,0xffff,0x8841,101,0x0000,0xfffc,0x1209,,,idle2.pcapng
"Oct 12, 2023 18:11:14.028139",0.031462,59,0x054f,0xffff,0x8841,97,0x0000,0xfffc,0x1209,,,idle2.pcapng
"Oct 12, 2023 18:11:14.043211",0.015072,59,0x6e5f,0xffff,0x8841,153,0x0000,0xfffc,0x1209,,,idle2.pcapng
"Oct 12, 2023 18:11:14.060402",0.017191,59,0x09ac,0xffff,0x8841,87,0x0000,0xfffc,0x1209,,,idle2.pcapng
"Oct 12, 2023 18:11:14.071896",0.011494,107,,,,,,,,,,idle2.pcapng
"Oct 12, 2023 18:11:14.076165",0.004269,59,0xe5c4,0xffff,0x8841,240,0x0000,0xfffc,0x1209,,,idle2.pcapng
"Oct 12, 2023 18:11:14.211117",0.134952,59,0xa209,0xffff,0x8841,110,0x0000,0xfffc,0x1209,,,idle2.pcapng
"Oct 12, 2023 18:11:14.269874",0.058757,59,0x0000,0xffff,0x8841,161,0x0000,0xfffc,0x1209,,,idle2.pcapng
"Oct 12, 2023 18:11:14.382707",0.112833,59,0x09ac,0xffff,0x8841,88,0x0000,0xfffc,0x1209,,,idle2.pcapng
"Oct 12, 2023 18:11:14.401515",0.018808,59,0x482d,0xffff,0x8841,254,0x0000,0xfffc,0x1209,,,idle2.pcapng
"Oct 12, 2023 18:11:14.534722",0.133207,59,0xa209,0xffff,0x8841,111,0x0000,0xfffc,0x1209,,,idle2.pcapng
"Oct 12, 2023 18:11:14.706824",0.172102,59,0x482d,0xffff,0x8841,255,0x0000,0xfffc,0x1209,,,idle2.pcapng
"Oct 12, 2023 18:11:14.752294",0.045470,59,0x59a6,0xee6f,0x8841,89,,,,,,idle2.pcapng
"Oct 12, 2023 18:11:15.036040",0.283746,77,0xe694,0xffff,0x8841,115,0xe694,0xfffc,0x1209,,,idle2.pcapng
"Oct 12, 2023 18:11:17.579054",2.543014,77,0xe5c4,0xffff,0x8841,241,0xe5c4,0xfffc,0x1209,,,idle2.pcapng
"Oct 12, 2023 18:11:17.872007",0.292953,5,,,0x0002,154,,,,,,idle2.pcapng
"Oct 12, 2023 18:11:17.912974",0.040967,59,0x0000,0xffff,0x8841,162,0x0000,0xfffc,0x1209,,,idle2.pcapng
"Oct 12, 2023 18:11:17.918744",0.005770,45,0x6e5f,0x0000,0x8861,155,0x6e5f,0x0000,0x0209,,,idle2.pcapng
"Oct 12, 2023 18:11:17.920567",0.001823,5,,,0x0002,155,,,,,,idle2.pcapng
"Oct 12, 2023 18:11:17.929635",0.009068,59,0x82eb,0xffff,0x8841,35,0x0000,0xfffc,0x1209,,,idle2.pcapng
"Oct 12, 2023 18:11:17.940465",0.010830,59,0xe5c4,0xffff,0x8841,242,0x0000,0xfffc,0x1209,,,idle2.pcapng
"Oct 12, 2023 18:11:17.955794",0.015329,59,0x054f,0xffff,0x8841,98,0x0000,0xfffc,0x1209,,,idle2.pcapng
"Oct 12, 2023 18:11:17.960960",0.005166,59,0x09ac,0xffff,0x8841,90,0x0000,0xfffc,0x1209,,,idle2.pcapng
"Oct 12, 2023 18:11:18.008952",0.047992,59,0xa209,0xffff,0x8841,112,0x0000,0xfffc,0x1209,,,idle2.pcapng
"Oct 12, 2023 18:11:18.028636",0.019684,59,0x482d,0xffff,0x8841,0,0x0000,0xfffc,0x1209,,,idle2.pcapng
"Oct 12, 2023 18:11:18.065064",0.036428,59,0xebe5,0xffff,0x8841,102,0x0000,0xfffc,0x1209,,,idle2.pcapng
"Oct 12, 2023 18:11:18.070362",,60,,,,,,,,,,idle2.pcapng
"Oct 12, 2023 18:11:18.072665",0.002303,5,,,0x0002,156,,,,,,idle2.pcapng
"Oct 12, 2023 18:11:18.102790",0.030125,74,0xa209,0xffff,0x8841,113,0xa209,0xfffc,0x1209,,,idle2.pcapng
"Oct 12, 2023 18:11:18.113834",,50,,,,,,,,,,idle2.pcapng
"Oct 12, 2023 18:11:18.115785",0.001951,5,,,0x0002,163,,,,,,idle2.pcapng
"Oct 12, 2023 18:11:18.117137",0.001352,59,0xe694,0xffff,0x8841,116,0x0000,0xfffc,0x1209,,,idle2.pcapng
"Oct 12, 2023 18:11:18.121265",,45,,,,,,,,,,idle2.pcapng
"Oct 12, 2023 18:11:18.128687",0.007422,5,,,0x0002,157,,,,,,idle2.pcapng
"Oct 12, 2023 18:11:18.165511",0.036824,59,0xc8f0,0xffff,0x8841,169,0x0000,0xfffc,0x1209,,,idle2.pcapng
"Oct 12, 2023 18:11:18.212074",0.046563,59,0x82eb,0xffff,0x8841,36,0x0000,0xfffc,0x1209,,,idle2.pcapng
"Oct 12, 2023 18:11:18.217832",0.005758,59,0xe5c4,0xffff,0x8841,243,0x0000,0xfffc,0x1209,,,idle2.pcapng
"Oct 12, 2023 18:11:18.250109",0.032277,59,0x054f,0xffff,0x8841,99,0x0000,0xfffc,0x1209,,,idle2.pcapng
"Oct 12, 2023 18:11:18.283995",0.033886,59,0x0000,0xffff,0x8841,164,0x0000,0xfffc,0x1209,,,idle2.pcapng
"Oct 12, 2023 18:11:18.319160",0.035165,59,0xebe5,0xffff,0x8841,103,0x0000,0xfffc,0x1209,,,idle2.pcapng
"Oct 12, 2023 18:11:18.327313",0.008153,59,0x09ac,0xffff,0x8841,91,0x0000,0xfffc,0x1209,,,idle2.pcapng
"Oct 12, 2023 18:11:18.371328",0.044015,59,0xe694,0xffff,0x8841,117,0x0000,0xfffc,0x1209,,,idle2.pcapng
"Oct 12, 2023 18:11:18.395767",0.024439,59,0x482d,0xefff,0x8841,14,,,,,,idle2.pcapng
"Oct 12, 2023 18:11:18.419615",0.023848,59,0xc8f0,0xffff,0x8841,170,0x0000,0xfffc,0x1209,,,idle2.pcapng
"Oct 12, 2023 18:11:18.496213",0.076598,12,0x2cae,0x482d,0x8863,189,,,,,,idle2.pcapng
"Oct 12, 2023 18:11:18.496981",0.000768,5,,,0x0002,189,,,,,,idle2.pcapng
"Oct 12, 2023 18:11:18.591948",0.094967,59,0x0000,0xffff,0x8841,165,0x0000,0xfffc,0x1209,,,idle2.pcapng
"Oct 12, 2023 18:11:18.633261",0.041313,59,0xe694,0xffff,0x8841,118,0x0000,0xfffc,0x1209,,,idle2.pcapng
"Oct 12, 2023 18:11:18.939018",0.305757,59,0x0000,0xffff,0x8841,166,0x0000,0xfffc,0x1209,,,idle2.pcapng
"Oct 12, 2023 18:11:19.321813",0.382795,74,0x09ac,0xffff,0x8841,93,0x09ac,0xfffc,0x1209,,,idle2.pcapng
"Oct 12, 2023 18:11:20.381593",1.059780,77,0x054f,0xffff,0x8841,101,0x054f,0xfffc,0x1209,,,idle2.pcapng
"Oct 12, 2023 18:11:25.545149",5.163556,68,0xebe5,0xffff,0x8841,105,0xebe5,0xfffc,0x1209,,,idle2.pcapng
"Oct 12, 2023 18:11:25.926058",,60,,,,,,,,,,idle2.pcapng
"Oct 12, 2023 18:11:25.928361",0.002303,5,,,0x0002,119,,,,,,idle2.pcapng
"Oct 12, 2023 18:11:25.968828",,50,,,,,,,,,,idle2.pcapng
"Oct 12, 2023 18:11:25.970781",0.001953,5,,,0x0002,167,,,,,,idle2.pcapng
"Oct 12, 2023 18:11:25.975881",,45,,,,,,,,,,idle2.pcapng
"Oct 12, 2023 18:11:25.977704",0.001823,5,,,0x0002,120,,,,,,idle2.pcapng
"Oct 12, 2023 18:11:26.379409",0.401705,77,0x82eb,0xffff,0x8841,37,0x82eb,0xfffc,0x1209,,,idle2.pcapng
"Oct 12, 2023 18:11:27.195818",0.816409,74,0x6e5f,0xffff,0x8841,158,0x6e5f,0xfffc,0x1209,,,idle2.pcapng
"Oct 12, 2023 18:11:27.719177",0.523359,77,0x0000,0xffff,0x8841,168,0x0000,0xfffc,0x1209,,,idle2.pcapng
"Oct 12, 2023 18:11:28.581286",0.862109,12,0xc642,0x072b,0x8863,192,,,,,,idle2.pcapng
"Oct 12, 2023 18:11:29.923765",1.342479,77,0xe694,0xffff,0x8841,121,0xe694,0xfffc,0x1209,,,idle2.pcapng
"Oct 12, 2023 18:11:33.590285",3.666520,12,0x2cae,0x482d,0x8863,193,,,,,,idle2.pcapng
"Oct 12, 2023 18:11:34.757278",1.166993,77,0xe5c4,0xffff,0x8841,245,0xe5c4,0xfffc,0x1209,,,idle2.pcapng
"Oct 12, 2023 18:11:35.849247",1.091969,74,0x09ac,0xffff,0x8841,94,0x09ac,0xfffc,0x1209,,,idle2.pcapng
"Oct 12, 2023 18:11:36.064433",0.215186,74,0xa209,0xffff,0x8841,116,0xa209,0xfffc,0x1209,,,idle2.pcapng
"Oct 12, 2023 18:11:37.670345",1.605912,77,0x482d,0xffff,0x8841,4,0x482d,0xfffc,0x1209,,,idle2.pcapng
"Oct 12, 2023 18:11:38.624014",0.953669,12,0x2cae,0x482d,0x8863,194,,,,,,idle2.pcapng
"Oct 12, 2023 18:11:38.624781",0.000767,5,,,0x0002,194,,,,,,idle2.pcapng
"Oct 12, 2023 18:11:40.528873",1.904092,68,0xebe5,0xffff,0x8841,106,0xebe5,0xfffc,0x1209,,,idle2.pcapng
"Oct 12, 2023 18:11:40.987376",0.458503,60,,,,,,,,,,idle2.pcapng
"Oct 12, 2023 18:11:41.175210",0.187834,5,,,0x0002,174,,,,,,idle2.pcapng
"Oct 12, 2023 18:11:41.226881",,50,,,,,,,,,,idle2.pcapng
"Oct 12, 2023 18:11:41.230806",,50,,,,,,,,,,idle2.pcapng
"Oct 12, 2023 18:11:41.232789",0.001983,5,,,0x0002,169,,,,,,idle2.pcapng
"Oct 12, 2023 18:11:41.243357",,50,,,,,,,,,,idle2.pcapng
"Oct 12, 2023 18:11:41.245340",0.001983,5,,,0x0002,169,,,,,,idle2.pcapng
"Oct 12, 2023 18:11:41.265162",0.019822,50,0xa209,0xc8f0,0x8861,117,,,,,,idle2.pcapng
"Oct 12, 2023 18:11:41.327474",0.062312,50,0xa227,0x781e,0x8861,119,,,,,,idle2.pcapng
"Oct 12, 2023 18:11:41.332384",0.004910,50,0xa209,0xc8f0,0x8861,119,,,,,,idle2.pcapng
"Oct 12, 2023 18:11:41.380994",0.048610,5,,,0x0002,175,,,,,,idle2.pcapng
"Oct 12, 2023 18:11:41.393277",0.012283,77,0x82eb,0xffff,0x8841,38,0x82eb,0xfffc,0x1209,,,idle2.pcapng
"Oct 12, 2023 18:11:42.185899",0.792622,74,0x6e5f,0xffff,0x8841,159,0x6e5f,0xfffc,0x1209,,,idle2.pcapng
"Oct 12, 2023 18:11:42.813717",,50,,,,,,,,,,idle2.pcapng
"Oct 12, 2023 18:11:42.815700",0.001983,5,,,0x0002,170,,,,,,idle2.pcapng
"Oct 12, 2023 18:11:42.819672",,50,,,,,,,,,,idle2.pcapng
"Oct 12, 2023 18:11:42.821626",0.001954,5,,,0x0002,121,,,,,,idle2.pcapng
"Oct 12, 2023 18:11:42.826771",,45,,,,,,,,,,idle2.pcapng
"Oct 12, 2023 18:11:42.828594",0.001823,5,,,0x0002,177,,,,,,idle2.pcapng
"Oct 12, 2023 18:11:42.875999",,52,,,,,,,,,,idle2.pcapng
"Oct 12, 2023 18:11:42.878016",0.002017,5,,,0x0002,171,,,,,,idle2.pcapng
"Oct 12, 2023 18:11:42.885856",,63,,,,,,,,,,idle2.pcapng
"Oct 12, 2023 18:11:42.888255",0.002399,5,,,0x0002,122,,,,,,idle2.pcapng
"Oct 12, 2023 18:11:42.908320",,52,,,,,,,,,,idle2.pcapng
"Oct 12, 2023 18:11:42.918258",,63,,,,,,,,,,idle2.pcapng
"Oct 12, 2023 18:11:42.920657",0.002399,5,,,0x0002,160,,,,,,idle2.pcapng
"Oct 12, 2023 18:11:42.926289",,45,,,,,,,,,,idle2.pcapng
"Oct 12, 2023 18:11:42.928082",0.001793,5,,,0x0002,173,,,,,,idle2.pcapng
"Oct 12, 2023 18:11:42.945524",,54,,,,,,,,,,idle2.pcapng
"Oct 12, 2023 18:11:42.947603",0.002079,5,,,0x0002,174,,,,,,idle2.pcapng
"Oct 12, 2023 18:11:42.955426",,66,,,,,,,,,,idle2.pcapng
"Oct 12, 2023 18:11:42.957921",0.002495,5,,,0x0002,123,,,,,,idle2.pcapng
"Oct 12, 2023 18:11:42.965917",,54,,,,,,,,,,idle2.pcapng
"Oct 12, 2023 18:11:42.967996",0.002079,5,,,0x0002,175,,,,,,idle2.pcapng
"Oct 12, 2023 18:11:42.975866",,66,,,,,,,,,,idle2.pcapng
"Oct 12, 2023 18:11:42.978361",0.002495,5,,,0x0002,161,,,,,,idle2.pcapng
"Oct 12, 2023 18:11:42.993464",,45,,,,,,,,,,idle2.pcapng
"Oct 12, 2023 18:11:42.995256",0.001792,5,,,0x0002,176,,,,,,idle2.pcapng
"Oct 12, 2023 18:11:43.001558",,54,,,,,,,,,,idle2.pcapng
"Oct 12, 2023 18:11:43.003669",0.002111,5,,,0x0002,177,,,,,,idle2.pcapng
"Oct 12, 2023 18:11:43.007656",,54,,,,,,,,,,idle2.pcapng
"Oct 12, 2023 18:11:43.009736",0.002080,5,,,0x0002,122,,,,,,idle2.pcapng
"Oct 12, 2023 18:11:43.013132",,52,,,,,,,,,,idle2.pcapng
"Oct 12, 2023 18:11:43.015179",0.002047,5,,,0x0002,178,,,,,,idle2.pcapng
"Oct 12, 2023 18:11:43.017655",0.002476,107,0xc8f0,0x0000,0x886b,178,,,,,,idle2.pcapng
"Oct 12, 2023 18:11:43.020150",0.002495,5,,,0x0002,178,,,,,,idle2.pcapng
"Oct 12, 2023 18:11:43.022530",,52,,,,,,,,,,idle2.pcapng
"Oct 12, 2023 18:11:43.024546",0.002016,5,,,0x0002,123,,,,,,idle2.pcapng
"Oct 12, 2023 18:11:43.032334",,63,,,,,,,,,,idle2.pcapng
"Oct 12, 2023 18:11:43.034733",0.002399,5,,,0x0002,179,,,,,,idle2.pcapng
"Oct 12, 2023 18:11:43.039196",,45,,,,,,,,,,idle2.pcapng
"Oct 12, 2023 18:11:43.040988",0.001792,5,,,0x0002,179,,,,,,idle2.pcapng
"Oct 12, 2023 18:11:43.050332",,45,,,,,,,,,,idle2.pcapng
"Oct 12, 2023 18:11:43.052124",0.001792,5,,,0x0002,180,,,,,,idle2.pcapng
"Oct 12, 2023 18:11:43.058474",,45,,,,,,,,,,idle2.pcapng
"Oct 12, 2023 18:11:43.060297",0.001823,5,,,0x0002,181,,,,,,idle2.pcapng
"Oct 12, 2023 18:11:43.062967",,45,,,,,,,,,,idle2.pcapng
"Oct 12, 2023 18:11:43.064761",0.001794,5,,,0x0002,124,,,,,,idle2.pcapng
"Oct 12, 2023 18:11:43.066459",,45,,,,,,,,,,idle2.pcapng
"Oct 12, 2023 18:11:43.068283",0.001824,5,,,0x0002,182,,,,,,idle2.pcapng
"Oct 12, 2023 18:11:43.073022",,45,,,,,,,,,,idle2.pcapng
"Oct 12, 2023 18:11:43.576399",0.503377,5,,,0x0052,107,,,,,,idle2.pcapng
"Oct 12, 2023 18:11:43.583564",0.007165,52,0xebe5,0x0000,0x8861,107,,,,,,idle2.pcapng
"Oct 12, 2023 18:11:43.597238",0.013674,5,,,0x0002,108,,,,,,idle2.pcapng
"Oct 12, 2023 18:11:43.599815",,52,,,,,,,,,,idle2.pcapng
"Oct 12, 2023 18:11:43.601862",0.002047,5,,,0x0002,108,,,,,,idle2.pcapng
"Oct 12, 2023 18:11:43.608353",,45,,,,,,,,,,idle2.pcapng
"Oct 12, 2023 18:11:43.610148",0.001795,5,,,0x0002,183,,,,,,idle2.pcapng
"Oct 12, 2023 18:11:43.619443",,45,,,,,,,,,,idle2.pcapng
"Oct 12, 2023 18:11:43.621235",0.001792,5,,,0x0002,184,,,,,,idle2.pcapng
"Oct 12, 2023 18:11:43.634051",,45,,,,,,,,,,idle2.pcapng
"Oct 12, 2023 18:11:43.635838",0.001787,5,,,0x0002,124,,,,,,idle2.pcapng
"Oct 12, 2023 18:11:43.636788",,45,,,,,,,,,,idle2.pcapng
"Oct 12, 2023 18:11:43.638577",0.001789,5,,,0x0002,125,,,,,,idle2.pcapng
"Oct 12, 2023 18:11:43.655021",0.016444,12,0x2cae,0x482d,0x8863,195,,,,,,idle2.pcapng
"Oct 12, 2023 18:11:43.655788",0.000767,5,,,0x0002,195,,,,,,idle2.pcapng
"Oct 12, 2023 18:11:45.044160",1.388372,77,0xe694,0xffff,0x8841,126,0xe694,0xfffc,0x1209,,,idle2.pcapng
"Oct 12, 2023 18:11:45.505203",0.461043,74,0x0000,0xffff,0x8841,185,0x0000,0xfffc,0x1209,,,idle2.pcapng
"Oct 12, 2023 18:11:46.000098",0.494895,71,0xc8f0,0xffff,0x8841,180,0xc8f0,0xfffc,0x1209,,,idle2.pcapng
"Oct 12, 2023 18:11:48.685564",2.685466,12,0x2cae,0x482d,0x8863,196,,,,,,idle2.pcapng
"Oct 12, 2023 18:11:49.596076",0.910512,55,0xa209,0x0000,0x8861,126,0xa209,0x0000,0x1a09,,,idle2.pcapng
"Oct 12, 2023 18:11:49.598219",0.002143,5,,,0x0002,126,,,,,,idle2.pcapng
"Oct 12, 2023 18:11:49.628188",0.029969,52,0xa209,0x0000,0x8861,127,,,,,,idle2.pcapng
"Oct 12, 2023 18:11:49.633282",,52,,,,,,,,,,idle2.pcapng
"Oct 12, 2023 18:11:49.635329",0.002047,5,,,0x0002,127,,,,,,idle2.pcapng
"Oct 12, 2023 18:11:50.699043",1.063714,77,0x054f,0xffff,0x8841,103,0x054f,0xfffc,0x1209,,,idle2.pcapng
"Oct 12, 2023 18:11:50.981477",0.282434,55,0x482d,0xe5c4,0x8861,5,0x482d,0x0000,0x1a09,,,idle2.pcapng
"Oct 12, 2023 18:11:50.983621",0.002144,5,,,0x0002,5,,,,,,idle2.pcapng
"Oct 12, 2023 18:11:50.987025",0.003404,57,0xe5c4,0x0000,0x8861,246,0x482d,0x0000,0x1a09,,,idle2.pcapng
"Oct 12, 2023 18:11:50.989232",0.002207,5,,,0x0002,246,,,,,,idle2.pcapng
"Oct 12, 2023 18:11:51.017422",,52,,,,,,,,,,idle2.pcapng
"Oct 12, 2023 18:11:51.019469",0.002047,5,,,0x0002,6,,,,,,idle2.pcapng
"Oct 12, 2023 18:11:51.022274",,52,,,,,,,,,,idle2.pcapng
"Oct 12, 2023 18:11:51.024321",0.002047,5,,,0x0002,247,,,,,,idle2.pcapng
"Oct 12, 2023 18:11:51.149873",0.125552,55,0xe5c4,0x0000,0x8861,248,0xe5c4,0x0000,0x1a09,,,idle2.pcapng
"Oct 12, 2023 18:11:51.152016",0.002143,5,,,0x0002,248,,,,,,idle2.pcapng
"Oct 12, 2023 18:11:51.190001",,52,,,,,,,,,,idle2.pcapng
"Oct 12, 2023 18:11:51.192048",0.002047,5,,,0x0002,249,,,,,,idle2.pcapng
"Oct 12, 2023 18:11:51.617103",0.425055,5,,,0x0002,128,,,,,,idle2.pcapng
"Oct 12, 2023 18:11:51.652641",0.035538,52,,,,,,,,,,idle2.pcapng
"Oct 12, 2023 18:11:51.707092",0.054451,77,0xe5c4,0xffff,0x8841,250,0xe5c4,0xfffc,0x1209,,,idle2.pcapng
"Oct 12, 2023 18:11:51.734628",0.027536,52,0x4775,0x0000,0x8861,130,,,,,,idle2.pcapng
"Oct 12, 2023 18:11:51.753256",0.018628,52,0x8d10,0x4672,0x8861,82,,,,,,idle2.pcapng
"Oct 12, 2023 18:11:51.987606",0.234350,57,0xa209,0x482d,0x8861,133,,,,,,idle2.pcapng
"Oct 12, 2023 18:11:51.992475",0.004869,57,0x6095,0x3545,0x8861,133,,,,,,idle2.pcapng
"Oct 12, 2023 18:11:52.041609",0.049134,57,0xe5c4,0x0000,0x8861,251,0x482d,0x0000,0x1a09,,,idle2.pcapng
"Oct 12, 2023 18:11:52.043816",0.002207,5,,,0x0002,251,,,,,,idle2.pcapng
"Oct 12, 2023 18:11:52.046015",,52,,,,,,,,,,idle2.pcapng
"Oct 12, 2023 18:11:52.048062",0.002047,5,,,0x0002,8,,,,,,idle2.pcapng
"Oct 12, 2023 18:11:52.114769",0.066707,52,,,0x8261,253,,,,,,idle2.pcapng
"Oct 12, 2023 18:11:52.134674",0.019905,57,0xa209,0x054f,0x8861,135,,,,,,idle2.pcapng
"Oct 12, 2023 18:11:52.138179",0.003505,52,0xe5c4,0x0077,0x8861,253,,,,,,idle2.pcapng
"Oct 12, 2023 18:11:52.162251",,52,,,,,,,,,,idle2.pcapng
"Oct 12, 2023 18:11:52.164297",0.002046,5,,,0x0002,253,,,,,,idle2.pcapng
"Oct 12, 2023 18:11:52.169870",0.005573,55,0xe5c4,0x0000,0x8861,254,0xe5c4,0x0000,0x1a09,,,idle2.pcapng
"Oct 12, 2023 18:11:52.172012",0.002142,5,,,0x0002,254,,,,,,idle2.pcapng
"Oct 12, 2023 18:11:52.254443",,52,,,,,,,,,,idle2.pcapng
"Oct 12, 2023 18:11:52.256489",0.002046,5,,,0x0002,0,,,,,,idle2.pcapng
"Oct 12, 2023 18:11:52.421772",0.165283,77,0x482d,0xffff,0x8841,9,0x482d,0xfffc,0x1209,,,idle2.pcapng
"Oct 12, 2023 18:11:53.716599",1.294827,12,0x2cae,0x482d,0x8863,197,,,,,,idle2.pcapng
"Oct 12, 2023 18:11:53.717366",0.000767,5,,,0x0002,197,,,,,,idle2.pcapng
"Oct 12, 2023 18:11:55.498779",1.781413,68,0xebe5,0xffff,0x8841,109,0xebe5,0xfffc,0x1209,,,idle2.pcapng
"Oct 12, 2023 18:11:57.259798",1.761019,74,0x6e5f,0xffff,0x8841,162,0x6e5f,0xfffc,0x1209,,,idle2.pcapng
"Oct 12, 2023 18:11:58.779667",1.519869,12,0x2cae,0x482d,0x8863,198,,,,,,idle2.pcapng
"Oct 12, 2023 18:11:58.780434",0.000767,5,,,0x0002,198,,,,,,idle2.pcapng
"Oct 12, 2023 18:11:59.929079",1.148645,77,0xe694,0xffff,0x8841,127,0xe694,0xfffc,0x1209,,,idle2.pcapng
"Oct 12, 2023 18:12:00.989752",1.060673,71,0xc8f0,0xffff,0x8841,181,0xc8f0,0xfffc,0x1209,,,idle2.pcapng
"Oct 12, 2023 18:12:01.518511",0.528759,77,0x0000,0xffff,0x8841,186,0x0000,0xfffc,0x1209,,,idle2.pcapng
"Oct 12, 2023 18:12:03.810155",2.291644,12,0x2cae,0x482d,0x8863,199,,,,,,idle2.pcapng
"Oct 12, 2023 18:12:03.810922",0.000767,5,,,0x0002,199,,,,,,idle2.pcapng
"Oct 12, 2023 18:12:05.963520",2.152598,77,0x054f,0xffff,0x8841,104,0x054f,0xfffc,0x1209,,,idle2.pcapng
"Oct 12, 2023 18:12:07.575491",1.611971,74,0x09ac,0xffff,0x8841,96,0x09ac,0xfffc,0x1209,,,idle2.pcapng
"Oct 12, 2023 18:12:08.752474",1.176983,77,0x482d,0xffff,0x8841,10,0x482d,0xfffc,0x1209,,,idle2.pcapng
"Oct 12, 2023 18:12:08.842581",0.090107,12,0x2cae,0x482d,0x8863,200,,,,,,idle2.pcapng
"Oct 12, 2023 18:12:08.843348",0.000767,5,,,0x0002,200,,,,,,idle2.pcapng
"Oct 12, 2023 18:12:08.939829",0.096481,77,0xe5c4,0xffff,0x8841,1,0xe5c4,0xfffc,0x1209,,,idle2.pcapng
"Oct 12, 2023 18:12:10.542525",1.602696,68,0xebe5,0xffff,0x8841,110,0xebe5,0xfffc,0x1209,,,idle2.pcapng
"Oct 12, 2023 18:12:11.391637",0.849112,77,0x82eb,0xffff,0x8841,40,0x82eb,0xfffc,0x1209,,,idle2.pcapng
"Oct 12, 2023 18:12:12.224024",0.832387,107,0x6e5f,0x6564,0x886b,163,,,,,,idle2.pcapng
"Oct 12, 2023 18:12:12.877819",,52,,,,,,,,,,idle2.pcapng
"Oct 12, 2023 18:12:12.879835",0.002016,5,,,0x0002,187,,,,,,idle2.pcapng
"Oct 12, 2023 18:12:12.887739",,63,,,,,,,,,,idle2.pcapng
"Oct 12, 2023 18:12:12.890138",0.002399,5,,,0x0002,128,,,,,,idle2.pcapng
"Oct 12, 2023 18:12:12.912279",,52,,,,,,,,,,idle2.pcapng
"Oct 12, 2023 18:12:12.922239",,63,,,,,,,,,,idle2.pcapng
"Oct 12, 2023 18:12:12.924638",0.002399,5,,,0x0002,164,,,,,,idle2.pcapng
"Oct 12, 2023 18:12:12.926378",,45,,,,,,,,,,idle2.pcapng
"Oct 12, 2023 18:12:12.928173",0.001795,5,,,0x0002,189,,,,,,idle2.pcapng
"Oct 12, 2023 18:12:12.950497",,54,,,,,,,,,,idle2.pcapng
"Oct 12, 2023 18:12:12.952577",0.002080,5,,,0x0002,190,,,,,,idle2.pcapng
"Oct 12, 2023 18:12:12.960354",,66,,,,,,,,,,idle2.pcapng
"Oct 12, 2023 18:12:12.962849",0.002495,5,,,0x0002,129,,,,,,idle2.pcapng
"Oct 12, 2023 18:12:12.971420",,45,,,,,,,,,,idle2.pcapng
"Oct 12, 2023 18:12:12.973212",0.001792,5,,,0x0002,191,,,,,,idle2.pcapng
"Oct 12, 2023 18:12:12.988599",,54,,,,,,,,,,idle2.pcapng
"Oct 12, 2023 18:12:12.990681",0.002082,5,,,0x0002,192,,,,,,idle2.pcapng
"Oct 12, 2023 18:12:12.998644",,66,,,,,,,,,,idle2.pcapng
"Oct 12, 2023 18:12:13.001139",0.002495,5,,,0x0002,165,,,,,,idle2.pcapng
"Oct 12, 2023 18:12:13.002316",,54,,,,,,,,,,idle2.pcapng
"Oct 12, 2023 18:12:13.004427",0.002111,5,,,0x0002,193,,,,,,idle2.pcapng
"Oct 12, 2023 18:12:13.006971",,54,,,,,,,,,,idle2.pcapng
"Oct 12, 2023 18:12:13.009052",0.002081,5,,,0x0002,138,,,,,,idle2.pcapng
"Oct 12, 2023 18:12:13.019555",0.010503,5,,,0x0002,182,,,,,,idle2.pcapng
"Oct 12, 2023 18:12:13.024376",,45,,,,,,,,,,idle2.pcapng
"Oct 12, 2023 18:12:13.026157",0.001781,5,,,0x0002,194,,,,,,idle2.pcapng
"Oct 12, 2023 18:12:13.036831",,52,,,,,,,,,,idle2.pcapng
"Oct 12, 2023 18:12:13.038878",0.002047,5,,,0x0002,195,,,,,,idle2.pcapng
"Oct 12, 2023 18:12:13.041987",,52,,,,,,,,,,idle2.pcapng
"Oct 12, 2023 18:12:13.044003",0.002016,5,,,0x0002,139,,,,,,idle2.pcapng
"Oct 12, 2023 18:12:13.047828",,45,,,,,,,,,,idle2.pcapng
"Oct 12, 2023 18:12:13.049621",0.001793,5,,,0x0002,196,,,,,,idle2.pcapng
"Oct 12, 2023 18:12:13.051654",,63,,,,,,,,,,idle2.pcapng
"Oct 12, 2023 18:12:13.054053",0.002399,5,,,0x0002,183,,,,,,idle2.pcapng
"Oct 12, 2023 18:12:13.055629",,45,,,,,,,,,,idle2.pcapng
"Oct 12, 2023 18:12:13.057452",0.001823,5,,,0x0002,197,,,,,,idle2.pcapng
"Oct 12, 2023 18:12:13.060633",,45,,,,,,,,,,idle2.pcapng
"Oct 12, 2023 18:12:13.062415",0.001782,5,,,0x0002,140,,,,,,idle2.pcapng
"Oct 12, 2023 18:12:13.069907",,45,,,,,,,,,,idle2.pcapng
"Oct 12, 2023 18:12:13.071730",0.001823,5,,,0x0002,198,,,,,,idle2.pcapng
"Oct 12, 2023 18:12:13.074065",0.002335,45,0xa209,0xc8f0,0x8861,141,,,,,,idle2.pcapng
"Oct 12, 2023 18:12:13.874922",0.800857,12,0x2cae,0x482d,0x8863,201,,,,,,idle2.pcapng
"Oct 12, 2023 18:12:13.875689",0.000767,5,,,0x0002,201,,,,,,idle2.pcapng
"Oct 12, 2023 18:12:15.055306",1.179617,77,0xe694,0xffff,0x8841,130,0xe694,0xfffc,0x1209,,,idle2.pcapng
"Oct 12, 2023 18:12:15.689668",0.634362,77,0x0000,0xffff,0x8841,199,0x0000,0xfffc,0x1209,,,idle2.pcapng
"Oct 12, 2023 18:12:15.975489",0.285821,71,0xc8f0,0xffff,0x8841,184,0xc8f0,0xfffc,0x1209,,,idle2.pcapng
"Oct 12, 2023 18:12:18.936426",2.960937,12,0x2cae,0x482d,0x8863,202,,,,,,idle2.pcapng
"Oct 12, 2023 18:12:18.937193",0.000767,5,,,0x0002,202,,,,,,idle2.pcapng
"Oct 12, 2023 18:12:21.183453",2.246260,74,0x054f,0xffff,0x8841,105,0x054f,0xfffc,0x1209,,,idle2.pcapng
"Oct 12, 2023 18:12:23.602349",2.418896,77,0x482d,0xffff,0x8841,11,0x482d,0xfffc,0x1209,,,idle2.pcapng
"Oct 12, 2023 18:12:23.969147",0.366798,12,0x2cae,0x482d,0x8863,203,,,,,,idle2.pcapng
"Oct 12, 2023 18:12:23.969915",0.000768,5,,,0x0002,203,,,,,,idle2.pcapng
"Oct 12, 2023 18:12:24.538060",,53,,,,,,,,,,idle2.pcapng
"Oct 12, 2023 18:12:24.540105",0.002045,5,,,0x0002,14,,,,,,idle2.pcapng
"Oct 12, 2023 18:12:25.051843",0.511738,107,,,,,,,,,,idle2.pcapng
"Oct 12, 2023 18:12:25.581979",0.530136,5,,,0x0002,111,,,,,,idle2.pcapng
"Oct 12, 2023 18:12:25.591205",0.009226,5,,,0x0002,111,,,,,,idle2.pcapng
"Oct 12, 2023 18:12:25.599081",,45,,,,,,,,,,idle2.pcapng
"Oct 12, 2023 18:12:25.600862",0.001781,5,,,0x0002,200,,,,,,idle2.pcapng
"Oct 12, 2023 18:12:25.603640",0.002778,5,,,0x0002,112,,,,,,idle2.pcapng
"Oct 12, 2023 18:12:25.604809",,45,,,,,,,,,,idle2.pcapng
"Oct 12, 2023 18:12:25.606596",0.001787,5,,,0x0002,131,,,,,,idle2.pcapng
"Oct 12, 2023 18:12:25.620760",,45,,,,,,,,,,idle2.pcapng
"Oct 12, 2023 18:12:25.622551",0.001791,5,,,0x0002,201,,,,,,idle2.pcapng
"Oct 12, 2023 18:12:25.624498",0.001947,68,0xebe5,0xffff,0x8841,113,0xebe5,0xfffc,0x1209,,,idle2.pcapng
"Oct 12, 2023 18:12:25.627543",,45,,,,,,,,,,idle2.pcapng
"Oct 12, 2023 18:12:25.642308",,45,,,,,,,,,,idle2.pcapng
"Oct 12, 2023 18:12:25.647088",0.004780,45,0xe694,0xebe5,0x8861,132,,,,,,idle2.pcapng
"Oct 12, 2023 18:12:25.648874",0.001786,5,,,0x0002,132,,,,,,idle2.pcapng
"Oct 12, 2023 18:12:26.398062",0.749188,77,0x82eb,0xffff,0x8841,41,0x82eb,0xfffc,0x1209,,,idle2.pcapng
"Oct 12, 2023 18:12:26.574754",,52,,,,,,,,,,idle2.pcapng
"Oct 12, 2023 18:12:26.576801",0.002047,5,,,0x0002,114,,,,,,idle2.pcapng
"Oct 12, 2023 18:12:26.590455",,45,,,,,,,,,,idle2.pcapng
"Oct 12, 2023 18:12:26.592247",0.001792,5,,,0x0002,202,,,,,,idle2.pcapng
"Oct 12, 2023 18:12:26.596000",,45,,,,,,,,,,idle2.pcapng
"Oct 12, 2023 18:12:26.597787",0.001787,5,,,0x0002,133,,,,,,idle2.pcapng
"Oct 12, 2023 18:12:27.256761",0.658974,74,0x6e5f,0xffff,0x8841,166,0x6e5f,0xfffc,0x1209,,,idle2.pcapng
"Oct 12, 2023 18:12:28.280274",1.023513,85,,,0x0055,136,,,,,,idle2.pcapng
"Oct 12, 2023 18:12:29.006390",0.726116,12,0x2cae,0x482d,0x8863,204,,,,,,idle2.pcapng
"Oct 12, 2023 18:12:29.007157",0.000767,5,,,0x0002,204,,,,,,idle2.pcapng
"Oct 12, 2023 18:12:29.949509",0.942352,74,0xe694,0xffff,0x8841,134,0xe694,0xfffc,0x1209,,,idle2.pcapng
"Oct 12, 2023 18:12:31.000365",1.050856,71,0xc8f0,0xffff,0x8841,186,0xc8f0,0xfffc,0x1209,,,idle2.pcapng
"Oct 12, 2023 18:12:31.275041",0.274676,77,0x0000,0xffff,0x8841,203,0x0000,0xfffc,0x1209,,,idle2.pcapng
"Oct 12, 2023 18:12:32.470233",1.195192,5,,,0x0002,98,,,,,,idle2.pcapng
"Oct 12, 2023 18:12:32.482899",,45,,,,,,,,,,idle2.pcapng
"Oct 12, 2023 18:12:32.484693",0.001794,5,,,0x0002,204,,,,,,idle2.pcapng
"Oct 12, 2023 18:12:32.488368",,45,,,,,,,,,,idle2.pcapng
"Oct 12, 2023 18:12:32.490191",0.001823,5,,,0x0002,135,,,,,,idle2.pcapng
"Oct 12, 2023 18:12:32.510109",,50,,,,,,,,,,idle2.pcapng
"Oct 12, 2023 18:12:32.512061",0.001952,5,,,0x0002,205,,,,,,idle2.pcapng
"Oct 12, 2023 18:12:32.515792",,50,,,,,,,,,,idle2.pcapng
"Oct 12, 2023 18:12:32.517775",0.001983,5,,,0x0002,136,,,,,,idle2.pcapng
"Oct 12, 2023 18:12:32.523465",,45,,,,,,,,,,idle2.pcapng
"Oct 12, 2023 18:12:32.525287",0.001822,5,,,0x0002,99,,,,,,idle2.pcapng
"Oct 12, 2023 18:12:33.998743",1.473456,12,0x2cae,0x482d,0x8863,205,,,,,,idle2.pcapng
"Oct 12, 2023 18:12:33.999511",0.000768,5,,,0x0002,205,,,,,,idle2.pcapng
"Oct 12, 2023 18:12:35.364384",,50,,,,,,,,,,idle2.pcapng
"Oct 12, 2023 18:12:35.366367",0.001983,5,,,0x0002,206,,,,,,idle2.pcapng
"Oct 12, 2023 18:12:35.388180",0.021813,55,0xe5c4,0x0000,0x8861,3,0xe5c4,0x0000,0x1a09,,,idle2.pcapng
"Oct 12, 2023 18:12:35.390322",0.002142,5,,,0x0002,3,,,,,,idle2.pcapng
"Oct 12, 2023 18:12:35.493313",,53,,,,,,,,,,idle2.pcapng
"Oct 12, 2023 18:12:35.495392",0.002079,5,,,0x0002,5,,,,,,idle2.pcapng
"Oct 12, 2023 18:12:35.549587",,50,,,,,,,,,,idle2.pcapng
"Oct 12, 2023 18:12:35.551570",0.001983,5,,,0x0002,207,,,,,,idle2.pcapng
"Oct 12, 2023 18:12:35.555997",,50,,,,,,,,,,idle2.pcapng
"Oct 12, 2023 18:12:35.559188",,50,,,,,,,,,,idle2.pcapng
"Oct 12, 2023 18:12:35.561171",0.001983,5,,,0x0002,207,,,,,,idle2.pcapng
"Oct 12, 2023 18:12:35.686939",0.125768,55,0xe5c4,0x0000,0x8861,9,0xe5c4,0x0000,0x1a09,,,idle2.pcapng
"Oct 12, 2023 18:12:35.689082",0.002143,5,,,0x0002,9,,,,,,idle2.pcapng
"Oct 12, 2023 18:12:35.739842",,53,,,,,,,,,,idle2.pcapng
"Oct 12, 2023 18:12:35.741920",0.002078,5,,,0x0002,10,,,,,,idle2.pcapng
"Oct 12, 2023 18:12:36.189158",0.447238,74,0x054f,0xffff,0x8841,106,0x054f,0xfffc,0x1209,,,idle2.pcapng
"Oct 12, 2023 18:12:39.030590",2.841432,12,0x2cae,0x482d,0x8863,206,,,,,,idle2.pcapng
"Oct 12, 2023 18:12:39.031358",0.000768,5,,,0x0002,206,,,,,,idle2.pcapng
"Oct 12, 2023 18:12:39.379681",0.348323,74,0x09ac,0xffff,0x8841,100,0x09ac,0xfffc,0x1209,,,idle2.pcapng
"Oct 12, 2023 18:12:40.591570",1.211889,68,0xebe5,0xffff,0x8841,115,0xebe5,0xfffc,0x1209,,,idle2.pcapng
"Oct 12, 2023 18:12:40.673006",0.081436,77,0x482d,0xffff,0x8841,12,0x482d,0xfffc,0x1209,,,idle2.pcapng
"Oct 12, 2023 18:12:41.400328",0.727322,74,0x82eb,0xffff,0x8841,42,0x82eb,0xfffc,0x1209,,,idle2.pcapng
"Oct 12, 2023 18:12:42.876027",,52,,,,,,,,,,idle2.pcapng
"Oct 12, 2023 18:12:42.878045",0.002018,5,,,0x0002,208,,,,,,idle2.pcapng
"Oct 12, 2023 18:12:42.885813",,63,,,,,,,,,,idle2.pcapng
"Oct 12, 2023 18:12:42.888212",0.002399,5,,,0x0002,137,,,,,,idle2.pcapng
"Oct 12, 2023 18:12:42.912561",,52,,,,,,,,,,idle2.pcapng
"Oct 12, 2023 18:12:42.914574",0.002013,5,,,0x0002,209,,,,,,idle2.pcapng
"Oct 12, 2023 18:12:42.922584",,63,,,,,,,,,,idle2.pcapng
"Oct 12, 2023 18:12:42.924983",0.002399,5,,,0x0002,168,,,,,,idle2.pcapng
"Oct 12, 2023 18:12:42.930563",,45,,,,,,,,,,idle2.pcapng
"Oct 12, 2023 18:12:42.932356",0.001793,5,,,0x0002,210,,,,,,idle2.pcapng
"Oct 12, 2023 18:12:42.945676",,54,,,,,,,,,,idle2.pcapng
"Oct 12, 2023 18:12:42.947747",0.002071,5,,,0x0002,211,,,,,,idle2.pcapng
"Oct 12, 2023 18:12:42.955664",,66,,,,,,,,,,idle2.pcapng
"Oct 12, 2023 18:12:42.958158",0.002494,5,,,0x0002,138,,,,,,idle2.pcapng
"Oct 12, 2023 18:12:42.959060",,45,,,,,,,,,,idle2.pcapng
"Oct 12, 2023 18:12:42.976398",,45,,,,,,,,,,idle2.pcapng
"Oct 12, 2023 18:12:42.978191",0.001793,5,,,0x0002,212,,,,,,idle2.pcapng
"Oct 12, 2023 18:12:42.988373",,54,,,,,,,,,,idle2.pcapng
"Oct 12, 2023 18:12:42.990454",0.002081,5,,,0x0002,213,,,,,,idle2.pcapng
"Oct 12, 2023 18:12:43.001103",,45,,,,,,,,,,idle2.pcapng
"Oct 12, 2023 18:12:43.002895",0.001792,5,,,0x0002,214,,,,,,idle2.pcapng
"Oct 12, 2023 18:12:43.007748",,54,,,,,,,,,,idle2.pcapng
"Oct 12, 2023 18:12:43.012857",,54,,,,,,,,,,idle2.pcapng
"Oct 12, 2023 18:12:43.017350",,54,,,,,,,,,,idle2.pcapng
"Oct 12, 2023 18:12:43.024295",0.006945,5,,,0x0002,170,,,,,,idle2.pcapng
"Oct 12, 2023 18:12:43.039660",,52,,,,,,,,,,idle2.pcapng
"Oct 12, 2023 18:12:43.041706",0.002046,5,,,0x0002,216,,,,,,idle2.pcapng
"Oct 12, 2023 18:12:43.045347",,52,,,,,,,,,,idle2.pcapng
"Oct 12, 2023 18:12:43.047364",0.002017,5,,,0x0002,144,,,,,,idle2.pcapng
"Oct 12, 2023 18:12:43.052712",,45,,,,,,,,,,idle2.pcapng
"Oct 12, 2023 18:12:43.054505",0.001793,5,,,0x0002,217,,,,,,idle2.pcapng
"Oct 12, 2023 18:12:43.055089",,63,,,,,,,,,,idle2.pcapng
"Oct 12, 2023 18:12:43.057488",0.002399,5,,,0x0002,187,,,,,,idle2.pcapng
"Oct 12, 2023 18:12:43.059181",0.001693,54,0xa209,0xc8f0,0x8861,145,,,,,,idle2.pcapng
"Oct 12, 2023 18:12:43.067080",,54,,,,,,,,,,idle2.pcapng
"Oct 12, 2023 18:12:43.069159",0.002079,5,,,0x0002,145,,,,,,idle2.pcapng
"Oct 12, 2023 18:12:43.072889",,45,,,,,,,,,,idle2.pcapng
"Oct 12, 2023 18:12:43.074712",0.001823,5,,,0x0002,218,,,,,,idle2.pcapng
"Oct 12, 2023 18:12:43.077101",,66,,,,,,,,,,idle2.pcapng
"Oct 12, 2023 18:12:43.079596",0.002495,5,,,0x0002,188,,,,,,idle2.pcapng
"Oct 12, 2023 18:12:43.085751",,45,,,,,,,,,,idle2.pcapng
"Oct 12, 2023 18:12:43.087543",0.001792,5,,,0x0002,146,,,,,,idle2.pcapng
"Oct 12, 2023 18:12:43.095596",,45,,,,,,,,,,idle2.pcapng
"Oct 12, 2023 18:12:43.097420",0.001824,5,,,0x0002,219,,,,,,idle2.pcapng
"Oct 12, 2023 18:12:43.100838",,45,,,,,,,,,,idle2.pcapng
"Oct 12, 2023 18:12:43.102631",0.001793,5,,,0x0002,147,,,,,,idle2.pcapng
"Oct 12, 2023 18:12:43.103466",0.000835,74,0xe5c4,0xffff,0x8841,11,0xe5c4,0xfffc,0x1209,,,idle2.pcapng
"Oct 12, 2023 18:12:44.094182",0.990716,12,0x2cae,0x482d,0x8863,207,,,,,,idle2.pcapng
"Oct 12, 2023 18:12:44.094949",0.000767,5,,,0x0002,207,,,,,,idle2.pcapng
"Oct 12, 2023 18:12:45.007711",0.912762,74,0xe694,0xffff,0x8841,139,0xe694,0xfffc,0x1209,,,idle2.pcapng
"Oct 12, 2023 18:12:45.255644",0.247933,74,0xa209,0xffff,0x8841,148,0xa209,0xfffc,0x1209,,,idle2.pcapng
"Oct 12, 2023 18:12:46.000304",0.744660,71,0xc8f0,0xffff,0x8841,189,0xc8f0,0xfffc,0x1209,,,idle2.pcapng
"Oct 12, 2023 18:12:49.116728",3.116424,12,0x2cae,0x482d,0x8863,209,,,,,,idle2.pcapng
"Oct 12, 2023 18:12:49.117495",0.000767,5,,,0x0002,209,,,,,,idle2.pcapng
"Oct 12, 2023 18:12:49.300638",0.183143,77,0x0000,0xffff,0x8841,220,0x0000,0xfffc,0x1209,,,idle2.pcapng
"Oct 12, 2023 18:12:50.600410",1.299772,77,0x054f,0xffff,0x8841,107,0x054f,0xfffc,0x1209,,,idle2.pcapng
"Oct 12, 2023 18:12:50.979431",,50,,,,,,,,,,idle2.pcapng
"Oct 12, 2023 18:12:50.981414",0.001983,5,,,0x0002,140,,,,,,idle2.pcapng
"Oct 12, 2023 18:12:51.036854",,56,,,,,,,,,,idle2.pcapng
"Oct 12, 2023 18:12:51.038990",0.002136,5,,,0x0002,221,,,,,,idle2.pcapng
"Oct 12, 2023 18:12:51.044206",,45,,,,,,,,,,idle2.pcapng
"Oct 12, 2023 18:12:51.046029",0.001823,5,,,0x0002,141,,,,,,idle2.pcapng
"Oct 12, 2023 18:12:53.718267",2.672238,74,0x09ac,0xffff,0x8841,101,0x09ac,0xfffc,0x1209,,,idle2.pcapng
"Oct 12, 2023 18:12:54.125814",0.407547,12,0x2cae,0x482d,0x8863,210,,,,,,idle2.pcapng
"Oct 12, 2023 18:12:54.126582",0.000768,5,,,0x0002,210,,,,,,idle2.pcapng
"Oct 12, 2023 18:12:55.585724",,52,,,,,,,,,,idle2.pcapng
"Oct 12, 2023 18:12:55.587771",0.002047,5,,,0x0002,117,,,,,,idle2.pcapng
"Oct 12, 2023 18:12:55.600028",0.012257,5,,,0x0002,118,,,,,,idle2.pcapng
"Oct 12, 2023 18:12:55.601952",,45,,,,,,,,,,idle2.pcapng
"Oct 12, 2023 18:12:55.603744",0.001792,5,,,0x0002,222,,,,,,idle2.pcapng
"Oct 12, 2023 18:12:55.611643",,52,,,,,,,,,,idle2.pcapng
"Oct 12, 2023 18:12:55.613689",0.002046,5,,,0x0002,119,,,,,,idle2.pcapng
"Oct 12, 2023 18:12:55.614520",,45,,,,,,,,,,idle2.pcapng
"Oct 12, 2023 18:12:55.616302",0.001782,5,,,0x0002,223,,,,,,idle2.pcapng
"Oct 12, 2023 18:12:55.620870",,52,,,,,,,,,,idle2.pcapng
"Oct 12, 2023 18:12:55.622917",0.002047,5,,,0x0002,119,,,,,,idle2.pcapng
"Oct 12, 2023 18:12:55.625357",,53,,,,,,,,,,idle2.pcapng
"Oct 12, 2023 18:12:55.627435",0.002078,5,,,0x0002,120,,,,,,idle2.pcapng
"Oct 12, 2023 18:12:55.628508",0.001073,52,0xebe5,0x0000,0x8861,121,,,,,,idle2.pcapng
"Oct 12, 2023 18:12:55.632618",,45,,,,,,,,,,idle2.pcapng
"Oct 12, 2023 18:12:55.634402",0.001784,5,,,0x0002,142,,,,,,idle2.pcapng
"Oct 12, 2023 18:12:55.635352",,45,,,,,,,,,,idle2.pcapng
"Oct 12, 2023 18:12:55.637138",0.001786,5,,,0x0002,143,,,,,,idle2.pcapng
"Oct 12, 2023 18:12:55.655174",,52,,,,,,,,,,idle2.pcapng
"Oct 12, 2023 18:12:55.657221",0.002047,5,,,0x0002,121,,,,,,idle2.pcapng
"Oct 12, 2023 18:12:55.659452",,45,,,,,,,,,,idle2.pcapng
"Oct 12, 2023 18:12:55.661241",0.001789,5,,,0x0002,224,,,,,,idle2.pcapng
"Oct 12, 2023 18:12:55.664890",,45,,,,,,,,,,idle2.pcapng
"Oct 12, 2023 18:12:55.669414",,45,,,,,,,,,,idle2.pcapng
"Oct 12, 2023 18:12:55.671201",0.001787,5,,,0x0002,144,,,,,,idle2.pcapng
"Oct 12, 2023 18:12:55.679623",,45,,,,,,,,,,idle2.pcapng
"Oct 12, 2023 18:12:55.681415",0.001792,5,,,0x0002,225,,,,,,idle2.pcapng
"Oct 12, 2023 18:12:55.683184",,45,,,,,,,,,,idle2.pcapng
"Oct 12, 2023 18:12:55.684966",0.001782,5,,,0x0002,225,,,,,,idle2.pcapng
"Oct 12, 2023 18:12:55.685845",,45,,,,,,,,,,idle2.pcapng
"Oct 12, 2023 18:12:55.687630",0.001785,5,,,0x0002,145,,,,,,idle2.pcapng
"Oct 12, 2023 18:12:55.689391",,45,,,,,,,,,,idle2.pcapng
"Oct 12, 2023 18:12:55.691179",0.001788,5,,,0x0002,146,,,,,,idle2.pcapng
"Oct 12, 2023 18:12:55.694687",,45,,,,,,,,,,idle2.pcapng
"Oct 12, 2023 18:12:55.696480",0.001793,5,,,0x0002,226,,,,,,idle2.pcapng
"Oct 12, 2023 18:12:55.700223",,45,,,,,,,,,,idle2.pcapng
"Oct 12, 2023 18:12:55.702010",0.001787,5,,,0x0002,147,,,,,,idle2.pcapng
"Oct 12, 2023 18:12:55.704472",,45,,,,,,,,,,idle2.pcapng
"Oct 12, 2023 18:12:55.706252",0.001780,5,,,0x0002,227,,,,,,idle2.pcapng
"Oct 12, 2023 18:12:55.710071",,45,,,,,,,,,,idle2.pcapng
"Oct 12, 2023 18:12:55.711860",0.001789,5,,,0x0002,148,,,,,,idle2.pcapng
"Oct 12, 2023 18:12:56.382116",0.670256,107,0x82eb,0xffff,0x886b,43,,,,,,idle2.pcapng
"Oct 12, 2023 18:12:58.370370",1.988254,77,0x482d,0xffff,0x8841,13,0x482d,0xfffc,0x1209,,,idle2.pcapng
"Oct 12, 2023 18:12:59.131313",,63,,,,,,,,,,idle2.pcapng
"Oct 12, 2023 18:12:59.133711",0.002398,5,,,0x0002,190,,,,,,idle2.pcapng
"Oct 12, 2023 18:12:59.180016",,50,,,,,,,,,,idle2.pcapng
"Oct 12, 2023 18:12:59.185380",,50,,,,,,,,,,idle2.pcapng
"Oct 12, 2023 18:12:59.187331",0.001951,5,,,0x0002,149,,,,,,idle2.pcapng
"Oct 12, 2023 18:12:59.187933",0.000602,12,0x2cae,0x482d,0x8863,211,,,,,,idle2.pcapng
"Oct 12, 2023 18:12:59.192388",,45,,,,,,,,,,idle2.pcapng
"Oct 12, 2023 18:12:59.194211",0.001823,5,,,0x0002,191,,,,,,idle2.pcapng
"Oct 12, 2023 18:12:59.207469",0.013258,62,0xc8f0,0x0000,0x8861,192,,,,,,idle2.pcapng
"Oct 12, 2023 18:12:59.209675",0.002206,5,,,0x0002,192,,,,,,idle2.pcapng
"Oct 12, 2023 18:12:59.249245",,50,,,,,,,,,,idle2.pcapng
"Oct 12, 2023 18:12:59.251228",0.001983,5,,,0x0002,229,,,,,,idle2.pcapng
"Oct 12, 2023 18:12:59.254851",,50,,,,,,,,,,idle2.pcapng
"Oct 12, 2023 18:12:59.256804",0.001953,5,,,0x0002,150,,,,,,idle2.pcapng
"Oct 12, 2023 18:12:59.261970",,45,,,,,,,,,,idle2.pcapng
"Oct 12, 2023 18:12:59.263793",0.001823,5,,,0x0002,193,,,,,,idle2.pcapng
"Oct 12, 2023 18:12:59.951561",0.687768,103,0xe694,0xffff,0x8867,149,,,,,,idle2.pcapng
"Oct 12, 2023 18:13:01.010877",1.059316,71,0xc8f0,0xffff,0x8841,194,0xc8f0,0xfffc,0x1209,,,idle2.pcapng
"Oct 12, 2023 18:13:02.642863",1.631986,74,0xa209,0xffff,0x8841,151,0xa209,0xfffc,0x1209,,,idle2.pcapng
