Device Name,Device Type,Time,Delta Time,Length,Source IEEE,Destination IEEE,FCF IEEE,Sequence Number,Source Zigbee,Destination Zigbee,FCF Zigbee,Payload Length,Extended Source,File
Philips Motion,Motion,"Oct 28, 2023 13:12:01.000000",0.0,12,0x059b,0xec7f,0x8863,160.0,,,,,,physicalInteraction1.pcapng
Unknown,Unknown,"Oct 28, 2023 13:12:01.000753",0.000753,5,,,0x0002,160.0,,,,,,physicalInteraction1.pcapng
Philips Lamp 3,Bulb,"Oct 28, 2023 13:12:01.016541",0.015788,77,0x711c,0xffff,0x8841,94.0,0x711c,0xfffc,0x1209,,,physicalInteraction1.pcapng
Philips Motion,Motion,"Oct 28, 2023 13:12:01.563284",0.546743,12,0x059b,0xec7f,0x8863,161.0,,,,,,physicalInteraction1.pcapng
Unknown,Unknown,"Oct 28, 2023 13:12:01.564037",0.000753,5,,,0x0002,161.0,,,,,,physicalInteraction1.pcapng
Philips Motion,Motion,"Oct 28, 2023 13:12:02.061937",0.4979,12,0x059b,0xec7f,0x8863,162.0,,,,,,physicalInteraction1.pcapng
Unknown,Unknown,"Oct 28, 2023 13:12:02.062690",0.000753,5,,,0x0002,162.0,,,,,,physicalInteraction1.pcapng
Philips Motion,Motion,"Oct 28, 2023 13:12:02.595602",0.532912,12,0x059b,0xec7f,0x8863,163.0,,,,,,physicalInteraction1.pcapng
Unknown,Unknown,"Oct 28, 2023 13:12:02.596356",0.000754,5,,,0x0002,163.0,,,,,,physicalInteraction1.pcapng
Philips Motion,Motion,"Oct 28, 2023 13:12:02.920108",,53,,,,,,,,,,physicalInteraction1.pcapng
Unknown,Unknown,"Oct 28, 2023 13:12:02.922173",0.002065,5,,,0x0002,164.0,,,,,,physicalInteraction1.pcapng
Ledvance Bulb,Bulb,"Oct 28, 2023 13:12:02.924537",0.002364,57,0xec7f,0x0000,0x8861,7.0,0x059b,0x0000,0x1a09,,,physicalInteraction1.pcapng
Unknown,Unknown,"Oct 28, 2023 13:12:02.926744",0.002207,5,,,0x0002,7.0,,,,,,physicalInteraction1.pcapng
Ledvance Bulb,Bulb,"Oct 28, 2023 13:12:02.972170",,53,,,,,,,,,,physicalInteraction1.pcapng
Unknown,Unknown,"Oct 28, 2023 13:12:02.974249",0.002079,5,,,0x0002,8.0,,,,,,physicalInteraction1.pcapng
Coordinator,Coordinator,"Oct 28, 2023 13:12:03.017962",,54,,,,,,,,,,physicalInteraction1.pcapng
Unknown,Unknown,"Oct 28, 2023 13:12:03.020059",0.002097,5,,,0x0002,32.0,,,,,,physicalInteraction1.pcapng
Philips Motion,Motion,"Oct 28, 2023 13:12:03.063886",0.043827,12,0x059b,0xec7f,0x8863,165.0,,,,,,physicalInteraction1.pcapng
Unknown,Unknown,"Oct 28, 2023 13:12:03.064639",0.000753,5,,,0x0012,165.0,,,,,,physicalInteraction1.pcapng
Ledvance Bulb,Bulb,"Oct 28, 2023 13:12:03.066654",,50,,,,,,,,,,physicalInteraction1.pcapng
Unknown,Unknown,"Oct 28, 2023 13:12:03.068640",0.001986,5,,,0x0002,9.0,,,,,,physicalInteraction1.pcapng
Philips Motion,Motion,"Oct 28, 2023 13:12:03.071848",0.003208,12,0x059b,0xec7f,0x8863,166.0,,,,,,physicalInteraction1.pcapng
Unknown,Unknown,"Oct 28, 2023 13:12:03.072601",0.000753,5,,,0x0002,166.0,,,,,,physicalInteraction1.pcapng
Philips Motion,Motion,"Oct 28, 2023 13:12:03.079443",,45,,,,,,,,,,physicalInteraction1.pcapng
Unknown,Unknown,"Oct 28, 2023 13:12:03.081253",0.00181,5,,,0x0002,167.0,,,,,,physicalInteraction1.pcapng
Ledvance Bulb,Bulb,"Oct 28, 2023 13:12:03.084537",0.003284,57,0xec7f,0x0000,0x8861,10.0,0x059b,0x0000,0x1a09,,,physicalInteraction1.pcapng
Unknown,Unknown,"Oct 28, 2023 13:12:03.086743",0.002206,5,,,0x0002,10.0,,,,,,physicalInteraction1.pcapng
Ledvance Bulb,Bulb,"Oct 28, 2023 13:12:03.131674",,45,,,,,,,,,,physicalInteraction1.pcapng
Unknown,Unknown,"Oct 28, 2023 13:12:03.133496",0.001822,5,,,0x0002,11.0,,,,,,physicalInteraction1.pcapng
Ledvance Smart+ Plug,Socket,"Oct 28, 2023 13:12:03.490211",0.356715,74,0x0112,0xffff,0x8841,59.0,0x0112,0xfffc,0x1209,,,physicalInteraction1.pcapng
Philips Motion,Motion,"Oct 28, 2023 13:12:03.562213",0.072002,12,0x059b,0xec7f,0x8863,168.0,,,,,,physicalInteraction1.pcapng
Unknown,Unknown,"Oct 28, 2023 13:12:03.562966",0.000753,5,,,0x0002,168.0,,,,,,physicalInteraction1.pcapng
Philips Motion,Motion,"Oct 28, 2023 13:12:04.063791",0.500825,12,0x059b,0xec7f,0x8863,169.0,,,,,,physicalInteraction1.pcapng
Unknown,Unknown,"Oct 28, 2023 13:12:04.064544",0.000753,5,,,0x0002,169.0,,,,,,physicalInteraction1.pcapng
Aqara Motion,Motion,"Oct 28, 2023 13:12:04.248918",,57,,,,,,,,,,physicalInteraction1.pcapng
Unknown,Unknown,"Oct 28, 2023 13:12:04.251125",0.002207,5,,,0x0002,69.0,,,,,,physicalInteraction1.pcapng
Philips Motion,Motion,"Oct 28, 2023 13:12:04.563355",0.31223,12,0x059b,0xec7f,0x8863,170.0,,,,,,physicalInteraction1.pcapng
Unknown,Unknown,"Oct 28, 2023 13:12:04.564109",0.000754,5,,,0x0002,170.0,,,,,,physicalInteraction1.pcapng
Ledvance Bulb,Bulb,"Oct 28, 2023 13:12:04.757315",0.193206,77,0xec7f,0xffff,0x8841,12.0,0xec7f,0xfffc,0x1209,,,physicalInteraction1.pcapng
Philips Motion,Motion,"Oct 28, 2023 13:12:05.094639",0.337324,12,0x059b,0xec7f,0x8863,171.0,,,,,,physicalInteraction1.pcapng
Unknown,Unknown,"Oct 28, 2023 13:12:05.095393",0.000754,5,,,0x0002,171.0,,,,,,physicalInteraction1.pcapng
Philips Motion,Motion,"Oct 28, 2023 13:12:05.593354",0.497961,12,0x059b,0xec7f,0x8863,172.0,,,,,,physicalInteraction1.pcapng
Unknown,Unknown,"Oct 28, 2023 13:12:05.594107",0.000753,5,,,0x0002,172.0,,,,,,physicalInteraction1.pcapng
Philips Motion,Motion,"Oct 28, 2023 13:12:06.126730",0.532623,12,0x059b,0xec7f,0x8863,173.0,,,,,,physicalInteraction1.pcapng
Unknown,Unknown,"Oct 28, 2023 13:12:06.127483",0.000753,5,,,0x0002,173.0,,,,,,physicalInteraction1.pcapng
Philips Motion,Motion,"Oct 28, 2023 13:12:06.624613",0.49713,12,0x059b,0xec7f,0x8863,174.0,,,,,,physicalInteraction1.pcapng
Unknown,Unknown,"Oct 28, 2023 13:12:06.625367",0.000754,5,,,0x0002,174.0,,,,,,physicalInteraction1.pcapng
Aqara Button,Button,"Oct 28, 2023 13:12:06.696638",,53,,,,,,,,,,physicalInteraction1.pcapng
Unknown,Unknown,"Oct 28, 2023 13:12:06.698718",0.00208,5,,,0x0002,115.0,,,,,,physicalInteraction1.pcapng
Philips Lamp 1,Bulb,"Oct 28, 2023 13:12:06.702765",0.004047,57,0x1cd8,0x0000,0x8861,195.0,0xc31c,0x0000,0x1a09,,,physicalInteraction1.pcapng
Unknown,Unknown,"Oct 28, 2023 13:12:06.704972",0.002207,5,,,0x0002,195.0,,,,,,physicalInteraction1.pcapng
Philips Lamp 1,Bulb,"Oct 28, 2023 13:12:06.751550",,53,,,,,,,,,,physicalInteraction1.pcapng
Unknown,Unknown,"Oct 28, 2023 13:12:06.753628",0.002078,5,,,0x0002,196.0,,,,,,physicalInteraction1.pcapng
Coordinator,Coordinator,"Oct 28, 2023 13:12:06.804588",,48,,,,,,,,,,physicalInteraction1.pcapng
Unknown,Unknown,"Oct 28, 2023 13:12:06.806493",0.001905,5,,,0x0002,33.0,,,,,,physicalInteraction1.pcapng
Ledvance Bulb,Bulb,"Oct 28, 2023 13:12:06.810327",,48,,,,,,,,,,physicalInteraction1.pcapng
Unknown,Unknown,"Oct 28, 2023 13:12:06.812213",0.001886,5,,,0x0002,13.0,,,,,,physicalInteraction1.pcapng
Moes Bulb,Bulb,"Oct 28, 2023 13:12:06.819973",0.00776,50,0x1e15,0x0000,0x8861,63.0,,,,,,physicalInteraction1.pcapng
Unknown,Unknown,"Oct 28, 2023 13:12:06.821956",0.001983,5,,,0x0002,63.0,,,,,,physicalInteraction1.pcapng
Philips Motion,Motion,"Oct 28, 2023 13:12:07.124946",0.30299,12,0x059b,0xec7f,0x8863,175.0,,,,,,physicalInteraction1.pcapng
Unknown,Unknown,"Oct 28, 2023 13:12:07.125699",0.000753,5,,,0x0002,175.0,,,,,,physicalInteraction1.pcapng
Philips Motion,Motion,"Oct 28, 2023 13:12:07.656568",0.530869,12,0x059b,0xec7f,0x8863,176.0,,,,,,physicalInteraction1.pcapng
Unknown,Unknown,"Oct 28, 2023 13:12:07.657321",0.000753,5,,,0x0002,176.0,,,,,,physicalInteraction1.pcapng
Smart Socket,Socket,"Oct 28, 2023 13:12:07.719094",0.061773,77,0xe1a6,0xffff,0x8841,201.0,0xe1a6,0xfffc,0x1209,,,physicalInteraction1.pcapng
Philips Motion,Motion,"Oct 28, 2023 13:12:08.158217",0.439123,12,0x059b,0xec7f,0x8863,177.0,,,,,,physicalInteraction1.pcapng
Unknown,Unknown,"Oct 28, 2023 13:12:08.158970",0.000753,5,,,0x0002,177.0,,,,,,physicalInteraction1.pcapng
Power Plug 2,Socket,"Oct 28, 2023 13:12:08.676152",0.517182,74,0xa706,0xffff,0x8841,14.0,0xa706,0xfffc,0x1209,,,physicalInteraction1.pcapng
Philips Motion,Motion,"Oct 28, 2023 13:12:08.688304",0.012152,12,0x059b,0xec7f,0x8863,178.0,,,,,,physicalInteraction1.pcapng
Unknown,Unknown,"Oct 28, 2023 13:12:08.689057",0.000753,5,,,0x0002,178.0,,,,,,physicalInteraction1.pcapng
Coordinator,Coordinator,"Oct 28, 2023 13:12:09.140024",0.450967,77,0x0000,0xffff,0x8841,34.0,0x0000,0xfffc,0x1209,,,physicalInteraction1.pcapng
Aqara Button,Button,"Oct 28, 2023 13:12:09.190996",,53,,,,,,,,,,physicalInteraction1.pcapng
Unknown,Unknown,"Oct 28, 2023 13:12:09.193075",0.002079,5,,,0x0002,116.0,,,,,,physicalInteraction1.pcapng
Philips Lamp 1,Bulb,"Oct 28, 2023 13:12:09.196407",0.003332,57,0x1cd8,0x0000,0x8861,197.0,0xc31c,0x0000,0x1a09,,,physicalInteraction1.pcapng
Unknown,Unknown,"Oct 28, 2023 13:12:09.198614",0.002207,5,,,0x0002,197.0,,,,,,physicalInteraction1.pcapng
Philips Motion,Motion,"Oct 28, 2023 13:12:09.220376",0.021762,12,0x059b,0xec7f,0x8863,179.0,,,,,,physicalInteraction1.pcapng
Unknown,Unknown,"Oct 28, 2023 13:12:09.221130",0.000754,5,,,0x0002,179.0,,,,,,physicalInteraction1.pcapng
Philips Lamp 1,Bulb,"Oct 28, 2023 13:12:09.244628",,53,,,,,,,,,,physicalInteraction1.pcapng
Unknown,Unknown,"Oct 28, 2023 13:12:09.246707",0.002079,5,,,0x0002,198.0,,,,,,physicalInteraction1.pcapng
Coordinator,Coordinator,"Oct 28, 2023 13:12:09.300199",,48,,,,,,,,,,physicalInteraction1.pcapng
Unknown,Unknown,"Oct 28, 2023 13:12:09.302118",0.001919,5,,,0x0002,35.0,,,,,,physicalInteraction1.pcapng
Philips Lamp 1,Bulb,"Oct 28, 2023 13:12:09.307020",0.004902,55,0x1cd8,0x0000,0x8861,199.0,0x1cd8,0x0000,0x1a09,,,physicalInteraction1.pcapng
Unknown,Unknown,"Oct 28, 2023 13:12:09.309163",0.002143,5,,,0x0002,199.0,,,,,,physicalInteraction1.pcapng
Philips Lamp 1,Bulb,"Oct 28, 2023 13:12:09.353645",,50,,,,,,,,,,physicalInteraction1.pcapng
Unknown,Unknown,"Oct 28, 2023 13:12:09.355628",0.001983,5,,,0x0002,200.0,,,,,,physicalInteraction1.pcapng
Power Plug 1,Socket,"Oct 28, 2023 13:12:09.448209",0.092581,74,0x3d95,0xffff,0x8841,214.0,0x3d95,0xfffc,0x1209,,,physicalInteraction1.pcapng
Philips Lamp 1,Bulb,"Oct 28, 2023 13:12:09.667570",0.219361,55,0x1cd8,0x0000,0x8861,201.0,0x1cd8,0x0000,0x1a09,,,physicalInteraction1.pcapng
Unknown,Unknown,"Oct 28, 2023 13:12:09.669712",0.002142,5,,,0x0002,201.0,,,,,,physicalInteraction1.pcapng
Philips Lamp 1,Bulb,"Oct 28, 2023 13:12:09.672448",0.002736,55,0x1cd8,0x0000,0x8861,202.0,0x1cd8,0x0000,0x1a09,,,physicalInteraction1.pcapng
Unknown,Unknown,"Oct 28, 2023 13:12:09.674591",0.002143,5,,,0x0002,202.0,,,,,,physicalInteraction1.pcapng
Philips Lamp 1,Bulb,"Oct 28, 2023 13:12:09.698222",,52,,,,,,,,,,physicalInteraction1.pcapng
Unknown,Unknown,"Oct 28, 2023 13:12:09.700269",0.002047,5,,,0x0002,203.0,,,,,,physicalInteraction1.pcapng
Philips Lamp 1,Bulb,"Oct 28, 2023 13:12:09.702411",,52,,,,,,,,,,physicalInteraction1.pcapng
Unknown,Unknown,"Oct 28, 2023 13:12:09.704457",0.002046,5,,,0x0002,204.0,,,,,,physicalInteraction1.pcapng
Philips Motion,Motion,"Oct 28, 2023 13:12:09.751480",0.047023,12,0x059b,0xec7f,0x8863,180.0,,,,,,physicalInteraction1.pcapng
Unknown,Unknown,"Oct 28, 2023 13:12:09.752233",0.000753,5,,,0x0002,180.0,,,,,,physicalInteraction1.pcapng
Philips Motion,Motion,"Oct 28, 2023 13:12:10.250417",0.498184,12,0x059b,0xec7f,0x8863,181.0,,,,,,physicalInteraction1.pcapng
Unknown,Unknown,"Oct 28, 2023 13:12:10.251170",0.000753,5,,,0x0002,181.0,,,,,,physicalInteraction1.pcapng
Moes Bulb,Bulb,"Oct 28, 2023 13:12:10.596718",0.345548,68,0x1e15,0xffff,0x8841,64.0,0x1e15,0xfffc,0x1209,,,physicalInteraction1.pcapng
Philips Lamp 1,Bulb,"Oct 28, 2023 13:12:10.673968",0.07725,55,0x1cd8,0x0000,0x8861,205.0,0x1cd8,0x0000,0x1a09,,,physicalInteraction1.pcapng
Unknown,Unknown,"Oct 28, 2023 13:12:10.676110",0.002142,5,,,0x0002,205.0,,,,,,physicalInteraction1.pcapng
Philips Lamp 1,Bulb,"Oct 28, 2023 13:12:10.712257",,52,,,,,,,,,,physicalInteraction1.pcapng
Unknown,Unknown,"Oct 28, 2023 13:12:10.714304",0.002047,5,,,0x0002,206.0,,,,,,physicalInteraction1.pcapng
Philips Motion,Motion,"Oct 28, 2023 13:12:10.783288",0.068984,12,0x059b,0xec7f,0x8863,182.0,,,,,,physicalInteraction1.pcapng
Unknown,Unknown,"Oct 28, 2023 13:12:10.784041",0.000753,5,,,0x0002,182.0,,,,,,physicalInteraction1.pcapng
Philips Motion,Motion,"Oct 28, 2023 13:12:11.282667",0.498626,12,0x059b,0xec7f,0x8863,183.0,,,,,,physicalInteraction1.pcapng
Unknown,Unknown,"Oct 28, 2023 13:12:11.283420",0.000753,5,,,0x0002,183.0,,,,,,physicalInteraction1.pcapng
Smart Socket,Socket,"Oct 28, 2023 13:12:11.437985",,53,,,,,,,,,,physicalInteraction1.pcapng
Unknown,Unknown,"Oct 28, 2023 13:12:11.440064",0.002079,5,,,0x0002,202.0,,,,,,physicalInteraction1.pcapng
Smart Socket,Socket,"Oct 28, 2023 13:12:11.440988",,53,,,,,,,,,,physicalInteraction1.pcapng
Unknown,Unknown,"Oct 28, 2023 13:12:11.443067",0.002079,5,,,0x0002,203.0,,,,,,physicalInteraction1.pcapng
Coordinator,Coordinator,"Oct 28, 2023 13:12:11.463881",,45,,,,,,,,,,physicalInteraction1.pcapng
Unknown,Unknown,"Oct 28, 2023 13:12:11.465672",0.001791,5,,,0x0002,36.0,,,,,,physicalInteraction1.pcapng
Coordinator,Coordinator,"Oct 28, 2023 13:12:11.470997",,45,,,,,,,,,,physicalInteraction1.pcapng
Coordinator,Coordinator,"Oct 28, 2023 13:12:11.475780",,45,,,,,,,,,,physicalInteraction1.pcapng
Unknown,Unknown,"Oct 28, 2023 13:12:11.477574",0.001794,5,,,0x0002,37.0,,,,,,physicalInteraction1.pcapng
Philips Motion,Motion,"Oct 28, 2023 13:12:11.783295",0.305721,12,0x059b,0xec7f,0x8863,184.0,,,,,,physicalInteraction1.pcapng
Unknown,Unknown,"Oct 28, 2023 13:12:11.784049",0.000754,5,,,0x0002,184.0,,,,,,physicalInteraction1.pcapng
Sonoff Door 1,Door,"Oct 28, 2023 13:12:12.059160",,54,,,,,,,,,,physicalInteraction1.pcapng
Unknown,Unknown,"Oct 28, 2023 13:12:12.061271",0.002111,5,,,0x0002,24.0,,,,,,physicalInteraction1.pcapng
Aqara Vibration,Vibration,"Oct 28, 2023 13:12:12.073716",,53,,,,,,,,,,physicalInteraction1.pcapng
Unknown,Unknown,"Oct 28, 2023 13:12:12.075795",0.002079,5,,,0x0002,244.0,,,,,,physicalInteraction1.pcapng
Philips Lamp 1,Bulb,"Oct 28, 2023 13:12:12.078584",0.002789,57,0x1cd8,0x0000,0x8861,207.0,0x187a,0x0000,0x1a09,,,physicalInteraction1.pcapng
Unknown,Unknown,"Oct 28, 2023 13:12:12.080791",0.002207,5,,,0x0002,207.0,,,,,,physicalInteraction1.pcapng
Philips Lamp 1,Bulb,"Oct 28, 2023 13:12:12.116574",0.035783,77,0x1cd8,0xffff,0x8841,208.0,0x1cd8,0xfffc,0x1209,,,physicalInteraction1.pcapng
Philips Lamp 1,Bulb,"Oct 28, 2023 13:12:12.127461",,53,,,,,,,,,,physicalInteraction1.pcapng
Unknown,Unknown,"Oct 28, 2023 13:12:12.129539",0.002078,5,,,0x0002,209.0,,,,,,physicalInteraction1.pcapng
Philips Lamp 1,Bulb,"Oct 28, 2023 13:12:12.131858",,53,,,,,,,,,,physicalInteraction1.pcapng
Unknown,Unknown,"Oct 28, 2023 13:12:12.133936",0.002078,5,,,0x0002,209.0,,,,,,physicalInteraction1.pcapng
Philips Motion,Motion,"Oct 28, 2023 13:12:12.314849",0.180913,12,0x059b,0xec7f,0x8863,185.0,,,,,,physicalInteraction1.pcapng
Unknown,Unknown,"Oct 28, 2023 13:12:12.315602",0.000753,5,,,0x0002,185.0,,,,,,physicalInteraction1.pcapng
Power Plug 1,Socket,"Oct 28, 2023 13:12:12.442569",,53,,,,,,,,,,physicalInteraction1.pcapng
Unknown,Unknown,"Oct 28, 2023 13:12:12.444648",0.002079,5,,,0x0002,215.0,,,,,,physicalInteraction1.pcapng
Coordinator,Coordinator,"Oct 28, 2023 13:12:12.457835",,45,,,,,,,,,,physicalInteraction1.pcapng
Unknown,Unknown,"Oct 28, 2023 13:12:12.459629",0.001794,5,,,0x0002,38.0,,,,,,physicalInteraction1.pcapng
Smart Socket,Socket,"Oct 28, 2023 13:12:12.463241",,45,,,,,,,,,,physicalInteraction1.pcapng
Unknown,Unknown,"Oct 28, 2023 13:12:12.465033",0.001792,5,,,0x0002,204.0,,,,,,physicalInteraction1.pcapng
Sonoff Door 1,Door,"Oct 28, 2023 13:12:12.575727",0.110694,12,0x946e,0x0000,0x8863,25.0,,,,,,physicalInteraction1.pcapng
Unknown,Unknown,"Oct 28, 2023 13:12:12.576493",0.000766,5,,,0x0002,25.0,,,,,,physicalInteraction1.pcapng
Philips Motion,Motion,"Oct 28, 2023 13:12:12.852205",0.275712,12,0x059b,0xec7f,0x8863,186.0,,,,,,physicalInteraction1.pcapng
Unknown,Unknown,"Oct 28, 2023 13:12:12.852958",0.000753,5,,,0x0002,186.0,,,,,,physicalInteraction1.pcapng
Ledvance Z3 Plug,Socket,"Oct 28, 2023 13:12:13.040370",0.187412,71,0x4e11,0xffff,0x8841,142.0,0x4e11,0xfffc,0x1209,,,physicalInteraction1.pcapng
Philips Motion,Motion,"Oct 28, 2023 13:12:13.344926",0.304556,12,0x059b,0xec7f,0x8863,187.0,,,,,,physicalInteraction1.pcapng
Unknown,Unknown,"Oct 28, 2023 13:12:13.345679",0.000753,5,,,0x0002,187.0,,,,,,physicalInteraction1.pcapng
Philips Motion,Motion,"Oct 28, 2023 13:12:13.875236",0.529557,12,0x059b,0xec7f,0x8863,188.0,,,,,,physicalInteraction1.pcapng
Unknown,Unknown,"Oct 28, 2023 13:12:13.875990",0.000754,5,,,0x0002,188.0,,,,,,physicalInteraction1.pcapng
Philips Motion,Motion,"Oct 28, 2023 13:12:14.381998",0.506008,12,0x059b,0xec7f,0x8863,189.0,,,,,,physicalInteraction1.pcapng
Unknown,Unknown,"Oct 28, 2023 13:12:14.382752",0.000754,5,,,0x0002,189.0,,,,,,physicalInteraction1.pcapng
Philips Lamp 2,Bulb,"Oct 28, 2023 13:12:14.401611",0.018859,107,0x5bb9,0x8fff,0x886b,166.0,,,,,,physicalInteraction1.pcapng
Coordinator,Coordinator,"Oct 28, 2023 13:12:14.686748",,52,,,,,,,,,,physicalInteraction1.pcapng
Unknown,Unknown,"Oct 28, 2023 13:12:14.688765",0.002017,5,,,0x0002,39.0,,,,,,physicalInteraction1.pcapng
Smart Socket,Socket,"Oct 28, 2023 13:12:14.695969",,63,,,,,,,,,,physicalInteraction1.pcapng
Unknown,Unknown,"Oct 28, 2023 13:12:14.698368",0.002399,5,,,0x0002,205.0,,,,,,physicalInteraction1.pcapng
Coordinator,Coordinator,"Oct 28, 2023 13:12:14.721234",,52,,,,,,,,,,physicalInteraction1.pcapng
Unknown,Unknown,"Oct 28, 2023 13:12:14.723247",0.002013,5,,,0x0002,40.0,,,,,,physicalInteraction1.pcapng
Smart Socket,Socket,"Oct 28, 2023 13:12:14.727073",,52,,,,,,,,,,physicalInteraction1.pcapng
Unknown,Unknown,"Oct 28, 2023 13:12:14.729088",0.002015,5,,,0x0002,206.0,,,,,,physicalInteraction1.pcapng
Coordinator,Coordinator,"Oct 28, 2023 13:12:14.732791",,45,,,,,,,,,,physicalInteraction1.pcapng
Unknown,Unknown,"Oct 28, 2023 13:12:14.734582",0.001791,5,,,0x0002,41.0,,,,,,physicalInteraction1.pcapng
Power Plug 1,Socket,"Oct 28, 2023 13:12:14.736245",,63,,,,,,,,,,physicalInteraction1.pcapng
Unknown,Unknown,"Oct 28, 2023 13:12:14.738644",0.002399,5,,,0x0002,216.0,,,,,,physicalInteraction1.pcapng
Coordinator,Coordinator,"Oct 28, 2023 13:12:14.748023",,54,,,,,,,,,,physicalInteraction1.pcapng
Unknown,Unknown,"Oct 28, 2023 13:12:14.750104",0.002081,5,,,0x0002,42.0,,,,,,physicalInteraction1.pcapng
Smart Socket,Socket,"Oct 28, 2023 13:12:14.757494",,66,,,,,,,,,,physicalInteraction1.pcapng
Unknown,Unknown,"Oct 28, 2023 13:12:14.759989",0.002495,5,,,0x0002,207.0,,,,,,physicalInteraction1.pcapng
Coordinator,Coordinator,"Oct 28, 2023 13:12:14.793134",,54,,,,,,,,,,physicalInteraction1.pcapng
Unknown,Unknown,"Oct 28, 2023 13:12:14.795216",0.002082,5,,,0x0002,43.0,,,,,,physicalInteraction1.pcapng
Smart Socket,Socket,"Oct 28, 2023 13:12:14.799087",,54,,,,,,,,,,physicalInteraction1.pcapng
Unknown,Unknown,"Oct 28, 2023 13:12:14.801167",0.00208,5,,,0x0002,208.0,,,,,,physicalInteraction1.pcapng
Coordinator,Coordinator,"Oct 28, 2023 13:12:14.806479",,45,,,,,,,,,,physicalInteraction1.pcapng
Unknown,Unknown,"Oct 28, 2023 13:12:14.808261",0.001782,5,,,0x0002,44.0,,,,,,physicalInteraction1.pcapng
Smart Socket,Socket,"Oct 28, 2023 13:12:14.811898",,45,,,,,,,,,,physicalInteraction1.pcapng
Unknown,Unknown,"Oct 28, 2023 13:12:14.813678",0.00178,5,,,0x0002,209.0,,,,,,physicalInteraction1.pcapng
Coordinator,Coordinator,"Oct 28, 2023 13:12:14.814493",,54,,,,,,,,,,physicalInteraction1.pcapng
Power Plug 1,Socket,"Oct 28, 2023 13:12:14.817505",0.003012,107,0x3d95,0x0000,0x886b,217.0,,,,,,physicalInteraction1.pcapng
Coordinator,Coordinator,"Oct 28, 2023 13:12:14.820720",,54,,,,,,,,,,physicalInteraction1.pcapng
Philips Lamp 3,Bulb,"Oct 28, 2023 13:12:14.825520",0.0048,54,0x711c,0xa706,0x8861,95.0,,,,,,physicalInteraction1.pcapng
Power Plug 1,Socket,"Oct 28, 2023 13:12:14.827695",0.002175,107,0x3d95,0x0000,0x886b,217.0,,,,,,physicalInteraction1.pcapng
Power Plug 1,Socket,"Oct 28, 2023 13:12:14.835183",,66,,,,,,,,,,physicalInteraction1.pcapng
Unknown,Unknown,"Oct 28, 2023 13:12:14.837677",0.002494,5,,,0x0002,218.0,,,,,,physicalInteraction1.pcapng
Power Plug 2,Socket,"Oct 28, 2023 13:12:14.840496",,66,,,,,,,,,,physicalInteraction1.pcapng
Unknown,Unknown,"Oct 28, 2023 13:12:14.842991",0.002495,5,,,0x0002,15.0,,,,,,physicalInteraction1.pcapng
Coordinator,Coordinator,"Oct 28, 2023 13:12:14.843793",,54,,,,,,,,,,physicalInteraction1.pcapng
Unknown,Unknown,"Oct 28, 2023 13:12:14.845904",0.002111,5,,,0x0002,45.0,,,,,,physicalInteraction1.pcapng
Coordinator,Coordinator,"Oct 28, 2023 13:12:14.870934",,45,,,,,,,,,,physicalInteraction1.pcapng
Unknown,Unknown,"Oct 28, 2023 13:12:14.872728",0.001794,5,,,0x0002,46.0,,,,,,physicalInteraction1.pcapng
Philips Motion,Motion,"Oct 28, 2023 13:12:14.876494",0.003766,12,0x059b,0xec7f,0x8863,190.0,,,,,,physicalInteraction1.pcapng
Unknown,Unknown,"Oct 28, 2023 13:12:14.877247",0.000753,5,,,0x0002,190.0,,,,,,physicalInteraction1.pcapng
Coordinator,Coordinator,"Oct 28, 2023 13:12:14.879247",,52,,,,,,,,,,physicalInteraction1.pcapng
Unknown,Unknown,"Oct 28, 2023 13:12:14.881294",0.002047,5,,,0x0002,47.0,,,,,,physicalInteraction1.pcapng
Unknown,Unknown,"Oct 28, 2023 13:12:14.887380",0.006086,5,,,0x0002,96.0,,,,,,physicalInteraction1.pcapng
Coordinator,Coordinator,"Oct 28, 2023 13:12:14.894903",,45,,,,,,,,,,physicalInteraction1.pcapng
Unknown,Unknown,"Oct 28, 2023 13:12:14.896696",0.001793,5,,,0x0002,48.0,,,,,,physicalInteraction1.pcapng
Power Plug 2,Socket,"Oct 28, 2023 13:12:14.899829",0.003133,63,0xa706,0x0000,0x8861,16.0,,,,,,physicalInteraction1.pcapng
Smart Socket,Socket,"Oct 28, 2023 13:12:14.904785",,45,,,,,,,,,,physicalInteraction1.pcapng
Unknown,Unknown,"Oct 28, 2023 13:12:14.906578",0.001793,5,,,0x0002,210.0,,,,,,physicalInteraction1.pcapng
Smart Socket,Socket,"Oct 28, 2023 13:12:14.909183",,45,,,,,,,,,,physicalInteraction1.pcapng
Unknown,Unknown,"Oct 28, 2023 13:12:14.910976",0.001793,5,,,0x0002,210.0,,,,,,physicalInteraction1.pcapng
Coordinator,Coordinator,"Oct 28, 2023 13:12:14.913945",,45,,,,,,,,,,physicalInteraction1.pcapng
Unknown,Unknown,"Oct 28, 2023 13:12:14.915768",0.001823,5,,,0x0002,49.0,,,,,,physicalInteraction1.pcapng
Power Plug 2,Socket,"Oct 28, 2023 13:12:14.917544",,63,,,,,,,,,,physicalInteraction1.pcapng
Unknown,Unknown,"Oct 28, 2023 13:12:14.919943",0.002399,5,,,0x0002,17.0,,,,,,physicalInteraction1.pcapng
Power Plug 2,Socket,"Oct 28, 2023 13:12:14.922572",,63,,,,,,,,,,physicalInteraction1.pcapng
Unknown,Unknown,"Oct 28, 2023 13:12:14.924971",0.002399,5,,,0x0002,17.0,,,,,,physicalInteraction1.pcapng
Philips Lamp 3,Bulb,"Oct 28, 2023 13:12:14.925882",,45,,,,,,,,,,physicalInteraction1.pcapng
Unknown,Unknown,"Oct 28, 2023 13:12:14.927675",0.001793,5,,,0x0002,97.0,,,,,,physicalInteraction1.pcapng
Coordinator,Coordinator,"Oct 28, 2023 13:12:14.935394",,45,,,,,,,,,,physicalInteraction1.pcapng
Unknown,Unknown,"Oct 28, 2023 13:12:14.937217",0.001823,5,,,0x0002,50.0,,,,,,physicalInteraction1.pcapng
Philips Lamp 3,Bulb,"Oct 28, 2023 13:12:14.946369",,45,,,,,,,,,,physicalInteraction1.pcapng
Unknown,Unknown,"Oct 28, 2023 13:12:14.948162",0.001793,5,,,0x0002,98.0,,,,,,physicalInteraction1.pcapng
Aqara Button,Button,"Oct 28, 2023 13:12:15.207498",,53,,,,,,,,,,physicalInteraction1.pcapng
Unknown,Unknown,"Oct 28, 2023 13:12:15.209578",0.00208,5,,,0x0002,117.0,,,,,,physicalInteraction1.pcapng
Philips Lamp 1,Bulb,"Oct 28, 2023 13:12:15.212306",0.002728,57,0x1cd8,0x0000,0x8861,210.0,,,,,,physicalInteraction1.pcapng
Unknown,Unknown,"Oct 28, 2023 13:12:15.217812",0.005506,57,,,0x6861,149.0,,,,,,physicalInteraction1.pcapng
Philips Lamp 1,Bulb,"Oct 28, 2023 13:12:15.226740",0.008928,57,0x1cd8,0x0000,0x8861,210.0,,,,,,physicalInteraction1.pcapng
Philips Lamp 1,Bulb,"Oct 28, 2023 13:12:15.243177",0.016437,57,0x1cd8,0x0000,0x8861,210.0,,,,,,physicalInteraction1.pcapng
Philips Lamp 1,Bulb,"Oct 28, 2023 13:12:15.262231",,53,,,,,,,,,,physicalInteraction1.pcapng
Unknown,Unknown,"Oct 28, 2023 13:12:15.264310",0.002079,5,,,0x0002,211.0,,,,,,physicalInteraction1.pcapng
Unknown,Unknown,"Oct 28, 2023 13:12:15.284784",0.020474,57,0x1b7f,0xd3e0,0x8861,212.0,,,,,,physicalInteraction1.pcapng
Philips Lamp 1,Bulb,"Oct 28, 2023 13:12:15.288078",0.003294,57,0x1cd8,0x0000,0x8861,212.0,0xc31c,0x0000,0x1a09,,,physicalInteraction1.pcapng
Unknown,Unknown,"Oct 28, 2023 13:12:15.290285",0.002207,5,,,0x0002,212.0,,,,,,physicalInteraction1.pcapng
Coordinator,Coordinator,"Oct 28, 2023 13:12:15.313724",,48,,,,,,,,,,physicalInteraction1.pcapng
Unknown,Unknown,"Oct 28, 2023 13:12:15.315630",0.001906,5,,,0x0002,51.0,,,,,,physicalInteraction1.pcapng
Philips Lamp 3,Bulb,"Oct 28, 2023 13:12:15.347320",0.03169,77,0x711c,0xffff,0x8841,99.0,0x711c,0xfffc,0x1209,,,physicalInteraction1.pcapng
Ledvance Bulb,Bulb,"Oct 28, 2023 13:12:15.351032",0.003712,55,0xec7f,0x0000,0x8861,14.0,0xec7f,0x0000,0x1a09,,,physicalInteraction1.pcapng
Unknown,Unknown,"Oct 28, 2023 13:12:15.353175",0.002143,5,,,0x0002,14.0,,,,,,physicalInteraction1.pcapng
Ledvance Bulb,Bulb,"Oct 28, 2023 13:12:15.364864",0.011689,55,0xec7f,0x0000,0x8861,15.0,0xec7f,0x0000,0x1a09,,,physicalInteraction1.pcapng
Unknown,Unknown,"Oct 28, 2023 13:12:15.367006",0.002142,5,,,0x0002,15.0,,,,,,physicalInteraction1.pcapng
Ledvance Bulb,Bulb,"Oct 28, 2023 13:12:15.375842",0.008836,55,0xec7f,0x0000,0x8861,16.0,0xec7f,0x0000,0x1a09,,,physicalInteraction1.pcapng
Unknown,Unknown,"Oct 28, 2023 13:12:15.377985",0.002143,5,,,0x0002,16.0,,,,,,physicalInteraction1.pcapng
Philips Motion,Motion,"Oct 28, 2023 13:12:15.382332",0.004347,12,0x059b,0xec7f,0x8863,191.0,,,,,,physicalInteraction1.pcapng
Unknown,Unknown,"Oct 28, 2023 13:12:15.383085",0.000753,5,,,0x0002,191.0,,,,,,physicalInteraction1.pcapng
Ledvance Bulb,Bulb,"Oct 28, 2023 13:12:15.389646",,50,,,,,,,,,,physicalInteraction1.pcapng
Unknown,Unknown,"Oct 28, 2023 13:12:15.391629",0.001983,5,,,0x0002,17.0,,,,,,physicalInteraction1.pcapng
Ledvance Bulb,Bulb,"Oct 28, 2023 13:12:15.401603",,52,,,,,,,,,,physicalInteraction1.pcapng
Unknown,Unknown,"Oct 28, 2023 13:12:15.403650",0.002047,5,,,0x0002,18.0,,,,,,physicalInteraction1.pcapng
Coordinator,Coordinator,"Oct 28, 2023 13:12:15.408748",,45,,,,,,,,,,physicalInteraction1.pcapng
Unknown,Unknown,"Oct 28, 2023 13:12:15.410557",0.001809,5,,,0x0002,52.0,,,,,,physicalInteraction1.pcapng
Ledvance Bulb,Bulb,"Oct 28, 2023 13:12:15.414144",,52,,,,,,,,,,physicalInteraction1.pcapng
Unknown,Unknown,"Oct 28, 2023 13:12:15.416191",0.002047,5,,,0x0002,19.0,,,,,,physicalInteraction1.pcapng
Coordinator,Coordinator,"Oct 28, 2023 13:12:15.420955",,45,,,,,,,,,,physicalInteraction1.pcapng
Unknown,Unknown,"Oct 28, 2023 13:12:15.422765",0.00181,5,,,0x0002,53.0,,,,,,physicalInteraction1.pcapng
Coordinator,Coordinator,"Oct 28, 2023 13:12:15.430902",,45,,,,,,,,,,physicalInteraction1.pcapng
Unknown,Unknown,"Oct 28, 2023 13:12:15.432712",0.00181,5,,,0x0002,54.0,,,,,,physicalInteraction1.pcapng
Coordinator,Coordinator,"Oct 28, 2023 13:12:15.450922",,50,,,,,,,,,,physicalInteraction1.pcapng
Unknown,Unknown,"Oct 28, 2023 13:12:15.452891",0.001969,5,,,0x0002,55.0,,,,,,physicalInteraction1.pcapng
Coordinator,Coordinator,"Oct 28, 2023 13:12:15.466203",,50,,,,,,,,,,physicalInteraction1.pcapng
Unknown,Unknown,"Oct 28, 2023 13:12:15.468172",0.001969,5,,,0x0002,56.0,,,,,,physicalInteraction1.pcapng
Ledvance Bulb,Bulb,"Oct 28, 2023 13:12:15.472403",0.004231,55,0xec7f,0x0000,0x8861,20.0,0xec7f,0x0000,0x1a09,,,physicalInteraction1.pcapng
Unknown,Unknown,"Oct 28, 2023 13:12:15.474546",0.002143,5,,,0x0002,20.0,,,,,,physicalInteraction1.pcapng
Ledvance Bulb,Bulb,"Oct 28, 2023 13:12:15.484666",0.01012,55,0xec7f,0x0000,0x8861,21.0,0xec7f,0x0000,0x1a09,,,physicalInteraction1.pcapng
Unknown,Unknown,"Oct 28, 2023 13:12:15.486809",0.002143,5,,,0x0002,21.0,,,,,,physicalInteraction1.pcapng
Ledvance Bulb,Bulb,"Oct 28, 2023 13:12:15.522224",,45,,,,,,,,,,physicalInteraction1.pcapng
Unknown,Unknown,"Oct 28, 2023 13:12:15.524046",0.001822,5,,,0x0002,22.0,,,,,,physicalInteraction1.pcapng
Ledvance Bulb,Bulb,"Oct 28, 2023 13:12:15.537979",,45,,,,,,,,,,physicalInteraction1.pcapng
Unknown,Unknown,"Oct 28, 2023 13:12:15.539802",0.001823,5,,,0x0002,23.0,,,,,,physicalInteraction1.pcapng
Aqara Button,Button,"Oct 28, 2023 13:12:15.627511",,53,,,,,,,,,,physicalInteraction1.pcapng
Unknown,Unknown,"Oct 28, 2023 13:12:15.629590",0.002079,5,,,0x0002,118.0,,,,,,physicalInteraction1.pcapng
Philips Lamp 1,Bulb,"Oct 28, 2023 13:12:15.636942",0.007352,57,0x1cd8,0x0000,0x8861,213.0,0xc31c,0x0000,0x1a09,,,physicalInteraction1.pcapng
Unknown,Unknown,"Oct 28, 2023 13:12:15.639149",0.002207,5,,,0x0002,213.0,,,,,,physicalInteraction1.pcapng
Philips Lamp 1,Bulb,"Oct 28, 2023 13:12:15.691588",,53,,,,,,,,,,physicalInteraction1.pcapng
Unknown,Unknown,"Oct 28, 2023 13:12:15.693666",0.002078,5,,,0x0002,214.0,,,,,,physicalInteraction1.pcapng
Philips Motion,Motion,"Oct 28, 2023 13:12:15.875694",0.182028,12,0x059b,0xec7f,0x8863,192.0,,,,,,physicalInteraction1.pcapng
Unknown,Unknown,"Oct 28, 2023 13:12:15.876448",0.000754,5,,,0x0002,192.0,,,,,,physicalInteraction1.pcapng
Ledvance Bulb,Bulb,"Oct 28, 2023 13:12:16.343814",0.467366,55,0xec7f,0x0000,0x8861,24.0,0xec7f,0x0000,0x1a09,,,physicalInteraction1.pcapng
Unknown,Unknown,"Oct 28, 2023 13:12:16.345957",0.002143,5,,,0x0002,24.0,,,,,,physicalInteraction1.pcapng
Ledvance Bulb,Bulb,"Oct 28, 2023 13:12:16.387587",,52,,,,,,,,,,physicalInteraction1.pcapng
Unknown,Unknown,"Oct 28, 2023 13:12:16.389634",0.002047,5,,,0x0002,25.0,,,,,,physicalInteraction1.pcapng
Coordinator,Coordinator,"Oct 28, 2023 13:12:16.403350",,45,,,,,,,,,,physicalInteraction1.pcapng
Unknown,Unknown,"Oct 28, 2023 13:12:16.405159",0.001809,5,,,0x0002,57.0,,,,,,physicalInteraction1.pcapng
Philips Motion,Motion,"Oct 28, 2023 13:12:16.406589",0.00143,12,0x059b,0xec7f,0x8863,193.0,,,,,,physicalInteraction1.pcapng
Unknown,Unknown,"Oct 28, 2023 13:12:16.407342",0.000753,5,,,0x0002,193.0,,,,,,physicalInteraction1.pcapng
Coordinator,Coordinator,"Oct 28, 2023 13:12:16.430694",,50,,,,,,,,,,physicalInteraction1.pcapng
Unknown,Unknown,"Oct 28, 2023 13:12:16.432663",0.001969,5,,,0x0002,58.0,,,,,,physicalInteraction1.pcapng
Ledvance Bulb,Bulb,"Oct 28, 2023 13:12:16.436663",0.004,55,0xec7f,0x0000,0x8861,26.0,0xec7f,0x0000,0x1a09,,,physicalInteraction1.pcapng
Unknown,Unknown,"Oct 28, 2023 13:12:16.438806",0.002143,5,,,0x0002,26.0,,,,,,physicalInteraction1.pcapng
Ledvance Bulb,Bulb,"Oct 28, 2023 13:12:16.482949",,45,,,,,,,,,,physicalInteraction1.pcapng
Unknown,Unknown,"Oct 28, 2023 13:12:16.484771",0.001822,5,,,0x0002,27.0,,,,,,physicalInteraction1.pcapng
Philips Motion,Motion,"Oct 28, 2023 13:12:16.937601",0.45283,12,0x059b,0xec7f,0x8863,194.0,,,,,,physicalInteraction1.pcapng
Philips Motion,Motion,"Oct 28, 2023 13:12:16.942950",0.005349,12,0x059b,0xec7f,0x8863,194.0,,,,,,physicalInteraction1.pcapng
Unknown,Unknown,"Oct 28, 2023 13:12:16.943703",0.000753,5,,,0x0002,194.0,,,,,,physicalInteraction1.pcapng
Coordinator,Coordinator,"Oct 28, 2023 13:12:17.106069",,50,,,,,,,,,,physicalInteraction1.pcapng
Unknown,Unknown,"Oct 28, 2023 13:12:17.108053",0.001984,5,,,0x0022,59.0,,,,,,physicalInteraction1.pcapng
Philips Lamp 3,Bulb,"Oct 28, 2023 13:12:17.112407",0.004354,55,0x711c,0x0000,0x8861,100.0,,,,,,physicalInteraction1.pcapng
Unknown,Unknown,"Oct 28, 2023 13:12:17.114550",0.002143,5,,,0x0002,100.0,,,,,,physicalInteraction1.pcapng
Unknown,Unknown,"Oct 28, 2023 13:12:17.162376",0.047826,5,,,0x0002,101.0,,,,,,physicalInteraction1.pcapng
Coordinator,Coordinator,"Oct 28, 2023 13:12:17.202302",,50,,,,,,,,,,physicalInteraction1.pcapng
Unknown,Unknown,"Oct 28, 2023 13:12:17.204285",0.001983,5,,,,,,,,,,physicalInteraction1.pcapng
Philips Lamp 3,Bulb,"Oct 28, 2023 13:12:17.257026",0.052741,53,0x711c,0x0000,0x8861,103.0,,,,,,physicalInteraction1.pcapng
Unknown,Unknown,"Oct 28, 2023 13:12:17.259105",0.002079,5,,,0x0002,103.0,,,,,,physicalInteraction1.pcapng
Philips Motion,Motion,"Oct 28, 2023 13:12:17.438544",0.179439,12,0x059b,0xec7f,0x8863,195.0,,,,,,physicalInteraction1.pcapng
Unknown,Unknown,"Oct 28, 2023 13:12:17.439297",0.000753,5,,,0x0002,195.0,,,,,,physicalInteraction1.pcapng
Sonoff Door 1,Door,"Oct 28, 2023 13:12:17.743631",,54,,,,,,,,,,physicalInteraction1.pcapng
Unknown,Unknown,"Oct 28, 2023 13:12:17.745742",0.002111,5,,,0x0002,26.0,,,,,,physicalInteraction1.pcapng
Philips Motion,Motion,"Oct 28, 2023 13:12:17.969174",0.223432,12,0x059b,0xec7f,0x8863,196.0,,,,,,physicalInteraction1.pcapng
Unknown,Unknown,"Oct 28, 2023 13:12:17.969928",0.000754,5,,,0x0002,196.0,,,,,,physicalInteraction1.pcapng
Sonoff Door 1,Door,"Oct 28, 2023 13:12:18.249038",0.27911,12,0x946e,0x0000,0x8863,27.0,,,,,,physicalInteraction1.pcapng
Unknown,Unknown,"Oct 28, 2023 13:12:18.249804",0.000766,5,,,0x0002,27.0,,,,,,physicalInteraction1.pcapng
Ledvance Smart+ Plug,Socket,"Oct 28, 2023 13:12:18.481881",0.232077,74,0x0112,0xffff,0x8841,60.0,0x0112,0xfffc,0x1209,,,physicalInteraction1.pcapng
Philips Motion,Motion,"Oct 28, 2023 13:12:18.501663",0.019782,12,0x059b,0xec7f,0x8863,197.0,,,,,,physicalInteraction1.pcapng
Unknown,Unknown,"Oct 28, 2023 13:12:18.502416",0.000753,5,,,0x0002,197.0,,,,,,physicalInteraction1.pcapng
Aqara Door 1,Door,"Oct 28, 2023 13:12:18.604114",,52,,,,,,,,,,physicalInteraction1.pcapng
Unknown,Unknown,"Oct 28, 2023 13:12:18.606161",0.002047,5,,,0x0002,97.0,,,,,,physicalInteraction1.pcapng
Philips Motion,Motion,"Oct 28, 2023 13:12:19.001682",0.395521,12,0x059b,0xec7f,0x8863,198.0,,,,,,physicalInteraction1.pcapng
Unknown,Unknown,"Oct 28, 2023 13:12:19.002435",0.000753,5,,,0x0002,198.0,,,,,,physicalInteraction1.pcapng
Philips Motion,Motion,"Oct 28, 2023 13:12:19.251293",0.248858,12,0x059b,0xec7f,0x8863,199.0,,,,,,physicalInteraction1.pcapng
Unknown,Unknown,"Oct 28, 2023 13:12:19.252047",0.000754,5,,,0x0002,199.0,,,,,,physicalInteraction1.pcapng
Smart Socket,Socket,"Oct 28, 2023 13:12:19.438871",,53,,,,,,,,,,physicalInteraction1.pcapng
Smart Socket,Socket,"Oct 28, 2023 13:12:19.443627",,53,,,,,,,,,,physicalInteraction1.pcapng
Unknown,Unknown,"Oct 28, 2023 13:12:19.445706",0.002079,5,,,0x0002,211.0,,,,,,physicalInteraction1.pcapng
Coordinator,Coordinator,"Oct 28, 2023 13:12:19.458775",,45,,,,,,,,,,physicalInteraction1.pcapng
Unknown,Unknown,"Oct 28, 2023 13:12:19.460567",0.001792,5,,,0x0002,61.0,,,,,,physicalInteraction1.pcapng
Ledvance Bulb,Bulb,"Oct 28, 2023 13:12:19.985719",0.525152,77,0xec7f,0xffff,0x8841,28.0,0xec7f,0xfffc,0x1209,,,physicalInteraction1.pcapng
Aqara Door 1,Door,"Oct 28, 2023 13:12:20.979249",,52,,,,,,,,,,physicalInteraction1.pcapng
Unknown,Unknown,"Oct 28, 2023 13:12:20.981296",0.002047,5,,,0x0002,98.0,,,,,,physicalInteraction1.pcapng
Smart Socket,Socket,"Oct 28, 2023 13:12:22.736314",1.755018,77,0xe1a6,0xffff,0x8841,212.0,0xe1a6,0xfffc,0x1209,,,physicalInteraction1.pcapng
Sonoff Door 2,Door,"Oct 28, 2023 13:12:23.562897",,54,,,,,,,,,,physicalInteraction1.pcapng
Unknown,Unknown,"Oct 28, 2023 13:12:23.565008",0.002111,5,,,0x0002,158.0,,,,,,physicalInteraction1.pcapng
Power Plug 2,Socket,"Oct 28, 2023 13:12:23.658268",0.09326,74,0xa706,0xffff,0x8841,18.0,0xa706,0xfffc,0x1209,,,physicalInteraction1.pcapng
Sonoff Door 2,Door,"Oct 28, 2023 13:12:24.069818",0.41155,12,0x7b10,0x0000,0x8863,159.0,,,,,,physicalInteraction1.pcapng
Unknown,Unknown,"Oct 28, 2023 13:12:24.070585",0.000767,5,,,0x0002,159.0,,,,,,physicalInteraction1.pcapng
Philips Motion,Motion,"Oct 28, 2023 13:12:24.282496",0.211911,12,0x059b,0xec7f,0x8863,200.0,,,,,,physicalInteraction1.pcapng
Unknown,Unknown,"Oct 28, 2023 13:12:24.283249",0.000753,5,,,0x0002,200.0,,,,,,physicalInteraction1.pcapng
Power Plug 1,Socket,"Oct 28, 2023 13:12:24.527225",0.243976,74,0x3d95,0xffff,0x8841,219.0,0x3d95,0xfffc,0x1209,,,physicalInteraction1.pcapng
Coordinator,Coordinator,"Oct 28, 2023 13:12:24.897902",0.370677,77,0x0000,0xffff,0x8841,62.0,0x0000,0xfffc,0x1209,,,physicalInteraction1.pcapng
Moes Bulb,Bulb,"Oct 28, 2023 13:12:25.625413",0.727511,65,0x1e15,0xffff,0x8841,65.0,0x1e15,0xfffc,0x1209,,,physicalInteraction1.pcapng
Aqara Button,Button,"Oct 28, 2023 13:12:25.934696",,53,,,,,,,,,,physicalInteraction1.pcapng
Unknown,Unknown,"Oct 28, 2023 13:12:25.936775",0.002079,5,,,0x0002,119.0,,,,,,physicalInteraction1.pcapng
Philips Lamp 1,Bulb,"Oct 28, 2023 13:12:25.941096",0.004321,57,0x1cd8,0x0000,0x8861,215.0,0xc31c,0x0000,0x1a09,,,physicalInteraction1.pcapng
Unknown,Unknown,"Oct 28, 2023 13:12:25.943303",0.002207,5,,,0x0002,215.0,,,,,,physicalInteraction1.pcapng
Philips Lamp 1,Bulb,"Oct 28, 2023 13:12:25.989745",,53,,,,,,,,,,physicalInteraction1.pcapng
Unknown,Unknown,"Oct 28, 2023 13:12:25.991824",0.002079,5,,,0x0002,216.0,,,,,,physicalInteraction1.pcapng
Coordinator,Coordinator,"Oct 28, 2023 13:12:26.041332",,48,,,,,,,,,,physicalInteraction1.pcapng
Unknown,Unknown,"Oct 28, 2023 13:12:26.043237",0.001905,5,,,0x0002,63.0,,,,,,physicalInteraction1.pcapng
Ledvance Bulb,Bulb,"Oct 28, 2023 13:12:26.045812",,48,,,,,,,,,,physicalInteraction1.pcapng
Unknown,Unknown,"Oct 28, 2023 13:12:26.047698",0.001886,5,,,0x0002,29.0,,,,,,physicalInteraction1.pcapng
Moes Bulb,Bulb,"Oct 28, 2023 13:12:26.055402",,50,,,,,,,,,,physicalInteraction1.pcapng
Unknown,Unknown,"Oct 28, 2023 13:12:26.057384",0.001982,5,,,0x0002,66.0,,,,,,physicalInteraction1.pcapng
Philips Lamp 1,Bulb,"Oct 28, 2023 13:12:26.802387",0.745003,77,0x1cd8,0xffff,0x8841,217.0,0x1cd8,0xfffc,0x1209,,,physicalInteraction1.pcapng
Ledvance Z3 Plug,Socket,"Oct 28, 2023 13:12:27.187073",0.384686,77,0x4e11,0xffff,0x8841,143.0,0x4e11,0xfffc,0x1209,,,physicalInteraction1.pcapng
Unknown,Unknown,"Oct 28, 2023 13:12:28.201691",1.014618,5,,,0x0002,245.0,,,,,,physicalInteraction1.pcapng
Unknown,Unknown,"Oct 28, 2023 13:12:28.208492",0.006801,5,,,0x0002,104.0,,,,,,physicalInteraction1.pcapng
Philips Lamp 3,Bulb,"Oct 28, 2023 13:12:28.253389",0.044897,54,0x711c,0x0000,0x8861,105.0,,,,,,physicalInteraction1.pcapng
Unknown,Unknown,"Oct 28, 2023 13:12:28.255500",0.002111,5,,,0x0002,105.0,,,,,,physicalInteraction1.pcapng
Aqara Button,Button,"Oct 28, 2023 13:12:29.204256",,53,,,,,,,,,,physicalInteraction1.pcapng
Unknown,Unknown,"Oct 28, 2023 13:12:29.206335",0.002079,5,,,0x0002,120.0,,,,,,physicalInteraction1.pcapng
Philips Lamp 1,Bulb,"Oct 28, 2023 13:12:29.208983",0.002648,57,0x1cd8,0x0000,0x8861,218.0,0xc31c,0x0000,0x1a09,,,physicalInteraction1.pcapng
Unknown,Unknown,"Oct 28, 2023 13:12:29.211189",0.002206,5,,,0x0002,218.0,,,,,,physicalInteraction1.pcapng
Philips Lamp 1,Bulb,"Oct 28, 2023 13:12:29.258946",,53,,,,,,,,,,physicalInteraction1.pcapng
Unknown,Unknown,"Oct 28, 2023 13:12:29.261024",0.002078,5,,,0x0002,219.0,,,,,,physicalInteraction1.pcapng
Philips Motion,Motion,"Oct 28, 2023 13:12:29.313710",0.052686,12,0x059b,0xec7f,0x8863,201.0,,,,,,physicalInteraction1.pcapng
Unknown,Unknown,"Oct 28, 2023 13:12:29.314464",0.000754,5,,,0x0002,201.0,,,,,,physicalInteraction1.pcapng
Coordinator,Coordinator,"Oct 28, 2023 13:12:29.321027",,48,,,,,,,,,,physicalInteraction1.pcapng
Unknown,Unknown,"Oct 28, 2023 13:12:29.322945",0.001918,5,,,0x0002,64.0,,,,,,physicalInteraction1.pcapng
Philips Lamp 1,Bulb,"Oct 28, 2023 13:12:29.330880",0.007935,55,0x1cd8,0x0000,0x8861,220.0,0x1cd8,0x0000,0x1a09,,,physicalInteraction1.pcapng
Unknown,Unknown,"Oct 28, 2023 13:12:29.333023",0.002143,5,,,0x0002,220.0,,,,,,physicalInteraction1.pcapng
Philips Lamp 1,Bulb,"Oct 28, 2023 13:12:29.335341",0.002318,55,0x1cd8,0x0000,0x8861,220.0,0x1cd8,0x0000,0x1a09,,,physicalInteraction1.pcapng
Unknown,Unknown,"Oct 28, 2023 13:12:29.337484",0.002143,5,,,0x0002,220.0,,,,,,physicalInteraction1.pcapng
Philips Lamp 1,Bulb,"Oct 28, 2023 13:12:29.375061",,50,,,,,,,,,,physicalInteraction1.pcapng
Unknown,Unknown,"Oct 28, 2023 13:12:29.377044",0.001983,5,,,0x0002,221.0,,,,,,physicalInteraction1.pcapng
Philips Lamp 2,Bulb,"Oct 28, 2023 13:12:29.812407",0.435363,98,0x5bb9,0xffff,0x8862,160.0,,,,,,physicalInteraction1.pcapng
Philips Lamp 1,Bulb,"Oct 28, 2023 13:12:29.887412",0.075005,55,0x1cd8,0x0000,0x8861,222.0,0x1cd8,0x0000,0x1a09,,,physicalInteraction1.pcapng
Unknown,Unknown,"Oct 28, 2023 13:12:29.889554",0.002142,5,,,0x0002,222.0,,,,,,physicalInteraction1.pcapng
Philips Lamp 1,Bulb,"Oct 28, 2023 13:12:29.892863",0.003309,55,0x1cd8,0x0000,0x8861,223.0,0x1cd8,0x0000,0x1a09,,,physicalInteraction1.pcapng
Unknown,Unknown,"Oct 28, 2023 13:12:29.895005",0.002142,5,,,0x0002,223.0,,,,,,physicalInteraction1.pcapng
Philips Lamp 1,Bulb,"Oct 28, 2023 13:12:29.924367",,52,,,,,,,,,,physicalInteraction1.pcapng
Unknown,Unknown,"Oct 28, 2023 13:12:29.926413",0.002046,5,,,0x0002,224.0,,,,,,physicalInteraction1.pcapng
Philips Lamp 1,Bulb,"Oct 28, 2023 13:12:29.929743",,52,,,,,,,,,,physicalInteraction1.pcapng
Unknown,Unknown,"Oct 28, 2023 13:12:29.931789",0.002046,5,,,0x0002,225.0,,,,,,physicalInteraction1.pcapng
Philips Lamp 1,Bulb,"Oct 28, 2023 13:12:30.900820",0.969031,55,0x1cd8,0x0000,0x8861,226.0,0x1cd8,0x0000,0x1a09,,,physicalInteraction1.pcapng
Unknown,Unknown,"Oct 28, 2023 13:12:30.902963",0.002143,5,,,0x0002,226.0,,,,,,physicalInteraction1.pcapng
Philips Lamp 1,Bulb,"Oct 28, 2023 13:12:30.938673",,52,,,,,,,,,,physicalInteraction1.pcapng
Unknown,Unknown,"Oct 28, 2023 13:12:30.940720",0.002047,5,,,0x0002,227.0,,,,,,physicalInteraction1.pcapng
Power Plug 1,Socket,"Oct 28, 2023 13:12:32.438253",,53,,,,,,,,,,physicalInteraction1.pcapng
Unknown,Unknown,"Oct 28, 2023 13:12:32.440332",0.002079,5,,,0x0002,220.0,,,,,,physicalInteraction1.pcapng
Coordinator,Coordinator,"Oct 28, 2023 13:12:32.454450",,45,,,,,,,,,,physicalInteraction1.pcapng
Unknown,Unknown,"Oct 28, 2023 13:12:32.456241",0.001791,5,,,0x0002,65.0,,,,,,physicalInteraction1.pcapng
Smart Socket,Socket,"Oct 28, 2023 13:12:32.459961",,45,,,,,,,,,,physicalInteraction1.pcapng
Unknown,Unknown,"Oct 28, 2023 13:12:32.461752",0.001791,5,,,0x0002,213.0,,,,,,physicalInteraction1.pcapng
Philips Lamp 3,Bulb,"Oct 28, 2023 13:12:32.761505",0.299753,77,0x711c,0xffff,0x8841,106.0,0x711c,0xfffc,0x1209,,,physicalInteraction1.pcapng
Aqara Button,Button,"Oct 28, 2023 13:12:33.385810",,53,,,,,,,,,,physicalInteraction1.pcapng
Unknown,Unknown,"Oct 28, 2023 13:12:33.387889",0.002079,5,,,0x0002,121.0,,,,,,physicalInteraction1.pcapng
Philips Lamp 1,Bulb,"Oct 28, 2023 13:12:33.392434",0.004545,57,0x1cd8,0x0000,0x8861,228.0,0xc31c,0x0000,0x1a09,,,physicalInteraction1.pcapng
Unknown,Unknown,"Oct 28, 2023 13:12:33.394641",0.002207,5,,,0x0002,228.0,,,,,,physicalInteraction1.pcapng
Philips Lamp 1,Bulb,"Oct 28, 2023 13:12:33.439429",,53,,,,,,,,,,physicalInteraction1.pcapng
Unknown,Unknown,"Oct 28, 2023 13:12:33.441508",0.002079,5,,,0x0002,229.0,,,,,,physicalInteraction1.pcapng
Smart Socket,Socket,"Oct 28, 2023 13:12:33.442305",,53,,,,,,,,,,physicalInteraction1.pcapng
Unknown,Unknown,"Oct 28, 2023 13:12:33.444384",0.002079,5,,,0x0002,214.0,,,,,,physicalInteraction1.pcapng
Coordinator,Coordinator,"Oct 28, 2023 13:12:33.466153",,45,,,,,,,,,,physicalInteraction1.pcapng
Unknown,Unknown,"Oct 28, 2023 13:12:33.467945",0.001792,5,,,0x0002,66.0,,,,,,physicalInteraction1.pcapng
Ledvance Smart+ Plug,Socket,"Oct 28, 2023 13:12:33.494041",0.026096,77,0x0112,0xffff,0x8841,61.0,0x0112,0xfffc,0x1209,,,physicalInteraction1.pcapng
Coordinator,Coordinator,"Oct 28, 2023 13:12:33.501187",,48,,,,,,,,,,physicalInteraction1.pcapng
Unknown,Unknown,"Oct 28, 2023 13:12:33.503092",0.001905,5,,,0x0002,67.0,,,,,,physicalInteraction1.pcapng
Ledvance Bulb,Bulb,"Oct 28, 2023 13:12:33.534055",0.030963,55,0xec7f,0x0000,0x8861,30.0,0xec7f,0x0000,0x1a09,,,physicalInteraction1.pcapng
Unknown,Unknown,"Oct 28, 2023 13:12:33.536198",0.002143,5,,,0x0002,30.0,,,,,,physicalInteraction1.pcapng
Ledvance Bulb,Bulb,"Oct 28, 2023 13:12:33.545356",0.009158,55,0xec7f,0x0000,0x8861,31.0,0xec7f,0x0000,0x1a09,,,physicalInteraction1.pcapng
Unknown,Unknown,"Oct 28, 2023 13:12:33.547499",0.002143,5,,,0x0002,31.0,,,,,,physicalInteraction1.pcapng
Ledvance Bulb,Bulb,"Oct 28, 2023 13:12:33.557934",0.010435,55,0xec7f,0x0000,0x8861,32.0,0xec7f,0x0000,0x1a09,,,physicalInteraction1.pcapng
Unknown,Unknown,"Oct 28, 2023 13:12:33.560077",0.002143,5,,,0x0002,32.0,,,,,,physicalInteraction1.pcapng
Ledvance Bulb,Bulb,"Oct 28, 2023 13:12:33.576345",,50,,,,,,,,,,physicalInteraction1.pcapng
Unknown,Unknown,"Oct 28, 2023 13:12:33.578328",0.001983,5,,,0x0002,33.0,,,,,,physicalInteraction1.pcapng
Ledvance Bulb,Bulb,"Oct 28, 2023 13:12:33.587960",,52,,,,,,,,,,physicalInteraction1.pcapng
Unknown,Unknown,"Oct 28, 2023 13:12:33.590007",0.002047,5,,,0x0002,34.0,,,,,,physicalInteraction1.pcapng
Coordinator,Coordinator,"Oct 28, 2023 13:12:33.594008",,45,,,,,,,,,,physicalInteraction1.pcapng
Unknown,Unknown,"Oct 28, 2023 13:12:33.595817",0.001809,5,,,0x0002,68.0,,,,,,physicalInteraction1.pcapng
Coordinator,Coordinator,"Oct 28, 2023 13:12:33.604917",,45,,,,,,,,,,physicalInteraction1.pcapng
Unknown,Unknown,"Oct 28, 2023 13:12:33.606726",0.001809,5,,,0x0002,69.0,,,,,,physicalInteraction1.pcapng
Ledvance Bulb,Bulb,"Oct 28, 2023 13:12:33.614940",,52,,,,,,,,,,physicalInteraction1.pcapng
Unknown,Unknown,"Oct 28, 2023 13:12:33.616987",0.002047,5,,,0x0002,35.0,,,,,,physicalInteraction1.pcapng
Coordinator,Coordinator,"Oct 28, 2023 13:12:33.636011",,45,,,,,,,,,,physicalInteraction1.pcapng
Unknown,Unknown,"Oct 28, 2023 13:12:33.637820",0.001809,5,,,0x0002,70.0,,,,,,physicalInteraction1.pcapng
Coordinator,Coordinator,"Oct 28, 2023 13:12:33.644759",,50,,,,,,,,,,physicalInteraction1.pcapng
Unknown,Unknown,"Oct 28, 2023 13:12:33.646728",0.001969,5,,,0x0002,71.0,,,,,,physicalInteraction1.pcapng
Coordinator,Coordinator,"Oct 28, 2023 13:12:33.660318",,50,,,,,,,,,,physicalInteraction1.pcapng
Unknown,Unknown,"Oct 28, 2023 13:12:33.662288",0.00197,5,,,0x0002,72.0,,,,,,physicalInteraction1.pcapng
Ledvance Bulb,Bulb,"Oct 28, 2023 13:12:33.664117",0.001829,55,0xec7f,0x0000,0x8861,36.0,0xec7f,0x0000,0x1a09,,,physicalInteraction1.pcapng
Unknown,Unknown,"Oct 28, 2023 13:12:33.666260",0.002143,5,,,0x0002,36.0,,,,,,physicalInteraction1.pcapng
Ledvance Bulb,Bulb,"Oct 28, 2023 13:12:33.677020",0.01076,55,0xec7f,0x0000,0x8861,37.0,0xec7f,0x0000,0x1a09,,,physicalInteraction1.pcapng
Unknown,Unknown,"Oct 28, 2023 13:12:33.679163",0.002143,5,,,0x0002,37.0,,,,,,physicalInteraction1.pcapng
Ledvance Bulb,Bulb,"Oct 28, 2023 13:12:33.711684",,45,,,,,,,,,,physicalInteraction1.pcapng
Unknown,Unknown,"Oct 28, 2023 13:12:33.713507",0.001823,5,,,0x0002,38.0,,,,,,physicalInteraction1.pcapng
Ledvance Bulb,Bulb,"Oct 28, 2023 13:12:33.723924",,45,,,,,,,,,,physicalInteraction1.pcapng
Unknown,Unknown,"Oct 28, 2023 13:12:33.725746",0.001822,5,,,0x0002,39.0,,,,,,physicalInteraction1.pcapng
Aqara Button,Button,"Oct 28, 2023 13:12:33.745825",,53,,,,,,,,,,physicalInteraction1.pcapng
Unknown,Unknown,"Oct 28, 2023 13:12:33.747904",0.002079,5,,,0x0002,122.0,,,,,,physicalInteraction1.pcapng
Philips Lamp 1,Bulb,"Oct 28, 2023 13:12:33.752603",0.004699,57,0x1cd8,0x0000,0x8861,230.0,0xc31c,0x0000,0x1a09,,,physicalInteraction1.pcapng
Unknown,Unknown,"Oct 28, 2023 13:12:33.754810",0.002207,5,,,0x0002,230.0,,,,,,physicalInteraction1.pcapng
Philips Lamp 1,Bulb,"Oct 28, 2023 13:12:33.801156",,53,,,,,,,,,,physicalInteraction1.pcapng
Unknown,Unknown,"Oct 28, 2023 13:12:33.803234",0.002078,5,,,0x0002,231.0,,,,,,physicalInteraction1.pcapng
Philips Motion,Motion,"Oct 28, 2023 13:12:34.375715",0.572481,12,0x059b,0xec7f,0x8863,202.0,,,,,,physicalInteraction1.pcapng
Unknown,Unknown,"Oct 28, 2023 13:12:34.376467",0.000752,5,,,0x0002,202.0,,,,,,physicalInteraction1.pcapng
Ledvance Bulb,Bulb,"Oct 28, 2023 13:12:34.525814",0.149347,55,0xec7f,0x0000,0x8861,40.0,0xec7f,0x0000,0x1a09,,,physicalInteraction1.pcapng
Unknown,Unknown,"Oct 28, 2023 13:12:34.527956",0.002142,5,,,0x0002,40.0,,,,,,physicalInteraction1.pcapng
Ledvance Bulb,Bulb,"Oct 28, 2023 13:12:34.569940",,52,,,,,,,,,,physicalInteraction1.pcapng
Unknown,Unknown,"Oct 28, 2023 13:12:34.571987",0.002047,5,,,0x0002,41.0,,,,,,physicalInteraction1.pcapng
Coordinator,Coordinator,"Oct 28, 2023 13:12:34.587056",,45,,,,,,,,,,physicalInteraction1.pcapng
Unknown,Unknown,"Oct 28, 2023 13:12:34.588865",0.001809,5,,,0x0002,73.0,,,,,,physicalInteraction1.pcapng
Coordinator,Coordinator,"Oct 28, 2023 13:12:34.612893",,50,,,,,,,,,,physicalInteraction1.pcapng
Unknown,Unknown,"Oct 28, 2023 13:12:34.614863",0.00197,5,,,0x0002,74.0,,,,,,physicalInteraction1.pcapng
Ledvance Bulb,Bulb,"Oct 28, 2023 13:12:34.617257",0.002394,55,0xec7f,0x0000,0x8861,42.0,0xec7f,0x0000,0x1a09,,,physicalInteraction1.pcapng
Unknown,Unknown,"Oct 28, 2023 13:12:34.619400",0.002143,5,,,0x0002,42.0,,,,,,physicalInteraction1.pcapng
Ledvance Bulb,Bulb,"Oct 28, 2023 13:12:34.666220",,45,,,,,,,,,,physicalInteraction1.pcapng
Unknown,Unknown,"Oct 28, 2023 13:12:34.668043",0.001823,5,,,0x0002,43.0,,,,,,physicalInteraction1.pcapng
Ledvance Bulb,Bulb,"Oct 28, 2023 13:12:35.189861",0.521818,77,0xec7f,0xffff,0x8841,44.0,0xec7f,0xfffc,0x1209,,,physicalInteraction1.pcapng
Coordinator,Coordinator,"Oct 28, 2023 13:12:35.226934",,50,,,,,,,,,,physicalInteraction1.pcapng
Unknown,Unknown,"Oct 28, 2023 13:12:35.228903",0.001969,5,,,0x0002,75.0,,,,,,physicalInteraction1.pcapng
Ledvance Bulb,Bulb,"Oct 28, 2023 13:12:35.232902",0.003999,55,0xec7f,0x0000,0x8861,45.0,0xec7f,0x0000,0x1a09,,,physicalInteraction1.pcapng
Unknown,Unknown,"Oct 28, 2023 13:12:35.235045",0.002143,5,,,0x0002,45.0,,,,,,physicalInteraction1.pcapng
Coordinator,Coordinator,"Oct 28, 2023 13:12:35.255037",,50,,,,,,,,,,physicalInteraction1.pcapng
Unknown,Unknown,"Oct 28, 2023 13:12:35.257006",0.001969,5,,,0x0002,76.0,,,,,,physicalInteraction1.pcapng
Ledvance Bulb,Bulb,"Oct 28, 2023 13:12:35.260728",0.003722,55,0xec7f,0x0000,0x8861,46.0,0xec7f,0x0000,0x1a09,,,physicalInteraction1.pcapng
Unknown,Unknown,"Oct 28, 2023 13:12:35.262870",0.002142,5,,,0x0002,46.0,,,,,,physicalInteraction1.pcapng
Ledvance Bulb,Bulb,"Oct 28, 2023 13:12:35.278890",,45,,,,,,,,,,physicalInteraction1.pcapng
Unknown,Unknown,"Oct 28, 2023 13:12:35.280712",0.001822,5,,,0x0002,47.0,,,,,,physicalInteraction1.pcapng
Ledvance Bulb,Bulb,"Oct 28, 2023 13:12:35.306481",,45,,,,,,,,,,physicalInteraction1.pcapng
Unknown,Unknown,"Oct 28, 2023 13:12:35.308304",0.001823,5,,,0x0002,48.0,,,,,,physicalInteraction1.pcapng
Smart Socket,Socket,"Oct 28, 2023 13:12:35.441491",,53,,,,,,,,,,physicalInteraction1.pcapng
Unknown,Unknown,"Oct 28, 2023 13:12:35.443570",0.002079,5,,,0x0002,215.0,,,,,,physicalInteraction1.pcapng
Coordinator,Coordinator,"Oct 28, 2023 13:12:35.457535",,45,,,,,,,,,,physicalInteraction1.pcapng
Unknown,Unknown,"Oct 28, 2023 13:12:35.459328",0.001793,5,,,0x0002,77.0,,,,,,physicalInteraction1.pcapng
Coordinator,Coordinator,"Oct 28, 2023 13:12:36.207318",,50,,,,,,,,,,physicalInteraction1.pcapng
Unknown,Unknown,"Oct 28, 2023 13:12:36.209287",0.001969,5,,,0x0002,78.0,,,,,,physicalInteraction1.pcapng
Ledvance Bulb,Bulb,"Oct 28, 2023 13:12:36.211365",0.002078,55,0xec7f,0x0000,0x8861,49.0,0xec7f,0x0000,0x1a09,,,physicalInteraction1.pcapng
Unknown,Unknown,"Oct 28, 2023 13:12:36.213508",0.002143,5,,,0x0002,49.0,,,,,,physicalInteraction1.pcapng
Ledvance Bulb,Bulb,"Oct 28, 2023 13:12:36.260593",,45,,,,,,,,,,physicalInteraction1.pcapng
Unknown,Unknown,"Oct 28, 2023 13:12:36.262415",0.001822,5,,,0x0002,50.0,,,,,,physicalInteraction1.pcapng
Smart Socket,Socket,"Oct 28, 2023 13:12:36.291669",,57,,,,,,,,,,physicalInteraction1.pcapng
Unknown,Unknown,"Oct 28, 2023 13:12:36.293876",0.002207,5,,,0x0002,216.0,,,,,,physicalInteraction1.pcapng
Coordinator,Coordinator,"Oct 28, 2023 13:12:36.336469",,50,,,,,,,,,,physicalInteraction1.pcapng
Unknown,Unknown,"Oct 28, 2023 13:12:36.338417",0.001948,5,,,0x0002,79.0,,,,,,physicalInteraction1.pcapng
Smart Socket,Socket,"Oct 28, 2023 13:12:36.343266",,45,,,,,,,,,,physicalInteraction1.pcapng
Unknown,Unknown,"Oct 28, 2023 13:12:36.345089",0.001823,5,,,0x0002,217.0,,,,,,physicalInteraction1.pcapng
Smart Socket,Socket,"Oct 28, 2023 13:12:36.358127",,63,,,,,,,,,,physicalInteraction1.pcapng
Unknown,Unknown,"Oct 28, 2023 13:12:36.360526",0.002399,5,,,0x0002,218.0,,,,,,physicalInteraction1.pcapng
Coordinator,Coordinator,"Oct 28, 2023 13:12:36.404246",,50,,,,,,,,,,physicalInteraction1.pcapng
Unknown,Unknown,"Oct 28, 2023 13:12:36.406199",0.001953,5,,,0x0002,80.0,,,,,,physicalInteraction1.pcapng
Smart Socket,Socket,"Oct 28, 2023 13:12:36.411249",,45,,,,,,,,,,physicalInteraction1.pcapng
Unknown,Unknown,"Oct 28, 2023 13:12:36.413072",0.001823,5,,,0x0002,219.0,,,,,,physicalInteraction1.pcapng
Sonoff Motion 1,Motion,"Oct 28, 2023 13:12:36.607991",0.194919,54,0xd0bb,0x711c,0x8861,66.0,,,,,,physicalInteraction1.pcapng
Sonoff Motion 1,Motion,"Oct 28, 2023 13:12:36.612432",0.004441,54,0xd0bb,0x711c,0x8861,66.0,,,,,,physicalInteraction1.pcapng
Philips Lamp 3,Bulb,"Oct 28, 2023 13:12:36.617861",0.005429,57,0x711c,0x0000,0x8861,107.0,0xd0bb,0x0000,0x1a09,,,physicalInteraction1.pcapng
Unknown,Unknown,"Oct 28, 2023 13:12:36.620068",0.002207,5,,,0x0002,107.0,,,,,,physicalInteraction1.pcapng
Philips Lamp 3,Bulb,"Oct 28, 2023 13:12:36.667097",0.047029,54,0x711c,0x0000,0x8861,108.0,,,,,,physicalInteraction1.pcapng
Unknown,Unknown,"Oct 28, 2023 13:12:36.669207",0.00211,5,,,0x0002,108.0,,,,,,physicalInteraction1.pcapng
Smart Socket,Socket,"Oct 28, 2023 13:12:37.770822",1.101615,77,0xe1a6,0xffff,0x8841,220.0,0xe1a6,0xfffc,0x1209,,,physicalInteraction1.pcapng
Coordinator,Coordinator,"Oct 28, 2023 13:12:37.932357",,50,,,,,,,,,,physicalInteraction1.pcapng
Unknown,Unknown,"Oct 28, 2023 13:12:37.934311",0.001954,5,,,0x0002,81.0,,,,,,physicalInteraction1.pcapng
Smart Socket,Socket,"Oct 28, 2023 13:12:37.939351",,45,,,,,,,,,,physicalInteraction1.pcapng
Unknown,Unknown,"Oct 28, 2023 13:12:37.941173",0.001822,5,,,0x0002,221.0,,,,,,physicalInteraction1.pcapng
Smart Socket,Socket,"Oct 28, 2023 13:12:38.441844",,53,,,,,,,,,,physicalInteraction1.pcapng
Unknown,Unknown,"Oct 28, 2023 13:12:38.443923",0.002079,5,,,0x0002,222.0,,,,,,physicalInteraction1.pcapng
Coordinator,Coordinator,"Oct 28, 2023 13:12:38.457723",,45,,,,,,,,,,physicalInteraction1.pcapng
Unknown,Unknown,"Oct 28, 2023 13:12:38.459504",0.001781,5,,,0x0002,82.0,,,,,,physicalInteraction1.pcapng
Power Plug 2,Socket,"Oct 28, 2023 13:12:38.598857",0.139353,74,0xa706,0xffff,0x8841,19.0,0xa706,0xfffc,0x1209,,,physicalInteraction1.pcapng
Philips Motion,Motion,"Oct 28, 2023 13:12:39.376505",0.777648,12,0x059b,0xec7f,0x8863,203.0,,,,,,physicalInteraction1.pcapng
Unknown,Unknown,"Oct 28, 2023 13:12:39.377258",0.000753,5,,,0x0002,203.0,,,,,,physicalInteraction1.pcapng
Power Plug 1,Socket,"Oct 28, 2023 13:12:39.517288",0.14003,74,0x3d95,0xffff,0x8841,221.0,0x3d95,0xfffc,0x1209,,,physicalInteraction1.pcapng
Coordinator,Coordinator,"Oct 28, 2023 13:12:40.365076",0.847788,77,0x0000,0xffff,0x8841,83.0,0x0000,0xfffc,0x1209,,,physicalInteraction1.pcapng
Smart Socket,Socket,"Oct 28, 2023 13:12:40.502639",,60,,,,,,,,,,physicalInteraction1.pcapng
Unknown,Unknown,"Oct 28, 2023 13:12:40.504942",0.002303,5,,,0x0002,223.0,,,,,,physicalInteraction1.pcapng
Coordinator,Coordinator,"Oct 28, 2023 13:12:40.547055",,50,,,,,,,,,,physicalInteraction1.pcapng
Unknown,Unknown,"Oct 28, 2023 13:12:40.549007",0.001952,5,,,0x0002,84.0,,,,,,physicalInteraction1.pcapng
Smart Socket,Socket,"Oct 28, 2023 13:12:40.554011",,45,,,,,,,,,,physicalInteraction1.pcapng
Unknown,Unknown,"Oct 28, 2023 13:12:40.555834",0.001823,5,,,0x0002,224.0,,,,,,physicalInteraction1.pcapng
Moes Bulb,Bulb,"Oct 28, 2023 13:12:40.569657",0.013823,68,0x1e15,0xffff,0x8841,67.0,0x1e15,0xfffc,0x1209,,,physicalInteraction1.pcapng
Sonoff Door 2,Door,"Oct 28, 2023 13:12:40.725702",,54,,,,,,,,,,physicalInteraction1.pcapng
Unknown,Unknown,"Oct 28, 2023 13:12:40.727813",0.002111,5,,,0x0002,160.0,,,,,,physicalInteraction1.pcapng
Sonoff Door 2,Door,"Oct 28, 2023 13:12:41.232669",0.504856,12,0x7b10,0x0000,0x8863,161.0,,,,,,physicalInteraction1.pcapng
Unknown,Unknown,"Oct 28, 2023 13:12:41.233435",0.000766,5,,,0x0002,161.0,,,,,,physicalInteraction1.pcapng
Philips Lamp 1,Bulb,"Oct 28, 2023 13:12:43.528904",2.295469,77,0x1cd8,0xffff,0x8841,232.0,0x1cd8,0xfffc,0x1209,,,physicalInteraction1.pcapng
Ledvance Z3 Plug,Socket,"Oct 28, 2023 13:12:44.403553",0.874649,77,0x4e11,0xffff,0x8841,144.0,0x4e11,0xfffc,0x1209,,,physicalInteraction1.pcapng
Philips Motion,Motion,"Oct 28, 2023 13:12:44.440381",0.036828,12,0x059b,0xec7f,0x8863,204.0,,,,,,physicalInteraction1.pcapng
Unknown,Unknown,"Oct 28, 2023 13:12:44.441134",0.000753,5,,,0x0002,204.0,,,,,,physicalInteraction1.pcapng
Coordinator,Coordinator,"Oct 28, 2023 13:12:44.693700",,52,,,,,,,,,,physicalInteraction1.pcapng
Unknown,Unknown,"Oct 28, 2023 13:12:44.695710",0.00201,5,,,0x0002,85.0,,,,,,physicalInteraction1.pcapng
Smart Socket,Socket,"Oct 28, 2023 13:12:44.702834",,63,,,,,,,,,,physicalInteraction1.pcapng
Unknown,Unknown,"Oct 28, 2023 13:12:44.705233",0.002399,5,,,0x0002,225.0,,,,,,physicalInteraction1.pcapng
Coordinator,Coordinator,"Oct 28, 2023 13:12:44.724421",,52,,,,,,,,,,physicalInteraction1.pcapng
Unknown,Unknown,"Oct 28, 2023 13:12:44.726437",0.002016,5,,,0x0002,86.0,,,,,,physicalInteraction1.pcapng
Smart Socket,Socket,"Oct 28, 2023 13:12:44.730137",,52,,,,,,,,,,physicalInteraction1.pcapng
Unknown,Unknown,"Oct 28, 2023 13:12:44.732153",0.002016,5,,,0x0002,226.0,,,,,,physicalInteraction1.pcapng
Power Plug 1,Socket,"Oct 28, 2023 13:12:44.739352",,63,,,,,,,,,,physicalInteraction1.pcapng
Unknown,Unknown,"Oct 28, 2023 13:12:44.741751",0.002399,5,,,0x0002,222.0,,,,,,physicalInteraction1.pcapng
Coordinator,Coordinator,"Oct 28, 2023 13:12:44.743810",,45,,,,,,,,,,physicalInteraction1.pcapng
Unknown,Unknown,"Oct 28, 2023 13:12:44.745591",0.001781,5,,,0x0002,87.0,,,,,,physicalInteraction1.pcapng
Coordinator,Coordinator,"Oct 28, 2023 13:12:44.765323",,54,,,,,,,,,,physicalInteraction1.pcapng
Unknown,Unknown,"Oct 28, 2023 13:12:44.767402",0.002079,5,,,0x0002,88.0,,,,,,physicalInteraction1.pcapng
Smart Socket,Socket,"Oct 28, 2023 13:12:44.774776",,66,,,,,,,,,,physicalInteraction1.pcapng
Unknown,Unknown,"Oct 28, 2023 13:12:44.777271",0.002495,5,,,0x0002,227.0,,,,,,physicalInteraction1.pcapng
Coordinator,Coordinator,"Oct 28, 2023 13:12:44.785864",,54,,,,,,,,,,physicalInteraction1.pcapng
Unknown,Unknown,"Oct 28, 2023 13:12:44.787943",0.002079,5,,,0x0002,89.0,,,,,,physicalInteraction1.pcapng
Smart Socket,Socket,"Oct 28, 2023 13:12:44.791678",,54,,,,,,,,,,physicalInteraction1.pcapng
Unknown,Unknown,"Oct 28, 2023 13:12:44.793757",0.002079,5,,,0x0002,228.0,,,,,,physicalInteraction1.pcapng
Power Plug 1,Socket,"Oct 28, 2023 13:12:44.801065",,66,,,,,,,,,,physicalInteraction1.pcapng
Unknown,Unknown,"Oct 28, 2023 13:12:44.803560",0.002495,5,,,0x0002,223.0,,,,,,physicalInteraction1.pcapng
Coordinator,Coordinator,"Oct 28, 2023 13:12:44.805300",,45,,,,,,,,,,physicalInteraction1.pcapng
Unknown,Unknown,"Oct 28, 2023 13:12:44.807092",0.001792,5,,,0x0002,90.0,,,,,,physicalInteraction1.pcapng
Smart Socket,Socket,"Oct 28, 2023 13:12:44.810773",,45,,,,,,,,,,physicalInteraction1.pcapng
Unknown,Unknown,"Oct 28, 2023 13:12:44.812566",0.001793,5,,,0x0002,229.0,,,,,,physicalInteraction1.pcapng
Coordinator,Coordinator,"Oct 28, 2023 13:12:44.821014",,54,,,,,,,,,,physicalInteraction1.pcapng
Unknown,Unknown,"Oct 28, 2023 13:12:44.823125",0.002111,5,,,0x0002,91.0,,,,,,physicalInteraction1.pcapng
Philips Lamp 3,Bulb,"Oct 28, 2023 13:12:44.826670",,54,,,,,,,,,,physicalInteraction1.pcapng
Unknown,Unknown,"Oct 28, 2023 13:12:44.828749",0.002079,5,,,0x0002,109.0,,,,,,physicalInteraction1.pcapng
Coordinator,Coordinator,"Oct 28, 2023 13:12:44.834144",,52,,,,,,,,,,physicalInteraction1.pcapng
Philips Lamp 3,Bulb,"Oct 28, 2023 13:12:44.839210",0.005066,52,0x711c,0xa406,0x8861,110.0,,,,,,physicalInteraction1.pcapng
Unknown,Unknown,"Oct 28, 2023 13:12:44.841227",0.002017,5,,,0x0002,110.0,,,,,,physicalInteraction1.pcapng
Power Plug 2,Socket,"Oct 28, 2023 13:12:44.842009",,66,,,,,,,,,,physicalInteraction1.pcapng
Unknown,Unknown,"Oct 28, 2023 13:12:44.844504",0.002495,5,,,0x0002,20.0,,,,,,physicalInteraction1.pcapng
Coordinator,Coordinator,"Oct 28, 2023 13:12:44.847371",,52,,,,,,,,,,physicalInteraction1.pcapng
Unknown,Unknown,"Oct 28, 2023 13:12:44.849418",0.002047,5,,,0x0002,92.0,,,,,,physicalInteraction1.pcapng
Power Plug 2,Socket,"Oct 28, 2023 13:12:44.850423",,63,,,,,,,,,,physicalInteraction1.pcapng
Unknown,Unknown,"Oct 28, 2023 13:12:44.852822",0.002399,5,,,0x0002,21.0,,,,,,physicalInteraction1.pcapng
Coordinator,Coordinator,"Oct 28, 2023 13:12:44.874637",,45,,,,,,,,,,physicalInteraction1.pcapng
Unknown,Unknown,"Oct 28, 2023 13:12:44.876430",0.001793,5,,,0x0002,93.0,,,,,,physicalInteraction1.pcapng
Coordinator,Coordinator,"Oct 28, 2023 13:12:44.882662",,45,,,,,,,,,,physicalInteraction1.pcapng
Unknown,Unknown,"Oct 28, 2023 13:12:44.884455",0.001793,5,,,0x0002,94.0,,,,,,physicalInteraction1.pcapng
Smart Socket,Socket,"Oct 28, 2023 13:12:44.888025",,45,,,,,,,,,,physicalInteraction1.pcapng
Unknown,Unknown,"Oct 28, 2023 13:12:44.889806",0.001781,5,,,0x0002,230.0,,,,,,physicalInteraction1.pcapng
Coordinator,Coordinator,"Oct 28, 2023 13:12:44.900764",,45,,,,,,,,,,physicalInteraction1.pcapng
Unknown,Unknown,"Oct 28, 2023 13:12:44.902587",0.001823,5,,,0x0002,95.0,,,,,,physicalInteraction1.pcapng
Philips Lamp 3,Bulb,"Oct 28, 2023 13:12:44.906178",,45,,,,,,,,,,physicalInteraction1.pcapng
Unknown,Unknown,"Oct 28, 2023 13:12:44.907972",0.001794,5,,,0x0002,111.0,,,,,,physicalInteraction1.pcapng
Coordinator,Coordinator,"Oct 28, 2023 13:12:44.910809",,45,,,,,,,,,,physicalInteraction1.pcapng
Unknown,Unknown,"Oct 28, 2023 13:12:44.912632",0.001823,5,,,0x0002,96.0,,,,,,physicalInteraction1.pcapng
Philips Lamp 3,Bulb,"Oct 28, 2023 13:12:44.916054",,45,,,,,,,,,,physicalInteraction1.pcapng
Unknown,Unknown,"Oct 28, 2023 13:12:44.917847",0.001793,5,,,0x0002,112.0,,,,,,physicalInteraction1.pcapng
Philips Lamp 2,Bulb,"Oct 28, 2023 13:12:45.010788",0.092941,74,0x5bb9,0xffff,0x8841,161.0,0x5bb9,0xfffc,0x1209,,,physicalInteraction1.pcapng
Sonoff Door 1,Door,"Oct 28, 2023 13:12:46.681880",,54,,,,,,,,,,physicalInteraction1.pcapng
Unknown,Unknown,"Oct 28, 2023 13:12:46.683991",0.002111,5,,,0x0002,29.0,,,,,,physicalInteraction1.pcapng
Philips Lamp 3,Bulb,"Oct 28, 2023 13:12:46.918758",0.234767,108,0x711c,0xffff,0x886c,113.0,,,,,,physicalInteraction1.pcapng
Sonoff Door 1,Door,"Oct 28, 2023 13:12:47.189052",0.270294,12,0x946e,0x0000,0x8863,30.0,,,,,,physicalInteraction1.pcapng
Unknown,Unknown,"Oct 28, 2023 13:12:47.189819",0.000767,5,,,0x0002,30.0,,,,,,physicalInteraction1.pcapng
Unknown,Unknown,"Oct 28, 2023 13:12:48.481244",1.291425,108,,,0x186c,118.0,,,,,,physicalInteraction1.pcapng
Philips Motion,Motion,"Oct 28, 2023 13:12:48.852878",,52,,,,,,,,,,physicalInteraction1.pcapng
Unknown,Unknown,"Oct 28, 2023 13:12:48.854911",0.002033,5,,,0x0002,205.0,,,,,,physicalInteraction1.pcapng
Ledvance Bulb,Bulb,"Oct 28, 2023 13:12:48.858198",0.003287,57,0xec7f,0x0000,0x8861,51.0,0x059b,0x0000,0x1a09,,,physicalInteraction1.pcapng
Unknown,Unknown,"Oct 28, 2023 13:12:48.860404",0.002206,5,,,0x0002,51.0,,,,,,physicalInteraction1.pcapng
Philips Motion,Motion,"Oct 28, 2023 13:12:48.862875",0.002471,12,0x059b,0xec7f,0x8863,206.0,,,,,,physicalInteraction1.pcapng
Unknown,Unknown,"Oct 28, 2023 13:12:48.863629",0.000754,5,,,0x0002,206.0,,,,,,physicalInteraction1.pcapng
Ledvance Bulb,Bulb,"Oct 28, 2023 13:12:48.904518",,52,,,,,,,,,,physicalInteraction1.pcapng
Unknown,Unknown,"Oct 28, 2023 13:12:48.906565",0.002047,5,,,0x0002,52.0,,,,,,physicalInteraction1.pcapng
Philips Motion,Motion,"Oct 28, 2023 13:12:48.907225",,53,,,,,,,,,,physicalInteraction1.pcapng
Unknown,Unknown,"Oct 28, 2023 13:12:48.909290",0.002065,5,,,0x0002,207.0,,,,,,physicalInteraction1.pcapng
Ledvance Bulb,Bulb,"Oct 28, 2023 13:12:48.912268",0.002978,57,0xec7f,0x0000,0x8861,53.0,0x059b,0x0000,0x1a09,,,physicalInteraction1.pcapng
Unknown,Unknown,"Oct 28, 2023 13:12:48.914475",0.002207,5,,,0x0002,53.0,,,,,,physicalInteraction1.pcapng
Coordinator,Coordinator,"Oct 28, 2023 13:12:48.952337",,54,,,,,,,,,,physicalInteraction1.pcapng
Unknown,Unknown,"Oct 28, 2023 13:12:48.954434",0.002097,5,,,0x0002,97.0,,,,,,physicalInteraction1.pcapng
Ledvance Bulb,Bulb,"Oct 28, 2023 13:12:48.959045",,53,,,,,,,,,,physicalInteraction1.pcapng
Unknown,Unknown,"Oct 28, 2023 13:12:48.961124",0.002079,5,,,0x0002,54.0,,,,,,physicalInteraction1.pcapng
Coordinator,Coordinator,"Oct 28, 2023 13:12:49.001364",,54,,,,,,,,,,physicalInteraction1.pcapng
Unknown,Unknown,"Oct 28, 2023 13:12:49.003462",0.002098,5,,,0x0002,98.0,,,,,,physicalInteraction1.pcapng
Aqara Button,Button,"Oct 28, 2023 13:12:50.143909",,53,,,,,,,,,,physicalInteraction1.pcapng
Unknown,Unknown,"Oct 28, 2023 13:12:50.145988",0.002079,5,,,0x0002,123.0,,,,,,physicalInteraction1.pcapng
Philips Lamp 1,Bulb,"Oct 28, 2023 13:12:50.149612",0.003624,57,0x1cd8,0x0000,0x8861,233.0,0xc31c,0x0000,0x1a09,,,physicalInteraction1.pcapng
Unknown,Unknown,"Oct 28, 2023 13:12:50.151819",0.002207,5,,,0x0002,233.0,,,,,,physicalInteraction1.pcapng
Philips Lamp 1,Bulb,"Oct 28, 2023 13:12:50.199266",,53,,,,,,,,,,physicalInteraction1.pcapng
Unknown,Unknown,"Oct 28, 2023 13:12:50.201345",0.002079,5,,,0x0002,234.0,,,,,,physicalInteraction1.pcapng
Coordinator,Coordinator,"Oct 28, 2023 13:12:50.251175",,48,,,,,,,,,,physicalInteraction1.pcapng
Unknown,Unknown,"Oct 28, 2023 13:12:50.253080",0.001905,5,,,0x0002,99.0,,,,,,physicalInteraction1.pcapng
Ledvance Bulb,Bulb,"Oct 28, 2023 13:12:50.255652",,48,,,,,,,,,,physicalInteraction1.pcapng
Unknown,Unknown,"Oct 28, 2023 13:12:50.257538",0.001886,5,,,0x0002,55.0,,,,,,physicalInteraction1.pcapng
Moes Bulb,Bulb,"Oct 28, 2023 13:12:50.265266",,50,,,,,,,,,,physicalInteraction1.pcapng
Unknown,Unknown,"Oct 28, 2023 13:12:50.267249",0.001983,5,,,0x0002,68.0,,,,,,physicalInteraction1.pcapng
Philips Motion,Motion,"Oct 28, 2023 13:12:50.376861",0.109612,12,0x059b,0xec7f,0x8863,208.0,,,,,,physicalInteraction1.pcapng
Unknown,Unknown,"Oct 28, 2023 13:12:50.377614",0.000753,5,,,0x0012,208.0,,,,,,physicalInteraction1.pcapng
Ledvance Bulb,Bulb,"Oct 28, 2023 13:12:50.379949",0.002335,50,0xec7f,0x059b,0x8871,56.0,,,,,,physicalInteraction1.pcapng
Unknown,Unknown,"Oct 28, 2023 13:12:50.381935",0.001986,5,,,0x0002,56.0,,,,,,physicalInteraction1.pcapng
Philips Motion,Motion,"Oct 28, 2023 13:12:50.384128",0.002193,12,0x059b,0xec7f,0x8863,209.0,,,,,,physicalInteraction1.pcapng
Unknown,Unknown,"Oct 28, 2023 13:12:50.384881",0.000753,5,,,0x0012,209.0,,,,,,physicalInteraction1.pcapng
Ledvance Bulb,Bulb,"Oct 28, 2023 13:12:50.386851",,50,,,,,,,,,,physicalInteraction1.pcapng
Unknown,Unknown,"Oct 28, 2023 13:12:50.388837",0.001986,5,,,0x0002,57.0,,,,,,physicalInteraction1.pcapng
Philips Motion,Motion,"Oct 28, 2023 13:12:50.392319",,45,,,,,,,,,,physicalInteraction1.pcapng
Unknown,Unknown,"Oct 28, 2023 13:12:50.394129",0.00181,5,,,0x0002,210.0,,,,,,physicalInteraction1.pcapng
Philips Motion,Motion,"Oct 28, 2023 13:12:50.397298",0.003169,12,0x059b,0xec7f,0x8863,211.0,,,,,,physicalInteraction1.pcapng
Unknown,Unknown,"Oct 28, 2023 13:12:50.398051",0.000753,5,,,0x0002,211.0,,,,,,physicalInteraction1.pcapng
Ledvance Bulb,Bulb,"Oct 28, 2023 13:12:50.403487",0.005436,57,0xec7f,0x0000,0x8861,58.0,0x059b,0x0000,0x1a09,,,physicalInteraction1.pcapng
Unknown,Unknown,"Oct 28, 2023 13:12:50.405694",0.002207,5,,,0x0002,58.0,,,,,,physicalInteraction1.pcapng
Philips Motion,Motion,"Oct 28, 2023 13:12:50.410910",,45,,,,,,,,,,physicalInteraction1.pcapng
Unknown,Unknown,"Oct 28, 2023 13:12:50.412719",0.001809,5,,,0x0002,212.0,,,,,,physicalInteraction1.pcapng
Philips Motion,Motion,"Oct 28, 2023 13:12:50.414256",0.001537,12,0x059b,0xec7f,0x8863,213.0,,,,,,physicalInteraction1.pcapng
Unknown,Unknown,"Oct 28, 2023 13:12:50.415009",0.000753,5,,,0x0002,213.0,,,,,,physicalInteraction1.pcapng
Ledvance Bulb,Bulb,"Oct 28, 2023 13:12:50.417944",0.002935,57,0xec7f,0x0000,0x8861,59.0,0x059b,0x0000,0x1a09,,,physicalInteraction1.pcapng
Unknown,Unknown,"Oct 28, 2023 13:12:50.420151",0.002207,5,,,0x0002,59.0,,,,,,physicalInteraction1.pcapng
Ledvance Bulb,Bulb,"Oct 28, 2023 13:12:50.445049",,45,,,,,,,,,,physicalInteraction1.pcapng
Unknown,Unknown,"Oct 28, 2023 13:12:50.446872",0.001823,5,,,0x0002,60.0,,,,,,physicalInteraction1.pcapng
Ledvance Bulb,Bulb,"Oct 28, 2023 13:12:50.463584",,45,,,,,,,,,,physicalInteraction1.pcapng
Unknown,Unknown,"Oct 28, 2023 13:12:50.465407",0.001823,5,,,0x0002,61.0,,,,,,physicalInteraction1.pcapng
Aqara Door 1,Door,"Oct 28, 2023 13:12:51.792749",,52,,,,,,,,,,physicalInteraction1.pcapng
Unknown,Unknown,"Oct 28, 2023 13:12:51.794796",0.002047,5,,,0x0002,99.0,,,,,,physicalInteraction1.pcapng
Smart Socket,Socket,"Oct 28, 2023 13:12:52.816238",1.021442,77,0xe1a6,0xffff,0x8841,231.0,0xe1a6,0xfffc,0x1209,,,physicalInteraction1.pcapng
Ledvance Bulb,Bulb,"Oct 28, 2023 13:12:53.140175",0.323937,77,0xec7f,0xffff,0x8841,62.0,0xec7f,0xfffc,0x1209,,,physicalInteraction1.pcapng
Power Plug 2,Socket,"Oct 28, 2023 13:12:53.660168",0.519993,74,0xa706,0xffff,0x8841,22.0,0xa706,0xfffc,0x1209,,,physicalInteraction1.pcapng
Aqara Door 1,Door,"Oct 28, 2023 13:12:54.099795",,52,,,,,,,,,,physicalInteraction1.pcapng
Unknown,Unknown,"Oct 28, 2023 13:12:54.101842",0.002047,5,,,0x0002,100.0,,,,,,physicalInteraction1.pcapng
Power Plug 1,Socket,"Oct 28, 2023 13:12:54.498241",0.396399,74,0x3d95,0xffff,0x8841,224.0,0x3d95,0xfffc,0x1209,,,physicalInteraction1.pcapng
Philips Motion,Motion,"Oct 28, 2023 13:12:55.409040",0.910799,12,0x059b,0xec7f,0x8863,214.0,,,,,,physicalInteraction1.pcapng
Unknown,Unknown,"Oct 28, 2023 13:12:55.409794",0.000754,5,,,0x0002,214.0,,,,,,physicalInteraction1.pcapng
Moes Bulb,Bulb,"Oct 28, 2023 13:12:55.621188",0.211394,71,0x1e15,0xffff,0x8841,69.0,0x1e15,0xfffc,0x1209,,,physicalInteraction1.pcapng
Coordinator,Coordinator,"Oct 28, 2023 13:12:55.874087",0.252899,77,0x0000,0xffff,0x8841,100.0,0x0000,0xfffc,0x1209,,,physicalInteraction1.pcapng
Aqara Button,Button,"Oct 28, 2023 13:12:56.286862",,53,,,,,,,,,,physicalInteraction1.pcapng
Unknown,Unknown,"Oct 28, 2023 13:12:56.288941",0.002079,5,,,0x0002,124.0,,,,,,physicalInteraction1.pcapng
Philips Lamp 1,Bulb,"Oct 28, 2023 13:12:56.293972",0.005031,57,0x1cd8,0x0000,0x8861,235.0,0xc31c,0x0000,0x1a09,,,physicalInteraction1.pcapng
Unknown,Unknown,"Oct 28, 2023 13:12:56.296179",0.002207,5,,,0x0002,235.0,,,,,,physicalInteraction1.pcapng
Philips Lamp 1,Bulb,"Oct 28, 2023 13:12:56.339803",,53,,,,,,,,,,physicalInteraction1.pcapng
Unknown,Unknown,"Oct 28, 2023 13:12:56.341882",0.002079,5,,,0x0002,236.0,,,,,,physicalInteraction1.pcapng
Coordinator,Coordinator,"Oct 28, 2023 13:12:56.393139",,48,,,,,,,,,,physicalInteraction1.pcapng
Unknown,Unknown,"Oct 28, 2023 13:12:56.395058",0.001919,5,,,0x0002,101.0,,,,,,physicalInteraction1.pcapng
Philips Lamp 1,Bulb,"Oct 28, 2023 13:12:56.399428",0.00437,55,0x1cd8,0x0000,0x8861,237.0,0x1cd8,0x0000,0x1a09,,,physicalInteraction1.pcapng
Unknown,Unknown,"Oct 28, 2023 13:12:56.401571",0.002143,5,,,0x0002,237.0,,,,,,physicalInteraction1.pcapng
Philips Lamp 1,Bulb,"Oct 28, 2023 13:12:56.447277",,50,,,,,,,,,,physicalInteraction1.pcapng
Philips Lamp 1,Bulb,"Oct 28, 2023 13:12:56.451954",,50,,,,,,,,,,physicalInteraction1.pcapng
Unknown,Unknown,"Oct 28, 2023 13:12:56.453937",0.001983,5,,,0x0002,238.0,,,,,,physicalInteraction1.pcapng
Philips Lamp 1,Bulb,"Oct 28, 2023 13:12:57.190972",0.737035,55,0x1cd8,0x0000,0x8861,239.0,0x1cd8,0x0000,0x1a09,,,physicalInteraction1.pcapng
Unknown,Unknown,"Oct 28, 2023 13:12:57.193116",0.002144,5,,,0x0002,239.0,,,,,,physicalInteraction1.pcapng
Philips Lamp 1,Bulb,"Oct 28, 2023 13:12:57.197578",0.004462,55,0x1cd8,0x0000,0x8861,240.0,0x1cd8,0x0000,0x1a09,,,physicalInteraction1.pcapng
Philips Lamp 1,Bulb,"Oct 28, 2023 13:12:57.202638",0.00506,55,0x1cd8,0x0000,0x8861,240.0,0x1cd8,0x0000,0x1a09,,,physicalInteraction1.pcapng
Unknown,Unknown,"Oct 28, 2023 13:12:57.204781",0.002143,5,,,0x0002,240.0,,,,,,physicalInteraction1.pcapng
Philips Lamp 1,Bulb,"Oct 28, 2023 13:12:57.225761",,52,,,,,,,,,,physicalInteraction1.pcapng
Unknown,Unknown,"Oct 28, 2023 13:12:57.227808",0.002047,5,,,0x0002,241.0,,,,,,physicalInteraction1.pcapng
Philips Lamp 1,Bulb,"Oct 28, 2023 13:12:57.229899",,52,,,,,,,,,,physicalInteraction1.pcapng
Unknown,Unknown,"Oct 28, 2023 13:12:57.231945",0.002046,5,,,0x0002,242.0,,,,,,physicalInteraction1.pcapng
Philips Lamp 1,Bulb,"Oct 28, 2023 13:12:58.207675",0.97573,55,0x1cd8,0x0000,0x8861,243.0,0x1cd8,0x0000,0x1a09,,,physicalInteraction1.pcapng
Unknown,Unknown,"Oct 28, 2023 13:12:58.209818",0.002143,5,,,0x0002,243.0,,,,,,physicalInteraction1.pcapng
Philips Lamp 1,Bulb,"Oct 28, 2023 13:12:58.240781",,52,,,,,,,,,,physicalInteraction1.pcapng
Unknown,Unknown,"Oct 28, 2023 13:12:58.242828",0.002047,5,,,0x0002,244.0,,,,,,physicalInteraction1.pcapng
Philips Lamp 1,Bulb,"Oct 28, 2023 13:12:58.986460",0.743632,77,0x1cd8,0xffff,0x8841,245.0,0x1cd8,0xfffc,0x1209,,,physicalInteraction1.pcapng
Power Plug 1,Socket,"Oct 28, 2023 13:12:59.441888",,53,,,,,,,,,,physicalInteraction1.pcapng
Unknown,Unknown,"Oct 28, 2023 13:12:59.443966",0.002078,5,,,0x0002,225.0,,,,,,physicalInteraction1.pcapng
Coordinator,Coordinator,"Oct 28, 2023 13:12:59.457667",,45,,,,,,,,,,physicalInteraction1.pcapng
Unknown,Unknown,"Oct 28, 2023 13:12:59.459460",0.001793,5,,,0x0002,102.0,,,,,,physicalInteraction1.pcapng
Smart Socket,Socket,"Oct 28, 2023 13:12:59.463402",,45,,,,,,,,,,physicalInteraction1.pcapng
Unknown,Unknown,"Oct 28, 2023 13:12:59.465194",0.001792,5,,,0x0002,232.0,,,,,,physicalInteraction1.pcapng
Philips Lamp 2,Bulb,"Oct 28, 2023 13:12:59.551194",0.086,74,0x5bb9,0xffff,0x8841,162.0,0x5bb9,0xfffc,0x1209,,,physicalInteraction1.pcapng
Sonoff Door 1,Door,"Oct 28, 2023 13:12:59.777454",,54,,,,,,,,,,physicalInteraction1.pcapng
Unknown,Unknown,"Oct 28, 2023 13:12:59.779565",0.002111,5,,,0x0002,31.0,,,,,,physicalInteraction1.pcapng
Ledvance Smart+ Plug,Socket,"Oct 28, 2023 13:12:59.972308",0.192743,52,0x0112,0x0000,0x8861,63.0,,,,,,physicalInteraction1.pcapng
Unknown,Unknown,"Oct 28, 2023 13:12:59.974355",0.002047,5,,,0x0002,63.0,,,,,,physicalInteraction1.pcapng
Sonoff Door 1,Door,"Oct 28, 2023 13:13:00.282874",0.308519,12,0x946e,0x0000,0x8863,32.0,,,,,,physicalInteraction1.pcapng
Unknown,Unknown,"Oct 28, 2023 13:13:00.283641",0.000767,5,,,0x0002,32.0,,,,,,physicalInteraction1.pcapng
Philips Motion,Motion,"Oct 28, 2023 13:13:00.408880",0.125239,12,0x059b,0xec7f,0x8863,215.0,,,,,,physicalInteraction1.pcapng
Unknown,Unknown,"Oct 28, 2023 13:13:00.409634",0.000754,5,,,0x0002,215.0,,,,,,physicalInteraction1.pcapng
Ledvance Z3 Plug,Socket,"Oct 28, 2023 13:13:02.027109",1.617475,77,0x4e11,0xffff,0x8841,145.0,0x4e11,0xfffc,0x1209,,,physicalInteraction1.pcapng
Philips Lamp 3,Bulb,"Oct 28, 2023 13:13:02.665591",0.638482,104,0x711c,0xffff,0x8868,114.0,,,,,,physicalInteraction1.pcapng
Ledvance Smart+ Plug,Socket,"Oct 28, 2023 13:13:03.496603",0.831012,100,0x0112,0xffff,0x8864,64.0,,,,,,physicalInteraction1.pcapng
Ledvance Smart+ Plug,Socket,"Oct 28, 2023 13:13:03.733266",,52,,,,,,,,,,physicalInteraction1.pcapng
Unknown,Unknown,"Oct 28, 2023 13:13:03.735312",0.002046,5,,,0x0002,65.0,,,,,,physicalInteraction1.pcapng
Aqara Button,Button,"Oct 28, 2023 13:13:03.924159",0.188847,53,0xc31c,0x1cd8,0x8861,125.0,,,,,,physicalInteraction1.pcapng
Unknown,Unknown,"Oct 28, 2023 13:13:03.926238",0.002079,5,,,0x0002,125.0,,,,,,physicalInteraction1.pcapng
Philips Lamp 1,Bulb,"Oct 28, 2023 13:13:03.930844",0.004606,57,0x1cd8,0x0000,0x8861,246.0,0xc31c,0x0000,0x1a09,,,physicalInteraction1.pcapng
Unknown,Unknown,"Oct 28, 2023 13:13:03.933051",0.002207,5,,,0x0002,246.0,,,,,,physicalInteraction1.pcapng
Philips Lamp 1,Bulb,"Oct 28, 2023 13:13:03.977241",,53,,,,,,,,,,physicalInteraction1.pcapng
Unknown,Unknown,"Oct 28, 2023 13:13:03.979319",0.002078,5,,,0x0002,247.0,,,,,,physicalInteraction1.pcapng
Coordinator,Coordinator,"Oct 28, 2023 13:13:04.026951",,48,,,,,,,,,,physicalInteraction1.pcapng
Unknown,Unknown,"Oct 28, 2023 13:13:04.028856",0.001905,5,,,0x0002,103.0,,,,,,physicalInteraction1.pcapng
Ledvance Bulb,Bulb,"Oct 28, 2023 13:13:04.032694",,48,,,,,,,,,,physicalInteraction1.pcapng
Unknown,Unknown,"Oct 28, 2023 13:13:04.034573",0.001879,5,,,0x0002,63.0,,,,,,physicalInteraction1.pcapng
Moes Bulb,Bulb,"Oct 28, 2023 13:13:04.042400",,50,,,,,,,,,,physicalInteraction1.pcapng
Unknown,Unknown,"Oct 28, 2023 13:13:04.044383",0.001983,5,,,0x0002,70.0,,,,,,physicalInteraction1.pcapng
Unknown,Unknown,"Oct 28, 2023 13:13:04.213763",0.16938,52,0xd606,0x0000,0x8861,23.0,,,,,,physicalInteraction1.pcapng
Unknown,Unknown,"Oct 28, 2023 13:13:04.225027",0.011264,5,,,0x0002,23.0,,,,,,physicalInteraction1.pcapng
Coordinator,Coordinator,"Oct 28, 2023 13:13:04.265963",,50,,,,,,,,,,physicalInteraction1.pcapng
Unknown,Unknown,"Oct 28, 2023 13:13:04.267946",0.001983,5,,,0x0002,104.0,,,,,,physicalInteraction1.pcapng
Philips Lamp 3,Bulb,"Oct 28, 2023 13:13:04.270306",0.00236,50,0x711c,0xa706,0x8861,115.0,,,,,,physicalInteraction1.pcapng
Unknown,Unknown,"Oct 28, 2023 13:13:04.272247",0.001941,5,,,0x0002,115.0,,,,,,physicalInteraction1.pcapng
Power Plug 2,Socket,"Oct 28, 2023 13:13:04.277141",0.004894,45,0xa706,0x0000,0x8861,24.0,,,,,,physicalInteraction1.pcapng
Unknown,Unknown,"Oct 28, 2023 13:13:04.283423",0.006282,5,,,0x0002,24.0,,,,,,physicalInteraction1.pcapng
Power Plug 1,Socket,"Oct 28, 2023 13:13:05.442690",,53,,,,,,,,,,physicalInteraction1.pcapng
Unknown,Unknown,"Oct 28, 2023 13:13:05.444769",0.002079,5,,,0x0002,226.0,,,,,,physicalInteraction1.pcapng
Coordinator,Coordinator,"Oct 28, 2023 13:13:05.457756",,45,,,,,,,,,,physicalInteraction1.pcapng
Unknown,Unknown,"Oct 28, 2023 13:13:05.459537",0.001781,5,,,0x0002,105.0,,,,,,physicalInteraction1.pcapng
Smart Socket,Socket,"Oct 28, 2023 13:13:05.463177",,45,,,,,,,,,,physicalInteraction1.pcapng
Smart Socket,Socket,"Oct 28, 2023 13:13:05.467505",,45,,,,,,,,,,physicalInteraction1.pcapng
Unknown,Unknown,"Oct 28, 2023 13:13:05.469297",0.001792,5,,,0x0002,233.0,,,,,,physicalInteraction1.pcapng
Philips Motion,Motion,"Oct 28, 2023 13:13:05.493254",0.023957,12,0x059b,0xec7f,0x8863,216.0,,,,,,physicalInteraction1.pcapng
Unknown,Unknown,"Oct 28, 2023 13:13:05.494007",0.000753,5,,,0x0002,216.0,,,,,,physicalInteraction1.pcapng
Aqara Door 2,Door,"Oct 28, 2023 13:13:07.100299",,52,,,,,,,,,,physicalInteraction1.pcapng
Unknown,Unknown,"Oct 28, 2023 13:13:07.102314",0.002015,5,,,0x0002,43.0,,,,,,physicalInteraction1.pcapng
Smart Socket,Socket,"Oct 28, 2023 13:13:07.106005",,52,,,,,,,,,,physicalInteraction1.pcapng
Unknown,Unknown,"Oct 28, 2023 13:13:07.108052",0.002047,5,,,0x0002,234.0,,,,,,physicalInteraction1.pcapng
Smart Socket,Socket,"Oct 28, 2023 13:13:07.808712",0.70066,77,0xe1a6,0xffff,0x8841,235.0,0xe1a6,0xfffc,0x1209,,,physicalInteraction1.pcapng
Power Plug 2,Socket,"Oct 28, 2023 13:13:08.226095",0.417383,52,0xa706,0x0000,0x8861,25.0,,,,,,physicalInteraction1.pcapng
Unknown,Unknown,"Oct 28, 2023 13:13:08.228142",0.002047,5,,,0x0002,25.0,,,,,,physicalInteraction1.pcapng
Coordinator,Coordinator,"Oct 28, 2023 13:13:08.271308",,50,,,,,,,,,,physicalInteraction1.pcapng
Unknown,Unknown,"Oct 28, 2023 13:13:08.285428",0.01412,5,,,0x0002,26.0,,,,,,physicalInteraction1.pcapng
Power Plug 2,Socket,"Oct 28, 2023 13:13:08.614654",0.329226,106,0xa706,0xffff,0x886a,27.0,,,,,,physicalInteraction1.pcapng
Coordinator,Coordinator,"Oct 28, 2023 13:13:09.174439",,50,,,,,,,,,,physicalInteraction1.pcapng
Unknown,Unknown,"Oct 28, 2023 13:13:09.176422",0.001983,5,,,0x0002,107.0,,,,,,physicalInteraction1.pcapng
Philips Lamp 1,Bulb,"Oct 28, 2023 13:13:09.181770",0.005348,55,0x1cd8,0x0000,0x8861,248.0,0x1cd8,0x0000,0x1a09,,,physicalInteraction1.pcapng
Unknown,Unknown,"Oct 28, 2023 13:13:09.183912",0.002142,5,,,0x0002,248.0,,,,,,physicalInteraction1.pcapng
Philips Lamp 1,Bulb,"Oct 28, 2023 13:13:09.229222",,53,,,,,,,,,,physicalInteraction1.pcapng
Unknown,Unknown,"Oct 28, 2023 13:13:09.231301",0.002079,5,,,0x0002,249.0,,,,,,physicalInteraction1.pcapng
Coordinator,Coordinator,"Oct 28, 2023 13:13:09.272057",,50,,,,,,,,,,physicalInteraction1.pcapng
Unknown,Unknown,"Oct 28, 2023 13:13:09.274040",0.001983,5,,,0x0002,108.0,,,,,,physicalInteraction1.pcapng
Philips Lamp 1,Bulb,"Oct 28, 2023 13:13:09.278926",0.004886,55,0x1cd8,0x0000,0x8861,250.0,0x1cd8,0x0000,0x1a09,,,physicalInteraction1.pcapng
Unknown,Unknown,"Oct 28, 2023 13:13:09.281068",0.002142,5,,,0x0002,250.0,,,,,,physicalInteraction1.pcapng
Philips Lamp 1,Bulb,"Oct 28, 2023 13:13:09.326568",,53,,,,,,,,,,physicalInteraction1.pcapng
Unknown,Unknown,"Oct 28, 2023 13:13:09.328647",0.002079,5,,,0x0002,251.0,,,,,,physicalInteraction1.pcapng
Power Plug 1,Socket,"Oct 28, 2023 13:13:09.556193",0.227546,74,0x3d95,0xffff,0x8841,227.0,0x3d95,0xfffc,0x1209,,,physicalInteraction1.pcapng
Philips Motion,Motion,"Oct 28, 2023 13:13:10.441186",0.884993,12,0x059b,0xec7f,0x8863,217.0,,,,,,physicalInteraction1.pcapng
Unknown,Unknown,"Oct 28, 2023 13:13:10.441940",0.000754,5,,,0x0002,217.0,,,,,,physicalInteraction1.pcapng
Aqara Door 2,Door,"Oct 28, 2023 13:13:10.567588",,52,,,,,,,,,,physicalInteraction1.pcapng
Unknown,Unknown,"Oct 28, 2023 13:13:10.569603",0.002015,5,,,0x0002,44.0,,,,,,physicalInteraction1.pcapng
Moes Bulb,Bulb,"Oct 28, 2023 13:13:10.570827",0.001224,71,0x1e15,0xffff,0x8841,71.0,0x1e15,0xfffc,0x1209,,,physicalInteraction1.pcapng
Smart Socket,Socket,"Oct 28, 2023 13:13:10.574710",,52,,,,,,,,,,physicalInteraction1.pcapng
Unknown,Unknown,"Oct 28, 2023 13:13:10.576757",0.002047,5,,,0x0002,236.0,,,,,,physicalInteraction1.pcapng
Ledvance Bulb,Bulb,"Oct 28, 2023 13:13:10.603449",0.026692,77,0xec7f,0xffff,0x8841,64.0,0xec7f,0xfffc,0x1209,,,physicalInteraction1.pcapng
Coordinator,Coordinator,"Oct 28, 2023 13:13:11.876447",1.272998,77,0x0000,0xffff,0x8841,109.0,0x0000,0xfffc,0x1209,,,physicalInteraction1.pcapng
Coordinator,Coordinator,"Oct 28, 2023 13:13:14.694428",,52,,,,,,,,,,physicalInteraction1.pcapng
Unknown,Unknown,"Oct 28, 2023 13:13:14.696443",0.002015,5,,,0x0002,110.0,,,,,,physicalInteraction1.pcapng
Smart Socket,Socket,"Oct 28, 2023 13:13:14.703713",,63,,,,,,,,,,physicalInteraction1.pcapng
Unknown,Unknown,"Oct 28, 2023 13:13:14.706111",0.002398,5,,,0x0002,237.0,,,,,,physicalInteraction1.pcapng
Coordinator,Coordinator,"Oct 28, 2023 13:13:14.729561",,52,,,,,,,,,,physicalInteraction1.pcapng
Unknown,Unknown,"Oct 28, 2023 13:13:14.731576",0.002015,5,,,0x0002,111.0,,,,,,physicalInteraction1.pcapng
Smart Socket,Socket,"Oct 28, 2023 13:13:14.735164",,52,,,,,,,,,,physicalInteraction1.pcapng
Unknown,Unknown,"Oct 28, 2023 13:13:14.737168",0.002004,5,,,0x0002,238.0,,,,,,physicalInteraction1.pcapng
Coordinator,Coordinator,"Oct 28, 2023 13:13:14.741283",,45,,,,,,,,,,physicalInteraction1.pcapng
Unknown,Unknown,"Oct 28, 2023 13:13:14.743067",0.001784,5,,,0x0002,112.0,,,,,,physicalInteraction1.pcapng
Power Plug 1,Socket,"Oct 28, 2023 13:13:14.744465",,63,,,,,,,,,,physicalInteraction1.pcapng
Unknown,Unknown,"Oct 28, 2023 13:13:14.746864",0.002399,5,,,0x0002,228.0,,,,,,physicalInteraction1.pcapng
Coordinator,Coordinator,"Oct 28, 2023 13:13:14.756851",,54,,,,,,,,,,physicalInteraction1.pcapng
Unknown,Unknown,"Oct 28, 2023 13:13:14.758931",0.00208,5,,,0x0002,113.0,,,,,,physicalInteraction1.pcapng
Smart Socket,Socket,"Oct 28, 2023 13:13:14.766361",,66,,,,,,,,,,physicalInteraction1.pcapng
Unknown,Unknown,"Oct 28, 2023 13:13:14.768856",0.002495,5,,,0x0002,239.0,,,,,,physicalInteraction1.pcapng
Coordinator,Coordinator,"Oct 28, 2023 13:13:14.790793",,54,,,,,,,,,,physicalInteraction1.pcapng
Unknown,Unknown,"Oct 28, 2023 13:13:14.792868",0.002075,5,,,0x0002,114.0,,,,,,physicalInteraction1.pcapng
Smart Socket,Socket,"Oct 28, 2023 13:13:14.796736",,54,,,,,,,,,,physicalInteraction1.pcapng
Unknown,Unknown,"Oct 28, 2023 13:13:14.798817",0.002081,5,,,0x0002,240.0,,,,,,physicalInteraction1.pcapng
Coordinator,Coordinator,"Oct 28, 2023 13:13:14.803519",,45,,,,,,,,,,physicalInteraction1.pcapng
Unknown,Unknown,"Oct 28, 2023 13:13:14.805314",0.001795,5,,,0x0002,115.0,,,,,,physicalInteraction1.pcapng
Power Plug 1,Socket,"Oct 28, 2023 13:13:14.806184",,66,,,,,,,,,,physicalInteraction1.pcapng
Unknown,Unknown,"Oct 28, 2023 13:13:14.808679",0.002495,5,,,0x0002,229.0,,,,,,physicalInteraction1.pcapng
Smart Socket,Socket,"Oct 28, 2023 13:13:14.813808",,45,,,,,,,,,,physicalInteraction1.pcapng
Unknown,Unknown,"Oct 28, 2023 13:13:14.815600",0.001792,5,,,0x0002,241.0,,,,,,physicalInteraction1.pcapng
Coordinator,Coordinator,"Oct 28, 2023 13:13:14.819854",,54,,,,,,,,,,physicalInteraction1.pcapng
Unknown,Unknown,"Oct 28, 2023 13:13:14.821965",0.002111,5,,,0x0002,116.0,,,,,,physicalInteraction1.pcapng
Philips Lamp 3,Bulb,"Oct 28, 2023 13:13:14.826484",,54,,,,,,,,,,physicalInteraction1.pcapng
Coordinator,Coordinator,"Oct 28, 2023 13:13:14.832162",,45,,,,,,,,,,physicalInteraction1.pcapng
Unknown,Unknown,"Oct 28, 2023 13:13:14.833943",0.001781,5,,,0x0002,117.0,,,,,,physicalInteraction1.pcapng
Unknown,Unknown,"Oct 28, 2023 13:13:14.836097",0.002154,107,0xb706,0x0300,0x886b,28.0,,,,,,physicalInteraction1.pcapng
Unknown,Unknown,"Oct 28, 2023 13:13:14.838592",0.002495,5,,,0x0002,28.0,,,,,,physicalInteraction1.pcapng
Coordinator,Coordinator,"Oct 28, 2023 13:13:14.839711",,52,,,,,,,,,,physicalInteraction1.pcapng
Unknown,Unknown,"Oct 28, 2023 13:13:14.841759",0.002048,5,,,0x0002,118.0,,,,,,physicalInteraction1.pcapng
Power Plug 2,Socket,"Oct 28, 2023 13:13:14.853790",0.012031,63,0xa706,0x0000,0x8861,29.0,,,,,,physicalInteraction1.pcapng
Unknown,Unknown,"Oct 28, 2023 13:13:14.856189",0.002399,5,,,0x0002,29.0,,,,,,physicalInteraction1.pcapng
Coordinator,Coordinator,"Oct 28, 2023 13:13:14.861718",,45,,,,,,,,,,physicalInteraction1.pcapng
Unknown,Unknown,"Oct 28, 2023 13:13:14.863510",0.001792,5,,,0x0002,119.0,,,,,,physicalInteraction1.pcapng
Smart Socket,Socket,"Oct 28, 2023 13:13:14.867223",,45,,,,,,,,,,physicalInteraction1.pcapng
Unknown,Unknown,"Oct 28, 2023 13:13:14.869016",0.001793,5,,,0x0002,242.0,,,,,,physicalInteraction1.pcapng
Coordinator,Coordinator,"Oct 28, 2023 13:13:14.875200",,45,,,,,,,,,,physicalInteraction1.pcapng
Unknown,Unknown,"Oct 28, 2023 13:13:14.877023",0.001823,5,,,0x0002,120.0,,,,,,physicalInteraction1.pcapng
Philips Lamp 3,Bulb,"Oct 28, 2023 13:13:14.880211",0.003188,45,0x711c,0xa706,0x8861,119.0,,,,,,physicalInteraction1.pcapng
Unknown,Unknown,"Oct 28, 2023 13:13:14.882005",0.001794,5,,,0x0002,119.0,,,,,,physicalInteraction1.pcapng
Coordinator,Coordinator,"Oct 28, 2023 13:13:14.882655",,45,,,,,,,,,,physicalInteraction1.pcapng
Philips Lamp 3,Bulb,"Oct 28, 2023 13:13:14.886820",,45,,,,,,,,,,physicalInteraction1.pcapng
Philips Lamp 2,Bulb,"Oct 28, 2023 13:13:15.248215",0.361395,74,0x5bb9,0xffff,0x8841,163.0,0x5bb9,0xfffc,0x1209,,,physicalInteraction1.pcapng
Philips Motion,Motion,"Oct 28, 2023 13:13:15.440737",0.192522,12,0x059b,0xec7f,0x8863,218.0,,,,,,physicalInteraction1.pcapng
Unknown,Unknown,"Oct 28, 2023 13:13:15.441491",0.000754,5,,,0x0002,218.0,,,,,,physicalInteraction1.pcapng
Philips Lamp 1,Bulb,"Oct 28, 2023 13:13:17.105020",1.663529,77,0x1cd8,0xffff,0x8841,252.0,0x1cd8,0xfffc,0x1209,,,physicalInteraction1.pcapng
Ledvance Z3 Plug,Socket,"Oct 28, 2023 13:13:18.721490",1.61647,74,0x4e11,0xffff,0x8841,146.0,0x4e11,0xfffc,0x1209,,,physicalInteraction1.pcapng
Philips Motion,Motion,"Oct 28, 2023 13:13:18.790415",,53,,,,,,,,,,physicalInteraction1.pcapng
Unknown,Unknown,"Oct 28, 2023 13:13:18.792480",0.002065,5,,,0x0002,219.0,,,,,,physicalInteraction1.pcapng
Ledvance Bulb,Bulb,"Oct 28, 2023 13:13:18.795165",0.002685,57,0xec7f,0x0000,0x8861,65.0,0x059b,0x0000,0x1a09,,,physicalInteraction1.pcapng
Unknown,Unknown,"Oct 28, 2023 13:13:18.797371",0.002206,5,,,0x0002,65.0,,,,,,physicalInteraction1.pcapng
Philips Motion,Motion,"Oct 28, 2023 13:13:18.798327",0.000956,12,0x059b,0xec7f,0x8863,220.0,,,,,,physicalInteraction1.pcapng
Unknown,Unknown,"Oct 28, 2023 13:13:18.799080",0.000753,5,,,0x0002,220.0,,,,,,physicalInteraction1.pcapng
Ledvance Bulb,Bulb,"Oct 28, 2023 13:13:18.841656",,53,,,,,,,,,,physicalInteraction1.pcapng
Unknown,Unknown,"Oct 28, 2023 13:13:18.843735",0.002079,5,,,0x0002,66.0,,,,,,physicalInteraction1.pcapng
Coordinator,Coordinator,"Oct 28, 2023 13:13:18.884504",,54,,,,,,,,,,physicalInteraction1.pcapng
Unknown,Unknown,"Oct 28, 2023 13:13:18.886602",0.002098,5,,,0x0002,122.0,,,,,,physicalInteraction1.pcapng
Aqara Button,Button,"Oct 28, 2023 13:13:19.131268",0.244666,53,0xc31c,0x1cd8,0x8861,126.0,,,,,,physicalInteraction1.pcapng
Unknown,Unknown,"Oct 28, 2023 13:13:19.133348",0.00208,5,,,0x0002,126.0,,,,,,physicalInteraction1.pcapng
Philips Lamp 1,Bulb,"Oct 28, 2023 13:13:19.136128",0.00278,57,0x1cd8,0x0000,0x8861,253.0,0xc31c,0x0000,0x1a09,,,physicalInteraction1.pcapng
Unknown,Unknown,"Oct 28, 2023 13:13:19.138335",0.002207,5,,,0x0002,253.0,,,,,,physicalInteraction1.pcapng
Philips Lamp 1,Bulb,"Oct 28, 2023 13:13:19.184695",,53,,,,,,,,,,physicalInteraction1.pcapng
Unknown,Unknown,"Oct 28, 2023 13:13:19.186773",0.002078,5,,,0x0002,254.0,,,,,,physicalInteraction1.pcapng
Coordinator,Coordinator,"Oct 28, 2023 13:13:19.233196",,48,,,,,,,,,,physicalInteraction1.pcapng
Unknown,Unknown,"Oct 28, 2023 13:13:19.235115",0.001919,5,,,0x0002,123.0,,,,,,physicalInteraction1.pcapng
Philips Lamp 1,Bulb,"Oct 28, 2023 13:13:19.239811",0.004696,55,0x1cd8,0x0000,0x8861,255.0,0x1cd8,0x0000,0x1a09,,,physicalInteraction1.pcapng
Unknown,Unknown,"Oct 28, 2023 13:13:19.241954",0.002143,5,,,0x0002,255.0,,,,,,physicalInteraction1.pcapng
Philips Lamp 1,Bulb,"Oct 28, 2023 13:13:19.288602",,50,,,,,,,,,,physicalInteraction1.pcapng
Philips Lamp 1,Bulb,"Oct 28, 2023 13:13:19.291527",,50,,,,,,,,,,physicalInteraction1.pcapng
Unknown,Unknown,"Oct 28, 2023 13:13:19.293510",0.001983,5,,,0x0002,0.0,,,,,,physicalInteraction1.pcapng
Philips Lamp 3,Bulb,"Oct 28, 2023 13:13:19.295043",0.001533,106,0x711c,0xffff,0x886a,121.0,,,,,,physicalInteraction1.pcapng
Philips Lamp 1,Bulb,"Oct 28, 2023 13:13:19.436304",0.141261,55,0x1cd8,0x0000,0x8861,1.0,0x1cd8,0x0000,0x1a09,,,physicalInteraction1.pcapng
Unknown,Unknown,"Oct 28, 2023 13:13:19.438446",0.002142,5,,,0x0002,1.0,,,,,,physicalInteraction1.pcapng
Philips Lamp 1,Bulb,"Oct 28, 2023 13:13:19.440525",0.002079,55,0x1cd8,0x0000,0x8861,2.0,0x1cd8,0x0000,0x1a09,,,physicalInteraction1.pcapng
Unknown,Unknown,"Oct 28, 2023 13:13:19.442668",0.002143,5,,,0x0002,2.0,,,,,,physicalInteraction1.pcapng
Philips Lamp 1,Bulb,"Oct 28, 2023 13:13:19.474397",,52,,,,,,,,,,physicalInteraction1.pcapng
Unknown,Unknown,"Oct 28, 2023 13:13:19.476444",0.002047,5,,,0x0002,3.0,,,,,,physicalInteraction1.pcapng
Philips Lamp 1,Bulb,"Oct 28, 2023 13:13:19.479193",,52,,,,,,,,,,physicalInteraction1.pcapng
Unknown,Unknown,"Oct 28, 2023 13:13:19.481240",0.002047,5,,,0x0002,4.0,,,,,,physicalInteraction1.pcapng
Philips Motion,Motion,"Oct 28, 2023 13:13:20.285313",0.804073,12,0x059b,0xec7f,0x8863,221.0,,,,,,physicalInteraction1.pcapng
Unknown,Unknown,"Oct 28, 2023 13:13:20.286067",0.000754,5,,,0x0012,221.0,,,,,,physicalInteraction1.pcapng
Ledvance Bulb,Bulb,"Oct 28, 2023 13:13:20.288994",,50,,,,,,,,,,physicalInteraction1.pcapng
Unknown,Unknown,"Oct 28, 2023 13:13:20.290980",0.001986,5,,,0x0002,67.0,,,,,,physicalInteraction1.pcapng
Philips Motion,Motion,"Oct 28, 2023 13:13:20.295069",0.004089,12,0x059b,0xec7f,0x8863,222.0,,,,,,physicalInteraction1.pcapng
Unknown,Unknown,"Oct 28, 2023 13:13:20.295823",0.000754,5,,,0x0002,222.0,,,,,,physicalInteraction1.pcapng
Philips Motion,Motion,"Oct 28, 2023 13:13:20.301975",,45,,,,,,,,,,physicalInteraction1.pcapng
Unknown,Unknown,"Oct 28, 2023 13:13:20.303785",0.00181,5,,,0x0002,223.0,,,,,,physicalInteraction1.pcapng
Ledvance Bulb,Bulb,"Oct 28, 2023 13:13:20.306121",0.002336,57,0xec7f,0x0000,0x8861,68.0,0x059b,0x0000,0x1a09,,,physicalInteraction1.pcapng
Unknown,Unknown,"Oct 28, 2023 13:13:20.308328",0.002207,5,,,0x0002,68.0,,,,,,physicalInteraction1.pcapng
Philips Motion,Motion,"Oct 28, 2023 13:13:20.313622",0.005294,12,0x059b,0xec7f,0x8863,224.0,,,,,,physicalInteraction1.pcapng
Unknown,Unknown,"Oct 28, 2023 13:13:20.314376",0.000754,5,,,0x0002,224.0,,,,,,physicalInteraction1.pcapng
Ledvance Bulb,Bulb,"Oct 28, 2023 13:13:20.353561",,45,,,,,,,,,,physicalInteraction1.pcapng
Unknown,Unknown,"Oct 28, 2023 13:13:20.355384",0.001823,5,,,0x0002,69.0,,,,,,physicalInteraction1.pcapng
Philips Lamp 1,Bulb,"Oct 28, 2023 13:13:20.450272",0.094888,55,0x1cd8,0x0000,0x8861,5.0,0x1cd8,0x0000,0x1a09,,,physicalInteraction1.pcapng
Unknown,Unknown,"Oct 28, 2023 13:13:20.452415",0.002143,5,,,0x0002,5.0,,,,,,physicalInteraction1.pcapng
Philips Lamp 1,Bulb,"Oct 28, 2023 13:13:20.488411",,52,,,,,,,,,,physicalInteraction1.pcapng
Unknown,Unknown,"Oct 28, 2023 13:13:20.490458",0.002047,5,,,0x0002,6.0,,,,,,physicalInteraction1.pcapng
Philips Motion,Motion,"Oct 28, 2023 13:13:22.260997",,52,,,,,,,,,,physicalInteraction1.pcapng
Unknown,Unknown,"Oct 28, 2023 13:13:22.263031",0.002034,5,,,0x0002,225.0,,,,,,physicalInteraction1.pcapng
Ledvance Bulb,Bulb,"Oct 28, 2023 13:13:22.266632",0.003601,57,0xec7f,0x0000,0x8861,70.0,0x059b,0x0000,0x1a09,,,physicalInteraction1.pcapng
Unknown,Unknown,"Oct 28, 2023 13:13:22.268839",0.002207,5,,,0x0002,70.0,,,,,,physicalInteraction1.pcapng
Philips Motion,Motion,"Oct 28, 2023 13:13:22.277783",0.008944,12,0x059b,0xec7f,0x8863,226.0,,,,,,physicalInteraction1.pcapng
Unknown,Unknown,"Oct 28, 2023 13:13:22.278537",0.000754,5,,,0x0002,226.0,,,,,,physicalInteraction1.pcapng
Ledvance Bulb,Bulb,"Oct 28, 2023 13:13:22.313983",,52,,,,,,,,,,physicalInteraction1.pcapng
Unknown,Unknown,"Oct 28, 2023 13:13:22.316030",0.002047,5,,,0x0002,71.0,,,,,,physicalInteraction1.pcapng
Coordinator,Coordinator,"Oct 28, 2023 13:13:22.357985",,54,,,,,,,,,,physicalInteraction1.pcapng
Unknown,Unknown,"Oct 28, 2023 13:13:22.360082",0.002097,5,,,0x0002,124.0,,,,,,physicalInteraction1.pcapng
Power Plug 1,Socket,"Oct 28, 2023 13:13:22.444766",,53,,,,,,,,,,physicalInteraction1.pcapng
Unknown,Unknown,"Oct 28, 2023 13:13:22.446845",0.002079,5,,,0x0002,230.0,,,,,,physicalInteraction1.pcapng
Coordinator,Coordinator,"Oct 28, 2023 13:13:22.460579",,45,,,,,,,,,,physicalInteraction1.pcapng
Unknown,Unknown,"Oct 28, 2023 13:13:22.462362",0.001783,5,,,0x0002,125.0,,,,,,physicalInteraction1.pcapng
Smart Socket,Socket,"Oct 28, 2023 13:13:22.466089",,45,,,,,,,,,,physicalInteraction1.pcapng
Unknown,Unknown,"Oct 28, 2023 13:13:22.467880",0.001791,5,,,0x0002,243.0,,,,,,physicalInteraction1.pcapng
Smart Socket,Socket,"Oct 28, 2023 13:13:22.807774",0.339894,77,0xe1a6,0xffff,0x8841,244.0,0xe1a6,0xfffc,0x1209,,,physicalInteraction1.pcapng
Power Plug 2,Socket,"Oct 28, 2023 13:13:23.682819",0.875045,74,0xa706,0xffff,0x8841,30.0,0xa706,0xfffc,0x1209,,,physicalInteraction1.pcapng
Sonoff Door 1,Door,"Oct 28, 2023 13:13:23.783996",,54,,,,,,,,,,physicalInteraction1.pcapng
Unknown,Unknown,"Oct 28, 2023 13:13:23.786107",0.002111,5,,,0x0002,33.0,,,,,,physicalInteraction1.pcapng
Philips Motion,Motion,"Oct 28, 2023 13:13:23.789550",0.003443,12,0x059b,0xec7f,0x8863,227.0,,,,,,physicalInteraction1.pcapng
Unknown,Unknown,"Oct 28, 2023 13:13:23.790303",0.000753,5,,,0x0012,227.0,,,,,,physicalInteraction1.pcapng
Ledvance Bulb,Bulb,"Oct 28, 2023 13:13:23.791036",,50,,,,,,,,,,physicalInteraction1.pcapng
Unknown,Unknown,"Oct 28, 2023 13:13:23.793021",0.001985,5,,,0x0002,72.0,,,,,,physicalInteraction1.pcapng
Philips Motion,Motion,"Oct 28, 2023 13:13:23.796211",0.00319,12,0x059b,0xec7f,0x8863,228.0,,,,,,physicalInteraction1.pcapng
Unknown,Unknown,"Oct 28, 2023 13:13:23.796964",0.000753,5,,,0x0002,228.0,,,,,,physicalInteraction1.pcapng
Unknown,Unknown,"Oct 28, 2023 13:13:23.810603",0.013639,45,0x752b,0xec7f,0x8861,229.0,,,,,,physicalInteraction1.pcapng
Philips Motion,Motion,"Oct 28, 2023 13:13:23.819184",,45,,,,,,,,,,physicalInteraction1.pcapng
Unknown,Unknown,"Oct 28, 2023 13:13:23.820993",0.001809,5,,,0x0002,229.0,,,,,,physicalInteraction1.pcapng
Ledvance Bulb,Bulb,"Oct 28, 2023 13:13:23.823635",0.002642,57,0xec7f,0x0000,0x8861,73.0,0x059b,0x0000,0x1a09,,,physicalInteraction1.pcapng
Unknown,Unknown,"Oct 28, 2023 13:13:23.825842",0.002207,5,,,0x0002,73.0,,,,,,physicalInteraction1.pcapng
Philips Motion,Motion,"Oct 28, 2023 13:13:23.827783",0.001941,12,0x059b,0xec7f,0x8863,230.0,,,,,,physicalInteraction1.pcapng
Unknown,Unknown,"Oct 28, 2023 13:13:23.828536",0.000753,5,,,0x0002,230.0,,,,,,physicalInteraction1.pcapng
Ledvance Bulb,Bulb,"Oct 28, 2023 13:13:23.872724",,45,,,,,,,,,,physicalInteraction1.pcapng
Unknown,Unknown,"Oct 28, 2023 13:13:23.874547",0.001823,5,,,0x0002,74.0,,,,,,physicalInteraction1.pcapng
Aqara Button,Button,"Oct 28, 2023 13:13:24.126545",,53,,,,,,,,,,physicalInteraction1.pcapng
Unknown,Unknown,"Oct 28, 2023 13:13:24.128624",0.002079,5,,,0x0002,127.0,,,,,,physicalInteraction1.pcapng
Philips Lamp 1,Bulb,"Oct 28, 2023 13:13:24.132880",0.004256,57,0x1cd8,0x0000,0x8861,7.0,0xc31c,0x0000,0x1a09,,,physicalInteraction1.pcapng
Unknown,Unknown,"Oct 28, 2023 13:13:24.135086",0.002206,5,,,0x0002,7.0,,,,,,physicalInteraction1.pcapng
Philips Lamp 1,Bulb,"Oct 28, 2023 13:13:24.179636",,53,,,,,,,,,,physicalInteraction1.pcapng
Unknown,Unknown,"Oct 28, 2023 13:13:24.181715",0.002079,5,,,0x0002,8.0,,,,,,physicalInteraction1.pcapng
Coordinator,Coordinator,"Oct 28, 2023 13:13:24.230734",,48,,,,,,,,,,physicalInteraction1.pcapng
Unknown,Unknown,"Oct 28, 2023 13:13:24.232639",0.001905,5,,,0x0002,126.0,,,,,,physicalInteraction1.pcapng
Ledvance Bulb,Bulb,"Oct 28, 2023 13:13:24.266467",0.033828,55,0xec7f,0x0000,0x8861,75.0,0xec7f,0x0000,0x1a09,,,physicalInteraction1.pcapng
Unknown,Unknown,"Oct 28, 2023 13:13:24.268609",0.002142,5,,,0x0002,75.0,,,,,,physicalInteraction1.pcapng
Ledvance Bulb,Bulb,"Oct 28, 2023 13:13:24.280966",0.012357,55,0xec7f,0x0000,0x8861,76.0,0xec7f,0x0000,0x1a09,,,physicalInteraction1.pcapng
Unknown,Unknown,"Oct 28, 2023 13:13:24.283109",0.002143,5,,,0x0002,76.0,,,,,,physicalInteraction1.pcapng
Sonoff Door 1,Door,"Oct 28, 2023 13:13:24.288067",0.004958,12,0x946e,0x0000,0x8863,34.0,,,,,,physicalInteraction1.pcapng
Unknown,Unknown,"Oct 28, 2023 13:13:24.288834",0.000767,5,,,0x0002,34.0,,,,,,physicalInteraction1.pcapng
Ledvance Bulb,Bulb,"Oct 28, 2023 13:13:24.292268",0.003434,55,0xec7f,0x0000,0x8861,77.0,0xec7f,0x0000,0x1a09,,,physicalInteraction1.pcapng
Unknown,Unknown,"Oct 28, 2023 13:13:24.294411",0.002143,5,,,0x0002,77.0,,,,,,physicalInteraction1.pcapng
Ledvance Bulb,Bulb,"Oct 28, 2023 13:13:24.310349",,50,,,,,,,,,,physicalInteraction1.pcapng
Unknown,Unknown,"Oct 28, 2023 13:13:24.312332",0.001983,5,,,0x0002,78.0,,,,,,physicalInteraction1.pcapng
Ledvance Bulb,Bulb,"Oct 28, 2023 13:13:24.321643",,52,,,,,,,,,,physicalInteraction1.pcapng
Unknown,Unknown,"Oct 28, 2023 13:13:24.323690",0.002047,5,,,0x0002,79.0,,,,,,physicalInteraction1.pcapng
Ledvance Bulb,Bulb,"Oct 28, 2023 13:13:24.327560",,52,,,,,,,,,,physicalInteraction1.pcapng
Unknown,Unknown,"Oct 28, 2023 13:13:24.329607",0.002047,5,,,0x0002,79.0,,,,,,physicalInteraction1.pcapng
Coordinator,Coordinator,"Oct 28, 2023 13:13:24.330707",,45,,,,,,,,,,physicalInteraction1.pcapng
Unknown,Unknown,"Oct 28, 2023 13:13:24.332516",0.001809,5,,,0x0002,127.0,,,,,,physicalInteraction1.pcapng
Coordinator,Coordinator,"Oct 28, 2023 13:13:24.337260",,45,,,,,,,,,,physicalInteraction1.pcapng
Coordinator,Coordinator,"Oct 28, 2023 13:13:24.340494",,45,,,,,,,,,,physicalInteraction1.pcapng
Unknown,Unknown,"Oct 28, 2023 13:13:24.342303",0.001809,5,,,0x6002,37.0,,,,,,physicalInteraction1.pcapng
Coordinator,Coordinator,"Oct 28, 2023 13:13:24.344562",,45,,,,,,,,,,physicalInteraction1.pcapng
Unknown,Unknown,"Oct 28, 2023 13:13:24.346371",0.001809,5,,,0x0002,128.0,,,,,,physicalInteraction1.pcapng
Ledvance Bulb,Bulb,"Oct 28, 2023 13:13:24.354779",,52,,,,,,,,,,physicalInteraction1.pcapng
Unknown,Unknown,"Oct 28, 2023 13:13:24.356826",0.002047,5,,,0x0002,80.0,,,,,,physicalInteraction1.pcapng
Coordinator,Coordinator,"Oct 28, 2023 13:13:24.371677",,50,,,,,,,,,,physicalInteraction1.pcapng
Unknown,Unknown,"Oct 28, 2023 13:13:24.373646",0.001969,5,,,0x0002,129.0,,,,,,physicalInteraction1.pcapng
Coordinator,Coordinator,"Oct 28, 2023 13:13:24.380132",,45,,,,,,,,,,physicalInteraction1.pcapng
Unknown,Unknown,"Oct 28, 2023 13:13:24.381941",0.001809,5,,,0x0002,130.0,,,,,,physicalInteraction1.pcapng
Ledvance Bulb,Bulb,"Oct 28, 2023 13:13:24.390945",0.009004,55,0xec7f,0x0000,0x8861,81.0,0xec7f,0x0000,0x1a09,,,physicalInteraction1.pcapng
Unknown,Unknown,"Oct 28, 2023 13:13:24.393088",0.002143,5,,,0x0002,81.0,,,,,,physicalInteraction1.pcapng
Coordinator,Coordinator,"Oct 28, 2023 13:13:24.395450",,50,,,,,,,,,,physicalInteraction1.pcapng
Unknown,Unknown,"Oct 28, 2023 13:13:24.397420",0.00197,5,,,0x0002,131.0,,,,,,physicalInteraction1.pcapng
Ledvance Bulb,Bulb,"Oct 28, 2023 13:13:24.427737",0.030317,55,0xec7f,0x0000,0x8861,82.0,0xec7f,0x0000,0x1a09,,,physicalInteraction1.pcapng
Unknown,Unknown,"Oct 28, 2023 13:13:24.429879",0.002142,5,,,0x0002,82.0,,,,,,physicalInteraction1.pcapng
Ledvance Bulb,Bulb,"Oct 28, 2023 13:13:24.440575",,45,,,,,,,,,,physicalInteraction1.pcapng
Unknown,Unknown,"Oct 28, 2023 13:13:24.442397",0.001822,5,,,0x0002,83.0,,,,,,physicalInteraction1.pcapng
Power Plug 1,Socket,"Oct 28, 2023 13:13:24.449960",0.007563,74,0x3d95,0xffff,0x8841,231.0,0x3d95,0xfffc,0x1209,,,physicalInteraction1.pcapng
Ledvance Bulb,Bulb,"Oct 28, 2023 13:13:24.472983",,45,,,,,,,,,,physicalInteraction1.pcapng
Unknown,Unknown,"Oct 28, 2023 13:13:24.474806",0.001823,5,,,0x0002,84.0,,,,,,physicalInteraction1.pcapng
Aqara Button,Button,"Oct 28, 2023 13:13:24.736568",,53,,,,,,,,,,physicalInteraction1.pcapng
Unknown,Unknown,"Oct 28, 2023 13:13:24.738647",0.002079,5,,,0x0002,128.0,,,,,,physicalInteraction1.pcapng
Philips Lamp 1,Bulb,"Oct 28, 2023 13:13:24.742724",0.004077,57,0x1cd8,0x0000,0x8861,9.0,0xc31c,0x0000,0x1a09,,,physicalInteraction1.pcapng
Unknown,Unknown,"Oct 28, 2023 13:13:24.744931",0.002207,5,,,0x0002,9.0,,,,,,physicalInteraction1.pcapng
Philips Lamp 1,Bulb,"Oct 28, 2023 13:13:24.790945",,53,,,,,,,,,,physicalInteraction1.pcapng
Unknown,Unknown,"Oct 28, 2023 13:13:24.793023",0.002078,5,,,0x0002,10.0,,,,,,physicalInteraction1.pcapng
Ledvance Bulb,Bulb,"Oct 28, 2023 13:13:25.258876",0.465853,55,0xec7f,0x0000,0x8861,85.0,0xec7f,0x0000,0x1a09,,,physicalInteraction1.pcapng
Unknown,Unknown,"Oct 28, 2023 13:13:25.261019",0.002143,5,,,0x0002,85.0,,,,,,physicalInteraction1.pcapng
Ledvance Bulb,Bulb,"Oct 28, 2023 13:13:25.302744",,52,,,,,,,,,,physicalInteraction1.pcapng
Unknown,Unknown,"Oct 28, 2023 13:13:25.304791",0.002047,5,,,0x0002,86.0,,,,,,physicalInteraction1.pcapng
Coordinator,Coordinator,"Oct 28, 2023 13:13:25.317509",,45,,,,,,,,,,physicalInteraction1.pcapng
Unknown,Unknown,"Oct 28, 2023 13:13:25.319318",0.001809,5,,,0x0002,132.0,,,,,,physicalInteraction1.pcapng
Coordinator,Coordinator,"Oct 28, 2023 13:13:25.344302",,50,,,,,,,,,,physicalInteraction1.pcapng
Unknown,Unknown,"Oct 28, 2023 13:13:25.346271",0.001969,5,,,0x0002,133.0,,,,,,physicalInteraction1.pcapng
Ledvance Bulb,Bulb,"Oct 28, 2023 13:13:25.349009",0.002738,55,0xec7f,0x0000,0x8861,87.0,0xec7f,0x0000,0x1a09,,,physicalInteraction1.pcapng
Unknown,Unknown,"Oct 28, 2023 13:13:25.351152",0.002143,5,,,0x0002,87.0,,,,,,physicalInteraction1.pcapng
Ledvance Bulb,Bulb,"Oct 28, 2023 13:13:25.395722",,45,,,,,,,,,,physicalInteraction1.pcapng
Unknown,Unknown,"Oct 28, 2023 13:13:25.397545",0.001823,5,,,0x0002,88.0,,,,,,physicalInteraction1.pcapng
Moes Bulb,Bulb,"Oct 28, 2023 13:13:25.640632",0.243087,71,0x1e15,0xffff,0x8841,72.0,0x1e15,0xfffc,0x1209,,,physicalInteraction1.pcapng
Smart Socket,Socket,"Oct 28, 2023 13:13:26.449080",,53,,,,,,,,,,physicalInteraction1.pcapng
Unknown,Unknown,"Oct 28, 2023 13:13:26.451159",0.002079,5,,,0x0002,245.0,,,,,,physicalInteraction1.pcapng
Coordinator,Coordinator,"Oct 28, 2023 13:13:26.464301",,45,,,,,,,,,,physicalInteraction1.pcapng
Unknown,Unknown,"Oct 28, 2023 13:13:26.466092",0.001791,5,,,0x0002,134.0,,,,,,physicalInteraction1.pcapng
Coordinator,Coordinator,"Oct 28, 2023 13:13:26.848919",0.382827,77,0x0000,0xffff,0x8841,135.0,0x0000,0xfffc,0x1209,,,physicalInteraction1.pcapng
Sonoff Door 1,Door,"Oct 28, 2023 13:13:27.630064",,54,,,,,,,,,,physicalInteraction1.pcapng
Unknown,Unknown,"Oct 28, 2023 13:13:27.632175",0.002111,5,,,0x0002,35.0,,,,,,physicalInteraction1.pcapng
Sonoff Door 1,Door,"Oct 28, 2023 13:13:28.136323",0.504148,12,0x946e,0x0000,0x8863,36.0,,,,,,physicalInteraction1.pcapng
Unknown,Unknown,"Oct 28, 2023 13:13:28.137090",0.000767,5,,,0x0002,36.0,,,,,,physicalInteraction1.pcapng
Ledvance Bulb,Bulb,"Oct 28, 2023 13:13:28.195377",0.058287,77,0xec7f,0xffff,0x8841,89.0,0xec7f,0xfffc,0x1209,,,physicalInteraction1.pcapng
Philips Motion,Motion,"Oct 28, 2023 13:13:28.847182",0.651805,12,0x059b,0xec7f,0x8863,231.0,,,,,,physicalInteraction1.pcapng
Unknown,Unknown,"Oct 28, 2023 13:13:28.847935",0.000753,5,,,0x0002,231.0,,,,,,physicalInteraction1.pcapng
Aqara Button,Button,"Oct 28, 2023 13:13:29.329745",,53,,,,,,,,,,physicalInteraction1.pcapng
Unknown,Unknown,"Oct 28, 2023 13:13:29.331825",0.00208,5,,,0x0002,129.0,,,,,,physicalInteraction1.pcapng
Philips Lamp 1,Bulb,"Oct 28, 2023 13:13:29.346652",0.014827,57,0x1cd8,0x0000,0x8861,11.0,0xc31c,0x0000,0x1a09,,,physicalInteraction1.pcapng
Unknown,Unknown,"Oct 28, 2023 13:13:29.348859",0.002207,5,,,0x0002,11.0,,,,,,physicalInteraction1.pcapng
Philips Lamp 1,Bulb,"Oct 28, 2023 13:13:29.384591",,53,,,,,,,,,,physicalInteraction1.pcapng
Unknown,Unknown,"Oct 28, 2023 13:13:29.386669",0.002078,5,,,0x0002,12.0,,,,,,physicalInteraction1.pcapng
Coordinator,Coordinator,"Oct 28, 2023 13:13:29.448100",,48,,,,,,,,,,physicalInteraction1.pcapng
Unknown,Unknown,"Oct 28, 2023 13:13:29.450006",0.001906,5,,,0x0002,136.0,,,,,,physicalInteraction1.pcapng
Ledvance Bulb,Bulb,"Oct 28, 2023 13:13:29.481949",0.031943,55,0xec7f,0x0000,0x8861,90.0,0xec7f,0x0000,0x1a09,,,physicalInteraction1.pcapng
Unknown,Unknown,"Oct 28, 2023 13:13:29.484092",0.002143,5,,,0x0002,90.0,,,,,,physicalInteraction1.pcapng
Ledvance Bulb,Bulb,"Oct 28, 2023 13:13:29.493890",0.009798,55,0xec7f,0x0000,0x8861,91.0,0xec7f,0x0000,0x1a09,,,physicalInteraction1.pcapng
Unknown,Unknown,"Oct 28, 2023 13:13:29.496032",0.002142,5,,,0x0002,91.0,,,,,,physicalInteraction1.pcapng
Ledvance Bulb,Bulb,"Oct 28, 2023 13:13:29.506790",0.010758,55,0xec7f,0x0000,0x8861,92.0,0xec7f,0x0000,0x1a09,,,physicalInteraction1.pcapng
Unknown,Unknown,"Oct 28, 2023 13:13:29.508933",0.002143,5,,,0x0002,92.0,,,,,,physicalInteraction1.pcapng
Ledvance Bulb,Bulb,"Oct 28, 2023 13:13:29.524554",,50,,,,,,,,,,physicalInteraction1.pcapng
Unknown,Unknown,"Oct 28, 2023 13:13:29.526537",0.001983,5,,,0x0002,93.0,,,,,,physicalInteraction1.pcapng
Ledvance Bulb,Bulb,"Oct 28, 2023 13:13:29.534888",,52,,,,,,,,,,physicalInteraction1.pcapng
Unknown,Unknown,"Oct 28, 2023 13:13:29.536935",0.002047,5,,,0x0002,94.0,,,,,,physicalInteraction1.pcapng
Coordinator,Coordinator,"Oct 28, 2023 13:13:29.542444",,45,,,,,,,,,,physicalInteraction1.pcapng
Unknown,Unknown,"Oct 28, 2023 13:13:29.544253",0.001809,5,,,0x0002,137.0,,,,,,physicalInteraction1.pcapng
Coordinator,Coordinator,"Oct 28, 2023 13:13:29.558113",,45,,,,,,,,,,physicalInteraction1.pcapng
Unknown,Unknown,"Oct 28, 2023 13:13:29.559922",0.001809,5,,,0x0002,138.0,,,,,,physicalInteraction1.pcapng
Ledvance Bulb,Bulb,"Oct 28, 2023 13:13:29.561885",,52,,,,,,,,,,physicalInteraction1.pcapng
Unknown,Unknown,"Oct 28, 2023 13:13:29.563932",0.002047,5,,,0x0002,95.0,,,,,,physicalInteraction1.pcapng
Coordinator,Coordinator,"Oct 28, 2023 13:13:29.582740",,45,,,,,,,,,,physicalInteraction1.pcapng
Unknown,Unknown,"Oct 28, 2023 13:13:29.584549",0.001809,5,,,0x0002,139.0,,,,,,physicalInteraction1.pcapng
Coordinator,Coordinator,"Oct 28, 2023 13:13:29.590380",,50,,,,,,,,,,physicalInteraction1.pcapng
Unknown,Unknown,"Oct 28, 2023 13:13:29.592350",0.00197,5,,,0x0002,140.0,,,,,,physicalInteraction1.pcapng
Coordinator,Coordinator,"Oct 28, 2023 13:13:29.606424",,50,,,,,,,,,,physicalInteraction1.pcapng
Unknown,Unknown,"Oct 28, 2023 13:13:29.608393",0.001969,5,,,0x0002,141.0,,,,,,physicalInteraction1.pcapng
Ledvance Bulb,Bulb,"Oct 28, 2023 13:13:29.611441",0.003048,55,0xec7f,0x0000,0x8861,96.0,0xec7f,0x0000,0x1a09,,,physicalInteraction1.pcapng
Unknown,Unknown,"Oct 28, 2023 13:13:29.613584",0.002143,5,,,0x0002,96.0,,,,,,physicalInteraction1.pcapng
Ledvance Bulb,Bulb,"Oct 28, 2023 13:13:29.625626",0.012042,55,0xec7f,0x0000,0x8861,97.0,0xec7f,0x0000,0x1a09,,,physicalInteraction1.pcapng
Unknown,Unknown,"Oct 28, 2023 13:13:29.627769",0.002143,5,,,0x0002,97.0,,,,,,physicalInteraction1.pcapng
Ledvance Bulb,Bulb,"Oct 28, 2023 13:13:29.659340",,45,,,,,,,,,,physicalInteraction1.pcapng
Unknown,Unknown,"Oct 28, 2023 13:13:29.661162",0.001822,5,,,0x0002,98.0,,,,,,physicalInteraction1.pcapng
Ledvance Bulb,Bulb,"Oct 28, 2023 13:13:29.673178",,45,,,,,,,,,,physicalInteraction1.pcapng
Unknown,Unknown,"Oct 28, 2023 13:13:29.675001",0.001823,5,,,0x0002,99.0,,,,,,physicalInteraction1.pcapng
Aqara Button,Button,"Oct 28, 2023 13:13:29.839765",,53,,,,,,,,,,physicalInteraction1.pcapng
Unknown,Unknown,"Oct 28, 2023 13:13:29.841845",0.00208,5,,,0x0002,130.0,,,,,,physicalInteraction1.pcapng
Philips Lamp 1,Bulb,"Oct 28, 2023 13:13:29.844820",0.002975,57,0x1cd8,0x0000,0x8861,13.0,0xc31c,0x0000,0x1a09,,,physicalInteraction1.pcapng
Unknown,Unknown,"Oct 28, 2023 13:13:29.847026",0.002206,5,,,0x0002,13.0,,,,,,physicalInteraction1.pcapng
Philips Lamp 1,Bulb,"Oct 28, 2023 13:13:29.893480",,53,,,,,,,,,,physicalInteraction1.pcapng
Unknown,Unknown,"Oct 28, 2023 13:13:29.895559",0.002079,5,,,0x0002,14.0,,,,,,physicalInteraction1.pcapng
Ledvance Bulb,Bulb,"Oct 28, 2023 13:13:30.473779",0.57822,55,0xec7f,0x0000,0x8861,100.0,0xec7f,0x0000,0x1a09,,,physicalInteraction1.pcapng
Unknown,Unknown,"Oct 28, 2023 13:13:30.475922",0.002143,5,,,0x0002,100.0,,,,,,physicalInteraction1.pcapng
Ledvance Bulb,Bulb,"Oct 28, 2023 13:13:30.518261",,52,,,,,,,,,,physicalInteraction1.pcapng
Unknown,Unknown,"Oct 28, 2023 13:13:30.520307",0.002046,5,,,0x0002,101.0,,,,,,physicalInteraction1.pcapng
Coordinator,Coordinator,"Oct 28, 2023 13:13:30.532590",,45,,,,,,,,,,physicalInteraction1.pcapng
Unknown,Unknown,"Oct 28, 2023 13:13:30.534399",0.001809,5,,,0x0002,142.0,,,,,,physicalInteraction1.pcapng
Coordinator,Coordinator,"Oct 28, 2023 13:13:30.558829",,50,,,,,,,,,,physicalInteraction1.pcapng
Unknown,Unknown,"Oct 28, 2023 13:13:30.560798",0.001969,5,,,0x0002,143.0,,,,,,physicalInteraction1.pcapng
Ledvance Bulb,Bulb,"Oct 28, 2023 13:13:30.566410",0.005612,55,0xec7f,0x0000,0x8861,102.0,0xec7f,0x0000,0x1a09,,,physicalInteraction1.pcapng
Unknown,Unknown,"Oct 28, 2023 13:13:30.568553",0.002143,5,,,0x0002,102.0,,,,,,physicalInteraction1.pcapng
Ledvance Bulb,Bulb,"Oct 28, 2023 13:13:30.610981",,45,,,,,,,,,,physicalInteraction1.pcapng
Unknown,Unknown,"Oct 28, 2023 13:13:30.612804",0.001823,5,,,0x0002,103.0,,,,,,physicalInteraction1.pcapng
Smart Socket,Socket,"Oct 28, 2023 13:13:31.450184",,53,,,,,,,,,,physicalInteraction1.pcapng
Unknown,Unknown,"Oct 28, 2023 13:13:31.452263",0.002079,5,,,0x0002,246.0,,,,,,physicalInteraction1.pcapng
Coordinator,Coordinator,"Oct 28, 2023 13:13:31.465373",,45,,,,,,,,,,physicalInteraction1.pcapng
Unknown,Unknown,"Oct 28, 2023 13:13:31.467164",0.001791,5,,,0x0002,144.0,,,,,,physicalInteraction1.pcapng
Philips Lamp 2,Bulb,"Oct 28, 2023 13:13:31.535651",0.068487,107,0x5bb9,0xffff,0x886b,164.0,,,,,,physicalInteraction1.pcapng
Aqara Vibration,Vibration,"Oct 28, 2023 13:13:31.920729",,53,,,,,,,,,,physicalInteraction1.pcapng
Unknown,Unknown,"Oct 28, 2023 13:13:31.922808",0.002079,5,,,0x0002,245.0,,,,,,physicalInteraction1.pcapng
Philips Lamp 1,Bulb,"Oct 28, 2023 13:13:31.926729",0.003921,57,0x1cd8,0x0000,0x8861,15.0,0x187a,0x0000,0x1a09,,,physicalInteraction1.pcapng
Unknown,Unknown,"Oct 28, 2023 13:13:31.928936",0.002207,5,,,0x0002,15.0,,,,,,physicalInteraction1.pcapng
Philips Lamp 1,Bulb,"Oct 28, 2023 13:13:31.974354",,53,,,,,,,,,,physicalInteraction1.pcapng
Unknown,Unknown,"Oct 28, 2023 13:13:31.976433",0.002079,5,,,0x0002,16.0,,,,,,physicalInteraction1.pcapng
Philips Lamp 3,Bulb,"Oct 28, 2023 13:13:33.481304",1.504871,77,0x711c,0xffff,0x8841,122.0,0x711c,0xfffc,0x1209,,,physicalInteraction1.pcapng
Philips Lamp 1,Bulb,"Oct 28, 2023 13:13:33.616261",0.134957,77,0x1cd8,0xffff,0x8841,17.0,0x1cd8,0xfffc,0x1209,,,physicalInteraction1.pcapng
Philips Motion,Motion,"Oct 28, 2023 13:13:33.911217",0.294956,12,0x059b,0xec7f,0x8863,232.0,,,,,,physicalInteraction1.pcapng
Unknown,Unknown,"Oct 28, 2023 13:13:33.911970",0.000753,5,,,0x0002,232.0,,,,,,physicalInteraction1.pcapng
Unknown,Unknown,"Oct 28, 2023 13:13:34.717495",0.805525,54,0x045b,0x711c,0x8861,246.0,,,,,,physicalInteraction1.pcapng
Unknown,Unknown,"Oct 28, 2023 13:13:34.719606",0.002111,5,,,0x0002,166.0,,,,,,physicalInteraction1.pcapng
Philips Lamp 3,Bulb,"Oct 28, 2023 13:13:34.724660",0.005054,57,0x711c,0x0000,0x8861,123.0,0x045b,0x0000,0x1a09,,,physicalInteraction1.pcapng
Unknown,Unknown,"Oct 28, 2023 13:13:34.726867",0.002207,5,,,0x0002,123.0,,,,,,physicalInteraction1.pcapng
Philips Lamp 3,Bulb,"Oct 28, 2023 13:13:34.770395",,54,,,,,,,,,,physicalInteraction1.pcapng
Unknown,Unknown,"Oct 28, 2023 13:13:34.772506",0.002111,5,,,0x0002,124.0,,,,,,physicalInteraction1.pcapng
Aqara Motion,Motion,"Oct 28, 2023 13:13:36.043342",,57,,,,,,,,,,physicalInteraction1.pcapng
Unknown,Unknown,"Oct 28, 2023 13:13:36.045549",0.002207,5,,,0x0002,70.0,,,,,,physicalInteraction1.pcapng
Ledvance Z3 Plug,Socket,"Oct 28, 2023 13:13:36.140922",0.095373,74,0x4e11,0xffff,0x8841,147.0,0x4e11,0xfffc,0x1209,,,physicalInteraction1.pcapng
Smart Socket,Socket,"Oct 28, 2023 13:13:37.808807",1.667885,77,0xe1a6,0xffff,0x8841,247.0,0xe1a6,0xfffc,0x1209,,,physicalInteraction1.pcapng
Power Plug 2,Socket,"Oct 28, 2023 13:13:38.621401",0.812594,74,0xa706,0xffff,0x8841,31.0,0xa706,0xfffc,0x1209,,,physicalInteraction1.pcapng
Philips Motion,Motion,"Oct 28, 2023 13:13:38.941410",0.320009,12,0x059b,0xec7f,0x8863,233.0,,,,,,physicalInteraction1.pcapng
Unknown,Unknown,"Oct 28, 2023 13:13:38.942163",0.000753,5,,,0x0002,233.0,,,,,,physicalInteraction1.pcapng
Power Plug 1,Socket,"Oct 28, 2023 13:13:39.239747",,52,,,,,,,,,,physicalInteraction1.pcapng
Unknown,Unknown,"Oct 28, 2023 13:13:39.241794",0.002047,5,,,0x0002,232.0,,,,,,physicalInteraction1.pcapng
Power Plug 1,Socket,"Oct 28, 2023 13:13:39.242738",,52,,,,,,,,,,physicalInteraction1.pcapng
Unknown,Unknown,"Oct 28, 2023 13:13:39.244785",0.002047,5,,,0x0002,233.0,,,,,,physicalInteraction1.pcapng
Coordinator,Coordinator,"Oct 28, 2023 13:13:39.265128",,45,,,,,,,,,,physicalInteraction1.pcapng
Unknown,Unknown,"Oct 28, 2023 13:13:39.266919",0.001791,5,,,0x0002,145.0,,,,,,physicalInteraction1.pcapng
Smart Socket,Socket,"Oct 28, 2023 13:13:39.270650",,45,,,,,,,,,,physicalInteraction1.pcapng
Unknown,Unknown,"Oct 28, 2023 13:13:39.272433",0.001783,5,,,0x0002,248.0,,,,,,physicalInteraction1.pcapng
Coordinator,Coordinator,"Oct 28, 2023 13:13:39.291771",,50,,,,,,,,,,physicalInteraction1.pcapng
Unknown,Unknown,"Oct 28, 2023 13:13:39.293724",0.001953,5,,,0x0002,146.0,,,,,,physicalInteraction1.pcapng
Smart Socket,Socket,"Oct 28, 2023 13:13:39.297400",,50,,,,,,,,,,physicalInteraction1.pcapng
Unknown,Unknown,"Oct 28, 2023 13:13:39.306075",0.008675,5,,,0x0002,234.0,,,,,,physicalInteraction1.pcapng
Power Plug 1,Socket,"Oct 28, 2023 13:13:39.507431",0.201356,74,0x3d95,0xffff,0x8841,235.0,0x3d95,0xfffc,0x1209,,,physicalInteraction1.pcapng
Moes Bulb,Bulb,"Oct 28, 2023 13:13:40.531287",1.023856,74,0x1e15,0xffff,0x8841,73.0,0x1e15,0xfffc,0x1209,,,physicalInteraction1.pcapng
Sonoff Door 2,Door,"Oct 28, 2023 13:13:40.614528",,54,,,,,,,,,,physicalInteraction1.pcapng
Unknown,Unknown,"Oct 28, 2023 13:13:40.616639",0.002111,5,,,0x0002,162.0,,,,,,physicalInteraction1.pcapng
Sonoff Door 2,Door,"Oct 28, 2023 13:13:41.122768",0.506129,12,0x7b10,0x0000,0x8863,163.0,,,,,,physicalInteraction1.pcapng
Unknown,Unknown,"Oct 28, 2023 13:13:41.123535",0.000767,5,,,0x0002,163.0,,,,,,physicalInteraction1.pcapng
Coordinator,Coordinator,"Oct 28, 2023 13:13:41.432303",0.308768,77,0x0000,0xffff,0x8841,147.0,0x0000,0xfffc,0x1209,,,physicalInteraction1.pcapng
Ledvance Bulb,Bulb,"Oct 28, 2023 13:13:42.293315",0.861012,77,0xec7f,0xffff,0x8841,104.0,0xec7f,0xfffc,0x1209,,,physicalInteraction1.pcapng
Philips Motion,Motion,"Oct 28, 2023 13:13:43.974072",1.680757,12,0x059b,0xec7f,0x8863,234.0,,,,,,physicalInteraction1.pcapng
Unknown,Unknown,"Oct 28, 2023 13:13:43.974825",0.000753,5,,,0x0002,234.0,,,,,,physicalInteraction1.pcapng
Coordinator,Coordinator,"Oct 28, 2023 13:13:44.697662",,52,,,,,,,,,,physicalInteraction1.pcapng
Unknown,Unknown,"Oct 28, 2023 13:13:44.699677",0.002015,5,,,0x0002,148.0,,,,,,physicalInteraction1.pcapng
Smart Socket,Socket,"Oct 28, 2023 13:13:44.707385",,63,,,,,,,,,,physicalInteraction1.pcapng
Unknown,Unknown,"Oct 28, 2023 13:13:44.709784",0.002399,5,,,0x0002,250.0,,,,,,physicalInteraction1.pcapng
Coordinator,Coordinator,"Oct 28, 2023 13:13:44.732315",,52,,,,,,,,,,physicalInteraction1.pcapng
Unknown,Unknown,"Oct 28, 2023 13:13:44.734322",0.002007,5,,,0x0002,149.0,,,,,,physicalInteraction1.pcapng
Smart Socket,Socket,"Oct 28, 2023 13:13:44.738262",,52,,,,,,,,,,physicalInteraction1.pcapng
Unknown,Unknown,"Oct 28, 2023 13:13:44.740279",0.002017,5,,,0x0002,251.0,,,,,,physicalInteraction1.pcapng
Coordinator,Coordinator,"Oct 28, 2023 13:13:44.745395",,45,,,,,,,,,,physicalInteraction1.pcapng
Unknown,Unknown,"Oct 28, 2023 13:13:44.747188",0.001793,5,,,0x0002,150.0,,,,,,physicalInteraction1.pcapng
Power Plug 1,Socket,"Oct 28, 2023 13:13:44.756842",,63,,,,,,,,,,physicalInteraction1.pcapng
Unknown,Unknown,"Oct 28, 2023 13:13:44.759241",0.002399,5,,,0x0002,236.0,,,,,,physicalInteraction1.pcapng
Coordinator,Coordinator,"Oct 28, 2023 13:13:44.761090",,54,,,,,,,,,,physicalInteraction1.pcapng
Unknown,Unknown,"Oct 28, 2023 13:13:44.763170",0.00208,5,,,0x0002,151.0,,,,,,physicalInteraction1.pcapng
Smart Socket,Socket,"Oct 28, 2023 13:13:44.770846",,66,,,,,,,,,,physicalInteraction1.pcapng
Unknown,Unknown,"Oct 28, 2023 13:13:44.773341",0.002495,5,,,0x0002,252.0,,,,,,physicalInteraction1.pcapng
Coordinator,Coordinator,"Oct 28, 2023 13:13:44.800972",,54,,,,,,,,,,physicalInteraction1.pcapng
Unknown,Unknown,"Oct 28, 2023 13:13:44.803083",0.002111,5,,,0x0002,152.0,,,,,,physicalInteraction1.pcapng
Smart Socket,Socket,"Oct 28, 2023 13:13:44.807473",,54,,,,,,,,,,physicalInteraction1.pcapng
Unknown,Unknown,"Oct 28, 2023 13:13:44.809543",0.00207,5,,,0x0002,253.0,,,,,,physicalInteraction1.pcapng
Coordinator,Coordinator,"Oct 28, 2023 13:13:44.812505",,45,,,,,,,,,,physicalInteraction1.pcapng
Unknown,Unknown,"Oct 28, 2023 13:13:44.814286",0.001781,5,,,0x0002,153.0,,,,,,physicalInteraction1.pcapng
Power Plug 1,Socket,"Oct 28, 2023 13:13:44.817313",,66,,,,,,,,,,physicalInteraction1.pcapng
Unknown,Unknown,"Oct 28, 2023 13:13:44.819808",0.002495,5,,,0x0002,237.0,,,,,,physicalInteraction1.pcapng
Coordinator,Coordinator,"Oct 28, 2023 13:13:44.820668",,54,,,,,,,,,,physicalInteraction1.pcapng
Unknown,Unknown,"Oct 28, 2023 13:13:44.822780",0.002112,5,,,0x0002,154.0,,,,,,physicalInteraction1.pcapng
Philips Lamp 3,Bulb,"Oct 28, 2023 13:13:44.826136",0.003356,54,0x711c,0xa706,0x8861,125.0,,,,,,physicalInteraction1.pcapng
Smart Socket,Socket,"Oct 28, 2023 13:13:44.832305",,45,,,,,,,,,,physicalInteraction1.pcapng
Unknown,Unknown,"Oct 28, 2023 13:13:44.834097",0.001792,5,,,0x0002,254.0,,,,,,physicalInteraction1.pcapng
Power Plug 2,Socket,"Oct 28, 2023 13:13:44.835855",0.001758,107,0xa706,0x0000,0x886b,32.0,,,,,,physicalInteraction1.pcapng
Coordinator,Coordinator,"Oct 28, 2023 13:13:44.840806",,45,,,,,,,,,,physicalInteraction1.pcapng
Smart Socket,Socket,"Oct 28, 2023 13:13:44.842918",,45,,,,,,,,,,physicalInteraction1.pcapng
Unknown,Unknown,"Oct 28, 2023 13:13:44.844712",0.001794,5,,,0x0002,254.0,,,,,,physicalInteraction1.pcapng
Power Plug 2,Socket,"Oct 28, 2023 13:13:44.846346",,66,,,,,,,,,,physicalInteraction1.pcapng
Unknown,Unknown,"Oct 28, 2023 13:13:44.848840",0.002494,5,,,0x0002,32.0,,,,,,physicalInteraction1.pcapng
Coordinator,Coordinator,"Oct 28, 2023 13:13:44.855061",,45,,,,,,,,,,physicalInteraction1.pcapng
Unknown,Unknown,"Oct 28, 2023 13:13:44.856851",0.00179,5,,,0x0002,155.0,,,,,,physicalInteraction1.pcapng
Coordinator,Coordinator,"Oct 28, 2023 13:13:44.865972",,52,,,,,,,,,,physicalInteraction1.pcapng
Unknown,Unknown,"Oct 28, 2023 13:13:44.868019",0.002047,5,,,0x0002,156.0,,,,,,physicalInteraction1.pcapng
Philips Lamp 3,Bulb,"Oct 28, 2023 13:13:44.871804",,52,,,,,,,,,,physicalInteraction1.pcapng
Unknown,Unknown,"Oct 28, 2023 13:13:44.873820",0.002016,5,,,0x0002,126.0,,,,,,physicalInteraction1.pcapng
Coordinator,Coordinator,"Oct 28, 2023 13:13:44.878753",,45,,,,,,,,,,physicalInteraction1.pcapng
Unknown,Unknown,"Oct 28, 2023 13:13:44.880543",0.00179,5,,,0x0002,157.0,,,,,,physicalInteraction1.pcapng
Smart Socket,Socket,"Oct 28, 2023 13:13:44.884494",,45,,,,,,,,,,physicalInteraction1.pcapng
Unknown,Unknown,"Oct 28, 2023 13:13:44.886287",0.001793,5,,,0x0002,255.0,,,,,,physicalInteraction1.pcapng
Power Plug 2,Socket,"Oct 28, 2023 13:13:44.891300",,63,,,,,,,,,,physicalInteraction1.pcapng
Unknown,Unknown,"Oct 28, 2023 13:13:44.893699",0.002399,5,,,0x0002,33.0,,,,,,physicalInteraction1.pcapng
Power Plug 2,Socket,"Oct 28, 2023 13:13:44.896411",,63,,,,,,,,,,physicalInteraction1.pcapng
Unknown,Unknown,"Oct 28, 2023 13:13:44.898809",0.002398,5,,,0x0002,33.0,,,,,,physicalInteraction1.pcapng
Coordinator,Coordinator,"Oct 28, 2023 13:13:44.908150",,45,,,,,,,,,,physicalInteraction1.pcapng
Unknown,Unknown,"Oct 28, 2023 13:13:44.909973",0.001823,5,,,0x0002,158.0,,,,,,physicalInteraction1.pcapng
Philips Lamp 3,Bulb,"Oct 28, 2023 13:13:44.913050",,45,,,,,,,,,,physicalInteraction1.pcapng
Unknown,Unknown,"Oct 28, 2023 13:13:44.914843",0.001793,5,,,0x0002,127.0,,,,,,physicalInteraction1.pcapng
Coordinator,Coordinator,"Oct 28, 2023 13:13:44.916792",,45,,,,,,,,,,physicalInteraction1.pcapng
Unknown,Unknown,"Oct 28, 2023 13:13:44.918615",0.001823,5,,,0x0002,159.0,,,,,,physicalInteraction1.pcapng
Philips Lamp 3,Bulb,"Oct 28, 2023 13:13:44.931282",,45,,,,,,,,,,physicalInteraction1.pcapng
Unknown,Unknown,"Oct 28, 2023 13:13:44.933074",0.001792,5,,,0x0002,128.0,,,,,,physicalInteraction1.pcapng
Unknown,Unknown,"Oct 28, 2023 13:13:45.954851",1.021777,54,,,0x4861,247.0,,,,,,physicalInteraction1.pcapng
Unknown,Unknown,"Oct 28, 2023 13:13:45.956963",0.002112,5,,,0x0002,247.0,,,,,,physicalInteraction1.pcapng
Philips Lamp 3,Bulb,"Oct 28, 2023 13:13:45.960745",0.003782,57,0x711c,0x0000,0x8861,129.0,0x045b,0x0000,0x1a09,,,physicalInteraction1.pcapng
Unknown,Unknown,"Oct 28, 2023 13:13:45.962952",0.002207,5,,,0x0002,129.0,,,,,,physicalInteraction1.pcapng
Philips Lamp 3,Bulb,"Oct 28, 2023 13:13:46.007997",,54,,,,,,,,,,physicalInteraction1.pcapng
Unknown,Unknown,"Oct 28, 2023 13:13:46.010108",0.002111,5,,,0x0002,130.0,,,,,,physicalInteraction1.pcapng
Ledvance Bulb,Bulb,"Oct 28, 2023 13:13:46.445131",,54,,,,,,,,,,physicalInteraction1.pcapng
Smart Socket,Socket,"Oct 28, 2023 13:13:46.452844",,54,,,,,,,,,,physicalInteraction1.pcapng
Philips Lamp 2,Bulb,"Oct 28, 2023 13:13:46.457261",,54,,,,,,,,,,physicalInteraction1.pcapng
Power Plug 2,Socket,"Oct 28, 2023 13:13:46.459204",,54,,,,,,,,,,physicalInteraction1.pcapng
Power Plug 1,Socket,"Oct 28, 2023 13:13:46.464795",,54,,,,,,,,,,physicalInteraction1.pcapng
Ledvance Z3 Plug,Socket,"Oct 28, 2023 13:13:46.468266",,54,,,,,,,,,,physicalInteraction1.pcapng
Philips Lamp 3,Bulb,"Oct 28, 2023 13:13:46.476636",0.00837,54,0x711c,0xffff,0x8841,131.0,,,,,,physicalInteraction1.pcapng
Coordinator,Coordinator,"Oct 28, 2023 13:13:46.482674",,54,,,,,,,,,,physicalInteraction1.pcapng
Coordinator,Coordinator,"Oct 28, 2023 13:13:46.488599",,51,,,,,,,,,,physicalInteraction1.pcapng
Unknown,Unknown,"Oct 28, 2023 13:13:46.490601",0.002002,5,,,0x0002,161.0,,,,,,physicalInteraction1.pcapng
Ledvance Bulb,Bulb,"Oct 28, 2023 13:13:46.494508",0.003907,55,0xec7f,0x0000,0x8861,106.0,0xec7f,0x0000,0x1a09,,,physicalInteraction1.pcapng
Unknown,Unknown,"Oct 28, 2023 13:13:46.496651",0.002143,5,,,0x0002,106.0,,,,,,physicalInteraction1.pcapng
Ledvance Smart+ Plug,Socket,"Oct 28, 2023 13:13:46.501278",,54,,,,,,,,,,physicalInteraction1.pcapng
Moes Bulb,Bulb,"Oct 28, 2023 13:13:46.505208",,54,,,,,,,,,,physicalInteraction1.pcapng
Ledvance Bulb,Bulb,"Oct 28, 2023 13:13:46.550480",,45,,,,,,,,,,physicalInteraction1.pcapng
Unknown,Unknown,"Oct 28, 2023 13:13:46.552303",0.001823,5,,,0x0002,107.0,,,,,,physicalInteraction1.pcapng
Smart Socket,Socket,"Oct 28, 2023 13:13:46.698549",,54,,,,,,,,,,physicalInteraction1.pcapng
Power Plug 2,Socket,"Oct 28, 2023 13:13:46.705042",,54,,,,,,,,,,physicalInteraction1.pcapng
Power Plug 1,Socket,"Oct 28, 2023 13:13:46.711106",,54,,,,,,,,,,physicalInteraction1.pcapng
Moes Bulb,Bulb,"Oct 28, 2023 13:13:46.741721",,54,,,,,,,,,,physicalInteraction1.pcapng
Ledvance Bulb,Bulb,"Oct 28, 2023 13:13:46.890319",,54,,,,,,,,,,physicalInteraction1.pcapng
Smart Socket,Socket,"Oct 28, 2023 13:13:46.944282",,54,,,,,,,,,,physicalInteraction1.pcapng
Power Plug 2,Socket,"Oct 28, 2023 13:13:46.951021",,54,,,,,,,,,,physicalInteraction1.pcapng
Coordinator,Coordinator,"Oct 28, 2023 13:13:46.956426",,54,,,,,,,,,,physicalInteraction1.pcapng
Ledvance Z3 Plug,Socket,"Oct 28, 2023 13:13:46.960353",,54,,,,,,,,,,physicalInteraction1.pcapng
Moes Bulb,Bulb,"Oct 28, 2023 13:13:46.987394",,54,,,,,,,,,,physicalInteraction1.pcapng
Ledvance Smart+ Plug,Socket,"Oct 28, 2023 13:13:46.991818",,54,,,,,,,,,,physicalInteraction1.pcapng
Ledvance Bulb,Bulb,"Oct 28, 2023 13:13:47.359459",,54,,,,,,,,,,physicalInteraction1.pcapng
Coordinator,Coordinator,"Oct 28, 2023 13:13:47.413395",,54,,,,,,,,,,physicalInteraction1.pcapng
Ledvance Z3 Plug,Socket,"Oct 28, 2023 13:13:47.433693",,54,,,,,,,,,,physicalInteraction1.pcapng
Ledvance Z3 Plug,Socket,"Oct 28, 2023 13:13:48.010383",0.57669,55,0x4e11,0x1cd8,0x8861,151.0,0x4e11,0x0000,0x1a09,,,physicalInteraction1.pcapng
Ledvance Z3 Plug,Socket,"Oct 28, 2023 13:13:48.014816",0.004433,55,0x4e11,0x1cd8,0x8861,151.0,0x4e11,0x0000,0x1a09,,,physicalInteraction1.pcapng
Ledvance Z3 Plug,Socket,"Oct 28, 2023 13:13:48.023049",0.008233,55,0x4e11,0x1cd8,0x8861,151.0,0x4e11,0x0000,0x1a09,,,physicalInteraction1.pcapng
Ledvance Z3 Plug,Socket,"Oct 28, 2023 13:13:48.053663",,52,,,,,,,,,,physicalInteraction1.pcapng
Ledvance Z3 Plug,Socket,"Oct 28, 2023 13:13:48.057271",,52,,,,,,,,,,physicalInteraction1.pcapng
Ledvance Z3 Plug,Socket,"Oct 28, 2023 13:13:48.061541",,52,,,,,,,,,,physicalInteraction1.pcapng
Ledvance Z3 Plug,Socket,"Oct 28, 2023 13:13:48.065554",,52,,,,,,,,,,physicalInteraction1.pcapng
Ledvance Z3 Plug,Socket,"Oct 28, 2023 13:13:48.069650",0.004096,55,0x4e11,0x1cd8,0x8861,153.0,0x4e11,0x0000,0x1a09,,,physicalInteraction1.pcapng
Ledvance Z3 Plug,Socket,"Oct 28, 2023 13:13:48.073728",0.004078,55,0x4e11,0x1cd8,0x8861,153.0,0x4e11,0x0000,0x1a09,,,physicalInteraction1.pcapng
Ledvance Z3 Plug,Socket,"Oct 28, 2023 13:13:48.079057",0.005329,55,0x4e11,0x1cd8,0x8861,153.0,,,,,,physicalInteraction1.pcapng
Ledvance Z3 Plug,Socket,"Oct 28, 2023 13:13:48.083845",0.004788,55,0x4e11,0x1cd8,0x8861,153.0,0x4e11,0x0000,0x1a09,,,physicalInteraction1.pcapng
Ledvance Z3 Plug,Socket,"Oct 28, 2023 13:13:48.093031",,52,,,,,,,,,,physicalInteraction1.pcapng
Ledvance Z3 Plug,Socket,"Oct 28, 2023 13:13:48.096960",,52,,,,,,,,,,physicalInteraction1.pcapng
Ledvance Z3 Plug,Socket,"Oct 28, 2023 13:13:48.101513",,52,,,,,,,,,,physicalInteraction1.pcapng
Ledvance Z3 Plug,Socket,"Oct 28, 2023 13:13:48.104823",,52,,,,,,,,,,physicalInteraction1.pcapng
Ledvance Z3 Plug,Socket,"Oct 28, 2023 13:13:48.117945",0.013122,55,0x4e11,0x1cd8,0x8861,155.0,0x4e11,0x0000,0x1a09,,,physicalInteraction1.pcapng
Ledvance Z3 Plug,Socket,"Oct 28, 2023 13:13:48.121319",0.003374,55,0x4e11,0x1cd8,0x8861,155.0,0x4e11,0x0000,0x1a09,,,physicalInteraction1.pcapng
Ledvance Z3 Plug,Socket,"Oct 28, 2023 13:13:48.124828",0.003509,55,0x4e11,0x1cd8,0x8861,155.0,0x4e11,0x0000,0x1a09,,,physicalInteraction1.pcapng
Ledvance Z3 Plug,Socket,"Oct 28, 2023 13:13:48.128323",0.003495,55,0x4e11,0x1cd8,0x8861,155.0,0x4e11,0x0000,0x1a09,,,physicalInteraction1.pcapng
Ledvance Z3 Plug,Socket,"Oct 28, 2023 13:13:48.134441",,52,,,,,,,,,,physicalInteraction1.pcapng
Ledvance Z3 Plug,Socket,"Oct 28, 2023 13:13:48.139329",,52,,,,,,,,,,physicalInteraction1.pcapng
Ledvance Z3 Plug,Socket,"Oct 28, 2023 13:13:48.144522",,52,,,,,,,,,,physicalInteraction1.pcapng
Ledvance Z3 Plug,Socket,"Oct 28, 2023 13:13:48.149801",,52,,,,,,,,,,physicalInteraction1.pcapng
Ledvance Z3 Plug,Socket,"Oct 28, 2023 13:13:48.155532",0.005731,55,0x4e11,0x1cd8,0x8861,157.0,0x4e11,0x0000,0x1a09,,,physicalInteraction1.pcapng
Ledvance Z3 Plug,Socket,"Oct 28, 2023 13:13:48.160911",0.005379,55,0x4e11,0x1cd8,0x8861,157.0,0x4e11,0x0000,0x1a09,,,physicalInteraction1.pcapng
Ledvance Z3 Plug,Socket,"Oct 28, 2023 13:13:48.165563",0.004652,55,0x4e11,0x1cd8,0x8861,157.0,0x4e11,0x0000,0x1a09,,,physicalInteraction1.pcapng
Ledvance Z3 Plug,Socket,"Oct 28, 2023 13:13:48.169008",0.003445,55,0x4e11,0x1cd8,0x8861,157.0,0x4e11,0x0000,0x1a09,,,physicalInteraction1.pcapng
Ledvance Z3 Plug,Socket,"Oct 28, 2023 13:13:48.173279",,52,,,,,,,,,,physicalInteraction1.pcapng
Ledvance Z3 Plug,Socket,"Oct 28, 2023 13:13:48.176888",,52,,,,,,,,,,physicalInteraction1.pcapng
Ledvance Z3 Plug,Socket,"Oct 28, 2023 13:13:48.182131",0.005243,52,0x4e11,0x1cd8,0x8861,158.0,,,,,,physicalInteraction1.pcapng
Ledvance Z3 Plug,Socket,"Oct 28, 2023 13:13:48.187089",,52,,,,,,,,,,physicalInteraction1.pcapng
Ledvance Z3 Plug,Socket,"Oct 28, 2023 13:13:48.203678",0.016589,55,0x4e11,0x1cd8,0x8861,159.0,0x4e11,0x0000,0x1a09,,,physicalInteraction1.pcapng
Ledvance Z3 Plug,Socket,"Oct 28, 2023 13:13:48.207052",0.003374,55,0x4e11,0x1cd8,0x8861,159.0,0x4e11,0x0000,0x1a09,,,physicalInteraction1.pcapng
Ledvance Z3 Plug,Socket,"Oct 28, 2023 13:13:48.210560",0.003508,55,0x4e11,0x1cd8,0x8861,159.0,0x4e11,0x0000,0x1a09,,,physicalInteraction1.pcapng
Ledvance Z3 Plug,Socket,"Oct 28, 2023 13:13:48.214695",0.004135,55,0x4e11,0x1cd8,0x8861,159.0,0x4e11,0x0000,0x1a09,,,physicalInteraction1.pcapng
Ledvance Z3 Plug,Socket,"Oct 28, 2023 13:13:48.219840",,52,,,,,,,,,,physicalInteraction1.pcapng
Ledvance Z3 Plug,Socket,"Oct 28, 2023 13:13:48.223434",,52,,,,,,,,,,physicalInteraction1.pcapng
Ledvance Z3 Plug,Socket,"Oct 28, 2023 13:13:48.227718",,52,,,,,,,,,,physicalInteraction1.pcapng
Ledvance Z3 Plug,Socket,"Oct 28, 2023 13:13:48.231397",,52,,,,,,,,,,physicalInteraction1.pcapng
Ledvance Z3 Plug,Socket,"Oct 28, 2023 13:13:48.273110",0.041713,57,0x4e11,0xe1a6,0x8861,161.0,0x4e11,0x0000,0x1a09,,,physicalInteraction1.pcapng
Unknown,Unknown,"Oct 28, 2023 13:13:48.275285",0.002175,5,,,0x0002,161.0,,,,,,physicalInteraction1.pcapng
Smart Socket,Socket,"Oct 28, 2023 13:13:48.279015",0.00373,57,0xe1a6,0x0000,0x8861,3.0,0x4e11,0x0000,0x1a09,,,physicalInteraction1.pcapng
Unknown,Unknown,"Oct 28, 2023 13:13:48.281222",0.002207,5,,,0x0002,3.0,,,,,,physicalInteraction1.pcapng
Power Plug 1,Socket,"Oct 28, 2023 13:13:48.448614",,53,,,,,,,,,,physicalInteraction1.pcapng
Unknown,Unknown,"Oct 28, 2023 13:13:48.450693",0.002079,5,,,0x0002,241.0,,,,,,physicalInteraction1.pcapng
Coordinator,Coordinator,"Oct 28, 2023 13:13:48.465090",,45,,,,,,,,,,physicalInteraction1.pcapng
Unknown,Unknown,"Oct 28, 2023 13:13:48.466881",0.001791,5,,,0x0002,164.0,,,,,,physicalInteraction1.pcapng
Smart Socket,Socket,"Oct 28, 2023 13:13:48.470744",,45,,,,,,,,,,physicalInteraction1.pcapng
Unknown,Unknown,"Oct 28, 2023 13:13:48.472535",0.001791,5,,,0x0002,4.0,,,,,,physicalInteraction1.pcapng
Ledvance Smart+ Plug,Socket,"Oct 28, 2023 13:13:48.494426",0.021891,77,0x0112,0xffff,0x8841,70.0,0x0112,0xfffc,0x1209,,,physicalInteraction1.pcapng
Ledvance Bulb,Bulb,"Oct 28, 2023 13:13:48.503156",0.00873,55,0xec7f,0x0000,0x8861,110.0,0xec7f,0x0000,0x1a09,,,physicalInteraction1.pcapng
Unknown,Unknown,"Oct 28, 2023 13:13:48.505298",0.002142,5,,,0x0002,110.0,,,,,,physicalInteraction1.pcapng
Ledvance Bulb,Bulb,"Oct 28, 2023 13:13:48.542875",,59,,,,,,,,,,physicalInteraction1.pcapng
Unknown,Unknown,"Oct 28, 2023 13:13:48.545146",0.002271,5,,,0x0002,111.0,,,,,,physicalInteraction1.pcapng
Coordinator,Coordinator,"Oct 28, 2023 13:13:48.559628",,45,,,,,,,,,,physicalInteraction1.pcapng
Unknown,Unknown,"Oct 28, 2023 13:13:48.561437",0.001809,5,,,0x0002,165.0,,,,,,physicalInteraction1.pcapng
Coordinator,Coordinator,"Oct 28, 2023 13:13:48.587030",,49,,,,,,,,,,physicalInteraction1.pcapng
Unknown,Unknown,"Oct 28, 2023 13:13:48.588967",0.001937,5,,,0x0002,166.0,,,,,,physicalInteraction1.pcapng
Ledvance Bulb,Bulb,"Oct 28, 2023 13:13:48.594933",0.005966,55,0xec7f,0x0000,0x8861,112.0,0xec7f,0x0000,0x1a09,,,physicalInteraction1.pcapng
Unknown,Unknown,"Oct 28, 2023 13:13:48.597076",0.002143,5,,,0x0002,112.0,,,,,,physicalInteraction1.pcapng
Ledvance Bulb,Bulb,"Oct 28, 2023 13:13:48.640504",,45,,,,,,,,,,physicalInteraction1.pcapng
Unknown,Unknown,"Oct 28, 2023 13:13:48.642327",0.001823,5,,,0x0002,113.0,,,,,,physicalInteraction1.pcapng
Philips Motion,Motion,"Oct 28, 2023 13:13:48.759549",,53,,,,,,,,,,physicalInteraction1.pcapng
Unknown,Unknown,"Oct 28, 2023 13:13:48.761615",0.002066,5,,,0x0002,235.0,,,,,,physicalInteraction1.pcapng
Ledvance Bulb,Bulb,"Oct 28, 2023 13:13:48.765870",0.004255,57,0xec7f,0x0000,0x8861,114.0,0x059b,0x0000,0x1a09,,,physicalInteraction1.pcapng
Unknown,Unknown,"Oct 28, 2023 13:13:48.768076",0.002206,5,,,0x0002,114.0,,,,,,physicalInteraction1.pcapng
Philips Motion,Motion,"Oct 28, 2023 13:13:48.768732",0.000656,12,0x059b,0xec7f,0x8863,236.0,,,,,,physicalInteraction1.pcapng
Unknown,Unknown,"Oct 28, 2023 13:13:48.769486",0.000754,5,,,0x0002,236.0,,,,,,physicalInteraction1.pcapng
Ledvance Bulb,Bulb,"Oct 28, 2023 13:13:48.813236",,53,,,,,,,,,,physicalInteraction1.pcapng
Unknown,Unknown,"Oct 28, 2023 13:13:48.815314",0.002078,5,,,0x0002,115.0,,,,,,physicalInteraction1.pcapng
Coordinator,Coordinator,"Oct 28, 2023 13:13:48.855329",,54,,,,,,,,,,physicalInteraction1.pcapng
Unknown,Unknown,"Oct 28, 2023 13:13:48.857427",0.002098,5,,,0x0002,167.0,,,,,,physicalInteraction1.pcapng
Ledvance Z3 Plug,Socket,"Oct 28, 2023 13:13:49.582105",0.724678,55,0x4e11,0x1cd8,0x8861,162.0,0x4e11,0x0000,0x1a09,,,physicalInteraction1.pcapng
Ledvance Z3 Plug,Socket,"Oct 28, 2023 13:13:49.585531",0.003426,55,0x4e11,0x1cd8,0x8861,162.0,0x4e11,0x0000,0x1a09,,,physicalInteraction1.pcapng
Ledvance Z3 Plug,Socket,"Oct 28, 2023 13:13:49.589028",0.003497,55,0x4e11,0x1cd8,0x8861,162.0,0x4e11,0x0000,0x1a09,,,physicalInteraction1.pcapng
Ledvance Z3 Plug,Socket,"Oct 28, 2023 13:13:49.592724",0.003696,55,0x4e11,0x1cd8,0x8861,162.0,0x4e11,0x0000,0x1a09,,,physicalInteraction1.pcapng
Ledvance Z3 Plug,Socket,"Oct 28, 2023 13:13:49.614874",0.02215,55,0x4e11,0x1cd8,0x8861,163.0,0x4e11,0x0000,0x1a09,,,physicalInteraction1.pcapng
Ledvance Z3 Plug,Socket,"Oct 28, 2023 13:13:49.620165",0.005291,55,0x4e11,0x1cd8,0x8861,163.0,0x4e11,0x0000,0x1a09,,,physicalInteraction1.pcapng
Ledvance Z3 Plug,Socket,"Oct 28, 2023 13:13:49.625262",0.005097,55,0x4e11,0x1cd8,0x8861,163.0,0x4e11,0x0000,0x1a09,,,physicalInteraction1.pcapng
Ledvance Z3 Plug,Socket,"Oct 28, 2023 13:13:49.630265",0.005003,55,0x4e11,0x1cd8,0x8861,163.0,0x4e11,0x0000,0x1a09,,,physicalInteraction1.pcapng
Ledvance Z3 Plug,Socket,"Oct 28, 2023 13:13:49.635421",,52,,,,,,,,,,physicalInteraction1.pcapng
Ledvance Z3 Plug,Socket,"Oct 28, 2023 13:13:49.638712",,52,,,,,,,,,,physicalInteraction1.pcapng
Ledvance Z3 Plug,Socket,"Oct 28, 2023 13:13:49.642714",,52,,,,,,,,,,physicalInteraction1.pcapng
Ledvance Z3 Plug,Socket,"Oct 28, 2023 13:13:49.647590",,52,,,,,,,,,,physicalInteraction1.pcapng
Ledvance Z3 Plug,Socket,"Oct 28, 2023 13:13:49.664190",0.0166,55,0x4e11,0x1cd8,0x8861,165.0,0x4e11,0x0000,0x1a09,,,physicalInteraction1.pcapng
Ledvance Z3 Plug,Socket,"Oct 28, 2023 13:13:49.667566",0.003376,55,0x4e11,0x1cd8,0x8861,165.0,0x4e11,0x0000,0x1a09,,,physicalInteraction1.pcapng
Ledvance Z3 Plug,Socket,"Oct 28, 2023 13:13:49.671397",0.003831,55,0x4e11,0x1cd8,0x8861,165.0,0x4e11,0x0000,0x1a09,,,physicalInteraction1.pcapng
Ledvance Z3 Plug,Socket,"Oct 28, 2023 13:13:49.676764",0.005367,55,0x4e11,0x1cd8,0x8861,165.0,0x4e11,0x0000,0x1a09,,,physicalInteraction1.pcapng
Ledvance Z3 Plug,Socket,"Oct 28, 2023 13:13:49.696296",,52,,,,,,,,,,physicalInteraction1.pcapng
Ledvance Z3 Plug,Socket,"Oct 28, 2023 13:13:49.699906",,52,,,,,,,,,,physicalInteraction1.pcapng
Ledvance Z3 Plug,Socket,"Oct 28, 2023 13:13:49.704490",,52,,,,,,,,,,physicalInteraction1.pcapng
Ledvance Z3 Plug,Socket,"Oct 28, 2023 13:13:49.708456",,52,,,,,,,,,,physicalInteraction1.pcapng
Ledvance Z3 Plug,Socket,"Oct 28, 2023 13:13:49.712500",0.004044,55,0x4e11,0x1cd8,0x8861,167.0,0x4e11,0x0000,0x1a09,,,physicalInteraction1.pcapng
Ledvance Z3 Plug,Socket,"Oct 28, 2023 13:13:49.715926",0.003426,55,0x4e11,0x1cd8,0x8861,167.0,0x4e11,0x0000,0x1a09,,,physicalInteraction1.pcapng
Ledvance Z3 Plug,Socket,"Oct 28, 2023 13:13:49.722798",0.006872,55,0x4e11,0x1cd8,0x8861,167.0,0x4e11,0x0000,0x1a09,,,physicalInteraction1.pcapng
Ledvance Z3 Plug,Socket,"Oct 28, 2023 13:13:49.748816",,52,,,,,,,,,,physicalInteraction1.pcapng
Ledvance Z3 Plug,Socket,"Oct 28, 2023 13:13:49.753472",,52,,,,,,,,,,physicalInteraction1.pcapng
Ledvance Z3 Plug,Socket,"Oct 28, 2023 13:13:49.756788",,52,,,,,,,,,,physicalInteraction1.pcapng
Ledvance Z3 Plug,Socket,"Oct 28, 2023 13:13:49.760150",,52,,,,,,,,,,physicalInteraction1.pcapng
Ledvance Z3 Plug,Socket,"Oct 28, 2023 13:13:49.764934",0.004784,55,0x4e11,0x1cd8,0x8861,169.0,0x4e11,0x0000,0x1a09,,,physicalInteraction1.pcapng
Ledvance Z3 Plug,Socket,"Oct 28, 2023 13:13:49.769369",0.004435,55,0x4e11,0x1cd8,0x8861,169.0,0x4e11,0x0000,0x1a09,,,physicalInteraction1.pcapng
Ledvance Z3 Plug,Socket,"Oct 28, 2023 13:13:49.772866",0.003497,55,0x4e11,0x1cd8,0x8861,169.0,0x4e11,0x0000,0x1a09,,,physicalInteraction1.pcapng
Ledvance Z3 Plug,Socket,"Oct 28, 2023 13:13:49.776697",0.003831,55,0x4e11,0x1cd8,0x8861,169.0,0x4e11,0x0000,0x1a09,,,physicalInteraction1.pcapng
Ledvance Z3 Plug,Socket,"Oct 28, 2023 13:13:49.797680",0.020983,55,0x4e11,0x1cd8,0x8861,170.0,0x4e11,0x0000,0x1a09,,,physicalInteraction1.pcapng
Ledvance Z3 Plug,Socket,"Oct 28, 2023 13:13:49.801106",0.003426,55,0x4e11,0x1cd8,0x8861,170.0,0x4e11,0x0000,0x1a09,,,physicalInteraction1.pcapng
Ledvance Z3 Plug,Socket,"Oct 28, 2023 13:13:49.805235",0.004129,55,0x4e11,0x1cd8,0x8861,170.0,0x4e11,0x0000,0x1a09,,,physicalInteraction1.pcapng
Ledvance Z3 Plug,Socket,"Oct 28, 2023 13:13:49.810566",0.005331,55,0x4e11,0x1cd8,0x8861,170.0,0x4e11,0x0000,0x1a09,,,physicalInteraction1.pcapng
Ledvance Z3 Plug,Socket,"Oct 28, 2023 13:13:49.819854",,52,,,,,,,,,,physicalInteraction1.pcapng
Ledvance Z3 Plug,Socket,"Oct 28, 2023 13:13:49.824506",,52,,,,,,,,,,physicalInteraction1.pcapng
Ledvance Z3 Plug,Socket,"Oct 28, 2023 13:13:49.828152",,52,,,,,,,,,,physicalInteraction1.pcapng
Ledvance Z3 Plug,Socket,"Oct 28, 2023 13:13:49.832757",,52,,,,,,,,,,physicalInteraction1.pcapng
Ledvance Z3 Plug,Socket,"Oct 28, 2023 13:13:49.875197",0.04244,57,0x4e11,0x0000,0x8861,172.0,0x4e11,0x0000,0x1a09,,,physicalInteraction1.pcapng
Unknown,Unknown,"Oct 28, 2023 13:13:49.877404",0.002207,5,,,0x0002,172.0,,,,,,physicalInteraction1.pcapng
Smart Socket,Socket,"Oct 28, 2023 13:13:49.981665",,52,,,,,,,,,,physicalInteraction1.pcapng
Unknown,Unknown,"Oct 28, 2023 13:13:49.983712",0.002047,5,,,0x0002,5.0,,,,,,physicalInteraction1.pcapng
Smart Socket,Socket,"Oct 28, 2023 13:13:49.984660",,52,,,,,,,,,,physicalInteraction1.pcapng
Unknown,Unknown,"Oct 28, 2023 13:13:49.986707",0.002047,5,,,0x0002,6.0,,,,,,physicalInteraction1.pcapng
Coordinator,Coordinator,"Oct 28, 2023 13:13:50.005309",,45,,,,,,,,,,physicalInteraction1.pcapng
Unknown,Unknown,"Oct 28, 2023 13:13:50.007102",0.001793,5,,,0x0002,168.0,,,,,,physicalInteraction1.pcapng
Coordinator,Coordinator,"Oct 28, 2023 13:13:50.031184",,50,,,,,,,,,,physicalInteraction1.pcapng
Unknown,Unknown,"Oct 28, 2023 13:13:50.033137",0.001953,5,,,0x0002,169.0,,,,,,physicalInteraction1.pcapng
Smart Socket,Socket,"Oct 28, 2023 13:13:50.038108",,45,,,,,,,,,,physicalInteraction1.pcapng
Unknown,Unknown,"Oct 28, 2023 13:13:50.039930",0.001822,5,,,0x0002,7.0,,,,,,physicalInteraction1.pcapng
Philips Motion,Motion,"Oct 28, 2023 13:13:50.286493",0.246563,12,0x059b,0xec7f,0x8863,237.0,,,,,,physicalInteraction1.pcapng
Unknown,Unknown,"Oct 28, 2023 13:13:50.287246",0.000753,5,,,0x0012,237.0,,,,,,physicalInteraction1.pcapng
Ledvance Bulb,Bulb,"Oct 28, 2023 13:13:50.289890",,50,,,,,,,,,,physicalInteraction1.pcapng
Unknown,Unknown,"Oct 28, 2023 13:13:50.291876",0.001986,5,,,0x0002,116.0,,,,,,physicalInteraction1.pcapng
Philips Motion,Motion,"Oct 28, 2023 13:13:50.296371",0.004495,12,0x059b,0xec7f,0x8863,238.0,,,,,,physicalInteraction1.pcapng
Unknown,Unknown,"Oct 28, 2023 13:13:50.297124",0.000753,5,,,0x0002,238.0,,,,,,physicalInteraction1.pcapng
Philips Motion,Motion,"Oct 28, 2023 13:13:50.304186",,45,,,,,,,,,,physicalInteraction1.pcapng
Unknown,Unknown,"Oct 28, 2023 13:13:50.305995",0.001809,5,,,0x0002,239.0,,,,,,physicalInteraction1.pcapng
Ledvance Bulb,Bulb,"Oct 28, 2023 13:13:50.310249",0.004254,57,0xec7f,0x0000,0x8861,117.0,0x059b,0x0000,0x1a09,,,physicalInteraction1.pcapng
Unknown,Unknown,"Oct 28, 2023 13:13:50.312455",0.002206,5,,,0x0002,117.0,,,,,,physicalInteraction1.pcapng
Philips Motion,Motion,"Oct 28, 2023 13:13:50.318366",0.005911,12,0x059b,0xec7f,0x8863,240.0,,,,,,physicalInteraction1.pcapng
Unknown,Unknown,"Oct 28, 2023 13:13:50.319120",0.000754,5,,,0x0002,240.0,,,,,,physicalInteraction1.pcapng
Ledvance Bulb,Bulb,"Oct 28, 2023 13:13:50.356115",,45,,,,,,,,,,physicalInteraction1.pcapng
Unknown,Unknown,"Oct 28, 2023 13:13:50.357938",0.001823,5,,,0x0002,118.0,,,,,,physicalInteraction1.pcapng
Ledvance Z3 Plug,Socket,"Oct 28, 2023 13:13:50.946747",0.588809,107,0x4e11,0xffff,0x886b,173.0,,,,,,physicalInteraction1.pcapng
Ledvance Z3 Plug,Socket,"Oct 28, 2023 13:13:51.156698",0.209951,55,0x4e11,0x1cd8,0x8861,174.0,0x4e11,0x0000,0x1a09,,,physicalInteraction1.pcapng
Ledvance Z3 Plug,Socket,"Oct 28, 2023 13:13:51.160122",0.003424,55,0x4e11,0x1cd8,0x8861,174.0,0x4e11,0x0000,0x1a09,,,physicalInteraction1.pcapng
Ledvance Z3 Plug,Socket,"Oct 28, 2023 13:13:51.163617",0.003495,55,0x4e11,0x1cd8,0x8861,174.0,0x4e11,0x0000,0x1a09,,,physicalInteraction1.pcapng
Ledvance Z3 Plug,Socket,"Oct 28, 2023 13:13:51.167311",0.003694,55,0x4e11,0x1cd8,0x8861,174.0,0x4e11,0x0000,0x1a09,,,physicalInteraction1.pcapng
Ledvance Z3 Plug,Socket,"Oct 28, 2023 13:13:51.204358",,52,,,,,,,,,,physicalInteraction1.pcapng
Ledvance Z3 Plug,Socket,"Oct 28, 2023 13:13:51.207732",,52,,,,,,,,,,physicalInteraction1.pcapng
Ledvance Z3 Plug,Socket,"Oct 28, 2023 13:13:51.211092",,52,,,,,,,,,,physicalInteraction1.pcapng
Ledvance Z3 Plug,Socket,"Oct 28, 2023 13:13:51.214456",,52,,,,,,,,,,physicalInteraction1.pcapng
Ledvance Z3 Plug,Socket,"Oct 28, 2023 13:13:51.218597",0.004141,55,0x4e11,0x1cd8,0x8861,176.0,0x4e11,0x0000,0x1a09,,,physicalInteraction1.pcapng
Ledvance Z3 Plug,Socket,"Oct 28, 2023 13:13:51.222648",0.004051,55,0x4e11,0x1cd8,0x8861,176.0,0x4e11,0x0000,0x1a09,,,physicalInteraction1.pcapng
Ledvance Z3 Plug,Socket,"Oct 28, 2023 13:13:51.227990",0.005342,55,0x4e11,0x1cd8,0x8861,176.0,0x4e11,0x0000,0x1a09,,,physicalInteraction1.pcapng
Ledvance Z3 Plug,Socket,"Oct 28, 2023 13:13:51.232443",0.004453,55,0x4e11,0x1cd8,0x8861,176.0,0x4e11,0x0000,0x1a09,,,physicalInteraction1.pcapng
Ledvance Z3 Plug,Socket,"Oct 28, 2023 13:13:51.240770",,52,,,,,,,,,,physicalInteraction1.pcapng
Ledvance Z3 Plug,Socket,"Oct 28, 2023 13:13:51.244144",,52,,,,,,,,,,physicalInteraction1.pcapng
Ledvance Z3 Plug,Socket,"Oct 28, 2023 13:13:51.252639",,52,,,,,,,,,,physicalInteraction1.pcapng
Ledvance Z3 Plug,Socket,"Oct 28, 2023 13:13:51.257562",,52,,,,,,,,,,physicalInteraction1.pcapng
Ledvance Z3 Plug,Socket,"Oct 28, 2023 13:13:51.277165",0.019603,55,0x4e11,0x1cd8,0x8861,178.0,0x4e11,0x0000,0x1a09,,,physicalInteraction1.pcapng
Ledvance Z3 Plug,Socket,"Oct 28, 2023 13:13:51.281819",0.004654,55,0x4e11,0x1cd8,0x8861,178.0,0x4e11,0x0000,0x1a09,,,physicalInteraction1.pcapng
Ledvance Z3 Plug,Socket,"Oct 28, 2023 13:13:51.285917",0.004098,55,0x4e11,0x1cd8,0x8861,178.0,0x4e11,0x0000,0x1a09,,,physicalInteraction1.pcapng
Ledvance Z3 Plug,Socket,"Oct 28, 2023 13:13:51.290286",0.004369,55,0x4e11,0x1cd8,0x8861,178.0,0x4e11,0x0000,0x1a09,,,physicalInteraction1.pcapng
Ledvance Z3 Plug,Socket,"Oct 28, 2023 13:13:51.296004",,52,,,,,,,,,,physicalInteraction1.pcapng
Ledvance Z3 Plug,Socket,"Oct 28, 2023 13:13:51.300978",,52,,,,,,,,,,physicalInteraction1.pcapng
Ledvance Z3 Plug,Socket,"Oct 28, 2023 13:13:51.305211",0.004233,52,0x4e11,0x1cd8,0x8861,179.0,,,,,,physicalInteraction1.pcapng
Ledvance Z3 Plug,Socket,"Oct 28, 2023 13:13:51.308570",,52,,,,,,,,,,physicalInteraction1.pcapng
Ledvance Z3 Plug,Socket,"Oct 28, 2023 13:13:51.336039",,52,,,,,,,,,,physicalInteraction1.pcapng
Ledvance Z3 Plug,Socket,"Oct 28, 2023 13:13:51.339318",,52,,,,,,,,,,physicalInteraction1.pcapng
Ledvance Z3 Plug,Socket,"Oct 28, 2023 13:13:51.342998",,52,,,,,,,,,,physicalInteraction1.pcapng
Ledvance Z3 Plug,Socket,"Oct 28, 2023 13:13:51.347936",,52,,,,,,,,,,physicalInteraction1.pcapng
Ledvance Z3 Plug,Socket,"Oct 28, 2023 13:13:51.356808",0.008872,55,0x4e11,0x1cd8,0x8861,181.0,,,,,,physicalInteraction1.pcapng
Ledvance Z3 Plug,Socket,"Oct 28, 2023 13:13:51.360872",0.004064,55,0x4e11,0x1cd8,0x8861,181.0,0x4e11,0x0000,0x1a09,,,physicalInteraction1.pcapng
Ledvance Z3 Plug,Socket,"Oct 28, 2023 13:13:51.365881",0.005009,55,0x4e11,0x1cd8,0x8861,181.0,0x4e11,0x0000,0x1a09,,,physicalInteraction1.pcapng
Ledvance Z3 Plug,Socket,"Oct 28, 2023 13:13:51.370569",0.004688,55,0x4e11,0x1cd8,0x8861,181.0,0x4e11,0x0000,0x1a09,,,physicalInteraction1.pcapng
Ledvance Z3 Plug,Socket,"Oct 28, 2023 13:13:51.393373",,52,,,,,,,,,,physicalInteraction1.pcapng
Ledvance Z3 Plug,Socket,"Oct 28, 2023 13:13:51.396746",,52,,,,,,,,,,physicalInteraction1.pcapng
Ledvance Z3 Plug,Socket,"Oct 28, 2023 13:13:51.400106",,52,,,,,,,,,,physicalInteraction1.pcapng
Ledvance Z3 Plug,Socket,"Oct 28, 2023 13:13:51.403471",,52,,,,,,,,,,physicalInteraction1.pcapng
Ledvance Z3 Plug,Socket,"Oct 28, 2023 13:13:51.434753",0.031282,57,0x4e11,0x0000,0x8861,183.0,0x4e11,0x0000,0x1a09,,,physicalInteraction1.pcapng
Unknown,Unknown,"Oct 28, 2023 13:13:51.436960",0.002207,5,,,0x0002,183.0,,,,,,physicalInteraction1.pcapng
Ledvance Z3 Plug,Socket,"Oct 28, 2023 13:13:52.734947",1.297987,59,0x4e11,0xffff,0x8841,184.0,0x4e11,0xfffc,0x1209,,,physicalInteraction1.pcapng
Ledvance Z3 Plug,Socket,"Oct 28, 2023 13:13:52.740533",,64,,,,,,,,,,physicalInteraction1.pcapng
Coordinator,Coordinator,"Oct 28, 2023 13:13:52.750301",0.009768,77,0x0000,0x4e11,0x8861,170.0,0x0000,0x4e11,0x1a09,,,physicalInteraction1.pcapng
Unknown,Unknown,"Oct 28, 2023 13:13:52.753149",0.002848,5,,,0x0002,170.0,,,,,,physicalInteraction1.pcapng
Ledvance Smart+ Plug,Socket,"Oct 28, 2023 13:13:52.756766",0.003617,59,0x0112,0xffff,0x8841,71.0,0x4e11,0xfffc,0x1209,,,physicalInteraction1.pcapng
Coordinator,Coordinator,"Oct 28, 2023 13:13:52.765685",,61,,,,,,,,,,physicalInteraction1.pcapng
Smart Socket,Socket,"Oct 28, 2023 13:13:52.768987",,64,,,,,,,,,,physicalInteraction1.pcapng
Power Plug 1,Socket,"Oct 28, 2023 13:13:52.771915",,64,,,,,,,,,,physicalInteraction1.pcapng
Philips Lamp 3,Bulb,"Oct 28, 2023 13:13:52.774926",,64,,,,,,,,,,physicalInteraction1.pcapng
Coordinator,Coordinator,"Oct 28, 2023 13:13:52.779044",,61,,,,,,,,,,physicalInteraction1.pcapng
Coordinator,Coordinator,"Oct 28, 2023 13:13:52.788085",,61,,,,,,,,,,physicalInteraction1.pcapng
Coordinator,Coordinator,"Oct 28, 2023 13:13:52.791969",,61,,,,,,,,,,physicalInteraction1.pcapng
Power Plug 2,Socket,"Oct 28, 2023 13:13:52.796349",,64,,,,,,,,,,physicalInteraction1.pcapng
Coordinator,Coordinator,"Oct 28, 2023 13:13:52.800126",,64,,,,,,,,,,physicalInteraction1.pcapng
Coordinator,Coordinator,"Oct 28, 2023 13:13:52.808195",,63,,,,,,,,,,physicalInteraction1.pcapng
Coordinator,Coordinator,"Oct 28, 2023 13:13:52.813591",,63,,,,,,,,,,physicalInteraction1.pcapng
Coordinator,Coordinator,"Oct 28, 2023 13:13:52.817754",,63,,,,,,,,,,physicalInteraction1.pcapng
Coordinator,Coordinator,"Oct 28, 2023 13:13:52.821768",,63,,,,,,,,,,physicalInteraction1.pcapng
Coordinator,Coordinator,"Oct 28, 2023 13:13:52.830924",,61,,,,,,,,,,physicalInteraction1.pcapng
Coordinator,Coordinator,"Oct 28, 2023 13:13:52.834551",,61,,,,,,,,,,physicalInteraction1.pcapng
Coordinator,Coordinator,"Oct 28, 2023 13:13:52.839844",,61,,,,,,,,,,physicalInteraction1.pcapng
Smart Socket,Socket,"Oct 28, 2023 13:13:52.842600",0.002756,77,0xe1a6,0xffff,0x8841,9.0,0xe1a6,0xfffc,0x1209,,,physicalInteraction1.pcapng
Coordinator,Coordinator,"Oct 28, 2023 13:13:52.848607",,61,,,,,,,,,,physicalInteraction1.pcapng
Coordinator,Coordinator,"Oct 28, 2023 13:13:52.871235",,63,,,,,,,,,,physicalInteraction1.pcapng
Philips Lamp 3,Bulb,"Oct 28, 2023 13:13:52.873800",0.002565,59,0x711c,0xffff,0x8841,134.0,,,,,,physicalInteraction1.pcapng
Coordinator,Coordinator,"Oct 28, 2023 13:13:52.876845",,63,,,,,,,,,,physicalInteraction1.pcapng
Philips Lamp 2,Bulb,"Oct 28, 2023 13:13:52.880051",0.003206,59,0x5bb9,0xffff,0x8841,168.0,0x4e11,0xfffc,0x1209,,,physicalInteraction1.pcapng
Coordinator,Coordinator,"Oct 28, 2023 13:13:52.882717",,63,,,,,,,,,,physicalInteraction1.pcapng
Coordinator,Coordinator,"Oct 28, 2023 13:13:52.896369",,63,,,,,,,,,,physicalInteraction1.pcapng
Coordinator,Coordinator,"Oct 28, 2023 13:13:52.903329",,61,,,,,,,,,,physicalInteraction1.pcapng
Coordinator,Coordinator,"Oct 28, 2023 13:13:52.908916",,61,,,,,,,,,,physicalInteraction1.pcapng
Coordinator,Coordinator,"Oct 28, 2023 13:13:52.913956",,61,,,,,,,,,,physicalInteraction1.pcapng
Coordinator,Coordinator,"Oct 28, 2023 13:13:52.919101",,61,,,,,,,,,,physicalInteraction1.pcapng
Coordinator,Coordinator,"Oct 28, 2023 13:13:52.947702",,63,,,,,,,,,,physicalInteraction1.pcapng
Coordinator,Coordinator,"Oct 28, 2023 13:13:52.953288",,63,,,,,,,,,,physicalInteraction1.pcapng
Coordinator,Coordinator,"Oct 28, 2023 13:13:52.958605",,63,,,,,,,,,,physicalInteraction1.pcapng
Coordinator,Coordinator,"Oct 28, 2023 13:13:52.964604",,63,,,,,,,,,,physicalInteraction1.pcapng
Coordinator,Coordinator,"Oct 28, 2023 13:13:52.972367",,61,,,,,,,,,,physicalInteraction1.pcapng
Smart Socket,Socket,"Oct 28, 2023 13:13:52.976991",0.004624,59,0xe1a6,0xffff,0x8841,10.0,0x4e11,0xfffc,0x1209,,,physicalInteraction1.pcapng
Coordinator,Coordinator,"Oct 28, 2023 13:13:52.979899",,61,,,,,,,,,,physicalInteraction1.pcapng
Coordinator,Coordinator,"Oct 28, 2023 13:13:52.984420",,61,,,,,,,,,,physicalInteraction1.pcapng
Coordinator,Coordinator,"Oct 28, 2023 13:13:52.988429",,61,,,,,,,,,,physicalInteraction1.pcapng
Power Plug 1,Socket,"Oct 28, 2023 13:13:52.991189",0.00276,59,0x3d95,0xffff,0x8841,243.0,,,,,,physicalInteraction1.pcapng
Coordinator,Coordinator,"Oct 28, 2023 13:13:52.996425",0.005236,77,0x0000,0xe1a6,0x8861,179.0,0x0000,0xe1a6,0x1a09,,,physicalInteraction1.pcapng
Coordinator,Coordinator,"Oct 28, 2023 13:13:53.001979",0.005554,77,0x0000,0xe1a6,0x8861,179.0,0x0000,0xe1a6,0x1a09,,,physicalInteraction1.pcapng
Unknown,Unknown,"Oct 28, 2023 13:13:53.004784",0.002805,5,,,0x0002,179.0,,,,,,physicalInteraction1.pcapng
Smart Socket,Socket,"Oct 28, 2023 13:13:53.008595",0.003811,45,0xe1a6,0x4e11,0x8861,11.0,0xe1a6,0x4e11,0x0209,,,physicalInteraction1.pcapng
Unknown,Unknown,"Oct 28, 2023 13:13:53.010418",0.001823,5,,,0x0002,11.0,,,,,,physicalInteraction1.pcapng
Smart Socket,Socket,"Oct 28, 2023 13:13:53.014737",,64,,,,,,,,,,physicalInteraction1.pcapng
Power Plug 1,Socket,"Oct 28, 2023 13:13:53.017750",,64,,,,,,,,,,physicalInteraction1.pcapng
Coordinator,Coordinator,"Oct 28, 2023 13:13:53.021469",,63,,,,,,,,,,physicalInteraction1.pcapng
Coordinator,Coordinator,"Oct 28, 2023 13:13:53.025571",,63,,,,,,,,,,physicalInteraction1.pcapng
Coordinator,Coordinator,"Oct 28, 2023 13:13:53.029530",,63,,,,,,,,,,physicalInteraction1.pcapng
Coordinator,Coordinator,"Oct 28, 2023 13:13:53.032903",,63,,,,,,,,,,physicalInteraction1.pcapng
Power Plug 2,Socket,"Oct 28, 2023 13:13:53.042249",,64,,,,,,,,,,physicalInteraction1.pcapng
Ledvance Smart+ Plug,Socket,"Oct 28, 2023 13:13:53.046902",0.004653,59,0x0112,0xffff,0x8841,73.0,0x4e11,0xfffc,0x1209,,,physicalInteraction1.pcapng
Ledvance Z3 Plug,Socket,"Oct 28, 2023 13:13:53.063448",0.016546,59,0x4e11,0xffff,0x8841,186.0,0x4e11,0xfffc,0x1209,,,physicalInteraction1.pcapng
Coordinator,Coordinator,"Oct 28, 2023 13:13:53.163374",0.099926,77,0x0000,0xe1a6,0x8861,181.0,0x0000,0xe1a6,0x1a09,,,physicalInteraction1.pcapng
Unknown,Unknown,"Oct 28, 2023 13:13:53.166191",0.002817,5,,,0x0002,181.0,,,,,,physicalInteraction1.pcapng
Smart Socket,Socket,"Oct 28, 2023 13:13:53.170110",0.003919,45,0xe1a6,0x4e11,0x8861,13.0,0xe1a6,0x4e11,0x0209,,,physicalInteraction1.pcapng
Unknown,Unknown,"Oct 28, 2023 13:13:53.171933",0.001823,5,,,0x0002,13.0,,,,,,physicalInteraction1.pcapng
Unknown,Unknown,"Oct 28, 2023 13:13:53.197801",0.025868,59,0x71ec,0xffff,0x8841,135.0,,,,,,physicalInteraction1.pcapng
Ledvance Z3 Plug,Socket,"Oct 28, 2023 13:13:53.228364",,64,,,,,,,,,,physicalInteraction1.pcapng
Smart Socket,Socket,"Oct 28, 2023 13:13:53.231117",0.002753,59,0xe1a6,0xffff,0x8841,14.0,0x4e11,0xfffc,0x1209,,,physicalInteraction1.pcapng
Power Plug 1,Socket,"Oct 28, 2023 13:13:53.245260",0.014143,59,0x3d95,0xffff,0x8841,245.0,0x4e11,0xfffc,0x1209,,,physicalInteraction1.pcapng
Philips Lamp 3,Bulb,"Oct 28, 2023 13:13:53.259084",0.013824,64,0x711c,0xffff,0x8841,136.0,,,,,,physicalInteraction1.pcapng
Power Plug 1,Socket,"Oct 28, 2023 13:13:53.263534",,64,,,,,,,,,,physicalInteraction1.pcapng
Philips Lamp 2,Bulb,"Oct 28, 2023 13:13:53.270699",0.007165,59,0x5bb9,0xffff,0x8841,169.0,0x4e11,0xfffc,0x1209,,,physicalInteraction1.pcapng
Coordinator,Coordinator,"Oct 28, 2023 13:13:53.273656",,64,,,,,,,,,,physicalInteraction1.pcapng
Power Plug 2,Socket,"Oct 28, 2023 13:13:53.287985",,64,,,,,,,,,,physicalInteraction1.pcapng
Philips Lamp 2,Bulb,"Oct 28, 2023 13:13:53.311643",0.023658,64,0x5bb9,0xffff,0x8841,170.0,,,,,,physicalInteraction1.pcapng
Ledvance Smart+ Plug,Socket,"Oct 28, 2023 13:13:53.323878",,64,,,,,,,,,,physicalInteraction1.pcapng
Ledvance Z3 Plug,Socket,"Oct 28, 2023 13:13:53.346939",0.023061,59,0x4e11,0xffff,0x8841,188.0,0x4e11,0xfffc,0x1209,,,physicalInteraction1.pcapng
Smart Socket,Socket,"Oct 28, 2023 13:13:53.485204",0.138265,59,0xe1a6,0xffff,0x8841,16.0,0x4e11,0xfffc,0x1209,,,physicalInteraction1.pcapng
Power Plug 1,Socket,"Oct 28, 2023 13:13:53.499305",0.014101,59,0x3d95,0xffff,0x8841,247.0,0x4e11,0xfffc,0x1209,,,physicalInteraction1.pcapng
Power Plug 2,Socket,"Oct 28, 2023 13:13:53.516950",0.017645,59,0xa706,0xffff,0x8841,42.0,0x4e11,0xfffc,0x1209,,,physicalInteraction1.pcapng
Philips Lamp 3,Bulb,"Oct 28, 2023 13:13:53.537296",0.020346,59,0x711c,0xffff,0x8841,137.0,,,,,,physicalInteraction1.pcapng
Coordinator,Coordinator,"Oct 28, 2023 13:13:53.570870",0.033574,77,0x0000,0xe1a6,0x8861,183.0,0x0000,0xe1a6,0x1a09,,,physicalInteraction1.pcapng
Unknown,Unknown,"Oct 28, 2023 13:13:53.573687",0.002817,5,,,0x0002,183.0,,,,,,physicalInteraction1.pcapng
Smart Socket,Socket,"Oct 28, 2023 13:13:53.577669",0.003982,45,0xe1a6,0x4e11,0x8861,17.0,0xe1a6,0x4e11,0x0209,,,physicalInteraction1.pcapng
Unknown,Unknown,"Oct 28, 2023 13:13:53.579492",0.001823,5,,,0x0002,17.0,,,,,,physicalInteraction1.pcapng
Philips Lamp 2,Bulb,"Oct 28, 2023 13:13:53.602041",0.022549,59,0x5bb9,0xffff,0x8841,171.0,,,,,,physicalInteraction1.pcapng
Ledvance Z3 Plug,Socket,"Oct 28, 2023 13:13:53.612453",0.010412,59,0x4e11,0xffff,0x8841,189.0,0x4e11,0xfffc,0x1209,,,physicalInteraction1.pcapng
Ledvance Z3 Plug,Socket,"Oct 28, 2023 13:13:53.664084",,64,,,,,,,,,,physicalInteraction1.pcapng
Smart Socket,Socket,"Oct 28, 2023 13:13:53.675417",,52,,,,,,,,,,physicalInteraction1.pcapng
Unknown,Unknown,"Oct 28, 2023 13:13:53.677464",0.002047,5,,,0x0002,18.0,,,,,,physicalInteraction1.pcapng
Smart Socket,Socket,"Oct 28, 2023 13:13:53.678412",,52,,,,,,,,,,physicalInteraction1.pcapng
Unknown,Unknown,"Oct 28, 2023 13:13:53.680459",0.002047,5,,,0x0002,19.0,,,,,,physicalInteraction1.pcapng
Coordinator,Coordinator,"Oct 28, 2023 13:13:53.699366",,45,,,,,,,,,,physicalInteraction1.pcapng
Unknown,Unknown,"Oct 28, 2023 13:13:53.701157",0.001791,5,,,0x0002,184.0,,,,,,physicalInteraction1.pcapng
Sonoff Door 2,Door,"Oct 28, 2023 13:13:53.709971",,54,,,,,,,,,,physicalInteraction1.pcapng
Unknown,Unknown,"Oct 28, 2023 13:13:53.712082",0.002111,5,,,0x0002,164.0,,,,,,physicalInteraction1.pcapng
Coordinator,Coordinator,"Oct 28, 2023 13:13:53.731949",,50,,,,,,,,,,physicalInteraction1.pcapng
Unknown,Unknown,"Oct 28, 2023 13:13:53.733901",0.001952,5,,,0x0002,185.0,,,,,,physicalInteraction1.pcapng
Smart Socket,Socket,"Oct 28, 2023 13:13:53.738938",,45,,,,,,,,,,physicalInteraction1.pcapng
Unknown,Unknown,"Oct 28, 2023 13:13:53.740761",0.001823,5,,,0x0002,20.0,,,,,,physicalInteraction1.pcapng
Coordinator,Coordinator,"Oct 28, 2023 13:13:53.753771",,64,,,,,,,,,,physicalInteraction1.pcapng
Philips Lamp 2,Bulb,"Oct 28, 2023 13:13:53.805228",0.051457,64,0x5bb9,0xffff,0x8841,172.0,,,,,,physicalInteraction1.pcapng
Philips Lamp 2,Bulb,"Oct 28, 2023 13:13:53.869273",0.064045,59,0x5bb9,0xfff6,0x8841,173.0,,,,,,physicalInteraction1.pcapng
Philips Lamp 3,Bulb,"Oct 28, 2023 13:13:53.881382",0.012109,59,0x711c,0xffff,0x8841,138.0,0x4e11,0xfffc,0x1209,,,physicalInteraction1.pcapng
Coordinator,Coordinator,"Oct 28, 2023 13:13:53.978403",0.097021,77,0x0000,0xe1a6,0x8861,187.0,0x0000,0xe1a6,0x1a09,,,physicalInteraction1.pcapng
Unknown,Unknown,"Oct 28, 2023 13:13:53.981220",0.002817,5,,,0x0002,187.0,,,,,,physicalInteraction1.pcapng
Smart Socket,Socket,"Oct 28, 2023 13:13:53.985005",0.003785,45,0xe1a6,0x4e11,0x8861,21.0,0xe1a6,0x4e11,0x0209,,,physicalInteraction1.pcapng
Unknown,Unknown,"Oct 28, 2023 13:13:53.986829",0.001824,5,,,0x0002,21.0,,,,,,physicalInteraction1.pcapng
Ledvance Bulb,Bulb,"Oct 28, 2023 13:13:54.093066",,65,,,,,,,,,,physicalInteraction1.pcapng
Ledvance Bulb,Bulb,"Oct 28, 2023 13:13:54.096778",0.003712,47,0xec7f,0xffff,0x8841,232.0,0xec7f,0xfffc,0x1209,,,physicalInteraction1.pcapng
Ledvance Bulb,Bulb,"Oct 28, 2023 13:13:54.099989",,64,,,,,,,,,,physicalInteraction1.pcapng
Ledvance Z3 Plug,Socket,"Oct 28, 2023 13:13:54.112178",,65,,,,,,,,,,physicalInteraction1.pcapng
Ledvance Z3 Plug,Socket,"Oct 28, 2023 13:13:54.120674",0.008496,64,0x4e11,0xffff,0x8841,192.0,,,,,,physicalInteraction1.pcapng
Ledvance Z3 Plug,Socket,"Oct 28, 2023 13:13:54.125754",0.00508,74,0x4e11,0xffff,0x8841,193.0,0x4e11,0xfffc,0x1209,,,physicalInteraction1.pcapng
Philips Lamp 3,Bulb,"Oct 28, 2023 13:13:54.129691",0.003937,64,0x711c,0xffff,0x8841,139.0,,,,,,physicalInteraction1.pcapng
Smart Socket,Socket,"Oct 28, 2023 13:13:54.134364",,64,,,,,,,,,,physicalInteraction1.pcapng
Philips Lamp 2,Bulb,"Oct 28, 2023 13:13:54.139225",0.004861,64,0x5bb9,0xffff,0x8841,174.0,,,,,,physicalInteraction1.pcapng
Coordinator,Coordinator,"Oct 28, 2023 13:13:54.141772",,65,,,,,,,,,,physicalInteraction1.pcapng
Philips Lamp 2,Bulb,"Oct 28, 2023 13:13:54.150181",0.008409,106,0x5bb9,0xffff,0x886a,175.0,,,,,,physicalInteraction1.pcapng
Philips Lamp 3,Bulb,"Oct 28, 2023 13:13:54.159406",0.009225,106,0x711c,0xffff,0x886a,140.0,,,,,,physicalInteraction1.pcapng
Unknown,Unknown,"Oct 28, 2023 13:13:54.162698",0.003292,40,,,0x0045,15.0,,,,,,physicalInteraction1.pcapng
Coordinator,Coordinator,"Oct 28, 2023 13:13:54.170265",,57,,,,,,,,,,physicalInteraction1.pcapng
Unknown,Unknown,"Oct 28, 2023 13:13:54.172458",0.002193,5,,,0x0002,189.0,,,,,,physicalInteraction1.pcapng
Ledvance Bulb,Bulb,"Oct 28, 2023 13:13:54.175425",0.002967,55,0xec7f,0x0000,0x8861,234.0,0xec7f,0x0000,0x1a09,,,physicalInteraction1.pcapng
Unknown,Unknown,"Oct 28, 2023 13:13:54.177567",0.002142,5,,,0x0002,234.0,,,,,,physicalInteraction1.pcapng
Coordinator,Coordinator,"Oct 28, 2023 13:13:54.180171",,64,,,,,,,,,,physicalInteraction1.pcapng
Ledvance Smart+ Plug,Socket,"Oct 28, 2023 13:13:54.187329",,65,,,,,,,,,,physicalInteraction1.pcapng
Coordinator,Coordinator,"Oct 28, 2023 13:13:54.190008",,49,,,,,,,,,,physicalInteraction1.pcapng
Unknown,Unknown,"Oct 28, 2023 13:13:54.191945",0.001937,5,,,0x0002,191.0,,,,,,physicalInteraction1.pcapng
Ledvance Bulb,Bulb,"Oct 28, 2023 13:13:54.196967",0.005022,55,0xec7f,0x0000,0x8861,235.0,0xec7f,0x0000,0x1a09,,,physicalInteraction1.pcapng
Unknown,Unknown,"Oct 28, 2023 13:13:54.199109",0.002142,5,,,0x0002,235.0,,,,,,physicalInteraction1.pcapng
Ledvance Smart+ Plug,Socket,"Oct 28, 2023 13:13:54.200404",,64,,,,,,,,,,physicalInteraction1.pcapng
Coordinator,Coordinator,"Oct 28, 2023 13:13:54.204117",,59,,,,,,,,,,physicalInteraction1.pcapng
Unknown,Unknown,"Oct 28, 2023 13:13:54.206375",0.002258,5,,,0x0002,192.0,,,,,,physicalInteraction1.pcapng
Ledvance Bulb,Bulb,"Oct 28, 2023 13:13:54.210044",0.003669,55,0xec7f,0x0000,0x8861,236.0,0xec7f,0x0000,0x1a09,,,physicalInteraction1.pcapng
Ledvance Bulb,Bulb,"Oct 28, 2023 13:13:54.213449",0.003405,55,0xec7f,0x0000,0x8861,236.0,0xec7f,0x0000,0x1a09,,,physicalInteraction1.pcapng
Unknown,Unknown,"Oct 28, 2023 13:13:54.215592",0.002143,5,,,0x0002,236.0,,,,,,physicalInteraction1.pcapng
Ledvance Bulb,Bulb,"Oct 28, 2023 13:13:54.223314",,45,,,,,,,,,,physicalInteraction1.pcapng
Unknown,Unknown,"Oct 28, 2023 13:13:54.225137",0.001823,5,,,0x0002,237.0,,,,,,physicalInteraction1.pcapng
Sonoff Door 2,Door,"Oct 28, 2023 13:13:54.227898",0.002761,12,0x7b10,0x0000,0x8863,165.0,,,,,,physicalInteraction1.pcapng
Unknown,Unknown,"Oct 28, 2023 13:13:54.228665",0.000767,5,,,0x0002,165.0,,,,,,physicalInteraction1.pcapng
Ledvance Bulb,Bulb,"Oct 28, 2023 13:13:54.244863",,50,,,,,,,,,,physicalInteraction1.pcapng
Unknown,Unknown,"Oct 28, 2023 13:13:54.246846",0.001983,5,,,0x0002,238.0,,,,,,physicalInteraction1.pcapng
Ledvance Bulb,Bulb,"Oct 28, 2023 13:13:54.256569",,45,,,,,,,,,,physicalInteraction1.pcapng
Unknown,Unknown,"Oct 28, 2023 13:13:54.258392",0.001823,5,,,0x0002,239.0,,,,,,physicalInteraction1.pcapng
Coordinator,Coordinator,"Oct 28, 2023 13:13:54.262045",,45,,,,,,,,,,physicalInteraction1.pcapng
Unknown,Unknown,"Oct 28, 2023 13:13:54.263855",0.00181,5,,,0x0002,193.0,,,,,,physicalInteraction1.pcapng
Philips Lamp 3,Bulb,"Oct 28, 2023 13:13:54.271401",0.007546,77,0x711c,0xffff,0x8841,141.0,0x711c,0xfffc,0x1209,,,physicalInteraction1.pcapng
Coordinator,Coordinator,"Oct 28, 2023 13:13:54.350353",,61,,,,,,,,,,physicalInteraction1.pcapng
Coordinator,Coordinator,"Oct 28, 2023 13:13:54.354249",,61,,,,,,,,,,physicalInteraction1.pcapng
Coordinator,Coordinator,"Oct 28, 2023 13:13:54.358595",,61,,,,,,,,,,physicalInteraction1.pcapng
Coordinator,Coordinator,"Oct 28, 2023 13:13:54.364115",,61,,,,,,,,,,physicalInteraction1.pcapng
Smart Socket,Socket,"Oct 28, 2023 13:13:54.380081",,64,,,,,,,,,,physicalInteraction1.pcapng
Coordinator,Coordinator,"Oct 28, 2023 13:13:54.386011",,63,,,,,,,,,,physicalInteraction1.pcapng
Power Plug 2,Socket,"Oct 28, 2023 13:13:54.388350",0.002339,107,0xa706,0xffff,0x886b,46.0,,,,,,physicalInteraction1.pcapng
Coordinator,Coordinator,"Oct 28, 2023 13:13:54.398068",,63,,,,,,,,,,physicalInteraction1.pcapng
Coordinator,Coordinator,"Oct 28, 2023 13:13:54.401853",,63,,,,,,,,,,physicalInteraction1.pcapng
Unknown,Unknown,"Oct 28, 2023 13:13:54.406415",0.004562,107,,,,,,,,,,physicalInteraction1.pcapng
Coordinator,Coordinator,"Oct 28, 2023 13:13:54.414531",,61,,,,,,,,,,physicalInteraction1.pcapng
Coordinator,Coordinator,"Oct 28, 2023 13:13:54.418792",,61,,,,,,,,,,physicalInteraction1.pcapng
Coordinator,Coordinator,"Oct 28, 2023 13:13:54.434279",,61,,,,,,,,,,physicalInteraction1.pcapng
Coordinator,Coordinator,"Oct 28, 2023 13:13:54.439159",,61,,,,,,,,,,physicalInteraction1.pcapng
Smart Socket,Socket,"Oct 28, 2023 13:13:54.446200",,65,,,,,,,,,,physicalInteraction1.pcapng
Coordinator,Coordinator,"Oct 28, 2023 13:13:54.459691",,63,,,,,,,,,,physicalInteraction1.pcapng
Coordinator,Coordinator,"Oct 28, 2023 13:13:54.464106",,63,,,,,,,,,,physicalInteraction1.pcapng
Coordinator,Coordinator,"Oct 28, 2023 13:13:54.469354",,63,,,,,,,,,,physicalInteraction1.pcapng
Coordinator,Coordinator,"Oct 28, 2023 13:13:54.473188",,63,,,,,,,,,,physicalInteraction1.pcapng
Power Plug 1,Socket,"Oct 28, 2023 13:13:54.487100",0.013912,77,0x3d95,0xffff,0x8841,252.0,0x3d95,0xfffc,0x1209,,,physicalInteraction1.pcapng
Coordinator,Coordinator,"Oct 28, 2023 13:13:54.497400",,61,,,,,,,,,,physicalInteraction1.pcapng
Coordinator,Coordinator,"Oct 28, 2023 13:13:54.502586",,61,,,,,,,,,,physicalInteraction1.pcapng
Coordinator,Coordinator,"Oct 28, 2023 13:13:54.506838",,61,,,,,,,,,,physicalInteraction1.pcapng
Coordinator,Coordinator,"Oct 28, 2023 13:13:54.511124",,61,,,,,,,,,,physicalInteraction1.pcapng
Coordinator,Coordinator,"Oct 28, 2023 13:13:54.529877",,63,,,,,,,,,,physicalInteraction1.pcapng
Coordinator,Coordinator,"Oct 28, 2023 13:13:54.534735",,63,,,,,,,,,,physicalInteraction1.pcapng
Coordinator,Coordinator,"Oct 28, 2023 13:13:54.538349",,63,,,,,,,,,,physicalInteraction1.pcapng
Coordinator,Coordinator,"Oct 28, 2023 13:13:54.543950",,63,,,,,,,,,,physicalInteraction1.pcapng
Ledvance Z3 Plug,Socket,"Oct 28, 2023 13:13:54.554717",,65,,,,,,,,,,physicalInteraction1.pcapng
Ledvance Bulb,Bulb,"Oct 28, 2023 13:13:54.558512",,64,,,,,,,,,,physicalInteraction1.pcapng
Coordinator,Coordinator,"Oct 28, 2023 13:13:54.564770",,61,,,,,,,,,,physicalInteraction1.pcapng
Coordinator,Coordinator,"Oct 28, 2023 13:13:54.570418",,61,,,,,,,,,,physicalInteraction1.pcapng
Ledvance Z3 Plug,Socket,"Oct 28, 2023 13:13:54.573993",,64,,,,,,,,,,physicalInteraction1.pcapng
Coordinator,Coordinator,"Oct 28, 2023 13:13:54.581114",,61,,,,,,,,,,physicalInteraction1.pcapng
Coordinator,Coordinator,"Oct 28, 2023 13:13:54.585578",,61,,,,,,,,,,physicalInteraction1.pcapng
Coordinator,Coordinator,"Oct 28, 2023 13:13:54.594220",,63,,,,,,,,,,physicalInteraction1.pcapng
Coordinator,Coordinator,"Oct 28, 2023 13:13:54.599308",,63,,,,,,,,,,physicalInteraction1.pcapng
Coordinator,Coordinator,"Oct 28, 2023 13:13:54.604484",,63,,,,,,,,,,physicalInteraction1.pcapng
Coordinator,Coordinator,"Oct 28, 2023 13:13:54.608356",,63,,,,,,,,,,physicalInteraction1.pcapng
Philips Lamp 3,Bulb,"Oct 28, 2023 13:13:54.615036",0.00668,107,0x711c,0xffff,0x886b,142.0,,,,,,physicalInteraction1.pcapng
Coordinator,Coordinator,"Oct 28, 2023 13:13:54.621490",,65,,,,,,,,,,physicalInteraction1.pcapng
Smart Socket,Socket,"Oct 28, 2023 13:13:54.627626",,64,,,,,,,,,,physicalInteraction1.pcapng
Power Plug 2,Socket,"Oct 28, 2023 13:13:54.634159",0.006533,107,0xa706,0xffff,0x886b,48.0,,,,,,physicalInteraction1.pcapng
Power Plug 1,Socket,"Oct 28, 2023 13:13:54.643825",,64,,,,,,,,,,physicalInteraction1.pcapng
Power Plug 2,Socket,"Oct 28, 2023 13:13:54.652203",0.008378,64,0xa706,0xffff,0x8841,49.0,,,,,,physicalInteraction1.pcapng
Coordinator,Coordinator,"Oct 28, 2023 13:13:54.659456",,64,,,,,,,,,,physicalInteraction1.pcapng
Ledvance Smart+ Plug,Socket,"Oct 28, 2023 13:13:54.682453",,65,,,,,,,,,,physicalInteraction1.pcapng
Ledvance Smart+ Plug,Socket,"Oct 28, 2023 13:13:54.686549",0.004096,64,0x0112,0xffff,0x8841,78.0,,,,,,physicalInteraction1.pcapng
Ledvance Bulb,Bulb,"Oct 28, 2023 13:13:54.853961",,52,,,,,,,,,,physicalInteraction1.pcapng
Unknown,Unknown,"Oct 28, 2023 13:13:54.856008",0.002047,5,,,0x0002,243.0,,,,,,physicalInteraction1.pcapng
Coordinator,Coordinator,"Oct 28, 2023 13:13:54.868695",,45,,,,,,,,,,physicalInteraction1.pcapng
Unknown,Unknown,"Oct 28, 2023 13:13:54.870504",0.001809,5,,,0x0002,204.0,,,,,,physicalInteraction1.pcapng
Ledvance Bulb,Bulb,"Oct 28, 2023 13:13:54.872175",0.001671,55,0xec7f,0x0000,0x8861,244.0,0xec7f,0x0000,0x1a09,,,physicalInteraction1.pcapng
Unknown,Unknown,"Oct 28, 2023 13:13:54.874318",0.002143,5,,,0x0002,244.0,,,,,,physicalInteraction1.pcapng
Coordinator,Coordinator,"Oct 28, 2023 13:13:54.897467",,50,,,,,,,,,,physicalInteraction1.pcapng
Unknown,Unknown,"Oct 28, 2023 13:13:54.899436",0.001969,5,,,0x0002,205.0,,,,,,physicalInteraction1.pcapng
Ledvance Bulb,Bulb,"Oct 28, 2023 13:13:54.902705",0.003269,55,0xec7f,0x0000,0x8861,245.0,0xec7f,0x0000,0x1a09,,,physicalInteraction1.pcapng
Unknown,Unknown,"Oct 28, 2023 13:13:54.904848",0.002143,5,,,0x0002,245.0,,,,,,physicalInteraction1.pcapng
Ledvance Bulb,Bulb,"Oct 28, 2023 13:13:54.950603",,45,,,,,,,,,,physicalInteraction1.pcapng
Unknown,Unknown,"Oct 28, 2023 13:13:54.952426",0.001823,5,,,0x0002,246.0,,,,,,physicalInteraction1.pcapng
Ledvance Bulb,Bulb,"Oct 28, 2023 13:13:54.994168",,65,,,,,,,,,,physicalInteraction1.pcapng
Ledvance Bulb,Bulb,"Oct 28, 2023 13:13:54.999808",,64,,,,,,,,,,physicalInteraction1.pcapng
Ledvance Z3 Plug,Socket,"Oct 28, 2023 13:13:55.009062",,64,,,,,,,,,,physicalInteraction1.pcapng
Ledvance Z3 Plug,Socket,"Oct 28, 2023 13:13:55.033319",,65,,,,,,,,,,physicalInteraction1.pcapng
Coordinator,Coordinator,"Oct 28, 2023 13:13:55.093085",,65,,,,,,,,,,physicalInteraction1.pcapng
Coordinator,Coordinator,"Oct 28, 2023 13:13:55.163457",,64,,,,,,,,,,physicalInteraction1.pcapng
Power Plug 1,Socket,"Oct 28, 2023 13:13:55.208110",,60,,,,,,,,,,physicalInteraction1.pcapng
Unknown,Unknown,"Oct 28, 2023 13:13:55.210413",0.002303,5,,,0x0002,255.0,,,,,,physicalInteraction1.pcapng
Coordinator,Coordinator,"Oct 28, 2023 13:13:55.251319",,50,,,,,,,,,,physicalInteraction1.pcapng
Unknown,Unknown,"Oct 28, 2023 13:13:55.253270",0.001951,5,,,0x0002,208.0,,,,,,physicalInteraction1.pcapng
Smart Socket,Socket,"Oct 28, 2023 13:13:55.257130",,50,,,,,,,,,,physicalInteraction1.pcapng
Unknown,Unknown,"Oct 28, 2023 13:13:55.259082",0.001952,5,,,0x0002,28.0,,,,,,physicalInteraction1.pcapng
Power Plug 1,Socket,"Oct 28, 2023 13:13:55.264107",,45,,,,,,,,,,physicalInteraction1.pcapng
Unknown,Unknown,"Oct 28, 2023 13:13:55.265930",0.001823,5,,,0x0002,0.0,,,,,,physicalInteraction1.pcapng
Philips Motion,Motion,"Oct 28, 2023 13:13:55.347593",0.081663,12,0x059b,0xec7f,0x8863,241.0,,,,,,physicalInteraction1.pcapng
Unknown,Unknown,"Oct 28, 2023 13:13:55.348347",0.000754,5,,,0x0002,241.0,,,,,,physicalInteraction1.pcapng
Ledvance Z3 Plug,Socket,"Oct 28, 2023 13:13:55.375663",0.027316,55,0x4e11,0xe1a6,0x8861,198.0,0x4e11,0x0000,0x1a09,,,physicalInteraction1.pcapng
Unknown,Unknown,"Oct 28, 2023 13:13:55.377775",0.002112,5,,,0x0002,198.0,,,,,,physicalInteraction1.pcapng
Smart Socket,Socket,"Oct 28, 2023 13:13:55.381617",0.003842,57,0xe1a6,0x0000,0x8861,29.0,0x4e11,0x0000,0x1a09,,,physicalInteraction1.pcapng
Unknown,Unknown,"Oct 28, 2023 13:13:55.383824",0.002207,5,,,0x0002,29.0,,,,,,physicalInteraction1.pcapng
Ledvance Z3 Plug,Socket,"Oct 28, 2023 13:13:55.418980",,52,,,,,,,,,,physicalInteraction1.pcapng
Unknown,Unknown,"Oct 28, 2023 13:13:55.420997",0.002017,5,,,0x0002,199.0,,,,,,physicalInteraction1.pcapng
Smart Socket,Socket,"Oct 28, 2023 13:13:55.424809",,52,,,,,,,,,,physicalInteraction1.pcapng
Unknown,Unknown,"Oct 28, 2023 13:13:55.426856",0.002047,5,,,0x0002,30.0,,,,,,physicalInteraction1.pcapng
Coordinator,Coordinator,"Oct 28, 2023 13:13:55.440766",,49,,,,,,,,,,physicalInteraction1.pcapng
Unknown,Unknown,"Oct 28, 2023 13:13:55.442686",0.00192,5,,,0x0002,209.0,,,,,,physicalInteraction1.pcapng
Smart Socket,Socket,"Oct 28, 2023 13:13:55.446603",,49,,,,,,,,,,physicalInteraction1.pcapng
Unknown,Unknown,"Oct 28, 2023 13:13:55.448554",0.001951,5,,,0x0002,31.0,,,,,,physicalInteraction1.pcapng
Coordinator,Coordinator,"Oct 28, 2023 13:13:55.466043",,54,,,,,,,,,,physicalInteraction1.pcapng
Unknown,Unknown,"Oct 28, 2023 13:13:55.468123",0.00208,5,,,0x0002,210.0,,,,,,physicalInteraction1.pcapng
Smart Socket,Socket,"Oct 28, 2023 13:13:55.471925",,54,,,,,,,,,,physicalInteraction1.pcapng
Unknown,Unknown,"Oct 28, 2023 13:13:55.474036",0.002111,5,,,0x0002,32.0,,,,,,physicalInteraction1.pcapng
Ledvance Z3 Plug,Socket,"Oct 28, 2023 13:13:55.481668",0.007632,55,0x4e11,0xe1a6,0x8861,200.0,0x4e11,0x0000,0x1a09,,,physicalInteraction1.pcapng
Unknown,Unknown,"Oct 28, 2023 13:13:55.483770",0.002102,5,,,0x0002,200.0,,,,,,physicalInteraction1.pcapng
Smart Socket,Socket,"Oct 28, 2023 13:13:55.487587",0.003817,57,0xe1a6,0x0000,0x8861,33.0,0x4e11,0x0000,0x1a09,,,physicalInteraction1.pcapng
Smart Socket,Socket,"Oct 28, 2023 13:13:55.492488",0.004901,57,0xe1a6,0x0000,0x8861,33.0,0x4e11,0x0000,0x1a09,,,physicalInteraction1.pcapng
Unknown,Unknown,"Oct 28, 2023 13:13:55.494695",0.002207,5,,,0x0002,33.0,,,,,,physicalInteraction1.pcapng
Ledvance Z3 Plug,Socket,"Oct 28, 2023 13:13:55.526870",,45,,,,,,,,,,physicalInteraction1.pcapng
Unknown,Unknown,"Oct 28, 2023 13:13:55.528663",0.001793,5,,,0x0002,201.0,,,,,,physicalInteraction1.pcapng
Smart Socket,Socket,"Oct 28, 2023 13:13:55.532462",,45,,,,,,,,,,physicalInteraction1.pcapng
Unknown,Unknown,"Oct 28, 2023 13:13:55.534284",0.001822,5,,,0x0002,34.0,,,,,,physicalInteraction1.pcapng
Moes Bulb,Bulb,"Oct 28, 2023 13:13:55.554092",0.019808,51,0x1e15,0xffff,0x8841,17.0,0x1e15,0xfffc,0x1209,,,physicalInteraction1.pcapng
Coordinator,Coordinator,"Oct 28, 2023 13:13:55.565194",0.011102,77,0x0000,0x1e15,0x8861,211.0,0x0000,0x1e15,0x1a09,,,physicalInteraction1.pcapng
Unknown,Unknown,"Oct 28, 2023 13:13:55.568001",0.002807,5,,,0x0002,211.0,,,,,,physicalInteraction1.pcapng
Moes Bulb,Bulb,"Oct 28, 2023 13:13:55.576921",,58,,,,,,,,,,physicalInteraction1.pcapng
Unknown,Unknown,"Oct 28, 2023 13:13:55.579160",0.002239,5,,,0x0002,18.0,,,,,,physicalInteraction1.pcapng
Ledvance Smart+ Plug,Socket,"Oct 28, 2023 13:13:55.590329",0.011169,51,0x0112,0xffff,0x8841,79.0,0x1e15,0xfffc,0x1209,,,physicalInteraction1.pcapng
Ledvance Z3 Plug,Socket,"Oct 28, 2023 13:13:55.648993",0.058664,51,0x4e11,0xffff,0x8841,202.0,0x1e15,0xfffc,0x1209,,,physicalInteraction1.pcapng
Power Plug 1,Socket,"Oct 28, 2023 13:13:55.659714",0.010721,51,0x3d95,0xffff,0x8841,1.0,0x1e15,0xfffc,0x1209,,,physicalInteraction1.pcapng
Power Plug 2,Socket,"Oct 28, 2023 13:13:55.662416",0.002702,51,0xa706,0xffff,0x8841,50.0,0x1e15,0xfffc,0x1209,,,physicalInteraction1.pcapng
Smart Socket,Socket,"Oct 28, 2023 13:13:55.676169",0.013753,51,0xe1a6,0xffff,0x8841,35.0,0x1e15,0xfffc,0x1209,,,physicalInteraction1.pcapng
Ledvance Bulb,Bulb,"Oct 28, 2023 13:13:55.682509",0.00634,55,0xec7f,0x0000,0x8861,249.0,0xec7f,0x0000,0x1a09,,,physicalInteraction1.pcapng
Unknown,Unknown,"Oct 28, 2023 13:13:55.684652",0.002143,5,,,0x0002,249.0,,,,,,physicalInteraction1.pcapng
Coordinator,Coordinator,"Oct 28, 2023 13:13:55.688675",0.004023,77,0x0000,0xe1a6,0x8861,212.0,0x0000,0xe1a6,0x1a09,,,physicalInteraction1.pcapng
Unknown,Unknown,"Oct 28, 2023 13:13:55.691491",0.002816,5,,,0x0002,212.0,,,,,,physicalInteraction1.pcapng
Smart Socket,Socket,"Oct 28, 2023 13:13:55.695550",0.004059,45,0xe1a6,0x1e15,0x8861,36.0,0xe1a6,0x1e15,0x0209,,,physicalInteraction1.pcapng
Ledvance Smart+ Plug,Socket,"Oct 28, 2023 13:13:55.713869",0.018319,51,0x0112,0xffff,0x8841,80.0,0x1e15,0xfffc,0x1209,,,physicalInteraction1.pcapng
Philips Lamp 3,Bulb,"Oct 28, 2023 13:13:55.728434",0.014565,51,0x711c,0xffff,0x8841,143.0,0x1e15,0xfffc,0x1209,,,physicalInteraction1.pcapng
Ledvance Bulb,Bulb,"Oct 28, 2023 13:13:55.731618",0.003184,51,0xec7f,0xffff,0x8841,250.0,0x1e15,0xfffc,0x1209,,,physicalInteraction1.pcapng
Ledvance Bulb,Bulb,"Oct 28, 2023 13:13:55.736545",,52,,,,,,,,,,physicalInteraction1.pcapng
Unknown,Unknown,"Oct 28, 2023 13:13:55.738592",0.002047,5,,,0x0002,251.0,,,,,,physicalInteraction1.pcapng
Coordinator,Coordinator,"Oct 28, 2023 13:13:55.753294",,45,,,,,,,,,,physicalInteraction1.pcapng
Unknown,Unknown,"Oct 28, 2023 13:13:55.755103",0.001809,5,,,0x0002,213.0,,,,,,physicalInteraction1.pcapng
Unknown,Unknown,"Oct 28, 2023 13:13:55.761017",0.005914,51,,,0x2856,7.0,,,,,,physicalInteraction1.pcapng
Coordinator,Coordinator,"Oct 28, 2023 13:13:55.784206",,50,,,,,,,,,,physicalInteraction1.pcapng
Coordinator,Coordinator,"Oct 28, 2023 13:13:55.788723",,50,,,,,,,,,,physicalInteraction1.pcapng
Unknown,Unknown,"Oct 28, 2023 13:13:55.790692",0.001969,5,,,0x0002,214.0,,,,,,physicalInteraction1.pcapng
Ledvance Bulb,Bulb,"Oct 28, 2023 13:13:55.792695",0.002003,55,0xec7f,0x0000,0x8861,252.0,0xec7f,0x0000,0x1a09,,,physicalInteraction1.pcapng
Unknown,Unknown,"Oct 28, 2023 13:13:55.794838",0.002143,5,,,0x0002,252.0,,,,,,physicalInteraction1.pcapng
Ledvance Bulb,Bulb,"Oct 28, 2023 13:13:55.841603",,45,,,,,,,,,,physicalInteraction1.pcapng
Unknown,Unknown,"Oct 28, 2023 13:13:55.843425",0.001822,5,,,0x0002,253.0,,,,,,physicalInteraction1.pcapng
Ledvance Smart+ Plug,Socket,"Oct 28, 2023 13:13:55.850735",0.00731,51,0x0112,0xffff,0x8841,82.0,0x1e15,0xfffc,0x1209,,,physicalInteraction1.pcapng
Power Plug 1,Socket,"Oct 28, 2023 13:13:55.913818",0.063083,51,0x3d95,0xffff,0x8841,2.0,0x1e15,0xfffc,0x1209,,,physicalInteraction1.pcapng
Power Plug 2,Socket,"Oct 28, 2023 13:13:55.916446",0.002628,51,0xa706,0xffff,0x8841,51.0,0x1e15,0xfffc,0x1209,,,physicalInteraction1.pcapng
Smart Socket,Socket,"Oct 28, 2023 13:13:55.930387",0.013941,51,0xe1a6,0xffff,0x8841,37.0,0x1e15,0xfffc,0x1209,,,physicalInteraction1.pcapng
Ledvance Z3 Plug,Socket,"Oct 28, 2023 13:13:55.941587",0.0112,51,0x4e11,0xffff,0x8841,203.0,0x1e15,0xfffc,0x1209,,,physicalInteraction1.pcapng
Coordinator,Coordinator,"Oct 28, 2023 13:13:55.950946",,61,,,,,,,,,,physicalInteraction1.pcapng
Coordinator,Coordinator,"Oct 28, 2023 13:13:55.956282",,61,,,,,,,,,,physicalInteraction1.pcapng
Coordinator,Coordinator,"Oct 28, 2023 13:13:55.964216",,61,,,,,,,,,,physicalInteraction1.pcapng
Coordinator,Coordinator,"Oct 28, 2023 13:13:55.969570",,61,,,,,,,,,,physicalInteraction1.pcapng
Coordinator,Coordinator,"Oct 28, 2023 13:13:55.978143",0.008573,77,0x0000,0xe1a6,0x8861,216.0,0x0000,0xe1a6,0x1a09,,,physicalInteraction1.pcapng
Unknown,Unknown,"Oct 28, 2023 13:13:55.980955",0.002812,5,,,0x0002,216.0,,,,,,physicalInteraction1.pcapng
Smart Socket,Socket,"Oct 28, 2023 13:13:55.984806",0.003851,45,0xe1a6,0x1e15,0x8861,38.0,0xe1a6,0x1e15,0x0209,,,physicalInteraction1.pcapng
Unknown,Unknown,"Oct 28, 2023 13:13:55.986590",0.001784,5,,,0x0002,38.0,,,,,,physicalInteraction1.pcapng
Coordinator,Coordinator,"Oct 28, 2023 13:13:55.987236",,63,,,,,,,,,,physicalInteraction1.pcapng
Coordinator,Coordinator,"Oct 28, 2023 13:13:55.993154",,63,,,,,,,,,,physicalInteraction1.pcapng
Ledvance Bulb,Bulb,"Oct 28, 2023 13:13:55.996450",0.003296,51,0xec7f,0xffff,0x8841,254.0,0x1e15,0xfffc,0x1209,,,physicalInteraction1.pcapng
Coordinator,Coordinator,"Oct 28, 2023 13:13:56.002333",,63,,,,,,,,,,physicalInteraction1.pcapng
Coordinator,Coordinator,"Oct 28, 2023 13:13:56.005987",,63,,,,,,,,,,physicalInteraction1.pcapng
Coordinator,Coordinator,"Oct 28, 2023 13:13:56.013799",,61,,,,,,,,,,physicalInteraction1.pcapng
Coordinator,Coordinator,"Oct 28, 2023 13:13:56.019239",,61,,,,,,,,,,physicalInteraction1.pcapng
Coordinator,Coordinator,"Oct 28, 2023 13:13:56.022944",,61,,,,,,,,,,physicalInteraction1.pcapng
Coordinator,Coordinator,"Oct 28, 2023 13:13:56.027240",,61,,,,,,,,,,physicalInteraction1.pcapng
Coordinator,Coordinator,"Oct 28, 2023 13:13:56.034176",,63,,,,,,,,,,physicalInteraction1.pcapng
Coordinator,Coordinator,"Oct 28, 2023 13:13:56.039998",,63,,,,,,,,,,physicalInteraction1.pcapng
Coordinator,Coordinator,"Oct 28, 2023 13:13:56.044983",,63,,,,,,,,,,physicalInteraction1.pcapng
Coordinator,Coordinator,"Oct 28, 2023 13:13:56.049966",,63,,,,,,,,,,physicalInteraction1.pcapng
Coordinator,Coordinator,"Oct 28, 2023 13:13:56.057817",,61,,,,,,,,,,physicalInteraction1.pcapng
Coordinator,Coordinator,"Oct 28, 2023 13:13:56.067493",,61,,,,,,,,,,physicalInteraction1.pcapng
Coordinator,Coordinator,"Oct 28, 2023 13:13:56.072139",,61,,,,,,,,,,physicalInteraction1.pcapng
Coordinator,Coordinator,"Oct 28, 2023 13:13:56.077960",,61,,,,,,,,,,physicalInteraction1.pcapng
Coordinator,Coordinator,"Oct 28, 2023 13:13:56.086525",,63,,,,,,,,,,physicalInteraction1.pcapng
Coordinator,Coordinator,"Oct 28, 2023 13:13:56.091238",,63,,,,,,,,,,physicalInteraction1.pcapng
Coordinator,Coordinator,"Oct 28, 2023 13:13:56.096973",,63,,,,,,,,,,physicalInteraction1.pcapng
Coordinator,Coordinator,"Oct 28, 2023 13:13:56.102278",,63,,,,,,,,,,physicalInteraction1.pcapng
Coordinator,Coordinator,"Oct 28, 2023 13:13:56.116655",,61,,,,,,,,,,physicalInteraction1.pcapng
Coordinator,Coordinator,"Oct 28, 2023 13:13:56.120495",,61,,,,,,,,,,physicalInteraction1.pcapng
Coordinator,Coordinator,"Oct 28, 2023 13:13:56.123768",,61,,,,,,,,,,physicalInteraction1.pcapng
Coordinator,Coordinator,"Oct 28, 2023 13:13:56.128065",,61,,,,,,,,,,physicalInteraction1.pcapng
Philips Lamp 2,Bulb,"Oct 28, 2023 13:13:56.151353",0.023288,51,0x5bb9,0xffff,0x8841,177.0,0x1e15,0xfffc,0x1209,,,physicalInteraction1.pcapng
Coordinator,Coordinator,"Oct 28, 2023 13:13:56.158729",,63,,,,,,,,,,physicalInteraction1.pcapng
Coordinator,Coordinator,"Oct 28, 2023 13:13:56.167470",,63,,,,,,,,,,physicalInteraction1.pcapng
Unknown,Unknown,"Oct 28, 2023 13:13:56.170488",0.003018,51,0x6357,0xff43,0x8841,52.0,,,,,,physicalInteraction1.pcapng
Coordinator,Coordinator,"Oct 28, 2023 13:13:56.176261",,63,,,,,,,,,,physicalInteraction1.pcapng
Coordinator,Coordinator,"Oct 28, 2023 13:13:56.180591",,63,,,,,,,,,,physicalInteraction1.pcapng
Smart Socket,Socket,"Oct 28, 2023 13:13:56.184506",0.003915,51,0xe1a6,0xffff,0x8841,39.0,0x1e15,0xfffc,0x1209,,,physicalInteraction1.pcapng
Coordinator,Coordinator,"Oct 28, 2023 13:13:56.189880",,61,,,,,,,,,,physicalInteraction1.pcapng
Coordinator,Coordinator,"Oct 28, 2023 13:13:56.195116",,61,,,,,,,,,,physicalInteraction1.pcapng
Coordinator,Coordinator,"Oct 28, 2023 13:13:56.199782",,61,,,,,,,,,,physicalInteraction1.pcapng
Coordinator,Coordinator,"Oct 28, 2023 13:13:56.205519",,61,,,,,,,,,,physicalInteraction1.pcapng
Ledvance Z3 Plug,Socket,"Oct 28, 2023 13:13:56.222267",0.016748,51,0x4e11,0xffff,0x8841,204.0,0x1e15,0xfffc,0x1209,,,physicalInteraction1.pcapng
Ledvance Bulb,Bulb,"Oct 28, 2023 13:13:56.290168",0.067901,51,0xec7f,0xffff,0x8841,255.0,0x1e15,0xfffc,0x1209,,,physicalInteraction1.pcapng
Moes Bulb,Bulb,"Oct 28, 2023 13:13:56.302819",0.012651,51,0x1e15,0xffff,0x8841,21.0,0x1e15,0xfffc,0x1209,,,physicalInteraction1.pcapng
Philips Lamp 3,Bulb,"Oct 28, 2023 13:13:56.314711",0.011892,51,0x711c,0xffff,0x8841,145.0,0x1e15,0xfffc,0x1209,,,physicalInteraction1.pcapng
Coordinator,Coordinator,"Oct 28, 2023 13:13:56.387438",0.072727,77,0x0000,0xe1a6,0x8861,225.0,0x0000,0xe1a6,0x1a09,,,physicalInteraction1.pcapng
Unknown,Unknown,"Oct 28, 2023 13:13:56.390253",0.002815,5,,,0x0002,225.0,,,,,,physicalInteraction1.pcapng
Smart Socket,Socket,"Oct 28, 2023 13:13:56.394159",0.003906,45,0xe1a6,0x1e15,0x8861,40.0,0xe1a6,0x1e15,0x0209,,,physicalInteraction1.pcapng
Unknown,Unknown,"Oct 28, 2023 13:13:56.395948",0.001789,5,,,0x0002,40.0,,,,,,physicalInteraction1.pcapng
Philips Lamp 2,Bulb,"Oct 28, 2023 13:13:56.518454",0.122506,51,0x5bb9,0xffff,0x8841,178.0,0x1e15,0xfffc,0x1209,,,physicalInteraction1.pcapng
Ledvance Z3 Plug,Socket,"Oct 28, 2023 13:13:56.523982",0.005528,51,0x4e11,0xffff,0x8841,205.0,0x1e15,0xfffc,0x1209,,,physicalInteraction1.pcapng
Moes Bulb,Bulb,"Oct 28, 2023 13:13:56.553243",0.029261,51,0x1e15,0xffff,0x8841,22.0,0x1e15,0xfffc,0x1209,,,physicalInteraction1.pcapng
Ledvance Bulb,Bulb,"Oct 28, 2023 13:13:56.618420",0.065177,51,0xec7f,0xffff,0x8841,0.0,0x1e15,0xfffc,0x1209,,,physicalInteraction1.pcapng
Coordinator,Coordinator,"Oct 28, 2023 13:13:56.795630",0.17721,77,0x0000,0xe1a6,0x8861,226.0,0x0000,0xe1a6,0x1a09,,,physicalInteraction1.pcapng
Unknown,Unknown,"Oct 28, 2023 13:13:56.798446",0.002816,5,,,0x0002,226.0,,,,,,physicalInteraction1.pcapng
Smart Socket,Socket,"Oct 28, 2023 13:13:56.802296",0.00385,45,0xe1a6,0x1e15,0x8861,41.0,0xe1a6,0x1e15,0x0209,,,physicalInteraction1.pcapng
Unknown,Unknown,"Oct 28, 2023 13:13:56.804088",0.001792,5,,,0x0002,41.0,,,,,,physicalInteraction1.pcapng
Philips Lamp 2,Bulb,"Oct 28, 2023 13:13:56.865161",0.061073,51,0x5bb9,0xffff,0x8841,179.0,0x1e15,0xfffc,0x1209,,,physicalInteraction1.pcapng
Philips Lamp 3,Bulb,"Oct 28, 2023 13:13:56.969503",0.104342,51,0x711c,0xffff,0x8841,147.0,,,,,,physicalInteraction1.pcapng
Power Plug 1,Socket,"Oct 28, 2023 13:13:57.066206",,52,,,,,,,,,,physicalInteraction1.pcapng
Unknown,Unknown,"Oct 28, 2023 13:13:57.068253",0.002047,5,,,0x0002,4.0,,,,,,physicalInteraction1.pcapng
Power Plug 1,Socket,"Oct 28, 2023 13:13:57.069200",,52,,,,,,,,,,physicalInteraction1.pcapng
Unknown,Unknown,"Oct 28, 2023 13:13:57.071247",0.002047,5,,,0x0002,5.0,,,,,,physicalInteraction1.pcapng
Coordinator,Coordinator,"Oct 28, 2023 13:13:57.091830",,45,,,,,,,,,,physicalInteraction1.pcapng
Unknown,Unknown,"Oct 28, 2023 13:13:57.093622",0.001792,5,,,0x0002,227.0,,,,,,physicalInteraction1.pcapng
Smart Socket,Socket,"Oct 28, 2023 13:13:57.097410",,45,,,,,,,,,,physicalInteraction1.pcapng
Unknown,Unknown,"Oct 28, 2023 13:13:57.099192",0.001782,5,,,0x0002,42.0,,,,,,physicalInteraction1.pcapng
Coordinator,Coordinator,"Oct 28, 2023 13:13:57.116481",,50,,,,,,,,,,physicalInteraction1.pcapng
Unknown,Unknown,"Oct 28, 2023 13:13:57.118434",0.001953,5,,,0x0002,228.0,,,,,,physicalInteraction1.pcapng
Smart Socket,Socket,"Oct 28, 2023 13:13:57.122195",,50,,,,,,,,,,physicalInteraction1.pcapng
Unknown,Unknown,"Oct 28, 2023 13:13:57.124137",0.001942,5,,,0x0002,43.0,,,,,,physicalInteraction1.pcapng
Power Plug 1,Socket,"Oct 28, 2023 13:13:57.129030",,45,,,,,,,,,,physicalInteraction1.pcapng
Unknown,Unknown,"Oct 28, 2023 13:13:57.130853",0.001823,5,,,0x0002,6.0,,,,,,physicalInteraction1.pcapng
Smart Socket,Socket,"Oct 28, 2023 13:13:57.455321",,53,,,,,,,,,,physicalInteraction1.pcapng
Unknown,Unknown,"Oct 28, 2023 13:13:57.457400",0.002079,5,,,0x0002,44.0,,,,,,physicalInteraction1.pcapng
Coordinator,Coordinator,"Oct 28, 2023 13:13:57.472407",,45,,,,,,,,,,physicalInteraction1.pcapng
Unknown,Unknown,"Oct 28, 2023 13:13:57.474200",0.001793,5,,,0x0002,229.0,,,,,,physicalInteraction1.pcapng
Coordinator,Coordinator,"Oct 28, 2023 13:13:57.545169",0.070969,59,0x0000,0xffff,0x8841,230.0,0x0000,0xfffc,0x1209,,,physicalInteraction1.pcapng
Ledvance Z3 Plug,Socket,"Oct 28, 2023 13:13:57.551034",0.005865,77,0x4e11,0x0000,0x8861,206.0,0x4e11,0x0000,0x1a09,,,physicalInteraction1.pcapng
Unknown,Unknown,"Oct 28, 2023 13:13:57.553880",0.002846,5,,,0x0002,206.0,,,,,,physicalInteraction1.pcapng
Coordinator,Coordinator,"Oct 28, 2023 13:13:57.556151",0.002271,77,0x0000,0xffff,0x8841,231.0,0x0000,0xfffc,0x1209,,,physicalInteraction1.pcapng
Ledvance Smart+ Plug,Socket,"Oct 28, 2023 13:13:57.565366",0.009215,59,0x0112,0xffff,0x8841,83.0,0x0000,0xfffc,0x1209,,,physicalInteraction1.pcapng
Philips Lamp 2,Bulb,"Oct 28, 2023 13:13:57.585740",0.020374,59,0x5bb9,0xffff,0x8841,180.0,,,,,,physicalInteraction1.pcapng
Ledvance Smart+ Plug,Socket,"Oct 28, 2023 13:13:57.612217",0.026477,59,0x0112,0xffff,0x8841,84.0,0x0000,0xfffc,0x1209,,,physicalInteraction1.pcapng
Philips Lamp 3,Bulb,"Oct 28, 2023 13:13:57.656314",0.044097,59,0x711c,0xffff,0x8841,148.0,,,,,,physicalInteraction1.pcapng
Philips Lamp 1,Bulb,"Oct 28, 2023 13:13:57.697247",0.040933,59,0x1cd8,0xffff,0x8841,72.0,0x1cd8,0xfffc,0x1209,,,physicalInteraction1.pcapng
Smart Socket,Socket,"Oct 28, 2023 13:13:57.703428",0.006181,59,0xe1a6,0xffff,0x8841,45.0,0x0000,0xfffc,0x1209,,,physicalInteraction1.pcapng
Ledvance Z3 Plug,Socket,"Oct 28, 2023 13:13:57.706035",0.002607,59,0x4e11,0xffff,0x8841,207.0,,,,,,physicalInteraction1.pcapng
Philips Lamp 1,Bulb,"Oct 28, 2023 13:13:57.709583",0.003548,47,0x1cd8,0xffff,0x8841,73.0,0x1cd8,0xfffc,0x1209,,,physicalInteraction1.pcapng
Philips Lamp 3,Bulb,"Oct 28, 2023 13:13:57.713288",0.003705,59,0x711c,0xffff,0x8841,149.0,0x1cd8,0xfffc,0x1209,,,physicalInteraction1.pcapng
Ledvance Bulb,Bulb,"Oct 28, 2023 13:13:57.718020",0.004732,59,0xec7f,0xffff,0x8841,1.0,0x1cd8,0xfffc,0x1209,,,physicalInteraction1.pcapng
Coordinator,Coordinator,"Oct 28, 2023 13:13:57.722610",0.00459,77,0x0000,0x1cd8,0x8861,232.0,0x0000,0x1cd8,0x1a09,,,physicalInteraction1.pcapng
Unknown,Unknown,"Oct 28, 2023 13:13:57.725457",0.002847,5,,,0x0002,232.0,,,,,,physicalInteraction1.pcapng
Ledvance Z3 Plug,Socket,"Oct 28, 2023 13:13:57.728666",0.003209,77,0x4e11,0xe1a6,0x8861,208.0,0x4e11,0xe1a6,0x1a09,,,physicalInteraction1.pcapng
Unknown,Unknown,"Oct 28, 2023 13:13:57.731482",0.002816,5,,,0x0002,208.0,,,,,,physicalInteraction1.pcapng
Ledvance Smart+ Plug,Socket,"Oct 28, 2023 13:13:57.734657",0.003175,59,0x0112,0xffff,0x8841,85.0,,,,,,physicalInteraction1.pcapng
Smart Socket,Socket,"Oct 28, 2023 13:13:57.739576",0.004919,45,0xe1a6,0x0000,0x8861,46.0,0xe1a6,0x0000,0x0209,,,physicalInteraction1.pcapng
Unknown,Unknown,"Oct 28, 2023 13:13:57.741398",0.001822,5,,,0x0002,46.0,,,,,,physicalInteraction1.pcapng
Smart Socket,Socket,"Oct 28, 2023 13:13:57.743942",0.002544,45,0xe1a6,0x0000,0x8861,46.0,0xe1a6,0x0000,0x0209,,,physicalInteraction1.pcapng
Unknown,Unknown,"Oct 28, 2023 13:13:57.745765",0.001823,5,,,0x0002,46.0,,,,,,physicalInteraction1.pcapng
Smart Socket,Socket,"Oct 28, 2023 13:13:57.765347",0.019582,59,0xe1a6,0xffff,0x8841,47.0,0x1cd8,0xfffc,0x1209,,,physicalInteraction1.pcapng
Power Plug 1,Socket,"Oct 28, 2023 13:13:57.785151",0.019804,59,0x3d95,0xffff,0x8841,7.0,0x0000,0xfffc,0x1209,,,physicalInteraction1.pcapng
Power Plug 2,Socket,"Oct 28, 2023 13:13:57.815374",0.030223,59,0xa706,0xffff,0x8841,54.0,0x1cd8,0xfffc,0x1209,,,physicalInteraction1.pcapng
Philips Lamp 1,Bulb,"Oct 28, 2023 13:13:57.830081",,48,,,,,,,,,,physicalInteraction1.pcapng
Unknown,Unknown,"Oct 28, 2023 13:13:57.832000",0.001919,5,,,0x0002,74.0,,,,,,physicalInteraction1.pcapng
Power Plug 1,Socket,"Oct 28, 2023 13:13:57.841078",0.009078,59,0x3d95,0xffff,0x8841,8.0,0x1cd8,0xfffc,0x1209,,,physicalInteraction1.pcapng
Coordinator,Coordinator,"Oct 28, 2023 13:13:57.849664",0.008586,59,0x0000,0xffff,0x8841,233.0,0x0000,0xfffc,0x1209,,,physicalInteraction1.pcapng
Coordinator,Coordinator,"Oct 28, 2023 13:13:57.858128",,62,,,,,,,,,,physicalInteraction1.pcapng
Unknown,Unknown,"Oct 28, 2023 13:13:57.860495",0.002367,5,,,0x0002,234.0,,,,,,physicalInteraction1.pcapng
Coordinator,Coordinator,"Oct 28, 2023 13:13:57.864277",,45,,,,,,,,,,physicalInteraction1.pcapng
Unknown,Unknown,"Oct 28, 2023 13:13:57.866100",0.001823,5,,,0x0002,235.0,,,,,,physicalInteraction1.pcapng
Philips Lamp 1,Bulb,"Oct 28, 2023 13:13:57.869479",0.003379,55,0x1cd8,0x0000,0x8861,75.0,0x1cd8,0x0000,0x1a09,,,physicalInteraction1.pcapng
Unknown,Unknown,"Oct 28, 2023 13:13:57.871622",0.002143,5,,,0x0002,75.0,,,,,,physicalInteraction1.pcapng
Coordinator,Coordinator,"Oct 28, 2023 13:13:57.873362",,45,,,,,,,,,,physicalInteraction1.pcapng
Unknown,Unknown,"Oct 28, 2023 13:13:57.875185",0.001823,5,,,0x0002,236.0,,,,,,physicalInteraction1.pcapng
Philips Lamp 1,Bulb,"Oct 28, 2023 13:13:57.876637",0.001452,55,0x1cd8,0x0000,0x8861,76.0,0x1cd8,0x0000,0x1a09,,,physicalInteraction1.pcapng
Unknown,Unknown,"Oct 28, 2023 13:13:57.878780",0.002143,5,,,0x0002,76.0,,,,,,physicalInteraction1.pcapng
Philips Lamp 2,Bulb,"Oct 28, 2023 13:13:57.882891",0.004111,59,0x5bb9,0xffff,0x8841,181.0,0x1cd8,0xfffc,0x1209,,,physicalInteraction1.pcapng
Philips Lamp 1,Bulb,"Oct 28, 2023 13:13:57.902049",0.019158,59,0x1cd8,0xffff,0x8841,77.0,0x0000,0xfffc,0x1209,,,physicalInteraction1.pcapng
Moes Bulb,Bulb,"Oct 28, 2023 13:13:57.911366",0.009317,59,0x1e15,0xffff,0x8841,24.0,0x0000,0xfffc,0x1209,,,physicalInteraction1.pcapng
Philips Lamp 1,Bulb,"Oct 28, 2023 13:13:57.916414",,58,,,,,,,,,,physicalInteraction1.pcapng
Unknown,Unknown,"Oct 28, 2023 13:13:57.918653",0.002239,5,,,0x0002,78.0,,,,,,physicalInteraction1.pcapng
Philips Lamp 1,Bulb,"Oct 28, 2023 13:13:57.920572",,45,,,,,,,,,,physicalInteraction1.pcapng
Unknown,Unknown,"Oct 28, 2023 13:13:57.922395",0.001823,5,,,0x0002,79.0,,,,,,physicalInteraction1.pcapng
Philips Lamp 2,Bulb,"Oct 28, 2023 13:13:57.930766",0.008371,59,0x5bb9,0xffff,0x8841,182.0,0x0000,0xfffc,0x1209,,,physicalInteraction1.pcapng
Philips Lamp 3,Bulb,"Oct 28, 2023 13:13:57.943446",0.01268,59,0x711c,0xffff,0x8841,150.0,,,,,,physicalInteraction1.pcapng
Coordinator,Coordinator,"Oct 28, 2023 13:13:57.946970",,90,,,,,,,,,,physicalInteraction1.pcapng
Unknown,Unknown,"Oct 28, 2023 13:13:57.950233",0.003263,5,,,0x0002,237.0,,,,,,physicalInteraction1.pcapng
Ledvance Z3 Plug,Socket,"Oct 28, 2023 13:13:57.954423",0.00419,77,0x4e11,0xe1a6,0x8861,209.0,0x4e11,0xe1a6,0x1a09,,,physicalInteraction1.pcapng
Unknown,Unknown,"Oct 28, 2023 13:13:57.957241",0.002818,5,,,0x0002,209.0,,,,,,physicalInteraction1.pcapng
Smart Socket,Socket,"Oct 28, 2023 13:13:57.958071",0.00083,59,0xe1a6,0xffff,0x8841,48.0,0x0000,0xfffc,0x1209,,,physicalInteraction1.pcapng
Philips Lamp 1,Bulb,"Oct 28, 2023 13:13:57.960630",0.002559,55,0x1cd8,0x0000,0x8861,80.0,0x1cd8,0x0000,0x1a09,,,physicalInteraction1.pcapng
Unknown,Unknown,"Oct 28, 2023 13:13:57.962773",0.002143,5,,,0x0002,80.0,,,,,,physicalInteraction1.pcapng
Philips Lamp 1,Bulb,"Oct 28, 2023 13:13:57.964733",0.00196,55,0x1cd8,0x0000,0x8861,80.0,0x1cd8,0x0000,0x1a09,,,physicalInteraction1.pcapng
Unknown,Unknown,"Oct 28, 2023 13:13:57.966876",0.002143,5,,,0x0002,80.0,,,,,,physicalInteraction1.pcapng
Ledvance Z3 Plug,Socket,"Oct 28, 2023 13:13:57.970932",0.004056,59,0x4e11,0xffff,0x8841,210.0,0x1cd8,0xfffc,0x1209,,,physicalInteraction1.pcapng
Smart Socket,Socket,"Oct 28, 2023 13:13:57.982836",0.011904,45,0xe1a6,0x0000,0x8861,49.0,0xe1a6,0x0000,0x0209,,,physicalInteraction1.pcapng
Unknown,Unknown,"Oct 28, 2023 13:13:57.984659",0.001823,5,,,0x0002,49.0,,,,,,physicalInteraction1.pcapng
Philips Lamp 1,Bulb,"Oct 28, 2023 13:13:58.004426",,65,,,,,,,,,,physicalInteraction1.pcapng
Unknown,Unknown,"Oct 28, 2023 13:13:58.006889",0.002463,5,,,0x0002,81.0,,,,,,physicalInteraction1.pcapng
Philips Lamp 1,Bulb,"Oct 28, 2023 13:13:58.013869",0.00698,59,0x1cd8,0xffff,0x8841,82.0,0x1cd8,0xfffc,0x1209,,,physicalInteraction1.pcapng
Smart Socket,Socket,"Oct 28, 2023 13:13:58.019473",0.005604,59,0xe1a6,0xffff,0x8841,50.0,0x1cd8,0xfffc,0x1209,,,physicalInteraction1.pcapng
Coordinator,Coordinator,"Oct 28, 2023 13:13:58.025428",,39,,,,,,,,,,physicalInteraction1.pcapng
Unknown,Unknown,"Oct 28, 2023 13:13:58.027059",0.001631,5,,,0x0002,238.0,,,,,,physicalInteraction1.pcapng
Coordinator,Coordinator,"Oct 28, 2023 13:13:58.031517",,67,,,,,,,,,,physicalInteraction1.pcapng
Unknown,Unknown,"Oct 28, 2023 13:13:58.034045",0.002528,5,,,0x0002,239.0,,,,,,physicalInteraction1.pcapng
Ledvance Bulb,Bulb,"Oct 28, 2023 13:13:58.036793",0.002748,59,0xec7f,0xffff,0x8841,3.0,0x1cd8,0xfffc,0x1209,,,physicalInteraction1.pcapng
Power Plug 1,Socket,"Oct 28, 2023 13:13:58.039454",0.002661,59,0x3d95,0xffff,0x8841,9.0,0x0000,0xfffc,0x1209,,,physicalInteraction1.pcapng
Philips Lamp 1,Bulb,"Oct 28, 2023 13:13:58.043690",0.004236,55,0x1cd8,0x0000,0x8861,83.0,0x1cd8,0x0000,0x1a09,,,physicalInteraction1.pcapng
Unknown,Unknown,"Oct 28, 2023 13:13:58.045833",0.002143,5,,,0x0002,83.0,,,,,,physicalInteraction1.pcapng
Power Plug 2,Socket,"Oct 28, 2023 13:13:58.069509",0.023676,59,0xa706,0xffff,0x8841,56.0,,,,,,physicalInteraction1.pcapng
Philips Lamp 3,Bulb,"Oct 28, 2023 13:13:58.084179",0.01467,59,0x711c,0xffff,0x8841,151.0,0x1cd8,0xfffc,0x1209,,,physicalInteraction1.pcapng
Philips Lamp 1,Bulb,"Oct 28, 2023 13:13:58.086993",,48,,,,,,,,,,physicalInteraction1.pcapng
Unknown,Unknown,"Oct 28, 2023 13:13:58.088912",0.001919,5,,,0x0002,84.0,,,,,,physicalInteraction1.pcapng
Power Plug 1,Socket,"Oct 28, 2023 13:13:58.095249",0.006337,59,0x3d95,0xffff,0x8841,10.0,0x1cd8,0xfffc,0x1209,,,physicalInteraction1.pcapng
Coordinator,Coordinator,"Oct 28, 2023 13:13:58.129702",0.034453,77,0x0000,0x1cd8,0x8861,240.0,0x0000,0x1cd8,0x1a09,,,physicalInteraction1.pcapng
Unknown,Unknown,"Oct 28, 2023 13:13:58.132549",0.002847,5,,,0x0002,240.0,,,,,,physicalInteraction1.pcapng
Ledvance Bulb,Bulb,"Oct 28, 2023 13:13:58.133145",0.000596,59,0xec7f,0xffff,0x8841,4.0,0x0000,0xfffc,0x1209,,,physicalInteraction1.pcapng
Moes Bulb,Bulb,"Oct 28, 2023 13:13:58.165433",0.032288,59,0x1e15,0xffff,0x8841,26.0,0x0000,0xfffc,0x1209,,,physicalInteraction1.pcapng
Philips Lamp 2,Bulb,"Oct 28, 2023 13:13:58.169519",0.004086,59,0x5bb9,0xffff,0x8841,183.0,,,,,,physicalInteraction1.pcapng
Philips Lamp 1,Bulb,"Oct 28, 2023 13:13:58.193020",0.023501,59,0x1cd8,0xffff,0x8841,85.0,0x0000,0xfffc,0x1209,,,physicalInteraction1.pcapng
Coordinator,Coordinator,"Oct 28, 2023 13:13:58.197243",0.004223,59,0x0000,0xffff,0x8841,241.0,0x0000,0xfffc,0x1209,,,physicalInteraction1.pcapng
Smart Socket,Socket,"Oct 28, 2023 13:13:58.211650",0.014407,59,0xe1a6,0xffff,0x8841,51.0,0x0000,0xfffc,0x1209,,,physicalInteraction1.pcapng
Moes Bulb,Bulb,"Oct 28, 2023 13:13:58.217194",0.005544,59,0x1e15,0xffff,0x8841,27.0,0x1cd8,0xfffc,0x1209,,,physicalInteraction1.pcapng
Ledvance Smart+ Plug,Socket,"Oct 28, 2023 13:13:58.223376",0.006182,59,0x0112,0xffff,0x8841,88.0,0x0000,0xfffc,0x1209,,,physicalInteraction1.pcapng
Philips Lamp 3,Bulb,"Oct 28, 2023 13:13:58.269965",0.046589,59,0x711c,0xffff,0x8841,152.0,0x0000,0xfffc,0x1209,,,physicalInteraction1.pcapng
Smart Socket,Socket,"Oct 28, 2023 13:13:58.273474",0.003509,59,0xe1a6,0xffff,0x8841,52.0,0x1cd8,0xfffc,0x1209,,,physicalInteraction1.pcapng
Philips Lamp 2,Bulb,"Oct 28, 2023 13:13:58.289329",0.015855,59,0x5bb9,0xffff,0x8841,184.0,,,,,,physicalInteraction1.pcapng
Power Plug 1,Socket,"Oct 28, 2023 13:13:58.293557",0.004228,59,0x3d95,0xffff,0x8841,11.0,0x0000,0xfffc,0x1209,,,physicalInteraction1.pcapng
Ledvance Bulb,Bulb,"Oct 28, 2023 13:13:58.299696",0.006139,59,0xec7f,0xffff,0x8841,5.0,0x1cd8,0xfffc,0x1209,,,physicalInteraction1.pcapng
Unknown,Unknown,"Oct 28, 2023 13:13:58.323536",0.02384,59,,,,,,,,,,physicalInteraction1.pcapng
Philips Lamp 1,Bulb,"Oct 28, 2023 13:13:58.332923",0.009387,59,0x1cd8,0xffff,0x8841,86.0,0x1cd8,0xfffc,0x1209,,,physicalInteraction1.pcapng
Power Plug 1,Socket,"Oct 28, 2023 13:13:58.349324",0.016401,59,0x3d95,0xffff,0x8841,12.0,,,,,,physicalInteraction1.pcapng
Ledvance Z3 Plug,Socket,"Oct 28, 2023 13:13:58.354922",0.005598,77,0x4e11,0xe1a6,0x8861,212.0,0x4e11,0xe1a6,0x1a09,,,physicalInteraction1.pcapng
Unknown,Unknown,"Oct 28, 2023 13:13:58.357738",0.002816,5,,,0x0002,212.0,,,,,,physicalInteraction1.pcapng
Smart Socket,Socket,"Oct 28, 2023 13:13:58.361571",0.003833,45,0xe1a6,0x0000,0x8861,53.0,0xe1a6,0x0000,0x0209,,,physicalInteraction1.pcapng
Unknown,Unknown,"Oct 28, 2023 13:13:58.363394",0.001823,5,,,0x0002,53.0,,,,,,physicalInteraction1.pcapng
Philips Lamp 3,Bulb,"Oct 28, 2023 13:13:58.375351",0.011957,59,0x711c,0xffff,0x8841,153.0,,,,,,physicalInteraction1.pcapng
Ledvance Bulb,Bulb,"Oct 28, 2023 13:13:58.421172",0.045821,59,0xec7f,0xffff,0x8841,6.0,0x0000,0xfffc,0x1209,,,physicalInteraction1.pcapng
Moes Bulb,Bulb,"Oct 28, 2023 13:13:58.471248",0.050076,59,0x1e15,0xffff,0x8841,28.0,0x1cd8,0xfffc,0x1209,,,physicalInteraction1.pcapng
Philips Lamp 2,Bulb,"Oct 28, 2023 13:13:58.480951",0.009703,59,0x5bb9,0xffff,0x8841,185.0,0x1cd8,0xfffc,0x1209,,,physicalInteraction1.pcapng
Coordinator,Coordinator,"Oct 28, 2023 13:13:58.538252",0.057301,77,0x0000,0x1cd8,0x8861,242.0,0x0000,0x1cd8,0x1a09,,,physicalInteraction1.pcapng
Unknown,Unknown,"Oct 28, 2023 13:13:58.541099",0.002847,5,,,0x0002,242.0,,,,,,physicalInteraction1.pcapng
Philips Lamp 1,Bulb,"Oct 28, 2023 13:13:58.545797",0.004698,59,0x1cd8,0xffff,0x8841,87.0,0x0000,0xfffc,0x1209,,,physicalInteraction1.pcapng
Coordinator,Coordinator,"Oct 28, 2023 13:13:58.581172",0.035375,59,0x0000,0xffff,0x8841,243.0,0x0000,0xfffc,0x1209,,,physicalInteraction1.pcapng
Philips Lamp 1,Bulb,"Oct 28, 2023 13:13:58.619506",0.038334,59,0x1cd8,0xffff,0x8841,88.0,0x1cd8,0xfffc,0x1209,,,physicalInteraction1.pcapng
Ledvance Z3 Plug,Socket,"Oct 28, 2023 13:13:58.754190",0.134684,77,0x4e11,0xe1a6,0x8861,213.0,0x4e11,0xe1a6,0x1a09,,,physicalInteraction1.pcapng
Unknown,Unknown,"Oct 28, 2023 13:13:58.756996",0.002806,5,,,0x0002,213.0,,,,,,physicalInteraction1.pcapng
Smart Socket,Socket,"Oct 28, 2023 13:13:58.761026",0.00403,45,0xe1a6,0x0000,0x8861,54.0,0xe1a6,0x0000,0x0209,,,physicalInteraction1.pcapng
Unknown,Unknown,"Oct 28, 2023 13:13:58.762849",0.001823,5,,,0x0002,54.0,,,,,,physicalInteraction1.pcapng
Ledvance Bulb,Bulb,"Oct 28, 2023 13:13:58.772985",0.010136,59,0xec7f,0xffff,0x8841,7.0,0x0000,0xfffc,0x1209,,,physicalInteraction1.pcapng
Philips Lamp 1,Bulb,"Oct 28, 2023 13:13:58.856970",0.083985,59,0x1cd8,0xffff,0x8841,89.0,0x0000,0xfffc,0x1209,,,physicalInteraction1.pcapng
Unknown,Unknown,"Oct 28, 2023 13:13:58.940451",0.083481,10,,,0x0803,90.0,,,,,,physicalInteraction1.pcapng
Philips Lamp 3,Bulb,"Oct 28, 2023 13:13:58.947792",0.007341,28,0x711c,,0x8000,154.0,,,,,,physicalInteraction1.pcapng
Power Plug 1,Socket,"Oct 28, 2023 13:13:58.950471",0.002679,28,0x3d95,,0x8000,13.0,,,,,,physicalInteraction1.pcapng
Ledvance Z3 Plug,Socket,"Oct 28, 2023 13:13:58.955013",0.004542,28,0x4e11,,0x8000,227.0,,,,,,physicalInteraction1.pcapng
Smart Socket,Socket,"Oct 28, 2023 13:13:58.957164",0.002151,28,0xe1a6,,0x8000,55.0,,,,,,physicalInteraction1.pcapng
Ledvance Bulb,Bulb,"Oct 28, 2023 13:13:58.984692",0.027528,28,0xec7f,,0x8000,100.0,,,,,,physicalInteraction1.pcapng
Ledvance Smart+ Plug,Socket,"Oct 28, 2023 13:13:58.986139",0.001447,28,0x0112,,0x8000,2.0,,,,,,physicalInteraction1.pcapng
Coordinator,Coordinator,"Oct 28, 2023 13:13:59.037495",0.051356,28,0x0000,,0x8000,244.0,,,,,,physicalInteraction1.pcapng
Moes Bulb,Bulb,"Oct 28, 2023 13:13:59.050120",0.012625,28,0x1e15,,0x8000,29.0,,,,,,physicalInteraction1.pcapng
Power Plug 2,Socket,"Oct 28, 2023 13:13:59.054207",0.004087,28,0xa706,,0x8000,59.0,,,,,,physicalInteraction1.pcapng
Ledvance Bulb,Bulb,"Oct 28, 2023 13:13:59.147103",0.092896,59,0xec7f,0xffff,0x8841,8.0,0x0000,0xfffc,0x1209,,,physicalInteraction1.pcapng
Unknown,Unknown,"Oct 28, 2023 13:13:59.293463",0.14636,52,0xa606,0x0000,0x8861,60.0,,,,,,physicalInteraction1.pcapng
Unknown,Unknown,"Oct 28, 2023 13:13:59.295510",0.002047,5,,,0x0002,60.0,,,,,,physicalInteraction1.pcapng
Coordinator,Coordinator,"Oct 28, 2023 13:13:59.336614",,50,,,,,,,,,,physicalInteraction1.pcapng
Power Plug 2,Socket,"Oct 28, 2023 13:13:59.348597",0.011983,45,0xa706,0x0000,0x8861,61.0,,,,,,physicalInteraction1.pcapng
Unknown,Unknown,"Oct 28, 2023 13:13:59.350420",0.001823,5,,,0x0002,61.0,,,,,,physicalInteraction1.pcapng
Aqara Button,Button,"Oct 28, 2023 13:13:59.562654",,53,,,,,,,,,,physicalInteraction1.pcapng
Aqara Button,Button,"Oct 28, 2023 13:13:59.567110",,53,,,,,,,,,,physicalInteraction1.pcapng
Aqara Button,Button,"Oct 28, 2023 13:13:59.571566",,53,,,,,,,,,,physicalInteraction1.pcapng
Aqara Button,Button,"Oct 28, 2023 13:13:59.575703",,53,,,,,,,,,,physicalInteraction1.pcapng
Philips Lamp 1,Bulb,"Oct 28, 2023 13:14:00.223574",0.647871,59,0x1cd8,0xffff,0x8841,106.0,0x0000,0xfffc,0x1209,,,physicalInteraction1.pcapng
Philips Motion,Motion,"Oct 28, 2023 13:14:00.380920",0.157346,12,0x059b,0xec7f,0x8863,242.0,,,,,,physicalInteraction1.pcapng
Unknown,Unknown,"Oct 28, 2023 13:14:00.381673",0.000753,5,,,0x0002,242.0,,,,,,physicalInteraction1.pcapng
Power Plug 1,Socket,"Oct 28, 2023 13:14:00.451398",,53,,,,,,,,,,physicalInteraction1.pcapng
Unknown,Unknown,"Oct 28, 2023 13:14:00.453477",0.002079,5,,,0x0002,14.0,,,,,,physicalInteraction1.pcapng
Power Plug 1,Socket,"Oct 28, 2023 13:14:00.454408",,53,,,,,,,,,,physicalInteraction1.pcapng
Unknown,Unknown,"Oct 28, 2023 13:14:00.456487",0.002079,5,,,0x0002,15.0,,,,,,physicalInteraction1.pcapng
Coordinator,Coordinator,"Oct 28, 2023 13:14:00.476236",,45,,,,,,,,,,physicalInteraction1.pcapng
Unknown,Unknown,"Oct 28, 2023 13:14:00.478029",0.001793,5,,,0x0002,246.0,,,,,,physicalInteraction1.pcapng
Smart Socket,Socket,"Oct 28, 2023 13:14:00.481815",,45,,,,,,,,,,physicalInteraction1.pcapng
Unknown,Unknown,"Oct 28, 2023 13:14:00.483608",0.001793,5,,,0x0002,56.0,,,,,,physicalInteraction1.pcapng
Coordinator,Coordinator,"Oct 28, 2023 13:14:00.488769",,45,,,,,,,,,,physicalInteraction1.pcapng
Unknown,Unknown,"Oct 28, 2023 13:14:00.490561",0.001792,5,,,0x0002,247.0,,,,,,physicalInteraction1.pcapng
Smart Socket,Socket,"Oct 28, 2023 13:14:00.494295",,45,,,,,,,,,,physicalInteraction1.pcapng
Unknown,Unknown,"Oct 28, 2023 13:14:00.496087",0.001792,5,,,0x0002,57.0,,,,,,physicalInteraction1.pcapng
Aqara Button,Button,"Oct 28, 2023 13:14:00.841746",,53,,,,,,,,,,physicalInteraction1.pcapng
Unknown,Unknown,"Oct 28, 2023 13:14:00.843825",0.002079,5,,,0x0002,132.0,,,,,,physicalInteraction1.pcapng
Philips Lamp 1,Bulb,"Oct 28, 2023 13:14:00.846849",0.003024,57,0x1cd8,0x0000,0x8861,107.0,0xc31c,0x0000,0x1a09,,,physicalInteraction1.pcapng
Unknown,Unknown,"Oct 28, 2023 13:14:00.849056",0.002207,5,,,0x0002,107.0,,,,,,physicalInteraction1.pcapng
Philips Lamp 1,Bulb,"Oct 28, 2023 13:14:00.894749",,53,,,,,,,,,,physicalInteraction1.pcapng
Unknown,Unknown,"Oct 28, 2023 13:14:00.896828",0.002079,5,,,0x0002,108.0,,,,,,physicalInteraction1.pcapng
Ledvance Bulb,Bulb,"Oct 28, 2023 13:14:00.975082",0.078254,77,0xec7f,0xffff,0x8841,9.0,0xec7f,0xfffc,0x1209,,,physicalInteraction1.pcapng
Philips Lamp 2,Bulb,"Oct 28, 2023 13:14:01.156740",0.181658,74,0x5bb9,0xffff,0x8841,187.0,0x5bb9,0xfffc,0x1209,,,physicalInteraction1.pcapng
Philips Lamp 1,Bulb,"Oct 28, 2023 13:14:01.726731",,65,,,,,,,,,,physicalInteraction1.pcapng
Ledvance Bulb,Bulb,"Oct 28, 2023 13:14:01.734441",0.00771,77,0xec7f,0xffff,0x8841,10.0,0xec7f,0xfffc,0x1209,,,physicalInteraction1.pcapng
Ledvance Z3 Plug,Socket,"Oct 28, 2023 13:14:01.743859",,65,,,,,,,,,,physicalInteraction1.pcapng
Coordinator,Coordinator,"Oct 28, 2023 13:14:01.751459",,65,,,,,,,,,,physicalInteraction1.pcapng
Power Plug 1,Socket,"Oct 28, 2023 13:14:01.768926",,65,,,,,,,,,,physicalInteraction1.pcapng
Power Plug 2,Socket,"Oct 28, 2023 13:14:01.773363",,65,,,,,,,,,,physicalInteraction1.pcapng
Ledvance Bulb,Bulb,"Oct 28, 2023 13:14:01.776025",,65,,,,,,,,,,physicalInteraction1.pcapng
Coordinator,Coordinator,"Oct 28, 2023 13:14:01.780817",,49,,,,,,,,,,physicalInteraction1.pcapng
Unknown,Unknown,"Oct 28, 2023 13:14:01.782768",0.001951,5,,,0x0002,249.0,,,,,,physicalInteraction1.pcapng
Smart Socket,Socket,"Oct 28, 2023 13:14:01.783310",,65,,,,,,,,,,physicalInteraction1.pcapng
Philips Lamp 3,Bulb,"Oct 28, 2023 13:14:01.787352",0.004042,106,0x711c,0xffff,0x886a,156.0,,,,,,physicalInteraction1.pcapng
Unknown,Unknown,"Oct 28, 2023 13:14:01.793682",0.00633,101,,,0x0065,136.0,,,,,,physicalInteraction1.pcapng
Philips Lamp 1,Bulb,"Oct 28, 2023 13:14:01.807437",0.013755,55,0x1cd8,0x0000,0x8861,110.0,0x1cd8,0x0000,0x1a09,,,physicalInteraction1.pcapng
Unknown,Unknown,"Oct 28, 2023 13:14:01.809580",0.002143,5,,,0x0002,110.0,,,,,,physicalInteraction1.pcapng
Philips Lamp 1,Bulb,"Oct 28, 2023 13:14:01.814119",0.004539,55,0x1cd8,0x0000,0x8861,110.0,0x1cd8,0x0000,0x1a09,,,physicalInteraction1.pcapng
Unknown,Unknown,"Oct 28, 2023 13:14:01.816261",0.002142,5,,,0x0002,110.0,,,,,,physicalInteraction1.pcapng
Philips Lamp 1,Bulb,"Oct 28, 2023 13:14:01.834594",,50,,,,,,,,,,physicalInteraction1.pcapng
Unknown,Unknown,"Oct 28, 2023 13:14:01.836577",0.001983,5,,,0x0002,111.0,,,,,,physicalInteraction1.pcapng
Philips Lamp 1,Bulb,"Oct 28, 2023 13:14:01.865994",0.029417,77,0x1cd8,0xffff,0x8841,112.0,0x1cd8,0xfffc,0x1209,,,physicalInteraction1.pcapng
Moes Bulb,Bulb,"Oct 28, 2023 13:14:01.990388",,65,,,,,,,,,,physicalInteraction1.pcapng
Power Plug 1,Socket,"Oct 28, 2023 13:14:02.014760",,65,,,,,,,,,,physicalInteraction1.pcapng
Smart Socket,Socket,"Oct 28, 2023 13:14:02.027675",,65,,,,,,,,,,physicalInteraction1.pcapng
Coordinator,Coordinator,"Oct 28, 2023 13:14:02.202348",,65,,,,,,,,,,physicalInteraction1.pcapng
Philips Lamp 1,Bulb,"Oct 28, 2023 13:14:02.216968",,65,,,,,,,,,,physicalInteraction1.pcapng
Moes Bulb,Bulb,"Oct 28, 2023 13:14:02.236095",,65,,,,,,,,,,physicalInteraction1.pcapng
Ledvance Bulb,Bulb,"Oct 28, 2023 13:14:02.242543",,65,,,,,,,,,,physicalInteraction1.pcapng
Power Plug 1,Socket,"Oct 28, 2023 13:14:02.260510",,65,,,,,,,,,,physicalInteraction1.pcapng
Power Plug 2,Socket,"Oct 28, 2023 13:14:02.266957",,65,,,,,,,,,,physicalInteraction1.pcapng
Smart Socket,Socket,"Oct 28, 2023 13:14:02.273501",,65,,,,,,,,,,physicalInteraction1.pcapng
Ledvance Smart+ Plug,Socket,"Oct 28, 2023 13:14:02.323929",,65,,,,,,,,,,physicalInteraction1.pcapng
Smart Socket,Socket,"Oct 28, 2023 13:14:02.456156",,53,,,,,,,,,,physicalInteraction1.pcapng
Unknown,Unknown,"Oct 28, 2023 13:14:02.458235",0.002079,5,,,0x0002,61.0,,,,,,physicalInteraction1.pcapng
Coordinator,Coordinator,"Oct 28, 2023 13:14:02.472647",,45,,,,,,,,,,physicalInteraction1.pcapng
Unknown,Unknown,"Oct 28, 2023 13:14:02.474439",0.001792,5,,,0x0002,251.0,,,,,,physicalInteraction1.pcapng
Coordinator,Coordinator,"Oct 28, 2023 13:14:02.649019",,65,,,,,,,,,,physicalInteraction1.pcapng
Aqara Door 1,Door,"Oct 28, 2023 13:14:02.704333",,52,,,,,,,,,,physicalInteraction1.pcapng
Unknown,Unknown,"Oct 28, 2023 13:14:02.706380",0.002047,5,,,0x0002,101.0,,,,,,physicalInteraction1.pcapng
Ledvance Bulb,Bulb,"Oct 28, 2023 13:14:02.712340",,65,,,,,,,,,,physicalInteraction1.pcapng
Philips Lamp 1,Bulb,"Oct 28, 2023 13:14:02.722576",,65,,,,,,,,,,physicalInteraction1.pcapng
Power Plug 2,Socket,"Oct 28, 2023 13:14:03.138988",0.416412,52,0xa706,0x0000,0x8861,145.0,,,,,,physicalInteraction1.pcapng
Unknown,Unknown,"Oct 28, 2023 13:14:03.141034",0.002046,5,,,0x0002,65.0,,,,,,physicalInteraction1.pcapng
Coordinator,Coordinator,"Oct 28, 2023 13:14:03.182949",,50,,,,,,,,,,physicalInteraction1.pcapng
Unknown,Unknown,"Oct 28, 2023 13:14:03.187714",0.004765,50,0x71cc,0xa706,0x8861,158.0,,,,,,physicalInteraction1.pcapng
Unknown,Unknown,"Oct 28, 2023 13:14:03.189666",0.001952,5,,,0xd002,142.0,,,,,,physicalInteraction1.pcapng
Unknown,Unknown,"Oct 28, 2023 13:14:03.196443",0.006777,5,,,0x0002,66.0,,,,,,physicalInteraction1.pcapng
Ledvance Smart+ Plug,Socket,"Oct 28, 2023 13:14:03.488669",0.292226,77,0x0112,0xffff,0x8841,91.0,0x0112,0xfffc,0x1209,,,physicalInteraction1.pcapng
Aqara Button,Button,"Oct 28, 2023 13:14:04.146405",,53,,,,,,,,,,physicalInteraction1.pcapng
Unknown,Unknown,"Oct 28, 2023 13:14:04.148484",0.002079,5,,,0x0002,133.0,,,,,,physicalInteraction1.pcapng
Philips Lamp 1,Bulb,"Oct 28, 2023 13:14:04.160476",0.011992,57,0x1cd8,0x0000,0x8861,115.0,0xc31c,0x0000,0x1a09,,,physicalInteraction1.pcapng
Unknown,Unknown,"Oct 28, 2023 13:14:04.162683",0.002207,5,,,0x0002,115.0,,,,,,physicalInteraction1.pcapng
Philips Lamp 1,Bulb,"Oct 28, 2023 13:14:04.200203",,53,,,,,,,,,,physicalInteraction1.pcapng
Unknown,Unknown,"Oct 28, 2023 13:14:04.202282",0.002079,5,,,0x0002,116.0,,,,,,physicalInteraction1.pcapng
Coordinator,Coordinator,"Oct 28, 2023 13:14:04.250760",,48,,,,,,,,,,physicalInteraction1.pcapng
Unknown,Unknown,"Oct 28, 2023 13:14:04.252649",0.001889,5,,,0x0002,254.0,,,,,,physicalInteraction1.pcapng
Smart Socket,Socket,"Oct 28, 2023 13:14:04.256305",,48,,,,,,,,,,physicalInteraction1.pcapng
Unknown,Unknown,"Oct 28, 2023 13:14:04.258191",0.001886,5,,,0x0002,62.0,,,,,,physicalInteraction1.pcapng
Moes Bulb,Bulb,"Oct 28, 2023 13:14:04.265901",,50,,,,,,,,,,physicalInteraction1.pcapng
Unknown,Unknown,"Oct 28, 2023 13:14:04.267884",0.001983,5,,,0x0002,33.0,,,,,,physicalInteraction1.pcapng
Philips Motion,Motion,"Oct 28, 2023 13:14:05.366890",1.099006,12,0x059b,0xec7f,0x8863,243.0,,,,,,physicalInteraction1.pcapng
Unknown,Unknown,"Oct 28, 2023 13:14:05.367643",0.000753,5,,,0x0002,243.0,,,,,,physicalInteraction1.pcapng
Aqara Door 1,Door,"Oct 28, 2023 13:14:05.418669",,52,,,,,,,,,,physicalInteraction1.pcapng
Unknown,Unknown,"Oct 28, 2023 13:14:05.420716",0.002047,5,,,0x0002,102.0,,,,,,physicalInteraction1.pcapng
Aqara Door 2,Door,"Oct 28, 2023 13:14:05.496814",,52,,,,,,,,,,physicalInteraction1.pcapng
Unknown,Unknown,"Oct 28, 2023 13:14:05.498832",0.002018,5,,,0x0002,45.0,,,,,,physicalInteraction1.pcapng
Smart Socket,Socket,"Oct 28, 2023 13:14:05.502606",,52,,,,,,,,,,physicalInteraction1.pcapng
Unknown,Unknown,"Oct 28, 2023 13:14:05.504653",0.002047,5,,,0x0002,63.0,,,,,,physicalInteraction1.pcapng
Philips Motion,Motion,"Oct 28, 2023 13:14:05.731136",,52,,,,,,,,,,physicalInteraction1.pcapng
Unknown,Unknown,"Oct 28, 2023 13:14:05.733170",0.002034,5,,,0x0002,244.0,,,,,,physicalInteraction1.pcapng
Ledvance Bulb,Bulb,"Oct 28, 2023 13:14:05.736658",0.003488,57,0xec7f,0x0000,0x8861,14.0,0x059b,0x0000,0x1a09,,,physicalInteraction1.pcapng
Unknown,Unknown,"Oct 28, 2023 13:14:05.738865",0.002207,5,,,0x0002,14.0,,,,,,physicalInteraction1.pcapng
Philips Motion,Motion,"Oct 28, 2023 13:14:05.740341",0.001476,12,0x059b,0xec7f,0x8863,245.0,,,,,,physicalInteraction1.pcapng
Unknown,Unknown,"Oct 28, 2023 13:14:05.741095",0.000754,5,,,0x0002,245.0,,,,,,physicalInteraction1.pcapng
Ledvance Bulb,Bulb,"Oct 28, 2023 13:14:05.784082",,52,,,,,,,,,,physicalInteraction1.pcapng
Unknown,Unknown,"Oct 28, 2023 13:14:05.786128",0.002046,5,,,0x0002,15.0,,,,,,physicalInteraction1.pcapng
Coordinator,Coordinator,"Oct 28, 2023 13:14:05.827869",,54,,,,,,,,,,physicalInteraction1.pcapng
Unknown,Unknown,"Oct 28, 2023 13:14:05.829966",0.002097,5,,,0x0002,255.0,,,,,,physicalInteraction1.pcapng
Philips Lamp 1,Bulb,"Oct 28, 2023 13:14:05.964386",0.13442,77,0x1cd8,0xffff,0x8841,117.0,0x1cd8,0xfffc,0x1209,,,physicalInteraction1.pcapng
Ledvance Bulb,Bulb,"Oct 28, 2023 13:14:05.970377",0.005991,77,0xec7f,0xffff,0x8841,16.0,0xec7f,0xfffc,0x1209,,,physicalInteraction1.pcapng
Philips Motion,Motion,"Oct 28, 2023 13:14:07.224992",1.254615,12,0x059b,0xec7f,0x8863,246.0,,,,,,physicalInteraction1.pcapng
Unknown,Unknown,"Oct 28, 2023 13:14:07.225745",0.000753,5,,,0x0012,246.0,,,,,,physicalInteraction1.pcapng
Ledvance Bulb,Bulb,"Oct 28, 2023 13:14:07.236395",,50,,,,,,,,,,physicalInteraction1.pcapng
Unknown,Unknown,"Oct 28, 2023 13:14:07.238381",0.001986,5,,,0x0002,17.0,,,,,,physicalInteraction1.pcapng
Philips Motion,Motion,"Oct 28, 2023 13:14:07.242459",0.004078,12,0x059b,0xec7f,0x8863,247.0,,,,,,physicalInteraction1.pcapng
Unknown,Unknown,"Oct 28, 2023 13:14:07.243213",0.000754,5,,,0x0002,247.0,,,,,,physicalInteraction1.pcapng
Philips Motion,Motion,"Oct 28, 2023 13:14:07.249259",,45,,,,,,,,,,physicalInteraction1.pcapng
Unknown,Unknown,"Oct 28, 2023 13:14:07.251068",0.001809,5,,,0x0002,248.0,,,,,,physicalInteraction1.pcapng
Ledvance Bulb,Bulb,"Oct 28, 2023 13:14:07.253907",0.002839,57,0xec7f,0x0000,0x8861,18.0,0x059b,0x0000,0x1a09,,,physicalInteraction1.pcapng
Unknown,Unknown,"Oct 28, 2023 13:14:07.256114",0.002207,5,,,0x0002,18.0,,,,,,physicalInteraction1.pcapng
Philips Motion,Motion,"Oct 28, 2023 13:14:07.261014",0.0049,12,0x059b,0xec7f,0x8863,249.0,,,,,,physicalInteraction1.pcapng
Unknown,Unknown,"Oct 28, 2023 13:14:07.261767",0.000753,5,,,0x0002,249.0,,,,,,physicalInteraction1.pcapng
Ledvance Bulb,Bulb,"Oct 28, 2023 13:14:07.300469",,45,,,,,,,,,,physicalInteraction1.pcapng
Unknown,Unknown,"Oct 28, 2023 13:14:07.302292",0.001823,5,,,0x0002,19.0,,,,,,physicalInteraction1.pcapng
Smart Socket,Socket,"Oct 28, 2023 13:14:07.823137",0.520845,77,0xe1a6,0xffff,0x8841,64.0,0xe1a6,0xfffc,0x1209,,,physicalInteraction1.pcapng
Aqara Button,Button,"Oct 28, 2023 13:14:08.246467",,53,,,,,,,,,,physicalInteraction1.pcapng
Unknown,Unknown,"Oct 28, 2023 13:14:08.248547",0.00208,5,,,0x0002,134.0,,,,,,physicalInteraction1.pcapng
Philips Lamp 1,Bulb,"Oct 28, 2023 13:14:08.258687",0.01014,57,0x1cd8,0x0000,0x8861,118.0,0xc31c,0x0000,0x1a09,,,physicalInteraction1.pcapng
Unknown,Unknown,"Oct 28, 2023 13:14:08.260893",0.002206,5,,,0x0002,118.0,,,,,,physicalInteraction1.pcapng
Philips Lamp 1,Bulb,"Oct 28, 2023 13:14:08.283265",0.022372,55,0x1cd8,0x0000,0x8861,119.0,0x1cd8,0x0000,0x1a09,,,physicalInteraction1.pcapng
Unknown,Unknown,"Oct 28, 2023 13:14:08.285408",0.002143,5,,,0x0002,119.0,,,,,,physicalInteraction1.pcapng
Philips Lamp 1,Bulb,"Oct 28, 2023 13:14:08.289904",0.004496,55,0x1cd8,0x0000,0x8861,120.0,0x1cd8,0x0000,0x1a09,,,physicalInteraction1.pcapng
Unknown,Unknown,"Oct 28, 2023 13:14:08.292047",0.002143,5,,,0x0002,120.0,,,,,,physicalInteraction1.pcapng
Philips Lamp 1,Bulb,"Oct 28, 2023 13:14:08.300508",,53,,,,,,,,,,physicalInteraction1.pcapng
Unknown,Unknown,"Oct 28, 2023 13:14:08.302587",0.002079,5,,,0x0002,121.0,,,,,,physicalInteraction1.pcapng
Philips Lamp 1,Bulb,"Oct 28, 2023 13:14:08.319053",,52,,,,,,,,,,physicalInteraction1.pcapng
Unknown,Unknown,"Oct 28, 2023 13:14:08.321099",0.002046,5,,,0x0002,122.0,,,,,,physicalInteraction1.pcapng
Philips Lamp 1,Bulb,"Oct 28, 2023 13:14:08.323630",,52,,,,,,,,,,physicalInteraction1.pcapng
Unknown,Unknown,"Oct 28, 2023 13:14:08.325677",0.002047,5,,,0x0002,123.0,,,,,,physicalInteraction1.pcapng
Coordinator,Coordinator,"Oct 28, 2023 13:14:08.355435",,48,,,,,,,,,,physicalInteraction1.pcapng
Unknown,Unknown,"Oct 28, 2023 13:14:08.362953",0.007518,5,,,0x0002,65.0,,,,,,physicalInteraction1.pcapng
Moes Bulb,Bulb,"Oct 28, 2023 13:14:08.370658",,50,,,,,,,,,,physicalInteraction1.pcapng
Unknown,Unknown,"Oct 28, 2023 13:14:08.372641",0.001983,5,,,0x0002,34.0,,,,,,physicalInteraction1.pcapng
Smart Socket,Socket,"Oct 28, 2023 13:14:08.456596",,53,,,,,,,,,,physicalInteraction1.pcapng
Unknown,Unknown,"Oct 28, 2023 13:14:08.458675",0.002079,5,,,0x0002,66.0,,,,,,physicalInteraction1.pcapng
Coordinator,Coordinator,"Oct 28, 2023 13:14:08.472161",,45,,,,,,,,,,physicalInteraction1.pcapng
Unknown,Unknown,"Oct 28, 2023 13:14:08.473954",0.001793,5,,,0x0002,1.0,,,,,,physicalInteraction1.pcapng
Power Plug 2,Socket,"Oct 28, 2023 13:14:08.594520",0.120566,74,0xa706,0xffff,0x8841,67.0,0xa706,0xfffc,0x1209,,,physicalInteraction1.pcapng
Power Plug 1,Socket,"Oct 28, 2023 13:14:09.566280",0.97176,77,0x3d95,0xffff,0x8841,19.0,0x3d95,0xfffc,0x1209,,,physicalInteraction1.pcapng
Philips Lamp 1,Bulb,"Oct 28, 2023 13:14:09.960635",0.394355,77,0x1cd8,0xffff,0x8841,124.0,0x1cd8,0xfffc,0x1209,,,physicalInteraction1.pcapng
Aqara Button,Button,"Oct 28, 2023 13:14:10.485163",,53,,,,,,,,,,physicalInteraction1.pcapng
Unknown,Unknown,"Oct 28, 2023 13:14:10.487242",0.002079,5,,,0x0002,135.0,,,,,,physicalInteraction1.pcapng
Philips Lamp 1,Bulb,"Oct 28, 2023 13:14:10.491653",0.004411,57,0x1cd8,0x0000,0x8861,125.0,0xc31c,0x0000,0x1a09,,,physicalInteraction1.pcapng
Unknown,Unknown,"Oct 28, 2023 13:14:10.493860",0.002207,5,,,0x0002,125.0,,,,,,physicalInteraction1.pcapng
Moes Bulb,Bulb,"Oct 28, 2023 13:14:10.518443",0.024583,74,0x1e15,0xffff,0x8841,35.0,0x1e15,0xfffc,0x1209,,,physicalInteraction1.pcapng
Aqara Door 2,Door,"Oct 28, 2023 13:14:10.535105",,52,,,,,,,,,,physicalInteraction1.pcapng
Unknown,Unknown,"Oct 28, 2023 13:14:10.537121",0.002016,5,,,0x0002,46.0,,,,,,physicalInteraction1.pcapng
Philips Lamp 1,Bulb,"Oct 28, 2023 13:14:10.538619",,53,,,,,,,,,,physicalInteraction1.pcapng
Unknown,Unknown,"Oct 28, 2023 13:14:10.540698",0.002079,5,,,0x0002,126.0,,,,,,physicalInteraction1.pcapng
Philips Lamp 1,Bulb,"Oct 28, 2023 13:14:10.543236",,53,,,,,,,,,,physicalInteraction1.pcapng
Unknown,Unknown,"Oct 28, 2023 13:14:10.545314",0.002078,5,,,0x0002,126.0,,,,,,physicalInteraction1.pcapng
Philips Lamp 1,Bulb,"Oct 28, 2023 13:14:10.549846",,53,,,,,,,,,,physicalInteraction1.pcapng
Philips Lamp 1,Bulb,"Oct 28, 2023 13:14:10.553298",,53,,,,,,,,,,physicalInteraction1.pcapng
Unknown,Unknown,"Oct 28, 2023 13:14:10.555377",0.002079,5,,,0x0002,126.0,,,,,,physicalInteraction1.pcapng
Smart Socket,Socket,"Oct 28, 2023 13:14:10.562555",,52,,,,,,,,,,physicalInteraction1.pcapng
Unknown,Unknown,"Oct 28, 2023 13:14:10.564601",0.002046,5,,,0x0002,67.0,,,,,,physicalInteraction1.pcapng
Coordinator,Coordinator,"Oct 28, 2023 13:14:10.597979",,48,,,,,,,,,,physicalInteraction1.pcapng
Unknown,Unknown,"Oct 28, 2023 13:14:10.599885",0.001906,5,,,0x0002,2.0,,,,,,physicalInteraction1.pcapng
Ledvance Bulb,Bulb,"Oct 28, 2023 13:14:10.630464",0.030579,55,0xec7f,0x0000,0x8861,20.0,0xec7f,0x0000,0x1a09,,,physicalInteraction1.pcapng
Unknown,Unknown,"Oct 28, 2023 13:14:10.632607",0.002143,5,,,0x0002,20.0,,,,,,physicalInteraction1.pcapng
Ledvance Bulb,Bulb,"Oct 28, 2023 13:14:10.640434",0.007827,55,0xec7f,0x0000,0x8861,21.0,0xec7f,0x0000,0x1a09,,,physicalInteraction1.pcapng
Unknown,Unknown,"Oct 28, 2023 13:14:10.642577",0.002143,5,,,0x0002,21.0,,,,,,physicalInteraction1.pcapng
Ledvance Bulb,Bulb,"Oct 28, 2023 13:14:10.650402",0.007825,55,0xec7f,0x0000,0x8861,22.0,0xec7f,0x0000,0x1a09,,,physicalInteraction1.pcapng
Unknown,Unknown,"Oct 28, 2023 13:14:10.652544",0.002142,5,,,0x0002,22.0,,,,,,physicalInteraction1.pcapng
Ledvance Bulb,Bulb,"Oct 28, 2023 13:14:10.666959",,50,,,,,,,,,,physicalInteraction1.pcapng
Unknown,Unknown,"Oct 28, 2023 13:14:10.668942",0.001983,5,,,0x0002,23.0,,,,,,physicalInteraction1.pcapng
Ledvance Bulb,Bulb,"Oct 28, 2023 13:14:10.675980",,52,,,,,,,,,,physicalInteraction1.pcapng
Unknown,Unknown,"Oct 28, 2023 13:14:10.678027",0.002047,5,,,0x0002,24.0,,,,,,physicalInteraction1.pcapng
Ledvance Bulb,Bulb,"Oct 28, 2023 13:14:10.686901",,52,,,,,,,,,,physicalInteraction1.pcapng
Unknown,Unknown,"Oct 28, 2023 13:14:10.688948",0.002047,5,,,0x0002,25.0,,,,,,physicalInteraction1.pcapng
Coordinator,Coordinator,"Oct 28, 2023 13:14:10.693371",,45,,,,,,,,,,physicalInteraction1.pcapng
Unknown,Unknown,"Oct 28, 2023 13:14:10.695180",0.001809,5,,,0x0002,3.0,,,,,,physicalInteraction1.pcapng
Coordinator,Coordinator,"Oct 28, 2023 13:14:10.703124",,45,,,,,,,,,,physicalInteraction1.pcapng
Unknown,Unknown,"Oct 28, 2023 13:14:10.704932",0.001808,5,,,0x0002,4.0,,,,,,physicalInteraction1.pcapng
Coordinator,Coordinator,"Oct 28, 2023 13:14:10.711820",,45,,,,,,,,,,physicalInteraction1.pcapng
Unknown,Unknown,"Oct 28, 2023 13:14:10.713629",0.001809,5,,,0x0002,5.0,,,,,,physicalInteraction1.pcapng
Coordinator,Coordinator,"Oct 28, 2023 13:14:10.720536",,50,,,,,,,,,,physicalInteraction1.pcapng
Unknown,Unknown,"Oct 28, 2023 13:14:10.722505",0.001969,5,,,0x0002,6.0,,,,,,physicalInteraction1.pcapng
Coordinator,Coordinator,"Oct 28, 2023 13:14:10.732867",,50,,,,,,,,,,physicalInteraction1.pcapng
Unknown,Unknown,"Oct 28, 2023 13:14:10.734837",0.00197,5,,,0x0002,7.0,,,,,,physicalInteraction1.pcapng
Ledvance Bulb,Bulb,"Oct 28, 2023 13:14:10.738569",0.003732,55,0xec7f,0x0000,0x8861,26.0,0xec7f,0x0000,0x1a09,,,physicalInteraction1.pcapng
Unknown,Unknown,"Oct 28, 2023 13:14:10.740711",0.002142,5,,,0x0002,26.0,,,,,,physicalInteraction1.pcapng
Ledvance Bulb,Bulb,"Oct 28, 2023 13:14:10.749500",0.008789,55,0xec7f,0x0000,0x8861,27.0,0xec7f,0x0000,0x1a09,,,physicalInteraction1.pcapng
Ledvance Bulb,Bulb,"Oct 28, 2023 13:14:10.754614",0.005114,55,0xec7f,0x0000,0x8861,27.0,0xec7f,0x0000,0x1a09,,,physicalInteraction1.pcapng
Unknown,Unknown,"Oct 28, 2023 13:14:10.756756",0.002142,5,,,0x0002,27.0,,,,,,physicalInteraction1.pcapng
Ledvance Bulb,Bulb,"Oct 28, 2023 13:14:10.788646",,45,,,,,,,,,,physicalInteraction1.pcapng
Unknown,Unknown,"Oct 28, 2023 13:14:10.790469",0.001823,5,,,0x0002,28.0,,,,,,physicalInteraction1.pcapng
Ledvance Bulb,Bulb,"Oct 28, 2023 13:14:10.799551",,45,,,,,,,,,,physicalInteraction1.pcapng
Unknown,Unknown,"Oct 28, 2023 13:14:10.801373",0.001822,5,,,0x0002,29.0,,,,,,physicalInteraction1.pcapng
Ledvance Z3 Plug,Socket,"Oct 28, 2023 13:14:11.300914",0.499541,77,0x4e11,0xffff,0x8841,215.0,0x4e11,0xfffc,0x1209,,,physicalInteraction1.pcapng
Aqara Button,Button,"Oct 28, 2023 13:14:11.305192",,53,,,,,,,,,,physicalInteraction1.pcapng
Unknown,Unknown,"Oct 28, 2023 13:14:11.307271",0.002079,5,,,0x0002,136.0,,,,,,physicalInteraction1.pcapng
Philips Lamp 1,Bulb,"Oct 28, 2023 13:14:11.327707",0.020436,57,0x1cd8,0x0000,0x8861,127.0,0xc31c,0x0000,0x1a09,,,physicalInteraction1.pcapng
Unknown,Unknown,"Oct 28, 2023 13:14:11.329914",0.002207,5,,,0x0002,127.0,,,,,,physicalInteraction1.pcapng
Philips Lamp 1,Bulb,"Oct 28, 2023 13:14:11.368585",,53,,,,,,,,,,physicalInteraction1.pcapng
Unknown,Unknown,"Oct 28, 2023 13:14:11.370663",0.002078,5,,,0x0002,128.0,,,,,,physicalInteraction1.pcapng
Ledvance Bulb,Bulb,"Oct 28, 2023 13:14:11.624331",0.253668,55,0xec7f,0x0000,0x8861,30.0,0xec7f,0x0000,0x1a09,,,physicalInteraction1.pcapng
Unknown,Unknown,"Oct 28, 2023 13:14:11.626474",0.002143,5,,,0x0002,30.0,,,,,,physicalInteraction1.pcapng
Ledvance Bulb,Bulb,"Oct 28, 2023 13:14:11.667038",,52,,,,,,,,,,physicalInteraction1.pcapng
Unknown,Unknown,"Oct 28, 2023 13:14:11.669085",0.002047,5,,,0x0002,31.0,,,,,,physicalInteraction1.pcapng
Coordinator,Coordinator,"Oct 28, 2023 13:14:11.681652",,45,,,,,,,,,,physicalInteraction1.pcapng
Unknown,Unknown,"Oct 28, 2023 13:14:11.683462",0.00181,5,,,0x0002,8.0,,,,,,physicalInteraction1.pcapng
Coordinator,Coordinator,"Oct 28, 2023 13:14:11.716535",,50,,,,,,,,,,physicalInteraction1.pcapng
Unknown,Unknown,"Oct 28, 2023 13:14:11.718504",0.001969,5,,,0x0002,9.0,,,,,,physicalInteraction1.pcapng
Ledvance Bulb,Bulb,"Oct 28, 2023 13:14:11.720473",0.001969,55,0xec7f,0x0000,0x8861,32.0,0xec7f,0x0000,0x1a09,,,physicalInteraction1.pcapng
Unknown,Unknown,"Oct 28, 2023 13:14:11.722616",0.002143,5,,,0x0002,32.0,,,,,,physicalInteraction1.pcapng
Ledvance Bulb,Bulb,"Oct 28, 2023 13:14:11.768018",,45,,,,,,,,,,physicalInteraction1.pcapng
Unknown,Unknown,"Oct 28, 2023 13:14:11.769840",0.001822,5,,,0x0002,33.0,,,,,,physicalInteraction1.pcapng
Coordinator,Coordinator,"Oct 28, 2023 13:14:12.045849",0.276009,77,0x0000,0xffff,0x8841,10.0,0x0000,0xfffc,0x1209,,,physicalInteraction1.pcapng
Philips Motion,Motion,"Oct 28, 2023 13:14:12.254552",0.208703,12,0x059b,0xec7f,0x8863,250.0,,,,,,physicalInteraction1.pcapng
Unknown,Unknown,"Oct 28, 2023 13:14:12.255306",0.000754,5,,,0x0002,250.0,,,,,,physicalInteraction1.pcapng
Aqara Button,Button,"Oct 28, 2023 13:14:12.684011",,53,,,,,,,,,,physicalInteraction1.pcapng
Unknown,Unknown,"Oct 28, 2023 13:14:12.686091",0.00208,5,,,0x0002,137.0,,,,,,physicalInteraction1.pcapng
Philips Lamp 1,Bulb,"Oct 28, 2023 13:14:12.689829",0.003738,57,0x1cd8,0x0000,0x8861,129.0,0xc31c,0x0000,0x1a09,,,physicalInteraction1.pcapng
Unknown,Unknown,"Oct 28, 2023 13:14:12.692036",0.002207,5,,,0x0002,129.0,,,,,,physicalInteraction1.pcapng
Philips Lamp 1,Bulb,"Oct 28, 2023 13:14:12.737914",,53,,,,,,,,,,physicalInteraction1.pcapng
Unknown,Unknown,"Oct 28, 2023 13:14:12.739993",0.002079,5,,,0x0002,130.0,,,,,,physicalInteraction1.pcapng
Coordinator,Coordinator,"Oct 28, 2023 13:14:12.785792",,48,,,,,,,,,,physicalInteraction1.pcapng
Unknown,Unknown,"Oct 28, 2023 13:14:12.787711",0.001919,5,,,0x0002,11.0,,,,,,physicalInteraction1.pcapng
Philips Lamp 1,Bulb,"Oct 28, 2023 13:14:12.791445",0.003734,55,0x1cd8,0x0000,0x8861,131.0,0x1cd8,0x0000,0x1a09,,,physicalInteraction1.pcapng
Unknown,Unknown,"Oct 28, 2023 13:14:12.793588",0.002143,5,,,0x0002,131.0,,,,,,physicalInteraction1.pcapng
Philips Lamp 1,Bulb,"Oct 28, 2023 13:14:12.840486",,50,,,,,,,,,,physicalInteraction1.pcapng
Unknown,Unknown,"Oct 28, 2023 13:14:12.842469",0.001983,5,,,0x0002,132.0,,,,,,physicalInteraction1.pcapng
Philips Lamp 1,Bulb,"Oct 28, 2023 13:14:13.341431",0.498962,55,0x1cd8,0x0000,0x8861,133.0,0x1cd8,0x0000,0x1a09,,,physicalInteraction1.pcapng
Unknown,Unknown,"Oct 28, 2023 13:14:13.343574",0.002143,5,,,0x0002,133.0,,,,,,physicalInteraction1.pcapng
Philips Lamp 1,Bulb,"Oct 28, 2023 13:14:13.347543",0.003969,55,0x1cd8,0x0000,0x8861,134.0,0x1cd8,0x0000,0x1a09,,,physicalInteraction1.pcapng
Unknown,Unknown,"Oct 28, 2023 13:14:13.349686",0.002143,5,,,0x0002,134.0,,,,,,physicalInteraction1.pcapng
Philips Lamp 1,Bulb,"Oct 28, 2023 13:14:13.378096",,52,,,,,,,,,,physicalInteraction1.pcapng
Philips Lamp 1,Bulb,"Oct 28, 2023 13:14:13.382064",,52,,,,,,,,,,physicalInteraction1.pcapng
Philips Lamp 1,Bulb,"Oct 28, 2023 13:14:13.385804",,52,,,,,,,,,,physicalInteraction1.pcapng
Unknown,Unknown,"Oct 28, 2023 13:14:13.387851",0.002047,5,,,0x0002,135.0,,,,,,physicalInteraction1.pcapng
Philips Lamp 1,Bulb,"Oct 28, 2023 13:14:13.391544",,52,,,,,,,,,,physicalInteraction1.pcapng
Unknown,Unknown,"Oct 28, 2023 13:14:13.393590",0.002046,5,,,0x0002,136.0,,,,,,physicalInteraction1.pcapng
Smart Socket,Socket,"Oct 28, 2023 13:14:13.457743",,53,,,,,,,,,,physicalInteraction1.pcapng
Unknown,Unknown,"Oct 28, 2023 13:14:13.459822",0.002079,5,,,0x0002,68.0,,,,,,physicalInteraction1.pcapng
Coordinator,Coordinator,"Oct 28, 2023 13:14:13.473856",,45,,,,,,,,,,physicalInteraction1.pcapng
Unknown,Unknown,"Oct 28, 2023 13:14:13.475639",0.001783,5,,,0x0002,12.0,,,,,,physicalInteraction1.pcapng
Aqara Vibration,Vibration,"Oct 28, 2023 13:14:13.969240",,55,,,,,,,,,,physicalInteraction1.pcapng
Unknown,Unknown,"Oct 28, 2023 13:14:13.971384",0.002144,5,,,0x0002,246.0,,,,,,physicalInteraction1.pcapng
Philips Lamp 1,Bulb,"Oct 28, 2023 13:14:13.976335",0.004951,57,0x1cd8,0x0000,0x8861,137.0,0x187a,0x0000,0x1a09,,,physicalInteraction1.pcapng
Unknown,Unknown,"Oct 28, 2023 13:14:13.978541",0.002206,5,,,0x0002,137.0,,,,,,physicalInteraction1.pcapng
Philips Lamp 1,Bulb,"Oct 28, 2023 13:14:14.024285",,55,,,,,,,,,,physicalInteraction1.pcapng
Unknown,Unknown,"Oct 28, 2023 13:14:14.026428",0.002143,5,,,0x0002,138.0,,,,,,physicalInteraction1.pcapng
Philips Lamp 1,Bulb,"Oct 28, 2023 13:14:14.354574",0.328146,55,0x1cd8,0x0000,0x8861,139.0,0x1cd8,0x0000,0x1a09,,,physicalInteraction1.pcapng
Unknown,Unknown,"Oct 28, 2023 13:14:14.356717",0.002143,5,,,0x0002,139.0,,,,,,physicalInteraction1.pcapng
Philips Lamp 1,Bulb,"Oct 28, 2023 13:14:14.403373",,52,,,,,,,,,,physicalInteraction1.pcapng
Unknown,Unknown,"Oct 28, 2023 13:14:14.405420",0.002047,5,,,0x0002,140.0,,,,,,physicalInteraction1.pcapng
Coordinator,Coordinator,"Oct 28, 2023 13:14:14.705402",,52,,,,,,,,,,physicalInteraction1.pcapng
Smart Socket,Socket,"Oct 28, 2023 13:14:14.714699",,63,,,,,,,,,,physicalInteraction1.pcapng
Unknown,Unknown,"Oct 28, 2023 13:14:14.717098",0.002399,5,,,0x0002,69.0,,,,,,physicalInteraction1.pcapng
Coordinator,Coordinator,"Oct 28, 2023 13:14:14.722443",,52,,,,,,,,,,physicalInteraction1.pcapng
Unknown,Unknown,"Oct 28, 2023 13:14:14.724459",0.002016,5,,,0x0002,14.0,,,,,,physicalInteraction1.pcapng
Smart Socket,Socket,"Oct 28, 2023 13:14:14.728450",,52,,,,,,,,,,physicalInteraction1.pcapng
Unknown,Unknown,"Oct 28, 2023 13:14:14.730467",0.002017,5,,,0x0002,70.0,,,,,,physicalInteraction1.pcapng
Power Plug 1,Socket,"Oct 28, 2023 13:14:14.737611",,63,,,,,,,,,,physicalInteraction1.pcapng
Unknown,Unknown,"Oct 28, 2023 13:14:14.740010",0.002399,5,,,0x0002,20.0,,,,,,physicalInteraction1.pcapng
Coordinator,Coordinator,"Oct 28, 2023 13:14:14.759664",,45,,,,,,,,,,physicalInteraction1.pcapng
Unknown,Unknown,"Oct 28, 2023 13:14:14.761458",0.001794,5,,,0x0002,15.0,,,,,,physicalInteraction1.pcapng
Coordinator,Coordinator,"Oct 28, 2023 13:14:14.771701",,54,,,,,,,,,,physicalInteraction1.pcapng
Unknown,Unknown,"Oct 28, 2023 13:14:14.773783",0.002082,5,,,0x0002,16.0,,,,,,physicalInteraction1.pcapng
Smart Socket,Socket,"Oct 28, 2023 13:14:14.781176",,66,,,,,,,,,,physicalInteraction1.pcapng
Unknown,Unknown,"Oct 28, 2023 13:14:14.783671",0.002495,5,,,0x0002,71.0,,,,,,physicalInteraction1.pcapng
Coordinator,Coordinator,"Oct 28, 2023 13:14:14.792505",,45,,,,,,,,,,physicalInteraction1.pcapng
Unknown,Unknown,"Oct 28, 2023 13:14:14.794296",0.001791,5,,,0x0002,17.0,,,,,,physicalInteraction1.pcapng
Smart Socket,Socket,"Oct 28, 2023 13:14:14.797973",,45,,,,,,,,,,physicalInteraction1.pcapng
Unknown,Unknown,"Oct 28, 2023 13:14:14.799754",0.001781,5,,,0x0002,72.0,,,,,,physicalInteraction1.pcapng
Coordinator,Coordinator,"Oct 28, 2023 13:14:14.808147",,54,,,,,,,,,,physicalInteraction1.pcapng
Unknown,Unknown,"Oct 28, 2023 13:14:14.810228",0.002081,5,,,0x0002,18.0,,,,,,physicalInteraction1.pcapng
Smart Socket,Socket,"Oct 28, 2023 13:14:14.814004",,54,,,,,,,,,,physicalInteraction1.pcapng
Unknown,Unknown,"Oct 28, 2023 13:14:14.816085",0.002081,5,,,0x0002,73.0,,,,,,physicalInteraction1.pcapng
Coordinator,Coordinator,"Oct 28, 2023 13:14:14.821567",,54,,,,,,,,,,physicalInteraction1.pcapng
Power Plug 1,Socket,"Oct 28, 2023 13:14:14.828399",,66,,,,,,,,,,physicalInteraction1.pcapng
Coordinator,Coordinator,"Oct 28, 2023 13:14:14.833206",,52,,,,,,,,,,physicalInteraction1.pcapng
Power Plug 2,Socket,"Oct 28, 2023 13:14:14.838043",0.004837,107,0xa706,0x0000,0x886b,68.0,,,,,,physicalInteraction1.pcapng
Philips Lamp 3,Bulb,"Oct 28, 2023 13:14:14.842844",0.004801,52,0x711c,0xa706,0x8861,160.0,,,,,,physicalInteraction1.pcapng
Power Plug 1,Socket,"Oct 28, 2023 13:14:14.846123",,66,,,,,,,,,,physicalInteraction1.pcapng
Unknown,Unknown,"Oct 28, 2023 13:14:14.848618",0.002495,5,,,0x0002,22.0,,,,,,physicalInteraction1.pcapng
Coordinator,Coordinator,"Oct 28, 2023 13:14:14.852173",,45,,,,,,,,,,physicalInteraction1.pcapng
Unknown,Unknown,"Oct 28, 2023 13:14:14.853967",0.001794,5,,,0x0002,21.0,,,,,,physicalInteraction1.pcapng
Power Plug 2,Socket,"Oct 28, 2023 13:14:14.861579",,66,,,,,,,,,,physicalInteraction1.pcapng
Unknown,Unknown,"Oct 28, 2023 13:14:14.864074",0.002495,5,,,0x0002,69.0,,,,,,physicalInteraction1.pcapng
Coordinator,Coordinator,"Oct 28, 2023 13:14:14.864902",,45,,,,,,,,,,physicalInteraction1.pcapng
Unknown,Unknown,"Oct 28, 2023 13:14:14.866684",0.001782,5,,,0x0002,22.0,,,,,,physicalInteraction1.pcapng
Smart Socket,Socket,"Oct 28, 2023 13:14:14.870303",,45,,,,,,,,,,physicalInteraction1.pcapng
Unknown,Unknown,"Oct 28, 2023 13:14:14.871864",0.001561,106,,,0xf86a,51.0,,,,,,physicalInteraction1.pcapng
Power Plug 2,Socket,"Oct 28, 2023 13:14:14.876965",,66,,,,,,,,,,physicalInteraction1.pcapng
Unknown,Unknown,"Oct 28, 2023 13:14:14.879460",0.002495,5,,,0x0002,69.0,,,,,,physicalInteraction1.pcapng
Coordinator,Coordinator,"Oct 28, 2023 13:14:14.880560",,45,,,,,,,,,,physicalInteraction1.pcapng
Unknown,Unknown,"Oct 28, 2023 13:14:14.882383",0.001823,5,,,0x0002,23.0,,,,,,physicalInteraction1.pcapng
Power Plug 2,Socket,"Oct 28, 2023 13:14:14.884482",0.002099,106,0xa706,0x0000,0x886a,70.0,,,,,,physicalInteraction1.pcapng
Philips Lamp 3,Bulb,"Oct 28, 2023 13:14:14.888078",,45,,,,,,,,,,physicalInteraction1.pcapng
Power Plug 2,Socket,"Oct 28, 2023 13:14:14.889740",,66,,,,,,,,,,physicalInteraction1.pcapng
Unknown,Unknown,"Oct 28, 2023 13:14:14.892234",0.002494,5,,,0x0002,70.0,,,,,,physicalInteraction1.pcapng
Power Plug 2,Socket,"Oct 28, 2023 13:14:14.894849",,66,,,,,,,,,,physicalInteraction1.pcapng
Philips Lamp 3,Bulb,"Oct 28, 2023 13:16:29.115778",,45,,,,,,,,,,physicalInteraction1.pcapng
Power Plug 2,Socket,"Oct 28, 2023 13:14:14.899951",,66,,,,,,,,,,physicalInteraction1.pcapng
Unknown,Unknown,"Oct 28, 2023 13:14:14.902446",0.002495,5,,,0x0002,70.0,,,,,,physicalInteraction1.pcapng
Philips Lamp 3,Bulb,"Oct 28, 2023 13:14:14.905524",0.003078,45,0x711c,0xa706,0x8861,161.0,,,,,,physicalInteraction1.pcapng
Unknown,Unknown,"Oct 28, 2023 13:14:14.907319",0.001795,5,,,0x0002,161.0,,,,,,physicalInteraction1.pcapng
Coordinator,Coordinator,"Oct 28, 2023 13:14:14.908870",,45,,,,,,,,,,physicalInteraction1.pcapng
Coordinator,Coordinator,"Oct 28, 2023 13:14:14.914529",,45,,,,,,,,,,physicalInteraction1.pcapng
Unknown,Unknown,"Oct 28, 2023 13:14:14.916697",0.002168,5,,,0x0002,162.0,,,,,,physicalInteraction1.pcapng
Coordinator,Coordinator,"Oct 28, 2023 13:14:14.917800",,45,,,,,,,,,,physicalInteraction1.pcapng
Unknown,Unknown,"Oct 28, 2023 13:14:14.919623",0.001823,5,,,0x0002,24.0,,,,,,physicalInteraction1.pcapng
Philips Lamp 3,Bulb,"Oct 28, 2023 13:14:14.922559",,45,,,,,,,,,,physicalInteraction1.pcapng
Power Plug 2,Socket,"Oct 28, 2023 13:14:14.924270",,63,,,,,,,,,,physicalInteraction1.pcapng
Unknown,Unknown,"Oct 28, 2023 13:14:14.926669",0.002399,5,,,0x0002,71.0,,,,,,physicalInteraction1.pcapng
Power Plug 2,Socket,"Oct 28, 2023 13:14:14.929332",0.002663,63,0xa706,0x0000,0x8861,71.0,,,,,,physicalInteraction1.pcapng
Power Plug 2,Socket,"Oct 28, 2023 13:14:14.934456",,63,,,,,,,,,,physicalInteraction1.pcapng
Philips Lamp 3,Bulb,"Oct 28, 2023 13:14:14.938460",0.004004,45,0x711c,0xa706,0x8861,163.0,,,,,,physicalInteraction1.pcapng
Coordinator,Coordinator,"Oct 28, 2023 13:14:14.942220",,45,,,,,,,,,,physicalInteraction1.pcapng
Unknown,Unknown,"Oct 28, 2023 13:14:14.944043",0.001823,5,,,0x0002,25.0,,,,,,physicalInteraction1.pcapng
Unknown,Unknown,"Oct 28, 2023 13:14:14.947407",0.003364,45,0x6636,0xa706,0x8861,164.0,,,,,,physicalInteraction1.pcapng
Philips Lamp 3,Bulb,"Oct 28, 2023 13:14:14.950951",0.003544,45,0x711c,0xa706,0x8861,164.0,,,,,,physicalInteraction1.pcapng
Power Plug 2,Socket,"Oct 28, 2023 13:14:14.952985",,63,,,,,,,,,,physicalInteraction1.pcapng
Unknown,Unknown,"Oct 28, 2023 13:14:14.955383",0.002398,5,,,0x0002,72.0,,,,,,physicalInteraction1.pcapng
Philips Lamp 3,Bulb,"Oct 28, 2023 13:14:14.957082",0.001699,45,0x711c,0xa706,0x8861,164.0,,,,,,physicalInteraction1.pcapng
Unknown,Unknown,"Oct 28, 2023 13:14:14.958863",0.001781,5,,,0x0002,164.0,,,,,,physicalInteraction1.pcapng
Philips Lamp 3,Bulb,"Oct 28, 2023 13:14:14.968252",,45,,,,,,,,,,physicalInteraction1.pcapng
Unknown,Unknown,"Oct 28, 2023 13:14:14.970041",0.001789,5,,,0x0002,165.0,,,,,,physicalInteraction1.pcapng
Coordinator,Coordinator,"Oct 28, 2023 13:14:14.972038",,45,,,,,,,,,,physicalInteraction1.pcapng
Philips Lamp 3,Bulb,"Oct 28, 2023 13:14:14.978285",,45,,,,,,,,,,physicalInteraction1.pcapng
Unknown,Unknown,"Oct 28, 2023 13:14:14.980071",0.001786,5,,,0x0002,166.0,,,,,,physicalInteraction1.pcapng
Power Plug 1,Socket,"Oct 28, 2023 13:14:15.453463",,53,,,,,,,,,,physicalInteraction1.pcapng
Unknown,Unknown,"Oct 28, 2023 13:14:15.455542",0.002079,5,,,0x0002,23.0,,,,,,physicalInteraction1.pcapng
Power Plug 1,Socket,"Oct 28, 2023 13:14:15.456468",,53,,,,,,,,,,physicalInteraction1.pcapng
Unknown,Unknown,"Oct 28, 2023 13:14:15.458547",0.002079,5,,,0x0002,24.0,,,,,,physicalInteraction1.pcapng
Coordinator,Coordinator,"Oct 28, 2023 13:14:15.477784",,45,,,,,,,,,,physicalInteraction1.pcapng
Unknown,Unknown,"Oct 28, 2023 13:14:15.479577",0.001793,5,,,0x0002,27.0,,,,,,physicalInteraction1.pcapng
Smart Socket,Socket,"Oct 28, 2023 13:14:15.483241",,45,,,,,,,,,,physicalInteraction1.pcapng
Unknown,Unknown,"Oct 28, 2023 13:14:15.485033",0.001792,5,,,0x0002,75.0,,,,,,physicalInteraction1.pcapng
Coordinator,Coordinator,"Oct 28, 2023 13:14:15.486110",,45,,,,,,,,,,physicalInteraction1.pcapng
Unknown,Unknown,"Oct 28, 2023 13:14:15.487905",0.001795,5,,,0x0002,28.0,,,,,,physicalInteraction1.pcapng
Smart Socket,Socket,"Oct 28, 2023 13:14:15.491573",,45,,,,,,,,,,physicalInteraction1.pcapng
Unknown,Unknown,"Oct 28, 2023 13:14:15.493367",0.001794,5,,,0x0002,76.0,,,,,,physicalInteraction1.pcapng
Philips Motion,Motion,"Oct 28, 2023 13:14:17.256886",1.763519,12,0x059b,0xec7f,0x8863,251.0,,,,,,physicalInteraction1.pcapng
Unknown,Unknown,"Oct 28, 2023 13:14:17.257638",0.000752,5,,,0x0002,251.0,,,,,,physicalInteraction1.pcapng
Philips Lamp 1,Bulb,"Oct 28, 2023 13:14:17.866184",0.608546,63,0x1cd8,0xffff,0x8841,141.0,,,,,,physicalInteraction1.pcapng
Ledvance Bulb,Bulb,"Oct 28, 2023 13:14:17.891179",,63,,,,,,,,,,physicalInteraction1.pcapng
Power Plug 1,Socket,"Oct 28, 2023 13:14:17.897011",,63,,,,,,,,,,physicalInteraction1.pcapng
Philips Lamp 2,Bulb,"Oct 28, 2023 13:14:17.901327",,63,,,,,,,,,,physicalInteraction1.pcapng
Ledvance Smart+ Plug,Socket,"Oct 28, 2023 13:14:17.907245",,49,,,,,,,,,,physicalInteraction1.pcapng
Unknown,Unknown,"Oct 28, 2023 13:14:17.909197",0.001952,5,,,0x0002,92.0,,,,,,physicalInteraction1.pcapng
Coordinator,Coordinator,"Oct 28, 2023 13:14:17.910473",,63,,,,,,,,,,physicalInteraction1.pcapng
Moes Bulb,Bulb,"Oct 28, 2023 13:14:17.913209",,63,,,,,,,,,,physicalInteraction1.pcapng
Smart Socket,Socket,"Oct 28, 2023 13:14:17.919343",,63,,,,,,,,,,physicalInteraction1.pcapng
Ledvance Z3 Plug,Socket,"Oct 28, 2023 13:14:17.931674",,63,,,,,,,,,,physicalInteraction1.pcapng
Power Plug 2,Socket,"Oct 28, 2023 13:14:17.934631",,63,,,,,,,,,,physicalInteraction1.pcapng
Philips Lamp 3,Bulb,"Oct 28, 2023 13:14:17.938455",0.003824,63,0x711c,0xffff,0x8841,167.0,,,,,,physicalInteraction1.pcapng
Philips Lamp 2,Bulb,"Oct 28, 2023 13:14:17.942031",0.003576,107,0x5bb9,0xffff,0x886b,190.0,,,,,,physicalInteraction1.pcapng
Power Plug 1,Socket,"Oct 28, 2023 13:14:18.142916",,63,,,,,,,,,,physicalInteraction1.pcapng
Moes Bulb,Bulb,"Oct 28, 2023 13:14:18.158795",,63,,,,,,,,,,physicalInteraction1.pcapng
Smart Socket,Socket,"Oct 28, 2023 13:14:18.165106",,63,,,,,,,,,,physicalInteraction1.pcapng
Philips Lamp 1,Bulb,"Oct 28, 2023 13:14:18.347809",,63,,,,,,,,,,physicalInteraction1.pcapng
Ledvance Bulb,Bulb,"Oct 28, 2023 13:14:18.353593",,63,,,,,,,,,,physicalInteraction1.pcapng
Philips Lamp 2,Bulb,"Oct 28, 2023 13:14:18.371922",0.018329,63,0x5bb9,0xffff,0x8841,191.0,,,,,,physicalInteraction1.pcapng
Power Plug 1,Socket,"Oct 28, 2023 13:14:18.388719",,63,,,,,,,,,,physicalInteraction1.pcapng
Moes Bulb,Bulb,"Oct 28, 2023 13:14:18.404575",,63,,,,,,,,,,physicalInteraction1.pcapng
Coordinator,Coordinator,"Oct 28, 2023 13:14:18.410592",,63,,,,,,,,,,physicalInteraction1.pcapng
Ledvance Smart+ Plug,Socket,"Oct 28, 2023 13:14:18.442456",,63,,,,,,,,,,physicalInteraction1.pcapng
Ledvance Smart+ Plug,Socket,"Oct 28, 2023 13:14:18.493793",0.051337,107,0x0112,0xffff,0x886b,95.0,,,,,,physicalInteraction1.pcapng
Philips Motion,Motion,"Oct 28, 2023 13:14:18.604932",,53,,,,,,,,,,physicalInteraction1.pcapng
Unknown,Unknown,"Oct 28, 2023 13:14:18.606998",0.002066,5,,,0x0002,252.0,,,,,,physicalInteraction1.pcapng
Ledvance Bulb,Bulb,"Oct 28, 2023 13:14:18.610819",0.003821,57,0xec7f,0x0000,0x8861,36.0,0x059b,0x0000,0x1a09,,,physicalInteraction1.pcapng
Unknown,Unknown,"Oct 28, 2023 13:14:18.613025",0.002206,5,,,0x0002,36.0,,,,,,physicalInteraction1.pcapng
Philips Motion,Motion,"Oct 28, 2023 13:14:18.619606",0.006581,12,0x059b,0xec7f,0x8863,253.0,,,,,,physicalInteraction1.pcapng
Unknown,Unknown,"Oct 28, 2023 13:14:18.620360",0.000754,5,,,0x0002,253.0,,,,,,physicalInteraction1.pcapng
Ledvance Bulb,Bulb,"Oct 28, 2023 13:14:18.657232",,53,,,,,,,,,,physicalInteraction1.pcapng
Unknown,Unknown,"Oct 28, 2023 13:14:18.659311",0.002079,5,,,0x0002,37.0,,,,,,physicalInteraction1.pcapng
Coordinator,Coordinator,"Oct 28, 2023 13:14:18.702341",,54,,,,,,,,,,physicalInteraction1.pcapng
Unknown,Unknown,"Oct 28, 2023 13:14:18.704438",0.002097,5,,,0x0002,31.0,,,,,,physicalInteraction1.pcapng
Philips Lamp 1,Bulb,"Oct 28, 2023 13:14:18.800926",,63,,,,,,,,,,physicalInteraction1.pcapng
Philips Lamp 3,Bulb,"Oct 28, 2023 13:14:19.160787",0.359861,106,0x711c,0xffff,0x886a,168.0,,,,,,physicalInteraction1.pcapng
Philips Motion,Motion,"Oct 28, 2023 13:14:20.100714",0.939927,12,0x059b,0xec7f,0x8863,254.0,,,,,,physicalInteraction1.pcapng
Unknown,Unknown,"Oct 28, 2023 13:14:20.101468",0.000754,5,,,0x0012,254.0,,,,,,physicalInteraction1.pcapng
Ledvance Bulb,Bulb,"Oct 28, 2023 13:14:20.102454",,50,,,,,,,,,,physicalInteraction1.pcapng
Unknown,Unknown,"Oct 28, 2023 13:14:20.104439",0.001985,5,,,0x0002,38.0,,,,,,physicalInteraction1.pcapng
Philips Motion,Motion,"Oct 28, 2023 13:14:20.106764",0.002325,12,0x059b,0xec7f,0x8863,255.0,,,,,,physicalInteraction1.pcapng
Unknown,Unknown,"Oct 28, 2023 13:14:20.107517",0.000753,5,,,0x0002,255.0,,,,,,physicalInteraction1.pcapng
Philips Motion,Motion,"Oct 28, 2023 13:14:20.115183",,45,,,,,,,,,,physicalInteraction1.pcapng
Unknown,Unknown,"Oct 28, 2023 13:14:20.116992",0.001809,5,,,0x0002,0.0,,,,,,physicalInteraction1.pcapng
Ledvance Bulb,Bulb,"Oct 28, 2023 13:14:20.119822",0.00283,57,0xec7f,0x0000,0x8861,39.0,0x059b,0x0000,0x1a09,,,physicalInteraction1.pcapng
Unknown,Unknown,"Oct 28, 2023 13:14:20.122029",0.002207,5,,,0x0002,39.0,,,,,,physicalInteraction1.pcapng
Philips Motion,Motion,"Oct 28, 2023 13:14:20.125624",0.003595,12,0x059b,0xec7f,0x8863,1.0,,,,,,physicalInteraction1.pcapng
Unknown,Unknown,"Oct 28, 2023 13:14:20.126377",0.000753,5,,,0x0002,1.0,,,,,,physicalInteraction1.pcapng
Ledvance Bulb,Bulb,"Oct 28, 2023 13:14:20.168547",,45,,,,,,,,,,physicalInteraction1.pcapng
Unknown,Unknown,"Oct 28, 2023 13:14:20.170369",0.001822,5,,,0x0002,40.0,,,,,,physicalInteraction1.pcapng
Power Plug 1,Socket,"Oct 28, 2023 13:14:20.454178",,53,,,,,,,,,,physicalInteraction1.pcapng
Unknown,Unknown,"Oct 28, 2023 13:14:20.456257",0.002079,5,,,0x0002,28.0,,,,,,physicalInteraction1.pcapng
Power Plug 1,Socket,"Oct 28, 2023 13:14:20.457184",,53,,,,,,,,,,physicalInteraction1.pcapng
Unknown,Unknown,"Oct 28, 2023 13:14:20.459262",0.002078,5,,,0x0002,29.0,,,,,,physicalInteraction1.pcapng
Coordinator,Coordinator,"Oct 28, 2023 13:14:20.479473",,45,,,,,,,,,,physicalInteraction1.pcapng
Unknown,Unknown,"Oct 28, 2023 13:14:20.481264",0.001791,5,,,0x0002,32.0,,,,,,physicalInteraction1.pcapng
Smart Socket,Socket,"Oct 28, 2023 13:14:20.484999",,45,,,,,,,,,,physicalInteraction1.pcapng
Unknown,Unknown,"Oct 28, 2023 13:14:20.486790",0.001791,5,,,0x0002,79.0,,,,,,physicalInteraction1.pcapng
Coordinator,Coordinator,"Oct 28, 2023 13:14:20.508541",,45,,,,,,,,,,physicalInteraction1.pcapng
Unknown,Unknown,"Oct 28, 2023 13:14:20.510333",0.001792,5,,,0x0002,33.0,,,,,,physicalInteraction1.pcapng
Smart Socket,Socket,"Oct 28, 2023 13:14:20.514257",,45,,,,,,,,,,physicalInteraction1.pcapng
Unknown,Unknown,"Oct 28, 2023 13:14:20.516049",0.001792,5,,,0x0002,80.0,,,,,,physicalInteraction1.pcapng
Ledvance Bulb,Bulb,"Oct 28, 2023 13:14:20.582887",0.066838,77,0xec7f,0xffff,0x8841,41.0,0xec7f,0xfffc,0x1209,,,physicalInteraction1.pcapng
Aqara Button,Button,"Oct 28, 2023 13:14:20.833369",,53,,,,,,,,,,physicalInteraction1.pcapng
Unknown,Unknown,"Oct 28, 2023 13:14:20.835449",0.00208,5,,,0x0002,138.0,,,,,,physicalInteraction1.pcapng
Philips Lamp 1,Bulb,"Oct 28, 2023 13:14:20.838775",0.003326,57,0x1cd8,0x0000,0x8861,144.0,0xc31c,0x0000,0x1a09,,,physicalInteraction1.pcapng
Unknown,Unknown,"Oct 28, 2023 13:14:20.840981",0.002206,5,,,0x0002,144.0,,,,,,physicalInteraction1.pcapng
Sonoff Motion 1,Motion,"Oct 28, 2023 13:14:20.860051",,54,,,,,,,,,,physicalInteraction1.pcapng
Unknown,Unknown,"Oct 28, 2023 13:14:20.862162",0.002111,5,,,0x0002,67.0,,,,,,physicalInteraction1.pcapng
Philips Lamp 3,Bulb,"Oct 28, 2023 13:14:20.865965",0.003803,57,0x711c,0x0000,0x8861,169.0,0xd0bb,0x0000,0x1a09,,,physicalInteraction1.pcapng
Unknown,Unknown,"Oct 28, 2023 13:14:20.868172",0.002207,5,,,0x0002,169.0,,,,,,physicalInteraction1.pcapng
Philips Lamp 1,Bulb,"Oct 28, 2023 13:14:20.888617",,53,,,,,,,,,,physicalInteraction1.pcapng
Unknown,Unknown,"Oct 28, 2023 13:14:20.890695",0.002078,5,,,0x0002,145.0,,,,,,physicalInteraction1.pcapng
Philips Lamp 3,Bulb,"Oct 28, 2023 13:14:20.913965",,54,,,,,,,,,,physicalInteraction1.pcapng
Unknown,Unknown,"Oct 28, 2023 13:14:20.916076",0.002111,5,,,0x0002,170.0,,,,,,physicalInteraction1.pcapng
Coordinator,Coordinator,"Oct 28, 2023 13:14:20.938990",,48,,,,,,,,,,physicalInteraction1.pcapng
Unknown,Unknown,"Oct 28, 2023 13:14:20.940879",0.001889,5,,,0x0002,34.0,,,,,,physicalInteraction1.pcapng
Smart Socket,Socket,"Oct 28, 2023 13:14:20.944679",,48,,,,,,,,,,physicalInteraction1.pcapng
Unknown,Unknown,"Oct 28, 2023 13:14:20.946567",0.001888,5,,,0x0002,81.0,,,,,,physicalInteraction1.pcapng
Moes Bulb,Bulb,"Oct 28, 2023 13:14:20.954314",,50,,,,,,,,,,physicalInteraction1.pcapng
Unknown,Unknown,"Oct 28, 2023 13:14:20.956297",0.001983,5,,,0x0002,39.0,,,,,,physicalInteraction1.pcapng
Ledvance Smart+ Plug,Socket,"Oct 28, 2023 13:14:21.625236",,52,,,,,,,,,,physicalInteraction1.pcapng
Unknown,Unknown,"Oct 28, 2023 13:14:21.627283",0.002047,5,,,0x0002,96.0,,,,,,physicalInteraction1.pcapng
Smart Socket,Socket,"Oct 28, 2023 13:14:22.854581",1.227298,77,0xe1a6,0xffff,0x8841,82.0,0xe1a6,0xfffc,0x1209,,,physicalInteraction1.pcapng
Power Plug 2,Socket,"Oct 28, 2023 13:14:23.674601",0.82002,74,0xa706,0xffff,0x8841,74.0,0xa706,0xfffc,0x1209,,,physicalInteraction1.pcapng
Ledvance Bulb,Bulb,"Oct 28, 2023 13:14:23.715341",0.04074,55,0xec7f,0x0000,0x8861,42.0,0xec7f,0x0000,0x1a09,,,physicalInteraction1.pcapng
Unknown,Unknown,"Oct 28, 2023 13:14:23.717484",0.002143,5,,,0x0002,42.0,,,,,,physicalInteraction1.pcapng
Ledvance Bulb,Bulb,"Oct 28, 2023 13:14:23.758824",,76,,,,,,,,,,physicalInteraction1.pcapng
Unknown,Unknown,"Oct 28, 2023 13:14:23.761638",0.002814,5,,,0x0002,43.0,,,,,,physicalInteraction1.pcapng
Coordinator,Coordinator,"Oct 28, 2023 13:14:23.779385",,45,,,,,,,,,,physicalInteraction1.pcapng
Unknown,Unknown,"Oct 28, 2023 13:14:23.781194",0.001809,5,,,0x0002,35.0,,,,,,physicalInteraction1.pcapng
Coordinator,Coordinator,"Oct 28, 2023 13:14:23.807416",,50,,,,,,,,,,physicalInteraction1.pcapng
Unknown,Unknown,"Oct 28, 2023 13:14:23.809386",0.00197,5,,,0x0002,36.0,,,,,,physicalInteraction1.pcapng
Ledvance Bulb,Bulb,"Oct 28, 2023 13:14:23.812345",0.002959,55,0xec7f,0x0000,0x8861,44.0,0xec7f,0x0000,0x1a09,,,physicalInteraction1.pcapng
Unknown,Unknown,"Oct 28, 2023 13:14:23.814487",0.002142,5,,,0x0002,44.0,,,,,,physicalInteraction1.pcapng
Ledvance Bulb,Bulb,"Oct 28, 2023 13:14:23.859676",,45,,,,,,,,,,physicalInteraction1.pcapng
Ledvance Bulb,Bulb,"Oct 28, 2023 13:14:23.863404",,45,,,,,,,,,,physicalInteraction1.pcapng
Unknown,Unknown,"Oct 28, 2023 13:14:23.865227",0.001823,5,,,0x0002,45.0,,,,,,physicalInteraction1.pcapng
Power Plug 2,Socket,"Oct 28, 2023 13:14:23.951221",,60,,,,,,,,,,physicalInteraction1.pcapng
Unknown,Unknown,"Oct 28, 2023 13:14:23.953524",0.002303,5,,,0x0002,75.0,,,,,,physicalInteraction1.pcapng
Coordinator,Coordinator,"Oct 28, 2023 13:14:23.992690",,50,,,,,,,,,,physicalInteraction1.pcapng
Unknown,Unknown,"Oct 28, 2023 13:14:23.994673",0.001983,5,,,0x0002,37.0,,,,,,physicalInteraction1.pcapng
Philips Lamp 3,Bulb,"Oct 28, 2023 13:14:23.998763",,50,,,,,,,,,,physicalInteraction1.pcapng
Unknown,Unknown,"Oct 28, 2023 13:14:24.000717",0.001954,5,,,0x0002,171.0,,,,,,physicalInteraction1.pcapng
Power Plug 2,Socket,"Oct 28, 2023 13:14:24.005789",,45,,,,,,,,,,physicalInteraction1.pcapng
Unknown,Unknown,"Oct 28, 2023 13:14:24.007612",0.001823,5,,,0x0002,76.0,,,,,,physicalInteraction1.pcapng
Power Plug 1,Socket,"Oct 28, 2023 13:14:24.472144",0.464532,77,0x3d95,0xffff,0x8841,30.0,0x3d95,0xfffc,0x1209,,,physicalInteraction1.pcapng
Aqara Motion,Motion,"Oct 28, 2023 13:14:24.581927",,57,,,,,,,,,,physicalInteraction1.pcapng
Unknown,Unknown,"Oct 28, 2023 13:14:24.584134",0.002207,5,,,0x0002,71.0,,,,,,physicalInteraction1.pcapng
Philips Lamp 1,Bulb,"Oct 28, 2023 13:14:24.630629",0.046495,77,0x1cd8,0xffff,0x8841,146.0,0x1cd8,0xfffc,0x1209,,,physicalInteraction1.pcapng
Philips Motion,Motion,"Oct 28, 2023 13:14:25.130557",0.499928,12,0x059b,0xec7f,0x8863,2.0,,,,,,physicalInteraction1.pcapng
Unknown,Unknown,"Oct 28, 2023 13:14:25.131310",0.000753,5,,,0x0002,2.0,,,,,,physicalInteraction1.pcapng
Moes Bulb,Bulb,"Oct 28, 2023 13:14:25.530252",0.398942,74,0x1e15,0xffff,0x8841,40.0,0x1e15,0xfffc,0x1209,,,physicalInteraction1.pcapng
Ledvance Z3 Plug,Socket,"Oct 28, 2023 13:14:26.003448",0.473196,77,0x4e11,0xffff,0x8841,217.0,0x4e11,0xfffc,0x1209,,,physicalInteraction1.pcapng
Aqara Button,Button,"Oct 28, 2023 13:14:26.224120",,53,,,,,,,,,,physicalInteraction1.pcapng
Aqara Button,Button,"Oct 28, 2023 13:14:26.228576",0.004456,53,0xc31c,0x1cd8,0x8861,139.0,,,,,,physicalInteraction1.pcapng
Unknown,Unknown,"Oct 28, 2023 13:14:26.230655",0.002079,5,,,0x0002,139.0,,,,,,physicalInteraction1.pcapng
Philips Lamp 1,Bulb,"Oct 28, 2023 13:14:26.234102",0.003447,57,0x1cd8,0x0000,0x8861,147.0,0xc31c,0x0000,0x1a09,,,physicalInteraction1.pcapng
Unknown,Unknown,"Oct 28, 2023 13:14:26.236309",0.002207,5,,,0x0002,147.0,,,,,,physicalInteraction1.pcapng
Philips Lamp 1,Bulb,"Oct 28, 2023 13:14:26.281744",,53,,,,,,,,,,physicalInteraction1.pcapng
Unknown,Unknown,"Oct 28, 2023 13:14:26.283823",0.002079,5,,,0x0002,148.0,,,,,,physicalInteraction1.pcapng
Coordinator,Coordinator,"Oct 28, 2023 13:14:26.330571",,48,,,,,,,,,,physicalInteraction1.pcapng
Unknown,Unknown,"Oct 28, 2023 13:14:26.332490",0.001919,5,,,0x0002,38.0,,,,,,physicalInteraction1.pcapng
Philips Lamp 1,Bulb,"Oct 28, 2023 13:14:26.337073",0.004583,55,0x1cd8,0x0000,0x8861,149.0,0x1cd8,0x0000,0x1a09,,,physicalInteraction1.pcapng
Unknown,Unknown,"Oct 28, 2023 13:14:26.339216",0.002143,5,,,0x0002,149.0,,,,,,physicalInteraction1.pcapng
Philips Lamp 1,Bulb,"Oct 28, 2023 13:14:26.385787",,50,,,,,,,,,,physicalInteraction1.pcapng
Unknown,Unknown,"Oct 28, 2023 13:14:26.387770",0.001983,5,,,0x0002,150.0,,,,,,physicalInteraction1.pcapng
Philips Lamp 1,Bulb,"Oct 28, 2023 13:14:26.488257",0.100487,55,0x1cd8,0x0000,0x8861,151.0,0x1cd8,0x0000,0x1a09,,,physicalInteraction1.pcapng
Unknown,Unknown,"Oct 28, 2023 13:14:26.490400",0.002143,5,,,0x0002,151.0,,,,,,physicalInteraction1.pcapng
Philips Lamp 1,Bulb,"Oct 28, 2023 13:14:26.494427",0.004027,55,0x1cd8,0x0000,0x8861,152.0,0x1cd8,0x0000,0x1a09,,,physicalInteraction1.pcapng
Unknown,Unknown,"Oct 28, 2023 13:14:26.496569",0.002142,5,,,0x0002,152.0,,,,,,physicalInteraction1.pcapng
Philips Lamp 1,Bulb,"Oct 28, 2023 13:14:26.524400",,52,,,,,,,,,,physicalInteraction1.pcapng
Unknown,Unknown,"Oct 28, 2023 13:14:26.526447",0.002047,5,,,0x0002,153.0,,,,,,physicalInteraction1.pcapng
Philips Lamp 1,Bulb,"Oct 28, 2023 13:14:26.530217",,52,,,,,,,,,,physicalInteraction1.pcapng
Unknown,Unknown,"Oct 28, 2023 13:14:26.532263",0.002046,5,,,0x0002,154.0,,,,,,physicalInteraction1.pcapng
Coordinator,Coordinator,"Oct 28, 2023 13:14:26.668242",0.135979,77,0x0000,0xffff,0x8841,39.0,0x0000,0xfffc,0x1209,,,physicalInteraction1.pcapng
Ledvance Smart+ Plug,Socket,"Oct 28, 2023 13:14:26.820534",,52,,,,,,,,,,physicalInteraction1.pcapng
Unknown,Unknown,"Oct 28, 2023 13:14:26.822581",0.002047,5,,,0x0002,97.0,,,,,,physicalInteraction1.pcapng
Philips Lamp 1,Bulb,"Oct 28, 2023 13:14:27.503947",0.681366,55,0x1cd8,0x0000,0x8861,155.0,0x1cd8,0x0000,0x1a09,,,physicalInteraction1.pcapng
Unknown,Unknown,"Oct 28, 2023 13:14:27.506090",0.002143,5,,,0x0002,155.0,,,,,,physicalInteraction1.pcapng
Philips Lamp 1,Bulb,"Oct 28, 2023 13:14:27.540067",,52,,,,,,,,,,physicalInteraction1.pcapng
Unknown,Unknown,"Oct 28, 2023 13:14:27.542114",0.002047,5,,,0x0002,156.0,,,,,,physicalInteraction1.pcapng
Power Plug 1,Socket,"Oct 28, 2023 13:14:29.455953",,53,,,,,,,,,,physicalInteraction1.pcapng
Unknown,Unknown,"Oct 28, 2023 13:14:29.458032",0.002079,5,,,0x0002,31.0,,,,,,physicalInteraction1.pcapng
Power Plug 1,Socket,"Oct 28, 2023 13:14:29.459699",,53,,,,,,,,,,physicalInteraction1.pcapng
Unknown,Unknown,"Oct 28, 2023 13:14:29.461778",0.002079,5,,,0x0002,32.0,,,,,,physicalInteraction1.pcapng
Power Plug 1,Socket,"Oct 28, 2023 13:14:29.462721",,53,,,,,,,,,,physicalInteraction1.pcapng
Unknown,Unknown,"Oct 28, 2023 13:14:29.464799",0.002078,5,,,0x0002,33.0,,,,,,physicalInteraction1.pcapng
Coordinator,Coordinator,"Oct 28, 2023 13:14:29.488121",,45,,,,,,,,,,physicalInteraction1.pcapng
Unknown,Unknown,"Oct 28, 2023 13:14:29.489912",0.001791,5,,,0x0002,40.0,,,,,,physicalInteraction1.pcapng
Smart Socket,Socket,"Oct 28, 2023 13:14:29.493523",,45,,,,,,,,,,physicalInteraction1.pcapng
Unknown,Unknown,"Oct 28, 2023 13:14:29.495316",0.001793,5,,,0x0002,83.0,,,,,,physicalInteraction1.pcapng
Coordinator,Coordinator,"Oct 28, 2023 13:14:29.501292",,45,,,,,,,,,,physicalInteraction1.pcapng
Unknown,Unknown,"Oct 28, 2023 13:14:29.503084",0.001792,5,,,0x0002,41.0,,,,,,physicalInteraction1.pcapng
Smart Socket,Socket,"Oct 28, 2023 13:14:29.506863",,45,,,,,,,,,,physicalInteraction1.pcapng
Unknown,Unknown,"Oct 28, 2023 13:14:29.508656",0.001793,5,,,0x0002,84.0,,,,,,physicalInteraction1.pcapng
Coordinator,Coordinator,"Oct 28, 2023 13:14:29.510260",,45,,,,,,,,,,physicalInteraction1.pcapng
Unknown,Unknown,"Oct 28, 2023 13:14:29.512052",0.001792,5,,,0x0002,42.0,,,,,,physicalInteraction1.pcapng
Smart Socket,Socket,"Oct 28, 2023 13:14:29.515783",,45,,,,,,,,,,physicalInteraction1.pcapng
Unknown,Unknown,"Oct 28, 2023 13:14:29.517575",0.001792,5,,,0x0002,85.0,,,,,,physicalInteraction1.pcapng
Aqara Button,Button,"Oct 28, 2023 13:14:29.711905",,53,,,,,,,,,,physicalInteraction1.pcapng
Unknown,Unknown,"Oct 28, 2023 13:14:29.713984",0.002079,5,,,0x0002,140.0,,,,,,physicalInteraction1.pcapng
Philips Lamp 1,Bulb,"Oct 28, 2023 13:14:29.717754",0.00377,57,0x1cd8,0x0000,0x8861,157.0,0xc31c,0x0000,0x1a09,,,physicalInteraction1.pcapng
Unknown,Unknown,"Oct 28, 2023 13:14:29.719961",0.002207,5,,,0x0002,157.0,,,,,,physicalInteraction1.pcapng
Philips Lamp 1,Bulb,"Oct 28, 2023 13:14:29.766423",,53,,,,,,,,,,physicalInteraction1.pcapng
Unknown,Unknown,"Oct 28, 2023 13:14:29.768502",0.002079,5,,,0x0002,158.0,,,,,,physicalInteraction1.pcapng
Coordinator,Coordinator,"Oct 28, 2023 13:14:29.819886",,48,,,,,,,,,,physicalInteraction1.pcapng
Unknown,Unknown,"Oct 28, 2023 13:14:29.821791",0.001905,5,,,0x0002,43.0,,,,,,physicalInteraction1.pcapng
Ledvance Bulb,Bulb,"Oct 28, 2023 13:14:29.853682",0.031891,55,0xec7f,0x0000,0x8861,46.0,0xec7f,0x0000,0x1a09,,,physicalInteraction1.pcapng
Ledvance Bulb,Bulb,"Oct 28, 2023 13:14:29.862965",0.009283,55,0xec7f,0x0000,0x8861,46.0,0xec7f,0x0000,0x1a09,,,physicalInteraction1.pcapng
Unknown,Unknown,"Oct 28, 2023 13:14:29.865108",0.002143,5,,,0x0002,46.0,,,,,,physicalInteraction1.pcapng
Ledvance Bulb,Bulb,"Oct 28, 2023 13:14:29.876221",0.011113,55,0xec7f,0x0000,0x8861,47.0,0xec7f,0x0000,0x1a09,,,physicalInteraction1.pcapng
Unknown,Unknown,"Oct 28, 2023 13:14:29.878363",0.002142,5,,,0x0002,47.0,,,,,,physicalInteraction1.pcapng
Ledvance Bulb,Bulb,"Oct 28, 2023 13:14:29.886209",0.007846,55,0xec7f,0x0000,0x8861,48.0,0xec7f,0x0000,0x1a09,,,physicalInteraction1.pcapng
Unknown,Unknown,"Oct 28, 2023 13:14:29.888352",0.002143,5,,,0x0002,48.0,,,,,,physicalInteraction1.pcapng
Ledvance Bulb,Bulb,"Oct 28, 2023 13:14:29.896507",,50,,,,,,,,,,physicalInteraction1.pcapng
Ledvance Bulb,Bulb,"Oct 28, 2023 13:14:29.902571",,50,,,,,,,,,,physicalInteraction1.pcapng
Unknown,Unknown,"Oct 28, 2023 13:14:29.904554",0.001983,5,,,0x0002,49.0,,,,,,physicalInteraction1.pcapng
Ledvance Bulb,Bulb,"Oct 28, 2023 13:14:29.912238",,52,,,,,,,,,,physicalInteraction1.pcapng
Unknown,Unknown,"Oct 28, 2023 13:14:29.914285",0.002047,5,,,0x0002,50.0,,,,,,physicalInteraction1.pcapng
Ledvance Bulb,Bulb,"Oct 28, 2023 13:14:29.923799",,52,,,,,,,,,,physicalInteraction1.pcapng
Unknown,Unknown,"Oct 28, 2023 13:14:29.925846",0.002047,5,,,0x0002,51.0,,,,,,physicalInteraction1.pcapng
Coordinator,Coordinator,"Oct 28, 2023 13:14:29.932250",,45,,,,,,,,,,physicalInteraction1.pcapng
Unknown,Unknown,"Oct 28, 2023 13:14:29.934060",0.00181,5,,,0x0002,44.0,,,,,,physicalInteraction1.pcapng
Coordinator,Coordinator,"Oct 28, 2023 13:14:29.940637",,45,,,,,,,,,,physicalInteraction1.pcapng
Unknown,Unknown,"Oct 28, 2023 13:14:29.942447",0.00181,5,,,0x0002,45.0,,,,,,physicalInteraction1.pcapng
Coordinator,Coordinator,"Oct 28, 2023 13:14:29.947354",,45,,,,,,,,,,physicalInteraction1.pcapng
Unknown,Unknown,"Oct 28, 2023 13:14:29.949163",0.001809,5,,,0x0002,46.0,,,,,,physicalInteraction1.pcapng
Coordinator,Coordinator,"Oct 28, 2023 13:14:29.961348",,50,,,,,,,,,,physicalInteraction1.pcapng
Unknown,Unknown,"Oct 28, 2023 13:14:29.963317",0.001969,5,,,0x0002,47.0,,,,,,physicalInteraction1.pcapng
Coordinator,Coordinator,"Oct 28, 2023 13:14:29.974559",,50,,,,,,,,,,physicalInteraction1.pcapng
Unknown,Unknown,"Oct 28, 2023 13:14:29.976529",0.00197,5,,,0x0002,48.0,,,,,,physicalInteraction1.pcapng
Ledvance Bulb,Bulb,"Oct 28, 2023 13:14:29.977527",0.000998,55,0xec7f,0x0000,0x8861,52.0,0xec7f,0x0000,0x1a09,,,physicalInteraction1.pcapng
Unknown,Unknown,"Oct 28, 2023 13:14:29.979670",0.002143,5,,,0x0002,52.0,,,,,,physicalInteraction1.pcapng
Ledvance Bulb,Bulb,"Oct 28, 2023 13:14:29.997803",0.018133,55,0xec7f,0x0000,0x8861,53.0,0xec7f,0x0000,0x1a09,,,physicalInteraction1.pcapng
Unknown,Unknown,"Oct 28, 2023 13:14:29.999946",0.002143,5,,,0x0002,53.0,,,,,,physicalInteraction1.pcapng
Ledvance Bulb,Bulb,"Oct 28, 2023 13:14:30.024560",,45,,,,,,,,,,physicalInteraction1.pcapng
Unknown,Unknown,"Oct 28, 2023 13:14:30.026383",0.001823,5,,,0x0002,54.0,,,,,,physicalInteraction1.pcapng
Ledvance Bulb,Bulb,"Oct 28, 2023 13:14:30.048751",,45,,,,,,,,,,physicalInteraction1.pcapng
Unknown,Unknown,"Oct 28, 2023 13:14:30.050574",0.001823,5,,,0x0002,55.0,,,,,,physicalInteraction1.pcapng
Philips Motion,Motion,"Oct 28, 2023 13:14:30.131419",0.080845,12,0x059b,0xec7f,0x8863,3.0,,,,,,physicalInteraction1.pcapng
Unknown,Unknown,"Oct 28, 2023 13:14:30.132172",0.000753,5,,,0x0002,3.0,,,,,,physicalInteraction1.pcapng
Aqara Button,Button,"Oct 28, 2023 13:14:30.521934",,53,,,,,,,,,,physicalInteraction1.pcapng
Unknown,Unknown,"Oct 28, 2023 13:14:30.524013",0.002079,5,,,0x0002,141.0,,,,,,physicalInteraction1.pcapng
Philips Lamp 1,Bulb,"Oct 28, 2023 13:14:30.534659",0.010646,57,0x1cd8,0x0000,0x8861,159.0,0xc31c,0x0000,0x1a09,,,physicalInteraction1.pcapng
Unknown,Unknown,"Oct 28, 2023 13:14:30.536866",0.002207,5,,,0x0002,159.0,,,,,,physicalInteraction1.pcapng
Philips Lamp 1,Bulb,"Oct 28, 2023 13:14:30.581922",,53,,,,,,,,,,physicalInteraction1.pcapng
Unknown,Unknown,"Oct 28, 2023 13:14:30.584001",0.002079,5,,,0x0002,160.0,,,,,,physicalInteraction1.pcapng
Ledvance Bulb,Bulb,"Oct 28, 2023 13:14:30.849386",0.265385,55,0xec7f,0x0000,0x8861,56.0,0xec7f,0x0000,0x1a09,,,physicalInteraction1.pcapng
Unknown,Unknown,"Oct 28, 2023 13:14:30.851528",0.002142,5,,,0x0002,56.0,,,,,,physicalInteraction1.pcapng
Ledvance Bulb,Bulb,"Oct 28, 2023 13:14:30.892123",,52,,,,,,,,,,physicalInteraction1.pcapng
Unknown,Unknown,"Oct 28, 2023 13:14:30.894170",0.002047,5,,,0x0002,57.0,,,,,,physicalInteraction1.pcapng
Coordinator,Coordinator,"Oct 28, 2023 13:14:30.907725",,45,,,,,,,,,,physicalInteraction1.pcapng
Unknown,Unknown,"Oct 28, 2023 13:14:30.909534",0.001809,5,,,0x0002,49.0,,,,,,physicalInteraction1.pcapng
Coordinator,Coordinator,"Oct 28, 2023 13:14:30.934871",,50,,,,,,,,,,physicalInteraction1.pcapng
Unknown,Unknown,"Oct 28, 2023 13:14:30.936840",0.001969,5,,,0x0002,50.0,,,,,,physicalInteraction1.pcapng
Ledvance Bulb,Bulb,"Oct 28, 2023 13:14:30.940111",0.003271,55,0xec7f,0x0000,0x8861,58.0,0xec7f,0x0000,0x1a09,,,physicalInteraction1.pcapng
Unknown,Unknown,"Oct 28, 2023 13:14:30.942254",0.002143,5,,,0x0002,58.0,,,,,,physicalInteraction1.pcapng
Ledvance Bulb,Bulb,"Oct 28, 2023 13:14:30.987111",,45,,,,,,,,,,physicalInteraction1.pcapng
Unknown,Unknown,"Oct 28, 2023 13:14:30.988934",0.001823,5,,,0x0002,59.0,,,,,,physicalInteraction1.pcapng
Smart Socket,Socket,"Oct 28, 2023 13:14:32.460831",,53,,,,,,,,,,physicalInteraction1.pcapng
Unknown,Unknown,"Oct 28, 2023 13:14:32.462910",0.002079,5,,,0x0002,86.0,,,,,,physicalInteraction1.pcapng
Coordinator,Coordinator,"Oct 28, 2023 13:14:32.475980",,45,,,,,,,,,,physicalInteraction1.pcapng
Unknown,Unknown,"Oct 28, 2023 13:14:32.477774",0.001794,5,,,0x0002,51.0,,,,,,physicalInteraction1.pcapng
Ledvance Smart+ Plug,Socket,"Oct 28, 2023 13:14:33.503712",1.025938,77,0x0112,0xffff,0x8841,98.0,0x0112,0xfffc,0x1209,,,physicalInteraction1.pcapng
Philips Lamp 2,Bulb,"Oct 28, 2023 13:14:34.318349",0.814637,106,0x5bb9,0xffff,0x886a,192.0,,,,,,physicalInteraction1.pcapng
Power Plug 1,Socket,"Oct 28, 2023 13:14:34.455844",,53,,,,,,,,,,physicalInteraction1.pcapng
Unknown,Unknown,"Oct 28, 2023 13:14:34.457923",0.002079,5,,,0x0002,34.0,,,,,,physicalInteraction1.pcapng
Power Plug 1,Socket,"Oct 28, 2023 13:14:34.458850",,53,,,,,,,,,,physicalInteraction1.pcapng
Unknown,Unknown,"Oct 28, 2023 13:14:34.460929",0.002079,5,,,0x0002,35.0,,,,,,physicalInteraction1.pcapng
Coordinator,Coordinator,"Oct 28, 2023 13:14:34.481198",,45,,,,,,,,,,physicalInteraction1.pcapng
Unknown,Unknown,"Oct 28, 2023 13:14:34.482990",0.001792,5,,,0x0002,52.0,,,,,,physicalInteraction1.pcapng
Smart Socket,Socket,"Oct 28, 2023 13:14:34.486777",,45,,,,,,,,,,physicalInteraction1.pcapng
Unknown,Unknown,"Oct 28, 2023 13:14:34.488568",0.001791,5,,,0x0002,87.0,,,,,,physicalInteraction1.pcapng
Coordinator,Coordinator,"Oct 28, 2023 13:14:34.491345",,45,,,,,,,,,,physicalInteraction1.pcapng
Coordinator,Coordinator,"Oct 28, 2023 13:14:34.495222",,45,,,,,,,,,,physicalInteraction1.pcapng
Unknown,Unknown,"Oct 28, 2023 13:14:34.497013",0.001791,5,,,0x0002,53.0,,,,,,physicalInteraction1.pcapng
Coordinator,Coordinator,"Oct 28, 2023 13:14:34.499721",,45,,,,,,,,,,physicalInteraction1.pcapng
Coordinator,Coordinator,"Oct 28, 2023 13:14:34.504892",,45,,,,,,,,,,physicalInteraction1.pcapng
Smart Socket,Socket,"Oct 28, 2023 13:14:34.509767",,45,,,,,,,,,,physicalInteraction1.pcapng
Unknown,Unknown,"Oct 28, 2023 13:14:34.511561",0.001794,5,,,0x0002,88.0,,,,,,physicalInteraction1.pcapng
Smart Socket,Socket,"Oct 28, 2023 13:14:34.514332",,45,,,,,,,,,,physicalInteraction1.pcapng
Unknown,Unknown,"Oct 28, 2023 13:14:34.516126",0.001794,5,,,0x0002,88.0,,,,,,physicalInteraction1.pcapng
Coordinator,Coordinator,"Oct 28, 2023 13:14:34.538302",,45,,,,,,,,,,physicalInteraction1.pcapng
Unknown,Unknown,"Oct 28, 2023 13:14:34.540094",0.001792,5,,,0x0002,54.0,,,,,,physicalInteraction1.pcapng
Smart Socket,Socket,"Oct 28, 2023 13:14:34.543889",,45,,,,,,,,,,physicalInteraction1.pcapng
Unknown,Unknown,"Oct 28, 2023 13:14:34.545678",0.001789,5,,,0x0002,89.0,,,,,,physicalInteraction1.pcapng
Philips Lamp 3,Bulb,"Oct 28, 2023 13:14:34.677574",0.131896,77,0x711c,0xffff,0x8841,172.0,0x711c,0xfffc,0x1209,,,physicalInteraction1.pcapng
Philips Motion,Motion,"Oct 28, 2023 13:14:35.131740",0.454166,12,0x059b,0xec7f,0x8863,4.0,,,,,,physicalInteraction1.pcapng
Unknown,Unknown,"Oct 28, 2023 13:14:35.132493",0.000753,5,,,0x0002,4.0,,,,,,physicalInteraction1.pcapng
Aqara Button,Button,"Oct 28, 2023 13:14:36.416804",,53,,,,,,,,,,physicalInteraction1.pcapng
Aqara Button,Button,"Oct 28, 2023 13:14:36.421260",,53,,,,,,,,,,physicalInteraction1.pcapng
Unknown,Unknown,"Oct 28, 2023 13:14:36.423339",0.002079,5,,,0x0002,142.0,,,,,,physicalInteraction1.pcapng
Philips Lamp 1,Bulb,"Oct 28, 2023 13:14:36.427037",0.003698,57,0x1cd8,0x0000,0x8861,161.0,0xc31c,0x0000,0x1a09,,,physicalInteraction1.pcapng
Unknown,Unknown,"Oct 28, 2023 13:14:36.429244",0.002207,5,,,0x0002,161.0,,,,,,physicalInteraction1.pcapng
Philips Lamp 1,Bulb,"Oct 28, 2023 13:14:36.476456",,53,,,,,,,,,,physicalInteraction1.pcapng
Unknown,Unknown,"Oct 28, 2023 13:14:36.478535",0.002079,5,,,0x0002,162.0,,,,,,physicalInteraction1.pcapng
Coordinator,Coordinator,"Oct 28, 2023 13:14:36.526089",,48,,,,,,,,,,physicalInteraction1.pcapng
Unknown,Unknown,"Oct 28, 2023 13:14:36.527994",0.001905,5,,,0x0002,55.0,,,,,,physicalInteraction1.pcapng
Ledvance Bulb,Bulb,"Oct 28, 2023 13:14:36.557924",0.02993,55,0xec7f,0x0000,0x8861,60.0,0xec7f,0x0000,0x1a09,,,physicalInteraction1.pcapng
Unknown,Unknown,"Oct 28, 2023 13:14:36.560067",0.002143,5,,,0x0002,60.0,,,,,,physicalInteraction1.pcapng
Ledvance Bulb,Bulb,"Oct 28, 2023 13:14:36.568533",0.008466,55,0xec7f,0x0000,0x8861,61.0,0xec7f,0x0000,0x1a09,,,physicalInteraction1.pcapng
Unknown,Unknown,"Oct 28, 2023 13:14:36.570675",0.002142,5,,,0x0002,61.0,,,,,,physicalInteraction1.pcapng
Ledvance Bulb,Bulb,"Oct 28, 2023 13:14:36.579140",0.008465,55,0xec7f,0x0000,0x8861,62.0,0xec7f,0x0000,0x1a09,,,physicalInteraction1.pcapng
Unknown,Unknown,"Oct 28, 2023 13:14:36.581283",0.002143,5,,,0x0002,62.0,,,,,,physicalInteraction1.pcapng
Ledvance Bulb,Bulb,"Oct 28, 2023 13:14:36.594420",,50,,,,,,,,,,physicalInteraction1.pcapng
Unknown,Unknown,"Oct 28, 2023 13:14:36.596402",0.001982,5,,,0x0002,63.0,,,,,,physicalInteraction1.pcapng
Ledvance Bulb,Bulb,"Oct 28, 2023 13:14:36.603760",,52,,,,,,,,,,physicalInteraction1.pcapng
Unknown,Unknown,"Oct 28, 2023 13:14:36.605807",0.002047,5,,,0x0002,64.0,,,,,,physicalInteraction1.pcapng
Ledvance Bulb,Bulb,"Oct 28, 2023 13:14:36.633932",,52,,,,,,,,,,physicalInteraction1.pcapng
Unknown,Unknown,"Oct 28, 2023 13:14:36.635979",0.002047,5,,,0x0002,65.0,,,,,,physicalInteraction1.pcapng
Coordinator,Coordinator,"Oct 28, 2023 13:14:36.636901",,45,,,,,,,,,,physicalInteraction1.pcapng
Unknown,Unknown,"Oct 28, 2023 13:14:36.638710",0.001809,5,,,0x0002,56.0,,,,,,physicalInteraction1.pcapng
Coordinator,Coordinator,"Oct 28, 2023 13:14:36.653844",,45,,,,,,,,,,physicalInteraction1.pcapng
Unknown,Unknown,"Oct 28, 2023 13:14:36.655654",0.00181,5,,,0x0002,57.0,,,,,,physicalInteraction1.pcapng
Coordinator,Coordinator,"Oct 28, 2023 13:14:36.659835",,50,,,,,,,,,,physicalInteraction1.pcapng
Unknown,Unknown,"Oct 28, 2023 13:14:36.661804",0.001969,5,,,0x0002,58.0,,,,,,physicalInteraction1.pcapng
Coordinator,Coordinator,"Oct 28, 2023 13:14:36.666466",,45,,,,,,,,,,physicalInteraction1.pcapng
Unknown,Unknown,"Oct 28, 2023 13:14:36.668276",0.00181,5,,,0x0002,59.0,,,,,,physicalInteraction1.pcapng
Coordinator,Coordinator,"Oct 28, 2023 13:14:36.676145",,50,,,,,,,,,,physicalInteraction1.pcapng
Unknown,Unknown,"Oct 28, 2023 13:14:36.678114",0.001969,5,,,0x0002,60.0,,,,,,physicalInteraction1.pcapng
Ledvance Bulb,Bulb,"Oct 28, 2023 13:14:36.680832",0.002718,55,0xec7f,0x0000,0x8861,66.0,0xec7f,0x0000,0x1a09,,,physicalInteraction1.pcapng
Unknown,Unknown,"Oct 28, 2023 13:14:36.682975",0.002143,5,,,0x0002,66.0,,,,,,physicalInteraction1.pcapng
Ledvance Bulb,Bulb,"Oct 28, 2023 13:14:36.702600",0.019625,55,0xec7f,0x0000,0x8861,67.0,0xec7f,0x0000,0x1a09,,,physicalInteraction1.pcapng
Unknown,Unknown,"Oct 28, 2023 13:14:36.704743",0.002143,5,,,0x0002,67.0,,,,,,physicalInteraction1.pcapng
Ledvance Bulb,Bulb,"Oct 28, 2023 13:14:36.727762",,45,,,,,,,,,,physicalInteraction1.pcapng
Unknown,Unknown,"Oct 28, 2023 13:14:36.729585",0.001823,5,,,0x0002,68.0,,,,,,physicalInteraction1.pcapng
Ledvance Bulb,Bulb,"Oct 28, 2023 13:14:36.753555",,45,,,,,,,,,,physicalInteraction1.pcapng
Unknown,Unknown,"Oct 28, 2023 13:14:36.755378",0.001823,5,,,0x0002,69.0,,,,,,physicalInteraction1.pcapng
Aqara Button,Button,"Oct 28, 2023 13:14:37.196832",,53,,,,,,,,,,physicalInteraction1.pcapng
Unknown,Unknown,"Oct 28, 2023 13:14:37.198910",0.002078,5,,,0x0002,143.0,,,,,,physicalInteraction1.pcapng
Philips Lamp 1,Bulb,"Oct 28, 2023 13:14:37.203935",0.005025,57,0x1cd8,0x0000,0x8861,163.0,0xc31c,0x0000,0x1a09,,,physicalInteraction1.pcapng
Unknown,Unknown,"Oct 28, 2023 13:14:37.206142",0.002207,5,,,0x0002,163.0,,,,,,physicalInteraction1.pcapng
Philips Lamp 1,Bulb,"Oct 28, 2023 13:14:37.252006",,53,,,,,,,,,,physicalInteraction1.pcapng
Unknown,Unknown,"Oct 28, 2023 13:14:37.254084",0.002078,5,,,0x0002,164.0,,,,,,physicalInteraction1.pcapng
Smart Socket,Socket,"Oct 28, 2023 13:14:37.461923",,53,,,,,,,,,,physicalInteraction1.pcapng
Unknown,Unknown,"Oct 28, 2023 13:14:37.464002",0.002079,5,,,0x0002,90.0,,,,,,physicalInteraction1.pcapng
Coordinator,Coordinator,"Oct 28, 2023 13:14:37.476373",,45,,,,,,,,,,physicalInteraction1.pcapng
Unknown,Unknown,"Oct 28, 2023 13:14:37.478165",0.001792,5,,,0x0002,61.0,,,,,,physicalInteraction1.pcapng
Ledvance Bulb,Bulb,"Oct 28, 2023 13:14:37.551368",0.073203,55,0xec7f,0x0000,0x8861,70.0,0xec7f,0x0000,0x1a09,,,physicalInteraction1.pcapng
Unknown,Unknown,"Oct 28, 2023 13:14:37.553511",0.002143,5,,,0x0002,70.0,,,,,,physicalInteraction1.pcapng
Ledvance Bulb,Bulb,"Oct 28, 2023 13:14:37.595650",,52,,,,,,,,,,physicalInteraction1.pcapng
Unknown,Unknown,"Oct 28, 2023 13:14:37.597697",0.002047,5,,,0x0002,71.0,,,,,,physicalInteraction1.pcapng
Coordinator,Coordinator,"Oct 28, 2023 13:14:37.610791",,45,,,,,,,,,,physicalInteraction1.pcapng
Unknown,Unknown,"Oct 28, 2023 13:14:37.612600",0.001809,5,,,0x0002,62.0,,,,,,physicalInteraction1.pcapng
Coordinator,Coordinator,"Oct 28, 2023 13:14:37.641937",,50,,,,,,,,,,physicalInteraction1.pcapng
Unknown,Unknown,"Oct 28, 2023 13:14:37.643907",0.00197,5,,,0x0002,63.0,,,,,,physicalInteraction1.pcapng
Ledvance Bulb,Bulb,"Oct 28, 2023 13:14:37.647187",0.00328,55,0xec7f,0x0000,0x8861,72.0,0xec7f,0x0000,0x1a09,,,physicalInteraction1.pcapng
Unknown,Unknown,"Oct 28, 2023 13:14:37.649330",0.002143,5,,,0x0002,72.0,,,,,,physicalInteraction1.pcapng
Ledvance Bulb,Bulb,"Oct 28, 2023 13:14:37.693022",,45,,,,,,,,,,physicalInteraction1.pcapng
Unknown,Unknown,"Oct 28, 2023 13:14:37.694845",0.001823,5,,,0x0002,73.0,,,,,,physicalInteraction1.pcapng
Smart Socket,Socket,"Oct 28, 2023 13:14:37.853981",0.159136,77,0xe1a6,0xffff,0x8841,91.0,0xe1a6,0xfffc,0x1209,,,physicalInteraction1.pcapng
Ledvance Bulb,Bulb,"Oct 28, 2023 13:14:37.953362",0.099381,77,0xec7f,0xffff,0x8841,74.0,0xec7f,0xfffc,0x1209,,,physicalInteraction1.pcapng
Power Plug 2,Socket,"Oct 28, 2023 13:14:38.585833",0.632471,74,0xa706,0xffff,0x8841,77.0,0xa706,0xfffc,0x1209,,,physicalInteraction1.pcapng
Aqara Door 1,Door,"Oct 28, 2023 13:14:39.004886",,52,,,,,,,,,,physicalInteraction1.pcapng
Unknown,Unknown,"Oct 28, 2023 13:14:39.006933",0.002047,5,,,0x0002,103.0,,,,,,physicalInteraction1.pcapng
Philips Lamp 1,Bulb,"Oct 28, 2023 13:14:39.120867",0.113934,77,0x1cd8,0xffff,0x8841,165.0,0x1cd8,0xfffc,0x1209,,,physicalInteraction1.pcapng
Sonoff Door 1,Door,"Oct 28, 2023 13:14:39.479774",,54,,,,,,,,,,physicalInteraction1.pcapng
Unknown,Unknown,"Oct 28, 2023 13:14:39.481885",0.002111,5,,,0x0002,37.0,,,,,,physicalInteraction1.pcapng
Power Plug 1,Socket,"Oct 28, 2023 13:14:39.533148",0.051263,77,0x3d95,0xffff,0x8841,36.0,0x3d95,0xfffc,0x1209,,,physicalInteraction1.pcapng
Sonoff Door 1,Door,"Oct 28, 2023 13:14:39.987124",0.453976,12,0x946e,0x0000,0x8863,38.0,,,,,,physicalInteraction1.pcapng
Unknown,Unknown,"Oct 28, 2023 13:14:39.987891",0.000767,5,,,0x0002,38.0,,,,,,physicalInteraction1.pcapng
Philips Motion,Motion,"Oct 28, 2023 13:14:40.130811",0.14292,12,0x059b,0xec7f,0x8863,5.0,,,,,,physicalInteraction1.pcapng
Unknown,Unknown,"Oct 28, 2023 13:14:40.131565",0.000754,5,,,0x0002,5.0,,,,,,physicalInteraction1.pcapng
Moes Bulb,Bulb,"Oct 28, 2023 13:14:40.450877",0.319312,74,0x1e15,0xffff,0x8841,41.0,0x1e15,0xfffc,0x1209,,,physicalInteraction1.pcapng
Philips Motion,Motion,"Oct 28, 2023 13:14:40.457443",,52,,,,,,,,,,physicalInteraction1.pcapng
Unknown,Unknown,"Oct 28, 2023 13:14:40.459477",0.002034,5,,,0x0002,6.0,,,,,,physicalInteraction1.pcapng
Ledvance Bulb,Bulb,"Oct 28, 2023 13:14:40.465521",0.006044,57,0xec7f,0x0000,0x8861,75.0,0x059b,0x0000,0x1a09,,,physicalInteraction1.pcapng
Ledvance Bulb,Bulb,"Oct 28, 2023 13:14:40.468655",0.003134,57,0xec7f,0x0000,0x8861,75.0,0x059b,0x0000,0x1a09,,,physicalInteraction1.pcapng
Unknown,Unknown,"Oct 28, 2023 13:14:40.470862",0.002207,5,,,0x0002,75.0,,,,,,physicalInteraction1.pcapng
Philips Motion,Motion,"Oct 28, 2023 13:14:40.472967",0.002105,12,0x059b,0xec7f,0x8863,7.0,,,,,,physicalInteraction1.pcapng
Unknown,Unknown,"Oct 28, 2023 13:14:40.473721",0.000754,5,,,0x0002,7.0,,,,,,physicalInteraction1.pcapng
Ledvance Bulb,Bulb,"Oct 28, 2023 13:14:40.510712",,52,,,,,,,,,,physicalInteraction1.pcapng
Unknown,Unknown,"Oct 28, 2023 13:14:40.512759",0.002047,5,,,0x0002,76.0,,,,,,physicalInteraction1.pcapng
Coordinator,Coordinator,"Oct 28, 2023 13:14:40.552899",,54,,,,,,,,,,physicalInteraction1.pcapng
Unknown,Unknown,"Oct 28, 2023 13:14:40.554996",0.002097,5,,,0x0002,64.0,,,,,,physicalInteraction1.pcapng
Philips Motion,Motion,"Oct 28, 2023 13:14:42.006584",1.451588,12,0x059b,0xec7f,0x8863,8.0,,,,,,physicalInteraction1.pcapng
Unknown,Unknown,"Oct 28, 2023 13:14:42.007338",0.000754,5,,,0x0012,8.0,,,,,,physicalInteraction1.pcapng
Ledvance Bulb,Bulb,"Oct 28, 2023 13:14:42.008991",,50,,,,,,,,,,physicalInteraction1.pcapng
Unknown,Unknown,"Oct 28, 2023 13:14:42.010977",0.001986,5,,,0x0002,77.0,,,,,,physicalInteraction1.pcapng
Philips Motion,Motion,"Oct 28, 2023 13:14:42.013227",0.00225,12,0x059b,0xec7f,0x8863,9.0,,,,,,physicalInteraction1.pcapng
Unknown,Unknown,"Oct 28, 2023 13:14:42.013980",0.000753,5,,,0x0002,9.0,,,,,,physicalInteraction1.pcapng
Philips Motion,Motion,"Oct 28, 2023 13:14:42.021964",,45,,,,,,,,,,physicalInteraction1.pcapng
Unknown,Unknown,"Oct 28, 2023 13:14:42.023773",0.001809,5,,,0x0002,10.0,,,,,,physicalInteraction1.pcapng
Ledvance Bulb,Bulb,"Oct 28, 2023 13:14:42.027895",0.004122,57,0xec7f,0x0000,0x8861,78.0,0x059b,0x0000,0x1a09,,,physicalInteraction1.pcapng
Unknown,Unknown,"Oct 28, 2023 13:14:42.030102",0.002207,5,,,0x0002,78.0,,,,,,physicalInteraction1.pcapng
Philips Motion,Motion,"Oct 28, 2023 13:14:42.034471",0.004369,12,0x059b,0xec7f,0x8863,11.0,,,,,,physicalInteraction1.pcapng
Unknown,Unknown,"Oct 28, 2023 13:14:42.035224",0.000753,5,,,0x0002,11.0,,,,,,physicalInteraction1.pcapng
Ledvance Bulb,Bulb,"Oct 28, 2023 13:14:42.074306",,45,,,,,,,,,,physicalInteraction1.pcapng
Unknown,Unknown,"Oct 28, 2023 13:14:42.076129",0.001823,5,,,0x0002,79.0,,,,,,physicalInteraction1.pcapng
Smart Socket,Socket,"Oct 28, 2023 13:14:42.462531",,53,,,,,,,,,,physicalInteraction1.pcapng
Unknown,Unknown,"Oct 28, 2023 13:14:42.464610",0.002079,5,,,0x0002,92.0,,,,,,physicalInteraction1.pcapng
Coordinator,Coordinator,"Oct 28, 2023 13:14:42.477327",,45,,,,,,,,,,physicalInteraction1.pcapng
Unknown,Unknown,"Oct 28, 2023 13:14:42.479119",0.001792,5,,,0x0002,65.0,,,,,,physicalInteraction1.pcapng
Ledvance Z3 Plug,Socket,"Oct 28, 2023 13:14:43.030832",0.551713,77,0x4e11,0xffff,0x8841,218.0,0x4e11,0xfffc,0x1209,,,physicalInteraction1.pcapng
Aqara Door 1,Door,"Oct 28, 2023 13:14:43.314332",,52,,,,,,,,,,physicalInteraction1.pcapng
Unknown,Unknown,"Oct 28, 2023 13:14:43.316378",0.002046,5,,,0x0002,104.0,,,,,,physicalInteraction1.pcapng
Coordinator,Coordinator,"Oct 28, 2023 13:14:43.396589",0.080211,77,0x0000,0xffff,0x8841,66.0,0x0000,0xfffc,0x1209,,,physicalInteraction1.pcapng
Coordinator,Coordinator,"Oct 28, 2023 13:14:44.701946",,52,,,,,,,,,,physicalInteraction1.pcapng
Unknown,Unknown,"Oct 28, 2023 13:14:44.703962",0.002016,5,,,0x0002,67.0,,,,,,physicalInteraction1.pcapng
Smart Socket,Socket,"Oct 28, 2023 13:14:44.711512",,63,,,,,,,,,,physicalInteraction1.pcapng
Unknown,Unknown,"Oct 28, 2023 13:14:44.713911",0.002399,5,,,0x0002,93.0,,,,,,physicalInteraction1.pcapng
Coordinator,Coordinator,"Oct 28, 2023 13:14:44.737606",,52,,,,,,,,,,physicalInteraction1.pcapng
Unknown,Unknown,"Oct 28, 2023 13:14:44.739622",0.002016,5,,,0x0002,68.0,,,,,,physicalInteraction1.pcapng
Sonoff Door 1,Door,"Oct 28, 2023 13:14:44.741895",0.002273,54,0x946e,0x0000,0x8861,39.0,,,,,,physicalInteraction1.pcapng
Sonoff Door 1,Door,"Oct 28, 2023 13:14:44.746340",0.004445,54,0x946e,0x0000,0x8861,39.0,,,,,,physicalInteraction1.pcapng
Smart Socket,Socket,"Oct 28, 2023 13:14:44.748193",,52,,,,,,,,,,physicalInteraction1.pcapng
Unknown,Unknown,"Oct 28, 2023 13:14:44.750198",0.002005,5,,,0x0002,94.0,,,,,,physicalInteraction1.pcapng
Sonoff Door 1,Door,"Oct 28, 2023 13:14:44.751415",0.001217,54,0x946e,0x0000,0x8861,39.0,,,,,,physicalInteraction1.pcapng
Sonoff Door 1,Door,"Oct 28, 2023 13:14:44.756187",0.004772,54,0x946e,0x0000,0x8861,39.0,,,,,,physicalInteraction1.pcapng
Power Plug 1,Socket,"Oct 28, 2023 13:14:44.762331",,63,,,,,,,,,,physicalInteraction1.pcapng
Unknown,Unknown,"Oct 28, 2023 13:14:44.764730",0.002399,5,,,0x0002,37.0,,,,,,physicalInteraction1.pcapng
Coordinator,Coordinator,"Oct 28, 2023 13:14:44.765181",,45,,,,,,,,,,physicalInteraction1.pcapng
Unknown,Unknown,"Oct 28, 2023 13:14:44.766962",0.001781,5,,,0x0002,69.0,,,,,,physicalInteraction1.pcapng
Sonoff Door 1,Door,"Oct 28, 2023 13:14:44.769987",,54,,,,,,,,,,physicalInteraction1.pcapng
Unknown,Unknown,"Oct 28, 2023 13:14:44.772097",0.00211,5,,,0x0002,40.0,,,,,,physicalInteraction1.pcapng
Smart Socket,Socket,"Oct 28, 2023 13:14:44.773628",,52,,,,,,,,,,physicalInteraction1.pcapng
Unknown,Unknown,"Oct 28, 2023 13:14:44.775643",0.002015,5,,,0x0002,94.0,,,,,,physicalInteraction1.pcapng
Power Plug 1,Socket,"Oct 28, 2023 13:14:44.776317",,63,,,,,,,,,,physicalInteraction1.pcapng
Unknown,Unknown,"Oct 28, 2023 13:14:44.778715",0.002398,5,,,0x0002,37.0,,,,,,physicalInteraction1.pcapng
Coordinator,Coordinator,"Oct 28, 2023 13:14:44.802332",,54,,,,,,,,,,physicalInteraction1.pcapng
Unknown,Unknown,"Oct 28, 2023 13:14:44.804411",0.002079,5,,,0x0002,70.0,,,,,,physicalInteraction1.pcapng
Smart Socket,Socket,"Oct 28, 2023 13:14:44.812018",,66,,,,,,,,,,physicalInteraction1.pcapng
Unknown,Unknown,"Oct 28, 2023 13:14:44.814513",0.002495,5,,,0x0002,95.0,,,,,,physicalInteraction1.pcapng
Coordinator,Coordinator,"Oct 28, 2023 13:14:44.816184",,54,,,,,,,,,,physicalInteraction1.pcapng
Unknown,Unknown,"Oct 28, 2023 13:14:44.818263",0.002079,5,,,0x0002,71.0,,,,,,physicalInteraction1.pcapng
Smart Socket,Socket,"Oct 28, 2023 13:14:44.822250",,54,,,,,,,,,,physicalInteraction1.pcapng
Unknown,Unknown,"Oct 28, 2023 13:14:44.824332",0.002082,5,,,0x0002,96.0,,,,,,physicalInteraction1.pcapng
Power Plug 1,Socket,"Oct 28, 2023 13:14:44.831630",,66,,,,,,,,,,physicalInteraction1.pcapng
Unknown,Unknown,"Oct 28, 2023 13:14:44.834125",0.002495,5,,,0x0002,38.0,,,,,,physicalInteraction1.pcapng
Coordinator,Coordinator,"Oct 28, 2023 13:14:44.838716",,45,,,,,,,,,,physicalInteraction1.pcapng
Unknown,Unknown,"Oct 28, 2023 13:14:44.840509",0.001793,5,,,0x0002,72.0,,,,,,physicalInteraction1.pcapng
Smart Socket,Socket,"Oct 28, 2023 13:14:44.844434",,45,,,,,,,,,,physicalInteraction1.pcapng
Unknown,Unknown,"Oct 28, 2023 13:14:44.846215",0.001781,5,,,0x0002,97.0,,,,,,physicalInteraction1.pcapng
Coordinator,Coordinator,"Oct 28, 2023 13:14:44.851113",,54,,,,,,,,,,physicalInteraction1.pcapng
Unknown,Unknown,"Oct 28, 2023 13:14:44.853224",0.002111,5,,,0x0002,73.0,,,,,,physicalInteraction1.pcapng
Philips Lamp 3,Bulb,"Oct 28, 2023 13:14:44.855984",,54,,,,,,,,,,physicalInteraction1.pcapng
Unknown,Unknown,"Oct 28, 2023 13:14:44.858063",0.002079,5,,,0x0002,173.0,,,,,,physicalInteraction1.pcapng
Coordinator,Coordinator,"Oct 28, 2023 13:14:44.862406",,52,,,,,,,,,,physicalInteraction1.pcapng
Unknown,Unknown,"Oct 28, 2023 13:14:44.864453",0.002047,5,,,0x0002,74.0,,,,,,physicalInteraction1.pcapng
Power Plug 2,Socket,"Oct 28, 2023 13:14:44.865459",0.001006,107,0xa706,0x0000,0x886b,78.0,,,,,,physicalInteraction1.pcapng
Philips Lamp 3,Bulb,"Oct 28, 2023 13:14:44.874215",,52,,,,,,,,,,physicalInteraction1.pcapng
Philips Lamp 3,Bulb,"Oct 28, 2023 13:14:44.878914",,52,,,,,,,,,,physicalInteraction1.pcapng
Power Plug 2,Socket,"Oct 28, 2023 13:14:44.881125",,66,,,,,,,,,,physicalInteraction1.pcapng
Unknown,Unknown,"Oct 28, 2023 13:14:44.883620",0.002495,5,,,0x0002,78.0,,,,,,physicalInteraction1.pcapng
Philips Lamp 3,Bulb,"Oct 28, 2023 13:14:44.884582",,52,,,,,,,,,,physicalInteraction1.pcapng
Unknown,Unknown,"Oct 28, 2023 13:14:44.886598",0.002016,5,,,0x0002,174.0,,,,,,physicalInteraction1.pcapng
Coordinator,Coordinator,"Oct 28, 2023 13:14:44.888240",,45,,,,,,,,,,physicalInteraction1.pcapng
Unknown,Unknown,"Oct 28, 2023 13:14:44.890020",0.00178,5,,,0x0002,75.0,,,,,,physicalInteraction1.pcapng
Power Plug 2,Socket,"Oct 28, 2023 13:14:44.893982",,63,,,,,,,,,,physicalInteraction1.pcapng
Unknown,Unknown,"Oct 28, 2023 13:14:44.896381",0.002399,5,,,0x0002,79.0,,,,,,physicalInteraction1.pcapng
Coordinator,Coordinator,"Oct 28, 2023 13:14:44.919988",,45,,,,,,,,,,physicalInteraction1.pcapng
Unknown,Unknown,"Oct 28, 2023 13:14:44.921780",0.001792,5,,,0x0002,76.0,,,,,,physicalInteraction1.pcapng
Smart Socket,Socket,"Oct 28, 2023 13:14:44.925537",,45,,,,,,,,,,physicalInteraction1.pcapng
Unknown,Unknown,"Oct 28, 2023 13:14:44.927323",0.001786,5,,,0x0002,98.0,,,,,,physicalInteraction1.pcapng
Coordinator,Coordinator,"Oct 28, 2023 13:14:44.927983",,45,,,,,,,,,,physicalInteraction1.pcapng
Unknown,Unknown,"Oct 28, 2023 13:14:44.929806",0.001823,5,,,0x0002,77.0,,,,,,physicalInteraction1.pcapng
Philips Lamp 3,Bulb,"Oct 28, 2023 13:14:44.932866",,45,,,,,,,,,,physicalInteraction1.pcapng
Unknown,Unknown,"Oct 28, 2023 13:14:44.934658",0.001792,5,,,0x0002,175.0,,,,,,physicalInteraction1.pcapng
Coordinator,Coordinator,"Oct 28, 2023 13:14:44.937626",,45,,,,,,,,,,physicalInteraction1.pcapng
Unknown,Unknown,"Oct 28, 2023 13:14:44.939449",0.001823,5,,,0x0002,78.0,,,,,,physicalInteraction1.pcapng
Philips Lamp 3,Bulb,"Oct 28, 2023 13:14:44.942751",,45,,,,,,,,,,physicalInteraction1.pcapng
Unknown,Unknown,"Oct 28, 2023 13:14:44.944544",0.001793,5,,,0x0002,176.0,,,,,,physicalInteraction1.pcapng
Aqara Button,Button,"Oct 28, 2023 13:14:45.273808",,53,,,,,,,,,,physicalInteraction1.pcapng
Unknown,Unknown,"Oct 28, 2023 13:14:45.275888",0.00208,5,,,0x0002,144.0,,,,,,physicalInteraction1.pcapng
Sonoff Door 1,Door,"Oct 28, 2023 13:14:45.276864",0.000976,12,0x946e,0x0000,0x8863,41.0,,,,,,physicalInteraction1.pcapng
Unknown,Unknown,"Oct 28, 2023 13:14:45.277631",0.000767,5,,,0x0002,41.0,,,,,,physicalInteraction1.pcapng
Philips Lamp 1,Bulb,"Oct 28, 2023 13:14:45.280424",0.002793,57,0x1cd8,0x0000,0x8861,166.0,0xc31c,0x0000,0x1a09,,,physicalInteraction1.pcapng
Unknown,Unknown,"Oct 28, 2023 13:14:45.282630",0.002206,5,,,0x0002,166.0,,,,,,physicalInteraction1.pcapng
Philips Lamp 1,Bulb,"Oct 28, 2023 13:14:45.330645",,53,,,,,,,,,,physicalInteraction1.pcapng
Unknown,Unknown,"Oct 28, 2023 13:14:45.332724",0.002079,5,,,0x0002,167.0,,,,,,physicalInteraction1.pcapng
Coordinator,Coordinator,"Oct 28, 2023 13:14:45.379827",,48,,,,,,,,,,physicalInteraction1.pcapng
Unknown,Unknown,"Oct 28, 2023 13:14:45.381715",0.001888,5,,,0x0002,79.0,,,,,,physicalInteraction1.pcapng
Smart Socket,Socket,"Oct 28, 2023 13:14:45.385468",,48,,,,,,,,,,physicalInteraction1.pcapng
Unknown,Unknown,"Oct 28, 2023 13:14:45.387347",0.001879,5,,,0x0002,99.0,,,,,,physicalInteraction1.pcapng
Moes Bulb,Bulb,"Oct 28, 2023 13:14:45.395048",,50,,,,,,,,,,physicalInteraction1.pcapng
Unknown,Unknown,"Oct 28, 2023 13:14:45.397030",0.001982,5,,,0x0002,42.0,,,,,,physicalInteraction1.pcapng
Smart Socket,Socket,"Oct 28, 2023 13:14:45.462962",,53,,,,,,,,,,physicalInteraction1.pcapng
Unknown,Unknown,"Oct 28, 2023 13:14:45.465040",0.002078,5,,,0x0002,100.0,,,,,,physicalInteraction1.pcapng
Coordinator,Coordinator,"Oct 28, 2023 13:14:45.478233",,45,,,,,,,,,,physicalInteraction1.pcapng
Unknown,Unknown,"Oct 28, 2023 13:14:45.480014",0.001781,5,,,0x0002,80.0,,,,,,physicalInteraction1.pcapng
Philips Motion,Motion,"Oct 28, 2023 13:14:47.038606",1.558592,12,0x059b,0xec7f,0x8863,12.0,,,,,,physicalInteraction1.pcapng
Unknown,Unknown,"Oct 28, 2023 13:14:47.039360",0.000754,5,,,0x0002,12.0,,,,,,physicalInteraction1.pcapng
Philips Motion,Motion,"Oct 28, 2023 13:14:48.449244",,53,,,,,,,,,,physicalInteraction1.pcapng
Unknown,Unknown,"Oct 28, 2023 13:14:48.451309",0.002065,5,,,0x0002,13.0,,,,,,physicalInteraction1.pcapng
Ledvance Bulb,Bulb,"Oct 28, 2023 13:14:48.453853",0.002544,57,0xec7f,0x0000,0x8861,80.0,,,,,,physicalInteraction1.pcapng
Unknown,Unknown,"Oct 28, 2023 13:14:48.456060",0.002207,5,,,0x0002,80.0,,,,,,physicalInteraction1.pcapng
Philips Motion,Motion,"Oct 28, 2023 13:14:48.458127",0.002067,12,0x059b,0xec7f,0x8863,14.0,,,,,,physicalInteraction1.pcapng
Unknown,Unknown,"Oct 28, 2023 13:14:48.458880",0.000753,5,,,0x0002,14.0,,,,,,physicalInteraction1.pcapng
Ledvance Smart+ Plug,Socket,"Oct 28, 2023 13:14:48.497314",0.038434,107,0x0112,0xffff,0x886b,99.0,,,,,,physicalInteraction1.pcapng
Ledvance Bulb,Bulb,"Oct 28, 2023 13:14:48.501229",,53,,,,,,,,,,physicalInteraction1.pcapng
Unknown,Unknown,"Oct 28, 2023 13:14:48.503308",0.002079,5,,,0x0002,81.0,,,,,,physicalInteraction1.pcapng
Coordinator,Coordinator,"Oct 28, 2023 13:14:48.544424",,54,,,,,,,,,,physicalInteraction1.pcapng
Unknown,Unknown,"Oct 28, 2023 13:14:48.546521",0.002097,5,,,0x0002,81.0,,,,,,physicalInteraction1.pcapng
Aqara Button,Button,"Oct 28, 2023 13:14:48.927780",,53,,,,,,,,,,physicalInteraction1.pcapng
Unknown,Unknown,"Oct 28, 2023 13:14:48.929859",0.002079,5,,,0x0002,145.0,,,,,,physicalInteraction1.pcapng
Philips Lamp 1,Bulb,"Oct 28, 2023 13:14:48.933544",0.003685,57,0x1cd8,0x0000,0x8861,168.0,0xc31c,0x0000,0x1a09,,,physicalInteraction1.pcapng
Unknown,Unknown,"Oct 28, 2023 13:14:48.935751",0.002207,5,,,0x0002,168.0,,,,,,physicalInteraction1.pcapng
Philips Lamp 1,Bulb,"Oct 28, 2023 13:14:48.981270",,53,,,,,,,,,,physicalInteraction1.pcapng
Unknown,Unknown,"Oct 28, 2023 13:14:48.983349",0.002079,5,,,0x0002,169.0,,,,,,physicalInteraction1.pcapng
Coordinator,Coordinator,"Oct 28, 2023 13:14:49.031327",,48,,,,,,,,,,physicalInteraction1.pcapng
Unknown,Unknown,"Oct 28, 2023 13:14:49.033232",0.001905,5,,,0x0002,82.0,,,,,,physicalInteraction1.pcapng
Ledvance Bulb,Bulb,"Oct 28, 2023 13:14:49.065472",0.03224,55,0xec7f,0x0000,0x8861,82.0,0xec7f,0x0000,0x1a09,,,physicalInteraction1.pcapng
Unknown,Unknown,"Oct 28, 2023 13:14:49.067615",0.002143,5,,,0x0002,82.0,,,,,,physicalInteraction1.pcapng
Ledvance Bulb,Bulb,"Oct 28, 2023 13:14:49.077365",0.00975,55,0xec7f,0x0000,0x8861,83.0,0xec7f,0x0000,0x1a09,,,physicalInteraction1.pcapng
Unknown,Unknown,"Oct 28, 2023 13:14:49.079508",0.002143,5,,,0x0002,83.0,,,,,,physicalInteraction1.pcapng
Ledvance Bulb,Bulb,"Oct 28, 2023 13:14:49.086379",0.006871,55,0xec7f,0x0000,0x8861,84.0,0xec7f,0x0000,0x1a09,,,physicalInteraction1.pcapng
Unknown,Unknown,"Oct 28, 2023 13:14:49.088522",0.002143,5,,,0x0002,84.0,,,,,,physicalInteraction1.pcapng
Ledvance Bulb,Bulb,"Oct 28, 2023 13:14:49.101663",,50,,,,,,,,,,physicalInteraction1.pcapng
Unknown,Unknown,"Oct 28, 2023 13:14:49.103646",0.001983,5,,,0x0002,85.0,,,,,,physicalInteraction1.pcapng
Ledvance Bulb,Bulb,"Oct 28, 2023 13:14:49.114528",,52,,,,,,,,,,physicalInteraction1.pcapng
Unknown,Unknown,"Oct 28, 2023 13:14:49.116575",0.002047,5,,,0x0002,86.0,,,,,,physicalInteraction1.pcapng
Coordinator,Coordinator,"Oct 28, 2023 13:14:49.120875",,45,,,,,,,,,,physicalInteraction1.pcapng
Unknown,Unknown,"Oct 28, 2023 13:14:49.122685",0.00181,5,,,0x0002,83.0,,,,,,physicalInteraction1.pcapng
Ledvance Bulb,Bulb,"Oct 28, 2023 13:14:49.123962",,52,,,,,,,,,,physicalInteraction1.pcapng
Unknown,Unknown,"Oct 28, 2023 13:14:49.126009",0.002047,5,,,0x0002,87.0,,,,,,physicalInteraction1.pcapng
Coordinator,Coordinator,"Oct 28, 2023 13:14:49.139311",,45,,,,,,,,,,physicalInteraction1.pcapng
Unknown,Unknown,"Oct 28, 2023 13:14:49.141120",0.001809,5,,,0x0002,84.0,,,,,,physicalInteraction1.pcapng
Coordinator,Coordinator,"Oct 28, 2023 13:14:49.146453",,45,,,,,,,,,,physicalInteraction1.pcapng
Unknown,Unknown,"Oct 28, 2023 13:14:49.148263",0.00181,5,,,0x0002,85.0,,,,,,physicalInteraction1.pcapng
Coordinator,Coordinator,"Oct 28, 2023 13:14:49.164739",,50,,,,,,,,,,physicalInteraction1.pcapng
Unknown,Unknown,"Oct 28, 2023 13:14:49.166708",0.001969,5,,,0x0002,86.0,,,,,,physicalInteraction1.pcapng
Coordinator,Coordinator,"Oct 28, 2023 13:14:49.179801",,50,,,,,,,,,,physicalInteraction1.pcapng
Unknown,Unknown,"Oct 28, 2023 13:14:49.181771",0.00197,5,,,0x0002,87.0,,,,,,physicalInteraction1.pcapng
Ledvance Bulb,Bulb,"Oct 28, 2023 13:14:49.183564",0.001793,55,0xec7f,0x0000,0x8861,88.0,0xec7f,0x0000,0x1a09,,,physicalInteraction1.pcapng
Unknown,Unknown,"Oct 28, 2023 13:14:49.185707",0.002143,5,,,0x0002,88.0,,,,,,physicalInteraction1.pcapng
Ledvance Bulb,Bulb,"Oct 28, 2023 13:14:49.204055",0.018348,55,0xec7f,0x0000,0x8861,89.0,0xec7f,0x0000,0x1a09,,,physicalInteraction1.pcapng
Unknown,Unknown,"Oct 28, 2023 13:14:49.206197",0.002142,5,,,0x0002,89.0,,,,,,physicalInteraction1.pcapng
Ledvance Bulb,Bulb,"Oct 28, 2023 13:14:49.236064",,45,,,,,,,,,,physicalInteraction1.pcapng
Unknown,Unknown,"Oct 28, 2023 13:14:49.237886",0.001822,5,,,0x0002,90.0,,,,,,physicalInteraction1.pcapng
Ledvance Bulb,Bulb,"Oct 28, 2023 13:14:49.255654",,45,,,,,,,,,,physicalInteraction1.pcapng
Unknown,Unknown,"Oct 28, 2023 13:14:49.257477",0.001823,5,,,0x0002,91.0,,,,,,physicalInteraction1.pcapng
Aqara Button,Button,"Oct 28, 2023 13:14:49.797811",,53,,,,,,,,,,physicalInteraction1.pcapng
Unknown,Unknown,"Oct 28, 2023 13:14:49.799890",0.002079,5,,,0x0002,146.0,,,,,,physicalInteraction1.pcapng
Philips Lamp 1,Bulb,"Oct 28, 2023 13:14:49.803206",0.003316,57,0x1cd8,0x0000,0x8861,170.0,0xc31c,0x0000,0x1a09,,,physicalInteraction1.pcapng
Unknown,Unknown,"Oct 28, 2023 13:14:49.805413",0.002207,5,,,0x0002,170.0,,,,,,physicalInteraction1.pcapng
Philips Lamp 3,Bulb,"Oct 28, 2023 13:14:49.819394",0.013981,108,0x711c,0xffff,0x886c,177.0,,,,,,physicalInteraction1.pcapng
Philips Lamp 1,Bulb,"Oct 28, 2023 13:14:49.850339",,53,,,,,,,,,,physicalInteraction1.pcapng
Unknown,Unknown,"Oct 28, 2023 13:14:49.852418",0.002079,5,,,0x0002,171.0,,,,,,physicalInteraction1.pcapng
Philips Motion,Motion,"Oct 28, 2023 13:14:50.007505",0.155087,12,0x059b,0xec7f,0x8863,15.0,,,,,,physicalInteraction1.pcapng
Unknown,Unknown,"Oct 28, 2023 13:14:50.008259",0.000754,5,,,0x0012,15.0,,,,,,physicalInteraction1.pcapng
Ledvance Bulb,Bulb,"Oct 28, 2023 13:14:50.010515",,50,,,,,,,,,,physicalInteraction1.pcapng
Unknown,Unknown,"Oct 28, 2023 13:14:50.012501",0.001986,5,,,0x0002,92.0,,,,,,physicalInteraction1.pcapng
Philips Motion,Motion,"Oct 28, 2023 13:14:50.014666",0.002165,12,0x059b,0xec7f,0x8863,16.0,,,,,,physicalInteraction1.pcapng
Unknown,Unknown,"Oct 28, 2023 13:14:50.015419",0.000753,5,,,0x0002,16.0,,,,,,physicalInteraction1.pcapng
Philips Motion,Motion,"Oct 28, 2023 13:14:50.022812",,45,,,,,,,,,,physicalInteraction1.pcapng
Unknown,Unknown,"Oct 28, 2023 13:14:50.024621",0.001809,5,,,0x0002,17.0,,,,,,physicalInteraction1.pcapng
Ledvance Bulb,Bulb,"Oct 28, 2023 13:14:50.027141",0.00252,57,0xec7f,0x0000,0x8861,93.0,0x059b,0x0000,0x1a09,,,physicalInteraction1.pcapng
Unknown,Unknown,"Oct 28, 2023 13:14:50.029348",0.002207,5,,,0x0002,93.0,,,,,,physicalInteraction1.pcapng
Philips Motion,Motion,"Oct 28, 2023 13:14:50.034458",0.00511,12,0x059b,0xec7f,0x8863,18.0,,,,,,physicalInteraction1.pcapng
Unknown,Unknown,"Oct 28, 2023 13:14:50.035211",0.000753,5,,,0x0002,18.0,,,,,,physicalInteraction1.pcapng
Ledvance Bulb,Bulb,"Oct 28, 2023 13:14:50.060005",0.024794,55,0xec7f,0x0000,0x8861,94.0,0xec7f,0x0000,0x1a09,,,physicalInteraction1.pcapng
Unknown,Unknown,"Oct 28, 2023 13:14:50.062148",0.002143,5,,,0x0002,94.0,,,,,,physicalInteraction1.pcapng
Ledvance Bulb,Bulb,"Oct 28, 2023 13:14:50.074406",,45,,,,,,,,,,physicalInteraction1.pcapng
Unknown,Unknown,"Oct 28, 2023 13:14:50.076229",0.001823,5,,,0x0002,95.0,,,,,,physicalInteraction1.pcapng
Ledvance Bulb,Bulb,"Oct 28, 2023 13:14:50.104906",,52,,,,,,,,,,physicalInteraction1.pcapng
Unknown,Unknown,"Oct 28, 2023 13:14:50.106953",0.002047,5,,,0x0002,96.0,,,,,,physicalInteraction1.pcapng
Unknown,Unknown,"Oct 28, 2023 13:14:50.114417",0.007464,54,0x045b,0x711c,0x88c1,248.0,,,,,,physicalInteraction1.pcapng
Unknown,Unknown,"Oct 28, 2023 13:14:50.116528",0.002111,5,,,0x0002,248.0,,,,,,physicalInteraction1.pcapng
Coordinator,Coordinator,"Oct 28, 2023 13:14:50.119430",,45,,,,,,,,,,physicalInteraction1.pcapng
Unknown,Unknown,"Oct 28, 2023 13:14:50.121240",0.00181,5,,,0x0002,88.0,,,,,,physicalInteraction1.pcapng
Philips Lamp 3,Bulb,"Oct 28, 2023 13:14:50.126927",0.005687,57,0x711c,0x0000,0x8861,178.0,0x045b,0x0000,0x1a09,,,physicalInteraction1.pcapng
Unknown,Unknown,"Oct 28, 2023 13:14:50.129134",0.002207,5,,,0x0002,178.0,,,,,,physicalInteraction1.pcapng
Coordinator,Coordinator,"Oct 28, 2023 13:14:50.148786",,50,,,,,,,,,,physicalInteraction1.pcapng
Unknown,Unknown,"Oct 28, 2023 13:14:50.150755",0.001969,5,,,0x0002,89.0,,,,,,physicalInteraction1.pcapng
Ledvance Bulb,Bulb,"Oct 28, 2023 13:14:50.153722",0.002967,55,0xec7f,0x0000,0x8861,97.0,0xec7f,0x0000,0x1a09,,,physicalInteraction1.pcapng
Unknown,Unknown,"Oct 28, 2023 13:14:50.155865",0.002143,5,,,0x0002,97.0,,,,,,physicalInteraction1.pcapng
Philips Lamp 3,Bulb,"Oct 28, 2023 13:14:50.167718",,54,,,,,,,,,,physicalInteraction1.pcapng
Unknown,Unknown,"Oct 28, 2023 13:14:50.169829",0.002111,5,,,0x0002,179.0,,,,,,physicalInteraction1.pcapng
Ledvance Bulb,Bulb,"Oct 28, 2023 13:14:50.200305",,45,,,,,,,,,,physicalInteraction1.pcapng
Unknown,Unknown,"Oct 28, 2023 13:14:50.202128",0.001823,5,,,0x0002,98.0,,,,,,physicalInteraction1.pcapng
Ledvance Bulb,Bulb,"Oct 28, 2023 13:14:52.093767",1.891639,77,0xec7f,0xffff,0x8841,99.0,0xec7f,0xfffc,0x1209,,,physicalInteraction1.pcapng
Smart Socket,Socket,"Oct 28, 2023 13:14:52.463760",,53,,,,,,,,,,physicalInteraction1.pcapng
Unknown,Unknown,"Oct 28, 2023 13:14:52.465839",0.002079,5,,,0x0002,101.0,,,,,,physicalInteraction1.pcapng
Coordinator,Coordinator,"Oct 28, 2023 13:14:52.479787",,45,,,,,,,,,,physicalInteraction1.pcapng
Unknown,Unknown,"Oct 28, 2023 13:14:52.481579",0.001792,5,,,0x0002,90.0,,,,,,physicalInteraction1.pcapng
Sonoff Motion 1,Motion,"Oct 28, 2023 13:14:52.722232",,54,,,,,,,,,,physicalInteraction1.pcapng
Unknown,Unknown,"Oct 28, 2023 13:14:52.724343",0.002111,5,,,0x0002,68.0,,,,,,physicalInteraction1.pcapng
Philips Lamp 3,Bulb,"Oct 28, 2023 13:14:52.728447",0.004104,57,0x711c,0x0000,0x8861,180.0,0xd0bb,0x0000,0x1a09,,,physicalInteraction1.pcapng
Unknown,Unknown,"Oct 28, 2023 13:14:52.730654",0.002207,5,,,0x0002,180.0,,,,,,physicalInteraction1.pcapng
Philips Lamp 3,Bulb,"Oct 28, 2023 13:14:52.775422",,54,,,,,,,,,,physicalInteraction1.pcapng
Unknown,Unknown,"Oct 28, 2023 13:14:52.777533",0.002111,5,,,0x0002,181.0,,,,,,physicalInteraction1.pcapng
Smart Socket,Socket,"Oct 28, 2023 13:14:52.786966",0.009433,77,0xe1a6,0xffff,0x8841,102.0,0xe1a6,0xfffc,0x1209,,,physicalInteraction1.pcapng
Power Plug 2,Socket,"Oct 28, 2023 13:14:53.592628",0.805662,74,0xa706,0xffff,0x8841,80.0,0xa706,0xfffc,0x1209,,,physicalInteraction1.pcapng
Power Plug 1,Socket,"Oct 28, 2023 13:14:54.505133",0.912505,77,0x3d95,0xffff,0x8841,39.0,0x3d95,0xfffc,0x1209,,,physicalInteraction1.pcapng
Philips Motion,Motion,"Oct 28, 2023 13:14:55.038334",0.533201,12,0x059b,0xec7f,0x8863,19.0,,,,,,physicalInteraction1.pcapng
Unknown,Unknown,"Oct 28, 2023 13:14:55.039087",0.000753,5,,,0x0002,19.0,,,,,,physicalInteraction1.pcapng
Moes Bulb,Bulb,"Oct 28, 2023 13:14:55.521778",0.482691,74,0x1e15,0xffff,0x8841,43.0,0x1e15,0xfffc,0x1209,,,physicalInteraction1.pcapng
Philips Lamp 1,Bulb,"Oct 28, 2023 13:14:57.134178",1.6124,77,0x1cd8,0xffff,0x8841,172.0,0x1cd8,0xfffc,0x1209,,,physicalInteraction1.pcapng
Smart Socket,Socket,"Oct 28, 2023 13:14:57.464383",,53,,,,,,,,,,physicalInteraction1.pcapng
Unknown,Unknown,"Oct 28, 2023 13:14:57.466462",0.002079,5,,,0x0002,103.0,,,,,,physicalInteraction1.pcapng
Coordinator,Coordinator,"Oct 28, 2023 13:14:57.479576",,45,,,,,,,,,,physicalInteraction1.pcapng
Unknown,Unknown,"Oct 28, 2023 13:14:57.481368",0.001792,5,,,0x0002,91.0,,,,,,physicalInteraction1.pcapng
Coordinator,Coordinator,"Oct 28, 2023 13:14:58.722373",1.241005,77,0x0000,0xffff,0x8841,92.0,0x0000,0xfffc,0x1209,,,physicalInteraction1.pcapng
Ledvance Z3 Plug,Socket,"Oct 28, 2023 13:14:59.276503",0.55413,77,0x4e11,0xffff,0x8841,219.0,0x4e11,0xfffc,0x1209,,,physicalInteraction1.pcapng
Sonoff Door 2,Door,"Oct 28, 2023 13:14:59.544195",,54,,,,,,,,,,physicalInteraction1.pcapng
Unknown,Unknown,"Oct 28, 2023 13:14:59.546306",0.002111,5,,,0x0002,166.0,,,,,,physicalInteraction1.pcapng
Sonoff Door 2,Door,"Oct 28, 2023 13:15:00.050475",0.504169,12,0x7b10,0x0000,0x8863,167.0,,,,,,physicalInteraction1.pcapng
Unknown,Unknown,"Oct 28, 2023 13:15:00.051241",0.000766,5,,,0x0002,167.0,,,,,,physicalInteraction1.pcapng
Philips Motion,Motion,"Oct 28, 2023 13:15:00.100109",0.048868,12,0x059b,0xec7f,0x8863,20.0,,,,,,physicalInteraction1.pcapng
Unknown,Unknown,"Oct 28, 2023 13:15:00.100863",0.000754,5,,,0x0002,20.0,,,,,,physicalInteraction1.pcapng
Aqara Vibration,Vibration,"Oct 28, 2023 13:15:01.757481",,53,,,,,,,,,,physicalInteraction1.pcapng
Unknown,Unknown,"Oct 28, 2023 13:15:01.759560",0.002079,5,,,0x0002,247.0,,,,,,physicalInteraction1.pcapng
Philips Lamp 1,Bulb,"Oct 28, 2023 13:15:01.764614",0.005054,57,0x1cd8,0x0000,0x8861,173.0,0x187a,0x0000,0x1a09,,,physicalInteraction1.pcapng
Unknown,Unknown,"Oct 28, 2023 13:15:01.766820",0.002206,5,,,0x0002,173.0,,,,,,physicalInteraction1.pcapng
Philips Lamp 1,Bulb,"Oct 28, 2023 13:15:01.811168",,53,,,,,,,,,,physicalInteraction1.pcapng
Unknown,Unknown,"Oct 28, 2023 13:15:01.813246",0.002078,5,,,0x0002,174.0,,,,,,physicalInteraction1.pcapng
Philips Lamp 1,Bulb,"Oct 28, 2023 13:15:01.814909",,53,,,,,,,,,,physicalInteraction1.pcapng
Unknown,Unknown,"Oct 28, 2023 13:15:01.816988",0.002079,5,,,0x0002,174.0,,,,,,physicalInteraction1.pcapng
Sonoff Door 2,Door,"Oct 28, 2023 13:15:03.167173",,54,,,,,,,,,,physicalInteraction1.pcapng
Unknown,Unknown,"Oct 28, 2023 13:15:03.169284",0.002111,5,,,0x0002,168.0,,,,,,physicalInteraction1.pcapng
Ledvance Smart+ Plug,Socket,"Oct 28, 2023 13:15:03.496672",0.327388,77,0x0112,0xffff,0x8841,100.0,0x0112,0xfffc,0x1209,,,physicalInteraction1.pcapng
Sonoff Door 2,Door,"Oct 28, 2023 13:15:03.673395",0.176723,12,0x7b10,0x0000,0x8863,169.0,,,,,,physicalInteraction1.pcapng
Unknown,Unknown,"Oct 28, 2023 13:15:03.674162",0.000767,5,,,0x0002,169.0,,,,,,physicalInteraction1.pcapng
Philips Lamp 3,Bulb,"Oct 28, 2023 13:15:04.329740",0.655578,77,0x711c,0xffff,0x8841,182.0,0x711c,0xfffc,0x1209,,,physicalInteraction1.pcapng
Philips Motion,Motion,"Oct 28, 2023 13:15:05.101219",0.771479,12,0x059b,0xec7f,0x8863,21.0,,,,,,physicalInteraction1.pcapng
Unknown,Unknown,"Oct 28, 2023 13:15:05.101973",0.000754,5,,,0x0002,21.0,,,,,,physicalInteraction1.pcapng
Aqara Motion,Motion,"Oct 28, 2023 13:15:05.993800",,57,,,,,,,,,,physicalInteraction1.pcapng
Aqara Motion,Motion,"Oct 28, 2023 13:15:06.000596",,57,,,,,,,,,,physicalInteraction1.pcapng
Unknown,Unknown,"Oct 28, 2023 13:15:06.002803",0.002207,5,,,0x0002,72.0,,,,,,physicalInteraction1.pcapng
Aqara Button,Button,"Oct 28, 2023 13:15:06.700452",,53,,,,,,,,,,physicalInteraction1.pcapng
Unknown,Unknown,"Oct 28, 2023 13:15:06.702531",0.002079,5,,,0x0002,147.0,,,,,,physicalInteraction1.pcapng
Philips Lamp 1,Bulb,"Oct 28, 2023 13:15:06.707533",0.005002,57,0x1cd8,0x0000,0x8861,175.0,0xc31c,0x0000,0x1a09,,,physicalInteraction1.pcapng
Unknown,Unknown,"Oct 28, 2023 13:15:06.709740",0.002207,5,,,0x0002,175.0,,,,,,physicalInteraction1.pcapng
Philips Lamp 1,Bulb,"Oct 28, 2023 13:15:06.755463",,53,,,,,,,,,,physicalInteraction1.pcapng
Unknown,Unknown,"Oct 28, 2023 13:15:06.757542",0.002079,5,,,0x0002,176.0,,,,,,physicalInteraction1.pcapng
Philips Lamp 1,Bulb,"Oct 28, 2023 13:15:06.758897",,53,,,,,,,,,,physicalInteraction1.pcapng
Unknown,Unknown,"Oct 28, 2023 13:15:06.760976",0.002079,5,,,0x0002,176.0,,,,,,physicalInteraction1.pcapng
Philips Lamp 1,Bulb,"Oct 28, 2023 13:15:06.764792",0.003816,53,0x1cd8,0x0000,0x8861,176.0,,,,,,physicalInteraction1.pcapng
Philips Lamp 1,Bulb,"Oct 28, 2023 13:15:06.768248",,53,,,,,,,,,,physicalInteraction1.pcapng
Unknown,Unknown,"Oct 28, 2023 13:15:06.770327",0.002079,5,,,0x0002,176.0,,,,,,physicalInteraction1.pcapng
Coordinator,Coordinator,"Oct 28, 2023 13:15:06.808661",,48,,,,,,,,,,physicalInteraction1.pcapng
Unknown,Unknown,"Oct 28, 2023 13:15:06.810566",0.001905,5,,,0x0002,93.0,,,,,,physicalInteraction1.pcapng
Ledvance Bulb,Bulb,"Oct 28, 2023 13:15:06.840183",0.029617,55,0xec7f,0x0000,0x8861,100.0,0xec7f,0x0000,0x1a09,,,physicalInteraction1.pcapng
Unknown,Unknown,"Oct 28, 2023 13:15:06.842326",0.002143,5,,,0x0002,100.0,,,,,,physicalInteraction1.pcapng
Ledvance Bulb,Bulb,"Oct 28, 2023 13:15:06.849510",0.007184,55,0xec7f,0x0000,0x8861,101.0,0xec7f,0x0000,0x1a09,,,physicalInteraction1.pcapng
Unknown,Unknown,"Oct 28, 2023 13:15:06.851653",0.002143,5,,,0x0002,101.0,,,,,,physicalInteraction1.pcapng
Ledvance Bulb,Bulb,"Oct 28, 2023 13:15:06.862036",0.010383,55,0xec7f,0x0000,0x8861,102.0,0xec7f,0x0000,0x1a09,,,physicalInteraction1.pcapng
Unknown,Unknown,"Oct 28, 2023 13:15:06.864179",0.002143,5,,,0x0002,102.0,,,,,,physicalInteraction1.pcapng
Ledvance Bulb,Bulb,"Oct 28, 2023 13:15:06.877635",,50,,,,,,,,,,physicalInteraction1.pcapng
Unknown,Unknown,"Oct 28, 2023 13:15:06.879618",0.001983,5,,,0x0002,103.0,,,,,,physicalInteraction1.pcapng
Ledvance Bulb,Bulb,"Oct 28, 2023 13:15:06.887619",,52,,,,,,,,,,physicalInteraction1.pcapng
Unknown,Unknown,"Oct 28, 2023 13:15:06.889666",0.002047,5,,,0x0002,104.0,,,,,,physicalInteraction1.pcapng
Coordinator,Coordinator,"Oct 28, 2023 13:15:06.896107",,45,,,,,,,,,,physicalInteraction1.pcapng
Unknown,Unknown,"Oct 28, 2023 13:15:06.897917",0.00181,5,,,0x0002,94.0,,,,,,physicalInteraction1.pcapng
Ledvance Bulb,Bulb,"Oct 28, 2023 13:15:06.898861",,52,,,,,,,,,,physicalInteraction1.pcapng
Unknown,Unknown,"Oct 28, 2023 13:15:06.900908",0.002047,5,,,0x0002,105.0,,,,,,physicalInteraction1.pcapng
Coordinator,Coordinator,"Oct 28, 2023 13:15:06.914501",,45,,,,,,,,,,physicalInteraction1.pcapng
Unknown,Unknown,"Oct 28, 2023 13:15:06.916311",0.00181,5,,,0x0002,95.0,,,,,,physicalInteraction1.pcapng
Coordinator,Coordinator,"Oct 28, 2023 13:15:06.922429",,45,,,,,,,,,,physicalInteraction1.pcapng
Unknown,Unknown,"Oct 28, 2023 13:15:06.924239",0.00181,5,,,0x0002,96.0,,,,,,physicalInteraction1.pcapng
Coordinator,Coordinator,"Oct 28, 2023 13:15:06.938331",,50,,,,,,,,,,physicalInteraction1.pcapng
Unknown,Unknown,"Oct 28, 2023 13:15:06.940300",0.001969,5,,,0x0002,97.0,,,,,,physicalInteraction1.pcapng
Ledvance Bulb,Bulb,"Oct 28, 2023 13:15:06.947227",0.006927,77,0xec7f,0xffff,0x8841,106.0,0xec7f,0xfffc,0x1209,,,physicalInteraction1.pcapng
Coordinator,Coordinator,"Oct 28, 2023 13:15:06.954452",,50,,,,,,,,,,physicalInteraction1.pcapng
Unknown,Unknown,"Oct 28, 2023 13:15:06.956421",0.001969,5,,,0x0002,98.0,,,,,,physicalInteraction1.pcapng
Ledvance Bulb,Bulb,"Oct 28, 2023 13:15:06.959045",0.002624,55,0xec7f,0x0000,0x8861,107.0,0xec7f,0x0000,0x1a09,,,physicalInteraction1.pcapng
Unknown,Unknown,"Oct 28, 2023 13:15:06.961188",0.002143,5,,,0x0002,107.0,,,,,,physicalInteraction1.pcapng
Ledvance Bulb,Bulb,"Oct 28, 2023 13:15:06.970937",0.009749,55,0xec7f,0x0000,0x8861,108.0,0xec7f,0x0000,0x1a09,,,physicalInteraction1.pcapng
Unknown,Unknown,"Oct 28, 2023 13:15:06.973080",0.002143,5,,,0x0002,108.0,,,,,,physicalInteraction1.pcapng
Ledvance Bulb,Bulb,"Oct 28, 2023 13:15:07.005630",,45,,,,,,,,,,physicalInteraction1.pcapng
Unknown,Unknown,"Oct 28, 2023 13:15:07.007453",0.001823,5,,,0x0002,109.0,,,,,,physicalInteraction1.pcapng
Ledvance Bulb,Bulb,"Oct 28, 2023 13:15:07.020250",,45,,,,,,,,,,physicalInteraction1.pcapng
Unknown,Unknown,"Oct 28, 2023 13:15:07.022072",0.001822,5,,,0x0002,110.0,,,,,,physicalInteraction1.pcapng
Smart Socket,Socket,"Oct 28, 2023 13:15:07.820420",0.798348,77,0xe1a6,0xffff,0x8841,104.0,0xe1a6,0xfffc,0x1209,,,physicalInteraction1.pcapng
Ledvance Bulb,Bulb,"Oct 28, 2023 13:15:07.834890",0.01447,55,0xec7f,0x0000,0x8861,111.0,0xec7f,0x0000,0x1a09,,,physicalInteraction1.pcapng
Unknown,Unknown,"Oct 28, 2023 13:15:07.837032",0.002142,5,,,0x0002,111.0,,,,,,physicalInteraction1.pcapng
Ledvance Bulb,Bulb,"Oct 28, 2023 13:15:07.879847",,52,,,,,,,,,,physicalInteraction1.pcapng
Unknown,Unknown,"Oct 28, 2023 13:15:07.881894",0.002047,5,,,0x0002,112.0,,,,,,physicalInteraction1.pcapng
Coordinator,Coordinator,"Oct 28, 2023 13:15:07.895715",,45,,,,,,,,,,physicalInteraction1.pcapng
Unknown,Unknown,"Oct 28, 2023 13:15:07.897524",0.001809,5,,,0x0002,99.0,,,,,,physicalInteraction1.pcapng
Coordinator,Coordinator,"Oct 28, 2023 13:15:07.922364",,50,,,,,,,,,,physicalInteraction1.pcapng
Unknown,Unknown,"Oct 28, 2023 13:15:07.924334",0.00197,5,,,0x0002,100.0,,,,,,physicalInteraction1.pcapng
Ledvance Bulb,Bulb,"Oct 28, 2023 13:15:07.927266",0.002932,55,0xec7f,0x0000,0x8861,113.0,0xec7f,0x0000,0x1a09,,,physicalInteraction1.pcapng
Unknown,Unknown,"Oct 28, 2023 13:15:07.929408",0.002142,5,,,0x0002,113.0,,,,,,physicalInteraction1.pcapng
Ledvance Bulb,Bulb,"Oct 28, 2023 13:15:07.974528",,45,,,,,,,,,,physicalInteraction1.pcapng
Unknown,Unknown,"Oct 28, 2023 13:15:07.976351",0.001823,5,,,0x0002,114.0,,,,,,physicalInteraction1.pcapng
Aqara Button,Button,"Oct 28, 2023 13:15:07.987480",,53,,,,,,,,,,physicalInteraction1.pcapng
Unknown,Unknown,"Oct 28, 2023 13:15:07.989560",0.00208,5,,,0x0002,148.0,,,,,,physicalInteraction1.pcapng
Philips Lamp 1,Bulb,"Oct 28, 2023 13:15:07.995126",0.005566,57,0x1cd8,0x0000,0x8861,177.0,0xc31c,0x0000,0x1a09,,,physicalInteraction1.pcapng
Unknown,Unknown,"Oct 28, 2023 13:15:07.997333",0.002207,5,,,0x0002,177.0,,,,,,physicalInteraction1.pcapng
Philips Lamp 1,Bulb,"Oct 28, 2023 13:15:08.042355",,53,,,,,,,,,,physicalInteraction1.pcapng
Unknown,Unknown,"Oct 28, 2023 13:15:08.044433",0.002078,5,,,0x0002,178.0,,,,,,physicalInteraction1.pcapng
Power Plug 2,Socket,"Oct 28, 2023 13:15:08.672291",0.627858,107,0xa706,0xffff,0x886b,81.0,,,,,,physicalInteraction1.pcapng
Aqara Button,Button,"Oct 28, 2023 13:15:09.223317",,53,,,,,,,,,,physicalInteraction1.pcapng
Unknown,Unknown,"Oct 28, 2023 13:15:09.225396",0.002079,5,,,0x0002,149.0,,,,,,physicalInteraction1.pcapng
Philips Lamp 1,Bulb,"Oct 28, 2023 13:15:09.229856",0.00446,57,0x1cd8,0x0000,0x8861,179.0,0xc31c,0x0000,0x1a09,,,physicalInteraction1.pcapng
Unknown,Unknown,"Oct 28, 2023 13:15:09.232063",0.002207,5,,,0x0002,179.0,,,,,,physicalInteraction1.pcapng
Philips Lamp 1,Bulb,"Oct 28, 2023 13:15:09.276836",,53,,,,,,,,,,physicalInteraction1.pcapng
Unknown,Unknown,"Oct 28, 2023 13:15:09.278915",0.002079,5,,,0x0002,180.0,,,,,,physicalInteraction1.pcapng
Coordinator,Coordinator,"Oct 28, 2023 13:15:09.326749",,48,,,,,,,,,,physicalInteraction1.pcapng
Unknown,Unknown,"Oct 28, 2023 13:15:09.328668",0.001919,5,,,0x0002,101.0,,,,,,physicalInteraction1.pcapng
Philips Lamp 1,Bulb,"Oct 28, 2023 13:15:09.332641",0.003973,55,0x1cd8,0x0000,0x8861,181.0,0x1cd8,0x0000,0x1a09,,,physicalInteraction1.pcapng
Unknown,Unknown,"Oct 28, 2023 13:15:09.334784",0.002143,5,,,0x0002,181.0,,,,,,physicalInteraction1.pcapng
Philips Lamp 1,Bulb,"Oct 28, 2023 13:15:09.394950",,50,,,,,,,,,,physicalInteraction1.pcapng
Unknown,Unknown,"Oct 28, 2023 13:15:09.396932",0.001982,5,,,0x0002,182.0,,,,,,physicalInteraction1.pcapng
Smart Socket,Socket,"Oct 28, 2023 13:15:09.466436",,53,,,,,,,,,,physicalInteraction1.pcapng
Unknown,Unknown,"Oct 28, 2023 13:15:09.468515",0.002079,5,,,0x0002,105.0,,,,,,physicalInteraction1.pcapng
Power Plug 1,Socket,"Oct 28, 2023 13:15:09.472118",0.003603,77,0x3d95,0xffff,0x8841,40.0,0x3d95,0xfffc,0x1209,,,physicalInteraction1.pcapng
Coordinator,Coordinator,"Oct 28, 2023 13:15:09.498530",,45,,,,,,,,,,physicalInteraction1.pcapng
Unknown,Unknown,"Oct 28, 2023 13:15:09.500324",0.001794,5,,,0x0002,102.0,,,,,,physicalInteraction1.pcapng
Philips Lamp 1,Bulb,"Oct 28, 2023 13:15:09.971453",0.471129,55,0x1cd8,0x0000,0x8861,183.0,0x1cd8,0x0000,0x1a09,,,physicalInteraction1.pcapng
Unknown,Unknown,"Oct 28, 2023 13:15:09.973595",0.002142,5,,,0x0002,183.0,,,,,,physicalInteraction1.pcapng
Philips Lamp 1,Bulb,"Oct 28, 2023 13:15:09.976462",0.002867,55,0x1cd8,0x0000,0x8861,184.0,0x1cd8,0x0000,0x1a09,,,physicalInteraction1.pcapng
Unknown,Unknown,"Oct 28, 2023 13:15:09.978605",0.002143,5,,,0x0002,184.0,,,,,,physicalInteraction1.pcapng
Philips Lamp 1,Bulb,"Oct 28, 2023 13:15:10.009155",,52,,,,,,,,,,physicalInteraction1.pcapng
Unknown,Unknown,"Oct 28, 2023 13:15:10.011202",0.002047,5,,,0x0002,185.0,,,,,,physicalInteraction1.pcapng
Philips Lamp 1,Bulb,"Oct 28, 2023 13:15:10.014624",,52,,,,,,,,,,physicalInteraction1.pcapng
Unknown,Unknown,"Oct 28, 2023 13:15:10.016671",0.002047,5,,,0x0002,186.0,,,,,,physicalInteraction1.pcapng
Sonoff Temperature,Temperature,"Oct 28, 2023 13:15:10.126153",,53,,,,,,,,,,physicalInteraction1.pcapng
Unknown,Unknown,"Oct 28, 2023 13:15:10.128232",0.002079,5,,,0x0002,137.0,,,,,,physicalInteraction1.pcapng
Philips Motion,Motion,"Oct 28, 2023 13:15:10.163120",0.034888,12,0x059b,0xec7f,0x8863,22.0,,,,,,physicalInteraction1.pcapng
Unknown,Unknown,"Oct 28, 2023 13:15:10.163873",0.000753,5,,,0x0002,22.0,,,,,,physicalInteraction1.pcapng
Moes Bulb,Bulb,"Oct 28, 2023 13:15:10.539875",0.376002,68,0x1e15,0xffff,0x8841,44.0,0x1e15,0xfffc,0x1209,,,physicalInteraction1.pcapng
Sonoff Temperature,Temperature,"Oct 28, 2023 13:15:10.633226",0.093351,12,0x4615,0x0000,0x8863,138.0,,,,,,physicalInteraction1.pcapng
Unknown,Unknown,"Oct 28, 2023 13:15:10.633992",0.000766,5,,,0x0002,138.0,,,,,,physicalInteraction1.pcapng
Philips Lamp 1,Bulb,"Oct 28, 2023 13:15:10.985463",0.351471,55,0x1cd8,0x0000,0x8861,187.0,0x1cd8,0x0000,0x1a09,,,physicalInteraction1.pcapng
Unknown,Unknown,"Oct 28, 2023 13:15:10.987606",0.002143,5,,,0x0002,187.0,,,,,,physicalInteraction1.pcapng
Philips Lamp 1,Bulb,"Oct 28, 2023 13:15:11.029323",,52,,,,,,,,,,physicalInteraction1.pcapng
Unknown,Unknown,"Oct 28, 2023 13:15:11.031370",0.002047,5,,,0x0002,188.0,,,,,,physicalInteraction1.pcapng
Power Plug 1,Socket,"Oct 28, 2023 13:15:11.460874",,53,,,,,,,,,,physicalInteraction1.pcapng
Unknown,Unknown,"Oct 28, 2023 13:15:11.462953",0.002079,5,,,0x0002,41.0,,,,,,physicalInteraction1.pcapng
Power Plug 1,Socket,"Oct 28, 2023 13:15:11.463884",,53,,,,,,,,,,physicalInteraction1.pcapng
Unknown,Unknown,"Oct 28, 2023 13:15:11.465963",0.002079,5,,,0x0002,42.0,,,,,,physicalInteraction1.pcapng
Coordinator,Coordinator,"Oct 28, 2023 13:15:11.486201",,45,,,,,,,,,,physicalInteraction1.pcapng
Unknown,Unknown,"Oct 28, 2023 13:15:11.487994",0.001793,5,,,0x0002,103.0,,,,,,physicalInteraction1.pcapng
Smart Socket,Socket,"Oct 28, 2023 13:15:11.491777",,45,,,,,,,,,,physicalInteraction1.pcapng
Unknown,Unknown,"Oct 28, 2023 13:15:11.493570",0.001793,5,,,0x0002,106.0,,,,,,physicalInteraction1.pcapng
Coordinator,Coordinator,"Oct 28, 2023 13:15:11.501767",,45,,,,,,,,,,physicalInteraction1.pcapng
Unknown,Unknown,"Oct 28, 2023 13:15:11.503559",0.001792,5,,,0x0002,104.0,,,,,,physicalInteraction1.pcapng
Smart Socket,Socket,"Oct 28, 2023 13:15:11.507349",,45,,,,,,,,,,physicalInteraction1.pcapng
Unknown,Unknown,"Oct 28, 2023 13:15:11.509140",0.001791,5,,,0x0002,107.0,,,,,,physicalInteraction1.pcapng
