Device Name,Device Type,File Name,DOWN_Average Packet Length,DOWN_Packet Standard Variance,DOWN_Maximum Packet Length,DOWN_Minimum Packet Length,DOWN_Median Packet Length,DOWN_Kurtosis Packet Length,DOWN_Skew Packet Length,DOWN_Mad Packet Length,DOWN_Length,DOWN_Average IAT,DOWN_IAT Standard Variance,DOWN_Maximum IAT,DOWN_Minimum IAT,DOWN_Median IAT,DOWN_Kurtosis IAT,DOWN_Skew IAT,DOWN_Mad IAT,TOT_Average Packet Length,TOT_Packet Standard Variance,TOT_Maximum Packet Length,TOT_Minimum Packet Length,TOT_Median Packet Length,TOT_Kurtosis Packet Length,TOT_Skew Packet Length,TOT_Mad Packet Length,TOT_Length,TOT_Average IAT,TOT_IAT Standard Variance,TOT_Maximum IAT,TOT_Minimum IAT,TOT_Median IAT,TOT_Kurtosis IAT,TOT_Skew IAT,TOT_Mad IAT,UP_Average Packet Length,UP_Packet Standard Variance,UP_Maximum Packet Length,UP_Minimum Packet Length,UP_Median Packet Length,UP_Kurtosis Packet Length,UP_Skew Packet Length,UP_Mad Packet Length,UP_Length,UP_Average IAT,UP_IAT Standard Variance,UP_Maximum IAT,UP_Minimum IAT,UP_Median IAT,UP_Kurtosis IAT,UP_Skew IAT,UP_Mad IAT
Aqara Button,Button,./Data\Physical_Interaction\Topology_B\4-Group_dataset\physicalInteraction6_group.csv,80.0,0.0,80.0,80.0,80.0,0.0,0.0,0.0,8.0,0.020055714285714288,0.03926953860060953,0.10911,0.005,0.00532,6.99966963288645,2.6456692684963405,0.025444081632653066,80.0,0.0,80,80,80.0,0.0,0.0,0.0,8,0.020055714285714288,0.03926953860060953,0.10911,0.005,0.00532,6.99966963288645,2.6456692684963405,0.025444081632653066,,,,,,,,,,,,,,,,,
Broadcast,Broadcast,./Data\Physical_Interaction\Topology_B\4-Group_dataset\physicalInteraction6_group.csv,,,,,,,,,,,,,,,,,,63.0,6.928203230275509,71,59,59.0,,1.7320508075688774,5.333333333333333,3,0.32595250000000003,0.330435948595942,0.559606,0.092299,0.32595250000000003,,,0.23365350000000001,63.0,6.928203230275509,71.0,59.0,59.0,,1.7320508075688774,5.333333333333333,3.0,0.32595250000000003,0.330435948595942,0.559606,0.092299,0.32595250000000003,,,0.23365350000000001
Broadcast,Broadcast,./Data\Physical_Interaction\Topology_B\4-Group_dataset\physicalInteraction6_group.csv,,,,,,,,,,,,,,,,,,59.0,0.0,59,59,59.0,,,0.0,2,0.319848,,0.319848,0.319848,0.319848,,,0.0,59.0,0.0,59.0,59.0,59.0,,,0.0,2.0,0.319848,,0.319848,0.319848,0.319848,,,0.0
Broadcast,Broadcast,./Data\Physical_Interaction\Topology_B\4-Group_dataset\physicalInteraction6_group.csv,,,,,,,,,,,,,,,,,,59.0,0.0,59,59,59.0,,,0.0,2,0.319848,,0.319848,0.319848,0.319848,,,0.0,59.0,0.0,59.0,59.0,59.0,,,0.0,2.0,0.319848,,0.319848,0.319848,0.319848,,,0.0
Broadcast,Broadcast,./Data\Physical_Interaction\Topology_B\4-Group_dataset\physicalInteraction6_group.csv,,,,,,,,,,,,,,,,,,59.0,0.0,59,59,59.0,,,0.0,2,0.319848,,0.319848,0.319848,0.319848,,,0.0,59.0,0.0,59.0,59.0,59.0,,,0.0,2.0,0.319848,,0.319848,0.319848,0.319848,,,0.0
Broadcast,Broadcast,./Data\Physical_Interaction\Topology_B\4-Group_dataset\physicalInteraction6_group.csv,,,,,,,,,,,,,,,,,,68.0,4.242640687119285,71,65,68.0,,,3.0,2,0.941936,,0.941936,0.941936,0.941936,,,0.0,68.0,4.242640687119285,71.0,65.0,68.0,,,3.0,2.0,0.941936,,0.941936,0.941936,0.941936,,,0.0
Broadcast,Broadcast,./Data\Physical_Interaction\Topology_B\4-Group_dataset\physicalInteraction6_group.csv,,,,,,,,,,,,,,,,,,68.0,4.242640687119285,71,65,68.0,,,3.0,2,0.941936,,0.941936,0.941936,0.941936,,,0.0,68.0,4.242640687119285,71.0,65.0,68.0,,,3.0,2.0,0.941936,,0.941936,0.941936,0.941936,,,0.0
Broadcast,Broadcast,./Data\Physical_Interaction\Topology_B\4-Group_dataset\physicalInteraction6_group.csv,,,,,,,,,,,,,,,,,,65.0,8.48528137423857,71,59,65.0,,,6.0,2,1.834884,,1.834884,1.834884,1.834884,,,0.0,65.0,8.48528137423857,71.0,59.0,65.0,,,6.0,2.0,1.834884,,1.834884,1.834884,1.834884,,,0.0
Broadcast,Broadcast,./Data\Physical_Interaction\Topology_B\4-Group_dataset\physicalInteraction6_group.csv,,,,,,,,,,,,,,,,,,71.0,0.0,71,71,71.0,,,0.0,2,1.531696,,1.531696,1.531696,1.531696,,,0.0,71.0,0.0,71.0,71.0,71.0,,,0.0,2.0,1.531696,,1.531696,1.531696,1.531696,,,0.0
Broadcast,Broadcast,./Data\Physical_Interaction\Topology_B\4-Group_dataset\physicalInteraction6_group.csv,,,,,,,,,,,,,,,,,,71.0,0.0,71,71,71.0,,,0.0,2,1.531696,,1.531696,1.531696,1.531696,,,0.0,71.0,0.0,71.0,71.0,71.0,,,0.0,2.0,1.531696,,1.531696,1.531696,1.531696,,,0.0
Broadcast,Broadcast,./Data\Physical_Interaction\Topology_B\4-Group_dataset\physicalInteraction6_group.csv,,,,,,,,,,,,,,,,,,59.0,0.0,59,59,59.0,,,0.0,2,0.324767,,0.324767,0.324767,0.324767,,,0.0,59.0,0.0,59.0,59.0,59.0,,,0.0,2.0,0.324767,,0.324767,0.324767,0.324767,,,0.0
Broadcast,Broadcast,./Data\Physical_Interaction\Topology_B\4-Group_dataset\physicalInteraction6_group.csv,,,,,,,,,,,,,,,,,,59.0,0.0,59,59,59.0,,,0.0,2,0.324767,,0.324767,0.324767,0.324767,,,0.0,59.0,0.0,59.0,59.0,59.0,,,0.0,2.0,0.324767,,0.324767,0.324767,0.324767,,,0.0
Broadcast,Broadcast,./Data\Physical_Interaction\Topology_B\4-Group_dataset\physicalInteraction6_group.csv,,,,,,,,,,,,,,,,,,63.0,6.928203230275509,71,59,59.0,,1.7320508075688774,5.333333333333333,3,1.3972575,1.5167306106163019,2.469748,0.324767,1.3972575,,,1.0724905,63.0,6.928203230275509,71.0,59.0,59.0,,1.7320508075688774,5.333333333333333,3.0,1.3972575,1.5167306106163019,2.469748,0.324767,1.3972575,,,1.0724905
Broadcast,Broadcast,./Data\Physical_Interaction\Topology_B\4-Group_dataset\physicalInteraction6_group.csv,,,,,,,,,,,,,,,,,,63.0,6.928203230275509,71,59,59.0,,1.7320508075688774,5.333333333333333,3,0.4250715,0.14659949919593862,0.528733,0.32141,0.4250715,,,0.10366150000000002,63.0,6.928203230275509,71.0,59.0,59.0,,1.7320508075688774,5.333333333333333,3.0,0.4250715,0.14659949919593862,0.528733,0.32141,0.4250715,,,0.10366150000000002
Broadcast,Broadcast,./Data\Physical_Interaction\Topology_B\4-Group_dataset\physicalInteraction6_group.csv,,,,,,,,,,,,,,,,,,63.0,6.928203230275509,71,59,59.0,,1.7320508075688774,5.333333333333333,3,0.4250715,0.14659949919593862,0.528733,0.32141,0.4250715,,,0.10366150000000002,63.0,6.928203230275509,71.0,59.0,59.0,,1.7320508075688774,5.333333333333333,3.0,0.4250715,0.14659949919593862,0.528733,0.32141,0.4250715,,,0.10366150000000002
Broadcast,Broadcast,./Data\Physical_Interaction\Topology_B\4-Group_dataset\physicalInteraction6_group.csv,,,,,,,,,,,,,,,,,,59.0,0.0,59,59,59.0,,,0.0,2,0.32141,,0.32141,0.32141,0.32141,,,0.0,59.0,0.0,59.0,59.0,59.0,,,0.0,2.0,0.32141,,0.32141,0.32141,0.32141,,,0.0
Broadcast,Broadcast,./Data\Physical_Interaction\Topology_B\4-Group_dataset\physicalInteraction6_group.csv,,,,,,,,,,,,,,,,,,68.0,4.242640687119285,71,65,68.0,,,3.0,2,0.281276,,0.281276,0.281276,0.281276,,,0.0,68.0,4.242640687119285,71.0,65.0,68.0,,,3.0,2.0,0.281276,,0.281276,0.281276,0.281276,,,0.0
Broadcast,Broadcast,./Data\Physical_Interaction\Topology_B\4-Group_dataset\physicalInteraction6_group.csv,,,,,,,,,,,,,,,,,,69.0,3.4641016151377544,71,65,71.0,,-1.7320508075688774,2.6666666666666665,3,0.4731995,0.2714208166381127,0.665123,0.281276,0.4731995,,,0.1919235,69.0,3.4641016151377544,71.0,65.0,71.0,,-1.7320508075688774,2.6666666666666665,3.0,0.4731995,0.2714208166381127,0.665123,0.281276,0.4731995,,,0.1919235
Broadcast,Broadcast,./Data\Physical_Interaction\Topology_B\4-Group_dataset\physicalInteraction6_group.csv,,,,,,,,,,,,,,,,,,69.0,3.4641016151377544,71,65,71.0,,-1.7320508075688774,2.6666666666666665,3,0.4731995,0.2714208166381127,0.665123,0.281276,0.4731995,,,0.1919235,69.0,3.4641016151377544,71.0,65.0,71.0,,-1.7320508075688774,2.6666666666666665,3.0,0.4731995,0.2714208166381127,0.665123,0.281276,0.4731995,,,0.1919235
Broadcast,Broadcast,./Data\Physical_Interaction\Topology_B\4-Group_dataset\physicalInteraction6_group.csv,,,,,,,,,,,,,,,,,,68.0,4.242640687119285,71,65,68.0,,,3.0,2,2.127924,,2.127924,2.127924,2.127924,,,0.0,68.0,4.242640687119285,71.0,65.0,68.0,,,3.0,2.0,2.127924,,2.127924,2.127924,2.127924,,,0.0
Broadcast,Broadcast,./Data\Physical_Interaction\Topology_B\4-Group_dataset\physicalInteraction6_group.csv,,,,,,,,,,,,,,,,,,63.0,6.928203230275509,71,59,59.0,,1.7320508075688774,5.333333333333333,3,0.32078850000000003,0.1842345505178114,0.451062,0.190515,0.32078850000000003,,,0.13027350000000001,63.0,6.928203230275509,71.0,59.0,59.0,,1.7320508075688774,5.333333333333333,3.0,0.32078850000000003,0.1842345505178114,0.451062,0.190515,0.32078850000000003,,,0.13027350000000001
Broadcast,Broadcast,./Data\Physical_Interaction\Topology_B\4-Group_dataset\physicalInteraction6_group.csv,,,,,,,,,,,,,,,,,,63.0,6.928203230275509,71,59,59.0,,1.7320508075688774,5.333333333333333,3,0.32078850000000003,0.1842345505178114,0.451062,0.190515,0.32078850000000003,,,0.13027350000000001,63.0,6.928203230275509,71.0,59.0,59.0,,1.7320508075688774,5.333333333333333,3.0,0.32078850000000003,0.1842345505178114,0.451062,0.190515,0.32078850000000003,,,0.13027350000000001
Broadcast,Broadcast,./Data\Physical_Interaction\Topology_B\4-Group_dataset\physicalInteraction6_group.csv,,,,,,,,,,,,,,,,,,63.0,6.928203230275509,71,59,59.0,,1.7320508075688774,5.333333333333333,3,0.32078850000000003,0.1842345505178114,0.451062,0.190515,0.32078850000000003,,,0.13027350000000001,63.0,6.928203230275509,71.0,59.0,59.0,,1.7320508075688774,5.333333333333333,3.0,0.32078850000000003,0.1842345505178114,0.451062,0.190515,0.32078850000000003,,,0.13027350000000001
Broadcast,Broadcast,./Data\Physical_Interaction\Topology_B\4-Group_dataset\physicalInteraction6_group.csv,,,,,,,,,,,,,,,,,,71.0,0.0,71,71,71.0,,,0.0,2,1.039431,,1.039431,1.039431,1.039431,,,0.0,71.0,0.0,71.0,71.0,71.0,,,0.0,2.0,1.039431,,1.039431,1.039431,1.039431,,,0.0
Broadcast,Broadcast,./Data\Physical_Interaction\Topology_B\4-Group_dataset\physicalInteraction6_group.csv,,,,,,,,,,,,,,,,,,71.0,0.0,71,71,71.0,,0.0,0.0,3,0.9025665,0.19355563210741245,1.039431,0.765702,0.9025665,,,0.1368645,71.0,0.0,71.0,71.0,71.0,,0.0,0.0,3.0,0.9025665,0.19355563210741245,1.039431,0.765702,0.9025665,,,0.1368645
Broadcast,Broadcast,./Data\Physical_Interaction\Topology_B\4-Group_dataset\physicalInteraction6_group.csv,,,,,,,,,,,,,,,,,,71.0,0.0,71,71,71.0,,,0.0,2,0.765702,,0.765702,0.765702,0.765702,,,0.0,71.0,0.0,71.0,71.0,71.0,,,0.0,2.0,0.765702,,0.765702,0.765702,0.765702,,,0.0
Broadcast,Broadcast,./Data\Physical_Interaction\Topology_B\4-Group_dataset\physicalInteraction6_group.csv,,,,,,,,,,,,,,,,,,59.0,0.0,59,59,59.0,,,0.0,2,0.324702,,0.324702,0.324702,0.324702,,,0.0,59.0,0.0,59.0,59.0,59.0,,,0.0,2.0,0.324702,,0.324702,0.324702,0.324702,,,0.0
Broadcast,Broadcast,./Data\Physical_Interaction\Topology_B\4-Group_dataset\physicalInteraction6_group.csv,,,,,,,,,,,,,,,,,,59.0,0.0,59,59,59.0,,,0.0,2,0.324702,,0.324702,0.324702,0.324702,,,0.0,59.0,0.0,59.0,59.0,59.0,,,0.0,2.0,0.324702,,0.324702,0.324702,0.324702,,,0.0
Broadcast,Broadcast,./Data\Physical_Interaction\Topology_B\4-Group_dataset\physicalInteraction6_group.csv,,,,,,,,,,,,,,,,,,59.0,0.0,59,59,59.0,,,0.0,2,0.324702,,0.324702,0.324702,0.324702,,,0.0,59.0,0.0,59.0,59.0,59.0,,,0.0,2.0,0.324702,,0.324702,0.324702,0.324702,,,0.0
Broadcast,Broadcast,./Data\Physical_Interaction\Topology_B\4-Group_dataset\physicalInteraction6_group.csv,,,,,,,,,,,,,,,,,,68.0,4.242640687119285,71,65,68.0,,,3.0,2,0.803389,,0.803389,0.803389,0.803389,,,0.0,68.0,4.242640687119285,71.0,65.0,68.0,,,3.0,2.0,0.803389,,0.803389,0.803389,0.803389,,,0.0
Broadcast,Broadcast,./Data\Physical_Interaction\Topology_B\4-Group_dataset\physicalInteraction6_group.csv,,,,,,,,,,,,,,,,,,69.0,3.4641016151377544,71,65,71.0,,-1.7320508075688774,2.6666666666666665,3,0.911557,0.15297265261477294,1.019725,0.803389,0.911557,,,0.10816799999999999,69.0,3.4641016151377544,71.0,65.0,71.0,,-1.7320508075688774,2.6666666666666665,3.0,0.911557,0.15297265261477294,1.019725,0.803389,0.911557,,,0.10816799999999999
Broadcast,Broadcast,./Data\Physical_Interaction\Topology_B\4-Group_dataset\physicalInteraction6_group.csv,,,,,,,,,,,,,,,,,,68.0,4.242640687119285,71,65,68.0,,,3.0,2,1.019725,,1.019725,1.019725,1.019725,,,0.0,68.0,4.242640687119285,71.0,65.0,68.0,,,3.0,2.0,1.019725,,1.019725,1.019725,1.019725,,,0.0
Broadcast,Broadcast,./Data\Physical_Interaction\Topology_B\4-Group_dataset\physicalInteraction6_group.csv,,,,,,,,,,,,,,,,,,59.0,0.0,59,59,59.0,,,0.0,2,0.32928,,0.32928,0.32928,0.32928,,,0.0,59.0,0.0,59.0,59.0,59.0,,,0.0,2.0,0.32928,,0.32928,0.32928,0.32928,,,0.0
Broadcast,Broadcast,./Data\Physical_Interaction\Topology_B\4-Group_dataset\physicalInteraction6_group.csv,,,,,,,,,,,,,,,,,,59.0,0.0,59,59,59.0,,,0.0,2,0.32928,,0.32928,0.32928,0.32928,,,0.0,59.0,0.0,59.0,59.0,59.0,,,0.0,2.0,0.32928,,0.32928,0.32928,0.32928,,,0.0
Broadcast,Broadcast,./Data\Physical_Interaction\Topology_B\4-Group_dataset\physicalInteraction6_group.csv,,,,,,,,,,,,,,,,,,63.0,6.928203230275509,71,59,59.0,,1.7320508075688774,5.333333333333333,3,1.375315,1.4793168837169404,2.42135,0.32928,1.375315,,,1.0460349999999998,63.0,6.928203230275509,71.0,59.0,59.0,,1.7320508075688774,5.333333333333333,3.0,1.375315,1.4793168837169404,2.42135,0.32928,1.375315,,,1.0460349999999998
Broadcast,Broadcast,./Data\Physical_Interaction\Topology_B\4-Group_dataset\physicalInteraction6_group.csv,,,,,,,,,,,,,,,,,,68.0,4.242640687119285,71,65,68.0,,,3.0,2,0.72826,,0.72826,0.72826,0.72826,,,0.0,68.0,4.242640687119285,71.0,65.0,68.0,,,3.0,2.0,0.72826,,0.72826,0.72826,0.72826,,,0.0
Broadcast,Broadcast,./Data\Physical_Interaction\Topology_B\4-Group_dataset\physicalInteraction6_group.csv,,,,,,,,,,,,,,,,,,69.0,3.4641016151377544,71,65,71.0,,-1.7320508075688774,2.6666666666666665,3,0.8874175,0.22508269505339587,1.046575,0.72826,0.8874175,,,0.1591575,69.0,3.4641016151377544,71.0,65.0,71.0,,-1.7320508075688774,2.6666666666666665,3.0,0.8874175,0.22508269505339587,1.046575,0.72826,0.8874175,,,0.1591575
Broadcast,Broadcast,./Data\Physical_Interaction\Topology_B\4-Group_dataset\physicalInteraction6_group.csv,,,,,,,,,,,,,,,,,,68.0,4.242640687119285,71,65,68.0,,,3.0,2,1.046575,,1.046575,1.046575,1.046575,,,0.0,68.0,4.242640687119285,71.0,65.0,68.0,,,3.0,2.0,1.046575,,1.046575,1.046575,1.046575,,,0.0
Broadcast,Broadcast,./Data\Physical_Interaction\Topology_B\4-Group_dataset\physicalInteraction6_group.csv,,,,,,,,,,,,,,,,,,68.0,4.242640687119285,71,65,68.0,,,3.0,2,0.756627,,0.756627,0.756627,0.756627,,,0.0,68.0,4.242640687119285,71.0,65.0,68.0,,,3.0,2.0,0.756627,,0.756627,0.756627,0.756627,,,0.0
Broadcast,Broadcast,./Data\Physical_Interaction\Topology_B\4-Group_dataset\physicalInteraction6_group.csv,,,,,,,,,,,,,,,,,,65.0,6.0,71,59,65.0,,0.0,4.0,3,0.767962,0.01603011072949901,0.779297,0.756627,0.767962,,,0.011334999999999984,65.0,6.0,71.0,59.0,65.0,,0.0,4.0,3.0,0.767962,0.01603011072949901,0.779297,0.756627,0.767962,,,0.011334999999999984
Broadcast,Broadcast,./Data\Physical_Interaction\Topology_B\4-Group_dataset\physicalInteraction6_group.csv,,,,,,,,,,,,,,,,,,62.0,4.242640687119285,65,59,62.0,,,3.0,2,0.779297,,0.779297,0.779297,0.779297,,,0.0,62.0,4.242640687119285,65.0,59.0,62.0,,,3.0,2.0,0.779297,,0.779297,0.779297,0.779297,,,0.0
Broadcast,Broadcast,./Data\Physical_Interaction\Topology_B\4-Group_dataset\physicalInteraction6_group.csv,,,,,,,,,,,,,,,,,,59.0,16.97056274847714,71,47,59.0,,,12.0,2,1.865908,,1.865908,1.865908,1.865908,,,0.0,59.0,16.97056274847714,71.0,47.0,59.0,,,12.0,2.0,1.865908,,1.865908,1.865908,1.865908,,,0.0
Broadcast,Broadcast,./Data\Physical_Interaction\Topology_B\4-Group_dataset\physicalInteraction6_group.csv,,,,,,,,,,,,,,,,,,53.0,8.48528137423857,59,47,53.0,,,6.0,2,1.672688,,1.672688,1.672688,1.672688,,,0.0,53.0,8.48528137423857,59.0,47.0,53.0,,,6.0,2.0,1.672688,,1.672688,1.672688,1.672688,,,0.0
Broadcast,Broadcast,./Data\Physical_Interaction\Topology_B\4-Group_dataset\physicalInteraction6_group.csv,,,,,,,,,,,,,,,,,,65.0,8.48528137423857,71,59,65.0,,,6.0,2,1.051421,,1.051421,1.051421,1.051421,,,0.0,65.0,8.48528137423857,71.0,59.0,65.0,,,6.0,2.0,1.051421,,1.051421,1.051421,1.051421,,,0.0
Broadcast,Broadcast,./Data\Physical_Interaction\Topology_B\4-Group_dataset\physicalInteraction6_group.csv,,,,,,,,,,,,,,,,,,67.0,6.928203230275509,71,59,71.0,,-1.7320508075688774,5.333333333333333,3,1.144223,0.13124184701534805,1.237025,1.051421,1.144223,,,0.09280200000000005,67.0,6.928203230275509,71.0,59.0,71.0,,-1.7320508075688774,5.333333333333333,3.0,1.144223,0.13124184701534805,1.237025,1.051421,1.144223,,,0.09280200000000005
Broadcast,Broadcast,./Data\Physical_Interaction\Topology_B\4-Group_dataset\physicalInteraction6_group.csv,,,,,,,,,,,,,,,,,,67.0,6.928203230275509,71,59,71.0,,-1.7320508075688774,5.333333333333333,3,1.1334575,0.1464665631210756,1.237025,1.02989,1.1334575,,,0.10356750000000003,67.0,6.928203230275509,71.0,59.0,71.0,,-1.7320508075688774,5.333333333333333,3.0,1.1334575,0.1464665631210756,1.237025,1.02989,1.1334575,,,0.10356750000000003
Broadcast,Broadcast,./Data\Physical_Interaction\Topology_B\4-Group_dataset\physicalInteraction6_group.csv,,,,,,,,,,,,,,,,,,63.0,6.928203230275509,71,59,59.0,,1.7320508075688774,5.333333333333333,3,0.677704,0.49806621767793086,1.02989,0.325518,0.677704,,,0.352186,63.0,6.928203230275509,71.0,59.0,59.0,,1.7320508075688774,5.333333333333333,3.0,0.677704,0.49806621767793086,1.02989,0.325518,0.677704,,,0.352186
Broadcast,Broadcast,./Data\Physical_Interaction\Topology_B\4-Group_dataset\physicalInteraction6_group.csv,,,,,,,,,,,,,,,,,,61.0,3.4641016151377544,65,59,59.0,,1.7320508075688774,2.6666666666666665,3,0.9507605,0.8842264232720599,1.576003,0.325518,0.9507605,,,0.6252425,61.0,3.4641016151377544,65.0,59.0,59.0,,1.7320508075688774,2.6666666666666665,3.0,0.9507605,0.8842264232720599,1.576003,0.325518,0.9507605,,,0.6252425
Broadcast,Broadcast,./Data\Physical_Interaction\Topology_B\4-Group_dataset\physicalInteraction6_group.csv,,,,,,,,,,,,,,,,,,65.0,6.0,71,59,65.0,,0.0,4.0,3,1.268734,0.4345439870968186,1.576003,0.961465,1.268734,,,0.307269,65.0,6.0,71.0,59.0,65.0,,0.0,4.0,3.0,1.268734,0.4345439870968186,1.576003,0.961465,1.268734,,,0.307269
Broadcast,Broadcast,./Data\Physical_Interaction\Topology_B\4-Group_dataset\physicalInteraction6_group.csv,,,,,,,,,,,,,,,,,,68.0,4.242640687119285,71,65,68.0,,,3.0,2,0.961465,,0.961465,0.961465,0.961465,,,0.0,68.0,4.242640687119285,71.0,65.0,68.0,,,3.0,2.0,0.961465,,0.961465,0.961465,0.961465,,,0.0
Broadcast,Broadcast,./Data\Physical_Interaction\Topology_B\4-Group_dataset\physicalInteraction6_group.csv,,,,,,,,,,,,,,,,,,71.0,0.0,71,71,71.0,,,0.0,2,2.255981,,2.255981,2.255981,2.255981,,,0.0,71.0,0.0,71.0,71.0,71.0,,,0.0,2.0,2.255981,,2.255981,2.255981,2.255981,,,0.0
Broadcast,Broadcast,./Data\Physical_Interaction\Topology_B\4-Group_dataset\physicalInteraction6_group.csv,,,,,,,,,,,,,,,,,,63.0,6.928203230275509,71,59,59.0,,1.7320508075688774,5.333333333333333,3,0.46362249999999994,0.19698227156904247,0.60291,0.324335,0.46362249999999994,,,0.13928749999999998,63.0,6.928203230275509,71.0,59.0,59.0,,1.7320508075688774,5.333333333333333,3.0,0.46362249999999994,0.19698227156904247,0.60291,0.324335,0.46362249999999994,,,0.13928749999999998
Broadcast,Broadcast,./Data\Physical_Interaction\Topology_B\4-Group_dataset\physicalInteraction6_group.csv,,,,,,,,,,,,,,,,,,59.0,9.797958971132712,71,47,59.0,1.5,0.0,6.0,4,0.651866,0.35455303345620953,1.028353,0.324335,0.60291,,0.6095049253986823,0.25099133333333334,59.0,9.797958971132712,71.0,47.0,59.0,1.5,0.0,6.0,4.0,0.651866,0.35455303345620953,1.028353,0.324335,0.60291,,0.6095049253986823,0.25099133333333334
Broadcast,Broadcast,./Data\Physical_Interaction\Topology_B\4-Group_dataset\physicalInteraction6_group.csv,,,,,,,,,,,,,,,,,,55.0,6.928203230275509,59,47,59.0,,-1.7320508075688774,5.333333333333333,3,0.6763440000000001,0.49781590187739083,1.028353,0.324335,0.6763440000000001,,,0.352009,55.0,6.928203230275509,59.0,47.0,59.0,,-1.7320508075688774,5.333333333333333,3.0,0.6763440000000001,0.49781590187739083,1.028353,0.324335,0.6763440000000001,,,0.352009
Broadcast,Broadcast,./Data\Physical_Interaction\Topology_B\4-Group_dataset\physicalInteraction6_group.csv,,,,,,,,,,,,,,,,,,71.0,0.0,71,71,71.0,,,0.0,2,1.341471,,1.341471,1.341471,1.341471,,,0.0,71.0,0.0,71.0,71.0,71.0,,,0.0,2.0,1.341471,,1.341471,1.341471,1.341471,,,0.0
Broadcast,Broadcast,./Data\Physical_Interaction\Topology_B\4-Group_dataset\physicalInteraction6_group.csv,,,,,,,,,,,,,,,,,,71.0,0.0,71,71,71.0,,,0.0,2,1.341471,,1.341471,1.341471,1.341471,,,0.0,71.0,0.0,71.0,71.0,71.0,,,0.0,2.0,1.341471,,1.341471,1.341471,1.341471,,,0.0
Broadcast,Broadcast,./Data\Physical_Interaction\Topology_B\4-Group_dataset\physicalInteraction6_group.csv,,,,,,,,,,,,,,,,,,71.0,0.0,71,71,71.0,,,0.0,2,1.827609,,1.827609,1.827609,1.827609,,,0.0,71.0,0.0,71.0,71.0,71.0,,,0.0,2.0,1.827609,,1.827609,1.827609,1.827609,,,0.0
Broadcast,Broadcast,./Data\Physical_Interaction\Topology_B\4-Group_dataset\physicalInteraction6_group.csv,,,,,,,,,,,,,,,,,,59.0,0.0,59,59,59.0,,0.0,0.0,3,0.322407,0.0035553328958059837,0.324921,0.319893,0.322407,,,0.0025140000000000162,59.0,0.0,59.0,59.0,59.0,,0.0,0.0,3.0,0.322407,0.0035553328958059837,0.324921,0.319893,0.322407,,,0.0025140000000000162
Broadcast,Broadcast,./Data\Physical_Interaction\Topology_B\4-Group_dataset\physicalInteraction6_group.csv,,,,,,,,,,,,,,,,,,59.0,0.0,59,59,59.0,0.0,0.0,0.0,4,0.32167966666666664,0.002811981033601301,0.324921,0.319893,0.320225,,1.7049281053988001,0.0021608888888888975,59.0,0.0,59.0,59.0,59.0,0.0,0.0,0.0,4.0,0.32167966666666664,0.002811981033601301,0.324921,0.319893,0.320225,,1.7049281053988001,0.0021608888888888975
Broadcast,Broadcast,./Data\Physical_Interaction\Topology_B\4-Group_dataset\physicalInteraction6_group.csv,,,,,,,,,,,,,,,,,,59.0,0.0,59,59,59.0,0.0,0.0,0.0,4,0.32167966666666664,0.002811981033601301,0.324921,0.319893,0.320225,,1.7049281053988001,0.0021608888888888975,59.0,0.0,59.0,59.0,59.0,0.0,0.0,0.0,4.0,0.32167966666666664,0.002811981033601301,0.324921,0.319893,0.320225,,1.7049281053988001,0.0021608888888888975
Broadcast,Broadcast,./Data\Physical_Interaction\Topology_B\4-Group_dataset\physicalInteraction6_group.csv,,,,,,,,,,,,,,,,,,59.0,0.0,59,59,59.0,,,0.0,2,2.678741,,2.678741,2.678741,2.678741,,,0.0,59.0,0.0,59.0,59.0,59.0,,,0.0,2.0,2.678741,,2.678741,2.678741,2.678741,,,0.0
Broadcast,Broadcast,./Data\Physical_Interaction\Topology_B\4-Group_dataset\physicalInteraction6_group.csv,,,,,,,,,,,,,,,,,,55.0,6.928203230275509,59,47,59.0,,-1.7320508075688774,5.333333333333333,3,0.5735525,0.3592901479090403,0.827609,0.319496,0.5735525,,,0.2540565,55.0,6.928203230275509,59.0,47.0,59.0,,-1.7320508075688774,5.333333333333333,3.0,0.5735525,0.3592901479090403,0.827609,0.319496,0.5735525,,,0.2540565
Broadcast,Broadcast,./Data\Physical_Interaction\Topology_B\4-Group_dataset\physicalInteraction6_group.csv,,,,,,,,,,,,,,,,,,55.0,6.928203230275509,59,47,59.0,,-1.7320508075688774,5.333333333333333,3,0.5735525,0.3592901479090403,0.827609,0.319496,0.5735525,,,0.2540565,55.0,6.928203230275509,59.0,47.0,59.0,,-1.7320508075688774,5.333333333333333,3.0,0.5735525,0.3592901479090403,0.827609,0.319496,0.5735525,,,0.2540565
Broadcast,Broadcast,./Data\Physical_Interaction\Topology_B\4-Group_dataset\physicalInteraction6_group.csv,,,,,,,,,,,,,,,,,,53.0,8.48528137423857,59,47,53.0,,,6.0,2,0.827609,,0.827609,0.827609,0.827609,,,0.0,53.0,8.48528137423857,59.0,47.0,53.0,,,6.0,2.0,0.827609,,0.827609,0.827609,0.827609,,,0.0
Broadcast,Broadcast,./Data\Physical_Interaction\Topology_B\4-Group_dataset\physicalInteraction6_group.csv,,,,,,,,,,,,,,,,,,59.0,0.0,59,59,59.0,,,0.0,2,0.647062,,0.647062,0.647062,0.647062,,,0.0,59.0,0.0,59.0,59.0,59.0,,,0.0,2.0,0.647062,,0.647062,0.647062,0.647062,,,0.0
Broadcast,Broadcast,./Data\Physical_Interaction\Topology_B\4-Group_dataset\physicalInteraction6_group.csv,,,,,,,,,,,,,,,,,,59.0,0.0,59,59,59.0,,0.0,0.0,3,0.48393,0.23070348685704775,0.647062,0.320798,0.48393,,,0.163132,59.0,0.0,59.0,59.0,59.0,,0.0,0.0,3.0,0.48393,0.23070348685704775,0.647062,0.320798,0.48393,,,0.163132
Broadcast,Broadcast,./Data\Physical_Interaction\Topology_B\4-Group_dataset\physicalInteraction6_group.csv,,,,,,,,,,,,,,,,,,59.0,0.0,59,59,59.0,,0.0,0.0,3,0.48393,0.23070348685704775,0.647062,0.320798,0.48393,,,0.163132,59.0,0.0,59.0,59.0,59.0,,0.0,0.0,3.0,0.48393,0.23070348685704775,0.647062,0.320798,0.48393,,,0.163132
Broadcast,Broadcast,./Data\Physical_Interaction\Topology_B\4-Group_dataset\physicalInteraction6_group.csv,,,,,,,,,,,,,,,,,,63.0,6.928203230275509,71,59,59.0,,1.7320508075688774,5.333333333333333,3,1.3837405,0.9203482660821933,2.034525,0.732956,1.3837405,,,0.6507844999999999,63.0,6.928203230275509,71.0,59.0,59.0,,1.7320508075688774,5.333333333333333,3.0,1.3837405,0.9203482660821933,2.034525,0.732956,1.3837405,,,0.6507844999999999
Broadcast,Broadcast,./Data\Physical_Interaction\Topology_B\4-Group_dataset\physicalInteraction6_group.csv,,,,,,,,,,,,,,,,,,65.0,8.48528137423857,71,59,65.0,,,6.0,2,0.732956,,0.732956,0.732956,0.732956,,,0.0,65.0,8.48528137423857,71.0,59.0,65.0,,,6.0,2.0,0.732956,,0.732956,0.732956,0.732956,,,0.0
Broadcast,Broadcast,./Data\Physical_Interaction\Topology_B\4-Group_dataset\physicalInteraction6_group.csv,,,,,,,,,,,,,,,,,,65.0,8.48528137423857,71,59,65.0,,,6.0,2,0.732956,,0.732956,0.732956,0.732956,,,0.0,65.0,8.48528137423857,71.0,59.0,65.0,,,6.0,2.0,0.732956,,0.732956,0.732956,0.732956,,,0.0
Broadcast,Broadcast,./Data\Physical_Interaction\Topology_B\4-Group_dataset\physicalInteraction6_group.csv,,,,,,,,,,,,,,,,,,65.0,8.48528137423857,71,59,65.0,,,6.0,2,0.9686,,0.9686,0.9686,0.9686,,,0.0,65.0,8.48528137423857,71.0,59.0,65.0,,,6.0,2.0,0.9686,,0.9686,0.9686,0.9686,,,0.0
Broadcast,Broadcast,./Data\Physical_Interaction\Topology_B\4-Group_dataset\physicalInteraction6_group.csv,,,,,,,,,,,,,,,,,,65.0,6.0,71,59,65.0,,0.0,4.0,3,1.295207,0.4618920489659895,1.621814,0.9686,1.295207,,,0.32660700000000004,65.0,6.0,71.0,59.0,65.0,,0.0,4.0,3.0,1.295207,0.4618920489659895,1.621814,0.9686,1.295207,,,0.32660700000000004
Broadcast,Broadcast,./Data\Physical_Interaction\Topology_B\4-Group_dataset\physicalInteraction6_group.csv,,,,,,,,,,,,,,,,,,63.5,5.744562646538029,71,59,62.0,-1.2892561983471076,0.8545630383279712,4.5,4,0.8913726666666667,0.6655796186860994,1.621814,0.319179,0.733125,,1.009434566267197,0.48696088888888894,63.5,5.744562646538029,71.0,59.0,62.0,-1.2892561983471076,0.8545630383279712,4.5,4.0,0.8913726666666667,0.6655796186860994,1.621814,0.319179,0.733125,,1.009434566267197,0.48696088888888894
Broadcast,Broadcast,./Data\Physical_Interaction\Topology_B\4-Group_dataset\physicalInteraction6_group.csv,,,,,,,,,,,,,,,,,,60.5,3.0,65,59,59.0,4.0,1.9999999999999998,2.25,4,0.4578073333333333,0.23843406450071966,0.733125,0.319179,0.321118,,1.7319219442916878,0.18354511111111113,60.5,3.0,65.0,59.0,59.0,4.0,1.9999999999999998,2.25,4.0,0.4578073333333333,0.23843406450071966,0.733125,0.319179,0.321118,,1.7319219442916878,0.18354511111111113
Broadcast,Broadcast,./Data\Physical_Interaction\Topology_B\4-Group_dataset\physicalInteraction6_group.csv,,,,,,,,,,,,,,,,,,62.0,6.0,71,59,59.0,4.0,1.9999999999999998,4.5,4,0.7796383333333333,0.7958603274069723,1.698618,0.319179,0.321118,,1.7320392412599726,0.6126531111111111,62.0,6.0,71.0,59.0,59.0,4.0,1.9999999999999998,4.5,4.0,0.7796383333333333,0.7958603274069723,1.698618,0.319179,0.321118,,1.7320392412599726,0.6126531111111111
Broadcast,Broadcast,./Data\Physical_Interaction\Topology_B\4-Group_dataset\physicalInteraction6_group.csv,,,,,,,,,,,,,,,,,,65.0,8.48528137423857,71,59,65.0,,,6.0,2,1.698618,,1.698618,1.698618,1.698618,,,0.0,65.0,8.48528137423857,71.0,59.0,65.0,,,6.0,2.0,1.698618,,1.698618,1.698618,1.698618,,,0.0
Broadcast,Broadcast,./Data\Physical_Interaction\Topology_B\4-Group_dataset\physicalInteraction6_group.csv,,,,,,,,,,,,,,,,,,59.0,0.0,59,59,59.0,,,0.0,2,0.641093,,0.641093,0.641093,0.641093,,,0.0,59.0,0.0,59.0,59.0,59.0,,,0.0,2.0,0.641093,,0.641093,0.641093,0.641093,,,0.0
Broadcast,Broadcast,./Data\Physical_Interaction\Topology_B\4-Group_dataset\physicalInteraction6_group.csv,,,,,,,,,,,,,,,,,,59.0,0.0,59,59,59.0,,,0.0,2,0.641093,,0.641093,0.641093,0.641093,,,0.0,59.0,0.0,59.0,59.0,59.0,,,0.0,2.0,0.641093,,0.641093,0.641093,0.641093,,,0.0
Broadcast,Broadcast,./Data\Physical_Interaction\Topology_B\4-Group_dataset\physicalInteraction6_group.csv,,,,,,,,,,,,,,,,,,59.0,0.0,59,59,59.0,,,0.0,2,0.641093,,0.641093,0.641093,0.641093,,,0.0,59.0,0.0,59.0,59.0,59.0,,,0.0,2.0,0.641093,,0.641093,0.641093,0.641093,,,0.0
Broadcast,Broadcast,./Data\Physical_Interaction\Topology_B\4-Group_dataset\physicalInteraction6_group.csv,,,,,,,,,,,,,,,,,,63.0,6.928203230275509,71,59,59.0,,1.7320508075688774,5.333333333333333,3,0.322379,0.061464549847859457,0.365841,0.278917,0.322379,,,0.043462,63.0,6.928203230275509,71.0,59.0,59.0,,1.7320508075688774,5.333333333333333,3.0,0.322379,0.061464549847859457,0.365841,0.278917,0.322379,,,0.043462
Broadcast,Broadcast,./Data\Physical_Interaction\Topology_B\4-Group_dataset\physicalInteraction6_group.csv,,,,,,,,,,,,,,,,,,62.0,6.0,71,59,59.0,4.0,1.9999999999999998,4.5,4,0.32325333333333334,0.04348837569205515,0.365841,0.278917,0.325002,,-0.18065234541740569,0.02955755555555556,62.0,6.0,71.0,59.0,59.0,4.0,1.9999999999999998,4.5,4.0,0.32325333333333334,0.04348837569205515,0.365841,0.278917,0.325002,,-0.18065234541740569,0.02955755555555556
Broadcast,Broadcast,./Data\Physical_Interaction\Topology_B\4-Group_dataset\physicalInteraction6_group.csv,,,,,,,,,,,,,,,,,,64.0,5.89915248150105,71,59,62.0,-2.390011890606421,0.45593925243468286,5.0,6,0.5797658,0.5232562179866571,1.511305,0.278917,0.365841,4.809411762145411,2.1828580624343044,0.37261568,64.0,5.89915248150105,71.0,59.0,62.0,-2.390011890606421,0.45593925243468286,5.0,6.0,0.5797658,0.5232562179866571,1.511305,0.278917,0.365841,4.809411762145411,2.1828580624343044,0.37261568
Broadcast,Broadcast,./Data\Physical_Interaction\Topology_B\4-Group_dataset\physicalInteraction6_group.csv,,,,,,,,,,,,,,,,,,65.0,6.0,71,59,65.0,,0.0,4.0,3,0.9645345,0.7732502566055183,1.511305,0.417764,0.9645345,,,0.5467704999999999,65.0,6.0,71.0,59.0,65.0,,0.0,4.0,3.0,0.9645345,0.7732502566055183,1.511305,0.417764,0.9645345,,,0.5467704999999999
Broadcast,Broadcast,./Data\Physical_Interaction\Topology_B\4-Group_dataset\physicalInteraction6_group.csv,,,,,,,,,,,,,,,,,,68.0,4.242640687119285,71,65,68.0,,,3.0,2,0.417764,,0.417764,0.417764,0.417764,,,0.0,68.0,4.242640687119285,71.0,65.0,68.0,,,3.0,2.0,0.417764,,0.417764,0.417764,0.417764,,,0.0
Broadcast,Broadcast,./Data\Physical_Interaction\Topology_B\4-Group_dataset\physicalInteraction6_group.csv,,,,,,,,,,,,,,,,,,65.0,8.48528137423857,71,59,65.0,,,6.0,2,2.032575,,2.032575,2.032575,2.032575,,,0.0,65.0,8.48528137423857,71.0,59.0,65.0,,,6.0,2.0,2.032575,,2.032575,2.032575,2.032575,,,0.0
Broadcast,Broadcast,./Data\Physical_Interaction\Topology_B\4-Group_dataset\physicalInteraction6_group.csv,,,,,,,,,,,,,,,,,,59.0,0.0,59,59,59.0,,,0.0,2,0.63929,,0.63929,0.63929,0.63929,,,0.0,59.0,0.0,59.0,59.0,59.0,,,0.0,2.0,0.63929,,0.63929,0.63929,0.63929,,,0.0
Broadcast,Broadcast,./Data\Physical_Interaction\Topology_B\4-Group_dataset\physicalInteraction6_group.csv,,,,,,,,,,,,,,,,,,59.0,0.0,59,59,59.0,,,0.0,2,0.63929,,0.63929,0.63929,0.63929,,,0.0,59.0,0.0,59.0,59.0,59.0,,,0.0,2.0,0.63929,,0.63929,0.63929,0.63929,,,0.0
Broadcast,Broadcast,./Data\Physical_Interaction\Topology_B\4-Group_dataset\physicalInteraction6_group.csv,,,,,,,,,,,,,,,,,,59.0,0.0,59,59,59.0,0.0,0.0,0.0,4,0.8929393333333332,0.9924924873349588,2.038969,0.318097,0.321752,,1.7320243814829548,0.7640197777777779,59.0,0.0,59.0,59.0,59.0,0.0,0.0,0.0,4.0,0.8929393333333332,0.9924924873349588,2.038969,0.318097,0.321752,,1.7320243814829548,0.7640197777777779
Broadcast,Broadcast,./Data\Physical_Interaction\Topology_B\4-Group_dataset\physicalInteraction6_group.csv,,,,,,,,,,,,,,,,,,59.0,0.0,59,59,59.0,,0.0,0.0,3,0.3199245,0.0025844752852368057,0.321752,0.318097,0.3199245,,,0.001827499999999982,59.0,0.0,59.0,59.0,59.0,,0.0,0.0,3.0,0.3199245,0.0025844752852368057,0.321752,0.318097,0.3199245,,,0.001827499999999982
Broadcast,Broadcast,./Data\Physical_Interaction\Topology_B\4-Group_dataset\physicalInteraction6_group.csv,,,,,,,,,,,,,,,,,,59.0,0.0,59,59,59.0,,0.0,0.0,3,0.3199245,0.0025844752852368057,0.321752,0.318097,0.3199245,,,0.001827499999999982,59.0,0.0,59.0,59.0,59.0,,0.0,0.0,3.0,0.3199245,0.0025844752852368057,0.321752,0.318097,0.3199245,,,0.001827499999999982
Broadcast,Broadcast,./Data\Physical_Interaction\Topology_B\4-Group_dataset\physicalInteraction6_group.csv,,,,,,,,,,,,,,,,,,59.0,0.0,59,59,59.0,,,0.0,2,0.319981,,0.319981,0.319981,0.319981,,,0.0,59.0,0.0,59.0,59.0,59.0,,,0.0,2.0,0.319981,,0.319981,0.319981,0.319981,,,0.0
Broadcast,Broadcast,./Data\Physical_Interaction\Topology_B\4-Group_dataset\physicalInteraction6_group.csv,,,,,,,,,,,,,,,,,,59.0,0.0,59,59,59.0,,0.0,0.0,3,0.3200465,9.263098833543224e-05,0.320112,0.319981,0.3200465,,,6.549999999999612e-05,59.0,0.0,59.0,59.0,59.0,,0.0,0.0,3.0,0.3200465,9.263098833543224e-05,0.320112,0.319981,0.3200465,,,6.549999999999612e-05
Broadcast,Broadcast,./Data\Physical_Interaction\Topology_B\4-Group_dataset\physicalInteraction6_group.csv,,,,,,,,,,,,,,,,,,59.0,0.0,59,59,59.0,,0.0,0.0,3,0.3200465,9.263098833543224e-05,0.320112,0.319981,0.3200465,,,6.549999999999612e-05,59.0,0.0,59.0,59.0,59.0,,0.0,0.0,3.0,0.3200465,9.263098833543224e-05,0.320112,0.319981,0.3200465,,,6.549999999999612e-05
Broadcast,Broadcast,./Data\Physical_Interaction\Topology_B\4-Group_dataset\physicalInteraction6_group.csv,,,,,,,,,,,,,,,,,,67.0,6.928203230275509,71,59,71.0,,-1.7320508075688774,5.333333333333333,3,0.1091045,0.07596094596896487,0.162817,0.055392,0.1091045,,,0.053712499999999996,67.0,6.928203230275509,71.0,59.0,71.0,,-1.7320508075688774,5.333333333333333,3.0,0.1091045,0.07596094596896487,0.162817,0.055392,0.1091045,,,0.053712499999999996
Broadcast,Broadcast,./Data\Physical_Interaction\Topology_B\4-Group_dataset\physicalInteraction6_group.csv,,,,,,,,,,,,,,,,,,68.0,6.0,71,59,71.0,4.0,-1.9999999999999998,4.5,4,0.5196403333333333,0.7130946949797995,1.340712,0.055392,0.162817,,1.6879343923723729,0.5473811111111111,68.0,6.0,71.0,59.0,71.0,4.0,-1.9999999999999998,4.5,4.0,0.5196403333333333,0.7130946949797995,1.340712,0.055392,0.162817,,1.6879343923723729,0.5473811111111111
Broadcast,Broadcast,./Data\Physical_Interaction\Topology_B\4-Group_dataset\physicalInteraction6_group.csv,,,,,,,,,,,,,,,,,,68.0,6.0,71,59,71.0,4.0,-1.9999999999999998,4.5,4,0.5196403333333333,0.7130946949797995,1.340712,0.055392,0.162817,,1.6879343923723729,0.5473811111111111,68.0,6.0,71.0,59.0,71.0,4.0,-1.9999999999999998,4.5,4.0,0.5196403333333333,0.7130946949797995,1.340712,0.055392,0.162817,,1.6879343923723729,0.5473811111111111
Broadcast,Broadcast,./Data\Physical_Interaction\Topology_B\4-Group_dataset\physicalInteraction6_group.csv,,,,,,,,,,,,,,,,,,67.0,6.928203230275509,71,59,71.0,,-1.7320508075688774,5.333333333333333,3,0.9468840000000001,0.6987897912262314,1.441003,0.452765,0.9468840000000001,,,0.49411900000000003,67.0,6.928203230275509,71.0,59.0,71.0,,-1.7320508075688774,5.333333333333333,3.0,0.9468840000000001,0.6987897912262314,1.441003,0.452765,0.9468840000000001,,,0.49411900000000003
Broadcast,Broadcast,./Data\Physical_Interaction\Topology_B\4-Group_dataset\physicalInteraction6_group.csv,,,,,,,,,,,,,,,,,,63.0,6.928203230275509,71,59,59.0,,1.7320508075688774,5.333333333333333,3,0.319525,0.18842981505059114,0.452765,0.186285,0.319525,,,0.13323999999999997,63.0,6.928203230275509,71.0,59.0,59.0,,1.7320508075688774,5.333333333333333,3.0,0.319525,0.18842981505059114,0.452765,0.186285,0.319525,,,0.13323999999999997
Broadcast,Broadcast,./Data\Physical_Interaction\Topology_B\4-Group_dataset\physicalInteraction6_group.csv,,,,,,,,,,,,,,,,,,63.0,6.928203230275509,71,59,59.0,,1.7320508075688774,5.333333333333333,3,0.319525,0.18842981505059114,0.452765,0.186285,0.319525,,,0.13323999999999997,63.0,6.928203230275509,71.0,59.0,59.0,,1.7320508075688774,5.333333333333333,3.0,0.319525,0.18842981505059114,0.452765,0.186285,0.319525,,,0.13323999999999997
Broadcast,Broadcast,./Data\Physical_Interaction\Topology_B\4-Group_dataset\physicalInteraction6_group.csv,,,,,,,,,,,,,,,,,,71.0,0.0,71,71,71.0,,,0.0,2,1.369469,,1.369469,1.369469,1.369469,,,0.0,71.0,0.0,71.0,71.0,71.0,,,0.0,2.0,1.369469,,1.369469,1.369469,1.369469,,,0.0
Broadcast,Broadcast,./Data\Physical_Interaction\Topology_B\4-Group_dataset\physicalInteraction6_group.csv,,,,,,,,,,,,,,,,,,71.0,0.0,71,71,71.0,,,0.0,2,1.369469,,1.369469,1.369469,1.369469,,,0.0,71.0,0.0,71.0,71.0,71.0,,,0.0,2.0,1.369469,,1.369469,1.369469,1.369469,,,0.0
Broadcast,Broadcast,./Data\Physical_Interaction\Topology_B\4-Group_dataset\physicalInteraction6_group.csv,,,,,,,,,,,,,,,,,,71.0,0.0,71,71,71.0,,,0.0,2,1.733122,,1.733122,1.733122,1.733122,,,0.0,71.0,0.0,71.0,71.0,71.0,,,0.0,2.0,1.733122,,1.733122,1.733122,1.733122,,,0.0
Broadcast,Broadcast,./Data\Physical_Interaction\Topology_B\4-Group_dataset\physicalInteraction6_group.csv,,,,,,,,,,,,,,,,,,65.0,8.48528137423857,71,59,65.0,,,6.0,2,0.485367,,0.485367,0.485367,0.485367,,,0.0,65.0,8.48528137423857,71.0,59.0,65.0,,,6.0,2.0,0.485367,,0.485367,0.485367,0.485367,,,0.0
Broadcast,Broadcast,./Data\Physical_Interaction\Topology_B\4-Group_dataset\physicalInteraction6_group.csv,,,,,,,,,,,,,,,,,,65.0,8.48528137423857,71,59,65.0,,,6.0,2,0.485367,,0.485367,0.485367,0.485367,,,0.0,65.0,8.48528137423857,71.0,59.0,65.0,,,6.0,2.0,0.485367,,0.485367,0.485367,0.485367,,,0.0
Broadcast,Broadcast,./Data\Physical_Interaction\Topology_B\4-Group_dataset\physicalInteraction6_group.csv,,,,,,,,,,,,,,,,,,65.0,8.48528137423857,71,59,65.0,,,6.0,2,1.954915,,1.954915,1.954915,1.954915,,,0.0,65.0,8.48528137423857,71.0,59.0,65.0,,,6.0,2.0,1.954915,,1.954915,1.954915,1.954915,,,0.0
Broadcast,Broadcast,./Data\Physical_Interaction\Topology_B\4-Group_dataset\physicalInteraction6_group.csv,,,,,,,,,,,,,,,,,,71.0,0.0,71,71,71.0,,,0.0,2,2.84818,,2.84818,2.84818,2.84818,,,0.0,71.0,0.0,71.0,71.0,71.0,,,0.0,2.0,2.84818,,2.84818,2.84818,2.84818,,,0.0
Broadcast,Broadcast,./Data\Physical_Interaction\Topology_B\4-Group_dataset\physicalInteraction6_group.csv,,,,,,,,,,,,,,,,,,71.0,0.0,71,71,71.0,,,0.0,2,2.088116,,2.088116,2.088116,2.088116,,,0.0,71.0,0.0,71.0,71.0,71.0,,,0.0,2.0,2.088116,,2.088116,2.088116,2.088116,,,0.0
Broadcast,Broadcast,./Data\Physical_Interaction\Topology_B\4-Group_dataset\physicalInteraction6_group.csv,,,,,,,,,,,,,,,,,,65.0,8.48528137423857,71,59,65.0,,,6.0,2,2.431462,,2.431462,2.431462,2.431462,,,0.0,65.0,8.48528137423857,71.0,59.0,65.0,,,6.0,2.0,2.431462,,2.431462,2.431462,2.431462,,,0.0
Broadcast,Broadcast,./Data\Physical_Interaction\Topology_B\4-Group_dataset\physicalInteraction6_group.csv,,,,,,,,,,,,,,,,,,71.0,0.0,71,71,71.0,,,0.0,2,1.351505,,1.351505,1.351505,1.351505,,,0.0,71.0,0.0,71.0,71.0,71.0,,,0.0,2.0,1.351505,,1.351505,1.351505,1.351505,,,0.0
Broadcast,Broadcast,./Data\Physical_Interaction\Topology_B\4-Group_dataset\physicalInteraction6_group.csv,,,,,,,,,,,,,,,,,,71.0,0.0,71,71,71.0,,,0.0,2,1.351505,,1.351505,1.351505,1.351505,,,0.0,71.0,0.0,71.0,71.0,71.0,,,0.0,2.0,1.351505,,1.351505,1.351505,1.351505,,,0.0
Broadcast,Broadcast,./Data\Physical_Interaction\Topology_B\4-Group_dataset\physicalInteraction6_group.csv,,,,,,,,,,,,,,,,,,71.0,0.0,71,71,71.0,,,0.0,2,1.785964,,1.785964,1.785964,1.785964,,,0.0,71.0,0.0,71.0,71.0,71.0,,,0.0,2.0,1.785964,,1.785964,1.785964,1.785964,,,0.0
Broadcast,Broadcast,./Data\Physical_Interaction\Topology_B\4-Group_dataset\physicalInteraction6_group.csv,,,,,,,,,,,,,,,,,,71.0,0.0,71,71,71.0,,,0.0,2,1.310499,,1.310499,1.310499,1.310499,,,0.0,71.0,0.0,71.0,71.0,71.0,,,0.0,2.0,1.310499,,1.310499,1.310499,1.310499,,,0.0
Broadcast,Broadcast,./Data\Physical_Interaction\Topology_B\4-Group_dataset\physicalInteraction6_group.csv,,,,,,,,,,,,,,,,,,71.0,0.0,71,71,71.0,,,0.0,2,1.310499,,1.310499,1.310499,1.310499,,,0.0,71.0,0.0,71.0,71.0,71.0,,,0.0,2.0,1.310499,,1.310499,1.310499,1.310499,,,0.0
Broadcast,Broadcast,./Data\Physical_Interaction\Topology_B\4-Group_dataset\physicalInteraction6_group.csv,,,,,,,,,,,,,,,,,,67.0,6.928203230275509,71,59,71.0,,-1.7320508075688774,5.333333333333333,3,0.654708,0.7339471403868264,1.173687,0.135729,0.654708,,,0.518979,67.0,6.928203230275509,71.0,59.0,71.0,,-1.7320508075688774,5.333333333333333,3.0,0.654708,0.7339471403868264,1.173687,0.135729,0.654708,,,0.518979
Broadcast,Broadcast,./Data\Physical_Interaction\Topology_B\4-Group_dataset\physicalInteraction6_group.csv,,,,,,,,,,,,,,,,,,65.0,8.48528137423857,71,59,65.0,,,6.0,2,0.135729,,0.135729,0.135729,0.135729,,,0.0,65.0,8.48528137423857,71.0,59.0,65.0,,,6.0,2.0,0.135729,,0.135729,0.135729,0.135729,,,0.0
Broadcast,Broadcast,./Data\Physical_Interaction\Topology_B\4-Group_dataset\physicalInteraction6_group.csv,,,,,,,,,,,,,,,,,,65.0,8.48528137423857,71,59,65.0,,,6.0,2,0.135729,,0.135729,0.135729,0.135729,,,0.0,65.0,8.48528137423857,71.0,59.0,65.0,,,6.0,2.0,0.135729,,0.135729,0.135729,0.135729,,,0.0
Broadcast,Broadcast,./Data\Physical_Interaction\Topology_B\4-Group_dataset\physicalInteraction6_group.csv,,,,,,,,,,,,,,,,,,59.0,0.0,59,59,59.0,,,0.0,2,0.320241,,0.320241,0.320241,0.320241,,,0.0,59.0,0.0,59.0,59.0,59.0,,,0.0,2.0,0.320241,,0.320241,0.320241,0.320241,,,0.0
Broadcast,Broadcast,./Data\Physical_Interaction\Topology_B\4-Group_dataset\physicalInteraction6_group.csv,,,,,,,,,,,,,,,,,,63.0,6.928203230275509,71,59,59.0,,1.7320508075688774,5.333333333333333,3,0.470135,0.21198212771835276,0.620029,0.320241,0.470135,,,0.14989400000000003,63.0,6.928203230275509,71.0,59.0,59.0,,1.7320508075688774,5.333333333333333,3.0,0.470135,0.21198212771835276,0.620029,0.320241,0.470135,,,0.14989400000000003
Broadcast,Broadcast,./Data\Physical_Interaction\Topology_B\4-Group_dataset\physicalInteraction6_group.csv,,,,,,,,,,,,,,,,,,63.0,6.928203230275509,71,59,59.0,,1.7320508075688774,5.333333333333333,3,0.470135,0.21198212771835276,0.620029,0.320241,0.470135,,,0.14989400000000003,63.0,6.928203230275509,71.0,59.0,59.0,,1.7320508075688774,5.333333333333333,3.0,0.470135,0.21198212771835276,0.620029,0.320241,0.470135,,,0.14989400000000003
Broadcast,Broadcast,./Data\Physical_Interaction\Topology_B\4-Group_dataset\physicalInteraction6_group.csv,,,,,,,,,,,,,,,,,,68.0,4.242640687119285,71,65,68.0,,,3.0,2,0.708946,,0.708946,0.708946,0.708946,,,0.0,68.0,4.242640687119285,71.0,65.0,68.0,,,3.0,2.0,0.708946,,0.708946,0.708946,0.708946,,,0.0
Broadcast,Broadcast,./Data\Physical_Interaction\Topology_B\4-Group_dataset\physicalInteraction6_group.csv,,,,,,,,,,,,,,,,,,68.0,4.242640687119285,71,65,68.0,,,3.0,2,0.708946,,0.708946,0.708946,0.708946,,,0.0,68.0,4.242640687119285,71.0,65.0,68.0,,,3.0,2.0,0.708946,,0.708946,0.708946,0.708946,,,0.0
Broadcast,Broadcast,./Data\Physical_Interaction\Topology_B\4-Group_dataset\physicalInteraction6_group.csv,,,,,,,,,,,,,,,,,,63.0,6.928203230275509,71,59,59.0,,1.7320508075688774,5.333333333333333,3,0.9020874999999999,0.09221591665488123,0.967294,0.836881,0.9020874999999999,,,0.0652065,63.0,6.928203230275509,71.0,59.0,59.0,,1.7320508075688774,5.333333333333333,3.0,0.9020874999999999,0.09221591665488123,0.967294,0.836881,0.9020874999999999,,,0.0652065
Broadcast,Broadcast,./Data\Physical_Interaction\Topology_B\4-Group_dataset\physicalInteraction6_group.csv,,,,,,,,,,,,,,,,,,66.2,6.572670690061993,71,59,71.0,-3.3333333333333286,-0.6085806194501868,5.76,5,0.6976794999999999,0.30589520087387223,0.967294,0.264054,0.779685,2.1148484298177426,-1.3793868297781617,0.21681275000000005,66.2,6.572670690061993,71.0,59.0,71.0,-3.3333333333333286,-0.6085806194501868,5.76,5.0,0.6976794999999999,0.30589520087387223,0.967294,0.264054,0.779685,2.1148484298177426,-1.3793868297781617,0.21681275000000005
Broadcast,Broadcast,./Data\Physical_Interaction\Topology_B\4-Group_dataset\physicalInteraction6_group.csv,,,,,,,,,,,,,,,,,,68.0,6.0,71,59,71.0,4.0,-1.9999999999999998,4.5,4,0.607808,0.30314434153221465,0.836881,0.264054,0.722489,,-1.4587378458298002,0.22916933333333334,68.0,6.0,71.0,59.0,71.0,4.0,-1.9999999999999998,4.5,4.0,0.607808,0.30314434153221465,0.836881,0.264054,0.722489,,-1.4587378458298002,0.22916933333333334
Broadcast,Broadcast,./Data\Physical_Interaction\Topology_B\4-Group_dataset\physicalInteraction6_group.csv,,,,,,,,,,,,,,,,,,71.0,0.0,71,71,71.0,,,0.0,2,0.722489,,0.722489,0.722489,0.722489,,,0.0,71.0,0.0,71.0,71.0,71.0,,,0.0,2.0,0.722489,,0.722489,0.722489,0.722489,,,0.0
Broadcast,Broadcast,./Data\Physical_Interaction\Topology_B\4-Group_dataset\physicalInteraction6_group.csv,,,,,,,,,,,,,,,,,,71.0,0.0,71,71,71.0,,,0.0,2,0.630844,,0.630844,0.630844,0.630844,,,0.0,71.0,0.0,71.0,71.0,71.0,,,0.0,2.0,0.630844,,0.630844,0.630844,0.630844,,,0.0
Broadcast,Broadcast,./Data\Physical_Interaction\Topology_B\4-Group_dataset\physicalInteraction6_group.csv,,,,,,,,,,,,,,,,,,71.0,0.0,71,71,71.0,,,0.0,2,0.630844,,0.630844,0.630844,0.630844,,,0.0,71.0,0.0,71.0,71.0,71.0,,,0.0,2.0,0.630844,,0.630844,0.630844,0.630844,,,0.0
Broadcast,Broadcast,./Data\Physical_Interaction\Topology_B\4-Group_dataset\physicalInteraction6_group.csv,,,,,,,,,,,,,,,,,,62.0,6.0,71,59,59.0,4.0,1.9999999999999998,4.5,4,0.9761793333333334,1.1996965725608841,2.360835,0.247542,0.320161,,1.7249139830525846,0.9231037777777776,62.0,6.0,71.0,59.0,59.0,4.0,1.9999999999999998,4.5,4.0,0.9761793333333334,1.1996965725608841,2.360835,0.247542,0.320161,,1.7249139830525846,0.9231037777777776
Broadcast,Broadcast,./Data\Physical_Interaction\Topology_B\4-Group_dataset\physicalInteraction6_group.csv,,,,,,,,,,,,,,,,,,62.0,6.0,71,59,59.0,4.0,1.9999999999999998,4.5,4,0.21260866666666667,0.12862738314345562,0.320161,0.070123,0.247542,,-1.1319917312386834,0.09499044444444445,62.0,6.0,71.0,59.0,59.0,4.0,1.9999999999999998,4.5,4.0,0.21260866666666667,0.12862738314345562,0.320161,0.070123,0.247542,,-1.1319917312386834,0.09499044444444445
Broadcast,Broadcast,./Data\Physical_Interaction\Topology_B\4-Group_dataset\physicalInteraction6_group.csv,,,,,,,,,,,,,,,,,,62.0,6.0,71,59,59.0,4.0,1.9999999999999998,4.5,4,0.21260866666666667,0.12862738314345562,0.320161,0.070123,0.247542,,-1.1319917312386834,0.09499044444444445,62.0,6.0,71.0,59.0,59.0,4.0,1.9999999999999998,4.5,4.0,0.21260866666666667,0.12862738314345562,0.320161,0.070123,0.247542,,-1.1319917312386834,0.09499044444444445
Broadcast,Broadcast,./Data\Physical_Interaction\Topology_B\4-Group_dataset\physicalInteraction6_group.csv,,,,,,,,,,,,,,,,,,65.0,8.48528137423857,71,59,65.0,,,6.0,2,0.553256,,0.553256,0.553256,0.553256,,,0.0,65.0,8.48528137423857,71.0,59.0,65.0,,,6.0,2.0,0.553256,,0.553256,0.553256,0.553256,,,0.0
Broadcast,Broadcast,./Data\Physical_Interaction\Topology_B\4-Group_dataset\physicalInteraction6_group.csv,,,,,,,,,,,,,,,,,,65.0,8.48528137423857,71,59,65.0,,,6.0,2,0.553256,,0.553256,0.553256,0.553256,,,0.0,65.0,8.48528137423857,71.0,59.0,65.0,,,6.0,2.0,0.553256,,0.553256,0.553256,0.553256,,,0.0
Broadcast,Broadcast,./Data\Physical_Interaction\Topology_B\4-Group_dataset\physicalInteraction6_group.csv,,,,,,,,,,,,,,,,,,63.0,6.928203230275509,71,59,59.0,,1.7320508075688774,5.333333333333333,3,1.3436635000000001,1.6646799766575258,2.52077,0.166557,1.3436635000000001,,,1.1771065,63.0,6.928203230275509,71.0,59.0,59.0,,1.7320508075688774,5.333333333333333,3.0,1.3436635000000001,1.6646799766575258,2.52077,0.166557,1.3436635000000001,,,1.1771065
Broadcast,Broadcast,./Data\Physical_Interaction\Topology_B\4-Group_dataset\physicalInteraction6_group.csv,,,,,,,,,,,,,,,,,,65.0,8.48528137423857,71,59,65.0,,,6.0,2,0.166557,,0.166557,0.166557,0.166557,,,0.0,65.0,8.48528137423857,71.0,59.0,65.0,,,6.0,2.0,0.166557,,0.166557,0.166557,0.166557,,,0.0
Broadcast,Broadcast,./Data\Physical_Interaction\Topology_B\4-Group_dataset\physicalInteraction6_group.csv,,,,,,,,,,,,,,,,,,65.0,8.48528137423857,71,59,65.0,,,6.0,2,0.166557,,0.166557,0.166557,0.166557,,,0.0,65.0,8.48528137423857,71.0,59.0,65.0,,,6.0,2.0,0.166557,,0.166557,0.166557,0.166557,,,0.0
Broadcast,Broadcast,./Data\Physical_Interaction\Topology_B\4-Group_dataset\physicalInteraction6_group.csv,,,,,,,,,,,,,,,,,,71.0,0.0,71,71,71.0,,,0.0,2,1.82891,,1.82891,1.82891,1.82891,,,0.0,71.0,0.0,71.0,71.0,71.0,,,0.0,2.0,1.82891,,1.82891,1.82891,1.82891,,,0.0
Broadcast,Broadcast,./Data\Physical_Interaction\Topology_B\4-Group_dataset\physicalInteraction6_group.csv,,,,,,,,,,,,,,,,,,71.0,0.0,71,71,71.0,,,0.0,2,1.82891,,1.82891,1.82891,1.82891,,,0.0,71.0,0.0,71.0,71.0,71.0,,,0.0,2.0,1.82891,,1.82891,1.82891,1.82891,,,0.0
Broadcast,Broadcast,./Data\Physical_Interaction\Topology_B\4-Group_dataset\physicalInteraction6_group.csv,,,,,,,,,,,,,,,,,,63.0,6.928203230275509,71,59,59.0,,1.7320508075688774,5.333333333333333,3,0.1811365,0.1960022215703179,0.319731,0.042542,0.1811365,,,0.1385945,63.0,6.928203230275509,71.0,59.0,59.0,,1.7320508075688774,5.333333333333333,3.0,0.1811365,0.1960022215703179,0.319731,0.042542,0.1811365,,,0.1385945
Broadcast,Broadcast,./Data\Physical_Interaction\Topology_B\4-Group_dataset\physicalInteraction6_group.csv,,,,,,,,,,,,,,,,,,63.0,6.928203230275509,71,59,59.0,,1.7320508075688774,5.333333333333333,3,0.1811365,0.1960022215703179,0.319731,0.042542,0.1811365,,,0.1385945,63.0,6.928203230275509,71.0,59.0,59.0,,1.7320508075688774,5.333333333333333,3.0,0.1811365,0.1960022215703179,0.319731,0.042542,0.1811365,,,0.1385945
Broadcast,Broadcast,./Data\Physical_Interaction\Topology_B\4-Group_dataset\physicalInteraction6_group.csv,,,,,,,,,,,,,,,,,,63.0,6.928203230275509,71,59,59.0,,1.7320508075688774,5.333333333333333,3,0.1811365,0.1960022215703179,0.319731,0.042542,0.1811365,,,0.1385945,63.0,6.928203230275509,71.0,59.0,59.0,,1.7320508075688774,5.333333333333333,3.0,0.1811365,0.1960022215703179,0.319731,0.042542,0.1811365,,,0.1385945
Broadcast,Broadcast,./Data\Physical_Interaction\Topology_B\4-Group_dataset\physicalInteraction6_group.csv,,,,,,,,,,,,,,,,,,64.0,9.899494936611665,71,57,64.0,,,7.0,2,1.135531,,1.135531,1.135531,1.135531,,,0.0,64.0,9.899494936611665,71.0,57.0,64.0,,,7.0,2.0,1.135531,,1.135531,1.135531,1.135531,,,0.0
Broadcast,Broadcast,./Data\Physical_Interaction\Topology_B\4-Group_dataset\physicalInteraction6_group.csv,,,,,,,,,,,,,,,,,,66.33333333333333,8.082903768654761,71,57,71.0,,-1.7320508075688723,6.222222222222224,3,1.025759,0.15524105116881945,1.135531,0.915987,1.025759,,,0.10977200000000004,66.33333333333333,8.082903768654761,71.0,57.0,71.0,,-1.7320508075688723,6.222222222222224,3.0,1.025759,0.15524105116881945,1.135531,0.915987,1.025759,,,0.10977200000000004
Broadcast,Broadcast,./Data\Physical_Interaction\Topology_B\4-Group_dataset\physicalInteraction6_group.csv,,,,,,,,,,,,,,,,,,62.333333333333336,7.571877794400365,71,57,59.0,,1.5970969928697336,5.777777777777779,3,0.6109249999999999,0.4314228177646611,0.915987,0.305863,0.6109249999999999,,,0.305062,62.333333333333336,7.571877794400365,71.0,57.0,59.0,,1.5970969928697336,5.777777777777779,3.0,0.6109249999999999,0.4314228177646611,0.915987,0.305863,0.6109249999999999,,,0.305062
Broadcast,Broadcast,./Data\Physical_Interaction\Topology_B\4-Group_dataset\physicalInteraction6_group.csv,,,,,,,,,,,,,,,,,,65.0,8.48528137423857,71,59,65.0,,,6.0,2,0.305863,,0.305863,0.305863,0.305863,,,0.0,65.0,8.48528137423857,71.0,59.0,65.0,,,6.0,2.0,0.305863,,0.305863,0.305863,0.305863,,,0.0
Broadcast,Broadcast,./Data\Physical_Interaction\Topology_B\4-Group_dataset\physicalInteraction6_group.csv,,,,,,,,,,,,,,,,,,59.0,16.97056274847714,71,47,59.0,,,12.0,2,0.625084,,0.625084,0.625084,0.625084,,,0.0,59.0,16.97056274847714,71.0,47.0,59.0,,,12.0,2.0,0.625084,,0.625084,0.625084,0.625084,,,0.0
Broadcast,Broadcast,./Data\Physical_Interaction\Topology_B\4-Group_dataset\physicalInteraction6_group.csv,,,,,,,,,,,,,,,,,,59.0,16.97056274847714,71,47,59.0,,,12.0,2,0.625084,,0.625084,0.625084,0.625084,,,0.0,59.0,16.97056274847714,71.0,47.0,59.0,,,12.0,2.0,0.625084,,0.625084,0.625084,0.625084,,,0.0
Broadcast,Broadcast,./Data\Physical_Interaction\Topology_B\4-Group_dataset\physicalInteraction6_group.csv,,,,,,,,,,,,,,,,,,59.0,16.97056274847714,71,47,59.0,,,12.0,2,0.625084,,0.625084,0.625084,0.625084,,,0.0,59.0,16.97056274847714,71.0,47.0,59.0,,,12.0,2.0,0.625084,,0.625084,0.625084,0.625084,,,0.0
Broadcast,Broadcast,./Data\Physical_Interaction\Topology_B\4-Group_dataset\physicalInteraction6_group.csv,,,,,,,,,,,,,,,,,,71.0,0.0,71,71,71.0,,,0.0,2,0.538843,,0.538843,0.538843,0.538843,,,0.0,71.0,0.0,71.0,71.0,71.0,,,0.0,2.0,0.538843,,0.538843,0.538843,0.538843,,,0.0
Broadcast,Broadcast,./Data\Physical_Interaction\Topology_B\4-Group_dataset\physicalInteraction6_group.csv,,,,,,,,,,,,,,,,,,71.0,0.0,71,71,71.0,,,0.0,2,0.538843,,0.538843,0.538843,0.538843,,,0.0,71.0,0.0,71.0,71.0,71.0,,,0.0,2.0,0.538843,,0.538843,0.538843,0.538843,,,0.0
Broadcast,Broadcast,./Data\Physical_Interaction\Topology_B\4-Group_dataset\physicalInteraction6_group.csv,,,,,,,,,,,,,,,,,,69.0,3.4641016151377544,71,65,71.0,,-1.7320508075688774,2.6666666666666665,3,1.136196,0.8447847141242555,1.733549,0.538843,1.136196,,,0.597353,69.0,3.4641016151377544,71.0,65.0,71.0,,-1.7320508075688774,2.6666666666666665,3.0,1.136196,0.8447847141242555,1.733549,0.538843,1.136196,,,0.597353
Broadcast,Broadcast,./Data\Physical_Interaction\Topology_B\4-Group_dataset\physicalInteraction6_group.csv,,,,,,,,,,,,,,,,,,68.0,4.242640687119285,71,65,68.0,,,3.0,2,1.043888,,1.043888,1.043888,1.043888,,,0.0,68.0,4.242640687119285,71.0,65.0,68.0,,,3.0,2.0,1.043888,,1.043888,1.043888,1.043888,,,0.0
Broadcast,Broadcast,./Data\Physical_Interaction\Topology_B\4-Group_dataset\physicalInteraction6_group.csv,,,,,,,,,,,,,,,,,,68.0,4.242640687119285,71,65,68.0,,,3.0,2,1.043888,,1.043888,1.043888,1.043888,,,0.0,68.0,4.242640687119285,71.0,65.0,68.0,,,3.0,2.0,1.043888,,1.043888,1.043888,1.043888,,,0.0
Broadcast,Broadcast,./Data\Physical_Interaction\Topology_B\4-Group_dataset\physicalInteraction6_group.csv,,,,,,,,,,,,,,,,,,59.0,0.0,59,59,59.0,,,0.0,2,0.318302,,0.318302,0.318302,0.318302,,,0.0,59.0,0.0,59.0,59.0,59.0,,,0.0,2.0,0.318302,,0.318302,0.318302,0.318302,,,0.0
Broadcast,Broadcast,./Data\Physical_Interaction\Topology_B\4-Group_dataset\physicalInteraction6_group.csv,,,,,,,,,,,,,,,,,,59.0,0.0,59,59,59.0,,,0.0,2,0.318302,,0.318302,0.318302,0.318302,,,0.0,59.0,0.0,59.0,59.0,59.0,,,0.0,2.0,0.318302,,0.318302,0.318302,0.318302,,,0.0
Broadcast,Broadcast,./Data\Physical_Interaction\Topology_B\4-Group_dataset\physicalInteraction6_group.csv,,,,,,,,,,,,,,,,,,63.0,6.928203230275509,71,59,59.0,,1.7320508075688774,5.333333333333333,3,1.202345,1.250225600320998,2.086388,0.318302,1.202345,,,0.8840429999999999,63.0,6.928203230275509,71.0,59.0,59.0,,1.7320508075688774,5.333333333333333,3.0,1.202345,1.250225600320998,2.086388,0.318302,1.202345,,,0.8840429999999999
Broadcast,Broadcast,./Data\Physical_Interaction\Topology_B\4-Group_dataset\physicalInteraction6_group.csv,,,,,,,,,,,,,,,,,,67.0,6.928203230275509,71,59,71.0,,-1.7320508075688774,5.333333333333333,3,0.456893,0.24519917587137197,0.630275,0.283511,0.456893,,,0.173382,67.0,6.928203230275509,71.0,59.0,71.0,,-1.7320508075688774,5.333333333333333,3.0,0.456893,0.24519917587137197,0.630275,0.283511,0.456893,,,0.173382
Broadcast,Broadcast,./Data\Physical_Interaction\Topology_B\4-Group_dataset\physicalInteraction6_group.csv,,,,,,,,,,,,,,,,,,65.0,6.928203230275509,71,59,65.0,-6.0,0.0,6.0,4,0.41090266666666664,0.19080526775834397,0.630275,0.283511,0.318922,,1.6651787468667083,0.14624822222222222,65.0,6.928203230275509,71.0,59.0,65.0,-6.0,0.0,6.0,4.0,0.41090266666666664,0.19080526775834397,0.630275,0.283511,0.318922,,1.6651787468667083,0.14624822222222222
Broadcast,Broadcast,./Data\Physical_Interaction\Topology_B\4-Group_dataset\physicalInteraction6_group.csv,,,,,,,,,,,,,,,,,,63.0,6.928203230275509,71,59,59.0,,1.7320508075688774,5.333333333333333,3,0.47459850000000003,0.22015981764277517,0.630275,0.318922,0.47459850000000003,,,0.15567650000000002,63.0,6.928203230275509,71.0,59.0,59.0,,1.7320508075688774,5.333333333333333,3.0,0.47459850000000003,0.22015981764277517,0.630275,0.318922,0.47459850000000003,,,0.15567650000000002
Broadcast,Broadcast,./Data\Physical_Interaction\Topology_B\4-Group_dataset\physicalInteraction6_group.csv,,,,,,,,,,,,,,,,,,71.0,0.0,71,71,71.0,,,0.0,2,1.373293,,1.373293,1.373293,1.373293,,,0.0,71.0,0.0,71.0,71.0,71.0,,,0.0,2.0,1.373293,,1.373293,1.373293,1.373293,,,0.0
Broadcast,Broadcast,./Data\Physical_Interaction\Topology_B\4-Group_dataset\physicalInteraction6_group.csv,,,,,,,,,,,,,,,,,,69.5,3.0,71,65,71.0,4.0,-1.9999999999999998,2.25,4,0.6975786666666668,0.6171526630877756,1.373293,0.163673,0.55577,,0.9794113373897826,0.45047622222222233,69.5,3.0,71.0,65.0,71.0,4.0,-1.9999999999999998,2.25,4.0,0.6975786666666668,0.6171526630877756,1.373293,0.163673,0.55577,,0.9794113373897826,0.45047622222222233
Broadcast,Broadcast,./Data\Physical_Interaction\Topology_B\4-Group_dataset\physicalInteraction6_group.csv,,,,,,,,,,,,,,,,,,66.5,5.744562646538029,71,59,68.0,-1.2892561983471076,-0.8545630383279712,4.5,4,0.5286236666666667,0.3521630873137236,0.866428,0.163673,0.55577,,-0.34481930433282576,0.24330044444444443,66.5,5.744562646538029,71.0,59.0,68.0,-1.2892561983471076,-0.8545630383279712,4.5,4.0,0.5286236666666667,0.3521630873137236,0.866428,0.163673,0.55577,,-0.34481930433282576,0.24330044444444443
Broadcast,Broadcast,./Data\Physical_Interaction\Topology_B\4-Group_dataset\physicalInteraction6_group.csv,,,,,,,,,,,,,,,,,,65.0,6.0,71,59,65.0,,0.0,4.0,3,0.5150505,0.4969228260127522,0.866428,0.163673,0.5150505,,,0.3513775,65.0,6.0,71.0,59.0,65.0,,0.0,4.0,3.0,0.5150505,0.4969228260127522,0.866428,0.163673,0.5150505,,,0.3513775
Broadcast,Broadcast,./Data\Physical_Interaction\Topology_B\4-Group_dataset\physicalInteraction6_group.csv,,,,,,,,,,,,,,,,,,59.0,0.0,59,59,59.0,,,0.0,2,0.961234,,0.961234,0.961234,0.961234,,,0.0,59.0,0.0,59.0,59.0,59.0,,,0.0,2.0,0.961234,,0.961234,0.961234,0.961234,,,0.0
Broadcast,Broadcast,./Data\Physical_Interaction\Topology_B\4-Group_dataset\physicalInteraction6_group.csv,,,,,,,,,,,,,,,,,,63.0,6.928203230275509,71,59,59.0,,1.7320508075688774,5.333333333333333,3,1.38006,0.5923094094744739,1.798886,0.961234,1.38006,,,0.418826,63.0,6.928203230275509,71.0,59.0,59.0,,1.7320508075688774,5.333333333333333,3.0,1.38006,0.5923094094744739,1.798886,0.961234,1.38006,,,0.418826
Broadcast,Broadcast,./Data\Physical_Interaction\Topology_B\4-Group_dataset\physicalInteraction6_group.csv,,,,,,,,,,,,,,,,,,65.0,8.48528137423857,71,59,65.0,,,6.0,2,1.798886,,1.798886,1.798886,1.798886,,,0.0,65.0,8.48528137423857,71.0,59.0,65.0,,,6.0,2.0,1.798886,,1.798886,1.798886,1.798886,,,0.0
Broadcast,Broadcast,./Data\Physical_Interaction\Topology_B\4-Group_dataset\physicalInteraction6_group.csv,,,,,,,,,,,,,,,,,,71.0,0.0,71,71,71.0,,,0.0,2,0.0886,,0.0886,0.0886,0.0886,,,0.0,71.0,0.0,71.0,71.0,71.0,,,0.0,2.0,0.0886,,0.0886,0.0886,0.0886,,,0.0
Broadcast,Broadcast,./Data\Physical_Interaction\Topology_B\4-Group_dataset\physicalInteraction6_group.csv,,,,,,,,,,,,,,,,,,68.0,6.0,71,59,71.0,4.0,-1.9999999999999998,4.5,4,0.4621663333333334,0.3484700627892349,0.778439,0.0886,0.51946,,-0.7198667262238646,0.24904422222222222,68.0,6.0,71.0,59.0,71.0,4.0,-1.9999999999999998,4.5,4.0,0.4621663333333334,0.3484700627892349,0.778439,0.0886,0.51946,,-0.7198667262238646,0.24904422222222222
Broadcast,Broadcast,./Data\Physical_Interaction\Topology_B\4-Group_dataset\physicalInteraction6_group.csv,,,,,,,,,,,,,,,,,,68.0,5.019960159204453,71,59,71.0,1.4285714285714288,-1.536722497715649,4.0,6,0.50091,0.27490322271392165,0.778439,0.0886,0.51946,0.09636405429292694,-0.8006446693386365,0.2037528,68.0,5.019960159204453,71.0,59.0,71.0,1.4285714285714288,-1.536722497715649,4.0,6.0,0.50091,0.27490322271392165,0.778439,0.0886,0.51946,0.09636405429292694,-0.8006446693386365,0.2037528
Broadcast,Broadcast,./Data\Physical_Interaction\Topology_B\4-Group_dataset\physicalInteraction6_group.csv,,,,,,,,,,,,,,,,,,65.0,6.0,71,59,65.0,-2.6000000000000005,0.0,5.142857142857143,7,0.448321,0.26397840963760655,0.778439,0.143106,0.4380515,-1.7969071720559668,0.10645819499559547,0.20665133333333333,65.0,6.0,71.0,59.0,65.0,-2.6000000000000005,0.0,5.142857142857143,7.0,0.448321,0.26397840963760655,0.778439,0.143106,0.4380515,-1.7969071720559668,0.10645819499559547,0.20665133333333333
Broadcast,Broadcast,./Data\Physical_Interaction\Topology_B\4-Group_dataset\physicalInteraction6_group.csv,,,,,,,,,,,,,,,,,,65.0,6.0,71,59,65.0,-3.0,0.0,4.8,5,0.2993185,0.16323763267192198,0.472265,0.143106,0.2909515,-4.929493362781537,0.11035967357243599,0.138733,65.0,6.0,71.0,59.0,65.0,-3.0,0.0,4.8,5.0,0.2993185,0.16323763267192198,0.472265,0.143106,0.2909515,-4.929493362781537,0.11035967357243599,0.138733
Broadcast,Broadcast,./Data\Physical_Interaction\Topology_B\4-Group_dataset\physicalInteraction6_group.csv,,,,,,,,,,,,,,,,,,63.0,6.928203230275509,71,59,59.0,,1.7320508075688774,5.333333333333333,3,0.1605855,0.024719745963500506,0.178065,0.143106,0.1605855,,,0.017479499999999995,63.0,6.928203230275509,71.0,59.0,59.0,,1.7320508075688774,5.333333333333333,3.0,0.1605855,0.024719745963500506,0.178065,0.143106,0.1605855,,,0.017479499999999995
Broadcast,Broadcast,./Data\Physical_Interaction\Topology_B\4-Group_dataset\physicalInteraction6_group.csv,,,,,,,,,,,,,,,,,,53.0,8.48528137423857,59,47,53.0,,,6.0,2,0.281516,,0.281516,0.281516,0.281516,,,0.0,53.0,8.48528137423857,59.0,47.0,53.0,,,6.0,2.0,0.281516,,0.281516,0.281516,0.281516,,,0.0
Broadcast,Broadcast,./Data\Physical_Interaction\Topology_B\4-Group_dataset\physicalInteraction6_group.csv,,,,,,,,,,,,,,,,,,53.0,8.48528137423857,59,47,53.0,,,6.0,2,0.281516,,0.281516,0.281516,0.281516,,,0.0,53.0,8.48528137423857,59.0,47.0,53.0,,,6.0,2.0,0.281516,,0.281516,0.281516,0.281516,,,0.0
Broadcast,Broadcast,./Data\Physical_Interaction\Topology_B\4-Group_dataset\physicalInteraction6_group.csv,,,,,,,,,,,,,,,,,,53.0,8.48528137423857,59,47,53.0,,,6.0,2,0.281516,,0.281516,0.281516,0.281516,,,0.0,53.0,8.48528137423857,59.0,47.0,53.0,,,6.0,2.0,0.281516,,0.281516,0.281516,0.281516,,,0.0
Broadcast,Broadcast,./Data\Physical_Interaction\Topology_B\4-Group_dataset\physicalInteraction6_group.csv,,,,,,,,,,,,,,,,,,65.0,8.48528137423857,71,59,65.0,,,6.0,2,0.826876,,0.826876,0.826876,0.826876,,,0.0,65.0,8.48528137423857,71.0,59.0,65.0,,,6.0,2.0,0.826876,,0.826876,0.826876,0.826876,,,0.0
Broadcast,Broadcast,./Data\Physical_Interaction\Topology_B\4-Group_dataset\physicalInteraction6_group.csv,,,,,,,,,,,,,,,,,,67.0,6.928203230275509,71,59,71.0,,-1.7320508075688774,5.333333333333333,3,0.867691,0.05772112654825786,0.908506,0.826876,0.867691,,,0.04081499999999999,67.0,6.928203230275509,71.0,59.0,71.0,,-1.7320508075688774,5.333333333333333,3.0,0.867691,0.05772112654825786,0.908506,0.826876,0.867691,,,0.04081499999999999
Broadcast,Broadcast,./Data\Physical_Interaction\Topology_B\4-Group_dataset\physicalInteraction6_group.csv,,,,,,,,,,,,,,,,,,66.5,5.744562646538029,71,59,68.0,-1.2892561983471076,-0.8545630383279712,4.5,4,0.822953,0.08758042108256844,0.908506,0.733477,0.826876,,-0.20116459122751884,0.059650666666666664,66.5,5.744562646538029,71.0,59.0,68.0,-1.2892561983471076,-0.8545630383279712,4.5,4.0,0.822953,0.08758042108256844,0.908506,0.733477,0.826876,,-0.20116459122751884,0.059650666666666664
Broadcast,Broadcast,./Data\Physical_Interaction\Topology_B\4-Group_dataset\physicalInteraction6_group.csv,,,,,,,,,,,,,,,,,,69.0,3.4641016151377544,71,65,71.0,,-1.7320508075688774,2.6666666666666665,3,0.9170149999999999,0.259561928810833,1.100553,0.733477,0.9170149999999999,,,0.18353799999999992,69.0,3.4641016151377544,71.0,65.0,71.0,,-1.7320508075688774,2.6666666666666665,3.0,0.9170149999999999,0.259561928810833,1.100553,0.733477,0.9170149999999999,,,0.18353799999999992
Broadcast,Broadcast,./Data\Physical_Interaction\Topology_B\4-Group_dataset\physicalInteraction6_group.csv,,,,,,,,,,,,,,,,,,68.0,4.242640687119285,71,65,68.0,,,3.0,2,1.100553,,1.100553,1.100553,1.100553,,,0.0,68.0,4.242640687119285,71.0,65.0,68.0,,,3.0,2.0,1.100553,,1.100553,1.100553,1.100553,,,0.0
Broadcast,Broadcast,./Data\Physical_Interaction\Topology_B\4-Group_dataset\physicalInteraction6_group.csv,,,,,,,,,,,,,,,,,,61.0,14.142135623730951,71,51,61.0,,,10.0,2,1.851714,,1.851714,1.851714,1.851714,,,0.0,61.0,14.142135623730951,71.0,51.0,61.0,,,10.0,2.0,1.851714,,1.851714,1.851714,1.851714,,,0.0
Broadcast,Broadcast,./Data\Physical_Interaction\Topology_B\4-Group_dataset\physicalInteraction6_group.csv,,,,,,,,,,,,,,,,,,63.0,9.797958971132712,71,51,65.0,-2.9444444444444446,-0.5443310539518172,8.0,4,0.7143930000000002,0.9910964585180396,1.851714,0.035515,0.25595,,1.6361566430367989,0.7582140000000002,63.0,9.797958971132712,71.0,51.0,65.0,-2.9444444444444446,-0.5443310539518172,8.0,4.0,0.7143930000000002,0.9910964585180396,1.851714,0.035515,0.25595,,1.6361566430367989,0.7582140000000002
Broadcast,Broadcast,./Data\Physical_Interaction\Topology_B\4-Group_dataset\physicalInteraction6_group.csv,,,,,,,,,,,,,,,,,,67.0,6.928203230275509,71,59,71.0,,-1.7320508075688774,5.333333333333333,3,0.14573250000000001,0.1558710833108566,0.25595,0.035515,0.14573250000000001,,,0.11021750000000001,67.0,6.928203230275509,71.0,59.0,71.0,,-1.7320508075688774,5.333333333333333,3.0,0.14573250000000001,0.1558710833108566,0.25595,0.035515,0.14573250000000001,,,0.11021750000000001
Broadcast,Broadcast,./Data\Physical_Interaction\Topology_B\4-Group_dataset\physicalInteraction6_group.csv,,,,,,,,,,,,,,,,,,65.0,8.48528137423857,71,59,65.0,,,6.0,2,0.035515,,0.035515,0.035515,0.035515,,,0.0,65.0,8.48528137423857,71.0,59.0,65.0,,,6.0,2.0,0.035515,,0.035515,0.035515,0.035515,,,0.0
Broadcast,Broadcast,./Data\Physical_Interaction\Topology_B\4-Group_dataset\physicalInteraction6_group.csv,,,,,,,,,,,,,,,,,,71.0,0.0,71,71,71.0,,,0.0,2,0.333079,,0.333079,0.333079,0.333079,,,0.0,71.0,0.0,71.0,71.0,71.0,,,0.0,2.0,0.333079,,0.333079,0.333079,0.333079,,,0.0
Broadcast,Broadcast,./Data\Physical_Interaction\Topology_B\4-Group_dataset\physicalInteraction6_group.csv,,,,,,,,,,,,,,,,,,71.0,0.0,71,71,71.0,,0.0,0.0,3,0.5966275000000001,0.3727138630430857,0.860176,0.333079,0.5966275000000001,,,0.2635485,71.0,0.0,71.0,71.0,71.0,,0.0,0.0,3.0,0.5966275000000001,0.3727138630430857,0.860176,0.333079,0.5966275000000001,,,0.2635485
Broadcast,Broadcast,./Data\Physical_Interaction\Topology_B\4-Group_dataset\physicalInteraction6_group.csv,,,,,,,,,,,,,,,,,,71.0,0.0,71,71,71.0,,0.0,0.0,3,0.5966275000000001,0.3727138630430857,0.860176,0.333079,0.5966275000000001,,,0.2635485,71.0,0.0,71.0,71.0,71.0,,0.0,0.0,3.0,0.5966275000000001,0.3727138630430857,0.860176,0.333079,0.5966275000000001,,,0.2635485
Broadcast,Broadcast,./Data\Physical_Interaction\Topology_B\4-Group_dataset\physicalInteraction6_group.csv,,,,,,,,,,,,,,,,,,65.0,8.48528137423857,71,59,65.0,,,6.0,2,1.416844,,1.416844,1.416844,1.416844,,,0.0,65.0,8.48528137423857,71.0,59.0,65.0,,,6.0,2.0,1.416844,,1.416844,1.416844,1.416844,,,0.0
Broadcast,Broadcast,./Data\Physical_Interaction\Topology_B\4-Group_dataset\physicalInteraction6_group.csv,,,,,,,,,,,,,,,,,,65.0,8.48528137423857,71,59,65.0,,,6.0,2,1.416844,,1.416844,1.416844,1.416844,,,0.0,65.0,8.48528137423857,71.0,59.0,65.0,,,6.0,2.0,1.416844,,1.416844,1.416844,1.416844,,,0.0
Broadcast,Broadcast,./Data\Physical_Interaction\Topology_B\4-Group_dataset\physicalInteraction6_group.csv,,,,,,,,,,,,,,,,,,68.0,4.242640687119285,71,65,68.0,,,3.0,2,2.047871,,2.047871,2.047871,2.047871,,,0.0,68.0,4.242640687119285,71.0,65.0,68.0,,,3.0,2.0,2.047871,,2.047871,2.047871,2.047871,,,0.0
Broadcast,Broadcast,./Data\Physical_Interaction\Topology_B\4-Group_dataset\physicalInteraction6_group.csv,,,,,,,,,,,,,,,,,,62.0,4.242640687119285,65,59,62.0,,,3.0,2,0.866946,,0.866946,0.866946,0.866946,,,0.0,62.0,4.242640687119285,65.0,59.0,62.0,,,3.0,2.0,0.866946,,0.866946,0.866946,0.866946,,,0.0
Broadcast,Broadcast,./Data\Physical_Interaction\Topology_B\4-Group_dataset\physicalInteraction6_group.csv,,,,,,,,,,,,,,,,,,62.0,4.242640687119285,65,59,62.0,,,3.0,2,0.866946,,0.866946,0.866946,0.866946,,,0.0,62.0,4.242640687119285,65.0,59.0,62.0,,,3.0,2.0,0.866946,,0.866946,0.866946,0.866946,,,0.0
Broadcast,Broadcast,./Data\Physical_Interaction\Topology_B\4-Group_dataset\physicalInteraction6_group.csv,,,,,,,,,,,,,,,,,,65.0,8.48528137423857,71,59,65.0,,,6.0,2,0.769312,,0.769312,0.769312,0.769312,,,0.0,65.0,8.48528137423857,71.0,59.0,65.0,,,6.0,2.0,0.769312,,0.769312,0.769312,0.769312,,,0.0
Broadcast,Broadcast,./Data\Physical_Interaction\Topology_B\4-Group_dataset\physicalInteraction6_group.csv,,,,,,,,,,,,,,,,,,65.0,6.0,71,59,65.0,,0.0,4.0,3,0.7352274999999999,0.04820276216670578,0.769312,0.701143,0.7352274999999999,,,0.03408450000000002,65.0,6.0,71.0,59.0,65.0,,0.0,4.0,3.0,0.7352274999999999,0.04820276216670578,0.769312,0.701143,0.7352274999999999,,,0.03408450000000002
Broadcast,Broadcast,./Data\Physical_Interaction\Topology_B\4-Group_dataset\physicalInteraction6_group.csv,,,,,,,,,,,,,,,,,,64.0,5.89915248150105,71,59,62.0,-2.390011890606421,0.45593925243468286,5.0,6,0.5359119999999999,0.3451606110624444,0.878873,0.132215,0.701143,-2.967444754686829,-0.4742512784572861,0.29663680000000003,64.0,5.89915248150105,71.0,59.0,62.0,-2.390011890606421,0.45593925243468286,5.0,6.0,0.5359119999999999,0.3451606110624444,0.878873,0.132215,0.701143,-2.967444754686829,-0.4742512784572861,0.29663680000000003
Broadcast,Broadcast,./Data\Physical_Interaction\Topology_B\4-Group_dataset\physicalInteraction6_group.csv,,,,,,,,,,,,,,,,,,62.6,5.366563145999495,71,59,59.0,0.3124999999999982,1.2577882373436307,4.32,5,0.3817275,0.34021844435744514,0.878873,0.132215,0.257911,2.9496757367744983,1.7077486376279176,0.24857275,62.6,5.366563145999495,71.0,59.0,59.0,0.3124999999999982,1.2577882373436307,4.32,5.0,0.3817275,0.34021844435744514,0.878873,0.132215,0.257911,2.9496757367744983,1.7077486376279176,0.24857275
Broadcast,Broadcast,./Data\Physical_Interaction\Topology_B\4-Group_dataset\physicalInteraction6_group.csv,,,,,,,,,,,,,,,,,,63.8,6.572670690061994,71,59,59.0,-3.3333333333333313,0.6085806194501867,5.76,5,0.4342795,0.4432434412445754,1.089081,0.132215,0.257911,3.3802018176357755,1.8253079845406077,0.32740075,63.8,6.572670690061994,71.0,59.0,59.0,-3.3333333333333313,0.6085806194501867,5.76,5.0,0.4342795,0.4432434412445754,1.089081,0.132215,0.257911,3.3802018176357755,1.8253079845406077,0.32740075
Broadcast,Broadcast,./Data\Physical_Interaction\Topology_B\4-Group_dataset\physicalInteraction6_group.csv,,,,,,,,,,,,,,,,,,67.0,6.928203230275509,71,59,71.0,,-1.7320508075688774,5.333333333333333,3,1.0053174999999999,0.11845947773183874,1.089081,0.921554,1.0053174999999999,,,0.08376349999999999,67.0,6.928203230275509,71.0,59.0,71.0,,-1.7320508075688774,5.333333333333333,3.0,1.0053174999999999,0.11845947773183874,1.089081,0.921554,1.0053174999999999,,,0.08376349999999999
Broadcast,Broadcast,./Data\Physical_Interaction\Topology_B\4-Group_dataset\physicalInteraction6_group.csv,,,,,,,,,,,,,,,,,,71.0,0.0,71,71,71.0,,,0.0,2,0.921554,,0.921554,0.921554,0.921554,,,0.0,71.0,0.0,71.0,71.0,71.0,,,0.0,2.0,0.921554,,0.921554,0.921554,0.921554,,,0.0
Broadcast,Broadcast,./Data\Physical_Interaction\Topology_B\4-Group_dataset\physicalInteraction6_group.csv,,,,,,,,,,,,,,,,,,63.0,6.928203230275509,71,59,59.0,,1.7320508075688774,5.333333333333333,3,0.5336624999999999,0.29355608731637634,0.741238,0.326087,0.5336624999999999,,,0.20757549999999997,63.0,6.928203230275509,71.0,59.0,59.0,,1.7320508075688774,5.333333333333333,3.0,0.5336624999999999,0.29355608731637634,0.741238,0.326087,0.5336624999999999,,,0.20757549999999997
Broadcast,Broadcast,./Data\Physical_Interaction\Topology_B\4-Group_dataset\physicalInteraction6_group.csv,,,,,,,,,,,,,,,,,,63.0,6.928203230275509,71,59,59.0,,1.7320508075688774,5.333333333333333,3,0.5336624999999999,0.29355608731637634,0.741238,0.326087,0.5336624999999999,,,0.20757549999999997,63.0,6.928203230275509,71.0,59.0,59.0,,1.7320508075688774,5.333333333333333,3.0,0.5336624999999999,0.29355608731637634,0.741238,0.326087,0.5336624999999999,,,0.20757549999999997
Broadcast,Broadcast,./Data\Physical_Interaction\Topology_B\4-Group_dataset\physicalInteraction6_group.csv,,,,,,,,,,,,,,,,,,63.0,6.928203230275509,71,59,59.0,,1.7320508075688774,5.333333333333333,3,1.0121385,0.3831111611536527,1.283039,0.741238,1.0121385,,,0.27090050000000004,63.0,6.928203230275509,71.0,59.0,59.0,,1.7320508075688774,5.333333333333333,3.0,1.0121385,0.3831111611536527,1.283039,0.741238,1.0121385,,,0.27090050000000004
Broadcast,Broadcast,./Data\Physical_Interaction\Topology_B\4-Group_dataset\physicalInteraction6_group.csv,,,,,,,,,,,,,,,,,,62.0,4.242640687119285,65,59,62.0,,,3.0,2,2.455675,,2.455675,2.455675,2.455675,,,0.0,62.0,4.242640687119285,65.0,59.0,62.0,,,3.0,2.0,2.455675,,2.455675,2.455675,2.455675,,,0.0
Broadcast,Broadcast,./Data\Physical_Interaction\Topology_B\4-Group_dataset\physicalInteraction6_group.csv,,,,,,,,,,,,,,,,,,68.0,4.242640687119285,71,65,68.0,,,3.0,2,0.744697,,0.744697,0.744697,0.744697,,,0.0,68.0,4.242640687119285,71.0,65.0,68.0,,,3.0,2.0,0.744697,,0.744697,0.744697,0.744697,,,0.0
Broadcast,Broadcast,./Data\Physical_Interaction\Topology_B\4-Group_dataset\physicalInteraction6_group.csv,,,,,,,,,,,,,,,,,,69.0,3.4641016151377544,71,65,71.0,,-1.7320508075688774,2.6666666666666665,3,0.8480425,0.14615260771022867,0.951388,0.744697,0.8480425,,,0.10334549999999998,69.0,3.4641016151377544,71.0,65.0,71.0,,-1.7320508075688774,2.6666666666666665,3.0,0.8480425,0.14615260771022867,0.951388,0.744697,0.8480425,,,0.10334549999999998
Broadcast,Broadcast,./Data\Physical_Interaction\Topology_B\4-Group_dataset\physicalInteraction6_group.csv,,,,,,,,,,,,,,,,,,71.0,0.0,71,71,71.0,,,0.0,2,0.951388,,0.951388,0.951388,0.951388,,,0.0,71.0,0.0,71.0,71.0,71.0,,,0.0,2.0,0.951388,,0.951388,0.951388,0.951388,,,0.0
Broadcast,Broadcast,./Data\Physical_Interaction\Topology_B\4-Group_dataset\physicalInteraction6_group.csv,,,,,,,,,,,,,,,,,,59.0,0.0,59,59,59.0,,,0.0,2,0.32444,,0.32444,0.32444,0.32444,,,0.0,59.0,0.0,59.0,59.0,59.0,,,0.0,2.0,0.32444,,0.32444,0.32444,0.32444,,,0.0
Broadcast,Broadcast,./Data\Physical_Interaction\Topology_B\4-Group_dataset\physicalInteraction6_group.csv,,,,,,,,,,,,,,,,,,59.0,0.0,59,59,59.0,,,0.0,2,0.32444,,0.32444,0.32444,0.32444,,,0.0,59.0,0.0,59.0,59.0,59.0,,,0.0,2.0,0.32444,,0.32444,0.32444,0.32444,,,0.0
Broadcast,Broadcast,./Data\Physical_Interaction\Topology_B\4-Group_dataset\physicalInteraction6_group.csv,,,,,,,,,,,,,,,,,,59.0,0.0,59,59,59.0,,,0.0,2,0.32444,,0.32444,0.32444,0.32444,,,0.0,59.0,0.0,59.0,59.0,59.0,,,0.0,2.0,0.32444,,0.32444,0.32444,0.32444,,,0.0
Broadcast,Broadcast,./Data\Physical_Interaction\Topology_B\4-Group_dataset\physicalInteraction6_group.csv,,,,,,,,,,,,,,,,,,71.0,0.0,71,71,71.0,,,0.0,2,1.417084,,1.417084,1.417084,1.417084,,,0.0,71.0,0.0,71.0,71.0,71.0,,,0.0,2.0,1.417084,,1.417084,1.417084,1.417084,,,0.0
Broadcast,Broadcast,./Data\Physical_Interaction\Topology_B\4-Group_dataset\physicalInteraction6_group.csv,,,,,,,,,,,,,,,,,,71.0,0.0,71,71,71.0,,,0.0,2,1.417084,,1.417084,1.417084,1.417084,,,0.0,71.0,0.0,71.0,71.0,71.0,,,0.0,2.0,1.417084,,1.417084,1.417084,1.417084,,,0.0
Broadcast,Broadcast,./Data\Physical_Interaction\Topology_B\4-Group_dataset\physicalInteraction6_group.csv,,,,,,,,,,,,,,,,,,65.0,8.48528137423857,71,59,65.0,,,6.0,2,1.736168,,1.736168,1.736168,1.736168,,,0.0,65.0,8.48528137423857,71.0,59.0,65.0,,,6.0,2.0,1.736168,,1.736168,1.736168,1.736168,,,0.0
Broadcast,Broadcast,./Data\Physical_Interaction\Topology_B\4-Group_dataset\physicalInteraction6_group.csv,,,,,,,,,,,,,,,,,,59.0,0.0,59,59,59.0,,,0.0,2,2.033531,,2.033531,2.033531,2.033531,,,0.0,59.0,0.0,59.0,59.0,59.0,,,0.0,2.0,2.033531,,2.033531,2.033531,2.033531,,,0.0
Broadcast,Broadcast,./Data\Physical_Interaction\Topology_B\4-Group_dataset\physicalInteraction6_group.csv,,,,,,,,,,,,,,,,,,59.0,0.0,59,59,59.0,,,0.0,2,0.963773,,0.963773,0.963773,0.963773,,,0.0,59.0,0.0,59.0,59.0,59.0,,,0.0,2.0,0.963773,,0.963773,0.963773,0.963773,,,0.0
Broadcast,Broadcast,./Data\Physical_Interaction\Topology_B\4-Group_dataset\physicalInteraction6_group.csv,,,,,,,,,,,,,,,,,,59.0,0.0,59,59,59.0,,,0.0,2,0.963773,,0.963773,0.963773,0.963773,,,0.0,59.0,0.0,59.0,59.0,59.0,,,0.0,2.0,0.963773,,0.963773,0.963773,0.963773,,,0.0
Broadcast,Broadcast,./Data\Physical_Interaction\Topology_B\4-Group_dataset\physicalInteraction6_group.csv,,,,,,,,,,,,,,,,,,53.0,8.48528137423857,59,47,53.0,,,6.0,2,2.705494,,2.705494,2.705494,2.705494,,,0.0,53.0,8.48528137423857,59.0,47.0,53.0,,,6.0,2.0,2.705494,,2.705494,2.705494,2.705494,,,0.0
Broadcast,Broadcast,./Data\Physical_Interaction\Topology_B\4-Group_dataset\physicalInteraction6_group.csv,,,,,,,,,,,,,,,,,,68.0,4.242640687119285,71,65,68.0,,,3.0,2,2.148463,,2.148463,2.148463,2.148463,,,0.0,68.0,4.242640687119285,71.0,65.0,68.0,,,3.0,2.0,2.148463,,2.148463,2.148463,2.148463,,,0.0
Broadcast,Broadcast,./Data\Physical_Interaction\Topology_B\4-Group_dataset\physicalInteraction6_group.csv,,,,,,,,,,,,,,,,,,61.0,3.4641016151377544,65,59,59.0,,1.7320508075688774,2.6666666666666665,3,0.4223135,0.1366872763372656,0.518966,0.325661,0.4223135,,,0.09665250000000003,61.0,3.4641016151377544,65.0,59.0,59.0,,1.7320508075688774,2.6666666666666665,3.0,0.4223135,0.1366872763372656,0.518966,0.325661,0.4223135,,,0.09665250000000003
Broadcast,Broadcast,./Data\Physical_Interaction\Topology_B\4-Group_dataset\physicalInteraction6_group.csv,,,,,,,,,,,,,,,,,,63.5,5.744562646538029,71,59,62.0,-1.2892561983471076,0.8545630383279712,4.5,4,0.7357323333333333,0.5513944151152905,1.36257,0.325661,0.518966,,1.4956561185591508,0.41789177777777775,63.5,5.744562646538029,71.0,59.0,62.0,-1.2892561983471076,0.8545630383279712,4.5,4.0,0.7357323333333333,0.5513944151152905,1.36257,0.325661,0.518966,,1.4956561185591508,0.41789177777777775
Broadcast,Broadcast,./Data\Physical_Interaction\Topology_B\4-Group_dataset\physicalInteraction6_group.csv,,,,,,,,,,,,,,,,,,63.0,6.928203230275509,71,59,59.0,,1.7320508075688774,5.333333333333333,3,0.8441155,0.7332053853733619,1.36257,0.325661,0.8441155,,,0.5184545,63.0,6.928203230275509,71.0,59.0,59.0,,1.7320508075688774,5.333333333333333,3.0,0.8441155,0.7332053853733619,1.36257,0.325661,0.8441155,,,0.5184545
Broadcast,Broadcast,./Data\Physical_Interaction\Topology_B\4-Group_dataset\physicalInteraction6_group.csv,,,,,,,,,,,,,,,,,,59.0,0.0,59,59,59.0,,,0.0,2,0.969009,,0.969009,0.969009,0.969009,,,0.0,59.0,0.0,59.0,59.0,59.0,,,0.0,2.0,0.969009,,0.969009,0.969009,0.969009,,,0.0
Broadcast,Broadcast,./Data\Physical_Interaction\Topology_B\4-Group_dataset\physicalInteraction6_group.csv,,,,,,,,,,,,,,,,,,59.0,0.0,59,59,59.0,,,0.0,2,0.969009,,0.969009,0.969009,0.969009,,,0.0,59.0,0.0,59.0,59.0,59.0,,,0.0,2.0,0.969009,,0.969009,0.969009,0.969009,,,0.0
Broadcast,Broadcast,./Data\Physical_Interaction\Topology_B\4-Group_dataset\physicalInteraction6_group.csv,,,,,,,,,,,,,,,,,,62.0,6.0,71,59,59.0,4.0,1.9999999999999998,4.5,4,0.8925036666666667,1.003575295635227,2.032403,0.141901,0.503207,,1.482927487972057,0.7599328888888888,62.0,6.0,71.0,59.0,59.0,4.0,1.9999999999999998,4.5,4.0,0.8925036666666667,1.003575295635227,2.032403,0.141901,0.503207,,1.482927487972057,0.7599328888888888
Broadcast,Broadcast,./Data\Physical_Interaction\Topology_B\4-Group_dataset\physicalInteraction6_group.csv,,,,,,,,,,,,,,,,,,65.0,6.928203230275509,71,59,65.0,-6.0,0.0,6.0,4,0.48567,0.3353445910954879,0.811902,0.141901,0.503207,,-0.23468599178998972,0.22917933333333332,65.0,6.928203230275509,71.0,59.0,65.0,-6.0,0.0,6.0,4.0,0.48567,0.3353445910954879,0.811902,0.141901,0.503207,,-0.23468599178998972,0.22917933333333332
Broadcast,Broadcast,./Data\Physical_Interaction\Topology_B\4-Group_dataset\physicalInteraction6_group.csv,,,,,,,,,,,,,,,,,,65.0,6.928203230275509,71,59,65.0,-6.0,0.0,6.0,4,0.48567,0.3353445910954879,0.811902,0.141901,0.503207,,-0.23468599178998972,0.22917933333333332,65.0,6.928203230275509,71.0,59.0,65.0,-6.0,0.0,6.0,4.0,0.48567,0.3353445910954879,0.811902,0.141901,0.503207,,-0.23468599178998972,0.22917933333333332
Broadcast,Broadcast,./Data\Physical_Interaction\Topology_B\4-Group_dataset\physicalInteraction6_group.csv,,,,,,,,,,,,,,,,,,71.0,0.0,71,71,71.0,,,0.0,2,1.627062,,1.627062,1.627062,1.627062,,,0.0,71.0,0.0,71.0,71.0,71.0,,,0.0,2.0,1.627062,,1.627062,1.627062,1.627062,,,0.0
Broadcast,Broadcast,./Data\Physical_Interaction\Topology_B\4-Group_dataset\physicalInteraction6_group.csv,,,,,,,,,,,,,,,,,,59.0,16.97056274847714,71,47,59.0,,,12.0,2,2.464714,,2.464714,2.464714,2.464714,,,0.0,59.0,16.97056274847714,71.0,47.0,59.0,,,12.0,2.0,2.464714,,2.464714,2.464714,2.464714,,,0.0
Broadcast,Broadcast,./Data\Physical_Interaction\Topology_B\4-Group_dataset\physicalInteraction6_group.csv,,,,,,,,,,,,,,,,,,62.0,4.242640687119285,65,59,62.0,,,3.0,2,2.111206,,2.111206,2.111206,2.111206,,,0.0,62.0,4.242640687119285,65.0,59.0,62.0,,,3.0,2.0,2.111206,,2.111206,2.111206,2.111206,,,0.0
Broadcast,Broadcast,./Data\Physical_Interaction\Topology_B\4-Group_dataset\physicalInteraction6_group.csv,,,,,,,,,,,,,,,,,,65.0,8.48528137423857,71,59,65.0,,,6.0,2,0.005683,,0.005683,0.005683,0.005683,,,0.0,65.0,8.48528137423857,71.0,59.0,65.0,,,6.0,2.0,0.005683,,0.005683,0.005683,0.005683,,,0.0
Broadcast,Broadcast,./Data\Physical_Interaction\Topology_B\4-Group_dataset\physicalInteraction6_group.csv,,,,,,,,,,,,,,,,,,65.0,8.48528137423857,71,59,65.0,,,6.0,2,0.005683,,0.005683,0.005683,0.005683,,,0.0,65.0,8.48528137423857,71.0,59.0,65.0,,,6.0,2.0,0.005683,,0.005683,0.005683,0.005683,,,0.0
Broadcast,Broadcast,./Data\Physical_Interaction\Topology_B\4-Group_dataset\physicalInteraction6_group.csv,,,,,,,,,,,,,,,,,,65.0,8.48528137423857,71,59,65.0,,,6.0,2,0.005683,,0.005683,0.005683,0.005683,,,0.0,65.0,8.48528137423857,71.0,59.0,65.0,,,6.0,2.0,0.005683,,0.005683,0.005683,0.005683,,,0.0
Broadcast,Broadcast,./Data\Physical_Interaction\Topology_B\4-Group_dataset\physicalInteraction6_group.csv,,,,,,,,,,,,,,,,,,53.0,8.48528137423857,59,47,53.0,,,6.0,2,0.277646,,0.277646,0.277646,0.277646,,,0.0,53.0,8.48528137423857,59.0,47.0,53.0,,,6.0,2.0,0.277646,,0.277646,0.277646,0.277646,,,0.0
Broadcast,Broadcast,./Data\Physical_Interaction\Topology_B\4-Group_dataset\physicalInteraction6_group.csv,,,,,,,,,,,,,,,,,,53.0,8.48528137423857,59,47,53.0,,,6.0,2,0.277646,,0.277646,0.277646,0.277646,,,0.0,53.0,8.48528137423857,59.0,47.0,53.0,,,6.0,2.0,0.277646,,0.277646,0.277646,0.277646,,,0.0
Broadcast,Broadcast,./Data\Physical_Interaction\Topology_B\4-Group_dataset\physicalInteraction6_group.csv,,,,,,,,,,,,,,,,,,68.0,4.242640687119285,71,65,68.0,,,3.0,2,0.777803,,0.777803,0.777803,0.777803,,,0.0,68.0,4.242640687119285,71.0,65.0,68.0,,,3.0,2.0,0.777803,,0.777803,0.777803,0.777803,,,0.0
Broadcast,Broadcast,./Data\Physical_Interaction\Topology_B\4-Group_dataset\physicalInteraction6_group.csv,,,,,,,,,,,,,,,,,,69.0,3.4641016151377544,71,65,71.0,,-1.7320508075688774,2.6666666666666665,3,0.950204,0.243811832366684,1.122605,0.777803,0.950204,,,0.17240100000000003,69.0,3.4641016151377544,71.0,65.0,71.0,,-1.7320508075688774,2.6666666666666665,3.0,0.950204,0.243811832366684,1.122605,0.777803,0.950204,,,0.17240100000000003
Broadcast,Broadcast,./Data\Physical_Interaction\Topology_B\4-Group_dataset\physicalInteraction6_group.csv,,,,,,,,,,,,,,,,,,68.0,4.242640687119285,71,65,68.0,,,3.0,2,1.122605,,1.122605,1.122605,1.122605,,,0.0,68.0,4.242640687119285,71.0,65.0,68.0,,,3.0,2.0,1.122605,,1.122605,1.122605,1.122605,,,0.0
Broadcast,Broadcast,./Data\Physical_Interaction\Topology_B\4-Group_dataset\physicalInteraction6_group.csv,,,,,,,,,,,,,,,,,,71.0,0.0,71,71,71.0,,,0.0,2,0.730026,,0.730026,0.730026,0.730026,,,0.0,71.0,0.0,71.0,71.0,71.0,,,0.0,2.0,0.730026,,0.730026,0.730026,0.730026,,,0.0
Broadcast,Broadcast,./Data\Physical_Interaction\Topology_B\4-Group_dataset\physicalInteraction6_group.csv,,,,,,,,,,,,,,,,,,71.0,0.0,71,71,71.0,,0.0,0.0,3,0.8113435,0.11500031135827422,0.892661,0.730026,0.8113435,,,0.08131750000000004,71.0,0.0,71.0,71.0,71.0,,0.0,0.0,3.0,0.8113435,0.11500031135827422,0.892661,0.730026,0.8113435,,,0.08131750000000004
Broadcast,Broadcast,./Data\Physical_Interaction\Topology_B\4-Group_dataset\physicalInteraction6_group.csv,,,,,,,,,,,,,,,,,,67.0,6.928203230275509,71,59,71.0,,-1.7320508075688774,5.333333333333333,3,0.91716,0.03464681806457844,0.941659,0.892661,0.91716,,,0.024498999999999993,67.0,6.928203230275509,71.0,59.0,71.0,,-1.7320508075688774,5.333333333333333,3.0,0.91716,0.03464681806457844,0.941659,0.892661,0.91716,,,0.024498999999999993
Broadcast,Broadcast,./Data\Physical_Interaction\Topology_B\4-Group_dataset\physicalInteraction6_group.csv,,,,,,,,,,,,,,,,,,65.0,8.48528137423857,71,59,65.0,,,6.0,2,0.941659,,0.941659,0.941659,0.941659,,,0.0,65.0,8.48528137423857,71.0,59.0,65.0,,,6.0,2.0,0.941659,,0.941659,0.941659,0.941659,,,0.0
Broadcast,Broadcast,./Data\Physical_Interaction\Topology_B\4-Group_dataset\physicalInteraction6_group.csv,,,,,,,,,,,,,,,,,,68.0,4.242640687119285,71,65,68.0,,,3.0,2,2.130974,,2.130974,2.130974,2.130974,,,0.0,68.0,4.242640687119285,71.0,65.0,68.0,,,3.0,2.0,2.130974,,2.130974,2.130974,2.130974,,,0.0
Broadcast,Broadcast,./Data\Physical_Interaction\Topology_B\4-Group_dataset\physicalInteraction6_group.csv,,,,,,,,,,,,,,,,,,63.5,5.744562646538029,71,59,62.0,-1.2892561983471076,0.8545630383279712,4.5,4,0.3744783333333333,0.38714853765749047,0.803589,0.051378,0.268468,,1.139815505415532,0.28607377777777776,63.5,5.744562646538029,71.0,59.0,62.0,-1.2892561983471076,0.8545630383279712,4.5,4.0,0.3744783333333333,0.38714853765749047,0.803589,0.051378,0.268468,,1.139815505415532,0.28607377777777776
Broadcast,Broadcast,./Data\Physical_Interaction\Topology_B\4-Group_dataset\physicalInteraction6_group.csv,,,,,,,,,,,,,,,,,,63.5,5.744562646538029,71,59,62.0,-1.2892561983471076,0.8545630383279712,4.5,4,0.3744783333333333,0.38714853765749047,0.803589,0.051378,0.268468,,1.139815505415532,0.28607377777777776,63.5,5.744562646538029,71.0,59.0,62.0,-1.2892561983471076,0.8545630383279712,4.5,4.0,0.3744783333333333,0.38714853765749047,0.803589,0.051378,0.268468,,1.139815505415532,0.28607377777777776
Broadcast,Broadcast,./Data\Physical_Interaction\Topology_B\4-Group_dataset\physicalInteraction6_group.csv,,,,,,,,,,,,,,,,,,63.0,6.928203230275509,71,59,59.0,,1.7320508075688774,5.333333333333333,3,0.15992299999999998,0.15350581112778758,0.268468,0.051378,0.15992299999999998,,,0.10854499999999999,63.0,6.928203230275509,71.0,59.0,59.0,,1.7320508075688774,5.333333333333333,3.0,0.15992299999999998,0.15350581112778758,0.268468,0.051378,0.15992299999999998,,,0.10854499999999999
Broadcast,Broadcast,./Data\Physical_Interaction\Topology_B\4-Group_dataset\physicalInteraction6_group.csv,,,,,,,,,,,,,,,,,,71.0,0.0,71,71,71.0,,,0.0,2,1.186879,,1.186879,1.186879,1.186879,,,0.0,71.0,0.0,71.0,71.0,71.0,,,0.0,2.0,1.186879,,1.186879,1.186879,1.186879,,,0.0
Broadcast,Broadcast,./Data\Physical_Interaction\Topology_B\4-Group_dataset\physicalInteraction6_group.csv,,,,,,,,,,,,,,,,,,71.0,0.0,71,71,71.0,,,0.0,2,1.186879,,1.186879,1.186879,1.186879,,,0.0,71.0,0.0,71.0,71.0,71.0,,,0.0,2.0,1.186879,,1.186879,1.186879,1.186879,,,0.0
Broadcast,Broadcast,./Data\Physical_Interaction\Topology_B\4-Group_dataset\physicalInteraction6_group.csv,,,,,,,,,,,,,,,,,,71.0,0.0,71,71,71.0,,,0.0,2,2.213504,,2.213504,2.213504,2.213504,,,0.0,71.0,0.0,71.0,71.0,71.0,,,0.0,2.0,2.213504,,2.213504,2.213504,2.213504,,,0.0
Broadcast,Broadcast,./Data\Physical_Interaction\Topology_B\4-Group_dataset\physicalInteraction6_group.csv,,,,,,,,,,,,,,,,,,65.0,8.48528137423857,71,59,65.0,,,6.0,2,0.323954,,0.323954,0.323954,0.323954,,,0.0,65.0,8.48528137423857,71.0,59.0,65.0,,,6.0,2.0,0.323954,,0.323954,0.323954,0.323954,,,0.0
Broadcast,Broadcast,./Data\Physical_Interaction\Topology_B\4-Group_dataset\physicalInteraction6_group.csv,,,,,,,,,,,,,,,,,,67.0,6.928203230275509,71,59,71.0,,-1.7320508075688774,5.333333333333333,3,0.858727,0.756283229390947,1.3935,0.323954,0.858727,,,0.5347729999999999,67.0,6.928203230275509,71.0,59.0,71.0,,-1.7320508075688774,5.333333333333333,3.0,0.858727,0.756283229390947,1.3935,0.323954,0.858727,,,0.5347729999999999
Broadcast,Broadcast,./Data\Physical_Interaction\Topology_B\4-Group_dataset\physicalInteraction6_group.csv,,,,,,,,,,,,,,,,,,67.0,6.928203230275509,71,59,71.0,,-1.7320508075688774,5.333333333333333,3,0.858727,0.756283229390947,1.3935,0.323954,0.858727,,,0.5347729999999999,67.0,6.928203230275509,71.0,59.0,71.0,,-1.7320508075688774,5.333333333333333,3.0,0.858727,0.756283229390947,1.3935,0.323954,0.858727,,,0.5347729999999999
Broadcast,Broadcast,./Data\Physical_Interaction\Topology_B\4-Group_dataset\physicalInteraction6_group.csv,,,,,,,,,,,,,,,,,,67.0,6.928203230275509,71,59,71.0,,-1.7320508075688774,5.333333333333333,3,0.9422375000000001,0.937274988210237,1.604991,0.279484,0.9422375000000001,,,0.6627535,67.0,6.928203230275509,71.0,59.0,71.0,,-1.7320508075688774,5.333333333333333,3.0,0.9422375000000001,0.937274988210237,1.604991,0.279484,0.9422375000000001,,,0.6627535
Broadcast,Broadcast,./Data\Physical_Interaction\Topology_B\4-Group_dataset\physicalInteraction6_group.csv,,,,,,,,,,,,,,,,,,65.0,8.48528137423857,71,59,65.0,,,6.0,2,0.279484,,0.279484,0.279484,0.279484,,,0.0,65.0,8.48528137423857,71.0,59.0,65.0,,,6.0,2.0,0.279484,,0.279484,0.279484,0.279484,,,0.0
Broadcast,Broadcast,./Data\Physical_Interaction\Topology_B\4-Group_dataset\physicalInteraction6_group.csv,,,,,,,,,,,,,,,,,,65.0,8.48528137423857,71,59,65.0,,,6.0,2,0.279484,,0.279484,0.279484,0.279484,,,0.0,65.0,8.48528137423857,71.0,59.0,65.0,,,6.0,2.0,0.279484,,0.279484,0.279484,0.279484,,,0.0
Broadcast,Broadcast,./Data\Physical_Interaction\Topology_B\4-Group_dataset\physicalInteraction6_group.csv,,,,,,,,,,,,,,,,,,71.0,0.0,71,71,71.0,,0.0,0.0,3,0.6011930000000001,0.7563779816996262,1.136033,0.066353,0.6011930000000001,,,0.53484,71.0,0.0,71.0,71.0,71.0,,0.0,0.0,3.0,0.6011930000000001,0.7563779816996262,1.136033,0.066353,0.6011930000000001,,,0.53484
Broadcast,Broadcast,./Data\Physical_Interaction\Topology_B\4-Group_dataset\physicalInteraction6_group.csv,,,,,,,,,,,,,,,,,,71.0,0.0,71,71,71.0,,0.0,0.0,3,0.6011930000000001,0.7563779816996262,1.136033,0.066353,0.6011930000000001,,,0.53484,71.0,0.0,71.0,71.0,71.0,,0.0,0.0,3.0,0.6011930000000001,0.7563779816996262,1.136033,0.066353,0.6011930000000001,,,0.53484
Broadcast,Broadcast,./Data\Physical_Interaction\Topology_B\4-Group_dataset\physicalInteraction6_group.csv,,,,,,,,,,,,,,,,,,71.0,0.0,71,71,71.0,,0.0,0.0,3,0.5826705000000001,0.7301832109905705,1.098988,0.066353,0.5826705000000001,,,0.5163175,71.0,0.0,71.0,71.0,71.0,,0.0,0.0,3.0,0.5826705000000001,0.7301832109905705,1.098988,0.066353,0.5826705000000001,,,0.5163175
Broadcast,Broadcast,./Data\Physical_Interaction\Topology_B\4-Group_dataset\physicalInteraction6_group.csv,,,,,,,,,,,,,,,,,,63.0,6.928203230275509,71,59,59.0,,1.7320508075688774,5.333333333333333,3,1.35662,1.4676227517696774,2.394386,0.318854,1.35662,,,1.037766,63.0,6.928203230275509,71.0,59.0,59.0,,1.7320508075688774,5.333333333333333,3.0,1.35662,1.4676227517696774,2.394386,0.318854,1.35662,,,1.037766
Broadcast,Broadcast,./Data\Physical_Interaction\Topology_B\4-Group_dataset\physicalInteraction6_group.csv,,,,,,,,,,,,,,,,,,56.0,6.0,59,47,59.0,4.0,-1.9999999999999998,4.5,4,0.3191486666666667,0.001484104219161612,0.320758,0.317834,0.318854,,0.8582463855501572,0.0010728888888888826,56.0,6.0,59.0,47.0,59.0,4.0,-1.9999999999999998,4.5,4.0,0.3191486666666667,0.001484104219161612,0.320758,0.317834,0.318854,,0.8582463855501572,0.0010728888888888826
Broadcast,Broadcast,./Data\Physical_Interaction\Topology_B\4-Group_dataset\physicalInteraction6_group.csv,,,,,,,,,,,,,,,,,,56.0,6.0,59,47,59.0,4.0,-1.9999999999999998,4.5,4,0.3191486666666667,0.001484104219161612,0.320758,0.317834,0.318854,,0.8582463855501572,0.0010728888888888826,56.0,6.0,59.0,47.0,59.0,4.0,-1.9999999999999998,4.5,4.0,0.3191486666666667,0.001484104219161612,0.320758,0.317834,0.318854,,0.8582463855501572,0.0010728888888888826
Broadcast,Broadcast,./Data\Physical_Interaction\Topology_B\4-Group_dataset\physicalInteraction6_group.csv,,,,,,,,,,,,,,,,,,55.0,6.928203230275509,59,47,59.0,,-1.7320508075688774,5.333333333333333,3,1.0171545,0.988988535545534,1.716475,0.317834,1.0171545,,,0.6993205,55.0,6.928203230275509,59.0,47.0,59.0,,-1.7320508075688774,5.333333333333333,3.0,1.0171545,0.988988535545534,1.716475,0.317834,1.0171545,,,0.6993205
Broadcast,Broadcast,./Data\Physical_Interaction\Topology_B\4-Group_dataset\physicalInteraction6_group.csv,,,,,,,,,,,,,,,,,,65.0,8.48528137423857,71,59,65.0,,,6.0,2,1.728909,,1.728909,1.728909,1.728909,,,0.0,65.0,8.48528137423857,71.0,59.0,65.0,,,6.0,2.0,1.728909,,1.728909,1.728909,1.728909,,,0.0
Broadcast,Broadcast,./Data\Physical_Interaction\Topology_B\4-Group_dataset\physicalInteraction6_group.csv,,,,,,,,,,,,,,,,,,65.0,6.0,71,59,65.0,,0.0,4.0,3,1.21584,0.7255891382332015,1.728909,0.702771,1.21584,,,0.513069,65.0,6.0,71.0,59.0,65.0,,0.0,4.0,3.0,1.21584,0.7255891382332015,1.728909,0.702771,1.21584,,,0.513069
Broadcast,Broadcast,./Data\Physical_Interaction\Topology_B\4-Group_dataset\physicalInteraction6_group.csv,,,,,,,,,,,,,,,,,,68.0,4.242640687119285,71,65,68.0,,,3.0,2,0.702771,,0.702771,0.702771,0.702771,,,0.0,68.0,4.242640687119285,71.0,65.0,68.0,,,3.0,2.0,0.702771,,0.702771,0.702771,0.702771,,,0.0
Broadcast,Broadcast,./Data\Physical_Interaction\Topology_B\4-Group_dataset\physicalInteraction6_group.csv,,,,,,,,,,,,,,,,,,59.0,0.0,59,59,59.0,,,0.0,2,0.967687,,0.967687,0.967687,0.967687,,,0.0,59.0,0.0,59.0,59.0,59.0,,,0.0,2.0,0.967687,,0.967687,0.967687,0.967687,,,0.0
Broadcast,Broadcast,./Data\Physical_Interaction\Topology_B\4-Group_dataset\physicalInteraction6_group.csv,,,,,,,,,,,,,,,,,,59.0,0.0,59,59,59.0,,,0.0,2,0.967687,,0.967687,0.967687,0.967687,,,0.0,59.0,0.0,59.0,59.0,59.0,,,0.0,2.0,0.967687,,0.967687,0.967687,0.967687,,,0.0
Broadcast,Broadcast,./Data\Physical_Interaction\Topology_B\4-Group_dataset\physicalInteraction6_group.csv,,,,,,,,,,,,,,,,,,65.0,8.48528137423857,71,59,65.0,,,6.0,2,0.753353,,0.753353,0.753353,0.753353,,,0.0,65.0,8.48528137423857,71.0,59.0,65.0,,,6.0,2.0,0.753353,,0.753353,0.753353,0.753353,,,0.0
Broadcast,Broadcast,./Data\Physical_Interaction\Topology_B\4-Group_dataset\physicalInteraction6_group.csv,,,,,,,,,,,,,,,,,,65.0,8.48528137423857,71,59,65.0,,,6.0,2,0.753353,,0.753353,0.753353,0.753353,,,0.0,65.0,8.48528137423857,71.0,59.0,65.0,,,6.0,2.0,0.753353,,0.753353,0.753353,0.753353,,,0.0
Broadcast,Broadcast,./Data\Physical_Interaction\Topology_B\4-Group_dataset\physicalInteraction6_group.csv,,,,,,,,,,,,,,,,,,71.0,0.0,71,71,71.0,,,0.0,2,1.677072,,1.677072,1.677072,1.677072,,,0.0,71.0,0.0,71.0,71.0,71.0,,,0.0,2.0,1.677072,,1.677072,1.677072,1.677072,,,0.0
Broadcast,Broadcast,./Data\Physical_Interaction\Topology_B\4-Group_dataset\physicalInteraction6_group.csv,,,,,,,,,,,,,,,,,,65.0,8.48528137423857,71,59,65.0,,,6.0,2,0.888516,,0.888516,0.888516,0.888516,,,0.0,65.0,8.48528137423857,71.0,59.0,65.0,,,6.0,2.0,0.888516,,0.888516,0.888516,0.888516,,,0.0
Broadcast,Broadcast,./Data\Physical_Interaction\Topology_B\4-Group_dataset\physicalInteraction6_group.csv,,,,,,,,,,,,,,,,,,65.0,8.48528137423857,71,59,65.0,,,6.0,2,0.888516,,0.888516,0.888516,0.888516,,,0.0,65.0,8.48528137423857,71.0,59.0,65.0,,,6.0,2.0,0.888516,,0.888516,0.888516,0.888516,,,0.0
Broadcast,Broadcast,./Data\Physical_Interaction\Topology_B\4-Group_dataset\physicalInteraction6_group.csv,,,,,,,,,,,,,,,,,,71.0,0.0,71,71,71.0,,,0.0,2,1.378141,,1.378141,1.378141,1.378141,,,0.0,71.0,0.0,71.0,71.0,71.0,,,0.0,2.0,1.378141,,1.378141,1.378141,1.378141,,,0.0
Broadcast,Broadcast,./Data\Physical_Interaction\Topology_B\4-Group_dataset\physicalInteraction6_group.csv,,,,,,,,,,,,,,,,,,71.0,0.0,71,71,71.0,,,0.0,2,1.378141,,1.378141,1.378141,1.378141,,,0.0,71.0,0.0,71.0,71.0,71.0,,,0.0,2.0,1.378141,,1.378141,1.378141,1.378141,,,0.0
Broadcast,Broadcast,./Data\Physical_Interaction\Topology_B\4-Group_dataset\physicalInteraction6_group.csv,,,,,,,,,,,,,,,,,,71.0,0.0,71,71,71.0,,,0.0,2,1.840192,,1.840192,1.840192,1.840192,,,0.0,71.0,0.0,71.0,71.0,71.0,,,0.0,2.0,1.840192,,1.840192,1.840192,1.840192,,,0.0
Broadcast,Broadcast,./Data\Physical_Interaction\Topology_B\4-Group_dataset\physicalInteraction6_group.csv,,,,,,,,,,,,,,,,,,71.0,0.0,71,71,71.0,,,0.0,2,0.344804,,0.344804,0.344804,0.344804,,,0.0,71.0,0.0,71.0,71.0,71.0,,,0.0,2.0,0.344804,,0.344804,0.344804,0.344804,,,0.0
Broadcast,Broadcast,./Data\Physical_Interaction\Topology_B\4-Group_dataset\physicalInteraction6_group.csv,,,,,,,,,,,,,,,,,,71.0,0.0,71,71,71.0,,,0.0,2,0.344804,,0.344804,0.344804,0.344804,,,0.0,71.0,0.0,71.0,71.0,71.0,,,0.0,2.0,0.344804,,0.344804,0.344804,0.344804,,,0.0
Broadcast,Broadcast,./Data\Physical_Interaction\Topology_B\4-Group_dataset\physicalInteraction6_group.csv,,,,,,,,,,,,,,,,,,63.0,6.928203230275509,71,59,59.0,,1.7320508075688774,5.333333333333333,3,0.3189615,0.03417517784152704,0.343127,0.294796,0.3189615,,,0.024165500000000006,63.0,6.928203230275509,71.0,59.0,59.0,,1.7320508075688774,5.333333333333333,3.0,0.3189615,0.03417517784152704,0.343127,0.294796,0.3189615,,,0.024165500000000006
Broadcast,Broadcast,./Data\Physical_Interaction\Topology_B\4-Group_dataset\physicalInteraction6_group.csv,,,,,,,,,,,,,,,,,,63.0,6.928203230275509,71,59,59.0,,1.7320508075688774,5.333333333333333,3,0.3189615,0.03417517784152704,0.343127,0.294796,0.3189615,,,0.024165500000000006,63.0,6.928203230275509,71.0,59.0,59.0,,1.7320508075688774,5.333333333333333,3.0,0.3189615,0.03417517784152704,0.343127,0.294796,0.3189615,,,0.024165500000000006
Broadcast,Broadcast,./Data\Physical_Interaction\Topology_B\4-Group_dataset\physicalInteraction6_group.csv,,,,,,,,,,,,,,,,,,63.5,5.744562646538029,71,59,62.0,-1.2892561983471076,0.8545630383279712,4.5,4,0.8359783333333333,0.895825423417048,1.870012,0.294796,0.343127,,1.7263807662569102,0.6893557777777778,63.5,5.744562646538029,71.0,59.0,62.0,-1.2892561983471076,0.8545630383279712,4.5,4.0,0.8359783333333333,0.895825423417048,1.870012,0.294796,0.343127,,1.7263807662569102,0.6893557777777778
Broadcast,Broadcast,./Data\Physical_Interaction\Topology_B\4-Group_dataset\physicalInteraction6_group.csv,,,,,,,,,,,,,,,,,,62.0,4.242640687119285,65,59,62.0,,,3.0,2,0.818401,,0.818401,0.818401,0.818401,,,0.0,62.0,4.242640687119285,65.0,59.0,62.0,,,3.0,2.0,0.818401,,0.818401,0.818401,0.818401,,,0.0
Broadcast,Broadcast,./Data\Physical_Interaction\Topology_B\4-Group_dataset\physicalInteraction6_group.csv,,,,,,,,,,,,,,,,,,61.0,3.4641016151377544,65,59,59.0,,1.7320508075688774,2.6666666666666665,3,0.7286845,0.12687829106864582,0.818401,0.638968,0.7286845,,,0.08971650000000003,61.0,3.4641016151377544,65.0,59.0,59.0,,1.7320508075688774,2.6666666666666665,3.0,0.7286845,0.12687829106864582,0.818401,0.638968,0.7286845,,,0.08971650000000003
Broadcast,Broadcast,./Data\Physical_Interaction\Topology_B\4-Group_dataset\physicalInteraction6_group.csv,,,,,,,,,,,,,,,,,,59.0,0.0,59,59,59.0,,,0.0,2,0.638968,,0.638968,0.638968,0.638968,,,0.0,59.0,0.0,59.0,59.0,59.0,,,0.0,2.0,0.638968,,0.638968,0.638968,0.638968,,,0.0
Broadcast,Broadcast,./Data\Physical_Interaction\Topology_B\4-Group_dataset\physicalInteraction6_group.csv,,,,,,,,,,,,,,,,,,68.0,4.242640687119285,71,65,68.0,,,3.0,2,2.061697,,2.061697,2.061697,2.061697,,,0.0,68.0,4.242640687119285,71.0,65.0,68.0,,,3.0,2.0,2.061697,,2.061697,2.061697,2.061697,,,0.0
Broadcast,Broadcast,./Data\Physical_Interaction\Topology_B\4-Group_dataset\physicalInteraction6_group.csv,,,,,,,,,,,,,,,,,,71.0,0.0,71,71,71.0,,,0.0,2,0.555154,,0.555154,0.555154,0.555154,,,0.0,71.0,0.0,71.0,71.0,71.0,,,0.0,2.0,0.555154,,0.555154,0.555154,0.555154,,,0.0
Broadcast,Broadcast,./Data\Physical_Interaction\Topology_B\4-Group_dataset\physicalInteraction6_group.csv,,,,,,,,,,,,,,,,,,71.0,0.0,71,71,71.0,,,0.0,2,0.555154,,0.555154,0.555154,0.555154,,,0.0,71.0,0.0,71.0,71.0,71.0,,,0.0,2.0,0.555154,,0.555154,0.555154,0.555154,,,0.0
Broadcast,Broadcast,./Data\Physical_Interaction\Topology_B\4-Group_dataset\physicalInteraction6_group.csv,,,,,,,,,,,,,,,,,,71.0,0.0,71,71,71.0,,,0.0,2,0.555154,,0.555154,0.555154,0.555154,,,0.0,71.0,0.0,71.0,71.0,71.0,,,0.0,2.0,0.555154,,0.555154,0.555154,0.555154,,,0.0
Broadcast,Broadcast,./Data\Physical_Interaction\Topology_B\4-Group_dataset\physicalInteraction6_group.csv,,,,,,,,,,,,,,,,,,59.0,9.797958971132712,71,47,59.0,1.5,0.0,6.0,4,0.554666,0.3624583696385007,0.965707,0.280881,0.41741,,1.459702151576584,0.27402733333333334,59.0,9.797958971132712,71.0,47.0,59.0,1.5,0.0,6.0,4.0,0.554666,0.3624583696385007,0.965707,0.280881,0.41741,,1.459702151576584,0.27402733333333334
Broadcast,Broadcast,./Data\Physical_Interaction\Topology_B\4-Group_dataset\physicalInteraction6_group.csv,,,,,,,,,,,,,,,,,,61.4,10.039920318408907,71,47,59.0,-0.6122448979591857,-0.5122408325718824,7.68,5,0.47676199999999996,0.3344550483169101,0.965707,0.24305,0.3491455,2.915651670783543,1.7178024705314014,0.24447249999999998,61.4,10.039920318408907,71.0,47.0,59.0,-0.6122448979591857,-0.5122408325718824,7.68,5.0,0.47676199999999996,0.3344550483169101,0.965707,0.24305,0.3491455,2.915651670783543,1.7178024705314014,0.24447249999999998
Broadcast,Broadcast,./Data\Physical_Interaction\Topology_B\4-Group_dataset\physicalInteraction6_group.csv,,,,,,,,,,,,,,,,,,62.0,11.489125293076057,71,47,65.0,-1.2892561983471076,-0.8545630383279712,9.0,4,0.31378033333333333,0.09171764824903295,0.41741,0.24305,0.280881,,1.4064706903100417,0.06908644444444445,62.0,11.489125293076057,71.0,47.0,65.0,-1.2892561983471076,-0.8545630383279712,9.0,4.0,0.31378033333333333,0.09171764824903295,0.41741,0.24305,0.280881,,1.4064706903100417,0.06908644444444445
Broadcast,Broadcast,./Data\Physical_Interaction\Topology_B\4-Group_dataset\physicalInteraction6_group.csv,,,,,,,,,,,,,,,,,,71.0,0.0,71,71,71.0,,,0.0,2,2.808219,,2.808219,2.808219,2.808219,,,0.0,71.0,0.0,71.0,71.0,71.0,,,0.0,2.0,2.808219,,2.808219,2.808219,2.808219,,,0.0
Broadcast,Broadcast,./Data\Physical_Interaction\Topology_B\4-Group_dataset\physicalInteraction6_group.csv,,,,,,,,,,,,,,,,,,59.0,0.0,59,59,59.0,,,0.0,2,0.639155,,0.639155,0.639155,0.639155,,,0.0,59.0,0.0,59.0,59.0,59.0,,,0.0,2.0,0.639155,,0.639155,0.639155,0.639155,,,0.0
Broadcast,Broadcast,./Data\Physical_Interaction\Topology_B\4-Group_dataset\physicalInteraction6_group.csv,,,,,,,,,,,,,,,,,,59.0,0.0,59,59,59.0,,,0.0,2,0.639155,,0.639155,0.639155,0.639155,,,0.0,59.0,0.0,59.0,59.0,59.0,,,0.0,2.0,0.639155,,0.639155,0.639155,0.639155,,,0.0
Broadcast,Broadcast,./Data\Physical_Interaction\Topology_B\4-Group_dataset\physicalInteraction6_group.csv,,,,,,,,,,,,,,,,,,63.0,6.928203230275509,71,59,59.0,,1.7320508075688774,5.333333333333333,3,1.3736565,1.038741982883382,2.108158,0.639155,1.3736565,,,0.7345014999999999,63.0,6.928203230275509,71.0,59.0,59.0,,1.7320508075688774,5.333333333333333,3.0,1.3736565,1.038741982883382,2.108158,0.639155,1.3736565,,,0.7345014999999999
Broadcast,Broadcast,./Data\Physical_Interaction\Topology_B\4-Group_dataset\physicalInteraction6_group.csv,,,,,,,,,,,,,,,,,,63.0,6.928203230275509,71,59,59.0,,1.7320508075688774,5.333333333333333,3,0.28452,0.047490705638050905,0.318101,0.250939,0.28452,,,0.033581,63.0,6.928203230275509,71.0,59.0,59.0,,1.7320508075688774,5.333333333333333,3.0,0.28452,0.047490705638050905,0.318101,0.250939,0.28452,,,0.033581
Broadcast,Broadcast,./Data\Physical_Interaction\Topology_B\4-Group_dataset\physicalInteraction6_group.csv,,,,,,,,,,,,,,,,,,63.0,6.928203230275509,71,59,59.0,,1.7320508075688774,5.333333333333333,3,0.28452,0.047490705638050905,0.318101,0.250939,0.28452,,,0.033581,63.0,6.928203230275509,71.0,59.0,59.0,,1.7320508075688774,5.333333333333333,3.0,0.28452,0.047490705638050905,0.318101,0.250939,0.28452,,,0.033581
Broadcast,Broadcast,./Data\Physical_Interaction\Topology_B\4-Group_dataset\physicalInteraction6_group.csv,,,,,,,,,,,,,,,,,,59.0,0.0,59,59,59.0,,,0.0,2,0.318101,,0.318101,0.318101,0.318101,,,0.0,59.0,0.0,59.0,59.0,59.0,,,0.0,2.0,0.318101,,0.318101,0.318101,0.318101,,,0.0
Broadcast,Broadcast,./Data\Physical_Interaction\Topology_B\4-Group_dataset\physicalInteraction6_group.csv,,,,,,,,,,,,,,,,,,71.0,0.0,71,71,71.0,,,0.0,2,1.422214,,1.422214,1.422214,1.422214,,,0.0,71.0,0.0,71.0,71.0,71.0,,,0.0,2.0,1.422214,,1.422214,1.422214,1.422214,,,0.0
Broadcast,Broadcast,./Data\Physical_Interaction\Topology_B\4-Group_dataset\physicalInteraction6_group.csv,,,,,,,,,,,,,,,,,,71.0,0.0,71,71,71.0,,,0.0,2,1.422214,,1.422214,1.422214,1.422214,,,0.0,71.0,0.0,71.0,71.0,71.0,,,0.0,2.0,1.422214,,1.422214,1.422214,1.422214,,,0.0
Broadcast,Broadcast,./Data\Physical_Interaction\Topology_B\4-Group_dataset\physicalInteraction6_group.csv,,,,,,,,,,,,,,,,,,65.0,8.48528137423857,71,59,65.0,,,6.0,2,1.288956,,1.288956,1.288956,1.288956,,,0.0,65.0,8.48528137423857,71.0,59.0,65.0,,,6.0,2.0,1.288956,,1.288956,1.288956,1.288956,,,0.0
Broadcast,Broadcast,./Data\Physical_Interaction\Topology_B\4-Group_dataset\physicalInteraction6_group.csv,,,,,,,,,,,,,,,,,,59.0,0.0,59,59,59.0,,,0.0,2,0.961656,,0.961656,0.961656,0.961656,,,0.0,59.0,0.0,59.0,59.0,59.0,,,0.0,2.0,0.961656,,0.961656,0.961656,0.961656,,,0.0
Broadcast,Broadcast,./Data\Physical_Interaction\Topology_B\4-Group_dataset\physicalInteraction6_group.csv,,,,,,,,,,,,,,,,,,59.0,0.0,59,59,59.0,,,0.0,2,0.961656,,0.961656,0.961656,0.961656,,,0.0,59.0,0.0,59.0,59.0,59.0,,,0.0,2.0,0.961656,,0.961656,0.961656,0.961656,,,0.0
Broadcast,Broadcast,./Data\Physical_Interaction\Topology_B\4-Group_dataset\physicalInteraction6_group.csv,,,,,,,,,,,,,,,,,,71.0,0.0,71,71,71.0,,0.0,0.0,3,0.31092,0.27214842951595364,0.503358,0.118482,0.31092,,,0.192438,71.0,0.0,71.0,71.0,71.0,,0.0,0.0,3.0,0.31092,0.27214842951595364,0.503358,0.118482,0.31092,,,0.192438
Broadcast,Broadcast,./Data\Physical_Interaction\Topology_B\4-Group_dataset\physicalInteraction6_group.csv,,,,,,,,,,,,,,,,,,71.0,0.0,71,71,71.0,,0.0,0.0,3,0.31092,0.27214842951595364,0.503358,0.118482,0.31092,,,0.192438,71.0,0.0,71.0,71.0,71.0,,0.0,0.0,3.0,0.31092,0.27214842951595364,0.503358,0.118482,0.31092,,,0.192438
Broadcast,Broadcast,./Data\Physical_Interaction\Topology_B\4-Group_dataset\physicalInteraction6_group.csv,,,,,,,,,,,,,,,,,,69.8,2.6832815729997477,71,65,71.0,4.999999999999973,-2.2360679774997845,1.9200000000000017,5,0.5564697499999999,0.6282912566033766,1.461188,0.118482,0.3231045,2.2448362700020645,1.574061110795725,0.452359125,69.8,2.6832815729997477,71.0,65.0,71.0,4.999999999999973,-2.2360679774997845,1.9200000000000017,5.0,0.5564697499999999,0.6282912566033766,1.461188,0.118482,0.3231045,2.2448362700020645,1.574061110795725,0.452359125
Broadcast,Broadcast,./Data\Physical_Interaction\Topology_B\4-Group_dataset\physicalInteraction6_group.csv,,,,,,,,,,,,,,,,,,65.0,6.0,71,59,65.0,,0.0,4.0,3,0.6821435,0.7626747675860923,1.221436,0.142851,0.6821435,,,0.5392925,65.0,6.0,71.0,59.0,65.0,,0.0,4.0,3.0,0.6821435,0.7626747675860923,1.221436,0.142851,0.6821435,,,0.5392925
Broadcast,Broadcast,./Data\Physical_Interaction\Topology_B\4-Group_dataset\physicalInteraction6_group.csv,,,,,,,,,,,,,,,,,,65.0,6.0,71,59,65.0,,0.0,4.0,3,0.6821435,0.7626747675860923,1.221436,0.142851,0.6821435,,,0.5392925,65.0,6.0,71.0,59.0,65.0,,0.0,4.0,3.0,0.6821435,0.7626747675860923,1.221436,0.142851,0.6821435,,,0.5392925
Broadcast,Broadcast,./Data\Physical_Interaction\Topology_B\4-Group_dataset\physicalInteraction6_group.csv,,,,,,,,,,,,,,,,,,59.0,0.0,59,59,59.0,,,0.0,2,0.645913,,0.645913,0.645913,0.645913,,,0.0,59.0,0.0,59.0,59.0,59.0,,,0.0,2.0,0.645913,,0.645913,0.645913,0.645913,,,0.0
Broadcast,Broadcast,./Data\Physical_Interaction\Topology_B\4-Group_dataset\physicalInteraction6_group.csv,,,,,,,,,,,,,,,,,,59.0,0.0,59,59,59.0,,0.0,0.0,3,0.4826965,0.23082298790306824,0.645913,0.31948,0.4826965,,,0.1632165,59.0,0.0,59.0,59.0,59.0,,0.0,0.0,3.0,0.4826965,0.23082298790306824,0.645913,0.31948,0.4826965,,,0.1632165
Broadcast,Broadcast,./Data\Physical_Interaction\Topology_B\4-Group_dataset\physicalInteraction6_group.csv,,,,,,,,,,,,,,,,,,62.0,6.0,71,59,59.0,4.0,1.9999999999999998,4.5,4,0.7827489999999999,0.5447330852270679,1.382854,0.31948,0.645913,,1.0590637632134456,0.40007,62.0,6.0,71.0,59.0,59.0,4.0,1.9999999999999998,4.5,4.0,0.7827489999999999,0.5447330852270679,1.382854,0.31948,0.645913,,1.0590637632134456,0.40007
Broadcast,Broadcast,./Data\Physical_Interaction\Topology_B\4-Group_dataset\physicalInteraction6_group.csv,,,,,,,,,,,,,,,,,,63.0,6.928203230275509,71,59,59.0,,1.7320508075688774,5.333333333333333,3,1.1795775,0.2874763832117345,1.382854,0.976301,1.1795775,,,0.20327650000000003,63.0,6.928203230275509,71.0,59.0,59.0,,1.7320508075688774,5.333333333333333,3.0,1.1795775,0.2874763832117345,1.382854,0.976301,1.1795775,,,0.20327650000000003
Broadcast,Broadcast,./Data\Physical_Interaction\Topology_B\4-Group_dataset\physicalInteraction6_group.csv,,,,,,,,,,,,,,,,,,65.0,6.928203230275509,71,59,65.0,-6.0,0.0,6.0,4,0.7825733333333332,0.17388285038017215,0.976301,0.640021,0.731398,,1.2096755970623967,0.12915177777777775,65.0,6.928203230275509,71.0,59.0,65.0,-6.0,0.0,6.0,4.0,0.7825733333333332,0.17388285038017215,0.976301,0.640021,0.731398,,1.2096755970623967,0.12915177777777775
Broadcast,Broadcast,./Data\Physical_Interaction\Topology_B\4-Group_dataset\physicalInteraction6_group.csv,,,,,,,,,,,,,,,,,,63.5,5.744562646538029,71,59,62.0,-1.2892561983471076,0.8545630383279712,4.5,4,0.7064723333333333,0.05814400034684007,0.747998,0.640021,0.731398,,-1.5745805585255526,0.044300888888888945,63.5,5.744562646538029,71.0,59.0,62.0,-1.2892561983471076,0.8545630383279712,4.5,4.0,0.7064723333333333,0.05814400034684007,0.747998,0.640021,0.731398,,-1.5745805585255526,0.044300888888888945
Broadcast,Broadcast,./Data\Physical_Interaction\Topology_B\4-Group_dataset\physicalInteraction6_group.csv,,,,,,,,,,,,,,,,,,66.5,5.744562646538029,71,59,68.0,-1.2892561983471076,-0.8545630383279712,4.5,4,0.8554069999999999,0.20058566260578042,1.086825,0.731398,0.747998,,1.718714995024692,0.1542786666666666,66.5,5.744562646538029,71.0,59.0,68.0,-1.2892561983471076,-0.8545630383279712,4.5,4.0,0.8554069999999999,0.20058566260578042,1.086825,0.731398,0.747998,,1.718714995024692,0.1542786666666666
Broadcast,Broadcast,./Data\Physical_Interaction\Topology_B\4-Group_dataset\physicalInteraction6_group.csv,,,,,,,,,,,,,,,,,,68.0,4.242640687119285,71,65,68.0,,,3.0,2,1.086825,,1.086825,1.086825,1.086825,,,0.0,68.0,4.242640687119285,71.0,65.0,68.0,,,3.0,2.0,1.086825,,1.086825,1.086825,1.086825,,,0.0
Broadcast,Broadcast,./Data\Physical_Interaction\Topology_B\4-Group_dataset\physicalInteraction6_group.csv,,,,,,,,,,,,,,,,,,65.0,8.48528137423857,71,59,65.0,,,6.0,2,0.195906,,0.195906,0.195906,0.195906,,,0.0,65.0,8.48528137423857,71.0,59.0,65.0,,,6.0,2.0,0.195906,,0.195906,0.195906,0.195906,,,0.0
Broadcast,Broadcast,./Data\Physical_Interaction\Topology_B\4-Group_dataset\physicalInteraction6_group.csv,,,,,,,,,,,,,,,,,,65.0,8.48528137423857,71,59,65.0,,,6.0,2,0.195906,,0.195906,0.195906,0.195906,,,0.0,65.0,8.48528137423857,71.0,59.0,65.0,,,6.0,2.0,0.195906,,0.195906,0.195906,0.195906,,,0.0
Broadcast,Broadcast,./Data\Physical_Interaction\Topology_B\4-Group_dataset\physicalInteraction6_group.csv,,,,,,,,,,,,,,,,,,69.5,2.1213203435596424,71,68,69.5,,,1.5,2,0.131261,,0.131261,0.131261,0.131261,,,0.0,69.5,2.1213203435596424,71.0,68.0,69.5,,,1.5,2.0,0.131261,,0.131261,0.131261,0.131261,,,0.0
Broadcast,Broadcast,./Data\Physical_Interaction\Topology_B\4-Group_dataset\physicalInteraction6_group.csv,,,,,,,,,,,,,,,,,,69.5,2.1213203435596424,71,68,69.5,,,1.5,2,0.131261,,0.131261,0.131261,0.131261,,,0.0,69.5,2.1213203435596424,71.0,68.0,69.5,,,1.5,2.0,0.131261,,0.131261,0.131261,0.131261,,,0.0
Broadcast,Broadcast,./Data\Physical_Interaction\Topology_B\4-Group_dataset\physicalInteraction6_group.csv,,,,,,,,,,,,,,,,,,63.0,6.928203230275509,71,59,59.0,,1.7320508075688774,5.333333333333333,3,0.6379905,0.4480263920937025,0.954793,0.321188,0.6379905,,,0.3168025,63.0,6.928203230275509,71.0,59.0,59.0,,1.7320508075688774,5.333333333333333,3.0,0.6379905,0.4480263920937025,0.954793,0.321188,0.6379905,,,0.3168025
Broadcast,Broadcast,./Data\Physical_Interaction\Topology_B\4-Group_dataset\physicalInteraction6_group.csv,,,,,,,,,,,,,,,,,,63.0,6.928203230275509,71,59,59.0,,1.7320508075688774,5.333333333333333,3,0.6379905,0.4480263920937025,0.954793,0.321188,0.6379905,,,0.3168025,63.0,6.928203230275509,71.0,59.0,59.0,,1.7320508075688774,5.333333333333333,3.0,0.6379905,0.4480263920937025,0.954793,0.321188,0.6379905,,,0.3168025
Broadcast,Broadcast,./Data\Physical_Interaction\Topology_B\4-Group_dataset\physicalInteraction6_group.csv,,,,,,,,,,,,,,,,,,59.0,0.0,59,59,59.0,,,0.0,2,0.321188,,0.321188,0.321188,0.321188,,,0.0,59.0,0.0,59.0,59.0,59.0,,,0.0,2.0,0.321188,,0.321188,0.321188,0.321188,,,0.0
Broadcast,Broadcast,./Data\Physical_Interaction\Topology_B\4-Group_dataset\physicalInteraction6_group.csv,,,,,,,,,,,,,,,,,,65.0,8.48528137423857,71,59,65.0,,,6.0,2,1.384923,,1.384923,1.384923,1.384923,,,0.0,65.0,8.48528137423857,71.0,59.0,65.0,,,6.0,2.0,1.384923,,1.384923,1.384923,1.384923,,,0.0
Broadcast,Broadcast,./Data\Physical_Interaction\Topology_B\4-Group_dataset\physicalInteraction6_group.csv,,,,,,,,,,,,,,,,,,65.0,8.48528137423857,71,59,65.0,,,6.0,2,1.384923,,1.384923,1.384923,1.384923,,,0.0,65.0,8.48528137423857,71.0,59.0,65.0,,,6.0,2.0,1.384923,,1.384923,1.384923,1.384923,,,0.0
Broadcast,Broadcast,./Data\Physical_Interaction\Topology_B\4-Group_dataset\physicalInteraction6_group.csv,,,,,,,,,,,,,,,,,,63.0,6.928203230275509,71,59,59.0,,1.7320508075688774,5.333333333333333,3,0.8093090000000001,0.6820737869189814,1.291608,0.32701,0.8093090000000001,,,0.48229900000000003,63.0,6.928203230275509,71.0,59.0,59.0,,1.7320508075688774,5.333333333333333,3.0,0.8093090000000001,0.6820737869189814,1.291608,0.32701,0.8093090000000001,,,0.48229900000000003
Broadcast,Broadcast,./Data\Physical_Interaction\Topology_B\4-Group_dataset\physicalInteraction6_group.csv,,,,,,,,,,,,,,,,,,59.0,0.0,59,59,59.0,,,0.0,2,0.32701,,0.32701,0.32701,0.32701,,,0.0,59.0,0.0,59.0,59.0,59.0,,,0.0,2.0,0.32701,,0.32701,0.32701,0.32701,,,0.0
Broadcast,Broadcast,./Data\Physical_Interaction\Topology_B\4-Group_dataset\physicalInteraction6_group.csv,,,,,,,,,,,,,,,,,,59.0,0.0,59,59,59.0,,,0.0,2,0.32701,,0.32701,0.32701,0.32701,,,0.0,59.0,0.0,59.0,59.0,59.0,,,0.0,2.0,0.32701,,0.32701,0.32701,0.32701,,,0.0
Broadcast,Broadcast,./Data\Physical_Interaction\Topology_B\4-Group_dataset\physicalInteraction6_group.csv,,,,,,,,,,,,,,,,,,71.0,0.0,71,71,71.0,,,0.0,2,1.23922,,1.23922,1.23922,1.23922,,,0.0,71.0,0.0,71.0,71.0,71.0,,,0.0,2.0,1.23922,,1.23922,1.23922,1.23922,,,0.0
Broadcast,Broadcast,./Data\Physical_Interaction\Topology_B\4-Group_dataset\physicalInteraction6_group.csv,,,,,,,,,,,,,,,,,,63.8,6.572670690061993,71,59,59.0,-3.3333333333333286,0.6085806194501868,5.76,5,0.6757845,0.44396069577122105,1.23922,0.320147,0.5718854999999999,-2.08253545737524,0.7042677119299106,0.3551555,63.8,6.572670690061993,71.0,59.0,59.0,-3.3333333333333286,0.6085806194501868,5.76,5.0,0.6757845,0.44396069577122105,1.23922,0.320147,0.5718854999999999,-2.08253545737524,0.7042677119299106,0.3551555
Broadcast,Broadcast,./Data\Physical_Interaction\Topology_B\4-Group_dataset\physicalInteraction6_group.csv,,,,,,,,,,,,,,,,,,62.0,6.0,71,59,59.0,4.0,1.9999999999999998,4.5,4,0.4879726666666666,0.2898481337603079,0.82266,0.320147,0.321111,,1.7320292536769815,0.2231248888888889,62.0,6.0,71.0,59.0,59.0,4.0,1.9999999999999998,4.5,4.0,0.4879726666666666,0.2898481337603079,0.82266,0.320147,0.321111,,1.7320292536769815,0.2231248888888889
Broadcast,Broadcast,./Data\Physical_Interaction\Topology_B\4-Group_dataset\physicalInteraction6_group.csv,,,,,,,,,,,,,,,,,,59.0,0.0,59,59,59.0,,0.0,0.0,3,0.320629,0.000681650937063807,0.321111,0.320147,0.320629,,,0.00048199999999998244,59.0,0.0,59.0,59.0,59.0,,0.0,0.0,3.0,0.320629,0.000681650937063807,0.321111,0.320147,0.320629,,,0.00048199999999998244
Broadcast,Broadcast,./Data\Physical_Interaction\Topology_B\4-Group_dataset\physicalInteraction6_group.csv,,,,,,,,,,,,,,,,,,68.0,4.242640687119285,71,65,68.0,,,3.0,2,0.708859,,0.708859,0.708859,0.708859,,,0.0,68.0,4.242640687119285,71.0,65.0,68.0,,,3.0,2.0,0.708859,,0.708859,0.708859,0.708859,,,0.0
Broadcast,Broadcast,./Data\Physical_Interaction\Topology_B\4-Group_dataset\physicalInteraction6_group.csv,,,,,,,,,,,,,,,,,,68.0,4.242640687119285,71,65,68.0,,,3.0,2,0.708859,,0.708859,0.708859,0.708859,,,0.0,68.0,4.242640687119285,71.0,65.0,68.0,,,3.0,2.0,0.708859,,0.708859,0.708859,0.708859,,,0.0
Broadcast,Broadcast,./Data\Physical_Interaction\Topology_B\4-Group_dataset\physicalInteraction6_group.csv,,,,,,,,,,,,,,,,,,71.0,0.0,71,71,71.0,,,0.0,2,0.030222,,0.030222,0.030222,0.030222,,,0.0,71.0,0.0,71.0,71.0,71.0,,,0.0,2.0,0.030222,,0.030222,0.030222,0.030222,,,0.0
Broadcast,Broadcast,./Data\Physical_Interaction\Topology_B\4-Group_dataset\physicalInteraction6_group.csv,,,,,,,,,,,,,,,,,,68.0,6.0,71,59,71.0,4.0,-1.9999999999999998,4.5,4,0.3023493333333333,0.26746666967181787,0.564898,0.030222,0.311928,,-0.16094983896986806,0.18141822222222223,68.0,6.0,71.0,59.0,71.0,4.0,-1.9999999999999998,4.5,4.0,0.3023493333333333,0.26746666967181787,0.564898,0.030222,0.311928,,-0.16094983896986806,0.18141822222222223
Broadcast,Broadcast,./Data\Physical_Interaction\Topology_B\4-Group_dataset\physicalInteraction6_group.csv,,,,,,,,,,,,,,,,,,68.6,5.366563145999495,71,59,71.0,4.999999999999972,-2.2360679774997845,3.8400000000000034,5,0.37805975,0.2657452696805408,0.605191,0.030222,0.438413,-1.1097924837391027,-0.8573475218894674,0.20698475000000002,68.6,5.366563145999495,71.0,59.0,71.0,4.999999999999972,-2.2360679774997845,3.8400000000000034,5.0,0.37805975,0.2657452696805408,0.605191,0.030222,0.438413,-1.1097924837391027,-0.8573475218894674,0.20698475000000002
Broadcast,Broadcast,./Data\Physical_Interaction\Topology_B\4-Group_dataset\physicalInteraction6_group.csv,,,,,,,,,,,,,,,,,,67.0,6.928203230275509,71,59,71.0,,-1.7320508075688774,5.333333333333333,3,0.5850445,0.028491453534349575,0.605191,0.564898,0.5850445,,,0.02014650000000001,67.0,6.928203230275509,71.0,59.0,71.0,,-1.7320508075688774,5.333333333333333,3.0,0.5850445,0.028491453534349575,0.605191,0.564898,0.5850445,,,0.02014650000000001
Broadcast,Broadcast,./Data\Physical_Interaction\Topology_B\4-Group_dataset\physicalInteraction6_group.csv,,,,,,,,,,,,,,,,,,71.0,0.0,71,71,71.0,,,0.0,2,1.314509,,1.314509,1.314509,1.314509,,,0.0,71.0,0.0,71.0,71.0,71.0,,,0.0,2.0,1.314509,,1.314509,1.314509,1.314509,,,0.0
Broadcast,Broadcast,./Data\Physical_Interaction\Topology_B\4-Group_dataset\physicalInteraction6_group.csv,,,,,,,,,,,,,,,,,,69.0,3.4641016151377544,71,65,71.0,,-1.7320508075688774,2.6666666666666665,3,1.0422075,0.3850924743545373,1.314509,0.769906,1.0422075,,,0.2723015,69.0,3.4641016151377544,71.0,65.0,71.0,,-1.7320508075688774,2.6666666666666665,3.0,1.0422075,0.3850924743545373,1.314509,0.769906,1.0422075,,,0.2723015
Broadcast,Broadcast,./Data\Physical_Interaction\Topology_B\4-Group_dataset\physicalInteraction6_group.csv,,,,,,,,,,,,,,,,,,69.0,3.4641016151377544,71,65,71.0,,-1.7320508075688774,2.6666666666666665,3,0.926192,0.22102178080904158,1.082478,0.769906,0.926192,,,0.15628600000000004,69.0,3.4641016151377544,71.0,65.0,71.0,,-1.7320508075688774,2.6666666666666665,3.0,0.926192,0.22102178080904158,1.082478,0.769906,0.926192,,,0.15628600000000004
Broadcast,Broadcast,./Data\Physical_Interaction\Topology_B\4-Group_dataset\physicalInteraction6_group.csv,,,,,,,,,,,,,,,,,,68.0,4.242640687119285,71,65,68.0,,,3.0,2,1.082478,,1.082478,1.082478,1.082478,,,0.0,68.0,4.242640687119285,71.0,65.0,68.0,,,3.0,2.0,1.082478,,1.082478,1.082478,1.082478,,,0.0
Broadcast,Broadcast,./Data\Physical_Interaction\Topology_B\4-Group_dataset\physicalInteraction6_group.csv,,,,,,,,,,,,,,,,,,65.0,8.48528137423857,71,59,65.0,,,6.0,2,2.416852,,2.416852,2.416852,2.416852,,,0.0,65.0,8.48528137423857,71.0,59.0,65.0,,,6.0,2.0,2.416852,,2.416852,2.416852,2.416852,,,0.0
Broadcast,Broadcast,./Data\Physical_Interaction\Topology_B\4-Group_dataset\physicalInteraction6_group.csv,,,,,,,,,,,,,,,,,,53.0,8.48528137423857,59,47,53.0,,,6.0,2,0.731824,,0.731824,0.731824,0.731824,,,0.0,53.0,8.48528137423857,59.0,47.0,53.0,,,6.0,2.0,0.731824,,0.731824,0.731824,0.731824,,,0.0
Broadcast,Broadcast,./Data\Physical_Interaction\Topology_B\4-Group_dataset\physicalInteraction6_group.csv,,,,,,,,,,,,,,,,,,53.0,8.48528137423857,59,47,53.0,,,6.0,2,0.731824,,0.731824,0.731824,0.731824,,,0.0,53.0,8.48528137423857,59.0,47.0,53.0,,,6.0,2.0,0.731824,,0.731824,0.731824,0.731824,,,0.0
Broadcast,Broadcast,./Data\Physical_Interaction\Topology_B\4-Group_dataset\physicalInteraction6_group.csv,,,,,,,,,,,,,,,,,,58.333333333333336,7.023769168568493,65,51,59.0,,-0.42327316026800954,4.888888888888888,3,1.0826069999999999,0.58666952578773,1.497445,0.667769,1.0826069999999999,,,0.414838,58.333333333333336,7.023769168568493,65.0,51.0,59.0,,-0.42327316026800954,4.888888888888888,3.0,1.0826069999999999,0.58666952578773,1.497445,0.667769,1.0826069999999999,,,0.414838
Broadcast,Broadcast,./Data\Physical_Interaction\Topology_B\4-Group_dataset\physicalInteraction6_group.csv,,,,,,,,,,,,,,,,,,61.0,7.483314773547883,71,51,59.0,0.08673469387755084,0.047725221770075786,5.6,5,0.4553979999999999,0.23845873081520833,0.667769,0.113368,0.5202275,2.7445192735249364,-1.4686205379765656,0.17101500000000003,61.0,7.483314773547883,71.0,51.0,59.0,0.08673469387755084,0.047725221770075786,5.6,5.0,0.4553979999999999,0.23845873081520833,0.667769,0.113368,0.5202275,2.7445192735249364,-1.4686205379765656,0.17101500000000003
Broadcast,Broadcast,./Data\Physical_Interaction\Topology_B\4-Group_dataset\physicalInteraction6_group.csv,,,,,,,,,,,,,,,,,,61.0,7.483314773547883,71,51,59.0,0.08673469387755084,0.047725221770075786,5.6,5,0.4553979999999999,0.23845873081520833,0.667769,0.113368,0.5202275,2.7445192735249364,-1.4686205379765656,0.17101500000000003,61.0,7.483314773547883,71.0,51.0,59.0,0.08673469387755084,0.047725221770075786,5.6,5.0,0.4553979999999999,0.23845873081520833,0.667769,0.113368,0.5202275,2.7445192735249364,-1.4686205379765656,0.17101500000000003
Broadcast,Broadcast,./Data\Physical_Interaction\Topology_B\4-Group_dataset\physicalInteraction6_group.csv,,,,,,,,,,,,,,,,,,63.0,6.928203230275509,71,59,59.0,,1.7320508075688774,5.333333333333333,3,0.320262,0.2925923007736191,0.527156,0.113368,0.320262,,,0.20689399999999997,63.0,6.928203230275509,71.0,59.0,59.0,,1.7320508075688774,5.333333333333333,3.0,0.320262,0.2925923007736191,0.527156,0.113368,0.320262,,,0.20689399999999997
Broadcast,Broadcast,./Data\Physical_Interaction\Topology_B\4-Group_dataset\physicalInteraction6_group.csv,,,,,,,,,,,,,,,,,,65.0,8.48528137423857,71,59,65.0,,,6.0,2,2.570192,,2.570192,2.570192,2.570192,,,0.0,65.0,8.48528137423857,71.0,59.0,65.0,,,6.0,2.0,2.570192,,2.570192,2.570192,2.570192,,,0.0
Broadcast,Broadcast,./Data\Physical_Interaction\Topology_B\4-Group_dataset\physicalInteraction6_group.csv,,,,,,,,,,,,,,,,,,65.0,8.48528137423857,71,59,65.0,,,6.0,2,0.879885,,0.879885,0.879885,0.879885,,,0.0,65.0,8.48528137423857,71.0,59.0,65.0,,,6.0,2.0,0.879885,,0.879885,0.879885,0.879885,,,0.0
Broadcast,Broadcast,./Data\Physical_Interaction\Topology_B\4-Group_dataset\physicalInteraction6_group.csv,,,,,,,,,,,,,,,,,,65.0,8.48528137423857,71,59,65.0,,,6.0,2,0.879885,,0.879885,0.879885,0.879885,,,0.0,65.0,8.48528137423857,71.0,59.0,65.0,,,6.0,2.0,0.879885,,0.879885,0.879885,0.879885,,,0.0
Broadcast,Broadcast,./Data\Physical_Interaction\Topology_B\4-Group_dataset\physicalInteraction6_group.csv,,,,,,,,,,,,,,,,,,65.0,8.48528137423857,71,59,65.0,,,6.0,2,1.930647,,1.930647,1.930647,1.930647,,,0.0,65.0,8.48528137423857,71.0,59.0,65.0,,,6.0,2.0,1.930647,,1.930647,1.930647,1.930647,,,0.0
Broadcast,Broadcast,./Data\Physical_Interaction\Topology_B\4-Group_dataset\physicalInteraction6_group.csv,,,,,,,,,,,,,,,,,,63.0,6.928203230275509,71,59,59.0,,1.7320508075688774,5.333333333333333,3,0.5340665,0.14932893137131864,0.639658,0.428475,0.5340665,,,0.10559149999999998,63.0,6.928203230275509,71.0,59.0,59.0,,1.7320508075688774,5.333333333333333,3.0,0.5340665,0.14932893137131864,0.639658,0.428475,0.5340665,,,0.10559149999999998
Broadcast,Broadcast,./Data\Physical_Interaction\Topology_B\4-Group_dataset\physicalInteraction6_group.csv,,,,,,,,,,,,,,,,,,63.0,6.928203230275509,71,59,59.0,,1.7320508075688774,5.333333333333333,3,0.5340665,0.14932893137131864,0.639658,0.428475,0.5340665,,,0.10559149999999998,63.0,6.928203230275509,71.0,59.0,59.0,,1.7320508075688774,5.333333333333333,3.0,0.5340665,0.14932893137131864,0.639658,0.428475,0.5340665,,,0.10559149999999998
Broadcast,Broadcast,./Data\Physical_Interaction\Topology_B\4-Group_dataset\physicalInteraction6_group.csv,,,,,,,,,,,,,,,,,,59.0,0.0,59,59,59.0,,,0.0,2,0.639658,,0.639658,0.639658,0.639658,,,0.0,59.0,0.0,59.0,59.0,59.0,,,0.0,2.0,0.639658,,0.639658,0.639658,0.639658,,,0.0
Broadcast,Broadcast,./Data\Physical_Interaction\Topology_B\4-Group_dataset\physicalInteraction6_group.csv,,,,,,,,,,,,,,,,,,65.0,8.48528137423857,71,59,65.0,,,6.0,2,2.451626,,2.451626,2.451626,2.451626,,,0.0,65.0,8.48528137423857,71.0,59.0,65.0,,,6.0,2.0,2.451626,,2.451626,2.451626,2.451626,,,0.0
Broadcast,Broadcast,./Data\Physical_Interaction\Topology_B\4-Group_dataset\physicalInteraction6_group.csv,,,,,,,,,,,,,,,,,,71.0,0.0,71,71,71.0,,,0.0,2,1.818815,,1.818815,1.818815,1.818815,,,0.0,71.0,0.0,71.0,71.0,71.0,,,0.0,2.0,1.818815,,1.818815,1.818815,1.818815,,,0.0
Broadcast,Broadcast,./Data\Physical_Interaction\Topology_B\4-Group_dataset\physicalInteraction6_group.csv,,,,,,,,,,,,,,,,,,71.0,0.0,71,71,71.0,,,0.0,2,0.8846,,0.8846,0.8846,0.8846,,,0.0,71.0,0.0,71.0,71.0,71.0,,,0.0,2.0,0.8846,,0.8846,0.8846,0.8846,,,0.0
Broadcast,Broadcast,./Data\Physical_Interaction\Topology_B\4-Group_dataset\physicalInteraction6_group.csv,,,,,,,,,,,,,,,,,,71.0,0.0,71,71,71.0,,0.0,0.0,3,0.7462040000000001,0.19572150017818687,0.8846,0.607808,0.7462040000000001,,,0.13839600000000002,71.0,0.0,71.0,71.0,71.0,,0.0,0.0,3.0,0.7462040000000001,0.19572150017818687,0.8846,0.607808,0.7462040000000001,,,0.13839600000000002
Broadcast,Broadcast,./Data\Physical_Interaction\Topology_B\4-Group_dataset\physicalInteraction6_group.csv,,,,,,,,,,,,,,,,,,71.0,0.0,71,71,71.0,,0.0,0.0,3,0.7462040000000001,0.19572150017818687,0.8846,0.607808,0.7462040000000001,,,0.13839600000000002,71.0,0.0,71.0,71.0,71.0,,0.0,0.0,3.0,0.7462040000000001,0.19572150017818687,0.8846,0.607808,0.7462040000000001,,,0.13839600000000002
Broadcast,Broadcast,./Data\Physical_Interaction\Topology_B\4-Group_dataset\physicalInteraction6_group.csv,,,,,,,,,,,,,,,,,,68.0,4.242640687119285,71,65,68.0,,,3.0,2,2.163953,,2.163953,2.163953,2.163953,,,0.0,68.0,4.242640687119285,71.0,65.0,68.0,,,3.0,2.0,2.163953,,2.163953,2.163953,2.163953,,,0.0
Broadcast,Broadcast,./Data\Physical_Interaction\Topology_B\4-Group_dataset\physicalInteraction6_group.csv,,,,,,,,,,,,,,,,,,62.0,4.242640687119285,65,59,62.0,,,3.0,2,0.887632,,0.887632,0.887632,0.887632,,,0.0,62.0,4.242640687119285,65.0,59.0,62.0,,,3.0,2.0,0.887632,,0.887632,0.887632,0.887632,,,0.0
Broadcast,Broadcast,./Data\Physical_Interaction\Topology_B\4-Group_dataset\physicalInteraction6_group.csv,,,,,,,,,,,,,,,,,,62.0,4.242640687119285,65,59,62.0,,,3.0,2,0.887632,,0.887632,0.887632,0.887632,,,0.0,62.0,4.242640687119285,65.0,59.0,62.0,,,3.0,2.0,0.887632,,0.887632,0.887632,0.887632,,,0.0
Broadcast,Broadcast,./Data\Physical_Interaction\Topology_B\4-Group_dataset\physicalInteraction6_group.csv,,,,,,,,,,,,,,,,,,59.0,0.0,59,59,59.0,,0.0,0.0,3,0.321757,0.0022740554082959345,0.323365,0.320149,0.321757,,,0.0016079999999999983,59.0,0.0,59.0,59.0,59.0,,0.0,0.0,3.0,0.321757,0.0022740554082959345,0.323365,0.320149,0.321757,,,0.0016079999999999983
Broadcast,Broadcast,./Data\Physical_Interaction\Topology_B\4-Group_dataset\physicalInteraction6_group.csv,,,,,,,,,,,,,,,,,,59.0,0.0,59,59,59.0,,0.0,0.0,3,0.321757,0.0022740554082959345,0.323365,0.320149,0.321757,,,0.0016079999999999983,59.0,0.0,59.0,59.0,59.0,,0.0,0.0,3.0,0.321757,0.0022740554082959345,0.323365,0.320149,0.321757,,,0.0016079999999999983
Broadcast,Broadcast,./Data\Physical_Interaction\Topology_B\4-Group_dataset\physicalInteraction6_group.csv,,,,,,,,,,,,,,,,,,62.0,6.0,71,59,59.0,4.0,1.9999999999999998,4.5,4,0.9145693333333335,1.0267823397976483,2.100194,0.320149,0.323365,,1.7320316919657432,0.7904164444444445,62.0,6.0,71.0,59.0,59.0,4.0,1.9999999999999998,4.5,4.0,0.9145693333333335,1.0267823397976483,2.100194,0.320149,0.323365,,1.7320316919657432,0.7904164444444445
Broadcast,Broadcast,./Data\Physical_Interaction\Topology_B\4-Group_dataset\physicalInteraction6_group.csv,,,,,,,,,,,,,,,,,,71.0,0.0,71,71,71.0,,,0.0,2,0.48142,,0.48142,0.48142,0.48142,,,0.0,71.0,0.0,71.0,71.0,71.0,,,0.0,2.0,0.48142,,0.48142,0.48142,0.48142,,,0.0
Broadcast,Broadcast,./Data\Physical_Interaction\Topology_B\4-Group_dataset\physicalInteraction6_group.csv,,,,,,,,,,,,,,,,,,71.0,0.0,71,71,71.0,,,0.0,2,0.48142,,0.48142,0.48142,0.48142,,,0.0,71.0,0.0,71.0,71.0,71.0,,,0.0,2.0,0.48142,,0.48142,0.48142,0.48142,,,0.0
Broadcast,Broadcast,./Data\Physical_Interaction\Topology_B\4-Group_dataset\physicalInteraction6_group.csv,,,,,,,,,,,,,,,,,,65.0,12.0,71,47,71.0,4.0,-1.9999999999999998,9.0,4,0.7304146666666668,0.7040770107526118,1.525155,0.184669,0.48142,,1.3923794866433117,0.529826888888889,65.0,12.0,71.0,47.0,71.0,4.0,-1.9999999999999998,9.0,4.0,0.7304146666666668,0.7040770107526118,1.525155,0.184669,0.48142,,1.3923794866433117,0.529826888888889
Broadcast,Broadcast,./Data\Physical_Interaction\Topology_B\4-Group_dataset\physicalInteraction6_group.csv,,,,,,,,,,,,,,,,,,63.0,13.856406460551018,71,47,71.0,,-1.7320508075688774,10.666666666666666,3,0.787042,0.8518840662073685,1.389415,0.184669,0.787042,,,0.602373,63.0,13.856406460551018,71.0,47.0,71.0,,-1.7320508075688774,10.666666666666666,3.0,0.787042,0.8518840662073685,1.389415,0.184669,0.787042,,,0.602373
Broadcast,Broadcast,./Data\Physical_Interaction\Topology_B\4-Group_dataset\physicalInteraction6_group.csv,,,,,,,,,,,,,,,,,,63.0,13.856406460551018,71,47,71.0,,-1.7320508075688774,10.666666666666666,3,0.787042,0.8518840662073685,1.389415,0.184669,0.787042,,,0.602373,63.0,13.856406460551018,71.0,47.0,71.0,,-1.7320508075688774,10.666666666666666,3.0,0.787042,0.8518840662073685,1.389415,0.184669,0.787042,,,0.602373
Broadcast,Broadcast,./Data\Physical_Interaction\Topology_B\4-Group_dataset\physicalInteraction6_group.csv,,,,,,,,,,,,,,,,,,67.0,6.928203230275509,71,59,71.0,,-1.7320508075688774,5.333333333333333,3,0.9503670000000001,0.9826860928048184,1.645231,0.255503,0.9503670000000001,,,0.6948640000000001,67.0,6.928203230275509,71.0,59.0,71.0,,-1.7320508075688774,5.333333333333333,3.0,0.9503670000000001,0.9826860928048184,1.645231,0.255503,0.9503670000000001,,,0.6948640000000001
Broadcast,Broadcast,./Data\Physical_Interaction\Topology_B\4-Group_dataset\physicalInteraction6_group.csv,,,,,,,,,,,,,,,,,,65.0,8.48528137423857,71,59,65.0,,,6.0,2,0.255503,,0.255503,0.255503,0.255503,,,0.0,65.0,8.48528137423857,71.0,59.0,65.0,,,6.0,2.0,0.255503,,0.255503,0.255503,0.255503,,,0.0
Broadcast,Broadcast,./Data\Physical_Interaction\Topology_B\4-Group_dataset\physicalInteraction6_group.csv,,,,,,,,,,,,,,,,,,65.0,8.48528137423857,71,59,65.0,,,6.0,2,0.255503,,0.255503,0.255503,0.255503,,,0.0,65.0,8.48528137423857,71.0,59.0,65.0,,,6.0,2.0,0.255503,,0.255503,0.255503,0.255503,,,0.0
Broadcast,Broadcast,./Data\Physical_Interaction\Topology_B\4-Group_dataset\physicalInteraction6_group.csv,,,,,,,,,,,,,,,,,,63.0,13.856406460551018,71,47,71.0,,-1.7320508075688774,10.666666666666666,3,0.7559775,0.11389156792537362,0.836511,0.675444,0.7559775,,,0.08053349999999998,63.0,13.856406460551018,71.0,47.0,71.0,,-1.7320508075688774,10.666666666666666,3.0,0.7559775,0.11389156792537362,0.836511,0.675444,0.7559775,,,0.08053349999999998
Broadcast,Broadcast,./Data\Physical_Interaction\Topology_B\4-Group_dataset\physicalInteraction6_group.csv,,,,,,,,,,,,,,,,,,63.0,13.856406460551018,71,47,71.0,,-1.7320508075688774,10.666666666666666,3,0.7559775,0.11389156792537362,0.836511,0.675444,0.7559775,,,0.08053349999999998,63.0,13.856406460551018,71.0,47.0,71.0,,-1.7320508075688774,10.666666666666666,3.0,0.7559775,0.11389156792537362,0.836511,0.675444,0.7559775,,,0.08053349999999998
Broadcast,Broadcast,./Data\Physical_Interaction\Topology_B\4-Group_dataset\physicalInteraction6_group.csv,,,,,,,,,,,,,,,,,,71.0,0.0,71,71,71.0,,,0.0,2,0.675444,,0.675444,0.675444,0.675444,,,0.0,71.0,0.0,71.0,71.0,71.0,,,0.0,2.0,0.675444,,0.675444,0.675444,0.675444,,,0.0
Broadcast,Broadcast,./Data\Physical_Interaction\Topology_B\4-Group_dataset\physicalInteraction6_group.csv,,,,,,,,,,,,,,,,,,65.0,8.48528137423857,71,59,65.0,,,6.0,2,0.641554,,0.641554,0.641554,0.641554,,,0.0,65.0,8.48528137423857,71.0,59.0,65.0,,,6.0,2.0,0.641554,,0.641554,0.641554,0.641554,,,0.0
Broadcast,Broadcast,./Data\Physical_Interaction\Topology_B\4-Group_dataset\physicalInteraction6_group.csv,,,,,,,,,,,,,,,,,,65.0,8.48528137423857,71,59,65.0,,,6.0,2,0.641554,,0.641554,0.641554,0.641554,,,0.0,65.0,8.48528137423857,71.0,59.0,65.0,,,6.0,2.0,0.641554,,0.641554,0.641554,0.641554,,,0.0
Broadcast,Broadcast,./Data\Physical_Interaction\Topology_B\4-Group_dataset\physicalInteraction6_group.csv,,,,,,,,,,,,,,,,,,71.0,0.0,71,71,71.0,,,0.0,2,0.219173,,0.219173,0.219173,0.219173,,,0.0,71.0,0.0,71.0,71.0,71.0,,,0.0,2.0,0.219173,,0.219173,0.219173,0.219173,,,0.0
Broadcast,Broadcast,./Data\Physical_Interaction\Topology_B\4-Group_dataset\physicalInteraction6_group.csv,,,,,,,,,,,,,,,,,,71.0,0.0,71,71,71.0,0.0,0.0,0.0,4,0.45123166666666664,0.23089394904443322,0.680943,0.219173,0.453579,,-0.04574354729779613,0.15470577777777778,71.0,0.0,71.0,71.0,71.0,0.0,0.0,0.0,4.0,0.45123166666666664,0.23089394904443322,0.680943,0.219173,0.453579,,-0.04574354729779613,0.15470577777777778
Broadcast,Broadcast,./Data\Physical_Interaction\Topology_B\4-Group_dataset\physicalInteraction6_group.csv,,,,,,,,,,,,,,,,,,71.0,0.0,71,71,71.0,0.0,0.0,0.0,5,0.5067744999999999,0.21881811886206617,0.680943,0.219173,0.563491,-1.082204028913349,-0.8926964078570446,0.17039849999999998,71.0,0.0,71.0,71.0,71.0,0.0,0.0,0.0,5.0,0.5067744999999999,0.21881811886206617,0.680943,0.219173,0.563491,-1.082204028913349,-0.8926964078570446,0.17039849999999998
Broadcast,Broadcast,./Data\Physical_Interaction\Topology_B\4-Group_dataset\physicalInteraction6_group.csv,,,,,,,,,,,,,,,,,,71.0,0.0,71,71,71.0,,0.0,0.0,3,0.563491,0.1554390410675516,0.673403,0.453579,0.563491,,,0.10991199999999998,71.0,0.0,71.0,71.0,71.0,,0.0,0.0,3.0,0.563491,0.1554390410675516,0.673403,0.453579,0.563491,,,0.10991199999999998
Broadcast,Broadcast,./Data\Physical_Interaction\Topology_B\4-Group_dataset\physicalInteraction6_group.csv,,,,,,,,,,,,,,,,,,65.0,8.48528137423857,71,59,65.0,,,6.0,2,2.405244,,2.405244,2.405244,2.405244,,,0.0,65.0,8.48528137423857,71.0,59.0,65.0,,,6.0,2.0,2.405244,,2.405244,2.405244,2.405244,,,0.0
Broadcast,Broadcast,./Data\Physical_Interaction\Topology_B\4-Group_dataset\physicalInteraction6_group.csv,,,,,,,,,,,,,,,,,,65.0,8.48528137423857,71,59,65.0,,,6.0,2,0.592443,,0.592443,0.592443,0.592443,,,0.0,65.0,8.48528137423857,71.0,59.0,65.0,,,6.0,2.0,0.592443,,0.592443,0.592443,0.592443,,,0.0
Broadcast,Broadcast,./Data\Physical_Interaction\Topology_B\4-Group_dataset\physicalInteraction6_group.csv,,,,,,,,,,,,,,,,,,65.0,8.48528137423857,71,59,65.0,,,6.0,2,0.592443,,0.592443,0.592443,0.592443,,,0.0,65.0,8.48528137423857,71.0,59.0,65.0,,,6.0,2.0,0.592443,,0.592443,0.592443,0.592443,,,0.0
Broadcast,Broadcast,./Data\Physical_Interaction\Topology_B\4-Group_dataset\physicalInteraction6_group.csv,,,,,,,,,,,,,,,,,,59.0,12.0,71,47,59.0,,0.0,8.0,3,0.0650095,0.03988435799282721,0.093212,0.036807,0.0650095,,,0.028202500000000002,59.0,12.0,71.0,47.0,59.0,,0.0,8.0,3.0,0.0650095,0.03988435799282721,0.093212,0.036807,0.0650095,,,0.028202500000000002
Broadcast,Broadcast,./Data\Physical_Interaction\Topology_B\4-Group_dataset\physicalInteraction6_group.csv,,,,,,,,,,,,,,,,,,62.0,11.489125293076057,71,47,65.0,-1.2892561983471076,-0.8545630383279712,9.0,4,0.4805343333333334,0.7202624815692772,1.311584,0.036807,0.093212,,1.7201084754615132,0.5540331111111111,62.0,11.489125293076057,71.0,47.0,65.0,-1.2892561983471076,-0.8545630383279712,9.0,4.0,0.4805343333333334,0.7202624815692772,1.311584,0.036807,0.093212,,1.7201084754615132,0.5540331111111111
Broadcast,Broadcast,./Data\Physical_Interaction\Topology_B\4-Group_dataset\physicalInteraction6_group.csv,,,,,,,,,,,,,,,,,,64.0,9.612491872558333,71,47,68.0,1.2396694214876032,-1.3537579209961559,7.333333333333333,6,0.5056574,0.5481503510568976,1.311584,0.036807,0.260866,-0.8940351511454612,0.9319547723194815,0.45043488,64.0,9.612491872558333,71.0,47.0,68.0,1.2396694214876032,-1.3537579209961559,7.333333333333333,6.0,0.5056574,0.5481503510568976,1.311584,0.036807,0.260866,-0.8940351511454612,0.9319547723194815,0.45043488
Broadcast,Broadcast,./Data\Physical_Interaction\Topology_B\4-Group_dataset\physicalInteraction6_group.csv,,,,,,,,,,,,,,,,,,69.5,3.0,71,65,71.0,4.0,-1.9999999999999998,2.25,4,0.6116286666666667,0.3062383011795444,0.825818,0.260866,0.748202,,-1.6077225550483598,0.23384177777777782,69.5,3.0,71.0,65.0,71.0,4.0,-1.9999999999999998,2.25,4.0,0.6116286666666667,0.3062383011795444,0.825818,0.260866,0.748202,,-1.6077225550483598,0.23384177777777782
Broadcast,Broadcast,./Data\Physical_Interaction\Topology_B\4-Group_dataset\physicalInteraction6_group.csv,,,,,,,,,,,,,,,,,,66.5,5.744562646538029,71,59,68.0,-1.2892561983471076,-0.8545630383279712,4.5,4,0.4875163333333334,0.2454442852468424,0.748202,0.260866,0.453481,,0.6120082307477369,0.17379044444444447,66.5,5.744562646538029,71.0,59.0,68.0,-1.2892561983471076,-0.8545630383279712,4.5,4.0,0.4875163333333334,0.2454442852468424,0.748202,0.260866,0.453481,,0.6120082307477369,0.17379044444444447
Broadcast,Broadcast,./Data\Physical_Interaction\Topology_B\4-Group_dataset\physicalInteraction6_group.csv,,,,,,,,,,,,,,,,,,65.0,8.48528137423857,71,59,65.0,,,6.0,2,0.453481,,0.453481,0.453481,0.453481,,,0.0,65.0,8.48528137423857,71.0,59.0,65.0,,,6.0,2.0,0.453481,,0.453481,0.453481,0.453481,,,0.0
Broadcast,Broadcast,./Data\Physical_Interaction\Topology_B\4-Group_dataset\physicalInteraction6_group.csv,,,,,,,,,,,,,,,,,,71.0,0.0,71,71,71.0,,,0.0,2,0.161829,,0.161829,0.161829,0.161829,,,0.0,71.0,0.0,71.0,71.0,71.0,,,0.0,2.0,0.161829,,0.161829,0.161829,0.161829,,,0.0
Broadcast,Broadcast,./Data\Physical_Interaction\Topology_B\4-Group_dataset\physicalInteraction6_group.csv,,,,,,,,,,,,,,,,,,71.0,0.0,71,71,71.0,,,0.0,2,0.161829,,0.161829,0.161829,0.161829,,,0.0,71.0,0.0,71.0,71.0,71.0,,,0.0,2.0,0.161829,,0.161829,0.161829,0.161829,,,0.0
Broadcast,Broadcast,./Data\Physical_Interaction\Topology_B\4-Group_dataset\physicalInteraction6_group.csv,,,,,,,,,,,,,,,,,,71.0,0.0,71,71,71.0,,,0.0,2,0.161829,,0.161829,0.161829,0.161829,,,0.0,71.0,0.0,71.0,71.0,71.0,,,0.0,2.0,0.161829,,0.161829,0.161829,0.161829,,,0.0
Broadcast,Broadcast,./Data\Physical_Interaction\Topology_B\4-Group_dataset\physicalInteraction6_group.csv,,,,,,,,,,,,,,,,,,63.0,6.928203230275509,71,59,59.0,,1.7320508075688774,5.333333333333333,3,0.461598,0.19907460053457351,0.602365,0.320831,0.461598,,,0.14076700000000003,63.0,6.928203230275509,71.0,59.0,59.0,,1.7320508075688774,5.333333333333333,3.0,0.461598,0.19907460053457351,0.602365,0.320831,0.461598,,,0.14076700000000003
Broadcast,Broadcast,./Data\Physical_Interaction\Topology_B\4-Group_dataset\physicalInteraction6_group.csv,,,,,,,,,,,,,,,,,,62.0,6.0,71,59,59.0,4.0,1.9999999999999998,4.5,4,0.4142346666666667,0.16292699077296352,0.602365,0.319508,0.320831,,1.7319223251267999,0.12542022222222224,62.0,6.0,71.0,59.0,59.0,4.0,1.9999999999999998,4.5,4.0,0.4142346666666667,0.16292699077296352,0.602365,0.319508,0.320831,,1.7319223251267999,0.12542022222222224
Broadcast,Broadcast,./Data\Physical_Interaction\Topology_B\4-Group_dataset\physicalInteraction6_group.csv,,,,,,,,,,,,,,,,,,59.0,0.0,59,59,59.0,,0.0,0.0,3,0.3201695,0.0009355022715097763,0.320831,0.319508,0.3201695,,,0.0006614999999999815,59.0,0.0,59.0,59.0,59.0,,0.0,0.0,3.0,0.3201695,0.0009355022715097763,0.320831,0.319508,0.3201695,,,0.0006614999999999815
Broadcast,Broadcast,./Data\Physical_Interaction\Topology_B\4-Group_dataset\physicalInteraction6_group.csv,,,,,,,,,,,,,,,,,,59.0,0.0,59,59,59.0,,,0.0,2,2.679068,,2.679068,2.679068,2.679068,,,0.0,59.0,0.0,59.0,59.0,59.0,,,0.0,2.0,2.679068,,2.679068,2.679068,2.679068,,,0.0
Broadcast,Broadcast,./Data\Physical_Interaction\Topology_B\4-Group_dataset\physicalInteraction6_group.csv,,,,,,,,,,,,,,,,,,59.0,0.0,59,59,59.0,,,0.0,2,0.320207,,0.320207,0.320207,0.320207,,,0.0,59.0,0.0,59.0,59.0,59.0,,,0.0,2.0,0.320207,,0.320207,0.320207,0.320207,,,0.0
Broadcast,Broadcast,./Data\Physical_Interaction\Topology_B\4-Group_dataset\physicalInteraction6_group.csv,,,,,,,,,,,,,,,,,,59.0,0.0,59,59,59.0,,,0.0,2,0.320207,,0.320207,0.320207,0.320207,,,0.0,59.0,0.0,59.0,59.0,59.0,,,0.0,2.0,0.320207,,0.320207,0.320207,0.320207,,,0.0
Broadcast,Broadcast,./Data\Physical_Interaction\Topology_B\4-Group_dataset\physicalInteraction6_group.csv,,,,,,,,,,,,,,,,,,53.0,8.48528137423857,59,47,53.0,,,6.0,2,2.666739,,2.666739,2.666739,2.666739,,,0.0,53.0,8.48528137423857,59.0,47.0,53.0,,,6.0,2.0,2.666739,,2.666739,2.666739,2.666739,,,0.0
Broadcast,Broadcast,./Data\Physical_Interaction\Topology_B\4-Group_dataset\physicalInteraction6_group.csv,,,,,,,,,,,,,,,,,,56.0,12.727922061357855,65,47,56.0,,,9.0,2,1.783438,,1.783438,1.783438,1.783438,,,0.0,56.0,12.727922061357855,65.0,47.0,56.0,,,9.0,2.0,1.783438,,1.783438,1.783438,1.783438,,,0.0
Broadcast,Broadcast,./Data\Physical_Interaction\Topology_B\4-Group_dataset\physicalInteraction6_group.csv,,,,,,,,,,,,,,,,,,68.0,4.242640687119285,71,65,68.0,,,3.0,2,1.081002,,1.081002,1.081002,1.081002,,,0.0,68.0,4.242640687119285,71.0,65.0,68.0,,,3.0,2.0,1.081002,,1.081002,1.081002,1.081002,,,0.0
Broadcast,Broadcast,./Data\Physical_Interaction\Topology_B\4-Group_dataset\physicalInteraction6_group.csv,,,,,,,,,,,,,,,,,,69.0,3.4641016151377544,71,65,71.0,,-1.7320508075688774,2.6666666666666665,3,0.8480875,0.3293908447733483,1.081002,0.615173,0.8480875,,,0.23291450000000002,69.0,3.4641016151377544,71.0,65.0,71.0,,-1.7320508075688774,2.6666666666666665,3.0,0.8480875,0.3293908447733483,1.081002,0.615173,0.8480875,,,0.23291450000000002
Broadcast,Broadcast,./Data\Physical_Interaction\Topology_B\4-Group_dataset\physicalInteraction6_group.csv,,,,,,,,,,,,,,,,,,71.0,0.0,71,71,71.0,,,0.0,2,0.615173,,0.615173,0.615173,0.615173,,,0.0,71.0,0.0,71.0,71.0,71.0,,,0.0,2.0,0.615173,,0.615173,0.615173,0.615173,,,0.0
Broadcast,Broadcast,./Data\Physical_Interaction\Topology_B\4-Group_dataset\physicalInteraction6_group.csv,,,,,,,,,,,,,,,,,,71.0,0.0,71,71,71.0,,,0.0,2,2.040583,,2.040583,2.040583,2.040583,,,0.0,71.0,0.0,71.0,71.0,71.0,,,0.0,2.0,2.040583,,2.040583,2.040583,2.040583,,,0.0
Broadcast,Broadcast,./Data\Physical_Interaction\Topology_B\4-Group_dataset\physicalInteraction6_group.csv,,,,,,,,,,,,,,,,,,71.0,0.0,71,71,71.0,,,0.0,2,2.565619,,2.565619,2.565619,2.565619,,,0.0,71.0,0.0,71.0,71.0,71.0,,,0.0,2.0,2.565619,,2.565619,2.565619,2.565619,,,0.0
Broadcast,Broadcast,./Data\Physical_Interaction\Topology_B\4-Group_dataset\physicalInteraction6_group.csv,,,,,,,,,,,,,,,,,,63.0,13.856406460551018,71,47,71.0,,-1.7320508075688774,10.666666666666666,3,0.4390195,0.4520229596209688,0.758648,0.119391,0.4390195,,,0.3196285,63.0,13.856406460551018,71.0,47.0,71.0,,-1.7320508075688774,10.666666666666666,3.0,0.4390195,0.4520229596209688,0.758648,0.119391,0.4390195,,,0.3196285
Broadcast,Broadcast,./Data\Physical_Interaction\Topology_B\4-Group_dataset\physicalInteraction6_group.csv,,,,,,,,,,,,,,,,,,63.0,13.856406460551018,71,47,71.0,,-1.7320508075688774,10.666666666666666,3,0.4390195,0.4520229596209688,0.758648,0.119391,0.4390195,,,0.3196285,63.0,13.856406460551018,71.0,47.0,71.0,,-1.7320508075688774,10.666666666666666,3.0,0.4390195,0.4520229596209688,0.758648,0.119391,0.4390195,,,0.3196285
Broadcast,Broadcast,./Data\Physical_Interaction\Topology_B\4-Group_dataset\physicalInteraction6_group.csv,,,,,,,,,,,,,,,,,,62.0,11.489125293076057,71,47,65.0,-1.2892561983471076,-0.8545630383279712,9.0,4,0.8502413333333333,0.7806872399638239,1.672685,0.119391,0.758648,,0.520690609177722,0.5482957777777777,62.0,11.489125293076057,71.0,47.0,65.0,-1.2892561983471076,-0.8545630383279712,9.0,4.0,0.8502413333333333,0.7806872399638239,1.672685,0.119391,0.758648,,0.520690609177722,0.5482957777777777
Broadcast,Broadcast,./Data\Physical_Interaction\Topology_B\4-Group_dataset\physicalInteraction6_group.csv,,,,,,,,,,,,,,,,,,65.0,8.48528137423857,71,59,65.0,,,6.0,2,1.731051,,1.731051,1.731051,1.731051,,,0.0,65.0,8.48528137423857,71.0,59.0,65.0,,,6.0,2.0,1.731051,,1.731051,1.731051,1.731051,,,0.0
Broadcast,Broadcast,./Data\Physical_Interaction\Topology_B\4-Group_dataset\physicalInteraction6_group.csv,,,,,,,,,,,,,,,,,,65.0,8.48528137423857,71,59,65.0,,,6.0,2,0.941285,,0.941285,0.941285,0.941285,,,0.0,65.0,8.48528137423857,71.0,59.0,65.0,,,6.0,2.0,0.941285,,0.941285,0.941285,0.941285,,,0.0
Broadcast,Broadcast,./Data\Physical_Interaction\Topology_B\4-Group_dataset\physicalInteraction6_group.csv,,,,,,,,,,,,,,,,,,65.0,8.48528137423857,71,59,65.0,,,6.0,2,0.941285,,0.941285,0.941285,0.941285,,,0.0,65.0,8.48528137423857,71.0,59.0,65.0,,,6.0,2.0,0.941285,,0.941285,0.941285,0.941285,,,0.0
Broadcast,Broadcast,./Data\Physical_Interaction\Topology_B\4-Group_dataset\physicalInteraction6_group.csv,,,,,,,,,,,,,,,,,,65.0,8.48528137423857,71,59,65.0,,,6.0,2,1.332226,,1.332226,1.332226,1.332226,,,0.0,65.0,8.48528137423857,71.0,59.0,65.0,,,6.0,2.0,1.332226,,1.332226,1.332226,1.332226,,,0.0
Broadcast,Broadcast,./Data\Physical_Interaction\Topology_B\4-Group_dataset\physicalInteraction6_group.csv,,,,,,,,,,,,,,,,,,65.0,8.48528137423857,71,59,65.0,,,6.0,2,1.332226,,1.332226,1.332226,1.332226,,,0.0,65.0,8.48528137423857,71.0,59.0,65.0,,,6.0,2.0,1.332226,,1.332226,1.332226,1.332226,,,0.0
Broadcast,Broadcast,./Data\Physical_Interaction\Topology_B\4-Group_dataset\physicalInteraction6_group.csv,,,,,,,,,,,,,,,,,,63.0,6.928203230275509,71,59,59.0,,1.7320508075688774,5.333333333333333,3,0.993146,0.9504179819521513,1.665193,0.321099,0.993146,,,0.672047,63.0,6.928203230275509,71.0,59.0,59.0,,1.7320508075688774,5.333333333333333,3.0,0.993146,0.9504179819521513,1.665193,0.321099,0.993146,,,0.672047
Broadcast,Broadcast,./Data\Physical_Interaction\Topology_B\4-Group_dataset\physicalInteraction6_group.csv,,,,,,,,,,,,,,,,,,59.0,0.0,59,59,59.0,,,0.0,2,0.321099,,0.321099,0.321099,0.321099,,,0.0,59.0,0.0,59.0,59.0,59.0,,,0.0,2.0,0.321099,,0.321099,0.321099,0.321099,,,0.0
Broadcast,Broadcast,./Data\Physical_Interaction\Topology_B\4-Group_dataset\physicalInteraction6_group.csv,,,,,,,,,,,,,,,,,,59.0,0.0,59,59,59.0,,,0.0,2,0.321099,,0.321099,0.321099,0.321099,,,0.0,59.0,0.0,59.0,59.0,59.0,,,0.0,2.0,0.321099,,0.321099,0.321099,0.321099,,,0.0
Broadcast,Broadcast,./Data\Physical_Interaction\Topology_B\4-Group_dataset\physicalInteraction6_group.csv,,,,,,,,,,,,,,,,,,71.0,0.0,71,71,71.0,,,0.0,2,2.582396,,2.582396,2.582396,2.582396,,,0.0,71.0,0.0,71.0,71.0,71.0,,,0.0,2.0,2.582396,,2.582396,2.582396,2.582396,,,0.0
Broadcast,Broadcast,./Data\Physical_Interaction\Topology_B\4-Group_dataset\physicalInteraction6_group.csv,,,,,,,,,,,,,,,,,,71.0,0.0,71,71,71.0,,,0.0,2,1.360566,,1.360566,1.360566,1.360566,,,0.0,71.0,0.0,71.0,71.0,71.0,,,0.0,2.0,1.360566,,1.360566,1.360566,1.360566,,,0.0
Broadcast,Broadcast,./Data\Physical_Interaction\Topology_B\4-Group_dataset\physicalInteraction6_group.csv,,,,,,,,,,,,,,,,,,71.0,0.0,71,71,71.0,,,0.0,2,1.360566,,1.360566,1.360566,1.360566,,,0.0,71.0,0.0,71.0,71.0,71.0,,,0.0,2.0,1.360566,,1.360566,1.360566,1.360566,,,0.0
Broadcast,Broadcast,./Data\Physical_Interaction\Topology_B\4-Group_dataset\physicalInteraction6_group.csv,,,,,,,,,,,,,,,,,,71.0,0.0,71,71,71.0,,,0.0,2,1.753438,,1.753438,1.753438,1.753438,,,0.0,71.0,0.0,71.0,71.0,71.0,,,0.0,2.0,1.753438,,1.753438,1.753438,1.753438,,,0.0
Broadcast,Broadcast,./Data\Physical_Interaction\Topology_B\4-Group_dataset\physicalInteraction6_group.csv,,,,,,,,,,,,,,,,,,68.0,4.242640687119285,71,65,68.0,,,3.0,2,0.771154,,0.771154,0.771154,0.771154,,,0.0,68.0,4.242640687119285,71.0,65.0,68.0,,,3.0,2.0,0.771154,,0.771154,0.771154,0.771154,,,0.0
Broadcast,Broadcast,./Data\Physical_Interaction\Topology_B\4-Group_dataset\physicalInteraction6_group.csv,,,,,,,,,,,,,,,,,,68.0,4.242640687119285,71,65,68.0,,,3.0,2,0.771154,,0.771154,0.771154,0.771154,,,0.0,68.0,4.242640687119285,71.0,65.0,68.0,,,3.0,2.0,0.771154,,0.771154,0.771154,0.771154,,,0.0
Broadcast,Broadcast,./Data\Physical_Interaction\Topology_B\4-Group_dataset\physicalInteraction6_group.csv,,,,,,,,,,,,,,,,,,65.0,8.48528137423857,71,59,65.0,,,6.0,2,0.040909,,0.040909,0.040909,0.040909,,,0.0,65.0,8.48528137423857,71.0,59.0,65.0,,,6.0,2.0,0.040909,,0.040909,0.040909,0.040909,,,0.0
Broadcast,Broadcast,./Data\Physical_Interaction\Topology_B\4-Group_dataset\physicalInteraction6_group.csv,,,,,,,,,,,,,,,,,,67.0,6.928203230275509,71,59,71.0,,-1.7320508075688774,5.333333333333333,3,0.708689,0.9443835326815054,1.376469,0.040909,0.708689,,,0.66778,67.0,6.928203230275509,71.0,59.0,71.0,,-1.7320508075688774,5.333333333333333,3.0,0.708689,0.9443835326815054,1.376469,0.040909,0.708689,,,0.66778
Broadcast,Broadcast,./Data\Physical_Interaction\Topology_B\4-Group_dataset\physicalInteraction6_group.csv,,,,,,,,,,,,,,,,,,67.0,6.928203230275509,71,59,71.0,,-1.7320508075688774,5.333333333333333,3,0.708689,0.9443835326815054,1.376469,0.040909,0.708689,,,0.66778,67.0,6.928203230275509,71.0,59.0,71.0,,-1.7320508075688774,5.333333333333333,3.0,0.708689,0.9443835326815054,1.376469,0.040909,0.708689,,,0.66778
Broadcast,Broadcast,./Data\Physical_Interaction\Topology_B\4-Group_dataset\physicalInteraction6_group.csv,,,,,,,,,,,,,,,,,,59.0,16.97056274847714,71,47,59.0,,,12.0,2,0.943096,,0.943096,0.943096,0.943096,,,0.0,59.0,16.97056274847714,71.0,47.0,59.0,,,12.0,2.0,0.943096,,0.943096,0.943096,0.943096,,,0.0
Broadcast,Broadcast,./Data\Physical_Interaction\Topology_B\4-Group_dataset\physicalInteraction6_group.csv,,,,,,,,,,,,,,,,,,61.0,12.489995996796797,71,47,65.0,,-1.2933427807333964,9.333333333333334,3,1.040109,0.137197100326501,1.137122,0.943096,1.040109,,,0.09701299999999996,61.0,12.489995996796797,71.0,47.0,65.0,,-1.2933427807333964,9.333333333333334,3.0,1.040109,0.137197100326501,1.137122,0.943096,1.040109,,,0.09701299999999996
Broadcast,Broadcast,./Data\Physical_Interaction\Topology_B\4-Group_dataset\physicalInteraction6_group.csv,,,,,,,,,,,,,,,,,,62.0,9.09945053286186,71,47,62.0,0.2835538752362945,-0.7740553383341848,7.0,6,0.47054920000000006,0.5093698708249242,1.137122,0.011061,0.194347,-2.501627065312201,0.6610001132701575,0.43632584,62.0,9.09945053286186,71.0,47.0,62.0,0.2835538752362945,-0.7740553383341848,7.0,6.0,0.47054920000000006,0.5093698708249242,1.137122,0.011061,0.194347,-2.501627065312201,0.6610001132701575,0.43632584
Broadcast,Broadcast,./Data\Physical_Interaction\Topology_B\4-Group_dataset\physicalInteraction6_group.csv,,,,,,,,,,,,,,,,,,65.0,6.0,71,59,65.0,-3.0,0.0,4.8,5,0.30390599999999995,0.4010118614588185,0.894791,0.011061,0.154886,3.3423251346143488,1.7903358372864646,0.2954425,65.0,6.0,71.0,59.0,65.0,-3.0,0.0,4.8,5.0,0.30390599999999995,0.4010118614588185,0.894791,0.011061,0.154886,3.3423251346143488,1.7903358372864646,0.2954425
Broadcast,Broadcast,./Data\Physical_Interaction\Topology_B\4-Group_dataset\physicalInteraction6_group.csv,,,,,,,,,,,,,,,,,,65.0,6.928203230275509,71,59,65.0,-6.0,0.0,6.0,4,0.10694433333333332,0.0919368301027033,0.194347,0.011061,0.115425,,-0.41156812984558105,0.06392222222222223,65.0,6.928203230275509,71.0,59.0,65.0,-6.0,0.0,6.0,4.0,0.10694433333333332,0.0919368301027033,0.194347,0.011061,0.115425,,-0.41156812984558105,0.06392222222222223
Broadcast,Broadcast,./Data\Physical_Interaction\Topology_B\4-Group_dataset\physicalInteraction6_group.csv,,,,,,,,,,,,,,,,,,63.0,6.928203230275509,71,59,59.0,,1.7320508075688774,5.333333333333333,3,0.163744,0.21769130786965288,0.317675,0.009813,0.163744,,,0.15393099999999998,63.0,6.928203230275509,71.0,59.0,59.0,,1.7320508075688774,5.333333333333333,3.0,0.163744,0.21769130786965288,0.317675,0.009813,0.163744,,,0.15393099999999998
Broadcast,Broadcast,./Data\Physical_Interaction\Topology_B\4-Group_dataset\physicalInteraction6_group.csv,,,,,,,,,,,,,,,,,,63.0,6.928203230275509,71,59,59.0,,1.7320508075688774,5.333333333333333,3,0.163744,0.21769130786965288,0.317675,0.009813,0.163744,,,0.15393099999999998,63.0,6.928203230275509,71.0,59.0,59.0,,1.7320508075688774,5.333333333333333,3.0,0.163744,0.21769130786965288,0.317675,0.009813,0.163744,,,0.15393099999999998
Broadcast,Broadcast,./Data\Physical_Interaction\Topology_B\4-Group_dataset\physicalInteraction6_group.csv,,,,,,,,,,,,,,,,,,63.0,6.928203230275509,71,59,59.0,,1.7320508075688774,5.333333333333333,3,0.163744,0.21769130786965288,0.317675,0.009813,0.163744,,,0.15393099999999998,63.0,6.928203230275509,71.0,59.0,59.0,,1.7320508075688774,5.333333333333333,3.0,0.163744,0.21769130786965288,0.317675,0.009813,0.163744,,,0.15393099999999998
Broadcast,Broadcast,./Data\Physical_Interaction\Topology_B\4-Group_dataset\physicalInteraction6_group.csv,,,,,,,,,,,,,,,,,,65.0,8.48528137423857,71,59,65.0,,,6.0,2,0.503304,,0.503304,0.503304,0.503304,,,0.0,65.0,8.48528137423857,71.0,59.0,65.0,,,6.0,2.0,0.503304,,0.503304,0.503304,0.503304,,,0.0
Broadcast,Broadcast,./Data\Physical_Interaction\Topology_B\4-Group_dataset\physicalInteraction6_group.csv,,,,,,,,,,,,,,,,,,65.0,8.48528137423857,71,59,65.0,,,6.0,2,0.503304,,0.503304,0.503304,0.503304,,,0.0,65.0,8.48528137423857,71.0,59.0,65.0,,,6.0,2.0,0.503304,,0.503304,0.503304,0.503304,,,0.0
Broadcast,Broadcast,./Data\Physical_Interaction\Topology_B\4-Group_dataset\physicalInteraction6_group.csv,,,,,,,,,,,,,,,,,,65.0,8.48528137423857,71,59,65.0,,,6.0,2,0.503304,,0.503304,0.503304,0.503304,,,0.0,65.0,8.48528137423857,71.0,59.0,65.0,,,6.0,2.0,0.503304,,0.503304,0.503304,0.503304,,,0.0
Broadcast,Broadcast,./Data\Physical_Interaction\Topology_B\4-Group_dataset\physicalInteraction6_group.csv,,,,,,,,,,,,,,,,,,53.0,8.48528137423857,59,47,53.0,,,6.0,2,0.467998,,0.467998,0.467998,0.467998,,,0.0,53.0,8.48528137423857,59.0,47.0,53.0,,,6.0,2.0,0.467998,,0.467998,0.467998,0.467998,,,0.0
Broadcast,Broadcast,./Data\Physical_Interaction\Topology_B\4-Group_dataset\physicalInteraction6_group.csv,,,,,,,,,,,,,,,,,,53.0,8.48528137423857,59,47,53.0,,,6.0,2,0.467998,,0.467998,0.467998,0.467998,,,0.0,53.0,8.48528137423857,59.0,47.0,53.0,,,6.0,2.0,0.467998,,0.467998,0.467998,0.467998,,,0.0
Broadcast,Broadcast,./Data\Physical_Interaction\Topology_B\4-Group_dataset\physicalInteraction6_group.csv,,,,,,,,,,,,,,,,,,53.0,8.48528137423857,59,47,53.0,,,6.0,2,0.467998,,0.467998,0.467998,0.467998,,,0.0,53.0,8.48528137423857,59.0,47.0,53.0,,,6.0,2.0,0.467998,,0.467998,0.467998,0.467998,,,0.0
Broadcast,Broadcast,./Data\Physical_Interaction\Topology_B\4-Group_dataset\physicalInteraction6_group.csv,,,,,,,,,,,,,,,,,,71.0,0.0,71,71,71.0,,,0.0,2,0.661841,,0.661841,0.661841,0.661841,,,0.0,71.0,0.0,71.0,71.0,71.0,,,0.0,2.0,0.661841,,0.661841,0.661841,0.661841,,,0.0
Broadcast,Broadcast,./Data\Physical_Interaction\Topology_B\4-Group_dataset\physicalInteraction6_group.csv,,,,,,,,,,,,,,,,,,71.0,0.0,71,71,71.0,,,0.0,2,0.661841,,0.661841,0.661841,0.661841,,,0.0,71.0,0.0,71.0,71.0,71.0,,,0.0,2.0,0.661841,,0.661841,0.661841,0.661841,,,0.0
Broadcast,Broadcast,./Data\Physical_Interaction\Topology_B\4-Group_dataset\physicalInteraction6_group.csv,,,,,,,,,,,,,,,,,,71.0,0.0,71,71,71.0,,,0.0,2,1.308592,,1.308592,1.308592,1.308592,,,0.0,71.0,0.0,71.0,71.0,71.0,,,0.0,2.0,1.308592,,1.308592,1.308592,1.308592,,,0.0
Broadcast,Broadcast,./Data\Physical_Interaction\Topology_B\4-Group_dataset\physicalInteraction6_group.csv,,,,,,,,,,,,,,,,,,69.0,3.4641016151377544,71,65,71.0,,-1.7320508075688774,2.6666666666666665,3,1.0695265,0.33808967239550514,1.308592,0.830461,1.0695265,,,0.2390655,69.0,3.4641016151377544,71.0,65.0,71.0,,-1.7320508075688774,2.6666666666666665,3.0,1.0695265,0.33808967239550514,1.308592,0.830461,1.0695265,,,0.2390655
Broadcast,Broadcast,./Data\Physical_Interaction\Topology_B\4-Group_dataset\physicalInteraction6_group.csv,,,,,,,,,,,,,,,,,,69.0,3.4641016151377544,71,65,71.0,,-1.7320508075688774,2.6666666666666665,3,0.9453725,0.1625094017726359,1.060284,0.830461,0.9453725,,,0.1149115,69.0,3.4641016151377544,71.0,65.0,71.0,,-1.7320508075688774,2.6666666666666665,3.0,0.9453725,0.1625094017726359,1.060284,0.830461,0.9453725,,,0.1149115
Broadcast,Broadcast,./Data\Physical_Interaction\Topology_B\4-Group_dataset\physicalInteraction6_group.csv,,,,,,,,,,,,,,,,,,68.0,4.242640687119285,71,65,68.0,,,3.0,2,1.060284,,1.060284,1.060284,1.060284,,,0.0,68.0,4.242640687119285,71.0,65.0,68.0,,,3.0,2.0,1.060284,,1.060284,1.060284,1.060284,,,0.0
Broadcast,Broadcast,./Data\Physical_Interaction\Topology_B\4-Group_dataset\physicalInteraction6_group.csv,,,,,,,,,,,,,,,,,,71.0,0.0,71,71,71.0,,,0.0,2,1.885464,,1.885464,1.885464,1.885464,,,0.0,71.0,0.0,71.0,71.0,71.0,,,0.0,2.0,1.885464,,1.885464,1.885464,1.885464,,,0.0
Broadcast,Broadcast,./Data\Physical_Interaction\Topology_B\4-Group_dataset\physicalInteraction6_group.csv,,,,,,,,,,,,,,,,,,71.0,0.0,71,71,71.0,,0.0,0.0,3,1.1644805,1.0196246439472223,1.885464,0.443497,1.1644805,,,0.7209835,71.0,0.0,71.0,71.0,71.0,,0.0,0.0,3.0,1.1644805,1.0196246439472223,1.885464,0.443497,1.1644805,,,0.7209835
Broadcast,Broadcast,./Data\Physical_Interaction\Topology_B\4-Group_dataset\physicalInteraction6_group.csv,,,,,,,,,,,,,,,,,,71.0,0.0,71,71,71.0,,,0.0,2,0.443497,,0.443497,0.443497,0.443497,,,0.0,71.0,0.0,71.0,71.0,71.0,,,0.0,2.0,0.443497,,0.443497,0.443497,0.443497,,,0.0
Broadcast,Broadcast,./Data\Physical_Interaction\Topology_B\4-Group_dataset\physicalInteraction6_group.csv,,,,,,,,,,,,,,,,,,71.0,0.0,71,71,71.0,,,0.0,2,1.307813,,1.307813,1.307813,1.307813,,,0.0,71.0,0.0,71.0,71.0,71.0,,,0.0,2.0,1.307813,,1.307813,1.307813,1.307813,,,0.0
Broadcast,Broadcast,./Data\Physical_Interaction\Topology_B\4-Group_dataset\physicalInteraction6_group.csv,,,,,,,,,,,,,,,,,,71.0,0.0,71,71,71.0,,,0.0,2,1.307813,,1.307813,1.307813,1.307813,,,0.0,71.0,0.0,71.0,71.0,71.0,,,0.0,2.0,1.307813,,1.307813,1.307813,1.307813,,,0.0
Broadcast,Broadcast,./Data\Physical_Interaction\Topology_B\4-Group_dataset\physicalInteraction6_group.csv,,,,,,,,,,,,,,,,,,71.0,0.0,71,71,71.0,,,0.0,2,1.916648,,1.916648,1.916648,1.916648,,,0.0,71.0,0.0,71.0,71.0,71.0,,,0.0,2.0,1.916648,,1.916648,1.916648,1.916648,,,0.0
Broadcast,Broadcast,./Data\Physical_Interaction\Topology_B\4-Group_dataset\physicalInteraction6_group.csv,,,,,,,,,,,,,,,,,,65.0,8.48528137423857,71,59,65.0,,,6.0,2,2.351098,,2.351098,2.351098,2.351098,,,0.0,65.0,8.48528137423857,71.0,59.0,65.0,,,6.0,2.0,2.351098,,2.351098,2.351098,2.351098,,,0.0
Broadcast,Broadcast,./Data\Physical_Interaction\Topology_B\4-Group_dataset\physicalInteraction6_group.csv,,,,,,,,,,,,,,,,,,71.0,0.0,71,71,71.0,,,0.0,2,1.256035,,1.256035,1.256035,1.256035,,,0.0,71.0,0.0,71.0,71.0,71.0,,,0.0,2.0,1.256035,,1.256035,1.256035,1.256035,,,0.0
Broadcast,Broadcast,./Data\Physical_Interaction\Topology_B\4-Group_dataset\physicalInteraction6_group.csv,,,,,,,,,,,,,,,,,,71.0,0.0,71,71,71.0,,,0.0,2,1.256035,,1.256035,1.256035,1.256035,,,0.0,71.0,0.0,71.0,71.0,71.0,,,0.0,2.0,1.256035,,1.256035,1.256035,1.256035,,,0.0
Broadcast,Broadcast,./Data\Physical_Interaction\Topology_B\4-Group_dataset\physicalInteraction6_group.csv,,,,,,,,,,,,,,,,,,71.0,0.0,71,71,71.0,,0.0,0.0,3,1.1221705,0.7977713055635055,1.68628,0.558061,1.1221705,,,0.5641095,71.0,0.0,71.0,71.0,71.0,,0.0,0.0,3.0,1.1221705,0.7977713055635055,1.68628,0.558061,1.1221705,,,0.5641095
Broadcast,Broadcast,./Data\Physical_Interaction\Topology_B\4-Group_dataset\physicalInteraction6_group.csv,,,,,,,,,,,,,,,,,,71.0,0.0,71,71,71.0,,,0.0,2,0.558061,,0.558061,0.558061,0.558061,,,0.0,71.0,0.0,71.0,71.0,71.0,,,0.0,2.0,0.558061,,0.558061,0.558061,0.558061,,,0.0
Broadcast,Broadcast,./Data\Physical_Interaction\Topology_B\4-Group_dataset\physicalInteraction6_group.csv,,,,,,,,,,,,,,,,,,63.0,13.856406460551018,71,47,71.0,,-1.7320508075688774,10.666666666666666,3,1.1341265,0.8146796429152381,1.710192,0.558061,1.1341265,,,0.5760654999999999,63.0,13.856406460551018,71.0,47.0,71.0,,-1.7320508075688774,10.666666666666666,3.0,1.1341265,0.8146796429152381,1.710192,0.558061,1.1341265,,,0.5760654999999999
Broadcast,Broadcast,./Data\Physical_Interaction\Topology_B\4-Group_dataset\physicalInteraction6_group.csv,,,,,,,,,,,,,,,,,,71.0,0.0,71,71,71.0,,,0.0,2,0.709572,,0.709572,0.709572,0.709572,,,0.0,71.0,0.0,71.0,71.0,71.0,,,0.0,2.0,0.709572,,0.709572,0.709572,0.709572,,,0.0
Broadcast,Broadcast,./Data\Physical_Interaction\Topology_B\4-Group_dataset\physicalInteraction6_group.csv,,,,,,,,,,,,,,,,,,69.0,3.4641016151377544,71,65,71.0,,-1.7320508075688774,2.6666666666666665,3,1.1130535,0.57060900946664,1.516535,0.709572,1.1130535,,,0.4034815,69.0,3.4641016151377544,71.0,65.0,71.0,,-1.7320508075688774,2.6666666666666665,3.0,1.1130535,0.57060900946664,1.516535,0.709572,1.1130535,,,0.4034815
Broadcast,Broadcast,./Data\Physical_Interaction\Topology_B\4-Group_dataset\physicalInteraction6_group.csv,,,,,,,,,,,,,,,,,,69.0,3.4641016151377544,71,65,71.0,,-1.7320508075688774,2.6666666666666665,3,1.2408955,0.3898131192257387,1.516535,0.965256,1.2408955,,,0.2756395,69.0,3.4641016151377544,71.0,65.0,71.0,,-1.7320508075688774,2.6666666666666665,3.0,1.2408955,0.3898131192257387,1.516535,0.965256,1.2408955,,,0.2756395
Broadcast,Broadcast,./Data\Physical_Interaction\Topology_B\4-Group_dataset\physicalInteraction6_group.csv,,,,,,,,,,,,,,,,,,68.0,4.242640687119285,71,65,68.0,,,3.0,2,0.965256,,0.965256,0.965256,0.965256,,,0.0,68.0,4.242640687119285,71.0,65.0,68.0,,,3.0,2.0,0.965256,,0.965256,0.965256,0.965256,,,0.0
Broadcast,Broadcast,./Data\Physical_Interaction\Topology_B\4-Group_dataset\physicalInteraction6_group.csv,,,,,,,,,,,,,,,,,,71.0,0.0,71,71,71.0,,,0.0,2,1.396003,,1.396003,1.396003,1.396003,,,0.0,71.0,0.0,71.0,71.0,71.0,,,0.0,2.0,1.396003,,1.396003,1.396003,1.396003,,,0.0
Broadcast,Broadcast,./Data\Physical_Interaction\Topology_B\4-Group_dataset\physicalInteraction6_group.csv,,,,,,,,,,,,,,,,,,71.0,0.0,71,71,71.0,,,0.0,2,1.396003,,1.396003,1.396003,1.396003,,,0.0,71.0,0.0,71.0,71.0,71.0,,,0.0,2.0,1.396003,,1.396003,1.396003,1.396003,,,0.0
Broadcast,Broadcast,./Data\Physical_Interaction\Topology_B\4-Group_dataset\physicalInteraction6_group.csv,,,,,,,,,,,,,,,,,,71.0,0.0,71,71,71.0,,0.0,0.0,3,1.2188694999999998,1.472781095738433,2.260283,0.177456,1.2188694999999998,,,1.0414135,71.0,0.0,71.0,71.0,71.0,,0.0,0.0,3.0,1.2188694999999998,1.472781095738433,2.260283,0.177456,1.2188694999999998,,,1.0414135
Broadcast,Broadcast,./Data\Physical_Interaction\Topology_B\4-Group_dataset\physicalInteraction6_group.csv,,,,,,,,,,,,,,,,,,68.0,6.0,71,59,71.0,4.0,-1.9999999999999998,4.5,4,0.41409066666666666,0.24281563314855437,0.662648,0.177456,0.402168,,0.2204250419732052,0.16570488888888887,68.0,6.0,71.0,59.0,71.0,4.0,-1.9999999999999998,4.5,4.0,0.41409066666666666,0.24281563314855437,0.662648,0.177456,0.402168,,0.2204250419732052,0.16570488888888887
Broadcast,Broadcast,./Data\Physical_Interaction\Topology_B\4-Group_dataset\physicalInteraction6_group.csv,,,,,,,,,,,,,,,,,,68.0,5.019960159204453,71,59,71.0,1.4285714285714288,-1.536722497715649,4.0,6,0.4164314,0.23014312638616866,0.662648,0.177456,0.402168,-2.9416491301805,0.07741792369448898,0.18656448,68.0,5.019960159204453,71.0,59.0,71.0,1.4285714285714288,-1.536722497715649,4.0,6.0,0.4164314,0.23014312638616866,0.662648,0.177456,0.402168,-2.9416491301805,0.07741792369448898,0.18656448
Broadcast,Broadcast,./Data\Physical_Interaction\Topology_B\4-Group_dataset\physicalInteraction6_group.csv,,,,,,,,,,,,,,,,,,66.5,5.744562646538029,71,59,68.0,-1.2892561983471076,-0.8545630383279712,4.5,4,0.5008443333333333,0.2580446842745135,0.662648,0.203259,0.636626,,-1.7122563277245395,0.19839022222222225,66.5,5.744562646538029,71.0,59.0,68.0,-1.2892561983471076,-0.8545630383279712,4.5,4.0,0.5008443333333333,0.2580446842745135,0.662648,0.203259,0.636626,,-1.7122563277245395,0.19839022222222225
Broadcast,Broadcast,./Data\Physical_Interaction\Topology_B\4-Group_dataset\physicalInteraction6_group.csv,,,,,,,,,,,,,,,,,,68.0,4.242640687119285,71,65,68.0,,,3.0,2,0.636626,,0.636626,0.636626,0.636626,,,0.0,68.0,4.242640687119285,71.0,65.0,68.0,,,3.0,2.0,0.636626,,0.636626,0.636626,0.636626,,,0.0
Broadcast,Broadcast,./Data\Physical_Interaction\Topology_B\4-Group_dataset\physicalInteraction6_group.csv,,,,,,,,,,,,,,,,,,59.0,0.0,59,59,59.0,,,0.0,2,0.31791,,0.31791,0.31791,0.31791,,,0.0,59.0,0.0,59.0,59.0,59.0,,,0.0,2.0,0.31791,,0.31791,0.31791,0.31791,,,0.0
Broadcast,Broadcast,./Data\Physical_Interaction\Topology_B\4-Group_dataset\physicalInteraction6_group.csv,,,,,,,,,,,,,,,,,,55.0,6.928203230275509,59,47,59.0,,-1.7320508075688774,5.333333333333333,3,0.872436,0.7842181898885029,1.426962,0.31791,0.872436,,,0.5545260000000001,55.0,6.928203230275509,59.0,47.0,59.0,,-1.7320508075688774,5.333333333333333,3.0,0.872436,0.7842181898885029,1.426962,0.31791,0.872436,,,0.5545260000000001
Broadcast,Broadcast,./Data\Physical_Interaction\Topology_B\4-Group_dataset\physicalInteraction6_group.csv,,,,,,,,,,,,,,,,,,59.0,12.0,71,47,59.0,,0.0,8.0,3,1.0723525,0.5014935642463421,1.426962,0.717743,1.0723525,,,0.3546095,59.0,12.0,71.0,47.0,59.0,,0.0,8.0,3.0,1.0723525,0.5014935642463421,1.426962,0.717743,1.0723525,,,0.3546095
Broadcast,Broadcast,./Data\Physical_Interaction\Topology_B\4-Group_dataset\physicalInteraction6_group.csv,,,,,,,,,,,,,,,,,,59.0,16.97056274847714,71,47,59.0,,,12.0,2,0.717743,,0.717743,0.717743,0.717743,,,0.0,59.0,16.97056274847714,71.0,47.0,59.0,,,12.0,2.0,0.717743,,0.717743,0.717743,0.717743,,,0.0
Broadcast,Broadcast,./Data\Physical_Interaction\Topology_B\4-Group_dataset\physicalInteraction6_group.csv,,,,,,,,,,,,,,,,,,65.0,8.48528137423857,71,59,65.0,,,6.0,2,0.296743,,0.296743,0.296743,0.296743,,,0.0,65.0,8.48528137423857,71.0,59.0,65.0,,,6.0,2.0,0.296743,,0.296743,0.296743,0.296743,,,0.0
Broadcast,Broadcast,./Data\Physical_Interaction\Topology_B\4-Group_dataset\physicalInteraction6_group.csv,,,,,,,,,,,,,,,,,,65.0,8.48528137423857,71,59,65.0,,,6.0,2,0.296743,,0.296743,0.296743,0.296743,,,0.0,65.0,8.48528137423857,71.0,59.0,65.0,,,6.0,2.0,0.296743,,0.296743,0.296743,0.296743,,,0.0
Broadcast,Broadcast,./Data\Physical_Interaction\Topology_B\4-Group_dataset\physicalInteraction6_group.csv,,,,,,,,,,,,,,,,,,71.0,0.0,71,71,71.0,,,0.0,2,2.435966,,2.435966,2.435966,2.435966,,,0.0,71.0,0.0,71.0,71.0,71.0,,,0.0,2.0,2.435966,,2.435966,2.435966,2.435966,,,0.0
Broadcast,Broadcast,./Data\Physical_Interaction\Topology_B\4-Group_dataset\physicalInteraction6_group.csv,,,,,,,,,,,,,,,,,,68.0,4.242640687119285,71,65,68.0,,,3.0,2,2.172345,,2.172345,2.172345,2.172345,,,0.0,68.0,4.242640687119285,71.0,65.0,68.0,,,3.0,2.0,2.172345,,2.172345,2.172345,2.172345,,,0.0
Broadcast,Broadcast,./Data\Physical_Interaction\Topology_B\4-Group_dataset\physicalInteraction6_group.csv,,,,,,,,,,,,,,,,,,71.0,0.0,71,71,71.0,,,0.0,2,0.717072,,0.717072,0.717072,0.717072,,,0.0,71.0,0.0,71.0,71.0,71.0,,,0.0,2.0,0.717072,,0.717072,0.717072,0.717072,,,0.0
Broadcast,Broadcast,./Data\Physical_Interaction\Topology_B\4-Group_dataset\physicalInteraction6_group.csv,,,,,,,,,,,,,,,,,,71.0,0.0,71,71,71.0,,,0.0,2,0.717072,,0.717072,0.717072,0.717072,,,0.0,71.0,0.0,71.0,71.0,71.0,,,0.0,2.0,0.717072,,0.717072,0.717072,0.717072,,,0.0
Broadcast,Broadcast,./Data\Physical_Interaction\Topology_B\4-Group_dataset\physicalInteraction6_group.csv,,,,,,,,,,,,,,,,,,71.0,0.0,71,71,71.0,,,0.0,2,0.717072,,0.717072,0.717072,0.717072,,,0.0,71.0,0.0,71.0,71.0,71.0,,,0.0,2.0,0.717072,,0.717072,0.717072,0.717072,,,0.0
Broadcast,Broadcast,./Data\Physical_Interaction\Topology_B\4-Group_dataset\physicalInteraction6_group.csv,,,,,,,,,,,,,,,,,,59.0,0.0,59,59,59.0,,,0.0,2,0.641091,,0.641091,0.641091,0.641091,,,0.0,59.0,0.0,59.0,59.0,59.0,,,0.0,2.0,0.641091,,0.641091,0.641091,0.641091,,,0.0
Broadcast,Broadcast,./Data\Physical_Interaction\Topology_B\4-Group_dataset\physicalInteraction6_group.csv,,,,,,,,,,,,,,,,,,59.0,0.0,59,59,59.0,,,0.0,2,0.641091,,0.641091,0.641091,0.641091,,,0.0,59.0,0.0,59.0,59.0,59.0,,,0.0,2.0,0.641091,,0.641091,0.641091,0.641091,,,0.0
Broadcast,Broadcast,./Data\Physical_Interaction\Topology_B\4-Group_dataset\physicalInteraction6_group.csv,,,,,,,,,,,,,,,,,,59.0,0.0,59,59,59.0,,,0.0,2,0.641091,,0.641091,0.641091,0.641091,,,0.0,59.0,0.0,59.0,59.0,59.0,,,0.0,2.0,0.641091,,0.641091,0.641091,0.641091,,,0.0
Broadcast,Broadcast,./Data\Physical_Interaction\Topology_B\4-Group_dataset\physicalInteraction6_group.csv,,,,,,,,,,,,,,,,,,67.0,6.928203230275509,71,59,71.0,,-1.7320508075688774,5.333333333333333,3,1.1173155000000001,0.967966250940858,1.801771,0.43286,1.1173155000000001,,,0.6844555,67.0,6.928203230275509,71.0,59.0,71.0,,-1.7320508075688774,5.333333333333333,3.0,1.1173155000000001,0.967966250940858,1.801771,0.43286,1.1173155000000001,,,0.6844555
Broadcast,Broadcast,./Data\Physical_Interaction\Topology_B\4-Group_dataset\physicalInteraction6_group.csv,,,,,,,,,,,,,,,,,,71.0,0.0,71,71,71.0,,,0.0,2,0.43286,,0.43286,0.43286,0.43286,,,0.0,71.0,0.0,71.0,71.0,71.0,,,0.0,2.0,0.43286,,0.43286,0.43286,0.43286,,,0.0
Broadcast,Broadcast,./Data\Physical_Interaction\Topology_B\4-Group_dataset\physicalInteraction6_group.csv,,,,,,,,,,,,,,,,,,71.0,0.0,71,71,71.0,,,0.0,2,0.43286,,0.43286,0.43286,0.43286,,,0.0,71.0,0.0,71.0,71.0,71.0,,,0.0,2.0,0.43286,,0.43286,0.43286,0.43286,,,0.0
Broadcast,Broadcast,./Data\Physical_Interaction\Topology_B\4-Group_dataset\physicalInteraction6_group.csv,,,,,,,,,,,,,,,,,,68.0,4.242640687119285,71,65,68.0,,,3.0,2,0.785674,,0.785674,0.785674,0.785674,,,0.0,68.0,4.242640687119285,71.0,65.0,68.0,,,3.0,2.0,0.785674,,0.785674,0.785674,0.785674,,,0.0
Broadcast,Broadcast,./Data\Physical_Interaction\Topology_B\4-Group_dataset\physicalInteraction6_group.csv,,,,,,,,,,,,,,,,,,65.0,6.0,71,59,65.0,-3.0,0.0,4.8,5,0.42962075,0.2915201646008671,0.785674,0.093356,0.4197265,-0.12599108016790161,0.17951252361833175,0.21624824999999998,65.0,6.0,71.0,59.0,65.0,-3.0,0.0,4.8,5.0,0.42962075,0.2915201646008671,0.785674,0.093356,0.4197265,-0.12599108016790161,0.17951252361833175,0.21624824999999998
Broadcast,Broadcast,./Data\Physical_Interaction\Topology_B\4-Group_dataset\physicalInteraction6_group.csv,,,,,,,,,,,,,,,,,,63.5,5.744562646538029,71,59,62.0,-1.2892561983471076,0.8545630383279712,4.5,4,0.3109363333333333,0.2072680993214666,0.506064,0.093356,0.333389,,-0.48174979336345547,0.14505355555555555,63.5,5.744562646538029,71.0,59.0,62.0,-1.2892561983471076,0.8545630383279712,4.5,4.0,0.3109363333333333,0.2072680993214666,0.506064,0.093356,0.333389,,-0.48174979336345547,0.14505355555555555
Broadcast,Broadcast,./Data\Physical_Interaction\Topology_B\4-Group_dataset\physicalInteraction6_group.csv,,,,,,,,,,,,,,,,,,63.0,6.928203230275509,71,59,59.0,,1.7320508075688774,5.333333333333333,3,0.2133725,0.16972896200855056,0.333389,0.093356,0.2133725,,,0.1200165,63.0,6.928203230275509,71.0,59.0,59.0,,1.7320508075688774,5.333333333333333,3.0,0.2133725,0.16972896200855056,0.333389,0.093356,0.2133725,,,0.1200165
Broadcast,Broadcast,./Data\Physical_Interaction\Topology_B\4-Group_dataset\physicalInteraction6_group.csv,,,,,,,,,,,,,,,,,,71.0,0.0,71,71,71.0,,,0.0,2,0.062933,,0.062933,0.062933,0.062933,,,0.0,71.0,0.0,71.0,71.0,71.0,,,0.0,2.0,0.062933,,0.062933,0.062933,0.062933,,,0.0
Broadcast,Broadcast,./Data\Physical_Interaction\Topology_B\4-Group_dataset\physicalInteraction6_group.csv,,,,,,,,,,,,,,,,,,67.0,6.928203230275509,71,59,71.0,,-1.7320508075688774,5.333333333333333,3,0.9302549999999999,1.2265785353445575,1.797577,0.062933,0.9302549999999999,,,0.8673219999999999,67.0,6.928203230275509,71.0,59.0,71.0,,-1.7320508075688774,5.333333333333333,3.0,0.9302549999999999,1.2265785353445575,1.797577,0.062933,0.9302549999999999,,,0.8673219999999999
Broadcast,Broadcast,./Data\Physical_Interaction\Topology_B\4-Group_dataset\physicalInteraction6_group.csv,,,,,,,,,,,,,,,,,,67.0,6.928203230275509,71,59,71.0,,-1.7320508075688774,5.333333333333333,3,0.9302549999999999,1.2265785353445575,1.797577,0.062933,0.9302549999999999,,,0.8673219999999999,67.0,6.928203230275509,71.0,59.0,71.0,,-1.7320508075688774,5.333333333333333,3.0,0.9302549999999999,1.2265785353445575,1.797577,0.062933,0.9302549999999999,,,0.8673219999999999
Broadcast,Broadcast,./Data\Physical_Interaction\Topology_B\4-Group_dataset\physicalInteraction6_group.csv,,,,,,,,,,,,,,,,,,69.5,2.1213203435596424,71,68,69.5,,,1.5,2,0.717075,,0.717075,0.717075,0.717075,,,0.0,69.5,2.1213203435596424,71.0,68.0,69.5,,,1.5,2.0,0.717075,,0.717075,0.717075,0.717075,,,0.0
Broadcast,Broadcast,./Data\Physical_Interaction\Topology_B\4-Group_dataset\physicalInteraction6_group.csv,,,,,,,,,,,,,,,,,,70.0,1.7320508075688772,71,68,71.0,,-1.7320508075688774,1.3333333333333333,3,1.0257595,0.43654580639435764,1.334444,0.717075,1.0257595,,,0.3086845,70.0,1.7320508075688772,71.0,68.0,71.0,,-1.7320508075688774,1.3333333333333333,3.0,1.0257595,0.43654580639435764,1.334444,0.717075,1.0257595,,,0.3086845
Broadcast,Broadcast,./Data\Physical_Interaction\Topology_B\4-Group_dataset\physicalInteraction6_group.csv,,,,,,,,,,,,,,,,,,69.5,2.1213203435596424,71,68,69.5,,,1.5,2,1.334444,,1.334444,1.334444,1.334444,,,0.0,69.5,2.1213203435596424,71.0,68.0,69.5,,,1.5,2.0,1.334444,,1.334444,1.334444,1.334444,,,0.0
Broadcast,Broadcast,./Data\Physical_Interaction\Topology_B\4-Group_dataset\physicalInteraction6_group.csv,,,,,,,,,,,,,,,,,,71.0,0.0,71,71,71.0,,,0.0,2,1.323609,,1.323609,1.323609,1.323609,,,0.0,71.0,0.0,71.0,71.0,71.0,,,0.0,2.0,1.323609,,1.323609,1.323609,1.323609,,,0.0
Broadcast,Broadcast,./Data\Physical_Interaction\Topology_B\4-Group_dataset\physicalInteraction6_group.csv,,,,,,,,,,,,,,,,,,69.0,3.4641016151377544,71,65,71.0,,-1.7320508075688774,2.6666666666666665,3,1.0691055,0.359922301371421,1.323609,0.814602,1.0691055,,,0.2545035,69.0,3.4641016151377544,71.0,65.0,71.0,,-1.7320508075688774,2.6666666666666665,3.0,1.0691055,0.359922301371421,1.323609,0.814602,1.0691055,,,0.2545035
Broadcast,Broadcast,./Data\Physical_Interaction\Topology_B\4-Group_dataset\physicalInteraction6_group.csv,,,,,,,,,,,,,,,,,,69.0,3.4641016151377544,71,65,71.0,,-1.7320508075688774,2.6666666666666665,3,0.9019775000000001,0.12356761711913036,0.989353,0.814602,0.9019775000000001,,,0.0873755,69.0,3.4641016151377544,71.0,65.0,71.0,,-1.7320508075688774,2.6666666666666665,3.0,0.9019775000000001,0.12356761711913036,0.989353,0.814602,0.9019775000000001,,,0.0873755
Broadcast,Broadcast,./Data\Physical_Interaction\Topology_B\4-Group_dataset\physicalInteraction6_group.csv,,,,,,,,,,,,,,,,,,68.0,4.242640687119285,71,65,68.0,,,3.0,2,0.989353,,0.989353,0.989353,0.989353,,,0.0,68.0,4.242640687119285,71.0,65.0,68.0,,,3.0,2.0,0.989353,,0.989353,0.989353,0.989353,,,0.0
Broadcast,Broadcast,./Data\Physical_Interaction\Topology_B\4-Group_dataset\physicalInteraction6_group.csv,,,,,,,,,,,,,,,,,,65.0,8.48528137423857,71,59,65.0,,,6.0,2,1.487241,,1.487241,1.487241,1.487241,,,0.0,65.0,8.48528137423857,71.0,59.0,65.0,,,6.0,2.0,1.487241,,1.487241,1.487241,1.487241,,,0.0
Broadcast,Broadcast,./Data\Physical_Interaction\Topology_B\4-Group_dataset\physicalInteraction6_group.csv,,,,,,,,,,,,,,,,,,65.0,8.48528137423857,71,59,65.0,,,6.0,2,1.487241,,1.487241,1.487241,1.487241,,,0.0,65.0,8.48528137423857,71.0,59.0,65.0,,,6.0,2.0,1.487241,,1.487241,1.487241,1.487241,,,0.0
Broadcast,Broadcast,./Data\Physical_Interaction\Topology_B\4-Group_dataset\physicalInteraction6_group.csv,,,,,,,,,,,,,,,,,,65.0,8.48528137423857,71,59,65.0,,,6.0,2,0.655887,,0.655887,0.655887,0.655887,,,0.0,65.0,8.48528137423857,71.0,59.0,65.0,,,6.0,2.0,0.655887,,0.655887,0.655887,0.655887,,,0.0
Broadcast,Broadcast,./Data\Physical_Interaction\Topology_B\4-Group_dataset\physicalInteraction6_group.csv,,,,,,,,,,,,,,,,,,65.0,8.48528137423857,71,59,65.0,,,6.0,2,0.655887,,0.655887,0.655887,0.655887,,,0.0,65.0,8.48528137423857,71.0,59.0,65.0,,,6.0,2.0,0.655887,,0.655887,0.655887,0.655887,,,0.0
Broadcast,Broadcast,./Data\Physical_Interaction\Topology_B\4-Group_dataset\physicalInteraction6_group.csv,,,,,,,,,,,,,,,,,,67.0,6.928203230275509,71,59,71.0,,-1.7320508075688774,5.333333333333333,3,1.261963,0.8571208990288359,1.868039,0.655887,1.261963,,,0.6060760000000001,67.0,6.928203230275509,71.0,59.0,71.0,,-1.7320508075688774,5.333333333333333,3.0,1.261963,0.8571208990288359,1.868039,0.655887,1.261963,,,0.6060760000000001
Broadcast,Broadcast,./Data\Physical_Interaction\Topology_B\4-Group_dataset\physicalInteraction6_group.csv,,,,,,,,,,,,,,,,,,67.0,6.928203230275509,71,59,71.0,,-1.7320508075688774,5.333333333333333,3,0.489244,0.5433648922943035,0.873461,0.105027,0.489244,,,0.38421700000000003,67.0,6.928203230275509,71.0,59.0,71.0,,-1.7320508075688774,5.333333333333333,3.0,0.489244,0.5433648922943035,0.873461,0.105027,0.489244,,,0.38421700000000003
Broadcast,Broadcast,./Data\Physical_Interaction\Topology_B\4-Group_dataset\physicalInteraction6_group.csv,,,,,,,,,,,,,,,,,,67.0,6.928203230275509,71,59,71.0,,-1.7320508075688774,5.333333333333333,3,0.489244,0.5433648922943035,0.873461,0.105027,0.489244,,,0.38421700000000003,67.0,6.928203230275509,71.0,59.0,71.0,,-1.7320508075688774,5.333333333333333,3.0,0.489244,0.5433648922943035,0.873461,0.105027,0.489244,,,0.38421700000000003
Broadcast,Broadcast,./Data\Physical_Interaction\Topology_B\4-Group_dataset\physicalInteraction6_group.csv,,,,,,,,,,,,,,,,,,71.0,0.0,71,71,71.0,,,0.0,2,0.873461,,0.873461,0.873461,0.873461,,,0.0,71.0,0.0,71.0,71.0,71.0,,,0.0,2.0,0.873461,,0.873461,0.873461,0.873461,,,0.0
Coordinator,Coordinator,./Data\Physical_Interaction\Topology_B\4-Group_dataset\physicalInteraction6_group.csv,48.125,4.356850107261306,54.0,45.0,45.0,-1.964563629621698,0.7166405346837085,3.90625,8.0,0.032269,0.02442037684666912,0.078676,0.004049,0.025772,1.6773039601081177,1.2442968780741899,0.017925142857142855,51.7,8.459708426811568,66,45,48.5,-0.343740651322054,1.00225766785216,6.7,10,0.02509811111111111,0.015354204305697873,0.0486,0.004049,0.020483,-0.47193548556156273,0.5464209791897684,0.011701234567901234,66.0,0.0,66.0,66.0,66.0,,,0.0,2.0,0.068783,,0.068783,0.068783,0.068783,,,0.0
Coordinator,Coordinator,./Data\Physical_Interaction\Topology_B\4-Group_dataset\physicalInteraction6_group.csv,,,,,,,,,,,,,,,,,,52.5,10.606601717798213,60,45,52.5,,,7.5,2,0.051815,,0.051815,0.051815,0.051815,,,0.0,52.5,10.606601717798213,60.0,45.0,52.5,,,7.5,2.0,0.051815,,0.051815,0.051815,0.051815,,,0.0
Coordinator,Coordinator,./Data\Physical_Interaction\Topology_B\4-Group_dataset\physicalInteraction6_group.csv,,,,,,,,,,,,,,,,,,52.5,10.606601717798213,60,45,52.5,,,7.5,2,0.051815,,0.051815,0.051815,0.051815,,,0.0,52.5,10.606601717798213,60.0,45.0,52.5,,,7.5,2.0,0.051815,,0.051815,0.051815,0.051815,,,0.0
Coordinator,Coordinator,./Data\Physical_Interaction\Topology_B\4-Group_dataset\physicalInteraction6_group.csv,,,,,,,,,,,,,,,,,,52.5,10.606601717798213,60,45,52.5,,,7.5,2,0.051815,,0.051815,0.051815,0.051815,,,0.0,52.5,10.606601717798213,60.0,45.0,52.5,,,7.5,2.0,0.051815,,0.051815,0.051815,0.051815,,,0.0
Coordinator,Coordinator,./Data\Physical_Interaction\Topology_B\4-Group_dataset\physicalInteraction6_group.csv,50.0,0.0,50.0,50.0,50.0,0.0,0.0,0.0,24.0,0.022305,0.03938233997041636,0.13664,0.00293,0.004957,4.912089850022467,2.396605970396934,0.026910695652173914,50.0,0.0,50,50,50.0,0.0,0.0,0.0,24,0.022305,0.03938233997041636,0.13664,0.00293,0.004957,4.912089850022467,2.396605970396934,0.026910695652173914,,,,,,,,,,,,,,,,,
Coordinator,Coordinator,./Data\Physical_Interaction\Topology_B\4-Group_dataset\physicalInteraction6_group.csv,50.0,0.0,50.0,50.0,50.0,0.0,0.0,0.0,24.0,0.022305,0.03938233997041636,0.13664,0.00293,0.004957,4.912089850022467,2.396605970396934,0.026910695652173914,50.0,0.0,50,50,50.0,0.0,0.0,0.0,24,0.022305,0.03938233997041636,0.13664,0.00293,0.004957,4.912089850022467,2.396605970396934,0.026910695652173914,,,,,,,,,,,,,,,,,
Coordinator,Coordinator,./Data\Physical_Interaction\Topology_B\4-Group_dataset\physicalInteraction6_group.csv,50.0,0.0,50.0,50.0,50.0,0.0,0.0,0.0,24.0,0.022305,0.03938233997041636,0.13664,0.00293,0.004957,4.912089850022467,2.396605970396934,0.026910695652173914,50.0,0.0,50,50,50.0,0.0,0.0,0.0,24,0.022305,0.03938233997041636,0.13664,0.00293,0.004957,4.912089850022467,2.396605970396934,0.026910695652173914,,,,,,,,,,,,,,,,,
Coordinator,Coordinator,./Data\Physical_Interaction\Topology_B\4-Group_dataset\physicalInteraction6_group.csv,48.0,5.196152422706632,54.0,45.0,45.0,,1.7320508075688774,4.0,3.0,0.048447000000000004,0.009192388155425122,0.054947,0.041947,0.048447000000000004,,,0.006500000000000002,57.42857142857143,9.396047801374484,66,45,63.0,-1.772796682062399,-0.6398062901039622,8.081632653061224,7,0.022269999999999998,0.016348097198145114,0.038226,0.003721,0.024799500000000002,-2.8777924740879897,-0.1627610028865543,0.014551333333333333,64.5,1.7320508075688772,66.0,63.0,64.5,-6.0,0.0,1.5,4.0,0.042757333333333335,0.008635486687693596,0.052313,0.035512,0.040447,,1.1177535639068914,0.006370444444444445
Coordinator,Coordinator,./Data\Physical_Interaction\Topology_B\4-Group_dataset\physicalInteraction6_group.csv,48.5,4.358898943540674,54.0,45.0,47.5,-2.2326869806094187,0.6761726893027084,3.5,4.0,0.3945863333333333,0.5995661466771897,1.086865,0.041947,0.054947,,1.7311347887862683,0.46151911111111116,55.22222222222222,9.324400487132909,66,45,54.0,-2.168709927192711,0.019070217761643762,8.246913580246915,9,0.15323887499999997,0.37754087120675234,1.086865,0.003721,0.024799500000000002,7.9620027137880065,2.8194919464389616,0.23340653124999994,60.6,8.848728722251575,66.0,45.0,63.0,4.43519619500595,-2.0770565944246675,6.239999999999999,5.0,0.30647775,0.5274879591873006,1.097639,0.035512,0.04638,3.9964053177244168,1.998930217556335,0.395580625
Coordinator,Coordinator,./Data\Physical_Interaction\Topology_B\4-Group_dataset\physicalInteraction6_group.csv,48.5,4.358898943540674,54.0,45.0,47.5,-2.2326869806094187,0.6761726893027084,3.5,4.0,0.3945863333333333,0.5995661466771897,1.086865,0.041947,0.054947,,1.7311347887862683,0.46151911111111116,55.22222222222222,9.324400487132909,66,45,54.0,-2.168709927192711,0.019070217761643762,8.246913580246915,9,0.15323887499999997,0.37754087120675234,1.086865,0.003721,0.024799500000000002,7.9620027137880065,2.8194919464389616,0.23340653124999994,60.6,8.848728722251575,66.0,45.0,63.0,4.43519619500595,-2.0770565944246675,6.239999999999999,5.0,0.30647775,0.5274879591873006,1.097639,0.035512,0.04638,3.9964053177244168,1.998930217556335,0.395580625
Coordinator,Coordinator,./Data\Physical_Interaction\Topology_B\4-Group_dataset\physicalInteraction6_group.csv,,,,,,,,,,,,,,,,,,47.5,3.5355339059327378,50,45,47.5,,,2.5,2,0.005426,,0.005426,0.005426,0.005426,,,0.0,,,,,,,,,,,,,,,,,
Coordinator,Coordinator,./Data\Physical_Interaction\Topology_B\4-Group_dataset\physicalInteraction6_group.csv,50.0,0.0,50.0,50.0,50.0,,,0.0,2.0,0.511979,,0.511979,0.511979,0.511979,,,0.0,51.333333333333336,6.377042156569663,60,45,50.0,-1.6612469766191893,0.5025712476253824,5.111111111111112,6,0.11314640000000001,0.193566925644078,0.457862,0.00604,0.041926,4.822599770622128,2.1863775487426365,0.13788624,52.0,8.12403840463596,60.0,45.0,51.5,-5.6992653810835625,0.05222063253668661,7.0,4.0,0.1885773333333333,0.23328373869031965,0.457862,0.047966,0.059904,,1.7269494136370007,0.1795231111111111
Coordinator,Coordinator,./Data\Physical_Interaction\Topology_B\4-Group_dataset\physicalInteraction6_group.csv,50.0,0.0,50.0,50.0,50.0,,,0.0,2.0,0.511979,,0.511979,0.511979,0.511979,,,0.0,51.333333333333336,6.377042156569663,60,45,50.0,-1.6612469766191893,0.5025712476253824,5.111111111111112,6,0.11314640000000001,0.193566925644078,0.457862,0.00604,0.041926,4.822599770622128,2.1863775487426365,0.13788624,52.0,8.12403840463596,60.0,45.0,51.5,-5.6992653810835625,0.05222063253668661,7.0,4.0,0.1885773333333333,0.23328373869031965,0.457862,0.047966,0.059904,,1.7269494136370007,0.1795231111111111
Coordinator,Coordinator,./Data\Physical_Interaction\Topology_B\4-Group_dataset\physicalInteraction6_group.csv,50.0,0.0,50.0,50.0,50.0,,,0.0,2.0,0.511979,,0.511979,0.511979,0.511979,,,0.0,51.333333333333336,6.377042156569663,60,45,50.0,-1.6612469766191893,0.5025712476253824,5.111111111111112,6,0.11314640000000001,0.193566925644078,0.457862,0.00604,0.041926,4.822599770622128,2.1863775487426365,0.13788624,52.0,8.12403840463596,60.0,45.0,51.5,-5.6992653810835625,0.05222063253668661,7.0,4.0,0.1885773333333333,0.23328373869031965,0.457862,0.047966,0.059904,,1.7269494136370007,0.1795231111111111
Coordinator,Coordinator,./Data\Physical_Interaction\Topology_B\4-Group_dataset\physicalInteraction6_group.csv,49.55555555555556,4.3906466241064965,54.0,45.0,52.0,-2.434580708845921,-0.16249595817158813,4.049382716049383,9.0,0.031233499999999997,0.032021408316490835,0.096824,0.003566,0.019818,1.7350299949384347,1.4748255000823662,0.023615624999999998,54.38461538461539,8.381909702234346,66,45,54.0,-1.3795131478889266,0.3357310904209012,6.6863905325443795,13,0.020822333333333335,0.01987950204851645,0.059174,0.003433,0.011674,-0.6015465906846722,0.994962790509753,0.01690677777777778,65.25,1.5,66.0,63.0,66.0,4.0,-1.9999999999999998,1.125,4.0,0.033742666666666664,0.05084417764438061,0.092442,0.003433,0.005353,,1.7292725747882196,0.03913288888888889
Coordinator,Coordinator,./Data\Physical_Interaction\Topology_B\4-Group_dataset\physicalInteraction6_group.csv,49.55555555555556,4.3906466241064965,54.0,45.0,52.0,-2.434580708845921,-0.16249595817158813,4.049382716049383,9.0,0.031233499999999997,0.032021408316490835,0.096824,0.003566,0.019818,1.7350299949384347,1.4748255000823662,0.023615624999999998,54.38461538461539,8.381909702234346,66,45,54.0,-1.3795131478889266,0.3357310904209012,6.6863905325443795,13,0.020822333333333335,0.01987950204851645,0.059174,0.003433,0.011674,-0.6015465906846722,0.994962790509753,0.01690677777777778,65.25,1.5,66.0,63.0,66.0,4.0,-1.9999999999999998,1.125,4.0,0.033742666666666664,0.05084417764438061,0.092442,0.003433,0.005353,,1.7292725747882196,0.03913288888888889
Coordinator,Coordinator,./Data\Physical_Interaction\Topology_B\4-Group_dataset\physicalInteraction6_group.csv,49.55555555555556,4.3906466241064965,54.0,45.0,52.0,-2.434580708845921,-0.16249595817158813,4.049382716049383,9.0,0.031233499999999997,0.032021408316490835,0.096824,0.003566,0.019818,1.7350299949384347,1.4748255000823662,0.023615624999999998,54.38461538461539,8.381909702234346,66,45,54.0,-1.3795131478889266,0.3357310904209012,6.6863905325443795,13,0.020822333333333335,0.01987950204851645,0.059174,0.003433,0.011674,-0.6015465906846722,0.994962790509753,0.01690677777777778,65.25,1.5,66.0,63.0,66.0,4.0,-1.9999999999999998,1.125,4.0,0.033742666666666664,0.05084417764438061,0.092442,0.003433,0.005353,,1.7292725747882196,0.03913288888888889
Coordinator,Coordinator,./Data\Physical_Interaction\Topology_B\4-Group_dataset\physicalInteraction6_group.csv,,,,,,,,,,,,,,,,,,54.0,0.0,54,54,54.0,,,0.0,2,1.878972,,1.878972,1.878972,1.878972,,,0.0,54.0,0.0,54.0,54.0,54.0,,,0.0,2.0,1.878972,,1.878972,1.878972,1.878972,,,0.0
Coordinator,Coordinator,./Data\Physical_Interaction\Topology_B\4-Group_dataset\physicalInteraction6_group.csv,52.333333333333336,2.9154759474226504,54.0,45.0,54.0,6.29362333168563,-2.408186014900275,1.8518518518518516,9.0,0.02841325,0.026567377228204413,0.087762,0.003835,0.021005999999999997,4.002860029662264,1.9191197011653396,0.018462375000000003,56.07692307692308,6.370001811375181,66,45,54.0,-0.5807436653999853,0.3850718260128708,5.1834319526627235,13,0.018942166666666666,0.01855750683604069,0.072517,0.003835,0.0144555,7.097311253302376,2.4661800993073406,0.011923888888888888,64.5,1.7320508075688772,66.0,63.0,64.5,-6.0,0.0,1.5,4.0,0.053962,0.04613692136456441,0.09709,0.005313,0.059483,,-0.53078380446904,0.032432666666666665
Coordinator,Coordinator,./Data\Physical_Interaction\Topology_B\4-Group_dataset\physicalInteraction6_group.csv,52.333333333333336,2.9154759474226504,54.0,45.0,54.0,6.29362333168563,-2.408186014900275,1.8518518518518516,9.0,0.02841325,0.026567377228204413,0.087762,0.003835,0.021005999999999997,4.002860029662264,1.9191197011653396,0.018462375000000003,56.07692307692308,6.370001811375181,66,45,54.0,-0.5807436653999853,0.3850718260128708,5.1834319526627235,13,0.018942166666666666,0.01855750683604069,0.072517,0.003835,0.0144555,7.097311253302376,2.4661800993073406,0.011923888888888888,64.5,1.7320508075688772,66.0,63.0,64.5,-6.0,0.0,1.5,4.0,0.053962,0.04613692136456441,0.09709,0.005313,0.059483,,-0.53078380446904,0.032432666666666665
Coordinator,Coordinator,./Data\Physical_Interaction\Topology_B\4-Group_dataset\physicalInteraction6_group.csv,52.333333333333336,2.9154759474226504,54.0,45.0,54.0,6.29362333168563,-2.408186014900275,1.8518518518518516,9.0,0.02841325,0.026567377228204413,0.087762,0.003835,0.021005999999999997,4.002860029662264,1.9191197011653396,0.018462375000000003,56.07692307692308,6.370001811375181,66,45,54.0,-0.5807436653999853,0.3850718260128708,5.1834319526627235,13,0.018942166666666666,0.01855750683604069,0.072517,0.003835,0.0144555,7.097311253302376,2.4661800993073406,0.011923888888888888,64.5,1.7320508075688772,66.0,63.0,64.5,-6.0,0.0,1.5,4.0,0.053962,0.04613692136456441,0.09709,0.005313,0.059483,,-0.53078380446904,0.032432666666666665
Coordinator,Coordinator,./Data\Physical_Interaction\Topology_B\4-Group_dataset\physicalInteraction6_group.csv,47.333333333333336,3.614784456460256,52.0,45.0,45.0,-1.8750000000000062,0.968245836551851,3.111111111111112,6.0,0.039449,0.058682896196421655,0.143363,0.006654,0.011492,4.579522892537328,2.1292123694589833,0.0415656,54.2,9.31903666933683,66,45,52.0,-2.039473460209172,0.2596461503223179,8.24,10,0.021916111111111112,0.016451109798767714,0.049965,0.004811,0.023037,-1.0540874609667514,0.5084801564002738,0.013632543209876544,64.5,1.7320508075688772,66.0,63.0,64.5,-6.0,0.0,1.5,4.0,0.04748966666666667,0.03621081066937515,0.089089,0.023037,0.030343,,1.6530655464178927,0.02773288888888889
Coordinator,Coordinator,./Data\Physical_Interaction\Topology_B\4-Group_dataset\physicalInteraction6_group.csv,47.333333333333336,3.614784456460256,52.0,45.0,45.0,-1.8750000000000062,0.968245836551851,3.111111111111112,6.0,0.039449,0.058682896196421655,0.143363,0.006654,0.011492,4.579522892537328,2.1292123694589833,0.0415656,54.2,9.31903666933683,66,45,52.0,-2.039473460209172,0.2596461503223179,8.24,10,0.021916111111111112,0.016451109798767714,0.049965,0.004811,0.023037,-1.0540874609667514,0.5084801564002738,0.013632543209876544,64.5,1.7320508075688772,66.0,63.0,64.5,-6.0,0.0,1.5,4.0,0.04748966666666667,0.03621081066937515,0.089089,0.023037,0.030343,,1.6530655464178927,0.02773288888888889
Coordinator,Coordinator,./Data\Physical_Interaction\Topology_B\4-Group_dataset\physicalInteraction6_group.csv,47.333333333333336,3.614784456460256,52.0,45.0,45.0,-1.8750000000000062,0.968245836551851,3.111111111111112,6.0,0.039449,0.058682896196421655,0.143363,0.006654,0.011492,4.579522892537328,2.1292123694589833,0.0415656,54.2,9.31903666933683,66,45,52.0,-2.039473460209172,0.2596461503223179,8.24,10,0.021916111111111112,0.016451109798767714,0.049965,0.004811,0.023037,-1.0540874609667514,0.5084801564002738,0.013632543209876544,64.5,1.7320508075688772,66.0,63.0,64.5,-6.0,0.0,1.5,4.0,0.04748966666666667,0.03621081066937515,0.089089,0.023037,0.030343,,1.6530655464178927,0.02773288888888889
Coordinator,Coordinator,./Data\Physical_Interaction\Topology_B\4-Group_dataset\physicalInteraction6_group.csv,,,,,,,,,,,,,,,,,,52.666666666666664,9.29157324317757,63,45,50.0,,1.185115020178999,6.888888888888888,3,0.0647985,0.020409223025387314,0.07923,0.050367,0.0647985,,,0.014431499999999996,54.0,12.727922061357855,63.0,45.0,54.0,,,9.0,2.0,0.129597,,0.129597,0.129597,0.129597,,,0.0
Coordinator,Coordinator,./Data\Physical_Interaction\Topology_B\4-Group_dataset\physicalInteraction6_group.csv,,,,,,,,,,,,,,,,,,52.666666666666664,9.29157324317757,63,45,50.0,,1.185115020178999,6.888888888888888,3,0.0647985,0.020409223025387314,0.07923,0.050367,0.0647985,,,0.014431499999999996,54.0,12.727922061357855,63.0,45.0,54.0,,,9.0,2.0,0.129597,,0.129597,0.129597,0.129597,,,0.0
Coordinator,Coordinator,./Data\Physical_Interaction\Topology_B\4-Group_dataset\physicalInteraction6_group.csv,,,,,,,,,,,,,,,,,,52.666666666666664,9.29157324317757,63,45,50.0,,1.185115020178999,6.888888888888888,3,0.0647985,0.020409223025387314,0.07923,0.050367,0.0647985,,,0.014431499999999996,54.0,12.727922061357855,63.0,45.0,54.0,,,9.0,2.0,0.129597,,0.129597,0.129597,0.129597,,,0.0
Coordinator,Coordinator,./Data\Physical_Interaction\Topology_B\4-Group_dataset\physicalInteraction6_group.csv,55.25,10.5,71.0,50.0,50.0,4.0,1.9999999999999998,7.875,4.0,0.36449033333333336,0.5480294686076045,0.995832,0.011509,0.08613,,1.6959940231364814,0.42089444444444446,54.8,9.148770409186143,71,50,50.0,4.575095386749924,2.1296709936210108,6.479999999999999,5,0.27336775,0.481873236825741,0.995832,0.011509,0.043065,3.981306747206979,1.9942245304408557,0.361232125,,,,,,,,,,,,,,,,,
Coordinator,Coordinator,./Data\Physical_Interaction\Topology_B\4-Group_dataset\physicalInteraction6_group.csv,55.25,10.5,71.0,50.0,50.0,4.0,1.9999999999999998,7.875,4.0,0.36449033333333336,0.5480294686076045,0.995832,0.011509,0.08613,,1.6959940231364814,0.42089444444444446,54.8,9.148770409186143,71,50,50.0,4.575095386749924,2.1296709936210108,6.479999999999999,5,0.27336775,0.481873236825741,0.995832,0.011509,0.043065,3.981306747206979,1.9942245304408557,0.361232125,,,,,,,,,,,,,,,,,
Coordinator,Coordinator,./Data\Physical_Interaction\Topology_B\4-Group_dataset\physicalInteraction6_group.csv,48.357142857142854,3.692135985018446,54.0,45.0,47.5,-1.6735948623410604,0.364621282581644,3.357142857142857,14.0,0.17016815384615386,0.5279584786871416,1.925808,0.002984,0.017953,12.942907159271533,3.5947134419239477,0.27009843786982246,52.0,7.446102634562892,66,45,50.0,-0.4679811113444621,0.8635913991167389,5.7894736842105265,19,0.12289922222222224,0.44398619527645833,1.901075,0.002435,0.0166975,17.959175692719672,4.235827783460837,0.19757508641975308,62.2,5.35723809439155,66.0,53.0,63.0,3.505809224344116,-1.8100491224479724,3.6799999999999984,5.0,0.52939125,0.9438991025314004,1.945174,0.048326,0.0620325,3.9981294161829055,1.9994423551462317,0.7078913749999999
Coordinator,Coordinator,./Data\Physical_Interaction\Topology_B\4-Group_dataset\physicalInteraction6_group.csv,47.90909090909091,4.085450904234328,54.0,45.0,45.0,-1.656609993307414,0.7465782857164253,3.7024793388429744,11.0,0.0188739,0.012805998329342039,0.045193,0.002984,0.0166975,0.6175304359686153,0.837986305585163,0.00989028,52.3125,8.097067370350823,66,45,52.0,-1.0125267600998722,0.6950092140592532,6.515625,16,0.12060746666666668,0.4082124972574012,1.59564,0.002435,0.015442,14.971584990498975,3.8678464574502787,0.19667100444444444,62.0,5.787918451395113,66.0,52.0,63.0,3.710848741367787,-1.8695659956611526,4.0,5.0,0.452278,0.7896811833505976,1.636721,0.048326,0.0620325,3.9973250693279816,1.999203540851519,0.5922215000000001
Coordinator,Coordinator,./Data\Physical_Interaction\Topology_B\4-Group_dataset\physicalInteraction6_group.csv,47.90909090909091,4.085450904234328,54.0,45.0,45.0,-1.656609993307414,0.7465782857164253,3.7024793388429744,11.0,0.0188739,0.012805998329342039,0.045193,0.002984,0.0166975,0.6175304359686153,0.837986305585163,0.00989028,52.3125,8.097067370350823,66,45,52.0,-1.0125267600998722,0.6950092140592532,6.515625,16,0.12060746666666668,0.4082124972574012,1.59564,0.002435,0.015442,14.971584990498975,3.8678464574502787,0.19667100444444444,62.0,5.787918451395113,66.0,52.0,63.0,3.710848741367787,-1.8695659956611526,4.0,5.0,0.452278,0.7896811833505976,1.636721,0.048326,0.0620325,3.9973250693279816,1.999203540851519,0.5922215000000001
Coordinator,Coordinator,./Data\Physical_Interaction\Topology_B\4-Group_dataset\physicalInteraction6_group.csv,,,,,,,,,,,,,,,,,,47.5,3.5355339059327378,50,45,47.5,,,2.5,2,0.376991,,0.376991,0.376991,0.376991,,,0.0,,,,,,,,,,,,,,,,,
Coordinator,Coordinator,./Data\Physical_Interaction\Topology_B\4-Group_dataset\physicalInteraction6_group.csv,,,,,,,,,,,,,,,,,,47.5,3.5355339059327378,50,45,47.5,,,2.5,2,0.376991,,0.376991,0.376991,0.376991,,,0.0,,,,,,,,,,,,,,,,,
Coordinator,Coordinator,./Data\Physical_Interaction\Topology_B\4-Group_dataset\physicalInteraction6_group.csv,,,,,,,,,,,,,,,,,,47.5,3.5355339059327378,50,45,47.5,,,2.5,2,0.376991,,0.376991,0.376991,0.376991,,,0.0,,,,,,,,,,,,,,,,,
Coordinator,Coordinator,./Data\Physical_Interaction\Topology_B\4-Group_dataset\physicalInteraction6_group.csv,49.57142857142857,4.353433237386437,54.0,45.0,52.0,-2.607964445342291,-0.23824551178161682,3.918367346938776,7.0,0.040390666666666665,0.030728615124451453,0.088181,0.008114,0.0352725,-0.7705757902510006,0.6472360360286651,0.024929999999999997,55.916666666666664,8.532913105183134,66,45,54.0,-1.6806567830723131,-0.0440313081309259,7.402777777777776,12,0.02203127272727273,0.023740980098095818,0.088181,0.006956,0.015154,7.021739153100808,2.5497003430547074,0.015082396694214876,64.8,1.6431676725154982,66.0,63.0,66.0,-3.3333333333333446,-0.608580619450176,1.4400000000000006,5.0,0.033966750000000004,0.011635983653449042,0.045008,0.023771,0.033544,-5.853034084350611,0.02443800714969732,0.010052249999999999
Coordinator,Coordinator,./Data\Physical_Interaction\Topology_B\4-Group_dataset\physicalInteraction6_group.csv,49.57142857142857,4.353433237386437,54.0,45.0,52.0,-2.607964445342291,-0.23824551178161682,3.918367346938776,7.0,0.040390666666666665,0.030728615124451453,0.088181,0.008114,0.0352725,-0.7705757902510006,0.6472360360286651,0.024929999999999997,55.916666666666664,8.532913105183134,66,45,54.0,-1.6806567830723131,-0.0440313081309259,7.402777777777776,12,0.02203127272727273,0.023740980098095818,0.088181,0.006956,0.015154,7.021739153100808,2.5497003430547074,0.015082396694214876,64.8,1.6431676725154982,66.0,63.0,66.0,-3.3333333333333446,-0.608580619450176,1.4400000000000006,5.0,0.033966750000000004,0.011635983653449042,0.045008,0.023771,0.033544,-5.853034084350611,0.02443800714969732,0.010052249999999999
Coordinator,Coordinator,./Data\Physical_Interaction\Topology_B\4-Group_dataset\physicalInteraction6_group.csv,49.57142857142857,4.353433237386437,54.0,45.0,52.0,-2.607964445342291,-0.23824551178161682,3.918367346938776,7.0,0.040390666666666665,0.030728615124451453,0.088181,0.008114,0.0352725,-0.7705757902510006,0.6472360360286651,0.024929999999999997,55.916666666666664,8.532913105183134,66,45,54.0,-1.6806567830723131,-0.0440313081309259,7.402777777777776,12,0.02203127272727273,0.023740980098095818,0.088181,0.006956,0.015154,7.021739153100808,2.5497003430547074,0.015082396694214876,64.8,1.6431676725154982,66.0,63.0,66.0,-3.3333333333333446,-0.608580619450176,1.4400000000000006,5.0,0.033966750000000004,0.011635983653449042,0.045008,0.023771,0.033544,-5.853034084350611,0.02443800714969732,0.010052249999999999
Coordinator,Coordinator,./Data\Physical_Interaction\Topology_B\4-Group_dataset\physicalInteraction6_group.csv,49.166666666666664,4.622409184253019,54.0,45.0,48.5,-3.091186986012982,0.09584995716481577,4.166666666666667,6.0,0.0386498,0.014152978668817389,0.057319,0.023589,0.036181,-1.8501197157759863,0.3969463433554693,0.01142656,56.27272727272727,8.855404102477866,66,45,54.0,-1.7880144838430816,-0.18107860584546376,7.75206611570248,11,0.0193249,0.013815248181709304,0.049547,0.003638,0.016274999999999998,1.3823607404799763,1.1694383774146087,0.01064208,64.8,1.6431676725154982,66.0,63.0,66.0,-3.3333333333333446,-0.608580619450176,1.4400000000000006,5.0,0.031577,0.018349840435273546,0.053448,0.015156,0.028852000000000003,-3.4089823475772363,0.4285325397158517,0.015133
Coordinator,Coordinator,./Data\Physical_Interaction\Topology_B\4-Group_dataset\physicalInteraction6_group.csv,49.166666666666664,4.622409184253019,54.0,45.0,48.5,-3.091186986012982,0.09584995716481577,4.166666666666667,6.0,0.0386498,0.014152978668817389,0.057319,0.023589,0.036181,-1.8501197157759863,0.3969463433554693,0.01142656,56.27272727272727,8.855404102477866,66,45,54.0,-1.7880144838430816,-0.18107860584546376,7.75206611570248,11,0.0193249,0.013815248181709304,0.049547,0.003638,0.016274999999999998,1.3823607404799763,1.1694383774146087,0.01064208,64.8,1.6431676725154982,66.0,63.0,66.0,-3.3333333333333446,-0.608580619450176,1.4400000000000006,5.0,0.031577,0.018349840435273546,0.053448,0.015156,0.028852000000000003,-3.4089823475772363,0.4285325397158517,0.015133
Coordinator,Coordinator,./Data\Physical_Interaction\Topology_B\4-Group_dataset\physicalInteraction6_group.csv,49.166666666666664,4.622409184253019,54.0,45.0,48.5,-3.091186986012982,0.09584995716481577,4.166666666666667,6.0,0.0386498,0.014152978668817389,0.057319,0.023589,0.036181,-1.8501197157759863,0.3969463433554693,0.01142656,56.27272727272727,8.855404102477866,66,45,54.0,-1.7880144838430816,-0.18107860584546376,7.75206611570248,11,0.0193249,0.013815248181709304,0.049547,0.003638,0.016274999999999998,1.3823607404799763,1.1694383774146087,0.01064208,64.8,1.6431676725154982,66.0,63.0,66.0,-3.3333333333333446,-0.608580619450176,1.4400000000000006,5.0,0.031577,0.018349840435273546,0.053448,0.015156,0.028852000000000003,-3.4089823475772363,0.4285325397158517,0.015133
Coordinator,Coordinator,./Data\Physical_Interaction\Topology_B\4-Group_dataset\physicalInteraction6_group.csv,50.0,0.0,50.0,50.0,50.0,0.0,0.0,0.0,20.0,0.025281526315789477,0.04820299749366495,0.169292,0.003008,0.004453,4.3215856807061215,2.280554512013167,0.033423988919667594,50.0,0.0,50,50,50.0,0.0,0.0,0.0,20,0.025281526315789477,0.04820299749366495,0.169292,0.003008,0.004453,4.3215856807061215,2.280554512013167,0.033423988919667594,,,,,,,,,,,,,,,,,
Coordinator,Coordinator,./Data\Physical_Interaction\Topology_B\4-Group_dataset\physicalInteraction6_group.csv,50.0,0.0,50.0,50.0,50.0,0.0,0.0,0.0,20.0,0.025281526315789477,0.04820299749366495,0.169292,0.003008,0.004453,4.3215856807061215,2.280554512013167,0.033423988919667594,49.76190476190476,1.0910894511799618,50,45,50.0,20.999999999999947,-4.582575694955831,0.4535147392290274,21,0.05886009999999999,0.15732657176208512,0.696853,0.003008,0.004536500000000001,16.03231621375712,3.887529394452533,0.08472996,,,,,,,,,,,,,,,,,
Coordinator,Coordinator,./Data\Physical_Interaction\Topology_B\4-Group_dataset\physicalInteraction6_group.csv,50.0,0.0,50.0,50.0,50.0,0.0,0.0,0.0,20.0,0.025281526315789477,0.04820299749366495,0.169292,0.003008,0.004453,4.3215856807061215,2.280554512013167,0.033423988919667594,49.76190476190476,1.0910894511799618,50,45,50.0,20.999999999999947,-4.582575694955831,0.4535147392290274,21,0.05886009999999999,0.15732657176208512,0.696853,0.003008,0.004536500000000001,16.03231621375712,3.887529394452533,0.08472996,,,,,,,,,,,,,,,,,
Coordinator,Coordinator,./Data\Physical_Interaction\Topology_B\4-Group_dataset\physicalInteraction6_group.csv,,,,,,,,,,,,,,,,,,53.5,4.949747468305833,57,50,53.5,,,3.5,2,0.111245,,0.111245,0.111245,0.111245,,,0.0,,,,,,,,,,,,,,,,,
Coordinator,Coordinator,./Data\Physical_Interaction\Topology_B\4-Group_dataset\physicalInteraction6_group.csv,,,,,,,,,,,,,,,,,,53.5,4.949747468305833,57,50,53.5,,,3.5,2,0.111245,,0.111245,0.111245,0.111245,,,0.0,,,,,,,,,,,,,,,,,
Coordinator,Coordinator,./Data\Physical_Interaction\Topology_B\4-Group_dataset\physicalInteraction6_group.csv,,,,,,,,,,,,,,,,,,63.333333333333336,17.3877351409933,83,50,57.0,,1.421625827762762,13.111111111111112,3,0.937191,1.1680640349878084,1.763137,0.111245,0.937191,,,0.825946,70.0,18.384776310850235,83.0,57.0,70.0,,,13.0,2.0,1.874382,,1.874382,1.874382,1.874382,,,0.0
Coordinator,Coordinator,./Data\Physical_Interaction\Topology_B\4-Group_dataset\physicalInteraction6_group.csv,49.0,4.69041575982343,54.0,45.0,48.5,-5.111570247933884,0.15505506644044395,4.0,4.0,0.028144,0.03152193669494309,0.064353,0.006828,0.013251,,1.6514988217753532,0.02413933333333333,55.42857142857143,8.734169352933014,66,45,54.0,-1.9630910799702628,-0.09176581022804212,7.346938775510204,7,0.023986166666666666,0.020723391705188283,0.064353,0.006828,0.017351,4.241843032471964,1.9725143289369282,0.013721222222222218,64.0,1.7320508075688772,66.0,63.0,63.0,,1.7320508075688774,1.3333333333333333,3.0,0.0719585,0.07281290657912236,0.123445,0.020472,0.0719585,,,0.0514865
Coordinator,Coordinator,./Data\Physical_Interaction\Topology_B\4-Group_dataset\physicalInteraction6_group.csv,49.0,4.69041575982343,54.0,45.0,48.5,-5.111570247933884,0.15505506644044395,4.0,4.0,0.028144,0.03152193669494309,0.064353,0.006828,0.013251,,1.6514988217753532,0.02413933333333333,55.42857142857143,8.734169352933014,66,45,54.0,-1.9630910799702628,-0.09176581022804212,7.346938775510204,7,0.023986166666666666,0.020723391705188283,0.064353,0.006828,0.017351,4.241843032471964,1.9725143289369282,0.013721222222222218,64.0,1.7320508075688772,66.0,63.0,63.0,,1.7320508075688774,1.3333333333333333,3.0,0.0719585,0.07281290657912236,0.123445,0.020472,0.0719585,,,0.0514865
Coordinator,Coordinator,./Data\Physical_Interaction\Topology_B\4-Group_dataset\physicalInteraction6_group.csv,49.0,4.69041575982343,54.0,45.0,48.5,-5.111570247933884,0.15505506644044395,4.0,4.0,0.028144,0.03152193669494309,0.064353,0.006828,0.013251,,1.6514988217753532,0.02413933333333333,55.42857142857143,8.734169352933014,66,45,54.0,-1.9630910799702628,-0.09176581022804212,7.346938775510204,7,0.023986166666666666,0.020723391705188283,0.064353,0.006828,0.017351,4.241843032471964,1.9725143289369282,0.013721222222222218,64.0,1.7320508075688772,66.0,63.0,63.0,,1.7320508075688774,1.3333333333333333,3.0,0.0719585,0.07281290657912236,0.123445,0.020472,0.0719585,,,0.0514865
Coordinator,Coordinator,./Data\Physical_Interaction\Topology_B\4-Group_dataset\physicalInteraction6_group.csv,,,,,,,,,,,,,,,,,,45.0,0.0,45,45,45.0,,0.0,0.0,3,0.018113,0.02174919037573583,0.033492,0.002734,0.018113,,,0.015379,45.0,0.0,45.0,45.0,45.0,,,0.0,2.0,0.002734,,0.002734,0.002734,0.002734,,,0.0
Coordinator,Coordinator,./Data\Physical_Interaction\Topology_B\4-Group_dataset\physicalInteraction6_group.csv,49.857142857142854,4.59813626840888,54.0,45.0,52.0,-2.712308254200147,-0.28948273895798865,4.163265306122449,7.0,0.2026023333333333,0.4376734063251578,1.095451,0.00795,0.025037,5.974101212993325,2.442766526196555,0.29761622222222217,54.285714285714285,8.498222179949181,66,45,54.0,-1.6784851784062735,0.17326670042707165,7.081632653061226,14,0.09790084615384617,0.28917166678948286,1.059225,0.002734,0.013046,12.924564025470795,3.591070292338507,0.14789602366863905,58.714285714285715,9.464218328601078,66.0,45.0,63.0,-0.8981525148233791,-1.1420502005461481,7.836734693877551,7.0,0.2065365,0.47078089118261796,1.166839,0.002734,0.0075885,5.970118985938912,2.4418670344599644,0.32010083333333333
Coordinator,Coordinator,./Data\Physical_Interaction\Topology_B\4-Group_dataset\physicalInteraction6_group.csv,50.666666666666664,4.457203906785808,54.0,45.0,53.0,-1.9299806315030903,-0.84848691550171,3.7777777777777786,6.0,0.024032599999999998,0.01714324312374995,0.049093,0.00795,0.015922,-0.8984802518918542,0.889475128135433,0.014071919999999998,55.0,8.396427811873332,66,45,54.0,-1.6621241843514363,0.027950850501592593,7.076923076923077,13,0.10326825000000002,0.30135283257854684,1.059225,0.002734,0.01158,11.936894123968601,3.4516069904515767,0.159326125,58.714285714285715,9.464218328601078,66.0,45.0,63.0,-0.8981525148233791,-1.1420502005461481,7.836734693877551,7.0,0.2065365,0.47078089118261796,1.166839,0.002734,0.0075885,5.970118985938912,2.4418670344599644,0.32010083333333333
Coordinator,Coordinator,./Data\Physical_Interaction\Topology_B\4-Group_dataset\physicalInteraction6_group.csv,50.666666666666664,4.457203906785808,54.0,45.0,53.0,-1.9299806315030903,-0.84848691550171,3.7777777777777786,6.0,0.024032599999999998,0.01714324312374995,0.049093,0.00795,0.015922,-0.8984802518918542,0.889475128135433,0.014071919999999998,56.81818181818182,7.8079213855952965,66,45,54.0,-1.2888636436613607,-0.31413340098659265,6.710743801652892,11,0.017726000000000002,0.014195531730481641,0.04192,0.005041,0.01158,-1.0267459105624024,0.9047997269293834,0.011887600000000002,64.2,1.6431676725154982,66.0,63.0,63.0,-3.3333333333333446,0.608580619450176,1.4400000000000006,5.0,0.0174115,0.021477309739971317,0.049428,0.005041,0.0075885,3.7364986060182837,1.928215595462776,0.01600825
Coordinator,Coordinator,./Data\Physical_Interaction\Topology_B\4-Group_dataset\physicalInteraction6_group.csv,,,,,,,,,,,,,,,,,,62.5,12.020815280171307,71,54,62.5,,,8.5,2,1.843865,,1.843865,1.843865,1.843865,,,0.0,,,,,,,,,,,,,,,,,
Coordinator,Coordinator,./Data\Physical_Interaction\Topology_B\4-Group_dataset\physicalInteraction6_group.csv,58.0,18.384776310850235,71.0,45.0,58.0,,,13.0,2.0,2.17387,,2.17387,2.17387,2.17387,,,0.0,53.666666666666664,15.01110699893027,71,45,45.0,,1.7320508075688785,11.555555555555555,3,1.1039645,1.5130748685575675,2.17387,0.034059,1.1039645,,,1.0699055,,,,,,,,,,,,,,,,,
Coordinator,Coordinator,./Data\Physical_Interaction\Topology_B\4-Group_dataset\physicalInteraction6_group.csv,,,,,,,,,,,,,,,,,,45.0,0.0,45,45,45.0,,,0.0,2,0.034059,,0.034059,0.034059,0.034059,,,0.0,,,,,,,,,,,,,,,,,
Coordinator,Coordinator,./Data\Physical_Interaction\Topology_B\4-Group_dataset\physicalInteraction6_group.csv,,,,,,,,,,,,,,,,,,45.0,0.0,45,45,45.0,,,0.0,2,0.034059,,0.034059,0.034059,0.034059,,,0.0,,,,,,,,,,,,,,,,,
Coordinator,Coordinator,./Data\Physical_Interaction\Topology_B\4-Group_dataset\physicalInteraction6_group.csv,49.57142857142857,4.353433237386437,54.0,45.0,52.0,-2.607964445342291,-0.23824551178161682,3.918367346938776,7.0,0.032453333333333334,0.01760462752422404,0.052963,0.012337,0.030948999999999997,-2.091667863705009,0.15729009280602466,0.014539666666666666,53.9,7.866242926440664,66,45,53.0,-1.261180848997045,0.3281659308571445,6.1,10,0.021635555555555557,0.01208947378001945,0.039248,0.002347,0.024708,-0.8669136717257055,-0.032281991346831816,0.009991604938271606,64.0,1.7320508075688772,66.0,63.0,63.0,,1.7320508075688774,1.3333333333333333,3.0,0.058364,0.007908282240790347,0.063956,0.052772,0.058364,,,0.005592
Coordinator,Coordinator,./Data\Physical_Interaction\Topology_B\4-Group_dataset\physicalInteraction6_group.csv,49.57142857142857,4.353433237386437,54.0,45.0,52.0,-2.607964445342291,-0.23824551178161682,3.918367346938776,7.0,0.032453333333333334,0.01760462752422404,0.052963,0.012337,0.030948999999999997,-2.091667863705009,0.15729009280602466,0.014539666666666666,53.9,7.866242926440664,66,45,53.0,-1.261180848997045,0.3281659308571445,6.1,10,0.021635555555555557,0.01208947378001945,0.039248,0.002347,0.024708,-0.8669136717257055,-0.032281991346831816,0.009991604938271606,64.0,1.7320508075688772,66.0,63.0,63.0,,1.7320508075688774,1.3333333333333333,3.0,0.058364,0.007908282240790347,0.063956,0.052772,0.058364,,,0.005592
Coordinator,Coordinator,./Data\Physical_Interaction\Topology_B\4-Group_dataset\physicalInteraction6_group.csv,49.57142857142857,4.353433237386437,54.0,45.0,52.0,-2.607964445342291,-0.23824551178161682,3.918367346938776,7.0,0.032453333333333334,0.01760462752422404,0.052963,0.012337,0.030948999999999997,-2.091667863705009,0.15729009280602466,0.014539666666666666,53.9,7.866242926440664,66,45,53.0,-1.261180848997045,0.3281659308571445,6.1,10,0.021635555555555557,0.01208947378001945,0.039248,0.002347,0.024708,-0.8669136717257055,-0.032281991346831816,0.009991604938271606,64.0,1.7320508075688772,66.0,63.0,63.0,,1.7320508075688774,1.3333333333333333,3.0,0.058364,0.007908282240790347,0.063956,0.052772,0.058364,,,0.005592
Coordinator,Coordinator,./Data\Physical_Interaction\Topology_B\4-Group_dataset\physicalInteraction6_group.csv,,,,,,,,,,,,,,,,,,64.0,9.899494936611665,71,57,64.0,,,7.0,2,2.310999,,2.310999,2.310999,2.310999,,,0.0,,,,,,,,,,,,,,,,,
Coordinator,Coordinator,./Data\Physical_Interaction\Topology_B\4-Group_dataset\physicalInteraction6_group.csv,50.6,3.1304951684997055,52.0,45.0,52.0,5.000000000000014,-2.236067977499792,2.2399999999999993,5.0,0.050040749999999995,0.07671689804024057,0.16509,0.010263,0.012405,3.9908090973961308,1.9972918092851721,0.057524624999999996,53.166666666666664,6.882344561751226,66,45,52.0,3.6028537455410277,1.4379622576786162,4.277777777777776,6,0.0400326,0.03924569782536679,0.090562,0.010263,0.013978,-2.779228802965763,0.6968314576366207,0.034009920000000006,,,,,,,,,,,,,,,,,
Coordinator,Coordinator,./Data\Physical_Interaction\Topology_B\4-Group_dataset\physicalInteraction6_group.csv,50.6,3.1304951684997055,52.0,45.0,52.0,5.000000000000014,-2.236067977499792,2.2399999999999993,5.0,0.050040749999999995,0.07671689804024057,0.16509,0.010263,0.012405,3.9908090973961308,1.9972918092851721,0.057524624999999996,53.166666666666664,6.882344561751226,66,45,52.0,3.6028537455410277,1.4379622576786162,4.277777777777776,6,0.0400326,0.03924569782536679,0.090562,0.010263,0.013978,-2.779228802965763,0.6968314576366207,0.034009920000000006,,,,,,,,,,,,,,,,,
Coordinator,Coordinator,./Data\Physical_Interaction\Topology_B\4-Group_dataset\physicalInteraction6_group.csv,50.6,3.1304951684997055,52.0,45.0,52.0,5.000000000000014,-2.236067977499792,2.2399999999999993,5.0,0.050040749999999995,0.07671689804024057,0.16509,0.010263,0.012405,3.9908090973961308,1.9972918092851721,0.057524624999999996,53.166666666666664,6.882344561751226,66,45,52.0,3.6028537455410277,1.4379622576786162,4.277777777777776,6,0.0400326,0.03924569782536679,0.090562,0.010263,0.013978,-2.779228802965763,0.6968314576366207,0.034009920000000006,,,,,,,,,,,,,,,,,
Coordinator,Coordinator,./Data\Physical_Interaction\Topology_B\4-Group_dataset\physicalInteraction6_group.csv,57.0,12.12435565298214,71.0,50.0,50.0,,1.7320508075688774,9.333333333333334,3.0,0.053405999999999995,0.04531281675199634,0.085447,0.021365,0.053405999999999995,,,0.032041,56.5,9.9498743710662,71,50,52.5,2.750127538006325,1.6892756814053826,7.25,4,0.035604,0.03898039639357198,0.079702,0.005745,0.021365,,1.4244506319028594,0.029398666666666667,,,,,,,,,,,,,,,,,
Coordinator,Coordinator,./Data\Physical_Interaction\Topology_B\4-Group_dataset\physicalInteraction6_group.csv,57.0,12.12435565298214,71.0,50.0,50.0,,1.7320508075688774,9.333333333333334,3.0,0.053405999999999995,0.04531281675199634,0.085447,0.021365,0.053405999999999995,,,0.032041,56.5,9.9498743710662,71,50,52.5,2.750127538006325,1.6892756814053826,7.25,4,0.035604,0.03898039639357198,0.079702,0.005745,0.021365,,1.4244506319028594,0.029398666666666667,,,,,,,,,,,,,,,,,
Coordinator,Coordinator,./Data\Physical_Interaction\Topology_B\4-Group_dataset\physicalInteraction6_group.csv,57.0,12.12435565298214,71.0,50.0,50.0,,1.7320508075688774,9.333333333333334,3.0,0.053405999999999995,0.04531281675199634,0.085447,0.021365,0.053405999999999995,,,0.032041,56.5,9.9498743710662,71,50,52.5,2.750127538006325,1.6892756814053826,7.25,4,0.035604,0.03898039639357198,0.079702,0.005745,0.021365,,1.4244506319028594,0.029398666666666667,,,,,,,,,,,,,,,,,
Coordinator,Coordinator,./Data\Physical_Interaction\Topology_B\4-Group_dataset\physicalInteraction6_group.csv,60.5,14.849242404917497,71.0,50.0,60.5,,,10.5,2.0,0.411422,,0.411422,0.411422,0.411422,,,0.0,60.5,14.849242404917497,71,50,60.5,,,10.5,2,0.411422,,0.411422,0.411422,0.411422,,,0.0,,,,,,,,,,,,,,,,,
Coordinator,Coordinator,./Data\Physical_Interaction\Topology_B\4-Group_dataset\physicalInteraction6_group.csv,60.5,14.849242404917497,71.0,50.0,60.5,,,10.5,2.0,0.411422,,0.411422,0.411422,0.411422,,,0.0,60.5,14.849242404917497,71,50,60.5,,,10.5,2,0.411422,,0.411422,0.411422,0.411422,,,0.0,,,,,,,,,,,,,,,,,
Coordinator,Coordinator,./Data\Physical_Interaction\Topology_B\4-Group_dataset\physicalInteraction6_group.csv,60.5,14.849242404917497,71.0,50.0,60.5,,,10.5,2.0,0.411422,,0.411422,0.411422,0.411422,,,0.0,60.5,14.849242404917497,71,50,60.5,,,10.5,2,0.411422,,0.411422,0.411422,0.411422,,,0.0,,,,,,,,,,,,,,,,,
Coordinator,Coordinator,./Data\Physical_Interaction\Topology_B\4-Group_dataset\physicalInteraction6_group.csv,49.57142857142857,4.353433237386437,54.0,45.0,52.0,-2.607964445342291,-0.23824551178161682,3.918367346938776,7.0,0.03496016666666667,0.018050876337914086,0.053366,0.00988,0.0398565,-1.6452970059407805,-0.6047669676423767,0.01461911111111111,52.55555555555556,7.019813229550896,63,45,52.0,-0.866767028913733,0.4601475391077224,5.283950617283951,9,0.026220125,0.010510439618880976,0.042654,0.00988,0.0253095,-0.17123751628578354,0.05792293414860102,0.0076091562500000005,63.0,0.0,63.0,63.0,63.0,,,0.0,2.0,0.107319,,0.107319,0.107319,0.107319,,,0.0
Coordinator,Coordinator,./Data\Physical_Interaction\Topology_B\4-Group_dataset\physicalInteraction6_group.csv,49.57142857142857,4.353433237386437,54.0,45.0,52.0,-2.607964445342291,-0.23824551178161682,3.918367346938776,7.0,0.03496016666666667,0.018050876337914086,0.053366,0.00988,0.0398565,-1.6452970059407805,-0.6047669676423767,0.01461911111111111,52.55555555555556,7.019813229550896,63,45,52.0,-0.866767028913733,0.4601475391077224,5.283950617283951,9,0.026220125,0.010510439618880976,0.042654,0.00988,0.0253095,-0.17123751628578354,0.05792293414860102,0.0076091562500000005,63.0,0.0,63.0,63.0,63.0,,,0.0,2.0,0.107319,,0.107319,0.107319,0.107319,,,0.0
Coordinator,Coordinator,./Data\Physical_Interaction\Topology_B\4-Group_dataset\physicalInteraction6_group.csv,49.57142857142857,4.353433237386437,54.0,45.0,52.0,-2.607964445342291,-0.23824551178161682,3.918367346938776,7.0,0.03496016666666667,0.018050876337914086,0.053366,0.00988,0.0398565,-1.6452970059407805,-0.6047669676423767,0.01461911111111111,52.55555555555556,7.019813229550896,63,45,52.0,-0.866767028913733,0.4601475391077224,5.283950617283951,9,0.026220125,0.010510439618880976,0.042654,0.00988,0.0253095,-0.17123751628578354,0.05792293414860102,0.0076091562500000005,63.0,0.0,63.0,63.0,63.0,,,0.0,2.0,0.107319,,0.107319,0.107319,0.107319,,,0.0
Coordinator,Coordinator,./Data\Physical_Interaction\Topology_B\4-Group_dataset\physicalInteraction6_group.csv,,,,,,,,,,,,,,,,,,55.0,1.7320508075688772,57,54,54.0,,1.7320508075688774,1.3333333333333333,3,0.0954755,0.06798336726361824,0.143547,0.047404,0.0954755,,,0.0480715,55.0,1.7320508075688772,57.0,54.0,54.0,,1.7320508075688774,1.3333333333333333,3.0,0.0954755,0.06798336726361824,0.143547,0.047404,0.0954755,,,0.0480715
Coordinator,Coordinator,./Data\Physical_Interaction\Topology_B\4-Group_dataset\physicalInteraction6_group.csv,,,,,,,,,,,,,,,,,,55.0,1.7320508075688772,57,54,54.0,,1.7320508075688774,1.3333333333333333,3,0.0954755,0.06798336726361824,0.143547,0.047404,0.0954755,,,0.0480715,55.0,1.7320508075688772,57.0,54.0,54.0,,1.7320508075688774,1.3333333333333333,3.0,0.0954755,0.06798336726361824,0.143547,0.047404,0.0954755,,,0.0480715
Coordinator,Coordinator,./Data\Physical_Interaction\Topology_B\4-Group_dataset\physicalInteraction6_group.csv,,,,,,,,,,,,,,,,,,55.0,1.7320508075688772,57,54,54.0,,1.7320508075688774,1.3333333333333333,3,0.0954755,0.06798336726361824,0.143547,0.047404,0.0954755,,,0.0480715,55.0,1.7320508075688772,57.0,54.0,54.0,,1.7320508075688774,1.3333333333333333,3.0,0.0954755,0.06798336726361824,0.143547,0.047404,0.0954755,,,0.0480715
Coordinator,Coordinator,./Data\Physical_Interaction\Topology_B\4-Group_dataset\physicalInteraction6_group.csv,47.72727272727273,3.8233730942953787,54.0,45.0,45.0,-1.6483425534021445,0.7409475010068947,3.4710743801652892,11.0,0.0179763,0.01813595903202009,0.064124,0.004127,0.012326,5.081988628133511,2.1972153065369677,0.012171079999999999,53.0625,8.789908987014599,66,45,52.0,-1.4867060247189703,0.5371233805343661,7.453125,16,0.013577133333333333,0.014184353179606377,0.060804,0.00332,0.011272,9.859408659356319,2.9618278449602933,0.008212995555555555,64.8,1.6431676725154982,66.0,63.0,66.0,-3.3333333333333446,-0.608580619450176,1.4400000000000006,5.0,0.042687750000000003,0.04339409164371728,0.101275,0.007366,0.031055,-0.1643249272386047,1.056614285649871,0.03282075
Coordinator,Coordinator,./Data\Physical_Interaction\Topology_B\4-Group_dataset\physicalInteraction6_group.csv,47.72727272727273,3.8233730942953787,54.0,45.0,45.0,-1.6483425534021445,0.7409475010068947,3.4710743801652892,11.0,0.0179763,0.01813595903202009,0.064124,0.004127,0.012326,5.081988628133511,2.1972153065369677,0.012171079999999999,53.0625,8.789908987014599,66,45,52.0,-1.4867060247189703,0.5371233805343661,7.453125,16,0.013577133333333333,0.014184353179606377,0.060804,0.00332,0.011272,9.859408659356319,2.9618278449602933,0.008212995555555555,64.8,1.6431676725154982,66.0,63.0,66.0,-3.3333333333333446,-0.608580619450176,1.4400000000000006,5.0,0.042687750000000003,0.04339409164371728,0.101275,0.007366,0.031055,-0.1643249272386047,1.056614285649871,0.03282075
Coordinator,Coordinator,./Data\Physical_Interaction\Topology_B\4-Group_dataset\physicalInteraction6_group.csv,47.72727272727273,3.8233730942953787,54.0,45.0,45.0,-1.6483425534021445,0.7409475010068947,3.4710743801652892,11.0,0.0179763,0.01813595903202009,0.064124,0.004127,0.012326,5.081988628133511,2.1972153065369677,0.012171079999999999,53.0625,8.789908987014599,66,45,52.0,-1.4867060247189703,0.5371233805343661,7.453125,16,0.013577133333333333,0.014184353179606377,0.060804,0.00332,0.011272,9.859408659356319,2.9618278449602933,0.008212995555555555,64.8,1.6431676725154982,66.0,63.0,66.0,-3.3333333333333446,-0.608580619450176,1.4400000000000006,5.0,0.042687750000000003,0.04339409164371728,0.101275,0.007366,0.031055,-0.1643249272386047,1.056614285649871,0.03282075
Coordinator,Coordinator,./Data\Physical_Interaction\Topology_B\4-Group_dataset\physicalInteraction6_group.csv,51.23529411764706,5.093248125762994,71.0,50.0,50.0,16.999999999999993,4.123105625617661,2.3252595155709335,17.0,0.093348375,0.28560858882810813,1.154863,0.003201,0.005107,15.31398833526805,3.884871630168436,0.13791865625,51.23529411764706,5.093248125762994,71,50,50.0,16.999999999999993,4.123105625617661,2.3252595155709335,17,0.093348375,0.28560858882810813,1.154863,0.003201,0.005107,15.31398833526805,3.884871630168436,0.13791865625,,,,,,,,,,,,,,,,,
Coordinator,Coordinator,./Data\Physical_Interaction\Topology_B\4-Group_dataset\physicalInteraction6_group.csv,51.23529411764706,5.093248125762994,71.0,50.0,50.0,16.999999999999993,4.123105625617661,2.3252595155709335,17.0,0.093348375,0.28560858882810813,1.154863,0.003201,0.005107,15.31398833526805,3.884871630168436,0.13791865625,51.23529411764706,5.093248125762994,71,50,50.0,16.999999999999993,4.123105625617661,2.3252595155709335,17,0.093348375,0.28560858882810813,1.154863,0.003201,0.005107,15.31398833526805,3.884871630168436,0.13791865625,,,,,,,,,,,,,,,,,
Coordinator,Coordinator,./Data\Physical_Interaction\Topology_B\4-Group_dataset\physicalInteraction6_group.csv,50.0,0.0,50.0,50.0,50.0,0.0,0.0,0.0,16.0,0.022580733333333332,0.039324478464376846,0.135183,0.003201,0.005067,4.742503361093708,2.318497980153064,0.02746824,50.0,0.0,50,50,50.0,0.0,0.0,0.0,16,0.022580733333333332,0.039324478464376846,0.135183,0.003201,0.005067,4.742503361093708,2.318497980153064,0.02746824,,,,,,,,,,,,,,,,,
Coordinator,Coordinator,./Data\Physical_Interaction\Topology_B\4-Group_dataset\physicalInteraction6_group.csv,49.6,4.277849927241488,54.0,45.0,52.0,-3.0108393800949544,-0.43558984299004233,3.6799999999999997,5.0,0.04969,0.035668670566759285,0.094133,0.012131,0.046248,-1.1366935291045408,0.44826105214759593,0.027634999999999996,56.888888888888886,9.15757124521077,66,45,54.0,-1.9535407912853135,-0.12417391795794544,8.098765432098766,9,0.024845,0.013313195226648528,0.045471,0.005324,0.0227045,-0.6366865133887023,0.16625111391879296,0.0103605,66.0,0.0,66.0,66.0,66.0,0.0,0.0,0.0,4.0,0.036413666666666664,0.027695002912679633,0.058446,0.005324,0.045471,,-1.3142717675609699,0.020726444444444447
Coordinator,Coordinator,./Data\Physical_Interaction\Topology_B\4-Group_dataset\physicalInteraction6_group.csv,49.6,4.277849927241488,54.0,45.0,52.0,-3.0108393800949544,-0.43558984299004233,3.6799999999999997,5.0,0.04969,0.035668670566759285,0.094133,0.012131,0.046248,-1.1366935291045408,0.44826105214759593,0.027634999999999996,56.888888888888886,9.15757124521077,66,45,54.0,-1.9535407912853135,-0.12417391795794544,8.098765432098766,9,0.024845,0.013313195226648528,0.045471,0.005324,0.0227045,-0.6366865133887023,0.16625111391879296,0.0103605,66.0,0.0,66.0,66.0,66.0,0.0,0.0,0.0,4.0,0.036413666666666664,0.027695002912679633,0.058446,0.005324,0.045471,,-1.3142717675609699,0.020726444444444447
Coordinator,Coordinator,./Data\Physical_Interaction\Topology_B\4-Group_dataset\physicalInteraction6_group.csv,49.6,4.277849927241488,54.0,45.0,52.0,-3.0108393800949544,-0.43558984299004233,3.6799999999999997,5.0,0.04969,0.035668670566759285,0.094133,0.012131,0.046248,-1.1366935291045408,0.44826105214759593,0.027634999999999996,56.888888888888886,9.15757124521077,66,45,54.0,-1.9535407912853135,-0.12417391795794544,8.098765432098766,9,0.024845,0.013313195226648528,0.045471,0.005324,0.0227045,-0.6366865133887023,0.16625111391879296,0.0103605,66.0,0.0,66.0,66.0,66.0,0.0,0.0,0.0,4.0,0.036413666666666664,0.027695002912679633,0.058446,0.005324,0.045471,,-1.3142717675609699,0.020726444444444447
Coordinator,Coordinator,./Data\Physical_Interaction\Topology_B\4-Group_dataset\physicalInteraction6_group.csv,,,,,,,,,,,,,,,,,,52.5,3.5355339059327378,55,50,52.5,,,2.5,2,0.008892,,0.008892,0.008892,0.008892,,,0.0,,,,,,,,,,,,,,,,,
Coordinator,Coordinator,./Data\Physical_Interaction\Topology_B\4-Group_dataset\physicalInteraction6_group.csv,,,,,,,,,,,,,,,,,,52.5,3.5355339059327378,55,50,52.5,,,2.5,2,0.008892,,0.008892,0.008892,0.008892,,,0.0,,,,,,,,,,,,,,,,,
Coordinator,Coordinator,./Data\Physical_Interaction\Topology_B\4-Group_dataset\physicalInteraction6_group.csv,,,,,,,,,,,,,,,,,,52.5,3.5355339059327378,55,50,52.5,,,2.5,2,0.008892,,0.008892,0.008892,0.008892,,,0.0,,,,,,,,,,,,,,,,,
Coordinator,Coordinator,./Data\Physical_Interaction\Topology_B\4-Group_dataset\physicalInteraction6_group.csv,52.0,10.119288512538814,71.0,45.0,48.5,2.9317855834960938,1.6901895428524472,7.0,6.0,0.1299334,0.18617733172113085,0.459076,0.017092,0.041796,4.519532628836609,2.1114883344811815,0.13165703999999998,57.3,10.22035007010795,71,45,58.5,-1.8780203863593954,-0.1346981314519105,9.1,10,0.07218522222222222,0.1458713107080842,0.459076,0.005184,0.024088,8.723412499376828,2.9386746393201744,0.08597572839506173,65.25,1.5,66.0,63.0,66.0,4.0,-1.9999999999999998,1.125,4.0,0.032147666666666665,0.032880580018201225,0.068778,0.005184,0.022481,,1.2086224791958013,0.02442022222222222
Coordinator,Coordinator,./Data\Physical_Interaction\Topology_B\4-Group_dataset\physicalInteraction6_group.csv,52.0,10.119288512538814,71.0,45.0,48.5,2.9317855834960938,1.6901895428524472,7.0,6.0,0.1299334,0.18617733172113085,0.459076,0.017092,0.041796,4.519532628836609,2.1114883344811815,0.13165703999999998,57.3,10.22035007010795,71,45,58.5,-1.8780203863593954,-0.1346981314519105,9.1,10,0.07218522222222222,0.1458713107080842,0.459076,0.005184,0.024088,8.723412499376828,2.9386746393201744,0.08597572839506173,65.25,1.5,66.0,63.0,66.0,4.0,-1.9999999999999998,1.125,4.0,0.032147666666666665,0.032880580018201225,0.068778,0.005184,0.022481,,1.2086224791958013,0.02442022222222222
Coordinator,Coordinator,./Data\Physical_Interaction\Topology_B\4-Group_dataset\physicalInteraction6_group.csv,52.0,10.119288512538814,71.0,45.0,48.5,2.9317855834960938,1.6901895428524472,7.0,6.0,0.1299334,0.18617733172113085,0.459076,0.017092,0.041796,4.519532628836609,2.1114883344811815,0.13165703999999998,57.3,10.22035007010795,71,45,58.5,-1.8780203863593954,-0.1346981314519105,9.1,10,0.07218522222222222,0.1458713107080842,0.459076,0.005184,0.024088,8.723412499376828,2.9386746393201744,0.08597572839506173,65.25,1.5,66.0,63.0,66.0,4.0,-1.9999999999999998,1.125,4.0,0.032147666666666665,0.032880580018201225,0.068778,0.005184,0.022481,,1.2086224791958013,0.02442022222222222
Coordinator,Coordinator,./Data\Physical_Interaction\Topology_B\4-Group_dataset\physicalInteraction6_group.csv,,,,,,,,,,,,,,,,,,54.0,0.0,54,54,54.0,,,0.0,2,1.627186,,1.627186,1.627186,1.627186,,,0.0,54.0,0.0,54.0,54.0,54.0,,,0.0,2.0,1.627186,,1.627186,1.627186,1.627186,,,0.0
Coordinator,Coordinator,./Data\Physical_Interaction\Topology_B\4-Group_dataset\physicalInteraction6_group.csv,,,,,,,,,,,,,,,,,,48.0,5.196152422706632,54,45,45.0,,1.7320508075688774,4.0,3,0.7558105,0.9722329332585377,1.443283,0.068338,0.7558105,,,0.6874725,48.0,5.196152422706632,54.0,45.0,45.0,,1.7320508075688774,4.0,3.0,0.7558105,0.9722329332585377,1.443283,0.068338,0.7558105,,,0.6874725
Coordinator,Coordinator,./Data\Physical_Interaction\Topology_B\4-Group_dataset\physicalInteraction6_group.csv,,,,,,,,,,,,,,,,,,48.0,5.196152422706632,54,45,45.0,,1.7320508075688774,4.0,3,0.7558105,0.9722329332585377,1.443283,0.068338,0.7558105,,,0.6874725,48.0,5.196152422706632,54.0,45.0,45.0,,1.7320508075688774,4.0,3.0,0.7558105,0.9722329332585377,1.443283,0.068338,0.7558105,,,0.6874725
Coordinator,Coordinator,./Data\Physical_Interaction\Topology_B\4-Group_dataset\physicalInteraction6_group.csv,,,,,,,,,,,,,,,,,,45.0,0.0,45,45,45.0,,,0.0,2,0.068338,,0.068338,0.068338,0.068338,,,0.0,45.0,0.0,45.0,45.0,45.0,,,0.0,2.0,0.068338,,0.068338,0.068338,0.068338,,,0.0
Coordinator,Coordinator,./Data\Physical_Interaction\Topology_B\4-Group_dataset\physicalInteraction6_group.csv,45.0,0.0,45.0,45.0,45.0,,,0.0,2.0,0.016611,,0.016611,0.016611,0.016611,,,0.0,49.0,6.928203230275509,57,45,45.0,,1.7320508075688774,5.333333333333333,3,0.028414000000000002,0.016691962676689643,0.040217,0.016611,0.028414000000000002,,,0.011803000000000001,,,,,,,,,,,,,,,,,
Coordinator,Coordinator,./Data\Physical_Interaction\Topology_B\4-Group_dataset\physicalInteraction6_group.csv,45.0,0.0,45.0,45.0,45.0,,,0.0,2.0,0.016611,,0.016611,0.016611,0.016611,,,0.0,49.0,6.928203230275509,57,45,45.0,,1.7320508075688774,5.333333333333333,3,0.028414000000000002,0.016691962676689643,0.040217,0.016611,0.028414000000000002,,,0.011803000000000001,,,,,,,,,,,,,,,,,
Coordinator,Coordinator,./Data\Physical_Interaction\Topology_B\4-Group_dataset\physicalInteraction6_group.csv,45.0,0.0,45.0,45.0,45.0,,,0.0,2.0,0.016611,,0.016611,0.016611,0.016611,,,0.0,49.0,6.928203230275509,57,45,45.0,,1.7320508075688774,5.333333333333333,3,0.028414000000000002,0.016691962676689643,0.040217,0.016611,0.028414000000000002,,,0.011803000000000001,,,,,,,,,,,,,,,,,
Coordinator,Coordinator,./Data\Physical_Interaction\Topology_B\4-Group_dataset\physicalInteraction6_group.csv,48.285714285714285,4.15187851918806,54.0,45.0,45.0,-2.3955679008577264,0.4798466969018583,3.7551020408163263,7.0,0.030356166666666667,0.016548120877207376,0.047753,0.00937,0.0336015,-1.8426699937717927,-0.4293227056443865,0.013241111111111108,53.90909090909091,8.47885069398613,66,45,52.0,-1.7868746144649306,0.23641793261796126,7.1735537190082646,11,0.0182137,0.013719945732399964,0.04474,0.003013,0.0136335,-0.028325545292879006,1.0324923324150317,0.01090298,63.75,1.5,66.0,63.0,63.0,4.0,1.9999999999999998,1.125,4.0,0.048820333333333334,0.031787635352969135,0.084203,0.022673,0.039585,,1.1970392370495269,0.023588444444444443
Coordinator,Coordinator,./Data\Physical_Interaction\Topology_B\4-Group_dataset\physicalInteraction6_group.csv,48.285714285714285,4.15187851918806,54.0,45.0,45.0,-2.3955679008577264,0.4798466969018583,3.7551020408163263,7.0,0.030356166666666667,0.016548120877207376,0.047753,0.00937,0.0336015,-1.8426699937717927,-0.4293227056443865,0.013241111111111108,53.90909090909091,8.47885069398613,66,45,52.0,-1.7868746144649306,0.23641793261796126,7.1735537190082646,11,0.0182137,0.013719945732399964,0.04474,0.003013,0.0136335,-0.028325545292879006,1.0324923324150317,0.01090298,63.75,1.5,66.0,63.0,63.0,4.0,1.9999999999999998,1.125,4.0,0.048820333333333334,0.031787635352969135,0.084203,0.022673,0.039585,,1.1970392370495269,0.023588444444444443
Coordinator,Coordinator,./Data\Physical_Interaction\Topology_B\4-Group_dataset\physicalInteraction6_group.csv,51.125,8.903249807955358,71.0,45.0,48.5,3.9252511720414613,1.8776349929512235,6.125,8.0,0.30604085714285717,0.7295495460861285,1.960149,0.00937,0.034869,6.990410343486163,2.6433655609344084,0.47260232653061224,55.333333333333336,9.470848414844875,71,45,53.0,-1.4988002191380572,0.24667443864420388,8.222222222222221,12,0.19475327272727272,0.5856601756529277,1.960149,0.003013,0.015648,10.985495123143075,3.3136336447002672,0.32098104132231403,63.75,1.5,66.0,63.0,63.0,4.0,1.9999999999999998,1.125,4.0,0.048820333333333334,0.031787635352969135,0.084203,0.022673,0.039585,,1.1970392370495269,0.023588444444444443
Coordinator,Coordinator,./Data\Physical_Interaction\Topology_B\4-Group_dataset\physicalInteraction6_group.csv,,,,,,,,,,,,,,,,,,53.5,4.949747468305833,57,50,53.5,,,3.5,2,0.040471,,0.040471,0.040471,0.040471,,,0.0,,,,,,,,,,,,,,,,,
Coordinator,Coordinator,./Data\Physical_Interaction\Topology_B\4-Group_dataset\physicalInteraction6_group.csv,,,,,,,,,,,,,,,,,,53.5,4.949747468305833,57,50,53.5,,,3.5,2,0.040471,,0.040471,0.040471,0.040471,,,0.0,,,,,,,,,,,,,,,,,
Coordinator,Coordinator,./Data\Physical_Interaction\Topology_B\4-Group_dataset\physicalInteraction6_group.csv,,,,,,,,,,,,,,,,,,53.5,4.949747468305833,57,50,53.5,,,3.5,2,0.040471,,0.040471,0.040471,0.040471,,,0.0,,,,,,,,,,,,,,,,,
Coordinator,Coordinator,./Data\Physical_Interaction\Topology_B\4-Group_dataset\physicalInteraction6_group.csv,50.125,4.323936698360485,54.0,45.0,52.0,-2.182326910288093,-0.5091490299973558,3.84375,8.0,0.031713285714285715,0.025637802556084284,0.085099,0.011314,0.025132,3.763242504774725,1.8415852321040433,0.01758289795918367,53.90909090909091,7.46263419248921,66,45,54.0,-0.9771179162924111,0.3337555255189525,5.553719008264463,11,0.0221993,0.021223255897717484,0.076045,0.007086,0.0121905,4.916289246204074,2.1310334353976828,0.014849560000000003,64.0,1.7320508075688772,66.0,63.0,63.0,,1.7320508075688774,1.3333333333333333,3.0,0.072709,0.07676634059273635,0.126991,0.018427,0.072709,,,0.054282
Coordinator,Coordinator,./Data\Physical_Interaction\Topology_B\4-Group_dataset\physicalInteraction6_group.csv,50.125,4.323936698360485,54.0,45.0,52.0,-2.182326910288093,-0.5091490299973558,3.84375,8.0,0.031713285714285715,0.025637802556084284,0.085099,0.011314,0.025132,3.763242504774725,1.8415852321040433,0.01758289795918367,53.90909090909091,7.46263419248921,66,45,54.0,-0.9771179162924111,0.3337555255189525,5.553719008264463,11,0.0221993,0.021223255897717484,0.076045,0.007086,0.0121905,4.916289246204074,2.1310334353976828,0.014849560000000003,64.0,1.7320508075688772,66.0,63.0,63.0,,1.7320508075688774,1.3333333333333333,3.0,0.072709,0.07676634059273635,0.126991,0.018427,0.072709,,,0.054282
Coordinator,Coordinator,./Data\Physical_Interaction\Topology_B\4-Group_dataset\physicalInteraction6_group.csv,50.125,4.323936698360485,54.0,45.0,52.0,-2.182326910288093,-0.5091490299973558,3.84375,8.0,0.031713285714285715,0.025637802556084284,0.085099,0.011314,0.025132,3.763242504774725,1.8415852321040433,0.01758289795918367,53.90909090909091,7.46263419248921,66,45,54.0,-0.9771179162924111,0.3337555255189525,5.553719008264463,11,0.0221993,0.021223255897717484,0.076045,0.007086,0.0121905,4.916289246204074,2.1310334353976828,0.014849560000000003,64.0,1.7320508075688772,66.0,63.0,63.0,,1.7320508075688774,1.3333333333333333,3.0,0.072709,0.07676634059273635,0.126991,0.018427,0.072709,,,0.054282
Coordinator,Coordinator,./Data\Physical_Interaction\Topology_B\4-Group_dataset\physicalInteraction6_group.csv,50.0,0.0,50.0,50.0,50.0,,,0.0,2.0,1.062628,,1.062628,1.062628,1.062628,,,0.0,48.333333333333336,2.8867513459481287,50,45,50.0,,-1.7320508075688854,2.2222222222222214,3,0.5348255,0.7464254537544255,1.062628,0.007023,0.5348255,,,0.5278025,,,,,,,,,,,,,,,,,
Coordinator,Coordinator,./Data\Physical_Interaction\Topology_B\4-Group_dataset\physicalInteraction6_group.csv,50.0,0.0,50.0,50.0,50.0,,,0.0,2.0,1.062628,,1.062628,1.062628,1.062628,,,0.0,48.333333333333336,2.8867513459481287,50,45,50.0,,-1.7320508075688854,2.2222222222222214,3,0.5348255,0.7464254537544255,1.062628,0.007023,0.5348255,,,0.5278025,,,,,,,,,,,,,,,,,
Coordinator,Coordinator,./Data\Physical_Interaction\Topology_B\4-Group_dataset\physicalInteraction6_group.csv,,,,,,,,,,,,,,,,,,47.5,3.5355339059327378,50,45,47.5,,,2.5,2,0.007023,,0.007023,0.007023,0.007023,,,0.0,,,,,,,,,,,,,,,,,
Coordinator,Coordinator,./Data\Physical_Interaction\Topology_B\4-Group_dataset\physicalInteraction6_group.csv,,,,,,,,,,,,,,,,,,54.0,1.4142135623730951,55,53,54.0,,,1.0,2,0.146005,,0.146005,0.146005,0.146005,,,0.0,54.0,1.4142135623730951,55.0,53.0,54.0,,,1.0,2.0,0.146005,,0.146005,0.146005,0.146005,,,0.0
Coordinator,Coordinator,./Data\Physical_Interaction\Topology_B\4-Group_dataset\physicalInteraction6_group.csv,,,,,,,,,,,,,,,,,,54.0,1.4142135623730951,55,53,54.0,,,1.0,2,0.146005,,0.146005,0.146005,0.146005,,,0.0,54.0,1.4142135623730951,55.0,53.0,54.0,,,1.0,2.0,0.146005,,0.146005,0.146005,0.146005,,,0.0
Coordinator,Coordinator,./Data\Physical_Interaction\Topology_B\4-Group_dataset\physicalInteraction6_group.csv,,,,,,,,,,,,,,,,,,54.0,1.4142135623730951,55,53,54.0,,,1.0,2,0.146005,,0.146005,0.146005,0.146005,,,0.0,54.0,1.4142135623730951,55.0,53.0,54.0,,,1.0,2.0,0.146005,,0.146005,0.146005,0.146005,,,0.0
Coordinator,Coordinator,./Data\Physical_Interaction\Topology_B\4-Group_dataset\physicalInteraction6_group.csv,,,,,,,,,,,,,,,,,,53.0,0.0,53,53,53.0,,,0.0,2,0.013021,,0.013021,0.013021,0.013021,,,0.0,53.0,0.0,53.0,53.0,53.0,,,0.0,2.0,0.013021,,0.013021,0.013021,0.013021,,,0.0
Coordinator,Coordinator,./Data\Physical_Interaction\Topology_B\4-Group_dataset\physicalInteraction6_group.csv,,,,,,,,,,,,,,,,,,53.0,0.0,53,53,53.0,,,0.0,2,0.013021,,0.013021,0.013021,0.013021,,,0.0,53.0,0.0,53.0,53.0,53.0,,,0.0,2.0,0.013021,,0.013021,0.013021,0.013021,,,0.0
Coordinator,Coordinator,./Data\Physical_Interaction\Topology_B\4-Group_dataset\physicalInteraction6_group.csv,,,,,,,,,,,,,,,,,,53.0,0.0,53,53,53.0,,,0.0,2,0.013021,,0.013021,0.013021,0.013021,,,0.0,53.0,0.0,53.0,53.0,53.0,,,0.0,2.0,0.013021,,0.013021,0.013021,0.013021,,,0.0
Coordinator,Coordinator,./Data\Physical_Interaction\Topology_B\4-Group_dataset\physicalInteraction6_group.csv,,,,,,,,,,,,,,,,,,49.25,5.678908345800274,57,45,47.5,0.15407727900967494,1.1370784573166584,4.25,4,0.039525,0.028557988392041902,0.060536,0.007009,0.05103,,-1.5186585383632543,0.021677333333333337,49.0,6.928203230275509,57.0,45.0,45.0,,1.7320508075688774,5.333333333333333,3.0,0.05928749999999999,0.011677868491295828,0.067545,0.05103,0.05928749999999999,,,0.008257499999999997
Coordinator,Coordinator,./Data\Physical_Interaction\Topology_B\4-Group_dataset\physicalInteraction6_group.csv,,,,,,,,,,,,,,,,,,49.25,5.678908345800274,57,45,47.5,0.15407727900967494,1.1370784573166584,4.25,4,0.039525,0.028557988392041902,0.060536,0.007009,0.05103,,-1.5186585383632543,0.021677333333333337,49.0,6.928203230275509,57.0,45.0,45.0,,1.7320508075688774,5.333333333333333,3.0,0.05928749999999999,0.011677868491295828,0.067545,0.05103,0.05928749999999999,,,0.008257499999999997
Coordinator,Coordinator,./Data\Physical_Interaction\Topology_B\4-Group_dataset\physicalInteraction6_group.csv,47.69230769230769,3.637412436165197,54.0,45.0,45.0,-1.5134015929986746,0.709969649197172,3.3136094674556213,13.0,0.16706658333333335,0.5115123954386209,1.790511,0.004239,0.0132525,11.968249985237525,3.457803018145311,0.27057406944444445,51.25,7.765476906085509,66,45,47.5,-0.5752302907557065,0.928044217941428,6.375,20,0.11138763157894738,0.40527424368461223,1.783502,0.004239,0.010492,18.922053992452607,4.346278287077389,0.17601203878116345,57.857142857142854,9.281317640446165,66.0,45.0,63.0,-1.3220316328803774,-0.8461871091512421,7.591836734693878,7.0,0.34967283333333327,0.7074408001017235,1.793669,0.05103,0.064835,5.9982181571653825,2.4490213165411405,0.4813320555555556
Coordinator,Coordinator,./Data\Physical_Interaction\Topology_B\4-Group_dataset\physicalInteraction6_group.csv,47.5,3.729489363048366,54.0,45.0,45.0,-1.3228758169934638,0.8895713959381801,3.3333333333333335,12.0,0.019480727272727275,0.017102717778709378,0.049366,0.004239,0.011479,-0.3276747976943497,1.0967931653172651,0.013728694214876037,51.75,8.282511696339462,66,45,48.5,-0.9323608248375992,0.8295153558637242,6.75,16,0.014285866666666668,0.011735914121476294,0.041518,0.004239,0.01039,1.8854182715790708,1.6964584382703296,0.008517137777777777,64.5,1.7320508075688772,66.0,63.0,64.5,-6.0,0.0,1.5,4.0,0.06193099999999999,0.005820425328101031,0.067652,0.056016,0.062125,,-0.14982240860478616,0.003943333333333336
Coordinator,Coordinator,./Data\Physical_Interaction\Topology_B\4-Group_dataset\physicalInteraction6_group.csv,47.5,3.729489363048366,54.0,45.0,45.0,-1.3228758169934638,0.8895713959381801,3.3333333333333335,12.0,0.019480727272727275,0.017102717778709378,0.049366,0.004239,0.011479,-0.3276747976943497,1.0967931653172651,0.013728694214876037,51.75,8.282511696339462,66,45,48.5,-0.9323608248375992,0.8295153558637242,6.75,16,0.014285866666666668,0.011735914121476294,0.041518,0.004239,0.01039,1.8854182715790708,1.6964584382703296,0.008517137777777777,64.5,1.7320508075688772,66.0,63.0,64.5,-6.0,0.0,1.5,4.0,0.06193099999999999,0.005820425328101031,0.067652,0.056016,0.062125,,-0.14982240860478616,0.003943333333333336
Coordinator,Coordinator,./Data\Physical_Interaction\Topology_B\4-Group_dataset\physicalInteraction6_group.csv,,,,,,,,,,,,,,,,,,58.0,18.384776310850235,71,45,58.0,,,13.0,2,0.488218,,0.488218,0.488218,0.488218,,,0.0,,,,,,,,,,,,,,,,,
Coordinator,Coordinator,./Data\Physical_Interaction\Topology_B\4-Group_dataset\physicalInteraction6_group.csv,,,,,,,,,,,,,,,,,,58.0,18.384776310850235,71,45,58.0,,,13.0,2,0.488218,,0.488218,0.488218,0.488218,,,0.0,,,,,,,,,,,,,,,,,
Coordinator,Coordinator,./Data\Physical_Interaction\Topology_B\4-Group_dataset\physicalInteraction6_group.csv,50.0,3.9496835316262997,54.0,45.0,52.0,-1.780078895463511,-0.788768160901702,3.3333333333333335,6.0,0.0385234,0.027976022685506956,0.084353,0.012634,0.036591,2.1770112044591343,1.3738340803951696,0.018671280000000002,56.1,8.45182426067493,66,45,53.0,-1.6740218563123954,0.06628107372519652,7.32,10,0.021401888888888887,0.012415692141846587,0.039372,0.003477,0.021089,-0.8728492515455932,0.2636101598561902,0.009779432098765433,65.25,1.5,66.0,63.0,66.0,4.0,-1.9999999999999998,1.125,4.0,0.046718666666666665,0.01497481693822443,0.063985,0.037279,0.038892,,1.7094703213874716,0.011510888888888888
Coordinator,Coordinator,./Data\Physical_Interaction\Topology_B\4-Group_dataset\physicalInteraction6_group.csv,50.0,3.9496835316262997,54.0,45.0,52.0,-1.780078895463511,-0.788768160901702,3.3333333333333335,6.0,0.0385234,0.027976022685506956,0.084353,0.012634,0.036591,2.1770112044591343,1.3738340803951696,0.018671280000000002,56.1,8.45182426067493,66,45,53.0,-1.6740218563123954,0.06628107372519652,7.32,10,0.021401888888888887,0.012415692141846587,0.039372,0.003477,0.021089,-0.8728492515455932,0.2636101598561902,0.009779432098765433,65.25,1.5,66.0,63.0,66.0,4.0,-1.9999999999999998,1.125,4.0,0.046718666666666665,0.01497481693822443,0.063985,0.037279,0.038892,,1.7094703213874716,0.011510888888888888
Coordinator,Coordinator,./Data\Physical_Interaction\Topology_B\4-Group_dataset\physicalInteraction6_group.csv,50.0,3.9496835316262997,54.0,45.0,52.0,-1.780078895463511,-0.788768160901702,3.3333333333333335,6.0,0.0385234,0.027976022685506956,0.084353,0.012634,0.036591,2.1770112044591343,1.3738340803951696,0.018671280000000002,56.1,8.45182426067493,66,45,53.0,-1.6740218563123954,0.06628107372519652,7.32,10,0.021401888888888887,0.012415692141846587,0.039372,0.003477,0.021089,-0.8728492515455932,0.2636101598561902,0.009779432098765433,65.25,1.5,66.0,63.0,66.0,4.0,-1.9999999999999998,1.125,4.0,0.046718666666666665,0.01497481693822443,0.063985,0.037279,0.038892,,1.7094703213874716,0.011510888888888888
Coordinator,Coordinator,./Data\Physical_Interaction\Topology_B\4-Group_dataset\physicalInteraction6_group.csv,55.0,14.0,71.0,45.0,49.0,,1.5743440233236154,10.666666666666666,3.0,0.0509285,0.0338456660814941,0.074861,0.026996,0.0509285,,,0.0239325,52.5,12.476644848141934,71,45,47.0,3.504055683688769,1.8690167188111138,9.25,4,0.033952333333333334,0.03207925345660858,0.068939,0.005922,0.026996,,0.9299315215949531,0.023324444444444443,,,,,,,,,,,,,,,,,
Coordinator,Coordinator,./Data\Physical_Interaction\Topology_B\4-Group_dataset\physicalInteraction6_group.csv,55.0,14.0,71.0,45.0,49.0,,1.5743440233236154,10.666666666666666,3.0,0.0509285,0.0338456660814941,0.074861,0.026996,0.0509285,,,0.0239325,52.5,12.476644848141934,71,45,47.0,3.504055683688769,1.8690167188111138,9.25,4,0.033952333333333334,0.03207925345660858,0.068939,0.005922,0.026996,,0.9299315215949531,0.023324444444444443,,,,,,,,,,,,,,,,,
Coordinator,Coordinator,./Data\Physical_Interaction\Topology_B\4-Group_dataset\physicalInteraction6_group.csv,50.65217391304348,4.558794653814995,71.0,45.0,50.0,20.39596327413419,4.32663263931929,1.7693761814744788,23.0,0.10179259090909093,0.3935695828408127,1.859641,0.002953,0.0047725,21.75634640750895,4.653990063195301,0.16041452892561986,50.416666666666664,4.60544731025513,71,45,50.0,19.31139751957699,4.077984408159166,1.7152777777777757,24,0.09736682608695653,0.3850579682019145,1.859641,0.002953,0.004926,22.75569973171452,4.7600522557499865,0.15420968241965974,,,,,,,,,,,,,,,,,
Coordinator,Coordinator,./Data\Physical_Interaction\Topology_B\4-Group_dataset\physicalInteraction6_group.csv,50.0,0.0,50.0,50.0,50.0,0.0,0.0,0.0,20.0,0.014628368421052631,0.025961558533104986,0.108504,0.002953,0.004526,10.010087665344336,3.053672831902712,0.016514897506925207,50.0,0.0,50,50,50.0,0.0,0.0,0.0,20,0.014628368421052631,0.025961558533104986,0.108504,0.002953,0.004526,10.010087665344336,3.053672831902712,0.016514897506925207,,,,,,,,,,,,,,,,,
Coordinator,Coordinator,./Data\Physical_Interaction\Topology_B\4-Group_dataset\physicalInteraction6_group.csv,50.0,0.0,50.0,50.0,50.0,0.0,0.0,0.0,20.0,0.014628368421052631,0.025961558533104986,0.108504,0.002953,0.004526,10.010087665344336,3.053672831902712,0.016514897506925207,50.0,0.0,50,50,50.0,0.0,0.0,0.0,20,0.014628368421052631,0.025961558533104986,0.108504,0.002953,0.004526,10.010087665344336,3.053672831902712,0.016514897506925207,,,,,,,,,,,,,,,,,
Coordinator,Coordinator,./Data\Physical_Interaction\Topology_B\4-Group_dataset\physicalInteraction6_group.csv,50.2,4.516635916254486,54.0,45.0,53.0,-2.253185587960673,-0.42544244501436196,4.159999999999999,10.0,0.018867000000000002,0.00962804242824054,0.033354,0.005735,0.016981,-1.1512026983054922,0.25343866498225953,0.007955111111111112,53.38461538461539,7.240378230664261,66,45,54.0,-0.8067442576161374,0.37010735019498825,5.372781065088757,13,0.016389416666666667,0.008812487178155299,0.030957,0.002483,0.0155515,-1.0580166765074046,0.011469700709910545,0.007373749999999999,64.0,1.7320508075688772,66.0,63.0,63.0,,1.7320508075688774,1.3333333333333333,3.0,0.0983365,0.04772051534193653,0.13208,0.064593,0.0983365,,,0.0337435
Coordinator,Coordinator,./Data\Physical_Interaction\Topology_B\4-Group_dataset\physicalInteraction6_group.csv,50.2,4.516635916254486,54.0,45.0,53.0,-2.253185587960673,-0.42544244501436196,4.159999999999999,10.0,0.018867000000000002,0.00962804242824054,0.033354,0.005735,0.016981,-1.1512026983054922,0.25343866498225953,0.007955111111111112,53.38461538461539,7.240378230664261,66,45,54.0,-0.8067442576161374,0.37010735019498825,5.372781065088757,13,0.016389416666666667,0.008812487178155299,0.030957,0.002483,0.0155515,-1.0580166765074046,0.011469700709910545,0.007373749999999999,64.0,1.7320508075688772,66.0,63.0,63.0,,1.7320508075688774,1.3333333333333333,3.0,0.0983365,0.04772051534193653,0.13208,0.064593,0.0983365,,,0.0337435
Coordinator,Coordinator,./Data\Physical_Interaction\Topology_B\4-Group_dataset\physicalInteraction6_group.csv,50.2,4.516635916254486,54.0,45.0,53.0,-2.253185587960673,-0.42544244501436196,4.159999999999999,10.0,0.018867000000000002,0.00962804242824054,0.033354,0.005735,0.016981,-1.1512026983054922,0.25343866498225953,0.007955111111111112,53.38461538461539,7.240378230664261,66,45,54.0,-0.8067442576161374,0.37010735019498825,5.372781065088757,13,0.016389416666666667,0.008812487178155299,0.030957,0.002483,0.0155515,-1.0580166765074046,0.011469700709910545,0.007373749999999999,64.0,1.7320508075688772,66.0,63.0,63.0,,1.7320508075688774,1.3333333333333333,3.0,0.0983365,0.04772051534193653,0.13208,0.064593,0.0983365,,,0.0337435
Coordinator,Coordinator,./Data\Physical_Interaction\Topology_B\4-Group_dataset\physicalInteraction6_group.csv,,,,,,,,,,,,,,,,,,55.5,2.1213203435596424,57,54,55.5,,,1.5,2,0.047183,,0.047183,0.047183,0.047183,,,0.0,55.5,2.1213203435596424,57.0,54.0,55.5,,,1.5,2.0,0.047183,,0.047183,0.047183,0.047183,,,0.0
Coordinator,Coordinator,./Data\Physical_Interaction\Topology_B\4-Group_dataset\physicalInteraction6_group.csv,,,,,,,,,,,,,,,,,,55.0,1.7320508075688772,57,54,54.0,,1.7320508075688774,1.3333333333333333,3,0.5148545,0.661387378035369,0.982526,0.047183,0.5148545,,,0.4676715,55.0,1.7320508075688772,57.0,54.0,54.0,,1.7320508075688774,1.3333333333333333,3.0,0.5148545,0.661387378035369,0.982526,0.047183,0.5148545,,,0.4676715
Coordinator,Coordinator,./Data\Physical_Interaction\Topology_B\4-Group_dataset\physicalInteraction6_group.csv,,,,,,,,,,,,,,,,,,55.0,1.7320508075688772,57,54,54.0,,1.7320508075688774,1.3333333333333333,3,0.5148545,0.661387378035369,0.982526,0.047183,0.5148545,,,0.4676715,55.0,1.7320508075688772,57.0,54.0,54.0,,1.7320508075688774,1.3333333333333333,3.0,0.5148545,0.661387378035369,0.982526,0.047183,0.5148545,,,0.4676715
Coordinator,Coordinator,./Data\Physical_Interaction\Topology_B\4-Group_dataset\physicalInteraction6_group.csv,47.5,3.729489363048366,54.0,45.0,45.0,-1.3228758169934638,0.8895713959381801,3.3333333333333335,12.0,0.018153363636363638,0.02035587882786065,0.074124,0.004501,0.011579,6.490477856439159,2.4712034704769095,0.013127074380165289,49.92857142857143,7.086979238383214,66,45,45.0,1.0568780068426191,1.3919745070301568,5.63265306122449,14,0.015360538461538462,0.01542852241583417,0.059442,0.004233,0.011579,5.678585285547406,2.327933483008878,0.010137751479289941,64.5,2.1213203435596424,66.0,63.0,64.5,,,1.5,2.0,0.102385,,0.102385,0.102385,0.102385,,,0.0
Coordinator,Coordinator,./Data\Physical_Interaction\Topology_B\4-Group_dataset\physicalInteraction6_group.csv,47.5,3.729489363048366,54.0,45.0,45.0,-1.3228758169934638,0.8895713959381801,3.3333333333333335,12.0,0.018153363636363638,0.02035587882786065,0.074124,0.004501,0.011579,6.490477856439159,2.4712034704769095,0.013127074380165289,49.92857142857143,7.086979238383214,66,45,45.0,1.0568780068426191,1.3919745070301568,5.63265306122449,14,0.015360538461538462,0.01542852241583417,0.059442,0.004233,0.011579,5.678585285547406,2.327933483008878,0.010137751479289941,64.5,2.1213203435596424,66.0,63.0,64.5,,,1.5,2.0,0.102385,,0.102385,0.102385,0.102385,,,0.0
Coordinator,Coordinator,./Data\Physical_Interaction\Topology_B\4-Group_dataset\physicalInteraction6_group.csv,47.5,3.729489363048366,54.0,45.0,45.0,-1.3228758169934638,0.8895713959381801,3.3333333333333335,12.0,0.018153363636363638,0.02035587882786065,0.074124,0.004501,0.011579,6.490477856439159,2.4712034704769095,0.013127074380165289,49.92857142857143,7.086979238383214,66,45,45.0,1.0568780068426191,1.3919745070301568,5.63265306122449,14,0.015360538461538462,0.01542852241583417,0.059442,0.004233,0.011579,5.678585285547406,2.327933483008878,0.010137751479289941,64.5,2.1213203435596424,66.0,63.0,64.5,,,1.5,2.0,0.102385,,0.102385,0.102385,0.102385,,,0.0
Coordinator,Coordinator,./Data\Physical_Interaction\Topology_B\4-Group_dataset\physicalInteraction6_group.csv,,,,,,,,,,,,,,,,,,64.0,9.899494936611665,71,57,64.0,,,7.0,2,1.673858,,1.673858,1.673858,1.673858,,,0.0,,,,,,,,,,,,,,,,,
Coordinator,Coordinator,./Data\Physical_Interaction\Topology_B\4-Group_dataset\physicalInteraction6_group.csv,48.285714285714285,4.15187851918806,54.0,45.0,45.0,-2.3955679008577255,0.47984669690185844,3.7551020408163263,7.0,0.0358255,0.026397995353814277,0.075716,0.011583,0.0264055,-1.1853683273626476,0.8370075009556471,0.021552666666666668,55.76923076923077,8.973608027189565,66,45,54.0,-1.9012502304039964,-0.10383461586277934,8.059171597633137,13,0.01791275,0.012141390276278459,0.037576,0.003445,0.015112500000000001,-1.4988836152177867,0.3280820916728163,0.010508375,64.5,1.6431676725154984,66.0,63.0,64.5,-3.3333333333333335,0.0,1.5,6.0,0.029603200000000003,0.02960526543032506,0.077611,0.004869,0.015046,1.483292157244902,1.4102682335441983,0.022671039999999996
Coordinator,Coordinator,./Data\Physical_Interaction\Topology_B\4-Group_dataset\physicalInteraction6_group.csv,48.285714285714285,4.15187851918806,54.0,45.0,45.0,-2.3955679008577255,0.47984669690185844,3.7551020408163263,7.0,0.0358255,0.026397995353814277,0.075716,0.011583,0.0264055,-1.1853683273626476,0.8370075009556471,0.021552666666666668,55.76923076923077,8.973608027189565,66,45,54.0,-1.9012502304039964,-0.10383461586277934,8.059171597633137,13,0.01791275,0.012141390276278459,0.037576,0.003445,0.015112500000000001,-1.4988836152177867,0.3280820916728163,0.010508375,64.5,1.6431676725154984,66.0,63.0,64.5,-3.3333333333333335,0.0,1.5,6.0,0.029603200000000003,0.02960526543032506,0.077611,0.004869,0.015046,1.483292157244902,1.4102682335441983,0.022671039999999996
Coordinator,Coordinator,./Data\Physical_Interaction\Topology_B\4-Group_dataset\physicalInteraction6_group.csv,48.285714285714285,4.15187851918806,54.0,45.0,45.0,-2.3955679008577255,0.47984669690185844,3.7551020408163263,7.0,0.0358255,0.026397995353814277,0.075716,0.011583,0.0264055,-1.1853683273626476,0.8370075009556471,0.021552666666666668,55.76923076923077,8.973608027189565,66,45,54.0,-1.9012502304039964,-0.10383461586277934,8.059171597633137,13,0.01791275,0.012141390276278459,0.037576,0.003445,0.015112500000000001,-1.4988836152177867,0.3280820916728163,0.010508375,64.5,1.6431676725154984,66.0,63.0,64.5,-3.3333333333333335,0.0,1.5,6.0,0.029603200000000003,0.02960526543032506,0.077611,0.004869,0.015046,1.483292157244902,1.4102682335441983,0.022671039999999996
Coordinator,Coordinator,./Data\Physical_Interaction\Topology_B\4-Group_dataset\physicalInteraction6_group.csv,52.375,3.113908889391045,54.0,45.0,54.0,6.015201001190439,-2.395832833116934,2.03125,8.0,0.019909428571428574,0.008910385510873307,0.035372,0.011182,0.018648,-0.17392704487656463,0.7937774229194827,0.007144775510204081,53.0,5.811865258054231,66,45,54.0,2.6926598981005148,0.832009363790442,3.6,10,0.0576088888888889,0.12091317322405824,0.379114,0.005831,0.012817,8.851553368020696,2.96713213352406,0.07144558024691358,55.5,14.849242404917497,66.0,45.0,55.5,,,10.5,2.0,0.42309,,0.42309,0.42309,0.42309,,,0.0
Coordinator,Coordinator,./Data\Physical_Interaction\Topology_B\4-Group_dataset\physicalInteraction6_group.csv,52.375,3.113908889391045,54.0,45.0,54.0,6.015201001190439,-2.395832833116934,2.03125,8.0,0.019909428571428574,0.008910385510873307,0.035372,0.011182,0.018648,-0.17392704487656463,0.7937774229194827,0.007144775510204081,53.0,5.811865258054231,66,45,54.0,2.6926598981005148,0.832009363790442,3.6,10,0.0576088888888889,0.12091317322405824,0.379114,0.005831,0.012817,8.851553368020696,2.96713213352406,0.07144558024691358,55.5,14.849242404917497,66.0,45.0,55.5,,,10.5,2.0,0.42309,,0.42309,0.42309,0.42309,,,0.0
Coordinator,Coordinator,./Data\Physical_Interaction\Topology_B\4-Group_dataset\physicalInteraction6_group.csv,52.375,3.113908889391045,54.0,45.0,54.0,6.015201001190439,-2.395832833116934,2.03125,8.0,0.019909428571428574,0.008910385510873307,0.035372,0.011182,0.018648,-0.17392704487656463,0.7937774229194827,0.007144775510204081,53.0,5.811865258054231,66,45,54.0,2.6926598981005148,0.832009363790442,3.6,10,0.0576088888888889,0.12091317322405824,0.379114,0.005831,0.012817,8.851553368020696,2.96713213352406,0.07144558024691358,55.5,14.849242404917497,66.0,45.0,55.5,,,10.5,2.0,0.42309,,0.42309,0.42309,0.42309,,,0.0
Coordinator,Coordinator,./Data\Physical_Interaction\Topology_B\4-Group_dataset\physicalInteraction6_group.csv,,,,,,,,,,,,,,,,,,54.0,2.6457513110645907,57,50,55.0,0.6734693877551017,-0.8099238707340585,2.0,5,0.511651,0.9539069525297876,1.942196,0.006544,0.048932,3.991314634005896,1.9973425490239602,0.7152725,55.0,1.632993161855452,57.0,53.0,55.0,1.5,0.0,1.0,4.0,0.6822013333333333,1.0968559360965928,1.94874,0.047259,0.050605,,1.732032674745883,0.844359111111111
Coordinator,Coordinator,./Data\Physical_Interaction\Topology_B\4-Group_dataset\physicalInteraction6_group.csv,60.5,14.849242404917497,71.0,50.0,60.5,,,10.5,2.0,1.530274,,1.530274,1.530274,1.530274,,,0.0,56.8,8.197560612767678,71,50,55.0,3.9098373724489903,1.8775547720436547,5.679999999999998,5,0.38256850000000003,0.69581997773107,1.425866,0.006544,0.048932,3.9837716407134103,1.994997386485841,0.52164875,54.333333333333336,1.1547005383792517,55.0,53.0,55.0,,-1.7320508075688956,0.8888888888888881,3.0,0.048932,0.0023659792898501845,0.050605,0.047259,0.048932,,,0.0016729999999999974
Coordinator,Coordinator,./Data\Physical_Interaction\Topology_B\4-Group_dataset\physicalInteraction6_group.csv,60.5,14.849242404917497,71.0,50.0,60.5,,,10.5,2.0,1.530274,,1.530274,1.530274,1.530274,,,0.0,56.8,8.197560612767678,71,50,55.0,3.9098373724489903,1.8775547720436547,5.679999999999998,5,0.38256850000000003,0.69581997773107,1.425866,0.006544,0.048932,3.9837716407134103,1.994997386485841,0.52164875,54.333333333333336,1.1547005383792517,55.0,53.0,55.0,,-1.7320508075688956,0.8888888888888881,3.0,0.048932,0.0023659792898501845,0.050605,0.047259,0.048932,,,0.0016729999999999974
Coordinator,Coordinator,./Data\Physical_Interaction\Topology_B\4-Group_dataset\physicalInteraction6_group.csv,,,,,,,,,,,,,,,,,,53.5,4.949747468305833,57,50,53.5,,,3.5,2,0.796899,,0.796899,0.796899,0.796899,,,0.0,,,,,,,,,,,,,,,,,
Coordinator,Coordinator,./Data\Physical_Interaction\Topology_B\4-Group_dataset\physicalInteraction6_group.csv,,,,,,,,,,,,,,,,,,53.5,4.949747468305833,57,50,53.5,,,3.5,2,0.796899,,0.796899,0.796899,0.796899,,,0.0,,,,,,,,,,,,,,,,,
Coordinator,Coordinator,./Data\Physical_Interaction\Topology_B\4-Group_dataset\physicalInteraction6_group.csv,48.75,4.06201920231798,54.0,45.0,48.5,-2.5256198347107444,0.10444126507337323,3.75,8.0,0.02662442857142857,0.0192915246836285,0.06188,0.002897,0.02709,1.1807002655738943,0.8337298604077708,0.013769795918367345,52.90909090909091,7.930378874360865,66,45,52.0,-1.118536298627602,0.5681733839948608,6.24793388429752,11,0.018637100000000004,0.010227937518276976,0.037857,0.002897,0.018529499999999997,0.02771596943904253,0.33361899604865325,0.0079089,64.0,1.7320508075688772,66.0,63.0,63.0,,1.7320508075688774,1.3333333333333333,3.0,0.0779995,0.022036982835678752,0.093582,0.062417,0.0779995,,,0.015582499999999999
Coordinator,Coordinator,./Data\Physical_Interaction\Topology_B\4-Group_dataset\physicalInteraction6_group.csv,48.75,4.06201920231798,54.0,45.0,48.5,-2.5256198347107444,0.10444126507337323,3.75,8.0,0.02662442857142857,0.0192915246836285,0.06188,0.002897,0.02709,1.1807002655738943,0.8337298604077708,0.013769795918367345,52.90909090909091,7.930378874360865,66,45,52.0,-1.118536298627602,0.5681733839948608,6.24793388429752,11,0.018637100000000004,0.010227937518276976,0.037857,0.002897,0.018529499999999997,0.02771596943904253,0.33361899604865325,0.0079089,64.0,1.7320508075688772,66.0,63.0,63.0,,1.7320508075688774,1.3333333333333333,3.0,0.0779995,0.022036982835678752,0.093582,0.062417,0.0779995,,,0.015582499999999999
Coordinator,Coordinator,./Data\Physical_Interaction\Topology_B\4-Group_dataset\physicalInteraction6_group.csv,51.22222222222222,8.333333333333334,71.0,45.0,52.0,4.263379200000001,1.8872160000000007,5.530864197530864,9.0,0.356350625,0.9327775263601463,2.664434,0.002897,0.029317999999999997,7.991187889001262,2.826359400357757,0.57702084375,54.416666666666664,9.189503234504556,71,45,52.0,-1.0273105272857337,0.5618819683742028,7.5555555555555545,12,0.25916409090909087,0.7977967890063803,2.664434,0.002897,0.0192,10.995660231680244,3.315726008998664,0.43732180165289253,64.0,1.7320508075688772,66.0,63.0,63.0,,1.7320508075688774,1.3333333333333333,3.0,0.0779995,0.022036982835678752,0.093582,0.062417,0.0779995,,,0.015582499999999999
Coordinator,Coordinator,./Data\Physical_Interaction\Topology_B\4-Group_dataset\physicalInteraction6_group.csv,48.55555555555556,4.27525177946022,54.0,45.0,45.0,-2.2960430890328065,0.3696968492137686,3.9506172839506175,9.0,0.021335499999999997,0.010919209259701128,0.035117,0.010284,0.017557,-2.10529539219529,0.42239995054675483,0.009542124999999999,54.93333333333333,8.762474101585259,66,45,54.0,-1.7834892051535811,0.08427959813246359,7.653333333333334,15,0.01287085714285714,0.00834706223638125,0.035117,0.003497,0.010503499999999999,2.905175975547092,1.4534857826655223,0.006246836734693878,64.5,1.6431676725154984,66.0,63.0,64.5,-3.3333333333333335,0.0,1.5,6.0,0.030995399999999996,0.008684609622775221,0.044721,0.02303,0.029577,1.094944054804671,1.1494170404647717,0.0063748799999999994
Coordinator,Coordinator,./Data\Physical_Interaction\Topology_B\4-Group_dataset\physicalInteraction6_group.csv,48.55555555555556,4.27525177946022,54.0,45.0,45.0,-2.2960430890328065,0.3696968492137686,3.9506172839506175,9.0,0.021335499999999997,0.010919209259701128,0.035117,0.010284,0.017557,-2.10529539219529,0.42239995054675483,0.009542124999999999,54.93333333333333,8.762474101585259,66,45,54.0,-1.7834892051535811,0.08427959813246359,7.653333333333334,15,0.01287085714285714,0.00834706223638125,0.035117,0.003497,0.010503499999999999,2.905175975547092,1.4534857826655223,0.006246836734693878,64.5,1.6431676725154984,66.0,63.0,64.5,-3.3333333333333335,0.0,1.5,6.0,0.030995399999999996,0.008684609622775221,0.044721,0.02303,0.029577,1.094944054804671,1.1494170404647717,0.0063748799999999994
Coordinator,Coordinator,./Data\Physical_Interaction\Topology_B\4-Group_dataset\physicalInteraction6_group.csv,48.55555555555556,4.27525177946022,54.0,45.0,45.0,-2.2960430890328065,0.3696968492137686,3.9506172839506175,9.0,0.021335499999999997,0.010919209259701128,0.035117,0.010284,0.017557,-2.10529539219529,0.42239995054675483,0.009542124999999999,54.93333333333333,8.762474101585259,66,45,54.0,-1.7834892051535811,0.08427959813246359,7.653333333333334,15,0.01287085714285714,0.00834706223638125,0.035117,0.003497,0.010503499999999999,2.905175975547092,1.4534857826655223,0.006246836734693878,64.5,1.6431676725154984,66.0,63.0,64.5,-3.3333333333333335,0.0,1.5,6.0,0.030995399999999996,0.008684609622775221,0.044721,0.02303,0.029577,1.094944054804671,1.1494170404647717,0.0063748799999999994
Coordinator,Coordinator,./Data\Physical_Interaction\Topology_B\4-Group_dataset\physicalInteraction6_group.csv,,,,,,,,,,,,,,,,,,64.0,9.899494936611665,71,57,64.0,,,7.0,2,1.027422,,1.027422,1.027422,1.027422,,,0.0,,,,,,,,,,,,,,,,,
Coordinator,Coordinator,./Data\Physical_Interaction\Topology_B\4-Group_dataset\physicalInteraction6_group.csv,,,,,,,,,,,,,,,,,,64.0,9.899494936611665,71,57,64.0,,,7.0,2,1.027422,,1.027422,1.027422,1.027422,,,0.0,,,,,,,,,,,,,,,,,
Coordinator,Coordinator,./Data\Physical_Interaction\Topology_B\4-Group_dataset\physicalInteraction6_group.csv,49.6,4.277849927241488,54.0,45.0,52.0,-3.0108393800949544,-0.43558984299004233,3.6799999999999997,5.0,0.042095,0.02721260226439214,0.072024,0.011724,0.042316,-2.955971462500928,-0.03102979577030441,0.0221755,56.55555555555556,8.833333333333332,66,45,54.0,-1.8367595080705463,-0.11586746105845837,7.728395061728396,9,0.0210475,0.022377622598096905,0.072024,0.005046,0.0123705,4.566607228908595,2.0911475927322813,0.015505000000000001,65.25,1.5,66.0,63.0,66.0,4.0,-1.9999999999999998,1.125,4.0,0.02009733333333333,0.010443179704157798,0.032091,0.013017,0.015184,,1.648527390489519,0.007995777777777777
Coordinator,Coordinator,./Data\Physical_Interaction\Topology_B\4-Group_dataset\physicalInteraction6_group.csv,49.6,4.277849927241488,54.0,45.0,52.0,-3.0108393800949544,-0.43558984299004233,3.6799999999999997,5.0,0.042095,0.02721260226439214,0.072024,0.011724,0.042316,-2.955971462500928,-0.03102979577030441,0.0221755,56.55555555555556,8.833333333333332,66,45,54.0,-1.8367595080705463,-0.11586746105845837,7.728395061728396,9,0.0210475,0.022377622598096905,0.072024,0.005046,0.0123705,4.566607228908595,2.0911475927322813,0.015505000000000001,65.25,1.5,66.0,63.0,66.0,4.0,-1.9999999999999998,1.125,4.0,0.02009733333333333,0.010443179704157798,0.032091,0.013017,0.015184,,1.648527390489519,0.007995777777777777
Coordinator,Coordinator,./Data\Physical_Interaction\Topology_B\4-Group_dataset\physicalInteraction6_group.csv,49.904761904761905,1.9210612146613624,54.0,45.0,50.0,3.817415630647902,-1.160613462300886,0.9342403628117911,21.0,0.13905959999999998,0.4953964986339517,2.235435,0.002906,0.0076495,19.631423363094427,4.41518607306082,0.21390308,52.36,6.026884214362622,66,45,50.0,1.576105878495798,1.6166436095423644,4.255999999999999,25,0.115883,0.4532555883038792,2.235435,0.002906,0.0076495,23.569786806793637,4.837995209424546,0.1821153333333333,65.25,1.5,66.0,63.0,66.0,4.0,-1.9999999999999998,1.125,4.0,0.02009733333333333,0.010443179704157798,0.032091,0.013017,0.015184,,1.648527390489519,0.007995777777777777
Coordinator,Coordinator,./Data\Physical_Interaction\Topology_B\4-Group_dataset\physicalInteraction6_group.csv,50.0,0.0,50.0,50.0,50.0,0.0,0.0,0.0,16.0,0.025158466666666664,0.04907295894433492,0.181715,0.002906,0.005441,8.005312357318815,2.8112659063196728,0.031497946666666665,50.0,0.0,50,50,50.0,0.0,0.0,0.0,16,0.025158466666666664,0.04907295894433492,0.181715,0.002906,0.005441,8.005312357318815,2.8112659063196728,0.031497946666666665,,,,,,,,,,,,,,,,,
Coordinator,Coordinator,./Data\Physical_Interaction\Topology_B\4-Group_dataset\physicalInteraction6_group.csv,50.0,0.0,50.0,50.0,50.0,0.0,0.0,0.0,16.0,0.025158466666666664,0.04907295894433492,0.181715,0.002906,0.005441,8.005312357318815,2.8112659063196728,0.031497946666666665,50.411764705882355,1.697749375254331,57,50,50.0,16.999999999999968,4.123105625617656,0.7750865051903133,17,0.1340391875,0.43809564426035535,1.76725,0.002906,0.0061589999999999995,15.544513357968878,3.9236156240159406,0.21011082812499998,,,,,,,,,,,,,,,,,
Coordinator,Coordinator,./Data\Physical_Interaction\Topology_B\4-Group_dataset\physicalInteraction6_group.csv,50.0,0.0,50.0,50.0,50.0,,,0.0,2.0,0.069264,,0.069264,0.069264,0.069264,,,0.0,52.333333333333336,4.041451884327381,57,50,50.0,,1.7320508075688723,3.111111111111112,3,0.034632,0.010705596667164332,0.042202,0.027062,0.034632,,,0.007570000000000002,,,,,,,,,,,,,,,,,
Coordinator,Coordinator,./Data\Physical_Interaction\Topology_B\4-Group_dataset\physicalInteraction6_group.csv,50.0,0.0,50.0,50.0,50.0,,,0.0,2.0,0.069264,,0.069264,0.069264,0.069264,,,0.0,52.333333333333336,4.041451884327381,57,50,50.0,,1.7320508075688723,3.111111111111112,3,0.034632,0.010705596667164332,0.042202,0.027062,0.034632,,,0.007570000000000002,,,,,,,,,,,,,,,,,
Coordinator,Coordinator,./Data\Physical_Interaction\Topology_B\4-Group_dataset\physicalInteraction6_group.csv,50.0,0.0,50.0,50.0,50.0,,,0.0,2.0,0.069264,,0.069264,0.069264,0.069264,,,0.0,52.333333333333336,4.041451884327381,57,50,50.0,,1.7320508075688723,3.111111111111112,3,0.034632,0.010705596667164332,0.042202,0.027062,0.034632,,,0.007570000000000002,,,,,,,,,,,,,,,,,
Coordinator,Coordinator,./Data\Physical_Interaction\Topology_B\4-Group_dataset\physicalInteraction6_group.csv,51.25,4.272001872658765,54.0,45.0,53.0,2.919121786451491,-1.728361050375736,3.125,4.0,0.06751866666666667,0.00572799915619174,0.073831,0.062652,0.066073,,1.0633919559366607,0.00420822222222222,55.666666666666664,7.659416862050705,66,45,54.0,-0.6701575413223129,0.15058706317758666,5.888888888888888,6,0.040511200000000004,0.027797217769050198,0.073831,0.010176,0.052476,-2.346193484063008,-0.1572545671087662,0.023150959999999998,64.5,2.1213203435596424,66.0,63.0,64.5,,,1.5,2.0,0.10558,,0.10558,0.10558,0.10558,,,0.0
Coordinator,Coordinator,./Data\Physical_Interaction\Topology_B\4-Group_dataset\physicalInteraction6_group.csv,51.25,4.272001872658765,54.0,45.0,53.0,2.919121786451491,-1.728361050375736,3.125,4.0,0.06751866666666667,0.00572799915619174,0.073831,0.062652,0.066073,,1.0633919559366607,0.00420822222222222,55.666666666666664,7.659416862050705,66,45,54.0,-0.6701575413223129,0.15058706317758666,5.888888888888888,6,0.040511200000000004,0.027797217769050198,0.073831,0.010176,0.052476,-2.346193484063008,-0.1572545671087662,0.023150959999999998,64.5,2.1213203435596424,66.0,63.0,64.5,,,1.5,2.0,0.10558,,0.10558,0.10558,0.10558,,,0.0
Coordinator,Coordinator,./Data\Physical_Interaction\Topology_B\4-Group_dataset\physicalInteraction6_group.csv,51.25,4.272001872658765,54.0,45.0,53.0,2.919121786451491,-1.728361050375736,3.125,4.0,0.06751866666666667,0.00572799915619174,0.073831,0.062652,0.066073,,1.0633919559366607,0.00420822222222222,55.666666666666664,7.659416862050705,66,45,54.0,-0.6701575413223129,0.15058706317758666,5.888888888888888,6,0.040511200000000004,0.027797217769050198,0.073831,0.010176,0.052476,-2.346193484063008,-0.1572545671087662,0.023150959999999998,64.5,2.1213203435596424,66.0,63.0,64.5,,,1.5,2.0,0.10558,,0.10558,0.10558,0.10558,,,0.0
Coordinator,Coordinator,./Data\Physical_Interaction\Topology_B\4-Group_dataset\physicalInteraction6_group.csv,,,,,,,,,,,,,,,,,,56.5,9.192388155425117,63,50,56.5,,,6.5,2,0.051059,,0.051059,0.051059,0.051059,,,0.0,,,,,,,,,,,,,,,,,
Coordinator,Coordinator,./Data\Physical_Interaction\Topology_B\4-Group_dataset\physicalInteraction6_group.csv,,,,,,,,,,,,,,,,,,52.666666666666664,9.29157324317757,63,45,50.0,,1.185115020178999,6.888888888888888,3,0.0652195,0.020025971149984216,0.07938,0.051059,0.0652195,,,0.014160500000000003,54.0,12.727922061357855,63.0,45.0,54.0,,,9.0,2.0,0.130439,,0.130439,0.130439,0.130439,,,0.0
Coordinator,Coordinator,./Data\Physical_Interaction\Topology_B\4-Group_dataset\physicalInteraction6_group.csv,,,,,,,,,,,,,,,,,,52.666666666666664,9.29157324317757,63,45,50.0,,1.185115020178999,6.888888888888888,3,0.0652195,0.020025971149984216,0.07938,0.051059,0.0652195,,,0.014160500000000003,54.0,12.727922061357855,63.0,45.0,54.0,,,9.0,2.0,0.130439,,0.130439,0.130439,0.130439,,,0.0
Coordinator,Coordinator,./Data\Physical_Interaction\Topology_B\4-Group_dataset\physicalInteraction6_group.csv,47.285714285714285,3.946064947695181,54.0,45.0,45.0,-0.27514518979883285,1.320558390037543,3.265306122448979,7.0,0.03510333333333333,0.045170660542731354,0.110645,0.003713,0.00925,-0.040362052650599445,1.266519971245808,0.03732944444444444,52.3,8.731170215574389,66,45,48.5,-1.4981849272967165,0.6429477278523867,7.359999999999999,10,0.02340222222222222,0.022905157851332188,0.074616,0.003713,0.015316,2.5232621143448597,1.6074234004552823,0.01751762962962963,64.0,1.7320508075688772,66.0,63.0,63.0,,1.7320508075688774,1.3333333333333333,3.0,0.044868000000000005,0.009159861243490537,0.051345,0.038391,0.044868000000000005,,,0.006477
Coordinator,Coordinator,./Data\Physical_Interaction\Topology_B\4-Group_dataset\physicalInteraction6_group.csv,47.285714285714285,3.946064947695181,54.0,45.0,45.0,-0.27514518979883285,1.320558390037543,3.265306122448979,7.0,0.03510333333333333,0.045170660542731354,0.110645,0.003713,0.00925,-0.040362052650599445,1.266519971245808,0.03732944444444444,52.3,8.731170215574389,66,45,48.5,-1.4981849272967165,0.6429477278523867,7.359999999999999,10,0.02340222222222222,0.022905157851332188,0.074616,0.003713,0.015316,2.5232621143448597,1.6074234004552823,0.01751762962962963,64.0,1.7320508075688772,66.0,63.0,63.0,,1.7320508075688774,1.3333333333333333,3.0,0.044868000000000005,0.009159861243490537,0.051345,0.038391,0.044868000000000005,,,0.006477
Coordinator,Coordinator,./Data\Physical_Interaction\Topology_B\4-Group_dataset\physicalInteraction6_group.csv,47.285714285714285,3.946064947695181,54.0,45.0,45.0,-0.27514518979883285,1.320558390037543,3.265306122448979,7.0,0.03510333333333333,0.045170660542731354,0.110645,0.003713,0.00925,-0.040362052650599445,1.266519971245808,0.03732944444444444,52.3,8.731170215574389,66,45,48.5,-1.4981849272967165,0.6429477278523867,7.359999999999999,10,0.02340222222222222,0.022905157851332188,0.074616,0.003713,0.015316,2.5232621143448597,1.6074234004552823,0.01751762962962963,64.0,1.7320508075688772,66.0,63.0,63.0,,1.7320508075688774,1.3333333333333333,3.0,0.044868000000000005,0.009159861243490537,0.051345,0.038391,0.044868000000000005,,,0.006477
Coordinator,Coordinator,./Data\Physical_Interaction\Topology_B\4-Group_dataset\physicalInteraction6_group.csv,,,,,,,,,,,,,,,,,,62.666666666666664,7.371114795831994,71,57,60.0,,1.4149078045369885,5.5555555555555545,3,0.914736,0.8329576461021292,1.503726,0.325746,0.914736,,,0.5889899999999999,58.5,2.1213203435596424,60.0,57.0,58.5,,,1.5,2.0,1.829472,,1.829472,1.829472,1.829472,,,0.0
Coordinator,Coordinator,./Data\Physical_Interaction\Topology_B\4-Group_dataset\physicalInteraction6_group.csv,,,,,,,,,,,,,,,,,,64.0,9.899494936611665,71,57,64.0,,,7.0,2,0.325746,,0.325746,0.325746,0.325746,,,0.0,,,,,,,,,,,,,,,,,
Coordinator,Coordinator,./Data\Physical_Interaction\Topology_B\4-Group_dataset\physicalInteraction6_group.csv,,,,,,,,,,,,,,,,,,64.0,9.899494936611665,71,57,64.0,,,7.0,2,0.325746,,0.325746,0.325746,0.325746,,,0.0,,,,,,,,,,,,,,,,,
Coordinator,Coordinator,./Data\Physical_Interaction\Topology_B\4-Group_dataset\physicalInteraction6_group.csv,50.0,0.0,50.0,50.0,50.0,,,0.0,2.0,0.0734,,0.0734,0.0734,0.0734,,,0.0,52.0,7.702813338860896,63,45,50.0,2.6665193788663046,1.4178388900466083,5.5,4,0.024466666666666664,0.02325689214691708,0.050918,0.007225,0.015257,,1.5025474713331117,0.01763422222222222,54.0,12.727922061357855,63.0,45.0,54.0,,,9.0,2.0,0.015257,,0.015257,0.015257,0.015257,,,0.0
Coordinator,Coordinator,./Data\Physical_Interaction\Topology_B\4-Group_dataset\physicalInteraction6_group.csv,50.0,0.0,50.0,50.0,50.0,,,0.0,2.0,0.0734,,0.0734,0.0734,0.0734,,,0.0,52.0,7.702813338860896,63,45,50.0,2.6665193788663046,1.4178388900466083,5.5,4,0.024466666666666664,0.02325689214691708,0.050918,0.007225,0.015257,,1.5025474713331117,0.01763422222222222,54.0,12.727922061357855,63.0,45.0,54.0,,,9.0,2.0,0.015257,,0.015257,0.015257,0.015257,,,0.0
Coordinator,Coordinator,./Data\Physical_Interaction\Topology_B\4-Group_dataset\physicalInteraction6_group.csv,50.0,0.0,50.0,50.0,50.0,,,0.0,2.0,0.0734,,0.0734,0.0734,0.0734,,,0.0,52.0,7.702813338860896,63,45,50.0,2.6665193788663046,1.4178388900466083,5.5,4,0.024466666666666664,0.02325689214691708,0.050918,0.007225,0.015257,,1.5025474713331117,0.01763422222222222,54.0,12.727922061357855,63.0,45.0,54.0,,,9.0,2.0,0.015257,,0.015257,0.015257,0.015257,,,0.0
Coordinator,Coordinator,./Data\Physical_Interaction\Topology_B\4-Group_dataset\physicalInteraction6_group.csv,,,,,,,,,,,,,,,,,,50.333333333333336,4.725815626252609,54,45,52.0,,-1.3896361387064968,3.555555555555555,3,0.903984,1.2553648524066618,1.791661,0.016307,0.903984,,,0.887677,53.0,1.4142135623730951,54.0,52.0,53.0,,,1.0,2.0,1.791661,,1.791661,1.791661,1.791661,,,0.0
Coordinator,Coordinator,./Data\Physical_Interaction\Topology_B\4-Group_dataset\physicalInteraction6_group.csv,,,,,,,,,,,,,,,,,,48.5,4.949747468305833,52,45,48.5,,,3.5,2,0.016307,,0.016307,0.016307,0.016307,,,0.0,,,,,,,,,,,,,,,,,
Coordinator,Coordinator,./Data\Physical_Interaction\Topology_B\4-Group_dataset\physicalInteraction6_group.csv,,,,,,,,,,,,,,,,,,48.5,4.949747468305833,52,45,48.5,,,3.5,2,0.016307,,0.016307,0.016307,0.016307,,,0.0,,,,,,,,,,,,,,,,,
Coordinator,Coordinator,./Data\Physical_Interaction\Topology_B\4-Group_dataset\physicalInteraction6_group.csv,50.666666666666664,8.645808232895291,71.0,45.0,45.0,3.882072268287189,1.8833227789211162,6.296296296296296,9.0,0.22021137500000001,0.5341227619278275,1.541334,0.01104,0.030199499999999997,7.97218855594048,2.821937094594602,0.33028065625,57.1764705882353,9.442161392642358,71,45,63.0,-1.6383282968343376,-0.25666323305928024,8.519031141868512,17,0.1101056875,0.37474740180050503,1.514923,0.004281,0.0161035,15.973163032493577,3.995269308380296,0.1756021640625,64.5,1.6035674514745464,66.0,63.0,64.5,-2.8000000000000003,0.0,1.5,8.0,0.03044314285714286,0.017410728124048223,0.047267,0.005069,0.034549,-1.5176909320456913,-0.5947778636285646,0.01442469387755102
Coordinator,Coordinator,./Data\Physical_Interaction\Topology_B\4-Group_dataset\physicalInteraction6_group.csv,48.125,4.356850107261306,54.0,45.0,45.0,-1.964563629621698,0.7166405346837085,3.90625,8.0,0.031479571428571426,0.019608788946602007,0.067,0.01104,0.028465,0.5989019362882457,1.0556570329843555,0.014598653061224489,56.3125,9.031195934094221,66,45,58.5,-1.8289055412226243,-0.25966795792223757,8.1875,16,0.016451200000000003,0.010194888111205537,0.034549,0.004281,0.015708,-1.3113320421161365,0.2685352269404298,0.008574213333333334,64.5,1.6035674514745464,66.0,63.0,64.5,-2.8000000000000003,0.0,1.5,8.0,0.03044314285714286,0.017410728124048223,0.047267,0.005069,0.034549,-1.5176909320456913,-0.5947778636285646,0.01442469387755102
Coordinator,Coordinator,./Data\Physical_Interaction\Topology_B\4-Group_dataset\physicalInteraction6_group.csv,48.125,4.356850107261306,54.0,45.0,45.0,-1.964563629621698,0.7166405346837085,3.90625,8.0,0.031479571428571426,0.019608788946602007,0.067,0.01104,0.028465,0.5989019362882457,1.0556570329843555,0.014598653061224489,56.3125,9.031195934094221,66,45,58.5,-1.8289055412226243,-0.25966795792223757,8.1875,16,0.016451200000000003,0.010194888111205537,0.034549,0.004281,0.015708,-1.3113320421161365,0.2685352269404298,0.008574213333333334,64.5,1.6035674514745464,66.0,63.0,64.5,-2.8000000000000003,0.0,1.5,8.0,0.03044314285714286,0.017410728124048223,0.047267,0.005069,0.034549,-1.5176909320456913,-0.5947778636285646,0.01442469387755102
Coordinator,Coordinator,./Data\Physical_Interaction\Topology_B\4-Group_dataset\physicalInteraction6_group.csv,,,,,,,,,,,,,,,,,,62.5,12.020815280171307,71,54,62.5,,,8.5,2,2.600481,,2.600481,2.600481,2.600481,,,0.0,,,,,,,,,,,,,,,,,
Coordinator,Coordinator,./Data\Physical_Interaction\Topology_B\4-Group_dataset\physicalInteraction6_group.csv,47.0,2.8284271247461903,49.0,45.0,47.0,,,2.0,2.0,0.030132,,0.030132,0.030132,0.030132,,,0.0,51.0,7.211102550927978,59,45,49.0,,1.1520696383139377,5.333333333333333,3,0.0236825,0.009120970370525276,0.030132,0.017233,0.0236825,,,0.0064495,,,,,,,,,,,,,,,,,
Coordinator,Coordinator,./Data\Physical_Interaction\Topology_B\4-Group_dataset\physicalInteraction6_group.csv,47.0,2.8284271247461903,49.0,45.0,47.0,,,2.0,2.0,0.030132,,0.030132,0.030132,0.030132,,,0.0,51.0,7.211102550927978,59,45,49.0,,1.1520696383139377,5.333333333333333,3,0.0236825,0.009120970370525276,0.030132,0.017233,0.0236825,,,0.0064495,,,,,,,,,,,,,,,,,
Coordinator,Coordinator,./Data\Physical_Interaction\Topology_B\4-Group_dataset\physicalInteraction6_group.csv,48.0,2.6457513110645907,50.0,45.0,49.0,,-1.457862967321305,2.0,3.0,0.8090495,1.1015556924697452,1.587967,0.030132,0.8090495,,,0.7789174999999999,52.0,4.509249752822894,59,45,53.0,0.2233270626175754,-0.015269160678733799,3.4285714285714284,7,0.28195566666666666,0.5975680668311073,1.500226,0.003102,0.041716,5.94774422609253,2.4359601602017245,0.4060901111111111,55.0,2.8284271247461903,59.0,53.0,54.0,1.5,1.414213562373095,2.0,4.0,0.5639113333333333,0.8546789203498196,1.547591,0.003102,0.141041,,1.6814334418473944,0.6557864444444444
Coordinator,Coordinator,./Data\Physical_Interaction\Topology_B\4-Group_dataset\physicalInteraction6_group.csv,,,,,,,,,,,,,,,,,,52.75,2.0615528128088303,55,50,53.0,1.7854671280276815,-0.7133400736362734,1.375,4,0.04804766666666666,0.042563250984074666,0.087741,0.003102,0.0533,,-0.5468469773317984,0.02996377777777778,53.666666666666664,1.1547005383792517,55.0,53.0,53.0,,1.7320508075688956,0.8888888888888881,3.0,0.0720715,0.09753760229009117,0.141041,0.003102,0.0720715,,,0.0689695
Coordinator,Coordinator,./Data\Physical_Interaction\Topology_B\4-Group_dataset\physicalInteraction6_group.csv,,,,,,,,,,,,,,,,,,52.75,2.0615528128088303,55,50,53.0,1.7854671280276815,-0.7133400736362734,1.375,4,0.04804766666666666,0.042563250984074666,0.087741,0.003102,0.0533,,-0.5468469773317984,0.02996377777777778,53.666666666666664,1.1547005383792517,55.0,53.0,53.0,,1.7320508075688956,0.8888888888888881,3.0,0.0720715,0.09753760229009117,0.141041,0.003102,0.0720715,,,0.0689695
Coordinator,Coordinator,./Data\Physical_Interaction\Topology_B\4-Group_dataset\physicalInteraction6_group.csv,49.5,5.196152422706632,54.0,45.0,49.5,-6.0,0.0,4.5,4.0,0.033586333333333336,0.015273801142260998,0.051221,0.024539,0.024999,,1.7302835757923696,0.011756444444444446,55.714285714285715,8.635475005547093,66,45,54.0,-1.774554102259216,-0.2204219541645794,7.1020408163265305,7,0.03363599999999999,0.03372827665920689,0.101057,0.008722,0.024998,5.196993257240502,2.2177953633511827,0.022473666666666666,64.0,1.7320508075688772,66.0,63.0,63.0,,1.7320508075688774,1.3333333333333333,3.0,0.087796,0.04112250196668486,0.116874,0.058718,0.087796,,,0.029078000000000003
Coordinator,Coordinator,./Data\Physical_Interaction\Topology_B\4-Group_dataset\physicalInteraction6_group.csv,49.5,5.196152422706632,54.0,45.0,49.5,-6.0,0.0,4.5,4.0,0.033586333333333336,0.015273801142260998,0.051221,0.024539,0.024999,,1.7302835757923696,0.011756444444444446,55.714285714285715,8.635475005547093,66,45,54.0,-1.774554102259216,-0.2204219541645794,7.1020408163265305,7,0.03363599999999999,0.03372827665920689,0.101057,0.008722,0.024998,5.196993257240502,2.2177953633511827,0.022473666666666666,64.0,1.7320508075688772,66.0,63.0,63.0,,1.7320508075688774,1.3333333333333333,3.0,0.087796,0.04112250196668486,0.116874,0.058718,0.087796,,,0.029078000000000003
Coordinator,Coordinator,./Data\Physical_Interaction\Topology_B\4-Group_dataset\physicalInteraction6_group.csv,49.5,5.196152422706632,54.0,45.0,49.5,-6.0,0.0,4.5,4.0,0.033586333333333336,0.015273801142260998,0.051221,0.024539,0.024999,,1.7302835757923696,0.011756444444444446,55.714285714285715,8.635475005547093,66,45,54.0,-1.774554102259216,-0.2204219541645794,7.1020408163265305,7,0.03363599999999999,0.03372827665920689,0.101057,0.008722,0.024998,5.196993257240502,2.2177953633511827,0.022473666666666666,64.0,1.7320508075688772,66.0,63.0,63.0,,1.7320508075688774,1.3333333333333333,3.0,0.087796,0.04112250196668486,0.116874,0.058718,0.087796,,,0.029078000000000003
Coordinator,Coordinator,./Data\Physical_Interaction\Topology_B\4-Group_dataset\physicalInteraction6_group.csv,48.7,4.056544780420347,54.0,45.0,47.5,-2.1185705408275264,0.24668166472024441,3.7,10.0,0.24284799999999995,0.6465338561038394,1.965527,0.004816,0.012576,8.957760570083506,2.990629688207252,0.3828175555555556,51.333333333333336,7.190060479368006,66,45,51.0,0.26771122952025195,1.0298181616731747,5.5,12,0.19869381818181814,0.5762480637044811,1.935271,0.004816,0.02516,10.970387006315399,3.3105273898785006,0.31574130578512394,64.5,2.1213203435596424,66.0,63.0,64.5,,,1.5,2.0,0.099024,,0.099024,0.099024,0.099024,,,0.0
Coordinator,Coordinator,./Data\Physical_Interaction\Topology_B\4-Group_dataset\physicalInteraction6_group.csv,48.55555555555556,4.27525177946022,54.0,45.0,45.0,-2.2960430890328065,0.3696968492137686,3.9506172839506175,9.0,0.027513125,0.027960207788097203,0.081352,0.004816,0.012142,0.6529024014828888,1.3636767821797937,0.02207540625,51.45454545454545,7.528129068548657,66,45,52.0,-0.09719845911082459,0.9468498261395334,5.867768595041323,11,0.0250361,0.01928721504837394,0.058588,0.004816,0.018868,-0.3403671021858745,0.9496921304167092,0.0151833,64.5,2.1213203435596424,66.0,63.0,64.5,,,1.5,2.0,0.099024,,0.099024,0.099024,0.099024,,,0.0
Coordinator,Coordinator,./Data\Physical_Interaction\Topology_B\4-Group_dataset\physicalInteraction6_group.csv,50.25,7.569376100145543,71.0,45.0,47.5,5.1039426112732915,2.058137648767849,5.291666666666667,12.0,0.24773699999999996,0.6899870914907031,2.323857,0.004816,0.028583,10.87919273672317,3.2922275345187666,0.37747636363636355,52.285714285714285,8.695078815306713,71,45,51.0,0.18752684958700083,1.09775406782189,6.653061224489796,14,0.21195099999999997,0.6357421908014285,2.323857,0.004816,0.028583,12.875368581251406,3.582182282440836,0.32490861538461535,64.5,2.1213203435596424,66.0,63.0,64.5,,,1.5,2.0,0.099024,,0.099024,0.099024,0.099024,,,0.0
Coordinator,Coordinator,./Data\Physical_Interaction\Topology_B\4-Group_dataset\physicalInteraction6_group.csv,55.333333333333336,13.79613472438325,71.0,45.0,50.0,,1.4796397969649007,10.444444444444445,3.0,0.0905725,0.08766639162472697,0.152562,0.028583,0.0905725,,,0.0619895,55.333333333333336,13.79613472438325,71,45,50.0,,1.4796397969649007,10.444444444444445,3,0.0905725,0.08766639162472697,0.152562,0.028583,0.0905725,,,0.0619895,,,,,,,,,,,,,,,,,
Coordinator,Coordinator,./Data\Physical_Interaction\Topology_B\4-Group_dataset\physicalInteraction6_group.csv,55.333333333333336,13.79613472438325,71.0,45.0,50.0,,1.4796397969649007,10.444444444444445,3.0,0.0905725,0.08766639162472697,0.152562,0.028583,0.0905725,,,0.0619895,55.333333333333336,13.79613472438325,71,45,50.0,,1.4796397969649007,10.444444444444445,3,0.0905725,0.08766639162472697,0.152562,0.028583,0.0905725,,,0.0619895,,,,,,,,,,,,,,,,,
Coordinator,Coordinator,./Data\Physical_Interaction\Topology_B\4-Group_dataset\physicalInteraction6_group.csv,47.5,3.5355339059327378,50.0,45.0,47.5,,,2.5,2.0,0.023014,,0.023014,0.023014,0.023014,,,0.0,46.666666666666664,2.8867513459481287,50,45,45.0,,1.7320508075688852,2.2222222222222214,3,0.013882499999999999,0.012913891144809918,0.023014,0.004751,0.013882499999999999,,,0.0091315,,,,,,,,,,,,,,,,,
Coordinator,Coordinator,./Data\Physical_Interaction\Topology_B\4-Group_dataset\physicalInteraction6_group.csv,47.5,3.5355339059327378,50.0,45.0,47.5,,,2.5,2.0,0.023014,,0.023014,0.023014,0.023014,,,0.0,46.666666666666664,2.8867513459481287,50,45,45.0,,1.7320508075688852,2.2222222222222214,3,0.013882499999999999,0.012913891144809918,0.023014,0.004751,0.013882499999999999,,,0.0091315,,,,,,,,,,,,,,,,,
Coordinator,Coordinator,./Data\Physical_Interaction\Topology_B\4-Group_dataset\physicalInteraction6_group.csv,55.333333333333336,13.79613472438325,71.0,45.0,50.0,,1.4796397969649009,10.444444444444445,3.0,1.2918045,1.7943407329101404,2.560595,0.023014,1.2918045,,,1.2687905000000002,52.75,12.39287429668087,71,45,47.5,3.203921276528721,1.7956602057961446,9.125,4,0.861203,1.4676305643631846,2.555844,0.004751,0.023014,,1.7317490786842318,1.1297606666666666,,,,,,,,,,,,,,,,,
Coordinator,Coordinator,./Data\Physical_Interaction\Topology_B\4-Group_dataset\physicalInteraction6_group.csv,,,,,,,,,,,,,,,,,,85.5,20.506096654409877,100,71,85.5,,,14.5,2,0.557497,,0.557497,0.557497,0.557497,,,0.0,,,,,,,,,,,,,,,,,
Coordinator,Coordinator,./Data\Physical_Interaction\Topology_B\4-Group_dataset\physicalInteraction6_group.csv,,,,,,,,,,,,,,,,,,85.5,20.506096654409877,100,71,85.5,,,14.5,2,0.557497,,0.557497,0.557497,0.557497,,,0.0,,,,,,,,,,,,,,,,,
Coordinator,Coordinator,./Data\Physical_Interaction\Topology_B\4-Group_dataset\physicalInteraction6_group.csv,50.36363636363637,4.3190908134172705,54.0,45.0,52.0,-1.9544332729158809,-0.5582901927864705,3.9008264462809907,11.0,0.021636899999999997,0.018481777821230658,0.05183,0.004035,0.011511500000000001,-1.213206776633371,0.7521642952263123,0.01618648,54.13333333333333,7.4724892263619385,66,45,54.0,-0.95328516411826,0.3297242247538949,5.528888888888887,15,0.015454928571428567,0.013482882883147036,0.048773,0.00285,0.010391,1.7008664596589824,1.4797465501015976,0.010319765306122445,64.5,1.7320508075688772,66.0,63.0,64.5,-6.0,0.0,1.5,4.0,0.041668333333333335,0.034028980947617776,0.072301,0.00504,0.047664,,-0.7682545228024799,0.02441888888888889
Coordinator,Coordinator,./Data\Physical_Interaction\Topology_B\4-Group_dataset\physicalInteraction6_group.csv,50.36363636363637,4.3190908134172705,54.0,45.0,52.0,-1.9544332729158809,-0.5582901927864705,3.9008264462809907,11.0,0.021636899999999997,0.018481777821230658,0.05183,0.004035,0.011511500000000001,-1.213206776633371,0.7521642952263123,0.01618648,54.13333333333333,7.4724892263619385,66,45,54.0,-0.95328516411826,0.3297242247538949,5.528888888888887,15,0.015454928571428567,0.013482882883147036,0.048773,0.00285,0.010391,1.7008664596589824,1.4797465501015976,0.010319765306122445,64.5,1.7320508075688772,66.0,63.0,64.5,-6.0,0.0,1.5,4.0,0.041668333333333335,0.034028980947617776,0.072301,0.00504,0.047664,,-0.7682545228024799,0.02441888888888889
Coordinator,Coordinator,./Data\Physical_Interaction\Topology_B\4-Group_dataset\physicalInteraction6_group.csv,50.36363636363637,4.3190908134172705,54.0,45.0,52.0,-1.9544332729158809,-0.5582901927864705,3.9008264462809907,11.0,0.021636899999999997,0.018481777821230658,0.05183,0.004035,0.011511500000000001,-1.213206776633371,0.7521642952263123,0.01618648,54.13333333333333,7.4724892263619385,66,45,54.0,-0.95328516411826,0.3297242247538949,5.528888888888887,15,0.015454928571428567,0.013482882883147036,0.048773,0.00285,0.010391,1.7008664596589824,1.4797465501015976,0.010319765306122445,64.5,1.7320508075688772,66.0,63.0,64.5,-6.0,0.0,1.5,4.0,0.041668333333333335,0.034028980947617776,0.072301,0.00504,0.047664,,-0.7682545228024799,0.02441888888888889
Coordinator,Coordinator,./Data\Physical_Interaction\Topology_B\4-Group_dataset\physicalInteraction6_group.csv,50.0,0.0,50.0,50.0,50.0,0.0,0.0,0.0,8.0,0.007522571428571428,0.008378904778413123,0.026483,0.003394,0.004673,6.904137208470932,2.6215061702899134,0.005417265306122449,50.0,0.0,50,50,50.0,0.0,0.0,0.0,8,0.007522571428571428,0.008378904778413123,0.026483,0.003394,0.004673,6.904137208470932,2.6215061702899134,0.005417265306122449,,,,,,,,,,,,,,,,,
Coordinator,Coordinator,./Data\Physical_Interaction\Topology_B\4-Group_dataset\physicalInteraction6_group.csv,50.0,0.0,50.0,50.0,50.0,0.0,0.0,0.0,8.0,0.007522571428571428,0.008378904778413123,0.026483,0.003394,0.004673,6.904137208470932,2.6215061702899134,0.005417265306122449,50.0,0.0,50,50,50.0,0.0,0.0,0.0,8,0.007522571428571428,0.008378904778413123,0.026483,0.003394,0.004673,6.904137208470932,2.6215061702899134,0.005417265306122449,,,,,,,,,,,,,,,,,
Coordinator,Coordinator,./Data\Physical_Interaction\Topology_B\4-Group_dataset\physicalInteraction6_group.csv,50.0,0.0,50.0,50.0,50.0,0.0,0.0,0.0,8.0,0.007522571428571428,0.008378904778413123,0.026483,0.003394,0.004673,6.904137208470932,2.6215061702899134,0.005417265306122449,50.0,0.0,50,50,50.0,0.0,0.0,0.0,8,0.007522571428571428,0.008378904778413123,0.026483,0.003394,0.004673,6.904137208470932,2.6215061702899134,0.005417265306122449,,,,,,,,,,,,,,,,,
Coordinator,Coordinator,./Data\Physical_Interaction\Topology_B\4-Group_dataset\physicalInteraction6_group.csv,,,,,,,,,,,,,,,,,,63.0,5.196152422706632,66,54,66.0,3.666666666666666,-1.9245008972987525,3.6,5,0.048612,0.027879024337304197,0.084503,0.018284,0.045830499999999996,0.38499542241508067,0.5350719477723412,0.020234000000000002,65.25,1.5,66.0,63.0,66.0,4.0,-1.9999999999999998,1.125,4.0,0.051992000000000003,0.03312572409774615,0.084503,0.018284,0.053189,,-0.16239544235010459,0.022472000000000002
Coordinator,Coordinator,./Data\Physical_Interaction\Topology_B\4-Group_dataset\physicalInteraction6_group.csv,,,,,,,,,,,,,,,,,,63.0,5.196152422706632,66,54,66.0,3.666666666666666,-1.9245008972987525,3.6,5,0.048612,0.027879024337304197,0.084503,0.018284,0.045830499999999996,0.38499542241508067,0.5350719477723412,0.020234000000000002,65.25,1.5,66.0,63.0,66.0,4.0,-1.9999999999999998,1.125,4.0,0.051992000000000003,0.03312572409774615,0.084503,0.018284,0.053189,,-0.16239544235010459,0.022472000000000002
Coordinator,Coordinator,./Data\Physical_Interaction\Topology_B\4-Group_dataset\physicalInteraction6_group.csv,,,,,,,,,,,,,,,,,,63.0,5.196152422706632,66,54,66.0,3.666666666666666,-1.9245008972987525,3.6,5,0.048612,0.027879024337304197,0.084503,0.018284,0.045830499999999996,0.38499542241508067,0.5350719477723412,0.020234000000000002,65.25,1.5,66.0,63.0,66.0,4.0,-1.9999999999999998,1.125,4.0,0.051992000000000003,0.03312572409774615,0.084503,0.018284,0.053189,,-0.16239544235010459,0.022472000000000002
Coordinator,Coordinator,./Data\Physical_Interaction\Topology_B\4-Group_dataset\physicalInteraction6_group.csv,50.0,3.9496835316262997,54.0,45.0,52.0,-1.780078895463511,-0.788768160901702,3.3333333333333335,6.0,0.0416628,0.02538955865508497,0.074604,0.01194,0.035272,-1.6010509653307086,0.3034070251874724,0.02052856,55.8,8.107609594284455,66,45,53.0,-1.567754856016688,0.04665939345566412,6.959999999999999,10,0.023146,0.014275509850789918,0.044968,0.005595,0.017011,-1.6507795285862699,0.3210610483086491,0.012592222222222222,64.5,1.7320508075688772,66.0,63.0,64.5,-6.0,0.0,1.5,4.0,0.04950766666666667,0.03829233815443154,0.075943,0.005595,0.066985,,-1.6260227920329873,0.02927511111111111
Coordinator,Coordinator,./Data\Physical_Interaction\Topology_B\4-Group_dataset\physicalInteraction6_group.csv,50.0,3.9496835316262997,54.0,45.0,52.0,-1.780078895463511,-0.788768160901702,3.3333333333333335,6.0,0.0416628,0.02538955865508497,0.074604,0.01194,0.035272,-1.6010509653307086,0.3034070251874724,0.02052856,55.8,8.107609594284455,66,45,53.0,-1.567754856016688,0.04665939345566412,6.959999999999999,10,0.023146,0.014275509850789918,0.044968,0.005595,0.017011,-1.6507795285862699,0.3210610483086491,0.012592222222222222,64.5,1.7320508075688772,66.0,63.0,64.5,-6.0,0.0,1.5,4.0,0.04950766666666667,0.03829233815443154,0.075943,0.005595,0.066985,,-1.6260227920329873,0.02927511111111111
Coordinator,Coordinator,./Data\Physical_Interaction\Topology_B\4-Group_dataset\physicalInteraction6_group.csv,50.0,3.605551275463989,54.0,45.0,52.0,-1.1088757396449704,-0.8064487468197561,2.857142857142857,7.0,0.4379811666666667,0.9710433513983642,2.419573,0.01194,0.0476575,5.988504117252356,2.4464799338787575,0.6605306111111112,55.27272727272727,7.887850265958515,66,45,52.0,-1.4668267964602135,0.24150165472936694,6.710743801652892,11,0.26278870000000004,0.7579362660942542,2.419573,0.005595,0.023993,9.991326347381836,3.1604100137200346,0.43135686,64.5,1.7320508075688772,66.0,63.0,64.5,-6.0,0.0,1.5,4.0,0.04950766666666667,0.03829233815443154,0.075943,0.005595,0.066985,,-1.6260227920329873,0.02927511111111111
Coordinator,Coordinator,./Data\Physical_Interaction\Topology_B\4-Group_dataset\physicalInteraction6_group.csv,49.0,4.342481186734475,54.0,45.0,48.5,-2.551239669421488,0.11165240884165777,4.0,8.0,0.02735357142857143,0.01984475382275412,0.053959,0.009252,0.013438,-2.4573278226261017,0.4397191025465439,0.017953224489795916,55.42857142857143,8.473617751716077,66,45,54.0,-1.6553834785816512,-0.016995800490767998,7.346938775510204,14,0.15345869230769232,0.4959150122036007,1.803488,0.005013,0.010984,12.980904320236037,3.6018908104247154,0.2538506627218935,64.0,2.449489742783178,66.0,60.0,64.5,-0.2999999999999998,-0.8573214099741124,2.0,6.0,0.3954572,0.7926832573750375,1.81328,0.023975,0.051332,4.995154100702528,2.2347095489770137,0.5671291199999999
Coordinator,Coordinator,./Data\Physical_Interaction\Topology_B\4-Group_dataset\physicalInteraction6_group.csv,49.0,4.342481186734475,54.0,45.0,48.5,-2.551239669421488,0.11165240884165777,4.0,8.0,0.02735357142857143,0.01984475382275412,0.053959,0.009252,0.013438,-2.4573278226261017,0.4397191025465439,0.017953224489795916,55.07692307692308,8.712649218822964,66,45,54.0,-1.7255722524957569,0.11179748778384013,7.479289940828403,13,0.015956249999999998,0.012433883384636002,0.044167,0.005013,0.0104705,1.4752912620611633,1.554029791143709,0.009391541666666664,64.8,1.6431676725154982,66.0,63.0,66.0,-3.3333333333333446,-0.608580619450176,1.4400000000000006,5.0,0.041001499999999996,0.01426091209098025,0.054124,0.023975,0.042953500000000006,-3.2817552535285373,-0.4227773818380857,0.011726499999999999
Coordinator,Coordinator,./Data\Physical_Interaction\Topology_B\4-Group_dataset\physicalInteraction6_group.csv,49.0,4.342481186734475,54.0,45.0,48.5,-2.551239669421488,0.11165240884165777,4.0,8.0,0.02735357142857143,0.01984475382275412,0.053959,0.009252,0.013438,-2.4573278226261017,0.4397191025465439,0.017953224489795916,55.07692307692308,8.712649218822964,66,45,54.0,-1.7255722524957569,0.11179748778384013,7.479289940828403,13,0.015956249999999998,0.012433883384636002,0.044167,0.005013,0.0104705,1.4752912620611633,1.554029791143709,0.009391541666666664,64.8,1.6431676725154982,66.0,63.0,66.0,-3.3333333333333446,-0.608580619450176,1.4400000000000006,5.0,0.041001499999999996,0.01426091209098025,0.054124,0.023975,0.042953500000000006,-3.2817552535285373,-0.4227773818380857,0.011726499999999999
Coordinator,Coordinator,./Data\Physical_Interaction\Topology_B\4-Group_dataset\physicalInteraction6_group.csv,,,,,,,,,,,,,,,,,,53.666666666666664,1.1547005383792517,55,53,53.0,,1.7320508075688956,0.8888888888888881,3,0.0488995,0.011327143527827304,0.056909,0.04089,0.0488995,,,0.0080095,53.666666666666664,1.1547005383792517,55.0,53.0,53.0,,1.7320508075688956,0.8888888888888881,3.0,0.0488995,0.011327143527827304,0.056909,0.04089,0.0488995,,,0.0080095
Coordinator,Coordinator,./Data\Physical_Interaction\Topology_B\4-Group_dataset\physicalInteraction6_group.csv,,,,,,,,,,,,,,,,,,53.666666666666664,1.1547005383792517,55,53,53.0,,1.7320508075688956,0.8888888888888881,3,0.0488995,0.011327143527827304,0.056909,0.04089,0.0488995,,,0.0080095,53.666666666666664,1.1547005383792517,55.0,53.0,53.0,,1.7320508075688956,0.8888888888888881,3.0,0.0488995,0.011327143527827304,0.056909,0.04089,0.0488995,,,0.0080095
Coordinator,Coordinator,./Data\Physical_Interaction\Topology_B\4-Group_dataset\physicalInteraction6_group.csv,48.55555555555556,4.27525177946022,54.0,45.0,45.0,-2.2960430890328065,0.36969684921376855,3.9506172839506175,9.0,0.026209999999999997,0.01735580793690853,0.049241,0.005956,0.025319,-1.5877643830159052,0.2628300123575275,0.0143305,53.3125,7.282112788653213,66,45,53.0,-1.0082369023116544,0.374632288900831,5.6015625,16,0.14785846666666663,0.4877888139534606,1.910398,0.004545,0.023687,14.970172909034957,3.8675977845296825,0.2350052711111111,59.42857142857143,5.533448076836686,66.0,53.0,63.0,-2.3371032461077426,-0.27234346900234446,4.938775510204081,7.0,0.3642286666666667,0.762205022005147,1.919997,0.04089,0.055849499999999996,5.9979463119557295,2.4489497678603236,0.5185894444444444
Coordinator,Coordinator,./Data\Physical_Interaction\Topology_B\4-Group_dataset\physicalInteraction6_group.csv,48.55555555555556,4.27525177946022,54.0,45.0,45.0,-2.2960430890328065,0.36969684921376855,3.9506172839506175,9.0,0.026209999999999997,0.01735580793690853,0.049241,0.005956,0.025319,-1.5877643830159052,0.2628300123575275,0.0143305,53.23076923076923,8.12561634743119,66,45,52.0,-1.496211681676793,0.38335173300990144,6.710059171597633,13,0.01747333333333333,0.008882656291215976,0.029559,0.004545,0.020843,-1.7130557714947194,-0.27449883230892935,0.007951444444444447,63.75,1.5,66.0,63.0,63.0,4.0,1.9999999999999998,1.125,4.0,0.05585866666666667,0.006997473282073559,0.063329,0.049457,0.05479,,0.6712187319566454,0.004980222222222222
Coordinator,Coordinator,./Data\Physical_Interaction\Topology_B\4-Group_dataset\physicalInteraction6_group.csv,48.55555555555556,4.27525177946022,54.0,45.0,45.0,-2.2960430890328065,0.36969684921376855,3.9506172839506175,9.0,0.026209999999999997,0.01735580793690853,0.049241,0.005956,0.025319,-1.5877643830159052,0.2628300123575275,0.0143305,53.23076923076923,8.12561634743119,66,45,52.0,-1.496211681676793,0.38335173300990144,6.710059171597633,13,0.01747333333333333,0.008882656291215976,0.029559,0.004545,0.020843,-1.7130557714947194,-0.27449883230892935,0.007951444444444447,63.75,1.5,66.0,63.0,63.0,4.0,1.9999999999999998,1.125,4.0,0.05585866666666667,0.006997473282073559,0.063329,0.049457,0.05479,,0.6712187319566454,0.004980222222222222
Coordinator,Coordinator,./Data\Physical_Interaction\Topology_B\4-Group_dataset\physicalInteraction6_group.csv,,,,,,,,,,,,,,,,,,52.5,9.0,63,45,51.0,-3.901234567901234,0.37037037037037035,7.5,4,0.045214000000000004,0.03815848239906823,0.076657,0.002761,0.056224,,-1.1903067926987125,0.028302000000000004,52.5,9.0,63.0,45.0,51.0,-3.901234567901234,0.37037037037037035,7.5,4.0,0.045214000000000004,0.03815848239906823,0.076657,0.002761,0.056224,,-1.1903067926987125,0.028302000000000004
Coordinator,Coordinator,./Data\Physical_Interaction\Topology_B\4-Group_dataset\physicalInteraction6_group.csv,,,,,,,,,,,,,,,,,,52.5,9.0,63,45,51.0,-3.901234567901234,0.37037037037037035,7.5,4,0.045214000000000004,0.03815848239906823,0.076657,0.002761,0.056224,,-1.1903067926987125,0.028302000000000004,52.5,9.0,63.0,45.0,51.0,-3.901234567901234,0.37037037037037035,7.5,4.0,0.045214000000000004,0.03815848239906823,0.076657,0.002761,0.056224,,-1.1903067926987125,0.028302000000000004
Coordinator,Coordinator,./Data\Physical_Interaction\Topology_B\4-Group_dataset\physicalInteraction6_group.csv,,,,,,,,,,,,,,,,,,52.5,9.0,63,45,51.0,-3.901234567901234,0.37037037037037035,7.5,4,0.045214000000000004,0.03815848239906823,0.076657,0.002761,0.056224,,-1.1903067926987125,0.028302000000000004,52.5,9.0,63.0,45.0,51.0,-3.901234567901234,0.37037037037037035,7.5,4.0,0.045214000000000004,0.03815848239906823,0.076657,0.002761,0.056224,,-1.1903067926987125,0.028302000000000004
Coordinator,Coordinator,./Data\Physical_Interaction\Topology_B\4-Group_dataset\physicalInteraction6_group.csv,49.166666666666664,4.622409184253019,54.0,45.0,48.5,-3.091186986012982,0.09584995716481577,4.166666666666667,6.0,0.0303906,0.02449724376945292,0.061861,0.00312,0.021884,-2.007682340770085,0.3987530417543597,0.020289119999999997,56.27272727272727,8.855404102477866,66,45,54.0,-1.7880144838430825,-0.18107860584546373,7.75206611570248,11,0.0160194,0.017730883629043046,0.049643,0.00312,0.008986000000000001,0.9821682015851669,1.5717959466735927,0.013116639999999999,64.8,1.6431676725154982,66.0,63.0,66.0,-3.3333333333333446,-0.608580619450176,1.4400000000000006,5.0,0.03908125,0.026918661833692004,0.067615,0.003337,0.0426865,1.1111791487458564,-0.7429505050576514,0.01871575
Coordinator,Coordinator,./Data\Physical_Interaction\Topology_B\4-Group_dataset\physicalInteraction6_group.csv,49.166666666666664,4.622409184253019,54.0,45.0,48.5,-3.091186986012982,0.09584995716481577,4.166666666666667,6.0,0.0303906,0.02449724376945292,0.061861,0.00312,0.021884,-2.007682340770085,0.3987530417543597,0.020289119999999997,56.27272727272727,8.855404102477866,66,45,54.0,-1.7880144838430825,-0.18107860584546373,7.75206611570248,11,0.0160194,0.017730883629043046,0.049643,0.00312,0.008986000000000001,0.9821682015851669,1.5717959466735927,0.013116639999999999,64.8,1.6431676725154982,66.0,63.0,66.0,-3.3333333333333446,-0.608580619450176,1.4400000000000006,5.0,0.03908125,0.026918661833692004,0.067615,0.003337,0.0426865,1.1111791487458564,-0.7429505050576514,0.01871575
Coordinator,Coordinator,./Data\Physical_Interaction\Topology_B\4-Group_dataset\physicalInteraction6_group.csv,49.166666666666664,4.622409184253019,54.0,45.0,48.5,-3.091186986012982,0.09584995716481577,4.166666666666667,6.0,0.0303906,0.02449724376945292,0.061861,0.00312,0.021884,-2.007682340770085,0.3987530417543597,0.020289119999999997,56.27272727272727,8.855404102477866,66,45,54.0,-1.7880144838430825,-0.18107860584546373,7.75206611570248,11,0.0160194,0.017730883629043046,0.049643,0.00312,0.008986000000000001,0.9821682015851669,1.5717959466735927,0.013116639999999999,64.8,1.6431676725154982,66.0,63.0,66.0,-3.3333333333333446,-0.608580619450176,1.4400000000000006,5.0,0.03908125,0.026918661833692004,0.067615,0.003337,0.0426865,1.1111791487458564,-0.7429505050576514,0.01871575
Coordinator,Coordinator,./Data\Physical_Interaction\Topology_B\4-Group_dataset\physicalInteraction6_group.csv,,,,,,,,,,,,,,,,,,46.666666666666664,2.8867513459481287,50,45,45.0,,1.7320508075688852,2.2222222222222214,3,0.0326125,0.03067641348821599,0.054304,0.010921,0.0326125,,,0.0216915,45.0,0.0,45.0,45.0,45.0,,,0.0,2.0,0.065225,,0.065225,0.065225,0.065225,,,0.0
Coordinator,Coordinator,./Data\Physical_Interaction\Topology_B\4-Group_dataset\physicalInteraction6_group.csv,,,,,,,,,,,,,,,,,,46.666666666666664,2.8867513459481287,50,45,45.0,,1.7320508075688852,2.2222222222222214,3,0.0326125,0.03067641348821599,0.054304,0.010921,0.0326125,,,0.0216915,45.0,0.0,45.0,45.0,45.0,,,0.0,2.0,0.065225,,0.065225,0.065225,0.065225,,,0.0
Coordinator,Coordinator,./Data\Physical_Interaction\Topology_B\4-Group_dataset\physicalInteraction6_group.csv,,,,,,,,,,,,,,,,,,46.666666666666664,2.8867513459481287,50,45,45.0,,1.7320508075688852,2.2222222222222214,3,0.0326125,0.03067641348821599,0.054304,0.010921,0.0326125,,,0.0216915,45.0,0.0,45.0,45.0,45.0,,,0.0,2.0,0.065225,,0.065225,0.065225,0.065225,,,0.0
Coordinator,Coordinator,./Data\Physical_Interaction\Topology_B\4-Group_dataset\physicalInteraction6_group.csv,48.375,4.657942525560891,54.0,45.0,45.0,-2.24,0.6440611887195307,4.21875,8.0,0.023739285714285716,0.014866576244653483,0.041098,0.002852,0.028633,-1.9101937820586752,-0.29974145018580806,0.012907387755102041,53.5,8.46919551830472,66,45,54.0,-1.7377611357689138,0.26129137671590263,7.083333333333333,12,0.018961090909090914,0.015696281263118,0.042397,0.002118,0.012516,-1.5366003557494436,0.47351904759027125,0.013686644628099175,63.75,1.5,66.0,63.0,63.0,4.0,1.9999999999999998,1.125,4.0,0.06068566666666666,0.011374059843931422,0.069571,0.047867,0.064619,,-1.3700717733917898,0.008545777777777777
Coordinator,Coordinator,./Data\Physical_Interaction\Topology_B\4-Group_dataset\physicalInteraction6_group.csv,48.375,4.657942525560891,54.0,45.0,45.0,-2.24,0.6440611887195307,4.21875,8.0,0.023739285714285716,0.014866576244653483,0.041098,0.002852,0.028633,-1.9101937820586752,-0.29974145018580806,0.012907387755102041,53.5,8.46919551830472,66,45,54.0,-1.7377611357689138,0.26129137671590263,7.083333333333333,12,0.018961090909090914,0.015696281263118,0.042397,0.002118,0.012516,-1.5366003557494436,0.47351904759027125,0.013686644628099175,63.75,1.5,66.0,63.0,63.0,4.0,1.9999999999999998,1.125,4.0,0.06068566666666666,0.011374059843931422,0.069571,0.047867,0.064619,,-1.3700717733917898,0.008545777777777777
Coordinator,Coordinator,./Data\Physical_Interaction\Topology_B\4-Group_dataset\physicalInteraction6_group.csv,48.375,4.657942525560891,54.0,45.0,45.0,-2.24,0.6440611887195307,4.21875,8.0,0.023739285714285716,0.014866576244653483,0.041098,0.002852,0.028633,-1.9101937820586752,-0.29974145018580806,0.012907387755102041,53.5,8.46919551830472,66,45,54.0,-1.7377611357689138,0.26129137671590263,7.083333333333333,12,0.018961090909090914,0.015696281263118,0.042397,0.002118,0.012516,-1.5366003557494436,0.47351904759027125,0.013686644628099175,63.75,1.5,66.0,63.0,63.0,4.0,1.9999999999999998,1.125,4.0,0.06068566666666666,0.011374059843931422,0.069571,0.047867,0.064619,,-1.3700717733917898,0.008545777777777777
Coordinator,Coordinator,./Data\Physical_Interaction\Topology_B\4-Group_dataset\physicalInteraction6_group.csv,,,,,,,,,,,,,,,,,,60.666666666666664,9.073771725877467,71,54,57.0,,1.5214916611602651,6.888888888888888,3,0.167427,0.15717852374927055,0.278569,0.056285,0.167427,,,0.111142,55.5,2.1213203435596424,57.0,54.0,55.5,,,1.5,2.0,0.056285,,0.056285,0.056285,0.056285,,,0.0
Coordinator,Coordinator,./Data\Physical_Interaction\Topology_B\4-Group_dataset\physicalInteraction6_group.csv,,,,,,,,,,,,,,,,,,60.666666666666664,9.073771725877467,71,54,57.0,,1.5214916611602651,6.888888888888888,3,0.167427,0.15717852374927055,0.278569,0.056285,0.167427,,,0.111142,55.5,2.1213203435596424,57.0,54.0,55.5,,,1.5,2.0,0.056285,,0.056285,0.056285,0.056285,,,0.0
Coordinator,Coordinator,./Data\Physical_Interaction\Topology_B\4-Group_dataset\physicalInteraction6_group.csv,,,,,,,,,,,,,,,,,,55.5,2.1213203435596424,57,54,55.5,,,1.5,2,0.056285,,0.056285,0.056285,0.056285,,,0.0,55.5,2.1213203435596424,57.0,54.0,55.5,,,1.5,2.0,0.056285,,0.056285,0.056285,0.056285,,,0.0
Coordinator,Coordinator,./Data\Physical_Interaction\Topology_B\4-Group_dataset\physicalInteraction6_group.csv,50.0,0.0,50.0,50.0,50.0,0.0,0.0,0.0,20.0,0.024874526315789472,0.06239114303094313,0.27589,0.003272,0.004763,16.7776364814516,4.018198864518923,0.031602094182825495,50.0,0.0,50,50,50.0,0.0,0.0,0.0,20,0.024874526315789472,0.06239114303094313,0.27589,0.003272,0.004763,16.7776364814516,4.018198864518923,0.031602094182825495,,,,,,,,,,,,,,,,,
Coordinator,Coordinator,./Data\Physical_Interaction\Topology_B\4-Group_dataset\physicalInteraction6_group.csv,50.0,0.0,50.0,50.0,50.0,0.0,0.0,0.0,20.0,0.024874526315789472,0.06239114303094313,0.27589,0.003272,0.004763,16.7776364814516,4.018198864518923,0.031602094182825495,50.0,0.0,50,50,50.0,0.0,0.0,0.0,20,0.024874526315789472,0.06239114303094313,0.27589,0.003272,0.004763,16.7776364814516,4.018198864518923,0.031602094182825495,,,,,,,,,,,,,,,,,
Coordinator,Coordinator,./Data\Physical_Interaction\Topology_B\4-Group_dataset\physicalInteraction6_group.csv,50.0,0.0,50.0,50.0,50.0,0.0,0.0,0.0,20.0,0.024874526315789472,0.06239114303094313,0.27589,0.003272,0.004763,16.7776364814516,4.018198864518923,0.031602094182825495,50.0,0.0,50,50,50.0,0.0,0.0,0.0,20,0.024874526315789472,0.06239114303094313,0.27589,0.003272,0.004763,16.7776364814516,4.018198864518923,0.031602094182825495,,,,,,,,,,,,,,,,,
Coordinator,Coordinator,./Data\Physical_Interaction\Topology_B\4-Group_dataset\physicalInteraction6_group.csv,47.5,3.5355339059327378,50.0,45.0,47.5,,,2.5,2.0,0.029943,,0.029943,0.029943,0.029943,,,0.0,51.5,9.9498743710662,66,45,47.5,2.750127538006325,1.6892756814053826,7.25,4,0.017755666666666666,0.01194768267629055,0.029943,0.006063,0.017261,,0.1859929060942114,0.00812488888888889,55.5,14.849242404917497,66.0,45.0,55.5,,,10.5,2.0,0.053267,,0.053267,0.053267,0.053267,,,0.0
Coordinator,Coordinator,./Data\Physical_Interaction\Topology_B\4-Group_dataset\physicalInteraction6_group.csv,47.5,3.5355339059327378,50.0,45.0,47.5,,,2.5,2.0,0.029943,,0.029943,0.029943,0.029943,,,0.0,51.5,9.9498743710662,66,45,47.5,2.750127538006325,1.6892756814053826,7.25,4,0.017755666666666666,0.01194768267629055,0.029943,0.006063,0.017261,,0.1859929060942114,0.00812488888888889,55.5,14.849242404917497,66.0,45.0,55.5,,,10.5,2.0,0.053267,,0.053267,0.053267,0.053267,,,0.0
Coordinator,Coordinator,./Data\Physical_Interaction\Topology_B\4-Group_dataset\physicalInteraction6_group.csv,48.333333333333336,2.8867513459481287,50.0,45.0,50.0,,-1.7320508075688852,2.2222222222222214,3.0,0.8879955,1.21346948272814,1.746048,0.029943,0.8879955,,,0.8580525,52.666666666666664,8.524474568362947,66,45,50.0,-0.7475380860196941,0.8841245506998787,6.888888888888888,6,0.35865040000000004,0.7479284848772643,1.69635,0.006063,0.029943,4.99295412888914,2.2341012251258725,0.5350798400000001,57.0,10.816653826391969,66.0,45.0,60.0,,-1.1520696383139375,8.0,3.0,0.8748085,1.161835131352336,1.69635,0.053267,0.8748085,,,0.8215415
Coordinator,Coordinator,./Data\Physical_Interaction\Topology_B\4-Group_dataset\physicalInteraction6_group.csv,,,,,,,,,,,,,,,,,,55.0,7.0710678118654755,60,50,55.0,,,5.0,2,0.043635,,0.043635,0.043635,0.043635,,,0.0,,,,,,,,,,,,,,,,,
Coordinator,Coordinator,./Data\Physical_Interaction\Topology_B\4-Group_dataset\physicalInteraction6_group.csv,,,,,,,,,,,,,,,,,,55.0,7.0710678118654755,60,50,55.0,,,5.0,2,0.043635,,0.043635,0.043635,0.043635,,,0.0,,,,,,,,,,,,,,,,,
Coordinator,Coordinator,./Data\Physical_Interaction\Topology_B\4-Group_dataset\physicalInteraction6_group.csv,51.7,2.496664441476534,54.0,45.0,52.0,7.294746775715651,-2.465321375051756,1.3399999999999976,10.0,0.022885444444444444,0.02104473150286736,0.060506,0.004333,0.01363,-0.6369784102658733,0.9663621130988335,0.017646814814814817,56.529411764705884,6.539472905544677,66,45,54.0,-1.1627295353167555,0.2902014908855986,5.68166089965398,17,0.050456812499999996,0.147226510345666,0.60134,0.004333,0.013054,15.8289525117629,3.9702491672190487,0.0688603984375,63.42857142857143,3.2071349029490923,66.0,57.0,63.0,2.7125000000000092,-1.5200483133769163,2.2040816326530615,7.0,0.13286983333333333,0.24666954289203735,0.633019,0.005069,0.042566,5.720010551024023,2.377159612038237,0.16671638888888887
Coordinator,Coordinator,./Data\Physical_Interaction\Topology_B\4-Group_dataset\physicalInteraction6_group.csv,51.54545454545455,2.423371055519,54.0,45.0,52.0,6.008252738931657,-2.1803502676921123,1.4710743801652884,11.0,0.08483020000000001,0.19688879897817113,0.642333,0.004333,0.015124499999999999,9.720488508575002,3.103267831712473,0.11150056000000001,56.166666666666664,6.528219286974322,66,45,53.0,-1.1323212362729866,0.39405290402066545,5.648148148148148,18,0.04990011764705882,0.1425699336114922,0.60134,0.004333,0.01334,16.73333821812494,4.0779597839765325,0.06487528027681659,63.42857142857143,3.2071349029490923,66.0,57.0,63.0,2.7125000000000092,-1.5200483133769163,2.2040816326530615,7.0,0.13286983333333333,0.24666954289203735,0.633019,0.005069,0.042566,5.720010551024023,2.377159612038237,0.16671638888888887
Coordinator,Coordinator,./Data\Physical_Interaction\Topology_B\4-Group_dataset\physicalInteraction6_group.csv,51.54545454545455,2.423371055519,54.0,45.0,52.0,6.008252738931657,-2.1803502676921123,1.4710743801652884,11.0,0.08483020000000001,0.19688879897817113,0.642333,0.004333,0.015124499999999999,9.720488508575002,3.103267831712473,0.11150056000000001,56.166666666666664,6.528219286974322,66,45,53.0,-1.1323212362729866,0.39405290402066545,5.648148148148148,18,0.04990011764705882,0.1425699336114922,0.60134,0.004333,0.01334,16.73333821812494,4.0779597839765325,0.06487528027681659,63.42857142857143,3.2071349029490923,66.0,57.0,63.0,2.7125000000000092,-1.5200483133769163,2.2040816326530615,7.0,0.13286983333333333,0.24666954289203735,0.633019,0.005069,0.042566,5.720010551024023,2.377159612038237,0.16671638888888887
Coordinator,Coordinator,./Data\Physical_Interaction\Topology_B\4-Group_dataset\physicalInteraction6_group.csv,,,,,,,,,,,,,,,,,,51.666666666666664,7.637626158259733,60,45,50.0,,0.9352195295828277,5.5555555555555545,3,0.026092499999999998,0.026914605412303557,0.045124,0.007061,0.026092499999999998,,,0.0190315,52.5,10.606601717798213,60.0,45.0,52.5,,,7.5,2.0,0.052185,,0.052185,0.052185,0.052185,,,0.0
Coordinator,Coordinator,./Data\Physical_Interaction\Topology_B\4-Group_dataset\physicalInteraction6_group.csv,,,,,,,,,,,,,,,,,,51.666666666666664,7.637626158259733,60,45,50.0,,0.9352195295828277,5.5555555555555545,3,0.026092499999999998,0.026914605412303557,0.045124,0.007061,0.026092499999999998,,,0.0190315,52.5,10.606601717798213,60.0,45.0,52.5,,,7.5,2.0,0.052185,,0.052185,0.052185,0.052185,,,0.0
Coordinator,Coordinator,./Data\Physical_Interaction\Topology_B\4-Group_dataset\physicalInteraction6_group.csv,,,,,,,,,,,,,,,,,,51.666666666666664,7.637626158259733,60,45,50.0,,0.9352195295828277,5.5555555555555545,3,0.026092499999999998,0.026914605412303557,0.045124,0.007061,0.026092499999999998,,,0.0190315,52.5,10.606601717798213,60.0,45.0,52.5,,,7.5,2.0,0.052185,,0.052185,0.052185,0.052185,,,0.0
Coordinator,Coordinator,./Data\Physical_Interaction\Topology_B\4-Group_dataset\physicalInteraction6_group.csv,47.0,2.8284271247461903,49.0,45.0,47.0,,,2.0,2.0,0.028688,,0.028688,0.028688,0.028688,,,0.0,51.0,7.211102550927978,59,45,49.0,,1.1520696383139377,5.333333333333333,3,0.0228875,0.008203145768545137,0.028688,0.017087,0.0228875,,,0.0058005,,,,,,,,,,,,,,,,,
Coordinator,Coordinator,./Data\Physical_Interaction\Topology_B\4-Group_dataset\physicalInteraction6_group.csv,47.0,2.8284271247461903,49.0,45.0,47.0,,,2.0,2.0,0.028688,,0.028688,0.028688,0.028688,,,0.0,51.0,7.211102550927978,59,45,49.0,,1.1520696383139377,5.333333333333333,3,0.0228875,0.008203145768545137,0.028688,0.017087,0.0228875,,,0.0058005,,,,,,,,,,,,,,,,,
Coordinator,Coordinator,./Data\Physical_Interaction\Topology_B\4-Group_dataset\physicalInteraction6_group.csv,47.0,2.8284271247461903,49.0,45.0,47.0,,,2.0,2.0,0.028688,,0.028688,0.028688,0.028688,,,0.0,51.0,7.211102550927978,59,45,49.0,,1.1520696383139377,5.333333333333333,3,0.0228875,0.008203145768545137,0.028688,0.017087,0.0228875,,,0.0058005,,,,,,,,,,,,,,,,,
Coordinator,Coordinator,./Data\Physical_Interaction\Topology_B\4-Group_dataset\physicalInteraction6_group.csv,50.857142857142854,4.099941927579439,54.0,45.0,52.0,-1.0234653997704877,-1.035183597604422,3.3469387755102056,7.0,0.031180333333333338,0.01796160971256938,0.052784,0.011765,0.029102500000000003,-1.909870013552875,0.25366692167749,0.014016666666666669,54.5,6.75359986311827,63,45,54.0,-0.9791320451680878,0.043284535226597386,5.1,10,0.02078688888888889,0.01492636206049924,0.042018,0.005028,0.012808,-1.6020339356899496,0.4985098911781374,0.013082987654320987,63.0,0.0,63.0,63.0,63.0,,0.0,0.0,3.0,0.026282,0.030057695054677765,0.047536,0.005028,0.026282,,,0.021254000000000002
Coordinator,Coordinator,./Data\Physical_Interaction\Topology_B\4-Group_dataset\physicalInteraction6_group.csv,50.857142857142854,4.099941927579439,54.0,45.0,52.0,-1.0234653997704877,-1.035183597604422,3.3469387755102056,7.0,0.031180333333333338,0.01796160971256938,0.052784,0.011765,0.029102500000000003,-1.909870013552875,0.25366692167749,0.014016666666666669,54.5,6.75359986311827,63,45,54.0,-0.9791320451680878,0.043284535226597386,5.1,10,0.02078688888888889,0.01492636206049924,0.042018,0.005028,0.012808,-1.6020339356899496,0.4985098911781374,0.013082987654320987,63.0,0.0,63.0,63.0,63.0,,0.0,0.0,3.0,0.026282,0.030057695054677765,0.047536,0.005028,0.026282,,,0.021254000000000002
Coordinator,Coordinator,./Data\Physical_Interaction\Topology_B\4-Group_dataset\physicalInteraction6_group.csv,50.857142857142854,4.099941927579439,54.0,45.0,52.0,-1.0234653997704877,-1.035183597604422,3.3469387755102056,7.0,0.031180333333333338,0.01796160971256938,0.052784,0.011765,0.029102500000000003,-1.909870013552875,0.25366692167749,0.014016666666666669,54.5,6.75359986311827,63,45,54.0,-0.9791320451680878,0.043284535226597386,5.1,10,0.02078688888888889,0.01492636206049924,0.042018,0.005028,0.012808,-1.6020339356899496,0.4985098911781374,0.013082987654320987,63.0,0.0,63.0,63.0,63.0,,0.0,0.0,3.0,0.026282,0.030057695054677765,0.047536,0.005028,0.026282,,,0.021254000000000002
Coordinator,Coordinator,./Data\Physical_Interaction\Topology_B\4-Group_dataset\physicalInteraction6_group.csv,,,,,,,,,,,,,,,,,,55.5,2.1213203435596424,57,54,55.5,,,1.5,2,0.048926,,0.048926,0.048926,0.048926,,,0.0,55.5,2.1213203435596424,57.0,54.0,55.5,,,1.5,2.0,0.048926,,0.048926,0.048926,0.048926,,,0.0
Coordinator,Coordinator,./Data\Physical_Interaction\Topology_B\4-Group_dataset\physicalInteraction6_group.csv,50.0,0.0,50.0,50.0,50.0,,,0.0,2.0,0.021159,,0.021159,0.021159,0.021159,,,0.0,51.2,4.54972526643093,57,45,50.0,-0.19673738010221786,-0.10936584341347497,3.4400000000000004,5,0.14161875,0.2372168228370759,0.49639,0.007554,0.0312655,3.8764145607651272,1.9651772116127826,0.17738562499999996,52.0,6.244997998398398,57.0,45.0,54.0,,-1.2933427807333964,4.666666666666667,3.0,0.2794605,0.3260250164949003,0.509995,0.048926,0.2794605,,,0.23053449999999998
Coordinator,Coordinator,./Data\Physical_Interaction\Topology_B\4-Group_dataset\physicalInteraction6_group.csv,50.0,0.0,50.0,50.0,50.0,,,0.0,2.0,0.021159,,0.021159,0.021159,0.021159,,,0.0,51.2,4.54972526643093,57,45,50.0,-0.19673738010221786,-0.10936584341347497,3.4400000000000004,5,0.14161875,0.2372168228370759,0.49639,0.007554,0.0312655,3.8764145607651272,1.9651772116127826,0.17738562499999996,52.0,6.244997998398398,57.0,45.0,54.0,,-1.2933427807333964,4.666666666666667,3.0,0.2794605,0.3260250164949003,0.509995,0.048926,0.2794605,,,0.23053449999999998
Coordinator,Coordinator,./Data\Physical_Interaction\Topology_B\4-Group_dataset\physicalInteraction6_group.csv,50.0,0.0,50.0,50.0,50.0,,,0.0,2.0,0.021159,,0.021159,0.021159,0.021159,,,0.0,48.333333333333336,2.8867513459481287,50,45,50.0,,-1.7320508075688852,2.2222222222222214,3,0.0105795,0.0042787031329597994,0.013605,0.007554,0.0105795,,,0.0030255000000000004,,,,,,,,,,,,,,,,,
Coordinator,Coordinator,./Data\Physical_Interaction\Topology_B\4-Group_dataset\physicalInteraction6_group.csv,52.25,8.581541653039805,71.0,45.0,52.0,3.43888439933356,1.645423649023199,5.5625,8.0,0.046529285714285724,0.055490428801473764,0.164229,0.00438,0.03726,4.359480156706379,2.0033305954230842,0.037352122448979605,55.72727272727273,9.360458419232565,71,45,54.0,-1.3102827580808896,0.3424739848858247,7.834710743801653,11,0.0350445,0.046752870087181694,0.164229,0.00438,0.022183500000000002,8.465558760176322,2.8337571838882685,0.027075899999999996,65.0,1.7320508075688772,66.0,63.0,66.0,,-1.7320508075688774,1.3333333333333333,3.0,0.057202,0.0008259007204258843,0.057786,0.056618,0.057202,,,0.0005839999999999977
Coordinator,Coordinator,./Data\Physical_Interaction\Topology_B\4-Group_dataset\physicalInteraction6_group.csv,52.25,8.581541653039805,71.0,45.0,52.0,3.43888439933356,1.645423649023199,5.5625,8.0,0.046529285714285724,0.055490428801473764,0.164229,0.00438,0.03726,4.359480156706379,2.0033305954230842,0.037352122448979605,55.72727272727273,9.360458419232565,71,45,54.0,-1.3102827580808896,0.3424739848858247,7.834710743801653,11,0.0350445,0.046752870087181694,0.164229,0.00438,0.022183500000000002,8.465558760176322,2.8337571838882685,0.027075899999999996,65.0,1.7320508075688772,66.0,63.0,66.0,,-1.7320508075688774,1.3333333333333333,3.0,0.057202,0.0008259007204258843,0.057786,0.056618,0.057202,,,0.0005839999999999977
Coordinator,Coordinator,./Data\Physical_Interaction\Topology_B\4-Group_dataset\physicalInteraction6_group.csv,52.25,8.581541653039805,71.0,45.0,52.0,3.43888439933356,1.645423649023199,5.5625,8.0,0.046529285714285724,0.055490428801473764,0.164229,0.00438,0.03726,4.359480156706379,2.0033305954230842,0.037352122448979605,55.72727272727273,9.360458419232565,71,45,54.0,-1.3102827580808896,0.3424739848858247,7.834710743801653,11,0.0350445,0.046752870087181694,0.164229,0.00438,0.022183500000000002,8.465558760176322,2.8337571838882685,0.027075899999999996,65.0,1.7320508075688772,66.0,63.0,66.0,,-1.7320508075688774,1.3333333333333333,3.0,0.057202,0.0008259007204258843,0.057786,0.056618,0.057202,,,0.0005839999999999977
Coordinator,Coordinator,./Data\Physical_Interaction\Topology_B\4-Group_dataset\physicalInteraction6_group.csv,50.833333333333336,10.515068552637526,71.0,45.0,45.0,3.491747185568645,1.9196649456550572,7.777777777777779,6.0,0.0801156,0.09421611240281567,0.244649,0.014876,0.05907,4.092654336872881,1.9769675155369446,0.06581336,55.22222222222222,10.639287779003087,71,45,54.0,-1.9277524504927874,0.24637405969240855,9.358024691358025,9,0.054737,0.07875159756746888,0.244649,0.002281,0.029969499999999996,6.814289514417256,2.5530304017131487,0.048634250000000004,64.0,1.7320508075688772,66.0,63.0,63.0,,1.7320508075688774,1.3333333333333333,3.0,0.0881435,0.0683270211592749,0.136458,0.039829,0.0881435,,,0.048314499999999996
Coordinator,Coordinator,./Data\Physical_Interaction\Topology_B\4-Group_dataset\physicalInteraction6_group.csv,50.833333333333336,10.515068552637526,71.0,45.0,45.0,3.491747185568645,1.9196649456550572,7.777777777777779,6.0,0.0801156,0.09421611240281567,0.244649,0.014876,0.05907,4.092654336872881,1.9769675155369446,0.06581336,55.22222222222222,10.639287779003087,71,45,54.0,-1.9277524504927874,0.24637405969240855,9.358024691358025,9,0.054737,0.07875159756746888,0.244649,0.002281,0.029969499999999996,6.814289514417256,2.5530304017131487,0.048634250000000004,64.0,1.7320508075688772,66.0,63.0,63.0,,1.7320508075688774,1.3333333333333333,3.0,0.0881435,0.0683270211592749,0.136458,0.039829,0.0881435,,,0.048314499999999996
Coordinator,Coordinator,./Data\Physical_Interaction\Topology_B\4-Group_dataset\physicalInteraction6_group.csv,50.833333333333336,10.515068552637526,71.0,45.0,45.0,3.491747185568645,1.9196649456550572,7.777777777777779,6.0,0.0801156,0.09421611240281567,0.244649,0.014876,0.05907,4.092654336872881,1.9769675155369446,0.06581336,55.22222222222222,10.639287779003087,71,45,54.0,-1.9277524504927874,0.24637405969240855,9.358024691358025,9,0.054737,0.07875159756746888,0.244649,0.002281,0.029969499999999996,6.814289514417256,2.5530304017131487,0.048634250000000004,64.0,1.7320508075688772,66.0,63.0,63.0,,1.7320508075688774,1.3333333333333333,3.0,0.0881435,0.0683270211592749,0.136458,0.039829,0.0881435,,,0.048314499999999996
Coordinator,Coordinator,./Data\Physical_Interaction\Topology_B\4-Group_dataset\physicalInteraction6_group.csv,,,,,,,,,,,,,,,,,,52.666666666666664,2.516611478423583,55,50,53.0,,-0.5855827262813795,1.7777777777777786,3,0.0541455,0.006378810273083846,0.058656,0.049635,0.0541455,,,0.004510500000000001,54.0,1.4142135623730951,55.0,53.0,54.0,,,1.0,2.0,0.049635,,0.049635,0.049635,0.049635,,,0.0
Coordinator,Coordinator,./Data\Physical_Interaction\Topology_B\4-Group_dataset\physicalInteraction6_group.csv,,,,,,,,,,,,,,,,,,52.666666666666664,2.516611478423583,55,50,53.0,,-0.5855827262813795,1.7777777777777786,3,0.0541455,0.006378810273083846,0.058656,0.049635,0.0541455,,,0.004510500000000001,54.0,1.4142135623730951,55.0,53.0,54.0,,,1.0,2.0,0.049635,,0.049635,0.049635,0.049635,,,0.0
Coordinator,Coordinator,./Data\Physical_Interaction\Topology_B\4-Group_dataset\physicalInteraction6_group.csv,,,,,,,,,,,,,,,,,,52.666666666666664,2.516611478423583,55,50,53.0,,-0.5855827262813795,1.7777777777777786,3,0.0541455,0.006378810273083846,0.058656,0.049635,0.0541455,,,0.004510500000000001,54.0,1.4142135623730951,55.0,53.0,54.0,,,1.0,2.0,0.049635,,0.049635,0.049635,0.049635,,,0.0
Coordinator,Coordinator,./Data\Physical_Interaction\Topology_B\4-Group_dataset\physicalInteraction6_group.csv,49.6,4.277849927241488,54.0,45.0,52.0,-3.0108393800949544,-0.43558984299004233,3.6799999999999997,5.0,0.04969675,0.03038248556186058,0.083227,0.01299,0.051285000000000004,-1.2687638869423221,-0.24623313605962557,0.02360675,53.857142857142854,8.112306935115548,66,45,52.0,-0.9755470898318448,0.5036031716806078,6.122448979591836,7,0.03313116666666666,0.02568519843346877,0.070335,0.008686,0.026090000000000002,-1.7101361069266527,0.5430590739436473,0.0216085,64.5,2.1213203435596424,66.0,63.0,64.5,,,1.5,2.0,0.079021,,0.079021,0.079021,0.079021,,,0.0
Coordinator,Coordinator,./Data\Physical_Interaction\Topology_B\4-Group_dataset\physicalInteraction6_group.csv,49.6,4.277849927241488,54.0,45.0,52.0,-3.0108393800949544,-0.43558984299004233,3.6799999999999997,5.0,0.04969675,0.03038248556186058,0.083227,0.01299,0.051285000000000004,-1.2687638869423221,-0.24623313605962557,0.02360675,53.857142857142854,8.112306935115548,66,45,52.0,-0.9755470898318448,0.5036031716806078,6.122448979591836,7,0.03313116666666666,0.02568519843346877,0.070335,0.008686,0.026090000000000002,-1.7101361069266527,0.5430590739436473,0.0216085,64.5,2.1213203435596424,66.0,63.0,64.5,,,1.5,2.0,0.079021,,0.079021,0.079021,0.079021,,,0.0
Coordinator,Coordinator,./Data\Physical_Interaction\Topology_B\4-Group_dataset\physicalInteraction6_group.csv,53.166666666666664,9.537644712750977,71.0,45.0,52.0,3.0587754908028177,1.5835112939360427,6.222222222222221,6.0,0.5179433999999999,1.0473618991317184,2.39093,0.01299,0.06338,4.987403721212214,2.232536912862248,0.74919464,56.0,9.651054716602593,71,45,53.0,-1.2311453197335243,0.40683432882663645,8.0,8,0.3699595714285714,0.8914725987357206,2.39093,0.008686,0.03919,6.984480441305248,2.641918679482369,0.5774201224489797,64.5,2.1213203435596424,66.0,63.0,64.5,,,1.5,2.0,0.079021,,0.079021,0.079021,0.079021,,,0.0
Coordinator,Coordinator,./Data\Physical_Interaction\Topology_B\4-Group_dataset\physicalInteraction6_group.csv,,,,,,,,,,,,,,,,,,52.5,10.606601717798213,60,45,52.5,,,7.5,2,0.055909,,0.055909,0.055909,0.055909,,,0.0,52.5,10.606601717798213,60.0,45.0,52.5,,,7.5,2.0,0.055909,,0.055909,0.055909,0.055909,,,0.0
Coordinator,Coordinator,./Data\Physical_Interaction\Topology_B\4-Group_dataset\physicalInteraction6_group.csv,49.5,4.929503017546495,54.0,45.0,49.5,-3.3333333333333335,0.0,4.5,6.0,0.0240182,0.015224522232240984,0.042323,0.005319,0.020833,-1.8458653112812184,0.09290898909379507,0.01228864,54.0,8.160882305241266,66,45,54.0,-1.6289262235208186,0.10928866004097142,6.545454545454546,11,0.12268529999999997,0.32336650938114236,1.041655,0.003499,0.018007000000000002,9.919350031575977,3.145109341272511,0.18379393999999996,59.4,8.324662155306966,66.0,45.0,63.0,3.772980266486753,-1.8814382337850104,5.760000000000001,5.0,0.30671325,0.49180256923036025,1.041655,0.012815,0.0861915,3.848878213277125,1.9555419361678923,0.36747087500000003
Coordinator,Coordinator,./Data\Physical_Interaction\Topology_B\4-Group_dataset\physicalInteraction6_group.csv,49.5,4.929503017546495,54.0,45.0,49.5,-3.3333333333333335,0.0,4.5,6.0,0.0240182,0.015224522232240984,0.042323,0.005319,0.020833,-1.8458653112812184,0.09290898909379507,0.01228864,54.0,8.160882305241266,66,45,54.0,-1.6289262235208186,0.10928866004097142,6.545454545454546,11,0.12268529999999997,0.32336650938114236,1.041655,0.003499,0.018007000000000002,9.919350031575977,3.145109341272511,0.18379393999999996,59.4,8.324662155306966,66.0,45.0,63.0,3.772980266486753,-1.8814382337850104,5.760000000000001,5.0,0.30671325,0.49180256923036025,1.041655,0.012815,0.0861915,3.848878213277125,1.9555419361678923,0.36747087500000003
Coordinator,Coordinator,./Data\Physical_Interaction\Topology_B\4-Group_dataset\physicalInteraction6_group.csv,49.5,4.929503017546495,54.0,45.0,49.5,-3.3333333333333335,0.0,4.5,6.0,0.0240182,0.015224522232240984,0.042323,0.005319,0.020833,-1.8458653112812184,0.09290898909379507,0.01228864,54.333333333333336,8.276472678623424,66,45,54.0,-1.570203146525806,0.12775386916304365,6.4444444444444455,9,0.016161125000000002,0.013884790594001975,0.042323,0.003499,0.0111485,0.23923848438470063,1.0741696768938054,0.01099790625,64.0,1.7320508075688772,66.0,63.0,63.0,,1.7320508075688774,1.3333333333333333,3.0,0.0646445,0.07329798183101632,0.116474,0.012815,0.0646445,,,0.0518295
Coordinator,Coordinator,./Data\Physical_Interaction\Topology_B\4-Group_dataset\physicalInteraction6_group.csv,67.0,0.0,67.0,67.0,67.0,0.0,0.0,0.0,28.0,0.01110622222222222,0.016741491938693318,0.068483,0.003912,0.005219,8.119248548678637,2.9914681970797354,0.009715358024691357,67.0,0.0,67,67,67.0,0.0,0.0,0.0,28,0.01110622222222222,0.016741491938693318,0.068483,0.003912,0.005219,8.119248548678637,2.9914681970797354,0.009715358024691357,,,,,,,,,,,,,,,,,
Coordinator,Coordinator,./Data\Physical_Interaction\Topology_B\4-Group_dataset\physicalInteraction6_group.csv,61.9375,6.680640117604928,67.0,50.0,66.0,-0.7972347732054774,-0.9182020896535517,5.953125,64.0,0.020650396825396825,0.05585324466779558,0.363628,0.003141,0.0054,25.736830221152182,4.867079900935661,0.025981835726883343,61.9375,6.680640117604928,67,50,66.0,-0.7972347732054774,-0.9182020896535517,5.953125,64,0.020650396825396825,0.05585324466779558,0.363628,0.003141,0.0054,25.736830221152182,4.867079900935661,0.025981835726883343,,,,,,,,,,,,,,,,,
Coordinator,Coordinator,./Data\Physical_Interaction\Topology_B\4-Group_dataset\physicalInteraction6_group.csv,60.05263157894737,7.529311144838515,67.0,50.0,66.0,-1.6607146327900466,-0.40330783981247376,6.997229916897508,76.0,0.02355533333333334,0.06514948290731164,0.365193,0.003141,0.005219,20.354600528861933,4.470202217090643,0.030695208888888898,60.05263157894737,7.529311144838515,67,50,66.0,-1.6607146327900466,-0.40330783981247376,6.997229916897508,76,0.02355533333333334,0.06514948290731164,0.365193,0.003141,0.005219,20.354600528861933,4.470202217090643,0.030695208888888898,,,,,,,,,,,,,,,,,
Coordinator,Coordinator,./Data\Physical_Interaction\Topology_B\4-Group_dataset\physicalInteraction6_group.csv,56.0,6.703444652771138,66.0,50.0,54.0,-1.3900906296163213,0.5094425239170303,6.0,48.0,0.030249723404255323,0.08076399982388359,0.365193,0.003141,0.00519,12.251597553396067,3.575973768201913,0.042120198279764605,56.0,6.703444652771138,66,50,54.0,-1.3900906296163213,0.5094425239170303,6.0,48,0.030249723404255323,0.08076399982388359,0.365193,0.003141,0.00519,12.251597553396067,3.575973768201913,0.042120198279764605,,,,,,,,,,,,,,,,,
Coordinator,Coordinator,./Data\Physical_Interaction\Topology_B\4-Group_dataset\physicalInteraction6_group.csv,50.0,0.0,50.0,50.0,50.0,0.0,0.0,0.0,12.0,0.039667272727272725,0.10828427053371224,0.365193,0.00364,0.004306,10.825460504963576,3.282314437164096,0.059186495867768585,50.0,0.0,50,50,50.0,0.0,0.0,0.0,12,0.039667272727272725,0.10828427053371224,0.365193,0.00364,0.004306,10.825460504963576,3.282314437164096,0.059186495867768585,,,,,,,,,,,,,,,,,
Coordinator,Coordinator,./Data\Physical_Interaction\Topology_B\4-Group_dataset\physicalInteraction6_group.csv,,,,,,,,,,,,,,,,,,51.4,4.159326868617084,55,45,52.0,0.42667646764007827,-0.9922681627159591,3.12,5,0.03544,0.018259194140669698,0.046362,0.008146,0.043626,3.8618688673638246,-1.9587251740674432,0.013647000000000001,51.75,4.716990566028302,55.0,45.0,53.5,1.9800530236081304,-1.5173452799192162,3.375,4.0,0.047253333333333335,0.003187868462363735,0.050792,0.044606,0.046362,,1.159844494506625,0.0023591111111111104
Coordinator,Coordinator,./Data\Physical_Interaction\Topology_B\4-Group_dataset\physicalInteraction6_group.csv,,,,,,,,,,,,,,,,,,51.4,4.159326868617084,55,45,52.0,0.42667646764007827,-0.9922681627159591,3.12,5,0.03544,0.018259194140669698,0.046362,0.008146,0.043626,3.8618688673638246,-1.9587251740674432,0.013647000000000001,51.75,4.716990566028302,55.0,45.0,53.5,1.9800530236081304,-1.5173452799192162,3.375,4.0,0.047253333333333335,0.003187868462363735,0.050792,0.044606,0.046362,,1.159844494506625,0.0023591111111111104
Coordinator,Coordinator,./Data\Physical_Interaction\Topology_B\4-Group_dataset\physicalInteraction6_group.csv,,,,,,,,,,,,,,,,,,51.4,4.159326868617084,55,45,52.0,0.42667646764007827,-0.9922681627159591,3.12,5,0.03544,0.018259194140669698,0.046362,0.008146,0.043626,3.8618688673638246,-1.9587251740674432,0.013647000000000001,51.75,4.716990566028302,55.0,45.0,53.5,1.9800530236081304,-1.5173452799192162,3.375,4.0,0.047253333333333335,0.003187868462363735,0.050792,0.044606,0.046362,,1.159844494506625,0.0023591111111111104
Coordinator,Coordinator,./Data\Physical_Interaction\Topology_B\4-Group_dataset\physicalInteraction6_group.csv,51.333333333333336,0.9630868246861537,52.0,50.0,52.0,-1.5681818181818097,-0.7551476239016511,0.8888888888888881,24.0,0.011182652173913043,0.014878545583883516,0.055154,0.003131,0.004653,4.002875873349163,2.2313085575660976,0.010358759924385633,51.333333333333336,0.9630868246861537,52,50,52.0,-1.5681818181818097,-0.7551476239016511,0.8888888888888881,24,0.011182652173913043,0.014878545583883516,0.055154,0.003131,0.004653,4.002875873349163,2.2313085575660976,0.010358759924385633,,,,,,,,,,,,,,,,,
Coordinator,Coordinator,./Data\Physical_Interaction\Topology_B\4-Group_dataset\physicalInteraction6_group.csv,51.0,1.016001016001524,52.0,50.0,51.0,-2.1379310344827585,0.0,1.0,32.0,0.040117064516129036,0.16588794669051668,0.931056,0.003131,0.005038,30.558800437932796,5.51145517703865,0.05904114880332986,51.0,1.016001016001524,52,50,51.0,-2.1379310344827585,0.0,1.0,32,0.040117064516129036,0.16588794669051668,0.931056,0.003131,0.005038,30.558800437932796,5.51145517703865,0.05904114880332986,,,,,,,,,,,,,,,,,
Coordinator,Coordinator,./Data\Physical_Interaction\Topology_B\4-Group_dataset\physicalInteraction6_group.csv,50.875,1.0,52.0,50.0,50.0,-1.9968270756213642,0.2580645161290323,0.984375,64.0,0.02892393650793651,0.11839375318673308,0.931056,0.003131,0.004965,56.7720693051371,7.387329359630437,0.03905011337868481,50.875,1.0,52,50,50.0,-1.9968270756213642,0.2580645161290323,0.984375,64,0.02892393650793651,0.11839375318673308,0.931056,0.003131,0.004965,56.7720693051371,7.387329359630437,0.03905011337868481,,,,,,,,,,,,,,,,,
Coordinator,Coordinator,./Data\Physical_Interaction\Topology_B\4-Group_dataset\physicalInteraction6_group.csv,50.588235294117645,0.9180656842115271,52.0,50.0,50.0,-1.1814801864801774,0.924209305583151,0.8304498269896186,68.0,0.029069507462686568,0.08890351699648696,0.611888,0.003002,0.005056,31.481434908178375,5.379666525069145,0.03940146045889953,50.588235294117645,0.9180656842115271,52,50,50.0,-1.1814801864801774,0.924209305583151,0.8304498269896186,68,0.029069507462686568,0.08890351699648696,0.611888,0.003002,0.005056,31.481434908178375,5.379666525069145,0.03940146045889953,,,,,,,,,,,,,,,,,
Coordinator,Coordinator,./Data\Physical_Interaction\Topology_B\4-Group_dataset\physicalInteraction6_group.csv,50.666666666666664,0.9507653770830573,52.0,50.0,50.0,-1.5258620689655091,0.7253684126883744,0.8888888888888881,60.0,0.030871322033898304,0.09433746268663966,0.611888,0.003002,0.005056,27.88619332810767,5.086024377769898,0.04277712209135306,50.666666666666664,0.9507653770830573,52,50,50.0,-1.5258620689655091,0.7253684126883744,0.8888888888888881,60,0.030871322033898304,0.09433746268663966,0.611888,0.003002,0.005056,27.88619332810767,5.086024377769898,0.04277712209135306,,,,,,,,,,,,,,,,,
Coordinator,Coordinator,./Data\Physical_Interaction\Topology_B\4-Group_dataset\physicalInteraction6_group.csv,50.333333333333336,0.75324357715471,52.0,50.0,50.0,1.471304347826064,1.8470842500663218,0.5555555555555571,48.0,0.057921872340425534,0.23381392286719918,1.570565,0.00292,0.004867,40.27322895738938,6.19866663879551,0.0871410167496605,50.333333333333336,0.75324357715471,52,50,50.0,1.471304347826064,1.8470842500663218,0.5555555555555571,48,0.057921872340425534,0.23381392286719918,1.570565,0.00292,0.004867,40.27322895738938,6.19866663879551,0.0871410167496605,,,,,,,,,,,,,,,,,
Coordinator,Coordinator,./Data\Physical_Interaction\Topology_B\4-Group_dataset\physicalInteraction6_group.csv,50.095238095238095,0.4364357804719847,52.0,50.0,50.0,21.000000000000018,4.5825756949558425,0.18140589569160967,21.0,0.037679050000000006,0.07707461033684385,0.303636,0.00292,0.004484999999999999,7.5279711261731705,2.7104718974743514,0.051066280000000006,51.21739130434783,3.741129165216037,63,50,50.0,8.312166407295944,3.076661158476358,2.1172022684310035,23,0.03647586363636364,0.07355712858808028,0.303636,0.00292,0.004716,8.452876546215384,2.844116699868634,0.04710951652892563,63.0,0.0,63.0,63.0,63.0,,,0.0,2.0,0.039205,,0.039205,0.039205,0.039205,,,0.0
Coordinator,Coordinator,./Data\Physical_Interaction\Topology_B\4-Group_dataset\physicalInteraction6_group.csv,50.095238095238095,0.4364357804719847,52.0,50.0,50.0,21.000000000000018,4.5825756949558425,0.18140589569160967,21.0,0.037679050000000006,0.07707461033684385,0.303636,0.00292,0.004484999999999999,7.5279711261731705,2.7104718974743514,0.051066280000000006,51.21739130434783,3.741129165216037,63,50,50.0,8.312166407295944,3.076661158476358,2.1172022684310035,23,0.03647586363636364,0.07355712858808028,0.303636,0.00292,0.004716,8.452876546215384,2.844116699868634,0.04710951652892563,63.0,0.0,63.0,63.0,63.0,,,0.0,2.0,0.039205,,0.039205,0.039205,0.039205,,,0.0
Coordinator,Coordinator,./Data\Physical_Interaction\Topology_B\4-Group_dataset\physicalInteraction6_group.csv,,,,,,,,,,,,,,,,,,59.333333333333336,6.3508529610858835,63,52,63.0,,-1.7320508075688807,4.888888888888888,3,0.024444,0.020875206394189254,0.039205,0.009683,0.024444,,,0.014760999999999998,63.0,0.0,63.0,63.0,63.0,,,0.0,2.0,0.039205,,0.039205,0.039205,0.039205,,,0.0
Ledvance Bulb,Bulb,./Data\Physical_Interaction\Topology_B\4-Group_dataset\physicalInteraction6_group.csv,,,,,,,,,,,,,,,,,,47.5,3.5355339059327378,50,45,47.5,,,2.5,2,0.005426,,0.005426,0.005426,0.005426,,,0.0,,,,,,,,,,,,,,,,,
Ledvance Bulb,Bulb,./Data\Physical_Interaction\Topology_B\4-Group_dataset\physicalInteraction6_group.csv,51.5,9.192388155425117,58.0,45.0,51.5,,,6.5,2.0,0.047966,,0.047966,0.047966,0.047966,,,0.0,51.0,6.557438524302,58,45,50.0,,0.670284413787495,4.666666666666667,3,0.023982999999999997,0.025375233949660445,0.041926,0.00604,0.023982999999999997,,,0.017943,,,,,,,,,,,,,,,,,
Ledvance Bulb,Bulb,./Data\Physical_Interaction\Topology_B\4-Group_dataset\physicalInteraction6_group.csv,51.5,9.192388155425117,58.0,45.0,51.5,,,6.5,2.0,0.047966,,0.047966,0.047966,0.047966,,,0.0,51.0,6.557438524302,58,45,50.0,,0.670284413787495,4.666666666666667,3,0.023982999999999997,0.025375233949660445,0.041926,0.00604,0.023982999999999997,,,0.017943,,,,,,,,,,,,,,,,,
Ledvance Bulb,Bulb,./Data\Physical_Interaction\Topology_B\4-Group_dataset\physicalInteraction6_group.csv,51.5,9.192388155425117,58.0,45.0,51.5,,,6.5,2.0,0.047966,,0.047966,0.047966,0.047966,,,0.0,51.0,6.557438524302,58,45,50.0,,0.670284413787495,4.666666666666667,3,0.023982999999999997,0.025375233949660445,0.041926,0.00604,0.023982999999999997,,,0.017943,,,,,,,,,,,,,,,,,
Ledvance Bulb,Bulb,./Data\Physical_Interaction\Topology_B\4-Group_dataset\physicalInteraction6_group.csv,45.0,0.0,45.0,45.0,45.0,,,0.0,2.0,0.002734,,0.002734,0.002734,0.002734,,,0.0,45.0,0.0,45,45,45.0,,0.0,0.0,3,0.018113,0.02174919037573583,0.033492,0.002734,0.018113,,,0.015379,,,,,,,,,,,,,,,,,
Ledvance Bulb,Bulb,./Data\Physical_Interaction\Topology_B\4-Group_dataset\physicalInteraction6_group.csv,45.0,0.0,45.0,45.0,45.0,,,0.0,2.0,0.002734,,0.002734,0.002734,0.002734,,,0.0,45.0,0.0,45,45,45.0,,0.0,0.0,3,0.018113,0.02174919037573583,0.033492,0.002734,0.018113,,,0.015379,,,,,,,,,,,,,,,,,
Ledvance Bulb,Bulb,./Data\Physical_Interaction\Topology_B\4-Group_dataset\physicalInteraction6_group.csv,45.0,0.0,45.0,45.0,45.0,,,0.0,2.0,0.002734,,0.002734,0.002734,0.002734,,,0.0,45.0,0.0,45,45,45.0,,0.0,0.0,3,0.018113,0.02174919037573583,0.033492,0.002734,0.018113,,,0.015379,,,,,,,,,,,,,,,,,
Ledvance Bulb,Bulb,./Data\Physical_Interaction\Topology_B\4-Group_dataset\physicalInteraction6_group.csv,58.0,18.384776310850235,71.0,45.0,58.0,,,13.0,2.0,1.943875,,1.943875,1.943875,1.943875,,,0.0,53.666666666666664,15.01110699893027,71,45,45.0,,1.7320508075688785,11.555555555555555,3,0.9719375,1.3263604945581349,1.909816,0.034059,0.9719375,,,0.9378785000000001,,,,,,,,,,,,,,,,,
Ledvance Bulb,Bulb,./Data\Physical_Interaction\Topology_B\4-Group_dataset\physicalInteraction6_group.csv,,,,,,,,,,,,,,,,,,45.0,0.0,45,45,45.0,,,0.0,2,0.034059,,0.034059,0.034059,0.034059,,,0.0,,,,,,,,,,,,,,,,,
Ledvance Bulb,Bulb,./Data\Physical_Interaction\Topology_B\4-Group_dataset\physicalInteraction6_group.csv,,,,,,,,,,,,,,,,,,45.0,0.0,45,45,45.0,,,0.0,2,0.034059,,0.034059,0.034059,0.034059,,,0.0,,,,,,,,,,,,,,,,,
Ledvance Bulb,Bulb,./Data\Physical_Interaction\Topology_B\4-Group_dataset\physicalInteraction6_group.csv,,,,,,,,,,,,,,,,,,46.333333333333336,2.309401076758503,49,45,45.0,,1.732050807568868,1.7777777777777786,3,0.016459,0.014901568306725302,0.026996,0.005922,0.016459,,,0.010537,47.0,2.8284271247461903,49.0,45.0,47.0,,,2.0,2.0,0.026996,,0.026996,0.026996,0.026996,,,0.0
Ledvance Bulb,Bulb,./Data\Physical_Interaction\Topology_B\4-Group_dataset\physicalInteraction6_group.csv,,,,,,,,,,,,,,,,,,46.333333333333336,2.309401076758503,49,45,45.0,,1.732050807568868,1.7777777777777786,3,0.016459,0.014901568306725302,0.026996,0.005922,0.016459,,,0.010537,47.0,2.8284271247461903,49.0,45.0,47.0,,,2.0,2.0,0.026996,,0.026996,0.026996,0.026996,,,0.0
Ledvance Bulb,Bulb,./Data\Physical_Interaction\Topology_B\4-Group_dataset\physicalInteraction6_group.csv,,,,,,,,,,,,,,,,,,46.333333333333336,2.309401076758503,49,45,45.0,,1.732050807568868,1.7777777777777786,3,0.016459,0.014901568306725302,0.026996,0.005922,0.016459,,,0.010537,47.0,2.8284271247461903,49.0,45.0,47.0,,,2.0,2.0,0.026996,,0.026996,0.026996,0.026996,,,0.0
Ledvance Bulb,Bulb,./Data\Physical_Interaction\Topology_B\4-Group_dataset\physicalInteraction6_group.csv,,,,,,,,,,,,,,,,,,51.0,7.211102550927978,59,45,49.0,,1.1520696383139377,5.333333333333333,3,0.0236825,0.009120970370525276,0.030132,0.017233,0.0236825,,,0.0064495,47.0,2.8284271247461903,49.0,45.0,47.0,,,2.0,2.0,0.030132,,0.030132,0.030132,0.030132,,,0.0
Ledvance Bulb,Bulb,./Data\Physical_Interaction\Topology_B\4-Group_dataset\physicalInteraction6_group.csv,,,,,,,,,,,,,,,,,,51.0,7.211102550927978,59,45,49.0,,1.1520696383139377,5.333333333333333,3,0.0236825,0.009120970370525276,0.030132,0.017233,0.0236825,,,0.0064495,47.0,2.8284271247461903,49.0,45.0,47.0,,,2.0,2.0,0.030132,,0.030132,0.030132,0.030132,,,0.0
Ledvance Bulb,Bulb,./Data\Physical_Interaction\Topology_B\4-Group_dataset\physicalInteraction6_group.csv,,,,,,,,,,,,,,,,,,51.0,7.211102550927978,59,45,49.0,,1.1520696383139377,5.333333333333333,3,0.0236825,0.009120970370525276,0.030132,0.017233,0.0236825,,,0.0064495,47.0,2.8284271247461903,49.0,45.0,47.0,,,2.0,2.0,0.030132,,0.030132,0.030132,0.030132,,,0.0
Ledvance Bulb,Bulb,./Data\Physical_Interaction\Topology_B\4-Group_dataset\physicalInteraction6_group.csv,,,,,,,,,,,,,,,,,,47.5,3.5355339059327378,50,45,47.5,,,2.5,2,0.028583,,0.028583,0.028583,0.028583,,,0.0,47.5,3.5355339059327378,50.0,45.0,47.5,,,2.5,2.0,0.028583,,0.028583,0.028583,0.028583,,,0.0
Ledvance Bulb,Bulb,./Data\Physical_Interaction\Topology_B\4-Group_dataset\physicalInteraction6_group.csv,,,,,,,,,,,,,,,,,,47.5,3.5355339059327378,50,45,47.5,,,2.5,2,0.028583,,0.028583,0.028583,0.028583,,,0.0,47.5,3.5355339059327378,50.0,45.0,47.5,,,2.5,2.0,0.028583,,0.028583,0.028583,0.028583,,,0.0
Ledvance Bulb,Bulb,./Data\Physical_Interaction\Topology_B\4-Group_dataset\physicalInteraction6_group.csv,,,,,,,,,,,,,,,,,,47.5,3.5355339059327378,50,45,47.5,,,2.5,2,0.028583,,0.028583,0.028583,0.028583,,,0.0,47.5,3.5355339059327378,50.0,45.0,47.5,,,2.5,2.0,0.028583,,0.028583,0.028583,0.028583,,,0.0
Ledvance Bulb,Bulb,./Data\Physical_Interaction\Topology_B\4-Group_dataset\physicalInteraction6_group.csv,,,,,,,,,,,,,,,,,,46.666666666666664,2.8867513459481287,50,45,45.0,,1.7320508075688852,2.2222222222222214,3,0.013882499999999999,0.012913891144809918,0.023014,0.004751,0.013882499999999999,,,0.0091315,47.5,3.5355339059327378,50.0,45.0,47.5,,,2.5,2.0,0.023014,,0.023014,0.023014,0.023014,,,0.0
Ledvance Bulb,Bulb,./Data\Physical_Interaction\Topology_B\4-Group_dataset\physicalInteraction6_group.csv,58.0,18.384776310850235,71.0,45.0,58.0,,,13.0,2.0,0.515261,,0.515261,0.515261,0.515261,,,0.0,52.75,12.39287429668087,71,45,47.5,3.203921276528721,1.7956602057961446,9.125,4,0.18100866666666668,0.2896150048708342,0.515261,0.004751,0.023014,,1.7243055601077395,0.2228348888888889,47.5,3.5355339059327378,50.0,45.0,47.5,,,2.5,2.0,0.023014,,0.023014,0.023014,0.023014,,,0.0
Ledvance Bulb,Bulb,./Data\Physical_Interaction\Topology_B\4-Group_dataset\physicalInteraction6_group.csv,58.0,18.384776310850235,71.0,45.0,58.0,,,13.0,2.0,0.515261,,0.515261,0.515261,0.515261,,,0.0,52.75,12.39287429668087,71,45,47.5,3.203921276528721,1.7956602057961446,9.125,4,0.18100866666666668,0.2896150048708342,0.515261,0.004751,0.023014,,1.7243055601077395,0.2228348888888889,47.5,3.5355339059327378,50.0,45.0,47.5,,,2.5,2.0,0.023014,,0.023014,0.023014,0.023014,,,0.0
Ledvance Bulb,Bulb,./Data\Physical_Interaction\Topology_B\4-Group_dataset\physicalInteraction6_group.csv,55.5,14.849242404917497,66.0,45.0,55.5,,,10.5,2.0,0.053267,,0.053267,0.053267,0.053267,,,0.0,51.5,9.9498743710662,66,45,47.5,2.750127538006325,1.6892756814053826,7.25,4,0.017755666666666666,0.01194768267629055,0.029943,0.006063,0.017261,,0.1859929060942114,0.00812488888888889,47.5,3.5355339059327378,50.0,45.0,47.5,,,2.5,2.0,0.029943,,0.029943,0.029943,0.029943,,,0.0
Ledvance Bulb,Bulb,./Data\Physical_Interaction\Topology_B\4-Group_dataset\physicalInteraction6_group.csv,55.5,14.849242404917497,66.0,45.0,55.5,,,10.5,2.0,0.053267,,0.053267,0.053267,0.053267,,,0.0,51.5,9.9498743710662,66,45,47.5,2.750127538006325,1.6892756814053826,7.25,4,0.017755666666666666,0.01194768267629055,0.029943,0.006063,0.017261,,0.1859929060942114,0.00812488888888889,47.5,3.5355339059327378,50.0,45.0,47.5,,,2.5,2.0,0.029943,,0.029943,0.029943,0.029943,,,0.0
Ledvance Bulb,Bulb,./Data\Physical_Interaction\Topology_B\4-Group_dataset\physicalInteraction6_group.csv,55.5,14.849242404917497,66.0,45.0,55.5,,,10.5,2.0,0.053267,,0.053267,0.053267,0.053267,,,0.0,51.5,9.9498743710662,66,45,47.5,2.750127538006325,1.6892756814053826,7.25,4,0.017755666666666666,0.01194768267629055,0.029943,0.006063,0.017261,,0.1859929060942114,0.00812488888888889,47.5,3.5355339059327378,50.0,45.0,47.5,,,2.5,2.0,0.029943,,0.029943,0.029943,0.029943,,,0.0
Ledvance Bulb,Bulb,./Data\Physical_Interaction\Topology_B\4-Group_dataset\physicalInteraction6_group.csv,65.0,8.48528137423857,71.0,59.0,65.0,,,6.0,2.0,0.486096,,0.486096,0.486096,0.486096,,,0.0,56.0,11.604596790352806,71,45,54.0,-1.0475443583962356,0.7371609371775922,9.0,4,0.17729033333333333,0.2674964497415495,0.486096,0.017087,0.028688,,1.728386576497395,0.20587044444444444,47.0,2.8284271247461903,49.0,45.0,47.0,,,2.0,2.0,0.028688,,0.028688,0.028688,0.028688,,,0.0
Ledvance Bulb,Bulb,./Data\Physical_Interaction\Topology_B\4-Group_dataset\physicalInteraction6_group.csv,65.0,8.48528137423857,71.0,59.0,65.0,,,6.0,2.0,0.486096,,0.486096,0.486096,0.486096,,,0.0,56.0,11.604596790352806,71,45,54.0,-1.0475443583962356,0.7371609371775922,9.0,4,0.17729033333333333,0.2674964497415495,0.486096,0.017087,0.028688,,1.728386576497395,0.20587044444444444,47.0,2.8284271247461903,49.0,45.0,47.0,,,2.0,2.0,0.028688,,0.028688,0.028688,0.028688,,,0.0
Ledvance Bulb,Bulb,./Data\Physical_Interaction\Topology_B\4-Group_dataset\physicalInteraction6_group.csv,,,,,,,,,,,,,,,,,,51.0,7.211102550927978,59,45,49.0,,1.1520696383139377,5.333333333333333,3,0.0228875,0.008203145768545137,0.028688,0.017087,0.0228875,,,0.0058005,47.0,2.8284271247461903,49.0,45.0,47.0,,,2.0,2.0,0.028688,,0.028688,0.028688,0.028688,,,0.0
Ledvance Z3 Plug,Socket,./Data\Physical_Interaction\Topology_B\4-Group_dataset\physicalInteraction6_group.csv,,,,,,,,,,,,,,,,,,52.5,3.5355339059327378,55,50,52.5,,,2.5,2,0.008892,,0.008892,0.008892,0.008892,,,0.0,,,,,,,,,,,,,,,,,
Ledvance Z3 Plug,Socket,./Data\Physical_Interaction\Topology_B\4-Group_dataset\physicalInteraction6_group.csv,,,,,,,,,,,,,,,,,,52.5,3.5355339059327378,55,50,52.5,,,2.5,2,0.008892,,0.008892,0.008892,0.008892,,,0.0,,,,,,,,,,,,,,,,,
Ledvance Z3 Plug,Socket,./Data\Physical_Interaction\Topology_B\4-Group_dataset\physicalInteraction6_group.csv,,,,,,,,,,,,,,,,,,52.5,3.5355339059327378,55,50,52.5,,,2.5,2,0.008892,,0.008892,0.008892,0.008892,,,0.0,,,,,,,,,,,,,,,,,
Ledvance Z3 Plug,Socket,./Data\Physical_Interaction\Topology_B\4-Group_dataset\physicalInteraction6_group.csv,51.75,4.716990566028302,55.0,45.0,53.5,1.9800530236081304,-1.5173452799192162,3.375,4.0,0.047253333333333335,0.003187868462363735,0.050792,0.044606,0.046362,,1.159844494506625,0.0023591111111111104,51.4,4.159326868617084,55,45,52.0,0.42667646764007827,-0.9922681627159591,3.12,5,0.03544,0.018259194140669698,0.046362,0.008146,0.043626,3.8618688673638246,-1.9587251740674432,0.013647000000000001,,,,,,,,,,,,,,,,,
Ledvance Z3 Plug,Socket,./Data\Physical_Interaction\Topology_B\4-Group_dataset\physicalInteraction6_group.csv,51.75,4.716990566028302,55.0,45.0,53.5,1.9800530236081304,-1.5173452799192162,3.375,4.0,0.047253333333333335,0.003187868462363735,0.050792,0.044606,0.046362,,1.159844494506625,0.0023591111111111104,51.4,4.159326868617084,55,45,52.0,0.42667646764007827,-0.9922681627159591,3.12,5,0.03544,0.018259194140669698,0.046362,0.008146,0.043626,3.8618688673638246,-1.9587251740674432,0.013647000000000001,,,,,,,,,,,,,,,,,
Ledvance Z3 Plug,Socket,./Data\Physical_Interaction\Topology_B\4-Group_dataset\physicalInteraction6_group.csv,51.75,4.716990566028302,55.0,45.0,53.5,1.9800530236081304,-1.5173452799192162,3.375,4.0,0.047253333333333335,0.003187868462363735,0.050792,0.044606,0.046362,,1.159844494506625,0.0023591111111111104,51.4,4.159326868617084,55,45,52.0,0.42667646764007827,-0.9922681627159591,3.12,5,0.03544,0.018259194140669698,0.046362,0.008146,0.043626,3.8618688673638246,-1.9587251740674432,0.013647000000000001,,,,,,,,,,,,,,,,,
Philips Lamp 1,Bulb,./Data\Physical_Interaction\Topology_B\4-Group_dataset\physicalInteraction6_group.csv,,,,,,,,,,,,,,,,,,50.0,0.0,50,50,50.0,0.0,0.0,0.0,24,0.022305,0.03938233997041636,0.13664,0.00293,0.004957,4.912089850022467,2.396605970396934,0.026910695652173914,50.0,0.0,50.0,50.0,50.0,0.0,0.0,0.0,24.0,0.022305,0.03938233997041636,0.13664,0.00293,0.004957,4.912089850022467,2.396605970396934,0.026910695652173914
Philips Lamp 1,Bulb,./Data\Physical_Interaction\Topology_B\4-Group_dataset\physicalInteraction6_group.csv,,,,,,,,,,,,,,,,,,50.0,0.0,50,50,50.0,0.0,0.0,0.0,20,0.025281526315789477,0.04820299749366495,0.169292,0.003008,0.004453,4.3215856807061215,2.280554512013167,0.033423988919667594,50.0,0.0,50.0,50.0,50.0,0.0,0.0,0.0,20.0,0.025281526315789477,0.04820299749366495,0.169292,0.003008,0.004453,4.3215856807061215,2.280554512013167,0.033423988919667594
Philips Lamp 1,Bulb,./Data\Physical_Interaction\Topology_B\4-Group_dataset\physicalInteraction6_group.csv,,,,,,,,,,,,,,,,,,50.0,0.0,50,50,50.0,0.0,0.0,0.0,20,0.025281526315789477,0.04820299749366495,0.169292,0.003008,0.004453,4.3215856807061215,2.280554512013167,0.033423988919667594,50.0,0.0,50.0,50.0,50.0,0.0,0.0,0.0,20.0,0.025281526315789477,0.04820299749366495,0.169292,0.003008,0.004453,4.3215856807061215,2.280554512013167,0.033423988919667594
Philips Lamp 1,Bulb,./Data\Physical_Interaction\Topology_B\4-Group_dataset\physicalInteraction6_group.csv,,,,,,,,,,,,,,,,,,50.0,0.0,50,50,50.0,0.0,0.0,0.0,20,0.025281526315789477,0.04820299749366495,0.169292,0.003008,0.004453,4.3215856807061215,2.280554512013167,0.033423988919667594,50.0,0.0,50.0,50.0,50.0,0.0,0.0,0.0,20.0,0.025281526315789477,0.04820299749366495,0.169292,0.003008,0.004453,4.3215856807061215,2.280554512013167,0.033423988919667594
Philips Lamp 1,Bulb,./Data\Physical_Interaction\Topology_B\4-Group_dataset\physicalInteraction6_group.csv,,,,,,,,,,,,,,,,,,50.0,0.0,50,50,50.0,0.0,0.0,0.0,16,0.022580733333333332,0.039324478464376846,0.135183,0.003201,0.005067,4.742503361093708,2.318497980153064,0.02746824,50.0,0.0,50.0,50.0,50.0,0.0,0.0,0.0,16.0,0.022580733333333332,0.039324478464376846,0.135183,0.003201,0.005067,4.742503361093708,2.318497980153064,0.02746824
Philips Lamp 1,Bulb,./Data\Physical_Interaction\Topology_B\4-Group_dataset\physicalInteraction6_group.csv,,,,,,,,,,,,,,,,,,50.0,0.0,50,50,50.0,0.0,0.0,0.0,16,0.022580733333333332,0.039324478464376846,0.135183,0.003201,0.005067,4.742503361093708,2.318497980153064,0.02746824,50.0,0.0,50.0,50.0,50.0,0.0,0.0,0.0,16.0,0.022580733333333332,0.039324478464376846,0.135183,0.003201,0.005067,4.742503361093708,2.318497980153064,0.02746824
Philips Lamp 1,Bulb,./Data\Physical_Interaction\Topology_B\4-Group_dataset\physicalInteraction6_group.csv,,,,,,,,,,,,,,,,,,50.0,0.0,50,50,50.0,0.0,0.0,0.0,16,0.022580733333333332,0.039324478464376846,0.135183,0.003201,0.005067,4.742503361093708,2.318497980153064,0.02746824,50.0,0.0,50.0,50.0,50.0,0.0,0.0,0.0,16.0,0.022580733333333332,0.039324478464376846,0.135183,0.003201,0.005067,4.742503361093708,2.318497980153064,0.02746824
Philips Lamp 1,Bulb,./Data\Physical_Interaction\Topology_B\4-Group_dataset\physicalInteraction6_group.csv,,,,,,,,,,,,,,,,,,50.0,0.0,50,50,50.0,0.0,0.0,0.0,20,0.014628368421052631,0.025961558533104986,0.108504,0.002953,0.004526,10.010087665344336,3.053672831902712,0.016514897506925207,50.0,0.0,50.0,50.0,50.0,0.0,0.0,0.0,20.0,0.014628368421052631,0.025961558533104986,0.108504,0.002953,0.004526,10.010087665344336,3.053672831902712,0.016514897506925207
Philips Lamp 1,Bulb,./Data\Physical_Interaction\Topology_B\4-Group_dataset\physicalInteraction6_group.csv,,,,,,,,,,,,,,,,,,50.0,0.0,50,50,50.0,0.0,0.0,0.0,20,0.014628368421052631,0.025961558533104986,0.108504,0.002953,0.004526,10.010087665344336,3.053672831902712,0.016514897506925207,50.0,0.0,50.0,50.0,50.0,0.0,0.0,0.0,20.0,0.014628368421052631,0.025961558533104986,0.108504,0.002953,0.004526,10.010087665344336,3.053672831902712,0.016514897506925207
Philips Lamp 1,Bulb,./Data\Physical_Interaction\Topology_B\4-Group_dataset\physicalInteraction6_group.csv,,,,,,,,,,,,,,,,,,50.0,0.0,50,50,50.0,0.0,0.0,0.0,20,0.014628368421052631,0.025961558533104986,0.108504,0.002953,0.004526,10.010087665344336,3.053672831902712,0.016514897506925207,50.0,0.0,50.0,50.0,50.0,0.0,0.0,0.0,20.0,0.014628368421052631,0.025961558533104986,0.108504,0.002953,0.004526,10.010087665344336,3.053672831902712,0.016514897506925207
Philips Lamp 1,Bulb,./Data\Physical_Interaction\Topology_B\4-Group_dataset\physicalInteraction6_group.csv,,,,,,,,,,,,,,,,,,50.0,0.0,50,50,50.0,0.0,0.0,0.0,16,0.025158466666666664,0.04907295894433492,0.181715,0.002906,0.005441,8.005312357318815,2.8112659063196728,0.031497946666666665,50.0,0.0,50.0,50.0,50.0,0.0,0.0,0.0,16.0,0.025158466666666664,0.04907295894433492,0.181715,0.002906,0.005441,8.005312357318815,2.8112659063196728,0.031497946666666665
Philips Lamp 1,Bulb,./Data\Physical_Interaction\Topology_B\4-Group_dataset\physicalInteraction6_group.csv,,,,,,,,,,,,,,,,,,50.0,0.0,50,50,50.0,0.0,0.0,0.0,16,0.025158466666666664,0.04907295894433492,0.181715,0.002906,0.005441,8.005312357318815,2.8112659063196728,0.031497946666666665,50.0,0.0,50.0,50.0,50.0,0.0,0.0,0.0,16.0,0.025158466666666664,0.04907295894433492,0.181715,0.002906,0.005441,8.005312357318815,2.8112659063196728,0.031497946666666665
Philips Lamp 1,Bulb,./Data\Physical_Interaction\Topology_B\4-Group_dataset\physicalInteraction6_group.csv,,,,,,,,,,,,,,,,,,50.0,0.0,50,50,50.0,0.0,0.0,0.0,16,0.025158466666666664,0.04907295894433492,0.181715,0.002906,0.005441,8.005312357318815,2.8112659063196728,0.031497946666666665,50.0,0.0,50.0,50.0,50.0,0.0,0.0,0.0,16.0,0.025158466666666664,0.04907295894433492,0.181715,0.002906,0.005441,8.005312357318815,2.8112659063196728,0.031497946666666665
Philips Lamp 1,Bulb,./Data\Physical_Interaction\Topology_B\4-Group_dataset\physicalInteraction6_group.csv,,,,,,,,,,,,,,,,,,50.0,0.0,50,50,50.0,0.0,0.0,0.0,8,0.007522571428571428,0.008378904778413123,0.026483,0.003394,0.004673,6.904137208470932,2.6215061702899134,0.005417265306122449,50.0,0.0,50.0,50.0,50.0,0.0,0.0,0.0,8.0,0.007522571428571428,0.008378904778413123,0.026483,0.003394,0.004673,6.904137208470932,2.6215061702899134,0.005417265306122449
Philips Lamp 1,Bulb,./Data\Physical_Interaction\Topology_B\4-Group_dataset\physicalInteraction6_group.csv,,,,,,,,,,,,,,,,,,50.0,0.0,50,50,50.0,0.0,0.0,0.0,8,0.007522571428571428,0.008378904778413123,0.026483,0.003394,0.004673,6.904137208470932,2.6215061702899134,0.005417265306122449,50.0,0.0,50.0,50.0,50.0,0.0,0.0,0.0,8.0,0.007522571428571428,0.008378904778413123,0.026483,0.003394,0.004673,6.904137208470932,2.6215061702899134,0.005417265306122449
Philips Lamp 1,Bulb,./Data\Physical_Interaction\Topology_B\4-Group_dataset\physicalInteraction6_group.csv,,,,,,,,,,,,,,,,,,50.0,0.0,50,50,50.0,0.0,0.0,0.0,8,0.007522571428571428,0.008378904778413123,0.026483,0.003394,0.004673,6.904137208470932,2.6215061702899134,0.005417265306122449,50.0,0.0,50.0,50.0,50.0,0.0,0.0,0.0,8.0,0.007522571428571428,0.008378904778413123,0.026483,0.003394,0.004673,6.904137208470932,2.6215061702899134,0.005417265306122449
Philips Lamp 1,Bulb,./Data\Physical_Interaction\Topology_B\4-Group_dataset\physicalInteraction6_group.csv,,,,,,,,,,,,,,,,,,50.0,0.0,50,50,50.0,0.0,0.0,0.0,20,0.024874526315789472,0.06239114303094313,0.27589,0.003272,0.004763,16.7776364814516,4.018198864518923,0.031602094182825495,50.0,0.0,50.0,50.0,50.0,0.0,0.0,0.0,20.0,0.024874526315789472,0.06239114303094313,0.27589,0.003272,0.004763,16.7776364814516,4.018198864518923,0.031602094182825495
Philips Lamp 1,Bulb,./Data\Physical_Interaction\Topology_B\4-Group_dataset\physicalInteraction6_group.csv,,,,,,,,,,,,,,,,,,50.0,0.0,50,50,50.0,0.0,0.0,0.0,20,0.024874526315789472,0.06239114303094313,0.27589,0.003272,0.004763,16.7776364814516,4.018198864518923,0.031602094182825495,50.0,0.0,50.0,50.0,50.0,0.0,0.0,0.0,20.0,0.024874526315789472,0.06239114303094313,0.27589,0.003272,0.004763,16.7776364814516,4.018198864518923,0.031602094182825495
Philips Lamp 1,Bulb,./Data\Physical_Interaction\Topology_B\4-Group_dataset\physicalInteraction6_group.csv,,,,,,,,,,,,,,,,,,50.0,0.0,50,50,50.0,0.0,0.0,0.0,20,0.024874526315789472,0.06239114303094313,0.27589,0.003272,0.004763,16.7776364814516,4.018198864518923,0.031602094182825495,50.0,0.0,50.0,50.0,50.0,0.0,0.0,0.0,20.0,0.024874526315789472,0.06239114303094313,0.27589,0.003272,0.004763,16.7776364814516,4.018198864518923,0.031602094182825495
Philips Lamp 1,Bulb,./Data\Physical_Interaction\Topology_B\4-Group_dataset\physicalInteraction6_group.csv,,,,,,,,,,,,,,,,,,50.0,0.0,50,50,50.0,0.0,0.0,0.0,20,0.023681315789473682,0.04619615283531331,0.175544,0.00292,0.004357,6.404322563486774,2.566321948375345,0.03108418282548477,50.0,0.0,50.0,50.0,50.0,0.0,0.0,0.0,20.0,0.023681315789473682,0.04619615283531331,0.175544,0.00292,0.004357,6.404322563486774,2.566321948375345,0.03108418282548477
Philips Lamp 1,Bulb,./Data\Physical_Interaction\Topology_B\4-Group_dataset\physicalInteraction6_group.csv,,,,,,,,,,,,,,,,,,50.0,0.0,50,50,50.0,0.0,0.0,0.0,20,0.023681315789473682,0.04619615283531331,0.175544,0.00292,0.004357,6.404322563486774,2.566321948375345,0.03108418282548477,50.0,0.0,50.0,50.0,50.0,0.0,0.0,0.0,20.0,0.023681315789473682,0.04619615283531331,0.175544,0.00292,0.004357,6.404322563486774,2.566321948375345,0.03108418282548477
Philips Lamp 1,Bulb,./Data\Physical_Interaction\Topology_B\4-Group_dataset\physicalInteraction6_group.csv,,,,,,,,,,,,,,,,,,50.0,0.0,50,50,50.0,0.0,0.0,0.0,20,0.023681315789473682,0.04619615283531331,0.175544,0.00292,0.004357,6.404322563486774,2.566321948375345,0.03108418282548477,50.0,0.0,50.0,50.0,50.0,0.0,0.0,0.0,20.0,0.023681315789473682,0.04619615283531331,0.175544,0.00292,0.004357,6.404322563486774,2.566321948375345,0.03108418282548477
Philips Lamp 3,Bulb,./Data\Physical_Interaction\Topology_B\4-Group_dataset\physicalInteraction6_group.csv,,,,,,,,,,,,,,,,,,50.75,1.5,53,50,50.0,4.0,1.9999999999999998,1.125,4,0.03254633333333334,0.01824818350777231,0.044099,0.011509,0.042031,,-1.707059261987494,0.014024888888888887,50.0,0.0,50.0,50.0,50.0,,0.0,0.0,3.0,0.0488195,0.052765015118921364,0.08613,0.011509,0.0488195,,,0.037310499999999996
Philips Lamp 3,Bulb,./Data\Physical_Interaction\Topology_B\4-Group_dataset\physicalInteraction6_group.csv,,,,,,,,,,,,,,,,,,50.75,1.5,53,50,50.0,4.0,1.9999999999999998,1.125,4,0.03254633333333334,0.01824818350777231,0.044099,0.011509,0.042031,,-1.707059261987494,0.014024888888888887,50.0,0.0,50.0,50.0,50.0,,0.0,0.0,3.0,0.0488195,0.052765015118921364,0.08613,0.011509,0.0488195,,,0.037310499999999996
Philips Lamp 3,Bulb,./Data\Physical_Interaction\Topology_B\4-Group_dataset\physicalInteraction6_group.csv,,,,,,,,,,,,,,,,,,50.75,1.5,53,50,50.0,4.0,1.9999999999999998,1.125,4,0.03254633333333334,0.01824818350777231,0.044099,0.011509,0.042031,,-1.707059261987494,0.014024888888888887,50.0,0.0,50.0,50.0,50.0,,0.0,0.0,3.0,0.0488195,0.052765015118921364,0.08613,0.011509,0.0488195,,,0.037310499999999996
Philips Lamp 3,Bulb,./Data\Physical_Interaction\Topology_B\4-Group_dataset\physicalInteraction6_group.csv,,,,,,,,,,,,,,,,,,51.666666666666664,2.8867513459481287,55,50,50.0,,1.7320508075688852,2.2222222222222214,3,0.053406,0.06740283259626409,0.101067,0.005745,0.053406,,,0.047661,50.0,0.0,50.0,50.0,50.0,,,0.0,2.0,0.106812,,0.106812,0.106812,0.106812,,,0.0
Philips Lamp 3,Bulb,./Data\Physical_Interaction\Topology_B\4-Group_dataset\physicalInteraction6_group.csv,,,,,,,,,,,,,,,,,,51.666666666666664,2.8867513459481287,55,50,50.0,,1.7320508075688852,2.2222222222222214,3,0.053406,0.06740283259626409,0.101067,0.005745,0.053406,,,0.047661,50.0,0.0,50.0,50.0,50.0,,,0.0,2.0,0.106812,,0.106812,0.106812,0.106812,,,0.0
Philips Lamp 3,Bulb,./Data\Physical_Interaction\Topology_B\4-Group_dataset\physicalInteraction6_group.csv,,,,,,,,,,,,,,,,,,51.666666666666664,2.8867513459481287,55,50,50.0,,1.7320508075688852,2.2222222222222214,3,0.053406,0.06740283259626409,0.101067,0.005745,0.053406,,,0.047661,50.0,0.0,50.0,50.0,50.0,,,0.0,2.0,0.106812,,0.106812,0.106812,0.106812,,,0.0
Philips Lamp 3,Bulb,./Data\Physical_Interaction\Topology_B\4-Group_dataset\physicalInteraction6_group.csv,54.0,1.4142135623730951,55.0,53.0,54.0,,,1.0,2.0,0.146005,,0.146005,0.146005,0.146005,,,0.0,54.0,1.4142135623730951,55,53,54.0,,,1.0,2,0.146005,,0.146005,0.146005,0.146005,,,0.0,,,,,,,,,,,,,,,,,
Philips Lamp 3,Bulb,./Data\Physical_Interaction\Topology_B\4-Group_dataset\physicalInteraction6_group.csv,54.0,1.4142135623730951,55.0,53.0,54.0,,,1.0,2.0,0.146005,,0.146005,0.146005,0.146005,,,0.0,54.0,1.4142135623730951,55,53,54.0,,,1.0,2,0.146005,,0.146005,0.146005,0.146005,,,0.0,,,,,,,,,,,,,,,,,
Philips Lamp 3,Bulb,./Data\Physical_Interaction\Topology_B\4-Group_dataset\physicalInteraction6_group.csv,54.0,1.4142135623730951,55.0,53.0,54.0,,,1.0,2.0,0.146005,,0.146005,0.146005,0.146005,,,0.0,54.0,1.4142135623730951,55,53,54.0,,,1.0,2,0.146005,,0.146005,0.146005,0.146005,,,0.0,,,,,,,,,,,,,,,,,
Philips Lamp 3,Bulb,./Data\Physical_Interaction\Topology_B\4-Group_dataset\physicalInteraction6_group.csv,54.333333333333336,1.1547005383792517,55.0,53.0,55.0,,-1.7320508075688956,0.8888888888888881,3.0,0.048932,0.0023659792898501845,0.050605,0.047259,0.048932,,,0.0016729999999999974,53.25,2.362907813126304,55,50,54.0,0.43573178881710817,-1.1938237737069408,1.75,4,0.03480266666666667,0.024529841221119494,0.050605,0.006544,0.047259,,-1.695865515736978,0.01883911111111111,,,,,,,,,,,,,,,,,
Philips Lamp 3,Bulb,./Data\Physical_Interaction\Topology_B\4-Group_dataset\physicalInteraction6_group.csv,54.333333333333336,1.1547005383792517,55.0,53.0,55.0,,-1.7320508075688956,0.8888888888888881,3.0,0.048932,0.0023659792898501845,0.050605,0.047259,0.048932,,,0.0016729999999999974,53.25,2.362907813126304,55,50,54.0,0.43573178881710817,-1.1938237737069408,1.75,4,0.03480266666666667,0.024529841221119494,0.050605,0.006544,0.047259,,-1.695865515736978,0.01883911111111111,,,,,,,,,,,,,,,,,
Philips Lamp 3,Bulb,./Data\Physical_Interaction\Topology_B\4-Group_dataset\physicalInteraction6_group.csv,54.333333333333336,1.1547005383792517,55.0,53.0,55.0,,-1.7320508075688956,0.8888888888888881,3.0,0.048932,0.0023659792898501845,0.050605,0.047259,0.048932,,,0.0016729999999999974,53.25,2.362907813126304,55,50,54.0,0.43573178881710817,-1.1938237737069408,1.75,4,0.03480266666666667,0.024529841221119494,0.050605,0.006544,0.047259,,-1.695865515736978,0.01883911111111111,,,,,,,,,,,,,,,,,
Philips Lamp 3,Bulb,./Data\Physical_Interaction\Topology_B\4-Group_dataset\physicalInteraction6_group.csv,53.666666666666664,1.1547005383792517,55.0,53.0,53.0,,1.7320508075688956,0.8888888888888881,3.0,0.0720715,0.09753760229009117,0.141041,0.003102,0.0720715,,,0.0689695,52.75,2.0615528128088303,55,50,53.0,1.7854671280276815,-0.7133400736362734,1.375,4,0.04804766666666666,0.042563250984074666,0.087741,0.003102,0.0533,,-0.5468469773317984,0.02996377777777778,,,,,,,,,,,,,,,,,
Philips Lamp 3,Bulb,./Data\Physical_Interaction\Topology_B\4-Group_dataset\physicalInteraction6_group.csv,53.666666666666664,1.1547005383792517,55.0,53.0,53.0,,1.7320508075688956,0.8888888888888881,3.0,0.0720715,0.09753760229009117,0.141041,0.003102,0.0720715,,,0.0689695,52.75,2.0615528128088303,55,50,53.0,1.7854671280276815,-0.7133400736362734,1.375,4,0.04804766666666666,0.042563250984074666,0.087741,0.003102,0.0533,,-0.5468469773317984,0.02996377777777778,,,,,,,,,,,,,,,,,
Philips Lamp 3,Bulb,./Data\Physical_Interaction\Topology_B\4-Group_dataset\physicalInteraction6_group.csv,53.666666666666664,1.1547005383792517,55.0,53.0,53.0,,1.7320508075688956,0.8888888888888881,3.0,0.0720715,0.09753760229009117,0.141041,0.003102,0.0720715,,,0.0689695,52.75,2.0615528128088303,55,50,53.0,1.7854671280276815,-0.7133400736362734,1.375,4,0.04804766666666666,0.042563250984074666,0.087741,0.003102,0.0533,,-0.5468469773317984,0.02996377777777778,,,,,,,,,,,,,,,,,
Philips Lamp 3,Bulb,./Data\Physical_Interaction\Topology_B\4-Group_dataset\physicalInteraction6_group.csv,53.666666666666664,1.1547005383792517,55.0,53.0,53.0,,1.7320508075688956,0.8888888888888881,3.0,0.0488995,0.011327143527827304,0.056909,0.04089,0.0488995,,,0.0080095,53.666666666666664,1.1547005383792517,55,53,53.0,,1.7320508075688956,0.8888888888888881,3,0.0488995,0.011327143527827304,0.056909,0.04089,0.0488995,,,0.0080095,,,,,,,,,,,,,,,,,
Philips Lamp 3,Bulb,./Data\Physical_Interaction\Topology_B\4-Group_dataset\physicalInteraction6_group.csv,53.666666666666664,1.1547005383792517,55.0,53.0,53.0,,1.7320508075688956,0.8888888888888881,3.0,0.0488995,0.011327143527827304,0.056909,0.04089,0.0488995,,,0.0080095,53.666666666666664,1.1547005383792517,55,53,53.0,,1.7320508075688956,0.8888888888888881,3,0.0488995,0.011327143527827304,0.056909,0.04089,0.0488995,,,0.0080095,,,,,,,,,,,,,,,,,
Philips Lamp 3,Bulb,./Data\Physical_Interaction\Topology_B\4-Group_dataset\physicalInteraction6_group.csv,53.666666666666664,1.1547005383792517,55.0,53.0,53.0,,1.7320508075688956,0.8888888888888881,3.0,0.0488995,0.011327143527827304,0.056909,0.04089,0.0488995,,,0.0080095,53.666666666666664,1.1547005383792517,55,53,53.0,,1.7320508075688956,0.8888888888888881,3,0.0488995,0.011327143527827304,0.056909,0.04089,0.0488995,,,0.0080095,,,,,,,,,,,,,,,,,
Philips Lamp 3,Bulb,./Data\Physical_Interaction\Topology_B\4-Group_dataset\physicalInteraction6_group.csv,54.0,1.4142135623730951,55.0,53.0,54.0,,,1.0,2.0,0.049635,,0.049635,0.049635,0.049635,,,0.0,52.666666666666664,2.516611478423583,55,50,53.0,,-0.5855827262813795,1.7777777777777786,3,0.0541455,0.006378810273083846,0.058656,0.049635,0.0541455,,,0.004510500000000001,,,,,,,,,,,,,,,,,
Philips Lamp 3,Bulb,./Data\Physical_Interaction\Topology_B\4-Group_dataset\physicalInteraction6_group.csv,54.0,1.4142135623730951,55.0,53.0,54.0,,,1.0,2.0,0.049635,,0.049635,0.049635,0.049635,,,0.0,52.666666666666664,2.516611478423583,55,50,53.0,,-0.5855827262813795,1.7777777777777786,3,0.0541455,0.006378810273083846,0.058656,0.049635,0.0541455,,,0.004510500000000001,,,,,,,,,,,,,,,,,
Philips Lamp 3,Bulb,./Data\Physical_Interaction\Topology_B\4-Group_dataset\physicalInteraction6_group.csv,54.0,1.4142135623730951,55.0,53.0,54.0,,,1.0,2.0,0.049635,,0.049635,0.049635,0.049635,,,0.0,52.666666666666664,2.516611478423583,55,50,53.0,,-0.5855827262813795,1.7777777777777786,3,0.0541455,0.006378810273083846,0.058656,0.049635,0.0541455,,,0.004510500000000001,,,,,,,,,,,,,,,,,
Power Plug 1,Socket,./Data\Physical_Interaction\Topology_B\4-Group_dataset\physicalInteraction6_group.csv,,,,,,,,,,,,,,,,,,48.0,5.196152422706632,54,45,45.0,,1.7320508075688774,4.0,3,0.0365415,0.024139918402927545,0.053611,0.019472,0.0365415,,,0.0170695,48.0,5.196152422706632,54.0,45.0,45.0,,1.7320508075688774,4.0,3.0,0.0365415,0.024139918402927545,0.053611,0.019472,0.0365415,,,0.0170695
Power Plug 1,Socket,./Data\Physical_Interaction\Topology_B\4-Group_dataset\physicalInteraction6_group.csv,,,,,,,,,,,,,,,,,,57.5,7.7781745930520225,63,52,57.5,,,5.5,2,0.009658,,0.009658,0.009658,0.009658,,,0.0,,,,,,,,,,,,,,,,,
Power Plug 1,Socket,./Data\Physical_Interaction\Topology_B\4-Group_dataset\physicalInteraction6_group.csv,64.5,2.1213203435596424,66.0,63.0,64.5,,,1.5,2.0,0.052313,,0.052313,0.052313,0.052313,,,0.0,56.5,9.746794344808963,66,45,57.5,-3.2210526315789476,-0.3455927080707887,8.0,4,0.05898699999999999,0.05298220704160973,0.11499,0.009658,0.052313,,0.5578560963325172,0.03733533333333333,48.5,4.949747468305833,52.0,45.0,48.5,,,3.5,2.0,0.176961,,0.176961,0.176961,0.176961,,,0.0
Power Plug 1,Socket,./Data\Physical_Interaction\Topology_B\4-Group_dataset\physicalInteraction6_group.csv,64.5,2.1213203435596424,66.0,63.0,64.5,,,1.5,2.0,0.052313,,0.052313,0.052313,0.052313,,,0.0,56.5,9.746794344808963,66,45,57.5,-3.2210526315789476,-0.3455927080707887,8.0,4,0.05898699999999999,0.05298220704160973,0.11499,0.009658,0.052313,,0.5578560963325172,0.03733533333333333,48.5,4.949747468305833,52.0,45.0,48.5,,,3.5,2.0,0.176961,,0.176961,0.176961,0.176961,,,0.0
Power Plug 1,Socket,./Data\Physical_Interaction\Topology_B\4-Group_dataset\physicalInteraction6_group.csv,,,,,,,,,,,,,,,,,,55.5,14.849242404917497,66,45,55.5,,,10.5,2,0.11499,,0.11499,0.11499,0.11499,,,0.0,,,,,,,,,,,,,,,,,
Power Plug 1,Socket,./Data\Physical_Interaction\Topology_B\4-Group_dataset\physicalInteraction6_group.csv,65.0,1.7320508075688772,66.0,63.0,66.0,,-1.7320508075688774,1.3333333333333333,3.0,0.0512015,0.06489613905695776,0.09709,0.005313,0.0512015,,,0.0458885,56.5,9.934787365615835,66,45,58.5,-2.4348444674384013,-0.32675088941891123,8.5,6,0.0348008,0.030807900288724644,0.071601,0.005313,0.020237,-2.9618223277989966,0.5089411254037606,0.026502160000000004,48.0,5.196152422706632,54.0,45.0,45.0,,1.7320508075688774,4.0,3.0,0.054874,0.059788706776447334,0.097151,0.012597,0.054874,,,0.042276999999999995
Power Plug 1,Socket,./Data\Physical_Interaction\Topology_B\4-Group_dataset\physicalInteraction6_group.csv,65.0,1.7320508075688772,66.0,63.0,66.0,,-1.7320508075688774,1.3333333333333333,3.0,0.0512015,0.06489613905695776,0.09709,0.005313,0.0512015,,,0.0458885,56.5,9.934787365615835,66,45,58.5,-2.4348444674384013,-0.32675088941891123,8.5,6,0.0348008,0.030807900288724644,0.071601,0.005313,0.020237,-2.9618223277989966,0.5089411254037606,0.026502160000000004,48.0,5.196152422706632,54.0,45.0,45.0,,1.7320508075688774,4.0,3.0,0.054874,0.059788706776447334,0.097151,0.012597,0.054874,,,0.042276999999999995
Power Plug 1,Socket,./Data\Physical_Interaction\Topology_B\4-Group_dataset\physicalInteraction6_group.csv,66.0,0.0,66.0,66.0,66.0,,,0.0,2.0,0.005313,,0.005313,0.005313,0.005313,,,0.0,55.2,10.52140675005011,66,45,54.0,-3.016061867935753,0.14140740999692653,8.64,5,0.027437,0.030066569874197487,0.071601,0.005313,0.016417,3.2033411803264116,1.7578916535236202,0.022081999999999997,48.0,5.196152422706632,54.0,45.0,45.0,,1.7320508075688774,4.0,3.0,0.054874,0.059788706776447334,0.097151,0.012597,0.054874,,,0.042276999999999995
Power Plug 1,Socket,./Data\Physical_Interaction\Topology_B\4-Group_dataset\physicalInteraction6_group.csv,64.5,2.1213203435596424,66.0,63.0,64.5,,,1.5,2.0,0.05338,,0.05338,0.05338,0.05338,,,0.0,64.5,2.1213203435596424,66,63,64.5,,,1.5,2,0.05338,,0.05338,0.05338,0.05338,,,0.0,,,,,,,,,,,,,,,,,
Power Plug 1,Socket,./Data\Physical_Interaction\Topology_B\4-Group_dataset\physicalInteraction6_group.csv,64.5,2.1213203435596424,66.0,63.0,64.5,,,1.5,2.0,0.05338,,0.05338,0.05338,0.05338,,,0.0,64.5,2.1213203435596424,66,63,64.5,,,1.5,2,0.05338,,0.05338,0.05338,0.05338,,,0.0,,,,,,,,,,,,,,,,,
Power Plug 1,Socket,./Data\Physical_Interaction\Topology_B\4-Group_dataset\physicalInteraction6_group.csv,64.5,2.1213203435596424,66.0,63.0,64.5,,,1.5,2.0,0.069893,,0.069893,0.069893,0.069893,,,0.0,57.0,9.486832980505138,66,45,58.5,-1.6999999999999993,-0.6324555320336758,7.5,4,0.024660000000000005,0.026573983875211486,0.054663,0.004087,0.01523,,1.3957785283406332,0.020002000000000002,49.5,6.363961030678928,54.0,45.0,49.5,,,4.5,2.0,0.019317,,0.019317,0.019317,0.019317,,,0.0
Power Plug 1,Socket,./Data\Physical_Interaction\Topology_B\4-Group_dataset\physicalInteraction6_group.csv,64.5,2.1213203435596424,66.0,63.0,64.5,,,1.5,2.0,0.069893,,0.069893,0.069893,0.069893,,,0.0,57.0,9.486832980505138,66,45,58.5,-1.6999999999999993,-0.6324555320336758,7.5,4,0.024660000000000005,0.026573983875211486,0.054663,0.004087,0.01523,,1.3957785283406332,0.020002000000000002,49.5,6.363961030678928,54.0,45.0,49.5,,,4.5,2.0,0.019317,,0.019317,0.019317,0.019317,,,0.0
Power Plug 1,Socket,./Data\Physical_Interaction\Topology_B\4-Group_dataset\physicalInteraction6_group.csv,,,,,,,,,,,,,,,,,,55.0,10.535653752852738,66,45,54.0,,0.4232731602680063,7.333333333333333,3,0.0096585,0.0078792908627617,0.01523,0.004087,0.0096585,,,0.0055715,49.5,6.363961030678928,54.0,45.0,49.5,,,4.5,2.0,0.019317,,0.019317,0.019317,0.019317,,,0.0
Power Plug 1,Socket,./Data\Physical_Interaction\Topology_B\4-Group_dataset\physicalInteraction6_group.csv,,,,,,,,,,,,,,,,,,55.0,7.0710678118654755,60,50,55.0,,,5.0,2,0.058633,,0.058633,0.058633,0.058633,,,0.0,,,,,,,,,,,,,,,,,
Power Plug 1,Socket,./Data\Physical_Interaction\Topology_B\4-Group_dataset\physicalInteraction6_group.csv,,,,,,,,,,,,,,,,,,55.0,7.0710678118654755,60,50,55.0,,,5.0,2,0.058633,,0.058633,0.058633,0.058633,,,0.0,,,,,,,,,,,,,,,,,
Power Plug 1,Socket,./Data\Physical_Interaction\Topology_B\4-Group_dataset\physicalInteraction6_group.csv,,,,,,,,,,,,,,,,,,55.0,7.0710678118654755,60,50,55.0,,,5.0,2,0.058633,,0.058633,0.058633,0.058633,,,0.0,,,,,,,,,,,,,,,,,
Power Plug 1,Socket,./Data\Physical_Interaction\Topology_B\4-Group_dataset\physicalInteraction6_group.csv,,,,,,,,,,,,,,,,,,48.333333333333336,2.8867513459481287,50,45,50.0,,-1.7320508075688852,2.2222222222222214,3,0.033832,0.037933450383533525,0.060655,0.007009,0.033832,,,0.026823,50.0,0.0,50.0,50.0,50.0,,,0.0,2.0,0.067664,,0.067664,0.067664,0.067664,,,0.0
Power Plug 1,Socket,./Data\Physical_Interaction\Topology_B\4-Group_dataset\physicalInteraction6_group.csv,,,,,,,,,,,,,,,,,,48.333333333333336,2.8867513459481287,50,45,50.0,,-1.7320508075688852,2.2222222222222214,3,0.033832,0.037933450383533525,0.060655,0.007009,0.033832,,,0.026823,50.0,0.0,50.0,50.0,50.0,,,0.0,2.0,0.067664,,0.067664,0.067664,0.067664,,,0.0
Power Plug 1,Socket,./Data\Physical_Interaction\Topology_B\4-Group_dataset\physicalInteraction6_group.csv,,,,,,,,,,,,,,,,,,48.333333333333336,2.8867513459481287,50,45,50.0,,-1.7320508075688852,2.2222222222222214,3,0.033832,0.037933450383533525,0.060655,0.007009,0.033832,,,0.026823,50.0,0.0,50.0,50.0,50.0,,,0.0,2.0,0.067664,,0.067664,0.067664,0.067664,,,0.0
Power Plug 1,Socket,./Data\Physical_Interaction\Topology_B\4-Group_dataset\physicalInteraction6_group.csv,64.5,2.1213203435596424,66.0,63.0,64.5,,,1.5,2.0,0.047829,,0.047829,0.047829,0.047829,,,0.0,53.0,9.612491872558333,66,45,49.5,-2.0808736717827623,0.5613636887963102,8.0,6,0.026904400000000002,0.014400275979994274,0.04515,0.009956,0.023397,-1.7837733532783346,0.2525865297569023,0.01168568,47.25,4.5,54.0,45.0,45.0,4.0,1.9999999999999998,3.375,4.0,0.03221633333333333,0.013537836323923162,0.04515,0.018146,0.033353,,-0.3751663784536965,0.009380222222222224
Power Plug 1,Socket,./Data\Physical_Interaction\Topology_B\4-Group_dataset\physicalInteraction6_group.csv,64.5,2.1213203435596424,66.0,63.0,64.5,,,1.5,2.0,0.047829,,0.047829,0.047829,0.047829,,,0.0,53.0,9.612491872558333,66,45,49.5,-2.0808736717827623,0.5613636887963102,8.0,6,0.026904400000000002,0.014400275979994274,0.04515,0.009956,0.023397,-1.7837733532783346,0.2525865297569023,0.01168568,47.25,4.5,54.0,45.0,45.0,4.0,1.9999999999999998,3.375,4.0,0.03221633333333333,0.013537836323923162,0.04515,0.018146,0.033353,,-0.3751663784536965,0.009380222222222224
Power Plug 1,Socket,./Data\Physical_Interaction\Topology_B\4-Group_dataset\physicalInteraction6_group.csv,,,,,,,,,,,,,,,,,,51.0,9.246621004453464,66,45,45.0,1.3351800554016613,1.4514548206436648,7.2,5,0.02416225,0.015045310019515496,0.04515,0.009956,0.0207715,1.8571977548736385,1.2057367472879568,0.010493875,47.25,4.5,54.0,45.0,45.0,4.0,1.9999999999999998,3.375,4.0,0.03221633333333333,0.013537836323923162,0.04515,0.018146,0.033353,,-0.3751663784536965,0.009380222222222224
Power Plug 1,Socket,./Data\Physical_Interaction\Topology_B\4-Group_dataset\physicalInteraction6_group.csv,64.5,2.1213203435596424,66.0,63.0,64.5,,,1.5,2.0,0.07118,,0.07118,0.07118,0.07118,,,0.0,57.0,9.486832980505138,66,45,58.5,-1.6999999999999993,-0.6324555320336758,7.5,4,0.04568966666666666,0.031011743732549665,0.065889,0.009983,0.061197,,-1.6875530020351168,0.023804444444444448,49.5,6.363961030678928,54.0,45.0,49.5,,,4.5,2.0,0.075872,,0.075872,0.075872,0.075872,,,0.0
Power Plug 1,Socket,./Data\Physical_Interaction\Topology_B\4-Group_dataset\physicalInteraction6_group.csv,64.5,2.1213203435596424,66.0,63.0,64.5,,,1.5,2.0,0.07118,,0.07118,0.07118,0.07118,,,0.0,57.0,9.486832980505138,66,45,58.5,-1.6999999999999993,-0.6324555320336758,7.5,4,0.04568966666666666,0.031011743732549665,0.065889,0.009983,0.061197,,-1.6875530020351168,0.023804444444444448,49.5,6.363961030678928,54.0,45.0,49.5,,,4.5,2.0,0.075872,,0.075872,0.075872,0.075872,,,0.0
Power Plug 1,Socket,./Data\Physical_Interaction\Topology_B\4-Group_dataset\physicalInteraction6_group.csv,,,,,,,,,,,,,,,,,,55.0,10.535653752852738,66,45,54.0,,0.4232731602680063,7.333333333333333,3,0.037936000000000004,0.03953151170901513,0.065889,0.009983,0.037936000000000004,,,0.027953000000000002,49.5,6.363961030678928,54.0,45.0,49.5,,,4.5,2.0,0.075872,,0.075872,0.075872,0.075872,,,0.0
Power Plug 1,Socket,./Data\Physical_Interaction\Topology_B\4-Group_dataset\physicalInteraction6_group.csv,,,,,,,,,,,,,,,,,,57.5,7.7781745930520225,63,52,57.5,,,5.5,2,0.00981,,0.00981,0.00981,0.00981,,,0.0,,,,,,,,,,,,,,,,,
Power Plug 1,Socket,./Data\Physical_Interaction\Topology_B\4-Group_dataset\physicalInteraction6_group.csv,,,,,,,,,,,,,,,,,,53.5,7.416198487095663,63,45,53.0,1.2330578512396695,0.3922617381604317,5.0,4,0.036999,0.023565824768083124,0.051551,0.00981,0.049636,,-1.7191924213604266,0.018126,50.333333333333336,4.725815626252609,54.0,45.0,52.0,,-1.3896361387064968,3.555555555555555,3.0,0.0554985,0.005582608037467792,0.059446,0.051551,0.0554985,,,0.0039475
Power Plug 1,Socket,./Data\Physical_Interaction\Topology_B\4-Group_dataset\physicalInteraction6_group.csv,,,,,,,,,,,,,,,,,,53.5,7.416198487095663,63,45,53.0,1.2330578512396695,0.3922617381604317,5.0,4,0.036999,0.023565824768083124,0.051551,0.00981,0.049636,,-1.7191924213604266,0.018126,50.333333333333336,4.725815626252609,54.0,45.0,52.0,,-1.3896361387064968,3.555555555555555,3.0,0.0554985,0.005582608037467792,0.059446,0.051551,0.0554985,,,0.0039475
Power Plug 1,Socket,./Data\Physical_Interaction\Topology_B\4-Group_dataset\physicalInteraction6_group.csv,,,,,,,,,,,,,,,,,,49.5,6.363961030678928,54,45,49.5,,,4.5,2,0.051551,,0.051551,0.051551,0.051551,,,0.0,49.5,6.363961030678928,54.0,45.0,49.5,,,4.5,2.0,0.051551,,0.051551,0.051551,0.051551,,,0.0
Power Plug 1,Socket,./Data\Physical_Interaction\Topology_B\4-Group_dataset\physicalInteraction6_group.csv,,,,,,,,,,,,,,,,,,50.333333333333336,4.725815626252609,54,45,52.0,,-1.3896361387064968,3.555555555555555,3,0.069407,0.01254973115249885,0.078281,0.060533,0.069407,,,0.008874000000000003,50.333333333333336,4.725815626252609,54.0,45.0,52.0,,-1.3896361387064968,3.555555555555555,3.0,0.069407,0.01254973115249885,0.078281,0.060533,0.069407,,,0.008874000000000003
Power Plug 1,Socket,./Data\Physical_Interaction\Topology_B\4-Group_dataset\physicalInteraction6_group.csv,,,,,,,,,,,,,,,,,,50.333333333333336,4.725815626252609,54,45,52.0,,-1.3896361387064968,3.555555555555555,3,0.069407,0.01254973115249885,0.078281,0.060533,0.069407,,,0.008874000000000003,50.333333333333336,4.725815626252609,54.0,45.0,52.0,,-1.3896361387064968,3.555555555555555,3.0,0.069407,0.01254973115249885,0.078281,0.060533,0.069407,,,0.008874000000000003
Power Plug 1,Socket,./Data\Physical_Interaction\Topology_B\4-Group_dataset\physicalInteraction6_group.csv,,,,,,,,,,,,,,,,,,49.5,6.363961030678928,54,45,49.5,,,4.5,2,0.078281,,0.078281,0.078281,0.078281,,,0.0,49.5,6.363961030678928,54.0,45.0,49.5,,,4.5,2.0,0.078281,,0.078281,0.078281,0.078281,,,0.0
Power Plug 1,Socket,./Data\Physical_Interaction\Topology_B\4-Group_dataset\physicalInteraction6_group.csv,64.5,2.1213203435596424,66.0,63.0,64.5,,,1.5,2.0,0.052772,,0.052772,0.052772,0.052772,,,0.0,57.0,9.486832980505138,66,45,58.5,-1.6999999999999993,-0.6324555320336758,7.5,4,0.044037,0.03468491497755185,0.079339,0.010004,0.042768,,0.16441891479541795,0.023534666666666666,49.5,6.363961030678928,54.0,45.0,49.5,,,4.5,2.0,0.089343,,0.089343,0.089343,0.089343,,,0.0
Power Plug 1,Socket,./Data\Physical_Interaction\Topology_B\4-Group_dataset\physicalInteraction6_group.csv,64.5,2.1213203435596424,66.0,63.0,64.5,,,1.5,2.0,0.052772,,0.052772,0.052772,0.052772,,,0.0,57.0,9.486832980505138,66,45,58.5,-1.6999999999999993,-0.6324555320336758,7.5,4,0.044037,0.03468491497755185,0.079339,0.010004,0.042768,,0.16441891479541795,0.023534666666666666,49.5,6.363961030678928,54.0,45.0,49.5,,,4.5,2.0,0.089343,,0.089343,0.089343,0.089343,,,0.0
Power Plug 1,Socket,./Data\Physical_Interaction\Topology_B\4-Group_dataset\physicalInteraction6_group.csv,,,,,,,,,,,,,,,,,,55.0,10.535653752852738,66,45,54.0,,0.4232731602680063,7.333333333333333,3,0.0446715,0.04902724867356928,0.079339,0.010004,0.0446715,,,0.034667500000000004,49.5,6.363961030678928,54.0,45.0,49.5,,,4.5,2.0,0.089343,,0.089343,0.089343,0.089343,,,0.0
Power Plug 1,Socket,./Data\Physical_Interaction\Topology_B\4-Group_dataset\physicalInteraction6_group.csv,,,,,,,,,,,,,,,,,,49.5,6.363961030678928,54,45,49.5,,,4.5,2,0.064386,,0.064386,0.064386,0.064386,,,0.0,49.5,6.363961030678928,54.0,45.0,49.5,,,4.5,2.0,0.064386,,0.064386,0.064386,0.064386,,,0.0
Power Plug 1,Socket,./Data\Physical_Interaction\Topology_B\4-Group_dataset\physicalInteraction6_group.csv,,,,,,,,,,,,,,,,,,49.5,6.363961030678928,54,45,49.5,,,4.5,2,0.064386,,0.064386,0.064386,0.064386,,,0.0,49.5,6.363961030678928,54.0,45.0,49.5,,,4.5,2.0,0.064386,,0.064386,0.064386,0.064386,,,0.0
Power Plug 1,Socket,./Data\Physical_Interaction\Topology_B\4-Group_dataset\physicalInteraction6_group.csv,,,,,,,,,,,,,,,,,,49.5,6.363961030678928,54,45,49.5,,,4.5,2,0.064386,,0.064386,0.064386,0.064386,,,0.0,49.5,6.363961030678928,54.0,45.0,49.5,,,4.5,2.0,0.064386,,0.064386,0.064386,0.064386,,,0.0
Power Plug 1,Socket,./Data\Physical_Interaction\Topology_B\4-Group_dataset\physicalInteraction6_group.csv,,,,,,,,,,,,,,,,,,57.5,7.7781745930520225,63,52,57.5,,,5.5,2,0.024838,,0.024838,0.024838,0.024838,,,0.0,,,,,,,,,,,,,,,,,
Power Plug 1,Socket,./Data\Physical_Interaction\Topology_B\4-Group_dataset\physicalInteraction6_group.csv,,,,,,,,,,,,,,,,,,57.5,7.7781745930520225,63,52,57.5,,,5.5,2,0.024838,,0.024838,0.024838,0.024838,,,0.0,,,,,,,,,,,,,,,,,
Power Plug 1,Socket,./Data\Physical_Interaction\Topology_B\4-Group_dataset\physicalInteraction6_group.csv,,,,,,,,,,,,,,,,,,54.333333333333336,10.692676621563628,66,45,52.0,,0.9352195295828224,7.777777777777779,3,0.076422,0.0036925116113561544,0.079033,0.073811,0.076422,,,0.002611000000000002,48.5,4.949747468305833,52.0,45.0,48.5,,,3.5,2.0,0.152844,,0.152844,0.152844,0.152844,,,0.0
Power Plug 1,Socket,./Data\Physical_Interaction\Topology_B\4-Group_dataset\physicalInteraction6_group.csv,,,,,,,,,,,,,,,,,,54.333333333333336,10.692676621563628,66,45,52.0,,0.9352195295828224,7.777777777777779,3,0.076422,0.0036925116113561544,0.079033,0.073811,0.076422,,,0.002611000000000002,48.5,4.949747468305833,52.0,45.0,48.5,,,3.5,2.0,0.152844,,0.152844,0.152844,0.152844,,,0.0
Power Plug 1,Socket,./Data\Physical_Interaction\Topology_B\4-Group_dataset\physicalInteraction6_group.csv,,,,,,,,,,,,,,,,,,55.5,14.849242404917497,66,45,55.5,,,10.5,2,0.079033,,0.079033,0.079033,0.079033,,,0.0,,,,,,,,,,,,,,,,,
Power Plug 1,Socket,./Data\Physical_Interaction\Topology_B\4-Group_dataset\physicalInteraction6_group.csv,66.0,0.0,66.0,66.0,66.0,,,0.0,2.0,0.005324,,0.005324,0.005324,0.005324,,,0.0,57.25,10.5,66,45,59.0,-3.901234567901234,-0.37037037037037035,8.75,4,0.031111666666666666,0.02886748666464286,0.062297,0.005324,0.025714,,0.8119963773650426,0.02079022222222222,48.5,4.949747468305833,52.0,45.0,48.5,,,3.5,2.0,0.062297,,0.062297,0.062297,0.062297,,,0.0
Power Plug 1,Socket,./Data\Physical_Interaction\Topology_B\4-Group_dataset\physicalInteraction6_group.csv,66.0,0.0,66.0,66.0,66.0,,,0.0,2.0,0.005324,,0.005324,0.005324,0.005324,,,0.0,57.25,10.5,66,45,59.0,-3.901234567901234,-0.37037037037037035,8.75,4,0.031111666666666666,0.02886748666464286,0.062297,0.005324,0.025714,,0.8119963773650426,0.02079022222222222,48.5,4.949747468305833,52.0,45.0,48.5,,,3.5,2.0,0.062297,,0.062297,0.062297,0.062297,,,0.0
Power Plug 1,Socket,./Data\Physical_Interaction\Topology_B\4-Group_dataset\physicalInteraction6_group.csv,66.0,0.0,66.0,66.0,66.0,,,0.0,2.0,0.005324,,0.005324,0.005324,0.005324,,,0.0,59.0,12.12435565298214,66,45,66.0,,-1.7320508075688774,9.333333333333334,3,0.015519,0.014417907268393704,0.025714,0.005324,0.015519,,,0.010195,,,,,,,,,,,,,,,,,
Power Plug 1,Socket,./Data\Physical_Interaction\Topology_B\4-Group_dataset\physicalInteraction6_group.csv,65.0,1.7320508075688772,66.0,63.0,66.0,,-1.7320508075688774,1.3333333333333333,3.0,0.036981,0.044967748642777305,0.068778,0.005184,0.036981,,,0.031797000000000006,56.166666666666664,10.068101443006356,66,45,57.5,-2.6884956347434588,-0.18708501644533404,8.833333333333334,6,0.0295622,0.02950010263032995,0.068778,0.005184,0.010168,-2.4661919172541245,0.7324192586387467,0.02537184,47.333333333333336,4.041451884327381,52.0,45.0,45.0,,1.7320508075688723,3.111111111111112,3.0,0.0739055,0.09013843693175513,0.137643,0.010168,0.0739055,,,0.0637375
Power Plug 1,Socket,./Data\Physical_Interaction\Topology_B\4-Group_dataset\physicalInteraction6_group.csv,65.0,1.7320508075688772,66.0,63.0,66.0,,-1.7320508075688774,1.3333333333333333,3.0,0.036981,0.044967748642777305,0.068778,0.005184,0.036981,,,0.031797000000000006,56.166666666666664,10.068101443006356,66,45,57.5,-2.6884956347434588,-0.18708501644533404,8.833333333333334,6,0.0295622,0.02950010263032995,0.068778,0.005184,0.010168,-2.4661919172541245,0.7324192586387467,0.02537184,47.333333333333336,4.041451884327381,52.0,45.0,45.0,,1.7320508075688723,3.111111111111112,3.0,0.0739055,0.09013843693175513,0.137643,0.010168,0.0739055,,,0.0637375
Power Plug 1,Socket,./Data\Physical_Interaction\Topology_B\4-Group_dataset\physicalInteraction6_group.csv,65.0,1.7320508075688772,66.0,63.0,66.0,,-1.7320508075688774,1.3333333333333333,3.0,0.036981,0.044967748642777305,0.068778,0.005184,0.036981,,,0.031797000000000006,57.0,11.022703842524301,66,45,63.0,-3.2674897119341564,-0.5544112586546288,9.6,5,0.0344765,0.03161232529146399,0.068778,0.005184,0.031972,-4.793420304959906,0.16985583878961594,0.0268005,45.0,0.0,45.0,45.0,45.0,,,0.0,2.0,0.010168,,0.010168,0.010168,0.010168,,,0.0
Power Plug 1,Socket,./Data\Physical_Interaction\Topology_B\4-Group_dataset\physicalInteraction6_group.csv,64.5,2.1213203435596424,66.0,63.0,64.5,,,1.5,2.0,0.084203,,0.084203,0.084203,0.084203,,,0.0,58.0,11.357816691600547,66,45,63.0,,-1.5970969928697365,8.666666666666666,3,0.0421015,0.010745901753691965,0.0497,0.034503,0.0421015,,,0.007598500000000001,,,,,,,,,,,,,,,,,
Power Plug 1,Socket,./Data\Physical_Interaction\Topology_B\4-Group_dataset\physicalInteraction6_group.csv,64.5,2.1213203435596424,66.0,63.0,64.5,,,1.5,2.0,0.084203,,0.084203,0.084203,0.084203,,,0.0,58.0,11.357816691600547,66,45,63.0,,-1.5970969928697365,8.666666666666666,3,0.0421015,0.010745901753691965,0.0497,0.034503,0.0421015,,,0.007598500000000001,,,,,,,,,,,,,,,,,
Power Plug 1,Socket,./Data\Physical_Interaction\Topology_B\4-Group_dataset\physicalInteraction6_group.csv,64.5,2.1213203435596424,66.0,63.0,64.5,,,1.5,2.0,0.084203,,0.084203,0.084203,0.084203,,,0.0,58.0,11.357816691600547,66,45,63.0,,-1.5970969928697365,8.666666666666666,3,0.0421015,0.010745901753691965,0.0497,0.034503,0.0421015,,,0.007598500000000001,,,,,,,,,,,,,,,,,
Power Plug 1,Socket,./Data\Physical_Interaction\Topology_B\4-Group_dataset\physicalInteraction6_group.csv,,,,,,,,,,,,,,,,,,52.333333333333336,4.041451884327381,57,50,50.0,,1.7320508075688723,3.111111111111112,3,0.033276,0.015587461884476253,0.044298,0.022254,0.033276,,,0.011021999999999999,50.0,0.0,50.0,50.0,50.0,,,0.0,2.0,0.066552,,0.066552,0.066552,0.066552,,,0.0
Power Plug 1,Socket,./Data\Physical_Interaction\Topology_B\4-Group_dataset\physicalInteraction6_group.csv,,,,,,,,,,,,,,,,,,52.333333333333336,4.041451884327381,57,50,50.0,,1.7320508075688723,3.111111111111112,3,0.033276,0.015587461884476253,0.044298,0.022254,0.033276,,,0.011021999999999999,50.0,0.0,50.0,50.0,50.0,,,0.0,2.0,0.066552,,0.066552,0.066552,0.066552,,,0.0
Power Plug 1,Socket,./Data\Physical_Interaction\Topology_B\4-Group_dataset\physicalInteraction6_group.csv,64.0,9.899494936611665,71.0,57.0,64.0,,,7.0,2.0,1.774913,,1.774913,1.774913,1.774913,,,0.0,57.0,9.899494936611665,71,50,53.5,1.5,1.414213562373095,7.0,4,0.5990556666666667,0.980021111060539,1.730615,0.022254,0.044298,,1.7310649817181918,0.7543728888888889,50.0,0.0,50.0,50.0,50.0,,,0.0,2.0,0.066552,,0.066552,0.066552,0.066552,,,0.0
Power Plug 1,Socket,./Data\Physical_Interaction\Topology_B\4-Group_dataset\physicalInteraction6_group.csv,,,,,,,,,,,,,,,,,,54.0,12.727922061357855,63,45,54.0,,,9.0,2,0.137125,,0.137125,0.137125,0.137125,,,0.0,,,,,,,,,,,,,,,,,
Power Plug 1,Socket,./Data\Physical_Interaction\Topology_B\4-Group_dataset\physicalInteraction6_group.csv,,,,,,,,,,,,,,,,,,54.0,12.727922061357855,63,45,54.0,,,9.0,2,0.137125,,0.137125,0.137125,0.137125,,,0.0,,,,,,,,,,,,,,,,,
Power Plug 1,Socket,./Data\Physical_Interaction\Topology_B\4-Group_dataset\physicalInteraction6_group.csv,,,,,,,,,,,,,,,,,,54.0,12.727922061357855,63,45,54.0,,,9.0,2,0.137125,,0.137125,0.137125,0.137125,,,0.0,,,,,,,,,,,,,,,,,
Power Plug 1,Socket,./Data\Physical_Interaction\Topology_B\4-Group_dataset\physicalInteraction6_group.csv,,,,,,,,,,,,,,,,,,54.333333333333336,10.692676621563628,66,45,52.0,,0.9352195295828224,7.777777777777779,3,0.0439445,0.05850672218215613,0.085315,0.002574,0.0439445,,,0.041370500000000004,48.5,4.949747468305833,52.0,45.0,48.5,,,3.5,2.0,0.085315,,0.085315,0.085315,0.085315,,,0.0
Power Plug 1,Socket,./Data\Physical_Interaction\Topology_B\4-Group_dataset\physicalInteraction6_group.csv,,,,,,,,,,,,,,,,,,54.333333333333336,10.692676621563628,66,45,52.0,,0.9352195295828224,7.777777777777779,3,0.0439445,0.05850672218215613,0.085315,0.002574,0.0439445,,,0.041370500000000004,48.5,4.949747468305833,52.0,45.0,48.5,,,3.5,2.0,0.085315,,0.085315,0.085315,0.085315,,,0.0
Power Plug 1,Socket,./Data\Physical_Interaction\Topology_B\4-Group_dataset\physicalInteraction6_group.csv,,,,,,,,,,,,,,,,,,54.333333333333336,10.692676621563628,66,45,52.0,,0.9352195295828224,7.777777777777779,3,0.0439445,0.05850672218215613,0.085315,0.002574,0.0439445,,,0.041370500000000004,48.5,4.949747468305833,52.0,45.0,48.5,,,3.5,2.0,0.085315,,0.085315,0.085315,0.085315,,,0.0
Power Plug 1,Socket,./Data\Physical_Interaction\Topology_B\4-Group_dataset\physicalInteraction6_group.csv,,,,,,,,,,,,,,,,,,51.0,9.246621004453464,66,45,45.0,1.3351800554016613,1.4514548206436648,7.2,5,0.02050225,0.02653401122301966,0.060081,0.003383,0.0092725,3.7946892769414973,1.931917654986278,0.019789375,47.25,4.5,54.0,45.0,45.0,4.0,1.9999999999999998,3.375,4.0,0.027336333333333334,0.029353559534293854,0.060081,0.003383,0.018545,,1.2268500175132706,0.02182977777777778
Power Plug 1,Socket,./Data\Physical_Interaction\Topology_B\4-Group_dataset\physicalInteraction6_group.csv,,,,,,,,,,,,,,,,,,51.0,9.246621004453464,66,45,45.0,1.3351800554016613,1.4514548206436648,7.2,5,0.02050225,0.02653401122301966,0.060081,0.003383,0.0092725,3.7946892769414973,1.931917654986278,0.019789375,47.25,4.5,54.0,45.0,45.0,4.0,1.9999999999999998,3.375,4.0,0.027336333333333334,0.029353559534293854,0.060081,0.003383,0.018545,,1.2268500175132706,0.02182977777777778
Power Plug 1,Socket,./Data\Physical_Interaction\Topology_B\4-Group_dataset\physicalInteraction6_group.csv,,,,,,,,,,,,,,,,,,51.0,9.246621004453464,66,45,45.0,1.3351800554016613,1.4514548206436648,7.2,5,0.02050225,0.02653401122301966,0.060081,0.003383,0.0092725,3.7946892769414973,1.931917654986278,0.019789375,47.25,4.5,54.0,45.0,45.0,4.0,1.9999999999999998,3.375,4.0,0.027336333333333334,0.029353559534293854,0.060081,0.003383,0.018545,,1.2268500175132706,0.02182977777777778
Power Plug 1,Socket,./Data\Physical_Interaction\Topology_B\4-Group_dataset\physicalInteraction6_group.csv,,,,,,,,,,,,,,,,,,50.333333333333336,4.725815626252609,54,45,52.0,,-1.3896361387064968,3.555555555555555,3,0.080522,0.026103553934282587,0.09898,0.062064,0.080522,,,0.018458,50.333333333333336,4.725815626252609,54.0,45.0,52.0,,-1.3896361387064968,3.555555555555555,3.0,0.080522,0.026103553934282587,0.09898,0.062064,0.080522,,,0.018458
Power Plug 1,Socket,./Data\Physical_Interaction\Topology_B\4-Group_dataset\physicalInteraction6_group.csv,,,,,,,,,,,,,,,,,,50.333333333333336,4.725815626252609,54,45,52.0,,-1.3896361387064968,3.555555555555555,3,0.080522,0.026103553934282587,0.09898,0.062064,0.080522,,,0.018458,50.333333333333336,4.725815626252609,54.0,45.0,52.0,,-1.3896361387064968,3.555555555555555,3.0,0.080522,0.026103553934282587,0.09898,0.062064,0.080522,,,0.018458
Power Plug 1,Socket,./Data\Physical_Interaction\Topology_B\4-Group_dataset\physicalInteraction6_group.csv,,,,,,,,,,,,,,,,,,50.333333333333336,4.725815626252609,54,45,52.0,,-1.3896361387064968,3.555555555555555,3,0.080522,0.026103553934282587,0.09898,0.062064,0.080522,,,0.018458,50.333333333333336,4.725815626252609,54.0,45.0,52.0,,-1.3896361387064968,3.555555555555555,3.0,0.080522,0.026103553934282587,0.09898,0.062064,0.080522,,,0.018458
Power Plug 1,Socket,./Data\Physical_Interaction\Topology_B\4-Group_dataset\physicalInteraction6_group.csv,64.5,2.1213203435596424,66.0,63.0,64.5,,,1.5,2.0,0.102385,,0.102385,0.102385,0.102385,,,0.0,54.166666666666664,8.841191473249895,66,45,53.0,-1.6857588390669234,0.345349935389289,6.888888888888888,6,0.0329046,0.018147492644990933,0.052329,0.009809,0.029408,-1.9637945590608314,-0.0681097252106081,0.014634320000000001,49.0,4.69041575982343,54.0,45.0,48.5,-5.111570247933884,0.15505506644044395,4.0,4.0,0.054841,0.029734330932442387,0.081737,0.022911,0.059875,,-0.7400104074203102,0.021286666666666666
Power Plug 1,Socket,./Data\Physical_Interaction\Topology_B\4-Group_dataset\physicalInteraction6_group.csv,64.5,2.1213203435596424,66.0,63.0,64.5,,,1.5,2.0,0.102385,,0.102385,0.102385,0.102385,,,0.0,54.166666666666664,8.841191473249895,66,45,53.0,-1.6857588390669234,0.345349935389289,6.888888888888888,6,0.0329046,0.018147492644990933,0.052329,0.009809,0.029408,-1.9637945590608314,-0.0681097252106081,0.014634320000000001,49.0,4.69041575982343,54.0,45.0,48.5,-5.111570247933884,0.15505506644044395,4.0,4.0,0.054841,0.029734330932442387,0.081737,0.022911,0.059875,,-0.7400104074203102,0.021286666666666666
Power Plug 1,Socket,./Data\Physical_Interaction\Topology_B\4-Group_dataset\physicalInteraction6_group.csv,64.5,2.1213203435596424,66.0,63.0,64.5,,,1.5,2.0,0.102385,,0.102385,0.102385,0.102385,,,0.0,54.166666666666664,8.841191473249895,66,45,53.0,-1.6857588390669234,0.345349935389289,6.888888888888888,6,0.0329046,0.018147492644990933,0.052329,0.009809,0.029408,-1.9637945590608314,-0.0681097252106081,0.014634320000000001,49.0,4.69041575982343,54.0,45.0,48.5,-5.111570247933884,0.15505506644044395,4.0,4.0,0.054841,0.029734330932442387,0.081737,0.022911,0.059875,,-0.7400104074203102,0.021286666666666666
Power Plug 1,Socket,./Data\Physical_Interaction\Topology_B\4-Group_dataset\physicalInteraction6_group.csv,,,,,,,,,,,,,,,,,,55.0,10.535653752852738,66,45,54.0,,0.4232731602680063,7.333333333333333,3,0.0375075,0.005630691298588476,0.041489,0.033526,0.0375075,,,0.003981499999999999,49.5,6.363961030678928,54.0,45.0,49.5,,,4.5,2.0,0.075015,,0.075015,0.075015,0.075015,,,0.0
Power Plug 1,Socket,./Data\Physical_Interaction\Topology_B\4-Group_dataset\physicalInteraction6_group.csv,,,,,,,,,,,,,,,,,,55.0,10.535653752852738,66,45,54.0,,0.4232731602680063,7.333333333333333,3,0.0375075,0.005630691298588476,0.041489,0.033526,0.0375075,,,0.003981499999999999,49.5,6.363961030678928,54.0,45.0,49.5,,,4.5,2.0,0.075015,,0.075015,0.075015,0.075015,,,0.0
Power Plug 1,Socket,./Data\Physical_Interaction\Topology_B\4-Group_dataset\physicalInteraction6_group.csv,,,,,,,,,,,,,,,,,,55.0,10.535653752852738,66,45,54.0,,0.4232731602680063,7.333333333333333,3,0.0375075,0.005630691298588476,0.041489,0.033526,0.0375075,,,0.003981499999999999,49.5,6.363961030678928,54.0,45.0,49.5,,,4.5,2.0,0.075015,,0.075015,0.075015,0.075015,,,0.0
Power Plug 1,Socket,./Data\Physical_Interaction\Topology_B\4-Group_dataset\physicalInteraction6_group.csv,,,,,,,,,,,,,,,,,,47.5,3.5355339059327378,50,45,47.5,,,2.5,2,0.007277,,0.007277,0.007277,0.007277,,,0.0,,,,,,,,,,,,,,,,,
Power Plug 1,Socket,./Data\Physical_Interaction\Topology_B\4-Group_dataset\physicalInteraction6_group.csv,,,,,,,,,,,,,,,,,,47.5,3.5355339059327378,50,45,47.5,,,2.5,2,0.007277,,0.007277,0.007277,0.007277,,,0.0,,,,,,,,,,,,,,,,,
Power Plug 1,Socket,./Data\Physical_Interaction\Topology_B\4-Group_dataset\physicalInteraction6_group.csv,,,,,,,,,,,,,,,,,,47.5,3.5355339059327378,50,45,47.5,,,2.5,2,0.007277,,0.007277,0.007277,0.007277,,,0.0,,,,,,,,,,,,,,,,,
Power Plug 1,Socket,./Data\Physical_Interaction\Topology_B\4-Group_dataset\physicalInteraction6_group.csv,,,,,,,,,,,,,,,,,,54.333333333333336,10.692676621563628,66,45,52.0,,0.9352195295828224,7.777777777777779,3,0.045261499999999996,0.018729137313288086,0.058505,0.032018,0.045261499999999996,,,0.013243500000000002,48.5,4.949747468305833,52.0,45.0,48.5,,,3.5,2.0,0.058505,,0.058505,0.058505,0.058505,,,0.0
Power Plug 1,Socket,./Data\Physical_Interaction\Topology_B\4-Group_dataset\physicalInteraction6_group.csv,,,,,,,,,,,,,,,,,,54.333333333333336,10.692676621563628,66,45,52.0,,0.9352195295828224,7.777777777777779,3,0.045261499999999996,0.018729137313288086,0.058505,0.032018,0.045261499999999996,,,0.013243500000000002,48.5,4.949747468305833,52.0,45.0,48.5,,,3.5,2.0,0.058505,,0.058505,0.058505,0.058505,,,0.0
Power Plug 1,Socket,./Data\Physical_Interaction\Topology_B\4-Group_dataset\physicalInteraction6_group.csv,,,,,,,,,,,,,,,,,,54.333333333333336,10.692676621563628,66,45,52.0,,0.9352195295828224,7.777777777777779,3,0.045261499999999996,0.018729137313288086,0.058505,0.032018,0.045261499999999996,,,0.013243500000000002,48.5,4.949747468305833,52.0,45.0,48.5,,,3.5,2.0,0.058505,,0.058505,0.058505,0.058505,,,0.0
Power Plug 1,Socket,./Data\Physical_Interaction\Topology_B\4-Group_dataset\physicalInteraction6_group.csv,,,,,,,,,,,,,,,,,,49.5,6.363961030678928,54,45,49.5,,,4.5,2,0.07802,,0.07802,0.07802,0.07802,,,0.0,49.5,6.363961030678928,54.0,45.0,49.5,,,4.5,2.0,0.07802,,0.07802,0.07802,0.07802,,,0.0
Power Plug 1,Socket,./Data\Physical_Interaction\Topology_B\4-Group_dataset\physicalInteraction6_group.csv,,,,,,,,,,,,,,,,,,49.5,6.363961030678928,54,45,49.5,,,4.5,2,0.07802,,0.07802,0.07802,0.07802,,,0.0,49.5,6.363961030678928,54.0,45.0,49.5,,,4.5,2.0,0.07802,,0.07802,0.07802,0.07802,,,0.0
Power Plug 1,Socket,./Data\Physical_Interaction\Topology_B\4-Group_dataset\physicalInteraction6_group.csv,,,,,,,,,,,,,,,,,,49.5,6.363961030678928,54,45,49.5,,,4.5,2,0.07802,,0.07802,0.07802,0.07802,,,0.0,49.5,6.363961030678928,54.0,45.0,49.5,,,4.5,2.0,0.07802,,0.07802,0.07802,0.07802,,,0.0
Power Plug 1,Socket,./Data\Physical_Interaction\Topology_B\4-Group_dataset\physicalInteraction6_group.csv,64.5,2.1213203435596424,66.0,63.0,64.5,,,1.5,2.0,0.074298,,0.074298,0.074298,0.074298,,,0.0,56.5,9.746794344808963,66,45,57.5,-3.2210526315789476,-0.3455927080707887,8.0,4,0.050533666666666664,0.0355031494987886,0.074298,0.009722,0.067581,,-1.662563683256845,0.027207777777777775,48.5,4.949747468305833,52.0,45.0,48.5,,,3.5,2.0,0.151601,,0.151601,0.151601,0.151601,,,0.0
Power Plug 1,Socket,./Data\Physical_Interaction\Topology_B\4-Group_dataset\physicalInteraction6_group.csv,64.5,2.1213203435596424,66.0,63.0,64.5,,,1.5,2.0,0.074298,,0.074298,0.074298,0.074298,,,0.0,56.5,9.746794344808963,66,45,57.5,-3.2210526315789476,-0.3455927080707887,8.0,4,0.050533666666666664,0.0355031494987886,0.074298,0.009722,0.067581,,-1.662563683256845,0.027207777777777775,48.5,4.949747468305833,52.0,45.0,48.5,,,3.5,2.0,0.151601,,0.151601,0.151601,0.151601,,,0.0
Power Plug 1,Socket,./Data\Physical_Interaction\Topology_B\4-Group_dataset\physicalInteraction6_group.csv,64.5,2.1213203435596424,66.0,63.0,64.5,,,1.5,2.0,0.074298,,0.074298,0.074298,0.074298,,,0.0,56.5,9.746794344808963,66,45,57.5,-3.2210526315789476,-0.3455927080707887,8.0,4,0.050533666666666664,0.0355031494987886,0.074298,0.009722,0.067581,,-1.662563683256845,0.027207777777777775,48.5,4.949747468305833,52.0,45.0,48.5,,,3.5,2.0,0.151601,,0.151601,0.151601,0.151601,,,0.0
Power Plug 1,Socket,./Data\Physical_Interaction\Topology_B\4-Group_dataset\physicalInteraction6_group.csv,,,,,,,,,,,,,,,,,,55.5,14.849242404917497,66,45,55.5,,,10.5,2,0.024463,,0.024463,0.024463,0.024463,,,0.0,,,,,,,,,,,,,,,,,
Power Plug 1,Socket,./Data\Physical_Interaction\Topology_B\4-Group_dataset\physicalInteraction6_group.csv,,,,,,,,,,,,,,,,,,55.5,14.849242404917497,66,45,55.5,,,10.5,2,0.024463,,0.024463,0.024463,0.024463,,,0.0,,,,,,,,,,,,,,,,,
Power Plug 1,Socket,./Data\Physical_Interaction\Topology_B\4-Group_dataset\physicalInteraction6_group.csv,,,,,,,,,,,,,,,,,,55.5,14.849242404917497,66,45,55.5,,,10.5,2,0.024463,,0.024463,0.024463,0.024463,,,0.0,,,,,,,,,,,,,,,,,
Power Plug 1,Socket,./Data\Physical_Interaction\Topology_B\4-Group_dataset\physicalInteraction6_group.csv,,,,,,,,,,,,,,,,,,52.0,12.12435565298214,66,45,45.0,,1.7320508075688774,9.333333333333334,3,0.037778,0.044065480389983265,0.068937,0.006619,0.037778,,,0.031159,45.0,0.0,45.0,45.0,45.0,,,0.0,2.0,0.068937,,0.068937,0.068937,0.068937,,,0.0
Power Plug 1,Socket,./Data\Physical_Interaction\Topology_B\4-Group_dataset\physicalInteraction6_group.csv,,,,,,,,,,,,,,,,,,52.0,12.12435565298214,66,45,45.0,,1.7320508075688774,9.333333333333334,3,0.037778,0.044065480389983265,0.068937,0.006619,0.037778,,,0.031159,45.0,0.0,45.0,45.0,45.0,,,0.0,2.0,0.068937,,0.068937,0.068937,0.068937,,,0.0
Power Plug 1,Socket,./Data\Physical_Interaction\Topology_B\4-Group_dataset\physicalInteraction6_group.csv,,,,,,,,,,,,,,,,,,52.0,12.12435565298214,66,45,45.0,,1.7320508075688774,9.333333333333334,3,0.037778,0.044065480389983265,0.068937,0.006619,0.037778,,,0.031159,45.0,0.0,45.0,45.0,45.0,,,0.0,2.0,0.068937,,0.068937,0.068937,0.068937,,,0.0
Power Plug 1,Socket,./Data\Physical_Interaction\Topology_B\4-Group_dataset\physicalInteraction6_group.csv,59.666666666666664,13.316656236958785,71.0,45.0,63.0,,-1.0558318939643099,9.777777777777779,3.0,1.330887,1.697689842523657,2.531335,0.130439,1.330887,,,1.200448,57.25,11.89887949906769,71,45,56.5,-3.1704541084826072,0.22571011575584932,9.75,4,0.887258,1.4249975914284907,2.531335,0.007114,0.123325,,1.7191005539301176,1.0960513333333333,,,,,,,,,,,,,,,,,
Power Plug 1,Socket,./Data\Physical_Interaction\Topology_B\4-Group_dataset\physicalInteraction6_group.csv,54.0,12.727922061357855,63.0,45.0,54.0,,,9.0,2.0,0.130439,,0.130439,0.130439,0.130439,,,0.0,52.666666666666664,9.29157324317757,63,45,50.0,,1.185115020178999,6.888888888888888,3,0.0652195,0.08217358614846987,0.123325,0.007114,0.0652195,,,0.058105500000000004,,,,,,,,,,,,,,,,,
Power Plug 1,Socket,./Data\Physical_Interaction\Topology_B\4-Group_dataset\physicalInteraction6_group.csv,54.0,12.727922061357855,63.0,45.0,54.0,,,9.0,2.0,0.130439,,0.130439,0.130439,0.130439,,,0.0,52.666666666666664,9.29157324317757,63,45,50.0,,1.185115020178999,6.888888888888888,3,0.0652195,0.08217358614846987,0.123325,0.007114,0.0652195,,,0.058105500000000004,,,,,,,,,,,,,,,,,
Power Plug 1,Socket,./Data\Physical_Interaction\Topology_B\4-Group_dataset\physicalInteraction6_group.csv,64.5,2.1213203435596424,66.0,63.0,64.5,,,1.5,2.0,0.051345,,0.051345,0.051345,0.051345,,,0.0,64.5,2.1213203435596424,66,63,64.5,,,1.5,2,0.051345,,0.051345,0.051345,0.051345,,,0.0,,,,,,,,,,,,,,,,,
Power Plug 1,Socket,./Data\Physical_Interaction\Topology_B\4-Group_dataset\physicalInteraction6_group.csv,64.5,2.1213203435596424,66.0,63.0,64.5,,,1.5,2.0,0.051345,,0.051345,0.051345,0.051345,,,0.0,64.5,2.1213203435596424,66,63,64.5,,,1.5,2,0.051345,,0.051345,0.051345,0.051345,,,0.0,,,,,,,,,,,,,,,,,
Power Plug 1,Socket,./Data\Physical_Interaction\Topology_B\4-Group_dataset\physicalInteraction6_group.csv,64.5,2.1213203435596424,66.0,63.0,64.5,,,1.5,2.0,0.051345,,0.051345,0.051345,0.051345,,,0.0,64.5,2.1213203435596424,66,63,64.5,,,1.5,2,0.051345,,0.051345,0.051345,0.051345,,,0.0,,,,,,,,,,,,,,,,,
Power Plug 1,Socket,./Data\Physical_Interaction\Topology_B\4-Group_dataset\physicalInteraction6_group.csv,64.5,2.1213203435596424,66.0,63.0,64.5,,,1.5,2.0,0.060203,,0.060203,0.060203,0.060203,,,0.0,60.333333333333336,7.371114795831994,66,52,63.0,,-1.4149078045369885,5.5555555555555545,3,0.037609000000000004,0.03195274122825771,0.060203,0.015015,0.037609000000000004,,,0.022594,,,,,,,,,,,,,,,,,
Power Plug 1,Socket,./Data\Physical_Interaction\Topology_B\4-Group_dataset\physicalInteraction6_group.csv,64.5,2.1213203435596424,66.0,63.0,64.5,,,1.5,2.0,0.060203,,0.060203,0.060203,0.060203,,,0.0,60.333333333333336,7.371114795831994,66,52,63.0,,-1.4149078045369885,5.5555555555555545,3,0.037609000000000004,0.03195274122825771,0.060203,0.015015,0.037609000000000004,,,0.022594,,,,,,,,,,,,,,,,,
Power Plug 1,Socket,./Data\Physical_Interaction\Topology_B\4-Group_dataset\physicalInteraction6_group.csv,64.5,2.1213203435596424,66.0,63.0,64.5,,,1.5,2.0,0.060203,,0.060203,0.060203,0.060203,,,0.0,60.333333333333336,7.371114795831994,66,52,63.0,,-1.4149078045369885,5.5555555555555545,3,0.037609000000000004,0.03195274122825771,0.060203,0.015015,0.037609000000000004,,,0.022594,,,,,,,,,,,,,,,,,
Power Plug 1,Socket,./Data\Physical_Interaction\Topology_B\4-Group_dataset\physicalInteraction6_group.csv,,,,,,,,,,,,,,,,,,52.4,8.61974477580398,66,45,52.0,1.1056446076344688,1.1118796075801278,6.08,5,0.032395,0.030999284798201396,0.071631,0.005397,0.026275999999999997,-2.0541100788823723,0.6794383876095891,0.0247715,49.0,4.69041575982343,54.0,45.0,48.5,-5.111570247933884,0.15505506644044395,4.0,4.0,0.043193333333333334,0.028195210946778414,0.071631,0.015247,0.042702,,0.07839375949342747,0.018958444444444448
Power Plug 1,Socket,./Data\Physical_Interaction\Topology_B\4-Group_dataset\physicalInteraction6_group.csv,,,,,,,,,,,,,,,,,,52.4,8.61974477580398,66,45,52.0,1.1056446076344688,1.1118796075801278,6.08,5,0.032395,0.030999284798201396,0.071631,0.005397,0.026275999999999997,-2.0541100788823723,0.6794383876095891,0.0247715,49.0,4.69041575982343,54.0,45.0,48.5,-5.111570247933884,0.15505506644044395,4.0,4.0,0.043193333333333334,0.028195210946778414,0.071631,0.015247,0.042702,,0.07839375949342747,0.018958444444444448
Power Plug 1,Socket,./Data\Physical_Interaction\Topology_B\4-Group_dataset\physicalInteraction6_group.csv,,,,,,,,,,,,,,,,,,52.4,8.61974477580398,66,45,52.0,1.1056446076344688,1.1118796075801278,6.08,5,0.032395,0.030999284798201396,0.071631,0.005397,0.026275999999999997,-2.0541100788823723,0.6794383876095891,0.0247715,49.0,4.69041575982343,54.0,45.0,48.5,-5.111570247933884,0.15505506644044395,4.0,4.0,0.043193333333333334,0.028195210946778414,0.071631,0.015247,0.042702,,0.07839375949342747,0.018958444444444448
Power Plug 1,Socket,./Data\Physical_Interaction\Topology_B\4-Group_dataset\physicalInteraction6_group.csv,,,,,,,,,,,,,,,,,,57.333333333333336,7.571877794400365,66,52,54.0,,1.5970969928697336,5.777777777777779,3,0.0316335,0.03060146016941022,0.053272,0.009995,0.0316335,,,0.021638499999999998,53.0,1.4142135623730951,54.0,52.0,53.0,,,1.0,2.0,0.053272,,0.053272,0.053272,0.053272,,,0.0
Power Plug 1,Socket,./Data\Physical_Interaction\Topology_B\4-Group_dataset\physicalInteraction6_group.csv,,,,,,,,,,,,,,,,,,57.333333333333336,7.571877794400365,66,52,54.0,,1.5970969928697336,5.777777777777779,3,0.0316335,0.03060146016941022,0.053272,0.009995,0.0316335,,,0.021638499999999998,53.0,1.4142135623730951,54.0,52.0,53.0,,,1.0,2.0,0.053272,,0.053272,0.053272,0.053272,,,0.0
Power Plug 1,Socket,./Data\Physical_Interaction\Topology_B\4-Group_dataset\physicalInteraction6_group.csv,,,,,,,,,,,,,,,,,,57.333333333333336,7.571877794400365,66,52,54.0,,1.5970969928697336,5.777777777777779,3,0.0316335,0.03060146016941022,0.053272,0.009995,0.0316335,,,0.021638499999999998,53.0,1.4142135623730951,54.0,52.0,53.0,,,1.0,2.0,0.053272,,0.053272,0.053272,0.053272,,,0.0
Power Plug 1,Socket,./Data\Physical_Interaction\Topology_B\4-Group_dataset\physicalInteraction6_group.csv,,,,,,,,,,,,,,,,,,55.5,14.849242404917497,66,45,55.5,,,10.5,2,0.058947,,0.058947,0.058947,0.058947,,,0.0,,,,,,,,,,,,,,,,,
Power Plug 1,Socket,./Data\Physical_Interaction\Topology_B\4-Group_dataset\physicalInteraction6_group.csv,,,,,,,,,,,,,,,,,,55.5,14.849242404917497,66,45,55.5,,,10.5,2,0.058947,,0.058947,0.058947,0.058947,,,0.0,,,,,,,,,,,,,,,,,
Power Plug 1,Socket,./Data\Physical_Interaction\Topology_B\4-Group_dataset\physicalInteraction6_group.csv,,,,,,,,,,,,,,,,,,55.5,14.849242404917497,66,45,55.5,,,10.5,2,0.058947,,0.058947,0.058947,0.058947,,,0.0,,,,,,,,,,,,,,,,,
Power Plug 1,Socket,./Data\Physical_Interaction\Topology_B\4-Group_dataset\physicalInteraction6_group.csv,65.0,1.7320508075688772,66.0,63.0,66.0,,-1.7320508075688774,1.3333333333333333,3.0,0.051393499999999995,0.04682390394339199,0.084503,0.018284,0.051393499999999995,,,0.0331095,62.25,5.678908345800274,66,54,64.5,2.6154678204434845,-1.658523800287803,4.125,4,0.03426233333333333,0.025520659167296865,0.063695,0.018284,0.020808,,1.7130108882940431,0.019621777777777776,,,,,,,,,,,,,,,,,
Power Plug 1,Socket,./Data\Physical_Interaction\Topology_B\4-Group_dataset\physicalInteraction6_group.csv,65.0,1.7320508075688772,66.0,63.0,66.0,,-1.7320508075688774,1.3333333333333333,3.0,0.051393499999999995,0.04682390394339199,0.084503,0.018284,0.051393499999999995,,,0.0331095,62.25,5.678908345800274,66,54,64.5,2.6154678204434845,-1.658523800287803,4.125,4,0.03426233333333333,0.025520659167296865,0.063695,0.018284,0.020808,,1.7130108882940431,0.019621777777777776,,,,,,,,,,,,,,,,,
Power Plug 1,Socket,./Data\Physical_Interaction\Topology_B\4-Group_dataset\physicalInteraction6_group.csv,65.0,1.7320508075688772,66.0,63.0,66.0,,-1.7320508075688774,1.3333333333333333,3.0,0.051393499999999995,0.04682390394339199,0.084503,0.018284,0.051393499999999995,,,0.0331095,62.25,5.678908345800274,66,54,64.5,2.6154678204434845,-1.658523800287803,4.125,4,0.03426233333333333,0.025520659167296865,0.063695,0.018284,0.020808,,1.7130108882940431,0.019621777777777776,,,,,,,,,,,,,,,,,
Power Plug 1,Socket,./Data\Physical_Interaction\Topology_B\4-Group_dataset\physicalInteraction6_group.csv,64.5,2.1213203435596424,66.0,63.0,64.5,,,1.5,2.0,0.075943,,0.075943,0.075943,0.075943,,,0.0,56.0,8.514693182963201,66,45,54.0,-1.504399524375743,-0.04049794617342783,6.8,5,0.0370705,0.02372111600100917,0.062451,0.009888,0.0379715,-2.883611878083471,-0.14554093887513558,0.019299,50.333333333333336,4.725815626252609,54.0,45.0,52.0,,-1.3896361387064968,3.555555555555555,3.0,0.074141,0.019749492398540274,0.088106,0.060176,0.074141,,,0.013965000000000002
Power Plug 1,Socket,./Data\Physical_Interaction\Topology_B\4-Group_dataset\physicalInteraction6_group.csv,64.5,2.1213203435596424,66.0,63.0,64.5,,,1.5,2.0,0.075943,,0.075943,0.075943,0.075943,,,0.0,56.0,8.514693182963201,66,45,54.0,-1.504399524375743,-0.04049794617342783,6.8,5,0.0370705,0.02372111600100917,0.062451,0.009888,0.0379715,-2.883611878083471,-0.14554093887513558,0.019299,50.333333333333336,4.725815626252609,54.0,45.0,52.0,,-1.3896361387064968,3.555555555555555,3.0,0.074141,0.019749492398540274,0.088106,0.060176,0.074141,,,0.013965000000000002
Power Plug 1,Socket,./Data\Physical_Interaction\Topology_B\4-Group_dataset\physicalInteraction6_group.csv,64.5,2.1213203435596424,66.0,63.0,64.5,,,1.5,2.0,0.075943,,0.075943,0.075943,0.075943,,,0.0,56.0,8.514693182963201,66,45,54.0,-1.504399524375743,-0.04049794617342783,6.8,5,0.0370705,0.02372111600100917,0.062451,0.009888,0.0379715,-2.883611878083471,-0.14554093887513558,0.019299,50.333333333333336,4.725815626252609,54.0,45.0,52.0,,-1.3896361387064968,3.555555555555555,3.0,0.074141,0.019749492398540274,0.088106,0.060176,0.074141,,,0.013965000000000002
Power Plug 1,Socket,./Data\Physical_Interaction\Topology_B\4-Group_dataset\physicalInteraction6_group.csv,,,,,,,,,,,,,,,,,,59.0,9.899494936611665,66,52,59.0,,,7.0,2,0.0779,,0.0779,0.0779,0.0779,,,0.0,,,,,,,,,,,,,,,,,
Power Plug 1,Socket,./Data\Physical_Interaction\Topology_B\4-Group_dataset\physicalInteraction6_group.csv,,,,,,,,,,,,,,,,,,59.0,9.899494936611665,66,52,59.0,,,7.0,2,0.0779,,0.0779,0.0779,0.0779,,,0.0,,,,,,,,,,,,,,,,,
Power Plug 1,Socket,./Data\Physical_Interaction\Topology_B\4-Group_dataset\physicalInteraction6_group.csv,,,,,,,,,,,,,,,,,,59.0,9.899494936611665,66,52,59.0,,,7.0,2,0.0779,,0.0779,0.0779,0.0779,,,0.0,,,,,,,,,,,,,,,,,
Power Plug 1,Socket,./Data\Physical_Interaction\Topology_B\4-Group_dataset\physicalInteraction6_group.csv,64.5,2.1213203435596424,66.0,63.0,64.5,,,1.5,2.0,0.05479,,0.05479,0.05479,0.05479,,,0.0,54.2,9.884331034521255,66,45,52.0,-2.7963843948167115,0.32639565084780914,8.24,5,0.036931,0.01731865239176151,0.05479,0.019791,0.0365715,-5.000489586147506,0.04507379066665364,0.0147375,47.333333333333336,4.041451884327381,52.0,45.0,45.0,,1.7320508075688723,3.111111111111112,3.0,0.073862,0.0358008163314749,0.099177,0.048547,0.073862,,,0.025315
Power Plug 1,Socket,./Data\Physical_Interaction\Topology_B\4-Group_dataset\physicalInteraction6_group.csv,64.5,2.1213203435596424,66.0,63.0,64.5,,,1.5,2.0,0.05479,,0.05479,0.05479,0.05479,,,0.0,54.2,9.884331034521255,66,45,52.0,-2.7963843948167115,0.32639565084780914,8.24,5,0.036931,0.01731865239176151,0.05479,0.019791,0.0365715,-5.000489586147506,0.04507379066665364,0.0147375,47.333333333333336,4.041451884327381,52.0,45.0,45.0,,1.7320508075688723,3.111111111111112,3.0,0.073862,0.0358008163314749,0.099177,0.048547,0.073862,,,0.025315
Power Plug 1,Socket,./Data\Physical_Interaction\Topology_B\4-Group_dataset\physicalInteraction6_group.csv,64.5,2.1213203435596424,66.0,63.0,64.5,,,1.5,2.0,0.05479,,0.05479,0.05479,0.05479,,,0.0,54.2,9.884331034521255,66,45,52.0,-2.7963843948167115,0.32639565084780914,8.24,5,0.036931,0.01731865239176151,0.05479,0.019791,0.0365715,-5.000489586147506,0.04507379066665364,0.0147375,47.333333333333336,4.041451884327381,52.0,45.0,45.0,,1.7320508075688723,3.111111111111112,3.0,0.073862,0.0358008163314749,0.099177,0.048547,0.073862,,,0.025315
Power Plug 1,Socket,./Data\Physical_Interaction\Topology_B\4-Group_dataset\physicalInteraction6_group.csv,,,,,,,,,,,,,,,,,,59.0,9.899494936611665,66,52,59.0,,,7.0,2,0.093189,,0.093189,0.093189,0.093189,,,0.0,,,,,,,,,,,,,,,,,
Power Plug 1,Socket,./Data\Physical_Interaction\Topology_B\4-Group_dataset\physicalInteraction6_group.csv,,,,,,,,,,,,,,,,,,59.0,9.899494936611665,66,52,59.0,,,7.0,2,0.093189,,0.093189,0.093189,0.093189,,,0.0,,,,,,,,,,,,,,,,,
Power Plug 1,Socket,./Data\Physical_Interaction\Topology_B\4-Group_dataset\physicalInteraction6_group.csv,,,,,,,,,,,,,,,,,,59.0,9.899494936611665,66,52,59.0,,,7.0,2,0.093189,,0.093189,0.093189,0.093189,,,0.0,,,,,,,,,,,,,,,,,
Power Plug 1,Socket,./Data\Physical_Interaction\Topology_B\4-Group_dataset\physicalInteraction6_group.csv,45.0,0.0,45.0,45.0,45.0,,,0.0,2.0,0.065225,,0.065225,0.065225,0.065225,,,0.0,46.666666666666664,2.8867513459481287,50,45,45.0,,1.7320508075688852,2.2222222222222214,3,0.0326125,0.036090023004980196,0.058132,0.007093,0.0326125,,,0.0255195,,,,,,,,,,,,,,,,,
Power Plug 1,Socket,./Data\Physical_Interaction\Topology_B\4-Group_dataset\physicalInteraction6_group.csv,45.0,0.0,45.0,45.0,45.0,,,0.0,2.0,0.065225,,0.065225,0.065225,0.065225,,,0.0,46.666666666666664,2.8867513459481287,50,45,45.0,,1.7320508075688852,2.2222222222222214,3,0.0326125,0.036090023004980196,0.058132,0.007093,0.0326125,,,0.0255195,,,,,,,,,,,,,,,,,
Power Plug 1,Socket,./Data\Physical_Interaction\Topology_B\4-Group_dataset\physicalInteraction6_group.csv,45.0,0.0,45.0,45.0,45.0,,,0.0,2.0,0.065225,,0.065225,0.065225,0.065225,,,0.0,46.666666666666664,2.8867513459481287,50,45,45.0,,1.7320508075688852,2.2222222222222214,3,0.0326125,0.036090023004980196,0.058132,0.007093,0.0326125,,,0.0255195,,,,,,,,,,,,,,,,,
Power Plug 1,Socket,./Data\Physical_Interaction\Topology_B\4-Group_dataset\physicalInteraction6_group.csv,64.5,2.1213203435596424,66.0,63.0,64.5,,,1.5,2.0,0.069571,,0.069571,0.069571,0.069571,,,0.0,54.166666666666664,8.841191473249895,66,45,53.0,-1.6857588390669234,0.345349935389289,6.888888888888888,6,0.027775,0.02425339418514448,0.054391,0.007808,0.014913,-3.257609792354555,0.5466058682477852,0.0211024,49.0,4.69041575982343,54.0,45.0,48.5,-5.111570247933884,0.15505506644044395,4.0,4.0,0.04629166666666667,0.03345777249509198,0.068828,0.007848,0.062199,,-1.65587246650216,0.025629111111111113
Power Plug 1,Socket,./Data\Physical_Interaction\Topology_B\4-Group_dataset\physicalInteraction6_group.csv,64.5,2.1213203435596424,66.0,63.0,64.5,,,1.5,2.0,0.069571,,0.069571,0.069571,0.069571,,,0.0,54.166666666666664,8.841191473249895,66,45,53.0,-1.6857588390669234,0.345349935389289,6.888888888888888,6,0.027775,0.02425339418514448,0.054391,0.007808,0.014913,-3.257609792354555,0.5466058682477852,0.0211024,49.0,4.69041575982343,54.0,45.0,48.5,-5.111570247933884,0.15505506644044395,4.0,4.0,0.04629166666666667,0.03345777249509198,0.068828,0.007848,0.062199,,-1.65587246650216,0.025629111111111113
Power Plug 1,Socket,./Data\Physical_Interaction\Topology_B\4-Group_dataset\physicalInteraction6_group.csv,64.5,2.1213203435596424,66.0,63.0,64.5,,,1.5,2.0,0.069571,,0.069571,0.069571,0.069571,,,0.0,54.166666666666664,8.841191473249895,66,45,53.0,-1.6857588390669234,0.345349935389289,6.888888888888888,6,0.027775,0.02425339418514448,0.054391,0.007808,0.014913,-3.257609792354555,0.5466058682477852,0.0211024,49.0,4.69041575982343,54.0,45.0,48.5,-5.111570247933884,0.15505506644044395,4.0,4.0,0.04629166666666667,0.03345777249509198,0.068828,0.007848,0.062199,,-1.65587246650216,0.025629111111111113
Power Plug 1,Socket,./Data\Physical_Interaction\Topology_B\4-Group_dataset\physicalInteraction6_group.csv,64.0,1.7320508075688772,66.0,63.0,63.0,,1.7320508075688774,1.3333333333333333,3.0,0.036999500000000005,0.0449995684479307,0.068819,0.00518,0.036999500000000005,,,0.0318195,57.8,8.927485648266257,66,45,63.0,-1.3174089158056672,-0.8547890176737937,7.44,5,0.04105275,0.039116687490762816,0.080459,0.00518,0.039286,-5.496459628030625,0.06429449346006605,0.03358625,48.5,4.949747468305833,52.0,45.0,48.5,,,3.5,2.0,0.164211,,0.164211,0.164211,0.164211,,,0.0
Power Plug 1,Socket,./Data\Physical_Interaction\Topology_B\4-Group_dataset\physicalInteraction6_group.csv,64.0,1.7320508075688772,66.0,63.0,63.0,,1.7320508075688774,1.3333333333333333,3.0,0.036999500000000005,0.0449995684479307,0.068819,0.00518,0.036999500000000005,,,0.0318195,57.8,8.927485648266257,66,45,63.0,-1.3174089158056672,-0.8547890176737937,7.44,5,0.04105275,0.039116687490762816,0.080459,0.00518,0.039286,-5.496459628030625,0.06429449346006605,0.03358625,48.5,4.949747468305833,52.0,45.0,48.5,,,3.5,2.0,0.164211,,0.164211,0.164211,0.164211,,,0.0
Power Plug 1,Socket,./Data\Physical_Interaction\Topology_B\4-Group_dataset\physicalInteraction6_group.csv,64.0,1.7320508075688772,66.0,63.0,63.0,,1.7320508075688774,1.3333333333333333,3.0,0.036999500000000005,0.0449995684479307,0.068819,0.00518,0.036999500000000005,,,0.0318195,57.8,8.927485648266257,66,45,63.0,-1.3174089158056672,-0.8547890176737937,7.44,5,0.04105275,0.039116687490762816,0.080459,0.00518,0.039286,-5.496459628030625,0.06429449346006605,0.03358625,48.5,4.949747468305833,52.0,45.0,48.5,,,3.5,2.0,0.164211,,0.164211,0.164211,0.164211,,,0.0
Power Plug 1,Socket,./Data\Physical_Interaction\Topology_B\4-Group_dataset\physicalInteraction6_group.csv,63.0,0.0,63.0,63.0,63.0,,,0.0,2.0,0.005028,,0.005028,0.005028,0.005028,,,0.0,63.0,0.0,63,63,63.0,,,0.0,2,0.005028,,0.005028,0.005028,0.005028,,,0.0,,,,,,,,,,,,,,,,,
Power Plug 1,Socket,./Data\Physical_Interaction\Topology_B\4-Group_dataset\physicalInteraction6_group.csv,63.0,0.0,63.0,63.0,63.0,,,0.0,2.0,0.005028,,0.005028,0.005028,0.005028,,,0.0,63.0,0.0,63,63,63.0,,,0.0,2,0.005028,,0.005028,0.005028,0.005028,,,0.0,,,,,,,,,,,,,,,,,
Power Plug 1,Socket,./Data\Physical_Interaction\Topology_B\4-Group_dataset\physicalInteraction6_group.csv,63.0,0.0,63.0,63.0,63.0,,,0.0,2.0,0.005028,,0.005028,0.005028,0.005028,,,0.0,63.0,0.0,63,63,63.0,,,0.0,2,0.005028,,0.005028,0.005028,0.005028,,,0.0,,,,,,,,,,,,,,,,,
Power Plug 1,Socket,./Data\Physical_Interaction\Topology_B\4-Group_dataset\physicalInteraction6_group.csv,,,,,,,,,,,,,,,,,,57.333333333333336,7.571877794400365,66,52,54.0,,1.5970969928697336,5.777777777777779,3,0.042242,0.04599446768906017,0.074765,0.009719,0.042242,,,0.032522999999999996,53.0,1.4142135623730951,54.0,52.0,53.0,,,1.0,2.0,0.074765,,0.074765,0.074765,0.074765,,,0.0
Power Plug 1,Socket,./Data\Physical_Interaction\Topology_B\4-Group_dataset\physicalInteraction6_group.csv,,,,,,,,,,,,,,,,,,57.333333333333336,7.571877794400365,66,52,54.0,,1.5970969928697336,5.777777777777779,3,0.042242,0.04599446768906017,0.074765,0.009719,0.042242,,,0.032522999999999996,53.0,1.4142135623730951,54.0,52.0,53.0,,,1.0,2.0,0.074765,,0.074765,0.074765,0.074765,,,0.0
Power Plug 1,Socket,./Data\Physical_Interaction\Topology_B\4-Group_dataset\physicalInteraction6_group.csv,,,,,,,,,,,,,,,,,,57.333333333333336,7.571877794400365,66,52,54.0,,1.5970969928697336,5.777777777777779,3,0.042242,0.04599446768906017,0.074765,0.009719,0.042242,,,0.032522999999999996,53.0,1.4142135623730951,54.0,52.0,53.0,,,1.0,2.0,0.074765,,0.074765,0.074765,0.074765,,,0.0
Power Plug 1,Socket,./Data\Physical_Interaction\Topology_B\4-Group_dataset\physicalInteraction6_group.csv,,,,,,,,,,,,,,,,,,51.0,5.196152422706632,54,45,54.0,,-1.7320508075688774,4.0,3,0.037045499999999995,0.044903401925689326,0.068797,0.005294,0.037045499999999995,,,0.0317515,51.0,5.196152422706632,54.0,45.0,54.0,,-1.7320508075688774,4.0,3.0,0.037045499999999995,0.044903401925689326,0.068797,0.005294,0.037045499999999995,,,0.0317515
Power Plug 1,Socket,./Data\Physical_Interaction\Topology_B\4-Group_dataset\physicalInteraction6_group.csv,,,,,,,,,,,,,,,,,,51.0,5.196152422706632,54,45,54.0,,-1.7320508075688774,4.0,3,0.037045499999999995,0.044903401925689326,0.068797,0.005294,0.037045499999999995,,,0.0317515,51.0,5.196152422706632,54.0,45.0,54.0,,-1.7320508075688774,4.0,3.0,0.037045499999999995,0.044903401925689326,0.068797,0.005294,0.037045499999999995,,,0.0317515
Power Plug 1,Socket,./Data\Physical_Interaction\Topology_B\4-Group_dataset\physicalInteraction6_group.csv,,,,,,,,,,,,,,,,,,51.0,5.196152422706632,54,45,54.0,,-1.7320508075688774,4.0,3,0.037045499999999995,0.044903401925689326,0.068797,0.005294,0.037045499999999995,,,0.0317515,51.0,5.196152422706632,54.0,45.0,54.0,,-1.7320508075688774,4.0,3.0,0.037045499999999995,0.044903401925689326,0.068797,0.005294,0.037045499999999995,,,0.0317515
Power Plug 1,Socket,./Data\Physical_Interaction\Topology_B\4-Group_dataset\physicalInteraction6_group.csv,64.5,2.1213203435596424,66.0,63.0,64.5,,,1.5,2.0,0.079021,,0.079021,0.079021,0.079021,,,0.0,56.5,9.746794344808963,66,45,57.5,-3.2210526315789476,-0.3455927080707887,8.0,4,0.05387366666666666,0.02890206361721137,0.079021,0.022299,0.060301,,-0.9512342796541354,0.02104977777777778,48.5,4.949747468305833,52.0,45.0,48.5,,,3.5,2.0,0.161621,,0.161621,0.161621,0.161621,,,0.0
Power Plug 1,Socket,./Data\Physical_Interaction\Topology_B\4-Group_dataset\physicalInteraction6_group.csv,64.5,2.1213203435596424,66.0,63.0,64.5,,,1.5,2.0,0.079021,,0.079021,0.079021,0.079021,,,0.0,56.5,9.746794344808963,66,45,57.5,-3.2210526315789476,-0.3455927080707887,8.0,4,0.05387366666666666,0.02890206361721137,0.079021,0.022299,0.060301,,-0.9512342796541354,0.02104977777777778,48.5,4.949747468305833,52.0,45.0,48.5,,,3.5,2.0,0.161621,,0.161621,0.161621,0.161621,,,0.0
Power Plug 1,Socket,./Data\Physical_Interaction\Topology_B\4-Group_dataset\physicalInteraction6_group.csv,64.5,2.1213203435596424,66.0,63.0,64.5,,,1.5,2.0,0.079021,,0.079021,0.079021,0.079021,,,0.0,56.5,9.746794344808963,66,45,57.5,-3.2210526315789476,-0.3455927080707887,8.0,4,0.05387366666666666,0.02890206361721137,0.079021,0.022299,0.060301,,-0.9512342796541354,0.02104977777777778,48.5,4.949747468305833,52.0,45.0,48.5,,,3.5,2.0,0.161621,,0.161621,0.161621,0.161621,,,0.0
Power Plug 1,Socket,./Data\Physical_Interaction\Topology_B\4-Group_dataset\physicalInteraction6_group.csv,52.5,10.606601717798213,60.0,45.0,52.5,,,7.5,2.0,0.055909,,0.055909,0.055909,0.055909,,,0.0,51.666666666666664,7.637626158259733,60,45,50.0,,0.9352195295828277,5.5555555555555545,3,0.0279545,0.02950120201788395,0.048815,0.007094,0.0279545,,,0.020860499999999997,,,,,,,,,,,,,,,,,
Power Plug 1,Socket,./Data\Physical_Interaction\Topology_B\4-Group_dataset\physicalInteraction6_group.csv,56.0,9.643650760992955,63.0,45.0,60.0,,-1.545392525695021,7.333333333333333,3.0,0.548782,0.6970276811275145,1.041655,0.055909,0.548782,,,0.492873,52.5,7.556454194925025,63,45,51.0,-1.5940019813459045,0.5006100785188996,6.0,6,0.24974439999999998,0.4410563662223912,1.031797,0.007094,0.048815,4.6368473349988,2.1423449598951856,0.31282104000000005,49.0,3.605551275463989,52.0,45.0,50.0,,-1.1520696383139377,2.6666666666666665,3.0,0.5999535,0.6207513655341405,1.038891,0.161016,0.5999535,,,0.4389375
Power Plug 1,Socket,./Data\Physical_Interaction\Topology_B\4-Group_dataset\physicalInteraction6_group.csv,56.0,9.643650760992955,63.0,45.0,60.0,,-1.545392525695021,7.333333333333333,3.0,0.548782,0.6970276811275145,1.041655,0.055909,0.548782,,,0.492873,52.5,7.556454194925025,63,45,51.0,-1.5940019813459045,0.5006100785188996,6.0,6,0.24974439999999998,0.4410563662223912,1.031797,0.007094,0.048815,4.6368473349988,2.1423449598951856,0.31282104000000005,49.0,3.605551275463989,52.0,45.0,50.0,,-1.1520696383139377,2.6666666666666665,3.0,0.5999535,0.6207513655341405,1.038891,0.161016,0.5999535,,,0.4389375
Power Plug 1,Socket,./Data\Physical_Interaction\Topology_B\4-Group_dataset\physicalInteraction6_group.csv,,,,,,,,,,,,,,,,,,53.333333333333336,9.073771725877467,63,45,52.0,,0.6469685949215168,6.4444444444444455,3,0.080508,0.09991418818165915,0.151158,0.009858,0.080508,,,0.07064999999999999,48.5,4.949747468305833,52.0,45.0,48.5,,,3.5,2.0,0.161016,,0.161016,0.161016,0.161016,,,0.0
Power Plug 1,Socket,./Data\Physical_Interaction\Topology_B\4-Group_dataset\physicalInteraction6_group.csv,,,,,,,,,,,,,,,,,,57.5,7.7781745930520225,63,52,57.5,,,5.5,2,0.009591,,0.009591,0.009591,0.009591,,,0.0,,,,,,,,,,,,,,,,,
Power Plug 1,Socket,./Data\Physical_Interaction\Topology_B\4-Group_dataset\physicalInteraction6_group.csv,,,,,,,,,,,,,,,,,,57.5,7.7781745930520225,63,52,57.5,,,5.5,2,0.009591,,0.009591,0.009591,0.009591,,,0.0,,,,,,,,,,,,,,,,,
Power Plug 1,Socket,./Data\Physical_Interaction\Topology_B\4-Group_dataset\physicalInteraction6_group.csv,,,,,,,,,,,,,,,,,,57.5,7.7781745930520225,63,52,57.5,,,5.5,2,0.009591,,0.009591,0.009591,0.009591,,,0.0,,,,,,,,,,,,,,,,,
Smart Socket,Socket,./Data\Physical_Interaction\Topology_B\4-Group_dataset\physicalInteraction6_group.csv,,,,,,,,,,,,,,,,,,52.4,8.61974477580398,66,45,52.0,1.1056446076344688,1.1118796075801276,6.08,5,0.020747500000000002,0.01977585083715321,0.0486,0.004049,0.0151705,1.6167812945799582,1.3498265999625743,0.01392625,49.0,4.69041575982343,54.0,45.0,48.5,-5.111570247933884,0.15505506644044395,4.0,4.0,0.024377333333333334,0.02252936471215585,0.0486,0.004049,0.020483,,0.7546099464081569,0.01614844444444444
Smart Socket,Socket,./Data\Physical_Interaction\Topology_B\4-Group_dataset\physicalInteraction6_group.csv,52.5,10.606601717798213,60.0,45.0,52.5,,,7.5,2.0,0.051815,,0.051815,0.051815,0.051815,,,0.0,52.5,10.606601717798213,60,45,52.5,,,7.5,2,0.051815,,0.051815,0.051815,0.051815,,,0.0,,,,,,,,,,,,,,,,,
Smart Socket,Socket,./Data\Physical_Interaction\Topology_B\4-Group_dataset\physicalInteraction6_group.csv,52.5,10.606601717798213,60.0,45.0,52.5,,,7.5,2.0,0.051815,,0.051815,0.051815,0.051815,,,0.0,52.5,10.606601717798213,60,45,52.5,,,7.5,2,0.051815,,0.051815,0.051815,0.051815,,,0.0,,,,,,,,,,,,,,,,,
Smart Socket,Socket,./Data\Physical_Interaction\Topology_B\4-Group_dataset\physicalInteraction6_group.csv,52.5,10.606601717798213,60.0,45.0,52.5,,,7.5,2.0,0.051815,,0.051815,0.051815,0.051815,,,0.0,52.5,10.606601717798213,60,45,52.5,,,7.5,2,0.051815,,0.051815,0.051815,0.051815,,,0.0,,,,,,,,,,,,,,,,,
Smart Socket,Socket,./Data\Physical_Interaction\Topology_B\4-Group_dataset\physicalInteraction6_group.csv,,,,,,,,,,,,,,,,,,51.0,10.392304845413264,63,45,45.0,,1.7320508075688774,8.0,3,0.06681,0.042545200810432185,0.096894,0.036726,0.06681,,,0.030083999999999996,45.0,0.0,45.0,45.0,45.0,,,0.0,2.0,0.096894,,0.096894,0.096894,0.096894,,,0.0
Smart Socket,Socket,./Data\Physical_Interaction\Topology_B\4-Group_dataset\physicalInteraction6_group.csv,,,,,,,,,,,,,,,,,,51.0,10.392304845413264,63,45,45.0,,1.7320508075688774,8.0,3,0.06681,0.042545200810432185,0.096894,0.036726,0.06681,,,0.030083999999999996,45.0,0.0,45.0,45.0,45.0,,,0.0,2.0,0.096894,,0.096894,0.096894,0.096894,,,0.0
Smart Socket,Socket,./Data\Physical_Interaction\Topology_B\4-Group_dataset\physicalInteraction6_group.csv,,,,,,,,,,,,,,,,,,51.0,10.392304845413264,63,45,45.0,,1.7320508075688774,8.0,3,0.06681,0.042545200810432185,0.096894,0.036726,0.06681,,,0.030083999999999996,45.0,0.0,45.0,45.0,45.0,,,0.0,2.0,0.096894,,0.096894,0.096894,0.096894,,,0.0
Smart Socket,Socket,./Data\Physical_Interaction\Topology_B\4-Group_dataset\physicalInteraction6_group.csv,66.0,0.0,66.0,66.0,66.0,,,0.0,2.0,0.005353,,0.005353,0.005353,0.005353,,,0.0,59.5,7.54983443527075,66,52,60.0,-5.652200677131425,-0.06041726540998444,6.5,4,0.03562166666666667,0.04831277290047978,0.091339,0.005353,0.010173,,1.7126762175526,0.03714488888888889,53.0,1.4142135623730951,54.0,52.0,53.0,,,1.0,2.0,0.091339,,0.091339,0.091339,0.091339,,,0.0
Smart Socket,Socket,./Data\Physical_Interaction\Topology_B\4-Group_dataset\physicalInteraction6_group.csv,66.0,0.0,66.0,66.0,66.0,,,0.0,2.0,0.005353,,0.005353,0.005353,0.005353,,,0.0,59.5,7.54983443527075,66,52,60.0,-5.652200677131425,-0.06041726540998444,6.5,4,0.03562166666666667,0.04831277290047978,0.091339,0.005353,0.010173,,1.7126762175526,0.03714488888888889,53.0,1.4142135623730951,54.0,52.0,53.0,,,1.0,2.0,0.091339,,0.091339,0.091339,0.091339,,,0.0
Smart Socket,Socket,./Data\Physical_Interaction\Topology_B\4-Group_dataset\physicalInteraction6_group.csv,66.0,0.0,66.0,66.0,66.0,,,0.0,2.0,0.005353,,0.005353,0.005353,0.005353,,,0.0,59.5,7.54983443527075,66,52,60.0,-5.652200677131425,-0.06041726540998444,6.5,4,0.03562166666666667,0.04831277290047978,0.091339,0.005353,0.010173,,1.7126762175526,0.03714488888888889,53.0,1.4142135623730951,54.0,52.0,53.0,,,1.0,2.0,0.091339,,0.091339,0.091339,0.091339,,,0.0
Smart Socket,Socket,./Data\Physical_Interaction\Topology_B\4-Group_dataset\physicalInteraction6_group.csv,,,,,,,,,,,,,,,,,,52.0,9.899494936611665,66,45,48.5,1.5,1.414213562373095,7.0,4,0.05051166666666668,0.03766831602731045,0.080308,0.008172,0.063055,,-1.3323156210439626,0.028226444444444443,47.333333333333336,4.041451884327381,52.0,45.0,45.0,,1.7320508075688723,3.111111111111112,3.0,0.0757675,0.09559447285539054,0.143363,0.008172,0.0757675,,,0.0675955
Smart Socket,Socket,./Data\Physical_Interaction\Topology_B\4-Group_dataset\physicalInteraction6_group.csv,,,,,,,,,,,,,,,,,,52.0,9.899494936611665,66,45,48.5,1.5,1.414213562373095,7.0,4,0.05051166666666668,0.03766831602731045,0.080308,0.008172,0.063055,,-1.3323156210439626,0.028226444444444443,47.333333333333336,4.041451884327381,52.0,45.0,45.0,,1.7320508075688723,3.111111111111112,3.0,0.0757675,0.09559447285539054,0.143363,0.008172,0.0757675,,,0.0675955
Smart Socket,Socket,./Data\Physical_Interaction\Topology_B\4-Group_dataset\physicalInteraction6_group.csv,,,,,,,,,,,,,,,,,,52.0,9.899494936611665,66,45,48.5,1.5,1.414213562373095,7.0,4,0.05051166666666668,0.03766831602731045,0.080308,0.008172,0.063055,,-1.3323156210439626,0.028226444444444443,47.333333333333336,4.041451884327381,52.0,45.0,45.0,,1.7320508075688723,3.111111111111112,3.0,0.0757675,0.09559447285539054,0.143363,0.008172,0.0757675,,,0.0675955
Smart Socket,Socket,./Data\Physical_Interaction\Topology_B\4-Group_dataset\physicalInteraction6_group.csv,,,,,,,,,,,,,,,,,,48.6,8.049844718999243,63,45,45.0,4.999999999999998,2.236067977499789,5.760000000000001,5,0.04206975,0.04195563381617142,0.101843,0.005085,0.0306755,2.3523599665850057,1.4195785194460588,0.029886625,45.0,0.0,45.0,45.0,45.0,0.0,0.0,0.0,4.0,0.04375366666666667,0.051219130813918864,0.101843,0.005085,0.024333,,1.4609509155903333,0.038726222222222224
Smart Socket,Socket,./Data\Physical_Interaction\Topology_B\4-Group_dataset\physicalInteraction6_group.csv,,,,,,,,,,,,,,,,,,48.6,8.049844718999243,63,45,45.0,4.999999999999998,2.236067977499789,5.760000000000001,5,0.04206975,0.04195563381617142,0.101843,0.005085,0.0306755,2.3523599665850057,1.4195785194460588,0.029886625,45.0,0.0,45.0,45.0,45.0,0.0,0.0,0.0,4.0,0.04375366666666667,0.051219130813918864,0.101843,0.005085,0.024333,,1.4609509155903333,0.038726222222222224
Smart Socket,Socket,./Data\Physical_Interaction\Topology_B\4-Group_dataset\physicalInteraction6_group.csv,,,,,,,,,,,,,,,,,,48.6,8.049844718999243,63,45,45.0,4.999999999999998,2.236067977499789,5.760000000000001,5,0.04206975,0.04195563381617142,0.101843,0.005085,0.0306755,2.3523599665850057,1.4195785194460588,0.029886625,45.0,0.0,45.0,45.0,45.0,0.0,0.0,0.0,4.0,0.04375366666666667,0.051219130813918864,0.101843,0.005085,0.024333,,1.4609509155903333,0.038726222222222224
Smart Socket,Socket,./Data\Physical_Interaction\Topology_B\4-Group_dataset\physicalInteraction6_group.csv,,,,,,,,,,,,,,,,,,60.5,14.849242404917497,71,50,60.5,,,10.5,2,1.474373,,1.474373,1.474373,1.474373,,,0.0,,,,,,,,,,,,,,,,,
Smart Socket,Socket,./Data\Physical_Interaction\Topology_B\4-Group_dataset\physicalInteraction6_group.csv,,,,,,,,,,,,,,,,,,60.5,14.849242404917497,71,50,60.5,,,10.5,2,1.474373,,1.474373,1.474373,1.474373,,,0.0,,,,,,,,,,,,,,,,,
Smart Socket,Socket,./Data\Physical_Interaction\Topology_B\4-Group_dataset\physicalInteraction6_group.csv,64.5,2.1213203435596424,66.0,63.0,64.5,,,1.5,2.0,0.069066,,0.069066,0.069066,0.069066,,,0.0,56.0,8.514693182963201,66,45,54.0,-1.504399524375743,-0.04049794617342783,6.8,5,0.019779249999999998,0.011912909926490115,0.037095,0.010051,0.0159855,2.966006397302678,1.629993886722567,0.008657875,50.333333333333336,4.725815626252609,54.0,45.0,52.0,,-1.3896361387064968,3.555555555555555,3.0,0.0310075,0.022823285576358196,0.047146,0.014869,0.0310075,,,0.0161385
Smart Socket,Socket,./Data\Physical_Interaction\Topology_B\4-Group_dataset\physicalInteraction6_group.csv,64.5,2.1213203435596424,66.0,63.0,64.5,,,1.5,2.0,0.069066,,0.069066,0.069066,0.069066,,,0.0,56.0,8.514693182963201,66,45,54.0,-1.504399524375743,-0.04049794617342783,6.8,5,0.019779249999999998,0.011912909926490115,0.037095,0.010051,0.0159855,2.966006397302678,1.629993886722567,0.008657875,50.333333333333336,4.725815626252609,54.0,45.0,52.0,,-1.3896361387064968,3.555555555555555,3.0,0.0310075,0.022823285576358196,0.047146,0.014869,0.0310075,,,0.0161385
Smart Socket,Socket,./Data\Physical_Interaction\Topology_B\4-Group_dataset\physicalInteraction6_group.csv,64.5,2.1213203435596424,66.0,63.0,64.5,,,1.5,2.0,0.069066,,0.069066,0.069066,0.069066,,,0.0,56.0,8.514693182963201,66,45,54.0,-1.504399524375743,-0.04049794617342783,6.8,5,0.019779249999999998,0.011912909926490115,0.037095,0.010051,0.0159855,2.966006397302678,1.629993886722567,0.008657875,50.333333333333336,4.725815626252609,54.0,45.0,52.0,,-1.3896361387064968,3.555555555555555,3.0,0.0310075,0.022823285576358196,0.047146,0.014869,0.0310075,,,0.0161385
Smart Socket,Socket,./Data\Physical_Interaction\Topology_B\4-Group_dataset\physicalInteraction6_group.csv,,,,,,,,,,,,,,,,,,54.25,8.73212459828649,66,45,53.0,1.6402042461703843,0.8204113839185586,5.875,4,0.048234,0.03463693131615444,0.077423,0.00996,0.057319,,-1.0991128598676172,0.025516,50.333333333333336,4.725815626252609,54.0,45.0,52.0,,-1.3896361387064968,3.555555555555555,3.0,0.072351,0.021258458269592367,0.087383,0.057319,0.072351,,,0.015032
Smart Socket,Socket,./Data\Physical_Interaction\Topology_B\4-Group_dataset\physicalInteraction6_group.csv,,,,,,,,,,,,,,,,,,54.25,8.73212459828649,66,45,53.0,1.6402042461703843,0.8204113839185586,5.875,4,0.048234,0.03463693131615444,0.077423,0.00996,0.057319,,-1.0991128598676172,0.025516,50.333333333333336,4.725815626252609,54.0,45.0,52.0,,-1.3896361387064968,3.555555555555555,3.0,0.072351,0.021258458269592367,0.087383,0.057319,0.072351,,,0.015032
Smart Socket,Socket,./Data\Physical_Interaction\Topology_B\4-Group_dataset\physicalInteraction6_group.csv,,,,,,,,,,,,,,,,,,54.25,8.73212459828649,66,45,53.0,1.6402042461703843,0.8204113839185586,5.875,4,0.048234,0.03463693131615444,0.077423,0.00996,0.057319,,-1.0991128598676172,0.025516,50.333333333333336,4.725815626252609,54.0,45.0,52.0,,-1.3896361387064968,3.555555555555555,3.0,0.072351,0.021258458269592367,0.087383,0.057319,0.072351,,,0.015032
Smart Socket,Socket,./Data\Physical_Interaction\Topology_B\4-Group_dataset\physicalInteraction6_group.csv,,,,,,,,,,,,,,,,,,53.5,4.949747468305833,57,50,53.5,,,3.5,2,0.111245,,0.111245,0.111245,0.111245,,,0.0,,,,,,,,,,,,,,,,,
Smart Socket,Socket,./Data\Physical_Interaction\Topology_B\4-Group_dataset\physicalInteraction6_group.csv,64.0,9.899494936611665,71.0,57.0,64.0,,,7.0,2.0,1.068605,,1.068605,1.068605,1.068605,,,0.0,59.333333333333336,10.692676621563628,71,50,57.0,,0.9352195295828224,7.777777777777779,3,0.5343025,0.5982936541636557,0.95736,0.111245,0.5343025,,,0.4230575,,,,,,,,,,,,,,,,,
Smart Socket,Socket,./Data\Physical_Interaction\Topology_B\4-Group_dataset\physicalInteraction6_group.csv,64.0,9.899494936611665,71.0,57.0,64.0,,,7.0,2.0,1.068605,,1.068605,1.068605,1.068605,,,0.0,59.333333333333336,10.692676621563628,71,50,57.0,,0.9352195295828224,7.777777777777779,3,0.5343025,0.5982936541636557,0.95736,0.111245,0.5343025,,,0.4230575,,,,,,,,,,,,,,,,,
Smart Socket,Socket,./Data\Physical_Interaction\Topology_B\4-Group_dataset\physicalInteraction6_group.csv,,,,,,,,,,,,,,,,,,55.5,14.849242404917497,66,45,55.5,,,10.5,2,0.102387,,0.102387,0.102387,0.102387,,,0.0,,,,,,,,,,,,,,,,,
Smart Socket,Socket,./Data\Physical_Interaction\Topology_B\4-Group_dataset\physicalInteraction6_group.csv,,,,,,,,,,,,,,,,,,55.5,14.849242404917497,66,45,55.5,,,10.5,2,0.102387,,0.102387,0.102387,0.102387,,,0.0,,,,,,,,,,,,,,,,,
Smart Socket,Socket,./Data\Physical_Interaction\Topology_B\4-Group_dataset\physicalInteraction6_group.csv,,,,,,,,,,,,,,,,,,55.5,14.849242404917497,66,45,55.5,,,10.5,2,0.102387,,0.102387,0.102387,0.102387,,,0.0,,,,,,,,,,,,,,,,,
Smart Socket,Socket,./Data\Physical_Interaction\Topology_B\4-Group_dataset\physicalInteraction6_group.csv,,,,,,,,,,,,,,,,,,49.5,6.363961030678928,54,45,49.5,,,4.5,2,0.015922,,0.015922,0.015922,0.015922,,,0.0,49.5,6.363961030678928,54.0,45.0,49.5,,,4.5,2.0,0.015922,,0.015922,0.015922,0.015922,,,0.0
Smart Socket,Socket,./Data\Physical_Interaction\Topology_B\4-Group_dataset\physicalInteraction6_group.csv,,,,,,,,,,,,,,,,,,49.5,6.363961030678928,54,45,49.5,,,4.5,2,0.015922,,0.015922,0.015922,0.015922,,,0.0,49.5,6.363961030678928,54.0,45.0,49.5,,,4.5,2.0,0.015922,,0.015922,0.015922,0.015922,,,0.0
Smart Socket,Socket,./Data\Physical_Interaction\Topology_B\4-Group_dataset\physicalInteraction6_group.csv,,,,,,,,,,,,,,,,,,49.5,6.363961030678928,54,45,49.5,,,4.5,2,0.015922,,0.015922,0.015922,0.015922,,,0.0,49.5,6.363961030678928,54.0,45.0,49.5,,,4.5,2.0,0.015922,,0.015922,0.015922,0.015922,,,0.0
Smart Socket,Socket,./Data\Physical_Interaction\Topology_B\4-Group_dataset\physicalInteraction6_group.csv,,,,,,,,,,,,,,,,,,49.0,4.69041575982343,54,45,48.5,-5.111570247933884,0.15505506644044395,4.0,4,0.04757533333333334,0.03166277436254337,0.078839,0.015528,0.048359,,-0.11130862022106407,0.021364888888888888,49.0,4.69041575982343,54.0,45.0,48.5,-5.111570247933884,0.15505506644044395,4.0,4.0,0.04757533333333334,0.03166277436254337,0.078839,0.015528,0.048359,,-0.11130862022106407,0.021364888888888888
Smart Socket,Socket,./Data\Physical_Interaction\Topology_B\4-Group_dataset\physicalInteraction6_group.csv,,,,,,,,,,,,,,,,,,49.0,4.69041575982343,54,45,48.5,-5.111570247933884,0.15505506644044395,4.0,4,0.04757533333333334,0.03166277436254337,0.078839,0.015528,0.048359,,-0.11130862022106407,0.021364888888888888,49.0,4.69041575982343,54.0,45.0,48.5,-5.111570247933884,0.15505506644044395,4.0,4.0,0.04757533333333334,0.03166277436254337,0.078839,0.015528,0.048359,,-0.11130862022106407,0.021364888888888888
Smart Socket,Socket,./Data\Physical_Interaction\Topology_B\4-Group_dataset\physicalInteraction6_group.csv,,,,,,,,,,,,,,,,,,49.0,4.69041575982343,54,45,48.5,-5.111570247933884,0.15505506644044395,4.0,4,0.04757533333333334,0.03166277436254337,0.078839,0.015528,0.048359,,-0.11130862022106407,0.021364888888888888,49.0,4.69041575982343,54.0,45.0,48.5,-5.111570247933884,0.15505506644044395,4.0,4.0,0.04757533333333334,0.03166277436254337,0.078839,0.015528,0.048359,,-0.11130862022106407,0.021364888888888888
Smart Socket,Socket,./Data\Physical_Interaction\Topology_B\4-Group_dataset\physicalInteraction6_group.csv,,,,,,,,,,,,,,,,,,59.0,9.899494936611665,66,52,59.0,,,7.0,2,0.090562,,0.090562,0.090562,0.090562,,,0.0,,,,,,,,,,,,,,,,,
Smart Socket,Socket,./Data\Physical_Interaction\Topology_B\4-Group_dataset\physicalInteraction6_group.csv,,,,,,,,,,,,,,,,,,59.0,9.899494936611665,66,52,59.0,,,7.0,2,0.090562,,0.090562,0.090562,0.090562,,,0.0,,,,,,,,,,,,,,,,,
Smart Socket,Socket,./Data\Physical_Interaction\Topology_B\4-Group_dataset\physicalInteraction6_group.csv,,,,,,,,,,,,,,,,,,59.0,9.899494936611665,66,52,59.0,,,7.0,2,0.090562,,0.090562,0.090562,0.090562,,,0.0,,,,,,,,,,,,,,,,,
Smart Socket,Socket,./Data\Physical_Interaction\Topology_B\4-Group_dataset\physicalInteraction6_group.csv,,,,,,,,,,,,,,,,,,53.0,1.4142135623730951,54,52,53.0,,,1.0,2,0.090425,,0.090425,0.090425,0.090425,,,0.0,53.0,1.4142135623730951,54.0,52.0,53.0,,,1.0,2.0,0.090425,,0.090425,0.090425,0.090425,,,0.0
Smart Socket,Socket,./Data\Physical_Interaction\Topology_B\4-Group_dataset\physicalInteraction6_group.csv,,,,,,,,,,,,,,,,,,53.0,1.4142135623730951,54,52,53.0,,,1.0,2,0.090425,,0.090425,0.090425,0.090425,,,0.0,53.0,1.4142135623730951,54.0,52.0,53.0,,,1.0,2.0,0.090425,,0.090425,0.090425,0.090425,,,0.0
Smart Socket,Socket,./Data\Physical_Interaction\Topology_B\4-Group_dataset\physicalInteraction6_group.csv,,,,,,,,,,,,,,,,,,53.0,1.4142135623730951,54,52,53.0,,,1.0,2,0.090425,,0.090425,0.090425,0.090425,,,0.0,53.0,1.4142135623730951,54.0,52.0,53.0,,,1.0,2.0,0.090425,,0.090425,0.090425,0.090425,,,0.0
Smart Socket,Socket,./Data\Physical_Interaction\Topology_B\4-Group_dataset\physicalInteraction6_group.csv,,,,,,,,,,,,,,,,,,49.5,9.0,63,45,45.0,4.0,1.9999999999999998,6.75,4,0.044305000000000004,0.044584094663904526,0.092444,0.004433,0.036038,,0.8057228493286211,0.032092666666666665,45.0,0.0,45.0,45.0,45.0,,0.0,0.0,3.0,0.0484385,0.06223317491900923,0.092444,0.004433,0.0484385,,,0.0440055
Smart Socket,Socket,./Data\Physical_Interaction\Topology_B\4-Group_dataset\physicalInteraction6_group.csv,,,,,,,,,,,,,,,,,,49.5,9.0,63,45,45.0,4.0,1.9999999999999998,6.75,4,0.044305000000000004,0.044584094663904526,0.092444,0.004433,0.036038,,0.8057228493286211,0.032092666666666665,45.0,0.0,45.0,45.0,45.0,,0.0,0.0,3.0,0.0484385,0.06223317491900923,0.092444,0.004433,0.0484385,,,0.0440055
Smart Socket,Socket,./Data\Physical_Interaction\Topology_B\4-Group_dataset\physicalInteraction6_group.csv,,,,,,,,,,,,,,,,,,49.5,9.0,63,45,45.0,4.0,1.9999999999999998,6.75,4,0.044305000000000004,0.044584094663904526,0.092444,0.004433,0.036038,,0.8057228493286211,0.032092666666666665,45.0,0.0,45.0,45.0,45.0,,0.0,0.0,3.0,0.0484385,0.06223317491900923,0.092444,0.004433,0.0484385,,,0.0440055
Smart Socket,Socket,./Data\Physical_Interaction\Topology_B\4-Group_dataset\physicalInteraction6_group.csv,,,,,,,,,,,,,,,,,,54.333333333333336,10.692676621563628,66,45,52.0,,0.9352195295828224,7.777777777777779,3,0.03305,0.015641201999846435,0.04411,0.02199,0.03305,,,0.011060000000000002,48.5,4.949747468305833,52.0,45.0,48.5,,,3.5,2.0,0.04411,,0.04411,0.04411,0.04411,,,0.0
Smart Socket,Socket,./Data\Physical_Interaction\Topology_B\4-Group_dataset\physicalInteraction6_group.csv,,,,,,,,,,,,,,,,,,54.333333333333336,10.692676621563628,66,45,52.0,,0.9352195295828224,7.777777777777779,3,0.03305,0.015641201999846435,0.04411,0.02199,0.03305,,,0.011060000000000002,48.5,4.949747468305833,52.0,45.0,48.5,,,3.5,2.0,0.04411,,0.04411,0.04411,0.04411,,,0.0
Smart Socket,Socket,./Data\Physical_Interaction\Topology_B\4-Group_dataset\physicalInteraction6_group.csv,,,,,,,,,,,,,,,,,,54.333333333333336,10.692676621563628,66,45,52.0,,0.9352195295828224,7.777777777777779,3,0.03305,0.015641201999846435,0.04411,0.02199,0.03305,,,0.011060000000000002,48.5,4.949747468305833,52.0,45.0,48.5,,,3.5,2.0,0.04411,,0.04411,0.04411,0.04411,,,0.0
Smart Socket,Socket,./Data\Physical_Interaction\Topology_B\4-Group_dataset\physicalInteraction6_group.csv,,,,,,,,,,,,,,,,,,53.333333333333336,9.073771725877467,63,45,52.0,,0.6469685949215168,6.4444444444444455,3,0.023096,0.01905794196653983,0.036572,0.00962,0.023096,,,0.013476,48.5,4.949747468305833,52.0,45.0,48.5,,,3.5,2.0,0.046192,,0.046192,0.046192,0.046192,,,0.0
Smart Socket,Socket,./Data\Physical_Interaction\Topology_B\4-Group_dataset\physicalInteraction6_group.csv,,,,,,,,,,,,,,,,,,53.333333333333336,9.073771725877467,63,45,52.0,,0.6469685949215168,6.4444444444444455,3,0.023096,0.01905794196653983,0.036572,0.00962,0.023096,,,0.013476,48.5,4.949747468305833,52.0,45.0,48.5,,,3.5,2.0,0.046192,,0.046192,0.046192,0.046192,,,0.0
Smart Socket,Socket,./Data\Physical_Interaction\Topology_B\4-Group_dataset\physicalInteraction6_group.csv,,,,,,,,,,,,,,,,,,53.333333333333336,9.073771725877467,63,45,52.0,,0.6469685949215168,6.4444444444444455,3,0.023096,0.01905794196653983,0.036572,0.00962,0.023096,,,0.013476,48.5,4.949747468305833,52.0,45.0,48.5,,,3.5,2.0,0.046192,,0.046192,0.046192,0.046192,,,0.0
Smart Socket,Socket,./Data\Physical_Interaction\Topology_B\4-Group_dataset\physicalInteraction6_group.csv,,,,,,,,,,,,,,,,,,54.25,8.73212459828649,66,45,53.0,1.6402042461703843,0.8204113839185586,5.875,4,0.024878,0.02121450397723218,0.049121,0.009713,0.0158,,1.5730148506430033,0.016162,50.333333333333336,4.725815626252609,54.0,45.0,52.0,,-1.3896361387064968,3.555555555555555,3.0,0.0324605,0.023561505055916948,0.049121,0.0158,0.0324605,,,0.016660499999999998
Smart Socket,Socket,./Data\Physical_Interaction\Topology_B\4-Group_dataset\physicalInteraction6_group.csv,,,,,,,,,,,,,,,,,,54.25,8.73212459828649,66,45,53.0,1.6402042461703843,0.8204113839185586,5.875,4,0.024878,0.02121450397723218,0.049121,0.009713,0.0158,,1.5730148506430033,0.016162,50.333333333333336,4.725815626252609,54.0,45.0,52.0,,-1.3896361387064968,3.555555555555555,3.0,0.0324605,0.023561505055916948,0.049121,0.0158,0.0324605,,,0.016660499999999998
Smart Socket,Socket,./Data\Physical_Interaction\Topology_B\4-Group_dataset\physicalInteraction6_group.csv,,,,,,,,,,,,,,,,,,54.25,8.73212459828649,66,45,53.0,1.6402042461703843,0.8204113839185586,5.875,4,0.024878,0.02121450397723218,0.049121,0.009713,0.0158,,1.5730148506430033,0.016162,50.333333333333336,4.725815626252609,54.0,45.0,52.0,,-1.3896361387064968,3.555555555555555,3.0,0.0324605,0.023561505055916948,0.049121,0.0158,0.0324605,,,0.016660499999999998
Smart Socket,Socket,./Data\Physical_Interaction\Topology_B\4-Group_dataset\physicalInteraction6_group.csv,,,,,,,,,,,,,,,,,,47.5,3.5355339059327378,50,45,47.5,,,2.5,2,0.007023,,0.007023,0.007023,0.007023,,,0.0,,,,,,,,,,,,,,,,,
Smart Socket,Socket,./Data\Physical_Interaction\Topology_B\4-Group_dataset\physicalInteraction6_group.csv,,,,,,,,,,,,,,,,,,47.5,3.5355339059327378,50,45,47.5,,,2.5,2,0.007023,,0.007023,0.007023,0.007023,,,0.0,,,,,,,,,,,,,,,,,
Smart Socket,Socket,./Data\Physical_Interaction\Topology_B\4-Group_dataset\physicalInteraction6_group.csv,,,,,,,,,,,,,,,,,,47.5,3.5355339059327378,50,45,47.5,,,2.5,2,0.007023,,0.007023,0.007023,0.007023,,,0.0,,,,,,,,,,,,,,,,,
Smart Socket,Socket,./Data\Physical_Interaction\Topology_B\4-Group_dataset\physicalInteraction6_group.csv,54.5,12.36931687685298,71.0,45.0,51.0,-0.6204451279422436,0.9838809015635118,9.5,4.0,0.12319966666666667,0.11100667299911901,0.251024,0.05103,0.067545,,1.689021103499137,0.08521622222222223,53.6,10.89954127475097,71,45,50.0,1.114129510594152,1.283453760706718,8.32,5,0.09239975,0.10828971581326025,0.251024,0.007009,0.055783,3.2312112786496776,1.7143188754078642,0.07931212500000001,,,,,,,,,,,,,,,,,
Smart Socket,Socket,./Data\Physical_Interaction\Topology_B\4-Group_dataset\physicalInteraction6_group.csv,54.5,12.36931687685298,71.0,45.0,51.0,-0.6204451279422436,0.9838809015635118,9.5,4.0,0.12319966666666667,0.11100667299911901,0.251024,0.05103,0.067545,,1.689021103499137,0.08521622222222223,53.6,10.89954127475097,71,45,50.0,1.114129510594152,1.283453760706718,8.32,5,0.09239975,0.10828971581326025,0.251024,0.007009,0.055783,3.2312112786496776,1.7143188754078642,0.07931212500000001,,,,,,,,,,,,,,,,,
Smart Socket,Socket,./Data\Physical_Interaction\Topology_B\4-Group_dataset\physicalInteraction6_group.csv,55.2,9.85900603509299,66.0,45.0,57.0,-2.844650205761315,-0.16623266920167235,8.16,5.0,0.49359224999999995,0.8667450890295928,1.793669,0.05103,0.064835,3.9987461573453125,1.9996222714279763,0.650038375,53.0,7.810249675906654,66,45,52.0,-0.8866472146504392,0.572792622697458,6.222222222222222,9,0.246796125,0.621257067435152,1.783502,0.007009,0.0259355,7.974145832269462,2.822370677768355,0.38417646875,50.25,3.8622100754188224,54.0,45.0,51.0,0.983864423707125,-1.0024075087289077,2.75,4.0,0.6175163333333333,1.0159690655085583,1.790511,0.015026,0.047012,,1.730119607799975,0.7819964444444444
Smart Socket,Socket,./Data\Physical_Interaction\Topology_B\4-Group_dataset\physicalInteraction6_group.csv,64.5,2.1213203435596424,66.0,63.0,64.5,,,1.5,2.0,0.062125,,0.062125,0.062125,0.062125,,,0.0,56.0,8.514693182963201,66,45,54.0,-1.504399524375743,-0.04049794617342783,6.8,5,0.018073,0.012718933262397966,0.036845,0.010167,0.012639999999999998,3.3014698804102096,1.819161987257179,0.009386,50.333333333333336,4.725815626252609,54.0,45.0,52.0,,-1.3896361387064968,3.555555555555555,3.0,0.031018999999999998,0.02261751750303291,0.047012,0.015026,0.031018999999999998,,,0.015993
Smart Socket,Socket,./Data\Physical_Interaction\Topology_B\4-Group_dataset\physicalInteraction6_group.csv,64.5,2.1213203435596424,66.0,63.0,64.5,,,1.5,2.0,0.062125,,0.062125,0.062125,0.062125,,,0.0,56.0,8.514693182963201,66,45,54.0,-1.504399524375743,-0.04049794617342783,6.8,5,0.018073,0.012718933262397966,0.036845,0.010167,0.012639999999999998,3.3014698804102096,1.819161987257179,0.009386,50.333333333333336,4.725815626252609,54.0,45.0,52.0,,-1.3896361387064968,3.555555555555555,3.0,0.031018999999999998,0.02261751750303291,0.047012,0.015026,0.031018999999999998,,,0.015993
Smart Socket,Socket,./Data\Physical_Interaction\Topology_B\4-Group_dataset\physicalInteraction6_group.csv,64.5,2.1213203435596424,66.0,63.0,64.5,,,1.5,2.0,0.063985,,0.063985,0.063985,0.063985,,,0.0,56.5,9.746794344808963,66,45,57.5,-3.2210526315789476,-0.3455927080707887,8.0,4,0.024532333333333337,0.015001142634257343,0.039613,0.009612,0.024372,,0.0480908419497631,0.010053777777777778,48.5,4.949747468305833,52.0,45.0,48.5,,,3.5,2.0,0.049225,,0.049225,0.049225,0.049225,,,0.0
Smart Socket,Socket,./Data\Physical_Interaction\Topology_B\4-Group_dataset\physicalInteraction6_group.csv,64.5,2.1213203435596424,66.0,63.0,64.5,,,1.5,2.0,0.063985,,0.063985,0.063985,0.063985,,,0.0,56.5,9.746794344808963,66,45,57.5,-3.2210526315789476,-0.3455927080707887,8.0,4,0.024532333333333337,0.015001142634257343,0.039613,0.009612,0.024372,,0.0480908419497631,0.010053777777777778,48.5,4.949747468305833,52.0,45.0,48.5,,,3.5,2.0,0.049225,,0.049225,0.049225,0.049225,,,0.0
Smart Socket,Socket,./Data\Physical_Interaction\Topology_B\4-Group_dataset\physicalInteraction6_group.csv,64.5,2.1213203435596424,66.0,63.0,64.5,,,1.5,2.0,0.063985,,0.063985,0.063985,0.063985,,,0.0,56.5,9.746794344808963,66,45,57.5,-3.2210526315789476,-0.3455927080707887,8.0,4,0.024532333333333337,0.015001142634257343,0.039613,0.009612,0.024372,,0.0480908419497631,0.010053777777777778,48.5,4.949747468305833,52.0,45.0,48.5,,,3.5,2.0,0.049225,,0.049225,0.049225,0.049225,,,0.0
Smart Socket,Socket,./Data\Physical_Interaction\Topology_B\4-Group_dataset\physicalInteraction6_group.csv,64.5,2.1213203435596424,66.0,63.0,64.5,,,1.5,2.0,0.064593,,0.064593,0.064593,0.064593,,,0.0,54.6,9.813256340277675,66,45,54.0,-2.762686697528167,0.13428335749644763,7.92,5,0.0409485,0.04055327946870224,0.099201,0.010055,0.027269,2.22115904299843,1.543192652349831,0.02912625,48.0,5.196152422706632,54.0,45.0,45.0,,1.7320508075688774,4.0,3.0,0.06311850000000001,0.06524827823398868,0.109256,0.016981,0.06311850000000001,,,0.046137500000000005
Smart Socket,Socket,./Data\Physical_Interaction\Topology_B\4-Group_dataset\physicalInteraction6_group.csv,64.5,2.1213203435596424,66.0,63.0,64.5,,,1.5,2.0,0.064593,,0.064593,0.064593,0.064593,,,0.0,54.6,9.813256340277675,66,45,54.0,-2.762686697528167,0.13428335749644763,7.92,5,0.0409485,0.04055327946870224,0.099201,0.010055,0.027269,2.22115904299843,1.543192652349831,0.02912625,48.0,5.196152422706632,54.0,45.0,45.0,,1.7320508075688774,4.0,3.0,0.06311850000000001,0.06524827823398868,0.109256,0.016981,0.06311850000000001,,,0.046137500000000005
Smart Socket,Socket,./Data\Physical_Interaction\Topology_B\4-Group_dataset\physicalInteraction6_group.csv,64.5,2.1213203435596424,66.0,63.0,64.5,,,1.5,2.0,0.064593,,0.064593,0.064593,0.064593,,,0.0,54.6,9.813256340277675,66,45,54.0,-2.762686697528167,0.13428335749644763,7.92,5,0.0409485,0.04055327946870224,0.099201,0.010055,0.027269,2.22115904299843,1.543192652349831,0.02912625,48.0,5.196152422706632,54.0,45.0,45.0,,1.7320508075688774,4.0,3.0,0.06311850000000001,0.06524827823398868,0.109256,0.016981,0.06311850000000001,,,0.046137500000000005
Smart Socket,Socket,./Data\Physical_Interaction\Topology_B\4-Group_dataset\physicalInteraction6_group.csv,,,,,,,,,,,,,,,,,,46.75,3.5,52,45,45.0,4.0,1.9999999999999998,2.625,4,0.05388099999999999,0.05091017797061802,0.111746,0.015972,0.033925,,1.4928990756299214,0.03857666666666667,46.75,3.5,52.0,45.0,45.0,4.0,1.9999999999999998,2.625,4.0,0.05388099999999999,0.05091017797061802,0.111746,0.015972,0.033925,,1.4928990756299214,0.03857666666666667
Smart Socket,Socket,./Data\Physical_Interaction\Topology_B\4-Group_dataset\physicalInteraction6_group.csv,,,,,,,,,,,,,,,,,,46.75,3.5,52,45,45.0,4.0,1.9999999999999998,2.625,4,0.05388099999999999,0.05091017797061802,0.111746,0.015972,0.033925,,1.4928990756299214,0.03857666666666667,46.75,3.5,52.0,45.0,45.0,4.0,1.9999999999999998,2.625,4.0,0.05388099999999999,0.05091017797061802,0.111746,0.015972,0.033925,,1.4928990756299214,0.03857666666666667
Smart Socket,Socket,./Data\Physical_Interaction\Topology_B\4-Group_dataset\physicalInteraction6_group.csv,,,,,,,,,,,,,,,,,,46.75,3.5,52,45,45.0,4.0,1.9999999999999998,2.625,4,0.05388099999999999,0.05091017797061802,0.111746,0.015972,0.033925,,1.4928990756299214,0.03857666666666667,46.75,3.5,52.0,45.0,45.0,4.0,1.9999999999999998,2.625,4.0,0.05388099999999999,0.05091017797061802,0.111746,0.015972,0.033925,,1.4928990756299214,0.03857666666666667
Smart Socket,Socket,./Data\Physical_Interaction\Topology_B\4-Group_dataset\physicalInteraction6_group.csv,,,,,,,,,,,,,,,,,,59.0,9.899494936611665,66,52,59.0,,,7.0,2,0.063492,,0.063492,0.063492,0.063492,,,0.0,,,,,,,,,,,,,,,,,
Smart Socket,Socket,./Data\Physical_Interaction\Topology_B\4-Group_dataset\physicalInteraction6_group.csv,,,,,,,,,,,,,,,,,,59.0,9.899494936611665,66,52,59.0,,,7.0,2,0.063492,,0.063492,0.063492,0.063492,,,0.0,,,,,,,,,,,,,,,,,
Smart Socket,Socket,./Data\Physical_Interaction\Topology_B\4-Group_dataset\physicalInteraction6_group.csv,,,,,,,,,,,,,,,,,,59.0,9.899494936611665,66,52,59.0,,,7.0,2,0.063492,,0.063492,0.063492,0.063492,,,0.0,,,,,,,,,,,,,,,,,
Smart Socket,Socket,./Data\Physical_Interaction\Topology_B\4-Group_dataset\physicalInteraction6_group.csv,,,,,,,,,,,,,,,,,,49.5,6.363961030678928,54,45,49.5,,,4.5,2,0.494468,,0.494468,0.494468,0.494468,,,0.0,,,,,,,,,,,,,,,,,
Smart Socket,Socket,./Data\Physical_Interaction\Topology_B\4-Group_dataset\physicalInteraction6_group.csv,,,,,,,,,,,,,,,,,,49.5,6.363961030678928,54,45,49.5,,,4.5,2,0.494468,,0.494468,0.494468,0.494468,,,0.0,,,,,,,,,,,,,,,,,
Smart Socket,Socket,./Data\Physical_Interaction\Topology_B\4-Group_dataset\physicalInteraction6_group.csv,,,,,,,,,,,,,,,,,,49.5,6.363961030678928,54,45,49.5,,,4.5,2,0.494468,,0.494468,0.494468,0.494468,,,0.0,,,,,,,,,,,,,,,,,
Smart Socket,Socket,./Data\Physical_Interaction\Topology_B\4-Group_dataset\physicalInteraction6_group.csv,64.5,2.1213203435596424,66.0,63.0,64.5,,,1.5,2.0,0.062417,,0.062417,0.062417,0.062417,,,0.0,56.5,9.746794344808963,66,45,57.5,-3.2210526315789476,-0.3455927080707887,8.0,4,0.04744866666666667,0.03300105610936313,0.070313,0.009616,0.062417,,-1.6211676957190313,0.025221777777777777,48.5,4.949747468305833,52.0,45.0,48.5,,,3.5,2.0,0.142346,,0.142346,0.142346,0.142346,,,0.0
Smart Socket,Socket,./Data\Physical_Interaction\Topology_B\4-Group_dataset\physicalInteraction6_group.csv,64.5,2.1213203435596424,66.0,63.0,64.5,,,1.5,2.0,0.062417,,0.062417,0.062417,0.062417,,,0.0,56.5,9.746794344808963,66,45,57.5,-3.2210526315789476,-0.3455927080707887,8.0,4,0.04744866666666667,0.03300105610936313,0.070313,0.009616,0.062417,,-1.6211676957190313,0.025221777777777777,48.5,4.949747468305833,52.0,45.0,48.5,,,3.5,2.0,0.142346,,0.142346,0.142346,0.142346,,,0.0
Smart Socket,Socket,./Data\Physical_Interaction\Topology_B\4-Group_dataset\physicalInteraction6_group.csv,64.5,2.1213203435596424,66.0,63.0,64.5,,,1.5,2.0,0.062417,,0.062417,0.062417,0.062417,,,0.0,56.5,9.746794344808963,66,45,57.5,-3.2210526315789476,-0.3455927080707887,8.0,4,0.04744866666666667,0.03300105610936313,0.070313,0.009616,0.062417,,-1.6211676957190313,0.025221777777777777,48.5,4.949747468305833,52.0,45.0,48.5,,,3.5,2.0,0.142346,,0.142346,0.142346,0.142346,,,0.0
Smart Socket,Socket,./Data\Physical_Interaction\Topology_B\4-Group_dataset\physicalInteraction6_group.csv,64.5,2.1213203435596424,66.0,63.0,64.5,,,1.5,2.0,0.054019,,0.054019,0.054019,0.054019,,,0.0,57.0,9.486832980505138,66,45,58.5,-1.6999999999999993,-0.6324555320336758,7.5,4,0.020042,0.020669381921092855,0.04379,0.006107,0.010229,,1.6548775170508425,0.015832000000000002,49.5,6.363961030678928,54.0,45.0,49.5,,,4.5,2.0,0.016336,,0.016336,0.016336,0.016336,,,0.0
Smart Socket,Socket,./Data\Physical_Interaction\Topology_B\4-Group_dataset\physicalInteraction6_group.csv,64.5,2.1213203435596424,66.0,63.0,64.5,,,1.5,2.0,0.054019,,0.054019,0.054019,0.054019,,,0.0,57.0,9.486832980505138,66,45,58.5,-1.6999999999999993,-0.6324555320336758,7.5,4,0.020042,0.020669381921092855,0.04379,0.006107,0.010229,,1.6548775170508425,0.015832000000000002,49.5,6.363961030678928,54.0,45.0,49.5,,,4.5,2.0,0.016336,,0.016336,0.016336,0.016336,,,0.0
Smart Socket,Socket,./Data\Physical_Interaction\Topology_B\4-Group_dataset\physicalInteraction6_group.csv,64.5,2.1213203435596424,66.0,63.0,64.5,,,1.5,2.0,0.054019,,0.054019,0.054019,0.054019,,,0.0,57.0,9.486832980505138,66,45,58.5,-1.6999999999999993,-0.6324555320336758,7.5,4,0.020042,0.020669381921092855,0.04379,0.006107,0.010229,,1.6548775170508425,0.015832000000000002,49.5,6.363961030678928,54.0,45.0,49.5,,,4.5,2.0,0.016336,,0.016336,0.016336,0.016336,,,0.0
Smart Socket,Socket,./Data\Physical_Interaction\Topology_B\4-Group_dataset\physicalInteraction6_group.csv,,,,,,,,,,,,,,,,,,56.333333333333336,5.8594652770823155,63,52,54.0,,1.5078084839697126,4.4444444444444455,3,0.031326,0.029910616844190965,0.052476,0.010176,0.031326,,,0.021150000000000002,53.0,1.4142135623730951,54.0,52.0,53.0,,,1.0,2.0,0.062652,,0.062652,0.062652,0.062652,,,0.0
Smart Socket,Socket,./Data\Physical_Interaction\Topology_B\4-Group_dataset\physicalInteraction6_group.csv,,,,,,,,,,,,,,,,,,56.333333333333336,5.8594652770823155,63,52,54.0,,1.5078084839697126,4.4444444444444455,3,0.031326,0.029910616844190965,0.052476,0.010176,0.031326,,,0.021150000000000002,53.0,1.4142135623730951,54.0,52.0,53.0,,,1.0,2.0,0.062652,,0.062652,0.062652,0.062652,,,0.0
Smart Socket,Socket,./Data\Physical_Interaction\Topology_B\4-Group_dataset\physicalInteraction6_group.csv,,,,,,,,,,,,,,,,,,56.333333333333336,5.8594652770823155,63,52,54.0,,1.5078084839697126,4.4444444444444455,3,0.031326,0.029910616844190965,0.052476,0.010176,0.031326,,,0.021150000000000002,53.0,1.4142135623730951,54.0,52.0,53.0,,,1.0,2.0,0.062652,,0.062652,0.062652,0.062652,,,0.0
Smart Socket,Socket,./Data\Physical_Interaction\Topology_B\4-Group_dataset\physicalInteraction6_group.csv,,,,,,,,,,,,,,,,,,48.5,4.949747468305833,52,45,48.5,,,3.5,2,0.182195,,0.182195,0.182195,0.182195,,,0.0,48.5,4.949747468305833,52.0,45.0,48.5,,,3.5,2.0,0.182195,,0.182195,0.182195,0.182195,,,0.0
Smart Socket,Socket,./Data\Physical_Interaction\Topology_B\4-Group_dataset\physicalInteraction6_group.csv,,,,,,,,,,,,,,,,,,48.5,4.949747468305833,52,45,48.5,,,3.5,2,0.182195,,0.182195,0.182195,0.182195,,,0.0,48.5,4.949747468305833,52.0,45.0,48.5,,,3.5,2.0,0.182195,,0.182195,0.182195,0.182195,,,0.0
Smart Socket,Socket,./Data\Physical_Interaction\Topology_B\4-Group_dataset\physicalInteraction6_group.csv,,,,,,,,,,,,,,,,,,48.5,4.949747468305833,52,45,48.5,,,3.5,2,0.182195,,0.182195,0.182195,0.182195,,,0.0,48.5,4.949747468305833,52.0,45.0,48.5,,,3.5,2.0,0.182195,,0.182195,0.182195,0.182195,,,0.0
Smart Socket,Socket,./Data\Physical_Interaction\Topology_B\4-Group_dataset\physicalInteraction6_group.csv,59.666666666666664,13.316656236958787,71.0,45.0,63.0,,-1.0558318939643094,9.777777777777779,3.0,0.8684005,1.2065271083504507,1.721544,0.015257,0.8684005,,,0.8531435,55.8,10.80277742064512,71,45,50.0,-1.3974927472062673,0.7387258882219341,8.959999999999999,5,0.44692975,0.8451395244610501,1.714319,0.007225,0.0330875,3.98976849970774,1.996985438977768,0.633694625,50.0,0.0,50.0,50.0,50.0,,,0.0,2.0,0.0734,,0.0734,0.0734,0.0734,,,0.0
Smart Socket,Socket,./Data\Physical_Interaction\Topology_B\4-Group_dataset\physicalInteraction6_group.csv,54.0,12.727922061357855,63.0,45.0,54.0,,,9.0,2.0,0.015257,,0.015257,0.015257,0.015257,,,0.0,52.0,7.702813338860896,63,45,50.0,2.6665193788663046,1.4178388900466083,5.5,4,0.024466666666666664,0.02325689214691708,0.050918,0.007225,0.015257,,1.5025474713331117,0.01763422222222222,50.0,0.0,50.0,50.0,50.0,,,0.0,2.0,0.0734,,0.0734,0.0734,0.0734,,,0.0
Smart Socket,Socket,./Data\Physical_Interaction\Topology_B\4-Group_dataset\physicalInteraction6_group.csv,54.0,12.727922061357855,63.0,45.0,54.0,,,9.0,2.0,0.015257,,0.015257,0.015257,0.015257,,,0.0,52.0,7.702813338860896,63,45,50.0,2.6665193788663046,1.4178388900466083,5.5,4,0.024466666666666664,0.02325689214691708,0.050918,0.007225,0.015257,,1.5025474713331117,0.01763422222222222,50.0,0.0,50.0,50.0,50.0,,,0.0,2.0,0.0734,,0.0734,0.0734,0.0734,,,0.0
Smart Socket,Socket,./Data\Physical_Interaction\Topology_B\4-Group_dataset\physicalInteraction6_group.csv,64.5,2.1213203435596424,66.0,63.0,64.5,,,1.5,2.0,0.081816,,0.081816,0.081816,0.081816,,,0.0,58.0,11.357816691600547,66,45,63.0,,-1.5970969928697365,8.666666666666666,3,0.0876645,0.008271028019539045,0.093513,0.081816,0.0876645,,,0.0058484999999999995,,,,,,,,,,,,,,,,,
Smart Socket,Socket,./Data\Physical_Interaction\Topology_B\4-Group_dataset\physicalInteraction6_group.csv,64.5,2.1213203435596424,66.0,63.0,64.5,,,1.5,2.0,0.081816,,0.081816,0.081816,0.081816,,,0.0,58.0,11.357816691600547,66,45,63.0,,-1.5970969928697365,8.666666666666666,3,0.0876645,0.008271028019539045,0.093513,0.081816,0.0876645,,,0.0058484999999999995,,,,,,,,,,,,,,,,,
Smart Socket,Socket,./Data\Physical_Interaction\Topology_B\4-Group_dataset\physicalInteraction6_group.csv,64.5,2.1213203435596424,66.0,63.0,64.5,,,1.5,2.0,0.081816,,0.081816,0.081816,0.081816,,,0.0,58.0,11.357816691600547,66,45,63.0,,-1.5970969928697365,8.666666666666666,3,0.0876645,0.008271028019539045,0.093513,0.081816,0.0876645,,,0.0058484999999999995,,,,,,,,,,,,,,,,,
Smart Socket,Socket,./Data\Physical_Interaction\Topology_B\4-Group_dataset\physicalInteraction6_group.csv,,,,,,,,,,,,,,,,,,54.0,12.727922061357855,63,45,54.0,,,9.0,2,0.150595,,0.150595,0.150595,0.150595,,,0.0,,,,,,,,,,,,,,,,,
Smart Socket,Socket,./Data\Physical_Interaction\Topology_B\4-Group_dataset\physicalInteraction6_group.csv,,,,,,,,,,,,,,,,,,54.0,12.727922061357855,63,45,54.0,,,9.0,2,0.150595,,0.150595,0.150595,0.150595,,,0.0,,,,,,,,,,,,,,,,,
Smart Socket,Socket,./Data\Physical_Interaction\Topology_B\4-Group_dataset\physicalInteraction6_group.csv,,,,,,,,,,,,,,,,,,54.0,12.727922061357855,63,45,54.0,,,9.0,2,0.150595,,0.150595,0.150595,0.150595,,,0.0,,,,,,,,,,,,,,,,,
Smart Socket,Socket,./Data\Physical_Interaction\Topology_B\4-Group_dataset\physicalInteraction6_group.csv,,,,,,,,,,,,,,,,,,51.0,10.392304845413264,63,45,45.0,,1.7320508075688774,8.0,3,0.070354,0.03892198566363232,0.097876,0.042832,0.070354,,,0.027522,45.0,0.0,45.0,45.0,45.0,,,0.0,2.0,0.097876,,0.097876,0.097876,0.097876,,,0.0
Smart Socket,Socket,./Data\Physical_Interaction\Topology_B\4-Group_dataset\physicalInteraction6_group.csv,,,,,,,,,,,,,,,,,,51.0,10.392304845413264,63,45,45.0,,1.7320508075688774,8.0,3,0.070354,0.03892198566363232,0.097876,0.042832,0.070354,,,0.027522,45.0,0.0,45.0,45.0,45.0,,,0.0,2.0,0.097876,,0.097876,0.097876,0.097876,,,0.0
Smart Socket,Socket,./Data\Physical_Interaction\Topology_B\4-Group_dataset\physicalInteraction6_group.csv,,,,,,,,,,,,,,,,,,51.0,10.392304845413264,63,45,45.0,,1.7320508075688774,8.0,3,0.070354,0.03892198566363232,0.097876,0.042832,0.070354,,,0.027522,45.0,0.0,45.0,45.0,45.0,,,0.0,2.0,0.097876,,0.097876,0.097876,0.097876,,,0.0
Smart Socket,Socket,./Data\Physical_Interaction\Topology_B\4-Group_dataset\physicalInteraction6_group.csv,,,,,,,,,,,,,,,,,,53.0,6.568322247184371,66,45,54.0,1.8709135564229635,0.7904686744561166,4.25,8,0.02483042857142857,0.025726144670724517,0.071055,0.004035,0.010077,0.2724642878140111,1.2253531154292983,0.020081632653061225,51.142857142857146,4.2594432902501635,54.0,45.0,54.0,-0.983879967759929,-1.1161859390273041,3.5102040816326516,7.0,0.028968833333333333,0.027402630227163716,0.071055,0.004035,0.022218500000000002,-1.1253041640843797,0.6800973547163427,0.022649166666666665
Smart Socket,Socket,./Data\Physical_Interaction\Topology_B\4-Group_dataset\physicalInteraction6_group.csv,,,,,,,,,,,,,,,,,,53.0,6.568322247184371,66,45,54.0,1.8709135564229635,0.7904686744561166,4.25,8,0.02483042857142857,0.025726144670724517,0.071055,0.004035,0.010077,0.2724642878140111,1.2253531154292983,0.020081632653061225,51.142857142857146,4.2594432902501635,54.0,45.0,54.0,-0.983879967759929,-1.1161859390273041,3.5102040816326516,7.0,0.028968833333333333,0.027402630227163716,0.071055,0.004035,0.022218500000000002,-1.1253041640843797,0.6800973547163427,0.022649166666666665
Smart Socket,Socket,./Data\Physical_Interaction\Topology_B\4-Group_dataset\physicalInteraction6_group.csv,,,,,,,,,,,,,,,,,,53.0,6.568322247184371,66,45,54.0,1.8709135564229635,0.7904686744561166,4.25,8,0.02483042857142857,0.025726144670724517,0.071055,0.004035,0.010077,0.2724642878140111,1.2253531154292983,0.020081632653061225,51.142857142857146,4.2594432902501635,54.0,45.0,54.0,-0.983879967759929,-1.1161859390273041,3.5102040816326516,7.0,0.028968833333333333,0.027402630227163716,0.071055,0.004035,0.022218500000000002,-1.1253041640843797,0.6800973547163427,0.022649166666666665
Smart Socket,Socket,./Data\Physical_Interaction\Topology_B\4-Group_dataset\physicalInteraction6_group.csv,,,,,,,,,,,,,,,,,,51.0,1.4142135623730951,52,50,51.0,,,1.0,2,2.627887,,2.627887,2.627887,2.627887,,,0.0,51.0,1.4142135623730951,52.0,50.0,51.0,,,1.0,2.0,2.627887,,2.627887,2.627887,2.627887,,,0.0
Smart Socket,Socket,./Data\Physical_Interaction\Topology_B\4-Group_dataset\physicalInteraction6_group.csv,64.5,2.1213203435596424,66.0,63.0,64.5,,,1.5,2.0,0.054124,,0.054124,0.054124,0.054124,,,0.0,56.0,8.514693182963201,66,45,54.0,-1.504399524375743,-0.04049794617342783,6.8,5,0.03622425,0.033935655834485746,0.080981,0.009792,0.027062,-0.9813722818995547,0.9137450780782472,0.026349749999999998,50.333333333333336,4.725815626252609,54.0,45.0,52.0,,-1.3896361387064968,3.555555555555555,3.0,0.0724485,0.026148101661497346,0.090938,0.053959,0.0724485,,,0.018489500000000002
Smart Socket,Socket,./Data\Physical_Interaction\Topology_B\4-Group_dataset\physicalInteraction6_group.csv,64.5,2.1213203435596424,66.0,63.0,64.5,,,1.5,2.0,0.054124,,0.054124,0.054124,0.054124,,,0.0,56.0,8.514693182963201,66,45,54.0,-1.504399524375743,-0.04049794617342783,6.8,5,0.03622425,0.033935655834485746,0.080981,0.009792,0.027062,-0.9813722818995547,0.9137450780782472,0.026349749999999998,50.333333333333336,4.725815626252609,54.0,45.0,52.0,,-1.3896361387064968,3.555555555555555,3.0,0.0724485,0.026148101661497346,0.090938,0.053959,0.0724485,,,0.018489500000000002
Smart Socket,Socket,./Data\Physical_Interaction\Topology_B\4-Group_dataset\physicalInteraction6_group.csv,64.5,2.1213203435596424,66.0,63.0,64.5,,,1.5,2.0,0.054124,,0.054124,0.054124,0.054124,,,0.0,56.0,8.514693182963201,66,45,54.0,-1.504399524375743,-0.04049794617342783,6.8,5,0.03622425,0.033935655834485746,0.080981,0.009792,0.027062,-0.9813722818995547,0.9137450780782472,0.026349749999999998,50.333333333333336,4.725815626252609,54.0,45.0,52.0,,-1.3896361387064968,3.555555555555555,3.0,0.0724485,0.026148101661497346,0.090938,0.053959,0.0724485,,,0.018489500000000002
Smart Socket,Socket,./Data\Physical_Interaction\Topology_B\4-Group_dataset\physicalInteraction6_group.csv,,,,,,,,,,,,,,,,,,53.5,7.416198487095663,63,45,53.0,1.2330578512396695,0.3922617381604317,5.0,4,0.05102866666666667,0.03599976444830345,0.074688,0.009599,0.068799,,-1.6800532721691634,0.02761977777777778,50.333333333333336,4.725815626252609,54.0,45.0,52.0,,-1.3896361387064968,3.555555555555555,3.0,0.076543,0.010951669827017249,0.084287,0.068799,0.076543,,,0.007744000000000001
Smart Socket,Socket,./Data\Physical_Interaction\Topology_B\4-Group_dataset\physicalInteraction6_group.csv,,,,,,,,,,,,,,,,,,53.5,7.416198487095663,63,45,53.0,1.2330578512396695,0.3922617381604317,5.0,4,0.05102866666666667,0.03599976444830345,0.074688,0.009599,0.068799,,-1.6800532721691634,0.02761977777777778,50.333333333333336,4.725815626252609,54.0,45.0,52.0,,-1.3896361387064968,3.555555555555555,3.0,0.076543,0.010951669827017249,0.084287,0.068799,0.076543,,,0.007744000000000001
Smart Socket,Socket,./Data\Physical_Interaction\Topology_B\4-Group_dataset\physicalInteraction6_group.csv,,,,,,,,,,,,,,,,,,53.5,7.416198487095663,63,45,53.0,1.2330578512396695,0.3922617381604317,5.0,4,0.05102866666666667,0.03599976444830345,0.074688,0.009599,0.068799,,-1.6800532721691634,0.02761977777777778,50.333333333333336,4.725815626252609,54.0,45.0,52.0,,-1.3896361387064968,3.555555555555555,3.0,0.076543,0.010951669827017249,0.084287,0.068799,0.076543,,,0.007744000000000001
Smart Socket,Socket,./Data\Physical_Interaction\Topology_B\4-Group_dataset\physicalInteraction6_group.csv,64.5,2.1213203435596424,66.0,63.0,64.5,,,1.5,2.0,0.067615,,0.067615,0.067615,0.067615,,,0.0,61.0,6.244997998398398,66,54,63.0,,-1.2933427807333964,4.666666666666667,3,0.0338075,0.03404931283447582,0.057884,0.009731,0.0338075,,,0.0240765,,,,,,,,,,,,,,,,,
Smart Socket,Socket,./Data\Physical_Interaction\Topology_B\4-Group_dataset\physicalInteraction6_group.csv,64.5,2.1213203435596424,66.0,63.0,64.5,,,1.5,2.0,0.067615,,0.067615,0.067615,0.067615,,,0.0,61.0,6.244997998398398,66,54,63.0,,-1.2933427807333964,4.666666666666667,3,0.0338075,0.03404931283447582,0.057884,0.009731,0.0338075,,,0.0240765,,,,,,,,,,,,,,,,,
Smart Socket,Socket,./Data\Physical_Interaction\Topology_B\4-Group_dataset\physicalInteraction6_group.csv,64.5,2.1213203435596424,66.0,63.0,64.5,,,1.5,2.0,0.067615,,0.067615,0.067615,0.067615,,,0.0,61.0,6.244997998398398,66,54,63.0,,-1.2933427807333964,4.666666666666667,3,0.0338075,0.03404931283447582,0.057884,0.009731,0.0338075,,,0.0240765,,,,,,,,,,,,,,,,,
Smart Socket,Socket,./Data\Physical_Interaction\Topology_B\4-Group_dataset\physicalInteraction6_group.csv,,,,,,,,,,,,,,,,,,51.75,8.616843969807043,63,45,49.5,-1.2892561983471076,0.8545630383279712,6.75,4,0.04676133333333333,0.03845569118262385,0.087213,0.010674,0.042397,,0.5041267856390057,0.026967777777777775,48.0,5.196152422706632,54.0,45.0,45.0,,1.7320508075688774,4.0,3.0,0.0489435,0.054121245925237156,0.087213,0.010674,0.0489435,,,0.0382695
Smart Socket,Socket,./Data\Physical_Interaction\Topology_B\4-Group_dataset\physicalInteraction6_group.csv,,,,,,,,,,,,,,,,,,51.75,8.616843969807043,63,45,49.5,-1.2892561983471076,0.8545630383279712,6.75,4,0.04676133333333333,0.03845569118262385,0.087213,0.010674,0.042397,,0.5041267856390057,0.026967777777777775,48.0,5.196152422706632,54.0,45.0,45.0,,1.7320508075688774,4.0,3.0,0.0489435,0.054121245925237156,0.087213,0.010674,0.0489435,,,0.0382695
Smart Socket,Socket,./Data\Physical_Interaction\Topology_B\4-Group_dataset\physicalInteraction6_group.csv,,,,,,,,,,,,,,,,,,51.75,8.616843969807043,63,45,49.5,-1.2892561983471076,0.8545630383279712,6.75,4,0.04676133333333333,0.03845569118262385,0.087213,0.010674,0.042397,,0.5041267856390057,0.026967777777777775,48.0,5.196152422706632,54.0,45.0,45.0,,1.7320508075688774,4.0,3.0,0.0489435,0.054121245925237156,0.087213,0.010674,0.0489435,,,0.0382695
Smart Socket,Socket,./Data\Physical_Interaction\Topology_B\4-Group_dataset\physicalInteraction6_group.csv,60.0,4.242640687119285,63.0,57.0,60.0,,,3.0,2.0,0.797219,,0.797219,0.797219,0.797219,,,0.0,56.5,4.795831523312719,63,52,55.5,0.5784499054820422,1.0153745380170596,3.5,4,0.26910300000000004,0.40958111741021463,0.741306,0.01009,0.055913,,1.7076932739521855,0.314802,53.0,1.4142135623730951,54.0,52.0,53.0,,,1.0,2.0,0.066003,,0.066003,0.066003,0.066003,,,0.0
Smart Socket,Socket,./Data\Physical_Interaction\Topology_B\4-Group_dataset\physicalInteraction6_group.csv,60.0,4.242640687119285,63.0,57.0,60.0,,,3.0,2.0,0.797219,,0.797219,0.797219,0.797219,,,0.0,55.2,5.06951674225463,63,50,54.0,0.6112128874017717,0.9763093000874911,3.8400000000000007,5,0.21207550000000003,0.3533360122003794,0.741306,0.01009,0.048452999999999996,3.943062195135571,1.9823933621964485,0.26461525,52.0,2.0,54.0,50.0,52.0,,0.0,1.3333333333333333,3.0,0.424151,0.5064977589367993,0.782299,0.066003,0.424151,,,0.358148
Smart Socket,Socket,./Data\Physical_Interaction\Topology_B\4-Group_dataset\physicalInteraction6_group.csv,60.0,4.242640687119285,63.0,57.0,60.0,,,3.0,2.0,0.797219,,0.797219,0.797219,0.797219,,,0.0,55.2,5.06951674225463,63,50,54.0,0.6112128874017717,0.9763093000874911,3.8400000000000007,5,0.21207550000000003,0.3533360122003794,0.741306,0.01009,0.048452999999999996,3.943062195135571,1.9823933621964485,0.26461525,52.0,2.0,54.0,50.0,52.0,,0.0,1.3333333333333333,3.0,0.424151,0.5064977589367993,0.782299,0.066003,0.424151,,,0.358148
Smart Socket,Socket,./Data\Physical_Interaction\Topology_B\4-Group_dataset\physicalInteraction6_group.csv,52.5,10.606601717798213,60.0,45.0,52.5,,,7.5,2.0,0.052185,,0.052185,0.052185,0.052185,,,0.0,51.666666666666664,7.637626158259733,60,45,50.0,,0.9352195295828277,5.5555555555555545,3,0.026092499999999998,0.026914605412303557,0.045124,0.007061,0.026092499999999998,,,0.0190315,,,,,,,,,,,,,,,,,
Smart Socket,Socket,./Data\Physical_Interaction\Topology_B\4-Group_dataset\physicalInteraction6_group.csv,52.5,10.606601717798213,60.0,45.0,52.5,,,7.5,2.0,0.052185,,0.052185,0.052185,0.052185,,,0.0,51.666666666666664,7.637626158259733,60,45,50.0,,0.9352195295828277,5.5555555555555545,3,0.026092499999999998,0.026914605412303557,0.045124,0.007061,0.026092499999999998,,,0.0190315,,,,,,,,,,,,,,,,,
Smart Socket,Socket,./Data\Physical_Interaction\Topology_B\4-Group_dataset\physicalInteraction6_group.csv,52.5,10.606601717798213,60.0,45.0,52.5,,,7.5,2.0,0.052185,,0.052185,0.052185,0.052185,,,0.0,51.666666666666664,7.637626158259733,60,45,50.0,,0.9352195295828277,5.5555555555555545,3,0.026092499999999998,0.026914605412303557,0.045124,0.007061,0.026092499999999998,,,0.0190315,,,,,,,,,,,,,,,,,
Smart Socket,Socket,./Data\Physical_Interaction\Topology_B\4-Group_dataset\physicalInteraction6_group.csv,,,,,,,,,,,,,,,,,,55.75,4.924428900898052,63,52,54.0,3.3878201721755765,1.7731921688003611,3.625,4,0.051931666666666675,0.04808415385897244,0.104275,0.009722,0.041798,,0.9062468134503082,0.03489555555555556,53.333333333333336,1.1547005383792517,54.0,52.0,54.0,,-1.7320508075688956,0.8888888888888881,3.0,0.07789750000000001,0.03730341824149632,0.104275,0.05152,0.07789750000000001,,,0.0263775
Smart Socket,Socket,./Data\Physical_Interaction\Topology_B\4-Group_dataset\physicalInteraction6_group.csv,,,,,,,,,,,,,,,,,,55.75,4.924428900898052,63,52,54.0,3.3878201721755765,1.7731921688003611,3.625,4,0.051931666666666675,0.04808415385897244,0.104275,0.009722,0.041798,,0.9062468134503082,0.03489555555555556,53.333333333333336,1.1547005383792517,54.0,52.0,54.0,,-1.7320508075688956,0.8888888888888881,3.0,0.07789750000000001,0.03730341824149632,0.104275,0.05152,0.07789750000000001,,,0.0263775
Smart Socket,Socket,./Data\Physical_Interaction\Topology_B\4-Group_dataset\physicalInteraction6_group.csv,,,,,,,,,,,,,,,,,,55.75,4.924428900898052,63,52,54.0,3.3878201721755765,1.7731921688003611,3.625,4,0.051931666666666675,0.04808415385897244,0.104275,0.009722,0.041798,,0.9062468134503082,0.03489555555555556,53.333333333333336,1.1547005383792517,54.0,52.0,54.0,,-1.7320508075688956,0.8888888888888881,3.0,0.07789750000000001,0.03730341824149632,0.104275,0.05152,0.07789750000000001,,,0.0263775
Smart Socket,Socket,./Data\Physical_Interaction\Topology_B\4-Group_dataset\physicalInteraction6_group.csv,64.5,2.1213203435596424,66.0,63.0,64.5,,,1.5,2.0,0.056618,,0.056618,0.056618,0.056618,,,0.0,58.0,11.357816691600547,66,45,63.0,,-1.5970969928697365,8.666666666666666,3,0.028309,0.010989853593201322,0.03608,0.020538,0.028309,,,0.007771,,,,,,,,,,,,,,,,,
Smart Socket,Socket,./Data\Physical_Interaction\Topology_B\4-Group_dataset\physicalInteraction6_group.csv,64.5,2.1213203435596424,66.0,63.0,64.5,,,1.5,2.0,0.056618,,0.056618,0.056618,0.056618,,,0.0,58.0,11.357816691600547,66,45,63.0,,-1.5970969928697365,8.666666666666666,3,0.028309,0.010989853593201322,0.03608,0.020538,0.028309,,,0.007771,,,,,,,,,,,,,,,,,
Smart Socket,Socket,./Data\Physical_Interaction\Topology_B\4-Group_dataset\physicalInteraction6_group.csv,64.5,2.1213203435596424,66.0,63.0,64.5,,,1.5,2.0,0.056618,,0.056618,0.056618,0.056618,,,0.0,58.0,11.357816691600547,66,45,63.0,,-1.5970969928697365,8.666666666666666,3,0.028309,0.010989853593201322,0.03608,0.020538,0.028309,,,0.007771,,,,,,,,,,,,,,,,,
Smart Socket,Socket,./Data\Physical_Interaction\Topology_B\4-Group_dataset\physicalInteraction6_group.csv,,,,,,,,,,,,,,,,,,51.75,8.616843969807043,63,45,49.5,-1.2892561983471076,0.8545630383279712,6.75,4,0.044725666666666664,0.034161272024521176,0.081983,0.014876,0.037318,,0.9299146665522493,0.024838222222222223,48.0,5.196152422706632,54.0,45.0,45.0,,1.7320508075688774,4.0,3.0,0.0484295,0.04745181476508564,0.081983,0.014876,0.0484295,,,0.0335535
Smart Socket,Socket,./Data\Physical_Interaction\Topology_B\4-Group_dataset\physicalInteraction6_group.csv,,,,,,,,,,,,,,,,,,51.75,8.616843969807043,63,45,49.5,-1.2892561983471076,0.8545630383279712,6.75,4,0.044725666666666664,0.034161272024521176,0.081983,0.014876,0.037318,,0.9299146665522493,0.024838222222222223,48.0,5.196152422706632,54.0,45.0,45.0,,1.7320508075688774,4.0,3.0,0.0484295,0.04745181476508564,0.081983,0.014876,0.0484295,,,0.0335535
Smart Socket,Socket,./Data\Physical_Interaction\Topology_B\4-Group_dataset\physicalInteraction6_group.csv,,,,,,,,,,,,,,,,,,51.75,8.616843969807043,63,45,49.5,-1.2892561983471076,0.8545630383279712,6.75,4,0.044725666666666664,0.034161272024521176,0.081983,0.014876,0.037318,,0.9299146665522493,0.024838222222222223,48.0,5.196152422706632,54.0,45.0,45.0,,1.7320508075688774,4.0,3.0,0.0484295,0.04745181476508564,0.081983,0.014876,0.0484295,,,0.0335535
Smart Socket,Socket,./Data\Physical_Interaction\Topology_B\4-Group_dataset\physicalInteraction6_group.csv,,,,,,,,,,,,,,,,,,48.5,4.949747468305833,52,45,48.5,,,3.5,2,0.05218,,0.05218,0.05218,0.05218,,,0.0,48.5,4.949747468305833,52.0,45.0,48.5,,,3.5,2.0,0.05218,,0.05218,0.05218,0.05218,,,0.0
Smart Socket,Socket,./Data\Physical_Interaction\Topology_B\4-Group_dataset\physicalInteraction6_group.csv,,,,,,,,,,,,,,,,,,48.5,4.949747468305833,52,45,48.5,,,3.5,2,0.05218,,0.05218,0.05218,0.05218,,,0.0,48.5,4.949747468305833,52.0,45.0,48.5,,,3.5,2.0,0.05218,,0.05218,0.05218,0.05218,,,0.0
Smart Socket,Socket,./Data\Physical_Interaction\Topology_B\4-Group_dataset\physicalInteraction6_group.csv,,,,,,,,,,,,,,,,,,48.5,4.949747468305833,52,45,48.5,,,3.5,2,0.05218,,0.05218,0.05218,0.05218,,,0.0,48.5,4.949747468305833,52.0,45.0,48.5,,,3.5,2.0,0.05218,,0.05218,0.05218,0.05218,,,0.0
Smart Socket,Socket,./Data\Physical_Interaction\Topology_B\4-Group_dataset\physicalInteraction6_group.csv,,,,,,,,,,,,,,,,,,48.0,5.196152422706632,54,45,45.0,,1.7320508075688774,4.0,3,0.0600455,0.05545484931455499,0.099258,0.020833,0.0600455,,,0.0392125,48.0,5.196152422706632,54.0,45.0,45.0,,1.7320508075688774,4.0,3.0,0.0600455,0.05545484931455499,0.099258,0.020833,0.0600455,,,0.0392125
Smart Socket,Socket,./Data\Physical_Interaction\Topology_B\4-Group_dataset\physicalInteraction6_group.csv,,,,,,,,,,,,,,,,,,48.0,5.196152422706632,54,45,45.0,,1.7320508075688774,4.0,3,0.0600455,0.05545484931455499,0.099258,0.020833,0.0600455,,,0.0392125,48.0,5.196152422706632,54.0,45.0,45.0,,1.7320508075688774,4.0,3.0,0.0600455,0.05545484931455499,0.099258,0.020833,0.0600455,,,0.0392125
Smart Socket,Socket,./Data\Physical_Interaction\Topology_B\4-Group_dataset\physicalInteraction6_group.csv,,,,,,,,,,,,,,,,,,48.0,5.196152422706632,54,45,45.0,,1.7320508075688774,4.0,3,0.0600455,0.05545484931455499,0.099258,0.020833,0.0600455,,,0.0392125,48.0,5.196152422706632,54.0,45.0,45.0,,1.7320508075688774,4.0,3.0,0.0600455,0.05545484931455499,0.099258,0.020833,0.0600455,,,0.0392125
Smart Socket,Socket,./Data\Physical_Interaction\Topology_B\4-Group_dataset\physicalInteraction6_group.csv,,,,,,,,,,,,,,,,,,57.5,7.7781745930520225,63,52,57.5,,,5.5,2,0.009683,,0.009683,0.009683,0.009683,,,0.0,,,,,,,,,,,,,,,,,
Smart Socket,Socket,./Data\Physical_Interaction\Topology_B\4-Group_dataset\physicalInteraction6_group.csv,,,,,,,,,,,,,,,,,,57.5,7.7781745930520225,63,52,57.5,,,5.5,2,0.009683,,0.009683,0.009683,0.009683,,,0.0,,,,,,,,,,,,,,,,,
Smart Socket,Socket,./Data\Physical_Interaction\Topology_B\4-Group_dataset\physicalInteraction6_group.csv,,,,,,,,,,,,,,,,,,57.5,7.7781745930520225,63,52,57.5,,,5.5,2,0.009683,,0.009683,0.009683,0.009683,,,0.0,,,,,,,,,,,,,,,,,
Sonoff Motion 1,Motion,./Data\Physical_Interaction\Topology_B\4-Group_dataset\physicalInteraction6_group.csv,54.0,0.0,54.0,54.0,54.0,,,0.0,2.0,0.00412,,0.00412,0.00412,0.00412,,,0.0,54.0,0.0,54,54,54.0,,,0.0,2,0.00412,,0.00412,0.00412,0.00412,,,0.0,,,,,,,,,,,,,,,,,
Sonoff Motion 1,Motion,./Data\Physical_Interaction\Topology_B\4-Group_dataset\physicalInteraction6_group.csv,54.0,0.0,54.0,54.0,54.0,,,0.0,2.0,0.00412,,0.00412,0.00412,0.00412,,,0.0,54.0,0.0,54,54,54.0,,,0.0,2,0.00412,,0.00412,0.00412,0.00412,,,0.0,,,,,,,,,,,,,,,,,
Sonoff Motion 1,Motion,./Data\Physical_Interaction\Topology_B\4-Group_dataset\physicalInteraction6_group.csv,54.0,0.0,54.0,54.0,54.0,,,0.0,2.0,0.00412,,0.00412,0.00412,0.00412,,,0.0,54.0,0.0,54,54,54.0,,,0.0,2,0.00412,,0.00412,0.00412,0.00412,,,0.0,,,,,,,,,,,,,,,,,
Sonoff Motion 1,Motion,./Data\Physical_Interaction\Topology_B\4-Group_dataset\physicalInteraction6_group.csv,54.0,0.0,54.0,54.0,54.0,,0.0,0.0,3.0,0.011663,0.007375123727775691,0.016878,0.006448,0.011663,,,0.005215000000000001,54.0,0.0,54,54,54.0,,0.0,0.0,3,0.011663,0.007375123727775691,0.016878,0.006448,0.011663,,,0.005215000000000001,,,,,,,,,,,,,,,,,
Sonoff Motion 1,Motion,./Data\Physical_Interaction\Topology_B\4-Group_dataset\physicalInteraction6_group.csv,54.0,0.0,54.0,54.0,54.0,,0.0,0.0,3.0,0.011663,0.007375123727775691,0.016878,0.006448,0.011663,,,0.005215000000000001,54.0,0.0,54,54,54.0,,0.0,0.0,3,0.011663,0.007375123727775691,0.016878,0.006448,0.011663,,,0.005215000000000001,,,,,,,,,,,,,,,,,
Sonoff Motion 1,Motion,./Data\Physical_Interaction\Topology_B\4-Group_dataset\physicalInteraction6_group.csv,54.0,0.0,54.0,54.0,54.0,,0.0,0.0,3.0,0.011663,0.007375123727775691,0.016878,0.006448,0.011663,,,0.005215000000000001,54.0,0.0,54,54,54.0,,0.0,0.0,3,0.011663,0.007375123727775691,0.016878,0.006448,0.011663,,,0.005215000000000001,,,,,,,,,,,,,,,,,
Unknown,Unknown,./Data\Physical_Interaction\Topology_B\4-Group_dataset\physicalInteraction6_group.csv,41.92857142857143,28.74413461430479,71.0,5.0,59.0,-1.8187863805774294,-0.6246963228389542,26.37755102040816,14.0,0.09339646153846154,0.12335441679405956,0.323545,0.007223,0.014486,-0.1950982781023587,1.1839669333905318,0.10137171597633136,38.31818181818182,26.5659760266978,71,5,48.5,-1.758724858722875,-0.4245656049967576,24.231404958677683,22,0.05791595238095238,0.10613269805223845,0.323545,0.001792,0.007346,2.322266971442476,1.899447788590048,0.07954487981859411,32.0,22.608468704068773,54.0,5.0,45.0,-2.1779743048084987,-0.5572786730860336,20.25,8.0,0.012806,0.006619148535373212,0.026762,0.007383,0.01153,4.1877391033240094,1.9451906217285722,0.004467714285714286
Unknown,Unknown,./Data\Physical_Interaction\Topology_B\4-Group_dataset\physicalInteraction6_group.csv,59.0,0.0,59.0,59.0,59.0,0.0,0.0,0.0,4.0,0.8932859999999999,0.9865982945895458,2.032503,0.319848,0.327507,,1.7319333789801017,0.7594780000000001,59.0,0.0,59,59,59.0,0.0,0.0,0.0,4,0.8932859999999999,0.9865982945895458,2.032503,0.319848,0.327507,,1.7319333789801017,0.7594780000000001,,,,,,,,,,,,,,,,,
Unknown,Unknown,./Data\Physical_Interaction\Topology_B\4-Group_dataset\physicalInteraction6_group.csv,59.0,0.0,59.0,59.0,59.0,0.0,0.0,0.0,4.0,0.32210066666666665,0.004703645430231036,0.327507,0.318947,0.319848,,1.660826723675281,0.0036042222222222122,59.0,0.0,59,59,59.0,0.0,0.0,0.0,4,0.32210066666666665,0.004703645430231036,0.327507,0.318947,0.319848,,1.660826723675281,0.0036042222222222122,,,,,,,,,,,,,,,,,
Unknown,Unknown,./Data\Physical_Interaction\Topology_B\4-Group_dataset\physicalInteraction6_group.csv,59.0,0.0,59.0,59.0,59.0,0.0,0.0,0.0,4.0,0.32210066666666665,0.004703645430231036,0.327507,0.318947,0.319848,,1.660826723675281,0.0036042222222222122,59.0,0.0,59,59,59.0,0.0,0.0,0.0,4,0.32210066666666665,0.004703645430231036,0.327507,0.318947,0.319848,,1.660826723675281,0.0036042222222222122,,,,,,,,,,,,,,,,,
Unknown,Unknown,./Data\Physical_Interaction\Topology_B\4-Group_dataset\physicalInteraction6_group.csv,53.0,8.48528137423857,59.0,47.0,53.0,,,6.0,2.0,2.737795,,2.737795,2.737795,2.737795,,,0.0,53.0,8.48528137423857,59,47,53.0,,,6.0,2,2.737795,,2.737795,2.737795,2.737795,,,0.0,,,,,,,,,,,,,,,,,
Unknown,Unknown,./Data\Physical_Interaction\Topology_B\4-Group_dataset\physicalInteraction6_group.csv,59.0,0.0,59.0,59.0,59.0,,,0.0,2.0,0.328248,,0.328248,0.328248,0.328248,,,0.0,59.0,0.0,59,59,59.0,,,0.0,2,0.328248,,0.328248,0.328248,0.328248,,,0.0,,,,,,,,,,,,,,,,,
Unknown,Unknown,./Data\Physical_Interaction\Topology_B\4-Group_dataset\physicalInteraction6_group.csv,59.0,0.0,59.0,59.0,59.0,,0.0,0.0,3.0,0.4831535,0.21906945898618552,0.638059,0.328248,0.4831535,,,0.15490550000000003,59.0,0.0,59,59,59.0,,0.0,0.0,3,0.4831535,0.21906945898618552,0.638059,0.328248,0.4831535,,,0.15490550000000003,,,,,,,,,,,,,,,,,
Unknown,Unknown,./Data\Physical_Interaction\Topology_B\4-Group_dataset\physicalInteraction6_group.csv,59.0,0.0,59.0,59.0,59.0,,0.0,0.0,3.0,0.4831535,0.21906945898618552,0.638059,0.328248,0.4831535,,,0.15490550000000003,59.0,0.0,59,59,59.0,,0.0,0.0,3,0.4831535,0.21906945898618552,0.638059,0.328248,0.4831535,,,0.15490550000000003,,,,,,,,,,,,,,,,,
Unknown,Unknown,./Data\Physical_Interaction\Topology_B\4-Group_dataset\physicalInteraction6_group.csv,59.25,9.394147114027968,71.0,48.0,59.0,1.5141442431927068,0.1595231106363359,5.875,4.0,0.8934596666666668,1.2723473692653016,2.360212,0.086967,0.2332,,1.7063471996142594,0.9778348888888889,59.25,9.394147114027968,71,48,59.0,1.5141442431927068,0.1595231106363359,5.875,4,0.8934596666666668,1.2723473692653016,2.360212,0.086967,0.2332,,1.7063471996142594,0.9778348888888889,,,,,,,,,,,,,,,,,
Unknown,Unknown,./Data\Physical_Interaction\Topology_B\4-Group_dataset\physicalInteraction6_group.csv,59.25,9.394147114027968,71.0,48.0,59.0,1.5141442431927068,0.1595231106363359,5.875,4.0,0.21303233333333335,0.11728921274496361,0.31893,0.086967,0.2332,,-0.7508894838979647,0.08404355555555554,59.25,9.394147114027968,71,48,59.0,1.5141442431927068,0.1595231106363359,5.875,4,0.21303233333333335,0.11728921274496361,0.31893,0.086967,0.2332,,-0.7508894838979647,0.08404355555555554,,,,,,,,,,,,,,,,,
Unknown,Unknown,./Data\Physical_Interaction\Topology_B\4-Group_dataset\physicalInteraction6_group.csv,59.25,9.394147114027968,71.0,48.0,59.0,1.5141442431927068,0.1595231106363359,5.875,4.0,0.21303233333333335,0.11728921274496361,0.31893,0.086967,0.2332,,-0.7508894838979647,0.08404355555555554,59.25,9.394147114027968,71,48,59.0,1.5141442431927068,0.1595231106363359,5.875,4,0.21303233333333335,0.11728921274496361,0.31893,0.086967,0.2332,,-0.7508894838979647,0.08404355555555554,,,,,,,,,,,,,,,,,
Unknown,Unknown,./Data\Physical_Interaction\Topology_B\4-Group_dataset\physicalInteraction6_group.csv,32.0,38.18376618407357,59.0,5.0,32.0,,,27.0,2.0,2.102844,,2.102844,2.102844,2.102844,,,0.0,39.333333333333336,29.838453936712828,59,5,54.0,,-1.6774968468046794,22.888888888888886,3,1.051422,1.483992273754146,2.100763,0.002081,1.051422,,,1.049341,,,,,,,,,,,,,,,,,
Unknown,Unknown,./Data\Physical_Interaction\Topology_B\4-Group_dataset\physicalInteraction6_group.csv,31.428571428571427,33.04470276689413,71.0,5.0,5.0,-2.7286471834994073,0.3939074320528101,30.204081632653054,7.0,0.13598866666666667,0.2956842668216669,0.739056,0.007153,0.0117255,5.9650496913900355,2.440584841793608,0.20102244444444448,32.76923076923077,27.72830637379381,71,5,45.0,-2.0278894508225296,0.055714524837200734,25.633136094674555,13,0.06816775000000001,0.21146959838199184,0.739056,0.001786,0.004824,11.94232668958658,3.452862777413015,0.11181470833333336,34.333333333333336,23.01014269114094,54.0,5.0,45.0,-1.8711620911137343,-0.8601639658962164,19.555555555555554,6.0,0.015433000000000002,0.01071526460242583,0.034461,0.008568,0.011557,4.724894405344955,2.152755831912298,0.007611200000000001
Unknown,Unknown,./Data\Physical_Interaction\Topology_B\4-Group_dataset\physicalInteraction6_group.csv,31.428571428571427,33.04470276689413,71.0,5.0,5.0,-2.7286471834994073,0.3939074320528101,30.204081632653054,7.0,0.13598866666666667,0.2956842668216669,0.739056,0.007153,0.0117255,5.9650496913900355,2.440584841793608,0.20102244444444448,32.76923076923077,27.72830637379381,71,5,45.0,-2.0278894508225296,0.055714524837200734,25.633136094674555,13,0.06816775000000001,0.21146959838199184,0.739056,0.001786,0.004824,11.94232668958658,3.452862777413015,0.11181470833333336,34.333333333333336,23.01014269114094,54.0,5.0,45.0,-1.8711620911137343,-0.8601639658962164,19.555555555555554,6.0,0.015433000000000002,0.01071526460242583,0.034461,0.008568,0.011557,4.724894405344955,2.152755831912298,0.007611200000000001
Unknown,Unknown,./Data\Physical_Interaction\Topology_B\4-Group_dataset\physicalInteraction6_group.csv,35.833333333333336,33.87280128165763,71.0,5.0,34.0,-3.2650061597760938,0.02356991055936476,30.833333333333332,6.0,0.1617242,0.32298467376595447,0.739056,0.007153,0.012753,4.9689728393503145,2.2276528418428887,0.23093272000000004,33.36363636363637,28.28523546754641,71,5,45.0,-2.0741542250088894,0.05204148638855125,25.785123966942148,11,0.0808621,0.23147614076062642,0.739056,0.001786,0.004824,9.94971364381853,3.151714586950839,0.13163878,30.4,23.36236289419373,52.0,5.0,45.0,-3.2122167869473577,-0.5382561657353483,20.32,5.0,0.0163195,0.01215935767217989,0.034461,0.008568,0.011124499999999999,3.7988235582248215,1.9352338276518593,0.00907075
Unknown,Unknown,./Data\Physical_Interaction\Topology_B\4-Group_dataset\physicalInteraction6_group.csv,58.333333333333336,1.1547005383792517,59.0,57.0,59.0,,-1.7320508075688956,0.8888888888888881,3.0,1.048139,1.0286947026295021,1.775536,0.320742,1.048139,,,0.727397,58.333333333333336,1.1547005383792517,59,57,59.0,,-1.7320508075688956,0.8888888888888881,3,1.048139,1.0286947026295021,1.775536,0.320742,1.048139,,,0.727397,,,,,,,,,,,,,,,,,
Unknown,Unknown,./Data\Physical_Interaction\Topology_B\4-Group_dataset\physicalInteraction6_group.csv,55.0,6.928203230275509,59.0,47.0,59.0,,-1.7320508075688774,5.333333333333333,3.0,0.43891800000000003,0.16712610194700284,0.557094,0.320742,0.43891800000000003,,,0.11817599999999998,55.0,6.928203230275509,59,47,59.0,,-1.7320508075688774,5.333333333333333,3,0.43891800000000003,0.16712610194700284,0.557094,0.320742,0.43891800000000003,,,0.11817599999999998,,,,,,,,,,,,,,,,,
Unknown,Unknown,./Data\Physical_Interaction\Topology_B\4-Group_dataset\physicalInteraction6_group.csv,55.0,6.928203230275509,59.0,47.0,59.0,,-1.7320508075688774,5.333333333333333,3.0,0.43891800000000003,0.16712610194700284,0.557094,0.320742,0.43891800000000003,,,0.11817599999999998,55.0,6.928203230275509,59,47,59.0,,-1.7320508075688774,5.333333333333333,3,0.43891800000000003,0.16712610194700284,0.557094,0.320742,0.43891800000000003,,,0.11817599999999998,,,,,,,,,,,,,,,,,
Unknown,Unknown,./Data\Physical_Interaction\Topology_B\4-Group_dataset\physicalInteraction6_group.csv,52.666666666666664,6.027713773341708,59.0,47.0,52.0,,0.49161304994261057,4.222222222222221,3.0,1.3812259999999998,1.500139764209322,2.441985,0.320467,1.3812259999999998,,,1.060759,52.666666666666664,6.027713773341708,59,47,52.0,,0.49161304994261057,4.222222222222221,3,1.3812259999999998,1.500139764209322,2.441985,0.320467,1.3812259999999998,,,1.060759,55.5,4.949747468305833,59.0,52.0,55.5,,,3.5,2.0,0.320467,,0.320467,0.320467,0.320467,,,0.0
Unknown,Unknown,./Data\Physical_Interaction\Topology_B\4-Group_dataset\physicalInteraction6_group.csv,55.5,4.949747468305833,59.0,52.0,55.5,,,3.5,2.0,0.320467,,0.320467,0.320467,0.320467,,,0.0,55.5,4.949747468305833,59,52,55.5,,,3.5,2,0.320467,,0.320467,0.320467,0.320467,,,0.0,55.5,4.949747468305833,59.0,52.0,55.5,,,3.5,2.0,0.320467,,0.320467,0.320467,0.320467,,,0.0
Unknown,Unknown,./Data\Physical_Interaction\Topology_B\4-Group_dataset\physicalInteraction6_group.csv,55.5,4.949747468305833,59.0,52.0,55.5,,,3.5,2.0,0.320467,,0.320467,0.320467,0.320467,,,0.0,55.5,4.949747468305833,59,52,55.5,,,3.5,2,0.320467,,0.320467,0.320467,0.320467,,,0.0,55.5,4.949747468305833,59.0,52.0,55.5,,,3.5,2.0,0.320467,,0.320467,0.320467,0.320467,,,0.0
Unknown,Unknown,./Data\Physical_Interaction\Topology_B\4-Group_dataset\physicalInteraction6_group.csv,59.0,0.0,59.0,59.0,59.0,,0.0,0.0,3.0,0.3219915,0.003925149742366506,0.324767,0.319216,0.3219915,,,0.0027754999999999863,59.0,0.0,59,59,59.0,,0.0,0.0,3,0.3219915,0.003925149742366506,0.324767,0.319216,0.3219915,,,0.0027754999999999863,,,,,,,,,,,,,,,,,
Unknown,Unknown,./Data\Physical_Interaction\Topology_B\4-Group_dataset\physicalInteraction6_group.csv,49.42857142857143,20.29661008524283,60.0,5.0,59.0,5.441977086497063,-2.3189084587917175,13.959183673469386,7.0,0.22626783333333333,0.15295563028985454,0.331971,0.004792,0.3204825,-1.5936151766463684,-1.0116741486395615,0.13087722222222223,40.6,25.034198831021357,60,5,54.5,-1.323634157416547,-0.9048936278660095,21.36,10,0.15104777777777778,0.16522048888892216,0.331971,0.001823,0.050856,-2.5336934201737074,0.2434584930831477,0.15411375308641972,20.0,25.98076211353316,50.0,5.0,5.0,,1.7320508075688774,20.0,3.0,0.029712,0.029902131562816722,0.050856,0.008568,0.029712,,,0.021144
Unknown,Unknown,./Data\Physical_Interaction\Topology_B\4-Group_dataset\physicalInteraction6_group.csv,49.42857142857143,20.29661008524283,60.0,5.0,59.0,5.441977086497063,-2.3189084587917175,13.959183673469386,7.0,0.22626783333333333,0.15295563028985454,0.331971,0.004792,0.3204825,-1.5936151766463684,-1.0116741486395615,0.13087722222222223,40.6,25.034198831021357,60,5,54.5,-1.323634157416547,-0.9048936278660095,21.36,10,0.15104777777777778,0.16522048888892216,0.331971,0.001823,0.050856,-2.5336934201737074,0.2434584930831477,0.15411375308641972,20.0,25.98076211353316,50.0,5.0,5.0,,1.7320508075688774,20.0,3.0,0.029712,0.029902131562816722,0.050856,0.008568,0.029712,,,0.021144
Unknown,Unknown,./Data\Physical_Interaction\Topology_B\4-Group_dataset\physicalInteraction6_group.csv,49.42857142857143,20.29661008524283,60.0,5.0,59.0,5.441977086497069,-2.318908458791719,13.959183673469386,7.0,0.4464876666666668,0.6053420683860214,1.646093,0.004792,0.32047899999999996,4.8698933765381405,2.129650038118271,0.3998684444444445,40.6,25.034198831021357,60,5,54.5,-1.323634157416547,-0.9048936278660094,21.360000000000003,10,0.2976584444444444,0.5273116585035625,1.64427,0.001823,0.050856,6.938389543398243,2.5476710033951875,0.3170144938271605,20.0,25.98076211353316,50.0,5.0,5.0,,1.7320508075688774,20.0,3.0,0.029712,0.029902131562816722,0.050856,0.008568,0.029712,,,0.021144
Unknown,Unknown,./Data\Physical_Interaction\Topology_B\4-Group_dataset\physicalInteraction6_group.csv,59.0,0.0,59.0,59.0,59.0,,0.0,0.0,3.0,0.32047899999999996,0.0013166328265693337,0.32141,0.319548,0.32047899999999996,,,0.0009309999999999874,59.0,0.0,59,59,59.0,,0.0,0.0,3,0.32047899999999996,0.0013166328265693337,0.32141,0.319548,0.32047899999999996,,,0.0009309999999999874,,,,,,,,,,,,,,,,,
Unknown,Unknown,./Data\Physical_Interaction\Topology_B\4-Group_dataset\physicalInteraction6_group.csv,59.0,0.0,59.0,59.0,59.0,,0.0,0.0,3.0,0.32047899999999996,0.0013166328265693337,0.32141,0.319548,0.32047899999999996,,,0.0009309999999999874,59.0,0.0,59,59,59.0,,0.0,0.0,3,0.32047899999999996,0.0013166328265693337,0.32141,0.319548,0.32047899999999996,,,0.0009309999999999874,,,,,,,,,,,,,,,,,
Unknown,Unknown,./Data\Physical_Interaction\Topology_B\4-Group_dataset\physicalInteraction6_group.csv,54.25,33.95269818859341,106.0,5.0,61.0,0.013151008682582344,-0.45318056703677256,24.625,8.0,0.12300514285714284,0.16492684777341798,0.454332,0.003433,0.042461,2.5728011329856413,1.7190416814210987,0.12426563265306122,44.5,32.961409943364764,106,5,52.0,-0.7019142938426346,0.08245088024137681,26.333333333333332,12,0.078276,0.1418979258248689,0.454332,0.000939,0.009794,5.186460130937321,2.298232628044427,0.09783563636363636,41.2,41.37873850179582,106.0,5.0,45.0,0.9825746563470137,1.0429016335397998,28.96,5.0,0.02157975,0.016783732349609646,0.038281,0.003338,0.022350000000000002,-4.413023632329878,-0.12326465891096822,0.01412325
Unknown,Unknown,./Data\Physical_Interaction\Topology_B\4-Group_dataset\physicalInteraction6_group.csv,54.77777777777778,31.799283709612777,106.0,5.0,59.0,0.4722784820353745,-0.5289202443486186,22.123456790123456,9.0,0.147616375,0.1678115884657872,0.454332,0.003433,0.06722249999999999,-0.20324962976728767,1.0483615673315796,0.13949646875,45.61538461538461,31.813357942690423,106,5,59.0,-0.5681008969847894,-0.03224728443846294,25.183431952662712,13,0.09841091666666667,0.15221545025657088,0.454332,0.000939,0.0202125,1.6184190911054417,1.6189070916363884,0.117600375,41.2,41.37873850179582,106.0,5.0,45.0,0.9825746563470137,1.0429016335397998,28.96,5.0,0.02157975,0.016783732349609646,0.038281,0.003338,0.022350000000000002,-4.413023632329878,-0.12326465891096822,0.01412325
Unknown,Unknown,./Data\Physical_Interaction\Topology_B\4-Group_dataset\physicalInteraction6_group.csv,54.77777777777778,31.799283709612777,106.0,5.0,59.0,0.4722784820353745,-0.5289202443486186,22.123456790123456,9.0,0.147616375,0.1678115884657872,0.454332,0.003433,0.06722249999999999,-0.20324962976728767,1.0483615673315796,0.13949646875,45.61538461538461,31.813357942690423,106,5,59.0,-0.5681008969847894,-0.03224728443846294,25.183431952662712,13,0.09841091666666667,0.15221545025657088,0.454332,0.000939,0.0202125,1.6184190911054417,1.6189070916363884,0.117600375,41.2,41.37873850179582,106.0,5.0,45.0,0.9825746563470137,1.0429016335397998,28.96,5.0,0.02157975,0.016783732349609646,0.038281,0.003338,0.022350000000000002,-4.413023632329878,-0.12326465891096822,0.01412325
Unknown,Unknown,./Data\Physical_Interaction\Topology_B\4-Group_dataset\physicalInteraction6_group.csv,59.0,0.0,59.0,59.0,59.0,,0.0,0.0,3.0,1.340089,0.983355015819821,2.035426,0.644752,1.340089,,,0.6953370000000001,59.0,0.0,59,59,59.0,,0.0,0.0,3,1.340089,0.983355015819821,2.035426,0.644752,1.340089,,,0.6953370000000001,,,,,,,,,,,,,,,,,
Unknown,Unknown,./Data\Physical_Interaction\Topology_B\4-Group_dataset\physicalInteraction6_group.csv,59.0,0.0,59.0,59.0,59.0,,0.0,0.0,3.0,0.481331,0.23111219457657353,0.644752,0.31791,0.481331,,,0.16342099999999998,59.0,0.0,59,59,59.0,,0.0,0.0,3,0.481331,0.23111219457657353,0.644752,0.31791,0.481331,,,0.16342099999999998,,,,,,,,,,,,,,,,,
Unknown,Unknown,./Data\Physical_Interaction\Topology_B\4-Group_dataset\physicalInteraction6_group.csv,59.0,0.0,59.0,59.0,59.0,,0.0,0.0,3.0,0.481331,0.23111219457657353,0.644752,0.31791,0.481331,,,0.16342099999999998,59.0,0.0,59,59,59.0,,0.0,0.0,3,0.481331,0.23111219457657353,0.644752,0.31791,0.481331,,,0.16342099999999998,,,,,,,,,,,,,,,,,
Unknown,Unknown,./Data\Physical_Interaction\Topology_B\4-Group_dataset\physicalInteraction6_group.csv,59.0,0.0,59.0,59.0,59.0,,0.0,0.0,3.0,0.324464,0.0064629559800450315,0.329034,0.319894,0.324464,,,0.004569999999999991,59.0,0.0,59,59,59.0,,0.0,0.0,3,0.324464,0.0064629559800450315,0.329034,0.319894,0.324464,,,0.004569999999999991,,,,,,,,,,,,,,,,,
Unknown,Unknown,./Data\Physical_Interaction\Topology_B\4-Group_dataset\physicalInteraction6_group.csv,59.0,0.0,59.0,59.0,59.0,0.0,0.0,0.0,4.0,0.32281866666666664,0.005385746497314307,0.329034,0.319528,0.319894,,1.723056360362653,0.004143555555555549,59.0,0.0,59,59,59.0,0.0,0.0,0.0,4,0.32281866666666664,0.005385746497314307,0.329034,0.319528,0.319894,,1.723056360362653,0.004143555555555549,,,,,,,,,,,,,,,,,
Unknown,Unknown,./Data\Physical_Interaction\Topology_B\4-Group_dataset\physicalInteraction6_group.csv,59.0,0.0,59.0,59.0,59.0,0.0,0.0,0.0,4.0,0.32281866666666664,0.005385746497314307,0.329034,0.319528,0.319894,,1.723056360362653,0.004143555555555549,59.0,0.0,59,59,59.0,0.0,0.0,0.0,4,0.32281866666666664,0.005385746497314307,0.329034,0.319528,0.319894,,1.723056360362653,0.004143555555555549,,,,,,,,,,,,,,,,,
Unknown,Unknown,./Data\Physical_Interaction\Topology_B\4-Group_dataset\physicalInteraction6_group.csv,63.0,6.928203230275509,71.0,59.0,59.0,,1.7320508075688774,5.333333333333333,3.0,1.3393294999999998,1.8881412758616605,2.674447,0.004212,1.3393294999999998,,,1.3351175,63.0,6.928203230275509,71,59,59.0,,1.7320508075688774,5.333333333333333,3,1.3393294999999998,1.8881412758616605,2.674447,0.004212,1.3393294999999998,,,1.3351175,,,,,,,,,,,,,,,,,
Unknown,Unknown,./Data\Physical_Interaction\Topology_B\4-Group_dataset\physicalInteraction6_group.csv,63.0,6.928203230275509,71.0,59.0,59.0,,1.7320508075688774,5.333333333333333,3.0,0.1623755,0.22367696677239704,0.320539,0.004212,0.1623755,,,0.1581635,63.0,6.928203230275509,71,59,59.0,,1.7320508075688774,5.333333333333333,3,0.1623755,0.22367696677239704,0.320539,0.004212,0.1623755,,,0.1581635,,,,,,,,,,,,,,,,,
Unknown,Unknown,./Data\Physical_Interaction\Topology_B\4-Group_dataset\physicalInteraction6_group.csv,63.0,6.928203230275509,71.0,59.0,59.0,,1.7320508075688774,5.333333333333333,3.0,0.1623755,0.22367696677239704,0.320539,0.004212,0.1623755,,,0.1581635,63.0,6.928203230275509,71,59,59.0,,1.7320508075688774,5.333333333333333,3,0.1623755,0.22367696677239704,0.320539,0.004212,0.1623755,,,0.1581635,,,,,,,,,,,,,,,,,
Unknown,Unknown,./Data\Physical_Interaction\Topology_B\4-Group_dataset\physicalInteraction6_group.csv,56.0,6.0,59.0,47.0,59.0,4.0,-1.9999999999999998,4.5,4.0,0.7797883333333333,0.7950127494300537,1.697788,0.319136,0.322441,,1.7320171326073024,0.6119997777777778,56.0,6.0,59,47,59.0,4.0,-1.9999999999999998,4.5,4,0.7797883333333333,0.7950127494300537,1.697788,0.319136,0.322441,,1.7320171326073024,0.6119997777777778,,,,,,,,,,,,,,,,,
Unknown,Unknown,./Data\Physical_Interaction\Topology_B\4-Group_dataset\physicalInteraction6_group.csv,59.0,0.0,59.0,59.0,59.0,0.0,0.0,0.0,4.0,0.3210153333333333,0.0016985630201241724,0.322441,0.319136,0.321469,,-1.116159352103197,0.001252888888888896,59.0,0.0,59,59,59.0,0.0,0.0,0.0,4,0.3210153333333333,0.0016985630201241724,0.322441,0.319136,0.321469,,-1.116159352103197,0.001252888888888896,,,,,,,,,,,,,,,,,
Unknown,Unknown,./Data\Physical_Interaction\Topology_B\4-Group_dataset\physicalInteraction6_group.csv,59.0,0.0,59.0,59.0,59.0,0.0,0.0,0.0,4.0,0.3210153333333333,0.0016985630201241724,0.322441,0.319136,0.321469,,-1.116159352103197,0.001252888888888896,59.0,0.0,59,59,59.0,0.0,0.0,0.0,4,0.3210153333333333,0.0016985630201241724,0.322441,0.319136,0.321469,,-1.116159352103197,0.001252888888888896,,,,,,,,,,,,,,,,,
Unknown,Unknown,./Data\Physical_Interaction\Topology_B\4-Group_dataset\physicalInteraction6_group.csv,59.0,0.0,59.0,59.0,59.0,,,0.0,2.0,2.677348,,2.677348,2.677348,2.677348,,,0.0,59.0,0.0,59,59,59.0,,,0.0,2,2.677348,,2.677348,2.677348,2.677348,,,0.0,,,,,,,,,,,,,,,,,
Unknown,Unknown,./Data\Physical_Interaction\Topology_B\4-Group_dataset\physicalInteraction6_group.csv,35.75,32.944758958856305,71.0,5.0,34.0,-2.7618309888527137,0.016472377695838522,30.75,8.0,0.12316157142857143,0.2812105544758572,0.760463,0.005057,0.017405,6.970117922447255,2.638406729528384,0.1820861224489796,33.13333333333333,28.157380830576113,71,5,45.0,-2.033878498587388,0.05618271416782909,26.25777777777778,15,0.0617295,0.20130405495161177,0.760463,0.001781,0.0025285,13.932205664649135,3.7291430397853067,0.09981907142857141,27.0,23.71858824996607,54.0,5.0,25.0,-2.658559758532521,0.06252422242954037,22.0,8.0,0.014567,0.009765459623933052,0.030878,0.002082,0.013276,-0.03316901213415946,0.4394259082969596,0.0074945714285714286
Unknown,Unknown,./Data\Physical_Interaction\Topology_B\4-Group_dataset\physicalInteraction6_group.csv,35.75,32.944758958856305,71.0,5.0,34.0,-2.7618309888527137,0.016472377695838522,30.75,8.0,0.12316157142857143,0.2812105544758572,0.760463,0.005057,0.017405,6.970117922447255,2.638406729528384,0.1820861224489796,33.13333333333333,28.157380830576113,71,5,45.0,-2.033878498587388,0.05618271416782909,26.25777777777778,15,0.0617295,0.20130405495161177,0.760463,0.001781,0.0025285,13.932205664649135,3.7291430397853067,0.09981907142857141,27.0,23.71858824996607,54.0,5.0,25.0,-2.658559758532521,0.06252422242954037,22.0,8.0,0.014567,0.009765459623933052,0.030878,0.002082,0.013276,-0.03316901213415946,0.4394259082969596,0.0074945714285714286
Unknown,Unknown,./Data\Physical_Interaction\Topology_B\4-Group_dataset\physicalInteraction6_group.csv,35.75,32.944758958856305,71.0,5.0,34.0,-2.7618309888527137,0.016472377695838522,30.75,8.0,0.12316157142857143,0.2812105544758572,0.760463,0.005057,0.017405,6.970117922447255,2.638406729528384,0.1820861224489796,33.13333333333333,28.157380830576113,71,5,45.0,-2.033878498587388,0.05618271416782909,26.25777777777778,15,0.0617295,0.20130405495161177,0.760463,0.001781,0.0025285,13.932205664649135,3.7291430397853067,0.09981907142857141,27.0,23.71858824996607,54.0,5.0,25.0,-2.658559758532521,0.06252422242954037,22.0,8.0,0.014567,0.009765459623933052,0.030878,0.002082,0.013276,-0.03316901213415946,0.4394259082969596,0.0074945714285714286
Unknown,Unknown,./Data\Physical_Interaction\Topology_B\4-Group_dataset\physicalInteraction6_group.csv,59.0,0.0,59.0,59.0,59.0,,,0.0,2.0,0.324702,,0.324702,0.324702,0.324702,,,0.0,59.0,0.0,59,59,59.0,,,0.0,2,0.324702,,0.324702,0.324702,0.324702,,,0.0,,,,,,,,,,,,,,,,,
Unknown,Unknown,./Data\Physical_Interaction\Topology_B\4-Group_dataset\physicalInteraction6_group.csv,55.0,6.928203230275509,59.0,47.0,59.0,,-1.7320508075688774,5.333333333333333,3.0,0.7058180000000001,0.5389794160373845,1.086934,0.324702,0.7058180000000001,,,0.381116,55.0,6.928203230275509,59,47,59.0,,-1.7320508075688774,5.333333333333333,3,0.7058180000000001,0.5389794160373845,1.086934,0.324702,0.7058180000000001,,,0.381116,,,,,,,,,,,,,,,,,
Unknown,Unknown,./Data\Physical_Interaction\Topology_B\4-Group_dataset\physicalInteraction6_group.csv,55.0,6.928203230275509,59.0,47.0,59.0,,-1.7320508075688774,5.333333333333333,3.0,0.7058180000000001,0.5389794160373845,1.086934,0.324702,0.7058180000000001,,,0.381116,55.0,6.928203230275509,59,47,59.0,,-1.7320508075688774,5.333333333333333,3,0.7058180000000001,0.5389794160373845,1.086934,0.324702,0.7058180000000001,,,0.381116,,,,,,,,,,,,,,,,,
Unknown,Unknown,./Data\Physical_Interaction\Topology_B\4-Group_dataset\physicalInteraction6_group.csv,55.0,6.928203230275509,59.0,47.0,59.0,,-1.7320508075688774,5.333333333333333,3.0,0.9562435,0.895261531699257,1.589289,0.323198,0.9562435,,,0.6330454999999999,55.0,6.928203230275509,59,47,59.0,,-1.7320508075688774,5.333333333333333,3,0.9562435,0.895261531699257,1.589289,0.323198,0.9562435,,,0.6330454999999999,,,,,,,,,,,,,,,,,
Unknown,Unknown,./Data\Physical_Interaction\Topology_B\4-Group_dataset\physicalInteraction6_group.csv,59.0,0.0,59.0,59.0,59.0,,0.0,0.0,3.0,0.49110149999999997,0.23745140686991095,0.659005,0.323198,0.49110149999999997,,,0.16790349999999998,59.0,0.0,59,59,59.0,,0.0,0.0,3,0.49110149999999997,0.23745140686991095,0.659005,0.323198,0.49110149999999997,,,0.16790349999999998,,,,,,,,,,,,,,,,,
Unknown,Unknown,./Data\Physical_Interaction\Topology_B\4-Group_dataset\physicalInteraction6_group.csv,59.0,0.0,59.0,59.0,59.0,,0.0,0.0,3.0,0.49110149999999997,0.23745140686991095,0.659005,0.323198,0.49110149999999997,,,0.16790349999999998,59.0,0.0,59,59,59.0,,0.0,0.0,3,0.49110149999999997,0.23745140686991095,0.659005,0.323198,0.49110149999999997,,,0.16790349999999998,,,,,,,,,,,,,,,,,
Unknown,Unknown,./Data\Physical_Interaction\Topology_B\4-Group_dataset\physicalInteraction6_group.csv,59.0,0.0,59.0,59.0,59.0,,0.0,0.0,3.0,0.32730400000000004,0.0027944859992492434,0.32928,0.325328,0.32730400000000004,,,0.0019760000000000055,59.0,0.0,59,59,59.0,,0.0,0.0,3,0.32730400000000004,0.0027944859992492434,0.32928,0.325328,0.32730400000000004,,,0.0019760000000000055,,,,,,,,,,,,,,,,,
Unknown,Unknown,./Data\Physical_Interaction\Topology_B\4-Group_dataset\physicalInteraction6_group.csv,59.0,0.0,59.0,59.0,59.0,0.0,0.0,0.0,4.0,0.32546533333333333,0.0037478875828035893,0.32928,0.321788,0.325328,,0.1646714844308444,0.002543111111111107,59.0,0.0,59,59,59.0,0.0,0.0,0.0,4,0.32546533333333333,0.0037478875828035893,0.32928,0.321788,0.325328,,0.1646714844308444,0.002543111111111107,,,,,,,,,,,,,,,,,
Unknown,Unknown,./Data\Physical_Interaction\Topology_B\4-Group_dataset\physicalInteraction6_group.csv,59.0,0.0,59.0,59.0,59.0,0.0,0.0,0.0,4.0,0.32546533333333333,0.0037478875828035893,0.32928,0.321788,0.325328,,0.1646714844308444,0.002543111111111107,59.0,0.0,59,59,59.0,0.0,0.0,0.0,4,0.32546533333333333,0.0037478875828035893,0.32928,0.321788,0.325328,,0.1646714844308444,0.002543111111111107,,,,,,,,,,,,,,,,,
Unknown,Unknown,./Data\Physical_Interaction\Topology_B\4-Group_dataset\physicalInteraction6_group.csv,59.0,0.0,59.0,59.0,59.0,0.0,0.0,0.0,4.0,0.892865,0.9811187870833991,2.025761,0.324401,0.328433,,1.7320178989050845,0.755264,59.0,0.0,59,59,59.0,0.0,0.0,0.0,4,0.892865,0.9811187870833991,2.025761,0.324401,0.328433,,1.7320178989050845,0.755264,,,,,,,,,,,,,,,,,
Unknown,Unknown,./Data\Physical_Interaction\Topology_B\4-Group_dataset\physicalInteraction6_group.csv,56.0,6.0,59.0,47.0,59.0,4.0,-1.9999999999999998,4.5,4.0,0.5200976666666667,0.3354708127055666,0.907459,0.324401,0.328433,,1.731769333636858,0.2582408888888889,56.0,6.0,59,47,59.0,4.0,-1.9999999999999998,4.5,4,0.5200976666666667,0.3354708127055666,0.907459,0.324401,0.328433,,1.731769333636858,0.2582408888888889,,,,,,,,,,,,,,,,,
Unknown,Unknown,./Data\Physical_Interaction\Topology_B\4-Group_dataset\physicalInteraction6_group.csv,56.0,6.0,59.0,47.0,59.0,4.0,-1.9999999999999998,4.5,4.0,0.5200976666666667,0.3354708127055666,0.907459,0.324401,0.328433,,1.731769333636858,0.2582408888888889,56.0,6.0,59,47,59.0,4.0,-1.9999999999999998,4.5,4,0.5200976666666667,0.3354708127055666,0.907459,0.324401,0.328433,,1.731769333636858,0.2582408888888889,,,,,,,,,,,,,,,,,
Unknown,Unknown,./Data\Physical_Interaction\Topology_B\4-Group_dataset\physicalInteraction6_group.csv,46.2,28.64262557797382,71.0,5.0,61.0,-1.2448847543137438,-0.9773015837970416,24.72,10.0,0.09764088888888889,0.1863535852388172,0.566359,0.005049,0.011442,6.254131177625766,2.4702953226629365,0.12534316049382713,42.88235294117647,25.958819197291064,71,5,54.0,-1.2503524954310397,-0.7934601872535754,22.283737024221455,17,0.05618574999999999,0.14451687126445362,0.566359,0.001788,0.005457999999999999,11.866006652048597,3.3722924311007745,0.08286296874999999,41.25,22.901964981197573,63.0,5.0,52.0,-0.21756910175732092,-1.2415715144580843,18.125,8.0,0.009389,0.005104239120574192,0.018124,0.001985,0.008429,0.8678153396443662,0.5381682574091208,0.003637142857142857
Unknown,Unknown,./Data\Physical_Interaction\Topology_B\4-Group_dataset\physicalInteraction6_group.csv,47.36363636363637,27.445483152142636,71.0,5.0,59.0,-0.8093215893953678,-1.12070951066559,23.10743801652892,11.0,0.119986,0.1893728330281593,0.566359,0.005049,0.0118155,2.8426888812982325,1.8177409864091327,0.144092,43.77777777777778,25.468678700930717,71,5,54.0,-1.060886137771135,-0.8868596628986838,21.543209876543212,18,0.07176847058823528,0.15397326318517024,0.566359,0.001788,0.00584,6.742047908045613,2.607664854816203,0.10182107266435987,41.25,22.901964981197573,63.0,5.0,52.0,-0.21756910175732092,-1.2415715144580843,18.125,8.0,0.009389,0.005104239120574192,0.018124,0.001985,0.008429,0.8678153396443662,0.5381682574091208,0.003637142857142857
Unknown,Unknown,./Data\Physical_Interaction\Topology_B\4-Group_dataset\physicalInteraction6_group.csv,47.36363636363637,27.445483152142636,71.0,5.0,59.0,-0.8093215893953678,-1.12070951066559,23.10743801652892,11.0,0.119986,0.1893728330281593,0.566359,0.005049,0.0118155,2.8426888812982325,1.8177409864091327,0.144092,43.77777777777778,25.468678700930717,71,5,54.0,-1.060886137771135,-0.8868596628986838,21.543209876543212,18,0.07176847058823528,0.15397326318517024,0.566359,0.001788,0.00584,6.742047908045613,2.607664854816203,0.10182107266435987,41.25,22.901964981197573,63.0,5.0,52.0,-0.21756910175732092,-1.2415715144580843,18.125,8.0,0.009389,0.005104239120574192,0.018124,0.001985,0.008429,0.8678153396443662,0.5381682574091208,0.003637142857142857
Unknown,Unknown,./Data\Physical_Interaction\Topology_B\4-Group_dataset\physicalInteraction6_group.csv,59.0,0.0,59.0,59.0,59.0,,,0.0,2.0,0.638381,,0.638381,0.638381,0.638381,,,0.0,59.0,0.0,59,59,59.0,,,0.0,2,0.638381,,0.638381,0.638381,0.638381,,,0.0,,,,,,,,,,,,,,,,,
Unknown,Unknown,./Data\Physical_Interaction\Topology_B\4-Group_dataset\physicalInteraction6_group.csv,48.333333333333336,22.11485172156184,63.0,5.0,59.0,4.318741831561599,-2.069546809765236,15.555555555555557,6.0,0.3426636,0.31864951650332063,0.692787,0.004937,0.320114,-2.8672442937065243,0.08964649703592777,0.25833632,38.888888888888886,25.982900359873437,63,5,50.0,-1.7491867293724002,-0.703100337252722,22.592592592592595,9,0.214392625,0.2988222440080091,0.692787,0.001823,0.0288425,-0.8785337625008411,1.0333105874066701,0.25202603125,20.0,25.98076211353316,50.0,5.0,5.0,,1.7320508075688774,20.0,3.0,0.03073,0.031138154216330812,0.052748,0.008712,0.03073,,,0.022018000000000003
Unknown,Unknown,./Data\Physical_Interaction\Topology_B\4-Group_dataset\physicalInteraction6_group.csv,44.111111111111114,23.045848023258138,63.0,5.0,57.0,0.1595387735808984,-1.3244758892356991,17.382716049382715,9.0,0.22260987500000004,0.2926070439218722,0.692787,0.004806,0.05245,-0.8364482161500648,1.043620318023627,0.24586309374999998,34.46666666666667,25.41334482586059,63,5,45.0,-2.0114362901350162,-0.32493668343565174,23.573333333333334,15,0.12733585714285714,0.24303956279327704,0.692787,0.001823,0.004871500000000001,2.26206580708568,1.897008468925575,0.18132491836734693,20.0,23.2379000772445,50.0,5.0,5.0,-1.875,0.9682458365518543,20.0,6.0,0.0258042,0.020871504071340908,0.052748,0.008581,0.015338,-2.6406299307397054,0.6409997010986688,0.01791264
Unknown,Unknown,./Data\Physical_Interaction\Topology_B\4-Group_dataset\physicalInteraction6_group.csv,46.8,23.332380932943813,71.0,5.0,58.0,0.517297205068922,-1.3246683234231431,17.439999999999998,10.0,0.2986841111111111,0.5201085536867386,1.545302,0.004806,0.047801,4.485851806525929,2.1387376554946207,0.3660159259259259,36.75,26.195419446918578,71,5,47.5,-1.8208703013933092,-0.367259582106657,23.8125,16,0.17921046666666668,0.4207774917117914,1.543479,0.001823,0.004937,8.653617437678857,2.897559405340816,0.2671559466666667,20.0,23.2379000772445,50.0,5.0,5.0,-1.875,0.9682458365518543,20.0,6.0,0.0258042,0.020871504071340908,0.052748,0.008581,0.015338,-2.6406299307397054,0.6409997010986688,0.01791264
Unknown,Unknown,./Data\Physical_Interaction\Topology_B\4-Group_dataset\physicalInteraction6_group.csv,49.333333333333336,23.235031023578742,71.0,5.0,58.0,3.6082105104053497,-1.7886312865591927,16.222222222222218,6.0,0.383676,0.6609679570300666,1.545302,0.004806,0.047801,4.263836559463311,2.05586053435,0.4646504,39.55555555555556,26.856615158611813,71,5,50.0,-1.6642420169389753,-0.5922416968307166,23.037037037037035,9,0.2397975,0.5368597905537614,1.543479,0.001823,0.010121,7.091007269413964,2.6390598619260954,0.34222975000000005,20.0,25.98076211353316,50.0,5.0,5.0,,1.7320508075688774,20.0,3.0,0.0261115,0.02479187085518154,0.043642,0.008581,0.0261115,,,0.017530499999999997
Unknown,Unknown,./Data\Physical_Interaction\Topology_B\4-Group_dataset\physicalInteraction6_group.csv,63.0,6.928203230275509,71.0,59.0,59.0,,1.7320508075688774,5.333333333333333,3.0,0.1602355,0.20477741672484298,0.305035,0.015436,0.1602355,,,0.1447995,63.0,6.928203230275509,71,59,59.0,,1.7320508075688774,5.333333333333333,3,0.1602355,0.20477741672484298,0.305035,0.015436,0.1602355,,,0.1447995,,,,,,,,,,,,,,,,,
Unknown,Unknown,./Data\Physical_Interaction\Topology_B\4-Group_dataset\physicalInteraction6_group.csv,55.0,6.928203230275509,59.0,47.0,59.0,,-1.7320508075688774,5.333333333333333,3.0,0.836344,0.7251054771948698,1.349071,0.323617,0.836344,,,0.5127269999999999,55.0,6.928203230275509,59,47,59.0,,-1.7320508075688774,5.333333333333333,3,0.836344,0.7251054771948698,1.349071,0.323617,0.836344,,,0.5127269999999999,,,,,,,,,,,,,,,,,
Unknown,Unknown,./Data\Physical_Interaction\Topology_B\4-Group_dataset\physicalInteraction6_group.csv,59.0,0.0,59.0,59.0,59.0,,0.0,0.0,3.0,0.481475,0.2232449245290921,0.639333,0.323617,0.481475,,,0.15785800000000003,59.0,0.0,59,59,59.0,,0.0,0.0,3,0.481475,0.2232449245290921,0.639333,0.323617,0.481475,,,0.15785800000000003,,,,,,,,,,,,,,,,,
Unknown,Unknown,./Data\Physical_Interaction\Topology_B\4-Group_dataset\physicalInteraction6_group.csv,59.0,0.0,59.0,59.0,59.0,,0.0,0.0,3.0,0.481475,0.2232449245290921,0.639333,0.323617,0.481475,,,0.15785800000000003,59.0,0.0,59,59,59.0,,0.0,0.0,3,0.481475,0.2232449245290921,0.639333,0.323617,0.481475,,,0.15785800000000003,,,,,,,,,,,,,,,,,
Unknown,Unknown,./Data\Physical_Interaction\Topology_B\4-Group_dataset\physicalInteraction6_group.csv,45.5,27.0,59.0,5.0,59.0,4.0,-1.9999999999999998,20.25,4.0,0.8930009999999999,1.2754549195153861,2.357555,0.026201,0.295247,,1.6457503532873738,0.9763693333333333,45.5,27.0,59,5,59.0,4.0,-1.9999999999999998,20.25,4,0.8930009999999999,1.2754549195153861,2.357555,0.026201,0.295247,,1.6457503532873738,0.9763693333333333,,,,,,,,,,,,,,,,,
Unknown,Unknown,./Data\Physical_Interaction\Topology_B\4-Group_dataset\physicalInteraction6_group.csv,45.5,27.0,59.0,5.0,59.0,4.0,-1.9999999999999998,20.25,4.0,0.2156553333333333,0.16476890384515316,0.325518,0.026201,0.295247,,-1.6665142626344596,0.12630288888888888,45.5,27.0,59,5,59.0,4.0,-1.9999999999999998,20.25,4,0.2156553333333333,0.16476890384515316,0.325518,0.026201,0.295247,,-1.6665142626344596,0.12630288888888888,,,,,,,,,,,,,,,,,
Unknown,Unknown,./Data\Physical_Interaction\Topology_B\4-Group_dataset\physicalInteraction6_group.csv,37.4,29.57701810527897,59.0,5.0,59.0,-3.3333333333333313,-0.6085806194501845,25.919999999999998,5.0,0.5854675,0.7517601671466329,1.694904,0.026201,0.3103825,3.4541586671765145,1.8023707576944623,0.5547182500000001,37.4,29.57701810527897,59,5,59.0,-3.3333333333333313,-0.6085806194501845,25.919999999999998,5,0.5854675,0.7517601671466329,1.694904,0.026201,0.3103825,3.4541586671765145,1.8023707576944623,0.5547182500000001,5.0,0.0,5.0,5.0,5.0,,,0.0,2.0,2.046623,,2.046623,2.046623,2.046623,,,0.0
Unknown,Unknown,./Data\Physical_Interaction\Topology_B\4-Group_dataset\physicalInteraction6_group.csv,31.555555555555557,31.642973592533586,71.0,5.0,5.0,-2.4715050233252667,0.3061921509138367,29.50617283950617,9.0,0.31718349999999995,0.6018116718635015,1.694904,0.005956,0.0252795,4.676619999985801,2.195323437222542,0.4343615,33.875,27.12409752722967,71,5,45.0,-1.9859987355843978,-0.0795041551459416,25.265625,16,0.16916453333333334,0.45590737796255854,1.694904,0.001766,0.007198,10.20535589195174,3.157474624519367,0.2711311911111111,32.875,23.30810711196551,54.0,5.0,45.0,-2.2035061670287233,-0.5715379308548544,20.90625,8.0,0.023409000000000003,0.027984871954921168,0.084786,0.001766,0.011612,5.617920034590606,2.293444854009617,0.017536285714285716
Unknown,Unknown,./Data\Physical_Interaction\Topology_B\4-Group_dataset\physicalInteraction6_group.csv,28.125,31.988558222321572,71.0,5.0,5.0,-2.167093113883821,0.6618244921884309,28.90625,8.0,0.12036628571428569,0.2469710279038915,0.676909,0.005956,0.020801,6.7126095584991194,2.579020634509445,0.15901220408163264,32.2,27.206091754815294,71,5,45.0,-1.986066551829401,0.06326433760496528,25.386666666666667,15,0.06018314285714286,0.17883455895661998,0.676909,0.001766,0.0048465,13.4805558485074,3.6508769567569073,0.09161838775510203,32.875,23.30810711196551,54.0,5.0,45.0,-2.2035061670287233,-0.5715379308548544,20.90625,8.0,0.023409000000000003,0.027984871954921168,0.084786,0.001766,0.011612,5.617920034590606,2.293444854009617,0.017536285714285716
Unknown,Unknown,./Data\Physical_Interaction\Topology_B\4-Group_dataset\physicalInteraction6_group.csv,31.428571428571427,33.04470276689413,71.0,5.0,5.0,-2.7286471834994073,0.3939074320528101,30.204081632653054,7.0,0.1259495,0.2700588439246158,0.676909,0.005956,0.017938,5.977410133256191,2.4435984515431777,0.18365316666666667,34.142857142857146,27.131750185564293,71,5,45.0,-1.9702372273480946,-0.09121202015588487,24.979591836734695,14,0.05829061538461538,0.18599093415206133,0.676909,0.001766,0.002495,12.957518197149186,3.5974255655403224,0.09517205917159764,36.857142857142854,22.04108717394684,54.0,5.0,45.0,-0.9307408962751698,-1.1244117855476807,18.20408163265306,7.0,0.013179499999999997,0.007796488946955546,0.02327,0.001766,0.011338,-0.41828389215521966,-0.030429771580977306,0.005903666666666666
Unknown,Unknown,./Data\Physical_Interaction\Topology_B\4-Group_dataset\physicalInteraction6_group.csv,59.0,0.0,59.0,59.0,59.0,,0.0,0.0,3.0,0.3255265,0.0016850354595675597,0.326718,0.324335,0.3255265,,,0.001191500000000012,59.0,0.0,59,59,59.0,,0.0,0.0,3,0.3255265,0.0016850354595675597,0.326718,0.324335,0.3255265,,,0.001191500000000012,,,,,,,,,,,,,,,,,
Unknown,Unknown,./Data\Physical_Interaction\Topology_B\4-Group_dataset\physicalInteraction6_group.csv,56.6,5.366563145999495,59.0,47.0,59.0,5.000000000000007,-2.236067977499791,3.839999999999999,5.0,0.4198515,0.19263920736703624,0.708776,0.319577,0.3255265,3.9952795427774745,1.998572539249765,0.14446225,56.6,5.366563145999495,59,47,59.0,5.000000000000007,-2.236067977499791,3.839999999999999,5,0.4198515,0.19263920736703624,0.708776,0.319577,0.3255265,3.9952795427774745,1.998572539249765,0.14446225,,,,,,,,,,,,,,,,,
Unknown,Unknown,./Data\Physical_Interaction\Topology_B\4-Group_dataset\physicalInteraction6_group.csv,56.6,5.366563145999495,59.0,47.0,59.0,5.000000000000007,-2.236067977499791,3.839999999999999,5.0,0.4198515,0.19263920736703624,0.708776,0.319577,0.3255265,3.9952795427774745,1.998572539249765,0.14446225,56.6,5.366563145999495,59,47,59.0,5.000000000000007,-2.236067977499791,3.839999999999999,5,0.4198515,0.19263920736703624,0.708776,0.319577,0.3255265,3.9952795427774745,1.998572539249765,0.14446225,,,,,,,,,,,,,,,,,
Unknown,Unknown,./Data\Physical_Interaction\Topology_B\4-Group_dataset\physicalInteraction6_group.csv,56.0,6.0,59.0,47.0,59.0,4.0,-1.9999999999999998,4.5,4.0,0.7868200000000001,0.5005659734500539,1.321824,0.32986,0.708776,,0.6845470055388729,0.35666933333333345,56.0,6.0,59,47,59.0,4.0,-1.9999999999999998,4.5,4,0.7868200000000001,0.5005659734500539,1.321824,0.32986,0.708776,,0.6845470055388729,0.35666933333333345,,,,,,,,,,,,,,,,,
Unknown,Unknown,./Data\Physical_Interaction\Topology_B\4-Group_dataset\physicalInteraction6_group.csv,59.0,0.0,59.0,59.0,59.0,,0.0,0.0,3.0,0.4849755,0.21936644383428383,0.640091,0.32986,0.4849755,,,0.1551155,59.0,0.0,59,59,59.0,,0.0,0.0,3,0.4849755,0.21936644383428383,0.640091,0.32986,0.4849755,,,0.1551155,,,,,,,,,,,,,,,,,
Unknown,Unknown,./Data\Physical_Interaction\Topology_B\4-Group_dataset\physicalInteraction6_group.csv,59.0,0.0,59.0,59.0,59.0,,0.0,0.0,3.0,0.4849755,0.21936644383428383,0.640091,0.32986,0.4849755,,,0.1551155,59.0,0.0,59,59,59.0,,0.0,0.0,3,0.4849755,0.21936644383428383,0.640091,0.32986,0.4849755,,,0.1551155,,,,,,,,,,,,,,,,,
Unknown,Unknown,./Data\Physical_Interaction\Topology_B\4-Group_dataset\physicalInteraction6_group.csv,59.0,0.0,59.0,59.0,59.0,,0.0,0.0,3.0,0.322407,0.0035553328958059837,0.324921,0.319893,0.322407,,,0.0025140000000000162,59.0,0.0,59,59,59.0,,0.0,0.0,3,0.322407,0.0035553328958059837,0.324921,0.319893,0.322407,,,0.0025140000000000162,,,,,,,,,,,,,,,,,
Unknown,Unknown,./Data\Physical_Interaction\Topology_B\4-Group_dataset\physicalInteraction6_group.csv,59.0,0.0,59.0,59.0,59.0,0.0,0.0,0.0,4.0,0.32167966666666664,0.002811981033601301,0.324921,0.319893,0.320225,,1.7049281053988001,0.0021608888888888975,59.0,0.0,59,59,59.0,0.0,0.0,0.0,4,0.32167966666666664,0.002811981033601301,0.324921,0.319893,0.320225,,1.7049281053988001,0.0021608888888888975,,,,,,,,,,,,,,,,,
Unknown,Unknown,./Data\Physical_Interaction\Topology_B\4-Group_dataset\physicalInteraction6_group.csv,59.0,0.0,59.0,59.0,59.0,0.0,0.0,0.0,4.0,0.32167966666666664,0.002811981033601301,0.324921,0.319893,0.320225,,1.7049281053988001,0.0021608888888888975,59.0,0.0,59,59,59.0,0.0,0.0,0.0,4,0.32167966666666664,0.002811981033601301,0.324921,0.319893,0.320225,,1.7049281053988001,0.0021608888888888975,,,,,,,,,,,,,,,,,
Unknown,Unknown,./Data\Physical_Interaction\Topology_B\4-Group_dataset\physicalInteraction6_group.csv,59.0,0.0,59.0,59.0,59.0,,,0.0,2.0,2.678741,,2.678741,2.678741,2.678741,,,0.0,59.0,0.0,59,59,59.0,,,0.0,2,2.678741,,2.678741,2.678741,2.678741,,,0.0,,,,,,,,,,,,,,,,,
Unknown,Unknown,./Data\Physical_Interaction\Topology_B\4-Group_dataset\physicalInteraction6_group.csv,59.0,0.0,59.0,59.0,59.0,,,0.0,2.0,0.319496,,0.319496,0.319496,0.319496,,,0.0,59.0,0.0,59,59,59.0,,,0.0,2,0.319496,,0.319496,0.319496,0.319496,,,0.0,,,,,,,,,,,,,,,,,
Unknown,Unknown,./Data\Physical_Interaction\Topology_B\4-Group_dataset\physicalInteraction6_group.csv,55.0,6.928203230275509,59.0,47.0,59.0,,-1.7320508075688774,5.333333333333333,3.0,0.5735525,0.3592901479090403,0.827609,0.319496,0.5735525,,,0.2540565,55.0,6.928203230275509,59,47,59.0,,-1.7320508075688774,5.333333333333333,3,0.5735525,0.3592901479090403,0.827609,0.319496,0.5735525,,,0.2540565,,,,,,,,,,,,,,,,,
Unknown,Unknown,./Data\Physical_Interaction\Topology_B\4-Group_dataset\physicalInteraction6_group.csv,53.0,8.48528137423857,59.0,47.0,53.0,,,6.0,2.0,0.827609,,0.827609,0.827609,0.827609,,,0.0,53.0,8.48528137423857,59,47,53.0,,,6.0,2,0.827609,,0.827609,0.827609,0.827609,,,0.0,,,,,,,,,,,,,,,,,
Unknown,Unknown,./Data\Physical_Interaction\Topology_B\4-Group_dataset\physicalInteraction6_group.csv,44.8125,27.86687101200994,71.0,5.0,61.0,-1.393849609170712,-0.8569052745497726,24.8828125,16.0,0.061668799999999996,0.103978455910828,0.326581,0.002408,0.012431,2.6064849778302372,1.9342425721094483,0.07616421333333333,39.12,26.859697193626985,71,5,52.0,-1.7436633858926027,-0.45424669705287396,24.566399999999998,25,0.038629625,0.08654607204650797,0.326581,0.001791,0.005025,6.344571328750368,2.6742241291514697,0.05490529166666667,35.18181818181818,24.73385607550178,63.0,5.0,45.0,-1.8397029066008286,-0.4253666615955996,21.950413223140494,11.0,0.0111937,0.0063242706395458936,0.024239,0.003685,0.010377500000000001,0.6684058122959176,0.9054610957244167,0.00474444
Unknown,Unknown,./Data\Physical_Interaction\Topology_B\4-Group_dataset\physicalInteraction6_group.csv,45.64705882352941,27.20050821324527,71.0,5.0,59.0,-1.1774827677195439,-0.9509512489645517,23.910034602076127,17.0,0.077864375,0.11953032139998343,0.326581,0.002408,0.013715,0.583832497051648,1.4857236658935649,0.0956973125,39.88461538461539,26.60425067251762,71,5,53.0,-1.6663037871119564,-0.5226152741427357,24.150887573964496,26,0.04991636,0.10179827922370135,0.326581,0.001791,0.005049,3.3549853938119485,2.170547476501708,0.070767856,35.18181818181818,24.73385607550178,63.0,5.0,45.0,-1.8397029066008286,-0.4253666615955996,21.950413223140494,11.0,0.0111937,0.0063242706395458936,0.024239,0.003685,0.010377500000000001,0.6684058122959176,0.9054610957244167,0.00474444
Unknown,Unknown,./Data\Physical_Interaction\Topology_B\4-Group_dataset\physicalInteraction6_group.csv,45.64705882352941,27.20050821324527,71.0,5.0,59.0,-1.1774827677195439,-0.9509512489645517,23.910034602076127,17.0,0.077864375,0.11953032139998343,0.326581,0.002408,0.013715,0.583832497051648,1.4857236658935649,0.0956973125,39.88461538461539,26.60425067251762,71,5,53.0,-1.6663037871119564,-0.5226152741427357,24.150887573964496,26,0.04991636,0.10179827922370135,0.326581,0.001791,0.005049,3.3549853938119485,2.170547476501708,0.070767856,35.18181818181818,24.73385607550178,63.0,5.0,45.0,-1.8397029066008286,-0.4253666615955996,21.950413223140494,11.0,0.0111937,0.0063242706395458936,0.024239,0.003685,0.010377500000000001,0.6684058122959176,0.9054610957244167,0.00474444
Unknown,Unknown,./Data\Physical_Interaction\Topology_B\4-Group_dataset\physicalInteraction6_group.csv,59.0,0.0,59.0,59.0,59.0,,0.0,0.0,3.0,1.338965,0.9836703854442299,2.034525,0.643405,1.338965,,,0.69556,59.0,0.0,59,59,59.0,,0.0,0.0,3,1.338965,0.9836703854442299,2.034525,0.643405,1.338965,,,0.69556,,,,,,,,,,,,,,,,,
Unknown,Unknown,./Data\Physical_Interaction\Topology_B\4-Group_dataset\physicalInteraction6_group.csv,59.0,0.0,59.0,59.0,59.0,,0.0,0.0,3.0,0.48147799999999996,0.22899935951438818,0.643405,0.319551,0.48147799999999996,,,0.16192700000000002,59.0,0.0,59,59,59.0,,0.0,0.0,3,0.48147799999999996,0.22899935951438818,0.643405,0.319551,0.48147799999999996,,,0.16192700000000002,,,,,,,,,,,,,,,,,
Unknown,Unknown,./Data\Physical_Interaction\Topology_B\4-Group_dataset\physicalInteraction6_group.csv,59.0,0.0,59.0,59.0,59.0,,0.0,0.0,3.0,0.48147799999999996,0.22899935951438818,0.643405,0.319551,0.48147799999999996,,,0.16192700000000002,59.0,0.0,59,59,59.0,,0.0,0.0,3,0.48147799999999996,0.22899935951438818,0.643405,0.319551,0.48147799999999996,,,0.16192700000000002,,,,,,,,,,,,,,,,,
Unknown,Unknown,./Data\Physical_Interaction\Topology_B\4-Group_dataset\physicalInteraction6_group.csv,59.0,0.0,59.0,59.0,59.0,,,0.0,2.0,0.643612,,0.643612,0.643612,0.643612,,,0.0,59.0,0.0,59,59,59.0,,,0.0,2,0.643612,,0.643612,0.643612,0.643612,,,0.0,,,,,,,,,,,,,,,,,
Unknown,Unknown,./Data\Physical_Interaction\Topology_B\4-Group_dataset\physicalInteraction6_group.csv,59.0,0.0,59.0,59.0,59.0,,0.0,0.0,3.0,0.48237599999999997,0.22802213794278833,0.643612,0.32114,0.48237599999999997,,,0.161236,59.0,0.0,59,59,59.0,,0.0,0.0,3,0.48237599999999997,0.22802213794278833,0.643612,0.32114,0.48237599999999997,,,0.161236,,,,,,,,,,,,,,,,,
Unknown,Unknown,./Data\Physical_Interaction\Topology_B\4-Group_dataset\physicalInteraction6_group.csv,57.0,4.0,59.0,51.0,59.0,4.0,-1.9999999999999998,3.0,4.0,0.6452123333333333,0.32487545622335545,0.970885,0.32114,0.643612,,0.0221664182840423,0.21711511111111112,57.0,4.0,59,51,59.0,4.0,-1.9999999999999998,3.0,4,0.6452123333333333,0.32487545622335545,0.970885,0.32114,0.643612,,0.0221664182840423,0.21711511111111112,,,,,,,,,,,,,,,,,
Unknown,Unknown,./Data\Physical_Interaction\Topology_B\4-Group_dataset\physicalInteraction6_group.csv,59.666666666666664,6.408327915038888,71.0,51.0,59.0,2.939787485242034,0.9160158387578794,3.7777777777777763,6.0,0.5355932,0.45160888778588054,1.064577,0.062935,0.323325,-2.824193516617176,0.4231665706536437,0.38571024,59.666666666666664,6.408327915038888,71,51,59.0,2.939787485242034,0.9160158387578794,3.7777777777777763,6,0.5355932,0.45160888778588054,1.064577,0.062935,0.323325,-2.824193516617176,0.4231665706536437,0.38571024,,,,,,,,,,,,,,,,,
Unknown,Unknown,./Data\Physical_Interaction\Topology_B\4-Group_dataset\physicalInteraction6_group.csv,59.666666666666664,6.408327915038888,71.0,51.0,59.0,2.939787485242034,0.9160158387578794,3.7777777777777763,6.0,0.4056398,0.38336783234864663,1.064577,0.062935,0.321118,3.7426344581335815,1.7849008712958774,0.26357488,59.666666666666664,6.408327915038888,71,51,59.0,2.939787485242034,0.9160158387578794,3.7777777777777763,6,0.4056398,0.38336783234864663,1.064577,0.062935,0.321118,3.7426344581335815,1.7849008712958774,0.26357488,,,,,,,,,,,,,,,,,
Unknown,Unknown,./Data\Physical_Interaction\Topology_B\4-Group_dataset\physicalInteraction6_group.csv,61.4,5.366563145999495,71.0,59.0,59.0,5.000000000000005,2.2360679774997916,3.839999999999999,5.0,0.2409055,0.12265913145651515,0.323325,0.062935,0.288681,2.5630217123054955,-1.6463565186151183,0.08898525,61.4,5.366563145999495,71,59,59.0,5.000000000000005,2.2360679774997916,3.839999999999999,5,0.2409055,0.12265913145651515,0.323325,0.062935,0.288681,2.5630217123054955,-1.6463565186151183,0.08898525,,,,,,,,,,,,,,,,,
Unknown,Unknown,./Data\Physical_Interaction\Topology_B\4-Group_dataset\physicalInteraction6_group.csv,55.0,6.928203230275509,59.0,47.0,59.0,,-1.7320508075688774,5.333333333333333,3.0,0.8211314999999999,0.2546128884493084,1.00117,0.641093,0.8211314999999999,,,0.18003849999999993,55.0,6.928203230275509,59,47,59.0,,-1.7320508075688774,5.333333333333333,3,0.8211314999999999,0.2546128884493084,1.00117,0.641093,0.8211314999999999,,,0.18003849999999993,,,,,,,,,,,,,,,,,
Unknown,Unknown,./Data\Physical_Interaction\Topology_B\4-Group_dataset\physicalInteraction6_group.csv,56.0,6.0,59.0,47.0,59.0,4.0,-1.9999999999999998,4.5,4.0,0.6544776666666666,0.340197533759922,1.00117,0.32117,0.641093,,0.1767730813495877,0.23112822222222218,56.0,6.0,59,47,59.0,4.0,-1.9999999999999998,4.5,4,0.6544776666666666,0.340197533759922,1.00117,0.32117,0.641093,,0.1767730813495877,0.23112822222222218,,,,,,,,,,,,,,,,,
Unknown,Unknown,./Data\Physical_Interaction\Topology_B\4-Group_dataset\physicalInteraction6_group.csv,59.0,0.0,59.0,59.0,59.0,,0.0,0.0,3.0,0.48113150000000005,0.22621972275754387,0.641093,0.32117,0.48113150000000005,,,0.1599615,59.0,0.0,59,59,59.0,,0.0,0.0,3,0.48113150000000005,0.22621972275754387,0.641093,0.32117,0.48113150000000005,,,0.1599615,,,,,,,,,,,,,,,,,
Unknown,Unknown,./Data\Physical_Interaction\Topology_B\4-Group_dataset\physicalInteraction6_group.csv,59.0,0.0,59.0,59.0,59.0,,0.0,0.0,3.0,1.3414605,0.9852861244392411,2.038163,0.644758,1.3414605,,,0.6967025,59.0,0.0,59,59,59.0,,0.0,0.0,3,1.3414605,0.9852861244392411,2.038163,0.644758,1.3414605,,,0.6967025,,,,,,,,,,,,,,,,,
Unknown,Unknown,./Data\Physical_Interaction\Topology_B\4-Group_dataset\physicalInteraction6_group.csv,59.0,0.0,59.0,59.0,59.0,,0.0,0.0,3.0,0.48488000000000003,0.22610163592508573,0.644758,0.325002,0.48488000000000003,,,0.15987800000000002,59.0,0.0,59,59,59.0,,0.0,0.0,3,0.48488000000000003,0.22610163592508573,0.644758,0.325002,0.48488000000000003,,,0.15987800000000002,,,,,,,,,,,,,,,,,
Unknown,Unknown,./Data\Physical_Interaction\Topology_B\4-Group_dataset\physicalInteraction6_group.csv,59.0,0.0,59.0,59.0,59.0,,0.0,0.0,3.0,0.48488000000000003,0.22610163592508573,0.644758,0.325002,0.48488000000000003,,,0.15987800000000002,59.0,0.0,59,59,59.0,,0.0,0.0,3,0.48488000000000003,0.22610163592508573,0.644758,0.325002,0.48488000000000003,,,0.15987800000000002,,,,,,,,,,,,,,,,,
Unknown,Unknown,./Data\Physical_Interaction\Topology_B\4-Group_dataset\physicalInteraction6_group.csv,31.555555555555557,31.642973592533586,71.0,5.0,5.0,-2.4715050233252667,0.3061921509138367,29.50617283950617,9.0,0.320775625,0.6259477858130563,1.735517,0.006949,0.0183365,4.236018003994737,2.1237458834289398,0.4592836875,32.666666666666664,27.62676411087798,71,5,45.0,-2.0307522465161316,0.046837245349102025,25.82222222222222,15,0.18330035714285714,0.4873753385307258,1.733448,0.001792,0.006078,8.921196659603233,2.9728229109330466,0.3014308979591837,30.142857142857142,23.751691669076056,54.0,5.0,45.0,-2.6894849698302634,-0.297839669592775,21.551020408163264,7.0,0.014632666666666669,0.0055222564470211516,0.020222,0.004931,0.0162925,1.348915350964461,-1.2520518989407632,0.004181777777777777
Unknown,Unknown,./Data\Physical_Interaction\Topology_B\4-Group_dataset\physicalInteraction6_group.csv,28.125,31.988558222321572,71.0,5.0,5.0,-2.167093113883821,0.6618244921884309,28.90625,8.0,0.11866971428571428,0.2754552782193595,0.743169,0.006949,0.015909,6.987475512840092,2.642650629484808,0.17842836734693876,30.785714285714285,27.65495802377402,71,5,25.0,-1.9789819605079273,0.21181040220581604,25.785714285714285,14,0.06405823076923077,0.20415491506049754,0.743169,0.001792,0.004931,12.96512446440161,3.598854699515024,0.10447857988165679,30.142857142857142,23.751691669076056,54.0,5.0,45.0,-2.6894849698302634,-0.297839669592775,21.551020408163264,7.0,0.014632666666666669,0.0055222564470211516,0.020222,0.004931,0.0162925,1.348915350964461,-1.2520518989407632,0.004181777777777777
Unknown,Unknown,./Data\Physical_Interaction\Topology_B\4-Group_dataset\physicalInteraction6_group.csv,28.125,31.988558222321572,71.0,5.0,5.0,-2.167093113883821,0.6618244921884309,28.90625,8.0,0.11866971428571428,0.2754552782193595,0.743169,0.006949,0.015909,6.987475512840092,2.642650629484808,0.17842836734693876,30.785714285714285,27.65495802377402,71,5,25.0,-1.9789819605079273,0.21181040220581604,25.785714285714285,14,0.06405823076923077,0.20415491506049754,0.743169,0.001792,0.004931,12.96512446440161,3.598854699515024,0.10447857988165679,30.142857142857142,23.751691669076056,54.0,5.0,45.0,-2.6894849698302634,-0.297839669592775,21.551020408163264,7.0,0.014632666666666669,0.0055222564470211516,0.020222,0.004931,0.0162925,1.348915350964461,-1.2520518989407632,0.004181777777777777
Unknown,Unknown,./Data\Physical_Interaction\Topology_B\4-Group_dataset\physicalInteraction6_group.csv,47.833333333333336,21.747796823279977,60.0,5.0,59.0,4.498036462648882,-2.1183358681824362,15.22222222222222,6.0,0.1283738,0.14381802693925405,0.319474,0.004865,0.049975,-2.404956916626575,0.7023949110833835,0.12310415999999999,38.55555555555556,25.65205211630792,60,5,50.0,-1.7518641757246876,-0.7244074164918193,22.370370370370367,9,0.080233625,0.12668851162137507,0.319474,0.001822,0.013693,0.6081829673164574,1.4918495462738568,0.10055468749999999,20.0,25.98076211353316,50.0,5.0,5.0,,1.7320508075688774,20.0,3.0,0.0271795,0.026220226553178367,0.04572,0.008639,0.0271795,,,0.018540499999999998
Unknown,Unknown,./Data\Physical_Interaction\Topology_B\4-Group_dataset\physicalInteraction6_group.csv,49.42857142857143,20.29661008524283,60.0,5.0,59.0,5.441977086497069,-2.318908458791719,13.959183673469386,7.0,0.16028083333333334,0.15051661886637854,0.319816,0.004865,0.1475045,-2.931480917865212,0.0873704092429563,0.13449383333333334,40.6,25.034198831021357,60,5,54.5,-1.323634157416547,-0.9048936278660094,21.360000000000003,10,0.10685388888888889,0.14290373560674022,0.319816,0.001822,0.022521,-1.371988613792864,0.9065136737749909,0.12487562962962964,20.0,25.98076211353316,50.0,5.0,5.0,,1.7320508075688774,20.0,3.0,0.0271795,0.026220226553178367,0.04572,0.008639,0.0271795,,,0.018540499999999998
Unknown,Unknown,./Data\Physical_Interaction\Topology_B\4-Group_dataset\physicalInteraction6_group.csv,49.125,18.810616303414562,60.0,5.0,59.0,5.6243312197249224,-2.3138345038022523,12.59375,8.0,0.30114442857142854,0.3972118381581198,1.146326,0.004865,0.245034,4.497957066598422,2.010846584805613,0.2520522040816326,41.18181818181818,23.827791260703044,60,5,50.0,-0.9377469954434963,-1.0106677565723259,19.735537190082642,11,0.2108011,0.35525012534252226,1.146326,0.001822,0.0341205,6.291272922225985,2.3983304285967812,0.23712472,20.0,25.98076211353316,50.0,5.0,5.0,,1.7320508075688774,20.0,3.0,0.0271795,0.026220226553178367,0.04572,0.008639,0.0271795,,,0.018540499999999998
Unknown,Unknown,./Data\Physical_Interaction\Topology_B\4-Group_dataset\physicalInteraction6_group.csv,56.6,5.366563145999495,59.0,47.0,59.0,5.0000000000000036,-2.2360679774997916,3.839999999999999,5.0,0.6697044999999999,0.41696059180574846,1.146326,0.318097,0.6071975,-4.234499116386903,0.31045775336206927,0.34978,56.6,5.366563145999495,59,47,59.0,5.0000000000000036,-2.2360679774997916,3.839999999999999,5,0.6697044999999999,0.41696059180574846,1.146326,0.318097,0.6071975,-4.234499116386903,0.31045775336206927,0.34978,,,,,,,,,,,,,,,,,
Unknown,Unknown,./Data\Physical_Interaction\Topology_B\4-Group_dataset\physicalInteraction6_group.csv,56.0,6.0,59.0,47.0,59.0,4.0,-1.9999999999999998,4.5,4.0,0.5108306666666667,0.33066423025530495,0.892643,0.318097,0.321752,,1.7318127357718704,0.2545415555555555,56.0,6.0,59,47,59.0,4.0,-1.9999999999999998,4.5,4,0.5108306666666667,0.33066423025530495,0.892643,0.318097,0.321752,,1.7318127357718704,0.2545415555555555,,,,,,,,,,,,,,,,,
Unknown,Unknown,./Data\Physical_Interaction\Topology_B\4-Group_dataset\physicalInteraction6_group.csv,59.0,0.0,59.0,59.0,59.0,,0.0,0.0,3.0,0.3199245,0.0025844752852368057,0.321752,0.318097,0.3199245,,,0.001827499999999982,59.0,0.0,59,59,59.0,,0.0,0.0,3,0.3199245,0.0025844752852368057,0.321752,0.318097,0.3199245,,,0.001827499999999982,,,,,,,,,,,,,,,,,
Unknown,Unknown,./Data\Physical_Interaction\Topology_B\4-Group_dataset\physicalInteraction6_group.csv,59.0,0.0,59.0,59.0,59.0,,0.0,0.0,3.0,0.321067,0.003572303458554439,0.323593,0.318541,0.321067,,,0.0025260000000000005,59.0,0.0,59,59,59.0,,0.0,0.0,3,0.321067,0.003572303458554439,0.323593,0.318541,0.321067,,,0.0025260000000000005,,,,,,,,,,,,,,,,,
Unknown,Unknown,./Data\Physical_Interaction\Topology_B\4-Group_dataset\physicalInteraction6_group.csv,59.0,0.0,59.0,59.0,59.0,0.0,0.0,0.0,4.0,0.320872,0.0025484801352963324,0.323593,0.318541,0.320482,,0.6725184105925051,0.0018140000000000007,59.0,0.0,59,59,59.0,0.0,0.0,0.0,4,0.320872,0.0025484801352963324,0.323593,0.318541,0.320482,,0.6725184105925051,0.0018140000000000007,,,,,,,,,,,,,,,,,
Unknown,Unknown,./Data\Physical_Interaction\Topology_B\4-Group_dataset\physicalInteraction6_group.csv,59.0,0.0,59.0,59.0,59.0,0.0,0.0,0.0,4.0,0.320872,0.0025484801352963324,0.323593,0.318541,0.320482,,0.6725184105925051,0.0018140000000000007,59.0,0.0,59,59,59.0,0.0,0.0,0.0,4,0.320872,0.0025484801352963324,0.323593,0.318541,0.320482,,0.6725184105925051,0.0018140000000000007,,,,,,,,,,,,,,,,,
Unknown,Unknown,./Data\Physical_Interaction\Topology_B\4-Group_dataset\physicalInteraction6_group.csv,59.0,0.0,59.0,59.0,59.0,0.0,0.0,0.0,4.0,0.8960199999999999,0.9888290720154822,2.037806,0.319981,0.330273,,1.73183971869101,0.7611906666666665,59.0,0.0,59,59,59.0,0.0,0.0,0.0,4,0.8960199999999999,0.9888290720154822,2.037806,0.319981,0.330273,,1.73183971869101,0.7611906666666665,,,,,,,,,,,,,,,,,
Unknown,Unknown,./Data\Physical_Interaction\Topology_B\4-Group_dataset\physicalInteraction6_group.csv,59.0,0.0,59.0,59.0,59.0,0.0,0.0,0.0,4.0,0.3234553333333334,0.005904635834099605,0.330273,0.319981,0.320112,,1.7310917443473532,0.004545111111111111,59.0,0.0,59,59,59.0,0.0,0.0,0.0,4,0.3234553333333334,0.005904635834099605,0.330273,0.319981,0.320112,,1.7310917443473532,0.004545111111111111,,,,,,,,,,,,,,,,,
Unknown,Unknown,./Data\Physical_Interaction\Topology_B\4-Group_dataset\physicalInteraction6_group.csv,56.6,5.366563145999495,59.0,47.0,59.0,5.000000000000007,-2.236067977499791,3.839999999999999,5.0,0.5644830000000001,0.4820794411138756,1.287566,0.319981,0.3251925,3.9979857726397476,1.999401356422224,0.3615415,56.6,5.366563145999495,59,47,59.0,5.000000000000007,-2.236067977499791,3.839999999999999,5,0.5644830000000001,0.4820794411138756,1.287566,0.319981,0.3251925,3.9979857726397476,1.999401356422224,0.3615415,,,,,,,,,,,,,,,,,
Unknown,Unknown,./Data\Physical_Interaction\Topology_B\4-Group_dataset\physicalInteraction6_group.csv,53.0,8.48528137423857,59.0,47.0,53.0,,,6.0,2.0,1.287566,,1.287566,1.287566,1.287566,,,0.0,53.0,8.48528137423857,59,47,53.0,,,6.0,2,1.287566,,1.287566,1.287566,1.287566,,,0.0,,,,,,,,,,,,,,,,,
Unknown,Unknown,./Data\Physical_Interaction\Topology_B\4-Group_dataset\physicalInteraction6_group.csv,43.55555555555556,29.176664952968455,71.0,5.0,59.0,-1.7016513862588707,-0.7865774524598181,25.703703703703702,9.0,0.117116625,0.1142810796800559,0.323421,0.007305,0.10702249999999999,-0.32921087341677335,0.7351219305312033,0.09487187500000001,40.1875,25.545302895052938,71,5,48.5,-1.4358610835672998,-0.6166714385108159,21.9921875,16,0.06260093333333333,0.10016564022690948,0.323421,0.001789,0.007305,2.0368406387800206,1.6835403336774657,0.07967336888888889,35.857142857142854,21.38869305208223,54.0,5.0,45.0,-0.9170605374110874,-1.1038675486296623,17.632653061224488,7.0,0.014878499999999998,0.009752108464327088,0.027346,0.004219,0.0145065,-1.9235022383654563,0.13093884724317423,0.007994166666666669
Unknown,Unknown,./Data\Physical_Interaction\Topology_B\4-Group_dataset\physicalInteraction6_group.csv,45.1,27.938225506363935,71.0,5.0,59.0,-1.2406110723682513,-0.9582950921188472,24.060000000000002,10.0,0.139502,0.1262441668008863,0.323421,0.007305,0.15791,-1.340832146891958,0.4212977178536744,0.10422866666666666,41.294117647058826,25.151453004454716,71,5,52.0,-1.2716634800880482,-0.7207240002090688,21.34948096885813,17,0.0785999375,0.11601624282456818,0.323421,0.001789,0.011322,0.4370880278898186,1.3440481178165649,0.0966924140625,35.857142857142854,21.38869305208223,54.0,5.0,45.0,-0.9170605374110874,-1.1038675486296623,17.632653061224488,7.0,0.014878499999999998,0.009752108464327088,0.027346,0.004219,0.0145065,-1.9235022383654563,0.13093884724317423,0.007994166666666669
Unknown,Unknown,./Data\Physical_Interaction\Topology_B\4-Group_dataset\physicalInteraction6_group.csv,45.1,27.938225506363935,71.0,5.0,59.0,-1.2406110723682513,-0.9582950921188472,24.060000000000002,10.0,0.139502,0.1262441668008863,0.323421,0.007305,0.15791,-1.340832146891958,0.4212977178536744,0.10422866666666666,41.294117647058826,25.151453004454716,71,5,52.0,-1.2716634800880482,-0.7207240002090688,21.34948096885813,17,0.0785999375,0.11601624282456818,0.323421,0.001789,0.011322,0.4370880278898186,1.3440481178165649,0.0966924140625,35.857142857142854,21.38869305208223,54.0,5.0,45.0,-0.9170605374110874,-1.1038675486296623,17.632653061224488,7.0,0.014878499999999998,0.009752108464327088,0.027346,0.004219,0.0145065,-1.9235022383654563,0.13093884724317423,0.007994166666666669
Unknown,Unknown,./Data\Physical_Interaction\Topology_B\4-Group_dataset\physicalInteraction6_group.csv,59.0,0.0,59.0,59.0,59.0,,0.0,0.0,3.0,1.180306,1.21161615585465,2.037048,0.323564,1.180306,,,0.856742,59.0,0.0,59,59,59.0,,0.0,0.0,3,1.180306,1.21161615585465,2.037048,0.323564,1.180306,,,0.856742,,,,,,,,,,,,,,,,,
Unknown,Unknown,./Data\Physical_Interaction\Topology_B\4-Group_dataset\physicalInteraction6_group.csv,59.0,0.0,59.0,59.0,59.0,,0.0,0.0,3.0,0.48130700000000004,0.22308228996941915,0.63905,0.323564,0.48130700000000004,,,0.157743,59.0,0.0,59,59,59.0,,0.0,0.0,3,0.48130700000000004,0.22308228996941915,0.63905,0.323564,0.48130700000000004,,,0.157743,,,,,,,,,,,,,,,,,
Unknown,Unknown,./Data\Physical_Interaction\Topology_B\4-Group_dataset\physicalInteraction6_group.csv,59.0,0.0,59.0,59.0,59.0,,0.0,0.0,3.0,0.48130700000000004,0.22308228996941915,0.63905,0.323564,0.48130700000000004,,,0.157743,59.0,0.0,59,59,59.0,,0.0,0.0,3,0.48130700000000004,0.22308228996941915,0.63905,0.323564,0.48130700000000004,,,0.157743,,,,,,,,,,,,,,,,,
Unknown,Unknown,./Data\Physical_Interaction\Topology_B\4-Group_dataset\physicalInteraction6_group.csv,59.0,0.0,59.0,59.0,59.0,,,0.0,2.0,0.963286,,0.963286,0.963286,0.963286,,,0.0,59.0,0.0,59,59,59.0,,,0.0,2,0.963286,,0.963286,0.963286,0.963286,,,0.0,,,,,,,,,,,,,,,,,
Unknown,Unknown,./Data\Physical_Interaction\Topology_B\4-Group_dataset\physicalInteraction6_group.csv,59.0,0.0,59.0,59.0,59.0,,,0.0,2.0,0.963286,,0.963286,0.963286,0.963286,,,0.0,59.0,0.0,59,59,59.0,,,0.0,2,0.963286,,0.963286,0.963286,0.963286,,,0.0,,,,,,,,,,,,,,,,,
Unknown,Unknown,./Data\Physical_Interaction\Topology_B\4-Group_dataset\physicalInteraction6_group.csv,62.0,6.0,71.0,59.0,59.0,4.0,1.9999999999999998,4.5,4.0,0.8926626666666667,1.2691687189583318,2.358159,0.154473,0.165356,,1.7319075332466616,0.9769975555555556,62.0,6.0,71,59,59.0,4.0,1.9999999999999998,4.5,4,0.8926626666666667,1.2691687189583318,2.358159,0.154473,0.165356,,1.7319075332466616,0.9769975555555556,,,,,,,,,,,,,,,,,
Unknown,Unknown,./Data\Physical_Interaction\Topology_B\4-Group_dataset\physicalInteraction6_group.csv,62.0,6.0,71.0,59.0,59.0,4.0,1.9999999999999998,4.5,4.0,0.2169076666666667,0.09886492331627703,0.330894,0.154473,0.165356,,1.7084690037386532,0.0759908888888889,62.0,6.0,71,59,59.0,4.0,1.9999999999999998,4.5,4,0.2169076666666667,0.09886492331627703,0.330894,0.154473,0.165356,,1.7084690037386532,0.0759908888888889,,,,,,,,,,,,,,,,,
Unknown,Unknown,./Data\Physical_Interaction\Topology_B\4-Group_dataset\physicalInteraction6_group.csv,62.0,6.0,71.0,59.0,59.0,4.0,1.9999999999999998,4.5,4.0,0.2169076666666667,0.09886492331627703,0.330894,0.154473,0.165356,,1.7084690037386532,0.0759908888888889,62.0,6.0,71,59,59.0,4.0,1.9999999999999998,4.5,4,0.2169076666666667,0.09886492331627703,0.330894,0.154473,0.165356,,1.7084690037386532,0.0759908888888889,,,,,,,,,,,,,,,,,
Unknown,Unknown,./Data\Physical_Interaction\Topology_B\4-Group_dataset\physicalInteraction6_group.csv,55.0,6.928203230275509,59.0,47.0,59.0,,-1.7320508075688774,5.333333333333333,3.0,0.610406,0.4130238993181871,0.902458,0.318354,0.610406,,,0.292052,55.0,6.928203230275509,59,47,59.0,,-1.7320508075688774,5.333333333333333,3,0.610406,0.4130238993181871,0.902458,0.318354,0.610406,,,0.292052,,,,,,,,,,,,,,,,,
Unknown,Unknown,./Data\Physical_Interaction\Topology_B\4-Group_dataset\physicalInteraction6_group.csv,56.0,6.0,59.0,47.0,59.0,4.0,-1.9999999999999998,4.5,4.0,0.5142826666666667,0.3361747407782645,0.902458,0.318354,0.322036,,1.7318170610596397,0.25878355555555554,56.0,6.0,59,47,59.0,4.0,-1.9999999999999998,4.5,4,0.5142826666666667,0.3361747407782645,0.902458,0.318354,0.322036,,1.7318170610596397,0.25878355555555554,,,,,,,,,,,,,,,,,
Unknown,Unknown,./Data\Physical_Interaction\Topology_B\4-Group_dataset\physicalInteraction6_group.csv,59.0,0.0,59.0,59.0,59.0,,0.0,0.0,3.0,0.320195,0.002603567168328842,0.322036,0.318354,0.320195,,,0.0018409999999999815,59.0,0.0,59,59,59.0,,0.0,0.0,3,0.320195,0.002603567168328842,0.322036,0.318354,0.320195,,,0.0018409999999999815,,,,,,,,,,,,,,,,,
Unknown,Unknown,./Data\Physical_Interaction\Topology_B\4-Group_dataset\physicalInteraction6_group.csv,59.0,0.0,59.0,59.0,59.0,,0.0,0.0,3.0,1.334212,0.9802692018267226,2.027367,0.641057,1.334212,,,0.693155,59.0,0.0,59,59,59.0,,0.0,0.0,3,1.334212,0.9802692018267226,2.027367,0.641057,1.334212,,,0.693155,,,,,,,,,,,,,,,,,
Unknown,Unknown,./Data\Physical_Interaction\Topology_B\4-Group_dataset\physicalInteraction6_group.csv,59.0,0.0,59.0,59.0,59.0,,0.0,0.0,3.0,0.4804255,0.2271672458443338,0.641057,0.319794,0.4804255,,,0.16063149999999998,59.0,0.0,59,59,59.0,,0.0,0.0,3,0.4804255,0.2271672458443338,0.641057,0.319794,0.4804255,,,0.16063149999999998,,,,,,,,,,,,,,,,,
Unknown,Unknown,./Data\Physical_Interaction\Topology_B\4-Group_dataset\physicalInteraction6_group.csv,59.0,0.0,59.0,59.0,59.0,,0.0,0.0,3.0,0.4804255,0.2271672458443338,0.641057,0.319794,0.4804255,,,0.16063149999999998,59.0,0.0,59,59,59.0,,0.0,0.0,3,0.4804255,0.2271672458443338,0.641057,0.319794,0.4804255,,,0.16063149999999998,,,,,,,,,,,,,,,,,
Unknown,Unknown,./Data\Physical_Interaction\Topology_B\4-Group_dataset\physicalInteraction6_group.csv,48.357142857142854,31.49262952320295,107.0,5.0,61.0,-0.5352059342950883,-0.2614326406214179,25.255102040816325,14.0,0.1985163846153846,0.49960180994543685,1.725462,0.001794,0.011397,8.30588853015314,2.8712519361114843,0.3161937278106509,38.36363636363637,30.961643635688596,107,5,45.0,-0.9263208093987316,0.22406160008971782,27.297520661157023,22,0.12289109523809523,0.3993719822939393,1.725462,0.001788,0.005718,14.366129237331322,3.7357858166035305,0.21014379138321995,24.636363636363637,22.734435235002987,54.0,5.0,5.0,-2.305447728244112,0.2674334068533184,21.42148760330579,11.0,0.012663299999999999,0.010696431118731975,0.034375,0.001794,0.009982999999999999,1.0811583513141922,1.4484639726232926,0.0077234800000000004
Unknown,Unknown,./Data\Physical_Interaction\Topology_B\4-Group_dataset\physicalInteraction6_group.csv,47.53846153846154,32.62313949896961,107.0,5.0,63.0,-0.7249445272429109,-0.17251817652200638,26.568047337278106,13.0,0.07127091666666667,0.20656581612492436,0.72683,0.001794,0.0107555,11.96428824125061,3.4569828903798103,0.10925984722222222,37.38095238095238,31.372720937904308,107,5,45.0,-0.8990495865719601,0.3153868480729622,27.75510204081633,21,0.042762549999999996,0.16113322777962832,0.72683,0.001788,0.004191,19.930212370857628,4.461096742559022,0.06840674499999999,24.636363636363637,22.734435235002987,54.0,5.0,5.0,-2.305447728244112,0.2674334068533184,21.42148760330579,11.0,0.012663299999999999,0.010696431118731975,0.034375,0.001794,0.009982999999999999,1.0811583513141922,1.4484639726232926,0.0077234800000000004
Unknown,Unknown,./Data\Physical_Interaction\Topology_B\4-Group_dataset\physicalInteraction6_group.csv,47.53846153846154,32.62313949896961,107.0,5.0,63.0,-0.7249445272429109,-0.17251817652200638,26.568047337278106,13.0,0.07127091666666667,0.20656581612492436,0.72683,0.001794,0.0107555,11.96428824125061,3.4569828903798103,0.10925984722222222,37.38095238095238,31.372720937904308,107,5,45.0,-0.8990495865719601,0.3153868480729622,27.75510204081633,21,0.042762549999999996,0.16113322777962832,0.72683,0.001788,0.004191,19.930212370857628,4.461096742559022,0.06840674499999999,24.636363636363637,22.734435235002987,54.0,5.0,5.0,-2.305447728244112,0.2674334068533184,21.42148760330579,11.0,0.012663299999999999,0.010696431118731975,0.034375,0.001794,0.009982999999999999,1.0811583513141922,1.4484639726232926,0.0077234800000000004
Unknown,Unknown,./Data\Physical_Interaction\Topology_B\4-Group_dataset\physicalInteraction6_group.csv,59.0,0.0,59.0,59.0,59.0,,0.0,0.0,3.0,0.32231,0.0011483414126469632,0.323122,0.321498,0.32231,,,0.0008120000000000072,59.0,0.0,59,59,59.0,,0.0,0.0,3,0.32231,0.0011483414126469632,0.323122,0.321498,0.32231,,,0.0008120000000000072,,,,,,,,,,,,,,,,,
Unknown,Unknown,./Data\Physical_Interaction\Topology_B\4-Group_dataset\physicalInteraction6_group.csv,59.0,0.0,59.0,59.0,59.0,,0.0,0.0,3.0,0.32231,0.0011483414126469632,0.323122,0.321498,0.32231,,,0.0008120000000000072,59.0,0.0,59,59,59.0,,0.0,0.0,3,0.32231,0.0011483414126469632,0.323122,0.321498,0.32231,,,0.0008120000000000072,,,,,,,,,,,,,,,,,
Unknown,Unknown,./Data\Physical_Interaction\Topology_B\4-Group_dataset\physicalInteraction6_group.csv,56.0,6.0,59.0,47.0,59.0,4.0,-1.9999999999999998,4.5,4.0,0.8468323333333334,0.9084996939131753,1.895877,0.321498,0.323122,,1.732044581190856,0.699363111111111,56.0,6.0,59,47,59.0,4.0,-1.9999999999999998,4.5,4,0.8468323333333334,0.9084996939131753,1.895877,0.321498,0.323122,,1.732044581190856,0.699363111111111,,,,,,,,,,,,,,,,,
Unknown,Unknown,./Data\Physical_Interaction\Topology_B\4-Group_dataset\physicalInteraction6_group.csv,55.0,6.928203230275509,59.0,47.0,59.0,,-1.7320508075688774,5.333333333333333,3.0,0.551435,0.32695769033928535,0.782629,0.320241,0.551435,,,0.231194,55.0,6.928203230275509,59,47,59.0,,-1.7320508075688774,5.333333333333333,3,0.551435,0.32695769033928535,0.782629,0.320241,0.551435,,,0.231194,,,,,,,,,,,,,,,,,
Unknown,Unknown,./Data\Physical_Interaction\Topology_B\4-Group_dataset\physicalInteraction6_group.csv,56.0,6.0,59.0,47.0,59.0,4.0,-1.9999999999999998,4.5,4.0,0.4745726666666667,0.2667847830974123,0.782629,0.320241,0.320848,,1.7320407204256234,0.2053708888888889,56.0,6.0,59,47,59.0,4.0,-1.9999999999999998,4.5,4,0.4745726666666667,0.2667847830974123,0.782629,0.320241,0.320848,,1.7320407204256234,0.2053708888888889,,,,,,,,,,,,,,,,,
Unknown,Unknown,./Data\Physical_Interaction\Topology_B\4-Group_dataset\physicalInteraction6_group.csv,59.0,0.0,59.0,59.0,59.0,,0.0,0.0,3.0,0.3205445,0.00042921381618025143,0.320848,0.320241,0.3205445,,,0.0003035000000000121,59.0,0.0,59,59,59.0,,0.0,0.0,3,0.3205445,0.00042921381618025143,0.320848,0.320241,0.3205445,,,0.0003035000000000121,,,,,,,,,,,,,,,,,
Unknown,Unknown,./Data\Physical_Interaction\Topology_B\4-Group_dataset\physicalInteraction6_group.csv,59.0,0.0,59.0,59.0,59.0,,0.0,0.0,3.0,0.32308250000000005,0.004492249380878135,0.326259,0.319906,0.32308250000000005,,,0.0031764999999999988,59.0,0.0,59,59,59.0,,0.0,0.0,3,0.32308250000000005,0.004492249380878135,0.326259,0.319906,0.32308250000000005,,,0.0031764999999999988,,,,,,,,,,,,,,,,,
Unknown,Unknown,./Data\Physical_Interaction\Topology_B\4-Group_dataset\physicalInteraction6_group.csv,59.0,0.0,59.0,59.0,59.0,0.0,0.0,0.0,4.0,0.32243133333333335,0.0033707871978713457,0.326259,0.319906,0.321129,,1.4790861970291191,0.0025517777777777826,59.0,0.0,59,59,59.0,0.0,0.0,0.0,4,0.32243133333333335,0.0033707871978713457,0.326259,0.319906,0.321129,,1.4790861970291191,0.0025517777777777826,,,,,,,,,,,,,,,,,
Unknown,Unknown,./Data\Physical_Interaction\Topology_B\4-Group_dataset\physicalInteraction6_group.csv,59.0,0.0,59.0,59.0,59.0,0.0,0.0,0.0,4.0,0.32243133333333335,0.0033707871978713457,0.326259,0.319906,0.321129,,1.4790861970291191,0.0025517777777777826,59.0,0.0,59,59,59.0,0.0,0.0,0.0,4,0.32243133333333335,0.0033707871978713457,0.326259,0.319906,0.321129,,1.4790861970291191,0.0025517777777777826,,,,,,,,,,,,,,,,,
Unknown,Unknown,./Data\Physical_Interaction\Topology_B\4-Group_dataset\physicalInteraction6_group.csv,59.0,0.0,59.0,59.0,59.0,0.0,0.0,0.0,4.0,0.8930033333333333,0.9887607719753718,2.034722,0.31955,0.324738,,1.7319971625523634,0.7611457777777777,59.0,0.0,59,59,59.0,0.0,0.0,0.0,4,0.8930033333333333,0.9887607719753718,2.034722,0.31955,0.324738,,1.7319971625523634,0.7611457777777777,,,,,,,,,,,,,,,,,
Unknown,Unknown,./Data\Physical_Interaction\Topology_B\4-Group_dataset\physicalInteraction6_group.csv,59.0,0.0,59.0,59.0,59.0,0.0,0.0,0.0,4.0,0.32336633333333337,0.003348302903462202,0.325811,0.31955,0.324738,,-1.534097039413696,0.0025442222222222255,59.0,0.0,59,59,59.0,0.0,0.0,0.0,4,0.32336633333333337,0.003348302903462202,0.325811,0.31955,0.324738,,-1.534097039413696,0.0025442222222222255,,,,,,,,,,,,,,,,,
Unknown,Unknown,./Data\Physical_Interaction\Topology_B\4-Group_dataset\physicalInteraction6_group.csv,56.6,5.366563145999495,59.0,47.0,59.0,5.000000000000007,-2.236067977499791,3.839999999999999,5.0,0.6625000000000001,0.6782728430029713,1.679901,0.31955,0.3252745,3.999675902654456,1.9999024419178557,0.5087005,56.6,5.366563145999495,59,47,59.0,5.000000000000007,-2.236067977499791,3.839999999999999,5,0.6625000000000001,0.6782728430029713,1.679901,0.31955,0.3252745,3.999675902654456,1.9999024419178557,0.5087005,,,,,,,,,,,,,,,,,
Unknown,Unknown,./Data\Physical_Interaction\Topology_B\4-Group_dataset\physicalInteraction6_group.csv,53.0,8.48528137423857,59.0,47.0,53.0,,,6.0,2.0,1.679901,,1.679901,1.679901,1.679901,,,0.0,53.0,8.48528137423857,59,47,53.0,,,6.0,2,1.679901,,1.679901,1.679901,1.679901,,,0.0,,,,,,,,,,,,,,,,,
Unknown,Unknown,./Data\Physical_Interaction\Topology_B\4-Group_dataset\physicalInteraction6_group.csv,29.714285714285715,30.890744491483126,66.0,5.0,5.0,-2.7406621228531503,0.39095593857629546,28.244897959183675,7.0,0.10520233333333333,0.2263529940581009,0.567035,0.007119,0.0122875,5.9809176944964175,2.444559585989969,0.15394422222222223,31.846153846153847,26.523091052408635,66,5,45.0,-2.136167103352,-0.012571871396542922,24.781065088757394,13,0.05277383333333333,0.16204685198021274,0.567035,0.001792,0.0048070000000000005,11.962718310595468,3.4567539786359887,0.08571019444444444,34.333333333333336,23.01014269114094,54.0,5.0,45.0,-1.8711620911137343,-0.8601639658962164,19.555555555555554,6.0,0.0128916,0.004661048304834439,0.021103,0.009969,0.011606,4.408772248364684,2.069423288051044,0.0032845599999999997
Unknown,Unknown,./Data\Physical_Interaction\Topology_B\4-Group_dataset\physicalInteraction6_group.csv,33.375,30.41586756941186,66.0,5.0,32.0,-2.753361848166016,0.020275361980518627,28.375,8.0,0.1815355714285714,0.2889355307549057,0.639535,0.007119,0.014605,-0.7012984649637612,1.2501702728395898,0.24099967346938775,33.785714285714285,26.495801035776832,66,5,45.0,-2.0922989524512015,-0.17159566140263452,24.6734693877551,14,0.09790930769230768,0.22484363598561286,0.639535,0.001792,0.007119,3.371582604400077,2.1964524190290997,0.15550021301775144,34.333333333333336,23.01014269114094,54.0,5.0,45.0,-1.8711620911137343,-0.8601639658962164,19.555555555555554,6.0,0.0128916,0.004661048304834439,0.021103,0.009969,0.011606,4.408772248364684,2.069423288051044,0.0032845599999999997
Unknown,Unknown,./Data\Physical_Interaction\Topology_B\4-Group_dataset\physicalInteraction6_group.csv,33.375,30.41586756941186,66.0,5.0,32.0,-2.753361848166016,0.020275361980518627,28.375,8.0,0.1815355714285714,0.2889355307549057,0.639535,0.007119,0.014605,-0.7012984649637612,1.2501702728395898,0.24099967346938775,33.785714285714285,26.495801035776832,66,5,45.0,-2.0922989524512015,-0.17159566140263452,24.6734693877551,14,0.09790930769230768,0.22484363598561286,0.639535,0.001792,0.007119,3.371582604400077,2.1964524190290997,0.15550021301775144,34.333333333333336,23.01014269114094,54.0,5.0,45.0,-1.8711620911137343,-0.8601639658962164,19.555555555555554,6.0,0.0128916,0.004661048304834439,0.021103,0.009969,0.011606,4.408772248364684,2.069423288051044,0.0032845599999999997
Unknown,Unknown,./Data\Physical_Interaction\Topology_B\4-Group_dataset\physicalInteraction6_group.csv,59.75,1.5,62.0,59.0,59.0,4.0,1.9999999999999998,1.125,4.0,0.8936653333333333,0.9875203475150945,2.033949,0.320161,0.326886,,1.73196044188838,0.760189111111111,59.75,1.5,62,59,59.0,4.0,1.9999999999999998,1.125,4,0.8936653333333333,0.9875203475150945,2.033949,0.320161,0.326886,,1.73196044188838,0.760189111111111,,,,,,,,,,,,,,,,,
Unknown,Unknown,./Data\Physical_Interaction\Topology_B\4-Group_dataset\physicalInteraction6_group.csv,59.75,1.5,62.0,59.0,59.0,4.0,1.9999999999999998,1.125,4.0,0.3215706666666666,0.004769389933034782,0.326886,0.317665,0.320161,,1.2138531017094862,0.003543555555555559,59.75,1.5,62,59,59.0,4.0,1.9999999999999998,1.125,4,0.3215706666666666,0.004769389933034782,0.326886,0.317665,0.320161,,1.2138531017094862,0.003543555555555559,,,,,,,,,,,,,,,,,
Unknown,Unknown,./Data\Physical_Interaction\Topology_B\4-Group_dataset\physicalInteraction6_group.csv,59.75,1.5,62.0,59.0,59.0,4.0,1.9999999999999998,1.125,4.0,0.3215706666666666,0.004769389933034782,0.326886,0.317665,0.320161,,1.2138531017094862,0.003543555555555559,59.75,1.5,62,59,59.0,4.0,1.9999999999999998,1.125,4,0.3215706666666666,0.004769389933034782,0.326886,0.317665,0.320161,,1.2138531017094862,0.003543555555555559,,,,,,,,,,,,,,,,,
Unknown,Unknown,./Data\Physical_Interaction\Topology_B\4-Group_dataset\physicalInteraction6_group.csv,59.0,0.0,59.0,59.0,59.0,,,0.0,2.0,0.318932,,0.318932,0.318932,0.318932,,,0.0,59.0,0.0,59,59,59.0,,,0.0,2,0.318932,,0.318932,0.318932,0.318932,,,0.0,,,,,,,,,,,,,,,,,
Unknown,Unknown,./Data\Physical_Interaction\Topology_B\4-Group_dataset\physicalInteraction6_group.csv,59.0,0.0,59.0,59.0,59.0,,0.0,0.0,3.0,0.320204,0.0017988796513385703,0.321476,0.318932,0.320204,,,0.0012719999999999954,59.0,0.0,59,59,59.0,,0.0,0.0,3,0.320204,0.0017988796513385703,0.321476,0.318932,0.320204,,,0.0012719999999999954,,,,,,,,,,,,,,,,,
Unknown,Unknown,./Data\Physical_Interaction\Topology_B\4-Group_dataset\physicalInteraction6_group.csv,59.0,0.0,59.0,59.0,59.0,,0.0,0.0,3.0,0.320204,0.0017988796513385703,0.321476,0.318932,0.320204,,,0.0012719999999999954,59.0,0.0,59,59,59.0,,0.0,0.0,3,0.320204,0.0017988796513385703,0.321476,0.318932,0.320204,,,0.0012719999999999954,,,,,,,,,,,,,,,,,
Unknown,Unknown,./Data\Physical_Interaction\Topology_B\4-Group_dataset\physicalInteraction6_group.csv,63.0,6.928203230275509,71.0,59.0,59.0,,1.7320508075688774,5.333333333333333,3.0,1.3436635000000001,1.6646799766575258,2.52077,0.166557,1.3436635000000001,,,1.1771065,63.0,6.928203230275509,71,59,59.0,,1.7320508075688774,5.333333333333333,3,1.3436635000000001,1.6646799766575258,2.52077,0.166557,1.3436635000000001,,,1.1771065,,,,,,,,,,,,,,,,,
Unknown,Unknown,./Data\Physical_Interaction\Topology_B\4-Group_dataset\physicalInteraction6_group.csv,63.0,6.928203230275509,71.0,59.0,59.0,,1.7320508075688774,5.333333333333333,3.0,0.24353550000000002,0.10886403871113731,0.320514,0.166557,0.24353550000000002,,,0.0769785,63.0,6.928203230275509,71,59,59.0,,1.7320508075688774,5.333333333333333,3,0.24353550000000002,0.10886403871113731,0.320514,0.166557,0.24353550000000002,,,0.0769785,,,,,,,,,,,,,,,,,
Unknown,Unknown,./Data\Physical_Interaction\Topology_B\4-Group_dataset\physicalInteraction6_group.csv,63.0,6.928203230275509,71.0,59.0,59.0,,1.7320508075688774,5.333333333333333,3.0,0.24353550000000002,0.10886403871113731,0.320514,0.166557,0.24353550000000002,,,0.0769785,63.0,6.928203230275509,71,59,59.0,,1.7320508075688774,5.333333333333333,3,0.24353550000000002,0.10886403871113731,0.320514,0.166557,0.24353550000000002,,,0.0769785,,,,,,,,,,,,,,,,,
Unknown,Unknown,./Data\Physical_Interaction\Topology_B\4-Group_dataset\physicalInteraction6_group.csv,55.0,6.928203230275509,59.0,47.0,59.0,,-1.7320508075688774,5.333333333333333,3.0,0.36681600000000003,0.06542717624962888,0.41308,0.320552,0.36681600000000003,,,0.046264,55.0,6.928203230275509,59,47,59.0,,-1.7320508075688774,5.333333333333333,3,0.36681600000000003,0.06542717624962888,0.41308,0.320552,0.36681600000000003,,,0.046264,,,,,,,,,,,,,,,,,
Unknown,Unknown,./Data\Physical_Interaction\Topology_B\4-Group_dataset\physicalInteraction6_group.csv,56.0,6.0,59.0,47.0,59.0,4.0,-1.9999999999999998,4.5,4.0,0.35425633333333334,0.05112331538870824,0.41308,0.320552,0.329137,,1.6772639970929155,0.03921577777777777,56.0,6.0,59,47,59.0,4.0,-1.9999999999999998,4.5,4,0.35425633333333334,0.05112331538870824,0.41308,0.320552,0.329137,,1.6772639970929155,0.03921577777777777,,,,,,,,,,,,,,,,,
Unknown,Unknown,./Data\Physical_Interaction\Topology_B\4-Group_dataset\physicalInteraction6_group.csv,56.0,6.0,59.0,47.0,59.0,4.0,-1.9999999999999998,4.5,4.0,0.35425633333333334,0.05112331538870824,0.41308,0.320552,0.329137,,1.6772639970929155,0.03921577777777777,56.0,6.0,59,47,59.0,4.0,-1.9999999999999998,4.5,4,0.35425633333333334,0.05112331538870824,0.41308,0.320552,0.329137,,1.6772639970929155,0.03921577777777777,,,,,,,,,,,,,,,,,
Unknown,Unknown,./Data\Physical_Interaction\Topology_B\4-Group_dataset\physicalInteraction6_group.csv,59.0,0.0,59.0,59.0,59.0,0.0,0.0,0.0,4.0,0.8901246666666668,0.9869429290148106,2.029748,0.319731,0.320895,,1.7320480971590215,0.7597488888888889,59.0,0.0,59,59,59.0,0.0,0.0,0.0,4,0.8901246666666668,0.9869429290148106,2.029748,0.319731,0.320895,,1.7320480971590215,0.7597488888888889,,,,,,,,,,,,,,,,,
Unknown,Unknown,./Data\Physical_Interaction\Topology_B\4-Group_dataset\physicalInteraction6_group.csv,59.0,0.0,59.0,59.0,59.0,0.0,0.0,0.0,4.0,0.320062,0.0007264482087526866,0.320895,0.31956,0.319731,,1.6247077585761,0.0005553333333333336,59.0,0.0,59,59,59.0,0.0,0.0,0.0,4,0.320062,0.0007264482087526866,0.320895,0.31956,0.319731,,1.6247077585761,0.0005553333333333336,,,,,,,,,,,,,,,,,
Unknown,Unknown,./Data\Physical_Interaction\Topology_B\4-Group_dataset\physicalInteraction6_group.csv,59.0,0.0,59.0,59.0,59.0,0.0,0.0,0.0,4.0,0.320062,0.0007264482087526866,0.320895,0.31956,0.319731,,1.6247077585761,0.0005553333333333336,59.0,0.0,59,59,59.0,0.0,0.0,0.0,4,0.320062,0.0007264482087526866,0.320895,0.31956,0.319731,,1.6247077585761,0.0005553333333333336,,,,,,,,,,,,,,,,,
Unknown,Unknown,./Data\Physical_Interaction\Topology_B\4-Group_dataset\physicalInteraction6_group.csv,39.142857142857146,32.137354026265506,71.0,5.0,59.0,-2.728480579928875,-0.32543183655660524,29.26530612244898,7.0,0.42203216666666665,0.701903899495769,1.739164,0.007109,0.031446,2.7507329489035772,1.7781697840589659,0.5352775555555555,36.25,28.361705936638643,71,5,48.5,-2.0956590541829927,-0.20661863875622422,26.041666666666668,12,0.23019936363636367,0.5413595819584747,1.737083,0.002016,0.007665,6.991264848730139,2.6431202863899106,0.35995495867768595,27.666666666666668,25.00933159176124,54.0,5.0,25.0,-3.1837548790685375,0.05637631341070491,22.666666666666668,6.0,0.018408400000000002,0.0093349196193647,0.028828,0.007665,0.01671,-2.5659625209906576,0.1287276762019132,0.007666080000000001
Unknown,Unknown,./Data\Physical_Interaction\Topology_B\4-Group_dataset\physicalInteraction6_group.csv,35.833333333333336,33.87280128165763,71.0,5.0,34.0,-3.2650061597760933,0.02356991055936476,30.833333333333332,6.0,0.1586058,0.30884539051959314,0.710733,0.007109,0.031227,4.974559767603447,2.228939306861332,0.22085087999999997,34.18181818181818,28.781307064892594,71,5,45.0,-2.177015359922487,-0.017893507600852225,26.52892561983471,11,0.079511,0.21932569563398935,0.703068,0.002016,0.0073869999999999995,9.942166368822438,3.149972253285184,0.1247114,27.666666666666668,25.00933159176124,54.0,5.0,25.0,-3.1837548790685375,0.05637631341070491,22.666666666666668,6.0,0.018408400000000002,0.0093349196193647,0.028828,0.007665,0.01671,-2.5659625209906576,0.1287276762019132,0.007666080000000001
Unknown,Unknown,./Data\Physical_Interaction\Topology_B\4-Group_dataset\physicalInteraction6_group.csv,35.833333333333336,33.87280128165763,71.0,5.0,34.0,-3.2650061597760933,0.02356991055936476,30.833333333333332,6.0,0.1586058,0.30884539051959314,0.710733,0.007109,0.031227,4.974559767603447,2.228939306861332,0.22085087999999997,34.18181818181818,28.781307064892594,71,5,45.0,-2.177015359922487,-0.017893507600852225,26.52892561983471,11,0.079511,0.21932569563398935,0.703068,0.002016,0.0073869999999999995,9.942166368822438,3.149972253285184,0.1247114,27.666666666666668,25.00933159176124,54.0,5.0,25.0,-3.1837548790685375,0.05637631341070491,22.666666666666668,6.0,0.018408400000000002,0.0093349196193647,0.028828,0.007665,0.01671,-2.5659625209906576,0.1287276762019132,0.007666080000000001
Unknown,Unknown,./Data\Physical_Interaction\Topology_B\4-Group_dataset\physicalInteraction6_group.csv,58.333333333333336,1.1547005383792517,59.0,57.0,59.0,,-1.7320508075688956,0.8888888888888881,3.0,0.7775655,0.6283131654521494,1.22185,0.333281,0.7775655,,,0.4442845000000001,58.333333333333336,1.1547005383792517,59,57,59.0,,-1.7320508075688956,0.8888888888888881,3,0.7775655,0.6283131654521494,1.22185,0.333281,0.7775655,,,0.4442845000000001,,,,,,,,,,,,,,,,,
Unknown,Unknown,./Data\Physical_Interaction\Topology_B\4-Group_dataset\physicalInteraction6_group.csv,58.6,0.8944271909999159,59.0,57.0,59.0,5.000000000000046,-2.2360679774997982,0.6399999999999991,5.0,0.54933575,0.4483798775044624,1.22185,0.32046,0.3275165,3.9966669955273595,1.999011579265004,0.33625712500000005,58.6,0.8944271909999159,59,57,59.0,5.000000000000046,-2.2360679774997982,0.6399999999999991,5,0.54933575,0.4483798775044624,1.22185,0.32046,0.3275165,3.9966669955273595,1.999011579265004,0.33625712500000005,,,,,,,,,,,,,,,,,
Unknown,Unknown,./Data\Physical_Interaction\Topology_B\4-Group_dataset\physicalInteraction6_group.csv,59.0,0.0,59.0,59.0,59.0,0.0,0.0,0.0,4.0,0.32516433333333333,0.007058861404882039,0.333281,0.32046,0.321752,,1.6670007496370987,0.005411111111111107,59.0,0.0,59,59,59.0,0.0,0.0,0.0,4,0.32516433333333333,0.007058861404882039,0.333281,0.32046,0.321752,,1.6670007496370987,0.005411111111111107,,,,,,,,,,,,,,,,,
Unknown,Unknown,./Data\Physical_Interaction\Topology_B\4-Group_dataset\physicalInteraction6_group.csv,57.0,4.898979485566356,59.0,47.0,59.0,6.0,-2.449489742783178,3.3333333333333335,6.0,0.5941624000000001,0.8095416284779925,2.025118,0.022608,0.319856,4.573517660493,2.0985116976673903,0.57238224,57.0,4.898979485566356,59,47,59.0,6.0,-2.449489742783178,3.3333333333333335,6,0.5941624000000001,0.8095416284779925,2.025118,0.022608,0.319856,4.573517660493,2.0985116976673903,0.57238224,,,,,,,,,,,,,,,,,
Unknown,Unknown,./Data\Physical_Interaction\Topology_B\4-Group_dataset\physicalInteraction6_group.csv,56.6,5.366563145999495,59.0,47.0,59.0,5.0000000000000036,-2.2360679774997916,3.839999999999999,5.0,0.235801,0.14314832610035416,0.319856,0.022608,0.30037,3.6960865373288634,-1.917652065156342,0.10659649999999998,56.6,5.366563145999495,59,47,59.0,5.0000000000000036,-2.2360679774997916,3.839999999999999,5,0.235801,0.14314832610035416,0.319856,0.022608,0.30037,3.6960865373288634,-1.917652065156342,0.10659649999999998,,,,,,,,,,,,,,,,,
Unknown,Unknown,./Data\Physical_Interaction\Topology_B\4-Group_dataset\physicalInteraction6_group.csv,56.6,5.366563145999495,59.0,47.0,59.0,5.0000000000000036,-2.2360679774997916,3.839999999999999,5.0,0.235801,0.14314832610035416,0.319856,0.022608,0.30037,3.6960865373288634,-1.917652065156342,0.10659649999999998,56.6,5.366563145999495,59,47,59.0,5.0000000000000036,-2.2360679774997916,3.839999999999999,5,0.235801,0.14314832610035416,0.319856,0.022608,0.30037,3.6960865373288634,-1.917652065156342,0.10659649999999998,,,,,,,,,,,,,,,,,
Unknown,Unknown,./Data\Physical_Interaction\Topology_B\4-Group_dataset\physicalInteraction6_group.csv,59.0,0.0,59.0,59.0,59.0,,0.0,0.0,3.0,0.3190115,0.0010033845225037134,0.319721,0.318302,0.3190115,,,0.0007095000000000018,59.0,0.0,59,59,59.0,,0.0,0.0,3,0.3190115,0.0010033845225037134,0.319721,0.318302,0.3190115,,,0.0007095000000000018,,,,,,,,,,,,,,,,,
Unknown,Unknown,./Data\Physical_Interaction\Topology_B\4-Group_dataset\physicalInteraction6_group.csv,59.0,0.0,59.0,59.0,59.0,0.0,0.0,0.0,4.0,0.31930233333333335,0.0008701392608849178,0.319884,0.318302,0.319721,,-1.6639241383283443,0.0006668888888888835,59.0,0.0,59,59,59.0,0.0,0.0,0.0,4,0.31930233333333335,0.0008701392608849178,0.319884,0.318302,0.319721,,-1.6639241383283443,0.0006668888888888835,,,,,,,,,,,,,,,,,
Unknown,Unknown,./Data\Physical_Interaction\Topology_B\4-Group_dataset\physicalInteraction6_group.csv,59.0,0.0,59.0,59.0,59.0,0.0,0.0,0.0,4.0,0.31930233333333335,0.0008701392608849178,0.319884,0.318302,0.319721,,-1.6639241383283443,0.0006668888888888835,59.0,0.0,59,59,59.0,0.0,0.0,0.0,4,0.31930233333333335,0.0008701392608849178,0.319884,0.318302,0.319721,,-1.6639241383283443,0.0006668888888888835,,,,,,,,,,,,,,,,,
Unknown,Unknown,./Data\Physical_Interaction\Topology_B\4-Group_dataset\physicalInteraction6_group.csv,59.0,0.0,59.0,59.0,59.0,0.0,0.0,0.0,4.0,0.8934300000000001,0.9945474023227853,2.041833,0.317664,0.320793,,1.7320315202059091,0.765602,59.0,0.0,59,59,59.0,0.0,0.0,0.0,4,0.8934300000000001,0.9945474023227853,2.041833,0.317664,0.320793,,1.7320315202059091,0.765602,,,,,,,,,,,,,,,,,
Unknown,Unknown,./Data\Physical_Interaction\Topology_B\4-Group_dataset\physicalInteraction6_group.csv,59.0,0.0,59.0,59.0,59.0,0.0,0.0,0.0,4.0,0.31912633333333335,0.001574475891632935,0.320793,0.317664,0.318922,,0.5741677794389994,0.0011111111111111183,59.0,0.0,59,59,59.0,0.0,0.0,0.0,4,0.31912633333333335,0.001574475891632935,0.320793,0.317664,0.318922,,0.5741677794389994,0.0011111111111111183,,,,,,,,,,,,,,,,,
Unknown,Unknown,./Data\Physical_Interaction\Topology_B\4-Group_dataset\physicalInteraction6_group.csv,59.0,0.0,59.0,59.0,59.0,0.0,0.0,0.0,4.0,0.31912633333333335,0.001574475891632935,0.320793,0.317664,0.318922,,0.5741677794389994,0.0011111111111111183,59.0,0.0,59,59,59.0,0.0,0.0,0.0,4,0.31912633333333335,0.001574475891632935,0.320793,0.317664,0.318922,,0.5741677794389994,0.0011111111111111183,,,,,,,,,,,,,,,,,
Unknown,Unknown,./Data\Physical_Interaction\Topology_B\4-Group_dataset\physicalInteraction6_group.csv,53.0,8.48528137423857,59.0,47.0,53.0,,,6.0,2.0,2.216915,,2.216915,2.216915,2.216915,,,0.0,53.0,8.48528137423857,59,47,53.0,,,6.0,2,2.216915,,2.216915,2.216915,2.216915,,,0.0,,,,,,,,,,,,,,,,,
Unknown,Unknown,./Data\Physical_Interaction\Topology_B\4-Group_dataset\physicalInteraction6_group.csv,33.1,29.696427020397213,66.0,5.0,32.0,-2.532474699123976,0.01868877973480146,28.1,10.0,0.10647177777777778,0.14147082864390964,0.323561,0.005813,0.025801,-1.2152915969154536,0.9677158771481047,0.12332414814814813,32.8,27.32136788041812,66,5,45.0,-2.1912089358725835,-0.05609472775383493,25.946666666666665,15,0.06859492857142857,0.12276623438844078,0.323561,0.001791,0.0072510000000000005,1.0618500475786297,1.658948007698565,0.09551274489795918,24.428571428571427,24.384811822506396,54.0,5.0,5.0,-2.6393820551190172,0.4214479110985002,22.20408163265306,7.0,0.014325833333333335,0.00776476975619153,0.025544,0.004022,0.0117415,-0.5458222571944127,0.3859696012922667,0.006064444444444445
Unknown,Unknown,./Data\Physical_Interaction\Topology_B\4-Group_dataset\physicalInteraction6_group.csv,33.1,29.696427020397213,66.0,5.0,32.0,-2.532474699123976,0.01868877973480146,28.1,10.0,0.10647177777777778,0.14147082864390964,0.323561,0.005813,0.025801,-1.2152915969154536,0.9677158771481047,0.12332414814814813,32.8,27.32136788041812,66,5,45.0,-2.1912089358725835,-0.05609472775383493,25.946666666666665,15,0.06859492857142857,0.12276623438844078,0.323561,0.001791,0.0072510000000000005,1.0618500475786297,1.658948007698565,0.09551274489795918,24.428571428571427,24.384811822506396,54.0,5.0,5.0,-2.6393820551190172,0.4214479110985002,22.20408163265306,7.0,0.014325833333333335,0.00776476975619153,0.025544,0.004022,0.0117415,-0.5458222571944127,0.3859696012922667,0.006064444444444445
Unknown,Unknown,./Data\Physical_Interaction\Topology_B\4-Group_dataset\physicalInteraction6_group.csv,33.1,29.696427020397213,66.0,5.0,32.0,-2.532474699123976,0.01868877973480146,28.1,10.0,0.10647177777777778,0.14147082864390964,0.323561,0.005813,0.025801,-1.2152915969154536,0.9677158771481047,0.12332414814814813,32.8,27.32136788041812,66,5,45.0,-2.1912089358725835,-0.05609472775383493,25.946666666666665,15,0.06859492857142857,0.12276623438844078,0.323561,0.001791,0.0072510000000000005,1.0618500475786297,1.658948007698565,0.09551274489795918,24.428571428571427,24.384811822506396,54.0,5.0,5.0,-2.6393820551190172,0.4214479110985002,22.20408163265306,7.0,0.014325833333333335,0.00776476975619153,0.025544,0.004022,0.0117415,-0.5458222571944127,0.3859696012922667,0.006064444444444445
Unknown,Unknown,./Data\Physical_Interaction\Topology_B\4-Group_dataset\physicalInteraction6_group.csv,59.0,0.0,59.0,59.0,59.0,,0.0,0.0,3.0,0.319889,0.000814587011926893,0.320465,0.319313,0.319889,,,0.0005759999999999932,59.0,0.0,59,59,59.0,,0.0,0.0,3,0.319889,0.000814587011926893,0.320465,0.319313,0.319889,,,0.0005759999999999932,,,,,,,,,,,,,,,,,
Unknown,Unknown,./Data\Physical_Interaction\Topology_B\4-Group_dataset\physicalInteraction6_group.csv,59.0,0.0,59.0,59.0,59.0,0.0,0.0,0.0,4.0,0.3204113333333333,0.0010725074980312906,0.321456,0.319313,0.320465,,-0.22460945056692752,0.0007322222222222267,59.0,0.0,59,59,59.0,0.0,0.0,0.0,4,0.3204113333333333,0.0010725074980312906,0.321456,0.319313,0.320465,,-0.22460945056692752,0.0007322222222222267,,,,,,,,,,,,,,,,,
Unknown,Unknown,./Data\Physical_Interaction\Topology_B\4-Group_dataset\physicalInteraction6_group.csv,59.0,0.0,59.0,59.0,59.0,0.0,0.0,0.0,4.0,0.3204113333333333,0.0010725074980312906,0.321456,0.319313,0.320465,,-0.22460945056692752,0.0007322222222222267,59.0,0.0,59,59,59.0,0.0,0.0,0.0,4,0.3204113333333333,0.0010725074980312906,0.321456,0.319313,0.320465,,-0.22460945056692752,0.0007322222222222267,,,,,,,,,,,,,,,,,
Unknown,Unknown,./Data\Physical_Interaction\Topology_B\4-Group_dataset\physicalInteraction6_group.csv,52.5,10.606601717798213,60.0,45.0,52.5,,,7.5,2.0,0.063754,,0.063754,0.063754,0.063754,,,0.0,35.833333333333336,24.375534182180843,60,5,47.5,-1.8157480098117684,-0.788273443020824,20.555555555555554,6,0.013115200000000002,0.020510000260848368,0.049619,0.001822,0.004912,4.796780075240026,2.1803822795239722,0.014601520000000002,27.5,25.98076211353316,50.0,5.0,27.5,-6.0,0.0,22.5,4.0,0.021091,0.024780078954676477,0.049619,0.004912,0.008742,,1.6856183399044617,0.019018666666666666
Unknown,Unknown,./Data\Physical_Interaction\Topology_B\4-Group_dataset\physicalInteraction6_group.csv,55.75,7.182153808805081,60.0,45.0,59.0,3.918154509462081,-1.973793773549957,5.375,4.0,0.300532,0.22830023913259487,0.519286,0.063754,0.318556,,-0.35305465677675185,0.15785200000000002,41.625,23.225217206427033,60,5,50.0,-0.2986590854615718,-1.2216317166634745,18.3125,8,0.1287994285714286,0.20642373475762354,0.517464,0.001822,0.00692,1.0582245745672711,1.519093855901346,0.1652631836734694,27.5,25.98076211353316,50.0,5.0,27.5,-6.0,0.0,22.5,4.0,0.021091,0.024780078954676477,0.049619,0.004912,0.008742,,1.6856183399044617,0.019018666666666666
Unknown,Unknown,./Data\Physical_Interaction\Topology_B\4-Group_dataset\physicalInteraction6_group.csv,55.75,7.182153808805081,60.0,45.0,59.0,3.918154509462081,-1.973793773549957,5.375,4.0,0.300532,0.22830023913259487,0.519286,0.063754,0.318556,,-0.35305465677675185,0.15785200000000002,41.625,23.225217206427033,60,5,50.0,-0.2986590854615718,-1.2216317166634745,18.3125,8,0.1287994285714286,0.20642373475762354,0.517464,0.001822,0.00692,1.0582245745672711,1.519093855901346,0.1652631836734694,27.5,25.98076211353316,50.0,5.0,27.5,-6.0,0.0,22.5,4.0,0.021091,0.024780078954676477,0.049619,0.004912,0.008742,,1.6856183399044617,0.019018666666666666
Unknown,Unknown,./Data\Physical_Interaction\Topology_B\4-Group_dataset\physicalInteraction6_group.csv,61.4,5.366563145999495,71.0,59.0,59.0,5.000000000000007,2.236067977499791,3.839999999999999,5.0,0.7163440000000001,0.8857250534324973,2.040951,0.178065,0.32318,3.8873984963272754,1.9635357454460598,0.6623035000000002,61.4,5.366563145999495,71,59,59.0,5.000000000000007,2.236067977499791,3.839999999999999,5,0.7163440000000001,0.8857250534324973,2.040951,0.178065,0.32318,3.8873984963272754,1.9635357454460598,0.6623035000000002,,,,,,,,,,,,,,,,,
Unknown,Unknown,./Data\Physical_Interaction\Topology_B\4-Group_dataset\physicalInteraction6_group.csv,61.4,5.366563145999495,71.0,59.0,59.0,5.000000000000005,2.2360679774997916,3.839999999999999,5.0,0.241819,0.09495919375184268,0.327804,0.143106,0.248183,-5.286633287338299,-0.10737502213144387,0.08123349999999999,61.4,5.366563145999495,71,59,59.0,5.000000000000005,2.2360679774997916,3.839999999999999,5,0.241819,0.09495919375184268,0.327804,0.143106,0.248183,-5.286633287338299,-0.10737502213144387,0.08123349999999999,,,,,,,,,,,,,,,,,
Unknown,Unknown,./Data\Physical_Interaction\Topology_B\4-Group_dataset\physicalInteraction6_group.csv,61.4,5.366563145999495,71.0,59.0,59.0,5.000000000000005,2.2360679774997916,3.839999999999999,5.0,0.241819,0.09495919375184268,0.327804,0.143106,0.248183,-5.286633287338299,-0.10737502213144387,0.08123349999999999,61.4,5.366563145999495,71,59,59.0,5.000000000000005,2.2360679774997916,3.839999999999999,5,0.241819,0.09495919375184268,0.327804,0.143106,0.248183,-5.286633287338299,-0.10737502213144387,0.08123349999999999,,,,,,,,,,,,,,,,,
Unknown,Unknown,./Data\Physical_Interaction\Topology_B\4-Group_dataset\physicalInteraction6_group.csv,59.0,0.0,59.0,59.0,59.0,,,0.0,2.0,0.318301,,0.318301,0.318301,0.318301,,,0.0,59.0,0.0,59,59,59.0,,,0.0,2,0.318301,,0.318301,0.318301,0.318301,,,0.0,,,,,,,,,,,,,,,,,
Unknown,Unknown,./Data\Physical_Interaction\Topology_B\4-Group_dataset\physicalInteraction6_group.csv,55.0,6.928203230275509,59.0,47.0,59.0,,-1.7320508075688774,5.333333333333333,3.0,0.1588485,0.17347804216240165,0.281516,0.036181,0.1588485,,,0.1226675,55.0,6.928203230275509,59,47,59.0,,-1.7320508075688774,5.333333333333333,3,0.1588485,0.17347804216240165,0.281516,0.036181,0.1588485,,,0.1226675,,,,,,,,,,,,,,,,,
Unknown,Unknown,./Data\Physical_Interaction\Topology_B\4-Group_dataset\physicalInteraction6_group.csv,56.0,6.0,59.0,47.0,59.0,4.0,-1.9999999999999998,4.5,4.0,0.21276799999999998,0.15417280239069406,0.320607,0.036181,0.281516,,-1.6076217107008342,0.11772466666666666,56.0,6.0,59,47,59.0,4.0,-1.9999999999999998,4.5,4,0.21276799999999998,0.15417280239069406,0.320607,0.036181,0.281516,,-1.6076217107008342,0.11772466666666666,,,,,,,,,,,,,,,,,
Unknown,Unknown,./Data\Physical_Interaction\Topology_B\4-Group_dataset\physicalInteraction6_group.csv,56.0,6.0,59.0,47.0,59.0,4.0,-1.9999999999999998,4.5,4.0,0.21276799999999998,0.15417280239069406,0.320607,0.036181,0.281516,,-1.6076217107008342,0.11772466666666666,56.0,6.0,59,47,59.0,4.0,-1.9999999999999998,4.5,4,0.21276799999999998,0.15417280239069406,0.320607,0.036181,0.281516,,-1.6076217107008342,0.11772466666666666,,,,,,,,,,,,,,,,,
Unknown,Unknown,./Data\Physical_Interaction\Topology_B\4-Group_dataset\physicalInteraction6_group.csv,59.0,0.0,59.0,59.0,59.0,0.0,0.0,0.0,4.0,0.893407,0.9925414863606459,2.039494,0.318934,0.321793,,1.7320346400361726,0.764058,59.0,0.0,59,59,59.0,0.0,0.0,0.0,4,0.893407,0.9925414863606459,2.039494,0.318934,0.321793,,1.7320346400361726,0.764058,,,,,,,,,,,,,,,,,
Unknown,Unknown,./Data\Physical_Interaction\Topology_B\4-Group_dataset\physicalInteraction6_group.csv,59.0,0.0,59.0,59.0,59.0,0.0,0.0,0.0,4.0,0.3201956666666667,0.0014587578048920046,0.321793,0.318934,0.31986,,0.9806439092807105,0.0010648888888889114,59.0,0.0,59,59,59.0,0.0,0.0,0.0,4,0.3201956666666667,0.0014587578048920046,0.321793,0.318934,0.31986,,0.9806439092807105,0.0010648888888889114,,,,,,,,,,,,,,,,,
Unknown,Unknown,./Data\Physical_Interaction\Topology_B\4-Group_dataset\physicalInteraction6_group.csv,59.0,0.0,59.0,59.0,59.0,0.0,0.0,0.0,4.0,0.3201956666666667,0.0014587578048920046,0.321793,0.318934,0.31986,,0.9806439092807105,0.0010648888888889114,59.0,0.0,59,59,59.0,0.0,0.0,0.0,4,0.3201956666666667,0.0014587578048920046,0.321793,0.318934,0.31986,,0.9806439092807105,0.0010648888888889114,,,,,,,,,,,,,,,,,
Unknown,Unknown,./Data\Physical_Interaction\Topology_B\4-Group_dataset\physicalInteraction6_group.csv,38.333333333333336,31.776563690871296,71.0,5.0,59.0,-2.5219183172395105,-0.23591114019868573,29.629629629629633,9.0,0.32610312500000005,0.6298244592751762,1.728733,0.005228,0.0171335,3.7671046563272803,2.044266235633256,0.4687311875000001,38.888888888888886,25.706233825987418,71,5,48.5,-1.557764361964955,-0.49673363895315087,22.59259259259259,18,0.15346029411764708,0.4485737180937718,1.726653,0.000718,0.002495,10.5259430308002,3.2277455099699837,0.26095651903114186,39.44444444444444,19.843834754849624,54.0,5.0,45.0,0.5028682982825012,-1.4848593477587781,15.30864197530864,9.0,0.010248875000000001,0.008066152179456006,0.02262,0.000718,0.0092975,-1.022345801753489,0.564699626423544,0.0064548750000000005
Unknown,Unknown,./Data\Physical_Interaction\Topology_B\4-Group_dataset\physicalInteraction6_group.csv,35.75,32.944758958856305,71.0,5.0,34.0,-2.7618309888527137,0.016472377695838522,30.75,8.0,0.12572742857142857,0.2967401900180567,0.798398,0.005228,0.011928,6.981780686942445,2.6412675634183356,0.1921915918367347,37.705882352941174,25.98741211116055,71,5,45.0,-1.6624935750724648,-0.39255629044143814,23.08650519031142,17,0.055135750000000004,0.19830537790236552,0.798398,0.000718,0.002447,15.959938873785955,3.993004777972693,0.09290778125000002,39.44444444444444,19.843834754849624,54.0,5.0,45.0,0.5028682982825012,-1.4848593477587781,15.30864197530864,9.0,0.010248875000000001,0.008066152179456006,0.02262,0.000718,0.0092975,-1.022345801753489,0.564699626423544,0.0064548750000000005
Unknown,Unknown,./Data\Physical_Interaction\Topology_B\4-Group_dataset\physicalInteraction6_group.csv,35.75,32.944758958856305,71.0,5.0,34.0,-2.7618309888527137,0.016472377695838522,30.75,8.0,0.12572742857142857,0.2967401900180567,0.798398,0.005228,0.011928,6.981780686942445,2.6412675634183356,0.1921915918367347,37.705882352941174,25.98741211116055,71,5,45.0,-1.6624935750724648,-0.39255629044143814,23.08650519031142,17,0.055135750000000004,0.19830537790236552,0.798398,0.000718,0.002447,15.959938873785955,3.993004777972693,0.09290778125000002,39.44444444444444,19.843834754849624,54.0,5.0,45.0,0.5028682982825012,-1.4848593477587781,15.30864197530864,9.0,0.010248875000000001,0.008066152179456006,0.02262,0.000718,0.0092975,-1.022345801753489,0.564699626423544,0.0064548750000000005
Unknown,Unknown,./Data\Physical_Interaction\Topology_B\4-Group_dataset\physicalInteraction6_group.csv,56.333333333333336,4.618802153517007,59.0,51.0,59.0,,-1.7320508075688823,3.555555555555555,3.0,1.2165430000000002,1.260235403915475,2.107664,0.325422,1.2165430000000002,,,0.891121,56.333333333333336,4.618802153517007,59,51,59.0,,-1.7320508075688823,3.555555555555555,3,1.2165430000000002,1.260235403915475,2.107664,0.325422,1.2165430000000002,,,0.891121,,,,,,,,,,,,,,,,,
Unknown,Unknown,./Data\Physical_Interaction\Topology_B\4-Group_dataset\physicalInteraction6_group.csv,59.0,0.0,59.0,59.0,59.0,0.0,0.0,0.0,4.0,0.3216003333333333,0.003399073746380512,0.325422,0.318915,0.320464,,1.3362493470832704,0.00254777777777776,59.0,0.0,59,59,59.0,0.0,0.0,0.0,4,0.3216003333333333,0.003399073746380512,0.325422,0.318915,0.320464,,1.3362493470832704,0.00254777777777776,,,,,,,,,,,,,,,,,
Unknown,Unknown,./Data\Physical_Interaction\Topology_B\4-Group_dataset\physicalInteraction6_group.csv,59.0,0.0,59.0,59.0,59.0,0.0,0.0,0.0,4.0,0.3216003333333333,0.003399073746380512,0.325422,0.318915,0.320464,,1.3362493470832704,0.00254777777777776,59.0,0.0,59,59,59.0,0.0,0.0,0.0,4,0.3216003333333333,0.003399073746380512,0.325422,0.318915,0.320464,,1.3362493470832704,0.00254777777777776,,,,,,,,,,,,,,,,,
Unknown,Unknown,./Data\Physical_Interaction\Topology_B\4-Group_dataset\physicalInteraction6_group.csv,59.0,0.0,59.0,59.0,59.0,,,0.0,2.0,0.318915,,0.318915,0.318915,0.318915,,,0.0,59.0,0.0,59,59,59.0,,,0.0,2,0.318915,,0.318915,0.318915,0.318915,,,0.0,,,,,,,,,,,,,,,,,
Unknown,Unknown,./Data\Physical_Interaction\Topology_B\4-Group_dataset\physicalInteraction6_group.csv,59.0,0.0,59.0,59.0,59.0,,,0.0,2.0,0.32257,,0.32257,0.32257,0.32257,,,0.0,59.0,0.0,59,59,59.0,,,0.0,2,0.32257,,0.32257,0.32257,0.32257,,,0.0,,,,,,,,,,,,,,,,,
Unknown,Unknown,./Data\Physical_Interaction\Topology_B\4-Group_dataset\physicalInteraction6_group.csv,59.0,0.0,59.0,59.0,59.0,,0.0,0.0,3.0,0.4813135,0.2244972106385734,0.640057,0.32257,0.4813135,,,0.15874349999999998,59.0,0.0,59,59,59.0,,0.0,0.0,3,0.4813135,0.2244972106385734,0.640057,0.32257,0.4813135,,,0.15874349999999998,,,,,,,,,,,,,,,,,
Unknown,Unknown,./Data\Physical_Interaction\Topology_B\4-Group_dataset\physicalInteraction6_group.csv,59.0,0.0,59.0,59.0,59.0,,0.0,0.0,3.0,0.4813135,0.2244972106385734,0.640057,0.32257,0.4813135,,,0.15874349999999998,59.0,0.0,59,59,59.0,,0.0,0.0,3,0.4813135,0.2244972106385734,0.640057,0.32257,0.4813135,,,0.15874349999999998,,,,,,,,,,,,,,,,,
Unknown,Unknown,./Data\Physical_Interaction\Topology_B\4-Group_dataset\physicalInteraction6_group.csv,59.0,0.0,59.0,59.0,59.0,0.0,0.0,0.0,4.0,0.8898303333333333,0.9872007996007364,2.02975,0.318202,0.321539,,1.732028543012342,0.7599464444444445,59.0,0.0,59,59,59.0,0.0,0.0,0.0,4,0.8898303333333333,0.9872007996007364,2.02975,0.318202,0.321539,,1.732028543012342,0.7599464444444445,,,,,,,,,,,,,,,,,
Unknown,Unknown,./Data\Physical_Interaction\Topology_B\4-Group_dataset\physicalInteraction6_group.csv,59.0,0.0,59.0,59.0,59.0,0.0,0.0,0.0,4.0,0.319993,0.0016819366813290155,0.321539,0.318202,0.320238,,-0.641585805459948,0.00119400000000001,59.0,0.0,59,59,59.0,0.0,0.0,0.0,4,0.319993,0.0016819366813290155,0.321539,0.318202,0.320238,,-0.641585805459948,0.00119400000000001,,,,,,,,,,,,,,,,,
Unknown,Unknown,./Data\Physical_Interaction\Topology_B\4-Group_dataset\physicalInteraction6_group.csv,59.0,0.0,59.0,59.0,59.0,0.0,0.0,0.0,4.0,0.319993,0.0016819366813290155,0.321539,0.318202,0.320238,,-0.641585805459948,0.00119400000000001,59.0,0.0,59,59,59.0,0.0,0.0,0.0,4,0.319993,0.0016819366813290155,0.321539,0.318202,0.320238,,-0.641585805459948,0.00119400000000001,,,,,,,,,,,,,,,,,
Unknown,Unknown,./Data\Physical_Interaction\Topology_B\4-Group_dataset\physicalInteraction6_group.csv,39.09090909090909,35.5709278637894,107.0,5.0,51.0,-0.8221401017980803,0.44996334686646333,30.99173553719008,11.0,0.08542350000000001,0.12251454645991137,0.321626,0.000862,0.01668,-0.3064973335266279,1.2062263766239916,0.10391330000000001,38.22222222222222,30.282115777265506,107,5,48.0,-0.3813939632607992,0.3220137612682773,25.839506172839506,18,0.05037141176470589,0.10139903717371952,0.321626,0.000862,0.004374,2.7633657641670513,2.023223597689092,0.07349679584775087,34.888888888888886,22.624347749959803,54.0,5.0,45.0,-1.721808785589487,-0.7890190585368481,19.925925925925927,9.0,0.10703925,0.27101302867561283,0.77762,0.003129,0.013439,7.989818322071155,2.826029262148844,0.16764518750000001
Unknown,Unknown,./Data\Physical_Interaction\Topology_B\4-Group_dataset\physicalInteraction6_group.csv,39.09090909090909,35.5709278637894,107.0,5.0,51.0,-0.8221401017980803,0.44996334686646333,30.99173553719008,11.0,0.08542350000000001,0.12251454645991137,0.321626,0.000862,0.01668,-0.3064973335266279,1.2062263766239916,0.10391330000000001,38.22222222222222,30.282115777265506,107,5,48.0,-0.3813939632607992,0.3220137612682773,25.839506172839506,18,0.05037141176470589,0.10139903717371952,0.321626,0.000862,0.004374,2.7633657641670513,2.023223597689092,0.07349679584775087,34.888888888888886,22.624347749959803,54.0,5.0,45.0,-1.721808785589487,-0.7890190585368481,19.925925925925927,9.0,0.10703925,0.27101302867561283,0.77762,0.003129,0.013439,7.989818322071155,2.826029262148844,0.16764518750000001
Unknown,Unknown,./Data\Physical_Interaction\Topology_B\4-Group_dataset\physicalInteraction6_group.csv,39.09090909090909,35.5709278637894,107.0,5.0,51.0,-0.8221401017980803,0.44996334686646333,30.99173553719008,11.0,0.08542350000000001,0.12251454645991137,0.321626,0.000862,0.01668,-0.3064973335266279,1.2062263766239916,0.10391330000000001,38.22222222222222,30.282115777265506,107,5,48.0,-0.3813939632607992,0.3220137612682773,25.839506172839506,18,0.05037141176470589,0.10139903717371952,0.321626,0.000862,0.004374,2.7633657641670513,2.023223597689092,0.07349679584775087,34.888888888888886,22.624347749959803,54.0,5.0,45.0,-1.721808785589487,-0.7890190585368481,19.925925925925927,9.0,0.10703925,0.27101302867561283,0.77762,0.003129,0.013439,7.989818322071155,2.826029262148844,0.16764518750000001
Unknown,Unknown,./Data\Physical_Interaction\Topology_B\4-Group_dataset\physicalInteraction6_group.csv,59.0,0.0,59.0,59.0,59.0,,0.0,0.0,3.0,0.3195555,0.0009171174951989469,0.320204,0.318907,0.3195555,,,0.0006484999999999963,59.0,0.0,59,59,59.0,,0.0,0.0,3,0.3195555,0.0009171174951989469,0.320204,0.318907,0.3195555,,,0.0006484999999999963,,,,,,,,,,,,,,,,,
Unknown,Unknown,./Data\Physical_Interaction\Topology_B\4-Group_dataset\physicalInteraction6_group.csv,59.0,0.0,59.0,59.0,59.0,,0.0,0.0,3.0,0.3195555,0.0009171174951989469,0.320204,0.318907,0.3195555,,,0.0006484999999999963,59.0,0.0,59,59,59.0,,0.0,0.0,3,0.3195555,0.0009171174951989469,0.320204,0.318907,0.3195555,,,0.0006484999999999963,,,,,,,,,,,,,,,,,
Unknown,Unknown,./Data\Physical_Interaction\Topology_B\4-Group_dataset\physicalInteraction6_group.csv,59.0,0.0,59.0,59.0,59.0,,0.0,0.0,3.0,0.3195555,0.0009171174951989469,0.320204,0.318907,0.3195555,,,0.0006484999999999963,59.0,0.0,59,59,59.0,,0.0,0.0,3,0.3195555,0.0009171174951989469,0.320204,0.318907,0.3195555,,,0.0006484999999999963,,,,,,,,,,,,,,,,,
Unknown,Unknown,./Data\Physical_Interaction\Topology_B\4-Group_dataset\physicalInteraction6_group.csv,59.0,0.0,59.0,59.0,59.0,,,0.0,2.0,0.650285,,0.650285,0.650285,0.650285,,,0.0,59.0,0.0,59,59,59.0,,,0.0,2,0.650285,,0.650285,0.650285,0.650285,,,0.0,,,,,,,,,,,,,,,,,
Unknown,Unknown,./Data\Physical_Interaction\Topology_B\4-Group_dataset\physicalInteraction6_group.csv,59.0,0.0,59.0,59.0,59.0,,,0.0,2.0,0.650285,,0.650285,0.650285,0.650285,,,0.0,59.0,0.0,59,59,59.0,,,0.0,2,0.650285,,0.650285,0.650285,0.650285,,,0.0,,,,,,,,,,,,,,,,,
Unknown,Unknown,./Data\Physical_Interaction\Topology_B\4-Group_dataset\physicalInteraction6_group.csv,62.0,6.0,71.0,59.0,59.0,4.0,1.9999999999999998,4.5,4.0,0.849115,1.021314768669777,2.026214,0.198017,0.323114,,1.7028625699482718,0.7847326666666667,62.0,6.0,71,59,59.0,4.0,1.9999999999999998,4.5,4,0.849115,1.021314768669777,2.026214,0.198017,0.323114,,1.7028625699482718,0.7847326666666667,,,,,,,,,,,,,,,,,
Unknown,Unknown,./Data\Physical_Interaction\Topology_B\4-Group_dataset\physicalInteraction6_group.csv,61.4,5.366563145999495,71.0,59.0,59.0,5.000000000000005,2.2360679774997916,3.839999999999999,5.0,0.24278775,0.09364943020782347,0.323114,0.132215,0.257911,-3.6710566080676,-0.40680809002724166,0.07767175000000001,61.4,5.366563145999495,71,59,59.0,5.000000000000005,2.2360679774997916,3.839999999999999,5,0.24278775,0.09364943020782347,0.323114,0.132215,0.257911,-3.6710566080676,-0.40680809002724166,0.07767175000000001,,,,,,,,,,,,,,,,,
Unknown,Unknown,./Data\Physical_Interaction\Topology_B\4-Group_dataset\physicalInteraction6_group.csv,61.4,5.366563145999495,71.0,59.0,59.0,5.000000000000005,2.2360679774997916,3.839999999999999,5.0,0.24278775,0.09364943020782347,0.323114,0.132215,0.257911,-3.6710566080676,-0.40680809002724166,0.07767175000000001,61.4,5.366563145999495,71,59,59.0,5.000000000000005,2.2360679774997916,3.839999999999999,5,0.24278775,0.09364943020782347,0.323114,0.132215,0.257911,-3.6710566080676,-0.40680809002724166,0.07767175000000001,,,,,,,,,,,,,,,,,
Unknown,Unknown,./Data\Physical_Interaction\Topology_B\4-Group_dataset\physicalInteraction6_group.csv,59.0,0.0,59.0,59.0,59.0,,,0.0,2.0,0.317805,,0.317805,0.317805,0.317805,,,0.0,59.0,0.0,59,59,59.0,,,0.0,2,0.317805,,0.317805,0.317805,0.317805,,,0.0,,,,,,,,,,,,,,,,,
Unknown,Unknown,./Data\Physical_Interaction\Topology_B\4-Group_dataset\physicalInteraction6_group.csv,56.0,6.0,59.0,47.0,59.0,4.0,-1.9999999999999998,4.5,4.0,0.21832933333333335,0.18498233929306154,0.326087,0.004733,0.324168,,-1.7318411079234468,0.14239755555555555,56.0,6.0,59,47,59.0,4.0,-1.9999999999999998,4.5,4,0.21832933333333335,0.18498233929306154,0.326087,0.004733,0.324168,,-1.7318411079234468,0.14239755555555555,,,,,,,,,,,,,,,,,
Unknown,Unknown,./Data\Physical_Interaction\Topology_B\4-Group_dataset\physicalInteraction6_group.csv,56.0,6.0,59.0,47.0,59.0,4.0,-1.9999999999999998,4.5,4.0,0.21832933333333335,0.18498233929306154,0.326087,0.004733,0.324168,,-1.7318411079234468,0.14239755555555555,56.0,6.0,59,47,59.0,4.0,-1.9999999999999998,4.5,4,0.21832933333333335,0.18498233929306154,0.326087,0.004733,0.324168,,-1.7318411079234468,0.14239755555555555,,,,,,,,,,,,,,,,,
Unknown,Unknown,./Data\Physical_Interaction\Topology_B\4-Group_dataset\physicalInteraction6_group.csv,56.0,6.0,59.0,47.0,59.0,4.0,-1.9999999999999998,4.5,4.0,0.7850323333333334,1.0851786056798822,2.024277,0.004733,0.326087,,1.5627449250001915,0.8261631111111112,56.0,6.0,59,47,59.0,4.0,-1.9999999999999998,4.5,4,0.7850323333333334,1.0851786056798822,2.024277,0.004733,0.326087,,1.5627449250001915,0.8261631111111112,,,,,,,,,,,,,,,,,
Unknown,Unknown,./Data\Physical_Interaction\Topology_B\4-Group_dataset\physicalInteraction6_group.csv,31.428571428571427,33.04470276689413,71.0,5.0,5.0,-2.7286471834994073,0.3939074320528101,30.204081632653054,7.0,0.14057066666666665,0.3111550077550845,0.775428,0.007129,0.010934,5.980954359305992,2.4445980583332023,0.21161911111111112,32.76923076923077,27.72830637379381,71,5,45.0,-2.0278894508225296,0.055714524837200734,25.633136094674555,13,0.07045875,0.22212422594662284,0.775428,0.001793,0.004812,11.967161770228413,3.45765691937738,0.117494875,34.333333333333336,23.01014269114094,54.0,5.0,45.0,-1.8711620911137343,-0.8601639658962164,19.555555555555554,6.0,0.0136566,0.008007646239688665,0.027675,0.007644,0.011548,4.221856007567057,1.9956048315849715,0.0056073600000000005
Unknown,Unknown,./Data\Physical_Interaction\Topology_B\4-Group_dataset\physicalInteraction6_group.csv,31.428571428571427,33.04470276689413,71.0,5.0,5.0,-2.7286471834994073,0.3939074320528101,30.204081632653054,7.0,0.14057066666666665,0.3111550077550845,0.775428,0.007129,0.010934,5.980954359305992,2.4445980583332023,0.21161911111111112,32.76923076923077,27.72830637379381,71,5,45.0,-2.0278894508225296,0.055714524837200734,25.633136094674555,13,0.07045875,0.22212422594662284,0.775428,0.001793,0.004812,11.967161770228413,3.45765691937738,0.117494875,34.333333333333336,23.01014269114094,54.0,5.0,45.0,-1.8711620911137343,-0.8601639658962164,19.555555555555554,6.0,0.0136566,0.008007646239688665,0.027675,0.007644,0.011548,4.221856007567057,1.9956048315849715,0.0056073600000000005
Unknown,Unknown,./Data\Physical_Interaction\Topology_B\4-Group_dataset\physicalInteraction6_group.csv,31.428571428571427,33.04470276689413,71.0,5.0,5.0,-2.7286471834994073,0.3939074320528101,30.204081632653054,7.0,0.14057066666666665,0.3111550077550845,0.775428,0.007129,0.010934,5.980954359305992,2.4445980583332023,0.21161911111111112,32.76923076923077,27.72830637379381,71,5,45.0,-2.0278894508225296,0.055714524837200734,25.633136094674555,13,0.07045875,0.22212422594662284,0.775428,0.001793,0.004812,11.967161770228413,3.45765691937738,0.117494875,34.333333333333336,23.01014269114094,54.0,5.0,45.0,-1.8711620911137343,-0.8601639658962164,19.555555555555554,6.0,0.0136566,0.008007646239688665,0.027675,0.007644,0.011548,4.221856007567057,1.9956048315849715,0.0056073600000000005
Unknown,Unknown,./Data\Physical_Interaction\Topology_B\4-Group_dataset\physicalInteraction6_group.csv,59.0,0.0,59.0,59.0,59.0,,,0.0,2.0,0.332091,,0.332091,0.332091,0.332091,,,0.0,59.0,0.0,59,59,59.0,,,0.0,2,0.332091,,0.332091,0.332091,0.332091,,,0.0,,,,,,,,,,,,,,,,,
Unknown,Unknown,./Data\Physical_Interaction\Topology_B\4-Group_dataset\physicalInteraction6_group.csv,59.0,0.0,59.0,59.0,59.0,,0.0,0.0,3.0,0.32693300000000003,0.007294513554720458,0.332091,0.321775,0.32693300000000003,,,0.005158000000000024,59.0,0.0,59,59,59.0,,0.0,0.0,3,0.32693300000000003,0.007294513554720458,0.332091,0.321775,0.32693300000000003,,,0.005158000000000024,,,,,,,,,,,,,,,,,
Unknown,Unknown,./Data\Physical_Interaction\Topology_B\4-Group_dataset\physicalInteraction6_group.csv,59.0,0.0,59.0,59.0,59.0,,0.0,0.0,3.0,0.32693300000000003,0.007294513554720458,0.332091,0.321775,0.32693300000000003,,,0.005158000000000024,59.0,0.0,59,59,59.0,,0.0,0.0,3,0.32693300000000003,0.007294513554720458,0.332091,0.321775,0.32693300000000003,,,0.005158000000000024,,,,,,,,,,,,,,,,,
Unknown,Unknown,./Data\Physical_Interaction\Topology_B\4-Group_dataset\physicalInteraction6_group.csv,45.5,27.0,59.0,5.0,59.0,4.0,-1.9999999999999998,20.25,4.0,0.8898586666666667,1.0855999939712295,2.141461,0.203675,0.32444,,1.707968668440633,0.8344015555555556,45.5,27.0,59,5,59.0,4.0,-1.9999999999999998,20.25,4,0.8898586666666667,1.0855999939712295,2.141461,0.203675,0.32444,,1.707968668440633,0.8344015555555556,32.0,38.18376618407357,59.0,5.0,32.0,,,27.0,2.0,2.141461,,2.141461,2.141461,2.141461,,,0.0
Unknown,Unknown,./Data\Physical_Interaction\Topology_B\4-Group_dataset\physicalInteraction6_group.csv,44.4,21.74703044862294,63.0,5.0,52.0,0.6381833869406801,-1.4116753244529894,15.76,10.0,0.1728778888888889,0.19834710624209043,0.573155,0.004944,0.059922,0.49033863366983255,1.1157633895168186,0.16211098765432097,34.266666666666666,25.29389160214285,63,5,45.0,-2.000702922866095,-0.3112521941351967,23.413333333333334,15,0.11126599999999999,0.1775244715100515,0.573155,0.001823,0.009891,2.3965583939221133,1.7294289886554124,0.139421,12.5,18.371173070873837,50.0,5.0,5.0,6.0,2.449489742783178,12.5,6.0,0.31154479999999996,0.6256009635875731,1.43004,0.008721,0.044258,4.978032470059194,2.229948975290378,0.44739808
Unknown,Unknown,./Data\Physical_Interaction\Topology_B\4-Group_dataset\physicalInteraction6_group.csv,44.4,21.74703044862294,63.0,5.0,52.0,0.6381833869406801,-1.4116753244529894,15.76,10.0,0.1728778888888889,0.19834710624209043,0.573155,0.004944,0.059922,0.49033863366983255,1.1157633895168186,0.16211098765432097,34.266666666666666,25.29389160214285,63,5,45.0,-2.000702922866095,-0.3112521941351967,23.413333333333334,15,0.11126599999999999,0.1775244715100515,0.573155,0.001823,0.009891,2.3965583939221133,1.7294289886554124,0.139421,12.5,18.371173070873837,50.0,5.0,5.0,6.0,2.449489742783178,12.5,6.0,0.31154479999999996,0.6256009635875731,1.43004,0.008721,0.044258,4.978032470059194,2.229948975290378,0.44739808
Unknown,Unknown,./Data\Physical_Interaction\Topology_B\4-Group_dataset\physicalInteraction6_group.csv,45.857142857142854,19.42016624910449,63.0,5.0,47.0,4.174378328741964,-1.8959048757106118,12.16326530612245,7.0,0.11800749999999999,0.2241337680910665,0.573155,0.004944,0.031696999999999996,5.782508770685565,2.3935455214253363,0.1517158333333333,32.583333333333336,24.941598451850144,63,5,45.0,-2.08882246668667,-0.22282915867900605,22.98611111111111,12,0.06453345454545455,0.16977236281878366,0.573155,0.001823,0.004944,10.626049750137543,3.242279371977305,0.09247664462809917,14.0,20.12461179749811,50.0,5.0,5.0,5.0,2.23606797749979,14.4,5.0,0.031921000000000005,0.023922597671100297,0.059346,0.008721,0.029808499999999998,-3.7925181641478485,0.2665935883374327,0.019881000000000003
Unknown,Unknown,./Data\Physical_Interaction\Topology_B\4-Group_dataset\physicalInteraction6_group.csv,32.0,25.65151067676132,57.0,5.0,52.0,-2.5547036573149597,-0.2601716185074789,24.0,9.0,0.01053025,0.010969894227254102,0.034377,0.002991,0.006595999999999999,3.108147164925491,1.832569605228017,0.008026625,29.61111111111111,22.909383869520493,57,5,45.0,-2.113114611965462,-0.16997203439756864,21.876543209876544,18,0.004955411764705882,0.007184729553528994,0.030505,0.000938,0.002078,11.004078426665782,3.153893711467888,0.0044221107266435985,27.22222222222222,21.081851067789195,45.0,5.0,45.0,-2.571428571428571,-0.27105237087157524,19.753086419753085,9.0,0.009056375,0.00916382379542358,0.030505,0.002985,0.0065474999999999995,5.590179075816627,2.269365315904768,0.005839562500000001
Unknown,Unknown,./Data\Physical_Interaction\Topology_B\4-Group_dataset\physicalInteraction6_group.csv,32.0,25.65151067676132,57.0,5.0,52.0,-2.5547036573149597,-0.2601716185074789,24.0,9.0,0.01053025,0.010969894227254102,0.034377,0.002991,0.006595999999999999,3.108147164925491,1.832569605228017,0.008026625,29.61111111111111,22.909383869520493,57,5,45.0,-2.113114611965462,-0.16997203439756864,21.876543209876544,18,0.004955411764705882,0.007184729553528994,0.030505,0.000938,0.002078,11.004078426665782,3.153893711467888,0.0044221107266435985,27.22222222222222,21.081851067789195,45.0,5.0,45.0,-2.571428571428571,-0.27105237087157524,19.753086419753085,9.0,0.009056375,0.00916382379542358,0.030505,0.002985,0.0065474999999999995,5.590179075816627,2.269365315904768,0.005839562500000001
Unknown,Unknown,./Data\Physical_Interaction\Topology_B\4-Group_dataset\physicalInteraction6_group.csv,32.0,25.65151067676132,57.0,5.0,52.0,-2.5547036573149597,-0.2601716185074789,24.0,9.0,0.01053025,0.010969894227254102,0.034377,0.002991,0.006595999999999999,3.108147164925491,1.832569605228017,0.008026625,29.61111111111111,22.909383869520493,57,5,45.0,-2.113114611965462,-0.16997203439756864,21.876543209876544,18,0.004955411764705882,0.007184729553528994,0.030505,0.000938,0.002078,11.004078426665782,3.153893711467888,0.0044221107266435985,27.22222222222222,21.081851067789195,45.0,5.0,45.0,-2.571428571428571,-0.27105237087157524,19.753086419753085,9.0,0.009056375,0.00916382379542358,0.030505,0.002985,0.0065474999999999995,5.590179075816627,2.269365315904768,0.005839562500000001
Unknown,Unknown,./Data\Physical_Interaction\Topology_B\4-Group_dataset\physicalInteraction6_group.csv,59.0,0.0,59.0,59.0,59.0,,,0.0,2.0,0.326797,,0.326797,0.326797,0.326797,,,0.0,59.0,0.0,59,59,59.0,,,0.0,2,0.326797,,0.326797,0.326797,0.326797,,,0.0,,,,,,,,,,,,,,,,,
Unknown,Unknown,./Data\Physical_Interaction\Topology_B\4-Group_dataset\physicalInteraction6_group.csv,59.0,0.0,59.0,59.0,59.0,,0.0,0.0,3.0,0.484005,0.22232568571354955,0.641213,0.326797,0.484005,,,0.15720800000000001,59.0,0.0,59,59,59.0,,0.0,0.0,3,0.484005,0.22232568571354955,0.641213,0.326797,0.484005,,,0.15720800000000001,,,,,,,,,,,,,,,,,
Unknown,Unknown,./Data\Physical_Interaction\Topology_B\4-Group_dataset\physicalInteraction6_group.csv,59.0,0.0,59.0,59.0,59.0,,0.0,0.0,3.0,0.484005,0.22232568571354955,0.641213,0.326797,0.484005,,,0.15720800000000001,59.0,0.0,59,59,59.0,,0.0,0.0,3,0.484005,0.22232568571354955,0.641213,0.326797,0.484005,,,0.15720800000000001,,,,,,,,,,,,,,,,,
Unknown,Unknown,./Data\Physical_Interaction\Topology_B\4-Group_dataset\physicalInteraction6_group.csv,59.0,0.0,59.0,59.0,59.0,,0.0,0.0,3.0,1.1791775,1.208238306760922,2.033531,0.324824,1.1791775,,,0.8543535,59.0,0.0,59,59,59.0,,0.0,0.0,3,1.1791775,1.208238306760922,2.033531,0.324824,1.1791775,,,0.8543535,,,,,,,,,,,,,,,,,
Unknown,Unknown,./Data\Physical_Interaction\Topology_B\4-Group_dataset\physicalInteraction6_group.csv,59.0,0.0,59.0,59.0,59.0,,0.0,0.0,3.0,0.4818865,0.22211991764022423,0.638949,0.324824,0.4818865,,,0.1570625,59.0,0.0,59,59,59.0,,0.0,0.0,3,0.4818865,0.22211991764022423,0.638949,0.324824,0.4818865,,,0.1570625,,,,,,,,,,,,,,,,,
Unknown,Unknown,./Data\Physical_Interaction\Topology_B\4-Group_dataset\physicalInteraction6_group.csv,59.0,0.0,59.0,59.0,59.0,,0.0,0.0,3.0,0.4818865,0.22211991764022423,0.638949,0.324824,0.4818865,,,0.1570625,59.0,0.0,59,59,59.0,,0.0,0.0,3,0.4818865,0.22211991764022423,0.638949,0.324824,0.4818865,,,0.1570625,,,,,,,,,,,,,,,,,
Unknown,Unknown,./Data\Physical_Interaction\Topology_B\4-Group_dataset\physicalInteraction6_group.csv,37.42857142857143,30.429465669846735,66.0,5.0,59.0,-2.7630868194347378,-0.3493562018513687,27.795918367346935,7.0,0.10716733333333332,0.1444388181323382,0.325661,0.007133,0.022305,-1.2916902311762541,1.0499387386832404,0.12263777777777778,36.0,26.194783195641584,66,5,45.0,-1.9645176734511176,-0.3646583037504657,23.846153846153847,13,0.054779749999999995,0.11162771101716552,0.325661,0.001782,0.0071815,3.171709508756079,2.114363977563215,0.07878141666666666,34.333333333333336,23.01014269114094,54.0,5.0,45.0,-1.8711620911137343,-0.8601639658962164,19.555555555555554,6.0,0.0146652,0.00833078583928311,0.028193,0.007725,0.011548,1.5886358031932168,1.3986320139249335,0.006284239999999999
Unknown,Unknown,./Data\Physical_Interaction\Topology_B\4-Group_dataset\physicalInteraction6_group.csv,42.22222222222222,28.01686000329881,66.0,5.0,59.0,-1.710097222830007,-0.8287844431538287,24.814814814814813,9.0,0.16048575,0.15699960418944647,0.325661,0.007133,0.1444805,-2.6591705475136695,0.05595467455914933,0.14529675,39.06666666666667,25.566346927906913,66,5,52.0,-1.634341675819727,-0.6255575948455332,22.711111111111112,15,0.09273135714285714,0.1408917328483701,0.325661,0.001782,0.0074775,-0.8613258278522622,1.1010199913560552,0.12174351020408161,34.333333333333336,23.01014269114094,54.0,5.0,45.0,-1.8711620911137343,-0.8601639658962164,19.555555555555554,6.0,0.0146652,0.00833078583928311,0.028193,0.007725,0.011548,1.5886358031932168,1.3986320139249335,0.006284239999999999
Unknown,Unknown,./Data\Physical_Interaction\Topology_B\4-Group_dataset\physicalInteraction6_group.csv,42.22222222222222,28.01686000329881,66.0,5.0,59.0,-1.710097222830007,-0.8287844431538287,24.814814814814813,9.0,0.16048575,0.15699960418944647,0.325661,0.007133,0.1444805,-2.6591705475136695,0.05595467455914933,0.14529675,39.06666666666667,25.566346927906913,66,5,52.0,-1.634341675819727,-0.6255575948455332,22.711111111111112,15,0.09273135714285714,0.1408917328483701,0.325661,0.001782,0.0074775,-0.8613258278522622,1.1010199913560552,0.12174351020408161,34.333333333333336,23.01014269114094,54.0,5.0,45.0,-1.8711620911137343,-0.8601639658962164,19.555555555555554,6.0,0.0146652,0.00833078583928311,0.028193,0.007725,0.011548,1.5886358031932168,1.3986320139249335,0.006284239999999999
Unknown,Unknown,./Data\Physical_Interaction\Topology_B\4-Group_dataset\physicalInteraction6_group.csv,59.0,0.0,59.0,59.0,59.0,,0.0,0.0,3.0,1.3445375000000002,1.4491764571688641,2.36926,0.319815,1.3445375000000002,,,1.0247225000000002,59.0,0.0,59,59,59.0,,0.0,0.0,3,1.3445375000000002,1.4491764571688641,2.36926,0.319815,1.3445375000000002,,,1.0247225000000002,,,,,,,,,,,,,,,,,
Unknown,Unknown,./Data\Physical_Interaction\Topology_B\4-Group_dataset\physicalInteraction6_group.csv,59.0,0.0,59.0,59.0,59.0,,,0.0,2.0,0.340286,,0.340286,0.340286,0.340286,,,0.0,59.0,0.0,59,59,59.0,,,0.0,2,0.340286,,0.340286,0.340286,0.340286,,,0.0,,,,,,,,,,,,,,,,,
Unknown,Unknown,./Data\Physical_Interaction\Topology_B\4-Group_dataset\physicalInteraction6_group.csv,59.0,0.0,59.0,59.0,59.0,,,0.0,2.0,0.340286,,0.340286,0.340286,0.340286,,,0.0,59.0,0.0,59,59,59.0,,,0.0,2,0.340286,,0.340286,0.340286,0.340286,,,0.0,,,,,,,,,,,,,,,,,
Unknown,Unknown,./Data\Physical_Interaction\Topology_B\4-Group_dataset\physicalInteraction6_group.csv,53.0,8.48528137423857,59.0,47.0,53.0,,,6.0,2.0,2.223496,,2.223496,2.223496,2.223496,,,0.0,53.0,8.48528137423857,59,47,53.0,,,6.0,2,2.223496,,2.223496,2.223496,2.223496,,,0.0,,,,,,,,,,,,,,,,,
Unknown,Unknown,./Data\Physical_Interaction\Topology_B\4-Group_dataset\physicalInteraction6_group.csv,59.0,0.0,59.0,59.0,59.0,,0.0,0.0,3.0,0.4845045,0.23155272210125274,0.648237,0.320772,0.4845045,,,0.16373249999999998,59.0,0.0,59,59,59.0,,0.0,0.0,3,0.4845045,0.23155272210125274,0.648237,0.320772,0.4845045,,,0.16373249999999998,,,,,,,,,,,,,,,,,
Unknown,Unknown,./Data\Physical_Interaction\Topology_B\4-Group_dataset\physicalInteraction6_group.csv,59.0,0.0,59.0,59.0,59.0,,0.0,0.0,3.0,0.4845045,0.23155272210125274,0.648237,0.320772,0.4845045,,,0.16373249999999998,59.0,0.0,59,59,59.0,,0.0,0.0,3,0.4845045,0.23155272210125274,0.648237,0.320772,0.4845045,,,0.16373249999999998,,,,,,,,,,,,,,,,,
Unknown,Unknown,./Data\Physical_Interaction\Topology_B\4-Group_dataset\physicalInteraction6_group.csv,62.0,6.0,71.0,59.0,59.0,4.0,1.9999999999999998,4.5,4.0,0.9521273333333333,0.9399825898921391,2.032403,0.320772,0.503207,,1.658940494317502,0.7201837777777778,62.0,6.0,71,59,59.0,4.0,1.9999999999999998,4.5,4,0.9521273333333333,0.9399825898921391,2.032403,0.320772,0.503207,,1.658940494317502,0.7201837777777778,,,,,,,,,,,,,,,,,
Unknown,Unknown,./Data\Physical_Interaction\Topology_B\4-Group_dataset\physicalInteraction6_group.csv,62.0,6.0,71.0,59.0,59.0,4.0,1.9999999999999998,4.5,4.0,0.32165366666666667,0.1806597304584874,0.503207,0.141901,0.319853,,0.04484781965940864,0.12103555555555555,62.0,6.0,71,59,59.0,4.0,1.9999999999999998,4.5,4,0.32165366666666667,0.1806597304584874,0.503207,0.141901,0.319853,,0.04484781965940864,0.12103555555555555,,,,,,,,,,,,,,,,,
Unknown,Unknown,./Data\Physical_Interaction\Topology_B\4-Group_dataset\physicalInteraction6_group.csv,62.0,6.0,71.0,59.0,59.0,4.0,1.9999999999999998,4.5,4.0,0.32165366666666667,0.1806597304584874,0.503207,0.141901,0.319853,,0.04484781965940864,0.12103555555555555,62.0,6.0,71,59,59.0,4.0,1.9999999999999998,4.5,4,0.32165366666666667,0.1806597304584874,0.503207,0.141901,0.319853,,0.04484781965940864,0.12103555555555555,,,,,,,,,,,,,,,,,
Unknown,Unknown,./Data\Physical_Interaction\Topology_B\4-Group_dataset\physicalInteraction6_group.csv,59.0,0.0,59.0,59.0,59.0,,,0.0,2.0,0.319853,,0.319853,0.319853,0.319853,,,0.0,59.0,0.0,59,59,59.0,,,0.0,2,0.319853,,0.319853,0.319853,0.319853,,,0.0,,,,,,,,,,,,,,,,,
Unknown,Unknown,./Data\Physical_Interaction\Topology_B\4-Group_dataset\physicalInteraction6_group.csv,56.0,6.0,59.0,47.0,59.0,4.0,-1.9999999999999998,4.5,4.0,0.21335199999999999,0.09873926787757745,0.319221,0.123767,0.197068,,0.7219514753314187,0.07057933333333333,56.0,6.0,59,47,59.0,4.0,-1.9999999999999998,4.5,4,0.21335199999999999,0.09873926787757745,0.319221,0.123767,0.197068,,0.7219514753314187,0.07057933333333333,,,,,,,,,,,,,,,,,
Unknown,Unknown,./Data\Physical_Interaction\Topology_B\4-Group_dataset\physicalInteraction6_group.csv,56.0,6.0,59.0,47.0,59.0,4.0,-1.9999999999999998,4.5,4.0,0.21335199999999999,0.09873926787757745,0.319221,0.123767,0.197068,,0.7219514753314187,0.07057933333333333,56.0,6.0,59,47,59.0,4.0,-1.9999999999999998,4.5,4,0.21335199999999999,0.09873926787757745,0.319221,0.123767,0.197068,,0.7219514753314187,0.07057933333333333,,,,,,,,,,,,,,,,,
Unknown,Unknown,./Data\Physical_Interaction\Topology_B\4-Group_dataset\physicalInteraction6_group.csv,56.6,5.366563145999495,59.0,47.0,59.0,5.0000000000000036,-2.2360679774997916,3.839999999999999,5.0,0.67003025,0.9110503998204033,2.030681,0.123767,0.2628365,3.822950141901039,1.9487887324917432,0.680325375,56.6,5.366563145999495,59,47,59.0,5.0000000000000036,-2.2360679774997916,3.839999999999999,5,0.67003025,0.9110503998204033,2.030681,0.123767,0.2628365,3.822950141901039,1.9487887324917432,0.680325375,,,,,,,,,,,,,,,,,
Unknown,Unknown,./Data\Physical_Interaction\Topology_B\4-Group_dataset\physicalInteraction6_group.csv,59.0,0.0,59.0,59.0,59.0,0.0,0.0,0.0,4.0,0.32277466666666665,0.005532128915104302,0.328605,0.317599,0.32212,,0.5250679986487627,0.0038868888888888655,59.0,0.0,59,59,59.0,0.0,0.0,0.0,4,0.32277466666666665,0.005532128915104302,0.328605,0.317599,0.32212,,0.5250679986487627,0.0038868888888888655,,,,,,,,,,,,,,,,,
Unknown,Unknown,./Data\Physical_Interaction\Topology_B\4-Group_dataset\physicalInteraction6_group.csv,59.0,0.0,59.0,59.0,59.0,0.0,0.0,0.0,4.0,0.32277466666666665,0.005532128915104302,0.328605,0.317599,0.32212,,0.5250679986487627,0.0038868888888888655,59.0,0.0,59,59,59.0,0.0,0.0,0.0,4,0.32277466666666665,0.005532128915104302,0.328605,0.317599,0.32212,,0.5250679986487627,0.0038868888888888655,,,,,,,,,,,,,,,,,
Unknown,Unknown,./Data\Physical_Interaction\Topology_B\4-Group_dataset\physicalInteraction6_group.csv,39.083333333333336,30.242830354958315,71.0,5.0,59.0,-2.2238430217557106,-0.3514459982373816,28.402777777777775,12.0,0.26375418181818183,0.5355868482378593,1.712748,0.006476,0.011082,5.875040342842984,2.422491142162006,0.3663497190082644,36.666666666666664,26.41274944668452,71,5,45.0,-1.8046222667950806,-0.3003252511324373,24.126984126984127,21,0.14506480000000002,0.41073432991803965,1.710668,0.001791,0.004854,12.119681772439028,3.411611566350559,0.23689116000000002,33.44444444444444,21.587676525688856,54.0,5.0,45.0,-1.6949737008242045,-0.7635299648486883,18.962962962962965,9.0,0.01192475,0.008168674376631043,0.026135,0.002286,0.010472,-0.12838069334973312,0.8573855029197847,0.006011875
Unknown,Unknown,./Data\Physical_Interaction\Topology_B\4-Group_dataset\physicalInteraction6_group.csv,35.1,31.813519138881823,71.0,5.0,34.0,-2.52934272312746,0.019714191704663715,30.1,10.0,0.09626977777777777,0.2532498360862144,0.771318,0.006476,0.010134,8.978205778703657,2.9951861679871103,0.15001071604938274,34.31578947368421,26.718808671834623,71,5,45.0,-1.8894176151728568,-0.10267752580032687,24.68698060941828,19,0.04825044444444444,0.18055060102925755,0.771318,0.001791,0.002447,17.954134353190653,4.235066000043609,0.08034083950617282,33.44444444444444,21.587676525688856,54.0,5.0,45.0,-1.6949737008242045,-0.7635299648486883,18.962962962962965,9.0,0.01192475,0.008168674376631043,0.026135,0.002286,0.010472,-0.12838069334973312,0.8573855029197847,0.006011875
Unknown,Unknown,./Data\Physical_Interaction\Topology_B\4-Group_dataset\physicalInteraction6_group.csv,35.1,31.813519138881823,71.0,5.0,34.0,-2.52934272312746,0.019714191704663715,30.1,10.0,0.09626977777777777,0.2532498360862144,0.771318,0.006476,0.010134,8.978205778703657,2.9951861679871103,0.15001071604938274,34.31578947368421,26.718808671834623,71,5,45.0,-1.8894176151728568,-0.10267752580032687,24.68698060941828,19,0.04825044444444444,0.18055060102925755,0.771318,0.001791,0.002447,17.954134353190653,4.235066000043609,0.08034083950617282,33.44444444444444,21.587676525688856,54.0,5.0,45.0,-1.6949737008242045,-0.7635299648486883,18.962962962962965,9.0,0.01192475,0.008168674376631043,0.026135,0.002286,0.010472,-0.12838069334973312,0.8573855029197847,0.006011875
Unknown,Unknown,./Data\Physical_Interaction\Topology_B\4-Group_dataset\physicalInteraction6_group.csv,59.0,0.0,59.0,59.0,59.0,,0.0,0.0,3.0,0.480916,0.22505794631605433,0.640056,0.321776,0.480916,,,0.15913999999999998,59.0,0.0,59,59,59.0,,0.0,0.0,3,0.480916,0.22505794631605433,0.640056,0.321776,0.480916,,,0.15913999999999998,,,,,,,,,,,,,,,,,
Unknown,Unknown,./Data\Physical_Interaction\Topology_B\4-Group_dataset\physicalInteraction6_group.csv,59.0,0.0,59.0,59.0,59.0,,0.0,0.0,3.0,0.480916,0.22505794631605433,0.640056,0.321776,0.480916,,,0.15913999999999998,59.0,0.0,59,59,59.0,,0.0,0.0,3,0.480916,0.22505794631605433,0.640056,0.321776,0.480916,,,0.15913999999999998,,,,,,,,,,,,,,,,,
Unknown,Unknown,./Data\Physical_Interaction\Topology_B\4-Group_dataset\physicalInteraction6_group.csv,59.0,0.0,59.0,59.0,59.0,0.0,0.0,0.0,4.0,0.8932103333333332,0.9913212176012037,2.037889,0.319966,0.321776,,1.7320443116387414,0.7631191111111111,59.0,0.0,59,59,59.0,0.0,0.0,0.0,4,0.8932103333333332,0.9913212176012037,2.037889,0.319966,0.321776,,1.7320443116387414,0.7631191111111111,,,,,,,,,,,,,,,,,
Unknown,Unknown,./Data\Physical_Interaction\Topology_B\4-Group_dataset\physicalInteraction6_group.csv,56.0,6.0,59.0,47.0,59.0,4.0,-1.9999999999999998,4.5,4.0,0.306147,0.024686361477544622,0.320829,0.277646,0.319966,,-1.729669775311494,0.01900066666666665,56.0,6.0,59,47,59.0,4.0,-1.9999999999999998,4.5,4,0.306147,0.024686361477544622,0.320829,0.277646,0.319966,,-1.729669775311494,0.01900066666666665,,,,,,,,,,,,,,,,,
Unknown,Unknown,./Data\Physical_Interaction\Topology_B\4-Group_dataset\physicalInteraction6_group.csv,56.0,6.0,59.0,47.0,59.0,4.0,-1.9999999999999998,4.5,4.0,0.306147,0.024686361477544622,0.320829,0.277646,0.319966,,-1.729669775311494,0.01900066666666665,56.0,6.0,59,47,59.0,4.0,-1.9999999999999998,4.5,4,0.306147,0.024686361477544622,0.320829,0.277646,0.319966,,-1.729669775311494,0.01900066666666665,,,,,,,,,,,,,,,,,
Unknown,Unknown,./Data\Physical_Interaction\Topology_B\4-Group_dataset\physicalInteraction6_group.csv,53.0,8.48528137423857,59.0,47.0,53.0,,,6.0,2.0,0.277646,,0.277646,0.277646,0.277646,,,0.0,53.0,8.48528137423857,59,47,53.0,,,6.0,2,0.277646,,0.277646,0.277646,0.277646,,,0.0,,,,,,,,,,,,,,,,,
Unknown,Unknown,./Data\Physical_Interaction\Topology_B\4-Group_dataset\physicalInteraction6_group.csv,59.0,0.0,59.0,59.0,59.0,,,0.0,2.0,0.322383,,0.322383,0.322383,0.322383,,,0.0,59.0,0.0,59,59,59.0,,,0.0,2,0.322383,,0.322383,0.322383,0.322383,,,0.0,,,,,,,,,,,,,,,,,
Unknown,Unknown,./Data\Physical_Interaction\Topology_B\4-Group_dataset\physicalInteraction6_group.csv,59.0,0.0,59.0,59.0,59.0,,,0.0,2.0,0.322383,,0.322383,0.322383,0.322383,,,0.0,59.0,0.0,59,59,59.0,,,0.0,2,0.322383,,0.322383,0.322383,0.322383,,,0.0,,,,,,,,,,,,,,,,,
Unknown,Unknown,./Data\Physical_Interaction\Topology_B\4-Group_dataset\physicalInteraction6_group.csv,59.0,0.0,59.0,59.0,59.0,,,0.0,2.0,0.322383,,0.322383,0.322383,0.322383,,,0.0,59.0,0.0,59,59,59.0,,,0.0,2,0.322383,,0.322383,0.322383,0.322383,,,0.0,,,,,,,,,,,,,,,,,
Unknown,Unknown,./Data\Physical_Interaction\Topology_B\4-Group_dataset\physicalInteraction6_group.csv,59.0,0.0,59.0,59.0,59.0,,,0.0,2.0,0.319931,,0.319931,0.319931,0.319931,,,0.0,59.0,0.0,59,59,59.0,,,0.0,2,0.319931,,0.319931,0.319931,0.319931,,,0.0,,,,,,,,,,,,,,,,,
Unknown,Unknown,./Data\Physical_Interaction\Topology_B\4-Group_dataset\physicalInteraction6_group.csv,59.0,0.0,59.0,59.0,59.0,,0.0,0.0,3.0,0.48054949999999996,0.22714886106802293,0.641168,0.319931,0.48054949999999996,,,0.16061849999999997,59.0,0.0,59,59,59.0,,0.0,0.0,3,0.48054949999999996,0.22714886106802293,0.641168,0.319931,0.48054949999999996,,,0.16061849999999997,,,,,,,,,,,,,,,,,
Unknown,Unknown,./Data\Physical_Interaction\Topology_B\4-Group_dataset\physicalInteraction6_group.csv,59.0,0.0,59.0,59.0,59.0,,0.0,0.0,3.0,0.48054949999999996,0.22714886106802293,0.641168,0.319931,0.48054949999999996,,,0.16061849999999997,59.0,0.0,59,59,59.0,,0.0,0.0,3,0.48054949999999996,0.22714886106802293,0.641168,0.319931,0.48054949999999996,,,0.16061849999999997,,,,,,,,,,,,,,,,,
Unknown,Unknown,./Data\Physical_Interaction\Topology_B\4-Group_dataset\physicalInteraction6_group.csv,37.55555555555556,31.09305031317734,71.0,5.0,59.0,-2.4962596966859665,-0.22133670368493352,28.938271604938272,9.0,0.11308162499999999,0.13700093686013087,0.325167,0.012315,0.019184,-1.7124247195296012,0.7688604547635975,0.12202803124999999,36.266666666666666,27.280203881377492,71,5,45.0,-1.9462231086167634,-0.2508936225348611,25.013333333333335,15,0.06476678571428572,0.11591574928580245,0.325167,0.001781,0.0103215,1.0821721884465614,1.657700396797448,0.09043666326530611,34.333333333333336,23.01014269114094,54.0,5.0,45.0,-1.8711620911137343,-0.8601639658962164,19.555555555555554,6.0,0.015519400000000003,0.004535125334541482,0.021729,0.009846,0.016542,-0.31316897643719965,0.15764195934911251,0.00344192
Unknown,Unknown,./Data\Physical_Interaction\Topology_B\4-Group_dataset\physicalInteraction6_group.csv,41.45454545454545,29.13198804188837,71.0,5.0,59.0,-1.9308096735472202,-0.6011212850762574,26.512396694214882,11.0,0.12739119999999998,0.13947810615752168,0.325167,0.012315,0.0362105,-1.9212730077024256,0.5727115661904749,0.12713464000000002,38.94117647058823,26.61172342275884,71,5,52.0,-1.728506909707119,-0.4869010770030346,23.95847750865052,17,0.079749625,0.12525395259491814,0.325167,0.001781,0.011556,-0.06928181588810167,1.3319087415877457,0.1032799375,34.333333333333336,23.01014269114094,54.0,5.0,45.0,-1.8711620911137343,-0.8601639658962164,19.555555555555554,6.0,0.015519400000000003,0.004535125334541482,0.021729,0.009846,0.016542,-0.31316897643719965,0.15764195934911251,0.00344192
Unknown,Unknown,./Data\Physical_Interaction\Topology_B\4-Group_dataset\physicalInteraction6_group.csv,41.45454545454545,29.13198804188837,71.0,5.0,59.0,-1.9308096735472202,-0.6011212850762574,26.512396694214882,11.0,0.12739119999999998,0.13947810615752168,0.325167,0.012315,0.0362105,-1.9212730077024256,0.5727115661904749,0.12713464000000002,38.94117647058823,26.61172342275884,71,5,52.0,-1.728506909707119,-0.4869010770030346,23.95847750865052,17,0.079749625,0.12525395259491814,0.325167,0.001781,0.011556,-0.06928181588810167,1.3319087415877457,0.1032799375,34.333333333333336,23.01014269114094,54.0,5.0,45.0,-1.8711620911137343,-0.8601639658962164,19.555555555555554,6.0,0.015519400000000003,0.004535125334541482,0.021729,0.009846,0.016542,-0.31316897643719965,0.15764195934911251,0.00344192
Unknown,Unknown,./Data\Physical_Interaction\Topology_B\4-Group_dataset\physicalInteraction6_group.csv,59.0,0.0,59.0,59.0,59.0,0.0,0.0,0.0,4.0,0.8923286666666667,0.9914611550203737,2.037167,0.317881,0.321938,,1.7320181810303055,0.7632255555555556,59.0,0.0,59,59,59.0,0.0,0.0,0.0,4,0.8923286666666667,0.9914611550203737,2.037167,0.317881,0.321938,,1.7320181810303055,0.7632255555555556,,,,,,,,,,,,,,,,,
Unknown,Unknown,./Data\Physical_Interaction\Topology_B\4-Group_dataset\physicalInteraction6_group.csv,47.0,23.62202362203543,59.0,5.0,59.0,4.747138397502601,-2.171292493874225,16.8,5.0,0.37906950000000006,0.34342662521757594,0.849469,0.024296,0.3212565,2.034578602937488,0.9718795707745213,0.23519975000000004,40.714285714285715,24.91127111512836,59,5,53.0,-1.022599364420432,-1.0691056559924665,20.408163265306122,7,0.252713,0.33022766096921685,0.849469,0.001792,0.17049999999999998,1.854621948586022,1.4085812812541556,0.24461433333333335,25.0,28.284271247461902,45.0,5.0,25.0,,,20.0,2.0,0.020425,,0.020425,0.020425,0.020425,,,0.0
Unknown,Unknown,./Data\Physical_Interaction\Topology_B\4-Group_dataset\physicalInteraction6_group.csv,47.0,23.62202362203543,59.0,5.0,59.0,4.747138397502601,-2.171292493874225,16.8,5.0,0.37906950000000006,0.34342662521757594,0.849469,0.024296,0.3212565,2.034578602937488,0.9718795707745213,0.23519975000000004,40.714285714285715,24.91127111512836,59,5,53.0,-1.022599364420432,-1.0691056559924665,20.408163265306122,7,0.252713,0.33022766096921685,0.849469,0.001792,0.17049999999999998,1.854621948586022,1.4085812812541556,0.24461433333333335,25.0,28.284271247461902,45.0,5.0,25.0,,,20.0,2.0,0.020425,,0.020425,0.020425,0.020425,,,0.0
Unknown,Unknown,./Data\Physical_Interaction\Topology_B\4-Group_dataset\physicalInteraction6_group.csv,37.833333333333336,25.98781765879287,60.0,5.0,49.0,-1.9191185988741974,-0.7958135330124935,21.888888888888886,6.0,0.5325206,0.7563232498669468,1.726399,0.004765,0.057674,0.5450379170697648,1.2984332958420286,0.6043307199999999,30.636363636363637,24.981083752602594,60,5,45.0,-2.271304617170469,-0.09200719067568139,23.305785123966942,11,0.26644260000000003,0.5769120910123714,1.726399,0.001792,0.0035335,4.908302843519734,2.2966496379728656,0.40859656000000005,22.0,23.345235059857504,50.0,5.0,5.0,-3.181129534550964,0.6346697184019842,20.4,5.0,0.4532195,0.8517272980935077,1.730493,0.00854,0.0369225,3.989954779717955,1.9970304347911594,0.63863675
Unknown,Unknown,./Data\Physical_Interaction\Topology_B\4-Group_dataset\physicalInteraction6_group.csv,36.666666666666664,28.431203515386635,60.0,5.0,45.0,,-1.2056594965075202,21.11111111111111,3.0,0.0312195,0.03741231268579904,0.057674,0.004765,0.0312195,,,0.0264545,28.333333333333332,26.01281735350223,60,5,25.0,-2.8983353151010705,0.1439229866436584,23.333333333333332,6,0.0128524,0.02270965396698065,0.05342,0.001823,0.002302,4.94296449309639,2.2207650703517983,0.016227039999999998,20.0,25.98076211353316,50.0,5.0,5.0,,1.7320508075688774,20.0,3.0,0.03098,0.031734952339652255,0.05342,0.00854,0.03098,,,0.02244
Unknown,Unknown,./Data\Physical_Interaction\Topology_B\4-Group_dataset\physicalInteraction6_group.csv,36.666666666666664,28.431203515386635,60.0,5.0,45.0,,-1.2056594965075202,21.11111111111111,3.0,0.0312195,0.03741231268579904,0.057674,0.004765,0.0312195,,,0.0264545,28.333333333333332,26.01281735350223,60,5,25.0,-2.8983353151010705,0.1439229866436584,23.333333333333332,6,0.0128524,0.02270965396698065,0.05342,0.001823,0.002302,4.94296449309639,2.2207650703517983,0.016227039999999998,20.0,25.98076211353316,50.0,5.0,5.0,,1.7320508075688774,20.0,3.0,0.03098,0.031734952339652255,0.05342,0.00854,0.03098,,,0.02244
Unknown,Unknown,./Data\Physical_Interaction\Topology_B\4-Group_dataset\physicalInteraction6_group.csv,59.0,0.0,59.0,59.0,59.0,,0.0,0.0,3.0,0.481555,0.2286231787067969,0.643216,0.319894,0.481555,,,0.161661,59.0,0.0,59,59,59.0,,0.0,0.0,3,0.481555,0.2286231787067969,0.643216,0.319894,0.481555,,,0.161661,,,,,,,,,,,,,,,,,
Unknown,Unknown,./Data\Physical_Interaction\Topology_B\4-Group_dataset\physicalInteraction6_group.csv,59.0,0.0,59.0,59.0,59.0,,0.0,0.0,3.0,0.481555,0.2286231787067969,0.643216,0.319894,0.481555,,,0.161661,59.0,0.0,59,59,59.0,,0.0,0.0,3,0.481555,0.2286231787067969,0.643216,0.319894,0.481555,,,0.161661,,,,,,,,,,,,,,,,,
Unknown,Unknown,./Data\Physical_Interaction\Topology_B\4-Group_dataset\physicalInteraction6_group.csv,61.4,5.366563145999495,71.0,59.0,59.0,5.000000000000007,2.236067977499791,3.839999999999999,5.0,0.7396782500000001,0.8641400575186003,2.03554,0.279484,0.3218445,3.9894282578425333,1.9967591517490615,0.6479308750000001,61.4,5.366563145999495,71,59,59.0,5.000000000000007,2.236067977499791,3.839999999999999,5,0.7396782500000001,0.8641400575186003,2.03554,0.279484,0.3218445,3.9894282578425333,1.9967591517490615,0.6479308750000001,,,,,,,,,,,,,,,,,
Unknown,Unknown,./Data\Physical_Interaction\Topology_B\4-Group_dataset\physicalInteraction6_group.csv,62.0,6.0,71.0,59.0,59.0,4.0,1.9999999999999998,4.5,4.0,0.3243833333333333,0.04519637202622942,0.369871,0.279484,0.323795,,0.058567784632397674,0.030325111111111098,62.0,6.0,71,59,59.0,4.0,1.9999999999999998,4.5,4,0.3243833333333333,0.04519637202622942,0.369871,0.279484,0.323795,,0.058567784632397674,0.030325111111111098,,,,,,,,,,,,,,,,,
Unknown,Unknown,./Data\Physical_Interaction\Topology_B\4-Group_dataset\physicalInteraction6_group.csv,62.0,6.0,71.0,59.0,59.0,4.0,1.9999999999999998,4.5,4.0,0.3243833333333333,0.04519637202622942,0.369871,0.279484,0.323795,,0.058567784632397674,0.030325111111111098,62.0,6.0,71,59,59.0,4.0,1.9999999999999998,4.5,4,0.3243833333333333,0.04519637202622942,0.369871,0.279484,0.323795,,0.058567784632397674,0.030325111111111098,,,,,,,,,,,,,,,,,
Unknown,Unknown,./Data\Physical_Interaction\Topology_B\4-Group_dataset\physicalInteraction6_group.csv,56.0,6.0,59.0,47.0,59.0,4.0,-1.9999999999999998,4.5,4.0,0.3191486666666667,0.001484104219161612,0.320758,0.317834,0.318854,,0.8582463855501572,0.0010728888888888826,56.0,6.0,59,47,59.0,4.0,-1.9999999999999998,4.5,4,0.3191486666666667,0.001484104219161612,0.320758,0.317834,0.318854,,0.8582463855501572,0.0010728888888888826,,,,,,,,,,,,,,,,,
Unknown,Unknown,./Data\Physical_Interaction\Topology_B\4-Group_dataset\physicalInteraction6_group.csv,56.0,6.0,59.0,47.0,59.0,4.0,-1.9999999999999998,4.5,4.0,0.3191486666666667,0.001484104219161612,0.320758,0.317834,0.318854,,0.8582463855501572,0.0010728888888888826,56.0,6.0,59,47,59.0,4.0,-1.9999999999999998,4.5,4,0.3191486666666667,0.001484104219161612,0.320758,0.317834,0.318854,,0.8582463855501572,0.0010728888888888826,,,,,,,,,,,,,,,,,
Unknown,Unknown,./Data\Physical_Interaction\Topology_B\4-Group_dataset\physicalInteraction6_group.csv,56.6,5.366563145999495,59.0,47.0,59.0,5.000000000000005,-2.2360679774997916,3.839999999999999,5.0,0.669579,0.6979341752109101,1.716475,0.317834,0.3220035,3.9997989828024743,1.9999396696580916,0.5234479999999999,56.6,5.366563145999495,59,47,59.0,5.000000000000005,-2.2360679774997916,3.839999999999999,5,0.669579,0.6979341752109101,1.716475,0.317834,0.3220035,3.9997989828024743,1.9999396696580916,0.5234479999999999,,,,,,,,,,,,,,,,,
Unknown,Unknown,./Data\Physical_Interaction\Topology_B\4-Group_dataset\physicalInteraction6_group.csv,59.0,0.0,59.0,59.0,59.0,0.0,0.0,0.0,4.0,0.32127833333333333,0.0017116677052901826,0.323249,0.320162,0.320424,,1.686508593723191,0.0013137777777777841,59.0,0.0,59,59,59.0,0.0,0.0,0.0,4,0.32127833333333333,0.0017116677052901826,0.323249,0.320162,0.320424,,1.686508593723191,0.0013137777777777841,,,,,,,,,,,,,,,,,
Unknown,Unknown,./Data\Physical_Interaction\Topology_B\4-Group_dataset\physicalInteraction6_group.csv,59.0,0.0,59.0,59.0,59.0,0.0,0.0,0.0,4.0,0.32127833333333333,0.0017116677052901826,0.323249,0.320162,0.320424,,1.686508593723191,0.0013137777777777841,59.0,0.0,59,59,59.0,0.0,0.0,0.0,4,0.32127833333333333,0.0017116677052901826,0.323249,0.320162,0.320424,,1.686508593723191,0.0013137777777777841,,,,,,,,,,,,,,,,,
Unknown,Unknown,./Data\Physical_Interaction\Topology_B\4-Group_dataset\physicalInteraction6_group.csv,41.625,30.570468943550267,71.0,5.0,59.0,-2.1966061495650955,-0.5820275038511251,27.46875,8.0,0.4173164285714286,0.6468061557189699,1.719815,0.007209,0.029722,2.6197166295134036,1.736367784645614,0.48632432653061225,38.5,26.849294504411386,71,5,48.5,-1.7702952254770263,-0.4366894603086473,23.928571428571427,14,0.22470884615384618,0.5054056082184298,1.717746,0.001782,0.007209,6.881705321879242,2.6187586992370067,0.33553791715976333,37.857142857142854,22.9813589054881,59.0,5.0,45.0,-0.9765284984594116,-1.0328983941892143,18.77551020408163,7.0,0.29700933333333335,0.6960471003909624,1.717746,0.007619,0.011692500000000002,5.998116324579669,2.4489984774668914,0.47357888888888894
Unknown,Unknown,./Data\Physical_Interaction\Topology_B\4-Group_dataset\physicalInteraction6_group.csv,35.833333333333336,33.87280128165763,71.0,5.0,34.0,-3.2650061597760938,0.02356991055936476,30.833333333333332,6.0,0.1761952,0.3583159614184107,0.816953,0.007209,0.019483,4.986384254292375,2.232291833023629,0.25630312,35.083333333333336,27.61902616061265,71,5,45.0,-1.9997010256608228,-0.12907106474404964,25.069444444444443,12,0.08027681818181819,0.24442379070737702,0.816953,0.001782,0.005827,10.976896084469239,3.3119063706184613,0.13394112396694216,34.333333333333336,23.01014269114094,54.0,5.0,45.0,-1.8711620911137343,-0.8601639658962164,19.555555555555554,6.0,0.012862000000000002,0.007358984304915999,0.025531,0.007619,0.011612,3.589275736791837,1.8342832765420267,0.005067600000000001
Unknown,Unknown,./Data\Physical_Interaction\Topology_B\4-Group_dataset\physicalInteraction6_group.csv,35.833333333333336,33.87280128165763,71.0,5.0,34.0,-3.2650061597760938,0.02356991055936476,30.833333333333332,6.0,0.1761952,0.3583159614184107,0.816953,0.007209,0.019483,4.986384254292375,2.232291833023629,0.25630312,35.083333333333336,27.61902616061265,71,5,45.0,-1.9997010256608228,-0.12907106474404964,25.069444444444443,12,0.08027681818181819,0.24442379070737702,0.816953,0.001782,0.005827,10.976896084469239,3.3119063706184613,0.13394112396694216,34.333333333333336,23.01014269114094,54.0,5.0,45.0,-1.8711620911137343,-0.8601639658962164,19.555555555555554,6.0,0.012862000000000002,0.007358984304915999,0.025531,0.007619,0.011612,3.589275736791837,1.8342832765420267,0.005067600000000001
Unknown,Unknown,./Data\Physical_Interaction\Topology_B\4-Group_dataset\physicalInteraction6_group.csv,59.0,0.0,59.0,59.0,59.0,,,0.0,2.0,0.327321,,0.327321,0.327321,0.327321,,,0.0,59.0,0.0,59,59,59.0,,,0.0,2,0.327321,,0.327321,0.327321,0.327321,,,0.0,,,,,,,,,,,,,,,,,
Unknown,Unknown,./Data\Physical_Interaction\Topology_B\4-Group_dataset\physicalInteraction6_group.csv,59.0,0.0,59.0,59.0,59.0,0.0,0.0,0.0,4.0,0.32256233333333334,0.004121479993076908,0.327321,0.320129,0.320237,,1.7307129089583773,0.003172444444444441,59.0,0.0,59,59,59.0,0.0,0.0,0.0,4,0.32256233333333334,0.004121479993076908,0.327321,0.320129,0.320237,,1.7307129089583773,0.003172444444444441,,,,,,,,,,,,,,,,,
Unknown,Unknown,./Data\Physical_Interaction\Topology_B\4-Group_dataset\physicalInteraction6_group.csv,59.0,0.0,59.0,59.0,59.0,0.0,0.0,0.0,4.0,0.32256233333333334,0.004121479993076908,0.327321,0.320129,0.320237,,1.7307129089583773,0.003172444444444441,59.0,0.0,59,59,59.0,0.0,0.0,0.0,4,0.32256233333333334,0.004121479993076908,0.327321,0.320129,0.320237,,1.7307129089583773,0.003172444444444441,,,,,,,,,,,,,,,,,
Unknown,Unknown,./Data\Physical_Interaction\Topology_B\4-Group_dataset\physicalInteraction6_group.csv,59.0,0.0,59.0,59.0,59.0,,0.0,0.0,3.0,1.338854,1.440694711328531,2.357579,0.320129,1.338854,,,1.0187249999999999,59.0,0.0,59,59,59.0,,0.0,0.0,3,1.338854,1.440694711328531,2.357579,0.320129,1.338854,,,1.0187249999999999,,,,,,,,,,,,,,,,,
Unknown,Unknown,./Data\Physical_Interaction\Topology_B\4-Group_dataset\physicalInteraction6_group.csv,55.0,6.928203230275509,59.0,47.0,59.0,,-1.7320508075688774,5.333333333333333,3.0,0.4937525,0.24372768665972272,0.666094,0.321411,0.4937525,,,0.17234149999999998,55.0,6.928203230275509,59,47,59.0,,-1.7320508075688774,5.333333333333333,3,0.4937525,0.24372768665972272,0.666094,0.321411,0.4937525,,,0.17234149999999998,,,,,,,,,,,,,,,,,
Unknown,Unknown,./Data\Physical_Interaction\Topology_B\4-Group_dataset\physicalInteraction6_group.csv,55.0,6.928203230275509,59.0,47.0,59.0,,-1.7320508075688774,5.333333333333333,3.0,0.4937525,0.24372768665972272,0.666094,0.321411,0.4937525,,,0.17234149999999998,55.0,6.928203230275509,59,47,59.0,,-1.7320508075688774,5.333333333333333,3,0.4937525,0.24372768665972272,0.666094,0.321411,0.4937525,,,0.17234149999999998,,,,,,,,,,,,,,,,,
Unknown,Unknown,./Data\Physical_Interaction\Topology_B\4-Group_dataset\physicalInteraction6_group.csv,53.0,8.48528137423857,59.0,47.0,53.0,,,6.0,2.0,0.666094,,0.666094,0.666094,0.666094,,,0.0,53.0,8.48528137423857,59,47,53.0,,,6.0,2,0.666094,,0.666094,0.666094,0.666094,,,0.0,,,,,,,,,,,,,,,,,
Unknown,Unknown,./Data\Physical_Interaction\Topology_B\4-Group_dataset\physicalInteraction6_group.csv,59.0,0.0,59.0,59.0,59.0,,,0.0,2.0,0.327939,,0.327939,0.327939,0.327939,,,0.0,59.0,0.0,59,59,59.0,,,0.0,2,0.327939,,0.327939,0.327939,0.327939,,,0.0,,,,,,,,,,,,,,,,,
Unknown,Unknown,./Data\Physical_Interaction\Topology_B\4-Group_dataset\physicalInteraction6_group.csv,59.0,0.0,59.0,59.0,59.0,,0.0,0.0,3.0,0.3230645,0.006893584009787657,0.327939,0.31819,0.3230645,,,0.004874500000000004,59.0,0.0,59,59,59.0,,0.0,0.0,3,0.3230645,0.006893584009787657,0.327939,0.31819,0.3230645,,,0.004874500000000004,,,,,,,,,,,,,,,,,
Unknown,Unknown,./Data\Physical_Interaction\Topology_B\4-Group_dataset\physicalInteraction6_group.csv,59.0,0.0,59.0,59.0,59.0,,0.0,0.0,3.0,0.3230645,0.006893584009787657,0.327939,0.31819,0.3230645,,,0.004874500000000004,59.0,0.0,59,59,59.0,,0.0,0.0,3,0.3230645,0.006893584009787657,0.327939,0.31819,0.3230645,,,0.004874500000000004,,,,,,,,,,,,,,,,,
Unknown,Unknown,./Data\Physical_Interaction\Topology_B\4-Group_dataset\physicalInteraction6_group.csv,59.0,0.0,59.0,59.0,59.0,,,0.0,2.0,2.353125,,2.353125,2.353125,2.353125,,,0.0,59.0,0.0,59,59,59.0,,,0.0,2,2.353125,,2.353125,2.353125,2.353125,,,0.0,,,,,,,,,,,,,,,,,
Unknown,Unknown,./Data\Physical_Interaction\Topology_B\4-Group_dataset\physicalInteraction6_group.csv,59.0,0.0,59.0,59.0,59.0,,,0.0,2.0,0.965816,,0.965816,0.965816,0.965816,,,0.0,59.0,0.0,59,59,59.0,,,0.0,2,0.965816,,0.965816,0.965816,0.965816,,,0.0,,,,,,,,,,,,,,,,,
Unknown,Unknown,./Data\Physical_Interaction\Topology_B\4-Group_dataset\physicalInteraction6_group.csv,59.0,0.0,59.0,59.0,59.0,,,0.0,2.0,0.965816,,0.965816,0.965816,0.965816,,,0.0,59.0,0.0,59,59,59.0,,,0.0,2,0.965816,,0.965816,0.965816,0.965816,,,0.0,,,,,,,,,,,,,,,,,
Unknown,Unknown,./Data\Physical_Interaction\Topology_B\4-Group_dataset\physicalInteraction6_group.csv,40.22222222222222,28.904055847656473,71.0,5.0,59.0,-2.0808242144744975,-0.4070466580513415,25.975308641975307,9.0,0.28684225,0.47362021470575827,1.419471,0.004996,0.14636,6.451042286323322,2.470164820717288,0.291418875,35.53846153846154,27.27213286065523,71,5,45.0,-1.9374221764230395,-0.10481870815708652,24.497041420118343,13,0.19122816666666664,0.4033099594969411,1.419471,0.000805,0.0118055,9.574875326841608,3.0055255745184404,0.23946555555555557,22.333333333333332,19.86621923433512,45.0,5.0,17.0,-2.651570489408326,0.30474112777285456,17.333333333333332,6.0,0.3021421999999999,0.625056813807913,1.419471,0.000805,0.018128,4.9707294841341465,2.22809233607666,0.44693151999999997
Unknown,Unknown,./Data\Physical_Interaction\Topology_B\4-Group_dataset\physicalInteraction6_group.csv,43.55555555555556,29.176664952968455,71.0,5.0,59.0,-1.7016513862588707,-0.7865774524598181,25.703703703703702,9.0,0.16067162499999998,0.15820719158291627,0.410106,0.004996,0.14636,-1.5017416352137927,0.43464027437577124,0.137413625,37.84615384615385,27.933988120347088,71,5,45.0,-1.9656648592431307,-0.3315505609453835,25.266272189349106,13,0.10711441666666667,0.14883600821188053,0.410106,0.000805,0.0118055,-0.26425316531181897,1.1114068477770898,0.12731388888888887,21.0,21.908902300206645,45.0,5.0,5.0,-3.333333333333333,0.6085806194501846,19.2,5.0,0.022809999999999997,0.027413639026343556,0.062538,0.000805,0.013948499999999999,2.7601793439473674,1.6091827777705918,0.019864
Unknown,Unknown,./Data\Physical_Interaction\Topology_B\4-Group_dataset\physicalInteraction6_group.csv,43.55555555555556,29.176664952968455,71.0,5.0,59.0,-1.7016513862588707,-0.7865774524598181,25.703703703703702,9.0,0.16067162499999998,0.15820719158291627,0.410106,0.004996,0.14636,-1.5017416352137927,0.43464027437577124,0.137413625,37.84615384615385,27.933988120347088,71,5,45.0,-1.9656648592431307,-0.3315505609453835,25.266272189349106,13,0.10711441666666667,0.14883600821188053,0.410106,0.000805,0.0118055,-0.26425316531181897,1.1114068477770898,0.12731388888888887,21.0,21.908902300206645,45.0,5.0,5.0,-3.333333333333333,0.6085806194501846,19.2,5.0,0.022809999999999997,0.027413639026343556,0.062538,0.000805,0.013948499999999999,2.7601793439473674,1.6091827777705918,0.019864
Unknown,Unknown,./Data\Physical_Interaction\Topology_B\4-Group_dataset\physicalInteraction6_group.csv,59.0,0.0,59.0,59.0,59.0,,0.0,0.0,3.0,1.183763,1.213605954336909,2.041912,0.325614,1.183763,,,0.8581489999999999,59.0,0.0,59,59,59.0,,0.0,0.0,3,1.183763,1.213605954336909,2.041912,0.325614,1.183763,,,0.8581489999999999,,,,,,,,,,,,,,,,,
Unknown,Unknown,./Data\Physical_Interaction\Topology_B\4-Group_dataset\physicalInteraction6_group.csv,59.0,0.0,59.0,59.0,59.0,0.0,0.0,0.0,4.0,0.3248766666666667,0.0037625801431110375,0.328216,0.3208,0.325614,,-0.8479770120734402,0.002717777777777782,59.0,0.0,59,59,59.0,0.0,0.0,0.0,4,0.3248766666666667,0.0037625801431110375,0.328216,0.3208,0.325614,,-0.8479770120734402,0.002717777777777782,,,,,,,,,,,,,,,,,
Unknown,Unknown,./Data\Physical_Interaction\Topology_B\4-Group_dataset\physicalInteraction6_group.csv,59.0,0.0,59.0,59.0,59.0,0.0,0.0,0.0,4.0,0.3248766666666667,0.0037625801431110375,0.328216,0.3208,0.325614,,-0.8479770120734402,0.002717777777777782,59.0,0.0,59,59,59.0,0.0,0.0,0.0,4,0.3248766666666667,0.0037625801431110375,0.328216,0.3208,0.325614,,-0.8479770120734402,0.002717777777777782,,,,,,,,,,,,,,,,,
Unknown,Unknown,./Data\Physical_Interaction\Topology_B\4-Group_dataset\physicalInteraction6_group.csv,59.0,0.0,59.0,59.0,59.0,,,0.0,2.0,0.328216,,0.328216,0.328216,0.328216,,,0.0,59.0,0.0,59,59,59.0,,,0.0,2,0.328216,,0.328216,0.328216,0.328216,,,0.0,,,,,,,,,,,,,,,,,
Unknown,Unknown,./Data\Physical_Interaction\Topology_B\4-Group_dataset\physicalInteraction6_group.csv,59.0,0.0,59.0,59.0,59.0,,,0.0,2.0,0.637923,,0.637923,0.637923,0.637923,,,0.0,59.0,0.0,59,59,59.0,,,0.0,2,0.637923,,0.637923,0.637923,0.637923,,,0.0,,,,,,,,,,,,,,,,,
Unknown,Unknown,./Data\Physical_Interaction\Topology_B\4-Group_dataset\physicalInteraction6_group.csv,59.0,0.0,59.0,59.0,59.0,,,0.0,2.0,0.637923,,0.637923,0.637923,0.637923,,,0.0,59.0,0.0,59,59,59.0,,,0.0,2,0.637923,,0.637923,0.637923,0.637923,,,0.0,,,,,,,,,,,,,,,,,
Unknown,Unknown,./Data\Physical_Interaction\Topology_B\4-Group_dataset\physicalInteraction6_group.csv,59.0,0.0,59.0,59.0,59.0,,0.0,0.0,3.0,1.3442064999999999,1.4393929277443667,2.362011,0.326402,1.3442064999999999,,,1.0178045,59.0,0.0,59,59,59.0,,0.0,0.0,3,1.3442064999999999,1.4393929277443667,2.362011,0.326402,1.3442064999999999,,,1.0178045,,,,,,,,,,,,,,,,,
Unknown,Unknown,./Data\Physical_Interaction\Topology_B\4-Group_dataset\physicalInteraction6_group.csv,59.0,0.0,59.0,59.0,59.0,0.0,0.0,0.0,4.0,0.32179,0.004195115850605327,0.326402,0.318201,0.320767,,1.0320934658498193,0.00307466666666667,59.0,0.0,59,59,59.0,0.0,0.0,0.0,4,0.32179,0.004195115850605327,0.326402,0.318201,0.320767,,1.0320934658498193,0.00307466666666667,,,,,,,,,,,,,,,,,
Unknown,Unknown,./Data\Physical_Interaction\Topology_B\4-Group_dataset\physicalInteraction6_group.csv,59.0,0.0,59.0,59.0,59.0,0.0,0.0,0.0,4.0,0.32179,0.004195115850605327,0.326402,0.318201,0.320767,,1.0320934658498193,0.00307466666666667,59.0,0.0,59,59,59.0,0.0,0.0,0.0,4,0.32179,0.004195115850605327,0.326402,0.318201,0.320767,,1.0320934658498193,0.00307466666666667,,,,,,,,,,,,,,,,,
Unknown,Unknown,./Data\Physical_Interaction\Topology_B\4-Group_dataset\physicalInteraction6_group.csv,59.0,0.0,59.0,59.0,59.0,,,0.0,2.0,0.318201,,0.318201,0.318201,0.318201,,,0.0,59.0,0.0,59,59,59.0,,,0.0,2,0.318201,,0.318201,0.318201,0.318201,,,0.0,,,,,,,,,,,,,,,,,
Unknown,Unknown,./Data\Physical_Interaction\Topology_B\4-Group_dataset\physicalInteraction6_group.csv,55.0,6.928203230275509,59.0,47.0,59.0,,-1.7320508075688774,5.333333333333333,3.0,0.5983704999999999,0.05648439678796259,0.638311,0.55843,0.5983704999999999,,,0.03994049999999999,55.0,6.928203230275509,59,47,59.0,,-1.7320508075688774,5.333333333333333,3,0.5983704999999999,0.05648439678796259,0.638311,0.55843,0.5983704999999999,,,0.03994049999999999,,,,,,,,,,,,,,,,,
Unknown,Unknown,./Data\Physical_Interaction\Topology_B\4-Group_dataset\physicalInteraction6_group.csv,55.0,6.928203230275509,59.0,47.0,59.0,,-1.7320508075688774,5.333333333333333,3.0,0.5983704999999999,0.05648439678796259,0.638311,0.55843,0.5983704999999999,,,0.03994049999999999,55.0,6.928203230275509,59,47,59.0,,-1.7320508075688774,5.333333333333333,3,0.5983704999999999,0.05648439678796259,0.638311,0.55843,0.5983704999999999,,,0.03994049999999999,,,,,,,,,,,,,,,,,
Unknown,Unknown,./Data\Physical_Interaction\Topology_B\4-Group_dataset\physicalInteraction6_group.csv,53.0,8.48528137423857,59.0,47.0,53.0,,,6.0,2.0,0.55843,,0.55843,0.55843,0.55843,,,0.0,53.0,8.48528137423857,59,47,53.0,,,6.0,2,0.55843,,0.55843,0.55843,0.55843,,,0.0,,,,,,,,,,,,,,,,,
Unknown,Unknown,./Data\Physical_Interaction\Topology_B\4-Group_dataset\physicalInteraction6_group.csv,59.0,0.0,59.0,59.0,59.0,,,0.0,2.0,0.319842,,0.319842,0.319842,0.319842,,,0.0,59.0,0.0,59,59,59.0,,,0.0,2,0.319842,,0.319842,0.319842,0.319842,,,0.0,,,,,,,,,,,,,,,,,
Unknown,Unknown,./Data\Physical_Interaction\Topology_B\4-Group_dataset\physicalInteraction6_group.csv,59.0,0.0,59.0,59.0,59.0,,,0.0,2.0,0.319842,,0.319842,0.319842,0.319842,,,0.0,59.0,0.0,59,59,59.0,,,0.0,2,0.319842,,0.319842,0.319842,0.319842,,,0.0,,,,,,,,,,,,,,,,,
Unknown,Unknown,./Data\Physical_Interaction\Topology_B\4-Group_dataset\physicalInteraction6_group.csv,42.55555555555556,28.73199919563165,71.0,5.0,59.0,-1.722415683380822,-0.7125072204456104,25.037037037037035,9.0,0.36889325,0.6141926287341433,1.721701,0.007144,0.03163,3.4435270363271755,1.9310054346086016,0.44910987500000005,39.266666666666666,26.042456178508274,71,5,50.0,-1.5884824110854323,-0.534322134462738,22.844444444444445,15,0.21079614285714282,0.48883581739961246,1.721701,0.001792,0.008178,7.6486608325099334,2.7481932261725106,0.3173827959183673,36.57142857142857,21.82397109340356,54.0,5.0,45.0,-0.9182684159029026,-1.130301463520661,18.040816326530614,7.0,0.015881000000000003,0.009794110577280614,0.034621,0.006328,0.0133165,3.8159723497674776,1.7736903997608482,0.006338000000000001
Unknown,Unknown,./Data\Physical_Interaction\Topology_B\4-Group_dataset\physicalInteraction6_group.csv,37.857142857142854,31.381674968196393,71.0,5.0,50.0,-2.6323758537161908,-0.22677719205068497,28.163265306122447,7.0,0.1516005,0.3239865514299938,0.812525,0.007144,0.0201455,5.973803322181903,2.44270204983822,0.22030816666666664,36.23076923076923,26.764883230811495,71,5,45.0,-1.8513797588832963,-0.2630872437681359,24.023668639053255,13,0.07580025,0.23219794719322995,0.812525,0.001792,0.006736000000000001,11.948841981815963,3.454055382083079,0.12278745833333334,36.57142857142857,21.82397109340356,54.0,5.0,45.0,-0.9182684159029026,-1.130301463520661,18.040816326530614,7.0,0.015881000000000003,0.009794110577280614,0.034621,0.006328,0.0133165,3.8159723497674776,1.7736903997608482,0.006338000000000001
Unknown,Unknown,./Data\Physical_Interaction\Topology_B\4-Group_dataset\physicalInteraction6_group.csv,37.857142857142854,31.381674968196393,71.0,5.0,50.0,-2.6323758537161908,-0.22677719205068497,28.163265306122447,7.0,0.1516005,0.3239865514299938,0.812525,0.007144,0.0201455,5.973803322181903,2.44270204983822,0.22030816666666664,36.23076923076923,26.764883230811495,71,5,45.0,-1.8513797588832963,-0.2630872437681359,24.023668639053255,13,0.07580025,0.23219794719322995,0.812525,0.001792,0.006736000000000001,11.948841981815963,3.454055382083079,0.12278745833333334,36.57142857142857,21.82397109340356,54.0,5.0,45.0,-0.9182684159029026,-1.130301463520661,18.040816326530614,7.0,0.015881000000000003,0.009794110577280614,0.034621,0.006328,0.0133165,3.8159723497674776,1.7736903997608482,0.006338000000000001
Unknown,Unknown,./Data\Physical_Interaction\Topology_B\4-Group_dataset\physicalInteraction6_group.csv,57.0,0.0,57.0,57.0,57.0,,,0.0,2.0,0.643117,,0.643117,0.643117,0.643117,,,0.0,57.0,0.0,57,57,57.0,,,0.0,2,0.643117,,0.643117,0.643117,0.643117,,,0.0,,,,,,,,,,,,,,,,,
Unknown,Unknown,./Data\Physical_Interaction\Topology_B\4-Group_dataset\physicalInteraction6_group.csv,57.666666666666664,1.1547005383792517,59.0,57.0,57.0,,1.7320508075688956,0.8888888888888881,3.0,0.9553645,0.44158464931709296,1.267612,0.643117,0.9553645,,,0.31224749999999996,57.666666666666664,1.1547005383792517,59,57,57.0,,1.7320508075688956,0.8888888888888881,3,0.9553645,0.44158464931709296,1.267612,0.643117,0.9553645,,,0.31224749999999996,,,,,,,,,,,,,,,,,
Unknown,Unknown,./Data\Physical_Interaction\Topology_B\4-Group_dataset\physicalInteraction6_group.csv,58.333333333333336,1.1547005383792517,59.0,57.0,59.0,,-1.7320508075688956,0.8888888888888881,3.0,1.1182105,0.2112856275388839,1.267612,0.968809,1.1182105,,,0.14940149999999996,58.333333333333336,1.1547005383792517,59,57,59.0,,-1.7320508075688956,0.8888888888888881,3,1.1182105,0.2112856275388839,1.267612,0.968809,1.1182105,,,0.14940149999999996,,,,,,,,,,,,,,,,,
Unknown,Unknown,./Data\Physical_Interaction\Topology_B\4-Group_dataset\physicalInteraction6_group.csv,59.0,0.0,59.0,59.0,59.0,,,0.0,2.0,0.968809,,0.968809,0.968809,0.968809,,,0.0,59.0,0.0,59,59,59.0,,,0.0,2,0.968809,,0.968809,0.968809,0.968809,,,0.0,,,,,,,,,,,,,,,,,
Unknown,Unknown,./Data\Physical_Interaction\Topology_B\4-Group_dataset\physicalInteraction6_group.csv,59.0,0.0,59.0,59.0,59.0,,,0.0,2.0,2.031946,,2.031946,2.031946,2.031946,,,0.0,59.0,0.0,59,59,59.0,,,0.0,2,2.031946,,2.031946,2.031946,2.031946,,,0.0,,,,,,,,,,,,,,,,,
Unknown,Unknown,./Data\Physical_Interaction\Topology_B\4-Group_dataset\physicalInteraction6_group.csv,59.0,0.0,59.0,59.0,59.0,,0.0,0.0,3.0,0.48285350000000005,0.2319317313359688,0.646854,0.318853,0.48285350000000005,,,0.16400050000000002,59.0,0.0,59,59,59.0,,0.0,0.0,3,0.48285350000000005,0.2319317313359688,0.646854,0.318853,0.48285350000000005,,,0.16400050000000002,,,,,,,,,,,,,,,,,
Unknown,Unknown,./Data\Physical_Interaction\Topology_B\4-Group_dataset\physicalInteraction6_group.csv,56.0,6.0,59.0,47.0,59.0,4.0,-1.9999999999999998,4.5,4.0,0.554666,0.2058331107207973,0.698291,0.318853,0.646854,,-1.6111611436690196,0.1572086666666667,56.0,6.0,59,47,59.0,4.0,-1.9999999999999998,4.5,4,0.554666,0.2058331107207973,0.698291,0.318853,0.646854,,-1.6111611436690196,0.1572086666666667,,,,,,,,,,,,,,,,,
Unknown,Unknown,./Data\Physical_Interaction\Topology_B\4-Group_dataset\physicalInteraction6_group.csv,55.0,6.928203230275509,59.0,47.0,59.0,,-1.7320508075688774,5.333333333333333,3.0,0.508572,0.2683031828398612,0.698291,0.318853,0.508572,,,0.189719,55.0,6.928203230275509,59,47,59.0,,-1.7320508075688774,5.333333333333333,3,0.508572,0.2683031828398612,0.698291,0.318853,0.508572,,,0.189719,,,,,,,,,,,,,,,,,
Unknown,Unknown,./Data\Physical_Interaction\Topology_B\4-Group_dataset\physicalInteraction6_group.csv,59.0,0.0,59.0,59.0,59.0,,,0.0,2.0,0.318045,,0.318045,0.318045,0.318045,,,0.0,59.0,0.0,59,59,59.0,,,0.0,2,0.318045,,0.318045,0.318045,0.318045,,,0.0,,,,,,,,,,,,,,,,,
Unknown,Unknown,./Data\Physical_Interaction\Topology_B\4-Group_dataset\physicalInteraction6_group.csv,59.0,0.0,59.0,59.0,59.0,0.0,0.0,0.0,4.0,0.31935,0.0015823479389818124,0.32111,0.318045,0.318895,,1.186973799658642,0.0011733333333333411,59.0,0.0,59,59,59.0,0.0,0.0,0.0,4,0.31935,0.0015823479389818124,0.32111,0.318045,0.318895,,1.186973799658642,0.0011733333333333411,,,,,,,,,,,,,,,,,
Unknown,Unknown,./Data\Physical_Interaction\Topology_B\4-Group_dataset\physicalInteraction6_group.csv,59.0,0.0,59.0,59.0,59.0,0.0,0.0,0.0,4.0,0.31935,0.0015823479389818124,0.32111,0.318045,0.318895,,1.186973799658642,0.0011733333333333411,59.0,0.0,59,59,59.0,0.0,0.0,0.0,4,0.31935,0.0015823479389818124,0.32111,0.318045,0.318895,,1.186973799658642,0.0011733333333333411,,,,,,,,,,,,,,,,,
Unknown,Unknown,./Data\Physical_Interaction\Topology_B\4-Group_dataset\physicalInteraction6_group.csv,59.0,0.0,59.0,59.0,59.0,0.0,0.0,0.0,4.0,0.8923993333333332,0.9940263471429382,2.040202,0.318101,0.318895,,1.7320495643192608,0.7652017777777776,59.0,0.0,59,59,59.0,0.0,0.0,0.0,4,0.8923993333333332,0.9940263471429382,2.040202,0.318101,0.318895,,1.7320495643192608,0.7652017777777776,,,,,,,,,,,,,,,,,
Unknown,Unknown,./Data\Physical_Interaction\Topology_B\4-Group_dataset\physicalInteraction6_group.csv,59.0,0.0,59.0,59.0,59.0,,0.0,0.0,3.0,0.47916000000000003,0.22777182214224828,0.640219,0.318101,0.47916000000000003,,,0.16105899999999998,59.0,0.0,59,59,59.0,,0.0,0.0,3,0.47916000000000003,0.22777182214224828,0.640219,0.318101,0.47916000000000003,,,0.16105899999999998,,,,,,,,,,,,,,,,,
Unknown,Unknown,./Data\Physical_Interaction\Topology_B\4-Group_dataset\physicalInteraction6_group.csv,59.0,0.0,59.0,59.0,59.0,,0.0,0.0,3.0,0.47916000000000003,0.22777182214224828,0.640219,0.318101,0.47916000000000003,,,0.16105899999999998,59.0,0.0,59,59,59.0,,0.0,0.0,3,0.47916000000000003,0.22777182214224828,0.640219,0.318101,0.47916000000000003,,,0.16105899999999998,,,,,,,,,,,,,,,,,
Unknown,Unknown,./Data\Physical_Interaction\Topology_B\4-Group_dataset\physicalInteraction6_group.csv,29.0,33.94112549695428,53.0,5.0,29.0,,,24.0,2.0,0.022061,,0.022061,0.022061,0.022061,,,0.0,27.0,25.612496949731394,53,5,25.0,-5.518143961927424,0.08380055515973985,22.0,4,0.007353666666666667,0.009385637023310316,0.01819,0.001792,0.002079,,1.7302289805900017,0.007224222222222222,25.0,28.284271247461902,45.0,5.0,25.0,,,20.0,2.0,0.01819,,0.01819,0.01819,0.01819,,,0.0
Unknown,Unknown,./Data\Physical_Interaction\Topology_B\4-Group_dataset\physicalInteraction6_group.csv,29.0,33.94112549695428,53.0,5.0,29.0,,,24.0,2.0,0.022061,,0.022061,0.022061,0.022061,,,0.0,27.0,25.612496949731394,53,5,25.0,-5.518143961927424,0.08380055515973985,22.0,4,0.007353666666666667,0.009385637023310316,0.01819,0.001792,0.002079,,1.7302289805900017,0.007224222222222222,25.0,28.284271247461902,45.0,5.0,25.0,,,20.0,2.0,0.01819,,0.01819,0.01819,0.01819,,,0.0
Unknown,Unknown,./Data\Physical_Interaction\Topology_B\4-Group_dataset\physicalInteraction6_group.csv,29.0,33.94112549695428,53.0,5.0,29.0,,,24.0,2.0,0.022061,,0.022061,0.022061,0.022061,,,0.0,27.0,25.612496949731394,53,5,25.0,-5.518143961927424,0.08380055515973985,22.0,4,0.007353666666666667,0.009385637023310316,0.01819,0.001792,0.002079,,1.7302289805900017,0.007224222222222222,25.0,28.284271247461902,45.0,5.0,25.0,,,20.0,2.0,0.01819,,0.01819,0.01819,0.01819,,,0.0
Unknown,Unknown,./Data\Physical_Interaction\Topology_B\4-Group_dataset\physicalInteraction6_group.csv,37.27272727272727,31.029311655564996,71.0,5.0,59.0,-2.3994064774294133,-0.18266014570429262,29.338842975206614,11.0,0.0844724,0.16025402745585593,0.496471,0.004869,0.014097499999999999,5.419963483988018,2.3723542249159353,0.11188944,33.55,27.3312525951712,71,5,45.0,-1.976133659856068,-0.02950474121983252,25.695,20,0.044459157894736846,0.12056879754557062,0.496471,0.001791,0.006372,12.167934151936535,3.4476061957940742,0.06664228254847646,26.6,22.959868369734952,54.0,5.0,25.0,-2.444824990508799,0.06033555275980483,21.6,10.0,0.01363377777777778,0.008578213607415267,0.029433,0.004869,0.011467,0.39618076700963645,1.2748792238620623,0.006416765432098767
Unknown,Unknown,./Data\Physical_Interaction\Topology_B\4-Group_dataset\physicalInteraction6_group.csv,40.61538461538461,29.477501198763044,71.0,5.0,59.0,-2.0265494855692694,-0.4967099383095488,27.396449704142007,13.0,0.10915908333333335,0.16052189439079834,0.496471,0.004869,0.0191365,2.0008930820278694,1.6515687608615381,0.12615677777777778,35.86363636363637,27.05425845283697,71,5,45.0,-1.9193847014205403,-0.2229705808060196,25.252066115702476,22,0.062376619047619056,0.13066207149723144,0.496471,0.001791,0.006947,5.97599429311507,2.503239484669913,0.08930462131519275,29.545454545454547,23.872007189859993,59.0,5.0,45.0,-2.275169133031854,-0.10212410857176925,22.314049586776857,11.0,0.09885980000000001,0.26962966860607573,0.865894,0.004869,0.0116765,9.975202097893355,3.156979914742246,0.15340684
Unknown,Unknown,./Data\Physical_Interaction\Topology_B\4-Group_dataset\physicalInteraction6_group.csv,40.61538461538461,29.477501198763044,71.0,5.0,59.0,-2.0265494855692694,-0.4967099383095488,27.396449704142007,13.0,0.10915908333333335,0.16052189439079834,0.496471,0.004869,0.0191365,2.0008930820278694,1.6515687608615381,0.12615677777777778,35.86363636363637,27.05425845283697,71,5,45.0,-1.9193847014205403,-0.2229705808060196,25.252066115702476,22,0.062376619047619056,0.13066207149723144,0.496471,0.001791,0.006947,5.97599429311507,2.503239484669913,0.08930462131519275,29.545454545454547,23.872007189859993,59.0,5.0,45.0,-2.275169133031854,-0.10212410857176925,22.314049586776857,11.0,0.09885980000000001,0.26962966860607573,0.865894,0.004869,0.0116765,9.975202097893355,3.156979914742246,0.15340684
Unknown,Unknown,./Data\Physical_Interaction\Topology_B\4-Group_dataset\physicalInteraction6_group.csv,59.0,0.0,59.0,59.0,59.0,0.0,0.0,0.0,4.0,0.8961520000000002,0.9899798540238078,2.039276,0.321311,0.327869,,1.7319653006464435,0.7620826666666667,59.0,0.0,59,59,59.0,0.0,0.0,0.0,4,0.8961520000000002,0.9899798540238078,2.039276,0.321311,0.327869,,1.7319653006464435,0.7620826666666667,,,,,,,,,,,,,,,,,
Unknown,Unknown,./Data\Physical_Interaction\Topology_B\4-Group_dataset\physicalInteraction6_group.csv,59.0,0.0,59.0,59.0,59.0,,0.0,0.0,3.0,0.483579,0.22020719379711462,0.639289,0.327869,0.483579,,,0.15571,59.0,0.0,59,59,59.0,,0.0,0.0,3,0.483579,0.22020719379711462,0.639289,0.327869,0.483579,,,0.15571,,,,,,,,,,,,,,,,,
Unknown,Unknown,./Data\Physical_Interaction\Topology_B\4-Group_dataset\physicalInteraction6_group.csv,59.0,0.0,59.0,59.0,59.0,,0.0,0.0,3.0,0.483579,0.22020719379711462,0.639289,0.327869,0.483579,,,0.15571,59.0,0.0,59,59,59.0,,0.0,0.0,3,0.483579,0.22020719379711462,0.639289,0.327869,0.483579,,,0.15571,,,,,,,,,,,,,,,,,
Unknown,Unknown,./Data\Physical_Interaction\Topology_B\4-Group_dataset\physicalInteraction6_group.csv,53.0,8.48528137423857,59.0,47.0,53.0,,,6.0,2.0,1.159136,,1.159136,1.159136,1.159136,,,0.0,53.0,8.48528137423857,59,47,53.0,,,6.0,2,1.159136,,1.159136,1.159136,1.159136,,,0.0,,,,,,,,,,,,,,,,,
Unknown,Unknown,./Data\Physical_Interaction\Topology_B\4-Group_dataset\physicalInteraction6_group.csv,56.0,6.0,59.0,47.0,59.0,4.0,-1.9999999999999998,4.5,4.0,0.7062123333333332,0.4240779398888055,1.159136,0.318545,0.640956,,0.6760555126022371,0.30194911111111106,56.0,6.0,59,47,59.0,4.0,-1.9999999999999998,4.5,4,0.7062123333333332,0.4240779398888055,1.159136,0.318545,0.640956,,0.6760555126022371,0.30194911111111106,,,,,,,,,,,,,,,,,
Unknown,Unknown,./Data\Physical_Interaction\Topology_B\4-Group_dataset\physicalInteraction6_group.csv,59.0,0.0,59.0,59.0,59.0,,0.0,0.0,3.0,0.47975049999999997,0.22797900442913596,0.640956,0.318545,0.47975049999999997,,,0.16120549999999997,59.0,0.0,59,59,59.0,,0.0,0.0,3,0.47975049999999997,0.22797900442913596,0.640956,0.318545,0.47975049999999997,,,0.16120549999999997,,,,,,,,,,,,,,,,,
Unknown,Unknown,./Data\Physical_Interaction\Topology_B\4-Group_dataset\physicalInteraction6_group.csv,60.6,6.06630035524124,71.0,55.0,59.0,3.72400756143667,1.7487916903105647,4.160000000000001,5.0,0.7176297500000001,0.8859966200482465,2.042867,0.181861,0.3228955,3.893527125762663,1.9655978491149428,0.6626186250000001,60.6,6.06630035524124,71,55,59.0,3.72400756143667,1.7487916903105647,4.160000000000001,5,0.7176297500000001,0.8859966200482465,2.042867,0.181861,0.3228955,3.893527125762663,1.9655978491149428,0.6626186250000001,,,,,,,,,,,,,,,,,
Unknown,Unknown,./Data\Physical_Interaction\Topology_B\4-Group_dataset\physicalInteraction6_group.csv,60.6,6.06630035524124,71.0,55.0,59.0,3.724007561436668,1.748791690310565,4.160000000000001,5.0,0.2413945,0.09627222364559088,0.327246,0.137285,0.2505235,-4.924902391841142,-0.17625055958318783,0.0818215,60.6,6.06630035524124,71,55,59.0,3.724007561436668,1.748791690310565,4.160000000000001,5,0.2413945,0.09627222364559088,0.327246,0.137285,0.2505235,-4.924902391841142,-0.17625055958318783,0.0818215,,,,,,,,,,,,,,,,,
Unknown,Unknown,./Data\Physical_Interaction\Topology_B\4-Group_dataset\physicalInteraction6_group.csv,60.6,6.06630035524124,71.0,55.0,59.0,3.724007561436668,1.748791690310565,4.160000000000001,5.0,0.2413945,0.09627222364559088,0.327246,0.137285,0.2505235,-4.924902391841142,-0.17625055958318783,0.0818215,60.6,6.06630035524124,71,55,59.0,3.724007561436668,1.748791690310565,4.160000000000001,5,0.2413945,0.09627222364559088,0.327246,0.137285,0.2505235,-4.924902391841142,-0.17625055958318783,0.0818215,,,,,,,,,,,,,,,,,
Unknown,Unknown,./Data\Physical_Interaction\Topology_B\4-Group_dataset\physicalInteraction6_group.csv,59.0,0.0,59.0,59.0,59.0,,,0.0,2.0,0.319186,,0.319186,0.319186,0.319186,,,0.0,59.0,0.0,59,59,59.0,,,0.0,2,0.319186,,0.319186,0.319186,0.319186,,,0.0,,,,,,,,,,,,,,,,,
Unknown,Unknown,./Data\Physical_Interaction\Topology_B\4-Group_dataset\physicalInteraction6_group.csv,59.0,0.0,59.0,59.0,59.0,,0.0,0.0,3.0,0.4826965,0.23082298790306824,0.645913,0.31948,0.4826965,,,0.1632165,59.0,0.0,59,59,59.0,,0.0,0.0,3,0.4826965,0.23082298790306824,0.645913,0.31948,0.4826965,,,0.1632165,,,,,,,,,,,,,,,,,
Unknown,Unknown,./Data\Physical_Interaction\Topology_B\4-Group_dataset\physicalInteraction6_group.csv,56.0,6.0,59.0,47.0,59.0,4.0,-1.9999999999999998,4.5,4.0,0.6473993333333333,0.3286650206461487,0.976805,0.31948,0.645913,,0.02035009139974529,0.21960377777777781,56.0,6.0,59,47,59.0,4.0,-1.9999999999999998,4.5,4,0.6473993333333333,0.3286650206461487,0.976805,0.31948,0.645913,,0.02035009139974529,0.21960377777777781,,,,,,,,,,,,,,,,,
Unknown,Unknown,./Data\Physical_Interaction\Topology_B\4-Group_dataset\physicalInteraction6_group.csv,56.6,5.366563145999495,59.0,47.0,59.0,5.000000000000005,-2.2360679774997916,3.839999999999999,5.0,0.6696587500000001,0.40134901057838673,1.055423,0.31948,0.6518660000000001,-5.807372922215973,0.03282541291587697,0.34645525,56.6,5.366563145999495,59,47,59.0,5.000000000000005,-2.2360679774997916,3.839999999999999,5,0.6696587500000001,0.40134901057838673,1.055423,0.31948,0.6518660000000001,-5.807372922215973,0.03282541291587697,0.34645525,,,,,,,,,,,,,,,,,
Unknown,Unknown,./Data\Physical_Interaction\Topology_B\4-Group_dataset\physicalInteraction6_group.csv,56.6,5.366563145999495,59.0,47.0,59.0,5.0000000000000036,-2.2360679774997916,3.839999999999999,5.0,0.50559275,0.3665681883855308,1.055423,0.319556,0.323696,3.9983877802682173,1.999520140622837,0.27491512500000004,56.6,5.366563145999495,59,47,59.0,5.0000000000000036,-2.2360679774997916,3.839999999999999,5,0.50559275,0.3665681883855308,1.055423,0.319556,0.323696,3.9983877802682173,1.999520140622837,0.27491512500000004,,,,,,,,,,,,,,,,,
Unknown,Unknown,./Data\Physical_Interaction\Topology_B\4-Group_dataset\physicalInteraction6_group.csv,59.0,0.0,59.0,59.0,59.0,0.0,0.0,0.0,4.0,0.322316,0.0040190248817343855,0.326927,0.319556,0.320465,,1.6329055008783793,0.0030740000000000025,59.0,0.0,59,59,59.0,0.0,0.0,0.0,4,0.322316,0.0040190248817343855,0.326927,0.319556,0.320465,,1.6329055008783793,0.0030740000000000025,,,,,,,,,,,,,,,,,
Unknown,Unknown,./Data\Physical_Interaction\Topology_B\4-Group_dataset\physicalInteraction6_group.csv,38.9,29.62150119986044,71.0,5.0,55.0,-2.193551474805879,-0.37857235259063055,27.119999999999997,10.0,0.32064188888888895,0.5710880310548551,1.680684,0.005152,0.025722,4.282452287597549,2.108647426419852,0.4037644938271605,38.05882352941177,26.015549648804498,71,5,51.0,-1.6893090161046558,-0.45470775671100033,23.335640138408305,17,0.18036106250000003,0.4481896937121556,1.680684,0.001793,0.004912,9.14600339042504,2.983972298692273,0.2795871015625,37.3,22.652201266592662,59.0,5.0,48.0,-1.271789177070441,-0.9126931530357397,19.380000000000003,10.0,0.23404933333333325,0.6624136078565264,2.00024,0.002079,0.010863,8.992839597706729,2.9983962890027214,0.39248681481481473
Unknown,Unknown,./Data\Physical_Interaction\Topology_B\4-Group_dataset\physicalInteraction6_group.csv,33.875,31.36621248595829,71.0,5.0,28.0,-2.5795867833860813,0.10955769170701417,28.875,8.0,0.1265052857142857,0.287400256818903,0.77754,0.005152,0.017341,6.949680986187186,2.6334924429506312,0.18600991836734693,35.266666666666666,26.504626729973733,71,5,45.0,-1.8746145177475013,-0.21551563904852497,24.21333333333333,15,0.06325264285714285,0.20583124688316404,0.77754,0.001793,0.0032355,13.916461726002264,3.726309193515596,0.10204105102040817,34.888888888888886,22.624347749959803,54.0,5.0,45.0,-1.721808785589487,-0.7890190585368482,19.925925925925927,9.0,0.013275499999999999,0.011808883399494517,0.036017,0.002079,0.010135499999999999,0.5707858771813754,1.053155586458081,0.009389125
Unknown,Unknown,./Data\Physical_Interaction\Topology_B\4-Group_dataset\physicalInteraction6_group.csv,33.875,31.36621248595829,71.0,5.0,28.0,-2.5795867833860813,0.10955769170701417,28.875,8.0,0.1265052857142857,0.287400256818903,0.77754,0.005152,0.017341,6.949680986187186,2.6334924429506312,0.18600991836734693,35.266666666666666,26.504626729973733,71,5,45.0,-1.8746145177475013,-0.21551563904852497,24.21333333333333,15,0.06325264285714285,0.20583124688316404,0.77754,0.001793,0.0032355,13.916461726002264,3.726309193515596,0.10204105102040817,34.888888888888886,22.624347749959803,54.0,5.0,45.0,-1.721808785589487,-0.7890190585368482,19.925925925925927,9.0,0.013275499999999999,0.011808883399494517,0.036017,0.002079,0.010135499999999999,0.5707858771813754,1.053155586458081,0.009389125
Unknown,Unknown,./Data\Physical_Interaction\Topology_B\4-Group_dataset\physicalInteraction6_group.csv,59.0,0.0,59.0,59.0,59.0,,,0.0,2.0,0.320485,,0.320485,0.320485,0.320485,,,0.0,59.0,0.0,59,59,59.0,,,0.0,2,0.320485,,0.320485,0.320485,0.320485,,,0.0,,,,,,,,,,,,,,,,,
Unknown,Unknown,./Data\Physical_Interaction\Topology_B\4-Group_dataset\physicalInteraction6_group.csv,59.0,0.0,59.0,59.0,59.0,,0.0,0.0,3.0,0.48053250000000003,0.22634134512390794,0.64058,0.320485,0.48053250000000003,,,0.1600475,59.0,0.0,59,59,59.0,,0.0,0.0,3,0.48053250000000003,0.22634134512390794,0.64058,0.320485,0.48053250000000003,,,0.1600475,,,,,,,,,,,,,,,,,
Unknown,Unknown,./Data\Physical_Interaction\Topology_B\4-Group_dataset\physicalInteraction6_group.csv,59.0,0.0,59.0,59.0,59.0,,0.0,0.0,3.0,0.48053250000000003,0.22634134512390794,0.64058,0.320485,0.48053250000000003,,,0.1600475,59.0,0.0,59,59,59.0,,0.0,0.0,3,0.48053250000000003,0.22634134512390794,0.64058,0.320485,0.48053250000000003,,,0.1600475,,,,,,,,,,,,,,,,,
Unknown,Unknown,./Data\Physical_Interaction\Topology_B\4-Group_dataset\physicalInteraction6_group.csv,59.0,0.0,59.0,59.0,59.0,,,0.0,2.0,2.04097,,2.04097,2.04097,2.04097,,,0.0,59.0,0.0,59,59,59.0,,,0.0,2,2.04097,,2.04097,2.04097,2.04097,,,0.0,,,,,,,,,,,,,,,,,
Unknown,Unknown,./Data\Physical_Interaction\Topology_B\4-Group_dataset\physicalInteraction6_group.csv,59.0,0.0,59.0,59.0,59.0,,,0.0,2.0,0.967095,,0.967095,0.967095,0.967095,,,0.0,59.0,0.0,59,59,59.0,,,0.0,2,0.967095,,0.967095,0.967095,0.967095,,,0.0,,,,,,,,,,,,,,,,,
Unknown,Unknown,./Data\Physical_Interaction\Topology_B\4-Group_dataset\physicalInteraction6_group.csv,59.0,0.0,59.0,59.0,59.0,,,0.0,2.0,0.967095,,0.967095,0.967095,0.967095,,,0.0,59.0,0.0,59,59,59.0,,,0.0,2,0.967095,,0.967095,0.967095,0.967095,,,0.0,,,,,,,,,,,,,,,,,
Unknown,Unknown,./Data\Physical_Interaction\Topology_B\4-Group_dataset\physicalInteraction6_group.csv,59.0,0.0,59.0,59.0,59.0,,0.0,0.0,3.0,0.3202875,0.002013133006038132,0.321711,0.318864,0.3202875,,,0.001423500000000022,59.0,0.0,59,59,59.0,,0.0,0.0,3,0.3202875,0.002013133006038132,0.321711,0.318864,0.3202875,,,0.001423500000000022,,,,,,,,,,,,,,,,,
Unknown,Unknown,./Data\Physical_Interaction\Topology_B\4-Group_dataset\physicalInteraction6_group.csv,59.0,0.0,59.0,59.0,59.0,,0.0,0.0,3.0,0.3202875,0.002013133006038132,0.321711,0.318864,0.3202875,,,0.001423500000000022,59.0,0.0,59,59,59.0,,0.0,0.0,3,0.3202875,0.002013133006038132,0.321711,0.318864,0.3202875,,,0.001423500000000022,,,,,,,,,,,,,,,,,
Unknown,Unknown,./Data\Physical_Interaction\Topology_B\4-Group_dataset\physicalInteraction6_group.csv,59.0,0.0,59.0,59.0,59.0,,0.0,0.0,3.0,1.1792535,1.216774499823406,2.039643,0.318864,1.1792535,,,0.8603894999999999,59.0,0.0,59,59,59.0,,0.0,0.0,3,1.1792535,1.216774499823406,2.039643,0.318864,1.1792535,,,0.8603894999999999,,,,,,,,,,,,,,,,,
Unknown,Unknown,./Data\Physical_Interaction\Topology_B\4-Group_dataset\physicalInteraction6_group.csv,45.6,23.53295561547678,60.0,5.0,59.0,3.5121608334340877,-1.8903129817437834,16.48,5.0,0.299386,0.3198462026464177,0.638123,0.004917,0.277252,-5.075762708312272,0.12988495959367033,0.2725765,36.0,26.169775368870535,60,5,47.5,-2.190210385008796,-0.5073893187896078,23.25,8,0.17133814285714286,0.27675238394542545,0.638123,0.001823,0.004917,-0.3500825321577965,1.2979240683286029,0.22892820408163264,20.0,25.98076211353316,50.0,5.0,5.0,,1.7320508075688774,20.0,3.0,0.0265695,0.02527977453420026,0.044445,0.008694,0.0265695,,,0.0178755
Unknown,Unknown,./Data\Physical_Interaction\Topology_B\4-Group_dataset\physicalInteraction6_group.csv,45.6,23.53295561547678,60.0,5.0,59.0,3.5121608334340877,-1.8903129817437834,16.48,5.0,0.299386,0.3198462026464177,0.638123,0.004917,0.277252,-5.075762708312272,0.12988495959367033,0.2725765,36.0,26.169775368870535,60,5,47.5,-2.190210385008796,-0.5073893187896078,23.25,8,0.17133814285714286,0.27675238394542545,0.638123,0.001823,0.004917,-0.3500825321577965,1.2979240683286029,0.22892820408163264,20.0,25.98076211353316,50.0,5.0,5.0,,1.7320508075688774,20.0,3.0,0.0265695,0.02527977453420026,0.044445,0.008694,0.0265695,,,0.0178755
Unknown,Unknown,./Data\Physical_Interaction\Topology_B\4-Group_dataset\physicalInteraction6_group.csv,42.25,25.76011128340352,60.0,5.0,52.0,2.4221889986005056,-1.6135943281241447,18.625,4.0,0.18647366666666665,0.2774116434260345,0.505802,0.004917,0.048702,,1.6836353098838772,0.21288555555555555,32.714285714285715,26.424195261882534,60,5,45.0,-2.611119804248459,-0.2322522848341742,23.755102040816325,7,0.09354066666666666,0.20265660879889077,0.505802,0.001823,0.0036100000000000004,5.85329943460961,2.413323706311541,0.13742044444444443,20.0,25.98076211353316,50.0,5.0,5.0,,1.7320508075688774,20.0,3.0,0.0265695,0.02527977453420026,0.044445,0.008694,0.0265695,,,0.0178755
Unknown,Unknown,./Data\Physical_Interaction\Topology_B\4-Group_dataset\physicalInteraction6_group.csv,39.142857142857146,32.137354026265506,71.0,5.0,59.0,-2.728480579928875,-0.32543183655660535,29.26530612244898,7.0,0.1484415,0.23531914744597388,0.594819,0.007189,0.024517,3.118423663991811,1.8417411717058496,0.17649533333333334,36.92307692307692,27.262494195205058,71,5,45.0,-1.9052775781294145,-0.2943111779580147,24.55621301775148,13,0.07439425000000001,0.17628067191020586,0.594819,0.001794,0.007069000000000001,8.072353363617317,2.8209480836753995,0.11293008333333333,34.333333333333336,23.01014269114094,54.0,5.0,45.0,-1.8711620911137343,-0.8601639658962164,19.555555555555554,6.0,0.0129136,0.0057638646149957415,0.022478,0.006949,0.011603,2.93258851374663,1.4194580414681273,0.00382576
Unknown,Unknown,./Data\Physical_Interaction\Topology_B\4-Group_dataset\physicalInteraction6_group.csv,43.77777777777778,29.316282923393345,71.0,5.0,59.0,-1.7035833954684754,-0.7942689230886246,25.851851851851855,9.0,0.162337,0.20976970100701253,0.594819,0.007189,0.06322950000000001,1.748508216327286,1.4836962738382373,0.16463,40.0,26.516841009872522,71,5,52.0,-1.6179285739478795,-0.5620005287077781,23.333333333333332,15,0.09291271428571428,0.17478421689501716,0.594819,0.001794,0.007623,4.946960026340707,2.2549675423841182,0.12382755102040817,38.142857142857146,23.29827297911851,61.0,5.0,45.0,-0.9800456652902643,-0.9885132615711065,18.938775510204085,7.0,0.16360266666666665,0.3691473236872599,0.917048,0.006949,0.0121185,5.995890087299847,2.448418782894742,0.25114844444444445
Unknown,Unknown,./Data\Physical_Interaction\Topology_B\4-Group_dataset\physicalInteraction6_group.csv,43.77777777777778,29.316282923393345,71.0,5.0,59.0,-1.7035833954684754,-0.7942689230886246,25.851851851851855,9.0,0.162337,0.20976970100701253,0.594819,0.007189,0.06322950000000001,1.748508216327286,1.4836962738382373,0.16463,40.0,26.516841009872522,71,5,52.0,-1.6179285739478795,-0.5620005287077781,23.333333333333332,15,0.09291271428571428,0.17478421689501716,0.594819,0.001794,0.007623,4.946960026340707,2.2549675423841182,0.12382755102040817,38.142857142857146,23.29827297911851,61.0,5.0,45.0,-0.9800456652902643,-0.9885132615711065,18.938775510204085,7.0,0.16360266666666665,0.3691473236872599,0.917048,0.006949,0.0121185,5.995890087299847,2.448418782894742,0.25114844444444445
Unknown,Unknown,./Data\Physical_Interaction\Topology_B\4-Group_dataset\physicalInteraction6_group.csv,59.666666666666664,1.1547005383792517,61.0,59.0,59.0,,1.7320508075688956,0.8888888888888881,3.0,1.3435774999999999,1.4487422936052152,2.367993,0.319162,1.3435774999999999,,,1.0244155,59.666666666666664,1.1547005383792517,61,59,59.0,,1.7320508075688956,0.8888888888888881,3,1.3435774999999999,1.4487422936052152,2.367993,0.319162,1.3435774999999999,,,1.0244155,,,,,,,,,,,,,,,,,
Unknown,Unknown,./Data\Physical_Interaction\Topology_B\4-Group_dataset\physicalInteraction6_group.csv,59.0,0.0,59.0,59.0,59.0,,,0.0,2.0,0.321188,,0.321188,0.321188,0.321188,,,0.0,59.0,0.0,59,59,59.0,,,0.0,2,0.321188,,0.321188,0.321188,0.321188,,,0.0,,,,,,,,,,,,,,,,,
Unknown,Unknown,./Data\Physical_Interaction\Topology_B\4-Group_dataset\physicalInteraction6_group.csv,59.0,0.0,59.0,59.0,59.0,,,0.0,2.0,0.321188,,0.321188,0.321188,0.321188,,,0.0,59.0,0.0,59,59,59.0,,,0.0,2,0.321188,,0.321188,0.321188,0.321188,,,0.0,,,,,,,,,,,,,,,,,
Unknown,Unknown,./Data\Physical_Interaction\Topology_B\4-Group_dataset\physicalInteraction6_group.csv,53.0,8.48528137423857,59.0,47.0,53.0,,,6.0,2.0,1.126465,,1.126465,1.126465,1.126465,,,0.0,53.0,8.48528137423857,59,47,53.0,,,6.0,2,1.126465,,1.126465,1.126465,1.126465,,,0.0,,,,,,,,,,,,,,,,,
Unknown,Unknown,./Data\Physical_Interaction\Topology_B\4-Group_dataset\physicalInteraction6_group.csv,56.0,6.0,59.0,47.0,59.0,4.0,-1.9999999999999998,4.5,4.0,0.5922086666666667,0.46271085228502407,1.126465,0.319699,0.330462,,1.7309965760875925,0.356170888888889,56.0,6.0,59,47,59.0,4.0,-1.9999999999999998,4.5,4,0.5922086666666667,0.46271085228502407,1.126465,0.319699,0.330462,,1.7309965760875925,0.356170888888889,,,,,,,,,,,,,,,,,
Unknown,Unknown,./Data\Physical_Interaction\Topology_B\4-Group_dataset\physicalInteraction6_group.csv,59.0,0.0,59.0,59.0,59.0,,0.0,0.0,3.0,0.3250805,0.007610590285910788,0.330462,0.319699,0.3250805,,,0.0053814999999999835,59.0,0.0,59,59,59.0,,0.0,0.0,3,0.3250805,0.007610590285910788,0.330462,0.319699,0.3250805,,,0.0053814999999999835,,,,,,,,,,,,,,,,,
Unknown,Unknown,./Data\Physical_Interaction\Topology_B\4-Group_dataset\physicalInteraction6_group.csv,59.0,0.0,59.0,59.0,59.0,0.0,0.0,0.0,4.0,0.8946139999999999,0.9801309666202778,2.02637,0.32701,0.330462,,1.7320266370517974,0.754504,59.0,0.0,59,59,59.0,0.0,0.0,0.0,4,0.8946139999999999,0.9801309666202778,2.02637,0.32701,0.330462,,1.7320266370517974,0.754504,,,,,,,,,,,,,,,,,
Unknown,Unknown,./Data\Physical_Interaction\Topology_B\4-Group_dataset\physicalInteraction6_group.csv,59.0,0.0,59.0,59.0,59.0,0.0,0.0,0.0,4.0,0.3239923333333334,0.00475504893069814,0.32701,0.318511,0.326456,,-1.7056384176709032,0.0036542222222222254,59.0,0.0,59,59,59.0,0.0,0.0,0.0,4,0.3239923333333334,0.00475504893069814,0.32701,0.318511,0.326456,,-1.7056384176709032,0.0036542222222222254,,,,,,,,,,,,,,,,,
Unknown,Unknown,./Data\Physical_Interaction\Topology_B\4-Group_dataset\physicalInteraction6_group.csv,59.0,0.0,59.0,59.0,59.0,0.0,0.0,0.0,4.0,0.3239923333333334,0.00475504893069814,0.32701,0.318511,0.326456,,-1.7056384176709032,0.0036542222222222254,59.0,0.0,59,59,59.0,0.0,0.0,0.0,4,0.3239923333333334,0.00475504893069814,0.32701,0.318511,0.326456,,-1.7056384176709032,0.0036542222222222254,,,,,,,,,,,,,,,,,
Unknown,Unknown,./Data\Physical_Interaction\Topology_B\4-Group_dataset\physicalInteraction6_group.csv,59.0,0.0,59.0,59.0,59.0,,,0.0,2.0,0.318511,,0.318511,0.318511,0.318511,,,0.0,59.0,0.0,59,59,59.0,,,0.0,2,0.318511,,0.318511,0.318511,0.318511,,,0.0,,,,,,,,,,,,,,,,,
Unknown,Unknown,./Data\Physical_Interaction\Topology_B\4-Group_dataset\physicalInteraction6_group.csv,54.0,7.0710678118654755,59.0,49.0,54.0,,,5.0,2.0,0.963465,,0.963465,0.963465,0.963465,,,0.0,54.0,7.0710678118654755,59,49,54.0,,,5.0,2,0.963465,,0.963465,0.963465,0.963465,,,0.0,,,,,,,,,,,,,,,,,
Unknown,Unknown,./Data\Physical_Interaction\Topology_B\4-Group_dataset\physicalInteraction6_group.csv,54.0,7.0710678118654755,59.0,49.0,54.0,,,5.0,2.0,0.963465,,0.963465,0.963465,0.963465,,,0.0,54.0,7.0710678118654755,59,49,54.0,,,5.0,2,0.963465,,0.963465,0.963465,0.963465,,,0.0,,,,,,,,,,,,,,,,,
Unknown,Unknown,./Data\Physical_Interaction\Topology_B\4-Group_dataset\physicalInteraction6_group.csv,54.0,7.0710678118654755,59.0,49.0,54.0,,,5.0,2.0,2.377589,,2.377589,2.377589,2.377589,,,0.0,54.0,7.0710678118654755,59,49,54.0,,,5.0,2,2.377589,,2.377589,2.377589,2.377589,,,0.0,,,,,,,,,,,,,,,,,
Unknown,Unknown,./Data\Physical_Interaction\Topology_B\4-Group_dataset\physicalInteraction6_group.csv,59.0,0.0,59.0,59.0,59.0,,,0.0,2.0,0.648055,,0.648055,0.648055,0.648055,,,0.0,59.0,0.0,59,59,59.0,,,0.0,2,0.648055,,0.648055,0.648055,0.648055,,,0.0,,,,,,,,,,,,,,,,,
Unknown,Unknown,./Data\Physical_Interaction\Topology_B\4-Group_dataset\physicalInteraction6_group.csv,59.0,0.0,59.0,59.0,59.0,,,0.0,2.0,0.648055,,0.648055,0.648055,0.648055,,,0.0,59.0,0.0,59,59,59.0,,,0.0,2,0.648055,,0.648055,0.648055,0.648055,,,0.0,,,,,,,,,,,,,,,,,
Unknown,Unknown,./Data\Physical_Interaction\Topology_B\4-Group_dataset\physicalInteraction6_group.csv,34.875,32.108910645756,71.0,5.0,32.0,-2.709055254674025,0.03987090451062248,29.875,8.0,0.3663565714285714,0.6476750670605999,1.663928,0.007171,0.017941,2.4429747446116012,1.7736414121584998,0.5027859591836734,34.642857142857146,27.547461541177206,71,5,45.0,-2.013439423307922,-0.10918970970571447,25.408163265306122,14,0.1972689230769231,0.4952475830936249,1.661849,0.001791,0.007171,7.015462269030184,2.6891519178102876,0.3224380236686391,34.333333333333336,23.01014269114094,54.0,5.0,45.0,-1.8711620911137343,-0.8601639658962164,19.555555555555554,6.0,0.014464,0.00407038247588602,0.021523,0.011587,0.013634,3.8433685774473645,1.9066885906592599,0.0028236
Unknown,Unknown,./Data\Physical_Interaction\Topology_B\4-Group_dataset\physicalInteraction6_group.csv,31.428571428571427,33.04470276689413,71.0,5.0,5.0,-2.7286471834994073,0.3939074320528101,30.204081632653054,7.0,0.15009466666666668,0.3324427992901436,0.828536,0.007171,0.0157875,5.99040307841072,2.4469848489103976,0.2261471111111111,32.76923076923077,27.72830637379381,71,5,45.0,-2.0278894508225296,0.055714524837200734,25.633136094674555,13,0.07522058333333334,0.23731407156511097,0.828536,0.001791,0.0048330000000000005,11.97860982267966,3.459859427764322,0.12555256944444446,34.333333333333336,23.01014269114094,54.0,5.0,45.0,-1.8711620911137343,-0.8601639658962164,19.555555555555554,6.0,0.014464,0.00407038247588602,0.021523,0.011587,0.013634,3.8433685774473645,1.9066885906592599,0.0028236
Unknown,Unknown,./Data\Physical_Interaction\Topology_B\4-Group_dataset\physicalInteraction6_group.csv,31.428571428571427,33.04470276689413,71.0,5.0,5.0,-2.7286471834994073,0.3939074320528101,30.204081632653054,7.0,0.15009466666666668,0.3324427992901436,0.828536,0.007171,0.0157875,5.99040307841072,2.4469848489103976,0.2261471111111111,32.76923076923077,27.72830637379381,71,5,45.0,-2.0278894508225296,0.055714524837200734,25.633136094674555,13,0.07522058333333334,0.23731407156511097,0.828536,0.001791,0.0048330000000000005,11.97860982267966,3.459859427764322,0.12555256944444446,34.333333333333336,23.01014269114094,54.0,5.0,45.0,-1.8711620911137343,-0.8601639658962164,19.555555555555554,6.0,0.014464,0.00407038247588602,0.021523,0.011587,0.013634,3.8433685774473645,1.9066885906592599,0.0028236
Unknown,Unknown,./Data\Physical_Interaction\Topology_B\4-Group_dataset\physicalInteraction6_group.csv,59.0,0.0,59.0,59.0,59.0,,,0.0,2.0,0.320147,,0.320147,0.320147,0.320147,,,0.0,59.0,0.0,59,59,59.0,,,0.0,2,0.320147,,0.320147,0.320147,0.320147,,,0.0,,,,,,,,,,,,,,,,,
Unknown,Unknown,./Data\Physical_Interaction\Topology_B\4-Group_dataset\physicalInteraction6_group.csv,59.0,0.0,59.0,59.0,59.0,,0.0,0.0,3.0,0.320629,0.000681650937063807,0.321111,0.320147,0.320629,,,0.00048199999999998244,59.0,0.0,59,59,59.0,,0.0,0.0,3,0.320629,0.000681650937063807,0.321111,0.320147,0.320629,,,0.00048199999999998244,,,,,,,,,,,,,,,,,
Unknown,Unknown,./Data\Physical_Interaction\Topology_B\4-Group_dataset\physicalInteraction6_group.csv,59.0,0.0,59.0,59.0,59.0,,0.0,0.0,3.0,0.320629,0.000681650937063807,0.321111,0.320147,0.320629,,,0.00048199999999998244,59.0,0.0,59,59,59.0,,0.0,0.0,3,0.320629,0.000681650937063807,0.321111,0.320147,0.320629,,,0.00048199999999998244,,,,,,,,,,,,,,,,,
Unknown,Unknown,./Data\Physical_Interaction\Topology_B\4-Group_dataset\physicalInteraction6_group.csv,59.0,0.0,59.0,59.0,59.0,,,0.0,2.0,2.357871,,2.357871,2.357871,2.357871,,,0.0,59.0,0.0,59,59,59.0,,,0.0,2,2.357871,,2.357871,2.357871,2.357871,,,0.0,,,,,,,,,,,,,,,,,
Unknown,Unknown,./Data\Physical_Interaction\Topology_B\4-Group_dataset\physicalInteraction6_group.csv,59.0,0.0,59.0,59.0,59.0,,0.0,0.0,3.0,0.482781,0.22273580764663775,0.640279,0.325283,0.482781,,,0.15749800000000003,59.0,0.0,59,59,59.0,,0.0,0.0,3,0.482781,0.22273580764663775,0.640279,0.325283,0.482781,,,0.15749800000000003,,,,,,,,,,,,,,,,,
Unknown,Unknown,./Data\Physical_Interaction\Topology_B\4-Group_dataset\physicalInteraction6_group.csv,59.0,0.0,59.0,59.0,59.0,,0.0,0.0,3.0,0.482781,0.22273580764663775,0.640279,0.325283,0.482781,,,0.15749800000000003,59.0,0.0,59,59,59.0,,0.0,0.0,3,0.482781,0.22273580764663775,0.640279,0.325283,0.482781,,,0.15749800000000003,,,,,,,,,,,,,,,,,
Unknown,Unknown,./Data\Physical_Interaction\Topology_B\4-Group_dataset\physicalInteraction6_group.csv,59.0,0.0,59.0,59.0,59.0,,,0.0,2.0,0.325283,,0.325283,0.325283,0.325283,,,0.0,59.0,0.0,59,59,59.0,,,0.0,2,0.325283,,0.325283,0.325283,0.325283,,,0.0,,,,,,,,,,,,,,,,,
Unknown,Unknown,./Data\Physical_Interaction\Topology_B\4-Group_dataset\physicalInteraction6_group.csv,59.0,0.0,59.0,59.0,59.0,,,0.0,2.0,0.324026,,0.324026,0.324026,0.324026,,,0.0,59.0,0.0,59,59,59.0,,,0.0,2,0.324026,,0.324026,0.324026,0.324026,,,0.0,,,,,,,,,,,,,,,,,
Unknown,Unknown,./Data\Physical_Interaction\Topology_B\4-Group_dataset\physicalInteraction6_group.csv,59.0,0.0,59.0,59.0,59.0,,0.0,0.0,3.0,0.322426,0.0022627416997969383,0.324026,0.320826,0.322426,,,0.0015999999999999903,59.0,0.0,59,59,59.0,,0.0,0.0,3,0.322426,0.0022627416997969383,0.324026,0.320826,0.322426,,,0.0015999999999999903,,,,,,,,,,,,,,,,,
Unknown,Unknown,./Data\Physical_Interaction\Topology_B\4-Group_dataset\physicalInteraction6_group.csv,59.0,0.0,59.0,59.0,59.0,,0.0,0.0,3.0,0.322426,0.0022627416997969383,0.324026,0.320826,0.322426,,,0.0015999999999999903,59.0,0.0,59,59,59.0,,0.0,0.0,3,0.322426,0.0022627416997969383,0.324026,0.320826,0.322426,,,0.0015999999999999903,,,,,,,,,,,,,,,,,
Unknown,Unknown,./Data\Physical_Interaction\Topology_B\4-Group_dataset\physicalInteraction6_group.csv,59.0,0.0,59.0,59.0,59.0,,,0.0,2.0,2.677629,,2.677629,2.677629,2.677629,,,0.0,59.0,0.0,59,59,59.0,,,0.0,2,2.677629,,2.677629,2.677629,2.677629,,,0.0,,,,,,,,,,,,,,,,,
Unknown,Unknown,./Data\Physical_Interaction\Topology_B\4-Group_dataset\physicalInteraction6_group.csv,59.0,0.0,59.0,59.0,59.0,,,0.0,2.0,0.320149,,0.320149,0.320149,0.320149,,,0.0,59.0,0.0,59,59,59.0,,,0.0,2,0.320149,,0.320149,0.320149,0.320149,,,0.0,,,,,,,,,,,,,,,,,
Unknown,Unknown,./Data\Physical_Interaction\Topology_B\4-Group_dataset\physicalInteraction6_group.csv,59.0,0.0,59.0,59.0,59.0,,,0.0,2.0,0.320149,,0.320149,0.320149,0.320149,,,0.0,59.0,0.0,59,59,59.0,,,0.0,2,0.320149,,0.320149,0.320149,0.320149,,,0.0,,,,,,,,,,,,,,,,,
Unknown,Unknown,./Data\Physical_Interaction\Topology_B\4-Group_dataset\physicalInteraction6_group.csv,40.166666666666664,31.1589279000223,71.0,5.0,61.0,-2.2395958499348385,-0.36275435920056437,29.305555555555557,12.0,0.08163909090909091,0.17132393639678872,0.545473,0.005045,0.010988,5.954973054056533,2.485258656011045,0.11697214876033057,36.13636363636363,27.438755099043423,71,5,45.0,-1.897717116431481,-0.19182048976373134,25.47520661157025,22,0.04286242857142857,0.12806152577514118,0.545473,0.001783,0.002495,13.09853417976213,3.586314943903399,0.06865715646258504,31.3,22.857286705896556,54.0,5.0,45.0,-2.2186690010161496,-0.4142174358115643,21.04,10.0,0.01018811111111111,0.008154093809928306,0.027043,0.002406,0.007307,0.9829101454925464,1.1860128841050788,0.006403234567901235
Unknown,Unknown,./Data\Physical_Interaction\Topology_B\4-Group_dataset\physicalInteraction6_group.csv,41.61538461538461,30.286241269863947,71.0,5.0,59.0,-2.0363374526393616,-0.5026716169392804,28.165680473372774,13.0,0.10982291666666666,0.19030363593643917,0.545473,0.005045,0.0118745,1.5750390252768094,1.6934657168222058,0.14950020833333336,37.130434782608695,27.22850169120266,71,5,45.0,-1.8505355118528086,-0.2771020537549782,25.145557655954626,23,0.059997999999999996,0.14858877978822083,0.545473,0.001783,0.0025225,6.161611099915385,2.649215406423661,0.09513418181818184,31.3,22.857286705896556,54.0,5.0,45.0,-2.2186690010161496,-0.4142174358115643,21.04,10.0,0.01018811111111111,0.008154093809928306,0.027043,0.002406,0.007307,0.9829101454925464,1.1860128841050788,0.006403234567901235
Unknown,Unknown,./Data\Physical_Interaction\Topology_B\4-Group_dataset\physicalInteraction6_group.csv,41.61538461538461,30.286241269863947,71.0,5.0,59.0,-2.0363374526393616,-0.5026716169392804,28.165680473372774,13.0,0.10982291666666666,0.19030363593643917,0.545473,0.005045,0.0118745,1.5750390252768094,1.6934657168222058,0.14950020833333336,37.130434782608695,27.22850169120266,71,5,45.0,-1.8505355118528086,-0.2771020537549782,25.145557655954626,23,0.059997999999999996,0.14858877978822083,0.545473,0.001783,0.0025225,6.161611099915385,2.649215406423661,0.09513418181818184,31.3,22.857286705896556,54.0,5.0,45.0,-2.2186690010161496,-0.4142174358115643,21.04,10.0,0.01018811111111111,0.008154093809928306,0.027043,0.002406,0.007307,0.9829101454925464,1.1860128841050788,0.006403234567901235
Unknown,Unknown,./Data\Physical_Interaction\Topology_B\4-Group_dataset\physicalInteraction6_group.csv,59.0,0.0,59.0,59.0,59.0,,0.0,0.0,3.0,1.1791345000000002,1.2133832157008355,2.037126,0.321143,1.1791345000000002,,,0.8579915000000001,59.0,0.0,59,59,59.0,,0.0,0.0,3,1.1791345000000002,1.2133832157008355,2.037126,0.321143,1.1791345000000002,,,0.8579915000000001,,,,,,,,,,,,,,,,,
Unknown,Unknown,./Data\Physical_Interaction\Topology_B\4-Group_dataset\physicalInteraction6_group.csv,59.0,0.0,59.0,59.0,59.0,,0.0,0.0,3.0,0.32029850000000004,0.0011943033534240759,0.321143,0.319454,0.32029850000000004,,,0.000844499999999998,59.0,0.0,59,59,59.0,,0.0,0.0,3,0.32029850000000004,0.0011943033534240759,0.321143,0.319454,0.32029850000000004,,,0.000844499999999998,,,,,,,,,,,,,,,,,
Unknown,Unknown,./Data\Physical_Interaction\Topology_B\4-Group_dataset\physicalInteraction6_group.csv,59.0,0.0,59.0,59.0,59.0,,0.0,0.0,3.0,0.32029850000000004,0.0011943033534240759,0.321143,0.319454,0.32029850000000004,,,0.000844499999999998,59.0,0.0,59,59,59.0,,0.0,0.0,3,0.32029850000000004,0.0011943033534240759,0.321143,0.319454,0.32029850000000004,,,0.000844499999999998,,,,,,,,,,,,,,,,,
Unknown,Unknown,./Data\Physical_Interaction\Topology_B\4-Group_dataset\physicalInteraction6_group.csv,42.5,26.095976701399778,63.0,5.0,51.0,2.3011939339444236,-1.540118471189496,18.75,4.0,0.024096666666666666,0.02593301710818341,0.053584,0.004837,0.013869,,1.498698266782981,0.01965822222222222,29.375,26.564947366246155,63,5,25.0,-2.4812368734026675,0.13980013558099186,24.375,8,0.010642428571428572,0.017404100186039908,0.049234,0.001823,0.002399,5.996425106401073,2.4245749038077222,0.011427183673469387,16.25,22.5,50.0,5.0,5.0,4.0,1.9999999999999998,16.875,4.0,0.024032666666666664,0.022006554531169422,0.049234,0.008611,0.014253,,1.604852931023917,0.01680088888888889
Unknown,Unknown,./Data\Physical_Interaction\Topology_B\4-Group_dataset\physicalInteraction6_group.csv,36.666666666666664,25.5003267952916,63.0,5.0,45.0,-1.8256991584952091,-0.6455991593720056,21.111111111111114,6.0,0.025467800000000002,0.024423598643525075,0.053584,0.004837,0.013869,-3.160744594473277,0.5216122555351335,0.02113296,28.333333333333332,24.835214490474588,63,5,25.0,-2.1722236517791518,0.13245605477119843,23.333333333333332,12,0.011741909090909091,0.01800787463003086,0.049234,0.001822,0.002399,1.787964395086358,1.8173774415742585,0.013105504132231405,20.0,23.2379000772445,50.0,5.0,5.0,-1.875,0.9682458365518543,20.0,6.0,0.025352399999999997,0.02049738323054921,0.049234,0.008611,0.014253,-3.1866227088565697,0.5673953531668889,0.017822079999999997
Unknown,Unknown,./Data\Physical_Interaction\Topology_B\4-Group_dataset\physicalInteraction6_group.csv,36.666666666666664,25.5003267952916,63.0,5.0,45.0,-1.8256991584952091,-0.6455991593720056,21.111111111111114,6.0,0.025467800000000002,0.024423598643525075,0.053584,0.004837,0.013869,-3.160744594473277,0.5216122555351335,0.02113296,28.333333333333332,24.835214490474588,63,5,25.0,-2.1722236517791518,0.13245605477119843,23.333333333333332,12,0.011741909090909091,0.01800787463003086,0.049234,0.001822,0.002399,1.787964395086358,1.8173774415742585,0.013105504132231405,20.0,23.2379000772445,50.0,5.0,5.0,-1.875,0.9682458365518543,20.0,6.0,0.025352399999999997,0.02049738323054921,0.049234,0.008611,0.014253,-3.1866227088565697,0.5673953531668889,0.017822079999999997
Unknown,Unknown,./Data\Physical_Interaction\Topology_B\4-Group_dataset\physicalInteraction6_group.csv,25.0,28.284271247461902,45.0,5.0,25.0,,,20.0,2.0,0.004865,,0.004865,0.004865,0.004865,,,0.0,26.25,24.62214450449026,50,5,25.0,-5.794877245190775,0.03558945321086912,21.25,4,0.002879333333333334,0.0017208469813825209,0.004865,0.001822,0.001951,,1.721107372011225,0.001323777777777778,27.5,31.81980515339464,50.0,5.0,27.5,,,22.5,2.0,0.008638,,0.008638,0.008638,0.008638,,,0.0
Unknown,Unknown,./Data\Physical_Interaction\Topology_B\4-Group_dataset\physicalInteraction6_group.csv,53.0,8.48528137423857,59.0,47.0,53.0,,,6.0,2.0,0.731824,,0.731824,0.731824,0.731824,,,0.0,53.0,8.48528137423857,59,47,53.0,,,6.0,2,0.731824,,0.731824,0.731824,0.731824,,,0.0,,,,,,,,,,,,,,,,,
Unknown,Unknown,./Data\Physical_Interaction\Topology_B\4-Group_dataset\physicalInteraction6_group.csv,56.0,6.0,59.0,47.0,59.0,4.0,-1.9999999999999998,4.5,4.0,0.4570653333333334,0.23794844744678065,0.731824,0.319217,0.320155,,1.7320205278127794,0.18317244444444447,56.0,6.0,59,47,59.0,4.0,-1.9999999999999998,4.5,4,0.4570653333333334,0.23794844744678065,0.731824,0.319217,0.320155,,1.7320205278127794,0.18317244444444447,,,,,,,,,,,,,,,,,
Unknown,Unknown,./Data\Physical_Interaction\Topology_B\4-Group_dataset\physicalInteraction6_group.csv,55.0,5.656854249492381,59.0,47.0,59.0,-1.75,-0.8838834764831843,4.8,5.0,0.55731725,0.2791918628403235,0.858073,0.319217,0.5259895,-5.00368193278503,0.1740312351472268,0.23763125000000002,55.0,5.656854249492381,59,47,59.0,-1.75,-0.8838834764831843,4.8,5,0.55731725,0.2791918628403235,0.858073,0.319217,0.5259895,-5.00368193278503,0.1740312351472268,0.23763125000000002,,,,,,,,,,,,,,,,,
Unknown,Unknown,./Data\Physical_Interaction\Topology_B\4-Group_dataset\physicalInteraction6_group.csv,59.666666666666664,6.408327915038888,71.0,51.0,59.0,2.939787485242034,0.9160158387578794,3.7777777777777763,6.0,0.5772904,0.42215242964988364,1.181068,0.206504,0.320652,-1.438179475295243,0.871521200798861,0.35382408,59.666666666666664,6.408327915038888,71,51,59.0,2.939787485242034,0.9160158387578794,3.7777777777777763,6,0.5772904,0.42215242964988364,1.181068,0.206504,0.320652,-1.438179475295243,0.871521200798861,0.35382408,,,,,,,,,,,,,,,,,
Unknown,Unknown,./Data\Physical_Interaction\Topology_B\4-Group_dataset\physicalInteraction6_group.csv,59.666666666666664,6.408327915038888,71.0,51.0,59.0,2.939787485242034,0.9160158387578794,3.7777777777777763,6.0,0.4282138,0.4296701619105055,1.181068,0.113368,0.319477,4.24086140163379,2.006909679041468,0.30114168,59.666666666666664,6.408327915038888,71,51,59.0,2.939787485242034,0.9160158387578794,3.7777777777777763,6,0.4282138,0.4296701619105055,1.181068,0.113368,0.319477,4.24086140163379,2.006909679041468,0.30114168,,,,,,,,,,,,,,,,,
Unknown,Unknown,./Data\Physical_Interaction\Topology_B\4-Group_dataset\physicalInteraction6_group.csv,61.4,5.366563145999495,71.0,59.0,59.0,5.000000000000005,2.2360679774997916,3.839999999999999,5.0,0.24000025,0.09996496731813935,0.320652,0.113368,0.2629905,-2.1302942741394872,-0.6951222496751877,0.08006425,61.4,5.366563145999495,71,59,59.0,5.000000000000005,2.2360679774997916,3.839999999999999,5,0.24000025,0.09996496731813935,0.320652,0.113368,0.2629905,-2.1302942741394872,-0.6951222496751877,0.08006425,,,,,,,,,,,,,,,,,
Unknown,Unknown,./Data\Physical_Interaction\Topology_B\4-Group_dataset\physicalInteraction6_group.csv,59.0,0.0,59.0,59.0,59.0,,,0.0,2.0,0.319477,,0.319477,0.319477,0.319477,,,0.0,59.0,0.0,59,59,59.0,,,0.0,2,0.319477,,0.319477,0.319477,0.319477,,,0.0,,,,,,,,,,,,,,,,,
Unknown,Unknown,./Data\Physical_Interaction\Topology_B\4-Group_dataset\physicalInteraction6_group.csv,59.0,0.0,59.0,59.0,59.0,,,0.0,2.0,0.323263,,0.323263,0.323263,0.323263,,,0.0,59.0,0.0,59,59,59.0,,,0.0,2,0.323263,,0.323263,0.323263,0.323263,,,0.0,,,,,,,,,,,,,,,,,
Unknown,Unknown,./Data\Physical_Interaction\Topology_B\4-Group_dataset\physicalInteraction6_group.csv,59.0,0.0,59.0,59.0,59.0,0.0,0.0,0.0,4.0,0.32163600000000003,0.00154776839352663,0.323263,0.320182,0.321463,,0.49669827861059,0.0010846666666666782,59.0,0.0,59,59,59.0,0.0,0.0,0.0,4,0.32163600000000003,0.00154776839352663,0.323263,0.320182,0.321463,,0.49669827861059,0.0010846666666666782,,,,,,,,,,,,,,,,,
Unknown,Unknown,./Data\Physical_Interaction\Topology_B\4-Group_dataset\physicalInteraction6_group.csv,59.0,0.0,59.0,59.0,59.0,0.0,0.0,0.0,4.0,0.32163600000000003,0.00154776839352663,0.323263,0.320182,0.321463,,0.49669827861059,0.0010846666666666782,59.0,0.0,59,59,59.0,0.0,0.0,0.0,4,0.32163600000000003,0.00154776839352663,0.323263,0.320182,0.321463,,0.49669827861059,0.0010846666666666782,,,,,,,,,,,,,,,,,
Unknown,Unknown,./Data\Physical_Interaction\Topology_B\4-Group_dataset\physicalInteraction6_group.csv,59.0,0.0,59.0,59.0,59.0,,0.0,0.0,3.0,1.3491205,1.4551387815478287,2.378059,0.320182,1.3491205,,,1.0289385,59.0,0.0,59,59,59.0,,0.0,0.0,3,1.3491205,1.4551387815478287,2.378059,0.320182,1.3491205,,,1.0289385,,,,,,,,,,,,,,,,,
Unknown,Unknown,./Data\Physical_Interaction\Topology_B\4-Group_dataset\physicalInteraction6_group.csv,59.0,0.0,59.0,59.0,59.0,,0.0,0.0,3.0,0.3190495,0.0015775552288271755,0.320165,0.317934,0.3190495,,,0.0011154999999999915,59.0,0.0,59,59,59.0,,0.0,0.0,3,0.3190495,0.0015775552288271755,0.320165,0.317934,0.3190495,,,0.0011154999999999915,,,,,,,,,,,,,,,,,
Unknown,Unknown,./Data\Physical_Interaction\Topology_B\4-Group_dataset\physicalInteraction6_group.csv,59.0,0.0,59.0,59.0,59.0,,0.0,0.0,3.0,0.3190495,0.0015775552288271755,0.320165,0.317934,0.3190495,,,0.0011154999999999915,59.0,0.0,59,59,59.0,,0.0,0.0,3,0.3190495,0.0015775552288271755,0.320165,0.317934,0.3190495,,,0.0011154999999999915,,,,,,,,,,,,,,,,,
Unknown,Unknown,./Data\Physical_Interaction\Topology_B\4-Group_dataset\physicalInteraction6_group.csv,36.90909090909091,30.719552553559584,71.0,5.0,59.0,-2.3852085452578997,-0.1733861823311648,29.00826446280992,11.0,0.2888126,0.5504963621509027,1.66718,0.00413,0.016573,4.5338806834136,2.1833602138106243,0.38863684000000004,36.0,27.51136128947457,71,5,45.0,-1.9749343183142767,-0.2162691826676335,25.529411764705884,17,0.18050787499999998,0.44967037000627835,1.665099,0.001784,0.005441,8.578070684007422,2.9099206776342483,0.283252171875,30.142857142857142,23.751691669076056,54.0,5.0,45.0,-2.6894849698302634,-0.297839669592775,21.551020408163264,7.0,0.01313183333333333,0.008640950258314573,0.026819,0.002346,0.0115385,0.11929875576117777,0.6176380668980074,0.006501777777777777
Unknown,Unknown,./Data\Physical_Interaction\Topology_B\4-Group_dataset\physicalInteraction6_group.csv,32.0,32.101401838549044,71.0,5.0,5.0,-2.5146893727584407,0.29047652583823563,30.0,9.0,0.1128765,0.28761168441543833,0.824508,0.00413,0.011709,7.98845293208775,2.825713610474111,0.177907875,32.93333333333333,27.916883439101525,71,5,45.0,-2.0390625087703995,0.04887831219725135,26.07111111111111,15,0.0646495,0.21877817952217826,0.824508,0.001784,0.003781,13.975704307250854,3.7371449067601703,0.10855121428571428,30.142857142857142,23.751691669076056,54.0,5.0,45.0,-2.6894849698302634,-0.297839669592775,21.551020408163264,7.0,0.01313183333333333,0.008640950258314573,0.026819,0.002346,0.0115385,0.11929875576117777,0.6176380668980074,0.006501777777777777
Unknown,Unknown,./Data\Physical_Interaction\Topology_B\4-Group_dataset\physicalInteraction6_group.csv,32.0,32.101401838549044,71.0,5.0,5.0,-2.5146893727584407,0.29047652583823563,30.0,9.0,0.1128765,0.28761168441543833,0.824508,0.00413,0.011709,7.98845293208775,2.825713610474111,0.177907875,32.93333333333333,27.916883439101525,71,5,45.0,-2.0390625087703995,0.04887831219725135,26.07111111111111,15,0.0646495,0.21877817952217826,0.824508,0.001784,0.003781,13.975704307250854,3.7371449067601703,0.10855121428571428,30.142857142857142,23.751691669076056,54.0,5.0,45.0,-2.6894849698302634,-0.297839669592775,21.551020408163264,7.0,0.01313183333333333,0.008640950258314573,0.026819,0.002346,0.0115385,0.11929875576117777,0.6176380668980074,0.006501777777777777
Unknown,Unknown,./Data\Physical_Interaction\Topology_B\4-Group_dataset\physicalInteraction6_group.csv,59.0,0.0,59.0,59.0,59.0,,,0.0,2.0,0.322222,,0.322222,0.322222,0.322222,,,0.0,59.0,0.0,59,59,59.0,,,0.0,2,0.322222,,0.322222,0.322222,0.322222,,,0.0,,,,,,,,,,,,,,,,,
Unknown,Unknown,./Data\Physical_Interaction\Topology_B\4-Group_dataset\physicalInteraction6_group.csv,59.0,0.0,59.0,59.0,59.0,0.0,0.0,0.0,4.0,0.3209416666666667,0.001117417707633704,0.322222,0.320163,0.32044,,1.6130794081402493,0.0008535555555555704,59.0,0.0,59,59,59.0,0.0,0.0,0.0,4,0.3209416666666667,0.001117417707633704,0.322222,0.320163,0.32044,,1.6130794081402493,0.0008535555555555704,,,,,,,,,,,,,,,,,
Unknown,Unknown,./Data\Physical_Interaction\Topology_B\4-Group_dataset\physicalInteraction6_group.csv,59.0,0.0,59.0,59.0,59.0,0.0,0.0,0.0,4.0,0.3209416666666667,0.001117417707633704,0.322222,0.320163,0.32044,,1.6130794081402493,0.0008535555555555704,59.0,0.0,59,59,59.0,0.0,0.0,0.0,4,0.3209416666666667,0.001117417707633704,0.322222,0.320163,0.32044,,1.6130794081402493,0.0008535555555555704,,,,,,,,,,,,,,,,,
Unknown,Unknown,./Data\Physical_Interaction\Topology_B\4-Group_dataset\physicalInteraction6_group.csv,59.0,0.0,59.0,59.0,59.0,0.0,0.0,0.0,4.0,0.8924486666666667,0.9929075476902839,2.038959,0.318224,0.320163,,1.7320433765053973,0.7643402222222223,59.0,0.0,59,59,59.0,0.0,0.0,0.0,4,0.8924486666666667,0.9929075476902839,2.038959,0.318224,0.320163,,1.7320433765053973,0.7643402222222223,,,,,,,,,,,,,,,,,
Unknown,Unknown,./Data\Physical_Interaction\Topology_B\4-Group_dataset\physicalInteraction6_group.csv,59.0,0.0,59.0,59.0,59.0,,0.0,0.0,3.0,0.31982900000000003,0.002269812767608811,0.321434,0.318224,0.31982900000000003,,,0.0016049999999999953,59.0,0.0,59,59,59.0,,0.0,0.0,3,0.31982900000000003,0.002269812767608811,0.321434,0.318224,0.31982900000000003,,,0.0016049999999999953,,,,,,,,,,,,,,,,,
Unknown,Unknown,./Data\Physical_Interaction\Topology_B\4-Group_dataset\physicalInteraction6_group.csv,59.0,0.0,59.0,59.0,59.0,,0.0,0.0,3.0,0.31982900000000003,0.002269812767608811,0.321434,0.318224,0.31982900000000003,,,0.0016049999999999953,59.0,0.0,59,59,59.0,,0.0,0.0,3,0.31982900000000003,0.002269812767608811,0.321434,0.318224,0.31982900000000003,,,0.0016049999999999953,,,,,,,,,,,,,,,,,
Unknown,Unknown,./Data\Physical_Interaction\Topology_B\4-Group_dataset\physicalInteraction6_group.csv,59.0,0.0,59.0,59.0,59.0,,,0.0,2.0,0.322162,,0.322162,0.322162,0.322162,,,0.0,59.0,0.0,59,59,59.0,,,0.0,2,0.322162,,0.322162,0.322162,0.322162,,,0.0,,,,,,,,,,,,,,,,,
Unknown,Unknown,./Data\Physical_Interaction\Topology_B\4-Group_dataset\physicalInteraction6_group.csv,59.0,0.0,59.0,59.0,59.0,,0.0,0.0,3.0,0.320849,0.001856862407395886,0.322162,0.319536,0.320849,,,0.0013130000000000086,59.0,0.0,59,59,59.0,,0.0,0.0,3,0.320849,0.001856862407395886,0.322162,0.319536,0.320849,,,0.0013130000000000086,,,,,,,,,,,,,,,,,
Unknown,Unknown,./Data\Physical_Interaction\Topology_B\4-Group_dataset\physicalInteraction6_group.csv,59.0,0.0,59.0,59.0,59.0,,0.0,0.0,3.0,0.320849,0.001856862407395886,0.322162,0.319536,0.320849,,,0.0013130000000000086,59.0,0.0,59,59,59.0,,0.0,0.0,3,0.320849,0.001856862407395886,0.322162,0.319536,0.320849,,,0.0013130000000000086,,,,,,,,,,,,,,,,,
Unknown,Unknown,./Data\Physical_Interaction\Topology_B\4-Group_dataset\physicalInteraction6_group.csv,59.0,0.0,59.0,59.0,59.0,,,0.0,2.0,2.680301,,2.680301,2.680301,2.680301,,,0.0,59.0,0.0,59,59,59.0,,,0.0,2,2.680301,,2.680301,2.680301,2.680301,,,0.0,,,,,,,,,,,,,,,,,
Unknown,Unknown,./Data\Physical_Interaction\Topology_B\4-Group_dataset\physicalInteraction6_group.csv,59.0,0.0,59.0,59.0,59.0,,0.0,0.0,3.0,0.3240865,0.00866559360344115,0.330214,0.317959,0.3240865,,,0.006127500000000008,59.0,0.0,59,59,59.0,,0.0,0.0,3,0.3240865,0.00866559360344115,0.330214,0.317959,0.3240865,,,0.006127500000000008,,,,,,,,,,,,,,,,,
Unknown,Unknown,./Data\Physical_Interaction\Topology_B\4-Group_dataset\physicalInteraction6_group.csv,59.0,0.0,59.0,59.0,59.0,,0.0,0.0,3.0,0.3240865,0.00866559360344115,0.330214,0.317959,0.3240865,,,0.006127500000000008,59.0,0.0,59,59,59.0,,0.0,0.0,3,0.3240865,0.00866559360344115,0.330214,0.317959,0.3240865,,,0.006127500000000008,,,,,,,,,,,,,,,,,
Unknown,Unknown,./Data\Physical_Interaction\Topology_B\4-Group_dataset\physicalInteraction6_group.csv,59.0,0.0,59.0,59.0,59.0,,,0.0,2.0,0.330214,,0.330214,0.330214,0.330214,,,0.0,59.0,0.0,59,59,59.0,,,0.0,2,0.330214,,0.330214,0.330214,0.330214,,,0.0,,,,,,,,,,,,,,,,,
Unknown,Unknown,./Data\Physical_Interaction\Topology_B\4-Group_dataset\physicalInteraction6_group.csv,42.888888888888886,38.472212194142294,107.0,5.0,59.0,-1.3584362727389592,0.2619661001171755,33.67901234567901,9.0,0.10498474999999999,0.20784698945120317,0.604545,0.005061,0.0109985,6.626014781126196,2.5454920734677144,0.136483625,38.61538461538461,34.977465272987935,107,5,52.0,-0.9972615454514151,0.4036665161263026,31.029585798816566,13,0.07016258333333333,0.17352844966195982,0.604545,0.002017,0.00713,10.174193082784805,3.1444638990374174,0.10259647222222223,21.0,24.795160818191924,54.0,5.0,5.0,-1.8579305349841624,0.9710795726235474,21.333333333333332,6.0,0.017209400000000003,0.013305282308166183,0.040258,0.007904,0.011563,3.7308678566328215,1.9130343955040467,0.009219440000000004
Unknown,Unknown,./Data\Physical_Interaction\Topology_B\4-Group_dataset\physicalInteraction6_group.csv,45.81818181818182,35.02233053872395,107.0,5.0,59.0,-1.0152110501054157,-0.019585282475507386,29.685950413223143,11.0,0.1332348,0.19577810941062843,0.604545,0.005061,0.027535999999999998,3.360753955234747,1.8634021971132642,0.14308695999999999,41.333333333333336,33.16768364078562,107,5,54.0,-0.9773639946700752,0.15010765221943512,29.066666666666666,15,0.09531578571428571,0.17431518221895498,0.604545,0.002017,0.007526,5.491609330720807,2.3232729376290036,0.12387297959183674,21.0,24.795160818191924,54.0,5.0,5.0,-1.8579305349841624,0.9710795726235474,21.333333333333332,6.0,0.017209400000000003,0.013305282308166183,0.040258,0.007904,0.011563,3.7308678566328215,1.9130343955040467,0.009219440000000004
Unknown,Unknown,./Data\Physical_Interaction\Topology_B\4-Group_dataset\physicalInteraction6_group.csv,45.81818181818182,35.02233053872395,107.0,5.0,59.0,-1.0152110501054157,-0.019585282475507386,29.685950413223143,11.0,0.1332348,0.19577810941062843,0.604545,0.005061,0.027535999999999998,3.360753955234747,1.8634021971132642,0.14308695999999999,41.333333333333336,33.16768364078562,107,5,54.0,-0.9773639946700752,0.15010765221943512,29.066666666666666,15,0.09531578571428571,0.17431518221895498,0.604545,0.002017,0.007526,5.491609330720807,2.3232729376290036,0.12387297959183674,21.0,24.795160818191924,54.0,5.0,5.0,-1.8579305349841624,0.9710795726235474,21.333333333333332,6.0,0.017209400000000003,0.013305282308166183,0.040258,0.007904,0.011563,3.7308678566328215,1.9130343955040467,0.009219440000000004
Unknown,Unknown,./Data\Physical_Interaction\Topology_B\4-Group_dataset\physicalInteraction6_group.csv,59.0,0.0,59.0,59.0,59.0,0.0,0.0,0.0,4.0,0.8891346666666666,0.9835848249197084,2.024878,0.319161,0.323365,,1.7320152105114919,0.7571622222222222,59.0,0.0,59,59,59.0,0.0,0.0,0.0,4,0.8891346666666666,0.9835848249197084,2.024878,0.319161,0.323365,,1.7320152105114919,0.7571622222222222,,,,,,,,,,,,,,,,,
Unknown,Unknown,./Data\Physical_Interaction\Topology_B\4-Group_dataset\physicalInteraction6_group.csv,59.0,0.0,59.0,59.0,59.0,,0.0,0.0,3.0,0.321757,0.0022740554082959345,0.323365,0.320149,0.321757,,,0.0016079999999999983,59.0,0.0,59,59,59.0,,0.0,0.0,3,0.321757,0.0022740554082959345,0.323365,0.320149,0.321757,,,0.0016079999999999983,,,,,,,,,,,,,,,,,
Unknown,Unknown,./Data\Physical_Interaction\Topology_B\4-Group_dataset\physicalInteraction6_group.csv,59.0,0.0,59.0,59.0,59.0,,0.0,0.0,3.0,0.321757,0.0022740554082959345,0.323365,0.320149,0.321757,,,0.0016079999999999983,59.0,0.0,59,59,59.0,,0.0,0.0,3,0.321757,0.0022740554082959345,0.323365,0.320149,0.321757,,,0.0016079999999999983,,,,,,,,,,,,,,,,,
Unknown,Unknown,./Data\Physical_Interaction\Topology_B\4-Group_dataset\physicalInteraction6_group.csv,53.0,8.48528137423857,59.0,47.0,53.0,,,6.0,2.0,0.203409,,0.203409,0.203409,0.203409,,,0.0,53.0,8.48528137423857,59,47,53.0,,,6.0,2,0.203409,,0.203409,0.203409,0.203409,,,0.0,,,,,,,,,,,,,,,,,
Unknown,Unknown,./Data\Physical_Interaction\Topology_B\4-Group_dataset\physicalInteraction6_group.csv,56.0,6.0,59.0,47.0,59.0,4.0,-1.9999999999999998,4.5,4.0,0.2808336666666667,0.06706398273539481,0.320828,0.203409,0.318264,,-1.729203041098004,0.05161644444444443,56.0,6.0,59,47,59.0,4.0,-1.9999999999999998,4.5,4,0.2808336666666667,0.06706398273539481,0.320828,0.203409,0.318264,,-1.729203041098004,0.05161644444444443,,,,,,,,,,,,,,,,,
Unknown,Unknown,./Data\Physical_Interaction\Topology_B\4-Group_dataset\physicalInteraction6_group.csv,56.0,6.0,59.0,47.0,59.0,4.0,-1.9999999999999998,4.5,4.0,0.2808336666666667,0.06706398273539481,0.320828,0.203409,0.318264,,-1.729203041098004,0.05161644444444443,56.0,6.0,59,47,59.0,4.0,-1.9999999999999998,4.5,4,0.2808336666666667,0.06706398273539481,0.320828,0.203409,0.318264,,-1.729203041098004,0.05161644444444443,,,,,,,,,,,,,,,,,
Unknown,Unknown,./Data\Physical_Interaction\Topology_B\4-Group_dataset\physicalInteraction6_group.csv,59.0,0.0,59.0,59.0,59.0,0.0,0.0,0.0,4.0,0.8992140000000001,1.0003584117645035,2.054328,0.320828,0.322486,,1.7320454548945385,0.770076,59.0,0.0,59,59,59.0,0.0,0.0,0.0,4,0.8992140000000001,1.0003584117645035,2.054328,0.320828,0.322486,,1.7320454548945385,0.770076,,,,,,,,,,,,,,,,,
Unknown,Unknown,./Data\Physical_Interaction\Topology_B\4-Group_dataset\physicalInteraction6_group.csv,61.4,5.366563145999495,71.0,59.0,59.0,5.000000000000005,2.2360679774997916,3.839999999999999,5.0,0.24059875,0.12023588469442058,0.322486,0.066191,0.286859,2.5540159242099776,-1.64351281408868,0.08720387500000001,61.4,5.366563145999495,71,59,59.0,5.000000000000005,2.2360679774997916,3.839999999999999,5,0.24059875,0.12023588469442058,0.322486,0.066191,0.286859,2.5540159242099776,-1.64351281408868,0.08720387500000001,,,,,,,,,,,,,,,,,
Unknown,Unknown,./Data\Physical_Interaction\Topology_B\4-Group_dataset\physicalInteraction6_group.csv,61.4,5.366563145999495,71.0,59.0,59.0,5.000000000000005,2.2360679774997916,3.839999999999999,5.0,0.24059875,0.12023588469442058,0.322486,0.066191,0.286859,2.5540159242099776,-1.64351281408868,0.08720387500000001,61.4,5.366563145999495,71,59,59.0,5.000000000000005,2.2360679774997916,3.839999999999999,5,0.24059875,0.12023588469442058,0.322486,0.066191,0.286859,2.5540159242099776,-1.64351281408868,0.08720387500000001,,,,,,,,,,,,,,,,,
Unknown,Unknown,./Data\Physical_Interaction\Topology_B\4-Group_dataset\physicalInteraction6_group.csv,49.2,25.635912310662945,71.0,5.0,59.0,3.753183056986815,-1.8322319385630823,17.68,5.0,0.7252682500000001,1.1857077586345846,2.493104,0.023563,0.192203,3.7449789617097125,1.929892224274904,0.8839178750000001,42.285714285714285,26.66279733832821,71,5,52.0,-1.0505526897468975,-0.858259371508356,21.30612244897959,7,0.4835121666666667,0.9918570721853863,2.493104,0.001783,0.042962,5.679709193411906,2.3720676429487506,0.6698639444444444,25.0,28.284271247461902,45.0,5.0,25.0,,,20.0,2.0,0.019733,,0.019733,0.019733,0.019733,,,0.0
Unknown,Unknown,./Data\Physical_Interaction\Topology_B\4-Group_dataset\physicalInteraction6_group.csv,28.5,33.23401871576773,52.0,5.0,28.5,,,23.5,2.0,0.023563,,0.023563,0.023563,0.023563,,,0.0,26.75,25.276800957927144,52,5,25.0,-5.620214481122219,0.0659916542960514,21.75,4,0.007854333333333333,0.010288073937007517,0.019733,0.001783,0.002047,,1.7307678181958148,0.007919111111111111,25.0,28.284271247461902,45.0,5.0,25.0,,,20.0,2.0,0.019733,,0.019733,0.019733,0.019733,,,0.0
Unknown,Unknown,./Data\Physical_Interaction\Topology_B\4-Group_dataset\physicalInteraction6_group.csv,28.5,33.23401871576773,52.0,5.0,28.5,,,23.5,2.0,0.023563,,0.023563,0.023563,0.023563,,,0.0,26.75,25.276800957927144,52,5,25.0,-5.620214481122219,0.0659916542960514,21.75,4,0.007854333333333333,0.010288073937007517,0.019733,0.001783,0.002047,,1.7307678181958148,0.007919111111111111,25.0,28.284271247461902,45.0,5.0,25.0,,,20.0,2.0,0.019733,,0.019733,0.019733,0.019733,,,0.0
Unknown,Unknown,./Data\Physical_Interaction\Topology_B\4-Group_dataset\physicalInteraction6_group.csv,59.0,0.0,59.0,59.0,59.0,,,0.0,2.0,0.322864,,0.322864,0.322864,0.322864,,,0.0,59.0,0.0,59,59,59.0,,,0.0,2,0.322864,,0.322864,0.322864,0.322864,,,0.0,,,,,,,,,,,,,,,,,
Unknown,Unknown,./Data\Physical_Interaction\Topology_B\4-Group_dataset\physicalInteraction6_group.csv,59.0,0.0,59.0,59.0,59.0,,0.0,0.0,3.0,0.48155649999999994,0.22442508574689238,0.640249,0.322864,0.48155649999999994,,,0.1586925,59.0,0.0,59,59,59.0,,0.0,0.0,3,0.48155649999999994,0.22442508574689238,0.640249,0.322864,0.48155649999999994,,,0.1586925,,,,,,,,,,,,,,,,,
Unknown,Unknown,./Data\Physical_Interaction\Topology_B\4-Group_dataset\physicalInteraction6_group.csv,59.0,0.0,59.0,59.0,59.0,,0.0,0.0,3.0,0.48155649999999994,0.22442508574689238,0.640249,0.322864,0.48155649999999994,,,0.1586925,59.0,0.0,59,59,59.0,,0.0,0.0,3,0.48155649999999994,0.22442508574689238,0.640249,0.322864,0.48155649999999994,,,0.1586925,,,,,,,,,,,,,,,,,
Unknown,Unknown,./Data\Physical_Interaction\Topology_B\4-Group_dataset\physicalInteraction6_group.csv,66.5,23.68543856465402,101.0,47.0,59.0,3.1032056964740207,1.6459039638568238,17.25,4.0,0.794129,1.0762844278521362,2.036812,0.158917,0.186658,,1.7307563935592805,0.8284553333333333,66.5,23.68543856465402,101,47,59.0,3.1032056964740207,1.6459039638568238,17.25,4,0.794129,1.0762844278521362,2.036812,0.158917,0.186658,,1.7307563935592805,0.8284553333333333,,,,,,,,,,,,,,,,,
Unknown,Unknown,./Data\Physical_Interaction\Topology_B\4-Group_dataset\physicalInteraction6_group.csv,66.5,23.68543856465402,101.0,47.0,59.0,3.1032056964740207,1.6459039638568238,17.25,4.0,0.2143993333333333,0.07339635406703343,0.297623,0.158917,0.186658,,1.4578671381195574,0.055482444444444445,66.5,23.68543856465402,101,47,59.0,3.1032056964740207,1.6459039638568238,17.25,4,0.2143993333333333,0.07339635406703343,0.297623,0.158917,0.186658,,1.4578671381195574,0.055482444444444445,,,,,,,,,,,,,,,,,
Unknown,Unknown,./Data\Physical_Interaction\Topology_B\4-Group_dataset\physicalInteraction6_group.csv,66.5,23.68543856465402,101.0,47.0,59.0,3.1032056964740207,1.6459039638568238,17.25,4.0,0.2143993333333333,0.07339635406703343,0.297623,0.158917,0.186658,,1.4578671381195574,0.055482444444444445,66.5,23.68543856465402,101,47,59.0,3.1032056964740207,1.6459039638568238,17.25,4,0.2143993333333333,0.07339635406703343,0.297623,0.158917,0.186658,,1.4578671381195574,0.055482444444444445,,,,,,,,,,,,,,,,,
Unknown,Unknown,./Data\Physical_Interaction\Topology_B\4-Group_dataset\physicalInteraction6_group.csv,46.733333333333334,32.53671918368684,107.0,5.0,63.0,-0.9180915456349634,-0.24540347539680946,27.82222222222222,15.0,0.2047935714285714,0.5536014414345555,2.003477,0.003786,0.009786,9.930628355938715,3.114551801891567,0.3342082653061225,37.142857142857146,32.90180194804795,107,5,54.0,-1.2685749056052202,0.27282536493284826,30.61224489795918,21,0.1433555,0.46746095416898614,2.001398,0.002079,0.004535,14.700181747804375,3.7708462597498817,0.24602550000000006,14.727272727272727,21.735183040825348,63.0,5.0,5.0,2.3142728748469006,1.9613515625384395,15.917355371900824,11.0,0.012014399999999998,0.008889362059350616,0.029671,0.00292,0.008248499999999999,0.00931200283822431,1.1108663210894647,0.00727056
Unknown,Unknown,./Data\Physical_Interaction\Topology_B\4-Group_dataset\physicalInteraction6_group.csv,45.857142857142854,33.58080299323305,107.0,5.0,63.0,-1.0735129846120333,-0.1560893224542853,29.183673469387752,14.0,0.0664333076923077,0.20413248101963286,0.745568,0.003786,0.009452,12.97473364729367,3.6006917238908707,0.10448226035502957,36.05,33.36319276656458,107,5,29.5,-1.2354063674615827,0.3696772186430038,31.05,20,0.04556378947368421,0.16961591311403765,0.745568,0.002079,0.004194,18.94613367736402,4.350163101011137,0.0736846537396122,14.727272727272727,21.735183040825348,63.0,5.0,5.0,2.3142728748469006,1.9613515625384395,15.917355371900824,11.0,0.012014399999999998,0.008889362059350616,0.029671,0.00292,0.008248499999999999,0.00931200283822431,1.1108663210894647,0.00727056
Unknown,Unknown,./Data\Physical_Interaction\Topology_B\4-Group_dataset\physicalInteraction6_group.csv,45.857142857142854,33.58080299323305,107.0,5.0,63.0,-1.0735129846120333,-0.1560893224542853,29.183673469387752,14.0,0.0664333076923077,0.20413248101963286,0.745568,0.003786,0.009452,12.97473364729367,3.6006917238908707,0.10448226035502957,36.05,33.36319276656458,107,5,29.5,-1.2354063674615827,0.3696772186430038,31.05,20,0.04556378947368421,0.16961591311403765,0.745568,0.002079,0.004194,18.94613367736402,4.350163101011137,0.0736846537396122,14.727272727272727,21.735183040825348,63.0,5.0,5.0,2.3142728748469006,1.9613515625384395,15.917355371900824,11.0,0.012014399999999998,0.008889362059350616,0.029671,0.00292,0.008248499999999999,0.00931200283822431,1.1108663210894647,0.00727056
Unknown,Unknown,./Data\Physical_Interaction\Topology_B\4-Group_dataset\physicalInteraction6_group.csv,36.666666666666664,28.431203515386635,60.0,5.0,45.0,,-1.2056594965075202,21.11111111111111,3.0,0.028421,0.033228361861518244,0.051917,0.004925,0.028421,,,0.023496,28.333333333333332,26.01281735350223,60,5,25.0,-2.8983353151010705,0.1439229866436584,23.333333333333332,6,0.011733,0.020124878049319953,0.047662,0.001823,0.002303,4.918519866200208,2.214377062748687,0.014371600000000002,20.0,25.98076211353316,50.0,5.0,5.0,,1.7320508075688774,20.0,3.0,0.028181,0.027550294408590265,0.047662,0.0087,0.028181,,,0.019481000000000002
Unknown,Unknown,./Data\Physical_Interaction\Topology_B\4-Group_dataset\physicalInteraction6_group.csv,36.666666666666664,28.431203515386635,60.0,5.0,45.0,,-1.2056594965075202,21.11111111111111,3.0,0.028421,0.033228361861518244,0.051917,0.004925,0.028421,,,0.023496,28.333333333333332,26.01281735350223,60,5,25.0,-2.8983353151010705,0.1439229866436584,23.333333333333332,6,0.011733,0.020124878049319953,0.047662,0.001823,0.002303,4.918519866200208,2.214377062748687,0.014371600000000002,20.0,25.98076211353316,50.0,5.0,5.0,,1.7320508075688774,20.0,3.0,0.028181,0.027550294408590265,0.047662,0.0087,0.028181,,,0.019481000000000002
Unknown,Unknown,./Data\Physical_Interaction\Topology_B\4-Group_dataset\physicalInteraction6_group.csv,45.6,23.532955615476777,60.0,5.0,59.0,3.5121608334340912,-1.8903129817437836,16.48,5.0,0.56261925,0.8811110121024762,1.867043,0.004925,0.1892545,3.439818077249008,1.851407498028163,0.6522118750000001,36.0,26.169775368870535,60,5,47.5,-2.190210385008796,-0.5073893187896078,23.25,8,0.3214967142857143,0.6909528904707649,1.86522,0.001823,0.004925,6.323678920108646,2.496038948054659,0.44251959183673467,20.0,25.98076211353316,50.0,5.0,5.0,,1.7320508075688774,20.0,3.0,0.028181,0.027550294408590265,0.047662,0.0087,0.028181,,,0.019481000000000002
Unknown,Unknown,./Data\Physical_Interaction\Topology_B\4-Group_dataset\physicalInteraction6_group.csv,59.0,0.0,59.0,59.0,59.0,,,0.0,2.0,0.326592,,0.326592,0.326592,0.326592,,,0.0,59.0,0.0,59,59,59.0,,,0.0,2,0.326592,,0.326592,0.326592,0.326592,,,0.0,,,,,,,,,,,,,,,,,
Unknown,Unknown,./Data\Physical_Interaction\Topology_B\4-Group_dataset\physicalInteraction6_group.csv,59.0,0.0,59.0,59.0,59.0,,,0.0,2.0,0.326592,,0.326592,0.326592,0.326592,,,0.0,59.0,0.0,59,59,59.0,,,0.0,2,0.326592,,0.326592,0.326592,0.326592,,,0.0,,,,,,,,,,,,,,,,,
Unknown,Unknown,./Data\Physical_Interaction\Topology_B\4-Group_dataset\physicalInteraction6_group.csv,59.0,0.0,59.0,59.0,59.0,,0.0,0.0,3.0,0.4818315,0.2273100814141335,0.642564,0.321099,0.4818315,,,0.1607325,59.0,0.0,59,59,59.0,,0.0,0.0,3,0.4818315,0.2273100814141335,0.642564,0.321099,0.4818315,,,0.1607325,,,,,,,,,,,,,,,,,
Unknown,Unknown,./Data\Physical_Interaction\Topology_B\4-Group_dataset\physicalInteraction6_group.csv,59.0,0.0,59.0,59.0,59.0,,0.0,0.0,3.0,0.4818315,0.2273100814141335,0.642564,0.321099,0.4818315,,,0.1607325,59.0,0.0,59,59,59.0,,0.0,0.0,3,0.4818315,0.2273100814141335,0.642564,0.321099,0.4818315,,,0.1607325,,,,,,,,,,,,,,,,,
Unknown,Unknown,./Data\Physical_Interaction\Topology_B\4-Group_dataset\physicalInteraction6_group.csv,55.0,6.928203230275509,59.0,47.0,59.0,,-1.7320508075688774,5.333333333333333,3.0,1.3331795,1.4312979693133434,2.34526,0.321099,1.3331795,,,1.0120805000000002,55.0,6.928203230275509,59,47,59.0,,-1.7320508075688774,5.333333333333333,3,1.3331795,1.4312979693133434,2.34526,0.321099,1.3331795,,,1.0120805000000002,,,,,,,,,,,,,,,,,
Unknown,Unknown,./Data\Physical_Interaction\Topology_B\4-Group_dataset\physicalInteraction6_group.csv,63.0,6.928203230275509,71.0,59.0,59.0,,1.7320508075688774,5.333333333333333,3.0,1.382145,1.4927674689086712,2.437691,0.326599,1.382145,,,1.055546,63.0,6.928203230275509,71,59,59.0,,1.7320508075688774,5.333333333333333,3,1.382145,1.4927674689086712,2.437691,0.326599,1.382145,,,1.055546,,,,,,,,,,,,,,,,,
Unknown,Unknown,./Data\Physical_Interaction\Topology_B\4-Group_dataset\physicalInteraction6_group.csv,59.0,0.0,59.0,59.0,59.0,,0.0,0.0,3.0,0.323374,0.0045608387386532005,0.326599,0.320149,0.323374,,,0.003224999999999978,59.0,0.0,59,59,59.0,,0.0,0.0,3,0.323374,0.0045608387386532005,0.326599,0.320149,0.323374,,,0.003224999999999978,,,,,,,,,,,,,,,,,
Unknown,Unknown,./Data\Physical_Interaction\Topology_B\4-Group_dataset\physicalInteraction6_group.csv,59.0,0.0,59.0,59.0,59.0,,0.0,0.0,3.0,0.323374,0.0045608387386532005,0.326599,0.320149,0.323374,,,0.003224999999999978,59.0,0.0,59,59,59.0,,0.0,0.0,3,0.323374,0.0045608387386532005,0.326599,0.320149,0.323374,,,0.003224999999999978,,,,,,,,,,,,,,,,,
Unknown,Unknown,./Data\Physical_Interaction\Topology_B\4-Group_dataset\physicalInteraction6_group.csv,45.5,27.0,59.0,5.0,59.0,4.0,-1.9999999999999998,20.25,4.0,0.9589716666666668,1.2087262804230465,2.352811,0.199377,0.324727,,1.7111184187830204,0.9292262222222222,45.5,27.0,59,5,59.0,4.0,-1.9999999999999998,20.25,4,0.9589716666666668,1.2087262804230465,2.352811,0.199377,0.324727,,1.7111184187830204,0.9292262222222222,,,,,,,,,,,,,,,,,
Unknown,Unknown,./Data\Physical_Interaction\Topology_B\4-Group_dataset\physicalInteraction6_group.csv,48.2,24.149534156997728,59.0,5.0,59.0,5.000000000000005,-2.236067977499791,17.279999999999998,5.0,0.241354,0.09937534876752216,0.324727,0.120515,0.260087,-3.093287803734963,-0.5146201488580615,0.081408,48.2,24.149534156997728,59,5,59.0,5.000000000000005,-2.236067977499791,17.279999999999998,5,0.241354,0.09937534876752216,0.324727,0.120515,0.260087,-3.093287803734963,-0.5146201488580615,0.081408,,,,,,,,,,,,,,,,,
Unknown,Unknown,./Data\Physical_Interaction\Topology_B\4-Group_dataset\physicalInteraction6_group.csv,48.2,24.149534156997728,59.0,5.0,59.0,5.000000000000005,-2.236067977499791,17.279999999999998,5.0,0.241354,0.09937534876752216,0.324727,0.120515,0.260087,-3.093287803734963,-0.5146201488580615,0.081408,48.2,24.149534156997728,59,5,59.0,5.000000000000005,-2.236067977499791,17.279999999999998,5,0.241354,0.09937534876752216,0.324727,0.120515,0.260087,-3.093287803734963,-0.5146201488580615,0.081408,,,,,,,,,,,,,,,,,
Unknown,Unknown,./Data\Physical_Interaction\Topology_B\4-Group_dataset\physicalInteraction6_group.csv,59.0,0.0,59.0,59.0,59.0,,,0.0,2.0,0.320797,,0.320797,0.320797,0.320797,,,0.0,59.0,0.0,59,59,59.0,,,0.0,2,0.320797,,0.320797,0.320797,0.320797,,,0.0,,,,,,,,,,,,,,,,,
Unknown,Unknown,./Data\Physical_Interaction\Topology_B\4-Group_dataset\physicalInteraction6_group.csv,39.375,39.55443807499446,107.0,5.0,32.0,-1.0536380138851045,0.5737265549573817,34.375,8.0,0.05098285714285714,0.09926153524977768,0.274931,0.003435,0.008687,6.768418212985964,2.590304756147814,0.06398518367346938,38.2,31.498752809776903,107,5,45.0,-0.3090110903709262,0.42632822895203715,26.56,15,0.025640142857142858,0.0721372730412245,0.274931,0.00094,0.0029535,13.625446699757589,3.674372870266993,0.035957530612244895,36.857142857142854,22.04108717394684,54.0,5.0,45.0,-0.9307408962751698,-1.1244117855476807,18.20408163265306,7.0,0.013706000000000001,0.00832443189653204,0.028052,0.003339,0.012947,1.7083104947509238,0.8980320543388051,0.005639000000000001
Unknown,Unknown,./Data\Physical_Interaction\Topology_B\4-Group_dataset\physicalInteraction6_group.csv,44.5,36.628009925617185,107.0,5.0,59.0,-1.197661609666636,0.10909185730577912,31.6,10.0,0.14633755555555555,0.21005706325193585,0.541154,0.003435,0.021694,-0.16611194880529112,1.2084537764093317,0.17690585185185187,41.35294117647059,30.852352374799942,107,5,52.0,-0.5756059305898771,0.1479927533582281,25.66089965397924,17,0.08244499999999999,0.17058921661816728,0.541154,0.00094,0.0051470000000000005,3.2247739933757726,2.086016362840003,0.12346924999999999,36.857142857142854,22.04108717394684,54.0,5.0,45.0,-0.9307408962751698,-1.1244117855476807,18.20408163265306,7.0,0.013706000000000001,0.00832443189653204,0.028052,0.003339,0.012947,1.7083104947509238,0.8980320543388051,0.005639000000000001
Unknown,Unknown,./Data\Physical_Interaction\Topology_B\4-Group_dataset\physicalInteraction6_group.csv,44.5,36.628009925617185,107.0,5.0,59.0,-1.197661609666636,0.10909185730577912,31.6,10.0,0.14633755555555555,0.21005706325193585,0.541154,0.003435,0.021694,-0.16611194880529112,1.2084537764093317,0.17690585185185187,41.35294117647059,30.852352374799942,107,5,52.0,-0.5756059305898771,0.1479927533582281,25.66089965397924,17,0.08244499999999999,0.17058921661816728,0.541154,0.00094,0.0051470000000000005,3.2247739933757726,2.086016362840003,0.12346924999999999,36.857142857142854,22.04108717394684,54.0,5.0,45.0,-0.9307408962751698,-1.1244117855476807,18.20408163265306,7.0,0.013706000000000001,0.00832443189653204,0.028052,0.003339,0.012947,1.7083104947509238,0.8980320543388051,0.005639000000000001
Unknown,Unknown,./Data\Physical_Interaction\Topology_B\4-Group_dataset\physicalInteraction6_group.csv,63.0,6.928203230275509,71.0,59.0,59.0,,1.7320508075688774,5.333333333333333,3.0,1.3938925,1.378700538501563,2.368781,0.419004,1.3938925,,,0.9748884999999999,63.0,6.928203230275509,71,59,59.0,,1.7320508075688774,5.333333333333333,3,1.3938925,1.378700538501563,2.368781,0.419004,1.3938925,,,0.9748884999999999,,,,,,,,,,,,,,,,,
Unknown,Unknown,./Data\Physical_Interaction\Topology_B\4-Group_dataset\physicalInteraction6_group.csv,59.0,0.0,59.0,59.0,59.0,,,0.0,2.0,0.319777,,0.319777,0.319777,0.319777,,,0.0,59.0,0.0,59,59,59.0,,,0.0,2,0.319777,,0.319777,0.319777,0.319777,,,0.0,,,,,,,,,,,,,,,,,
Unknown,Unknown,./Data\Physical_Interaction\Topology_B\4-Group_dataset\physicalInteraction6_group.csv,59.0,0.0,59.0,59.0,59.0,,,0.0,2.0,0.319777,,0.319777,0.319777,0.319777,,,0.0,59.0,0.0,59,59,59.0,,,0.0,2,0.319777,,0.319777,0.319777,0.319777,,,0.0,,,,,,,,,,,,,,,,,
Unknown,Unknown,./Data\Physical_Interaction\Topology_B\4-Group_dataset\physicalInteraction6_group.csv,55.0,6.928203230275509,59.0,47.0,59.0,,-1.7320508075688774,5.333333333333333,3.0,0.17958549999999998,0.20191929111528695,0.322364,0.036807,0.17958549999999998,,,0.14277849999999997,55.0,6.928203230275509,59,47,59.0,,-1.7320508075688774,5.333333333333333,3,0.17958549999999998,0.20191929111528695,0.322364,0.036807,0.17958549999999998,,,0.14277849999999997,,,,,,,,,,,,,,,,,
Unknown,Unknown,./Data\Physical_Interaction\Topology_B\4-Group_dataset\physicalInteraction6_group.csv,56.0,6.0,59.0,47.0,59.0,4.0,-1.9999999999999998,4.5,4.0,0.21416666666666664,0.15483304339298293,0.322364,0.036807,0.283329,,-1.6090243645014268,0.11823977777777776,56.0,6.0,59,47,59.0,4.0,-1.9999999999999998,4.5,4,0.21416666666666664,0.15483304339298293,0.322364,0.036807,0.283329,,-1.6090243645014268,0.11823977777777776,,,,,,,,,,,,,,,,,
Unknown,Unknown,./Data\Physical_Interaction\Topology_B\4-Group_dataset\physicalInteraction6_group.csv,56.0,6.0,59.0,47.0,59.0,4.0,-1.9999999999999998,4.5,4.0,0.21416666666666664,0.15483304339298293,0.322364,0.036807,0.283329,,-1.6090243645014268,0.11823977777777776,56.0,6.0,59,47,59.0,4.0,-1.9999999999999998,4.5,4,0.21416666666666664,0.15483304339298293,0.322364,0.036807,0.283329,,-1.6090243645014268,0.11823977777777776,,,,,,,,,,,,,,,,,
Unknown,Unknown,./Data\Physical_Interaction\Topology_B\4-Group_dataset\physicalInteraction6_group.csv,62.0,6.0,71.0,59.0,59.0,4.0,1.9999999999999998,4.5,4.0,0.9543803333333333,1.218068570711983,2.35878,0.185568,0.318793,,1.7087699358676063,0.9362664444444443,62.0,6.0,71,59,59.0,4.0,1.9999999999999998,4.5,4,0.9543803333333333,1.218068570711983,2.35878,0.185568,0.318793,,1.7087699358676063,0.9362664444444443,,,,,,,,,,,,,,,,,
Unknown,Unknown,./Data\Physical_Interaction\Topology_B\4-Group_dataset\physicalInteraction6_group.csv,61.4,5.366563145999495,71.0,59.0,59.0,5.000000000000005,2.2360679774997916,3.839999999999999,5.0,0.2394605,0.0935750839789453,0.318793,0.135233,0.251908,-4.60543969926476,-0.24443610922758494,0.07905999999999999,61.4,5.366563145999495,71,59,59.0,5.000000000000005,2.2360679774997916,3.839999999999999,5,0.2394605,0.0935750839789453,0.318793,0.135233,0.251908,-4.60543969926476,-0.24443610922758494,0.07905999999999999,,,,,,,,,,,,,,,,,
Unknown,Unknown,./Data\Physical_Interaction\Topology_B\4-Group_dataset\physicalInteraction6_group.csv,61.4,5.366563145999495,71.0,59.0,59.0,5.000000000000005,2.2360679774997916,3.839999999999999,5.0,0.2394605,0.0935750839789453,0.318793,0.135233,0.251908,-4.60543969926476,-0.24443610922758494,0.07905999999999999,61.4,5.366563145999495,71,59,59.0,5.000000000000005,2.2360679774997916,3.839999999999999,5,0.2394605,0.0935750839789453,0.318793,0.135233,0.251908,-4.60543969926476,-0.24443610922758494,0.07905999999999999,,,,,,,,,,,,,,,,,
Unknown,Unknown,./Data\Physical_Interaction\Topology_B\4-Group_dataset\physicalInteraction6_group.csv,59.0,0.0,59.0,59.0,59.0,,,0.0,2.0,0.318248,,0.318248,0.318248,0.318248,,,0.0,59.0,0.0,59,59,59.0,,,0.0,2,0.318248,,0.318248,0.318248,0.318248,,,0.0,,,,,,,,,,,,,,,,,
Unknown,Unknown,./Data\Physical_Interaction\Topology_B\4-Group_dataset\physicalInteraction6_group.csv,59.0,0.0,59.0,59.0,59.0,,,0.0,2.0,0.322162,,0.322162,0.322162,0.322162,,,0.0,59.0,0.0,59,59,59.0,,,0.0,2,0.322162,,0.322162,0.322162,0.322162,,,0.0,,,,,,,,,,,,,,,,,
Unknown,Unknown,./Data\Physical_Interaction\Topology_B\4-Group_dataset\physicalInteraction6_group.csv,59.0,0.0,59.0,59.0,59.0,,0.0,0.0,3.0,0.4811995,0.22491298942591106,0.640237,0.322162,0.4811995,,,0.15903749999999997,59.0,0.0,59,59,59.0,,0.0,0.0,3,0.4811995,0.22491298942591106,0.640237,0.322162,0.4811995,,,0.15903749999999997,,,,,,,,,,,,,,,,,
Unknown,Unknown,./Data\Physical_Interaction\Topology_B\4-Group_dataset\physicalInteraction6_group.csv,59.0,0.0,59.0,59.0,59.0,,0.0,0.0,3.0,0.4811995,0.22491298942591106,0.640237,0.322162,0.4811995,,,0.15903749999999997,59.0,0.0,59,59,59.0,,0.0,0.0,3,0.4811995,0.22491298942591106,0.640237,0.322162,0.4811995,,,0.15903749999999997,,,,,,,,,,,,,,,,,
Unknown,Unknown,./Data\Physical_Interaction\Topology_B\4-Group_dataset\physicalInteraction6_group.csv,56.0,6.0,59.0,47.0,59.0,4.0,-1.9999999999999998,4.5,4.0,0.8389869999999999,1.0429862577507911,2.039688,0.157654,0.319619,,1.6851797795384904,0.8004673333333333,56.0,6.0,59,47,59.0,4.0,-1.9999999999999998,4.5,4,0.8389869999999999,1.0429862577507911,2.039688,0.157654,0.319619,,1.6851797795384904,0.8004673333333333,,,,,,,,,,,,,,,,,
Unknown,Unknown,./Data\Physical_Interaction\Topology_B\4-Group_dataset\physicalInteraction6_group.csv,55.0,6.928203230275509,59.0,47.0,59.0,,-1.7320508075688774,5.333333333333333,3.0,0.23863649999999997,0.11452654981487917,0.319619,0.157654,0.23863649999999997,,,0.0809825,55.0,6.928203230275509,59,47,59.0,,-1.7320508075688774,5.333333333333333,3,0.23863649999999997,0.11452654981487917,0.319619,0.157654,0.23863649999999997,,,0.0809825,,,,,,,,,,,,,,,,,
Unknown,Unknown,./Data\Physical_Interaction\Topology_B\4-Group_dataset\physicalInteraction6_group.csv,55.0,6.928203230275509,59.0,47.0,59.0,,-1.7320508075688774,5.333333333333333,3.0,0.23863649999999997,0.11452654981487917,0.319619,0.157654,0.23863649999999997,,,0.0809825,55.0,6.928203230275509,59,47,59.0,,-1.7320508075688774,5.333333333333333,3,0.23863649999999997,0.11452654981487917,0.319619,0.157654,0.23863649999999997,,,0.0809825,,,,,,,,,,,,,,,,,
Unknown,Unknown,./Data\Physical_Interaction\Topology_B\4-Group_dataset\physicalInteraction6_group.csv,36.46153846153846,30.32769741950798,66.0,5.0,63.0,-2.3600376131181213,-0.172758928412882,29.041420118343197,13.0,0.011935916666666666,0.0061503771718538205,0.025407,0.004771,0.0112775,0.46031944597674457,0.8592051020235907,0.00493275,36.25,26.93437443706071,66,5,45.0,-1.9383021348552298,-0.2737043878514952,25.0,20,0.007538473684210523,0.005662943084145293,0.021215,0.001791,0.007186,0.21287773120807385,0.9310245701393376,0.0045101772853185585,26.6,22.959868369734952,54.0,5.0,25.0,-2.4448249905088004,0.06033555275980482,21.6,10.0,0.015914555555555553,0.014878609403360844,0.052217,0.001791,0.011823,5.295349800780331,2.0890244105807985,0.009261629629629628
Unknown,Unknown,./Data\Physical_Interaction\Topology_B\4-Group_dataset\physicalInteraction6_group.csv,38.92857142857143,30.565098964755126,71.0,5.0,63.0,-2.2199561768551233,-0.3074557216231876,29.081632653061224,14.0,0.06913084615384615,0.20630330667565097,0.75547,0.004771,0.012436,12.973022461892645,3.6003657091937904,0.10559063905325444,37.904761904761905,27.325637708761278,71,5,45.0,-1.8497058419988808,-0.3350956811098775,25.0702947845805,21,0.04493505,0.16733337828748523,0.75547,0.001791,0.007213,19.949360006062367,4.464085086511733,0.071053495,26.6,22.959868369734952,54.0,5.0,25.0,-2.4448249905088004,0.06033555275980482,21.6,10.0,0.015914555555555553,0.014878609403360844,0.052217,0.001791,0.011823,5.295349800780331,2.0890244105807985,0.009261629629629628
Unknown,Unknown,./Data\Physical_Interaction\Topology_B\4-Group_dataset\physicalInteraction6_group.csv,38.92857142857143,30.565098964755126,71.0,5.0,63.0,-2.2199561768551233,-0.3074557216231876,29.081632653061224,14.0,0.06913084615384615,0.20630330667565097,0.75547,0.004771,0.012436,12.973022461892645,3.6003657091937904,0.10559063905325444,37.904761904761905,27.325637708761278,71,5,45.0,-1.8497058419988808,-0.3350956811098775,25.0702947845805,21,0.04493505,0.16733337828748523,0.75547,0.001791,0.007213,19.949360006062367,4.464085086511733,0.071053495,26.6,22.959868369734952,54.0,5.0,25.0,-2.4448249905088004,0.06033555275980482,21.6,10.0,0.015914555555555553,0.014878609403360844,0.052217,0.001791,0.011823,5.295349800780331,2.0890244105807985,0.009261629629629628
Unknown,Unknown,./Data\Physical_Interaction\Topology_B\4-Group_dataset\physicalInteraction6_group.csv,57.0,0.0,57.0,57.0,57.0,,,0.0,2.0,0.644005,,0.644005,0.644005,0.644005,,,0.0,57.0,0.0,57,57,57.0,,,0.0,2,0.644005,,0.644005,0.644005,0.644005,,,0.0,,,,,,,,,,,,,,,,,
Unknown,Unknown,./Data\Physical_Interaction\Topology_B\4-Group_dataset\physicalInteraction6_group.csv,58.0,1.1547005383792515,59.0,57.0,58.0,-6.0,0.0,1.0,4.0,0.764151,0.5125885005303962,1.326141,0.322307,0.644005,,0.9968109570655282,0.37466,58.0,1.1547005383792515,59,57,58.0,-6.0,0.0,1.0,4,0.764151,0.5125885005303962,1.326141,0.322307,0.644005,,0.9968109570655282,0.37466,,,,,,,,,,,,,,,,,
Unknown,Unknown,./Data\Physical_Interaction\Topology_B\4-Group_dataset\physicalInteraction6_group.csv,58.6,0.8944271909999159,59.0,57.0,59.0,5.000000000000046,-2.2360679774997982,0.6399999999999991,5.0,0.57219675,0.5026308001945861,1.326141,0.319508,0.321569,3.999896513731869,1.9999689603301762,0.376972125,58.6,0.8944271909999159,59,57,59.0,5.000000000000046,-2.2360679774997982,0.6399999999999991,5,0.57219675,0.5026308001945861,1.326141,0.319508,0.321569,3.999896513731869,1.9999689603301762,0.376972125,,,,,,,,,,,,,,,,,
Unknown,Unknown,./Data\Physical_Interaction\Topology_B\4-Group_dataset\physicalInteraction6_group.csv,59.0,0.0,59.0,59.0,59.0,0.0,0.0,0.0,4.0,0.320882,0.0014001967718860076,0.322307,0.319508,0.320831,,0.16368808608055102,0.0009500000000000064,59.0,0.0,59,59,59.0,0.0,0.0,0.0,4,0.320882,0.0014001967718860076,0.322307,0.319508,0.320831,,0.16368808608055102,0.0009500000000000064,,,,,,,,,,,,,,,,,
Unknown,Unknown,./Data\Physical_Interaction\Topology_B\4-Group_dataset\physicalInteraction6_group.csv,59.0,0.0,59.0,59.0,59.0,,0.0,0.0,3.0,1.178429,1.2146977272070612,2.03735,0.319508,1.178429,,,0.858921,59.0,0.0,59,59,59.0,,0.0,0.0,3,1.178429,1.2146977272070612,2.03735,0.319508,1.178429,,,0.858921,,,,,,,,,,,,,,,,,
Unknown,Unknown,./Data\Physical_Interaction\Topology_B\4-Group_dataset\physicalInteraction6_group.csv,59.0,0.0,59.0,59.0,59.0,,0.0,0.0,3.0,0.4809625,0.2273426083260681,0.641718,0.320207,0.4809625,,,0.1607555,59.0,0.0,59,59,59.0,,0.0,0.0,3,0.4809625,0.2273426083260681,0.641718,0.320207,0.4809625,,,0.1607555,,,,,,,,,,,,,,,,,
Unknown,Unknown,./Data\Physical_Interaction\Topology_B\4-Group_dataset\physicalInteraction6_group.csv,59.0,0.0,59.0,59.0,59.0,,0.0,0.0,3.0,0.4809625,0.2273426083260681,0.641718,0.320207,0.4809625,,,0.1607555,59.0,0.0,59,59,59.0,,0.0,0.0,3,0.4809625,0.2273426083260681,0.641718,0.320207,0.4809625,,,0.1607555,,,,,,,,,,,,,,,,,
Unknown,Unknown,./Data\Physical_Interaction\Topology_B\4-Group_dataset\physicalInteraction6_group.csv,59.0,0.0,59.0,59.0,59.0,,,0.0,2.0,0.320207,,0.320207,0.320207,0.320207,,,0.0,59.0,0.0,59,59,59.0,,,0.0,2,0.320207,,0.320207,0.320207,0.320207,,,0.0,,,,,,,,,,,,,,,,,
Unknown,Unknown,./Data\Physical_Interaction\Topology_B\4-Group_dataset\physicalInteraction6_group.csv,59.0,16.97056274847714,71.0,47.0,59.0,,,12.0,2.0,2.86444,,2.86444,2.86444,2.86444,,,0.0,59.0,16.97056274847714,71,47,59.0,,,12.0,2,2.86444,,2.86444,2.86444,2.86444,,,0.0,,,,,,,,,,,,,,,,,
Unknown,Unknown,./Data\Physical_Interaction\Topology_B\4-Group_dataset\physicalInteraction6_group.csv,59.0,0.0,59.0,59.0,59.0,,,0.0,2.0,0.327045,,0.327045,0.327045,0.327045,,,0.0,59.0,0.0,59,59,59.0,,,0.0,2,0.327045,,0.327045,0.327045,0.327045,,,0.0,,,,,,,,,,,,,,,,,
Unknown,Unknown,./Data\Physical_Interaction\Topology_B\4-Group_dataset\physicalInteraction6_group.csv,59.0,0.0,59.0,59.0,59.0,,,0.0,2.0,0.327045,,0.327045,0.327045,0.327045,,,0.0,59.0,0.0,59,59,59.0,,,0.0,2,0.327045,,0.327045,0.327045,0.327045,,,0.0,,,,,,,,,,,,,,,,,
Unknown,Unknown,./Data\Physical_Interaction\Topology_B\4-Group_dataset\physicalInteraction6_group.csv,59.0,0.0,59.0,59.0,59.0,,0.0,0.0,3.0,1.334916,1.4283316563662656,2.344899,0.324933,1.334916,,,1.009983,59.0,0.0,59,59,59.0,,0.0,0.0,3,1.334916,1.4283316563662656,2.344899,0.324933,1.334916,,,1.009983,,,,,,,,,,,,,,,,,
Unknown,Unknown,./Data\Physical_Interaction\Topology_B\4-Group_dataset\physicalInteraction6_group.csv,59.0,0.0,59.0,59.0,59.0,,,0.0,2.0,0.324933,,0.324933,0.324933,0.324933,,,0.0,59.0,0.0,59,59,59.0,,,0.0,2,0.324933,,0.324933,0.324933,0.324933,,,0.0,,,,,,,,,,,,,,,,,
Unknown,Unknown,./Data\Physical_Interaction\Topology_B\4-Group_dataset\physicalInteraction6_group.csv,59.0,0.0,59.0,59.0,59.0,,,0.0,2.0,0.324933,,0.324933,0.324933,0.324933,,,0.0,59.0,0.0,59,59,59.0,,,0.0,2,0.324933,,0.324933,0.324933,0.324933,,,0.0,,,,,,,,,,,,,,,,,
Unknown,Unknown,./Data\Physical_Interaction\Topology_B\4-Group_dataset\physicalInteraction6_group.csv,38.9,29.801006694405473,71.0,5.0,53.0,-2.2013446423462275,-0.34743966293078454,27.119999999999997,10.0,0.2991591111111111,0.6168231756701924,1.862311,0.00504,0.026584,6.565256803773417,2.5367215223991813,0.41404750617283953,32.93333333333333,28.006291810098336,71,5,45.0,-2.0303791554180535,0.06422225369022676,26.07111111111111,15,0.19231657142857142,0.5062085569908171,1.862311,0.001793,0.0063809999999999995,10.730005946935758,3.2208576050437014,0.29669983673469386,16.428571428571427,19.518001458970662,45.0,5.0,5.0,-0.8399999999999999,1.2296340919151518,16.3265306122449,7.0,0.014566500000000001,0.011045217440141227,0.03217,0.00504,0.0102685,-0.614833349120091,1.0145117744644734,0.009042
Unknown,Unknown,./Data\Physical_Interaction\Topology_B\4-Group_dataset\physicalInteraction6_group.csv,40.1,30.399013141876825,71.0,5.0,59.0,-2.233766045897073,-0.43793081414876084,28.079999999999995,10.0,0.1476028888888889,0.23271718383772416,0.599221,0.00504,0.026584,0.7844241004077137,1.542881999125067,0.17829338271604941,33.733333333333334,28.601864741073555,71,5,45.0,-2.1109827215671126,0.016029074857484015,26.817777777777778,15,0.09488757142857143,0.19671653319227345,0.599221,0.001793,0.0063809999999999995,3.665087049817722,2.2000281250242266,0.13636732653061226,16.428571428571427,19.518001458970662,45.0,5.0,5.0,-0.8399999999999999,1.2296340919151518,16.3265306122449,7.0,0.014566500000000001,0.011045217440141227,0.03217,0.00504,0.0102685,-0.614833349120091,1.0145117744644734,0.009042
Unknown,Unknown,./Data\Physical_Interaction\Topology_B\4-Group_dataset\physicalInteraction6_group.csv,40.1,30.399013141876825,71.0,5.0,59.0,-2.233766045897073,-0.43793081414876084,28.079999999999995,10.0,0.1476028888888889,0.23271718383772416,0.599221,0.00504,0.026584,0.7844241004077137,1.542881999125067,0.17829338271604941,33.733333333333334,28.601864741073555,71,5,45.0,-2.1109827215671126,0.016029074857484015,26.817777777777778,15,0.09488757142857143,0.19671653319227345,0.599221,0.001793,0.0063809999999999995,3.665087049817722,2.2000281250242266,0.13636732653061226,16.428571428571427,19.518001458970662,45.0,5.0,5.0,-0.8399999999999999,1.2296340919151518,16.3265306122449,7.0,0.014566500000000001,0.011045217440141227,0.03217,0.00504,0.0102685,-0.614833349120091,1.0145117744644734,0.009042
Unknown,Unknown,./Data\Physical_Interaction\Topology_B\4-Group_dataset\physicalInteraction6_group.csv,59.0,0.0,59.0,59.0,59.0,,0.0,0.0,3.0,1.178848,1.2069959201463771,2.032323,0.325373,1.178848,,,0.853475,59.0,0.0,59,59,59.0,,0.0,0.0,3,1.178848,1.2069959201463771,2.032323,0.325373,1.178848,,,0.853475,,,,,,,,,,,,,,,,,
Unknown,Unknown,./Data\Physical_Interaction\Topology_B\4-Group_dataset\physicalInteraction6_group.csv,59.0,0.0,59.0,59.0,59.0,,0.0,0.0,3.0,0.322774,0.0036755410486076995,0.325373,0.320175,0.322774,,,0.002599000000000018,59.0,0.0,59,59,59.0,,0.0,0.0,3,0.322774,0.0036755410486076995,0.325373,0.320175,0.322774,,,0.002599000000000018,,,,,,,,,,,,,,,,,
Unknown,Unknown,./Data\Physical_Interaction\Topology_B\4-Group_dataset\physicalInteraction6_group.csv,59.0,0.0,59.0,59.0,59.0,,0.0,0.0,3.0,0.322774,0.0036755410486076995,0.325373,0.320175,0.322774,,,0.002599000000000018,59.0,0.0,59,59,59.0,,0.0,0.0,3,0.322774,0.0036755410486076995,0.325373,0.320175,0.322774,,,0.002599000000000018,,,,,,,,,,,,,,,,,
Unknown,Unknown,./Data\Physical_Interaction\Topology_B\4-Group_dataset\physicalInteraction6_group.csv,59.0,0.0,59.0,59.0,59.0,,,0.0,2.0,0.328055,,0.328055,0.328055,0.328055,,,0.0,59.0,0.0,59,59,59.0,,,0.0,2,0.328055,,0.328055,0.328055,0.328055,,,0.0,,,,,,,,,,,,,,,,,
Unknown,Unknown,./Data\Physical_Interaction\Topology_B\4-Group_dataset\physicalInteraction6_group.csv,56.6,5.366563145999495,59.0,47.0,59.0,5.000000000000005,-2.236067977499791,3.839999999999999,5.0,0.2416845,0.13432605871907358,0.328055,0.043167,0.29775799999999997,3.3662908086213577,-1.832677049623644,0.09925875,56.6,5.366563145999495,59,47,59.0,5.000000000000005,-2.236067977499791,3.839999999999999,5,0.2416845,0.13432605871907358,0.328055,0.043167,0.29775799999999997,3.3662908086213577,-1.832677049623644,0.09925875,,,,,,,,,,,,,,,,,
Unknown,Unknown,./Data\Physical_Interaction\Topology_B\4-Group_dataset\physicalInteraction6_group.csv,56.6,5.366563145999495,59.0,47.0,59.0,5.000000000000005,-2.236067977499791,3.839999999999999,5.0,0.2416845,0.13432605871907358,0.328055,0.043167,0.29775799999999997,3.3662908086213577,-1.832677049623644,0.09925875,56.6,5.366563145999495,59,47,59.0,5.000000000000005,-2.236067977499791,3.839999999999999,5,0.2416845,0.13432605871907358,0.328055,0.043167,0.29775799999999997,3.3662908086213577,-1.832677049623644,0.09925875,,,,,,,,,,,,,,,,,
Unknown,Unknown,./Data\Physical_Interaction\Topology_B\4-Group_dataset\physicalInteraction6_group.csv,59.0,7.58946638440411,71.0,47.0,59.0,2.5,0.0,4.0,6.0,0.5614768,0.8309473470820519,2.034248,0.043167,0.275702,4.641552132115896,2.133764740710531,0.5891084799999999,59.0,7.58946638440411,71,47,59.0,2.5,0.0,4.0,6,0.5614768,0.8309473470820519,2.034248,0.043167,0.275702,4.641552132115896,2.133764740710531,0.5891084799999999,,,,,,,,,,,,,,,,,
Unknown,Unknown,./Data\Physical_Interaction\Topology_B\4-Group_dataset\physicalInteraction6_group.csv,62.0,6.0,71.0,59.0,59.0,4.0,1.9999999999999998,4.5,4.0,0.21519566666666665,0.09952604816998077,0.324488,0.129779,0.19132,,1.0173960749384445,0.07286155555555555,62.0,6.0,71,59,59.0,4.0,1.9999999999999998,4.5,4,0.21519566666666665,0.09952604816998077,0.324488,0.129779,0.19132,,1.0173960749384445,0.07286155555555555,,,,,,,,,,,,,,,,,
Unknown,Unknown,./Data\Physical_Interaction\Topology_B\4-Group_dataset\physicalInteraction6_group.csv,62.0,6.0,71.0,59.0,59.0,4.0,1.9999999999999998,4.5,4.0,0.21519566666666665,0.09952604816998077,0.324488,0.129779,0.19132,,1.0173960749384445,0.07286155555555555,62.0,6.0,71,59,59.0,4.0,1.9999999999999998,4.5,4,0.21519566666666665,0.09952604816998077,0.324488,0.129779,0.19132,,1.0173960749384445,0.07286155555555555,,,,,,,,,,,,,,,,,
Unknown,Unknown,./Data\Physical_Interaction\Topology_B\4-Group_dataset\physicalInteraction6_group.csv,59.0,0.0,59.0,59.0,59.0,,,0.0,2.0,0.326848,,0.326848,0.326848,0.326848,,,0.0,59.0,0.0,59,59,59.0,,,0.0,2,0.326848,,0.326848,0.326848,0.326848,,,0.0,,,,,,,,,,,,,,,,,
Unknown,Unknown,./Data\Physical_Interaction\Topology_B\4-Group_dataset\physicalInteraction6_group.csv,59.0,0.0,59.0,59.0,59.0,,,0.0,2.0,0.326848,,0.326848,0.326848,0.326848,,,0.0,59.0,0.0,59,59,59.0,,,0.0,2,0.326848,,0.326848,0.326848,0.326848,,,0.0,,,,,,,,,,,,,,,,,
Unknown,Unknown,./Data\Physical_Interaction\Topology_B\4-Group_dataset\physicalInteraction6_group.csv,59.0,0.0,59.0,59.0,59.0,,,0.0,2.0,0.326848,,0.326848,0.326848,0.326848,,,0.0,59.0,0.0,59,59,59.0,,,0.0,2,0.326848,,0.326848,0.326848,0.326848,,,0.0,,,,,,,,,,,,,,,,,
Unknown,Unknown,./Data\Physical_Interaction\Topology_B\4-Group_dataset\physicalInteraction6_group.csv,59.0,0.0,59.0,59.0,59.0,,,0.0,2.0,0.318496,,0.318496,0.318496,0.318496,,,0.0,59.0,0.0,59,59,59.0,,,0.0,2,0.318496,,0.318496,0.318496,0.318496,,,0.0,,,,,,,,,,,,,,,,,
Unknown,Unknown,./Data\Physical_Interaction\Topology_B\4-Group_dataset\physicalInteraction6_group.csv,56.6,5.366563145999495,59.0,47.0,59.0,5.000000000000007,-2.236067977499791,3.839999999999999,5.0,0.26914725,0.10010071539995773,0.320177,0.119,0.318706,3.9989854296965675,-1.9996940855544172,0.07507362499999999,56.6,5.366563145999495,59,47,59.0,5.000000000000007,-2.236067977499791,3.839999999999999,5,0.26914725,0.10010071539995773,0.320177,0.119,0.318706,3.9989854296965675,-1.9996940855544172,0.07507362499999999,,,,,,,,,,,,,,,,,
Unknown,Unknown,./Data\Physical_Interaction\Topology_B\4-Group_dataset\physicalInteraction6_group.csv,56.6,5.366563145999495,59.0,47.0,59.0,5.000000000000007,-2.236067977499791,3.839999999999999,5.0,0.26914725,0.10010071539995773,0.320177,0.119,0.318706,3.9989854296965675,-1.9996940855544172,0.07507362499999999,56.6,5.366563145999495,59,47,59.0,5.000000000000007,-2.236067977499791,3.839999999999999,5,0.26914725,0.10010071539995773,0.320177,0.119,0.318706,3.9989854296965675,-1.9996940855544172,0.07507362499999999,,,,,,,,,,,,,,,,,
Unknown,Unknown,./Data\Physical_Interaction\Topology_B\4-Group_dataset\physicalInteraction6_group.csv,40.15384615384615,29.458575870324967,71.0,5.0,59.0,-2.021928432709765,-0.42544010150716705,27.04142011834319,13.0,0.2386859166666667,0.4670162147368914,1.558949,0.003431,0.021276,6.28942509035028,2.4953491544672897,0.3153612083333334,36.52173913043478,26.68140238446212,71,5,47.0,-1.8282956006792512,-0.2766978238713623,24.669187145557657,23,0.1301923181818182,0.3591540129582806,1.558949,0.000936,0.004791500000000001,12.910043715907273,3.5100217579774107,0.20160436776859506,27.333333333333332,23.453370889077032,52.0,5.0,25.0,-2.383281912437764,0.03572629979308811,22.333333333333332,12.0,0.01229309090909091,0.013029370364331085,0.048944,0.003335,0.009282,7.4440646571416265,2.5914145618837927,0.008069586776859504
Unknown,Unknown,./Data\Physical_Interaction\Topology_B\4-Group_dataset\physicalInteraction6_group.csv,35.7,32.41758781896025,71.0,5.0,34.0,-2.5451966418956182,0.012701690756005184,30.7,10.0,0.0962338888888889,0.2378161702378775,0.729099,0.003431,0.012304,8.893010271050423,2.976628703001829,0.1406366913580247,33.75,27.518175811634027,71,5,45.0,-1.961071115893842,-0.02630656385421201,25.875,20,0.045584473684210536,0.1658726658033433,0.729099,0.000936,0.003673,18.810036814524246,4.328894700567744,0.0723025318559557,27.333333333333332,23.453370889077032,52.0,5.0,25.0,-2.383281912437764,0.03572629979308811,22.333333333333332,12.0,0.01229309090909091,0.013029370364331085,0.048944,0.003335,0.009282,7.4440646571416265,2.5914145618837927,0.008069586776859504
Unknown,Unknown,./Data\Physical_Interaction\Topology_B\4-Group_dataset\physicalInteraction6_group.csv,35.7,32.41758781896025,71.0,5.0,34.0,-2.5451966418956182,0.012701690756005184,30.7,10.0,0.0962338888888889,0.2378161702378775,0.729099,0.003431,0.012304,8.893010271050423,2.976628703001829,0.1406366913580247,33.75,27.518175811634027,71,5,45.0,-1.961071115893842,-0.02630656385421201,25.875,20,0.045584473684210536,0.1658726658033433,0.729099,0.000936,0.003673,18.810036814524246,4.328894700567744,0.0723025318559557,27.333333333333332,23.453370889077032,52.0,5.0,25.0,-2.383281912437764,0.03572629979308811,22.333333333333332,12.0,0.01229309090909091,0.013029370364331085,0.048944,0.003335,0.009282,7.4440646571416265,2.5914145618837927,0.008069586776859504
Unknown,Unknown,./Data\Physical_Interaction\Topology_B\4-Group_dataset\physicalInteraction6_group.csv,59.0,0.0,59.0,59.0,59.0,,,0.0,2.0,0.318897,,0.318897,0.318897,0.318897,,,0.0,59.0,0.0,59,59,59.0,,,0.0,2,0.318897,,0.318897,0.318897,0.318897,,,0.0,,,,,,,,,,,,,,,,,
Unknown,Unknown,./Data\Physical_Interaction\Topology_B\4-Group_dataset\physicalInteraction6_group.csv,59.0,0.0,59.0,59.0,59.0,,,0.0,2.0,0.318897,,0.318897,0.318897,0.318897,,,0.0,59.0,0.0,59,59,59.0,,,0.0,2,0.318897,,0.318897,0.318897,0.318897,,,0.0,,,,,,,,,,,,,,,,,
Unknown,Unknown,./Data\Physical_Interaction\Topology_B\4-Group_dataset\physicalInteraction6_group.csv,59.0,0.0,59.0,59.0,59.0,0.0,0.0,0.0,4.0,0.893192,0.9939262001421433,2.040879,0.318897,0.3198,,1.7320491992197218,0.7651246666666666,59.0,0.0,59,59,59.0,0.0,0.0,0.0,4,0.893192,0.9939262001421433,2.040879,0.318897,0.3198,,1.7320491992197218,0.7651246666666666,,,,,,,,,,,,,,,,,
Unknown,Unknown,./Data\Physical_Interaction\Topology_B\4-Group_dataset\physicalInteraction6_group.csv,59.0,0.0,59.0,59.0,59.0,0.0,0.0,0.0,4.0,0.3197386666666666,0.00046802385979063704,0.320173,0.319243,0.3198,,-0.5795861183230983,0.00033044444444444804,59.0,0.0,59,59,59.0,0.0,0.0,0.0,4,0.3197386666666666,0.00046802385979063704,0.320173,0.319243,0.3198,,-0.5795861183230983,0.00033044444444444804,,,,,,,,,,,,,,,,,
Unknown,Unknown,./Data\Physical_Interaction\Topology_B\4-Group_dataset\physicalInteraction6_group.csv,59.0,0.0,59.0,59.0,59.0,0.0,0.0,0.0,4.0,0.3197386666666666,0.00046802385979063704,0.320173,0.319243,0.3198,,-0.5795861183230983,0.00033044444444444804,59.0,0.0,59,59,59.0,0.0,0.0,0.0,4,0.3197386666666666,0.00046802385979063704,0.320173,0.319243,0.3198,,-0.5795861183230983,0.00033044444444444804,,,,,,,,,,,,,,,,,
Unknown,Unknown,./Data\Physical_Interaction\Topology_B\4-Group_dataset\physicalInteraction6_group.csv,59.0,0.0,59.0,59.0,59.0,,,0.0,2.0,0.319243,,0.319243,0.319243,0.319243,,,0.0,59.0,0.0,59,59,59.0,,,0.0,2,0.319243,,0.319243,0.319243,0.319243,,,0.0,,,,,,,,,,,,,,,,,
Unknown,Unknown,./Data\Physical_Interaction\Topology_B\4-Group_dataset\physicalInteraction6_group.csv,59.0,0.0,59.0,59.0,59.0,,,0.0,2.0,0.322401,,0.322401,0.322401,0.322401,,,0.0,59.0,0.0,59,59,59.0,,,0.0,2,0.322401,,0.322401,0.322401,0.322401,,,0.0,,,,,,,,,,,,,,,,,
Unknown,Unknown,./Data\Physical_Interaction\Topology_B\4-Group_dataset\physicalInteraction6_group.csv,59.0,0.0,59.0,59.0,59.0,,0.0,0.0,3.0,0.3215925,0.001143391665178633,0.322401,0.320784,0.3215925,,,0.0008084999999999898,59.0,0.0,59,59,59.0,,0.0,0.0,3,0.3215925,0.001143391665178633,0.322401,0.320784,0.3215925,,,0.0008084999999999898,,,,,,,,,,,,,,,,,
Unknown,Unknown,./Data\Physical_Interaction\Topology_B\4-Group_dataset\physicalInteraction6_group.csv,59.0,0.0,59.0,59.0,59.0,,0.0,0.0,3.0,0.3215925,0.001143391665178633,0.322401,0.320784,0.3215925,,,0.0008084999999999898,59.0,0.0,59,59,59.0,,0.0,0.0,3,0.3215925,0.001143391665178633,0.322401,0.320784,0.3215925,,,0.0008084999999999898,,,,,,,,,,,,,,,,,
Unknown,Unknown,./Data\Physical_Interaction\Topology_B\4-Group_dataset\physicalInteraction6_group.csv,59.0,0.0,59.0,59.0,59.0,,0.0,0.0,3.0,1.3380139999999998,1.4398560826860438,2.356146,0.319882,1.3380139999999998,,,1.018132,59.0,0.0,59,59,59.0,,0.0,0.0,3,1.3380139999999998,1.4398560826860438,2.356146,0.319882,1.3380139999999998,,,1.018132,,,,,,,,,,,,,,,,,
Unknown,Unknown,./Data\Physical_Interaction\Topology_B\4-Group_dataset\physicalInteraction6_group.csv,59.0,0.0,59.0,59.0,59.0,,0.0,0.0,3.0,0.485695,0.23449499341777,0.651508,0.319882,0.485695,,,0.165813,59.0,0.0,59,59,59.0,,0.0,0.0,3,0.485695,0.23449499341777,0.651508,0.319882,0.485695,,,0.165813,,,,,,,,,,,,,,,,,
Unknown,Unknown,./Data\Physical_Interaction\Topology_B\4-Group_dataset\physicalInteraction6_group.csv,59.0,0.0,59.0,59.0,59.0,,0.0,0.0,3.0,0.485695,0.23449499341777,0.651508,0.319882,0.485695,,,0.165813,59.0,0.0,59,59,59.0,,0.0,0.0,3,0.485695,0.23449499341777,0.651508,0.319882,0.485695,,,0.165813,,,,,,,,,,,,,,,,,
Unknown,Unknown,./Data\Physical_Interaction\Topology_B\4-Group_dataset\physicalInteraction6_group.csv,34.888888888888886,28.811648878728047,66.0,5.0,47.0,-2.4525418381802093,-0.16575734400009223,26.567901234567902,9.0,0.253989125,0.453826500852926,1.331997,0.007231,0.033492499999999994,6.138830803470132,2.4219688393119965,0.29237465625000003,33.285714285714285,26.148771324064956,66,5,45.0,-2.0515772336058578,-0.14146276514724984,24.244897959183675,14,0.156301,0.3696503002084088,1.331997,0.001791,0.008923,10.224440557918742,3.1189156784054255,0.22500969230769227,26.166666666666668,23.327380192954948,52.0,5.0,25.0,-3.1788471631696327,0.05082460570593674,21.166666666666668,6.0,0.0197308,0.013377185791488432,0.040063,0.009726,0.011325,-0.38611070638963163,1.119893984254995,0.010970959999999998
Unknown,Unknown,./Data\Physical_Interaction\Topology_B\4-Group_dataset\physicalInteraction6_group.csv,39.7,30.088942228739853,71.0,5.0,59.0,-2.222769860489746,-0.42856092233937554,27.76,10.0,0.11341655555555555,0.12327655698176267,0.322081,0.007231,0.044575,-0.995864130264315,0.8344787744031993,0.10369683950617284,36.6,27.541656761038492,71,5,45.0,-1.9668257098533575,-0.2613638585291229,25.279999999999994,15,0.07291064285714285,0.11177455261277369,0.322081,0.001791,0.010124000000000001,0.8723986987388361,1.4938628627772046,0.08980848979591836,26.166666666666668,23.327380192954948,52.0,5.0,25.0,-3.1788471631696327,0.05082460570593674,21.166666666666668,6.0,0.0197308,0.013377185791488432,0.040063,0.009726,0.011325,-0.38611070638963163,1.119893984254995,0.010970959999999998
Unknown,Unknown,./Data\Physical_Interaction\Topology_B\4-Group_dataset\physicalInteraction6_group.csv,39.7,30.088942228739853,71.0,5.0,59.0,-2.222769860489746,-0.42856092233937554,27.76,10.0,0.11341655555555555,0.12327655698176267,0.322081,0.007231,0.044575,-0.995864130264315,0.8344787744031993,0.10369683950617284,36.6,27.541656761038492,71,5,45.0,-1.9668257098533575,-0.2613638585291229,25.279999999999994,15,0.07291064285714285,0.11177455261277369,0.322081,0.001791,0.010124000000000001,0.8723986987388361,1.4938628627772046,0.08980848979591836,26.166666666666668,23.327380192954948,52.0,5.0,25.0,-3.1788471631696327,0.05082460570593674,21.166666666666668,6.0,0.0197308,0.013377185791488432,0.040063,0.009726,0.011325,-0.38611070638963163,1.119893984254995,0.010970959999999998
Unknown,Unknown,./Data\Physical_Interaction\Topology_B\4-Group_dataset\physicalInteraction6_group.csv,65.0,8.48528137423857,71.0,59.0,65.0,,,6.0,2.0,0.126486,,0.126486,0.126486,0.126486,,,0.0,65.0,8.48528137423857,71,59,65.0,,,6.0,2,0.126486,,0.126486,0.126486,0.126486,,,0.0,,,,,,,,,,,,,,,,,
Unknown,Unknown,./Data\Physical_Interaction\Topology_B\4-Group_dataset\physicalInteraction6_group.csv,59.0,0.0,59.0,59.0,59.0,,,0.0,2.0,0.327488,,0.327488,0.327488,0.327488,,,0.0,59.0,0.0,59,59,59.0,,,0.0,2,0.327488,,0.327488,0.327488,0.327488,,,0.0,,,,,,,,,,,,,,,,,
Unknown,Unknown,./Data\Physical_Interaction\Topology_B\4-Group_dataset\physicalInteraction6_group.csv,56.0,6.0,59.0,47.0,59.0,4.0,-1.9999999999999998,4.5,4.0,0.4418046666666667,0.17182075495216909,0.639395,0.327488,0.358531,,1.6686627803952072,0.13172688888888892,56.0,6.0,59,47,59.0,4.0,-1.9999999999999998,4.5,4,0.4418046666666667,0.17182075495216909,0.639395,0.327488,0.358531,,1.6686627803952072,0.13172688888888892,,,,,,,,,,,,,,,,,
Unknown,Unknown,./Data\Physical_Interaction\Topology_B\4-Group_dataset\physicalInteraction6_group.csv,56.0,6.0,59.0,47.0,59.0,4.0,-1.9999999999999998,4.5,4.0,0.4418046666666667,0.17182075495216909,0.639395,0.327488,0.358531,,1.6686627803952072,0.13172688888888892,56.0,6.0,59,47,59.0,4.0,-1.9999999999999998,4.5,4,0.4418046666666667,0.17182075495216909,0.639395,0.327488,0.358531,,1.6686627803952072,0.13172688888888892,,,,,,,,,,,,,,,,,
Unknown,Unknown,./Data\Physical_Interaction\Topology_B\4-Group_dataset\physicalInteraction6_group.csv,56.0,6.0,59.0,47.0,59.0,4.0,-1.9999999999999998,4.5,4.0,0.7866413333333333,0.7711902230917695,1.676918,0.324475,0.358531,,1.7282516338448985,0.5935177777777777,56.0,6.0,59,47,59.0,4.0,-1.9999999999999998,4.5,4,0.7866413333333333,0.7711902230917695,1.676918,0.324475,0.358531,,1.7282516338448985,0.5935177777777777,,,,,,,,,,,,,,,,,
Unknown,Unknown,./Data\Physical_Interaction\Topology_B\4-Group_dataset\physicalInteraction6_group.csv,62.0,6.0,71.0,59.0,59.0,4.0,1.9999999999999998,4.5,4.0,0.21415933333333334,0.09757197082325096,0.324475,0.139174,0.178829,,1.4157890113668707,0.07354377777777779,62.0,6.0,71,59,59.0,4.0,1.9999999999999998,4.5,4,0.21415933333333334,0.09757197082325096,0.324475,0.139174,0.178829,,1.4157890113668707,0.07354377777777779,,,,,,,,,,,,,,,,,
Unknown,Unknown,./Data\Physical_Interaction\Topology_B\4-Group_dataset\physicalInteraction6_group.csv,62.0,6.0,71.0,59.0,59.0,4.0,1.9999999999999998,4.5,4.0,0.21415933333333334,0.09757197082325096,0.324475,0.139174,0.178829,,1.4157890113668707,0.07354377777777779,62.0,6.0,71,59,59.0,4.0,1.9999999999999998,4.5,4,0.21415933333333334,0.09757197082325096,0.324475,0.139174,0.178829,,1.4157890113668707,0.07354377777777779,,,,,,,,,,,,,,,,,
Unknown,Unknown,./Data\Physical_Interaction\Topology_B\4-Group_dataset\physicalInteraction6_group.csv,65.0,8.48528137423857,71.0,59.0,65.0,,,6.0,2.0,0.139174,,0.139174,0.139174,0.139174,,,0.0,65.0,8.48528137423857,71,59,65.0,,,6.0,2,0.139174,,0.139174,0.139174,0.139174,,,0.0,,,,,,,,,,,,,,,,,
Unknown,Unknown,./Data\Physical_Interaction\Topology_B\4-Group_dataset\physicalInteraction6_group.csv,59.0,0.0,59.0,59.0,59.0,,,0.0,2.0,0.327314,,0.327314,0.327314,0.327314,,,0.0,59.0,0.0,59,59,59.0,,,0.0,2,0.327314,,0.327314,0.327314,0.327314,,,0.0,,,,,,,,,,,,,,,,,
Unknown,Unknown,./Data\Physical_Interaction\Topology_B\4-Group_dataset\physicalInteraction6_group.csv,59.0,0.0,59.0,59.0,59.0,,0.0,0.0,3.0,0.3226255,0.006630540287186234,0.327314,0.317937,0.3226255,,,0.004688499999999984,59.0,0.0,59,59,59.0,,0.0,0.0,3,0.3226255,0.006630540287186234,0.327314,0.317937,0.3226255,,,0.004688499999999984,,,,,,,,,,,,,,,,,
Unknown,Unknown,./Data\Physical_Interaction\Topology_B\4-Group_dataset\physicalInteraction6_group.csv,59.0,0.0,59.0,59.0,59.0,,0.0,0.0,3.0,0.3226255,0.006630540287186234,0.327314,0.317937,0.3226255,,,0.004688499999999984,59.0,0.0,59,59,59.0,,0.0,0.0,3,0.3226255,0.006630540287186234,0.327314,0.317937,0.3226255,,,0.004688499999999984,,,,,,,,,,,,,,,,,
Unknown,Unknown,./Data\Physical_Interaction\Topology_B\4-Group_dataset\physicalInteraction6_group.csv,59.0,0.0,59.0,59.0,59.0,,0.0,0.0,3.0,1.339432,1.4365666219399642,2.355238,0.323626,1.339432,,,1.015806,59.0,0.0,59,59,59.0,,0.0,0.0,3,1.339432,1.4365666219399642,2.355238,0.323626,1.339432,,,1.015806,,,,,,,,,,,,,,,,,
Unknown,Unknown,./Data\Physical_Interaction\Topology_B\4-Group_dataset\physicalInteraction6_group.csv,49.125,18.810616303414562,60.0,5.0,59.0,5.6243312197249224,-2.3138345038022523,12.59375,8.0,0.20462785714285717,0.17574518604258513,0.467998,0.009215,0.215582,-1.5329831482035994,0.26812331763575636,0.14587187755102038,41.18181818181818,23.827791260703044,60,5,50.0,-0.9377469954434967,-1.010667756572326,19.735537190082646,11,0.14323950000000002,0.17385872627589843,0.467998,0.001822,0.044931,-0.7728927125739675,0.8827986130948142,0.15085659999999998,20.0,25.98076211353316,50.0,5.0,5.0,,1.7320508075688774,20.0,3.0,0.031227500000000002,0.025793134057341696,0.049466,0.012989,0.031227500000000002,,,0.0182385
Unknown,Unknown,./Data\Physical_Interaction\Topology_B\4-Group_dataset\physicalInteraction6_group.csv,53.888888888888886,22.66850482742766,92.0,5.0,59.0,3.3763805100354496,-0.8521421889787449,14.370370370370372,9.0,0.20689812500000002,0.1628350844114003,0.467998,0.009215,0.219186,-1.0697974777275996,0.21966404378181656,0.12934059374999998,45.416666666666664,27.04359555617671,92,5,54.5,-0.234235909435085,-0.46193423674491657,20.277777777777782,12,0.15047136363636365,0.1666717414568365,0.467998,0.001822,0.049466,-0.8225560981137829,0.7358379265548849,0.14503166942148762,20.0,25.98076211353316,50.0,5.0,5.0,,1.7320508075688774,20.0,3.0,0.031227500000000002,0.025793134057341696,0.049466,0.012989,0.031227500000000002,,,0.0182385
Unknown,Unknown,./Data\Physical_Interaction\Topology_B\4-Group_dataset\physicalInteraction6_group.csv,42.76923076923077,28.766745402037422,92.0,5.0,47.0,-0.9675399418261961,-0.2548957663858729,23.24260355029586,13.0,0.17088141666666667,0.2867421213267985,0.96626,0.007145,0.033882999999999996,5.57435490611733,2.3249659388699424,0.1981840555555556,34.77777777777778,29.244517948931204,92,5,45.0,-1.3448444813376152,0.21432937386932824,26.469135802469136,18,0.12062217647058826,0.2507573027050347,0.96626,0.001822,0.011464,8.504458942493644,2.8382847940622224,0.16333168166089967,14.444444444444445,18.78237944930774,50.0,5.0,5.0,0.8643437286874569,1.6391640717245695,14.69135802469136,9.0,0.25098475,0.6546415580454806,1.870808,0.009604,0.0160105,7.990128335976937,2.826125959349272,0.4049558125
Unknown,Unknown,./Data\Physical_Interaction\Topology_B\4-Group_dataset\physicalInteraction6_group.csv,44.0,34.72751070837067,92.0,5.0,54.0,-1.8013595844515873,-0.1372311241332594,29.25,8.0,0.272603,0.44105999082891206,0.96626,0.007145,0.021431,-0.7287470490124592,1.246414064704916,0.3681142857142857,36.2,34.762048271067115,92,5,25.0,-1.7670188166658254,0.36509782028824145,31.2,10,0.21202455555555555,0.4004037198738016,0.96626,0.002399,0.011464,0.8438687527993407,1.635019790861379,0.3132348641975309,11.666666666666666,16.32993161855452,45.0,5.0,5.0,6.0,2.449489742783178,11.111111111111112,6.0,0.014923000000000002,0.0067840385464706795,0.024875,0.009604,0.011464,-1.0262914381602162,0.9551481382741916,0.0056244
Unknown,Unknown,./Data\Physical_Interaction\Topology_B\4-Group_dataset\physicalInteraction6_group.csv,37.142857142857146,31.114994088748546,71.0,5.0,45.0,-2.581694579324835,-0.14726771323773216,27.551020408163264,7.0,0.15699349999999998,0.34809484927803797,0.867346,0.007145,0.0164475,5.988556173376333,2.446503341593735,0.23678416666666666,30.0,30.44667469527666,71,5,5.0,-2.172843662239458,0.43711174704694755,27.77777777777778,9,0.11774512499999999,0.3029863545364178,0.867346,0.002399,0.009334499999999999,7.983833167053062,2.8246404990480602,0.18740021875,11.666666666666666,16.32993161855452,45.0,5.0,5.0,6.0,2.449489742783178,11.111111111111112,6.0,0.014923000000000002,0.0067840385464706795,0.024875,0.009604,0.011464,-1.0262914381602162,0.9551481382741916,0.0056244
Unknown,Unknown,./Data\Physical_Interaction\Topology_B\4-Group_dataset\physicalInteraction6_group.csv,59.0,0.0,59.0,59.0,59.0,,,0.0,2.0,0.319304,,0.319304,0.319304,0.319304,,,0.0,59.0,0.0,59,59,59.0,,,0.0,2,0.319304,,0.319304,0.319304,0.319304,,,0.0,,,,,,,,,,,,,,,,,
Unknown,Unknown,./Data\Physical_Interaction\Topology_B\4-Group_dataset\physicalInteraction6_group.csv,59.0,0.0,59.0,59.0,59.0,,0.0,0.0,3.0,0.320216,0.0012897627688842966,0.321128,0.319304,0.320216,,,0.0009120000000000239,59.0,0.0,59,59,59.0,,0.0,0.0,3,0.320216,0.0012897627688842966,0.321128,0.319304,0.320216,,,0.0009120000000000239,,,,,,,,,,,,,,,,,
Unknown,Unknown,./Data\Physical_Interaction\Topology_B\4-Group_dataset\physicalInteraction6_group.csv,59.0,0.0,59.0,59.0,59.0,,0.0,0.0,3.0,0.320216,0.0012897627688842966,0.321128,0.319304,0.320216,,,0.0009120000000000239,59.0,0.0,59,59,59.0,,0.0,0.0,3,0.320216,0.0012897627688842966,0.321128,0.319304,0.320216,,,0.0009120000000000239,,,,,,,,,,,,,,,,,
Unknown,Unknown,./Data\Physical_Interaction\Topology_B\4-Group_dataset\physicalInteraction6_group.csv,59.0,0.0,59.0,59.0,59.0,,0.0,0.0,3.0,1.3433525,1.4378033517002595,2.360033,0.326672,1.3433525,,,1.0166805,59.0,0.0,59,59,59.0,,0.0,0.0,3,1.3433525,1.4378033517002595,2.360033,0.326672,1.3433525,,,1.0166805,,,,,,,,,,,,,,,,,
Unknown,Unknown,./Data\Physical_Interaction\Topology_B\4-Group_dataset\physicalInteraction6_group.csv,59.0,0.0,59.0,59.0,59.0,0.0,0.0,0.0,4.0,0.3252646666666667,0.004547373014536338,0.328942,0.32018,0.326672,,-1.2592826885836328,0.0033897777777777693,59.0,0.0,59,59,59.0,0.0,0.0,0.0,4,0.3252646666666667,0.004547373014536338,0.328942,0.32018,0.326672,,-1.2592826885836328,0.0033897777777777693,,,,,,,,,,,,,,,,,
Unknown,Unknown,./Data\Physical_Interaction\Topology_B\4-Group_dataset\physicalInteraction6_group.csv,59.0,0.0,59.0,59.0,59.0,0.0,0.0,0.0,4.0,0.3252646666666667,0.004547373014536338,0.328942,0.32018,0.326672,,-1.2592826885836328,0.0033897777777777693,59.0,0.0,59,59,59.0,0.0,0.0,0.0,4,0.3252646666666667,0.004547373014536338,0.328942,0.32018,0.326672,,-1.2592826885836328,0.0033897777777777693,,,,,,,,,,,,,,,,,
Unknown,Unknown,./Data\Physical_Interaction\Topology_B\4-Group_dataset\physicalInteraction6_group.csv,59.0,0.0,59.0,59.0,59.0,,,0.0,2.0,0.328942,,0.328942,0.328942,0.328942,,,0.0,59.0,0.0,59,59,59.0,,,0.0,2,0.328942,,0.328942,0.328942,0.328942,,,0.0,,,,,,,,,,,,,,,,,
Unknown,Unknown,./Data\Physical_Interaction\Topology_B\4-Group_dataset\physicalInteraction6_group.csv,65.0,8.48528137423857,71.0,59.0,65.0,,,6.0,2.0,2.469121,,2.469121,2.469121,2.469121,,,0.0,65.0,8.48528137423857,71,59,65.0,,,6.0,2,2.469121,,2.469121,2.469121,2.469121,,,0.0,,,,,,,,,,,,,,,,,
Unknown,Unknown,./Data\Physical_Interaction\Topology_B\4-Group_dataset\physicalInteraction6_group.csv,59.0,0.0,59.0,59.0,59.0,,,0.0,2.0,0.319649,,0.319649,0.319649,0.319649,,,0.0,59.0,0.0,59,59,59.0,,,0.0,2,0.319649,,0.319649,0.319649,0.319649,,,0.0,,,,,,,,,,,,,,,,,
Unknown,Unknown,./Data\Physical_Interaction\Topology_B\4-Group_dataset\physicalInteraction6_group.csv,59.0,0.0,59.0,59.0,59.0,0.0,0.0,0.0,4.0,0.320081,0.0004001649659827622,0.320439,0.319649,0.320155,,-0.8036997164974581,0.000287999999999992,59.0,0.0,59,59,59.0,0.0,0.0,0.0,4,0.320081,0.0004001649659827622,0.320439,0.319649,0.320155,,-0.8036997164974581,0.000287999999999992,,,,,,,,,,,,,,,,,
Unknown,Unknown,./Data\Physical_Interaction\Topology_B\4-Group_dataset\physicalInteraction6_group.csv,59.0,0.0,59.0,59.0,59.0,0.0,0.0,0.0,4.0,0.320081,0.0004001649659827622,0.320439,0.319649,0.320155,,-0.8036997164974581,0.000287999999999992,59.0,0.0,59,59,59.0,0.0,0.0,0.0,4,0.320081,0.0004001649659827622,0.320439,0.319649,0.320155,,-0.8036997164974581,0.000287999999999992,,,,,,,,,,,,,,,,,
Unknown,Unknown,./Data\Physical_Interaction\Topology_B\4-Group_dataset\physicalInteraction6_group.csv,59.0,0.0,59.0,59.0,59.0,,,0.0,2.0,0.320155,,0.320155,0.320155,0.320155,,,0.0,59.0,0.0,59,59,59.0,,,0.0,2,0.320155,,0.320155,0.320155,0.320155,,,0.0,,,,,,,,,,,,,,,,,
Unknown,Unknown,./Data\Physical_Interaction\Topology_B\4-Group_dataset\physicalInteraction6_group.csv,34.888888888888886,28.811648878728047,66.0,5.0,47.0,-2.4525418381802093,-0.16575734400009223,26.567901234567902,9.0,0.19544887500000002,0.30322603286913474,0.872936,0.006037,0.032409,3.873666501893018,1.9439176817807249,0.22298859375000002,34.666666666666664,25.75895590903889,66,5,45.0,-1.9638643609483484,-0.2788088239902358,23.733333333333334,15,0.11168507142857143,0.24344705510185108,0.870857,0.001791,0.0057215,7.87963707526755,2.731974040464159,0.16302382653061223,34.333333333333336,23.01014269114094,54.0,5.0,45.0,-1.8711620911137343,-0.8601639658962164,19.555555555555554,6.0,0.0171156,0.017527502069604784,0.048161,0.006039,0.011611,4.618497820450255,2.1262768380920556,0.012418160000000003
Unknown,Unknown,./Data\Physical_Interaction\Topology_B\4-Group_dataset\physicalInteraction6_group.csv,39.45454545454545,28.13312508898945,71.0,5.0,49.0,-1.903040195589485,-0.46230239267054113,25.057851239669425,11.0,0.2201258,0.2768085175571333,0.872936,0.006037,0.1336,2.809179647171316,1.6049582527110686,0.20412355999999998,37.64705882352941,25.81651887956282,71,5,47.0,-1.6740727951040764,-0.42281390309400974,23.044982698961938,17,0.137578625,0.24044178806379868,0.870857,0.001791,0.0072175,5.254426016453167,2.2078070447667217,0.17824948437500002,36.42857142857143,21.724465032593578,54.0,5.0,45.0,-0.9138844850437202,-1.1297026377261066,17.959183673469386,7.0,0.2217335,0.5014545649064329,1.244823,0.006039,0.0117115,5.979244783739887,2.444170146508462,0.3410298333333333
Unknown,Unknown,./Data\Physical_Interaction\Topology_B\4-Group_dataset\physicalInteraction6_group.csv,38.7,29.53735864215952,71.0,5.0,54.0,-2.1880395683469973,-0.36041992890420027,26.96,10.0,0.14759133333333332,0.1643525941436581,0.42282,0.006037,0.052353,-1.397707051808057,0.6280990703840864,0.14503703703703705,37.0625,26.54673551807579,71,5,47.0,-1.8140632005958344,-0.34610659683256917,24.046875,16,0.08869339999999999,0.14482505409670762,0.42282,0.001791,0.007197,0.649655126342437,1.4471192627916847,0.11843445333333333,36.42857142857143,21.724465032593578,54.0,5.0,45.0,-0.9138844850437202,-1.1297026377261066,17.959183673469386,7.0,0.2217335,0.5014545649064329,1.244823,0.006039,0.0117115,5.979244783739887,2.444170146508462,0.3410298333333333
Unknown,Unknown,./Data\Physical_Interaction\Topology_B\4-Group_dataset\physicalInteraction6_group.csv,59.666666666666664,11.015141094572204,71.0,49.0,59.0,,0.2713547618998603,7.5555555555555545,3.0,1.3856294999999998,1.3616182528816585,2.348439,0.42282,1.3856294999999998,,,0.9628095,59.666666666666664,11.015141094572204,71,49,59.0,,0.2713547618998603,7.5555555555555545,3,1.3856294999999998,1.3616182528816585,2.348439,0.42282,1.3856294999999998,,,0.9628095,,,,,,,,,,,,,,,,,
Unknown,Unknown,./Data\Physical_Interaction\Topology_B\4-Group_dataset\physicalInteraction6_group.csv,59.0,0.0,59.0,59.0,59.0,,,0.0,2.0,0.319817,,0.319817,0.319817,0.319817,,,0.0,59.0,0.0,59,59,59.0,,,0.0,2,0.319817,,0.319817,0.319817,0.319817,,,0.0,,,,,,,,,,,,,,,,,
Unknown,Unknown,./Data\Physical_Interaction\Topology_B\4-Group_dataset\physicalInteraction6_group.csv,59.0,0.0,59.0,59.0,59.0,,,0.0,2.0,0.319817,,0.319817,0.319817,0.319817,,,0.0,59.0,0.0,59,59,59.0,,,0.0,2,0.319817,,0.319817,0.319817,0.319817,,,0.0,,,,,,,,,,,,,,,,,
Unknown,Unknown,./Data\Physical_Interaction\Topology_B\4-Group_dataset\physicalInteraction6_group.csv,59.0,0.0,59.0,59.0,59.0,,,0.0,2.0,0.324863,,0.324863,0.324863,0.324863,,,0.0,59.0,0.0,59,59,59.0,,,0.0,2,0.324863,,0.324863,0.324863,0.324863,,,0.0,,,,,,,,,,,,,,,,,
Unknown,Unknown,./Data\Physical_Interaction\Topology_B\4-Group_dataset\physicalInteraction6_group.csv,59.0,0.0,59.0,59.0,59.0,0.0,0.0,0.0,4.0,0.32107,0.0034243529315770116,0.324863,0.318206,0.320141,,1.1309633391650964,0.002528666666666679,59.0,0.0,59,59,59.0,0.0,0.0,0.0,4,0.32107,0.0034243529315770116,0.324863,0.318206,0.320141,,1.1309633391650964,0.002528666666666679,,,,,,,,,,,,,,,,,
Unknown,Unknown,./Data\Physical_Interaction\Topology_B\4-Group_dataset\physicalInteraction6_group.csv,56.6,5.366563145999495,59.0,47.0,59.0,5.000000000000007,-2.236067977499791,3.839999999999999,5.0,0.4800265,0.3179252947328979,0.956896,0.318206,0.322502,3.9984469831930873,1.9995365893255974,0.23843475,56.6,5.366563145999495,59,47,59.0,5.000000000000007,-2.236067977499791,3.839999999999999,5,0.4800265,0.3179252947328979,0.956896,0.318206,0.322502,3.9984469831930873,1.9995365893255974,0.23843475,,,,,,,,,,,,,,,,,
Unknown,Unknown,./Data\Physical_Interaction\Topology_B\4-Group_dataset\physicalInteraction6_group.csv,68.0,26.60826939130014,107.0,47.0,59.0,3.264579143924159,1.7198680301759643,19.5,4.0,0.9330449999999999,0.6013333602196039,1.522098,0.320141,0.956896,,-0.17820506368687422,0.40860266666666667,68.0,26.60826939130014,107,47,59.0,3.264579143924159,1.7198680301759643,19.5,4,0.9330449999999999,0.6013333602196039,1.522098,0.320141,0.956896,,-0.17820506368687422,0.40860266666666667,,,,,,,,,,,,,,,,,
Unknown,Unknown,./Data\Physical_Interaction\Topology_B\4-Group_dataset\physicalInteraction6_group.csv,71.0,31.74901573277509,107.0,47.0,59.0,,1.457862967321305,24.0,3.0,0.8611305,0.9347492027878387,1.522098,0.200163,0.8611305,,,0.6609674999999999,71.0,31.74901573277509,107,47,59.0,,1.457862967321305,24.0,3,0.8611305,0.9347492027878387,1.522098,0.200163,0.8611305,,,0.6609674999999999,,,,,,,,,,,,,,,,,
Unknown,Unknown,./Data\Physical_Interaction\Topology_B\4-Group_dataset\physicalInteraction6_group.csv,83.0,33.94112549695428,107.0,59.0,83.0,,,24.0,2.0,0.200163,,0.200163,0.200163,0.200163,,,0.0,83.0,33.94112549695428,107,59,83.0,,,24.0,2,0.200163,,0.200163,0.200163,0.200163,,,0.0,,,,,,,,,,,,,,,,,
Unknown,Unknown,./Data\Physical_Interaction\Topology_B\4-Group_dataset\physicalInteraction6_group.csv,39.857142857142854,24.761721611044273,63.0,5.0,45.0,-1.1032288772366545,-0.921875052909706,19.918367346938773,7.0,0.4228636666666666,0.9696211461701247,2.40154,0.002761,0.0353635,5.98821877201617,2.446407492147808,0.6595587777777777,30.692307692307693,25.25333184415018,63,5,45.0,-2.168884400836833,-0.04213109503493077,23.71597633136095,13,0.21158374999999996,0.6899028612945348,2.40154,0.000939,0.0023030000000000004,11.977755046047205,3.459698460919206,0.3649927083333333,20.0,23.2379000772445,50.0,5.0,5.0,-1.875,0.9682458365518543,20.0,6.0,0.027013199999999998,0.022313201601294245,0.052862,0.003146,0.023218,-2.7210366259224683,0.21111961220603234,0.01838424
Unknown,Unknown,./Data\Physical_Interaction\Topology_B\4-Group_dataset\physicalInteraction6_group.csv,36.666666666666664,25.5003267952916,63.0,5.0,45.0,-1.8256991584952091,-0.6455991593720056,21.111111111111114,6.0,0.027128400000000004,0.025660265924187145,0.057214,0.002761,0.019443,-2.9309124086490908,0.38174560424026815,0.02169648,28.333333333333332,24.835214490474588,63,5,25.0,-2.1722236517791518,0.13245605477119843,23.333333333333332,12,0.012496818181818182,0.0193015302596358,0.052862,0.000939,0.002207,1.3658105522874049,1.6785548698078498,0.01489809917355372,20.0,23.2379000772445,50.0,5.0,5.0,-1.875,0.9682458365518543,20.0,6.0,0.027013199999999998,0.022313201601294245,0.052862,0.003146,0.023218,-2.7210366259224683,0.21111961220603234,0.01838424
Unknown,Unknown,./Data\Physical_Interaction\Topology_B\4-Group_dataset\physicalInteraction6_group.csv,36.666666666666664,25.5003267952916,63.0,5.0,45.0,-1.8256991584952091,-0.6455991593720056,21.111111111111114,6.0,0.027128400000000004,0.025660265924187145,0.057214,0.002761,0.019443,-2.9309124086490908,0.38174560424026815,0.02169648,28.333333333333332,24.835214490474588,63,5,25.0,-2.1722236517791518,0.13245605477119843,23.333333333333332,12,0.012496818181818182,0.0193015302596358,0.052862,0.000939,0.002207,1.3658105522874049,1.6785548698078498,0.01489809917355372,20.0,23.2379000772445,50.0,5.0,5.0,-1.875,0.9682458365518543,20.0,6.0,0.027013199999999998,0.022313201601294245,0.052862,0.003146,0.023218,-2.7210366259224683,0.21111961220603234,0.01838424
Unknown,Unknown,./Data\Physical_Interaction\Topology_B\4-Group_dataset\physicalInteraction6_group.csv,32.625,40.32701150770854,107.0,5.0,5.0,-0.284535174270772,1.0781277769408188,34.53125,8.0,0.012576285714285715,0.009804621915441816,0.033078,0.003337,0.008777,3.9682986946412697,1.8642215889133522,0.006596326530612246,34.5,30.343620319890096,107,5,45.0,-0.07332967609972396,0.6089095871780724,26.22222222222222,18,0.005300823529411765,0.006678845411402465,0.028788,0.000938,0.002495,10.385528926404772,3.0346548414654166,0.004154692041522492,33.18181818181818,22.564654581084028,54.0,5.0,45.0,-1.9421245510543006,-0.5910882308862319,20.49586776859504,11.0,0.0088321,0.008105194170681196,0.028788,0.001656,0.0069335,4.026611110524162,1.827954911934275,0.0056551200000000005
Unknown,Unknown,./Data\Physical_Interaction\Topology_B\4-Group_dataset\physicalInteraction6_group.csv,40.888888888888886,45.139905971447384,107.0,5.0,5.0,-1.5303732889771315,0.6524819880800407,39.876543209876544,9.0,0.1103875,0.27680077092894295,0.795066,0.003337,0.0107565,7.974041390571779,2.822413276465422,0.171169625,38.31578947368421,33.85599016681447,107,5,45.0,-0.2951233951012262,0.6414630334726353,28.055401662049857,19,0.049176666666666674,0.1862621701644028,0.795066,0.000938,0.002495,17.94816415440334,4.234110585932995,0.0828765925925926,33.18181818181818,22.564654581084028,54.0,5.0,45.0,-1.9421245510543006,-0.5910882308862319,20.49586776859504,11.0,0.0088321,0.008105194170681196,0.028788,0.001656,0.0069335,4.026611110524162,1.827954911934275,0.0056551200000000005
Unknown,Unknown,./Data\Physical_Interaction\Topology_B\4-Group_dataset\physicalInteraction6_group.csv,40.888888888888886,45.139905971447384,107.0,5.0,5.0,-1.5303732889771315,0.6524819880800407,39.876543209876544,9.0,0.1103875,0.27680077092894295,0.795066,0.003337,0.0107565,7.974041390571779,2.822413276465422,0.171169625,38.31578947368421,33.85599016681447,107,5,45.0,-0.2951233951012262,0.6414630334726353,28.055401662049857,19,0.049176666666666674,0.1862621701644028,0.795066,0.000938,0.002495,17.94816415440334,4.234110585932995,0.0828765925925926,33.18181818181818,22.564654581084028,54.0,5.0,45.0,-1.9421245510543006,-0.5910882308862319,20.49586776859504,11.0,0.0088321,0.008105194170681196,0.028788,0.001656,0.0069335,4.026611110524162,1.827954911934275,0.0056551200000000005
Unknown,Unknown,./Data\Physical_Interaction\Topology_B\4-Group_dataset\physicalInteraction6_group.csv,59.0,0.0,59.0,59.0,59.0,,,0.0,2.0,0.639664,,0.639664,0.639664,0.639664,,,0.0,59.0,0.0,59,59,59.0,,,0.0,2,0.639664,,0.639664,0.639664,0.639664,,,0.0,,,,,,,,,,,,,,,,,
Unknown,Unknown,./Data\Physical_Interaction\Topology_B\4-Group_dataset\physicalInteraction6_group.csv,59.0,0.0,59.0,59.0,59.0,,,0.0,2.0,0.639664,,0.639664,0.639664,0.639664,,,0.0,59.0,0.0,59,59,59.0,,,0.0,2,0.639664,,0.639664,0.639664,0.639664,,,0.0,,,,,,,,,,,,,,,,,
Unknown,Unknown,./Data\Physical_Interaction\Topology_B\4-Group_dataset\physicalInteraction6_group.csv,43.333333333333336,38.704004960727254,107.0,5.0,63.0,-1.4420717228158746,0.2239483949785433,34.074074074074076,9.0,0.107843625,0.2635361492595533,0.759684,0.001786,0.018972,7.972201882266415,2.8218622831554674,0.16296009374999998,39.733333333333334,32.64848862541434,107,5,45.0,-0.7429557732821226,0.31231431031093915,27.78666666666667,15,0.061624928571428574,0.20107960680420323,0.759684,0.001786,0.0033964999999999998,13.942741612122695,3.7310371200673287,0.09972272448979592,44.714285714285715,34.577036144982536,107.0,5.0,45.0,1.14138149682437,0.6634859853840951,22.693877551020403,7.0,0.016878999999999998,0.008522203259721046,0.028579,0.005977,0.0164735,-1.484206623206437,0.12422629946565962,0.007194666666666666
Unknown,Unknown,./Data\Physical_Interaction\Topology_B\4-Group_dataset\physicalInteraction6_group.csv,43.333333333333336,38.704004960727254,107.0,5.0,63.0,-1.4420717228158746,0.2239483949785433,34.074074074074076,9.0,0.107843625,0.2635361492595533,0.759684,0.001786,0.018972,7.972201882266415,2.8218622831554674,0.16296009374999998,39.733333333333334,32.64848862541434,107,5,45.0,-0.7429557732821226,0.31231431031093915,27.78666666666667,15,0.061624928571428574,0.20107960680420323,0.759684,0.001786,0.0033964999999999998,13.942741612122695,3.7310371200673287,0.09972272448979592,44.714285714285715,34.577036144982536,107.0,5.0,45.0,1.14138149682437,0.6634859853840951,22.693877551020403,7.0,0.016878999999999998,0.008522203259721046,0.028579,0.005977,0.0164735,-1.484206623206437,0.12422629946565962,0.007194666666666666
Unknown,Unknown,./Data\Physical_Interaction\Topology_B\4-Group_dataset\physicalInteraction6_group.csv,43.333333333333336,38.704004960727254,107.0,5.0,63.0,-1.4420717228158746,0.2239483949785433,34.074074074074076,9.0,0.107843625,0.2635361492595533,0.759684,0.001786,0.018972,7.972201882266415,2.8218622831554674,0.16296009374999998,39.733333333333334,32.64848862541434,107,5,45.0,-0.7429557732821226,0.31231431031093915,27.78666666666667,15,0.061624928571428574,0.20107960680420323,0.759684,0.001786,0.0033964999999999998,13.942741612122695,3.7310371200673287,0.09972272448979592,44.714285714285715,34.577036144982536,107.0,5.0,45.0,1.14138149682437,0.6634859853840951,22.693877551020403,7.0,0.016878999999999998,0.008522203259721046,0.028579,0.005977,0.0164735,-1.484206623206437,0.12422629946565962,0.007194666666666666
Unknown,Unknown,./Data\Physical_Interaction\Topology_B\4-Group_dataset\physicalInteraction6_group.csv,59.0,0.0,59.0,59.0,59.0,,,0.0,2.0,0.319836,,0.319836,0.319836,0.319836,,,0.0,59.0,0.0,59,59,59.0,,,0.0,2,0.319836,,0.319836,0.319836,0.319836,,,0.0,,,,,,,,,,,,,,,,,
Unknown,Unknown,./Data\Physical_Interaction\Topology_B\4-Group_dataset\physicalInteraction6_group.csv,59.0,0.0,59.0,59.0,59.0,,,0.0,2.0,0.319836,,0.319836,0.319836,0.319836,,,0.0,59.0,0.0,59,59,59.0,,,0.0,2,0.319836,,0.319836,0.319836,0.319836,,,0.0,,,,,,,,,,,,,,,,,
Unknown,Unknown,./Data\Physical_Interaction\Topology_B\4-Group_dataset\physicalInteraction6_group.csv,59.0,0.0,59.0,59.0,59.0,,0.0,0.0,3.0,1.1776935,1.2131937110834774,2.035551,0.319836,1.1776935,,,0.8578574999999999,59.0,0.0,59,59,59.0,,0.0,0.0,3,1.1776935,1.2131937110834774,2.035551,0.319836,1.1776935,,,0.8578574999999999,,,,,,,,,,,,,,,,,
Unknown,Unknown,./Data\Physical_Interaction\Topology_B\4-Group_dataset\physicalInteraction6_group.csv,63.0,6.928203230275509,71.0,59.0,59.0,,1.7320508075688774,5.333333333333333,3.0,0.3210755,0.27205155588693114,0.513445,0.128706,0.3210755,,,0.19236950000000003,63.0,6.928203230275509,71,59,59.0,,1.7320508075688774,5.333333333333333,3,0.3210755,0.27205155588693114,0.513445,0.128706,0.3210755,,,0.19236950000000003,,,,,,,,,,,,,,,,,
Unknown,Unknown,./Data\Physical_Interaction\Topology_B\4-Group_dataset\physicalInteraction6_group.csv,63.0,6.928203230275509,71.0,59.0,59.0,,1.7320508075688774,5.333333333333333,3.0,0.3210755,0.27205155588693114,0.513445,0.128706,0.3210755,,,0.19236950000000003,63.0,6.928203230275509,71,59,59.0,,1.7320508075688774,5.333333333333333,3,0.3210755,0.27205155588693114,0.513445,0.128706,0.3210755,,,0.19236950000000003,,,,,,,,,,,,,,,,,
Unknown,Unknown,./Data\Physical_Interaction\Topology_B\4-Group_dataset\physicalInteraction6_group.csv,65.0,8.48528137423857,71.0,59.0,65.0,,,6.0,2.0,0.128706,,0.128706,0.128706,0.128706,,,0.0,65.0,8.48528137423857,71,59,65.0,,,6.0,2,0.128706,,0.128706,0.128706,0.128706,,,0.0,,,,,,,,,,,,,,,,,
Unknown,Unknown,./Data\Physical_Interaction\Topology_B\4-Group_dataset\physicalInteraction6_group.csv,59.0,0.0,59.0,59.0,59.0,,0.0,0.0,3.0,0.3197265,0.00020576807332527524,0.319872,0.319581,0.3197265,,,0.00014549999999999286,59.0,0.0,59,59,59.0,,0.0,0.0,3,0.3197265,0.00020576807332527524,0.319872,0.319581,0.3197265,,,0.00014549999999999286,,,,,,,,,,,,,,,,,
Unknown,Unknown,./Data\Physical_Interaction\Topology_B\4-Group_dataset\physicalInteraction6_group.csv,59.0,0.0,59.0,59.0,59.0,,0.0,0.0,3.0,0.3197265,0.00020576807332527524,0.319872,0.319581,0.3197265,,,0.00014549999999999286,59.0,0.0,59,59,59.0,,0.0,0.0,3,0.3197265,0.00020576807332527524,0.319872,0.319581,0.3197265,,,0.00014549999999999286,,,,,,,,,,,,,,,,,
Unknown,Unknown,./Data\Physical_Interaction\Topology_B\4-Group_dataset\physicalInteraction6_group.csv,59.0,0.0,59.0,59.0,59.0,0.0,0.0,0.0,4.0,0.892557,0.9883155799394241,2.033763,0.319872,0.324036,,1.73201621821058,0.7608039999999999,59.0,0.0,59,59,59.0,0.0,0.0,0.0,4,0.892557,0.9883155799394241,2.033763,0.319872,0.324036,,1.73201621821058,0.7608039999999999,,,,,,,,,,,,,,,,,
Unknown,Unknown,./Data\Physical_Interaction\Topology_B\4-Group_dataset\physicalInteraction6_group.csv,59.0,0.0,59.0,59.0,59.0,0.0,0.0,0.0,4.0,0.3212256666666667,0.003094105740490007,0.324036,0.31791,0.321731,,-0.7153419652514202,0.0022104444444444224,59.0,0.0,59,59,59.0,0.0,0.0,0.0,4,0.3212256666666667,0.003094105740490007,0.324036,0.31791,0.321731,,-0.7153419652514202,0.0022104444444444224,,,,,,,,,,,,,,,,,
Unknown,Unknown,./Data\Physical_Interaction\Topology_B\4-Group_dataset\physicalInteraction6_group.csv,56.6,5.366563145999495,59.0,47.0,59.0,5.000000000000007,-2.236067977499791,3.839999999999999,5.0,0.59765975,0.5528739386517056,1.426962,0.31791,0.3228835,3.999582968429987,1.9998746663186315,0.414651125,56.6,5.366563145999495,59,47,59.0,5.000000000000007,-2.236067977499791,3.839999999999999,5,0.59765975,0.5528739386517056,1.426962,0.31791,0.3228835,3.999582968429987,1.9998746663186315,0.414651125,,,,,,,,,,,,,,,,,
Unknown,Unknown,./Data\Physical_Interaction\Topology_B\4-Group_dataset\physicalInteraction6_group.csv,38.0,28.890598240027266,66.0,5.0,53.0,-2.2217648020583773,-0.37419449696342316,26.4,10.0,0.23192866666666667,0.46209303594974255,1.426962,0.004216,0.034858,7.484350676041986,2.685453103793395,0.284669925925926,34.76470588235294,26.399643491353974,66,5,45.0,-1.9709999327943508,-0.21731018053043458,24.5121107266436,17,0.13045987500000003,0.35763986455574265,1.426962,0.001791,0.002535,13.524763446867574,3.6023264921249236,0.19732892187500004,30.142857142857142,23.751691669076056,54.0,5.0,45.0,-2.6894849698302634,-0.297839669592775,21.551020408163264,7.0,0.019259333333333333,0.015032133989113678,0.039432,0.00399,0.016392999999999998,-1.9333371710360723,0.4180659045774064,0.012380666666666667
Unknown,Unknown,./Data\Physical_Interaction\Topology_B\4-Group_dataset\physicalInteraction6_group.csv,37.0,31.044323152550774,71.0,5.0,47.0,-2.433858845056592,-0.13114351993154427,28.444444444444443,9.0,0.14332,0.277045805783087,0.804074,0.004216,0.030129,6.285689649141405,2.4825606045208093,0.18616325,34.0,27.422618401604176,71,5,45.0,-1.955324496689368,-0.0423185818798603,25.375,16,0.07643733333333333,0.20916812198689314,0.804074,0.001791,0.002495,12.369661639663697,3.460203291766092,0.11684511111111111,30.142857142857142,23.751691669076056,54.0,5.0,45.0,-2.6894849698302634,-0.297839669592775,21.551020408163264,7.0,0.019259333333333333,0.015032133989113678,0.039432,0.00399,0.016392999999999998,-1.9333371710360723,0.4180659045774064,0.012380666666666667
Unknown,Unknown,./Data\Physical_Interaction\Topology_B\4-Group_dataset\physicalInteraction6_group.csv,35.75,32.944758958856305,71.0,5.0,34.0,-2.7618309888527137,0.016472377695838522,30.75,8.0,0.13133442857142857,0.2969949578291732,0.804074,0.004216,0.0254,6.94801762155168,2.6329016841624404,0.192211306122449,33.13333333333333,28.157380830576113,71,5,45.0,-2.033878498587388,0.05618271416782909,26.25777777777778,15,0.06581578571428572,0.2128247054185416,0.804074,0.001791,0.0024945,13.88825592557065,3.721110607455652,0.10546545918367348,30.142857142857142,23.751691669076056,54.0,5.0,45.0,-2.6894849698302634,-0.297839669592775,21.551020408163264,7.0,0.019259333333333333,0.015032133989113678,0.039432,0.00399,0.016392999999999998,-1.9333371710360723,0.4180659045774064,0.012380666666666667
Unknown,Unknown,./Data\Physical_Interaction\Topology_B\4-Group_dataset\physicalInteraction6_group.csv,59.0,0.0,59.0,59.0,59.0,,,0.0,2.0,0.321451,,0.321451,0.321451,0.321451,,,0.0,59.0,0.0,59,59,59.0,,,0.0,2,0.321451,,0.321451,0.321451,0.321451,,,0.0,,,,,,,,,,,,,,,,,
Unknown,Unknown,./Data\Physical_Interaction\Topology_B\4-Group_dataset\physicalInteraction6_group.csv,59.0,0.0,59.0,59.0,59.0,,,0.0,2.0,0.321451,,0.321451,0.321451,0.321451,,,0.0,59.0,0.0,59,59,59.0,,,0.0,2,0.321451,,0.321451,0.321451,0.321451,,,0.0,,,,,,,,,,,,,,,,,
Unknown,Unknown,./Data\Physical_Interaction\Topology_B\4-Group_dataset\physicalInteraction6_group.csv,59.0,0.0,59.0,59.0,59.0,,,0.0,2.0,0.321451,,0.321451,0.321451,0.321451,,,0.0,59.0,0.0,59,59,59.0,,,0.0,2,0.321451,,0.321451,0.321451,0.321451,,,0.0,,,,,,,,,,,,,,,,,
Unknown,Unknown,./Data\Physical_Interaction\Topology_B\4-Group_dataset\physicalInteraction6_group.csv,74.0,38.18376618407357,101.0,47.0,74.0,,,27.0,2.0,0.79611,,0.79611,0.79611,0.79611,,,0.0,74.0,38.18376618407357,101,47,74.0,,,27.0,2,0.79611,,0.79611,0.79611,0.79611,,,0.0,,,,,,,,,,,,,,,,,
Unknown,Unknown,./Data\Physical_Interaction\Topology_B\4-Group_dataset\physicalInteraction6_group.csv,74.0,38.18376618407357,101.0,47.0,74.0,,,27.0,2.0,0.79611,,0.79611,0.79611,0.79611,,,0.0,74.0,38.18376618407357,101,47,74.0,,,27.0,2,0.79611,,0.79611,0.79611,0.79611,,,0.0,,,,,,,,,,,,,,,,,
Unknown,Unknown,./Data\Physical_Interaction\Topology_B\4-Group_dataset\physicalInteraction6_group.csv,73.0,27.055498516937366,101.0,47.0,71.0,,0.330831814705899,18.666666666666668,3.0,0.96584,0.24003446794158542,1.13557,0.79611,0.96584,,,0.16973,73.0,27.055498516937366,101,47,71.0,,0.330831814705899,18.666666666666668,3,0.96584,0.24003446794158542,1.13557,0.79611,0.96584,,,0.16973,,,,,,,,,,,,,,,,,
Unknown,Unknown,./Data\Physical_Interaction\Topology_B\4-Group_dataset\physicalInteraction6_group.csv,65.0,8.48528137423857,71.0,59.0,65.0,,,6.0,2.0,2.444437,,2.444437,2.444437,2.444437,,,0.0,65.0,8.48528137423857,71,59,65.0,,,6.0,2,2.444437,,2.444437,2.444437,2.444437,,,0.0,,,,,,,,,,,,,,,,,
Unknown,Unknown,./Data\Physical_Interaction\Topology_B\4-Group_dataset\physicalInteraction6_group.csv,5.0,0.0,5.0,5.0,5.0,,,0.0,2.0,0.014018,,0.014018,0.014018,0.014018,,,0.0,34.333333333333336,23.01014269114094,54,5,45.0,-1.8711620911137343,-0.8601639658962164,19.555555555555554,6,0.016104200000000003,0.016461575841941745,0.04473,0.002406,0.011612,4.067978602601048,1.9126789020236232,0.011450320000000003,34.333333333333336,23.01014269114094,54.0,5.0,45.0,-1.8711620911137343,-0.8601639658962164,19.555555555555554,6.0,0.016104200000000003,0.016461575841941745,0.04473,0.002406,0.011612,4.067978602601048,1.9126789020236232,0.011450320000000003
Unknown,Unknown,./Data\Physical_Interaction\Topology_B\4-Group_dataset\physicalInteraction6_group.csv,5.0,0.0,5.0,5.0,5.0,,,0.0,2.0,0.014018,,0.014018,0.014018,0.014018,,,0.0,34.333333333333336,23.01014269114094,54,5,45.0,-1.8711620911137343,-0.8601639658962164,19.555555555555554,6,0.016104200000000003,0.016461575841941745,0.04473,0.002406,0.011612,4.067978602601048,1.9126789020236232,0.011450320000000003,34.333333333333336,23.01014269114094,54.0,5.0,45.0,-1.8711620911137343,-0.8601639658962164,19.555555555555554,6.0,0.016104200000000003,0.016461575841941745,0.04473,0.002406,0.011612,4.067978602601048,1.9126789020236232,0.011450320000000003
Unknown,Unknown,./Data\Physical_Interaction\Topology_B\4-Group_dataset\physicalInteraction6_group.csv,5.0,0.0,5.0,5.0,5.0,,,0.0,2.0,0.014018,,0.014018,0.014018,0.014018,,,0.0,34.333333333333336,23.01014269114094,54,5,45.0,-1.8711620911137343,-0.8601639658962164,19.555555555555554,6,0.016104200000000003,0.016461575841941745,0.04473,0.002406,0.011612,4.067978602601048,1.9126789020236232,0.011450320000000003,34.333333333333336,23.01014269114094,54.0,5.0,45.0,-1.8711620911137343,-0.8601639658962164,19.555555555555554,6.0,0.016104200000000003,0.016461575841941745,0.04473,0.002406,0.011612,4.067978602601048,1.9126789020236232,0.011450320000000003
Unknown,Unknown,./Data\Physical_Interaction\Topology_B\4-Group_dataset\physicalInteraction6_group.csv,52.5,10.606601717798213,60.0,45.0,52.5,,,7.5,2.0,0.058413,,0.058413,0.058413,0.058413,,,0.0,33.0,26.124700955226263,60,5,45.0,-2.9952099182868412,-0.41082195547404604,22.4,5,0.015059000000000001,0.02286050498129908,0.049175,0.001823,0.004619,3.784518860073355,1.9406355279458432,0.017058,20.0,25.98076211353316,50.0,5.0,5.0,,1.7320508075688774,20.0,3.0,0.028966500000000003,0.028579134775216695,0.049175,0.008758,0.028966500000000003,,,0.020208500000000004
Unknown,Unknown,./Data\Physical_Interaction\Topology_B\4-Group_dataset\physicalInteraction6_group.csv,52.5,10.606601717798213,60.0,45.0,52.5,,,7.5,2.0,0.058413,,0.058413,0.058413,0.058413,,,0.0,33.0,26.124700955226263,60,5,45.0,-2.9952099182868412,-0.41082195547404604,22.4,5,0.015059000000000001,0.02286050498129908,0.049175,0.001823,0.004619,3.784518860073355,1.9406355279458432,0.017058,20.0,25.98076211353316,50.0,5.0,5.0,,1.7320508075688774,20.0,3.0,0.028966500000000003,0.028579134775216695,0.049175,0.008758,0.028966500000000003,,,0.020208500000000004
Unknown,Unknown,./Data\Physical_Interaction\Topology_B\4-Group_dataset\physicalInteraction6_group.csv,52.5,10.606601717798213,60.0,45.0,52.5,,,7.5,2.0,0.058413,,0.058413,0.058413,0.058413,,,0.0,33.0,26.124700955226263,60,5,45.0,-2.9952099182868412,-0.41082195547404604,22.4,5,0.015059000000000001,0.02286050498129908,0.049175,0.001823,0.004619,3.784518860073355,1.9406355279458432,0.017058,20.0,25.98076211353316,50.0,5.0,5.0,,1.7320508075688774,20.0,3.0,0.028966500000000003,0.028579134775216695,0.049175,0.008758,0.028966500000000003,,,0.020208500000000004
Unknown,Unknown,./Data\Physical_Interaction\Topology_B\4-Group_dataset\physicalInteraction6_group.csv,27.857142857142858,41.050491557871226,107.0,5.0,5.0,1.522273242155186,1.6170774533516628,32.6530612244898,7.0,0.009641499999999999,0.008715345105043173,0.026729,0.002494,0.0072705,4.496543545995005,2.025274029149642,0.005695833333333333,33.0,33.262044981685,107,5,25.0,0.45315140683645616,0.9488796094906395,28.0,12,0.005448181818181818,0.00616338710155677,0.022539,0.001791,0.002494,6.7875894205476035,2.4856826683754782,0.004178413223140496,44.714285714285715,34.57703614498253,107.0,5.0,45.0,1.1413814968243718,0.6634859853840951,22.693877551020403,7.0,0.009689333333333333,0.007367703052286152,0.022539,0.002494,0.009437500000000001,1.4739090633445286,1.0480165765171081,0.004936444444444445
Unknown,Unknown,./Data\Physical_Interaction\Topology_B\4-Group_dataset\physicalInteraction6_group.csv,33.25,40.95206256797609,107.0,5.0,5.0,-0.562483402558887,1.0220865577797296,35.3125,8.0,0.13319585714285714,0.3269909048936115,0.874522,0.002494,0.007309,6.986656319687322,2.6424926031574625,0.21180746938775513,35.92307692307692,33.544650687458194,107,5,45.0,-0.3068850680923254,0.668530478892734,28.544378698224854,13,0.07787100000000001,0.2509488176236885,0.874522,0.001791,0.0025365,11.982843948338582,3.46071571679647,0.1327751666666667,44.714285714285715,34.57703614498253,107.0,5.0,45.0,1.1413814968243718,0.6634859853840951,22.693877551020403,7.0,0.009689333333333333,0.007367703052286152,0.022539,0.002494,0.009437500000000001,1.4739090633445286,1.0480165765171081,0.004936444444444445
Unknown,Unknown,./Data\Physical_Interaction\Topology_B\4-Group_dataset\physicalInteraction6_group.csv,33.25,40.95206256797609,107.0,5.0,5.0,-0.562483402558887,1.0220865577797296,35.3125,8.0,0.13319585714285714,0.3269909048936115,0.874522,0.002494,0.007309,6.986656319687322,2.6424926031574625,0.21180746938775513,35.92307692307692,33.544650687458194,107,5,45.0,-0.3068850680923254,0.668530478892734,28.544378698224854,13,0.07787100000000001,0.2509488176236885,0.874522,0.001791,0.0025365,11.982843948338582,3.46071571679647,0.1327751666666667,44.714285714285715,34.57703614498253,107.0,5.0,45.0,1.1413814968243718,0.6634859853840951,22.693877551020403,7.0,0.009689333333333333,0.007367703052286152,0.022539,0.002494,0.009437500000000001,1.4739090633445286,1.0480165765171081,0.004936444444444445
Unknown,Unknown,./Data\Physical_Interaction\Topology_B\4-Group_dataset\physicalInteraction6_group.csv,59.0,0.0,59.0,59.0,59.0,,,0.0,2.0,0.319514,,0.319514,0.319514,0.319514,,,0.0,59.0,0.0,59,59,59.0,,,0.0,2,0.319514,,0.319514,0.319514,0.319514,,,0.0,,,,,,,,,,,,,,,,,
Unknown,Unknown,./Data\Physical_Interaction\Topology_B\4-Group_dataset\physicalInteraction6_group.csv,59.0,0.0,59.0,59.0,59.0,,,0.0,2.0,0.319514,,0.319514,0.319514,0.319514,,,0.0,59.0,0.0,59,59,59.0,,,0.0,2,0.319514,,0.319514,0.319514,0.319514,,,0.0,,,,,,,,,,,,,,,,,
Unknown,Unknown,./Data\Physical_Interaction\Topology_B\4-Group_dataset\physicalInteraction6_group.csv,59.0,0.0,59.0,59.0,59.0,,,0.0,2.0,0.319514,,0.319514,0.319514,0.319514,,,0.0,59.0,0.0,59,59,59.0,,,0.0,2,0.319514,,0.319514,0.319514,0.319514,,,0.0,,,,,,,,,,,,,,,,,
Unknown,Unknown,./Data\Physical_Interaction\Topology_B\4-Group_dataset\physicalInteraction6_group.csv,59.0,16.97056274847714,71.0,47.0,59.0,,,12.0,2.0,0.635641,,0.635641,0.635641,0.635641,,,0.0,59.0,16.97056274847714,71,47,59.0,,,12.0,2,0.635641,,0.635641,0.635641,0.635641,,,0.0,,,,,,,,,,,,,,,,,
Unknown,Unknown,./Data\Physical_Interaction\Topology_B\4-Group_dataset\physicalInteraction6_group.csv,59.0,16.97056274847714,71.0,47.0,59.0,,,12.0,2.0,0.635641,,0.635641,0.635641,0.635641,,,0.0,59.0,16.97056274847714,71,47,59.0,,,12.0,2,0.635641,,0.635641,0.635641,0.635641,,,0.0,,,,,,,,,,,,,,,,,
Unknown,Unknown,./Data\Physical_Interaction\Topology_B\4-Group_dataset\physicalInteraction6_group.csv,63.0,6.928203230275509,71.0,59.0,59.0,,1.7320508075688774,5.333333333333333,3.0,1.39219,1.5145901983896501,2.463167,0.321213,1.39219,,,1.070977,63.0,6.928203230275509,71,59,59.0,,1.7320508075688774,5.333333333333333,3,1.39219,1.5145901983896501,2.463167,0.321213,1.39219,,,1.070977,,,,,,,,,,,,,,,,,
Unknown,Unknown,./Data\Physical_Interaction\Topology_B\4-Group_dataset\physicalInteraction6_group.csv,59.0,0.0,59.0,59.0,59.0,,0.0,0.0,3.0,0.32054550000000004,0.0009439875528840626,0.321213,0.319878,0.32054550000000004,,,0.0006675000000000153,59.0,0.0,59,59,59.0,,0.0,0.0,3,0.32054550000000004,0.0009439875528840626,0.321213,0.319878,0.32054550000000004,,,0.0006675000000000153,,,,,,,,,,,,,,,,,
Unknown,Unknown,./Data\Physical_Interaction\Topology_B\4-Group_dataset\physicalInteraction6_group.csv,59.0,0.0,59.0,59.0,59.0,,0.0,0.0,3.0,0.32054550000000004,0.0009439875528840626,0.321213,0.319878,0.32054550000000004,,,0.0006675000000000153,59.0,0.0,59,59,59.0,,0.0,0.0,3,0.32054550000000004,0.0009439875528840626,0.321213,0.319878,0.32054550000000004,,,0.0006675000000000153,,,,,,,,,,,,,,,,,
Unknown,Unknown,./Data\Physical_Interaction\Topology_B\4-Group_dataset\physicalInteraction6_group.csv,59.0,0.0,59.0,59.0,59.0,,,0.0,2.0,2.360243,,2.360243,2.360243,2.360243,,,0.0,59.0,0.0,59,59,59.0,,,0.0,2,2.360243,,2.360243,2.360243,2.360243,,,0.0,,,,,,,,,,,,,,,,,
Unknown,Unknown,./Data\Physical_Interaction\Topology_B\4-Group_dataset\physicalInteraction6_group.csv,57.333333333333336,2.8867513459481287,59.0,54.0,59.0,,-1.7320508075688852,2.2222222222222214,3.0,0.48390099999999997,0.23338907841199422,0.648932,0.31887,0.48390099999999997,,,0.16503099999999998,57.333333333333336,2.8867513459481287,59,54,59.0,,-1.7320508075688852,2.2222222222222214,3,0.48390099999999997,0.23338907841199422,0.648932,0.31887,0.48390099999999997,,,0.16503099999999998,,,,,,,,,,,,,,,,,
Unknown,Unknown,./Data\Physical_Interaction\Topology_B\4-Group_dataset\physicalInteraction6_group.csv,57.333333333333336,2.8867513459481287,59.0,54.0,59.0,,-1.7320508075688852,2.2222222222222214,3.0,0.48390099999999997,0.23338907841199422,0.648932,0.31887,0.48390099999999997,,,0.16503099999999998,57.333333333333336,2.8867513459481287,59,54,59.0,,-1.7320508075688852,2.2222222222222214,3,0.48390099999999997,0.23338907841199422,0.648932,0.31887,0.48390099999999997,,,0.16503099999999998,,,,,,,,,,,,,,,,,
Unknown,Unknown,./Data\Physical_Interaction\Topology_B\4-Group_dataset\physicalInteraction6_group.csv,56.5,3.5355339059327378,59.0,54.0,56.5,,,2.5,2.0,0.31887,,0.31887,0.31887,0.31887,,,0.0,56.5,3.5355339059327378,59,54,56.5,,,2.5,2,0.31887,,0.31887,0.31887,0.31887,,,0.0,,,,,,,,,,,,,,,,,
Unknown,Unknown,./Data\Physical_Interaction\Topology_B\4-Group_dataset\physicalInteraction6_group.csv,34.888888888888886,28.811648878728047,66.0,5.0,47.0,-2.4525418381802093,-0.16575734400009218,26.567901234567902,9.0,0.091933125,0.14689680527542115,0.331196,0.005307,0.014894999999999999,-0.01330774506280008,1.429931447540367,0.1188529375,34.666666666666664,25.75895590903889,66,5,45.0,-1.9638643609483484,-0.2788088239902358,23.73333333333333,15,0.05268171428571428,0.11751061893190011,0.331196,0.001783,0.003901,3.7515357751889367,2.28101175670671,0.07913065306122448,34.333333333333336,23.01014269114094,54.0,5.0,45.0,-1.8711620911137343,-0.8601639658962164,19.555555555555554,6.0,0.0142352,0.007861263683403579,0.023019,0.002087,0.016714,1.1367321410658047,-0.9250119626565289,0.00581096
Unknown,Unknown,./Data\Physical_Interaction\Topology_B\4-Group_dataset\physicalInteraction6_group.csv,39.27272727272727,27.553914092523804,66.0,5.0,59.0,-1.954393996740564,-0.5691141679295947,24.925619834710744,11.0,0.13793919999999998,0.16183432981553836,0.331196,0.005307,0.0225105,-2.2693853090228235,0.4795222470202141,0.15028964,37.529411764705884,25.414360229648768,66,5,47.0,-1.7408746304502827,-0.5098603147068519,22.961937716262977,17,0.08634193750000001,0.14292445043750387,0.331196,0.001783,0.0062945,-0.44246969135074643,1.272056713143973,0.11972965625000001,34.333333333333336,23.01014269114094,54.0,5.0,45.0,-1.8711620911137343,-0.8601639658962164,19.555555555555554,6.0,0.0142352,0.007861263683403579,0.023019,0.002087,0.016714,1.1367321410658047,-0.9250119626565289,0.00581096
Unknown,Unknown,./Data\Physical_Interaction\Topology_B\4-Group_dataset\physicalInteraction6_group.csv,39.27272727272727,27.553914092523804,66.0,5.0,59.0,-1.954393996740564,-0.5691141679295947,24.925619834710744,11.0,0.13793919999999998,0.16183432981553836,0.331196,0.005307,0.0225105,-2.2693853090228235,0.4795222470202141,0.15028964,37.529411764705884,25.414360229648768,66,5,47.0,-1.7408746304502827,-0.5098603147068519,22.961937716262977,17,0.08634193750000001,0.14292445043750387,0.331196,0.001783,0.0062945,-0.44246969135074643,1.272056713143973,0.11972965625000001,34.333333333333336,23.01014269114094,54.0,5.0,45.0,-1.8711620911137343,-0.8601639658962164,19.555555555555554,6.0,0.0142352,0.007861263683403579,0.023019,0.002087,0.016714,1.1367321410658047,-0.9250119626565289,0.00581096
Unknown,Unknown,./Data\Physical_Interaction\Topology_B\4-Group_dataset\physicalInteraction6_group.csv,59.0,0.0,59.0,59.0,59.0,0.0,0.0,0.0,4.0,0.8868420000000001,0.9778414131933665,2.015956,0.322182,0.322388,,1.7320507210898606,0.7527426666666668,59.0,0.0,59,59,59.0,0.0,0.0,0.0,4,0.8868420000000001,0.9778414131933665,2.015956,0.322182,0.322388,,1.7320507210898606,0.7527426666666668,,,,,,,,,,,,,,,,,
Unknown,Unknown,./Data\Physical_Interaction\Topology_B\4-Group_dataset\physicalInteraction6_group.csv,59.0,0.0,59.0,59.0,59.0,,0.0,0.0,3.0,0.321332,0.0014934095218659903,0.322388,0.320276,0.321332,,,0.0010560000000000014,59.0,0.0,59,59,59.0,,0.0,0.0,3,0.321332,0.0014934095218659903,0.322388,0.320276,0.321332,,,0.0010560000000000014,,,,,,,,,,,,,,,,,
Unknown,Unknown,./Data\Physical_Interaction\Topology_B\4-Group_dataset\physicalInteraction6_group.csv,59.0,0.0,59.0,59.0,59.0,,0.0,0.0,3.0,0.321332,0.0014934095218659903,0.322388,0.320276,0.321332,,,0.0010560000000000014,59.0,0.0,59,59,59.0,,0.0,0.0,3,0.321332,0.0014934095218659903,0.322388,0.320276,0.321332,,,0.0010560000000000014,,,,,,,,,,,,,,,,,
Unknown,Unknown,./Data\Physical_Interaction\Topology_B\4-Group_dataset\physicalInteraction6_group.csv,59.0,0.0,59.0,59.0,59.0,,,0.0,2.0,0.646892,,0.646892,0.646892,0.646892,,,0.0,59.0,0.0,59,59,59.0,,,0.0,2,0.646892,,0.646892,0.646892,0.646892,,,0.0,,,,,,,,,,,,,,,,,
Unknown,Unknown,./Data\Physical_Interaction\Topology_B\4-Group_dataset\physicalInteraction6_group.csv,59.0,0.0,59.0,59.0,59.0,,,0.0,2.0,0.646892,,0.646892,0.646892,0.646892,,,0.0,59.0,0.0,59,59,59.0,,,0.0,2,0.646892,,0.646892,0.646892,0.646892,,,0.0,,,,,,,,,,,,,,,,,
Unknown,Unknown,./Data\Physical_Interaction\Topology_B\4-Group_dataset\physicalInteraction6_group.csv,49.0,31.11269837220809,71.0,27.0,49.0,,,22.0,2.0,0.174158,,0.174158,0.174158,0.174158,,,0.0,49.0,31.11269837220809,71,27,49.0,,,22.0,2,0.174158,,0.174158,0.174158,0.174158,,,0.0,,,,,,,,,,,,,,,,,
Unknown,Unknown,./Data\Physical_Interaction\Topology_B\4-Group_dataset\physicalInteraction6_group.csv,49.0,31.11269837220809,71.0,27.0,49.0,,,22.0,2.0,0.174158,,0.174158,0.174158,0.174158,,,0.0,49.0,31.11269837220809,71,27,49.0,,,22.0,2,0.174158,,0.174158,0.174158,0.174158,,,0.0,,,,,,,,,,,,,,,,,
Unknown,Unknown,./Data\Physical_Interaction\Topology_B\4-Group_dataset\physicalInteraction6_group.csv,49.0,31.11269837220809,71.0,27.0,49.0,,,22.0,2.0,0.174158,,0.174158,0.174158,0.174158,,,0.0,49.0,31.11269837220809,71,27,49.0,,,22.0,2,0.174158,,0.174158,0.174158,0.174158,,,0.0,,,,,,,,,,,,,,,,,
Unknown,Unknown,./Data\Physical_Interaction\Topology_B\4-Group_dataset\physicalInteraction6_group.csv,24.833333333333332,30.740310126390508,66.0,5.0,5.0,-1.8500189608043298,0.9723933018568198,26.444444444444446,6.0,0.017375599999999998,0.017044703599652298,0.046425,0.003709,0.012379,3.2400904433554647,1.7449548615989763,0.011619759999999998,29.583333333333332,26.359260347373294,66,5,25.0,-2.101678550085806,0.1764277228676152,24.583333333333332,12,0.00808718181818182,0.01227269377779941,0.042235,0.001791,0.002398,6.955153665057407,2.5831398259567377,0.007885206611570252,34.333333333333336,23.01014269114094,54.0,5.0,45.0,-1.8711620911137343,-0.8601639658962164,19.555555555555554,6.0,0.0174336,0.015412939524957594,0.042235,0.00371,0.011465,1.3879220805002461,1.328360553746125,0.01170032
Unknown,Unknown,./Data\Physical_Interaction\Topology_B\4-Group_dataset\physicalInteraction6_group.csv,31.428571428571427,33.04470276689413,71.0,5.0,5.0,-2.7286471834994073,0.3939074320528101,30.204081632653054,7.0,0.14988016666666668,0.3249264203812406,0.812403,0.003709,0.014843499999999999,5.953170419290583,2.437547318263751,0.22084094444444446,32.76923076923077,27.72830637379381,71,5,45.0,-2.0278894508225296,0.055714524837200734,25.633136094674555,13,0.0751135,0.23248065365354986,0.812403,0.001791,0.0024460000000000003,11.920562717027504,3.448655413382001,0.12288158333333332,34.333333333333336,23.01014269114094,54.0,5.0,45.0,-1.8711620911137343,-0.8601639658962164,19.555555555555554,6.0,0.0174336,0.015412939524957594,0.042235,0.00371,0.011465,1.3879220805002461,1.328360553746125,0.01170032
Unknown,Unknown,./Data\Physical_Interaction\Topology_B\4-Group_dataset\physicalInteraction6_group.csv,31.428571428571427,33.04470276689413,71.0,5.0,5.0,-2.7286471834994073,0.3939074320528101,30.204081632653054,7.0,0.14988016666666668,0.3249264203812406,0.812403,0.003709,0.014843499999999999,5.953170419290583,2.437547318263751,0.22084094444444446,32.76923076923077,27.72830637379381,71,5,45.0,-2.0278894508225296,0.055714524837200734,25.633136094674555,13,0.0751135,0.23248065365354986,0.812403,0.001791,0.0024460000000000003,11.920562717027504,3.448655413382001,0.12288158333333332,34.333333333333336,23.01014269114094,54.0,5.0,45.0,-1.8711620911137343,-0.8601639658962164,19.555555555555554,6.0,0.0174336,0.015412939524957594,0.042235,0.00371,0.011465,1.3879220805002461,1.328360553746125,0.01170032
Unknown,Unknown,./Data\Physical_Interaction\Topology_B\4-Group_dataset\physicalInteraction6_group.csv,83.5,34.64823227814083,108.0,59.0,83.5,,,24.5,2.0,0.650591,,0.650591,0.650591,0.650591,,,0.0,83.5,34.64823227814083,108,59,83.5,,,24.5,2,0.650591,,0.650591,0.650591,0.650591,,,0.0,,,,,,,,,,,,,,,,,
Unknown,Unknown,./Data\Physical_Interaction\Topology_B\4-Group_dataset\physicalInteraction6_group.csv,83.5,34.64823227814083,108.0,59.0,83.5,,,24.5,2.0,0.650591,,0.650591,0.650591,0.650591,,,0.0,83.5,34.64823227814083,108,59,83.5,,,24.5,2,0.650591,,0.650591,0.650591,0.650591,,,0.0,,,,,,,,,,,,,,,,,
Unknown,Unknown,./Data\Physical_Interaction\Topology_B\4-Group_dataset\physicalInteraction6_group.csv,59.0,0.0,59.0,59.0,59.0,,0.0,0.0,3.0,1.3390885000000001,1.430102958853138,2.350324,0.327853,1.3390885000000001,,,1.0112355000000002,59.0,0.0,59,59,59.0,,0.0,0.0,3,1.3390885000000001,1.430102958853138,2.350324,0.327853,1.3390885000000001,,,1.0112355000000002,,,,,,,,,,,,,,,,,
Unknown,Unknown,./Data\Physical_Interaction\Topology_B\4-Group_dataset\physicalInteraction6_group.csv,59.0,0.0,59.0,59.0,59.0,0.0,0.0,0.0,4.0,0.32186166666666666,0.0051886469655714005,0.327853,0.318865,0.318867,,1.7320505180580292,0.003994222222222214,59.0,0.0,59,59,59.0,0.0,0.0,0.0,4,0.32186166666666666,0.0051886469655714005,0.327853,0.318865,0.318867,,1.7320505180580292,0.003994222222222214,,,,,,,,,,,,,,,,,
Unknown,Unknown,./Data\Physical_Interaction\Topology_B\4-Group_dataset\physicalInteraction6_group.csv,59.0,0.0,59.0,59.0,59.0,0.0,0.0,0.0,4.0,0.32186166666666666,0.0051886469655714005,0.327853,0.318865,0.318867,,1.7320505180580292,0.003994222222222214,59.0,0.0,59,59,59.0,0.0,0.0,0.0,4,0.32186166666666666,0.0051886469655714005,0.327853,0.318865,0.318867,,1.7320505180580292,0.003994222222222214,,,,,,,,,,,,,,,,,
Unknown,Unknown,./Data\Physical_Interaction\Topology_B\4-Group_dataset\physicalInteraction6_group.csv,59.0,0.0,59.0,59.0,59.0,,,0.0,2.0,0.318865,,0.318865,0.318865,0.318865,,,0.0,59.0,0.0,59,59,59.0,,,0.0,2,0.318865,,0.318865,0.318865,0.318865,,,0.0,,,,,,,,,,,,,,,,,
Unknown,Unknown,./Data\Physical_Interaction\Topology_B\4-Group_dataset\physicalInteraction6_group.csv,34.888888888888886,28.811648878728047,66.0,5.0,47.0,-2.4525418381802098,-0.16575734400009218,26.567901234567902,9.0,0.09896325,0.13631007566233477,0.323101,0.005556,0.0283215,-0.16641281870518654,1.3300768025689782,0.108807375,36.705882352941174,24.773384674591686,66,5,47.0,-1.7116644578303204,-0.5013900896019744,22.380622837370243,17,0.049611625000000006,0.10598956796205623,0.323101,0.001045,0.0031434999999999996,4.382659949117811,2.3676094277290325,0.070212015625,35.0,22.715633383201094,54.0,5.0,45.0,-1.7235209186432816,-0.7870583927258638,20.0,9.0,0.01018275,0.009946103626905506,0.030151,0.001045,0.007322,1.3344539950677365,1.303846825684819,0.0074096875000000005
Unknown,Unknown,./Data\Physical_Interaction\Topology_B\4-Group_dataset\physicalInteraction6_group.csv,41.916666666666664,27.822353123582722,71.0,5.0,59.0,-1.6612685378476288,-0.6748642042362347,24.61111111111111,12.0,0.12314900000000001,0.13197997206849227,0.323101,0.005556,0.077375,-1.1435128103472887,0.8351491076944627,0.10955963636363637,40.65,24.792348140420046,71,5,52.0,-1.2944777061852255,-0.7081673918618583,21.390000000000004,20,0.07140626315789475,0.11633436478952577,0.323101,0.001045,0.007259,1.2256310785106614,1.6359507871344383,0.08895014958448755,35.0,22.715633383201094,54.0,5.0,45.0,-1.7235209186432816,-0.7870583927258638,20.0,9.0,0.01018275,0.009946103626905506,0.030151,0.001045,0.007322,1.3344539950677365,1.303846825684819,0.0074096875000000005
Unknown,Unknown,./Data\Physical_Interaction\Topology_B\4-Group_dataset\physicalInteraction6_group.csv,41.916666666666664,27.822353123582722,71.0,5.0,59.0,-1.6612685378476288,-0.6748642042362347,24.61111111111111,12.0,0.12314900000000001,0.13197997206849227,0.323101,0.005556,0.077375,-1.1435128103472887,0.8351491076944627,0.10955963636363637,40.65,24.792348140420046,71,5,52.0,-1.2944777061852255,-0.7081673918618583,21.390000000000004,20,0.07140626315789475,0.11633436478952577,0.323101,0.001045,0.007259,1.2256310785106614,1.6359507871344383,0.08895014958448755,35.0,22.715633383201094,54.0,5.0,45.0,-1.7235209186432816,-0.7870583927258638,20.0,9.0,0.01018275,0.009946103626905506,0.030151,0.001045,0.007322,1.3344539950677365,1.303846825684819,0.0074096875000000005
Unknown,Unknown,./Data\Physical_Interaction\Topology_B\4-Group_dataset\physicalInteraction6_group.csv,61.4,5.366563145999495,71.0,59.0,59.0,5.0000000000000036,2.2360679774997916,3.839999999999999,5.0,0.6949955000000001,0.9017773550659091,2.038748,0.100915,0.32015950000000004,3.7614526367168324,1.9194457729298517,0.6718762500000002,61.4,5.366563145999495,71,59,59.0,5.0000000000000036,2.2360679774997916,3.839999999999999,5,0.6949955000000001,0.9017773550659091,2.038748,0.100915,0.32015950000000004,3.7614526367168324,1.9194457729298517,0.6718762500000002,,,,,,,,,,,,,,,,,
Unknown,Unknown,./Data\Physical_Interaction\Topology_B\4-Group_dataset\physicalInteraction6_group.csv,54.2,6.572670690061993,59.0,47.0,59.0,-3.3333333333333286,-0.6085806194501868,5.76,5.0,0.34928549999999997,0.26546684980426466,0.638375,0.003267,0.37775000000000003,0.8453371476505982,-0.5939493505305918,0.1872725,46.0,20.92844953645635,59,5,53.0,4.3732782886094945,-2.039826738456639,13.666666666666666,6,0.2798058,0.27747365608143776,0.638375,0.001887,0.320759,-1.900713943089082,0.14190569875422054,0.22178304,,,,,,,,,,,,,,,,,
Unknown,Unknown,./Data\Physical_Interaction\Topology_B\4-Group_dataset\physicalInteraction6_group.csv,54.2,6.572670690061993,59.0,47.0,59.0,-3.3333333333333286,-0.6085806194501868,5.76,5.0,0.34928549999999997,0.26546684980426466,0.638375,0.003267,0.37775000000000003,0.8453371476505982,-0.5939493505305918,0.1872725,46.0,20.92844953645635,59,5,53.0,4.3732782886094945,-2.039826738456639,13.666666666666666,6,0.2798058,0.27747365608143776,0.638375,0.001887,0.320759,-1.900713943089082,0.14190569875422054,0.22178304,,,,,,,,,,,,,,,,,
Unknown,Unknown,./Data\Physical_Interaction\Topology_B\4-Group_dataset\physicalInteraction6_group.csv,38.2,19.27952281567155,59.0,10.0,47.0,-0.37843053848306596,-0.763138210635041,15.36,5.0,0.59129375,0.8617321406799892,1.852477,0.003267,0.2547155,2.9502507649186818,1.7304428879029938,0.6305916249999999,30.333333333333332,14.986862934118685,59,5,28.0,0.3791674299548955,0.2613045847485075,10.333333333333332,12,0.2155852727272727,0.557121946136587,1.85059,0.00178,0.008715,9.468149108691154,3.0408371369910356,0.33712008264462806,25.125,8.131727983645296,28.0,5.0,28.0,8.0,-2.8284271247461903,5.03125,8.0,0.2759347142857143,0.6951846397518466,1.85237,0.006263,0.012863,6.997286838387398,2.645081573930008,0.4504100816326531
Unknown,Unknown,./Data\Physical_Interaction\Topology_B\4-Group_dataset\physicalInteraction6_group.csv,19.0,10.392304845413264,28.0,10.0,19.0,-6.0,0.0,9.0,4.0,0.182149,0.1835937004665465,0.394138,0.07469,0.077619,,1.7315548724906449,0.14132599999999998,26.0,5.820855000871991,28,10,28.0,5.976562500000001,-2.70578806681159,3.5555555555555554,18,0.034974,0.09174517556934535,0.387875,0.00178,0.008715,16.290754957178972,4.005333376281802,0.04306329411764705,28.0,0.0,28.0,28.0,28.0,0.0,0.0,0.0,16.0,0.039518533333333335,0.100132618056446,0.398615,0.002338,0.008715,14.420291814369897,3.7711059706171293,0.04902519111111112
Unknown,Unknown,./Data\Physical_Interaction\Topology_B\4-Group_dataset\physicalInteraction6_group.csv,19.0,10.392304845413264,28.0,10.0,19.0,-6.0,0.0,9.0,4.0,0.182149,0.1835937004665465,0.394138,0.07469,0.077619,,1.7315548724906449,0.14132599999999998,26.0,5.820855000871991,28,10,28.0,5.976562500000001,-2.70578806681159,3.5555555555555554,18,0.034974,0.09174517556934535,0.387875,0.00178,0.008715,16.290754957178972,4.005333376281802,0.04306329411764705,28.0,0.0,28.0,28.0,28.0,0.0,0.0,0.0,16.0,0.039518533333333335,0.100132618056446,0.398615,0.002338,0.008715,14.420291814369897,3.7711059706171293,0.04902519111111112
Unknown,Unknown,./Data\Physical_Interaction\Topology_B\4-Group_dataset\physicalInteraction6_group.csv,19.0,12.727922061357855,28.0,10.0,19.0,,,9.0,2.0,0.077619,,0.077619,0.077619,0.077619,,,0.0,26.2,5.692099788303083,28,10,28.0,9.999999999999996,-3.162277660168377,3.2400000000000007,10,0.013970000000000002,0.015276723282497462,0.048111,0.002338,0.007562,2.506794782264979,1.647971552523359,0.011665555555555556,28.0,0.0,28.0,28.0,28.0,0.0,0.0,0.0,9.0,0.01437375,0.01628008942367508,0.048111,0.002338,0.0061200000000000004,1.8445983479290637,1.5160875211772067,0.0128209375
Unknown,Unknown,./Data\Physical_Interaction\Topology_B\4-Group_dataset\physicalInteraction6_group.csv,,,,,,,,,,,,,,,,,,65.75,2.9707569448537567,67,58,67.0,3.347275760345047,-2.2685742430302502,1.9375,64,0.0071273174603174606,0.005867491684850264,0.045045,0.003619,0.005539,29.007484465553624,4.907278751003434,0.0029935328798185944,65.75,2.9707569448537567,67.0,58.0,67.0,3.347275760345047,-2.2685742430302502,1.9375,64.0,0.0071273174603174606,0.005867491684850264,0.045045,0.003619,0.005539,29.007484465553624,4.907278751003434,0.0029935328798185944
Unknown,Unknown,./Data\Physical_Interaction\Topology_B\4-Group_dataset\physicalInteraction6_group.csv,,,,,,,,,,,,,,,,,,59.76470588235294,7.225710570330599,67,50,58.0,-1.5914553952626702,-0.3060673464370311,6.57439446366782,136,0.010288133333333335,0.019802071381097724,0.193898,0.002974,0.005285,57.27473414980837,6.831171484418777,0.008500673580246913,59.76470588235294,7.225710570330599,67.0,50.0,58.0,-1.5914553952626702,-0.3060673464370311,6.57439446366782,136.0,0.010288133333333335,0.019802071381097724,0.193898,0.002974,0.005285,57.27473414980837,6.831171484418777,0.008500673580246913
Unknown,Unknown,./Data\Physical_Interaction\Topology_B\4-Group_dataset\physicalInteraction6_group.csv,,,,,,,,,,,,,,,,,,58.30434782608695,7.497535827074182,67,50,58.0,-1.7532589449180742,0.03304215292486044,6.723197407507426,161,0.0125716375,0.027848068573313907,0.200192,0.002974,0.0051459999999999995,33.640078105927984,5.588242400915303,0.01238485875,58.3,7.5208724236340245,67.0,50.0,58.0,-1.761246458826606,0.034695216730389486,6.76,160.0,0.011391635220125786,0.02358449392962941,0.193898,0.002974,0.005138,43.670989899849104,6.183941349336737,0.010447858549899134
Unknown,Unknown,./Data\Physical_Interaction\Topology_B\4-Group_dataset\physicalInteraction6_group.csv,59.0,0.0,59.0,59.0,59.0,,0.0,0.0,3.0,0.48127050000000005,0.22920229916058873,0.643341,0.3192,0.48127050000000005,,,0.16207050000000003,53.505050505050505,5.161422318951062,66,50,50.0,0.2258400085066925,1.1760685703629263,4.5317824711764105,99,0.025675102040816328,0.07827754059681734,0.643341,0.002974,0.0048955000000000005,42.32271590087021,6.037141163653638,0.033186901291128695,53.333333333333336,5.147644666644656,66.0,50.0,50.0,0.4994423103199481,1.2867774468946884,4.4444444444444455,96.0,0.014246600000000002,0.02986192135351314,0.193898,0.002974,0.004834,26.24451434100627,4.8598997522621685,0.015245595789473687
Unknown,Unknown,./Data\Physical_Interaction\Topology_B\4-Group_dataset\physicalInteraction6_group.csv,59.0,0.0,59.0,59.0,59.0,,0.0,0.0,3.0,0.48127050000000005,0.22920229916058873,0.643341,0.3192,0.48127050000000005,,,0.16207050000000003,51.0,2.8823067684915684,59,50,50.0,5.265,2.6228991593273276,1.7777777777777777,27,0.05362092307692307,0.1394726660710042,0.643341,0.003168,0.004665,13.607329537938478,3.589481084031329,0.07706694082840237,50.0,0.0,50.0,50.0,50.0,0.0,0.0,0.0,24.0,0.010061347826086956,0.011460360535375426,0.039462,0.003168,0.004521,1.0649191359437937,1.6294623051392614,0.009042022684310019
Unknown,Unknown,./Data\Physical_Interaction\Topology_B\4-Group_dataset\physicalInteraction6_group.csv,59.0,0.0,59.0,59.0,59.0,,0.0,0.0,3.0,1.339017,1.4422390325386427,2.358834,0.3192,1.339017,,,1.019817,59.0,0.0,59,59,59.0,,0.0,0.0,3,1.339017,1.4422390325386427,2.358834,0.3192,1.339017,,,1.019817,,,,,,,,,,,,,,,,,
Unknown,Unknown,./Data\Physical_Interaction\Topology_B\4-Group_dataset\physicalInteraction6_group.csv,59.0,8.48528137423857,71.0,47.0,59.0,2.0,0.0,4.8,5.0,0.16026025,0.1201742592193381,0.319882,0.031662,0.1447485,1.272659265661467,0.7276669621781978,0.08222675,59.0,8.48528137423857,71,47,59.0,2.0,0.0,4.8,5,0.16026025,0.1201742592193381,0.319882,0.031662,0.1447485,1.272659265661467,0.7276669621781978,0.08222675,,,,,,,,,,,,,,,,,
Unknown,Unknown,./Data\Physical_Interaction\Topology_B\4-Group_dataset\physicalInteraction6_group.csv,59.0,8.48528137423857,71.0,47.0,59.0,2.0,0.0,4.8,5.0,0.16026025,0.1201742592193381,0.319882,0.031662,0.1447485,1.272659265661467,0.7276669621781978,0.08222675,59.0,8.48528137423857,71,47,59.0,2.0,0.0,4.8,5,0.16026025,0.1201742592193381,0.319882,0.031662,0.1447485,1.272659265661467,0.7276669621781978,0.08222675,,,,,,,,,,,,,,,,,
Unknown,Unknown,./Data\Physical_Interaction\Topology_B\4-Group_dataset\physicalInteraction6_group.csv,59.0,9.797958971132712,71.0,47.0,59.0,1.5,0.0,6.0,4.0,0.15864966666666666,0.14712992556354174,0.319882,0.031662,0.124405,,0.9906405331081399,0.10748822222222221,59.0,9.797958971132712,71,47,59.0,1.5,0.0,6.0,4,0.15864966666666666,0.14712992556354174,0.319882,0.031662,0.124405,,0.9906405331081399,0.10748822222222221,,,,,,,,,,,,,,,,,
Unknown,Unknown,./Data\Physical_Interaction\Topology_B\4-Group_dataset\physicalInteraction6_group.csv,19.0,10.392304845413264,28.0,10.0,19.0,-6.0,0.0,9.0,4.0,0.16587966666666668,0.19690834550707428,0.393249,0.05166,0.05273,,1.7319932700509606,0.15157955555555558,26.2,5.540283101259833,28,10,28.0,7.037037037037031,-2.8879390651285797,3.2399999999999998,20,0.02930736842105263,0.07538362143744083,0.338983,0.002139,0.010046,18.537673991010184,4.2841937088117445,0.03259743490304709,28.0,0.0,28.0,28.0,28.0,0.0,0.0,0.0,18.0,0.03201058823529412,0.08094686270330279,0.344603,0.002139,0.010046,16.60543264108853,4.0560228470052495,0.03677557785467128
Unknown,Unknown,./Data\Physical_Interaction\Topology_B\4-Group_dataset\physicalInteraction6_group.csv,19.0,10.392304845413264,28.0,10.0,19.0,-6.0,0.0,9.0,4.0,0.16587966666666668,0.19690834550707428,0.393249,0.05166,0.05273,,1.7319932700509606,0.15157955555555558,26.2,5.540283101259833,28,10,28.0,7.037037037037031,-2.8879390651285797,3.2399999999999998,20,0.02930736842105263,0.07538362143744083,0.338983,0.002139,0.010046,18.537673991010184,4.2841937088117445,0.03259743490304709,28.0,0.0,28.0,28.0,28.0,0.0,0.0,0.0,18.0,0.03201058823529412,0.08094686270330279,0.344603,0.002139,0.010046,16.60543264108853,4.0560228470052495,0.03677557785467128
Unknown,Unknown,./Data\Physical_Interaction\Topology_B\4-Group_dataset\physicalInteraction6_group.csv,19.0,10.392304845413264,28.0,10.0,19.0,-6.0,0.0,9.0,4.0,0.16587966666666668,0.19690834550707428,0.393249,0.05166,0.05273,,1.7319932700509606,0.15157955555555558,26.2,5.540283101259833,28,10,28.0,7.037037037037031,-2.8879390651285797,3.2399999999999998,20,0.02930736842105263,0.07538362143744083,0.338983,0.002139,0.010046,18.537673991010184,4.2841937088117445,0.03259743490304709,28.0,0.0,28.0,28.0,28.0,0.0,0.0,0.0,18.0,0.03201058823529412,0.08094686270330279,0.344603,0.002139,0.010046,16.60543264108853,4.0560228470052495,0.03677557785467128
Unknown,Unknown,./Data\Physical_Interaction\Topology_B\4-Group_dataset\physicalInteraction6_group.csv,,,,,,,,,,,,,,,,,,50.77358490566038,1.475980892021957,59,50,50.0,17.86997996946138,3.5399835472635637,1.050907796368815,53,0.006238788461538461,0.004959571203541845,0.037887,0.002979,0.005137,33.567188044776415,5.366310222476953,0.0024061989644970413,50.61538461538461,0.9320827648567406,52.0,50.0,50.0,-1.3154761904761811,0.8582928793055897,0.8520710059171589,52.0,0.005618235294117647,0.002159703596220882,0.013597,0.002979,0.005118,3.5181447294335473,1.7568156108104551,0.0015529688581314878
Unknown,Unknown,./Data\Physical_Interaction\Topology_B\4-Group_dataset\physicalInteraction6_group.csv,59.0,0.0,59.0,59.0,59.0,,,0.0,2.0,0.320738,,0.320738,0.320738,0.320738,,,0.0,50.76744186046512,1.561857254942116,59,50,50.0,16.5443154362029,3.584190525609197,1.0708491076257447,86,0.01685962352941176,0.0672872443333477,0.543102,0.002975,0.005039,50.046087178244115,6.950516528272473,0.02070577079584775,50.57142857142857,0.9089344255870228,52.0,50.0,50.0,-1.0934206564287767,0.9660199413403615,0.816326530612244,84.0,0.017265879518072288,0.09837567809000469,0.901727,0.002975,0.005038,82.61722767289085,9.079620672034274,0.021978059805487008
Unknown,Unknown,./Data\Physical_Interaction\Topology_B\4-Group_dataset\physicalInteraction6_group.csv,59.0,0.0,59.0,59.0,59.0,,,0.0,2.0,0.320738,,0.320738,0.320738,0.320738,,,0.0,50.68702290076336,1.3704798119111945,59,50,50.0,19.03174680030795,3.6425067438688,0.9754676300914868,131,0.018723815384615386,0.06947264198282789,0.543102,0.002975,0.0050155,44.879909141033416,6.643532603713899,0.023344891597633137,50.55813953488372,0.9005812076808538,52.0,50.0,50.0,-1.0226248600645396,0.9967316524260518,0.8047593293672259,129.0,0.019016375,0.09030757515108735,0.901727,0.002975,0.004979,78.91744435253837,8.67521369026732,0.02423077734375
Unknown,Unknown,./Data\Physical_Interaction\Topology_B\4-Group_dataset\physicalInteraction6_group.csv,59.0,0.0,59.0,59.0,59.0,,,0.0,2.0,2.35554,,2.35554,2.35554,2.35554,,,0.0,50.77777777777778,1.4022204613477225,59,50,50.0,17.032526444689342,3.3766371555689423,1.0370370370370372,126,0.019926072000000003,0.07070308211265366,0.543102,0.002975,0.004965,42.910995812449016,6.4850168075709975,0.024612890112000005,50.645161290322584,0.9387203570463784,52.0,50.0,50.0,-1.4329407552209439,0.7683986716548751,0.8740894901144654,124.0,0.01583460975609756,0.05310949624289737,0.499904,0.002975,0.004921,65.2234725574105,7.826037833459721,0.01792015308348205
Unknown,Unknown,./Data\Physical_Interaction\Topology_B\4-Group_dataset\physicalInteraction6_group.csv,59.0,0.0,59.0,59.0,59.0,,0.0,0.0,3.0,0.481937,0.2278326333254304,0.643039,0.320835,0.481937,,,0.16110200000000002,50.95789473684211,1.737666504948177,59,50,50.0,12.618996537689169,3.1975790415278214,1.2099722991689754,95,0.026772978723404253,0.08452202823963395,0.50782,0.003002,0.0049885,23.469003195752816,4.844589587520308,0.03560994296061567,50.69565217391305,0.9577805208079658,52.0,50.0,50.0,-1.6135174781523196,0.6496501115906151,0.9073724007561446,92.0,0.018549505494505496,0.061468861506434234,0.499904,0.003002,0.004918,48.14225912939766,6.748363378676106,0.02256547059533873
Unknown,Unknown,./Data\Physical_Interaction\Topology_B\4-Group_dataset\physicalInteraction6_group.csv,59.0,0.0,59.0,59.0,59.0,,0.0,0.0,3.0,0.481937,0.2278326333254304,0.643039,0.320835,0.481937,,,0.16110200000000002,51.34,2.18164888025885,59,50,50.0,7.416932184939865,2.6392571583916853,1.4472000000000003,50,0.031120163265306124,0.09362959857761927,0.50782,0.003002,0.005148,16.880474182398757,4.10757089007493,0.04403763348604748,50.851063829787236,0.999537358291223,52.0,50.0,50.0,-1.9897194163860872,0.3112551107073875,0.9778180172023543,47.0,0.015135499999999998,0.04650222373165491,0.316728,0.003002,0.0049925,41.727852881240054,6.34115201753938,0.01725486956521739
Unknown,Unknown,./Data\Physical_Interaction\Topology_B\4-Group_dataset\physicalInteraction6_group.csv,59.0,0.0,59.0,59.0,59.0,,,0.0,2.0,0.320835,,0.320835,0.320835,0.320835,,,0.0,59.0,0.0,59,59,59.0,,,0.0,2,0.320835,,0.320835,0.320835,0.320835,,,0.0,,,,,,,,,,,,,,,,,
